[2026-08-05T10:22:14.562+0000] {processor.py:157} INFO - Started process (PID=190) to work on /opt/airflow/dags/dag_suivi.py
[2026-08-05T10:22:14.563+0000] {processor.py:829} INFO - Processing file /opt/airflow/dags/dag_suivi.py for tasks to queue
[2026-08-05T10:22:14.565+0000] {logging_mixin.py:151} INFO - [2026-08-05T10:22:14.564+0000] {dagbag.py:536} INFO - Filling up the DagBag from /opt/airflow/dags/dag_suivi.py
[2026-08-05T10:22:14.623+0000] {processor.py:839} INFO - DAG(s) dict_keys(['pipeline_ingestion_suivi']) retrieved from /opt/airflow/dags/dag_suivi.py
[2026-08-05T10:22:14.669+0000] {logging_mixin.py:151} INFO - [2026-08-05T10:22:14.669+0000] {dag.py:2941} INFO - Sync 1 DAGs
[2026-08-05T10:22:14.711+0000] {logging_mixin.py:151} INFO - [2026-08-05T10:22:14.711+0000] {dag.py:3722} INFO - Setting next_dagrun for pipeline_ingestion_suivi to 2026-08-05T09:00:00+00:00, run_after=2026-08-05T10:00:00+00:00
[2026-08-05T10:22:14.744+0000] {processor.py:179} INFO - Processing /opt/airflow/dags/dag_suivi.py took 0.188 seconds
[2026-08-05T10:22:44.801+0000] {processor.py:157} INFO - Started process (PID=195) to work on /opt/airflow/dags/dag_suivi.py
[2026-08-05T10:22:44.802+0000] {processor.py:829} INFO - Processing file /opt/airflow/dags/dag_suivi.py for tasks to queue
[2026-08-05T10:22:44.803+0000] {logging_mixin.py:151} INFO - [2026-08-05T10:22:44.803+0000] {dagbag.py:536} INFO - Filling up the DagBag from /opt/airflow/dags/dag_suivi.py
[2026-08-05T10:22:44.822+0000] {processor.py:839} INFO - DAG(s) dict_keys(['pipeline_ingestion_suivi']) retrieved from /opt/airflow/dags/dag_suivi.py
[2026-08-05T10:22:44.857+0000] {logging_mixin.py:151} INFO - [2026-08-05T10:22:44.857+0000] {dag.py:2941} INFO - Sync 1 DAGs
[2026-08-05T10:22:44.875+0000] {logging_mixin.py:151} INFO - [2026-08-05T10:22:44.875+0000] {dag.py:3722} INFO - Setting next_dagrun for pipeline_ingestion_suivi to 2026-08-05T09:00:00+00:00, run_after=2026-08-05T10:00:00+00:00
[2026-08-05T10:22:44.892+0000] {processor.py:179} INFO - Processing /opt/airflow/dags/dag_suivi.py took 0.095 seconds
[2026-08-05T10:23:15.046+0000] {processor.py:157} INFO - Started process (PID=200) to work on /opt/airflow/dags/dag_suivi.py
[2026-08-05T10:23:15.047+0000] {processor.py:829} INFO - Processing file /opt/airflow/dags/dag_suivi.py for tasks to queue
[2026-08-05T10:23:15.048+0000] {logging_mixin.py:151} INFO - [2026-08-05T10:23:15.047+0000] {dagbag.py:536} INFO - Filling up the DagBag from /opt/airflow/dags/dag_suivi.py
[2026-08-05T10:23:15.068+0000] {processor.py:839} INFO - DAG(s) dict_keys(['pipeline_ingestion_suivi']) retrieved from /opt/airflow/dags/dag_suivi.py
[2026-08-05T10:23:15.096+0000] {logging_mixin.py:151} INFO - [2026-08-05T10:23:15.096+0000] {dag.py:2941} INFO - Sync 1 DAGs
[2026-08-05T10:23:15.114+0000] {logging_mixin.py:151} INFO - [2026-08-05T10:23:15.114+0000] {dag.py:3722} INFO - Setting next_dagrun for pipeline_ingestion_suivi to 2026-08-05T09:00:00+00:00, run_after=2026-08-05T10:00:00+00:00
[2026-08-05T10:23:15.135+0000] {processor.py:179} INFO - Processing /opt/airflow/dags/dag_suivi.py took 0.092 seconds
[2026-08-05T10:23:45.354+0000] {processor.py:157} INFO - Started process (PID=205) to work on /opt/airflow/dags/dag_suivi.py
[2026-08-05T10:23:45.354+0000] {processor.py:829} INFO - Processing file /opt/airflow/dags/dag_suivi.py for tasks to queue
[2026-08-05T10:23:45.355+0000] {logging_mixin.py:151} INFO - [2026-08-05T10:23:45.355+0000] {dagbag.py:536} INFO - Filling up the DagBag from /opt/airflow/dags/dag_suivi.py
[2026-08-05T10:23:45.374+0000] {processor.py:839} INFO - DAG(s) dict_keys(['pipeline_ingestion_suivi']) retrieved from /opt/airflow/dags/dag_suivi.py
[2026-08-05T10:23:45.400+0000] {logging_mixin.py:151} INFO - [2026-08-05T10:23:45.400+0000] {dag.py:2941} INFO - Sync 1 DAGs
[2026-08-05T10:23:45.419+0000] {logging_mixin.py:151} INFO - [2026-08-05T10:23:45.419+0000] {dag.py:3722} INFO - Setting next_dagrun for pipeline_ingestion_suivi to 2026-08-05T09:00:00+00:00, run_after=2026-08-05T10:00:00+00:00
[2026-08-05T10:23:45.437+0000] {processor.py:179} INFO - Processing /opt/airflow/dags/dag_suivi.py took 0.086 seconds
[2026-08-05T10:24:15.609+0000] {processor.py:157} INFO - Started process (PID=210) to work on /opt/airflow/dags/dag_suivi.py
[2026-08-05T10:24:15.610+0000] {processor.py:829} INFO - Processing file /opt/airflow/dags/dag_suivi.py for tasks to queue
[2026-08-05T10:24:15.611+0000] {logging_mixin.py:151} INFO - [2026-08-05T10:24:15.611+0000] {dagbag.py:536} INFO - Filling up the DagBag from /opt/airflow/dags/dag_suivi.py
[2026-08-05T10:24:15.630+0000] {processor.py:839} INFO - DAG(s) dict_keys(['pipeline_ingestion_suivi']) retrieved from /opt/airflow/dags/dag_suivi.py
[2026-08-05T10:24:15.655+0000] {logging_mixin.py:151} INFO - [2026-08-05T10:24:15.655+0000] {dag.py:2941} INFO - Sync 1 DAGs
[2026-08-05T10:24:15.673+0000] {logging_mixin.py:151} INFO - [2026-08-05T10:24:15.673+0000] {dag.py:3722} INFO - Setting next_dagrun for pipeline_ingestion_suivi to 2026-08-05T09:00:00+00:00, run_after=2026-08-05T10:00:00+00:00
[2026-08-05T10:24:15.699+0000] {processor.py:179} INFO - Processing /opt/airflow/dags/dag_suivi.py took 0.092 seconds
[2026-08-05T10:24:45.932+0000] {processor.py:157} INFO - Started process (PID=215) to work on /opt/airflow/dags/dag_suivi.py
[2026-08-05T10:24:45.933+0000] {processor.py:829} INFO - Processing file /opt/airflow/dags/dag_suivi.py for tasks to queue
[2026-08-05T10:24:45.934+0000] {logging_mixin.py:151} INFO - [2026-08-05T10:24:45.934+0000] {dagbag.py:536} INFO - Filling up the DagBag from /opt/airflow/dags/dag_suivi.py
[2026-08-05T10:24:45.954+0000] {processor.py:839} INFO - DAG(s) dict_keys(['pipeline_ingestion_suivi']) retrieved from /opt/airflow/dags/dag_suivi.py
[2026-08-05T10:24:45.977+0000] {logging_mixin.py:151} INFO - [2026-08-05T10:24:45.977+0000] {dag.py:2941} INFO - Sync 1 DAGs
[2026-08-05T10:24:45.997+0000] {logging_mixin.py:151} INFO - [2026-08-05T10:24:45.997+0000] {dag.py:3722} INFO - Setting next_dagrun for pipeline_ingestion_suivi to 2026-08-05T09:00:00+00:00, run_after=2026-08-05T10:00:00+00:00
[2026-08-05T10:24:46.026+0000] {processor.py:179} INFO - Processing /opt/airflow/dags/dag_suivi.py took 0.097 seconds
[2026-08-05T10:25:16.176+0000] {processor.py:157} INFO - Started process (PID=220) to work on /opt/airflow/dags/dag_suivi.py
[2026-08-05T10:25:16.177+0000] {processor.py:829} INFO - Processing file /opt/airflow/dags/dag_suivi.py for tasks to queue
[2026-08-05T10:25:16.178+0000] {logging_mixin.py:151} INFO - [2026-08-05T10:25:16.178+0000] {dagbag.py:536} INFO - Filling up the DagBag from /opt/airflow/dags/dag_suivi.py
[2026-08-05T10:25:16.198+0000] {processor.py:839} INFO - DAG(s) dict_keys(['pipeline_ingestion_suivi']) retrieved from /opt/airflow/dags/dag_suivi.py
[2026-08-05T10:25:16.225+0000] {logging_mixin.py:151} INFO - [2026-08-05T10:25:16.225+0000] {dag.py:2941} INFO - Sync 1 DAGs
[2026-08-05T10:25:16.244+0000] {logging_mixin.py:151} INFO - [2026-08-05T10:25:16.243+0000] {dag.py:3722} INFO - Setting next_dagrun for pipeline_ingestion_suivi to 2026-08-05T09:00:00+00:00, run_after=2026-08-05T10:00:00+00:00
[2026-08-05T10:25:16.262+0000] {processor.py:179} INFO - Processing /opt/airflow/dags/dag_suivi.py took 0.089 seconds
[2026-08-05T10:25:46.487+0000] {processor.py:157} INFO - Started process (PID=225) to work on /opt/airflow/dags/dag_suivi.py
[2026-08-05T10:25:46.488+0000] {processor.py:829} INFO - Processing file /opt/airflow/dags/dag_suivi.py for tasks to queue
[2026-08-05T10:25:46.488+0000] {logging_mixin.py:151} INFO - [2026-08-05T10:25:46.488+0000] {dagbag.py:536} INFO - Filling up the DagBag from /opt/airflow/dags/dag_suivi.py
[2026-08-05T10:25:46.504+0000] {processor.py:839} INFO - DAG(s) dict_keys(['pipeline_ingestion_suivi']) retrieved from /opt/airflow/dags/dag_suivi.py
[2026-08-05T10:25:46.527+0000] {logging_mixin.py:151} INFO - [2026-08-05T10:25:46.527+0000] {dag.py:2941} INFO - Sync 1 DAGs
[2026-08-05T10:25:46.545+0000] {logging_mixin.py:151} INFO - [2026-08-05T10:25:46.545+0000] {dag.py:3722} INFO - Setting next_dagrun for pipeline_ingestion_suivi to 2026-08-05T09:00:00+00:00, run_after=2026-08-05T10:00:00+00:00
[2026-08-05T10:25:46.572+0000] {processor.py:179} INFO - Processing /opt/airflow/dags/dag_suivi.py took 0.087 seconds
[2026-08-05T10:26:16.744+0000] {processor.py:157} INFO - Started process (PID=230) to work on /opt/airflow/dags/dag_suivi.py
[2026-08-05T10:26:16.745+0000] {processor.py:829} INFO - Processing file /opt/airflow/dags/dag_suivi.py for tasks to queue
[2026-08-05T10:26:16.746+0000] {logging_mixin.py:151} INFO - [2026-08-05T10:26:16.745+0000] {dagbag.py:536} INFO - Filling up the DagBag from /opt/airflow/dags/dag_suivi.py
[2026-08-05T10:26:16.764+0000] {processor.py:839} INFO - DAG(s) dict_keys(['pipeline_ingestion_suivi']) retrieved from /opt/airflow/dags/dag_suivi.py
[2026-08-05T10:26:16.789+0000] {logging_mixin.py:151} INFO - [2026-08-05T10:26:16.788+0000] {dag.py:2941} INFO - Sync 1 DAGs
[2026-08-05T10:26:16.805+0000] {logging_mixin.py:151} INFO - [2026-08-05T10:26:16.805+0000] {dag.py:3722} INFO - Setting next_dagrun for pipeline_ingestion_suivi to 2026-08-05T09:00:00+00:00, run_after=2026-08-05T10:00:00+00:00
[2026-08-05T10:26:16.833+0000] {processor.py:179} INFO - Processing /opt/airflow/dags/dag_suivi.py took 0.091 seconds
[2026-08-05T10:26:47.075+0000] {processor.py:157} INFO - Started process (PID=235) to work on /opt/airflow/dags/dag_suivi.py
[2026-08-05T10:26:47.076+0000] {processor.py:829} INFO - Processing file /opt/airflow/dags/dag_suivi.py for tasks to queue
[2026-08-05T10:26:47.076+0000] {logging_mixin.py:151} INFO - [2026-08-05T10:26:47.076+0000] {dagbag.py:536} INFO - Filling up the DagBag from /opt/airflow/dags/dag_suivi.py
[2026-08-05T10:26:47.095+0000] {processor.py:839} INFO - DAG(s) dict_keys(['pipeline_ingestion_suivi']) retrieved from /opt/airflow/dags/dag_suivi.py
[2026-08-05T10:26:47.118+0000] {logging_mixin.py:151} INFO - [2026-08-05T10:26:47.118+0000] {dag.py:2941} INFO - Sync 1 DAGs
[2026-08-05T10:26:47.137+0000] {logging_mixin.py:151} INFO - [2026-08-05T10:26:47.136+0000] {dag.py:3722} INFO - Setting next_dagrun for pipeline_ingestion_suivi to 2026-08-05T09:00:00+00:00, run_after=2026-08-05T10:00:00+00:00
[2026-08-05T10:26:47.155+0000] {processor.py:179} INFO - Processing /opt/airflow/dags/dag_suivi.py took 0.082 seconds
[2026-08-05T10:27:17.348+0000] {processor.py:157} INFO - Started process (PID=240) to work on /opt/airflow/dags/dag_suivi.py
[2026-08-05T10:27:17.349+0000] {processor.py:829} INFO - Processing file /opt/airflow/dags/dag_suivi.py for tasks to queue
[2026-08-05T10:27:17.350+0000] {logging_mixin.py:151} INFO - [2026-08-05T10:27:17.349+0000] {dagbag.py:536} INFO - Filling up the DagBag from /opt/airflow/dags/dag_suivi.py
[2026-08-05T10:27:17.367+0000] {processor.py:839} INFO - DAG(s) dict_keys(['pipeline_ingestion_suivi']) retrieved from /opt/airflow/dags/dag_suivi.py
[2026-08-05T10:27:17.395+0000] {logging_mixin.py:151} INFO - [2026-08-05T10:27:17.395+0000] {dag.py:2941} INFO - Sync 1 DAGs
[2026-08-05T10:27:17.413+0000] {logging_mixin.py:151} INFO - [2026-08-05T10:27:17.413+0000] {dag.py:3722} INFO - Setting next_dagrun for pipeline_ingestion_suivi to 2026-08-05T09:00:00+00:00, run_after=2026-08-05T10:00:00+00:00
[2026-08-05T10:27:17.437+0000] {processor.py:179} INFO - Processing /opt/airflow/dags/dag_suivi.py took 0.092 seconds
[2026-08-05T10:27:47.638+0000] {processor.py:157} INFO - Started process (PID=245) to work on /opt/airflow/dags/dag_suivi.py
[2026-08-05T10:27:47.639+0000] {processor.py:829} INFO - Processing file /opt/airflow/dags/dag_suivi.py for tasks to queue
[2026-08-05T10:27:47.639+0000] {logging_mixin.py:151} INFO - [2026-08-05T10:27:47.639+0000] {dagbag.py:536} INFO - Filling up the DagBag from /opt/airflow/dags/dag_suivi.py
[2026-08-05T10:27:47.658+0000] {processor.py:839} INFO - DAG(s) dict_keys(['pipeline_ingestion_suivi']) retrieved from /opt/airflow/dags/dag_suivi.py
[2026-08-05T10:27:47.682+0000] {logging_mixin.py:151} INFO - [2026-08-05T10:27:47.681+0000] {dag.py:2941} INFO - Sync 1 DAGs
[2026-08-05T10:27:47.699+0000] {logging_mixin.py:151} INFO - [2026-08-05T10:27:47.698+0000] {dag.py:3722} INFO - Setting next_dagrun for pipeline_ingestion_suivi to 2026-08-05T09:00:00+00:00, run_after=2026-08-05T10:00:00+00:00
[2026-08-05T10:27:47.726+0000] {processor.py:179} INFO - Processing /opt/airflow/dags/dag_suivi.py took 0.090 seconds
[2026-08-05T10:28:17.937+0000] {processor.py:157} INFO - Started process (PID=250) to work on /opt/airflow/dags/dag_suivi.py
[2026-08-05T10:28:17.938+0000] {processor.py:829} INFO - Processing file /opt/airflow/dags/dag_suivi.py for tasks to queue
[2026-08-05T10:28:17.938+0000] {logging_mixin.py:151} INFO - [2026-08-05T10:28:17.938+0000] {dagbag.py:536} INFO - Filling up the DagBag from /opt/airflow/dags/dag_suivi.py
[2026-08-05T10:28:17.957+0000] {processor.py:839} INFO - DAG(s) dict_keys(['pipeline_ingestion_suivi']) retrieved from /opt/airflow/dags/dag_suivi.py
[2026-08-05T10:28:17.980+0000] {logging_mixin.py:151} INFO - [2026-08-05T10:28:17.980+0000] {dag.py:2941} INFO - Sync 1 DAGs
[2026-08-05T10:28:17.997+0000] {logging_mixin.py:151} INFO - [2026-08-05T10:28:17.997+0000] {dag.py:3722} INFO - Setting next_dagrun for pipeline_ingestion_suivi to 2026-08-05T09:00:00+00:00, run_after=2026-08-05T10:00:00+00:00
[2026-08-05T10:28:18.025+0000] {processor.py:179} INFO - Processing /opt/airflow/dags/dag_suivi.py took 0.091 seconds
[2026-08-05T10:28:48.189+0000] {processor.py:157} INFO - Started process (PID=255) to work on /opt/airflow/dags/dag_suivi.py
[2026-08-05T10:28:48.190+0000] {processor.py:829} INFO - Processing file /opt/airflow/dags/dag_suivi.py for tasks to queue
[2026-08-05T10:28:48.191+0000] {logging_mixin.py:151} INFO - [2026-08-05T10:28:48.190+0000] {dagbag.py:536} INFO - Filling up the DagBag from /opt/airflow/dags/dag_suivi.py
[2026-08-05T10:28:48.209+0000] {processor.py:839} INFO - DAG(s) dict_keys(['pipeline_ingestion_suivi']) retrieved from /opt/airflow/dags/dag_suivi.py
[2026-08-05T10:28:48.234+0000] {logging_mixin.py:151} INFO - [2026-08-05T10:28:48.234+0000] {dag.py:2941} INFO - Sync 1 DAGs
[2026-08-05T10:28:48.251+0000] {logging_mixin.py:151} INFO - [2026-08-05T10:28:48.251+0000] {dag.py:3722} INFO - Setting next_dagrun for pipeline_ingestion_suivi to 2026-08-05T09:00:00+00:00, run_after=2026-08-05T10:00:00+00:00
[2026-08-05T10:28:48.271+0000] {processor.py:179} INFO - Processing /opt/airflow/dags/dag_suivi.py took 0.085 seconds
[2026-08-05T10:29:18.506+0000] {processor.py:157} INFO - Started process (PID=260) to work on /opt/airflow/dags/dag_suivi.py
[2026-08-05T10:29:18.506+0000] {processor.py:829} INFO - Processing file /opt/airflow/dags/dag_suivi.py for tasks to queue
[2026-08-05T10:29:18.507+0000] {logging_mixin.py:151} INFO - [2026-08-05T10:29:18.507+0000] {dagbag.py:536} INFO - Filling up the DagBag from /opt/airflow/dags/dag_suivi.py
[2026-08-05T10:29:18.522+0000] {processor.py:839} INFO - DAG(s) dict_keys(['pipeline_ingestion_suivi']) retrieved from /opt/airflow/dags/dag_suivi.py
[2026-08-05T10:29:18.545+0000] {logging_mixin.py:151} INFO - [2026-08-05T10:29:18.545+0000] {dag.py:2941} INFO - Sync 1 DAGs
[2026-08-05T10:29:18.564+0000] {logging_mixin.py:151} INFO - [2026-08-05T10:29:18.563+0000] {dag.py:3722} INFO - Setting next_dagrun for pipeline_ingestion_suivi to 2026-08-05T09:00:00+00:00, run_after=2026-08-05T10:00:00+00:00
[2026-08-05T10:29:18.582+0000] {processor.py:179} INFO - Processing /opt/airflow/dags/dag_suivi.py took 0.078 seconds
[2026-08-05T10:29:48.742+0000] {processor.py:157} INFO - Started process (PID=265) to work on /opt/airflow/dags/dag_suivi.py
[2026-08-05T10:29:48.743+0000] {processor.py:829} INFO - Processing file /opt/airflow/dags/dag_suivi.py for tasks to queue
[2026-08-05T10:29:48.744+0000] {logging_mixin.py:151} INFO - [2026-08-05T10:29:48.743+0000] {dagbag.py:536} INFO - Filling up the DagBag from /opt/airflow/dags/dag_suivi.py
[2026-08-05T10:29:48.764+0000] {processor.py:839} INFO - DAG(s) dict_keys(['pipeline_ingestion_suivi']) retrieved from /opt/airflow/dags/dag_suivi.py
[2026-08-05T10:29:48.791+0000] {logging_mixin.py:151} INFO - [2026-08-05T10:29:48.791+0000] {dag.py:2941} INFO - Sync 1 DAGs
[2026-08-05T10:29:48.812+0000] {logging_mixin.py:151} INFO - [2026-08-05T10:29:48.812+0000] {dag.py:3722} INFO - Setting next_dagrun for pipeline_ingestion_suivi to 2026-08-05T09:00:00+00:00, run_after=2026-08-05T10:00:00+00:00
[2026-08-05T10:29:48.829+0000] {processor.py:179} INFO - Processing /opt/airflow/dags/dag_suivi.py took 0.091 seconds
[2026-08-05T10:30:19.008+0000] {processor.py:157} INFO - Started process (PID=270) to work on /opt/airflow/dags/dag_suivi.py
[2026-08-05T10:30:19.009+0000] {processor.py:829} INFO - Processing file /opt/airflow/dags/dag_suivi.py for tasks to queue
[2026-08-05T10:30:19.010+0000] {logging_mixin.py:151} INFO - [2026-08-05T10:30:19.009+0000] {dagbag.py:536} INFO - Filling up the DagBag from /opt/airflow/dags/dag_suivi.py
[2026-08-05T10:30:19.025+0000] {processor.py:839} INFO - DAG(s) dict_keys(['pipeline_ingestion_suivi']) retrieved from /opt/airflow/dags/dag_suivi.py
[2026-08-05T10:30:19.047+0000] {logging_mixin.py:151} INFO - [2026-08-05T10:30:19.047+0000] {dag.py:2941} INFO - Sync 1 DAGs
[2026-08-05T10:30:19.066+0000] {logging_mixin.py:151} INFO - [2026-08-05T10:30:19.066+0000] {dag.py:3722} INFO - Setting next_dagrun for pipeline_ingestion_suivi to 2026-08-05T09:00:00+00:00, run_after=2026-08-05T10:00:00+00:00
[2026-08-05T10:30:19.085+0000] {processor.py:179} INFO - Processing /opt/airflow/dags/dag_suivi.py took 0.080 seconds
[2026-08-05T10:30:49.246+0000] {processor.py:157} INFO - Started process (PID=275) to work on /opt/airflow/dags/dag_suivi.py
[2026-08-05T10:30:49.247+0000] {processor.py:829} INFO - Processing file /opt/airflow/dags/dag_suivi.py for tasks to queue
[2026-08-05T10:30:49.248+0000] {logging_mixin.py:151} INFO - [2026-08-05T10:30:49.247+0000] {dagbag.py:536} INFO - Filling up the DagBag from /opt/airflow/dags/dag_suivi.py
[2026-08-05T10:30:49.265+0000] {processor.py:839} INFO - DAG(s) dict_keys(['pipeline_ingestion_suivi']) retrieved from /opt/airflow/dags/dag_suivi.py
[2026-08-05T10:30:49.290+0000] {logging_mixin.py:151} INFO - [2026-08-05T10:30:49.290+0000] {dag.py:2941} INFO - Sync 1 DAGs
[2026-08-05T10:30:49.308+0000] {logging_mixin.py:151} INFO - [2026-08-05T10:30:49.308+0000] {dag.py:3722} INFO - Setting next_dagrun for pipeline_ingestion_suivi to 2026-08-05T09:00:00+00:00, run_after=2026-08-05T10:00:00+00:00
[2026-08-05T10:30:49.335+0000] {processor.py:179} INFO - Processing /opt/airflow/dags/dag_suivi.py took 0.092 seconds
[2026-08-05T10:31:19.547+0000] {processor.py:157} INFO - Started process (PID=280) to work on /opt/airflow/dags/dag_suivi.py
[2026-08-05T10:31:19.548+0000] {processor.py:829} INFO - Processing file /opt/airflow/dags/dag_suivi.py for tasks to queue
[2026-08-05T10:31:19.549+0000] {logging_mixin.py:151} INFO - [2026-08-05T10:31:19.548+0000] {dagbag.py:536} INFO - Filling up the DagBag from /opt/airflow/dags/dag_suivi.py
[2026-08-05T10:31:19.573+0000] {processor.py:839} INFO - DAG(s) dict_keys(['pipeline_ingestion_suivi']) retrieved from /opt/airflow/dags/dag_suivi.py
[2026-08-05T10:31:19.603+0000] {logging_mixin.py:151} INFO - [2026-08-05T10:31:19.603+0000] {dag.py:2941} INFO - Sync 1 DAGs
[2026-08-05T10:31:19.635+0000] {logging_mixin.py:151} INFO - [2026-08-05T10:31:19.635+0000] {dag.py:3722} INFO - Setting next_dagrun for pipeline_ingestion_suivi to 2026-08-05T09:00:00+00:00, run_after=2026-08-05T10:00:00+00:00
[2026-08-05T10:31:19.669+0000] {processor.py:179} INFO - Processing /opt/airflow/dags/dag_suivi.py took 0.125 seconds
[2026-08-05T10:31:49.778+0000] {processor.py:157} INFO - Started process (PID=285) to work on /opt/airflow/dags/dag_suivi.py
[2026-08-05T10:31:49.780+0000] {processor.py:829} INFO - Processing file /opt/airflow/dags/dag_suivi.py for tasks to queue
[2026-08-05T10:31:49.782+0000] {logging_mixin.py:151} INFO - [2026-08-05T10:31:49.780+0000] {dagbag.py:536} INFO - Filling up the DagBag from /opt/airflow/dags/dag_suivi.py
[2026-08-05T10:31:49.815+0000] {processor.py:839} INFO - DAG(s) dict_keys(['pipeline_ingestion_suivi']) retrieved from /opt/airflow/dags/dag_suivi.py
[2026-08-05T10:31:49.847+0000] {logging_mixin.py:151} INFO - [2026-08-05T10:31:49.846+0000] {dag.py:2941} INFO - Sync 1 DAGs
[2026-08-05T10:31:49.882+0000] {logging_mixin.py:151} INFO - [2026-08-05T10:31:49.882+0000] {dag.py:3722} INFO - Setting next_dagrun for pipeline_ingestion_suivi to 2026-08-05T09:00:00+00:00, run_after=2026-08-05T10:00:00+00:00
[2026-08-05T10:31:49.922+0000] {processor.py:179} INFO - Processing /opt/airflow/dags/dag_suivi.py took 0.148 seconds
[2026-08-05T10:32:20.160+0000] {processor.py:157} INFO - Started process (PID=290) to work on /opt/airflow/dags/dag_suivi.py
[2026-08-05T10:32:20.160+0000] {processor.py:829} INFO - Processing file /opt/airflow/dags/dag_suivi.py for tasks to queue
[2026-08-05T10:32:20.161+0000] {logging_mixin.py:151} INFO - [2026-08-05T10:32:20.161+0000] {dagbag.py:536} INFO - Filling up the DagBag from /opt/airflow/dags/dag_suivi.py
[2026-08-05T10:32:20.179+0000] {processor.py:839} INFO - DAG(s) dict_keys(['pipeline_ingestion_suivi']) retrieved from /opt/airflow/dags/dag_suivi.py
[2026-08-05T10:32:20.203+0000] {logging_mixin.py:151} INFO - [2026-08-05T10:32:20.203+0000] {dag.py:2941} INFO - Sync 1 DAGs
[2026-08-05T10:32:20.221+0000] {logging_mixin.py:151} INFO - [2026-08-05T10:32:20.221+0000] {dag.py:3722} INFO - Setting next_dagrun for pipeline_ingestion_suivi to 2026-08-05T09:00:00+00:00, run_after=2026-08-05T10:00:00+00:00
[2026-08-05T10:32:20.239+0000] {processor.py:179} INFO - Processing /opt/airflow/dags/dag_suivi.py took 0.082 seconds
[2026-08-05T10:42:05.928+0000] {processor.py:157} INFO - Started process (PID=169) to work on /opt/airflow/dags/dag_suivi.py
[2026-08-05T10:42:05.930+0000] {processor.py:829} INFO - Processing file /opt/airflow/dags/dag_suivi.py for tasks to queue
[2026-08-05T10:42:05.932+0000] {logging_mixin.py:151} INFO - [2026-08-05T10:42:05.932+0000] {dagbag.py:536} INFO - Filling up the DagBag from /opt/airflow/dags/dag_suivi.py
[2026-08-05T10:42:05.987+0000] {processor.py:839} INFO - DAG(s) dict_keys(['pipeline_ingestion_suivi']) retrieved from /opt/airflow/dags/dag_suivi.py
[2026-08-05T10:42:06.043+0000] {logging_mixin.py:151} INFO - [2026-08-05T10:42:06.042+0000] {dag.py:2941} INFO - Sync 1 DAGs
[2026-08-05T10:42:06.099+0000] {logging_mixin.py:151} INFO - [2026-08-05T10:42:06.099+0000] {dag.py:3722} INFO - Setting next_dagrun for pipeline_ingestion_suivi to 2026-08-05T09:00:00+00:00, run_after=2026-08-05T10:00:00+00:00
[2026-08-05T10:42:06.143+0000] {processor.py:179} INFO - Processing /opt/airflow/dags/dag_suivi.py took 0.222 seconds
[2026-08-05T10:42:36.263+0000] {processor.py:157} INFO - Started process (PID=174) to work on /opt/airflow/dags/dag_suivi.py
[2026-08-05T10:42:36.265+0000] {processor.py:829} INFO - Processing file /opt/airflow/dags/dag_suivi.py for tasks to queue
[2026-08-05T10:42:36.266+0000] {logging_mixin.py:151} INFO - [2026-08-05T10:42:36.266+0000] {dagbag.py:536} INFO - Filling up the DagBag from /opt/airflow/dags/dag_suivi.py
[2026-08-05T10:42:36.369+0000] {processor.py:839} INFO - DAG(s) dict_keys(['pipeline_ingestion_suivi']) retrieved from /opt/airflow/dags/dag_suivi.py
[2026-08-05T10:42:36.475+0000] {logging_mixin.py:151} INFO - [2026-08-05T10:42:36.474+0000] {dag.py:2941} INFO - Sync 1 DAGs
[2026-08-05T10:42:36.551+0000] {logging_mixin.py:151} INFO - [2026-08-05T10:42:36.551+0000] {dag.py:3722} INFO - Setting next_dagrun for pipeline_ingestion_suivi to 2026-08-05T09:00:00+00:00, run_after=2026-08-05T10:00:00+00:00
[2026-08-05T10:42:36.587+0000] {processor.py:179} INFO - Processing /opt/airflow/dags/dag_suivi.py took 0.332 seconds
[2026-08-05T10:43:06.857+0000] {processor.py:157} INFO - Started process (PID=179) to work on /opt/airflow/dags/dag_suivi.py
[2026-08-05T10:43:06.857+0000] {processor.py:829} INFO - Processing file /opt/airflow/dags/dag_suivi.py for tasks to queue
[2026-08-05T10:43:06.858+0000] {logging_mixin.py:151} INFO - [2026-08-05T10:43:06.858+0000] {dagbag.py:536} INFO - Filling up the DagBag from /opt/airflow/dags/dag_suivi.py
[2026-08-05T10:43:06.876+0000] {processor.py:839} INFO - DAG(s) dict_keys(['pipeline_ingestion_suivi']) retrieved from /opt/airflow/dags/dag_suivi.py
[2026-08-05T10:43:06.899+0000] {logging_mixin.py:151} INFO - [2026-08-05T10:43:06.899+0000] {dag.py:2941} INFO - Sync 1 DAGs
[2026-08-05T10:43:06.914+0000] {logging_mixin.py:151} INFO - [2026-08-05T10:43:06.914+0000] {dag.py:3722} INFO - Setting next_dagrun for pipeline_ingestion_suivi to 2026-08-05T09:00:00+00:00, run_after=2026-08-05T10:00:00+00:00
[2026-08-05T10:43:06.942+0000] {processor.py:179} INFO - Processing /opt/airflow/dags/dag_suivi.py took 0.088 seconds
[2026-08-05T10:43:37.096+0000] {processor.py:157} INFO - Started process (PID=184) to work on /opt/airflow/dags/dag_suivi.py
[2026-08-05T10:43:37.097+0000] {processor.py:829} INFO - Processing file /opt/airflow/dags/dag_suivi.py for tasks to queue
[2026-08-05T10:43:37.098+0000] {logging_mixin.py:151} INFO - [2026-08-05T10:43:37.098+0000] {dagbag.py:536} INFO - Filling up the DagBag from /opt/airflow/dags/dag_suivi.py
[2026-08-05T10:43:37.129+0000] {processor.py:839} INFO - DAG(s) dict_keys(['pipeline_ingestion_suivi']) retrieved from /opt/airflow/dags/dag_suivi.py
[2026-08-05T10:43:37.155+0000] {logging_mixin.py:151} INFO - [2026-08-05T10:43:37.155+0000] {dag.py:2941} INFO - Sync 1 DAGs
[2026-08-05T10:43:37.175+0000] {logging_mixin.py:151} INFO - [2026-08-05T10:43:37.175+0000] {dag.py:3722} INFO - Setting next_dagrun for pipeline_ingestion_suivi to 2026-08-05T09:00:00+00:00, run_after=2026-08-05T10:00:00+00:00
[2026-08-05T10:43:37.193+0000] {processor.py:179} INFO - Processing /opt/airflow/dags/dag_suivi.py took 0.100 seconds
[2026-08-05T10:44:07.391+0000] {processor.py:157} INFO - Started process (PID=189) to work on /opt/airflow/dags/dag_suivi.py
[2026-08-05T10:44:07.392+0000] {processor.py:829} INFO - Processing file /opt/airflow/dags/dag_suivi.py for tasks to queue
[2026-08-05T10:44:07.393+0000] {logging_mixin.py:151} INFO - [2026-08-05T10:44:07.392+0000] {dagbag.py:536} INFO - Filling up the DagBag from /opt/airflow/dags/dag_suivi.py
[2026-08-05T10:44:07.409+0000] {processor.py:839} INFO - DAG(s) dict_keys(['pipeline_ingestion_suivi']) retrieved from /opt/airflow/dags/dag_suivi.py
[2026-08-05T10:44:07.429+0000] {logging_mixin.py:151} INFO - [2026-08-05T10:44:07.428+0000] {dag.py:2941} INFO - Sync 1 DAGs
[2026-08-05T10:44:07.445+0000] {logging_mixin.py:151} INFO - [2026-08-05T10:44:07.444+0000] {dag.py:3722} INFO - Setting next_dagrun for pipeline_ingestion_suivi to 2026-08-05T09:00:00+00:00, run_after=2026-08-05T10:00:00+00:00
[2026-08-05T10:44:07.473+0000] {processor.py:179} INFO - Processing /opt/airflow/dags/dag_suivi.py took 0.084 seconds
[2026-08-05T10:44:37.658+0000] {processor.py:157} INFO - Started process (PID=194) to work on /opt/airflow/dags/dag_suivi.py
[2026-08-05T10:44:37.659+0000] {processor.py:829} INFO - Processing file /opt/airflow/dags/dag_suivi.py for tasks to queue
[2026-08-05T10:44:37.659+0000] {logging_mixin.py:151} INFO - [2026-08-05T10:44:37.659+0000] {dagbag.py:536} INFO - Filling up the DagBag from /opt/airflow/dags/dag_suivi.py
[2026-08-05T10:44:37.675+0000] {processor.py:839} INFO - DAG(s) dict_keys(['pipeline_ingestion_suivi']) retrieved from /opt/airflow/dags/dag_suivi.py
[2026-08-05T10:44:37.699+0000] {logging_mixin.py:151} INFO - [2026-08-05T10:44:37.699+0000] {dag.py:2941} INFO - Sync 1 DAGs
[2026-08-05T10:44:37.716+0000] {logging_mixin.py:151} INFO - [2026-08-05T10:44:37.716+0000] {dag.py:3722} INFO - Setting next_dagrun for pipeline_ingestion_suivi to 2026-08-05T09:00:00+00:00, run_after=2026-08-05T10:00:00+00:00
[2026-08-05T10:44:37.743+0000] {processor.py:179} INFO - Processing /opt/airflow/dags/dag_suivi.py took 0.087 seconds
[2026-08-05T10:45:07.933+0000] {processor.py:157} INFO - Started process (PID=199) to work on /opt/airflow/dags/dag_suivi.py
[2026-08-05T10:45:07.934+0000] {processor.py:829} INFO - Processing file /opt/airflow/dags/dag_suivi.py for tasks to queue
[2026-08-05T10:45:07.935+0000] {logging_mixin.py:151} INFO - [2026-08-05T10:45:07.935+0000] {dagbag.py:536} INFO - Filling up the DagBag from /opt/airflow/dags/dag_suivi.py
[2026-08-05T10:45:07.963+0000] {processor.py:839} INFO - DAG(s) dict_keys(['pipeline_ingestion_suivi']) retrieved from /opt/airflow/dags/dag_suivi.py
[2026-08-05T10:45:07.992+0000] {logging_mixin.py:151} INFO - [2026-08-05T10:45:07.992+0000] {dag.py:2941} INFO - Sync 1 DAGs
[2026-08-05T10:45:08.012+0000] {logging_mixin.py:151} INFO - [2026-08-05T10:45:08.011+0000] {dag.py:3722} INFO - Setting next_dagrun for pipeline_ingestion_suivi to 2026-08-05T09:00:00+00:00, run_after=2026-08-05T10:00:00+00:00
[2026-08-05T10:45:08.029+0000] {processor.py:179} INFO - Processing /opt/airflow/dags/dag_suivi.py took 0.099 seconds
[2026-08-05T10:45:38.202+0000] {processor.py:157} INFO - Started process (PID=204) to work on /opt/airflow/dags/dag_suivi.py
[2026-08-05T10:45:38.203+0000] {processor.py:829} INFO - Processing file /opt/airflow/dags/dag_suivi.py for tasks to queue
[2026-08-05T10:45:38.204+0000] {logging_mixin.py:151} INFO - [2026-08-05T10:45:38.204+0000] {dagbag.py:536} INFO - Filling up the DagBag from /opt/airflow/dags/dag_suivi.py
[2026-08-05T10:45:38.223+0000] {processor.py:839} INFO - DAG(s) dict_keys(['pipeline_ingestion_suivi']) retrieved from /opt/airflow/dags/dag_suivi.py
[2026-08-05T10:45:38.248+0000] {logging_mixin.py:151} INFO - [2026-08-05T10:45:38.247+0000] {dag.py:2941} INFO - Sync 1 DAGs
[2026-08-05T10:45:38.265+0000] {logging_mixin.py:151} INFO - [2026-08-05T10:45:38.265+0000] {dag.py:3722} INFO - Setting next_dagrun for pipeline_ingestion_suivi to 2026-08-05T09:00:00+00:00, run_after=2026-08-05T10:00:00+00:00
[2026-08-05T10:45:38.283+0000] {processor.py:179} INFO - Processing /opt/airflow/dags/dag_suivi.py took 0.084 seconds
[2026-08-05T10:46:08.471+0000] {processor.py:157} INFO - Started process (PID=209) to work on /opt/airflow/dags/dag_suivi.py
[2026-08-05T10:46:08.472+0000] {processor.py:829} INFO - Processing file /opt/airflow/dags/dag_suivi.py for tasks to queue
[2026-08-05T10:46:08.472+0000] {logging_mixin.py:151} INFO - [2026-08-05T10:46:08.472+0000] {dagbag.py:536} INFO - Filling up the DagBag from /opt/airflow/dags/dag_suivi.py
[2026-08-05T10:46:08.489+0000] {processor.py:839} INFO - DAG(s) dict_keys(['pipeline_ingestion_suivi']) retrieved from /opt/airflow/dags/dag_suivi.py
[2026-08-05T10:46:08.512+0000] {logging_mixin.py:151} INFO - [2026-08-05T10:46:08.512+0000] {dag.py:2941} INFO - Sync 1 DAGs
[2026-08-05T10:46:08.529+0000] {logging_mixin.py:151} INFO - [2026-08-05T10:46:08.529+0000] {dag.py:3722} INFO - Setting next_dagrun for pipeline_ingestion_suivi to 2026-08-05T09:00:00+00:00, run_after=2026-08-05T10:00:00+00:00
[2026-08-05T10:46:08.548+0000] {processor.py:179} INFO - Processing /opt/airflow/dags/dag_suivi.py took 0.079 seconds
[2026-08-05T10:46:38.721+0000] {processor.py:157} INFO - Started process (PID=214) to work on /opt/airflow/dags/dag_suivi.py
[2026-08-05T10:46:38.721+0000] {processor.py:829} INFO - Processing file /opt/airflow/dags/dag_suivi.py for tasks to queue
[2026-08-05T10:46:38.722+0000] {logging_mixin.py:151} INFO - [2026-08-05T10:46:38.722+0000] {dagbag.py:536} INFO - Filling up the DagBag from /opt/airflow/dags/dag_suivi.py
[2026-08-05T10:46:38.738+0000] {processor.py:839} INFO - DAG(s) dict_keys(['pipeline_ingestion_suivi']) retrieved from /opt/airflow/dags/dag_suivi.py
[2026-08-05T10:46:38.761+0000] {logging_mixin.py:151} INFO - [2026-08-05T10:46:38.761+0000] {dag.py:2941} INFO - Sync 1 DAGs
[2026-08-05T10:46:38.779+0000] {logging_mixin.py:151} INFO - [2026-08-05T10:46:38.779+0000] {dag.py:3722} INFO - Setting next_dagrun for pipeline_ingestion_suivi to 2026-08-05T09:00:00+00:00, run_after=2026-08-05T10:00:00+00:00
[2026-08-05T10:46:38.804+0000] {processor.py:179} INFO - Processing /opt/airflow/dags/dag_suivi.py took 0.086 seconds
[2026-08-05T10:47:09.042+0000] {processor.py:157} INFO - Started process (PID=219) to work on /opt/airflow/dags/dag_suivi.py
[2026-08-05T10:47:09.042+0000] {processor.py:829} INFO - Processing file /opt/airflow/dags/dag_suivi.py for tasks to queue
[2026-08-05T10:47:09.043+0000] {logging_mixin.py:151} INFO - [2026-08-05T10:47:09.043+0000] {dagbag.py:536} INFO - Filling up the DagBag from /opt/airflow/dags/dag_suivi.py
[2026-08-05T10:47:09.061+0000] {processor.py:839} INFO - DAG(s) dict_keys(['pipeline_ingestion_suivi']) retrieved from /opt/airflow/dags/dag_suivi.py
[2026-08-05T10:47:09.086+0000] {logging_mixin.py:151} INFO - [2026-08-05T10:47:09.086+0000] {dag.py:2941} INFO - Sync 1 DAGs
[2026-08-05T10:47:09.107+0000] {logging_mixin.py:151} INFO - [2026-08-05T10:47:09.107+0000] {dag.py:3722} INFO - Setting next_dagrun for pipeline_ingestion_suivi to 2026-08-05T09:00:00+00:00, run_after=2026-08-05T10:00:00+00:00
[2026-08-05T10:47:09.124+0000] {processor.py:179} INFO - Processing /opt/airflow/dags/dag_suivi.py took 0.085 seconds
[2026-08-05T10:47:39.253+0000] {processor.py:157} INFO - Started process (PID=224) to work on /opt/airflow/dags/dag_suivi.py
[2026-08-05T10:47:39.253+0000] {processor.py:829} INFO - Processing file /opt/airflow/dags/dag_suivi.py for tasks to queue
[2026-08-05T10:47:39.254+0000] {logging_mixin.py:151} INFO - [2026-08-05T10:47:39.254+0000] {dagbag.py:536} INFO - Filling up the DagBag from /opt/airflow/dags/dag_suivi.py
[2026-08-05T10:47:39.274+0000] {processor.py:839} INFO - DAG(s) dict_keys(['pipeline_ingestion_suivi']) retrieved from /opt/airflow/dags/dag_suivi.py
[2026-08-05T10:47:39.301+0000] {logging_mixin.py:151} INFO - [2026-08-05T10:47:39.301+0000] {dag.py:2941} INFO - Sync 1 DAGs
[2026-08-05T10:47:39.318+0000] {logging_mixin.py:151} INFO - [2026-08-05T10:47:39.318+0000] {dag.py:3722} INFO - Setting next_dagrun for pipeline_ingestion_suivi to 2026-08-05T09:00:00+00:00, run_after=2026-08-05T10:00:00+00:00
[2026-08-05T10:47:39.336+0000] {processor.py:179} INFO - Processing /opt/airflow/dags/dag_suivi.py took 0.087 seconds
[2026-08-05T10:48:09.543+0000] {processor.py:157} INFO - Started process (PID=229) to work on /opt/airflow/dags/dag_suivi.py
[2026-08-05T10:48:09.543+0000] {processor.py:829} INFO - Processing file /opt/airflow/dags/dag_suivi.py for tasks to queue
[2026-08-05T10:48:09.544+0000] {logging_mixin.py:151} INFO - [2026-08-05T10:48:09.544+0000] {dagbag.py:536} INFO - Filling up the DagBag from /opt/airflow/dags/dag_suivi.py
[2026-08-05T10:48:09.570+0000] {processor.py:839} INFO - DAG(s) dict_keys(['pipeline_ingestion_suivi']) retrieved from /opt/airflow/dags/dag_suivi.py
[2026-08-05T10:48:09.603+0000] {logging_mixin.py:151} INFO - [2026-08-05T10:48:09.603+0000] {dag.py:2941} INFO - Sync 1 DAGs
[2026-08-05T10:48:09.630+0000] {logging_mixin.py:151} INFO - [2026-08-05T10:48:09.629+0000] {dag.py:3722} INFO - Setting next_dagrun for pipeline_ingestion_suivi to 2026-08-05T09:00:00+00:00, run_after=2026-08-05T10:00:00+00:00
[2026-08-05T10:48:09.653+0000] {processor.py:179} INFO - Processing /opt/airflow/dags/dag_suivi.py took 0.113 seconds
[2026-08-05T10:48:39.758+0000] {processor.py:157} INFO - Started process (PID=234) to work on /opt/airflow/dags/dag_suivi.py
[2026-08-05T10:48:39.758+0000] {processor.py:829} INFO - Processing file /opt/airflow/dags/dag_suivi.py for tasks to queue
[2026-08-05T10:48:39.759+0000] {logging_mixin.py:151} INFO - [2026-08-05T10:48:39.759+0000] {dagbag.py:536} INFO - Filling up the DagBag from /opt/airflow/dags/dag_suivi.py
[2026-08-05T10:48:39.779+0000] {processor.py:839} INFO - DAG(s) dict_keys(['pipeline_ingestion_suivi']) retrieved from /opt/airflow/dags/dag_suivi.py
[2026-08-05T10:48:39.805+0000] {logging_mixin.py:151} INFO - [2026-08-05T10:48:39.805+0000] {dag.py:2941} INFO - Sync 1 DAGs
[2026-08-05T10:48:39.823+0000] {logging_mixin.py:151} INFO - [2026-08-05T10:48:39.823+0000] {dag.py:3722} INFO - Setting next_dagrun for pipeline_ingestion_suivi to 2026-08-05T09:00:00+00:00, run_after=2026-08-05T10:00:00+00:00
[2026-08-05T10:48:39.842+0000] {processor.py:179} INFO - Processing /opt/airflow/dags/dag_suivi.py took 0.087 seconds
[2026-08-05T10:49:10.104+0000] {processor.py:157} INFO - Started process (PID=239) to work on /opt/airflow/dags/dag_suivi.py
[2026-08-05T10:49:10.105+0000] {processor.py:829} INFO - Processing file /opt/airflow/dags/dag_suivi.py for tasks to queue
[2026-08-05T10:49:10.107+0000] {logging_mixin.py:151} INFO - [2026-08-05T10:49:10.106+0000] {dagbag.py:536} INFO - Filling up the DagBag from /opt/airflow/dags/dag_suivi.py
[2026-08-05T10:49:10.134+0000] {processor.py:839} INFO - DAG(s) dict_keys(['pipeline_ingestion_suivi']) retrieved from /opt/airflow/dags/dag_suivi.py
[2026-08-05T10:49:10.167+0000] {logging_mixin.py:151} INFO - [2026-08-05T10:49:10.167+0000] {dag.py:2941} INFO - Sync 1 DAGs
[2026-08-05T10:49:10.187+0000] {logging_mixin.py:151} INFO - [2026-08-05T10:49:10.187+0000] {dag.py:3722} INFO - Setting next_dagrun for pipeline_ingestion_suivi to 2026-08-05T09:00:00+00:00, run_after=2026-08-05T10:00:00+00:00
[2026-08-05T10:49:10.214+0000] {processor.py:179} INFO - Processing /opt/airflow/dags/dag_suivi.py took 0.113 seconds
[2026-08-05T10:49:40.351+0000] {processor.py:157} INFO - Started process (PID=244) to work on /opt/airflow/dags/dag_suivi.py
[2026-08-05T10:49:40.352+0000] {processor.py:829} INFO - Processing file /opt/airflow/dags/dag_suivi.py for tasks to queue
[2026-08-05T10:49:40.353+0000] {logging_mixin.py:151} INFO - [2026-08-05T10:49:40.353+0000] {dagbag.py:536} INFO - Filling up the DagBag from /opt/airflow/dags/dag_suivi.py
[2026-08-05T10:49:40.372+0000] {processor.py:839} INFO - DAG(s) dict_keys(['pipeline_ingestion_suivi']) retrieved from /opt/airflow/dags/dag_suivi.py
[2026-08-05T10:49:40.397+0000] {logging_mixin.py:151} INFO - [2026-08-05T10:49:40.397+0000] {dag.py:2941} INFO - Sync 1 DAGs
[2026-08-05T10:49:40.414+0000] {logging_mixin.py:151} INFO - [2026-08-05T10:49:40.414+0000] {dag.py:3722} INFO - Setting next_dagrun for pipeline_ingestion_suivi to 2026-08-05T09:00:00+00:00, run_after=2026-08-05T10:00:00+00:00
[2026-08-05T10:49:40.441+0000] {processor.py:179} INFO - Processing /opt/airflow/dags/dag_suivi.py took 0.093 seconds
[2026-08-05T10:50:10.697+0000] {processor.py:157} INFO - Started process (PID=249) to work on /opt/airflow/dags/dag_suivi.py
[2026-08-05T10:50:10.698+0000] {processor.py:829} INFO - Processing file /opt/airflow/dags/dag_suivi.py for tasks to queue
[2026-08-05T10:50:10.699+0000] {logging_mixin.py:151} INFO - [2026-08-05T10:50:10.699+0000] {dagbag.py:536} INFO - Filling up the DagBag from /opt/airflow/dags/dag_suivi.py
[2026-08-05T10:50:10.726+0000] {processor.py:839} INFO - DAG(s) dict_keys(['pipeline_ingestion_suivi']) retrieved from /opt/airflow/dags/dag_suivi.py
[2026-08-05T10:50:10.758+0000] {logging_mixin.py:151} INFO - [2026-08-05T10:50:10.758+0000] {dag.py:2941} INFO - Sync 1 DAGs
[2026-08-05T10:50:10.785+0000] {logging_mixin.py:151} INFO - [2026-08-05T10:50:10.784+0000] {dag.py:3722} INFO - Setting next_dagrun for pipeline_ingestion_suivi to 2026-08-05T09:00:00+00:00, run_after=2026-08-05T10:00:00+00:00
[2026-08-05T10:50:10.819+0000] {processor.py:179} INFO - Processing /opt/airflow/dags/dag_suivi.py took 0.125 seconds
[2026-08-05T10:50:40.958+0000] {processor.py:157} INFO - Started process (PID=254) to work on /opt/airflow/dags/dag_suivi.py
[2026-08-05T10:50:40.959+0000] {processor.py:829} INFO - Processing file /opt/airflow/dags/dag_suivi.py for tasks to queue
[2026-08-05T10:50:40.960+0000] {logging_mixin.py:151} INFO - [2026-08-05T10:50:40.960+0000] {dagbag.py:536} INFO - Filling up the DagBag from /opt/airflow/dags/dag_suivi.py
[2026-08-05T10:50:40.978+0000] {processor.py:839} INFO - DAG(s) dict_keys(['pipeline_ingestion_suivi']) retrieved from /opt/airflow/dags/dag_suivi.py
[2026-08-05T10:50:41.002+0000] {logging_mixin.py:151} INFO - [2026-08-05T10:50:41.001+0000] {dag.py:2941} INFO - Sync 1 DAGs
[2026-08-05T10:50:41.018+0000] {logging_mixin.py:151} INFO - [2026-08-05T10:50:41.018+0000] {dag.py:3722} INFO - Setting next_dagrun for pipeline_ingestion_suivi to 2026-08-05T09:00:00+00:00, run_after=2026-08-05T10:00:00+00:00
[2026-08-05T10:50:41.046+0000] {processor.py:179} INFO - Processing /opt/airflow/dags/dag_suivi.py took 0.091 seconds
[2026-08-05T10:51:11.302+0000] {processor.py:157} INFO - Started process (PID=259) to work on /opt/airflow/dags/dag_suivi.py
[2026-08-05T10:51:11.303+0000] {processor.py:829} INFO - Processing file /opt/airflow/dags/dag_suivi.py for tasks to queue
[2026-08-05T10:51:11.304+0000] {logging_mixin.py:151} INFO - [2026-08-05T10:51:11.303+0000] {dagbag.py:536} INFO - Filling up the DagBag from /opt/airflow/dags/dag_suivi.py
[2026-08-05T10:51:11.321+0000] {processor.py:839} INFO - DAG(s) dict_keys(['pipeline_ingestion_suivi']) retrieved from /opt/airflow/dags/dag_suivi.py
[2026-08-05T10:51:11.344+0000] {logging_mixin.py:151} INFO - [2026-08-05T10:51:11.344+0000] {dag.py:2941} INFO - Sync 1 DAGs
[2026-08-05T10:51:11.361+0000] {logging_mixin.py:151} INFO - [2026-08-05T10:51:11.361+0000] {dag.py:3722} INFO - Setting next_dagrun for pipeline_ingestion_suivi to 2026-08-05T09:00:00+00:00, run_after=2026-08-05T10:00:00+00:00
[2026-08-05T10:51:11.379+0000] {processor.py:179} INFO - Processing /opt/airflow/dags/dag_suivi.py took 0.079 seconds
[2026-08-05T10:51:41.568+0000] {processor.py:157} INFO - Started process (PID=264) to work on /opt/airflow/dags/dag_suivi.py
[2026-08-05T10:51:41.569+0000] {processor.py:829} INFO - Processing file /opt/airflow/dags/dag_suivi.py for tasks to queue
[2026-08-05T10:51:41.570+0000] {logging_mixin.py:151} INFO - [2026-08-05T10:51:41.570+0000] {dagbag.py:536} INFO - Filling up the DagBag from /opt/airflow/dags/dag_suivi.py
[2026-08-05T10:51:41.589+0000] {processor.py:839} INFO - DAG(s) dict_keys(['pipeline_ingestion_suivi']) retrieved from /opt/airflow/dags/dag_suivi.py
[2026-08-05T10:51:41.612+0000] {logging_mixin.py:151} INFO - [2026-08-05T10:51:41.612+0000] {dag.py:2941} INFO - Sync 1 DAGs
[2026-08-05T10:51:41.628+0000] {logging_mixin.py:151} INFO - [2026-08-05T10:51:41.628+0000] {dag.py:3722} INFO - Setting next_dagrun for pipeline_ingestion_suivi to 2026-08-05T09:00:00+00:00, run_after=2026-08-05T10:00:00+00:00
[2026-08-05T10:51:41.655+0000] {processor.py:179} INFO - Processing /opt/airflow/dags/dag_suivi.py took 0.089 seconds
[2026-08-05T10:52:11.893+0000] {processor.py:157} INFO - Started process (PID=269) to work on /opt/airflow/dags/dag_suivi.py
[2026-08-05T10:52:11.894+0000] {processor.py:829} INFO - Processing file /opt/airflow/dags/dag_suivi.py for tasks to queue
[2026-08-05T10:52:11.895+0000] {logging_mixin.py:151} INFO - [2026-08-05T10:52:11.894+0000] {dagbag.py:536} INFO - Filling up the DagBag from /opt/airflow/dags/dag_suivi.py
[2026-08-05T10:52:11.910+0000] {processor.py:839} INFO - DAG(s) dict_keys(['pipeline_ingestion_suivi']) retrieved from /opt/airflow/dags/dag_suivi.py
[2026-08-05T10:52:11.935+0000] {logging_mixin.py:151} INFO - [2026-08-05T10:52:11.935+0000] {dag.py:2941} INFO - Sync 1 DAGs
[2026-08-05T10:52:11.954+0000] {logging_mixin.py:151} INFO - [2026-08-05T10:52:11.953+0000] {dag.py:3722} INFO - Setting next_dagrun for pipeline_ingestion_suivi to 2026-08-05T09:00:00+00:00, run_after=2026-08-05T10:00:00+00:00
[2026-08-05T10:52:11.980+0000] {processor.py:179} INFO - Processing /opt/airflow/dags/dag_suivi.py took 0.089 seconds
[2026-08-05T10:52:42.153+0000] {processor.py:157} INFO - Started process (PID=274) to work on /opt/airflow/dags/dag_suivi.py
[2026-08-05T10:52:42.154+0000] {processor.py:829} INFO - Processing file /opt/airflow/dags/dag_suivi.py for tasks to queue
[2026-08-05T10:52:42.155+0000] {logging_mixin.py:151} INFO - [2026-08-05T10:52:42.155+0000] {dagbag.py:536} INFO - Filling up the DagBag from /opt/airflow/dags/dag_suivi.py
[2026-08-05T10:52:42.175+0000] {processor.py:839} INFO - DAG(s) dict_keys(['pipeline_ingestion_suivi']) retrieved from /opt/airflow/dags/dag_suivi.py
[2026-08-05T10:52:42.199+0000] {logging_mixin.py:151} INFO - [2026-08-05T10:52:42.199+0000] {dag.py:2941} INFO - Sync 1 DAGs
[2026-08-05T10:52:42.217+0000] {logging_mixin.py:151} INFO - [2026-08-05T10:52:42.217+0000] {dag.py:3722} INFO - Setting next_dagrun for pipeline_ingestion_suivi to 2026-08-05T09:00:00+00:00, run_after=2026-08-05T10:00:00+00:00
[2026-08-05T10:52:42.233+0000] {processor.py:179} INFO - Processing /opt/airflow/dags/dag_suivi.py took 0.083 seconds
[2026-08-05T10:53:12.435+0000] {processor.py:157} INFO - Started process (PID=279) to work on /opt/airflow/dags/dag_suivi.py
[2026-08-05T10:53:12.435+0000] {processor.py:829} INFO - Processing file /opt/airflow/dags/dag_suivi.py for tasks to queue
[2026-08-05T10:53:12.436+0000] {logging_mixin.py:151} INFO - [2026-08-05T10:53:12.436+0000] {dagbag.py:536} INFO - Filling up the DagBag from /opt/airflow/dags/dag_suivi.py
[2026-08-05T10:53:12.452+0000] {processor.py:839} INFO - DAG(s) dict_keys(['pipeline_ingestion_suivi']) retrieved from /opt/airflow/dags/dag_suivi.py
[2026-08-05T10:53:12.475+0000] {logging_mixin.py:151} INFO - [2026-08-05T10:53:12.475+0000] {dag.py:2941} INFO - Sync 1 DAGs
[2026-08-05T10:53:12.494+0000] {logging_mixin.py:151} INFO - [2026-08-05T10:53:12.494+0000] {dag.py:3722} INFO - Setting next_dagrun for pipeline_ingestion_suivi to 2026-08-05T09:00:00+00:00, run_after=2026-08-05T10:00:00+00:00
[2026-08-05T10:53:12.512+0000] {processor.py:179} INFO - Processing /opt/airflow/dags/dag_suivi.py took 0.080 seconds
[2026-08-05T10:53:42.727+0000] {processor.py:157} INFO - Started process (PID=284) to work on /opt/airflow/dags/dag_suivi.py
[2026-08-05T10:53:42.728+0000] {processor.py:829} INFO - Processing file /opt/airflow/dags/dag_suivi.py for tasks to queue
[2026-08-05T10:53:42.729+0000] {logging_mixin.py:151} INFO - [2026-08-05T10:53:42.729+0000] {dagbag.py:536} INFO - Filling up the DagBag from /opt/airflow/dags/dag_suivi.py
[2026-08-05T10:53:42.758+0000] {processor.py:839} INFO - DAG(s) dict_keys(['pipeline_ingestion_suivi']) retrieved from /opt/airflow/dags/dag_suivi.py
[2026-08-05T10:53:42.796+0000] {logging_mixin.py:151} INFO - [2026-08-05T10:53:42.796+0000] {dag.py:2941} INFO - Sync 1 DAGs
[2026-08-05T10:53:42.831+0000] {logging_mixin.py:151} INFO - [2026-08-05T10:53:42.830+0000] {dag.py:3722} INFO - Setting next_dagrun for pipeline_ingestion_suivi to 2026-08-05T09:00:00+00:00, run_after=2026-08-05T10:00:00+00:00
[2026-08-05T10:53:42.859+0000] {processor.py:179} INFO - Processing /opt/airflow/dags/dag_suivi.py took 0.136 seconds
[2026-08-05T10:54:12.970+0000] {processor.py:157} INFO - Started process (PID=289) to work on /opt/airflow/dags/dag_suivi.py
[2026-08-05T10:54:12.970+0000] {processor.py:829} INFO - Processing file /opt/airflow/dags/dag_suivi.py for tasks to queue
[2026-08-05T10:54:12.971+0000] {logging_mixin.py:151} INFO - [2026-08-05T10:54:12.971+0000] {dagbag.py:536} INFO - Filling up the DagBag from /opt/airflow/dags/dag_suivi.py
[2026-08-05T10:54:12.989+0000] {processor.py:839} INFO - DAG(s) dict_keys(['pipeline_ingestion_suivi']) retrieved from /opt/airflow/dags/dag_suivi.py
[2026-08-05T10:54:13.018+0000] {logging_mixin.py:151} INFO - [2026-08-05T10:54:13.018+0000] {dag.py:2941} INFO - Sync 1 DAGs
[2026-08-05T10:54:13.040+0000] {logging_mixin.py:151} INFO - [2026-08-05T10:54:13.040+0000] {dag.py:3722} INFO - Setting next_dagrun for pipeline_ingestion_suivi to 2026-08-05T09:00:00+00:00, run_after=2026-08-05T10:00:00+00:00
[2026-08-05T10:54:13.070+0000] {processor.py:179} INFO - Processing /opt/airflow/dags/dag_suivi.py took 0.103 seconds
[2026-08-05T10:54:43.316+0000] {processor.py:157} INFO - Started process (PID=294) to work on /opt/airflow/dags/dag_suivi.py
[2026-08-05T10:54:43.317+0000] {processor.py:829} INFO - Processing file /opt/airflow/dags/dag_suivi.py for tasks to queue
[2026-08-05T10:54:43.318+0000] {logging_mixin.py:151} INFO - [2026-08-05T10:54:43.317+0000] {dagbag.py:536} INFO - Filling up the DagBag from /opt/airflow/dags/dag_suivi.py
[2026-08-05T10:54:43.335+0000] {processor.py:839} INFO - DAG(s) dict_keys(['pipeline_ingestion_suivi']) retrieved from /opt/airflow/dags/dag_suivi.py
[2026-08-05T10:54:43.363+0000] {logging_mixin.py:151} INFO - [2026-08-05T10:54:43.363+0000] {dag.py:2941} INFO - Sync 1 DAGs
[2026-08-05T10:54:43.384+0000] {logging_mixin.py:151} INFO - [2026-08-05T10:54:43.384+0000] {dag.py:3722} INFO - Setting next_dagrun for pipeline_ingestion_suivi to 2026-08-05T09:00:00+00:00, run_after=2026-08-05T10:00:00+00:00
[2026-08-05T10:54:43.405+0000] {processor.py:179} INFO - Processing /opt/airflow/dags/dag_suivi.py took 0.091 seconds
[2026-08-05T10:55:13.572+0000] {processor.py:157} INFO - Started process (PID=299) to work on /opt/airflow/dags/dag_suivi.py
[2026-08-05T10:55:13.573+0000] {processor.py:829} INFO - Processing file /opt/airflow/dags/dag_suivi.py for tasks to queue
[2026-08-05T10:55:13.574+0000] {logging_mixin.py:151} INFO - [2026-08-05T10:55:13.573+0000] {dagbag.py:536} INFO - Filling up the DagBag from /opt/airflow/dags/dag_suivi.py
[2026-08-05T10:55:13.597+0000] {processor.py:839} INFO - DAG(s) dict_keys(['pipeline_ingestion_suivi']) retrieved from /opt/airflow/dags/dag_suivi.py
[2026-08-05T10:55:13.623+0000] {logging_mixin.py:151} INFO - [2026-08-05T10:55:13.623+0000] {dag.py:2941} INFO - Sync 1 DAGs
[2026-08-05T10:55:13.643+0000] {logging_mixin.py:151} INFO - [2026-08-05T10:55:13.643+0000] {dag.py:3722} INFO - Setting next_dagrun for pipeline_ingestion_suivi to 2026-08-05T09:00:00+00:00, run_after=2026-08-05T10:00:00+00:00
[2026-08-05T10:55:13.670+0000] {processor.py:179} INFO - Processing /opt/airflow/dags/dag_suivi.py took 0.102 seconds
[2026-08-05T10:55:43.882+0000] {processor.py:157} INFO - Started process (PID=304) to work on /opt/airflow/dags/dag_suivi.py
[2026-08-05T10:55:43.882+0000] {processor.py:829} INFO - Processing file /opt/airflow/dags/dag_suivi.py for tasks to queue
[2026-08-05T10:55:43.883+0000] {logging_mixin.py:151} INFO - [2026-08-05T10:55:43.883+0000] {dagbag.py:536} INFO - Filling up the DagBag from /opt/airflow/dags/dag_suivi.py
[2026-08-05T10:55:43.899+0000] {processor.py:839} INFO - DAG(s) dict_keys(['pipeline_ingestion_suivi']) retrieved from /opt/airflow/dags/dag_suivi.py
[2026-08-05T10:55:43.919+0000] {logging_mixin.py:151} INFO - [2026-08-05T10:55:43.919+0000] {dag.py:2941} INFO - Sync 1 DAGs
[2026-08-05T10:55:43.934+0000] {logging_mixin.py:151} INFO - [2026-08-05T10:55:43.933+0000] {dag.py:3722} INFO - Setting next_dagrun for pipeline_ingestion_suivi to 2026-08-05T09:00:00+00:00, run_after=2026-08-05T10:00:00+00:00
[2026-08-05T10:55:43.951+0000] {processor.py:179} INFO - Processing /opt/airflow/dags/dag_suivi.py took 0.071 seconds
[2026-08-05T10:56:14.133+0000] {processor.py:157} INFO - Started process (PID=309) to work on /opt/airflow/dags/dag_suivi.py
[2026-08-05T10:56:14.134+0000] {processor.py:829} INFO - Processing file /opt/airflow/dags/dag_suivi.py for tasks to queue
[2026-08-05T10:56:14.135+0000] {logging_mixin.py:151} INFO - [2026-08-05T10:56:14.134+0000] {dagbag.py:536} INFO - Filling up the DagBag from /opt/airflow/dags/dag_suivi.py
[2026-08-05T10:56:14.153+0000] {processor.py:839} INFO - DAG(s) dict_keys(['pipeline_ingestion_suivi']) retrieved from /opt/airflow/dags/dag_suivi.py
[2026-08-05T10:56:14.191+0000] {logging_mixin.py:151} INFO - [2026-08-05T10:56:14.191+0000] {dag.py:2941} INFO - Sync 1 DAGs
[2026-08-05T10:56:14.229+0000] {logging_mixin.py:151} INFO - [2026-08-05T10:56:14.228+0000] {dag.py:3722} INFO - Setting next_dagrun for pipeline_ingestion_suivi to 2026-08-05T09:00:00+00:00, run_after=2026-08-05T10:00:00+00:00
[2026-08-05T10:56:14.254+0000] {processor.py:179} INFO - Processing /opt/airflow/dags/dag_suivi.py took 0.124 seconds
[2026-08-05T10:56:44.435+0000] {processor.py:157} INFO - Started process (PID=314) to work on /opt/airflow/dags/dag_suivi.py
[2026-08-05T10:56:44.436+0000] {processor.py:829} INFO - Processing file /opt/airflow/dags/dag_suivi.py for tasks to queue
[2026-08-05T10:56:44.436+0000] {logging_mixin.py:151} INFO - [2026-08-05T10:56:44.436+0000] {dagbag.py:536} INFO - Filling up the DagBag from /opt/airflow/dags/dag_suivi.py
[2026-08-05T10:56:44.454+0000] {processor.py:839} INFO - DAG(s) dict_keys(['pipeline_ingestion_suivi']) retrieved from /opt/airflow/dags/dag_suivi.py
[2026-08-05T10:56:44.476+0000] {logging_mixin.py:151} INFO - [2026-08-05T10:56:44.476+0000] {dag.py:2941} INFO - Sync 1 DAGs
[2026-08-05T10:56:44.493+0000] {logging_mixin.py:151} INFO - [2026-08-05T10:56:44.493+0000] {dag.py:3722} INFO - Setting next_dagrun for pipeline_ingestion_suivi to 2026-08-05T09:00:00+00:00, run_after=2026-08-05T10:00:00+00:00
[2026-08-05T10:56:44.521+0000] {processor.py:179} INFO - Processing /opt/airflow/dags/dag_suivi.py took 0.089 seconds
[2026-08-05T10:57:14.815+0000] {processor.py:157} INFO - Started process (PID=319) to work on /opt/airflow/dags/dag_suivi.py
[2026-08-05T10:57:14.816+0000] {processor.py:829} INFO - Processing file /opt/airflow/dags/dag_suivi.py for tasks to queue
[2026-08-05T10:57:14.817+0000] {logging_mixin.py:151} INFO - [2026-08-05T10:57:14.816+0000] {dagbag.py:536} INFO - Filling up the DagBag from /opt/airflow/dags/dag_suivi.py
[2026-08-05T10:57:14.832+0000] {processor.py:839} INFO - DAG(s) dict_keys(['pipeline_ingestion_suivi']) retrieved from /opt/airflow/dags/dag_suivi.py
[2026-08-05T10:57:14.853+0000] {logging_mixin.py:151} INFO - [2026-08-05T10:57:14.853+0000] {dag.py:2941} INFO - Sync 1 DAGs
[2026-08-05T10:57:14.870+0000] {logging_mixin.py:151} INFO - [2026-08-05T10:57:14.870+0000] {dag.py:3722} INFO - Setting next_dagrun for pipeline_ingestion_suivi to 2026-08-05T09:00:00+00:00, run_after=2026-08-05T10:00:00+00:00
[2026-08-05T10:57:14.897+0000] {processor.py:179} INFO - Processing /opt/airflow/dags/dag_suivi.py took 0.083 seconds
[2026-08-05T10:57:45.080+0000] {processor.py:157} INFO - Started process (PID=324) to work on /opt/airflow/dags/dag_suivi.py
[2026-08-05T10:57:45.081+0000] {processor.py:829} INFO - Processing file /opt/airflow/dags/dag_suivi.py for tasks to queue
[2026-08-05T10:57:45.082+0000] {logging_mixin.py:151} INFO - [2026-08-05T10:57:45.081+0000] {dagbag.py:536} INFO - Filling up the DagBag from /opt/airflow/dags/dag_suivi.py
[2026-08-05T10:57:45.098+0000] {processor.py:839} INFO - DAG(s) dict_keys(['pipeline_ingestion_suivi']) retrieved from /opt/airflow/dags/dag_suivi.py
[2026-08-05T10:57:45.121+0000] {logging_mixin.py:151} INFO - [2026-08-05T10:57:45.121+0000] {dag.py:2941} INFO - Sync 1 DAGs
[2026-08-05T10:57:45.140+0000] {logging_mixin.py:151} INFO - [2026-08-05T10:57:45.140+0000] {dag.py:3722} INFO - Setting next_dagrun for pipeline_ingestion_suivi to 2026-08-05T09:00:00+00:00, run_after=2026-08-05T10:00:00+00:00
[2026-08-05T10:57:45.157+0000] {processor.py:179} INFO - Processing /opt/airflow/dags/dag_suivi.py took 0.079 seconds
[2026-08-05T10:58:15.369+0000] {processor.py:157} INFO - Started process (PID=329) to work on /opt/airflow/dags/dag_suivi.py
[2026-08-05T10:58:15.370+0000] {processor.py:829} INFO - Processing file /opt/airflow/dags/dag_suivi.py for tasks to queue
[2026-08-05T10:58:15.371+0000] {logging_mixin.py:151} INFO - [2026-08-05T10:58:15.371+0000] {dagbag.py:536} INFO - Filling up the DagBag from /opt/airflow/dags/dag_suivi.py
[2026-08-05T10:58:15.388+0000] {processor.py:839} INFO - DAG(s) dict_keys(['pipeline_ingestion_suivi']) retrieved from /opt/airflow/dags/dag_suivi.py
[2026-08-05T10:58:15.409+0000] {logging_mixin.py:151} INFO - [2026-08-05T10:58:15.409+0000] {dag.py:2941} INFO - Sync 1 DAGs
[2026-08-05T10:58:15.427+0000] {logging_mixin.py:151} INFO - [2026-08-05T10:58:15.427+0000] {dag.py:3722} INFO - Setting next_dagrun for pipeline_ingestion_suivi to 2026-08-05T09:00:00+00:00, run_after=2026-08-05T10:00:00+00:00
[2026-08-05T10:58:15.444+0000] {processor.py:179} INFO - Processing /opt/airflow/dags/dag_suivi.py took 0.078 seconds
[2026-08-05T10:58:45.583+0000] {processor.py:157} INFO - Started process (PID=334) to work on /opt/airflow/dags/dag_suivi.py
[2026-08-05T10:58:45.584+0000] {processor.py:829} INFO - Processing file /opt/airflow/dags/dag_suivi.py for tasks to queue
[2026-08-05T10:58:45.585+0000] {logging_mixin.py:151} INFO - [2026-08-05T10:58:45.584+0000] {dagbag.py:536} INFO - Filling up the DagBag from /opt/airflow/dags/dag_suivi.py
[2026-08-05T10:58:45.601+0000] {processor.py:839} INFO - DAG(s) dict_keys(['pipeline_ingestion_suivi']) retrieved from /opt/airflow/dags/dag_suivi.py
[2026-08-05T10:58:45.623+0000] {logging_mixin.py:151} INFO - [2026-08-05T10:58:45.623+0000] {dag.py:2941} INFO - Sync 1 DAGs
[2026-08-05T10:58:45.642+0000] {logging_mixin.py:151} INFO - [2026-08-05T10:58:45.642+0000] {dag.py:3722} INFO - Setting next_dagrun for pipeline_ingestion_suivi to 2026-08-05T09:00:00+00:00, run_after=2026-08-05T10:00:00+00:00
[2026-08-05T10:58:45.661+0000] {processor.py:179} INFO - Processing /opt/airflow/dags/dag_suivi.py took 0.081 seconds
[2026-08-05T10:59:15.858+0000] {processor.py:157} INFO - Started process (PID=339) to work on /opt/airflow/dags/dag_suivi.py
[2026-08-05T10:59:15.859+0000] {processor.py:829} INFO - Processing file /opt/airflow/dags/dag_suivi.py for tasks to queue
[2026-08-05T10:59:15.860+0000] {logging_mixin.py:151} INFO - [2026-08-05T10:59:15.860+0000] {dagbag.py:536} INFO - Filling up the DagBag from /opt/airflow/dags/dag_suivi.py
[2026-08-05T10:59:15.883+0000] {processor.py:839} INFO - DAG(s) dict_keys(['pipeline_ingestion_suivi']) retrieved from /opt/airflow/dags/dag_suivi.py
[2026-08-05T10:59:15.912+0000] {logging_mixin.py:151} INFO - [2026-08-05T10:59:15.912+0000] {dag.py:2941} INFO - Sync 1 DAGs
[2026-08-05T10:59:15.934+0000] {logging_mixin.py:151} INFO - [2026-08-05T10:59:15.934+0000] {dag.py:3722} INFO - Setting next_dagrun for pipeline_ingestion_suivi to 2026-08-05T09:00:00+00:00, run_after=2026-08-05T10:00:00+00:00
[2026-08-05T10:59:15.966+0000] {processor.py:179} INFO - Processing /opt/airflow/dags/dag_suivi.py took 0.111 seconds
[2026-08-05T10:59:46.081+0000] {processor.py:157} INFO - Started process (PID=344) to work on /opt/airflow/dags/dag_suivi.py
[2026-08-05T10:59:46.082+0000] {processor.py:829} INFO - Processing file /opt/airflow/dags/dag_suivi.py for tasks to queue
[2026-08-05T10:59:46.083+0000] {logging_mixin.py:151} INFO - [2026-08-05T10:59:46.083+0000] {dagbag.py:536} INFO - Filling up the DagBag from /opt/airflow/dags/dag_suivi.py
[2026-08-05T10:59:46.105+0000] {processor.py:839} INFO - DAG(s) dict_keys(['pipeline_ingestion_suivi']) retrieved from /opt/airflow/dags/dag_suivi.py
[2026-08-05T10:59:46.132+0000] {logging_mixin.py:151} INFO - [2026-08-05T10:59:46.132+0000] {dag.py:2941} INFO - Sync 1 DAGs
[2026-08-05T10:59:46.153+0000] {logging_mixin.py:151} INFO - [2026-08-05T10:59:46.153+0000] {dag.py:3722} INFO - Setting next_dagrun for pipeline_ingestion_suivi to 2026-08-05T09:00:00+00:00, run_after=2026-08-05T10:00:00+00:00
[2026-08-05T10:59:46.181+0000] {processor.py:179} INFO - Processing /opt/airflow/dags/dag_suivi.py took 0.104 seconds
[2026-08-05T11:00:16.349+0000] {processor.py:157} INFO - Started process (PID=349) to work on /opt/airflow/dags/dag_suivi.py
[2026-08-05T11:00:16.349+0000] {processor.py:829} INFO - Processing file /opt/airflow/dags/dag_suivi.py for tasks to queue
[2026-08-05T11:00:16.350+0000] {logging_mixin.py:151} INFO - [2026-08-05T11:00:16.350+0000] {dagbag.py:536} INFO - Filling up the DagBag from /opt/airflow/dags/dag_suivi.py
[2026-08-05T11:00:16.367+0000] {processor.py:839} INFO - DAG(s) dict_keys(['pipeline_ingestion_suivi']) retrieved from /opt/airflow/dags/dag_suivi.py
[2026-08-05T11:00:16.387+0000] {logging_mixin.py:151} INFO - [2026-08-05T11:00:16.387+0000] {dag.py:2941} INFO - Sync 1 DAGs
[2026-08-05T11:00:16.402+0000] {logging_mixin.py:151} INFO - [2026-08-05T11:00:16.402+0000] {dag.py:3722} INFO - Setting next_dagrun for pipeline_ingestion_suivi to 2026-08-05T10:00:00+00:00, run_after=2026-08-05T11:00:00+00:00
[2026-08-05T11:00:16.430+0000] {processor.py:179} INFO - Processing /opt/airflow/dags/dag_suivi.py took 0.084 seconds
[2026-08-05T11:00:46.592+0000] {processor.py:157} INFO - Started process (PID=354) to work on /opt/airflow/dags/dag_suivi.py
[2026-08-05T11:00:46.593+0000] {processor.py:829} INFO - Processing file /opt/airflow/dags/dag_suivi.py for tasks to queue
[2026-08-05T11:00:46.594+0000] {logging_mixin.py:151} INFO - [2026-08-05T11:00:46.594+0000] {dagbag.py:536} INFO - Filling up the DagBag from /opt/airflow/dags/dag_suivi.py
[2026-08-05T11:00:46.610+0000] {processor.py:839} INFO - DAG(s) dict_keys(['pipeline_ingestion_suivi']) retrieved from /opt/airflow/dags/dag_suivi.py
[2026-08-05T11:00:46.631+0000] {logging_mixin.py:151} INFO - [2026-08-05T11:00:46.631+0000] {dag.py:2941} INFO - Sync 1 DAGs
[2026-08-05T11:00:46.649+0000] {logging_mixin.py:151} INFO - [2026-08-05T11:00:46.649+0000] {dag.py:3722} INFO - Setting next_dagrun for pipeline_ingestion_suivi to 2026-08-05T10:00:00+00:00, run_after=2026-08-05T11:00:00+00:00
[2026-08-05T11:00:46.677+0000] {processor.py:179} INFO - Processing /opt/airflow/dags/dag_suivi.py took 0.087 seconds
[2026-08-05T11:01:16.858+0000] {processor.py:157} INFO - Started process (PID=359) to work on /opt/airflow/dags/dag_suivi.py
[2026-08-05T11:01:16.859+0000] {processor.py:829} INFO - Processing file /opt/airflow/dags/dag_suivi.py for tasks to queue
[2026-08-05T11:01:16.859+0000] {logging_mixin.py:151} INFO - [2026-08-05T11:01:16.859+0000] {dagbag.py:536} INFO - Filling up the DagBag from /opt/airflow/dags/dag_suivi.py
[2026-08-05T11:01:16.876+0000] {processor.py:839} INFO - DAG(s) dict_keys(['pipeline_ingestion_suivi']) retrieved from /opt/airflow/dags/dag_suivi.py
[2026-08-05T11:01:16.898+0000] {logging_mixin.py:151} INFO - [2026-08-05T11:01:16.897+0000] {dag.py:2941} INFO - Sync 1 DAGs
[2026-08-05T11:01:16.916+0000] {logging_mixin.py:151} INFO - [2026-08-05T11:01:16.916+0000] {dag.py:3722} INFO - Setting next_dagrun for pipeline_ingestion_suivi to 2026-08-05T10:00:00+00:00, run_after=2026-08-05T11:00:00+00:00
[2026-08-05T11:01:16.945+0000] {processor.py:179} INFO - Processing /opt/airflow/dags/dag_suivi.py took 0.089 seconds
[2026-08-05T11:01:47.072+0000] {processor.py:157} INFO - Started process (PID=364) to work on /opt/airflow/dags/dag_suivi.py
[2026-08-05T11:01:47.072+0000] {processor.py:829} INFO - Processing file /opt/airflow/dags/dag_suivi.py for tasks to queue
[2026-08-05T11:01:47.073+0000] {logging_mixin.py:151} INFO - [2026-08-05T11:01:47.073+0000] {dagbag.py:536} INFO - Filling up the DagBag from /opt/airflow/dags/dag_suivi.py
[2026-08-05T11:01:47.089+0000] {processor.py:839} INFO - DAG(s) dict_keys(['pipeline_ingestion_suivi']) retrieved from /opt/airflow/dags/dag_suivi.py
[2026-08-05T11:01:47.116+0000] {logging_mixin.py:151} INFO - [2026-08-05T11:01:47.116+0000] {dag.py:2941} INFO - Sync 1 DAGs
[2026-08-05T11:01:47.136+0000] {logging_mixin.py:151} INFO - [2026-08-05T11:01:47.136+0000] {dag.py:3722} INFO - Setting next_dagrun for pipeline_ingestion_suivi to 2026-08-05T10:00:00+00:00, run_after=2026-08-05T11:00:00+00:00
[2026-08-05T11:01:47.168+0000] {processor.py:179} INFO - Processing /opt/airflow/dags/dag_suivi.py took 0.098 seconds
[2026-08-05T11:02:17.367+0000] {processor.py:157} INFO - Started process (PID=369) to work on /opt/airflow/dags/dag_suivi.py
[2026-08-05T11:02:17.368+0000] {processor.py:829} INFO - Processing file /opt/airflow/dags/dag_suivi.py for tasks to queue
[2026-08-05T11:02:17.369+0000] {logging_mixin.py:151} INFO - [2026-08-05T11:02:17.369+0000] {dagbag.py:536} INFO - Filling up the DagBag from /opt/airflow/dags/dag_suivi.py
[2026-08-05T11:02:17.386+0000] {processor.py:839} INFO - DAG(s) dict_keys(['pipeline_ingestion_suivi']) retrieved from /opt/airflow/dags/dag_suivi.py
[2026-08-05T11:02:17.410+0000] {logging_mixin.py:151} INFO - [2026-08-05T11:02:17.410+0000] {dag.py:2941} INFO - Sync 1 DAGs
[2026-08-05T11:02:17.428+0000] {logging_mixin.py:151} INFO - [2026-08-05T11:02:17.427+0000] {dag.py:3722} INFO - Setting next_dagrun for pipeline_ingestion_suivi to 2026-08-05T10:00:00+00:00, run_after=2026-08-05T11:00:00+00:00
[2026-08-05T11:02:17.455+0000] {processor.py:179} INFO - Processing /opt/airflow/dags/dag_suivi.py took 0.089 seconds
[2026-08-05T11:02:47.576+0000] {processor.py:157} INFO - Started process (PID=374) to work on /opt/airflow/dags/dag_suivi.py
[2026-08-05T11:02:47.577+0000] {processor.py:829} INFO - Processing file /opt/airflow/dags/dag_suivi.py for tasks to queue
[2026-08-05T11:02:47.577+0000] {logging_mixin.py:151} INFO - [2026-08-05T11:02:47.577+0000] {dagbag.py:536} INFO - Filling up the DagBag from /opt/airflow/dags/dag_suivi.py
[2026-08-05T11:02:47.595+0000] {processor.py:839} INFO - DAG(s) dict_keys(['pipeline_ingestion_suivi']) retrieved from /opt/airflow/dags/dag_suivi.py
[2026-08-05T11:02:47.617+0000] {logging_mixin.py:151} INFO - [2026-08-05T11:02:47.617+0000] {dag.py:2941} INFO - Sync 1 DAGs
[2026-08-05T11:02:47.638+0000] {logging_mixin.py:151} INFO - [2026-08-05T11:02:47.638+0000] {dag.py:3722} INFO - Setting next_dagrun for pipeline_ingestion_suivi to 2026-08-05T10:00:00+00:00, run_after=2026-08-05T11:00:00+00:00
[2026-08-05T11:02:47.657+0000] {processor.py:179} INFO - Processing /opt/airflow/dags/dag_suivi.py took 0.084 seconds
[2026-08-05T11:03:17.863+0000] {processor.py:157} INFO - Started process (PID=379) to work on /opt/airflow/dags/dag_suivi.py
[2026-08-05T11:03:17.864+0000] {processor.py:829} INFO - Processing file /opt/airflow/dags/dag_suivi.py for tasks to queue
[2026-08-05T11:03:17.864+0000] {logging_mixin.py:151} INFO - [2026-08-05T11:03:17.864+0000] {dagbag.py:536} INFO - Filling up the DagBag from /opt/airflow/dags/dag_suivi.py
[2026-08-05T11:03:17.882+0000] {processor.py:839} INFO - DAG(s) dict_keys(['pipeline_ingestion_suivi']) retrieved from /opt/airflow/dags/dag_suivi.py
[2026-08-05T11:03:17.905+0000] {logging_mixin.py:151} INFO - [2026-08-05T11:03:17.904+0000] {dag.py:2941} INFO - Sync 1 DAGs
[2026-08-05T11:03:17.921+0000] {logging_mixin.py:151} INFO - [2026-08-05T11:03:17.921+0000] {dag.py:3722} INFO - Setting next_dagrun for pipeline_ingestion_suivi to 2026-08-05T10:00:00+00:00, run_after=2026-08-05T11:00:00+00:00
[2026-08-05T11:03:17.947+0000] {processor.py:179} INFO - Processing /opt/airflow/dags/dag_suivi.py took 0.086 seconds
[2026-08-05T11:03:48.088+0000] {processor.py:157} INFO - Started process (PID=384) to work on /opt/airflow/dags/dag_suivi.py
[2026-08-05T11:03:48.089+0000] {processor.py:829} INFO - Processing file /opt/airflow/dags/dag_suivi.py for tasks to queue
[2026-08-05T11:03:48.090+0000] {logging_mixin.py:151} INFO - [2026-08-05T11:03:48.090+0000] {dagbag.py:536} INFO - Filling up the DagBag from /opt/airflow/dags/dag_suivi.py
[2026-08-05T11:03:48.108+0000] {processor.py:839} INFO - DAG(s) dict_keys(['pipeline_ingestion_suivi']) retrieved from /opt/airflow/dags/dag_suivi.py
[2026-08-05T11:03:48.131+0000] {logging_mixin.py:151} INFO - [2026-08-05T11:03:48.131+0000] {dag.py:2941} INFO - Sync 1 DAGs
[2026-08-05T11:03:48.150+0000] {logging_mixin.py:151} INFO - [2026-08-05T11:03:48.149+0000] {dag.py:3722} INFO - Setting next_dagrun for pipeline_ingestion_suivi to 2026-08-05T10:00:00+00:00, run_after=2026-08-05T11:00:00+00:00
[2026-08-05T11:03:48.167+0000] {processor.py:179} INFO - Processing /opt/airflow/dags/dag_suivi.py took 0.082 seconds
[2026-08-05T11:04:18.365+0000] {processor.py:157} INFO - Started process (PID=389) to work on /opt/airflow/dags/dag_suivi.py
[2026-08-05T11:04:18.365+0000] {processor.py:829} INFO - Processing file /opt/airflow/dags/dag_suivi.py for tasks to queue
[2026-08-05T11:04:18.366+0000] {logging_mixin.py:151} INFO - [2026-08-05T11:04:18.366+0000] {dagbag.py:536} INFO - Filling up the DagBag from /opt/airflow/dags/dag_suivi.py
[2026-08-05T11:04:18.384+0000] {processor.py:839} INFO - DAG(s) dict_keys(['pipeline_ingestion_suivi']) retrieved from /opt/airflow/dags/dag_suivi.py
[2026-08-05T11:04:18.406+0000] {logging_mixin.py:151} INFO - [2026-08-05T11:04:18.406+0000] {dag.py:2941} INFO - Sync 1 DAGs
[2026-08-05T11:04:18.425+0000] {logging_mixin.py:151} INFO - [2026-08-05T11:04:18.424+0000] {dag.py:3722} INFO - Setting next_dagrun for pipeline_ingestion_suivi to 2026-08-05T10:00:00+00:00, run_after=2026-08-05T11:00:00+00:00
[2026-08-05T11:04:18.442+0000] {processor.py:179} INFO - Processing /opt/airflow/dags/dag_suivi.py took 0.081 seconds
[2026-08-05T11:04:48.618+0000] {processor.py:157} INFO - Started process (PID=394) to work on /opt/airflow/dags/dag_suivi.py
[2026-08-05T11:04:48.619+0000] {processor.py:829} INFO - Processing file /opt/airflow/dags/dag_suivi.py for tasks to queue
[2026-08-05T11:04:48.619+0000] {logging_mixin.py:151} INFO - [2026-08-05T11:04:48.619+0000] {dagbag.py:536} INFO - Filling up the DagBag from /opt/airflow/dags/dag_suivi.py
[2026-08-05T11:04:48.636+0000] {processor.py:839} INFO - DAG(s) dict_keys(['pipeline_ingestion_suivi']) retrieved from /opt/airflow/dags/dag_suivi.py
[2026-08-05T11:04:48.658+0000] {logging_mixin.py:151} INFO - [2026-08-05T11:04:48.658+0000] {dag.py:2941} INFO - Sync 1 DAGs
[2026-08-05T11:04:48.675+0000] {logging_mixin.py:151} INFO - [2026-08-05T11:04:48.675+0000] {dag.py:3722} INFO - Setting next_dagrun for pipeline_ingestion_suivi to 2026-08-05T10:00:00+00:00, run_after=2026-08-05T11:00:00+00:00
[2026-08-05T11:04:48.693+0000] {processor.py:179} INFO - Processing /opt/airflow/dags/dag_suivi.py took 0.078 seconds
[2026-08-05T11:05:18.933+0000] {processor.py:157} INFO - Started process (PID=399) to work on /opt/airflow/dags/dag_suivi.py
[2026-08-05T11:05:18.933+0000] {processor.py:829} INFO - Processing file /opt/airflow/dags/dag_suivi.py for tasks to queue
[2026-08-05T11:05:18.934+0000] {logging_mixin.py:151} INFO - [2026-08-05T11:05:18.934+0000] {dagbag.py:536} INFO - Filling up the DagBag from /opt/airflow/dags/dag_suivi.py
[2026-08-05T11:05:18.952+0000] {processor.py:839} INFO - DAG(s) dict_keys(['pipeline_ingestion_suivi']) retrieved from /opt/airflow/dags/dag_suivi.py
[2026-08-05T11:05:18.975+0000] {logging_mixin.py:151} INFO - [2026-08-05T11:05:18.974+0000] {dag.py:2941} INFO - Sync 1 DAGs
[2026-08-05T11:05:18.995+0000] {logging_mixin.py:151} INFO - [2026-08-05T11:05:18.995+0000] {dag.py:3722} INFO - Setting next_dagrun for pipeline_ingestion_suivi to 2026-08-05T10:00:00+00:00, run_after=2026-08-05T11:00:00+00:00
[2026-08-05T11:05:19.017+0000] {processor.py:179} INFO - Processing /opt/airflow/dags/dag_suivi.py took 0.086 seconds
[2026-08-05T11:05:49.208+0000] {processor.py:157} INFO - Started process (PID=404) to work on /opt/airflow/dags/dag_suivi.py
[2026-08-05T11:05:49.208+0000] {processor.py:829} INFO - Processing file /opt/airflow/dags/dag_suivi.py for tasks to queue
[2026-08-05T11:05:49.209+0000] {logging_mixin.py:151} INFO - [2026-08-05T11:05:49.209+0000] {dagbag.py:536} INFO - Filling up the DagBag from /opt/airflow/dags/dag_suivi.py
[2026-08-05T11:05:49.227+0000] {processor.py:839} INFO - DAG(s) dict_keys(['pipeline_ingestion_suivi']) retrieved from /opt/airflow/dags/dag_suivi.py
[2026-08-05T11:05:49.249+0000] {logging_mixin.py:151} INFO - [2026-08-05T11:05:49.249+0000] {dag.py:2941} INFO - Sync 1 DAGs
[2026-08-05T11:05:49.267+0000] {logging_mixin.py:151} INFO - [2026-08-05T11:05:49.266+0000] {dag.py:3722} INFO - Setting next_dagrun for pipeline_ingestion_suivi to 2026-08-05T10:00:00+00:00, run_after=2026-08-05T11:00:00+00:00
[2026-08-05T11:05:49.284+0000] {processor.py:179} INFO - Processing /opt/airflow/dags/dag_suivi.py took 0.079 seconds
[2026-08-05T11:06:19.489+0000] {processor.py:157} INFO - Started process (PID=409) to work on /opt/airflow/dags/dag_suivi.py
[2026-08-05T11:06:19.490+0000] {processor.py:829} INFO - Processing file /opt/airflow/dags/dag_suivi.py for tasks to queue
[2026-08-05T11:06:19.491+0000] {logging_mixin.py:151} INFO - [2026-08-05T11:06:19.490+0000] {dagbag.py:536} INFO - Filling up the DagBag from /opt/airflow/dags/dag_suivi.py
[2026-08-05T11:06:19.506+0000] {processor.py:839} INFO - DAG(s) dict_keys(['pipeline_ingestion_suivi']) retrieved from /opt/airflow/dags/dag_suivi.py
[2026-08-05T11:06:19.526+0000] {logging_mixin.py:151} INFO - [2026-08-05T11:06:19.526+0000] {dag.py:2941} INFO - Sync 1 DAGs
[2026-08-05T11:06:19.542+0000] {logging_mixin.py:151} INFO - [2026-08-05T11:06:19.542+0000] {dag.py:3722} INFO - Setting next_dagrun for pipeline_ingestion_suivi to 2026-08-05T10:00:00+00:00, run_after=2026-08-05T11:00:00+00:00
[2026-08-05T11:06:19.560+0000] {processor.py:179} INFO - Processing /opt/airflow/dags/dag_suivi.py took 0.073 seconds
[2026-08-05T11:06:49.757+0000] {processor.py:157} INFO - Started process (PID=414) to work on /opt/airflow/dags/dag_suivi.py
[2026-08-05T11:06:49.759+0000] {processor.py:829} INFO - Processing file /opt/airflow/dags/dag_suivi.py for tasks to queue
[2026-08-05T11:06:49.759+0000] {logging_mixin.py:151} INFO - [2026-08-05T11:06:49.759+0000] {dagbag.py:536} INFO - Filling up the DagBag from /opt/airflow/dags/dag_suivi.py
[2026-08-05T11:06:49.775+0000] {processor.py:839} INFO - DAG(s) dict_keys(['pipeline_ingestion_suivi']) retrieved from /opt/airflow/dags/dag_suivi.py
[2026-08-05T11:06:49.795+0000] {logging_mixin.py:151} INFO - [2026-08-05T11:06:49.795+0000] {dag.py:2941} INFO - Sync 1 DAGs
[2026-08-05T11:06:49.810+0000] {logging_mixin.py:151} INFO - [2026-08-05T11:06:49.810+0000] {dag.py:3722} INFO - Setting next_dagrun for pipeline_ingestion_suivi to 2026-08-05T10:00:00+00:00, run_after=2026-08-05T11:00:00+00:00
[2026-08-05T11:06:49.827+0000] {processor.py:179} INFO - Processing /opt/airflow/dags/dag_suivi.py took 0.072 seconds
[2026-08-05T11:07:20.073+0000] {processor.py:157} INFO - Started process (PID=419) to work on /opt/airflow/dags/dag_suivi.py
[2026-08-05T11:07:20.074+0000] {processor.py:829} INFO - Processing file /opt/airflow/dags/dag_suivi.py for tasks to queue
[2026-08-05T11:07:20.074+0000] {logging_mixin.py:151} INFO - [2026-08-05T11:07:20.074+0000] {dagbag.py:536} INFO - Filling up the DagBag from /opt/airflow/dags/dag_suivi.py
[2026-08-05T11:07:20.092+0000] {processor.py:839} INFO - DAG(s) dict_keys(['pipeline_ingestion_suivi']) retrieved from /opt/airflow/dags/dag_suivi.py
[2026-08-05T11:07:20.112+0000] {logging_mixin.py:151} INFO - [2026-08-05T11:07:20.112+0000] {dag.py:2941} INFO - Sync 1 DAGs
[2026-08-05T11:07:20.127+0000] {logging_mixin.py:151} INFO - [2026-08-05T11:07:20.127+0000] {dag.py:3722} INFO - Setting next_dagrun for pipeline_ingestion_suivi to 2026-08-05T10:00:00+00:00, run_after=2026-08-05T11:00:00+00:00
[2026-08-05T11:07:20.154+0000] {processor.py:179} INFO - Processing /opt/airflow/dags/dag_suivi.py took 0.084 seconds
[2026-08-05T11:07:50.317+0000] {processor.py:157} INFO - Started process (PID=424) to work on /opt/airflow/dags/dag_suivi.py
[2026-08-05T11:07:50.317+0000] {processor.py:829} INFO - Processing file /opt/airflow/dags/dag_suivi.py for tasks to queue
[2026-08-05T11:07:50.318+0000] {logging_mixin.py:151} INFO - [2026-08-05T11:07:50.318+0000] {dagbag.py:536} INFO - Filling up the DagBag from /opt/airflow/dags/dag_suivi.py
[2026-08-05T11:07:50.334+0000] {processor.py:839} INFO - DAG(s) dict_keys(['pipeline_ingestion_suivi']) retrieved from /opt/airflow/dags/dag_suivi.py
[2026-08-05T11:07:50.356+0000] {logging_mixin.py:151} INFO - [2026-08-05T11:07:50.356+0000] {dag.py:2941} INFO - Sync 1 DAGs
[2026-08-05T11:07:50.375+0000] {logging_mixin.py:151} INFO - [2026-08-05T11:07:50.375+0000] {dag.py:3722} INFO - Setting next_dagrun for pipeline_ingestion_suivi to 2026-08-05T10:00:00+00:00, run_after=2026-08-05T11:00:00+00:00
[2026-08-05T11:07:50.393+0000] {processor.py:179} INFO - Processing /opt/airflow/dags/dag_suivi.py took 0.079 seconds
[2026-08-05T11:08:20.586+0000] {processor.py:157} INFO - Started process (PID=429) to work on /opt/airflow/dags/dag_suivi.py
[2026-08-05T11:08:20.586+0000] {processor.py:829} INFO - Processing file /opt/airflow/dags/dag_suivi.py for tasks to queue
[2026-08-05T11:08:20.587+0000] {logging_mixin.py:151} INFO - [2026-08-05T11:08:20.587+0000] {dagbag.py:536} INFO - Filling up the DagBag from /opt/airflow/dags/dag_suivi.py
[2026-08-05T11:08:20.603+0000] {processor.py:839} INFO - DAG(s) dict_keys(['pipeline_ingestion_suivi']) retrieved from /opt/airflow/dags/dag_suivi.py
[2026-08-05T11:08:20.624+0000] {logging_mixin.py:151} INFO - [2026-08-05T11:08:20.624+0000] {dag.py:2941} INFO - Sync 1 DAGs
[2026-08-05T11:08:20.641+0000] {logging_mixin.py:151} INFO - [2026-08-05T11:08:20.641+0000] {dag.py:3722} INFO - Setting next_dagrun for pipeline_ingestion_suivi to 2026-08-05T10:00:00+00:00, run_after=2026-08-05T11:00:00+00:00
[2026-08-05T11:08:20.658+0000] {processor.py:179} INFO - Processing /opt/airflow/dags/dag_suivi.py took 0.076 seconds
[2026-08-05T11:08:50.839+0000] {processor.py:157} INFO - Started process (PID=434) to work on /opt/airflow/dags/dag_suivi.py
[2026-08-05T11:08:50.839+0000] {processor.py:829} INFO - Processing file /opt/airflow/dags/dag_suivi.py for tasks to queue
[2026-08-05T11:08:50.840+0000] {logging_mixin.py:151} INFO - [2026-08-05T11:08:50.840+0000] {dagbag.py:536} INFO - Filling up the DagBag from /opt/airflow/dags/dag_suivi.py
[2026-08-05T11:08:50.855+0000] {processor.py:839} INFO - DAG(s) dict_keys(['pipeline_ingestion_suivi']) retrieved from /opt/airflow/dags/dag_suivi.py
[2026-08-05T11:08:50.877+0000] {logging_mixin.py:151} INFO - [2026-08-05T11:08:50.877+0000] {dag.py:2941} INFO - Sync 1 DAGs
[2026-08-05T11:08:50.894+0000] {logging_mixin.py:151} INFO - [2026-08-05T11:08:50.894+0000] {dag.py:3722} INFO - Setting next_dagrun for pipeline_ingestion_suivi to 2026-08-05T10:00:00+00:00, run_after=2026-08-05T11:00:00+00:00
[2026-08-05T11:08:50.912+0000] {processor.py:179} INFO - Processing /opt/airflow/dags/dag_suivi.py took 0.076 seconds
[2026-08-05T11:09:21.098+0000] {processor.py:157} INFO - Started process (PID=439) to work on /opt/airflow/dags/dag_suivi.py
[2026-08-05T11:09:21.098+0000] {processor.py:829} INFO - Processing file /opt/airflow/dags/dag_suivi.py for tasks to queue
[2026-08-05T11:09:21.099+0000] {logging_mixin.py:151} INFO - [2026-08-05T11:09:21.099+0000] {dagbag.py:536} INFO - Filling up the DagBag from /opt/airflow/dags/dag_suivi.py
[2026-08-05T11:09:21.116+0000] {processor.py:839} INFO - DAG(s) dict_keys(['pipeline_ingestion_suivi']) retrieved from /opt/airflow/dags/dag_suivi.py
[2026-08-05T11:09:21.136+0000] {logging_mixin.py:151} INFO - [2026-08-05T11:09:21.136+0000] {dag.py:2941} INFO - Sync 1 DAGs
[2026-08-05T11:09:21.155+0000] {logging_mixin.py:151} INFO - [2026-08-05T11:09:21.154+0000] {dag.py:3722} INFO - Setting next_dagrun for pipeline_ingestion_suivi to 2026-08-05T10:00:00+00:00, run_after=2026-08-05T11:00:00+00:00
[2026-08-05T11:09:21.174+0000] {processor.py:179} INFO - Processing /opt/airflow/dags/dag_suivi.py took 0.079 seconds
[2026-08-05T11:09:51.350+0000] {processor.py:157} INFO - Started process (PID=444) to work on /opt/airflow/dags/dag_suivi.py
[2026-08-05T11:09:51.351+0000] {processor.py:829} INFO - Processing file /opt/airflow/dags/dag_suivi.py for tasks to queue
[2026-08-05T11:09:51.352+0000] {logging_mixin.py:151} INFO - [2026-08-05T11:09:51.352+0000] {dagbag.py:536} INFO - Filling up the DagBag from /opt/airflow/dags/dag_suivi.py
[2026-08-05T11:09:51.370+0000] {processor.py:839} INFO - DAG(s) dict_keys(['pipeline_ingestion_suivi']) retrieved from /opt/airflow/dags/dag_suivi.py
[2026-08-05T11:09:51.394+0000] {logging_mixin.py:151} INFO - [2026-08-05T11:09:51.394+0000] {dag.py:2941} INFO - Sync 1 DAGs
[2026-08-05T11:09:51.413+0000] {logging_mixin.py:151} INFO - [2026-08-05T11:09:51.412+0000] {dag.py:3722} INFO - Setting next_dagrun for pipeline_ingestion_suivi to 2026-08-05T10:00:00+00:00, run_after=2026-08-05T11:00:00+00:00
[2026-08-05T11:09:51.433+0000] {processor.py:179} INFO - Processing /opt/airflow/dags/dag_suivi.py took 0.086 seconds
[2026-08-05T11:10:21.564+0000] {processor.py:157} INFO - Started process (PID=449) to work on /opt/airflow/dags/dag_suivi.py
[2026-08-05T11:10:21.564+0000] {processor.py:829} INFO - Processing file /opt/airflow/dags/dag_suivi.py for tasks to queue
[2026-08-05T11:10:21.565+0000] {logging_mixin.py:151} INFO - [2026-08-05T11:10:21.565+0000] {dagbag.py:536} INFO - Filling up the DagBag from /opt/airflow/dags/dag_suivi.py
[2026-08-05T11:10:21.585+0000] {processor.py:839} INFO - DAG(s) dict_keys(['pipeline_ingestion_suivi']) retrieved from /opt/airflow/dags/dag_suivi.py
[2026-08-05T11:10:21.611+0000] {logging_mixin.py:151} INFO - [2026-08-05T11:10:21.611+0000] {dag.py:2941} INFO - Sync 1 DAGs
[2026-08-05T11:10:21.630+0000] {logging_mixin.py:151} INFO - [2026-08-05T11:10:21.630+0000] {dag.py:3722} INFO - Setting next_dagrun for pipeline_ingestion_suivi to 2026-08-05T10:00:00+00:00, run_after=2026-08-05T11:00:00+00:00
[2026-08-05T11:10:21.658+0000] {processor.py:179} INFO - Processing /opt/airflow/dags/dag_suivi.py took 0.097 seconds
[2026-08-05T11:10:51.793+0000] {processor.py:157} INFO - Started process (PID=454) to work on /opt/airflow/dags/dag_suivi.py
[2026-08-05T11:10:51.794+0000] {processor.py:829} INFO - Processing file /opt/airflow/dags/dag_suivi.py for tasks to queue
[2026-08-05T11:10:51.795+0000] {logging_mixin.py:151} INFO - [2026-08-05T11:10:51.795+0000] {dagbag.py:536} INFO - Filling up the DagBag from /opt/airflow/dags/dag_suivi.py
[2026-08-05T11:10:51.830+0000] {processor.py:839} INFO - DAG(s) dict_keys(['pipeline_ingestion_suivi']) retrieved from /opt/airflow/dags/dag_suivi.py
[2026-08-05T11:10:51.867+0000] {logging_mixin.py:151} INFO - [2026-08-05T11:10:51.867+0000] {dag.py:2941} INFO - Sync 1 DAGs
[2026-08-05T11:10:51.897+0000] {logging_mixin.py:151} INFO - [2026-08-05T11:10:51.897+0000] {dag.py:3722} INFO - Setting next_dagrun for pipeline_ingestion_suivi to 2026-08-05T10:00:00+00:00, run_after=2026-08-05T11:00:00+00:00
[2026-08-05T11:10:51.922+0000] {processor.py:179} INFO - Processing /opt/airflow/dags/dag_suivi.py took 0.133 seconds
[2026-08-05T11:11:22.037+0000] {processor.py:157} INFO - Started process (PID=459) to work on /opt/airflow/dags/dag_suivi.py
[2026-08-05T11:11:22.038+0000] {processor.py:829} INFO - Processing file /opt/airflow/dags/dag_suivi.py for tasks to queue
[2026-08-05T11:11:22.038+0000] {logging_mixin.py:151} INFO - [2026-08-05T11:11:22.038+0000] {dagbag.py:536} INFO - Filling up the DagBag from /opt/airflow/dags/dag_suivi.py
[2026-08-05T11:11:22.055+0000] {processor.py:839} INFO - DAG(s) dict_keys(['pipeline_ingestion_suivi']) retrieved from /opt/airflow/dags/dag_suivi.py
[2026-08-05T11:11:22.080+0000] {logging_mixin.py:151} INFO - [2026-08-05T11:11:22.080+0000] {dag.py:2941} INFO - Sync 1 DAGs
[2026-08-05T11:11:22.099+0000] {logging_mixin.py:151} INFO - [2026-08-05T11:11:22.099+0000] {dag.py:3722} INFO - Setting next_dagrun for pipeline_ingestion_suivi to 2026-08-05T10:00:00+00:00, run_after=2026-08-05T11:00:00+00:00
[2026-08-05T11:11:22.127+0000] {processor.py:179} INFO - Processing /opt/airflow/dags/dag_suivi.py took 0.092 seconds
[2026-08-05T11:11:52.357+0000] {processor.py:157} INFO - Started process (PID=464) to work on /opt/airflow/dags/dag_suivi.py
[2026-08-05T11:11:52.358+0000] {processor.py:829} INFO - Processing file /opt/airflow/dags/dag_suivi.py for tasks to queue
[2026-08-05T11:11:52.358+0000] {logging_mixin.py:151} INFO - [2026-08-05T11:11:52.358+0000] {dagbag.py:536} INFO - Filling up the DagBag from /opt/airflow/dags/dag_suivi.py
[2026-08-05T11:11:52.375+0000] {processor.py:839} INFO - DAG(s) dict_keys(['pipeline_ingestion_suivi']) retrieved from /opt/airflow/dags/dag_suivi.py
[2026-08-05T11:11:52.398+0000] {logging_mixin.py:151} INFO - [2026-08-05T11:11:52.398+0000] {dag.py:2941} INFO - Sync 1 DAGs
[2026-08-05T11:11:52.416+0000] {logging_mixin.py:151} INFO - [2026-08-05T11:11:52.416+0000] {dag.py:3722} INFO - Setting next_dagrun for pipeline_ingestion_suivi to 2026-08-05T10:00:00+00:00, run_after=2026-08-05T11:00:00+00:00
[2026-08-05T11:11:52.444+0000] {processor.py:179} INFO - Processing /opt/airflow/dags/dag_suivi.py took 0.089 seconds
[2026-08-05T11:12:22.666+0000] {processor.py:157} INFO - Started process (PID=469) to work on /opt/airflow/dags/dag_suivi.py
[2026-08-05T11:12:22.667+0000] {processor.py:829} INFO - Processing file /opt/airflow/dags/dag_suivi.py for tasks to queue
[2026-08-05T11:12:22.668+0000] {logging_mixin.py:151} INFO - [2026-08-05T11:12:22.668+0000] {dagbag.py:536} INFO - Filling up the DagBag from /opt/airflow/dags/dag_suivi.py
[2026-08-05T11:12:22.686+0000] {processor.py:839} INFO - DAG(s) dict_keys(['pipeline_ingestion_suivi']) retrieved from /opt/airflow/dags/dag_suivi.py
[2026-08-05T11:12:22.709+0000] {logging_mixin.py:151} INFO - [2026-08-05T11:12:22.709+0000] {dag.py:2941} INFO - Sync 1 DAGs
[2026-08-05T11:12:22.727+0000] {logging_mixin.py:151} INFO - [2026-08-05T11:12:22.727+0000] {dag.py:3722} INFO - Setting next_dagrun for pipeline_ingestion_suivi to 2026-08-05T10:00:00+00:00, run_after=2026-08-05T11:00:00+00:00
[2026-08-05T11:12:22.745+0000] {processor.py:179} INFO - Processing /opt/airflow/dags/dag_suivi.py took 0.082 seconds
[2026-08-05T11:12:52.921+0000] {processor.py:157} INFO - Started process (PID=474) to work on /opt/airflow/dags/dag_suivi.py
[2026-08-05T11:12:52.922+0000] {processor.py:829} INFO - Processing file /opt/airflow/dags/dag_suivi.py for tasks to queue
[2026-08-05T11:12:52.923+0000] {logging_mixin.py:151} INFO - [2026-08-05T11:12:52.922+0000] {dagbag.py:536} INFO - Filling up the DagBag from /opt/airflow/dags/dag_suivi.py
[2026-08-05T11:12:52.939+0000] {processor.py:839} INFO - DAG(s) dict_keys(['pipeline_ingestion_suivi']) retrieved from /opt/airflow/dags/dag_suivi.py
[2026-08-05T11:12:52.965+0000] {logging_mixin.py:151} INFO - [2026-08-05T11:12:52.964+0000] {dag.py:2941} INFO - Sync 1 DAGs
[2026-08-05T11:12:52.982+0000] {logging_mixin.py:151} INFO - [2026-08-05T11:12:52.982+0000] {dag.py:3722} INFO - Setting next_dagrun for pipeline_ingestion_suivi to 2026-08-05T10:00:00+00:00, run_after=2026-08-05T11:00:00+00:00
[2026-08-05T11:12:53.009+0000] {processor.py:179} INFO - Processing /opt/airflow/dags/dag_suivi.py took 0.091 seconds
[2026-08-05T11:13:23.212+0000] {processor.py:157} INFO - Started process (PID=479) to work on /opt/airflow/dags/dag_suivi.py
[2026-08-05T11:13:23.213+0000] {processor.py:829} INFO - Processing file /opt/airflow/dags/dag_suivi.py for tasks to queue
[2026-08-05T11:13:23.213+0000] {logging_mixin.py:151} INFO - [2026-08-05T11:13:23.213+0000] {dagbag.py:536} INFO - Filling up the DagBag from /opt/airflow/dags/dag_suivi.py
[2026-08-05T11:13:23.230+0000] {processor.py:839} INFO - DAG(s) dict_keys(['pipeline_ingestion_suivi']) retrieved from /opt/airflow/dags/dag_suivi.py
[2026-08-05T11:13:23.254+0000] {logging_mixin.py:151} INFO - [2026-08-05T11:13:23.253+0000] {dag.py:2941} INFO - Sync 1 DAGs
[2026-08-05T11:13:23.270+0000] {logging_mixin.py:151} INFO - [2026-08-05T11:13:23.270+0000] {dag.py:3722} INFO - Setting next_dagrun for pipeline_ingestion_suivi to 2026-08-05T10:00:00+00:00, run_after=2026-08-05T11:00:00+00:00
[2026-08-05T11:13:23.288+0000] {processor.py:179} INFO - Processing /opt/airflow/dags/dag_suivi.py took 0.079 seconds
[2026-08-05T11:13:53.481+0000] {processor.py:157} INFO - Started process (PID=484) to work on /opt/airflow/dags/dag_suivi.py
[2026-08-05T11:13:53.482+0000] {processor.py:829} INFO - Processing file /opt/airflow/dags/dag_suivi.py for tasks to queue
[2026-08-05T11:13:53.482+0000] {logging_mixin.py:151} INFO - [2026-08-05T11:13:53.482+0000] {dagbag.py:536} INFO - Filling up the DagBag from /opt/airflow/dags/dag_suivi.py
[2026-08-05T11:13:53.498+0000] {processor.py:839} INFO - DAG(s) dict_keys(['pipeline_ingestion_suivi']) retrieved from /opt/airflow/dags/dag_suivi.py
[2026-08-05T11:13:53.522+0000] {logging_mixin.py:151} INFO - [2026-08-05T11:13:53.522+0000] {dag.py:2941} INFO - Sync 1 DAGs
[2026-08-05T11:13:53.539+0000] {logging_mixin.py:151} INFO - [2026-08-05T11:13:53.539+0000] {dag.py:3722} INFO - Setting next_dagrun for pipeline_ingestion_suivi to 2026-08-05T10:00:00+00:00, run_after=2026-08-05T11:00:00+00:00
[2026-08-05T11:13:53.572+0000] {processor.py:179} INFO - Processing /opt/airflow/dags/dag_suivi.py took 0.094 seconds
[2026-08-05T11:14:23.792+0000] {processor.py:157} INFO - Started process (PID=489) to work on /opt/airflow/dags/dag_suivi.py
[2026-08-05T11:14:23.793+0000] {processor.py:829} INFO - Processing file /opt/airflow/dags/dag_suivi.py for tasks to queue
[2026-08-05T11:14:23.795+0000] {logging_mixin.py:151} INFO - [2026-08-05T11:14:23.794+0000] {dagbag.py:536} INFO - Filling up the DagBag from /opt/airflow/dags/dag_suivi.py
[2026-08-05T11:14:23.821+0000] {processor.py:839} INFO - DAG(s) dict_keys(['pipeline_ingestion_suivi']) retrieved from /opt/airflow/dags/dag_suivi.py
[2026-08-05T11:14:23.847+0000] {logging_mixin.py:151} INFO - [2026-08-05T11:14:23.847+0000] {dag.py:2941} INFO - Sync 1 DAGs
[2026-08-05T11:14:23.867+0000] {logging_mixin.py:151} INFO - [2026-08-05T11:14:23.867+0000] {dag.py:3722} INFO - Setting next_dagrun for pipeline_ingestion_suivi to 2026-08-05T10:00:00+00:00, run_after=2026-08-05T11:00:00+00:00
[2026-08-05T11:14:23.898+0000] {processor.py:179} INFO - Processing /opt/airflow/dags/dag_suivi.py took 0.109 seconds
[2026-08-05T11:14:54.072+0000] {processor.py:157} INFO - Started process (PID=494) to work on /opt/airflow/dags/dag_suivi.py
[2026-08-05T11:14:54.073+0000] {processor.py:829} INFO - Processing file /opt/airflow/dags/dag_suivi.py for tasks to queue
[2026-08-05T11:14:54.073+0000] {logging_mixin.py:151} INFO - [2026-08-05T11:14:54.073+0000] {dagbag.py:536} INFO - Filling up the DagBag from /opt/airflow/dags/dag_suivi.py
[2026-08-05T11:14:54.092+0000] {processor.py:839} INFO - DAG(s) dict_keys(['pipeline_ingestion_suivi']) retrieved from /opt/airflow/dags/dag_suivi.py
[2026-08-05T11:14:54.115+0000] {logging_mixin.py:151} INFO - [2026-08-05T11:14:54.115+0000] {dag.py:2941} INFO - Sync 1 DAGs
[2026-08-05T11:14:54.141+0000] {logging_mixin.py:151} INFO - [2026-08-05T11:14:54.141+0000] {dag.py:3722} INFO - Setting next_dagrun for pipeline_ingestion_suivi to 2026-08-05T10:00:00+00:00, run_after=2026-08-05T11:00:00+00:00
[2026-08-05T11:14:54.168+0000] {processor.py:179} INFO - Processing /opt/airflow/dags/dag_suivi.py took 0.099 seconds
[2026-08-05T11:15:24.374+0000] {processor.py:157} INFO - Started process (PID=499) to work on /opt/airflow/dags/dag_suivi.py
[2026-08-05T11:15:24.375+0000] {processor.py:829} INFO - Processing file /opt/airflow/dags/dag_suivi.py for tasks to queue
[2026-08-05T11:15:24.376+0000] {logging_mixin.py:151} INFO - [2026-08-05T11:15:24.375+0000] {dagbag.py:536} INFO - Filling up the DagBag from /opt/airflow/dags/dag_suivi.py
[2026-08-05T11:15:24.395+0000] {processor.py:839} INFO - DAG(s) dict_keys(['pipeline_ingestion_suivi']) retrieved from /opt/airflow/dags/dag_suivi.py
[2026-08-05T11:15:24.419+0000] {logging_mixin.py:151} INFO - [2026-08-05T11:15:24.419+0000] {dag.py:2941} INFO - Sync 1 DAGs
[2026-08-05T11:15:24.437+0000] {logging_mixin.py:151} INFO - [2026-08-05T11:15:24.437+0000] {dag.py:3722} INFO - Setting next_dagrun for pipeline_ingestion_suivi to 2026-08-05T10:00:00+00:00, run_after=2026-08-05T11:00:00+00:00
[2026-08-05T11:15:24.465+0000] {processor.py:179} INFO - Processing /opt/airflow/dags/dag_suivi.py took 0.093 seconds
[2026-08-05T11:15:54.646+0000] {processor.py:157} INFO - Started process (PID=504) to work on /opt/airflow/dags/dag_suivi.py
[2026-08-05T11:15:54.647+0000] {processor.py:829} INFO - Processing file /opt/airflow/dags/dag_suivi.py for tasks to queue
[2026-08-05T11:15:54.648+0000] {logging_mixin.py:151} INFO - [2026-08-05T11:15:54.647+0000] {dagbag.py:536} INFO - Filling up the DagBag from /opt/airflow/dags/dag_suivi.py
[2026-08-05T11:15:54.667+0000] {processor.py:839} INFO - DAG(s) dict_keys(['pipeline_ingestion_suivi']) retrieved from /opt/airflow/dags/dag_suivi.py
[2026-08-05T11:15:54.694+0000] {logging_mixin.py:151} INFO - [2026-08-05T11:15:54.694+0000] {dag.py:2941} INFO - Sync 1 DAGs
[2026-08-05T11:15:54.713+0000] {logging_mixin.py:151} INFO - [2026-08-05T11:15:54.713+0000] {dag.py:3722} INFO - Setting next_dagrun for pipeline_ingestion_suivi to 2026-08-05T10:00:00+00:00, run_after=2026-08-05T11:00:00+00:00
[2026-08-05T11:15:54.739+0000] {processor.py:179} INFO - Processing /opt/airflow/dags/dag_suivi.py took 0.096 seconds
[2026-08-05T11:16:24.928+0000] {processor.py:157} INFO - Started process (PID=509) to work on /opt/airflow/dags/dag_suivi.py
[2026-08-05T11:16:24.928+0000] {processor.py:829} INFO - Processing file /opt/airflow/dags/dag_suivi.py for tasks to queue
[2026-08-05T11:16:24.929+0000] {logging_mixin.py:151} INFO - [2026-08-05T11:16:24.929+0000] {dagbag.py:536} INFO - Filling up the DagBag from /opt/airflow/dags/dag_suivi.py
[2026-08-05T11:16:24.946+0000] {processor.py:839} INFO - DAG(s) dict_keys(['pipeline_ingestion_suivi']) retrieved from /opt/airflow/dags/dag_suivi.py
[2026-08-05T11:16:24.969+0000] {logging_mixin.py:151} INFO - [2026-08-05T11:16:24.969+0000] {dag.py:2941} INFO - Sync 1 DAGs
[2026-08-05T11:16:24.988+0000] {logging_mixin.py:151} INFO - [2026-08-05T11:16:24.988+0000] {dag.py:3722} INFO - Setting next_dagrun for pipeline_ingestion_suivi to 2026-08-05T10:00:00+00:00, run_after=2026-08-05T11:00:00+00:00
[2026-08-05T11:16:25.014+0000] {processor.py:179} INFO - Processing /opt/airflow/dags/dag_suivi.py took 0.089 seconds
[2026-08-05T11:16:55.200+0000] {processor.py:157} INFO - Started process (PID=514) to work on /opt/airflow/dags/dag_suivi.py
[2026-08-05T11:16:55.201+0000] {processor.py:829} INFO - Processing file /opt/airflow/dags/dag_suivi.py for tasks to queue
[2026-08-05T11:16:55.203+0000] {logging_mixin.py:151} INFO - [2026-08-05T11:16:55.201+0000] {dagbag.py:536} INFO - Filling up the DagBag from /opt/airflow/dags/dag_suivi.py
[2026-08-05T11:16:55.222+0000] {processor.py:839} INFO - DAG(s) dict_keys(['pipeline_ingestion_suivi']) retrieved from /opt/airflow/dags/dag_suivi.py
[2026-08-05T11:16:55.255+0000] {logging_mixin.py:151} INFO - [2026-08-05T11:16:55.255+0000] {dag.py:2941} INFO - Sync 1 DAGs
[2026-08-05T11:16:55.275+0000] {logging_mixin.py:151} INFO - [2026-08-05T11:16:55.274+0000] {dag.py:3722} INFO - Setting next_dagrun for pipeline_ingestion_suivi to 2026-08-05T10:00:00+00:00, run_after=2026-08-05T11:00:00+00:00
[2026-08-05T11:16:55.292+0000] {processor.py:179} INFO - Processing /opt/airflow/dags/dag_suivi.py took 0.095 seconds
[2026-08-05T11:17:25.508+0000] {processor.py:157} INFO - Started process (PID=519) to work on /opt/airflow/dags/dag_suivi.py
[2026-08-05T11:17:25.509+0000] {processor.py:829} INFO - Processing file /opt/airflow/dags/dag_suivi.py for tasks to queue
[2026-08-05T11:17:25.511+0000] {logging_mixin.py:151} INFO - [2026-08-05T11:17:25.511+0000] {dagbag.py:536} INFO - Filling up the DagBag from /opt/airflow/dags/dag_suivi.py
[2026-08-05T11:17:25.533+0000] {processor.py:839} INFO - DAG(s) dict_keys(['pipeline_ingestion_suivi']) retrieved from /opt/airflow/dags/dag_suivi.py
[2026-08-05T11:17:25.557+0000] {logging_mixin.py:151} INFO - [2026-08-05T11:17:25.557+0000] {dag.py:2941} INFO - Sync 1 DAGs
[2026-08-05T11:17:25.577+0000] {logging_mixin.py:151} INFO - [2026-08-05T11:17:25.577+0000] {dag.py:3722} INFO - Setting next_dagrun for pipeline_ingestion_suivi to 2026-08-05T10:00:00+00:00, run_after=2026-08-05T11:00:00+00:00
[2026-08-05T11:17:25.597+0000] {processor.py:179} INFO - Processing /opt/airflow/dags/dag_suivi.py took 0.091 seconds
[2026-08-05T11:17:55.769+0000] {processor.py:157} INFO - Started process (PID=524) to work on /opt/airflow/dags/dag_suivi.py
[2026-08-05T11:17:55.770+0000] {processor.py:829} INFO - Processing file /opt/airflow/dags/dag_suivi.py for tasks to queue
[2026-08-05T11:17:55.771+0000] {logging_mixin.py:151} INFO - [2026-08-05T11:17:55.771+0000] {dagbag.py:536} INFO - Filling up the DagBag from /opt/airflow/dags/dag_suivi.py
[2026-08-05T11:17:55.793+0000] {processor.py:839} INFO - DAG(s) dict_keys(['pipeline_ingestion_suivi']) retrieved from /opt/airflow/dags/dag_suivi.py
[2026-08-05T11:17:55.819+0000] {logging_mixin.py:151} INFO - [2026-08-05T11:17:55.819+0000] {dag.py:2941} INFO - Sync 1 DAGs
[2026-08-05T11:17:55.839+0000] {logging_mixin.py:151} INFO - [2026-08-05T11:17:55.839+0000] {dag.py:3722} INFO - Setting next_dagrun for pipeline_ingestion_suivi to 2026-08-05T10:00:00+00:00, run_after=2026-08-05T11:00:00+00:00
[2026-08-05T11:17:55.868+0000] {processor.py:179} INFO - Processing /opt/airflow/dags/dag_suivi.py took 0.102 seconds
[2026-08-05T11:18:26.090+0000] {processor.py:157} INFO - Started process (PID=529) to work on /opt/airflow/dags/dag_suivi.py
[2026-08-05T11:18:26.090+0000] {processor.py:829} INFO - Processing file /opt/airflow/dags/dag_suivi.py for tasks to queue
[2026-08-05T11:18:26.091+0000] {logging_mixin.py:151} INFO - [2026-08-05T11:18:26.091+0000] {dagbag.py:536} INFO - Filling up the DagBag from /opt/airflow/dags/dag_suivi.py
[2026-08-05T11:18:26.109+0000] {processor.py:839} INFO - DAG(s) dict_keys(['pipeline_ingestion_suivi']) retrieved from /opt/airflow/dags/dag_suivi.py
[2026-08-05T11:18:26.132+0000] {logging_mixin.py:151} INFO - [2026-08-05T11:18:26.132+0000] {dag.py:2941} INFO - Sync 1 DAGs
[2026-08-05T11:18:26.151+0000] {logging_mixin.py:151} INFO - [2026-08-05T11:18:26.151+0000] {dag.py:3722} INFO - Setting next_dagrun for pipeline_ingestion_suivi to 2026-08-05T10:00:00+00:00, run_after=2026-08-05T11:00:00+00:00
[2026-08-05T11:18:26.173+0000] {processor.py:179} INFO - Processing /opt/airflow/dags/dag_suivi.py took 0.086 seconds
[2026-08-05T11:18:56.330+0000] {processor.py:157} INFO - Started process (PID=534) to work on /opt/airflow/dags/dag_suivi.py
[2026-08-05T11:18:56.331+0000] {processor.py:829} INFO - Processing file /opt/airflow/dags/dag_suivi.py for tasks to queue
[2026-08-05T11:18:56.332+0000] {logging_mixin.py:151} INFO - [2026-08-05T11:18:56.332+0000] {dagbag.py:536} INFO - Filling up the DagBag from /opt/airflow/dags/dag_suivi.py
[2026-08-05T11:18:56.350+0000] {processor.py:839} INFO - DAG(s) dict_keys(['pipeline_ingestion_suivi']) retrieved from /opt/airflow/dags/dag_suivi.py
[2026-08-05T11:18:56.374+0000] {logging_mixin.py:151} INFO - [2026-08-05T11:18:56.374+0000] {dag.py:2941} INFO - Sync 1 DAGs
[2026-08-05T11:18:56.391+0000] {logging_mixin.py:151} INFO - [2026-08-05T11:18:56.391+0000] {dag.py:3722} INFO - Setting next_dagrun for pipeline_ingestion_suivi to 2026-08-05T10:00:00+00:00, run_after=2026-08-05T11:00:00+00:00
[2026-08-05T11:18:56.419+0000] {processor.py:179} INFO - Processing /opt/airflow/dags/dag_suivi.py took 0.091 seconds
[2026-08-05T11:19:26.631+0000] {processor.py:157} INFO - Started process (PID=539) to work on /opt/airflow/dags/dag_suivi.py
[2026-08-05T11:19:26.632+0000] {processor.py:829} INFO - Processing file /opt/airflow/dags/dag_suivi.py for tasks to queue
[2026-08-05T11:19:26.633+0000] {logging_mixin.py:151} INFO - [2026-08-05T11:19:26.633+0000] {dagbag.py:536} INFO - Filling up the DagBag from /opt/airflow/dags/dag_suivi.py
[2026-08-05T11:19:26.654+0000] {processor.py:839} INFO - DAG(s) dict_keys(['pipeline_ingestion_suivi']) retrieved from /opt/airflow/dags/dag_suivi.py
[2026-08-05T11:19:26.676+0000] {logging_mixin.py:151} INFO - [2026-08-05T11:19:26.676+0000] {dag.py:2941} INFO - Sync 1 DAGs
[2026-08-05T11:19:26.694+0000] {logging_mixin.py:151} INFO - [2026-08-05T11:19:26.694+0000] {dag.py:3722} INFO - Setting next_dagrun for pipeline_ingestion_suivi to 2026-08-05T10:00:00+00:00, run_after=2026-08-05T11:00:00+00:00
[2026-08-05T11:19:26.712+0000] {processor.py:179} INFO - Processing /opt/airflow/dags/dag_suivi.py took 0.083 seconds
[2026-08-05T11:19:56.883+0000] {processor.py:157} INFO - Started process (PID=544) to work on /opt/airflow/dags/dag_suivi.py
[2026-08-05T11:19:56.884+0000] {processor.py:829} INFO - Processing file /opt/airflow/dags/dag_suivi.py for tasks to queue
[2026-08-05T11:19:56.885+0000] {logging_mixin.py:151} INFO - [2026-08-05T11:19:56.884+0000] {dagbag.py:536} INFO - Filling up the DagBag from /opt/airflow/dags/dag_suivi.py
[2026-08-05T11:19:56.906+0000] {processor.py:839} INFO - DAG(s) dict_keys(['pipeline_ingestion_suivi']) retrieved from /opt/airflow/dags/dag_suivi.py
[2026-08-05T11:19:56.931+0000] {logging_mixin.py:151} INFO - [2026-08-05T11:19:56.930+0000] {dag.py:2941} INFO - Sync 1 DAGs
[2026-08-05T11:19:56.953+0000] {logging_mixin.py:151} INFO - [2026-08-05T11:19:56.953+0000] {dag.py:3722} INFO - Setting next_dagrun for pipeline_ingestion_suivi to 2026-08-05T10:00:00+00:00, run_after=2026-08-05T11:00:00+00:00
[2026-08-05T11:19:56.979+0000] {processor.py:179} INFO - Processing /opt/airflow/dags/dag_suivi.py took 0.098 seconds
[2026-08-05T11:20:27.161+0000] {processor.py:157} INFO - Started process (PID=549) to work on /opt/airflow/dags/dag_suivi.py
[2026-08-05T11:20:27.162+0000] {processor.py:829} INFO - Processing file /opt/airflow/dags/dag_suivi.py for tasks to queue
[2026-08-05T11:20:27.162+0000] {logging_mixin.py:151} INFO - [2026-08-05T11:20:27.162+0000] {dagbag.py:536} INFO - Filling up the DagBag from /opt/airflow/dags/dag_suivi.py
[2026-08-05T11:20:27.183+0000] {processor.py:839} INFO - DAG(s) dict_keys(['pipeline_ingestion_suivi']) retrieved from /opt/airflow/dags/dag_suivi.py
[2026-08-05T11:20:27.208+0000] {logging_mixin.py:151} INFO - [2026-08-05T11:20:27.208+0000] {dag.py:2941} INFO - Sync 1 DAGs
[2026-08-05T11:20:27.225+0000] {logging_mixin.py:151} INFO - [2026-08-05T11:20:27.224+0000] {dag.py:3722} INFO - Setting next_dagrun for pipeline_ingestion_suivi to 2026-08-05T10:00:00+00:00, run_after=2026-08-05T11:00:00+00:00
[2026-08-05T11:20:27.251+0000] {processor.py:179} INFO - Processing /opt/airflow/dags/dag_suivi.py took 0.093 seconds
[2026-08-05T11:20:57.427+0000] {processor.py:157} INFO - Started process (PID=554) to work on /opt/airflow/dags/dag_suivi.py
[2026-08-05T11:20:57.428+0000] {processor.py:829} INFO - Processing file /opt/airflow/dags/dag_suivi.py for tasks to queue
[2026-08-05T11:20:57.428+0000] {logging_mixin.py:151} INFO - [2026-08-05T11:20:57.428+0000] {dagbag.py:536} INFO - Filling up the DagBag from /opt/airflow/dags/dag_suivi.py
[2026-08-05T11:20:57.445+0000] {processor.py:839} INFO - DAG(s) dict_keys(['pipeline_ingestion_suivi']) retrieved from /opt/airflow/dags/dag_suivi.py
[2026-08-05T11:20:57.469+0000] {logging_mixin.py:151} INFO - [2026-08-05T11:20:57.469+0000] {dag.py:2941} INFO - Sync 1 DAGs
[2026-08-05T11:20:57.486+0000] {logging_mixin.py:151} INFO - [2026-08-05T11:20:57.486+0000] {dag.py:3722} INFO - Setting next_dagrun for pipeline_ingestion_suivi to 2026-08-05T10:00:00+00:00, run_after=2026-08-05T11:00:00+00:00
[2026-08-05T11:20:57.513+0000] {processor.py:179} INFO - Processing /opt/airflow/dags/dag_suivi.py took 0.088 seconds
[2026-08-05T11:21:27.719+0000] {processor.py:157} INFO - Started process (PID=559) to work on /opt/airflow/dags/dag_suivi.py
[2026-08-05T11:21:27.720+0000] {processor.py:829} INFO - Processing file /opt/airflow/dags/dag_suivi.py for tasks to queue
[2026-08-05T11:21:27.721+0000] {logging_mixin.py:151} INFO - [2026-08-05T11:21:27.721+0000] {dagbag.py:536} INFO - Filling up the DagBag from /opt/airflow/dags/dag_suivi.py
[2026-08-05T11:21:27.742+0000] {processor.py:839} INFO - DAG(s) dict_keys(['pipeline_ingestion_suivi']) retrieved from /opt/airflow/dags/dag_suivi.py
[2026-08-05T11:21:27.768+0000] {logging_mixin.py:151} INFO - [2026-08-05T11:21:27.767+0000] {dag.py:2941} INFO - Sync 1 DAGs
[2026-08-05T11:21:27.786+0000] {logging_mixin.py:151} INFO - [2026-08-05T11:21:27.786+0000] {dag.py:3722} INFO - Setting next_dagrun for pipeline_ingestion_suivi to 2026-08-05T10:00:00+00:00, run_after=2026-08-05T11:00:00+00:00
[2026-08-05T11:21:27.803+0000] {processor.py:179} INFO - Processing /opt/airflow/dags/dag_suivi.py took 0.088 seconds
[2026-08-05T11:21:57.961+0000] {processor.py:157} INFO - Started process (PID=564) to work on /opt/airflow/dags/dag_suivi.py
[2026-08-05T11:21:57.962+0000] {processor.py:829} INFO - Processing file /opt/airflow/dags/dag_suivi.py for tasks to queue
[2026-08-05T11:21:57.964+0000] {logging_mixin.py:151} INFO - [2026-08-05T11:21:57.964+0000] {dagbag.py:536} INFO - Filling up the DagBag from /opt/airflow/dags/dag_suivi.py
[2026-08-05T11:21:57.982+0000] {processor.py:839} INFO - DAG(s) dict_keys(['pipeline_ingestion_suivi']) retrieved from /opt/airflow/dags/dag_suivi.py
[2026-08-05T11:21:58.007+0000] {logging_mixin.py:151} INFO - [2026-08-05T11:21:58.007+0000] {dag.py:2941} INFO - Sync 1 DAGs
[2026-08-05T11:21:58.025+0000] {logging_mixin.py:151} INFO - [2026-08-05T11:21:58.025+0000] {dag.py:3722} INFO - Setting next_dagrun for pipeline_ingestion_suivi to 2026-08-05T10:00:00+00:00, run_after=2026-08-05T11:00:00+00:00
[2026-08-05T11:21:58.044+0000] {processor.py:179} INFO - Processing /opt/airflow/dags/dag_suivi.py took 0.085 seconds
[2026-08-05T11:22:28.230+0000] {processor.py:157} INFO - Started process (PID=569) to work on /opt/airflow/dags/dag_suivi.py
[2026-08-05T11:22:28.231+0000] {processor.py:829} INFO - Processing file /opt/airflow/dags/dag_suivi.py for tasks to queue
[2026-08-05T11:22:28.232+0000] {logging_mixin.py:151} INFO - [2026-08-05T11:22:28.231+0000] {dagbag.py:536} INFO - Filling up the DagBag from /opt/airflow/dags/dag_suivi.py
[2026-08-05T11:22:28.252+0000] {processor.py:839} INFO - DAG(s) dict_keys(['pipeline_ingestion_suivi']) retrieved from /opt/airflow/dags/dag_suivi.py
[2026-08-05T11:22:28.277+0000] {logging_mixin.py:151} INFO - [2026-08-05T11:22:28.277+0000] {dag.py:2941} INFO - Sync 1 DAGs
[2026-08-05T11:22:28.299+0000] {logging_mixin.py:151} INFO - [2026-08-05T11:22:28.299+0000] {dag.py:3722} INFO - Setting next_dagrun for pipeline_ingestion_suivi to 2026-08-05T10:00:00+00:00, run_after=2026-08-05T11:00:00+00:00
[2026-08-05T11:22:28.329+0000] {processor.py:179} INFO - Processing /opt/airflow/dags/dag_suivi.py took 0.101 seconds
[2026-08-05T11:22:58.459+0000] {processor.py:157} INFO - Started process (PID=574) to work on /opt/airflow/dags/dag_suivi.py
[2026-08-05T11:22:58.460+0000] {processor.py:829} INFO - Processing file /opt/airflow/dags/dag_suivi.py for tasks to queue
[2026-08-05T11:22:58.460+0000] {logging_mixin.py:151} INFO - [2026-08-05T11:22:58.460+0000] {dagbag.py:536} INFO - Filling up the DagBag from /opt/airflow/dags/dag_suivi.py
[2026-08-05T11:22:58.481+0000] {processor.py:839} INFO - DAG(s) dict_keys(['pipeline_ingestion_suivi']) retrieved from /opt/airflow/dags/dag_suivi.py
[2026-08-05T11:22:58.506+0000] {logging_mixin.py:151} INFO - [2026-08-05T11:22:58.505+0000] {dag.py:2941} INFO - Sync 1 DAGs
[2026-08-05T11:22:58.524+0000] {logging_mixin.py:151} INFO - [2026-08-05T11:22:58.524+0000] {dag.py:3722} INFO - Setting next_dagrun for pipeline_ingestion_suivi to 2026-08-05T10:00:00+00:00, run_after=2026-08-05T11:00:00+00:00
[2026-08-05T11:22:58.550+0000] {processor.py:179} INFO - Processing /opt/airflow/dags/dag_suivi.py took 0.094 seconds
[2026-08-05T11:23:28.769+0000] {processor.py:157} INFO - Started process (PID=579) to work on /opt/airflow/dags/dag_suivi.py
[2026-08-05T11:23:28.769+0000] {processor.py:829} INFO - Processing file /opt/airflow/dags/dag_suivi.py for tasks to queue
[2026-08-05T11:23:28.770+0000] {logging_mixin.py:151} INFO - [2026-08-05T11:23:28.770+0000] {dagbag.py:536} INFO - Filling up the DagBag from /opt/airflow/dags/dag_suivi.py
[2026-08-05T11:23:28.788+0000] {processor.py:839} INFO - DAG(s) dict_keys(['pipeline_ingestion_suivi']) retrieved from /opt/airflow/dags/dag_suivi.py
[2026-08-05T11:23:28.812+0000] {logging_mixin.py:151} INFO - [2026-08-05T11:23:28.812+0000] {dag.py:2941} INFO - Sync 1 DAGs
[2026-08-05T11:23:28.828+0000] {logging_mixin.py:151} INFO - [2026-08-05T11:23:28.828+0000] {dag.py:3722} INFO - Setting next_dagrun for pipeline_ingestion_suivi to 2026-08-05T10:00:00+00:00, run_after=2026-08-05T11:00:00+00:00
[2026-08-05T11:23:28.855+0000] {processor.py:179} INFO - Processing /opt/airflow/dags/dag_suivi.py took 0.089 seconds
[2026-08-05T11:23:59.032+0000] {processor.py:157} INFO - Started process (PID=584) to work on /opt/airflow/dags/dag_suivi.py
[2026-08-05T11:23:59.033+0000] {processor.py:829} INFO - Processing file /opt/airflow/dags/dag_suivi.py for tasks to queue
[2026-08-05T11:23:59.034+0000] {logging_mixin.py:151} INFO - [2026-08-05T11:23:59.033+0000] {dagbag.py:536} INFO - Filling up the DagBag from /opt/airflow/dags/dag_suivi.py
[2026-08-05T11:23:59.052+0000] {processor.py:839} INFO - DAG(s) dict_keys(['pipeline_ingestion_suivi']) retrieved from /opt/airflow/dags/dag_suivi.py
[2026-08-05T11:23:59.076+0000] {logging_mixin.py:151} INFO - [2026-08-05T11:23:59.076+0000] {dag.py:2941} INFO - Sync 1 DAGs
[2026-08-05T11:23:59.093+0000] {logging_mixin.py:151} INFO - [2026-08-05T11:23:59.093+0000] {dag.py:3722} INFO - Setting next_dagrun for pipeline_ingestion_suivi to 2026-08-05T10:00:00+00:00, run_after=2026-08-05T11:00:00+00:00
[2026-08-05T11:23:59.121+0000] {processor.py:179} INFO - Processing /opt/airflow/dags/dag_suivi.py took 0.092 seconds
[2026-08-05T11:24:29.306+0000] {processor.py:157} INFO - Started process (PID=589) to work on /opt/airflow/dags/dag_suivi.py
[2026-08-05T11:24:29.306+0000] {processor.py:829} INFO - Processing file /opt/airflow/dags/dag_suivi.py for tasks to queue
[2026-08-05T11:24:29.307+0000] {logging_mixin.py:151} INFO - [2026-08-05T11:24:29.307+0000] {dagbag.py:536} INFO - Filling up the DagBag from /opt/airflow/dags/dag_suivi.py
[2026-08-05T11:24:29.325+0000] {processor.py:839} INFO - DAG(s) dict_keys(['pipeline_ingestion_suivi']) retrieved from /opt/airflow/dags/dag_suivi.py
[2026-08-05T11:24:29.347+0000] {logging_mixin.py:151} INFO - [2026-08-05T11:24:29.347+0000] {dag.py:2941} INFO - Sync 1 DAGs
[2026-08-05T11:24:29.364+0000] {logging_mixin.py:151} INFO - [2026-08-05T11:24:29.364+0000] {dag.py:3722} INFO - Setting next_dagrun for pipeline_ingestion_suivi to 2026-08-05T10:00:00+00:00, run_after=2026-08-05T11:00:00+00:00
[2026-08-05T11:24:29.381+0000] {processor.py:179} INFO - Processing /opt/airflow/dags/dag_suivi.py took 0.078 seconds
[2026-08-05T11:24:59.570+0000] {processor.py:157} INFO - Started process (PID=594) to work on /opt/airflow/dags/dag_suivi.py
[2026-08-05T11:24:59.570+0000] {processor.py:829} INFO - Processing file /opt/airflow/dags/dag_suivi.py for tasks to queue
[2026-08-05T11:24:59.571+0000] {logging_mixin.py:151} INFO - [2026-08-05T11:24:59.571+0000] {dagbag.py:536} INFO - Filling up the DagBag from /opt/airflow/dags/dag_suivi.py
[2026-08-05T11:24:59.591+0000] {processor.py:839} INFO - DAG(s) dict_keys(['pipeline_ingestion_suivi']) retrieved from /opt/airflow/dags/dag_suivi.py
[2026-08-05T11:24:59.619+0000] {logging_mixin.py:151} INFO - [2026-08-05T11:24:59.619+0000] {dag.py:2941} INFO - Sync 1 DAGs
[2026-08-05T11:24:59.639+0000] {logging_mixin.py:151} INFO - [2026-08-05T11:24:59.639+0000] {dag.py:3722} INFO - Setting next_dagrun for pipeline_ingestion_suivi to 2026-08-05T10:00:00+00:00, run_after=2026-08-05T11:00:00+00:00
[2026-08-05T11:24:59.657+0000] {processor.py:179} INFO - Processing /opt/airflow/dags/dag_suivi.py took 0.090 seconds
[2026-08-05T11:25:29.842+0000] {processor.py:157} INFO - Started process (PID=599) to work on /opt/airflow/dags/dag_suivi.py
[2026-08-05T11:25:29.843+0000] {processor.py:829} INFO - Processing file /opt/airflow/dags/dag_suivi.py for tasks to queue
[2026-08-05T11:25:29.844+0000] {logging_mixin.py:151} INFO - [2026-08-05T11:25:29.843+0000] {dagbag.py:536} INFO - Filling up the DagBag from /opt/airflow/dags/dag_suivi.py
[2026-08-05T11:25:29.862+0000] {processor.py:839} INFO - DAG(s) dict_keys(['pipeline_ingestion_suivi']) retrieved from /opt/airflow/dags/dag_suivi.py
[2026-08-05T11:25:29.886+0000] {logging_mixin.py:151} INFO - [2026-08-05T11:25:29.886+0000] {dag.py:2941} INFO - Sync 1 DAGs
[2026-08-05T11:25:29.903+0000] {logging_mixin.py:151} INFO - [2026-08-05T11:25:29.903+0000] {dag.py:3722} INFO - Setting next_dagrun for pipeline_ingestion_suivi to 2026-08-05T10:00:00+00:00, run_after=2026-08-05T11:00:00+00:00
[2026-08-05T11:25:29.921+0000] {processor.py:179} INFO - Processing /opt/airflow/dags/dag_suivi.py took 0.081 seconds
[2026-08-05T11:26:00.131+0000] {processor.py:157} INFO - Started process (PID=604) to work on /opt/airflow/dags/dag_suivi.py
[2026-08-05T11:26:00.131+0000] {processor.py:829} INFO - Processing file /opt/airflow/dags/dag_suivi.py for tasks to queue
[2026-08-05T11:26:00.132+0000] {logging_mixin.py:151} INFO - [2026-08-05T11:26:00.132+0000] {dagbag.py:536} INFO - Filling up the DagBag from /opt/airflow/dags/dag_suivi.py
[2026-08-05T11:26:00.152+0000] {processor.py:839} INFO - DAG(s) dict_keys(['pipeline_ingestion_suivi']) retrieved from /opt/airflow/dags/dag_suivi.py
[2026-08-05T11:26:00.175+0000] {logging_mixin.py:151} INFO - [2026-08-05T11:26:00.175+0000] {dag.py:2941} INFO - Sync 1 DAGs
[2026-08-05T11:26:00.192+0000] {logging_mixin.py:151} INFO - [2026-08-05T11:26:00.192+0000] {dag.py:3722} INFO - Setting next_dagrun for pipeline_ingestion_suivi to 2026-08-05T10:00:00+00:00, run_after=2026-08-05T11:00:00+00:00
[2026-08-05T11:26:00.209+0000] {processor.py:179} INFO - Processing /opt/airflow/dags/dag_suivi.py took 0.081 seconds
[2026-08-05T11:26:30.372+0000] {processor.py:157} INFO - Started process (PID=609) to work on /opt/airflow/dags/dag_suivi.py
[2026-08-05T11:26:30.373+0000] {processor.py:829} INFO - Processing file /opt/airflow/dags/dag_suivi.py for tasks to queue
[2026-08-05T11:26:30.374+0000] {logging_mixin.py:151} INFO - [2026-08-05T11:26:30.373+0000] {dagbag.py:536} INFO - Filling up the DagBag from /opt/airflow/dags/dag_suivi.py
[2026-08-05T11:26:30.392+0000] {processor.py:839} INFO - DAG(s) dict_keys(['pipeline_ingestion_suivi']) retrieved from /opt/airflow/dags/dag_suivi.py
[2026-08-05T11:26:30.421+0000] {logging_mixin.py:151} INFO - [2026-08-05T11:26:30.421+0000] {dag.py:2941} INFO - Sync 1 DAGs
[2026-08-05T11:26:30.444+0000] {logging_mixin.py:151} INFO - [2026-08-05T11:26:30.444+0000] {dag.py:3722} INFO - Setting next_dagrun for pipeline_ingestion_suivi to 2026-08-05T10:00:00+00:00, run_after=2026-08-05T11:00:00+00:00
[2026-08-05T11:26:30.465+0000] {processor.py:179} INFO - Processing /opt/airflow/dags/dag_suivi.py took 0.095 seconds
[2026-08-05T11:27:00.660+0000] {processor.py:157} INFO - Started process (PID=614) to work on /opt/airflow/dags/dag_suivi.py
[2026-08-05T11:27:00.661+0000] {processor.py:829} INFO - Processing file /opt/airflow/dags/dag_suivi.py for tasks to queue
[2026-08-05T11:27:00.662+0000] {logging_mixin.py:151} INFO - [2026-08-05T11:27:00.662+0000] {dagbag.py:536} INFO - Filling up the DagBag from /opt/airflow/dags/dag_suivi.py
[2026-08-05T11:27:00.679+0000] {processor.py:839} INFO - DAG(s) dict_keys(['pipeline_ingestion_suivi']) retrieved from /opt/airflow/dags/dag_suivi.py
[2026-08-05T11:27:00.703+0000] {logging_mixin.py:151} INFO - [2026-08-05T11:27:00.702+0000] {dag.py:2941} INFO - Sync 1 DAGs
[2026-08-05T11:27:00.721+0000] {logging_mixin.py:151} INFO - [2026-08-05T11:27:00.720+0000] {dag.py:3722} INFO - Setting next_dagrun for pipeline_ingestion_suivi to 2026-08-05T10:00:00+00:00, run_after=2026-08-05T11:00:00+00:00
[2026-08-05T11:27:00.738+0000] {processor.py:179} INFO - Processing /opt/airflow/dags/dag_suivi.py took 0.081 seconds
[2026-08-05T11:27:30.964+0000] {processor.py:157} INFO - Started process (PID=619) to work on /opt/airflow/dags/dag_suivi.py
[2026-08-05T11:27:30.965+0000] {processor.py:829} INFO - Processing file /opt/airflow/dags/dag_suivi.py for tasks to queue
[2026-08-05T11:27:30.966+0000] {logging_mixin.py:151} INFO - [2026-08-05T11:27:30.966+0000] {dagbag.py:536} INFO - Filling up the DagBag from /opt/airflow/dags/dag_suivi.py
[2026-08-05T11:27:30.984+0000] {processor.py:839} INFO - DAG(s) dict_keys(['pipeline_ingestion_suivi']) retrieved from /opt/airflow/dags/dag_suivi.py
[2026-08-05T11:27:31.008+0000] {logging_mixin.py:151} INFO - [2026-08-05T11:27:31.008+0000] {dag.py:2941} INFO - Sync 1 DAGs
[2026-08-05T11:27:31.025+0000] {logging_mixin.py:151} INFO - [2026-08-05T11:27:31.025+0000] {dag.py:3722} INFO - Setting next_dagrun for pipeline_ingestion_suivi to 2026-08-05T10:00:00+00:00, run_after=2026-08-05T11:00:00+00:00
[2026-08-05T11:27:31.042+0000] {processor.py:179} INFO - Processing /opt/airflow/dags/dag_suivi.py took 0.081 seconds
[2026-08-05T11:28:01.218+0000] {processor.py:157} INFO - Started process (PID=624) to work on /opt/airflow/dags/dag_suivi.py
[2026-08-05T11:28:01.219+0000] {processor.py:829} INFO - Processing file /opt/airflow/dags/dag_suivi.py for tasks to queue
[2026-08-05T11:28:01.219+0000] {logging_mixin.py:151} INFO - [2026-08-05T11:28:01.219+0000] {dagbag.py:536} INFO - Filling up the DagBag from /opt/airflow/dags/dag_suivi.py
[2026-08-05T11:28:01.235+0000] {processor.py:839} INFO - DAG(s) dict_keys(['pipeline_ingestion_suivi']) retrieved from /opt/airflow/dags/dag_suivi.py
[2026-08-05T11:28:01.259+0000] {logging_mixin.py:151} INFO - [2026-08-05T11:28:01.259+0000] {dag.py:2941} INFO - Sync 1 DAGs
[2026-08-05T11:28:01.277+0000] {logging_mixin.py:151} INFO - [2026-08-05T11:28:01.277+0000] {dag.py:3722} INFO - Setting next_dagrun for pipeline_ingestion_suivi to 2026-08-05T10:00:00+00:00, run_after=2026-08-05T11:00:00+00:00
[2026-08-05T11:28:01.298+0000] {processor.py:179} INFO - Processing /opt/airflow/dags/dag_suivi.py took 0.083 seconds
[2026-08-05T11:28:31.515+0000] {processor.py:157} INFO - Started process (PID=629) to work on /opt/airflow/dags/dag_suivi.py
[2026-08-05T11:28:31.515+0000] {processor.py:829} INFO - Processing file /opt/airflow/dags/dag_suivi.py for tasks to queue
[2026-08-05T11:28:31.516+0000] {logging_mixin.py:151} INFO - [2026-08-05T11:28:31.516+0000] {dagbag.py:536} INFO - Filling up the DagBag from /opt/airflow/dags/dag_suivi.py
[2026-08-05T11:28:31.533+0000] {processor.py:839} INFO - DAG(s) dict_keys(['pipeline_ingestion_suivi']) retrieved from /opt/airflow/dags/dag_suivi.py
[2026-08-05T11:28:31.556+0000] {logging_mixin.py:151} INFO - [2026-08-05T11:28:31.556+0000] {dag.py:2941} INFO - Sync 1 DAGs
[2026-08-05T11:28:31.573+0000] {logging_mixin.py:151} INFO - [2026-08-05T11:28:31.573+0000] {dag.py:3722} INFO - Setting next_dagrun for pipeline_ingestion_suivi to 2026-08-05T10:00:00+00:00, run_after=2026-08-05T11:00:00+00:00
[2026-08-05T11:28:31.602+0000] {processor.py:179} INFO - Processing /opt/airflow/dags/dag_suivi.py took 0.089 seconds
[2026-08-05T11:29:01.770+0000] {processor.py:157} INFO - Started process (PID=634) to work on /opt/airflow/dags/dag_suivi.py
[2026-08-05T11:29:01.770+0000] {processor.py:829} INFO - Processing file /opt/airflow/dags/dag_suivi.py for tasks to queue
[2026-08-05T11:29:01.771+0000] {logging_mixin.py:151} INFO - [2026-08-05T11:29:01.771+0000] {dagbag.py:536} INFO - Filling up the DagBag from /opt/airflow/dags/dag_suivi.py
[2026-08-05T11:29:01.788+0000] {processor.py:839} INFO - DAG(s) dict_keys(['pipeline_ingestion_suivi']) retrieved from /opt/airflow/dags/dag_suivi.py
[2026-08-05T11:29:01.812+0000] {logging_mixin.py:151} INFO - [2026-08-05T11:29:01.812+0000] {dag.py:2941} INFO - Sync 1 DAGs
[2026-08-05T11:29:01.829+0000] {logging_mixin.py:151} INFO - [2026-08-05T11:29:01.829+0000] {dag.py:3722} INFO - Setting next_dagrun for pipeline_ingestion_suivi to 2026-08-05T10:00:00+00:00, run_after=2026-08-05T11:00:00+00:00
[2026-08-05T11:29:01.846+0000] {processor.py:179} INFO - Processing /opt/airflow/dags/dag_suivi.py took 0.079 seconds
[2026-08-05T11:29:32.069+0000] {processor.py:157} INFO - Started process (PID=639) to work on /opt/airflow/dags/dag_suivi.py
[2026-08-05T11:29:32.069+0000] {processor.py:829} INFO - Processing file /opt/airflow/dags/dag_suivi.py for tasks to queue
[2026-08-05T11:29:32.070+0000] {logging_mixin.py:151} INFO - [2026-08-05T11:29:32.070+0000] {dagbag.py:536} INFO - Filling up the DagBag from /opt/airflow/dags/dag_suivi.py
[2026-08-05T11:29:32.086+0000] {processor.py:839} INFO - DAG(s) dict_keys(['pipeline_ingestion_suivi']) retrieved from /opt/airflow/dags/dag_suivi.py
[2026-08-05T11:29:32.109+0000] {logging_mixin.py:151} INFO - [2026-08-05T11:29:32.109+0000] {dag.py:2941} INFO - Sync 1 DAGs
[2026-08-05T11:29:32.128+0000] {logging_mixin.py:151} INFO - [2026-08-05T11:29:32.127+0000] {dag.py:3722} INFO - Setting next_dagrun for pipeline_ingestion_suivi to 2026-08-05T10:00:00+00:00, run_after=2026-08-05T11:00:00+00:00
[2026-08-05T11:29:32.159+0000] {processor.py:179} INFO - Processing /opt/airflow/dags/dag_suivi.py took 0.092 seconds
[2026-08-05T11:30:02.310+0000] {processor.py:157} INFO - Started process (PID=644) to work on /opt/airflow/dags/dag_suivi.py
[2026-08-05T11:30:02.310+0000] {processor.py:829} INFO - Processing file /opt/airflow/dags/dag_suivi.py for tasks to queue
[2026-08-05T11:30:02.311+0000] {logging_mixin.py:151} INFO - [2026-08-05T11:30:02.311+0000] {dagbag.py:536} INFO - Filling up the DagBag from /opt/airflow/dags/dag_suivi.py
[2026-08-05T11:30:02.327+0000] {processor.py:839} INFO - DAG(s) dict_keys(['pipeline_ingestion_suivi']) retrieved from /opt/airflow/dags/dag_suivi.py
[2026-08-05T11:30:02.349+0000] {logging_mixin.py:151} INFO - [2026-08-05T11:30:02.349+0000] {dag.py:2941} INFO - Sync 1 DAGs
[2026-08-05T11:30:02.366+0000] {logging_mixin.py:151} INFO - [2026-08-05T11:30:02.366+0000] {dag.py:3722} INFO - Setting next_dagrun for pipeline_ingestion_suivi to 2026-08-05T10:00:00+00:00, run_after=2026-08-05T11:00:00+00:00
[2026-08-05T11:30:02.383+0000] {processor.py:179} INFO - Processing /opt/airflow/dags/dag_suivi.py took 0.076 seconds
[2026-08-05T11:30:32.631+0000] {processor.py:157} INFO - Started process (PID=649) to work on /opt/airflow/dags/dag_suivi.py
[2026-08-05T11:30:32.632+0000] {processor.py:829} INFO - Processing file /opt/airflow/dags/dag_suivi.py for tasks to queue
[2026-08-05T11:30:32.633+0000] {logging_mixin.py:151} INFO - [2026-08-05T11:30:32.632+0000] {dagbag.py:536} INFO - Filling up the DagBag from /opt/airflow/dags/dag_suivi.py
[2026-08-05T11:30:32.651+0000] {processor.py:839} INFO - DAG(s) dict_keys(['pipeline_ingestion_suivi']) retrieved from /opt/airflow/dags/dag_suivi.py
[2026-08-05T11:30:32.682+0000] {logging_mixin.py:151} INFO - [2026-08-05T11:30:32.682+0000] {dag.py:2941} INFO - Sync 1 DAGs
[2026-08-05T11:30:32.703+0000] {logging_mixin.py:151} INFO - [2026-08-05T11:30:32.703+0000] {dag.py:3722} INFO - Setting next_dagrun for pipeline_ingestion_suivi to 2026-08-05T10:00:00+00:00, run_after=2026-08-05T11:00:00+00:00
[2026-08-05T11:30:32.737+0000] {processor.py:179} INFO - Processing /opt/airflow/dags/dag_suivi.py took 0.108 seconds
[2026-08-05T11:31:02.871+0000] {processor.py:157} INFO - Started process (PID=654) to work on /opt/airflow/dags/dag_suivi.py
[2026-08-05T11:31:02.872+0000] {processor.py:829} INFO - Processing file /opt/airflow/dags/dag_suivi.py for tasks to queue
[2026-08-05T11:31:02.873+0000] {logging_mixin.py:151} INFO - [2026-08-05T11:31:02.873+0000] {dagbag.py:536} INFO - Filling up the DagBag from /opt/airflow/dags/dag_suivi.py
[2026-08-05T11:31:02.891+0000] {processor.py:839} INFO - DAG(s) dict_keys(['pipeline_ingestion_suivi']) retrieved from /opt/airflow/dags/dag_suivi.py
[2026-08-05T11:31:02.914+0000] {logging_mixin.py:151} INFO - [2026-08-05T11:31:02.914+0000] {dag.py:2941} INFO - Sync 1 DAGs
[2026-08-05T11:31:02.931+0000] {logging_mixin.py:151} INFO - [2026-08-05T11:31:02.931+0000] {dag.py:3722} INFO - Setting next_dagrun for pipeline_ingestion_suivi to 2026-08-05T10:00:00+00:00, run_after=2026-08-05T11:00:00+00:00
[2026-08-05T11:31:02.950+0000] {processor.py:179} INFO - Processing /opt/airflow/dags/dag_suivi.py took 0.081 seconds
[2026-08-05T11:31:33.211+0000] {processor.py:157} INFO - Started process (PID=659) to work on /opt/airflow/dags/dag_suivi.py
[2026-08-05T11:31:33.211+0000] {processor.py:829} INFO - Processing file /opt/airflow/dags/dag_suivi.py for tasks to queue
[2026-08-05T11:31:33.212+0000] {logging_mixin.py:151} INFO - [2026-08-05T11:31:33.212+0000] {dagbag.py:536} INFO - Filling up the DagBag from /opt/airflow/dags/dag_suivi.py
[2026-08-05T11:31:33.231+0000] {processor.py:839} INFO - DAG(s) dict_keys(['pipeline_ingestion_suivi']) retrieved from /opt/airflow/dags/dag_suivi.py
[2026-08-05T11:31:33.254+0000] {logging_mixin.py:151} INFO - [2026-08-05T11:31:33.253+0000] {dag.py:2941} INFO - Sync 1 DAGs
[2026-08-05T11:31:33.270+0000] {logging_mixin.py:151} INFO - [2026-08-05T11:31:33.270+0000] {dag.py:3722} INFO - Setting next_dagrun for pipeline_ingestion_suivi to 2026-08-05T10:00:00+00:00, run_after=2026-08-05T11:00:00+00:00
[2026-08-05T11:31:33.288+0000] {processor.py:179} INFO - Processing /opt/airflow/dags/dag_suivi.py took 0.079 seconds
[2026-08-05T11:32:03.454+0000] {processor.py:157} INFO - Started process (PID=664) to work on /opt/airflow/dags/dag_suivi.py
[2026-08-05T11:32:03.455+0000] {processor.py:829} INFO - Processing file /opt/airflow/dags/dag_suivi.py for tasks to queue
[2026-08-05T11:32:03.456+0000] {logging_mixin.py:151} INFO - [2026-08-05T11:32:03.456+0000] {dagbag.py:536} INFO - Filling up the DagBag from /opt/airflow/dags/dag_suivi.py
[2026-08-05T11:32:03.473+0000] {processor.py:839} INFO - DAG(s) dict_keys(['pipeline_ingestion_suivi']) retrieved from /opt/airflow/dags/dag_suivi.py
[2026-08-05T11:32:03.497+0000] {logging_mixin.py:151} INFO - [2026-08-05T11:32:03.497+0000] {dag.py:2941} INFO - Sync 1 DAGs
[2026-08-05T11:32:03.514+0000] {logging_mixin.py:151} INFO - [2026-08-05T11:32:03.514+0000] {dag.py:3722} INFO - Setting next_dagrun for pipeline_ingestion_suivi to 2026-08-05T10:00:00+00:00, run_after=2026-08-05T11:00:00+00:00
[2026-08-05T11:32:03.533+0000] {processor.py:179} INFO - Processing /opt/airflow/dags/dag_suivi.py took 0.081 seconds
[2026-08-05T11:32:33.779+0000] {processor.py:157} INFO - Started process (PID=669) to work on /opt/airflow/dags/dag_suivi.py
[2026-08-05T11:32:33.780+0000] {processor.py:829} INFO - Processing file /opt/airflow/dags/dag_suivi.py for tasks to queue
[2026-08-05T11:32:33.780+0000] {logging_mixin.py:151} INFO - [2026-08-05T11:32:33.780+0000] {dagbag.py:536} INFO - Filling up the DagBag from /opt/airflow/dags/dag_suivi.py
[2026-08-05T11:32:33.798+0000] {processor.py:839} INFO - DAG(s) dict_keys(['pipeline_ingestion_suivi']) retrieved from /opt/airflow/dags/dag_suivi.py
[2026-08-05T11:32:33.821+0000] {logging_mixin.py:151} INFO - [2026-08-05T11:32:33.821+0000] {dag.py:2941} INFO - Sync 1 DAGs
[2026-08-05T11:32:33.840+0000] {logging_mixin.py:151} INFO - [2026-08-05T11:32:33.840+0000] {dag.py:3722} INFO - Setting next_dagrun for pipeline_ingestion_suivi to 2026-08-05T10:00:00+00:00, run_after=2026-08-05T11:00:00+00:00
[2026-08-05T11:32:33.861+0000] {processor.py:179} INFO - Processing /opt/airflow/dags/dag_suivi.py took 0.084 seconds
[2026-08-05T11:33:04.004+0000] {processor.py:157} INFO - Started process (PID=674) to work on /opt/airflow/dags/dag_suivi.py
[2026-08-05T11:33:04.005+0000] {processor.py:829} INFO - Processing file /opt/airflow/dags/dag_suivi.py for tasks to queue
[2026-08-05T11:33:04.006+0000] {logging_mixin.py:151} INFO - [2026-08-05T11:33:04.005+0000] {dagbag.py:536} INFO - Filling up the DagBag from /opt/airflow/dags/dag_suivi.py
[2026-08-05T11:33:04.023+0000] {processor.py:839} INFO - DAG(s) dict_keys(['pipeline_ingestion_suivi']) retrieved from /opt/airflow/dags/dag_suivi.py
[2026-08-05T11:33:04.046+0000] {logging_mixin.py:151} INFO - [2026-08-05T11:33:04.046+0000] {dag.py:2941} INFO - Sync 1 DAGs
[2026-08-05T11:33:04.064+0000] {logging_mixin.py:151} INFO - [2026-08-05T11:33:04.064+0000] {dag.py:3722} INFO - Setting next_dagrun for pipeline_ingestion_suivi to 2026-08-05T10:00:00+00:00, run_after=2026-08-05T11:00:00+00:00
[2026-08-05T11:33:04.082+0000] {processor.py:179} INFO - Processing /opt/airflow/dags/dag_suivi.py took 0.081 seconds
[2026-08-05T11:33:34.326+0000] {processor.py:157} INFO - Started process (PID=679) to work on /opt/airflow/dags/dag_suivi.py
[2026-08-05T11:33:34.326+0000] {processor.py:829} INFO - Processing file /opt/airflow/dags/dag_suivi.py for tasks to queue
[2026-08-05T11:33:34.327+0000] {logging_mixin.py:151} INFO - [2026-08-05T11:33:34.327+0000] {dagbag.py:536} INFO - Filling up the DagBag from /opt/airflow/dags/dag_suivi.py
[2026-08-05T11:33:34.342+0000] {processor.py:839} INFO - DAG(s) dict_keys(['pipeline_ingestion_suivi']) retrieved from /opt/airflow/dags/dag_suivi.py
[2026-08-05T11:33:34.365+0000] {logging_mixin.py:151} INFO - [2026-08-05T11:33:34.365+0000] {dag.py:2941} INFO - Sync 1 DAGs
[2026-08-05T11:33:34.382+0000] {logging_mixin.py:151} INFO - [2026-08-05T11:33:34.381+0000] {dag.py:3722} INFO - Setting next_dagrun for pipeline_ingestion_suivi to 2026-08-05T10:00:00+00:00, run_after=2026-08-05T11:00:00+00:00
[2026-08-05T11:33:34.399+0000] {processor.py:179} INFO - Processing /opt/airflow/dags/dag_suivi.py took 0.076 seconds
[2026-08-05T11:34:04.591+0000] {processor.py:157} INFO - Started process (PID=684) to work on /opt/airflow/dags/dag_suivi.py
[2026-08-05T11:34:04.592+0000] {processor.py:829} INFO - Processing file /opt/airflow/dags/dag_suivi.py for tasks to queue
[2026-08-05T11:34:04.594+0000] {logging_mixin.py:151} INFO - [2026-08-05T11:34:04.593+0000] {dagbag.py:536} INFO - Filling up the DagBag from /opt/airflow/dags/dag_suivi.py
[2026-08-05T11:34:04.624+0000] {processor.py:839} INFO - DAG(s) dict_keys(['pipeline_ingestion_suivi']) retrieved from /opt/airflow/dags/dag_suivi.py
[2026-08-05T11:34:04.657+0000] {logging_mixin.py:151} INFO - [2026-08-05T11:34:04.657+0000] {dag.py:2941} INFO - Sync 1 DAGs
[2026-08-05T11:34:04.683+0000] {logging_mixin.py:151} INFO - [2026-08-05T11:34:04.683+0000] {dag.py:3722} INFO - Setting next_dagrun for pipeline_ingestion_suivi to 2026-08-05T10:00:00+00:00, run_after=2026-08-05T11:00:00+00:00
[2026-08-05T11:34:04.712+0000] {processor.py:179} INFO - Processing /opt/airflow/dags/dag_suivi.py took 0.125 seconds
[2026-08-05T11:34:34.882+0000] {processor.py:157} INFO - Started process (PID=689) to work on /opt/airflow/dags/dag_suivi.py
[2026-08-05T11:34:34.883+0000] {processor.py:829} INFO - Processing file /opt/airflow/dags/dag_suivi.py for tasks to queue
[2026-08-05T11:34:34.883+0000] {logging_mixin.py:151} INFO - [2026-08-05T11:34:34.883+0000] {dagbag.py:536} INFO - Filling up the DagBag from /opt/airflow/dags/dag_suivi.py
[2026-08-05T11:34:34.899+0000] {processor.py:839} INFO - DAG(s) dict_keys(['pipeline_ingestion_suivi']) retrieved from /opt/airflow/dags/dag_suivi.py
[2026-08-05T11:34:34.924+0000] {logging_mixin.py:151} INFO - [2026-08-05T11:34:34.924+0000] {dag.py:2941} INFO - Sync 1 DAGs
[2026-08-05T11:34:34.941+0000] {logging_mixin.py:151} INFO - [2026-08-05T11:34:34.941+0000] {dag.py:3722} INFO - Setting next_dagrun for pipeline_ingestion_suivi to 2026-08-05T10:00:00+00:00, run_after=2026-08-05T11:00:00+00:00
[2026-08-05T11:34:34.960+0000] {processor.py:179} INFO - Processing /opt/airflow/dags/dag_suivi.py took 0.080 seconds
[2026-08-05T11:35:05.212+0000] {processor.py:157} INFO - Started process (PID=694) to work on /opt/airflow/dags/dag_suivi.py
[2026-08-05T11:35:05.212+0000] {processor.py:829} INFO - Processing file /opt/airflow/dags/dag_suivi.py for tasks to queue
[2026-08-05T11:35:05.213+0000] {logging_mixin.py:151} INFO - [2026-08-05T11:35:05.213+0000] {dagbag.py:536} INFO - Filling up the DagBag from /opt/airflow/dags/dag_suivi.py
[2026-08-05T11:35:05.228+0000] {processor.py:839} INFO - DAG(s) dict_keys(['pipeline_ingestion_suivi']) retrieved from /opt/airflow/dags/dag_suivi.py
[2026-08-05T11:35:05.251+0000] {logging_mixin.py:151} INFO - [2026-08-05T11:35:05.250+0000] {dag.py:2941} INFO - Sync 1 DAGs
[2026-08-05T11:35:05.269+0000] {logging_mixin.py:151} INFO - [2026-08-05T11:35:05.268+0000] {dag.py:3722} INFO - Setting next_dagrun for pipeline_ingestion_suivi to 2026-08-05T10:00:00+00:00, run_after=2026-08-05T11:00:00+00:00
[2026-08-05T11:35:05.298+0000] {processor.py:179} INFO - Processing /opt/airflow/dags/dag_suivi.py took 0.089 seconds
[2026-08-05T11:35:35.474+0000] {processor.py:157} INFO - Started process (PID=699) to work on /opt/airflow/dags/dag_suivi.py
[2026-08-05T11:35:35.475+0000] {processor.py:829} INFO - Processing file /opt/airflow/dags/dag_suivi.py for tasks to queue
[2026-08-05T11:35:35.476+0000] {logging_mixin.py:151} INFO - [2026-08-05T11:35:35.476+0000] {dagbag.py:536} INFO - Filling up the DagBag from /opt/airflow/dags/dag_suivi.py
[2026-08-05T11:35:35.494+0000] {processor.py:839} INFO - DAG(s) dict_keys(['pipeline_ingestion_suivi']) retrieved from /opt/airflow/dags/dag_suivi.py
[2026-08-05T11:35:35.519+0000] {logging_mixin.py:151} INFO - [2026-08-05T11:35:35.519+0000] {dag.py:2941} INFO - Sync 1 DAGs
[2026-08-05T11:35:35.537+0000] {logging_mixin.py:151} INFO - [2026-08-05T11:35:35.537+0000] {dag.py:3722} INFO - Setting next_dagrun for pipeline_ingestion_suivi to 2026-08-05T10:00:00+00:00, run_after=2026-08-05T11:00:00+00:00
[2026-08-05T11:35:35.565+0000] {processor.py:179} INFO - Processing /opt/airflow/dags/dag_suivi.py took 0.093 seconds
[2026-08-05T11:36:05.781+0000] {processor.py:157} INFO - Started process (PID=704) to work on /opt/airflow/dags/dag_suivi.py
[2026-08-05T11:36:05.782+0000] {processor.py:829} INFO - Processing file /opt/airflow/dags/dag_suivi.py for tasks to queue
[2026-08-05T11:36:05.783+0000] {logging_mixin.py:151} INFO - [2026-08-05T11:36:05.782+0000] {dagbag.py:536} INFO - Filling up the DagBag from /opt/airflow/dags/dag_suivi.py
[2026-08-05T11:36:05.800+0000] {processor.py:839} INFO - DAG(s) dict_keys(['pipeline_ingestion_suivi']) retrieved from /opt/airflow/dags/dag_suivi.py
[2026-08-05T11:36:05.823+0000] {logging_mixin.py:151} INFO - [2026-08-05T11:36:05.823+0000] {dag.py:2941} INFO - Sync 1 DAGs
[2026-08-05T11:36:05.840+0000] {logging_mixin.py:151} INFO - [2026-08-05T11:36:05.840+0000] {dag.py:3722} INFO - Setting next_dagrun for pipeline_ingestion_suivi to 2026-08-05T10:00:00+00:00, run_after=2026-08-05T11:00:00+00:00
[2026-08-05T11:36:05.857+0000] {processor.py:179} INFO - Processing /opt/airflow/dags/dag_suivi.py took 0.078 seconds
[2026-08-05T11:36:36.027+0000] {processor.py:157} INFO - Started process (PID=709) to work on /opt/airflow/dags/dag_suivi.py
[2026-08-05T11:36:36.027+0000] {processor.py:829} INFO - Processing file /opt/airflow/dags/dag_suivi.py for tasks to queue
[2026-08-05T11:36:36.028+0000] {logging_mixin.py:151} INFO - [2026-08-05T11:36:36.028+0000] {dagbag.py:536} INFO - Filling up the DagBag from /opt/airflow/dags/dag_suivi.py
[2026-08-05T11:36:36.048+0000] {processor.py:839} INFO - DAG(s) dict_keys(['pipeline_ingestion_suivi']) retrieved from /opt/airflow/dags/dag_suivi.py
[2026-08-05T11:36:36.079+0000] {logging_mixin.py:151} INFO - [2026-08-05T11:36:36.079+0000] {dag.py:2941} INFO - Sync 1 DAGs
[2026-08-05T11:36:36.103+0000] {logging_mixin.py:151} INFO - [2026-08-05T11:36:36.102+0000] {dag.py:3722} INFO - Setting next_dagrun for pipeline_ingestion_suivi to 2026-08-05T10:00:00+00:00, run_after=2026-08-05T11:00:00+00:00
[2026-08-05T11:36:36.139+0000] {processor.py:179} INFO - Processing /opt/airflow/dags/dag_suivi.py took 0.116 seconds
[2026-08-05T11:37:06.283+0000] {processor.py:157} INFO - Started process (PID=714) to work on /opt/airflow/dags/dag_suivi.py
[2026-08-05T11:37:06.284+0000] {processor.py:829} INFO - Processing file /opt/airflow/dags/dag_suivi.py for tasks to queue
[2026-08-05T11:37:06.285+0000] {logging_mixin.py:151} INFO - [2026-08-05T11:37:06.285+0000] {dagbag.py:536} INFO - Filling up the DagBag from /opt/airflow/dags/dag_suivi.py
[2026-08-05T11:37:06.306+0000] {processor.py:839} INFO - DAG(s) dict_keys(['pipeline_ingestion_suivi']) retrieved from /opt/airflow/dags/dag_suivi.py
[2026-08-05T11:37:06.332+0000] {logging_mixin.py:151} INFO - [2026-08-05T11:37:06.331+0000] {dag.py:2941} INFO - Sync 1 DAGs
[2026-08-05T11:37:06.352+0000] {logging_mixin.py:151} INFO - [2026-08-05T11:37:06.351+0000] {dag.py:3722} INFO - Setting next_dagrun for pipeline_ingestion_suivi to 2026-08-05T10:00:00+00:00, run_after=2026-08-05T11:00:00+00:00
[2026-08-05T11:37:06.371+0000] {processor.py:179} INFO - Processing /opt/airflow/dags/dag_suivi.py took 0.091 seconds
[2026-08-05T11:37:36.574+0000] {processor.py:157} INFO - Started process (PID=719) to work on /opt/airflow/dags/dag_suivi.py
[2026-08-05T11:37:36.575+0000] {processor.py:829} INFO - Processing file /opt/airflow/dags/dag_suivi.py for tasks to queue
[2026-08-05T11:37:36.576+0000] {logging_mixin.py:151} INFO - [2026-08-05T11:37:36.575+0000] {dagbag.py:536} INFO - Filling up the DagBag from /opt/airflow/dags/dag_suivi.py
[2026-08-05T11:37:36.597+0000] {processor.py:839} INFO - DAG(s) dict_keys(['pipeline_ingestion_suivi']) retrieved from /opt/airflow/dags/dag_suivi.py
[2026-08-05T11:37:36.622+0000] {logging_mixin.py:151} INFO - [2026-08-05T11:37:36.622+0000] {dag.py:2941} INFO - Sync 1 DAGs
[2026-08-05T11:37:36.641+0000] {logging_mixin.py:151} INFO - [2026-08-05T11:37:36.641+0000] {dag.py:3722} INFO - Setting next_dagrun for pipeline_ingestion_suivi to 2026-08-05T10:00:00+00:00, run_after=2026-08-05T11:00:00+00:00
[2026-08-05T11:37:36.672+0000] {processor.py:179} INFO - Processing /opt/airflow/dags/dag_suivi.py took 0.100 seconds
[2026-08-05T11:38:06.805+0000] {processor.py:157} INFO - Started process (PID=724) to work on /opt/airflow/dags/dag_suivi.py
[2026-08-05T11:38:06.806+0000] {processor.py:829} INFO - Processing file /opt/airflow/dags/dag_suivi.py for tasks to queue
[2026-08-05T11:38:06.807+0000] {logging_mixin.py:151} INFO - [2026-08-05T11:38:06.807+0000] {dagbag.py:536} INFO - Filling up the DagBag from /opt/airflow/dags/dag_suivi.py
[2026-08-05T11:38:06.825+0000] {processor.py:839} INFO - DAG(s) dict_keys(['pipeline_ingestion_suivi']) retrieved from /opt/airflow/dags/dag_suivi.py
[2026-08-05T11:38:06.849+0000] {logging_mixin.py:151} INFO - [2026-08-05T11:38:06.849+0000] {dag.py:2941} INFO - Sync 1 DAGs
[2026-08-05T11:38:06.867+0000] {logging_mixin.py:151} INFO - [2026-08-05T11:38:06.867+0000] {dag.py:3722} INFO - Setting next_dagrun for pipeline_ingestion_suivi to 2026-08-05T10:00:00+00:00, run_after=2026-08-05T11:00:00+00:00
[2026-08-05T11:38:06.894+0000] {processor.py:179} INFO - Processing /opt/airflow/dags/dag_suivi.py took 0.091 seconds
[2026-08-05T11:38:37.111+0000] {processor.py:157} INFO - Started process (PID=729) to work on /opt/airflow/dags/dag_suivi.py
[2026-08-05T11:38:37.112+0000] {processor.py:829} INFO - Processing file /opt/airflow/dags/dag_suivi.py for tasks to queue
[2026-08-05T11:38:37.112+0000] {logging_mixin.py:151} INFO - [2026-08-05T11:38:37.112+0000] {dagbag.py:536} INFO - Filling up the DagBag from /opt/airflow/dags/dag_suivi.py
[2026-08-05T11:38:37.130+0000] {processor.py:839} INFO - DAG(s) dict_keys(['pipeline_ingestion_suivi']) retrieved from /opt/airflow/dags/dag_suivi.py
[2026-08-05T11:38:37.155+0000] {logging_mixin.py:151} INFO - [2026-08-05T11:38:37.155+0000] {dag.py:2941} INFO - Sync 1 DAGs
[2026-08-05T11:38:37.173+0000] {logging_mixin.py:151} INFO - [2026-08-05T11:38:37.173+0000] {dag.py:3722} INFO - Setting next_dagrun for pipeline_ingestion_suivi to 2026-08-05T10:00:00+00:00, run_after=2026-08-05T11:00:00+00:00
[2026-08-05T11:38:37.191+0000] {processor.py:179} INFO - Processing /opt/airflow/dags/dag_suivi.py took 0.082 seconds
[2026-08-05T11:39:07.328+0000] {processor.py:157} INFO - Started process (PID=734) to work on /opt/airflow/dags/dag_suivi.py
[2026-08-05T11:39:07.329+0000] {processor.py:829} INFO - Processing file /opt/airflow/dags/dag_suivi.py for tasks to queue
[2026-08-05T11:39:07.330+0000] {logging_mixin.py:151} INFO - [2026-08-05T11:39:07.330+0000] {dagbag.py:536} INFO - Filling up the DagBag from /opt/airflow/dags/dag_suivi.py
[2026-08-05T11:39:07.348+0000] {processor.py:839} INFO - DAG(s) dict_keys(['pipeline_ingestion_suivi']) retrieved from /opt/airflow/dags/dag_suivi.py
[2026-08-05T11:39:07.373+0000] {logging_mixin.py:151} INFO - [2026-08-05T11:39:07.373+0000] {dag.py:2941} INFO - Sync 1 DAGs
[2026-08-05T11:39:07.391+0000] {logging_mixin.py:151} INFO - [2026-08-05T11:39:07.391+0000] {dag.py:3722} INFO - Setting next_dagrun for pipeline_ingestion_suivi to 2026-08-05T10:00:00+00:00, run_after=2026-08-05T11:00:00+00:00
[2026-08-05T11:39:07.417+0000] {processor.py:179} INFO - Processing /opt/airflow/dags/dag_suivi.py took 0.091 seconds
[2026-08-05T11:39:37.627+0000] {processor.py:157} INFO - Started process (PID=739) to work on /opt/airflow/dags/dag_suivi.py
[2026-08-05T11:39:37.628+0000] {processor.py:829} INFO - Processing file /opt/airflow/dags/dag_suivi.py for tasks to queue
[2026-08-05T11:39:37.629+0000] {logging_mixin.py:151} INFO - [2026-08-05T11:39:37.628+0000] {dagbag.py:536} INFO - Filling up the DagBag from /opt/airflow/dags/dag_suivi.py
[2026-08-05T11:39:37.648+0000] {processor.py:839} INFO - DAG(s) dict_keys(['pipeline_ingestion_suivi']) retrieved from /opt/airflow/dags/dag_suivi.py
[2026-08-05T11:39:37.672+0000] {logging_mixin.py:151} INFO - [2026-08-05T11:39:37.672+0000] {dag.py:2941} INFO - Sync 1 DAGs
[2026-08-05T11:39:37.689+0000] {logging_mixin.py:151} INFO - [2026-08-05T11:39:37.689+0000] {dag.py:3722} INFO - Setting next_dagrun for pipeline_ingestion_suivi to 2026-08-05T10:00:00+00:00, run_after=2026-08-05T11:00:00+00:00
[2026-08-05T11:39:37.711+0000] {processor.py:179} INFO - Processing /opt/airflow/dags/dag_suivi.py took 0.086 seconds
[2026-08-05T11:40:07.849+0000] {processor.py:157} INFO - Started process (PID=744) to work on /opt/airflow/dags/dag_suivi.py
[2026-08-05T11:40:07.849+0000] {processor.py:829} INFO - Processing file /opt/airflow/dags/dag_suivi.py for tasks to queue
[2026-08-05T11:40:07.850+0000] {logging_mixin.py:151} INFO - [2026-08-05T11:40:07.850+0000] {dagbag.py:536} INFO - Filling up the DagBag from /opt/airflow/dags/dag_suivi.py
[2026-08-05T11:40:07.867+0000] {processor.py:839} INFO - DAG(s) dict_keys(['pipeline_ingestion_suivi']) retrieved from /opt/airflow/dags/dag_suivi.py
[2026-08-05T11:40:07.890+0000] {logging_mixin.py:151} INFO - [2026-08-05T11:40:07.890+0000] {dag.py:2941} INFO - Sync 1 DAGs
[2026-08-05T11:40:07.908+0000] {logging_mixin.py:151} INFO - [2026-08-05T11:40:07.908+0000] {dag.py:3722} INFO - Setting next_dagrun for pipeline_ingestion_suivi to 2026-08-05T10:00:00+00:00, run_after=2026-08-05T11:00:00+00:00
[2026-08-05T11:40:07.935+0000] {processor.py:179} INFO - Processing /opt/airflow/dags/dag_suivi.py took 0.089 seconds
[2026-08-05T11:40:38.129+0000] {processor.py:157} INFO - Started process (PID=749) to work on /opt/airflow/dags/dag_suivi.py
[2026-08-05T11:40:38.129+0000] {processor.py:829} INFO - Processing file /opt/airflow/dags/dag_suivi.py for tasks to queue
[2026-08-05T11:40:38.130+0000] {logging_mixin.py:151} INFO - [2026-08-05T11:40:38.130+0000] {dagbag.py:536} INFO - Filling up the DagBag from /opt/airflow/dags/dag_suivi.py
[2026-08-05T11:40:38.146+0000] {processor.py:839} INFO - DAG(s) dict_keys(['pipeline_ingestion_suivi']) retrieved from /opt/airflow/dags/dag_suivi.py
[2026-08-05T11:40:38.169+0000] {logging_mixin.py:151} INFO - [2026-08-05T11:40:38.169+0000] {dag.py:2941} INFO - Sync 1 DAGs
[2026-08-05T11:40:38.186+0000] {logging_mixin.py:151} INFO - [2026-08-05T11:40:38.186+0000] {dag.py:3722} INFO - Setting next_dagrun for pipeline_ingestion_suivi to 2026-08-05T10:00:00+00:00, run_after=2026-08-05T11:00:00+00:00
[2026-08-05T11:40:38.213+0000] {processor.py:179} INFO - Processing /opt/airflow/dags/dag_suivi.py took 0.087 seconds
[2026-08-05T11:41:08.340+0000] {processor.py:157} INFO - Started process (PID=754) to work on /opt/airflow/dags/dag_suivi.py
[2026-08-05T11:41:08.341+0000] {processor.py:829} INFO - Processing file /opt/airflow/dags/dag_suivi.py for tasks to queue
[2026-08-05T11:41:08.342+0000] {logging_mixin.py:151} INFO - [2026-08-05T11:41:08.342+0000] {dagbag.py:536} INFO - Filling up the DagBag from /opt/airflow/dags/dag_suivi.py
[2026-08-05T11:41:08.362+0000] {processor.py:839} INFO - DAG(s) dict_keys(['pipeline_ingestion_suivi']) retrieved from /opt/airflow/dags/dag_suivi.py
[2026-08-05T11:41:08.392+0000] {logging_mixin.py:151} INFO - [2026-08-05T11:41:08.392+0000] {dag.py:2941} INFO - Sync 1 DAGs
[2026-08-05T11:41:08.411+0000] {logging_mixin.py:151} INFO - [2026-08-05T11:41:08.410+0000] {dag.py:3722} INFO - Setting next_dagrun for pipeline_ingestion_suivi to 2026-08-05T10:00:00+00:00, run_after=2026-08-05T11:00:00+00:00
[2026-08-05T11:41:08.440+0000] {processor.py:179} INFO - Processing /opt/airflow/dags/dag_suivi.py took 0.103 seconds
[2026-08-05T11:41:38.642+0000] {processor.py:157} INFO - Started process (PID=759) to work on /opt/airflow/dags/dag_suivi.py
[2026-08-05T11:41:38.642+0000] {processor.py:829} INFO - Processing file /opt/airflow/dags/dag_suivi.py for tasks to queue
[2026-08-05T11:41:38.643+0000] {logging_mixin.py:151} INFO - [2026-08-05T11:41:38.643+0000] {dagbag.py:536} INFO - Filling up the DagBag from /opt/airflow/dags/dag_suivi.py
[2026-08-05T11:41:38.662+0000] {processor.py:839} INFO - DAG(s) dict_keys(['pipeline_ingestion_suivi']) retrieved from /opt/airflow/dags/dag_suivi.py
[2026-08-05T11:41:38.690+0000] {logging_mixin.py:151} INFO - [2026-08-05T11:41:38.690+0000] {dag.py:2941} INFO - Sync 1 DAGs
[2026-08-05T11:41:38.708+0000] {logging_mixin.py:151} INFO - [2026-08-05T11:41:38.708+0000] {dag.py:3722} INFO - Setting next_dagrun for pipeline_ingestion_suivi to 2026-08-05T10:00:00+00:00, run_after=2026-08-05T11:00:00+00:00
[2026-08-05T11:41:38.734+0000] {processor.py:179} INFO - Processing /opt/airflow/dags/dag_suivi.py took 0.095 seconds
[2026-08-05T11:42:08.874+0000] {processor.py:157} INFO - Started process (PID=764) to work on /opt/airflow/dags/dag_suivi.py
[2026-08-05T11:42:08.875+0000] {processor.py:829} INFO - Processing file /opt/airflow/dags/dag_suivi.py for tasks to queue
[2026-08-05T11:42:08.875+0000] {logging_mixin.py:151} INFO - [2026-08-05T11:42:08.875+0000] {dagbag.py:536} INFO - Filling up the DagBag from /opt/airflow/dags/dag_suivi.py
[2026-08-05T11:42:08.894+0000] {processor.py:839} INFO - DAG(s) dict_keys(['pipeline_ingestion_suivi']) retrieved from /opt/airflow/dags/dag_suivi.py
[2026-08-05T11:42:08.924+0000] {logging_mixin.py:151} INFO - [2026-08-05T11:42:08.924+0000] {dag.py:2941} INFO - Sync 1 DAGs
[2026-08-05T11:42:08.944+0000] {logging_mixin.py:151} INFO - [2026-08-05T11:42:08.944+0000] {dag.py:3722} INFO - Setting next_dagrun for pipeline_ingestion_suivi to 2026-08-05T10:00:00+00:00, run_after=2026-08-05T11:00:00+00:00
[2026-08-05T11:42:08.972+0000] {processor.py:179} INFO - Processing /opt/airflow/dags/dag_suivi.py took 0.100 seconds
[2026-08-05T11:42:39.183+0000] {processor.py:157} INFO - Started process (PID=769) to work on /opt/airflow/dags/dag_suivi.py
[2026-08-05T11:42:39.183+0000] {processor.py:829} INFO - Processing file /opt/airflow/dags/dag_suivi.py for tasks to queue
[2026-08-05T11:42:39.184+0000] {logging_mixin.py:151} INFO - [2026-08-05T11:42:39.184+0000] {dagbag.py:536} INFO - Filling up the DagBag from /opt/airflow/dags/dag_suivi.py
[2026-08-05T11:42:39.203+0000] {processor.py:839} INFO - DAG(s) dict_keys(['pipeline_ingestion_suivi']) retrieved from /opt/airflow/dags/dag_suivi.py
[2026-08-05T11:42:39.230+0000] {logging_mixin.py:151} INFO - [2026-08-05T11:42:39.230+0000] {dag.py:2941} INFO - Sync 1 DAGs
[2026-08-05T11:42:39.246+0000] {logging_mixin.py:151} INFO - [2026-08-05T11:42:39.246+0000] {dag.py:3722} INFO - Setting next_dagrun for pipeline_ingestion_suivi to 2026-08-05T10:00:00+00:00, run_after=2026-08-05T11:00:00+00:00
[2026-08-05T11:42:39.266+0000] {processor.py:179} INFO - Processing /opt/airflow/dags/dag_suivi.py took 0.086 seconds
[2026-08-05T11:43:09.392+0000] {processor.py:157} INFO - Started process (PID=774) to work on /opt/airflow/dags/dag_suivi.py
[2026-08-05T11:43:09.393+0000] {processor.py:829} INFO - Processing file /opt/airflow/dags/dag_suivi.py for tasks to queue
[2026-08-05T11:43:09.394+0000] {logging_mixin.py:151} INFO - [2026-08-05T11:43:09.394+0000] {dagbag.py:536} INFO - Filling up the DagBag from /opt/airflow/dags/dag_suivi.py
[2026-08-05T11:43:09.411+0000] {processor.py:839} INFO - DAG(s) dict_keys(['pipeline_ingestion_suivi']) retrieved from /opt/airflow/dags/dag_suivi.py
[2026-08-05T11:43:09.444+0000] {logging_mixin.py:151} INFO - [2026-08-05T11:43:09.444+0000] {dag.py:2941} INFO - Sync 1 DAGs
[2026-08-05T11:43:09.462+0000] {logging_mixin.py:151} INFO - [2026-08-05T11:43:09.462+0000] {dag.py:3722} INFO - Setting next_dagrun for pipeline_ingestion_suivi to 2026-08-05T10:00:00+00:00, run_after=2026-08-05T11:00:00+00:00
[2026-08-05T11:43:09.492+0000] {processor.py:179} INFO - Processing /opt/airflow/dags/dag_suivi.py took 0.102 seconds
[2026-08-05T11:43:39.989+0000] {processor.py:157} INFO - Started process (PID=779) to work on /opt/airflow/dags/dag_suivi.py
[2026-08-05T11:43:39.991+0000] {processor.py:829} INFO - Processing file /opt/airflow/dags/dag_suivi.py for tasks to queue
[2026-08-05T11:43:39.992+0000] {logging_mixin.py:151} INFO - [2026-08-05T11:43:39.992+0000] {dagbag.py:536} INFO - Filling up the DagBag from /opt/airflow/dags/dag_suivi.py
[2026-08-05T11:43:40.131+0000] {processor.py:839} INFO - DAG(s) dict_keys(['pipeline_ingestion_suivi']) retrieved from /opt/airflow/dags/dag_suivi.py
[2026-08-05T11:43:40.218+0000] {logging_mixin.py:151} INFO - [2026-08-05T11:43:40.218+0000] {dag.py:2941} INFO - Sync 1 DAGs
[2026-08-05T11:43:40.277+0000] {logging_mixin.py:151} INFO - [2026-08-05T11:43:40.276+0000] {dag.py:3722} INFO - Setting next_dagrun for pipeline_ingestion_suivi to 2026-08-05T10:00:00+00:00, run_after=2026-08-05T11:00:00+00:00
[2026-08-05T11:43:40.313+0000] {processor.py:179} INFO - Processing /opt/airflow/dags/dag_suivi.py took 0.328 seconds
[2026-08-05T11:44:10.357+0000] {processor.py:157} INFO - Started process (PID=784) to work on /opt/airflow/dags/dag_suivi.py
[2026-08-05T11:44:10.357+0000] {processor.py:829} INFO - Processing file /opt/airflow/dags/dag_suivi.py for tasks to queue
[2026-08-05T11:44:10.358+0000] {logging_mixin.py:151} INFO - [2026-08-05T11:44:10.358+0000] {dagbag.py:536} INFO - Filling up the DagBag from /opt/airflow/dags/dag_suivi.py
[2026-08-05T11:44:10.377+0000] {processor.py:839} INFO - DAG(s) dict_keys(['pipeline_ingestion_suivi']) retrieved from /opt/airflow/dags/dag_suivi.py
[2026-08-05T11:44:10.405+0000] {logging_mixin.py:151} INFO - [2026-08-05T11:44:10.405+0000] {dag.py:2941} INFO - Sync 1 DAGs
[2026-08-05T11:44:10.422+0000] {logging_mixin.py:151} INFO - [2026-08-05T11:44:10.422+0000] {dag.py:3722} INFO - Setting next_dagrun for pipeline_ingestion_suivi to 2026-08-05T10:00:00+00:00, run_after=2026-08-05T11:00:00+00:00
[2026-08-05T11:44:10.449+0000] {processor.py:179} INFO - Processing /opt/airflow/dags/dag_suivi.py took 0.095 seconds
[2026-08-05T11:44:40.562+0000] {processor.py:157} INFO - Started process (PID=789) to work on /opt/airflow/dags/dag_suivi.py
[2026-08-05T11:44:40.562+0000] {processor.py:829} INFO - Processing file /opt/airflow/dags/dag_suivi.py for tasks to queue
[2026-08-05T11:44:40.563+0000] {logging_mixin.py:151} INFO - [2026-08-05T11:44:40.563+0000] {dagbag.py:536} INFO - Filling up the DagBag from /opt/airflow/dags/dag_suivi.py
[2026-08-05T11:44:40.587+0000] {processor.py:839} INFO - DAG(s) dict_keys(['pipeline_ingestion_suivi']) retrieved from /opt/airflow/dags/dag_suivi.py
[2026-08-05T11:44:40.636+0000] {logging_mixin.py:151} INFO - [2026-08-05T11:44:40.636+0000] {dag.py:2941} INFO - Sync 1 DAGs
[2026-08-05T11:44:40.661+0000] {logging_mixin.py:151} INFO - [2026-08-05T11:44:40.661+0000] {dag.py:3722} INFO - Setting next_dagrun for pipeline_ingestion_suivi to 2026-08-05T10:00:00+00:00, run_after=2026-08-05T11:00:00+00:00
[2026-08-05T11:44:40.690+0000] {processor.py:179} INFO - Processing /opt/airflow/dags/dag_suivi.py took 0.132 seconds
[2026-08-05T11:45:10.875+0000] {processor.py:157} INFO - Started process (PID=794) to work on /opt/airflow/dags/dag_suivi.py
[2026-08-05T11:45:10.876+0000] {processor.py:829} INFO - Processing file /opt/airflow/dags/dag_suivi.py for tasks to queue
[2026-08-05T11:45:10.877+0000] {logging_mixin.py:151} INFO - [2026-08-05T11:45:10.877+0000] {dagbag.py:536} INFO - Filling up the DagBag from /opt/airflow/dags/dag_suivi.py
[2026-08-05T11:45:10.897+0000] {processor.py:839} INFO - DAG(s) dict_keys(['pipeline_ingestion_suivi']) retrieved from /opt/airflow/dags/dag_suivi.py
[2026-08-05T11:45:10.927+0000] {logging_mixin.py:151} INFO - [2026-08-05T11:45:10.926+0000] {dag.py:2941} INFO - Sync 1 DAGs
[2026-08-05T11:45:10.946+0000] {logging_mixin.py:151} INFO - [2026-08-05T11:45:10.946+0000] {dag.py:3722} INFO - Setting next_dagrun for pipeline_ingestion_suivi to 2026-08-05T10:00:00+00:00, run_after=2026-08-05T11:00:00+00:00
[2026-08-05T11:45:10.974+0000] {processor.py:179} INFO - Processing /opt/airflow/dags/dag_suivi.py took 0.102 seconds
[2026-08-05T11:45:41.176+0000] {processor.py:157} INFO - Started process (PID=799) to work on /opt/airflow/dags/dag_suivi.py
[2026-08-05T11:45:41.177+0000] {processor.py:829} INFO - Processing file /opt/airflow/dags/dag_suivi.py for tasks to queue
[2026-08-05T11:45:41.178+0000] {logging_mixin.py:151} INFO - [2026-08-05T11:45:41.177+0000] {dagbag.py:536} INFO - Filling up the DagBag from /opt/airflow/dags/dag_suivi.py
[2026-08-05T11:45:41.197+0000] {processor.py:839} INFO - DAG(s) dict_keys(['pipeline_ingestion_suivi']) retrieved from /opt/airflow/dags/dag_suivi.py
[2026-08-05T11:45:41.223+0000] {logging_mixin.py:151} INFO - [2026-08-05T11:45:41.223+0000] {dag.py:2941} INFO - Sync 1 DAGs
[2026-08-05T11:45:41.240+0000] {logging_mixin.py:151} INFO - [2026-08-05T11:45:41.240+0000] {dag.py:3722} INFO - Setting next_dagrun for pipeline_ingestion_suivi to 2026-08-05T10:00:00+00:00, run_after=2026-08-05T11:00:00+00:00
[2026-08-05T11:45:41.258+0000] {processor.py:179} INFO - Processing /opt/airflow/dags/dag_suivi.py took 0.083 seconds
[2026-08-05T11:46:11.406+0000] {processor.py:157} INFO - Started process (PID=804) to work on /opt/airflow/dags/dag_suivi.py
[2026-08-05T11:46:11.407+0000] {processor.py:829} INFO - Processing file /opt/airflow/dags/dag_suivi.py for tasks to queue
[2026-08-05T11:46:11.408+0000] {logging_mixin.py:151} INFO - [2026-08-05T11:46:11.408+0000] {dagbag.py:536} INFO - Filling up the DagBag from /opt/airflow/dags/dag_suivi.py
[2026-08-05T11:46:11.426+0000] {processor.py:839} INFO - DAG(s) dict_keys(['pipeline_ingestion_suivi']) retrieved from /opt/airflow/dags/dag_suivi.py
[2026-08-05T11:46:11.455+0000] {logging_mixin.py:151} INFO - [2026-08-05T11:46:11.455+0000] {dag.py:2941} INFO - Sync 1 DAGs
[2026-08-05T11:46:11.474+0000] {logging_mixin.py:151} INFO - [2026-08-05T11:46:11.474+0000] {dag.py:3722} INFO - Setting next_dagrun for pipeline_ingestion_suivi to 2026-08-05T10:00:00+00:00, run_after=2026-08-05T11:00:00+00:00
[2026-08-05T11:46:11.492+0000] {processor.py:179} INFO - Processing /opt/airflow/dags/dag_suivi.py took 0.088 seconds
[2026-08-05T11:46:41.721+0000] {processor.py:157} INFO - Started process (PID=809) to work on /opt/airflow/dags/dag_suivi.py
[2026-08-05T11:46:41.721+0000] {processor.py:829} INFO - Processing file /opt/airflow/dags/dag_suivi.py for tasks to queue
[2026-08-05T11:46:41.722+0000] {logging_mixin.py:151} INFO - [2026-08-05T11:46:41.722+0000] {dagbag.py:536} INFO - Filling up the DagBag from /opt/airflow/dags/dag_suivi.py
[2026-08-05T11:46:41.740+0000] {processor.py:839} INFO - DAG(s) dict_keys(['pipeline_ingestion_suivi']) retrieved from /opt/airflow/dags/dag_suivi.py
[2026-08-05T11:46:41.767+0000] {logging_mixin.py:151} INFO - [2026-08-05T11:46:41.767+0000] {dag.py:2941} INFO - Sync 1 DAGs
[2026-08-05T11:46:41.784+0000] {logging_mixin.py:151} INFO - [2026-08-05T11:46:41.784+0000] {dag.py:3722} INFO - Setting next_dagrun for pipeline_ingestion_suivi to 2026-08-05T10:00:00+00:00, run_after=2026-08-05T11:00:00+00:00
[2026-08-05T11:46:41.802+0000] {processor.py:179} INFO - Processing /opt/airflow/dags/dag_suivi.py took 0.084 seconds
[2026-08-05T11:47:11.992+0000] {processor.py:157} INFO - Started process (PID=814) to work on /opt/airflow/dags/dag_suivi.py
[2026-08-05T11:47:11.993+0000] {processor.py:829} INFO - Processing file /opt/airflow/dags/dag_suivi.py for tasks to queue
[2026-08-05T11:47:11.994+0000] {logging_mixin.py:151} INFO - [2026-08-05T11:47:11.994+0000] {dagbag.py:536} INFO - Filling up the DagBag from /opt/airflow/dags/dag_suivi.py
[2026-08-05T11:47:12.010+0000] {processor.py:839} INFO - DAG(s) dict_keys(['pipeline_ingestion_suivi']) retrieved from /opt/airflow/dags/dag_suivi.py
[2026-08-05T11:47:12.038+0000] {logging_mixin.py:151} INFO - [2026-08-05T11:47:12.038+0000] {dag.py:2941} INFO - Sync 1 DAGs
[2026-08-05T11:47:12.056+0000] {logging_mixin.py:151} INFO - [2026-08-05T11:47:12.056+0000] {dag.py:3722} INFO - Setting next_dagrun for pipeline_ingestion_suivi to 2026-08-05T10:00:00+00:00, run_after=2026-08-05T11:00:00+00:00
[2026-08-05T11:47:12.085+0000] {processor.py:179} INFO - Processing /opt/airflow/dags/dag_suivi.py took 0.095 seconds
[2026-08-05T11:47:42.300+0000] {processor.py:157} INFO - Started process (PID=819) to work on /opt/airflow/dags/dag_suivi.py
[2026-08-05T11:47:42.301+0000] {processor.py:829} INFO - Processing file /opt/airflow/dags/dag_suivi.py for tasks to queue
[2026-08-05T11:47:42.301+0000] {logging_mixin.py:151} INFO - [2026-08-05T11:47:42.301+0000] {dagbag.py:536} INFO - Filling up the DagBag from /opt/airflow/dags/dag_suivi.py
[2026-08-05T11:47:42.319+0000] {processor.py:839} INFO - DAG(s) dict_keys(['pipeline_ingestion_suivi']) retrieved from /opt/airflow/dags/dag_suivi.py
[2026-08-05T11:47:42.346+0000] {logging_mixin.py:151} INFO - [2026-08-05T11:47:42.346+0000] {dag.py:2941} INFO - Sync 1 DAGs
[2026-08-05T11:47:42.363+0000] {logging_mixin.py:151} INFO - [2026-08-05T11:47:42.362+0000] {dag.py:3722} INFO - Setting next_dagrun for pipeline_ingestion_suivi to 2026-08-05T10:00:00+00:00, run_after=2026-08-05T11:00:00+00:00
[2026-08-05T11:47:42.380+0000] {processor.py:179} INFO - Processing /opt/airflow/dags/dag_suivi.py took 0.082 seconds
[2026-08-05T11:48:12.577+0000] {processor.py:157} INFO - Started process (PID=824) to work on /opt/airflow/dags/dag_suivi.py
[2026-08-05T11:48:12.578+0000] {processor.py:829} INFO - Processing file /opt/airflow/dags/dag_suivi.py for tasks to queue
[2026-08-05T11:48:12.579+0000] {logging_mixin.py:151} INFO - [2026-08-05T11:48:12.578+0000] {dagbag.py:536} INFO - Filling up the DagBag from /opt/airflow/dags/dag_suivi.py
[2026-08-05T11:48:12.595+0000] {processor.py:839} INFO - DAG(s) dict_keys(['pipeline_ingestion_suivi']) retrieved from /opt/airflow/dags/dag_suivi.py
[2026-08-05T11:48:12.622+0000] {logging_mixin.py:151} INFO - [2026-08-05T11:48:12.621+0000] {dag.py:2941} INFO - Sync 1 DAGs
[2026-08-05T11:48:12.638+0000] {logging_mixin.py:151} INFO - [2026-08-05T11:48:12.638+0000] {dag.py:3722} INFO - Setting next_dagrun for pipeline_ingestion_suivi to 2026-08-05T10:00:00+00:00, run_after=2026-08-05T11:00:00+00:00
[2026-08-05T11:48:12.664+0000] {processor.py:179} INFO - Processing /opt/airflow/dags/dag_suivi.py took 0.089 seconds
[2026-08-05T11:48:42.846+0000] {processor.py:157} INFO - Started process (PID=829) to work on /opt/airflow/dags/dag_suivi.py
[2026-08-05T11:48:42.846+0000] {processor.py:829} INFO - Processing file /opt/airflow/dags/dag_suivi.py for tasks to queue
[2026-08-05T11:48:42.847+0000] {logging_mixin.py:151} INFO - [2026-08-05T11:48:42.847+0000] {dagbag.py:536} INFO - Filling up the DagBag from /opt/airflow/dags/dag_suivi.py
[2026-08-05T11:48:42.863+0000] {processor.py:839} INFO - DAG(s) dict_keys(['pipeline_ingestion_suivi']) retrieved from /opt/airflow/dags/dag_suivi.py
[2026-08-05T11:48:42.889+0000] {logging_mixin.py:151} INFO - [2026-08-05T11:48:42.889+0000] {dag.py:2941} INFO - Sync 1 DAGs
[2026-08-05T11:48:42.906+0000] {logging_mixin.py:151} INFO - [2026-08-05T11:48:42.906+0000] {dag.py:3722} INFO - Setting next_dagrun for pipeline_ingestion_suivi to 2026-08-05T10:00:00+00:00, run_after=2026-08-05T11:00:00+00:00
[2026-08-05T11:48:42.934+0000] {processor.py:179} INFO - Processing /opt/airflow/dags/dag_suivi.py took 0.091 seconds
[2026-08-05T11:49:13.139+0000] {processor.py:157} INFO - Started process (PID=834) to work on /opt/airflow/dags/dag_suivi.py
[2026-08-05T11:49:13.140+0000] {processor.py:829} INFO - Processing file /opt/airflow/dags/dag_suivi.py for tasks to queue
[2026-08-05T11:49:13.141+0000] {logging_mixin.py:151} INFO - [2026-08-05T11:49:13.140+0000] {dagbag.py:536} INFO - Filling up the DagBag from /opt/airflow/dags/dag_suivi.py
[2026-08-05T11:49:13.159+0000] {processor.py:839} INFO - DAG(s) dict_keys(['pipeline_ingestion_suivi']) retrieved from /opt/airflow/dags/dag_suivi.py
[2026-08-05T11:49:13.186+0000] {logging_mixin.py:151} INFO - [2026-08-05T11:49:13.185+0000] {dag.py:2941} INFO - Sync 1 DAGs
[2026-08-05T11:49:13.202+0000] {logging_mixin.py:151} INFO - [2026-08-05T11:49:13.202+0000] {dag.py:3722} INFO - Setting next_dagrun for pipeline_ingestion_suivi to 2026-08-05T10:00:00+00:00, run_after=2026-08-05T11:00:00+00:00
[2026-08-05T11:49:13.229+0000] {processor.py:179} INFO - Processing /opt/airflow/dags/dag_suivi.py took 0.092 seconds
[2026-08-05T11:49:43.377+0000] {processor.py:157} INFO - Started process (PID=839) to work on /opt/airflow/dags/dag_suivi.py
[2026-08-05T11:49:43.377+0000] {processor.py:829} INFO - Processing file /opt/airflow/dags/dag_suivi.py for tasks to queue
[2026-08-05T11:49:43.378+0000] {logging_mixin.py:151} INFO - [2026-08-05T11:49:43.378+0000] {dagbag.py:536} INFO - Filling up the DagBag from /opt/airflow/dags/dag_suivi.py
[2026-08-05T11:49:43.399+0000] {processor.py:839} INFO - DAG(s) dict_keys(['pipeline_ingestion_suivi']) retrieved from /opt/airflow/dags/dag_suivi.py
[2026-08-05T11:49:43.425+0000] {logging_mixin.py:151} INFO - [2026-08-05T11:49:43.424+0000] {dag.py:2941} INFO - Sync 1 DAGs
[2026-08-05T11:49:43.444+0000] {logging_mixin.py:151} INFO - [2026-08-05T11:49:43.444+0000] {dag.py:3722} INFO - Setting next_dagrun for pipeline_ingestion_suivi to 2026-08-05T10:00:00+00:00, run_after=2026-08-05T11:00:00+00:00
[2026-08-05T11:49:43.474+0000] {processor.py:179} INFO - Processing /opt/airflow/dags/dag_suivi.py took 0.100 seconds
[2026-08-05T11:50:13.671+0000] {processor.py:157} INFO - Started process (PID=844) to work on /opt/airflow/dags/dag_suivi.py
[2026-08-05T11:50:13.672+0000] {processor.py:829} INFO - Processing file /opt/airflow/dags/dag_suivi.py for tasks to queue
[2026-08-05T11:50:13.674+0000] {logging_mixin.py:151} INFO - [2026-08-05T11:50:13.673+0000] {dagbag.py:536} INFO - Filling up the DagBag from /opt/airflow/dags/dag_suivi.py
[2026-08-05T11:50:13.706+0000] {processor.py:839} INFO - DAG(s) dict_keys(['pipeline_ingestion_suivi']) retrieved from /opt/airflow/dags/dag_suivi.py
[2026-08-05T11:50:13.739+0000] {logging_mixin.py:151} INFO - [2026-08-05T11:50:13.739+0000] {dag.py:2941} INFO - Sync 1 DAGs
[2026-08-05T11:50:13.762+0000] {logging_mixin.py:151} INFO - [2026-08-05T11:50:13.762+0000] {dag.py:3722} INFO - Setting next_dagrun for pipeline_ingestion_suivi to 2026-08-05T10:00:00+00:00, run_after=2026-08-05T11:00:00+00:00
[2026-08-05T11:50:13.783+0000] {processor.py:179} INFO - Processing /opt/airflow/dags/dag_suivi.py took 0.115 seconds
[2026-08-05T11:50:43.934+0000] {processor.py:157} INFO - Started process (PID=849) to work on /opt/airflow/dags/dag_suivi.py
[2026-08-05T11:50:43.935+0000] {processor.py:829} INFO - Processing file /opt/airflow/dags/dag_suivi.py for tasks to queue
[2026-08-05T11:50:43.935+0000] {logging_mixin.py:151} INFO - [2026-08-05T11:50:43.935+0000] {dagbag.py:536} INFO - Filling up the DagBag from /opt/airflow/dags/dag_suivi.py
[2026-08-05T11:50:43.956+0000] {processor.py:839} INFO - DAG(s) dict_keys(['pipeline_ingestion_suivi']) retrieved from /opt/airflow/dags/dag_suivi.py
[2026-08-05T11:50:43.980+0000] {logging_mixin.py:151} INFO - [2026-08-05T11:50:43.980+0000] {dag.py:2941} INFO - Sync 1 DAGs
[2026-08-05T11:50:43.997+0000] {logging_mixin.py:151} INFO - [2026-08-05T11:50:43.997+0000] {dag.py:3722} INFO - Setting next_dagrun for pipeline_ingestion_suivi to 2026-08-05T10:00:00+00:00, run_after=2026-08-05T11:00:00+00:00
[2026-08-05T11:50:44.023+0000] {processor.py:179} INFO - Processing /opt/airflow/dags/dag_suivi.py took 0.091 seconds
[2026-08-05T11:51:14.251+0000] {processor.py:157} INFO - Started process (PID=854) to work on /opt/airflow/dags/dag_suivi.py
[2026-08-05T11:51:14.251+0000] {processor.py:829} INFO - Processing file /opt/airflow/dags/dag_suivi.py for tasks to queue
[2026-08-05T11:51:14.252+0000] {logging_mixin.py:151} INFO - [2026-08-05T11:51:14.252+0000] {dagbag.py:536} INFO - Filling up the DagBag from /opt/airflow/dags/dag_suivi.py
[2026-08-05T11:51:14.272+0000] {processor.py:839} INFO - DAG(s) dict_keys(['pipeline_ingestion_suivi']) retrieved from /opt/airflow/dags/dag_suivi.py
[2026-08-05T11:51:14.295+0000] {logging_mixin.py:151} INFO - [2026-08-05T11:51:14.295+0000] {dag.py:2941} INFO - Sync 1 DAGs
[2026-08-05T11:51:14.313+0000] {logging_mixin.py:151} INFO - [2026-08-05T11:51:14.313+0000] {dag.py:3722} INFO - Setting next_dagrun for pipeline_ingestion_suivi to 2026-08-05T10:00:00+00:00, run_after=2026-08-05T11:00:00+00:00
[2026-08-05T11:51:14.344+0000] {processor.py:179} INFO - Processing /opt/airflow/dags/dag_suivi.py took 0.096 seconds
[2026-08-05T11:51:44.503+0000] {processor.py:157} INFO - Started process (PID=859) to work on /opt/airflow/dags/dag_suivi.py
[2026-08-05T11:51:44.504+0000] {processor.py:829} INFO - Processing file /opt/airflow/dags/dag_suivi.py for tasks to queue
[2026-08-05T11:51:44.505+0000] {logging_mixin.py:151} INFO - [2026-08-05T11:51:44.504+0000] {dagbag.py:536} INFO - Filling up the DagBag from /opt/airflow/dags/dag_suivi.py
[2026-08-05T11:51:44.526+0000] {processor.py:839} INFO - DAG(s) dict_keys(['pipeline_ingestion_suivi']) retrieved from /opt/airflow/dags/dag_suivi.py
[2026-08-05T11:51:44.550+0000] {logging_mixin.py:151} INFO - [2026-08-05T11:51:44.549+0000] {dag.py:2941} INFO - Sync 1 DAGs
[2026-08-05T11:51:44.568+0000] {logging_mixin.py:151} INFO - [2026-08-05T11:51:44.567+0000] {dag.py:3722} INFO - Setting next_dagrun for pipeline_ingestion_suivi to 2026-08-05T10:00:00+00:00, run_after=2026-08-05T11:00:00+00:00
[2026-08-05T11:51:44.594+0000] {processor.py:179} INFO - Processing /opt/airflow/dags/dag_suivi.py took 0.093 seconds
[2026-08-05T11:52:14.821+0000] {processor.py:157} INFO - Started process (PID=864) to work on /opt/airflow/dags/dag_suivi.py
[2026-08-05T11:52:14.822+0000] {processor.py:829} INFO - Processing file /opt/airflow/dags/dag_suivi.py for tasks to queue
[2026-08-05T11:52:14.823+0000] {logging_mixin.py:151} INFO - [2026-08-05T11:52:14.822+0000] {dagbag.py:536} INFO - Filling up the DagBag from /opt/airflow/dags/dag_suivi.py
[2026-08-05T11:52:14.844+0000] {processor.py:839} INFO - DAG(s) dict_keys(['pipeline_ingestion_suivi']) retrieved from /opt/airflow/dags/dag_suivi.py
[2026-08-05T11:52:14.868+0000] {logging_mixin.py:151} INFO - [2026-08-05T11:52:14.867+0000] {dag.py:2941} INFO - Sync 1 DAGs
[2026-08-05T11:52:14.886+0000] {logging_mixin.py:151} INFO - [2026-08-05T11:52:14.886+0000] {dag.py:3722} INFO - Setting next_dagrun for pipeline_ingestion_suivi to 2026-08-05T10:00:00+00:00, run_after=2026-08-05T11:00:00+00:00
[2026-08-05T11:52:14.913+0000] {processor.py:179} INFO - Processing /opt/airflow/dags/dag_suivi.py took 0.094 seconds
[2026-08-05T11:52:45.040+0000] {processor.py:157} INFO - Started process (PID=869) to work on /opt/airflow/dags/dag_suivi.py
[2026-08-05T11:52:45.041+0000] {processor.py:829} INFO - Processing file /opt/airflow/dags/dag_suivi.py for tasks to queue
[2026-08-05T11:52:45.042+0000] {logging_mixin.py:151} INFO - [2026-08-05T11:52:45.041+0000] {dagbag.py:536} INFO - Filling up the DagBag from /opt/airflow/dags/dag_suivi.py
[2026-08-05T11:52:45.062+0000] {processor.py:839} INFO - DAG(s) dict_keys(['pipeline_ingestion_suivi']) retrieved from /opt/airflow/dags/dag_suivi.py
[2026-08-05T11:52:45.089+0000] {logging_mixin.py:151} INFO - [2026-08-05T11:52:45.089+0000] {dag.py:2941} INFO - Sync 1 DAGs
[2026-08-05T11:52:45.107+0000] {logging_mixin.py:151} INFO - [2026-08-05T11:52:45.107+0000] {dag.py:3722} INFO - Setting next_dagrun for pipeline_ingestion_suivi to 2026-08-05T10:00:00+00:00, run_after=2026-08-05T11:00:00+00:00
[2026-08-05T11:52:45.128+0000] {processor.py:179} INFO - Processing /opt/airflow/dags/dag_suivi.py took 0.091 seconds
[2026-08-05T11:53:15.312+0000] {processor.py:157} INFO - Started process (PID=874) to work on /opt/airflow/dags/dag_suivi.py
[2026-08-05T11:53:15.313+0000] {processor.py:829} INFO - Processing file /opt/airflow/dags/dag_suivi.py for tasks to queue
[2026-08-05T11:53:15.314+0000] {logging_mixin.py:151} INFO - [2026-08-05T11:53:15.313+0000] {dagbag.py:536} INFO - Filling up the DagBag from /opt/airflow/dags/dag_suivi.py
[2026-08-05T11:53:15.339+0000] {processor.py:839} INFO - DAG(s) dict_keys(['pipeline_ingestion_suivi']) retrieved from /opt/airflow/dags/dag_suivi.py
[2026-08-05T11:53:15.366+0000] {logging_mixin.py:151} INFO - [2026-08-05T11:53:15.366+0000] {dag.py:2941} INFO - Sync 1 DAGs
[2026-08-05T11:53:15.386+0000] {logging_mixin.py:151} INFO - [2026-08-05T11:53:15.386+0000] {dag.py:3722} INFO - Setting next_dagrun for pipeline_ingestion_suivi to 2026-08-05T10:00:00+00:00, run_after=2026-08-05T11:00:00+00:00
[2026-08-05T11:53:15.411+0000] {processor.py:179} INFO - Processing /opt/airflow/dags/dag_suivi.py took 0.101 seconds
[2026-08-05T11:53:45.535+0000] {processor.py:157} INFO - Started process (PID=879) to work on /opt/airflow/dags/dag_suivi.py
[2026-08-05T11:53:45.536+0000] {processor.py:829} INFO - Processing file /opt/airflow/dags/dag_suivi.py for tasks to queue
[2026-08-05T11:53:45.537+0000] {logging_mixin.py:151} INFO - [2026-08-05T11:53:45.536+0000] {dagbag.py:536} INFO - Filling up the DagBag from /opt/airflow/dags/dag_suivi.py
[2026-08-05T11:53:45.570+0000] {processor.py:839} INFO - DAG(s) dict_keys(['pipeline_ingestion_suivi']) retrieved from /opt/airflow/dags/dag_suivi.py
[2026-08-05T11:53:45.610+0000] {logging_mixin.py:151} INFO - [2026-08-05T11:53:45.609+0000] {dag.py:2941} INFO - Sync 1 DAGs
[2026-08-05T11:53:45.639+0000] {logging_mixin.py:151} INFO - [2026-08-05T11:53:45.639+0000] {dag.py:3722} INFO - Setting next_dagrun for pipeline_ingestion_suivi to 2026-08-05T10:00:00+00:00, run_after=2026-08-05T11:00:00+00:00
[2026-08-05T11:53:45.676+0000] {processor.py:179} INFO - Processing /opt/airflow/dags/dag_suivi.py took 0.145 seconds
[2026-08-05T11:54:15.884+0000] {processor.py:157} INFO - Started process (PID=884) to work on /opt/airflow/dags/dag_suivi.py
[2026-08-05T11:54:15.885+0000] {processor.py:829} INFO - Processing file /opt/airflow/dags/dag_suivi.py for tasks to queue
[2026-08-05T11:54:15.886+0000] {logging_mixin.py:151} INFO - [2026-08-05T11:54:15.886+0000] {dagbag.py:536} INFO - Filling up the DagBag from /opt/airflow/dags/dag_suivi.py
[2026-08-05T11:54:15.914+0000] {processor.py:839} INFO - DAG(s) dict_keys(['pipeline_ingestion_suivi']) retrieved from /opt/airflow/dags/dag_suivi.py
[2026-08-05T11:54:15.938+0000] {logging_mixin.py:151} INFO - [2026-08-05T11:54:15.938+0000] {dag.py:2941} INFO - Sync 1 DAGs
[2026-08-05T11:54:15.962+0000] {logging_mixin.py:151} INFO - [2026-08-05T11:54:15.962+0000] {dag.py:3722} INFO - Setting next_dagrun for pipeline_ingestion_suivi to 2026-08-05T10:00:00+00:00, run_after=2026-08-05T11:00:00+00:00
[2026-08-05T11:54:15.995+0000] {processor.py:179} INFO - Processing /opt/airflow/dags/dag_suivi.py took 0.114 seconds
[2026-08-05T11:54:46.114+0000] {processor.py:157} INFO - Started process (PID=889) to work on /opt/airflow/dags/dag_suivi.py
[2026-08-05T11:54:46.115+0000] {processor.py:829} INFO - Processing file /opt/airflow/dags/dag_suivi.py for tasks to queue
[2026-08-05T11:54:46.115+0000] {logging_mixin.py:151} INFO - [2026-08-05T11:54:46.115+0000] {dagbag.py:536} INFO - Filling up the DagBag from /opt/airflow/dags/dag_suivi.py
[2026-08-05T11:54:46.137+0000] {processor.py:839} INFO - DAG(s) dict_keys(['pipeline_ingestion_suivi']) retrieved from /opt/airflow/dags/dag_suivi.py
[2026-08-05T11:54:46.164+0000] {logging_mixin.py:151} INFO - [2026-08-05T11:54:46.164+0000] {dag.py:2941} INFO - Sync 1 DAGs
[2026-08-05T11:54:46.182+0000] {logging_mixin.py:151} INFO - [2026-08-05T11:54:46.182+0000] {dag.py:3722} INFO - Setting next_dagrun for pipeline_ingestion_suivi to 2026-08-05T10:00:00+00:00, run_after=2026-08-05T11:00:00+00:00
[2026-08-05T11:54:46.209+0000] {processor.py:179} INFO - Processing /opt/airflow/dags/dag_suivi.py took 0.098 seconds
[2026-08-05T11:55:16.420+0000] {processor.py:157} INFO - Started process (PID=894) to work on /opt/airflow/dags/dag_suivi.py
[2026-08-05T11:55:16.421+0000] {processor.py:829} INFO - Processing file /opt/airflow/dags/dag_suivi.py for tasks to queue
[2026-08-05T11:55:16.422+0000] {logging_mixin.py:151} INFO - [2026-08-05T11:55:16.421+0000] {dagbag.py:536} INFO - Filling up the DagBag from /opt/airflow/dags/dag_suivi.py
[2026-08-05T11:55:16.442+0000] {processor.py:839} INFO - DAG(s) dict_keys(['pipeline_ingestion_suivi']) retrieved from /opt/airflow/dags/dag_suivi.py
[2026-08-05T11:55:16.466+0000] {logging_mixin.py:151} INFO - [2026-08-05T11:55:16.466+0000] {dag.py:2941} INFO - Sync 1 DAGs
[2026-08-05T11:55:16.486+0000] {logging_mixin.py:151} INFO - [2026-08-05T11:55:16.486+0000] {dag.py:3722} INFO - Setting next_dagrun for pipeline_ingestion_suivi to 2026-08-05T10:00:00+00:00, run_after=2026-08-05T11:00:00+00:00
[2026-08-05T11:55:16.504+0000] {processor.py:179} INFO - Processing /opt/airflow/dags/dag_suivi.py took 0.086 seconds
[2026-08-05T11:55:46.636+0000] {processor.py:157} INFO - Started process (PID=899) to work on /opt/airflow/dags/dag_suivi.py
[2026-08-05T11:55:46.637+0000] {processor.py:829} INFO - Processing file /opt/airflow/dags/dag_suivi.py for tasks to queue
[2026-08-05T11:55:46.638+0000] {logging_mixin.py:151} INFO - [2026-08-05T11:55:46.637+0000] {dagbag.py:536} INFO - Filling up the DagBag from /opt/airflow/dags/dag_suivi.py
[2026-08-05T11:55:46.658+0000] {processor.py:839} INFO - DAG(s) dict_keys(['pipeline_ingestion_suivi']) retrieved from /opt/airflow/dags/dag_suivi.py
[2026-08-05T11:55:46.684+0000] {logging_mixin.py:151} INFO - [2026-08-05T11:55:46.684+0000] {dag.py:2941} INFO - Sync 1 DAGs
[2026-08-05T11:55:46.703+0000] {logging_mixin.py:151} INFO - [2026-08-05T11:55:46.703+0000] {dag.py:3722} INFO - Setting next_dagrun for pipeline_ingestion_suivi to 2026-08-05T10:00:00+00:00, run_after=2026-08-05T11:00:00+00:00
[2026-08-05T11:55:46.731+0000] {processor.py:179} INFO - Processing /opt/airflow/dags/dag_suivi.py took 0.098 seconds
[2026-08-05T11:56:16.948+0000] {processor.py:157} INFO - Started process (PID=904) to work on /opt/airflow/dags/dag_suivi.py
[2026-08-05T11:56:16.949+0000] {processor.py:829} INFO - Processing file /opt/airflow/dags/dag_suivi.py for tasks to queue
[2026-08-05T11:56:16.949+0000] {logging_mixin.py:151} INFO - [2026-08-05T11:56:16.949+0000] {dagbag.py:536} INFO - Filling up the DagBag from /opt/airflow/dags/dag_suivi.py
[2026-08-05T11:56:16.973+0000] {processor.py:839} INFO - DAG(s) dict_keys(['pipeline_ingestion_suivi']) retrieved from /opt/airflow/dags/dag_suivi.py
[2026-08-05T11:56:16.996+0000] {logging_mixin.py:151} INFO - [2026-08-05T11:56:16.996+0000] {dag.py:2941} INFO - Sync 1 DAGs
[2026-08-05T11:56:17.015+0000] {logging_mixin.py:151} INFO - [2026-08-05T11:56:17.015+0000] {dag.py:3722} INFO - Setting next_dagrun for pipeline_ingestion_suivi to 2026-08-05T10:00:00+00:00, run_after=2026-08-05T11:00:00+00:00
[2026-08-05T11:56:17.043+0000] {processor.py:179} INFO - Processing /opt/airflow/dags/dag_suivi.py took 0.098 seconds
[2026-08-05T11:56:47.193+0000] {processor.py:157} INFO - Started process (PID=911) to work on /opt/airflow/dags/dag_suivi.py
[2026-08-05T11:56:47.194+0000] {processor.py:829} INFO - Processing file /opt/airflow/dags/dag_suivi.py for tasks to queue
[2026-08-05T11:56:47.195+0000] {logging_mixin.py:151} INFO - [2026-08-05T11:56:47.195+0000] {dagbag.py:536} INFO - Filling up the DagBag from /opt/airflow/dags/dag_suivi.py
[2026-08-05T11:56:47.223+0000] {processor.py:839} INFO - DAG(s) dict_keys(['pipeline_ingestion_suivi']) retrieved from /opt/airflow/dags/dag_suivi.py
[2026-08-05T11:56:47.253+0000] {logging_mixin.py:151} INFO - [2026-08-05T11:56:47.252+0000] {dag.py:2941} INFO - Sync 1 DAGs
[2026-08-05T11:56:47.278+0000] {logging_mixin.py:151} INFO - [2026-08-05T11:56:47.278+0000] {dag.py:3722} INFO - Setting next_dagrun for pipeline_ingestion_suivi to 2026-08-05T11:00:00+00:00, run_after=2026-08-05T12:00:00+00:00
[2026-08-05T11:56:47.302+0000] {processor.py:179} INFO - Processing /opt/airflow/dags/dag_suivi.py took 0.115 seconds
[2026-08-05T11:57:17.463+0000] {processor.py:157} INFO - Started process (PID=916) to work on /opt/airflow/dags/dag_suivi.py
[2026-08-05T11:57:17.463+0000] {processor.py:829} INFO - Processing file /opt/airflow/dags/dag_suivi.py for tasks to queue
[2026-08-05T11:57:17.464+0000] {logging_mixin.py:151} INFO - [2026-08-05T11:57:17.464+0000] {dagbag.py:536} INFO - Filling up the DagBag from /opt/airflow/dags/dag_suivi.py
[2026-08-05T11:57:17.494+0000] {processor.py:839} INFO - DAG(s) dict_keys(['pipeline_ingestion_suivi']) retrieved from /opt/airflow/dags/dag_suivi.py
[2026-08-05T11:57:17.519+0000] {logging_mixin.py:151} INFO - [2026-08-05T11:57:17.519+0000] {dag.py:2941} INFO - Sync 1 DAGs
[2026-08-05T11:57:17.544+0000] {logging_mixin.py:151} INFO - [2026-08-05T11:57:17.543+0000] {dag.py:3722} INFO - Setting next_dagrun for pipeline_ingestion_suivi to 2026-08-05T11:00:00+00:00, run_after=2026-08-05T12:00:00+00:00
[2026-08-05T11:57:17.564+0000] {processor.py:179} INFO - Processing /opt/airflow/dags/dag_suivi.py took 0.104 seconds
[2026-08-05T11:57:47.729+0000] {processor.py:157} INFO - Started process (PID=921) to work on /opt/airflow/dags/dag_suivi.py
[2026-08-05T11:57:47.730+0000] {processor.py:829} INFO - Processing file /opt/airflow/dags/dag_suivi.py for tasks to queue
[2026-08-05T11:57:47.730+0000] {logging_mixin.py:151} INFO - [2026-08-05T11:57:47.730+0000] {dagbag.py:536} INFO - Filling up the DagBag from /opt/airflow/dags/dag_suivi.py
[2026-08-05T11:57:47.752+0000] {processor.py:839} INFO - DAG(s) dict_keys(['pipeline_ingestion_suivi']) retrieved from /opt/airflow/dags/dag_suivi.py
[2026-08-05T11:57:47.775+0000] {logging_mixin.py:151} INFO - [2026-08-05T11:57:47.775+0000] {dag.py:2941} INFO - Sync 1 DAGs
[2026-08-05T11:57:47.796+0000] {logging_mixin.py:151} INFO - [2026-08-05T11:57:47.796+0000] {dag.py:3722} INFO - Setting next_dagrun for pipeline_ingestion_suivi to 2026-08-05T11:00:00+00:00, run_after=2026-08-05T12:00:00+00:00
[2026-08-05T11:57:47.816+0000] {processor.py:179} INFO - Processing /opt/airflow/dags/dag_suivi.py took 0.090 seconds
[2026-08-05T11:58:17.974+0000] {processor.py:157} INFO - Started process (PID=926) to work on /opt/airflow/dags/dag_suivi.py
[2026-08-05T11:58:17.974+0000] {processor.py:829} INFO - Processing file /opt/airflow/dags/dag_suivi.py for tasks to queue
[2026-08-05T11:58:17.975+0000] {logging_mixin.py:151} INFO - [2026-08-05T11:58:17.975+0000] {dagbag.py:536} INFO - Filling up the DagBag from /opt/airflow/dags/dag_suivi.py
[2026-08-05T11:58:17.995+0000] {processor.py:839} INFO - DAG(s) dict_keys(['pipeline_ingestion_suivi']) retrieved from /opt/airflow/dags/dag_suivi.py
[2026-08-05T11:58:18.017+0000] {logging_mixin.py:151} INFO - [2026-08-05T11:58:18.017+0000] {dag.py:2941} INFO - Sync 1 DAGs
[2026-08-05T11:58:18.034+0000] {logging_mixin.py:151} INFO - [2026-08-05T11:58:18.034+0000] {dag.py:3722} INFO - Setting next_dagrun for pipeline_ingestion_suivi to 2026-08-05T11:00:00+00:00, run_after=2026-08-05T12:00:00+00:00
[2026-08-05T11:58:18.067+0000] {processor.py:179} INFO - Processing /opt/airflow/dags/dag_suivi.py took 0.096 seconds
[2026-08-05T11:58:48.208+0000] {processor.py:157} INFO - Started process (PID=931) to work on /opt/airflow/dags/dag_suivi.py
[2026-08-05T11:58:48.209+0000] {processor.py:829} INFO - Processing file /opt/airflow/dags/dag_suivi.py for tasks to queue
[2026-08-05T11:58:48.209+0000] {logging_mixin.py:151} INFO - [2026-08-05T11:58:48.209+0000] {dagbag.py:536} INFO - Filling up the DagBag from /opt/airflow/dags/dag_suivi.py
[2026-08-05T11:58:48.233+0000] {processor.py:839} INFO - DAG(s) dict_keys(['pipeline_ingestion_suivi']) retrieved from /opt/airflow/dags/dag_suivi.py
[2026-08-05T11:58:48.259+0000] {logging_mixin.py:151} INFO - [2026-08-05T11:58:48.259+0000] {dag.py:2941} INFO - Sync 1 DAGs
[2026-08-05T11:58:48.279+0000] {logging_mixin.py:151} INFO - [2026-08-05T11:58:48.279+0000] {dag.py:3722} INFO - Setting next_dagrun for pipeline_ingestion_suivi to 2026-08-05T11:00:00+00:00, run_after=2026-08-05T12:00:00+00:00
[2026-08-05T11:58:48.297+0000] {processor.py:179} INFO - Processing /opt/airflow/dags/dag_suivi.py took 0.092 seconds
[2026-08-05T11:59:18.491+0000] {processor.py:157} INFO - Started process (PID=936) to work on /opt/airflow/dags/dag_suivi.py
[2026-08-05T11:59:18.492+0000] {processor.py:829} INFO - Processing file /opt/airflow/dags/dag_suivi.py for tasks to queue
[2026-08-05T11:59:18.493+0000] {logging_mixin.py:151} INFO - [2026-08-05T11:59:18.493+0000] {dagbag.py:536} INFO - Filling up the DagBag from /opt/airflow/dags/dag_suivi.py
[2026-08-05T11:59:18.517+0000] {processor.py:839} INFO - DAG(s) dict_keys(['pipeline_ingestion_suivi']) retrieved from /opt/airflow/dags/dag_suivi.py
[2026-08-05T11:59:18.542+0000] {logging_mixin.py:151} INFO - [2026-08-05T11:59:18.541+0000] {dag.py:2941} INFO - Sync 1 DAGs
[2026-08-05T11:59:18.560+0000] {logging_mixin.py:151} INFO - [2026-08-05T11:59:18.560+0000] {dag.py:3722} INFO - Setting next_dagrun for pipeline_ingestion_suivi to 2026-08-05T11:00:00+00:00, run_after=2026-08-05T12:00:00+00:00
[2026-08-05T11:59:18.588+0000] {processor.py:179} INFO - Processing /opt/airflow/dags/dag_suivi.py took 0.099 seconds
[2026-08-05T11:59:48.731+0000] {processor.py:157} INFO - Started process (PID=941) to work on /opt/airflow/dags/dag_suivi.py
[2026-08-05T11:59:48.732+0000] {processor.py:829} INFO - Processing file /opt/airflow/dags/dag_suivi.py for tasks to queue
[2026-08-05T11:59:48.733+0000] {logging_mixin.py:151} INFO - [2026-08-05T11:59:48.733+0000] {dagbag.py:536} INFO - Filling up the DagBag from /opt/airflow/dags/dag_suivi.py
[2026-08-05T11:59:48.757+0000] {processor.py:839} INFO - DAG(s) dict_keys(['pipeline_ingestion_suivi']) retrieved from /opt/airflow/dags/dag_suivi.py
[2026-08-05T11:59:48.781+0000] {logging_mixin.py:151} INFO - [2026-08-05T11:59:48.781+0000] {dag.py:2941} INFO - Sync 1 DAGs
[2026-08-05T11:59:48.799+0000] {logging_mixin.py:151} INFO - [2026-08-05T11:59:48.799+0000] {dag.py:3722} INFO - Setting next_dagrun for pipeline_ingestion_suivi to 2026-08-05T11:00:00+00:00, run_after=2026-08-05T12:00:00+00:00
[2026-08-05T11:59:48.825+0000] {processor.py:179} INFO - Processing /opt/airflow/dags/dag_suivi.py took 0.097 seconds
[2026-08-05T12:00:19.000+0000] {processor.py:157} INFO - Started process (PID=948) to work on /opt/airflow/dags/dag_suivi.py
[2026-08-05T12:00:19.001+0000] {processor.py:829} INFO - Processing file /opt/airflow/dags/dag_suivi.py for tasks to queue
[2026-08-05T12:00:19.002+0000] {logging_mixin.py:151} INFO - [2026-08-05T12:00:19.002+0000] {dagbag.py:536} INFO - Filling up the DagBag from /opt/airflow/dags/dag_suivi.py
[2026-08-05T12:00:19.021+0000] {processor.py:839} INFO - DAG(s) dict_keys(['pipeline_ingestion_suivi']) retrieved from /opt/airflow/dags/dag_suivi.py
[2026-08-05T12:00:19.042+0000] {logging_mixin.py:151} INFO - [2026-08-05T12:00:19.042+0000] {dag.py:2941} INFO - Sync 1 DAGs
[2026-08-05T12:00:19.059+0000] {logging_mixin.py:151} INFO - [2026-08-05T12:00:19.058+0000] {dag.py:3722} INFO - Setting next_dagrun for pipeline_ingestion_suivi to 2026-08-05T12:00:00+00:00, run_after=2026-08-05T13:00:00+00:00
[2026-08-05T12:00:19.076+0000] {processor.py:179} INFO - Processing /opt/airflow/dags/dag_suivi.py took 0.077 seconds
[2026-08-05T12:00:49.222+0000] {processor.py:157} INFO - Started process (PID=953) to work on /opt/airflow/dags/dag_suivi.py
[2026-08-05T12:00:49.223+0000] {processor.py:829} INFO - Processing file /opt/airflow/dags/dag_suivi.py for tasks to queue
[2026-08-05T12:00:49.224+0000] {logging_mixin.py:151} INFO - [2026-08-05T12:00:49.223+0000] {dagbag.py:536} INFO - Filling up the DagBag from /opt/airflow/dags/dag_suivi.py
[2026-08-05T12:00:49.246+0000] {processor.py:839} INFO - DAG(s) dict_keys(['pipeline_ingestion_suivi']) retrieved from /opt/airflow/dags/dag_suivi.py
[2026-08-05T12:00:49.270+0000] {logging_mixin.py:151} INFO - [2026-08-05T12:00:49.269+0000] {dag.py:2941} INFO - Sync 1 DAGs
[2026-08-05T12:00:49.288+0000] {logging_mixin.py:151} INFO - [2026-08-05T12:00:49.288+0000] {dag.py:3722} INFO - Setting next_dagrun for pipeline_ingestion_suivi to 2026-08-05T12:00:00+00:00, run_after=2026-08-05T13:00:00+00:00
[2026-08-05T12:00:49.317+0000] {processor.py:179} INFO - Processing /opt/airflow/dags/dag_suivi.py took 0.099 seconds
[2026-08-05T12:01:19.470+0000] {processor.py:157} INFO - Started process (PID=958) to work on /opt/airflow/dags/dag_suivi.py
[2026-08-05T12:01:19.471+0000] {processor.py:829} INFO - Processing file /opt/airflow/dags/dag_suivi.py for tasks to queue
[2026-08-05T12:01:19.471+0000] {logging_mixin.py:151} INFO - [2026-08-05T12:01:19.471+0000] {dagbag.py:536} INFO - Filling up the DagBag from /opt/airflow/dags/dag_suivi.py
[2026-08-05T12:01:19.492+0000] {processor.py:839} INFO - DAG(s) dict_keys(['pipeline_ingestion_suivi']) retrieved from /opt/airflow/dags/dag_suivi.py
[2026-08-05T12:01:19.518+0000] {logging_mixin.py:151} INFO - [2026-08-05T12:01:19.518+0000] {dag.py:2941} INFO - Sync 1 DAGs
[2026-08-05T12:01:19.536+0000] {logging_mixin.py:151} INFO - [2026-08-05T12:01:19.536+0000] {dag.py:3722} INFO - Setting next_dagrun for pipeline_ingestion_suivi to 2026-08-05T12:00:00+00:00, run_after=2026-08-05T13:00:00+00:00
[2026-08-05T12:01:19.562+0000] {processor.py:179} INFO - Processing /opt/airflow/dags/dag_suivi.py took 0.094 seconds
[2026-08-05T12:01:49.710+0000] {processor.py:157} INFO - Started process (PID=963) to work on /opt/airflow/dags/dag_suivi.py
[2026-08-05T12:01:49.710+0000] {processor.py:829} INFO - Processing file /opt/airflow/dags/dag_suivi.py for tasks to queue
[2026-08-05T12:01:49.711+0000] {logging_mixin.py:151} INFO - [2026-08-05T12:01:49.711+0000] {dagbag.py:536} INFO - Filling up the DagBag from /opt/airflow/dags/dag_suivi.py
[2026-08-05T12:01:49.735+0000] {processor.py:839} INFO - DAG(s) dict_keys(['pipeline_ingestion_suivi']) retrieved from /opt/airflow/dags/dag_suivi.py
[2026-08-05T12:01:49.765+0000] {logging_mixin.py:151} INFO - [2026-08-05T12:01:49.764+0000] {dag.py:2941} INFO - Sync 1 DAGs
[2026-08-05T12:01:49.783+0000] {logging_mixin.py:151} INFO - [2026-08-05T12:01:49.783+0000] {dag.py:3722} INFO - Setting next_dagrun for pipeline_ingestion_suivi to 2026-08-05T12:00:00+00:00, run_after=2026-08-05T13:00:00+00:00
[2026-08-05T12:01:49.802+0000] {processor.py:179} INFO - Processing /opt/airflow/dags/dag_suivi.py took 0.095 seconds
[2026-08-05T12:02:19.975+0000] {processor.py:157} INFO - Started process (PID=968) to work on /opt/airflow/dags/dag_suivi.py
[2026-08-05T12:02:19.975+0000] {processor.py:829} INFO - Processing file /opt/airflow/dags/dag_suivi.py for tasks to queue
[2026-08-05T12:02:19.976+0000] {logging_mixin.py:151} INFO - [2026-08-05T12:02:19.976+0000] {dagbag.py:536} INFO - Filling up the DagBag from /opt/airflow/dags/dag_suivi.py
[2026-08-05T12:02:19.998+0000] {processor.py:839} INFO - DAG(s) dict_keys(['pipeline_ingestion_suivi']) retrieved from /opt/airflow/dags/dag_suivi.py
[2026-08-05T12:02:20.022+0000] {logging_mixin.py:151} INFO - [2026-08-05T12:02:20.022+0000] {dag.py:2941} INFO - Sync 1 DAGs
[2026-08-05T12:02:20.039+0000] {logging_mixin.py:151} INFO - [2026-08-05T12:02:20.039+0000] {dag.py:3722} INFO - Setting next_dagrun for pipeline_ingestion_suivi to 2026-08-05T12:00:00+00:00, run_after=2026-08-05T13:00:00+00:00
[2026-08-05T12:02:20.057+0000] {processor.py:179} INFO - Processing /opt/airflow/dags/dag_suivi.py took 0.085 seconds
[2026-08-05T12:02:50.223+0000] {processor.py:157} INFO - Started process (PID=973) to work on /opt/airflow/dags/dag_suivi.py
[2026-08-05T12:02:50.224+0000] {processor.py:829} INFO - Processing file /opt/airflow/dags/dag_suivi.py for tasks to queue
[2026-08-05T12:02:50.225+0000] {logging_mixin.py:151} INFO - [2026-08-05T12:02:50.225+0000] {dagbag.py:536} INFO - Filling up the DagBag from /opt/airflow/dags/dag_suivi.py
[2026-08-05T12:02:50.244+0000] {processor.py:839} INFO - DAG(s) dict_keys(['pipeline_ingestion_suivi']) retrieved from /opt/airflow/dags/dag_suivi.py
[2026-08-05T12:02:50.267+0000] {logging_mixin.py:151} INFO - [2026-08-05T12:02:50.267+0000] {dag.py:2941} INFO - Sync 1 DAGs
[2026-08-05T12:02:50.285+0000] {logging_mixin.py:151} INFO - [2026-08-05T12:02:50.285+0000] {dag.py:3722} INFO - Setting next_dagrun for pipeline_ingestion_suivi to 2026-08-05T12:00:00+00:00, run_after=2026-08-05T13:00:00+00:00
[2026-08-05T12:02:50.303+0000] {processor.py:179} INFO - Processing /opt/airflow/dags/dag_suivi.py took 0.082 seconds
[2026-08-05T12:03:20.483+0000] {processor.py:157} INFO - Started process (PID=978) to work on /opt/airflow/dags/dag_suivi.py
[2026-08-05T12:03:20.484+0000] {processor.py:829} INFO - Processing file /opt/airflow/dags/dag_suivi.py for tasks to queue
[2026-08-05T12:03:20.484+0000] {logging_mixin.py:151} INFO - [2026-08-05T12:03:20.484+0000] {dagbag.py:536} INFO - Filling up the DagBag from /opt/airflow/dags/dag_suivi.py
[2026-08-05T12:03:20.511+0000] {processor.py:839} INFO - DAG(s) dict_keys(['pipeline_ingestion_suivi']) retrieved from /opt/airflow/dags/dag_suivi.py
[2026-08-05T12:03:20.535+0000] {logging_mixin.py:151} INFO - [2026-08-05T12:03:20.534+0000] {dag.py:2941} INFO - Sync 1 DAGs
[2026-08-05T12:03:20.553+0000] {logging_mixin.py:151} INFO - [2026-08-05T12:03:20.553+0000] {dag.py:3722} INFO - Setting next_dagrun for pipeline_ingestion_suivi to 2026-08-05T12:00:00+00:00, run_after=2026-08-05T13:00:00+00:00
[2026-08-05T12:03:20.572+0000] {processor.py:179} INFO - Processing /opt/airflow/dags/dag_suivi.py took 0.094 seconds
[2026-08-05T12:03:50.752+0000] {processor.py:157} INFO - Started process (PID=983) to work on /opt/airflow/dags/dag_suivi.py
[2026-08-05T12:03:50.753+0000] {processor.py:829} INFO - Processing file /opt/airflow/dags/dag_suivi.py for tasks to queue
[2026-08-05T12:03:50.754+0000] {logging_mixin.py:151} INFO - [2026-08-05T12:03:50.754+0000] {dagbag.py:536} INFO - Filling up the DagBag from /opt/airflow/dags/dag_suivi.py
[2026-08-05T12:03:50.780+0000] {processor.py:839} INFO - DAG(s) dict_keys(['pipeline_ingestion_suivi']) retrieved from /opt/airflow/dags/dag_suivi.py
[2026-08-05T12:03:50.803+0000] {logging_mixin.py:151} INFO - [2026-08-05T12:03:50.803+0000] {dag.py:2941} INFO - Sync 1 DAGs
[2026-08-05T12:03:50.821+0000] {logging_mixin.py:151} INFO - [2026-08-05T12:03:50.821+0000] {dag.py:3722} INFO - Setting next_dagrun for pipeline_ingestion_suivi to 2026-08-05T12:00:00+00:00, run_after=2026-08-05T13:00:00+00:00
[2026-08-05T12:03:50.839+0000] {processor.py:179} INFO - Processing /opt/airflow/dags/dag_suivi.py took 0.090 seconds
[2026-08-05T12:04:21.015+0000] {processor.py:157} INFO - Started process (PID=988) to work on /opt/airflow/dags/dag_suivi.py
[2026-08-05T12:04:21.016+0000] {processor.py:829} INFO - Processing file /opt/airflow/dags/dag_suivi.py for tasks to queue
[2026-08-05T12:04:21.017+0000] {logging_mixin.py:151} INFO - [2026-08-05T12:04:21.016+0000] {dagbag.py:536} INFO - Filling up the DagBag from /opt/airflow/dags/dag_suivi.py
[2026-08-05T12:04:21.039+0000] {processor.py:839} INFO - DAG(s) dict_keys(['pipeline_ingestion_suivi']) retrieved from /opt/airflow/dags/dag_suivi.py
[2026-08-05T12:04:21.063+0000] {logging_mixin.py:151} INFO - [2026-08-05T12:04:21.063+0000] {dag.py:2941} INFO - Sync 1 DAGs
[2026-08-05T12:04:21.081+0000] {logging_mixin.py:151} INFO - [2026-08-05T12:04:21.081+0000] {dag.py:3722} INFO - Setting next_dagrun for pipeline_ingestion_suivi to 2026-08-05T12:00:00+00:00, run_after=2026-08-05T13:00:00+00:00
[2026-08-05T12:04:21.097+0000] {processor.py:179} INFO - Processing /opt/airflow/dags/dag_suivi.py took 0.084 seconds
[2026-08-05T12:04:51.328+0000] {processor.py:157} INFO - Started process (PID=993) to work on /opt/airflow/dags/dag_suivi.py
[2026-08-05T12:04:51.329+0000] {processor.py:829} INFO - Processing file /opt/airflow/dags/dag_suivi.py for tasks to queue
[2026-08-05T12:04:51.329+0000] {logging_mixin.py:151} INFO - [2026-08-05T12:04:51.329+0000] {dagbag.py:536} INFO - Filling up the DagBag from /opt/airflow/dags/dag_suivi.py
[2026-08-05T12:04:51.351+0000] {processor.py:839} INFO - DAG(s) dict_keys(['pipeline_ingestion_suivi']) retrieved from /opt/airflow/dags/dag_suivi.py
[2026-08-05T12:04:51.374+0000] {logging_mixin.py:151} INFO - [2026-08-05T12:04:51.374+0000] {dag.py:2941} INFO - Sync 1 DAGs
[2026-08-05T12:04:51.392+0000] {logging_mixin.py:151} INFO - [2026-08-05T12:04:51.391+0000] {dag.py:3722} INFO - Setting next_dagrun for pipeline_ingestion_suivi to 2026-08-05T12:00:00+00:00, run_after=2026-08-05T13:00:00+00:00
[2026-08-05T12:04:51.409+0000] {processor.py:179} INFO - Processing /opt/airflow/dags/dag_suivi.py took 0.083 seconds
[2026-08-05T12:05:21.539+0000] {processor.py:157} INFO - Started process (PID=998) to work on /opt/airflow/dags/dag_suivi.py
[2026-08-05T12:05:21.540+0000] {processor.py:829} INFO - Processing file /opt/airflow/dags/dag_suivi.py for tasks to queue
[2026-08-05T12:05:21.541+0000] {logging_mixin.py:151} INFO - [2026-08-05T12:05:21.540+0000] {dagbag.py:536} INFO - Filling up the DagBag from /opt/airflow/dags/dag_suivi.py
[2026-08-05T12:05:21.559+0000] {processor.py:839} INFO - DAG(s) dict_keys(['pipeline_ingestion_suivi']) retrieved from /opt/airflow/dags/dag_suivi.py
[2026-08-05T12:05:21.583+0000] {logging_mixin.py:151} INFO - [2026-08-05T12:05:21.583+0000] {dag.py:2941} INFO - Sync 1 DAGs
[2026-08-05T12:05:21.600+0000] {logging_mixin.py:151} INFO - [2026-08-05T12:05:21.600+0000] {dag.py:3722} INFO - Setting next_dagrun for pipeline_ingestion_suivi to 2026-08-05T12:00:00+00:00, run_after=2026-08-05T13:00:00+00:00
[2026-08-05T12:05:21.619+0000] {processor.py:179} INFO - Processing /opt/airflow/dags/dag_suivi.py took 0.082 seconds
[2026-08-05T12:05:51.771+0000] {processor.py:157} INFO - Started process (PID=1003) to work on /opt/airflow/dags/dag_suivi.py
[2026-08-05T12:05:51.771+0000] {processor.py:829} INFO - Processing file /opt/airflow/dags/dag_suivi.py for tasks to queue
[2026-08-05T12:05:51.772+0000] {logging_mixin.py:151} INFO - [2026-08-05T12:05:51.772+0000] {dagbag.py:536} INFO - Filling up the DagBag from /opt/airflow/dags/dag_suivi.py
[2026-08-05T12:05:51.789+0000] {processor.py:839} INFO - DAG(s) dict_keys(['pipeline_ingestion_suivi']) retrieved from /opt/airflow/dags/dag_suivi.py
[2026-08-05T12:05:51.812+0000] {logging_mixin.py:151} INFO - [2026-08-05T12:05:51.812+0000] {dag.py:2941} INFO - Sync 1 DAGs
[2026-08-05T12:05:51.829+0000] {logging_mixin.py:151} INFO - [2026-08-05T12:05:51.829+0000] {dag.py:3722} INFO - Setting next_dagrun for pipeline_ingestion_suivi to 2026-08-05T12:00:00+00:00, run_after=2026-08-05T13:00:00+00:00
[2026-08-05T12:05:51.847+0000] {processor.py:179} INFO - Processing /opt/airflow/dags/dag_suivi.py took 0.079 seconds
[2026-08-05T12:06:22.078+0000] {processor.py:157} INFO - Started process (PID=1008) to work on /opt/airflow/dags/dag_suivi.py
[2026-08-05T12:06:22.078+0000] {processor.py:829} INFO - Processing file /opt/airflow/dags/dag_suivi.py for tasks to queue
[2026-08-05T12:06:22.079+0000] {logging_mixin.py:151} INFO - [2026-08-05T12:06:22.079+0000] {dagbag.py:536} INFO - Filling up the DagBag from /opt/airflow/dags/dag_suivi.py
[2026-08-05T12:06:22.099+0000] {processor.py:839} INFO - DAG(s) dict_keys(['pipeline_ingestion_suivi']) retrieved from /opt/airflow/dags/dag_suivi.py
[2026-08-05T12:06:22.123+0000] {logging_mixin.py:151} INFO - [2026-08-05T12:06:22.123+0000] {dag.py:2941} INFO - Sync 1 DAGs
[2026-08-05T12:06:22.140+0000] {logging_mixin.py:151} INFO - [2026-08-05T12:06:22.140+0000] {dag.py:3722} INFO - Setting next_dagrun for pipeline_ingestion_suivi to 2026-08-05T12:00:00+00:00, run_after=2026-08-05T13:00:00+00:00
[2026-08-05T12:06:22.160+0000] {processor.py:179} INFO - Processing /opt/airflow/dags/dag_suivi.py took 0.085 seconds
[2026-08-05T12:06:52.299+0000] {processor.py:157} INFO - Started process (PID=1013) to work on /opt/airflow/dags/dag_suivi.py
[2026-08-05T12:06:52.300+0000] {processor.py:829} INFO - Processing file /opt/airflow/dags/dag_suivi.py for tasks to queue
[2026-08-05T12:06:52.301+0000] {logging_mixin.py:151} INFO - [2026-08-05T12:06:52.301+0000] {dagbag.py:536} INFO - Filling up the DagBag from /opt/airflow/dags/dag_suivi.py
[2026-08-05T12:06:52.319+0000] {processor.py:839} INFO - DAG(s) dict_keys(['pipeline_ingestion_suivi']) retrieved from /opt/airflow/dags/dag_suivi.py
[2026-08-05T12:06:52.344+0000] {logging_mixin.py:151} INFO - [2026-08-05T12:06:52.344+0000] {dag.py:2941} INFO - Sync 1 DAGs
[2026-08-05T12:06:52.362+0000] {logging_mixin.py:151} INFO - [2026-08-05T12:06:52.362+0000] {dag.py:3722} INFO - Setting next_dagrun for pipeline_ingestion_suivi to 2026-08-05T12:00:00+00:00, run_after=2026-08-05T13:00:00+00:00
[2026-08-05T12:06:52.380+0000] {processor.py:179} INFO - Processing /opt/airflow/dags/dag_suivi.py took 0.084 seconds
[2026-08-05T12:07:22.615+0000] {processor.py:157} INFO - Started process (PID=1018) to work on /opt/airflow/dags/dag_suivi.py
[2026-08-05T12:07:22.616+0000] {processor.py:829} INFO - Processing file /opt/airflow/dags/dag_suivi.py for tasks to queue
[2026-08-05T12:07:22.616+0000] {logging_mixin.py:151} INFO - [2026-08-05T12:07:22.616+0000] {dagbag.py:536} INFO - Filling up the DagBag from /opt/airflow/dags/dag_suivi.py
[2026-08-05T12:07:22.634+0000] {processor.py:839} INFO - DAG(s) dict_keys(['pipeline_ingestion_suivi']) retrieved from /opt/airflow/dags/dag_suivi.py
[2026-08-05T12:07:22.657+0000] {logging_mixin.py:151} INFO - [2026-08-05T12:07:22.657+0000] {dag.py:2941} INFO - Sync 1 DAGs
[2026-08-05T12:07:22.674+0000] {logging_mixin.py:151} INFO - [2026-08-05T12:07:22.674+0000] {dag.py:3722} INFO - Setting next_dagrun for pipeline_ingestion_suivi to 2026-08-05T12:00:00+00:00, run_after=2026-08-05T13:00:00+00:00
[2026-08-05T12:07:22.693+0000] {processor.py:179} INFO - Processing /opt/airflow/dags/dag_suivi.py took 0.080 seconds
[2026-08-05T12:07:52.845+0000] {processor.py:157} INFO - Started process (PID=1023) to work on /opt/airflow/dags/dag_suivi.py
[2026-08-05T12:07:52.845+0000] {processor.py:829} INFO - Processing file /opt/airflow/dags/dag_suivi.py for tasks to queue
[2026-08-05T12:07:52.846+0000] {logging_mixin.py:151} INFO - [2026-08-05T12:07:52.846+0000] {dagbag.py:536} INFO - Filling up the DagBag from /opt/airflow/dags/dag_suivi.py
[2026-08-05T12:07:52.862+0000] {processor.py:839} INFO - DAG(s) dict_keys(['pipeline_ingestion_suivi']) retrieved from /opt/airflow/dags/dag_suivi.py
[2026-08-05T12:07:52.886+0000] {logging_mixin.py:151} INFO - [2026-08-05T12:07:52.886+0000] {dag.py:2941} INFO - Sync 1 DAGs
[2026-08-05T12:07:52.904+0000] {logging_mixin.py:151} INFO - [2026-08-05T12:07:52.904+0000] {dag.py:3722} INFO - Setting next_dagrun for pipeline_ingestion_suivi to 2026-08-05T12:00:00+00:00, run_after=2026-08-05T13:00:00+00:00
[2026-08-05T12:07:52.920+0000] {processor.py:179} INFO - Processing /opt/airflow/dags/dag_suivi.py took 0.078 seconds
[2026-08-05T12:08:23.116+0000] {processor.py:157} INFO - Started process (PID=1028) to work on /opt/airflow/dags/dag_suivi.py
[2026-08-05T12:08:23.117+0000] {processor.py:829} INFO - Processing file /opt/airflow/dags/dag_suivi.py for tasks to queue
[2026-08-05T12:08:23.117+0000] {logging_mixin.py:151} INFO - [2026-08-05T12:08:23.117+0000] {dagbag.py:536} INFO - Filling up the DagBag from /opt/airflow/dags/dag_suivi.py
[2026-08-05T12:08:23.135+0000] {processor.py:839} INFO - DAG(s) dict_keys(['pipeline_ingestion_suivi']) retrieved from /opt/airflow/dags/dag_suivi.py
[2026-08-05T12:08:23.158+0000] {logging_mixin.py:151} INFO - [2026-08-05T12:08:23.158+0000] {dag.py:2941} INFO - Sync 1 DAGs
[2026-08-05T12:08:23.175+0000] {logging_mixin.py:151} INFO - [2026-08-05T12:08:23.175+0000] {dag.py:3722} INFO - Setting next_dagrun for pipeline_ingestion_suivi to 2026-08-05T12:00:00+00:00, run_after=2026-08-05T13:00:00+00:00
[2026-08-05T12:08:23.192+0000] {processor.py:179} INFO - Processing /opt/airflow/dags/dag_suivi.py took 0.077 seconds
[2026-08-05T12:08:53.354+0000] {processor.py:157} INFO - Started process (PID=1033) to work on /opt/airflow/dags/dag_suivi.py
[2026-08-05T12:08:53.355+0000] {processor.py:829} INFO - Processing file /opt/airflow/dags/dag_suivi.py for tasks to queue
[2026-08-05T12:08:53.355+0000] {logging_mixin.py:151} INFO - [2026-08-05T12:08:53.355+0000] {dagbag.py:536} INFO - Filling up the DagBag from /opt/airflow/dags/dag_suivi.py
[2026-08-05T12:08:53.372+0000] {processor.py:839} INFO - DAG(s) dict_keys(['pipeline_ingestion_suivi']) retrieved from /opt/airflow/dags/dag_suivi.py
[2026-08-05T12:08:53.396+0000] {logging_mixin.py:151} INFO - [2026-08-05T12:08:53.396+0000] {dag.py:2941} INFO - Sync 1 DAGs
[2026-08-05T12:08:53.412+0000] {logging_mixin.py:151} INFO - [2026-08-05T12:08:53.412+0000] {dag.py:3722} INFO - Setting next_dagrun for pipeline_ingestion_suivi to 2026-08-05T12:00:00+00:00, run_after=2026-08-05T13:00:00+00:00
[2026-08-05T12:08:53.429+0000] {processor.py:179} INFO - Processing /opt/airflow/dags/dag_suivi.py took 0.077 seconds
[2026-08-05T12:09:23.622+0000] {processor.py:157} INFO - Started process (PID=1038) to work on /opt/airflow/dags/dag_suivi.py
[2026-08-05T12:09:23.623+0000] {processor.py:829} INFO - Processing file /opt/airflow/dags/dag_suivi.py for tasks to queue
[2026-08-05T12:09:23.623+0000] {logging_mixin.py:151} INFO - [2026-08-05T12:09:23.623+0000] {dagbag.py:536} INFO - Filling up the DagBag from /opt/airflow/dags/dag_suivi.py
[2026-08-05T12:09:23.639+0000] {processor.py:839} INFO - DAG(s) dict_keys(['pipeline_ingestion_suivi']) retrieved from /opt/airflow/dags/dag_suivi.py
[2026-08-05T12:09:23.663+0000] {logging_mixin.py:151} INFO - [2026-08-05T12:09:23.663+0000] {dag.py:2941} INFO - Sync 1 DAGs
[2026-08-05T12:09:23.681+0000] {logging_mixin.py:151} INFO - [2026-08-05T12:09:23.680+0000] {dag.py:3722} INFO - Setting next_dagrun for pipeline_ingestion_suivi to 2026-08-05T12:00:00+00:00, run_after=2026-08-05T13:00:00+00:00
[2026-08-05T12:09:23.697+0000] {processor.py:179} INFO - Processing /opt/airflow/dags/dag_suivi.py took 0.078 seconds
[2026-08-05T12:09:53.894+0000] {processor.py:157} INFO - Started process (PID=1043) to work on /opt/airflow/dags/dag_suivi.py
[2026-08-05T12:09:53.894+0000] {processor.py:829} INFO - Processing file /opt/airflow/dags/dag_suivi.py for tasks to queue
[2026-08-05T12:09:53.895+0000] {logging_mixin.py:151} INFO - [2026-08-05T12:09:53.895+0000] {dagbag.py:536} INFO - Filling up the DagBag from /opt/airflow/dags/dag_suivi.py
[2026-08-05T12:09:53.913+0000] {processor.py:839} INFO - DAG(s) dict_keys(['pipeline_ingestion_suivi']) retrieved from /opt/airflow/dags/dag_suivi.py
[2026-08-05T12:09:53.936+0000] {logging_mixin.py:151} INFO - [2026-08-05T12:09:53.936+0000] {dag.py:2941} INFO - Sync 1 DAGs
[2026-08-05T12:09:53.953+0000] {logging_mixin.py:151} INFO - [2026-08-05T12:09:53.953+0000] {dag.py:3722} INFO - Setting next_dagrun for pipeline_ingestion_suivi to 2026-08-05T12:00:00+00:00, run_after=2026-08-05T13:00:00+00:00
[2026-08-05T12:09:53.970+0000] {processor.py:179} INFO - Processing /opt/airflow/dags/dag_suivi.py took 0.078 seconds
[2026-08-05T12:10:24.130+0000] {processor.py:157} INFO - Started process (PID=1048) to work on /opt/airflow/dags/dag_suivi.py
[2026-08-05T12:10:24.131+0000] {processor.py:829} INFO - Processing file /opt/airflow/dags/dag_suivi.py for tasks to queue
[2026-08-05T12:10:24.131+0000] {logging_mixin.py:151} INFO - [2026-08-05T12:10:24.131+0000] {dagbag.py:536} INFO - Filling up the DagBag from /opt/airflow/dags/dag_suivi.py
[2026-08-05T12:10:24.147+0000] {processor.py:839} INFO - DAG(s) dict_keys(['pipeline_ingestion_suivi']) retrieved from /opt/airflow/dags/dag_suivi.py
[2026-08-05T12:10:24.173+0000] {logging_mixin.py:151} INFO - [2026-08-05T12:10:24.172+0000] {dag.py:2941} INFO - Sync 1 DAGs
[2026-08-05T12:10:24.190+0000] {logging_mixin.py:151} INFO - [2026-08-05T12:10:24.190+0000] {dag.py:3722} INFO - Setting next_dagrun for pipeline_ingestion_suivi to 2026-08-05T12:00:00+00:00, run_after=2026-08-05T13:00:00+00:00
[2026-08-05T12:10:24.207+0000] {processor.py:179} INFO - Processing /opt/airflow/dags/dag_suivi.py took 0.080 seconds
[2026-08-05T12:10:54.417+0000] {processor.py:157} INFO - Started process (PID=1053) to work on /opt/airflow/dags/dag_suivi.py
[2026-08-05T12:10:54.418+0000] {processor.py:829} INFO - Processing file /opt/airflow/dags/dag_suivi.py for tasks to queue
[2026-08-05T12:10:54.419+0000] {logging_mixin.py:151} INFO - [2026-08-05T12:10:54.418+0000] {dagbag.py:536} INFO - Filling up the DagBag from /opt/airflow/dags/dag_suivi.py
[2026-08-05T12:10:54.447+0000] {processor.py:839} INFO - DAG(s) dict_keys(['pipeline_ingestion_suivi']) retrieved from /opt/airflow/dags/dag_suivi.py
[2026-08-05T12:10:54.481+0000] {logging_mixin.py:151} INFO - [2026-08-05T12:10:54.481+0000] {dag.py:2941} INFO - Sync 1 DAGs
[2026-08-05T12:10:54.512+0000] {logging_mixin.py:151} INFO - [2026-08-05T12:10:54.512+0000] {dag.py:3722} INFO - Setting next_dagrun for pipeline_ingestion_suivi to 2026-08-05T12:00:00+00:00, run_after=2026-08-05T13:00:00+00:00
[2026-08-05T12:10:54.539+0000] {processor.py:179} INFO - Processing /opt/airflow/dags/dag_suivi.py took 0.125 seconds
[2026-08-05T12:11:24.663+0000] {processor.py:157} INFO - Started process (PID=1058) to work on /opt/airflow/dags/dag_suivi.py
[2026-08-05T12:11:24.664+0000] {processor.py:829} INFO - Processing file /opt/airflow/dags/dag_suivi.py for tasks to queue
[2026-08-05T12:11:24.665+0000] {logging_mixin.py:151} INFO - [2026-08-05T12:11:24.664+0000] {dagbag.py:536} INFO - Filling up the DagBag from /opt/airflow/dags/dag_suivi.py
[2026-08-05T12:11:24.682+0000] {processor.py:839} INFO - DAG(s) dict_keys(['pipeline_ingestion_suivi']) retrieved from /opt/airflow/dags/dag_suivi.py
[2026-08-05T12:11:24.706+0000] {logging_mixin.py:151} INFO - [2026-08-05T12:11:24.706+0000] {dag.py:2941} INFO - Sync 1 DAGs
[2026-08-05T12:11:24.726+0000] {logging_mixin.py:151} INFO - [2026-08-05T12:11:24.725+0000] {dag.py:3722} INFO - Setting next_dagrun for pipeline_ingestion_suivi to 2026-08-05T12:00:00+00:00, run_after=2026-08-05T13:00:00+00:00
[2026-08-05T12:11:24.745+0000] {processor.py:179} INFO - Processing /opt/airflow/dags/dag_suivi.py took 0.085 seconds
[2026-08-05T12:11:55.006+0000] {processor.py:157} INFO - Started process (PID=1063) to work on /opt/airflow/dags/dag_suivi.py
[2026-08-05T12:11:55.007+0000] {processor.py:829} INFO - Processing file /opt/airflow/dags/dag_suivi.py for tasks to queue
[2026-08-05T12:11:55.007+0000] {logging_mixin.py:151} INFO - [2026-08-05T12:11:55.007+0000] {dagbag.py:536} INFO - Filling up the DagBag from /opt/airflow/dags/dag_suivi.py
[2026-08-05T12:11:55.024+0000] {processor.py:839} INFO - DAG(s) dict_keys(['pipeline_ingestion_suivi']) retrieved from /opt/airflow/dags/dag_suivi.py
[2026-08-05T12:11:55.047+0000] {logging_mixin.py:151} INFO - [2026-08-05T12:11:55.047+0000] {dag.py:2941} INFO - Sync 1 DAGs
[2026-08-05T12:11:55.065+0000] {logging_mixin.py:151} INFO - [2026-08-05T12:11:55.065+0000] {dag.py:3722} INFO - Setting next_dagrun for pipeline_ingestion_suivi to 2026-08-05T12:00:00+00:00, run_after=2026-08-05T13:00:00+00:00
[2026-08-05T12:11:55.087+0000] {processor.py:179} INFO - Processing /opt/airflow/dags/dag_suivi.py took 0.083 seconds
[2026-08-05T12:12:25.288+0000] {processor.py:157} INFO - Started process (PID=1068) to work on /opt/airflow/dags/dag_suivi.py
[2026-08-05T12:12:25.288+0000] {processor.py:829} INFO - Processing file /opt/airflow/dags/dag_suivi.py for tasks to queue
[2026-08-05T12:12:25.289+0000] {logging_mixin.py:151} INFO - [2026-08-05T12:12:25.289+0000] {dagbag.py:536} INFO - Filling up the DagBag from /opt/airflow/dags/dag_suivi.py
[2026-08-05T12:12:25.306+0000] {processor.py:839} INFO - DAG(s) dict_keys(['pipeline_ingestion_suivi']) retrieved from /opt/airflow/dags/dag_suivi.py
[2026-08-05T12:12:25.329+0000] {logging_mixin.py:151} INFO - [2026-08-05T12:12:25.328+0000] {dag.py:2941} INFO - Sync 1 DAGs
[2026-08-05T12:12:25.346+0000] {logging_mixin.py:151} INFO - [2026-08-05T12:12:25.346+0000] {dag.py:3722} INFO - Setting next_dagrun for pipeline_ingestion_suivi to 2026-08-05T12:00:00+00:00, run_after=2026-08-05T13:00:00+00:00
[2026-08-05T12:12:25.363+0000] {processor.py:179} INFO - Processing /opt/airflow/dags/dag_suivi.py took 0.078 seconds
[2026-08-05T12:12:55.535+0000] {processor.py:157} INFO - Started process (PID=1073) to work on /opt/airflow/dags/dag_suivi.py
[2026-08-05T12:12:55.536+0000] {processor.py:829} INFO - Processing file /opt/airflow/dags/dag_suivi.py for tasks to queue
[2026-08-05T12:12:55.537+0000] {logging_mixin.py:151} INFO - [2026-08-05T12:12:55.537+0000] {dagbag.py:536} INFO - Filling up the DagBag from /opt/airflow/dags/dag_suivi.py
[2026-08-05T12:12:55.556+0000] {processor.py:839} INFO - DAG(s) dict_keys(['pipeline_ingestion_suivi']) retrieved from /opt/airflow/dags/dag_suivi.py
[2026-08-05T12:12:55.580+0000] {logging_mixin.py:151} INFO - [2026-08-05T12:12:55.580+0000] {dag.py:2941} INFO - Sync 1 DAGs
[2026-08-05T12:12:55.597+0000] {logging_mixin.py:151} INFO - [2026-08-05T12:12:55.597+0000] {dag.py:3722} INFO - Setting next_dagrun for pipeline_ingestion_suivi to 2026-08-05T12:00:00+00:00, run_after=2026-08-05T13:00:00+00:00
[2026-08-05T12:12:55.614+0000] {processor.py:179} INFO - Processing /opt/airflow/dags/dag_suivi.py took 0.082 seconds
[2026-08-05T12:13:25.777+0000] {processor.py:157} INFO - Started process (PID=1078) to work on /opt/airflow/dags/dag_suivi.py
[2026-08-05T12:13:25.777+0000] {processor.py:829} INFO - Processing file /opt/airflow/dags/dag_suivi.py for tasks to queue
[2026-08-05T12:13:25.778+0000] {logging_mixin.py:151} INFO - [2026-08-05T12:13:25.778+0000] {dagbag.py:536} INFO - Filling up the DagBag from /opt/airflow/dags/dag_suivi.py
[2026-08-05T12:13:25.797+0000] {processor.py:839} INFO - DAG(s) dict_keys(['pipeline_ingestion_suivi']) retrieved from /opt/airflow/dags/dag_suivi.py
[2026-08-05T12:13:25.824+0000] {logging_mixin.py:151} INFO - [2026-08-05T12:13:25.823+0000] {dag.py:2941} INFO - Sync 1 DAGs
[2026-08-05T12:13:25.844+0000] {logging_mixin.py:151} INFO - [2026-08-05T12:13:25.844+0000] {dag.py:3722} INFO - Setting next_dagrun for pipeline_ingestion_suivi to 2026-08-05T12:00:00+00:00, run_after=2026-08-05T13:00:00+00:00
[2026-08-05T12:13:25.862+0000] {processor.py:179} INFO - Processing /opt/airflow/dags/dag_suivi.py took 0.088 seconds
[2026-08-05T12:13:56.046+0000] {processor.py:157} INFO - Started process (PID=1083) to work on /opt/airflow/dags/dag_suivi.py
[2026-08-05T12:13:56.047+0000] {processor.py:829} INFO - Processing file /opt/airflow/dags/dag_suivi.py for tasks to queue
[2026-08-05T12:13:56.048+0000] {logging_mixin.py:151} INFO - [2026-08-05T12:13:56.048+0000] {dagbag.py:536} INFO - Filling up the DagBag from /opt/airflow/dags/dag_suivi.py
[2026-08-05T12:13:56.067+0000] {processor.py:839} INFO - DAG(s) dict_keys(['pipeline_ingestion_suivi']) retrieved from /opt/airflow/dags/dag_suivi.py
[2026-08-05T12:13:56.090+0000] {logging_mixin.py:151} INFO - [2026-08-05T12:13:56.090+0000] {dag.py:2941} INFO - Sync 1 DAGs
[2026-08-05T12:13:56.107+0000] {logging_mixin.py:151} INFO - [2026-08-05T12:13:56.107+0000] {dag.py:3722} INFO - Setting next_dagrun for pipeline_ingestion_suivi to 2026-08-05T12:00:00+00:00, run_after=2026-08-05T13:00:00+00:00
[2026-08-05T12:13:56.125+0000] {processor.py:179} INFO - Processing /opt/airflow/dags/dag_suivi.py took 0.083 seconds
[2026-08-05T12:14:26.310+0000] {processor.py:157} INFO - Started process (PID=1088) to work on /opt/airflow/dags/dag_suivi.py
[2026-08-05T12:14:26.311+0000] {processor.py:829} INFO - Processing file /opt/airflow/dags/dag_suivi.py for tasks to queue
[2026-08-05T12:14:26.311+0000] {logging_mixin.py:151} INFO - [2026-08-05T12:14:26.311+0000] {dagbag.py:536} INFO - Filling up the DagBag from /opt/airflow/dags/dag_suivi.py
[2026-08-05T12:14:26.329+0000] {processor.py:839} INFO - DAG(s) dict_keys(['pipeline_ingestion_suivi']) retrieved from /opt/airflow/dags/dag_suivi.py
[2026-08-05T12:14:26.351+0000] {logging_mixin.py:151} INFO - [2026-08-05T12:14:26.351+0000] {dag.py:2941} INFO - Sync 1 DAGs
[2026-08-05T12:14:26.369+0000] {logging_mixin.py:151} INFO - [2026-08-05T12:14:26.369+0000] {dag.py:3722} INFO - Setting next_dagrun for pipeline_ingestion_suivi to 2026-08-05T12:00:00+00:00, run_after=2026-08-05T13:00:00+00:00
[2026-08-05T12:14:26.386+0000] {processor.py:179} INFO - Processing /opt/airflow/dags/dag_suivi.py took 0.078 seconds
[2026-08-05T12:14:56.590+0000] {processor.py:157} INFO - Started process (PID=1093) to work on /opt/airflow/dags/dag_suivi.py
[2026-08-05T12:14:56.591+0000] {processor.py:829} INFO - Processing file /opt/airflow/dags/dag_suivi.py for tasks to queue
[2026-08-05T12:14:56.592+0000] {logging_mixin.py:151} INFO - [2026-08-05T12:14:56.591+0000] {dagbag.py:536} INFO - Filling up the DagBag from /opt/airflow/dags/dag_suivi.py
[2026-08-05T12:14:56.608+0000] {processor.py:839} INFO - DAG(s) dict_keys(['pipeline_ingestion_suivi']) retrieved from /opt/airflow/dags/dag_suivi.py
[2026-08-05T12:14:56.631+0000] {logging_mixin.py:151} INFO - [2026-08-05T12:14:56.631+0000] {dag.py:2941} INFO - Sync 1 DAGs
[2026-08-05T12:14:56.648+0000] {logging_mixin.py:151} INFO - [2026-08-05T12:14:56.647+0000] {dag.py:3722} INFO - Setting next_dagrun for pipeline_ingestion_suivi to 2026-08-05T12:00:00+00:00, run_after=2026-08-05T13:00:00+00:00
[2026-08-05T12:14:56.666+0000] {processor.py:179} INFO - Processing /opt/airflow/dags/dag_suivi.py took 0.079 seconds
[2026-08-05T12:15:26.835+0000] {processor.py:157} INFO - Started process (PID=1098) to work on /opt/airflow/dags/dag_suivi.py
[2026-08-05T12:15:26.835+0000] {processor.py:829} INFO - Processing file /opt/airflow/dags/dag_suivi.py for tasks to queue
[2026-08-05T12:15:26.836+0000] {logging_mixin.py:151} INFO - [2026-08-05T12:15:26.836+0000] {dagbag.py:536} INFO - Filling up the DagBag from /opt/airflow/dags/dag_suivi.py
[2026-08-05T12:15:26.854+0000] {processor.py:839} INFO - DAG(s) dict_keys(['pipeline_ingestion_suivi']) retrieved from /opt/airflow/dags/dag_suivi.py
[2026-08-05T12:15:26.876+0000] {logging_mixin.py:151} INFO - [2026-08-05T12:15:26.876+0000] {dag.py:2941} INFO - Sync 1 DAGs
[2026-08-05T12:15:26.895+0000] {logging_mixin.py:151} INFO - [2026-08-05T12:15:26.895+0000] {dag.py:3722} INFO - Setting next_dagrun for pipeline_ingestion_suivi to 2026-08-05T12:00:00+00:00, run_after=2026-08-05T13:00:00+00:00
[2026-08-05T12:15:26.912+0000] {processor.py:179} INFO - Processing /opt/airflow/dags/dag_suivi.py took 0.080 seconds
[2026-08-05T12:15:57.110+0000] {processor.py:157} INFO - Started process (PID=1103) to work on /opt/airflow/dags/dag_suivi.py
[2026-08-05T12:15:57.110+0000] {processor.py:829} INFO - Processing file /opt/airflow/dags/dag_suivi.py for tasks to queue
[2026-08-05T12:15:57.111+0000] {logging_mixin.py:151} INFO - [2026-08-05T12:15:57.111+0000] {dagbag.py:536} INFO - Filling up the DagBag from /opt/airflow/dags/dag_suivi.py
[2026-08-05T12:15:57.130+0000] {processor.py:839} INFO - DAG(s) dict_keys(['pipeline_ingestion_suivi']) retrieved from /opt/airflow/dags/dag_suivi.py
[2026-08-05T12:15:57.157+0000] {logging_mixin.py:151} INFO - [2026-08-05T12:15:57.156+0000] {dag.py:2941} INFO - Sync 1 DAGs
[2026-08-05T12:15:57.181+0000] {logging_mixin.py:151} INFO - [2026-08-05T12:15:57.181+0000] {dag.py:3722} INFO - Setting next_dagrun for pipeline_ingestion_suivi to 2026-08-05T12:00:00+00:00, run_after=2026-08-05T13:00:00+00:00
[2026-08-05T12:15:57.206+0000] {processor.py:179} INFO - Processing /opt/airflow/dags/dag_suivi.py took 0.099 seconds
[2026-08-05T12:16:27.339+0000] {processor.py:157} INFO - Started process (PID=1108) to work on /opt/airflow/dags/dag_suivi.py
[2026-08-05T12:16:27.340+0000] {processor.py:829} INFO - Processing file /opt/airflow/dags/dag_suivi.py for tasks to queue
[2026-08-05T12:16:27.342+0000] {logging_mixin.py:151} INFO - [2026-08-05T12:16:27.341+0000] {dagbag.py:536} INFO - Filling up the DagBag from /opt/airflow/dags/dag_suivi.py
[2026-08-05T12:16:27.377+0000] {processor.py:839} INFO - DAG(s) dict_keys(['pipeline_ingestion_suivi']) retrieved from /opt/airflow/dags/dag_suivi.py
[2026-08-05T12:16:27.419+0000] {logging_mixin.py:151} INFO - [2026-08-05T12:16:27.418+0000] {dag.py:2941} INFO - Sync 1 DAGs
[2026-08-05T12:16:27.455+0000] {logging_mixin.py:151} INFO - [2026-08-05T12:16:27.455+0000] {dag.py:3722} INFO - Setting next_dagrun for pipeline_ingestion_suivi to 2026-08-05T12:00:00+00:00, run_after=2026-08-05T13:00:00+00:00
[2026-08-05T12:16:27.487+0000] {processor.py:179} INFO - Processing /opt/airflow/dags/dag_suivi.py took 0.153 seconds
[2026-08-05T12:16:57.589+0000] {processor.py:157} INFO - Started process (PID=1113) to work on /opt/airflow/dags/dag_suivi.py
[2026-08-05T12:16:57.590+0000] {processor.py:829} INFO - Processing file /opt/airflow/dags/dag_suivi.py for tasks to queue
[2026-08-05T12:16:57.591+0000] {logging_mixin.py:151} INFO - [2026-08-05T12:16:57.590+0000] {dagbag.py:536} INFO - Filling up the DagBag from /opt/airflow/dags/dag_suivi.py
[2026-08-05T12:16:57.612+0000] {processor.py:839} INFO - DAG(s) dict_keys(['pipeline_ingestion_suivi']) retrieved from /opt/airflow/dags/dag_suivi.py
[2026-08-05T12:16:57.641+0000] {logging_mixin.py:151} INFO - [2026-08-05T12:16:57.641+0000] {dag.py:2941} INFO - Sync 1 DAGs
[2026-08-05T12:16:57.664+0000] {logging_mixin.py:151} INFO - [2026-08-05T12:16:57.664+0000] {dag.py:3722} INFO - Setting next_dagrun for pipeline_ingestion_suivi to 2026-08-05T12:00:00+00:00, run_after=2026-08-05T13:00:00+00:00
[2026-08-05T12:16:57.685+0000] {processor.py:179} INFO - Processing /opt/airflow/dags/dag_suivi.py took 0.099 seconds
[2026-08-05T12:17:28.424+0000] {processor.py:157} INFO - Started process (PID=1118) to work on /opt/airflow/dags/dag_suivi.py
[2026-08-05T12:17:28.441+0000] {processor.py:829} INFO - Processing file /opt/airflow/dags/dag_suivi.py for tasks to queue
[2026-08-05T12:17:28.444+0000] {logging_mixin.py:151} INFO - [2026-08-05T12:17:28.443+0000] {dagbag.py:536} INFO - Filling up the DagBag from /opt/airflow/dags/dag_suivi.py
[2026-08-05T12:17:28.815+0000] {processor.py:839} INFO - DAG(s) dict_keys(['pipeline_ingestion_suivi']) retrieved from /opt/airflow/dags/dag_suivi.py
[2026-08-05T12:17:29.089+0000] {logging_mixin.py:151} INFO - [2026-08-05T12:17:29.088+0000] {dag.py:2941} INFO - Sync 1 DAGs
[2026-08-05T12:17:29.275+0000] {logging_mixin.py:151} INFO - [2026-08-05T12:17:29.267+0000] {dag.py:3722} INFO - Setting next_dagrun for pipeline_ingestion_suivi to 2026-08-05T12:00:00+00:00, run_after=2026-08-05T13:00:00+00:00
[2026-08-05T12:17:29.433+0000] {processor.py:179} INFO - Processing /opt/airflow/dags/dag_suivi.py took 1.027 seconds
[2026-08-05T12:17:59.601+0000] {processor.py:157} INFO - Started process (PID=1123) to work on /opt/airflow/dags/dag_suivi.py
[2026-08-05T12:17:59.601+0000] {processor.py:829} INFO - Processing file /opt/airflow/dags/dag_suivi.py for tasks to queue
[2026-08-05T12:17:59.602+0000] {logging_mixin.py:151} INFO - [2026-08-05T12:17:59.602+0000] {dagbag.py:536} INFO - Filling up the DagBag from /opt/airflow/dags/dag_suivi.py
[2026-08-05T12:17:59.621+0000] {processor.py:839} INFO - DAG(s) dict_keys(['pipeline_ingestion_suivi']) retrieved from /opt/airflow/dags/dag_suivi.py
[2026-08-05T12:17:59.647+0000] {logging_mixin.py:151} INFO - [2026-08-05T12:17:59.647+0000] {dag.py:2941} INFO - Sync 1 DAGs
[2026-08-05T12:17:59.666+0000] {logging_mixin.py:151} INFO - [2026-08-05T12:17:59.666+0000] {dag.py:3722} INFO - Setting next_dagrun for pipeline_ingestion_suivi to 2026-08-05T12:00:00+00:00, run_after=2026-08-05T13:00:00+00:00
[2026-08-05T12:17:59.684+0000] {processor.py:179} INFO - Processing /opt/airflow/dags/dag_suivi.py took 0.087 seconds
[2026-08-05T12:18:29.831+0000] {processor.py:157} INFO - Started process (PID=1128) to work on /opt/airflow/dags/dag_suivi.py
[2026-08-05T12:18:29.832+0000] {processor.py:829} INFO - Processing file /opt/airflow/dags/dag_suivi.py for tasks to queue
[2026-08-05T12:18:29.833+0000] {logging_mixin.py:151} INFO - [2026-08-05T12:18:29.833+0000] {dagbag.py:536} INFO - Filling up the DagBag from /opt/airflow/dags/dag_suivi.py
[2026-08-05T12:18:29.850+0000] {processor.py:839} INFO - DAG(s) dict_keys(['pipeline_ingestion_suivi']) retrieved from /opt/airflow/dags/dag_suivi.py
[2026-08-05T12:18:29.877+0000] {logging_mixin.py:151} INFO - [2026-08-05T12:18:29.877+0000] {dag.py:2941} INFO - Sync 1 DAGs
[2026-08-05T12:18:29.898+0000] {logging_mixin.py:151} INFO - [2026-08-05T12:18:29.898+0000] {dag.py:3722} INFO - Setting next_dagrun for pipeline_ingestion_suivi to 2026-08-05T12:00:00+00:00, run_after=2026-08-05T13:00:00+00:00
[2026-08-05T12:18:29.927+0000] {processor.py:179} INFO - Processing /opt/airflow/dags/dag_suivi.py took 0.098 seconds
[2026-08-05T12:19:00.122+0000] {processor.py:157} INFO - Started process (PID=1133) to work on /opt/airflow/dags/dag_suivi.py
[2026-08-05T12:19:00.123+0000] {processor.py:829} INFO - Processing file /opt/airflow/dags/dag_suivi.py for tasks to queue
[2026-08-05T12:19:00.123+0000] {logging_mixin.py:151} INFO - [2026-08-05T12:19:00.123+0000] {dagbag.py:536} INFO - Filling up the DagBag from /opt/airflow/dags/dag_suivi.py
[2026-08-05T12:19:00.141+0000] {processor.py:839} INFO - DAG(s) dict_keys(['pipeline_ingestion_suivi']) retrieved from /opt/airflow/dags/dag_suivi.py
[2026-08-05T12:19:00.168+0000] {logging_mixin.py:151} INFO - [2026-08-05T12:19:00.168+0000] {dag.py:2941} INFO - Sync 1 DAGs
[2026-08-05T12:19:00.190+0000] {logging_mixin.py:151} INFO - [2026-08-05T12:19:00.190+0000] {dag.py:3722} INFO - Setting next_dagrun for pipeline_ingestion_suivi to 2026-08-05T12:00:00+00:00, run_after=2026-08-05T13:00:00+00:00
[2026-08-05T12:19:00.207+0000] {processor.py:179} INFO - Processing /opt/airflow/dags/dag_suivi.py took 0.088 seconds
[2026-08-05T12:19:30.359+0000] {processor.py:157} INFO - Started process (PID=1138) to work on /opt/airflow/dags/dag_suivi.py
[2026-08-05T12:19:30.360+0000] {processor.py:829} INFO - Processing file /opt/airflow/dags/dag_suivi.py for tasks to queue
[2026-08-05T12:19:30.360+0000] {logging_mixin.py:151} INFO - [2026-08-05T12:19:30.360+0000] {dagbag.py:536} INFO - Filling up the DagBag from /opt/airflow/dags/dag_suivi.py
[2026-08-05T12:19:30.379+0000] {processor.py:839} INFO - DAG(s) dict_keys(['pipeline_ingestion_suivi']) retrieved from /opt/airflow/dags/dag_suivi.py
[2026-08-05T12:19:30.404+0000] {logging_mixin.py:151} INFO - [2026-08-05T12:19:30.404+0000] {dag.py:2941} INFO - Sync 1 DAGs
[2026-08-05T12:19:30.422+0000] {logging_mixin.py:151} INFO - [2026-08-05T12:19:30.422+0000] {dag.py:3722} INFO - Setting next_dagrun for pipeline_ingestion_suivi to 2026-08-05T12:00:00+00:00, run_after=2026-08-05T13:00:00+00:00
[2026-08-05T12:19:30.449+0000] {processor.py:179} INFO - Processing /opt/airflow/dags/dag_suivi.py took 0.093 seconds
[2026-08-05T12:20:00.672+0000] {processor.py:157} INFO - Started process (PID=1143) to work on /opt/airflow/dags/dag_suivi.py
[2026-08-05T12:20:00.673+0000] {processor.py:829} INFO - Processing file /opt/airflow/dags/dag_suivi.py for tasks to queue
[2026-08-05T12:20:00.673+0000] {logging_mixin.py:151} INFO - [2026-08-05T12:20:00.673+0000] {dagbag.py:536} INFO - Filling up the DagBag from /opt/airflow/dags/dag_suivi.py
[2026-08-05T12:20:00.689+0000] {processor.py:839} INFO - DAG(s) dict_keys(['pipeline_ingestion_suivi']) retrieved from /opt/airflow/dags/dag_suivi.py
[2026-08-05T12:20:00.711+0000] {logging_mixin.py:151} INFO - [2026-08-05T12:20:00.710+0000] {dag.py:2941} INFO - Sync 1 DAGs
[2026-08-05T12:20:00.729+0000] {logging_mixin.py:151} INFO - [2026-08-05T12:20:00.729+0000] {dag.py:3722} INFO - Setting next_dagrun for pipeline_ingestion_suivi to 2026-08-05T12:00:00+00:00, run_after=2026-08-05T13:00:00+00:00
[2026-08-05T12:20:00.757+0000] {processor.py:179} INFO - Processing /opt/airflow/dags/dag_suivi.py took 0.087 seconds
[2026-08-05T12:20:30.948+0000] {processor.py:157} INFO - Started process (PID=1148) to work on /opt/airflow/dags/dag_suivi.py
[2026-08-05T12:20:30.949+0000] {processor.py:829} INFO - Processing file /opt/airflow/dags/dag_suivi.py for tasks to queue
[2026-08-05T12:20:30.950+0000] {logging_mixin.py:151} INFO - [2026-08-05T12:20:30.950+0000] {dagbag.py:536} INFO - Filling up the DagBag from /opt/airflow/dags/dag_suivi.py
[2026-08-05T12:20:30.973+0000] {processor.py:839} INFO - DAG(s) dict_keys(['pipeline_ingestion_suivi']) retrieved from /opt/airflow/dags/dag_suivi.py
[2026-08-05T12:20:31.000+0000] {logging_mixin.py:151} INFO - [2026-08-05T12:20:31.000+0000] {dag.py:2941} INFO - Sync 1 DAGs
[2026-08-05T12:20:31.018+0000] {logging_mixin.py:151} INFO - [2026-08-05T12:20:31.018+0000] {dag.py:3722} INFO - Setting next_dagrun for pipeline_ingestion_suivi to 2026-08-05T12:00:00+00:00, run_after=2026-08-05T13:00:00+00:00
[2026-08-05T12:20:31.036+0000] {processor.py:179} INFO - Processing /opt/airflow/dags/dag_suivi.py took 0.090 seconds
[2026-08-05T12:21:01.252+0000] {processor.py:157} INFO - Started process (PID=1153) to work on /opt/airflow/dags/dag_suivi.py
[2026-08-05T12:21:01.253+0000] {processor.py:829} INFO - Processing file /opt/airflow/dags/dag_suivi.py for tasks to queue
[2026-08-05T12:21:01.253+0000] {logging_mixin.py:151} INFO - [2026-08-05T12:21:01.253+0000] {dagbag.py:536} INFO - Filling up the DagBag from /opt/airflow/dags/dag_suivi.py
[2026-08-05T12:21:01.271+0000] {processor.py:839} INFO - DAG(s) dict_keys(['pipeline_ingestion_suivi']) retrieved from /opt/airflow/dags/dag_suivi.py
[2026-08-05T12:21:01.294+0000] {logging_mixin.py:151} INFO - [2026-08-05T12:21:01.294+0000] {dag.py:2941} INFO - Sync 1 DAGs
[2026-08-05T12:21:01.314+0000] {logging_mixin.py:151} INFO - [2026-08-05T12:21:01.314+0000] {dag.py:3722} INFO - Setting next_dagrun for pipeline_ingestion_suivi to 2026-08-05T12:00:00+00:00, run_after=2026-08-05T13:00:00+00:00
[2026-08-05T12:21:01.341+0000] {processor.py:179} INFO - Processing /opt/airflow/dags/dag_suivi.py took 0.092 seconds
[2026-08-05T12:21:31.519+0000] {processor.py:157} INFO - Started process (PID=1158) to work on /opt/airflow/dags/dag_suivi.py
[2026-08-05T12:21:31.519+0000] {processor.py:829} INFO - Processing file /opt/airflow/dags/dag_suivi.py for tasks to queue
[2026-08-05T12:21:31.520+0000] {logging_mixin.py:151} INFO - [2026-08-05T12:21:31.520+0000] {dagbag.py:536} INFO - Filling up the DagBag from /opt/airflow/dags/dag_suivi.py
[2026-08-05T12:21:31.537+0000] {processor.py:839} INFO - DAG(s) dict_keys(['pipeline_ingestion_suivi']) retrieved from /opt/airflow/dags/dag_suivi.py
[2026-08-05T12:21:31.563+0000] {logging_mixin.py:151} INFO - [2026-08-05T12:21:31.563+0000] {dag.py:2941} INFO - Sync 1 DAGs
[2026-08-05T12:21:31.581+0000] {logging_mixin.py:151} INFO - [2026-08-05T12:21:31.580+0000] {dag.py:3722} INFO - Setting next_dagrun for pipeline_ingestion_suivi to 2026-08-05T12:00:00+00:00, run_after=2026-08-05T13:00:00+00:00
[2026-08-05T12:21:31.609+0000] {processor.py:179} INFO - Processing /opt/airflow/dags/dag_suivi.py took 0.094 seconds
[2026-08-05T12:22:01.834+0000] {processor.py:157} INFO - Started process (PID=1163) to work on /opt/airflow/dags/dag_suivi.py
[2026-08-05T12:22:01.834+0000] {processor.py:829} INFO - Processing file /opt/airflow/dags/dag_suivi.py for tasks to queue
[2026-08-05T12:22:01.835+0000] {logging_mixin.py:151} INFO - [2026-08-05T12:22:01.835+0000] {dagbag.py:536} INFO - Filling up the DagBag from /opt/airflow/dags/dag_suivi.py
[2026-08-05T12:22:01.854+0000] {processor.py:839} INFO - DAG(s) dict_keys(['pipeline_ingestion_suivi']) retrieved from /opt/airflow/dags/dag_suivi.py
[2026-08-05T12:22:01.877+0000] {logging_mixin.py:151} INFO - [2026-08-05T12:22:01.877+0000] {dag.py:2941} INFO - Sync 1 DAGs
[2026-08-05T12:22:01.894+0000] {logging_mixin.py:151} INFO - [2026-08-05T12:22:01.894+0000] {dag.py:3722} INFO - Setting next_dagrun for pipeline_ingestion_suivi to 2026-08-05T12:00:00+00:00, run_after=2026-08-05T13:00:00+00:00
[2026-08-05T12:22:01.922+0000] {processor.py:179} INFO - Processing /opt/airflow/dags/dag_suivi.py took 0.091 seconds
[2026-08-05T12:22:32.132+0000] {processor.py:157} INFO - Started process (PID=1168) to work on /opt/airflow/dags/dag_suivi.py
[2026-08-05T12:22:32.133+0000] {processor.py:829} INFO - Processing file /opt/airflow/dags/dag_suivi.py for tasks to queue
[2026-08-05T12:22:32.133+0000] {logging_mixin.py:151} INFO - [2026-08-05T12:22:32.133+0000] {dagbag.py:536} INFO - Filling up the DagBag from /opt/airflow/dags/dag_suivi.py
[2026-08-05T12:22:32.152+0000] {processor.py:839} INFO - DAG(s) dict_keys(['pipeline_ingestion_suivi']) retrieved from /opt/airflow/dags/dag_suivi.py
[2026-08-05T12:22:32.179+0000] {logging_mixin.py:151} INFO - [2026-08-05T12:22:32.179+0000] {dag.py:2941} INFO - Sync 1 DAGs
[2026-08-05T12:22:32.200+0000] {logging_mixin.py:151} INFO - [2026-08-05T12:22:32.200+0000] {dag.py:3722} INFO - Setting next_dagrun for pipeline_ingestion_suivi to 2026-08-05T12:00:00+00:00, run_after=2026-08-05T13:00:00+00:00
[2026-08-05T12:22:32.232+0000] {processor.py:179} INFO - Processing /opt/airflow/dags/dag_suivi.py took 0.102 seconds
[2026-08-05T12:23:02.413+0000] {processor.py:157} INFO - Started process (PID=1173) to work on /opt/airflow/dags/dag_suivi.py
[2026-08-05T12:23:02.414+0000] {processor.py:829} INFO - Processing file /opt/airflow/dags/dag_suivi.py for tasks to queue
[2026-08-05T12:23:02.414+0000] {logging_mixin.py:151} INFO - [2026-08-05T12:23:02.414+0000] {dagbag.py:536} INFO - Filling up the DagBag from /opt/airflow/dags/dag_suivi.py
[2026-08-05T12:23:02.431+0000] {processor.py:839} INFO - DAG(s) dict_keys(['pipeline_ingestion_suivi']) retrieved from /opt/airflow/dags/dag_suivi.py
[2026-08-05T12:23:02.456+0000] {logging_mixin.py:151} INFO - [2026-08-05T12:23:02.456+0000] {dag.py:2941} INFO - Sync 1 DAGs
[2026-08-05T12:23:02.473+0000] {logging_mixin.py:151} INFO - [2026-08-05T12:23:02.473+0000] {dag.py:3722} INFO - Setting next_dagrun for pipeline_ingestion_suivi to 2026-08-05T12:00:00+00:00, run_after=2026-08-05T13:00:00+00:00
[2026-08-05T12:23:02.490+0000] {processor.py:179} INFO - Processing /opt/airflow/dags/dag_suivi.py took 0.080 seconds
[2026-08-05T12:23:32.697+0000] {processor.py:157} INFO - Started process (PID=1178) to work on /opt/airflow/dags/dag_suivi.py
[2026-08-05T12:23:32.698+0000] {processor.py:829} INFO - Processing file /opt/airflow/dags/dag_suivi.py for tasks to queue
[2026-08-05T12:23:32.699+0000] {logging_mixin.py:151} INFO - [2026-08-05T12:23:32.698+0000] {dagbag.py:536} INFO - Filling up the DagBag from /opt/airflow/dags/dag_suivi.py
[2026-08-05T12:23:32.716+0000] {processor.py:839} INFO - DAG(s) dict_keys(['pipeline_ingestion_suivi']) retrieved from /opt/airflow/dags/dag_suivi.py
[2026-08-05T12:23:32.742+0000] {logging_mixin.py:151} INFO - [2026-08-05T12:23:32.742+0000] {dag.py:2941} INFO - Sync 1 DAGs
[2026-08-05T12:23:32.761+0000] {logging_mixin.py:151} INFO - [2026-08-05T12:23:32.761+0000] {dag.py:3722} INFO - Setting next_dagrun for pipeline_ingestion_suivi to 2026-08-05T12:00:00+00:00, run_after=2026-08-05T13:00:00+00:00
[2026-08-05T12:23:32.781+0000] {processor.py:179} INFO - Processing /opt/airflow/dags/dag_suivi.py took 0.086 seconds
[2026-08-05T12:24:02.979+0000] {processor.py:157} INFO - Started process (PID=1183) to work on /opt/airflow/dags/dag_suivi.py
[2026-08-05T12:24:02.979+0000] {processor.py:829} INFO - Processing file /opt/airflow/dags/dag_suivi.py for tasks to queue
[2026-08-05T12:24:02.980+0000] {logging_mixin.py:151} INFO - [2026-08-05T12:24:02.980+0000] {dagbag.py:536} INFO - Filling up the DagBag from /opt/airflow/dags/dag_suivi.py
[2026-08-05T12:24:02.996+0000] {processor.py:839} INFO - DAG(s) dict_keys(['pipeline_ingestion_suivi']) retrieved from /opt/airflow/dags/dag_suivi.py
[2026-08-05T12:24:03.021+0000] {logging_mixin.py:151} INFO - [2026-08-05T12:24:03.021+0000] {dag.py:2941} INFO - Sync 1 DAGs
[2026-08-05T12:24:03.039+0000] {logging_mixin.py:151} INFO - [2026-08-05T12:24:03.039+0000] {dag.py:3722} INFO - Setting next_dagrun for pipeline_ingestion_suivi to 2026-08-05T12:00:00+00:00, run_after=2026-08-05T13:00:00+00:00
[2026-08-05T12:24:03.067+0000] {processor.py:179} INFO - Processing /opt/airflow/dags/dag_suivi.py took 0.094 seconds
[2026-08-05T12:24:33.271+0000] {processor.py:157} INFO - Started process (PID=1188) to work on /opt/airflow/dags/dag_suivi.py
[2026-08-05T12:24:33.272+0000] {processor.py:829} INFO - Processing file /opt/airflow/dags/dag_suivi.py for tasks to queue
[2026-08-05T12:24:33.272+0000] {logging_mixin.py:151} INFO - [2026-08-05T12:24:33.272+0000] {dagbag.py:536} INFO - Filling up the DagBag from /opt/airflow/dags/dag_suivi.py
[2026-08-05T12:24:33.290+0000] {processor.py:839} INFO - DAG(s) dict_keys(['pipeline_ingestion_suivi']) retrieved from /opt/airflow/dags/dag_suivi.py
[2026-08-05T12:24:33.313+0000] {logging_mixin.py:151} INFO - [2026-08-05T12:24:33.313+0000] {dag.py:2941} INFO - Sync 1 DAGs
[2026-08-05T12:24:33.331+0000] {logging_mixin.py:151} INFO - [2026-08-05T12:24:33.330+0000] {dag.py:3722} INFO - Setting next_dagrun for pipeline_ingestion_suivi to 2026-08-05T12:00:00+00:00, run_after=2026-08-05T13:00:00+00:00
[2026-08-05T12:24:33.356+0000] {processor.py:179} INFO - Processing /opt/airflow/dags/dag_suivi.py took 0.088 seconds
[2026-08-05T12:25:03.534+0000] {processor.py:157} INFO - Started process (PID=1193) to work on /opt/airflow/dags/dag_suivi.py
[2026-08-05T12:25:03.535+0000] {processor.py:829} INFO - Processing file /opt/airflow/dags/dag_suivi.py for tasks to queue
[2026-08-05T12:25:03.536+0000] {logging_mixin.py:151} INFO - [2026-08-05T12:25:03.536+0000] {dagbag.py:536} INFO - Filling up the DagBag from /opt/airflow/dags/dag_suivi.py
[2026-08-05T12:25:03.553+0000] {processor.py:839} INFO - DAG(s) dict_keys(['pipeline_ingestion_suivi']) retrieved from /opt/airflow/dags/dag_suivi.py
[2026-08-05T12:25:03.578+0000] {logging_mixin.py:151} INFO - [2026-08-05T12:25:03.578+0000] {dag.py:2941} INFO - Sync 1 DAGs
[2026-08-05T12:25:03.595+0000] {logging_mixin.py:151} INFO - [2026-08-05T12:25:03.595+0000] {dag.py:3722} INFO - Setting next_dagrun for pipeline_ingestion_suivi to 2026-08-05T12:00:00+00:00, run_after=2026-08-05T13:00:00+00:00
[2026-08-05T12:25:03.613+0000] {processor.py:179} INFO - Processing /opt/airflow/dags/dag_suivi.py took 0.081 seconds
[2026-08-05T12:25:33.851+0000] {processor.py:157} INFO - Started process (PID=1198) to work on /opt/airflow/dags/dag_suivi.py
[2026-08-05T12:25:33.851+0000] {processor.py:829} INFO - Processing file /opt/airflow/dags/dag_suivi.py for tasks to queue
[2026-08-05T12:25:33.852+0000] {logging_mixin.py:151} INFO - [2026-08-05T12:25:33.852+0000] {dagbag.py:536} INFO - Filling up the DagBag from /opt/airflow/dags/dag_suivi.py
[2026-08-05T12:25:33.868+0000] {processor.py:839} INFO - DAG(s) dict_keys(['pipeline_ingestion_suivi']) retrieved from /opt/airflow/dags/dag_suivi.py
[2026-08-05T12:25:33.890+0000] {logging_mixin.py:151} INFO - [2026-08-05T12:25:33.890+0000] {dag.py:2941} INFO - Sync 1 DAGs
[2026-08-05T12:25:33.908+0000] {logging_mixin.py:151} INFO - [2026-08-05T12:25:33.908+0000] {dag.py:3722} INFO - Setting next_dagrun for pipeline_ingestion_suivi to 2026-08-05T12:00:00+00:00, run_after=2026-08-05T13:00:00+00:00
[2026-08-05T12:25:33.933+0000] {processor.py:179} INFO - Processing /opt/airflow/dags/dag_suivi.py took 0.085 seconds
[2026-08-05T12:26:04.109+0000] {processor.py:157} INFO - Started process (PID=1203) to work on /opt/airflow/dags/dag_suivi.py
[2026-08-05T12:26:04.110+0000] {processor.py:829} INFO - Processing file /opt/airflow/dags/dag_suivi.py for tasks to queue
[2026-08-05T12:26:04.111+0000] {logging_mixin.py:151} INFO - [2026-08-05T12:26:04.111+0000] {dagbag.py:536} INFO - Filling up the DagBag from /opt/airflow/dags/dag_suivi.py
[2026-08-05T12:26:04.127+0000] {processor.py:839} INFO - DAG(s) dict_keys(['pipeline_ingestion_suivi']) retrieved from /opt/airflow/dags/dag_suivi.py
[2026-08-05T12:26:04.148+0000] {logging_mixin.py:151} INFO - [2026-08-05T12:26:04.148+0000] {dag.py:2941} INFO - Sync 1 DAGs
[2026-08-05T12:26:04.166+0000] {logging_mixin.py:151} INFO - [2026-08-05T12:26:04.165+0000] {dag.py:3722} INFO - Setting next_dagrun for pipeline_ingestion_suivi to 2026-08-05T12:00:00+00:00, run_after=2026-08-05T13:00:00+00:00
[2026-08-05T12:26:04.192+0000] {processor.py:179} INFO - Processing /opt/airflow/dags/dag_suivi.py took 0.085 seconds
[2026-08-05T12:26:34.386+0000] {processor.py:157} INFO - Started process (PID=1208) to work on /opt/airflow/dags/dag_suivi.py
[2026-08-05T12:26:34.387+0000] {processor.py:829} INFO - Processing file /opt/airflow/dags/dag_suivi.py for tasks to queue
[2026-08-05T12:26:34.388+0000] {logging_mixin.py:151} INFO - [2026-08-05T12:26:34.387+0000] {dagbag.py:536} INFO - Filling up the DagBag from /opt/airflow/dags/dag_suivi.py
[2026-08-05T12:26:34.405+0000] {processor.py:839} INFO - DAG(s) dict_keys(['pipeline_ingestion_suivi']) retrieved from /opt/airflow/dags/dag_suivi.py
[2026-08-05T12:26:34.431+0000] {logging_mixin.py:151} INFO - [2026-08-05T12:26:34.430+0000] {dag.py:2941} INFO - Sync 1 DAGs
[2026-08-05T12:26:34.450+0000] {logging_mixin.py:151} INFO - [2026-08-05T12:26:34.450+0000] {dag.py:3722} INFO - Setting next_dagrun for pipeline_ingestion_suivi to 2026-08-05T12:00:00+00:00, run_after=2026-08-05T13:00:00+00:00
[2026-08-05T12:26:34.469+0000] {processor.py:179} INFO - Processing /opt/airflow/dags/dag_suivi.py took 0.086 seconds
[2026-08-05T12:27:04.690+0000] {processor.py:157} INFO - Started process (PID=1213) to work on /opt/airflow/dags/dag_suivi.py
[2026-08-05T12:27:04.690+0000] {processor.py:829} INFO - Processing file /opt/airflow/dags/dag_suivi.py for tasks to queue
[2026-08-05T12:27:04.691+0000] {logging_mixin.py:151} INFO - [2026-08-05T12:27:04.691+0000] {dagbag.py:536} INFO - Filling up the DagBag from /opt/airflow/dags/dag_suivi.py
[2026-08-05T12:27:04.707+0000] {processor.py:839} INFO - DAG(s) dict_keys(['pipeline_ingestion_suivi']) retrieved from /opt/airflow/dags/dag_suivi.py
[2026-08-05T12:27:04.727+0000] {logging_mixin.py:151} INFO - [2026-08-05T12:27:04.727+0000] {dag.py:2941} INFO - Sync 1 DAGs
[2026-08-05T12:27:04.745+0000] {logging_mixin.py:151} INFO - [2026-08-05T12:27:04.745+0000] {dag.py:3722} INFO - Setting next_dagrun for pipeline_ingestion_suivi to 2026-08-05T12:00:00+00:00, run_after=2026-08-05T13:00:00+00:00
[2026-08-05T12:27:04.770+0000] {processor.py:179} INFO - Processing /opt/airflow/dags/dag_suivi.py took 0.083 seconds
[2026-08-05T12:27:34.965+0000] {processor.py:157} INFO - Started process (PID=1218) to work on /opt/airflow/dags/dag_suivi.py
[2026-08-05T12:27:34.965+0000] {processor.py:829} INFO - Processing file /opt/airflow/dags/dag_suivi.py for tasks to queue
[2026-08-05T12:27:34.966+0000] {logging_mixin.py:151} INFO - [2026-08-05T12:27:34.966+0000] {dagbag.py:536} INFO - Filling up the DagBag from /opt/airflow/dags/dag_suivi.py
[2026-08-05T12:27:34.985+0000] {processor.py:839} INFO - DAG(s) dict_keys(['pipeline_ingestion_suivi']) retrieved from /opt/airflow/dags/dag_suivi.py
[2026-08-05T12:27:35.007+0000] {logging_mixin.py:151} INFO - [2026-08-05T12:27:35.007+0000] {dag.py:2941} INFO - Sync 1 DAGs
[2026-08-05T12:27:35.025+0000] {logging_mixin.py:151} INFO - [2026-08-05T12:27:35.025+0000] {dag.py:3722} INFO - Setting next_dagrun for pipeline_ingestion_suivi to 2026-08-05T12:00:00+00:00, run_after=2026-08-05T13:00:00+00:00
[2026-08-05T12:27:35.042+0000] {processor.py:179} INFO - Processing /opt/airflow/dags/dag_suivi.py took 0.079 seconds
[2026-08-05T12:28:05.235+0000] {processor.py:157} INFO - Started process (PID=1223) to work on /opt/airflow/dags/dag_suivi.py
[2026-08-05T12:28:05.235+0000] {processor.py:829} INFO - Processing file /opt/airflow/dags/dag_suivi.py for tasks to queue
[2026-08-05T12:28:05.236+0000] {logging_mixin.py:151} INFO - [2026-08-05T12:28:05.236+0000] {dagbag.py:536} INFO - Filling up the DagBag from /opt/airflow/dags/dag_suivi.py
[2026-08-05T12:28:05.257+0000] {processor.py:839} INFO - DAG(s) dict_keys(['pipeline_ingestion_suivi']) retrieved from /opt/airflow/dags/dag_suivi.py
[2026-08-05T12:28:05.289+0000] {logging_mixin.py:151} INFO - [2026-08-05T12:28:05.289+0000] {dag.py:2941} INFO - Sync 1 DAGs
[2026-08-05T12:28:05.316+0000] {logging_mixin.py:151} INFO - [2026-08-05T12:28:05.316+0000] {dag.py:3722} INFO - Setting next_dagrun for pipeline_ingestion_suivi to 2026-08-05T12:00:00+00:00, run_after=2026-08-05T13:00:00+00:00
[2026-08-05T12:28:05.350+0000] {processor.py:179} INFO - Processing /opt/airflow/dags/dag_suivi.py took 0.119 seconds
[2026-08-05T12:28:35.554+0000] {processor.py:157} INFO - Started process (PID=1228) to work on /opt/airflow/dags/dag_suivi.py
[2026-08-05T12:28:35.555+0000] {processor.py:829} INFO - Processing file /opt/airflow/dags/dag_suivi.py for tasks to queue
[2026-08-05T12:28:35.556+0000] {logging_mixin.py:151} INFO - [2026-08-05T12:28:35.555+0000] {dagbag.py:536} INFO - Filling up the DagBag from /opt/airflow/dags/dag_suivi.py
[2026-08-05T12:28:35.573+0000] {processor.py:839} INFO - DAG(s) dict_keys(['pipeline_ingestion_suivi']) retrieved from /opt/airflow/dags/dag_suivi.py
[2026-08-05T12:28:35.594+0000] {logging_mixin.py:151} INFO - [2026-08-05T12:28:35.594+0000] {dag.py:2941} INFO - Sync 1 DAGs
[2026-08-05T12:28:35.612+0000] {logging_mixin.py:151} INFO - [2026-08-05T12:28:35.612+0000] {dag.py:3722} INFO - Setting next_dagrun for pipeline_ingestion_suivi to 2026-08-05T12:00:00+00:00, run_after=2026-08-05T13:00:00+00:00
[2026-08-05T12:28:35.639+0000] {processor.py:179} INFO - Processing /opt/airflow/dags/dag_suivi.py took 0.088 seconds
[2026-08-05T12:29:05.833+0000] {processor.py:157} INFO - Started process (PID=1233) to work on /opt/airflow/dags/dag_suivi.py
[2026-08-05T12:29:05.834+0000] {processor.py:829} INFO - Processing file /opt/airflow/dags/dag_suivi.py for tasks to queue
[2026-08-05T12:29:05.834+0000] {logging_mixin.py:151} INFO - [2026-08-05T12:29:05.834+0000] {dagbag.py:536} INFO - Filling up the DagBag from /opt/airflow/dags/dag_suivi.py
[2026-08-05T12:29:05.853+0000] {processor.py:839} INFO - DAG(s) dict_keys(['pipeline_ingestion_suivi']) retrieved from /opt/airflow/dags/dag_suivi.py
[2026-08-05T12:29:05.876+0000] {logging_mixin.py:151} INFO - [2026-08-05T12:29:05.876+0000] {dag.py:2941} INFO - Sync 1 DAGs
[2026-08-05T12:29:05.893+0000] {logging_mixin.py:151} INFO - [2026-08-05T12:29:05.893+0000] {dag.py:3722} INFO - Setting next_dagrun for pipeline_ingestion_suivi to 2026-08-05T12:00:00+00:00, run_after=2026-08-05T13:00:00+00:00
[2026-08-05T12:29:05.921+0000] {processor.py:179} INFO - Processing /opt/airflow/dags/dag_suivi.py took 0.090 seconds
[2026-08-05T12:29:36.122+0000] {processor.py:157} INFO - Started process (PID=1238) to work on /opt/airflow/dags/dag_suivi.py
[2026-08-05T12:29:36.123+0000] {processor.py:829} INFO - Processing file /opt/airflow/dags/dag_suivi.py for tasks to queue
[2026-08-05T12:29:36.125+0000] {logging_mixin.py:151} INFO - [2026-08-05T12:29:36.125+0000] {dagbag.py:536} INFO - Filling up the DagBag from /opt/airflow/dags/dag_suivi.py
[2026-08-05T12:29:36.148+0000] {processor.py:839} INFO - DAG(s) dict_keys(['pipeline_ingestion_suivi']) retrieved from /opt/airflow/dags/dag_suivi.py
[2026-08-05T12:29:36.172+0000] {logging_mixin.py:151} INFO - [2026-08-05T12:29:36.172+0000] {dag.py:2941} INFO - Sync 1 DAGs
[2026-08-05T12:29:36.190+0000] {logging_mixin.py:151} INFO - [2026-08-05T12:29:36.190+0000] {dag.py:3722} INFO - Setting next_dagrun for pipeline_ingestion_suivi to 2026-08-05T12:00:00+00:00, run_after=2026-08-05T13:00:00+00:00
[2026-08-05T12:29:36.208+0000] {processor.py:179} INFO - Processing /opt/airflow/dags/dag_suivi.py took 0.089 seconds
[2026-08-05T12:30:06.395+0000] {processor.py:157} INFO - Started process (PID=1243) to work on /opt/airflow/dags/dag_suivi.py
[2026-08-05T12:30:06.396+0000] {processor.py:829} INFO - Processing file /opt/airflow/dags/dag_suivi.py for tasks to queue
[2026-08-05T12:30:06.397+0000] {logging_mixin.py:151} INFO - [2026-08-05T12:30:06.397+0000] {dagbag.py:536} INFO - Filling up the DagBag from /opt/airflow/dags/dag_suivi.py
[2026-08-05T12:30:06.421+0000] {processor.py:839} INFO - DAG(s) dict_keys(['pipeline_ingestion_suivi']) retrieved from /opt/airflow/dags/dag_suivi.py
[2026-08-05T12:30:06.453+0000] {logging_mixin.py:151} INFO - [2026-08-05T12:30:06.453+0000] {dag.py:2941} INFO - Sync 1 DAGs
[2026-08-05T12:30:06.476+0000] {logging_mixin.py:151} INFO - [2026-08-05T12:30:06.475+0000] {dag.py:3722} INFO - Setting next_dagrun for pipeline_ingestion_suivi to 2026-08-05T12:00:00+00:00, run_after=2026-08-05T13:00:00+00:00
[2026-08-05T12:30:06.493+0000] {processor.py:179} INFO - Processing /opt/airflow/dags/dag_suivi.py took 0.101 seconds
[2026-08-05T12:30:36.639+0000] {processor.py:157} INFO - Started process (PID=1248) to work on /opt/airflow/dags/dag_suivi.py
[2026-08-05T12:30:36.640+0000] {processor.py:829} INFO - Processing file /opt/airflow/dags/dag_suivi.py for tasks to queue
[2026-08-05T12:30:36.641+0000] {logging_mixin.py:151} INFO - [2026-08-05T12:30:36.641+0000] {dagbag.py:536} INFO - Filling up the DagBag from /opt/airflow/dags/dag_suivi.py
[2026-08-05T12:30:36.669+0000] {processor.py:839} INFO - DAG(s) dict_keys(['pipeline_ingestion_suivi']) retrieved from /opt/airflow/dags/dag_suivi.py
[2026-08-05T12:30:36.705+0000] {logging_mixin.py:151} INFO - [2026-08-05T12:30:36.705+0000] {dag.py:2941} INFO - Sync 1 DAGs
[2026-08-05T12:30:36.733+0000] {logging_mixin.py:151} INFO - [2026-08-05T12:30:36.733+0000] {dag.py:3722} INFO - Setting next_dagrun for pipeline_ingestion_suivi to 2026-08-05T12:00:00+00:00, run_after=2026-08-05T13:00:00+00:00
[2026-08-05T12:30:36.754+0000] {processor.py:179} INFO - Processing /opt/airflow/dags/dag_suivi.py took 0.120 seconds
[2026-08-05T12:31:06.895+0000] {processor.py:157} INFO - Started process (PID=1253) to work on /opt/airflow/dags/dag_suivi.py
[2026-08-05T12:31:06.896+0000] {processor.py:829} INFO - Processing file /opt/airflow/dags/dag_suivi.py for tasks to queue
[2026-08-05T12:31:06.897+0000] {logging_mixin.py:151} INFO - [2026-08-05T12:31:06.897+0000] {dagbag.py:536} INFO - Filling up the DagBag from /opt/airflow/dags/dag_suivi.py
[2026-08-05T12:31:06.928+0000] {processor.py:839} INFO - DAG(s) dict_keys(['pipeline_ingestion_suivi']) retrieved from /opt/airflow/dags/dag_suivi.py
[2026-08-05T12:31:06.975+0000] {logging_mixin.py:151} INFO - [2026-08-05T12:31:06.974+0000] {dag.py:2941} INFO - Sync 1 DAGs
[2026-08-05T12:31:07.008+0000] {logging_mixin.py:151} INFO - [2026-08-05T12:31:07.007+0000] {dag.py:3722} INFO - Setting next_dagrun for pipeline_ingestion_suivi to 2026-08-05T12:00:00+00:00, run_after=2026-08-05T13:00:00+00:00
[2026-08-05T12:31:07.042+0000] {processor.py:179} INFO - Processing /opt/airflow/dags/dag_suivi.py took 0.150 seconds
[2026-08-05T12:31:37.148+0000] {processor.py:157} INFO - Started process (PID=1258) to work on /opt/airflow/dags/dag_suivi.py
[2026-08-05T12:31:37.149+0000] {processor.py:829} INFO - Processing file /opt/airflow/dags/dag_suivi.py for tasks to queue
[2026-08-05T12:31:37.150+0000] {logging_mixin.py:151} INFO - [2026-08-05T12:31:37.149+0000] {dagbag.py:536} INFO - Filling up the DagBag from /opt/airflow/dags/dag_suivi.py
[2026-08-05T12:31:37.169+0000] {processor.py:839} INFO - DAG(s) dict_keys(['pipeline_ingestion_suivi']) retrieved from /opt/airflow/dags/dag_suivi.py
[2026-08-05T12:31:37.193+0000] {logging_mixin.py:151} INFO - [2026-08-05T12:31:37.193+0000] {dag.py:2941} INFO - Sync 1 DAGs
[2026-08-05T12:31:37.213+0000] {logging_mixin.py:151} INFO - [2026-08-05T12:31:37.213+0000] {dag.py:3722} INFO - Setting next_dagrun for pipeline_ingestion_suivi to 2026-08-05T12:00:00+00:00, run_after=2026-08-05T13:00:00+00:00
[2026-08-05T12:31:37.232+0000] {processor.py:179} INFO - Processing /opt/airflow/dags/dag_suivi.py took 0.086 seconds
[2026-08-05T12:32:07.439+0000] {processor.py:157} INFO - Started process (PID=1263) to work on /opt/airflow/dags/dag_suivi.py
[2026-08-05T12:32:07.439+0000] {processor.py:829} INFO - Processing file /opt/airflow/dags/dag_suivi.py for tasks to queue
[2026-08-05T12:32:07.440+0000] {logging_mixin.py:151} INFO - [2026-08-05T12:32:07.440+0000] {dagbag.py:536} INFO - Filling up the DagBag from /opt/airflow/dags/dag_suivi.py
[2026-08-05T12:32:07.458+0000] {processor.py:839} INFO - DAG(s) dict_keys(['pipeline_ingestion_suivi']) retrieved from /opt/airflow/dags/dag_suivi.py
[2026-08-05T12:32:07.482+0000] {logging_mixin.py:151} INFO - [2026-08-05T12:32:07.482+0000] {dag.py:2941} INFO - Sync 1 DAGs
[2026-08-05T12:32:07.501+0000] {logging_mixin.py:151} INFO - [2026-08-05T12:32:07.501+0000] {dag.py:3722} INFO - Setting next_dagrun for pipeline_ingestion_suivi to 2026-08-05T12:00:00+00:00, run_after=2026-08-05T13:00:00+00:00
[2026-08-05T12:32:07.528+0000] {processor.py:179} INFO - Processing /opt/airflow/dags/dag_suivi.py took 0.092 seconds
[2026-08-05T12:32:37.664+0000] {processor.py:157} INFO - Started process (PID=1268) to work on /opt/airflow/dags/dag_suivi.py
[2026-08-05T12:32:37.665+0000] {processor.py:829} INFO - Processing file /opt/airflow/dags/dag_suivi.py for tasks to queue
[2026-08-05T12:32:37.666+0000] {logging_mixin.py:151} INFO - [2026-08-05T12:32:37.665+0000] {dagbag.py:536} INFO - Filling up the DagBag from /opt/airflow/dags/dag_suivi.py
[2026-08-05T12:32:37.684+0000] {processor.py:839} INFO - DAG(s) dict_keys(['pipeline_ingestion_suivi']) retrieved from /opt/airflow/dags/dag_suivi.py
[2026-08-05T12:32:37.709+0000] {logging_mixin.py:151} INFO - [2026-08-05T12:32:37.709+0000] {dag.py:2941} INFO - Sync 1 DAGs
[2026-08-05T12:32:37.734+0000] {logging_mixin.py:151} INFO - [2026-08-05T12:32:37.733+0000] {dag.py:3722} INFO - Setting next_dagrun for pipeline_ingestion_suivi to 2026-08-05T12:00:00+00:00, run_after=2026-08-05T13:00:00+00:00
[2026-08-05T12:32:37.754+0000] {processor.py:179} INFO - Processing /opt/airflow/dags/dag_suivi.py took 0.093 seconds
[2026-08-05T12:33:07.957+0000] {processor.py:157} INFO - Started process (PID=1273) to work on /opt/airflow/dags/dag_suivi.py
[2026-08-05T12:33:07.958+0000] {processor.py:829} INFO - Processing file /opt/airflow/dags/dag_suivi.py for tasks to queue
[2026-08-05T12:33:07.960+0000] {logging_mixin.py:151} INFO - [2026-08-05T12:33:07.959+0000] {dagbag.py:536} INFO - Filling up the DagBag from /opt/airflow/dags/dag_suivi.py
[2026-08-05T12:33:07.997+0000] {processor.py:839} INFO - DAG(s) dict_keys(['pipeline_ingestion_suivi']) retrieved from /opt/airflow/dags/dag_suivi.py
[2026-08-05T12:33:08.055+0000] {logging_mixin.py:151} INFO - [2026-08-05T12:33:08.055+0000] {dag.py:2941} INFO - Sync 1 DAGs
[2026-08-05T12:33:08.087+0000] {logging_mixin.py:151} INFO - [2026-08-05T12:33:08.086+0000] {dag.py:3722} INFO - Setting next_dagrun for pipeline_ingestion_suivi to 2026-08-05T12:00:00+00:00, run_after=2026-08-05T13:00:00+00:00
[2026-08-05T12:33:08.113+0000] {processor.py:179} INFO - Processing /opt/airflow/dags/dag_suivi.py took 0.160 seconds
[2026-08-05T12:33:38.201+0000] {processor.py:157} INFO - Started process (PID=1278) to work on /opt/airflow/dags/dag_suivi.py
[2026-08-05T12:33:38.208+0000] {processor.py:829} INFO - Processing file /opt/airflow/dags/dag_suivi.py for tasks to queue
[2026-08-05T12:33:38.210+0000] {logging_mixin.py:151} INFO - [2026-08-05T12:33:38.209+0000] {dagbag.py:536} INFO - Filling up the DagBag from /opt/airflow/dags/dag_suivi.py
[2026-08-05T12:33:38.231+0000] {processor.py:839} INFO - DAG(s) dict_keys(['pipeline_ingestion_suivi']) retrieved from /opt/airflow/dags/dag_suivi.py
[2026-08-05T12:33:38.254+0000] {logging_mixin.py:151} INFO - [2026-08-05T12:33:38.254+0000] {dag.py:2941} INFO - Sync 1 DAGs
[2026-08-05T12:33:38.273+0000] {logging_mixin.py:151} INFO - [2026-08-05T12:33:38.273+0000] {dag.py:3722} INFO - Setting next_dagrun for pipeline_ingestion_suivi to 2026-08-05T12:00:00+00:00, run_after=2026-08-05T13:00:00+00:00
[2026-08-05T12:33:38.307+0000] {processor.py:179} INFO - Processing /opt/airflow/dags/dag_suivi.py took 0.109 seconds
[2026-08-05T12:34:08.462+0000] {processor.py:157} INFO - Started process (PID=1283) to work on /opt/airflow/dags/dag_suivi.py
[2026-08-05T12:34:08.462+0000] {processor.py:829} INFO - Processing file /opt/airflow/dags/dag_suivi.py for tasks to queue
[2026-08-05T12:34:08.463+0000] {logging_mixin.py:151} INFO - [2026-08-05T12:34:08.463+0000] {dagbag.py:536} INFO - Filling up the DagBag from /opt/airflow/dags/dag_suivi.py
[2026-08-05T12:34:08.480+0000] {processor.py:839} INFO - DAG(s) dict_keys(['pipeline_ingestion_suivi']) retrieved from /opt/airflow/dags/dag_suivi.py
[2026-08-05T12:34:08.500+0000] {logging_mixin.py:151} INFO - [2026-08-05T12:34:08.500+0000] {dag.py:2941} INFO - Sync 1 DAGs
[2026-08-05T12:34:08.518+0000] {logging_mixin.py:151} INFO - [2026-08-05T12:34:08.518+0000] {dag.py:3722} INFO - Setting next_dagrun for pipeline_ingestion_suivi to 2026-08-05T12:00:00+00:00, run_after=2026-08-05T13:00:00+00:00
[2026-08-05T12:34:08.546+0000] {processor.py:179} INFO - Processing /opt/airflow/dags/dag_suivi.py took 0.087 seconds
[2026-08-05T12:34:38.762+0000] {processor.py:157} INFO - Started process (PID=1288) to work on /opt/airflow/dags/dag_suivi.py
[2026-08-05T12:34:38.762+0000] {processor.py:829} INFO - Processing file /opt/airflow/dags/dag_suivi.py for tasks to queue
[2026-08-05T12:34:38.763+0000] {logging_mixin.py:151} INFO - [2026-08-05T12:34:38.763+0000] {dagbag.py:536} INFO - Filling up the DagBag from /opt/airflow/dags/dag_suivi.py
[2026-08-05T12:34:38.779+0000] {processor.py:839} INFO - DAG(s) dict_keys(['pipeline_ingestion_suivi']) retrieved from /opt/airflow/dags/dag_suivi.py
[2026-08-05T12:34:38.802+0000] {logging_mixin.py:151} INFO - [2026-08-05T12:34:38.802+0000] {dag.py:2941} INFO - Sync 1 DAGs
[2026-08-05T12:34:38.819+0000] {logging_mixin.py:151} INFO - [2026-08-05T12:34:38.819+0000] {dag.py:3722} INFO - Setting next_dagrun for pipeline_ingestion_suivi to 2026-08-05T12:00:00+00:00, run_after=2026-08-05T13:00:00+00:00
[2026-08-05T12:34:38.837+0000] {processor.py:179} INFO - Processing /opt/airflow/dags/dag_suivi.py took 0.078 seconds
[2026-08-05T12:35:09.013+0000] {processor.py:157} INFO - Started process (PID=1293) to work on /opt/airflow/dags/dag_suivi.py
[2026-08-05T12:35:09.014+0000] {processor.py:829} INFO - Processing file /opt/airflow/dags/dag_suivi.py for tasks to queue
[2026-08-05T12:35:09.015+0000] {logging_mixin.py:151} INFO - [2026-08-05T12:35:09.015+0000] {dagbag.py:536} INFO - Filling up the DagBag from /opt/airflow/dags/dag_suivi.py
[2026-08-05T12:35:09.031+0000] {processor.py:839} INFO - DAG(s) dict_keys(['pipeline_ingestion_suivi']) retrieved from /opt/airflow/dags/dag_suivi.py
[2026-08-05T12:35:09.056+0000] {logging_mixin.py:151} INFO - [2026-08-05T12:35:09.056+0000] {dag.py:2941} INFO - Sync 1 DAGs
[2026-08-05T12:35:09.076+0000] {logging_mixin.py:151} INFO - [2026-08-05T12:35:09.075+0000] {dag.py:3722} INFO - Setting next_dagrun for pipeline_ingestion_suivi to 2026-08-05T12:00:00+00:00, run_after=2026-08-05T13:00:00+00:00
[2026-08-05T12:35:09.093+0000] {processor.py:179} INFO - Processing /opt/airflow/dags/dag_suivi.py took 0.082 seconds
[2026-08-05T12:35:39.279+0000] {processor.py:157} INFO - Started process (PID=1298) to work on /opt/airflow/dags/dag_suivi.py
[2026-08-05T12:35:39.280+0000] {processor.py:829} INFO - Processing file /opt/airflow/dags/dag_suivi.py for tasks to queue
[2026-08-05T12:35:39.281+0000] {logging_mixin.py:151} INFO - [2026-08-05T12:35:39.281+0000] {dagbag.py:536} INFO - Filling up the DagBag from /opt/airflow/dags/dag_suivi.py
[2026-08-05T12:35:39.298+0000] {processor.py:839} INFO - DAG(s) dict_keys(['pipeline_ingestion_suivi']) retrieved from /opt/airflow/dags/dag_suivi.py
[2026-08-05T12:35:39.321+0000] {logging_mixin.py:151} INFO - [2026-08-05T12:35:39.321+0000] {dag.py:2941} INFO - Sync 1 DAGs
[2026-08-05T12:35:39.339+0000] {logging_mixin.py:151} INFO - [2026-08-05T12:35:39.338+0000] {dag.py:3722} INFO - Setting next_dagrun for pipeline_ingestion_suivi to 2026-08-05T12:00:00+00:00, run_after=2026-08-05T13:00:00+00:00
[2026-08-05T12:35:39.356+0000] {processor.py:179} INFO - Processing /opt/airflow/dags/dag_suivi.py took 0.080 seconds
[2026-08-05T12:36:09.532+0000] {processor.py:157} INFO - Started process (PID=1303) to work on /opt/airflow/dags/dag_suivi.py
[2026-08-05T12:36:09.532+0000] {processor.py:829} INFO - Processing file /opt/airflow/dags/dag_suivi.py for tasks to queue
[2026-08-05T12:36:09.533+0000] {logging_mixin.py:151} INFO - [2026-08-05T12:36:09.533+0000] {dagbag.py:536} INFO - Filling up the DagBag from /opt/airflow/dags/dag_suivi.py
[2026-08-05T12:36:09.549+0000] {processor.py:839} INFO - DAG(s) dict_keys(['pipeline_ingestion_suivi']) retrieved from /opt/airflow/dags/dag_suivi.py
[2026-08-05T12:36:09.574+0000] {logging_mixin.py:151} INFO - [2026-08-05T12:36:09.574+0000] {dag.py:2941} INFO - Sync 1 DAGs
[2026-08-05T12:36:09.593+0000] {logging_mixin.py:151} INFO - [2026-08-05T12:36:09.593+0000] {dag.py:3722} INFO - Setting next_dagrun for pipeline_ingestion_suivi to 2026-08-05T12:00:00+00:00, run_after=2026-08-05T13:00:00+00:00
[2026-08-05T12:36:09.611+0000] {processor.py:179} INFO - Processing /opt/airflow/dags/dag_suivi.py took 0.082 seconds
[2026-08-05T12:36:39.833+0000] {processor.py:157} INFO - Started process (PID=1308) to work on /opt/airflow/dags/dag_suivi.py
[2026-08-05T12:36:39.833+0000] {processor.py:829} INFO - Processing file /opt/airflow/dags/dag_suivi.py for tasks to queue
[2026-08-05T12:36:39.834+0000] {logging_mixin.py:151} INFO - [2026-08-05T12:36:39.834+0000] {dagbag.py:536} INFO - Filling up the DagBag from /opt/airflow/dags/dag_suivi.py
[2026-08-05T12:36:39.855+0000] {processor.py:839} INFO - DAG(s) dict_keys(['pipeline_ingestion_suivi']) retrieved from /opt/airflow/dags/dag_suivi.py
[2026-08-05T12:36:39.879+0000] {logging_mixin.py:151} INFO - [2026-08-05T12:36:39.879+0000] {dag.py:2941} INFO - Sync 1 DAGs
[2026-08-05T12:36:39.898+0000] {logging_mixin.py:151} INFO - [2026-08-05T12:36:39.898+0000] {dag.py:3722} INFO - Setting next_dagrun for pipeline_ingestion_suivi to 2026-08-05T12:00:00+00:00, run_after=2026-08-05T13:00:00+00:00
[2026-08-05T12:36:39.927+0000] {processor.py:179} INFO - Processing /opt/airflow/dags/dag_suivi.py took 0.097 seconds
[2026-08-05T12:37:10.063+0000] {processor.py:157} INFO - Started process (PID=1313) to work on /opt/airflow/dags/dag_suivi.py
[2026-08-05T12:37:10.064+0000] {processor.py:829} INFO - Processing file /opt/airflow/dags/dag_suivi.py for tasks to queue
[2026-08-05T12:37:10.065+0000] {logging_mixin.py:151} INFO - [2026-08-05T12:37:10.064+0000] {dagbag.py:536} INFO - Filling up the DagBag from /opt/airflow/dags/dag_suivi.py
[2026-08-05T12:37:10.084+0000] {processor.py:839} INFO - DAG(s) dict_keys(['pipeline_ingestion_suivi']) retrieved from /opt/airflow/dags/dag_suivi.py
[2026-08-05T12:37:10.111+0000] {logging_mixin.py:151} INFO - [2026-08-05T12:37:10.111+0000] {dag.py:2941} INFO - Sync 1 DAGs
[2026-08-05T12:37:10.130+0000] {logging_mixin.py:151} INFO - [2026-08-05T12:37:10.130+0000] {dag.py:3722} INFO - Setting next_dagrun for pipeline_ingestion_suivi to 2026-08-05T12:00:00+00:00, run_after=2026-08-05T13:00:00+00:00
[2026-08-05T12:37:10.158+0000] {processor.py:179} INFO - Processing /opt/airflow/dags/dag_suivi.py took 0.098 seconds
[2026-08-05T12:37:40.363+0000] {processor.py:157} INFO - Started process (PID=1318) to work on /opt/airflow/dags/dag_suivi.py
[2026-08-05T12:37:40.364+0000] {processor.py:829} INFO - Processing file /opt/airflow/dags/dag_suivi.py for tasks to queue
[2026-08-05T12:37:40.365+0000] {logging_mixin.py:151} INFO - [2026-08-05T12:37:40.365+0000] {dagbag.py:536} INFO - Filling up the DagBag from /opt/airflow/dags/dag_suivi.py
[2026-08-05T12:37:40.399+0000] {processor.py:839} INFO - DAG(s) dict_keys(['pipeline_ingestion_suivi']) retrieved from /opt/airflow/dags/dag_suivi.py
[2026-08-05T12:37:40.434+0000] {logging_mixin.py:151} INFO - [2026-08-05T12:37:40.434+0000] {dag.py:2941} INFO - Sync 1 DAGs
[2026-08-05T12:37:40.461+0000] {logging_mixin.py:151} INFO - [2026-08-05T12:37:40.461+0000] {dag.py:3722} INFO - Setting next_dagrun for pipeline_ingestion_suivi to 2026-08-05T12:00:00+00:00, run_after=2026-08-05T13:00:00+00:00
[2026-08-05T12:37:40.498+0000] {processor.py:179} INFO - Processing /opt/airflow/dags/dag_suivi.py took 0.138 seconds
[2026-08-05T12:38:10.591+0000] {processor.py:157} INFO - Started process (PID=1323) to work on /opt/airflow/dags/dag_suivi.py
[2026-08-05T12:38:10.592+0000] {processor.py:829} INFO - Processing file /opt/airflow/dags/dag_suivi.py for tasks to queue
[2026-08-05T12:38:10.594+0000] {logging_mixin.py:151} INFO - [2026-08-05T12:38:10.593+0000] {dagbag.py:536} INFO - Filling up the DagBag from /opt/airflow/dags/dag_suivi.py
[2026-08-05T12:38:10.635+0000] {processor.py:839} INFO - DAG(s) dict_keys(['pipeline_ingestion_suivi']) retrieved from /opt/airflow/dags/dag_suivi.py
[2026-08-05T12:38:10.683+0000] {logging_mixin.py:151} INFO - [2026-08-05T12:38:10.682+0000] {dag.py:2941} INFO - Sync 1 DAGs
[2026-08-05T12:38:10.735+0000] {logging_mixin.py:151} INFO - [2026-08-05T12:38:10.734+0000] {dag.py:3722} INFO - Setting next_dagrun for pipeline_ingestion_suivi to 2026-08-05T12:00:00+00:00, run_after=2026-08-05T13:00:00+00:00
[2026-08-05T12:38:10.777+0000] {processor.py:179} INFO - Processing /opt/airflow/dags/dag_suivi.py took 0.193 seconds
[2026-08-05T12:38:40.973+0000] {processor.py:157} INFO - Started process (PID=1328) to work on /opt/airflow/dags/dag_suivi.py
[2026-08-05T12:38:40.974+0000] {processor.py:829} INFO - Processing file /opt/airflow/dags/dag_suivi.py for tasks to queue
[2026-08-05T12:38:40.975+0000] {logging_mixin.py:151} INFO - [2026-08-05T12:38:40.975+0000] {dagbag.py:536} INFO - Filling up the DagBag from /opt/airflow/dags/dag_suivi.py
[2026-08-05T12:38:41.004+0000] {processor.py:839} INFO - DAG(s) dict_keys(['pipeline_ingestion_suivi']) retrieved from /opt/airflow/dags/dag_suivi.py
[2026-08-05T12:38:41.035+0000] {logging_mixin.py:151} INFO - [2026-08-05T12:38:41.035+0000] {dag.py:2941} INFO - Sync 1 DAGs
[2026-08-05T12:38:41.057+0000] {logging_mixin.py:151} INFO - [2026-08-05T12:38:41.056+0000] {dag.py:3722} INFO - Setting next_dagrun for pipeline_ingestion_suivi to 2026-08-05T12:00:00+00:00, run_after=2026-08-05T13:00:00+00:00
[2026-08-05T12:38:41.087+0000] {processor.py:179} INFO - Processing /opt/airflow/dags/dag_suivi.py took 0.118 seconds
[2026-08-05T12:39:11.208+0000] {processor.py:157} INFO - Started process (PID=1333) to work on /opt/airflow/dags/dag_suivi.py
[2026-08-05T12:39:11.209+0000] {processor.py:829} INFO - Processing file /opt/airflow/dags/dag_suivi.py for tasks to queue
[2026-08-05T12:39:11.210+0000] {logging_mixin.py:151} INFO - [2026-08-05T12:39:11.209+0000] {dagbag.py:536} INFO - Filling up the DagBag from /opt/airflow/dags/dag_suivi.py
[2026-08-05T12:39:11.233+0000] {processor.py:839} INFO - DAG(s) dict_keys(['pipeline_ingestion_suivi']) retrieved from /opt/airflow/dags/dag_suivi.py
[2026-08-05T12:39:11.264+0000] {logging_mixin.py:151} INFO - [2026-08-05T12:39:11.264+0000] {dag.py:2941} INFO - Sync 1 DAGs
[2026-08-05T12:39:11.286+0000] {logging_mixin.py:151} INFO - [2026-08-05T12:39:11.286+0000] {dag.py:3722} INFO - Setting next_dagrun for pipeline_ingestion_suivi to 2026-08-05T12:00:00+00:00, run_after=2026-08-05T13:00:00+00:00
[2026-08-05T12:39:11.308+0000] {processor.py:179} INFO - Processing /opt/airflow/dags/dag_suivi.py took 0.103 seconds
[2026-08-05T12:39:41.444+0000] {processor.py:157} INFO - Started process (PID=1338) to work on /opt/airflow/dags/dag_suivi.py
[2026-08-05T12:39:41.445+0000] {processor.py:829} INFO - Processing file /opt/airflow/dags/dag_suivi.py for tasks to queue
[2026-08-05T12:39:41.446+0000] {logging_mixin.py:151} INFO - [2026-08-05T12:39:41.445+0000] {dagbag.py:536} INFO - Filling up the DagBag from /opt/airflow/dags/dag_suivi.py
[2026-08-05T12:39:41.465+0000] {processor.py:839} INFO - DAG(s) dict_keys(['pipeline_ingestion_suivi']) retrieved from /opt/airflow/dags/dag_suivi.py
[2026-08-05T12:39:41.492+0000] {logging_mixin.py:151} INFO - [2026-08-05T12:39:41.492+0000] {dag.py:2941} INFO - Sync 1 DAGs
[2026-08-05T12:39:41.512+0000] {logging_mixin.py:151} INFO - [2026-08-05T12:39:41.512+0000] {dag.py:3722} INFO - Setting next_dagrun for pipeline_ingestion_suivi to 2026-08-05T12:00:00+00:00, run_after=2026-08-05T13:00:00+00:00
[2026-08-05T12:39:41.534+0000] {processor.py:179} INFO - Processing /opt/airflow/dags/dag_suivi.py took 0.093 seconds
[2026-08-05T12:40:11.692+0000] {processor.py:157} INFO - Started process (PID=1343) to work on /opt/airflow/dags/dag_suivi.py
[2026-08-05T12:40:11.692+0000] {processor.py:829} INFO - Processing file /opt/airflow/dags/dag_suivi.py for tasks to queue
[2026-08-05T12:40:11.693+0000] {logging_mixin.py:151} INFO - [2026-08-05T12:40:11.693+0000] {dagbag.py:536} INFO - Filling up the DagBag from /opt/airflow/dags/dag_suivi.py
[2026-08-05T12:40:11.713+0000] {processor.py:839} INFO - DAG(s) dict_keys(['pipeline_ingestion_suivi']) retrieved from /opt/airflow/dags/dag_suivi.py
[2026-08-05T12:40:11.740+0000] {logging_mixin.py:151} INFO - [2026-08-05T12:40:11.740+0000] {dag.py:2941} INFO - Sync 1 DAGs
[2026-08-05T12:40:11.759+0000] {logging_mixin.py:151} INFO - [2026-08-05T12:40:11.759+0000] {dag.py:3722} INFO - Setting next_dagrun for pipeline_ingestion_suivi to 2026-08-05T12:00:00+00:00, run_after=2026-08-05T13:00:00+00:00
[2026-08-05T12:40:11.777+0000] {processor.py:179} INFO - Processing /opt/airflow/dags/dag_suivi.py took 0.088 seconds
[2026-08-05T12:40:42.000+0000] {processor.py:157} INFO - Started process (PID=1348) to work on /opt/airflow/dags/dag_suivi.py
[2026-08-05T12:40:42.001+0000] {processor.py:829} INFO - Processing file /opt/airflow/dags/dag_suivi.py for tasks to queue
[2026-08-05T12:40:42.001+0000] {logging_mixin.py:151} INFO - [2026-08-05T12:40:42.001+0000] {dagbag.py:536} INFO - Filling up the DagBag from /opt/airflow/dags/dag_suivi.py
[2026-08-05T12:40:42.023+0000] {processor.py:839} INFO - DAG(s) dict_keys(['pipeline_ingestion_suivi']) retrieved from /opt/airflow/dags/dag_suivi.py
[2026-08-05T12:40:42.051+0000] {logging_mixin.py:151} INFO - [2026-08-05T12:40:42.051+0000] {dag.py:2941} INFO - Sync 1 DAGs
[2026-08-05T12:40:42.068+0000] {logging_mixin.py:151} INFO - [2026-08-05T12:40:42.068+0000] {dag.py:3722} INFO - Setting next_dagrun for pipeline_ingestion_suivi to 2026-08-05T12:00:00+00:00, run_after=2026-08-05T13:00:00+00:00
[2026-08-05T12:40:42.095+0000] {processor.py:179} INFO - Processing /opt/airflow/dags/dag_suivi.py took 0.098 seconds
[2026-08-05T12:41:12.210+0000] {processor.py:157} INFO - Started process (PID=1353) to work on /opt/airflow/dags/dag_suivi.py
[2026-08-05T12:41:12.210+0000] {processor.py:829} INFO - Processing file /opt/airflow/dags/dag_suivi.py for tasks to queue
[2026-08-05T12:41:12.211+0000] {logging_mixin.py:151} INFO - [2026-08-05T12:41:12.211+0000] {dagbag.py:536} INFO - Filling up the DagBag from /opt/airflow/dags/dag_suivi.py
[2026-08-05T12:41:12.229+0000] {processor.py:839} INFO - DAG(s) dict_keys(['pipeline_ingestion_suivi']) retrieved from /opt/airflow/dags/dag_suivi.py
[2026-08-05T12:41:12.254+0000] {logging_mixin.py:151} INFO - [2026-08-05T12:41:12.253+0000] {dag.py:2941} INFO - Sync 1 DAGs
[2026-08-05T12:41:12.272+0000] {logging_mixin.py:151} INFO - [2026-08-05T12:41:12.271+0000] {dag.py:3722} INFO - Setting next_dagrun for pipeline_ingestion_suivi to 2026-08-05T12:00:00+00:00, run_after=2026-08-05T13:00:00+00:00
[2026-08-05T12:41:12.297+0000] {processor.py:179} INFO - Processing /opt/airflow/dags/dag_suivi.py took 0.090 seconds
[2026-08-05T12:41:42.543+0000] {processor.py:157} INFO - Started process (PID=1358) to work on /opt/airflow/dags/dag_suivi.py
[2026-08-05T12:41:42.544+0000] {processor.py:829} INFO - Processing file /opt/airflow/dags/dag_suivi.py for tasks to queue
[2026-08-05T12:41:42.545+0000] {logging_mixin.py:151} INFO - [2026-08-05T12:41:42.544+0000] {dagbag.py:536} INFO - Filling up the DagBag from /opt/airflow/dags/dag_suivi.py
[2026-08-05T12:41:42.564+0000] {processor.py:839} INFO - DAG(s) dict_keys(['pipeline_ingestion_suivi']) retrieved from /opt/airflow/dags/dag_suivi.py
[2026-08-05T12:41:42.590+0000] {logging_mixin.py:151} INFO - [2026-08-05T12:41:42.590+0000] {dag.py:2941} INFO - Sync 1 DAGs
[2026-08-05T12:41:42.609+0000] {logging_mixin.py:151} INFO - [2026-08-05T12:41:42.608+0000] {dag.py:3722} INFO - Setting next_dagrun for pipeline_ingestion_suivi to 2026-08-05T12:00:00+00:00, run_after=2026-08-05T13:00:00+00:00
[2026-08-05T12:41:42.626+0000] {processor.py:179} INFO - Processing /opt/airflow/dags/dag_suivi.py took 0.086 seconds
[2026-08-05T12:42:12.759+0000] {processor.py:157} INFO - Started process (PID=1363) to work on /opt/airflow/dags/dag_suivi.py
[2026-08-05T12:42:12.760+0000] {processor.py:829} INFO - Processing file /opt/airflow/dags/dag_suivi.py for tasks to queue
[2026-08-05T12:42:12.762+0000] {logging_mixin.py:151} INFO - [2026-08-05T12:42:12.761+0000] {dagbag.py:536} INFO - Filling up the DagBag from /opt/airflow/dags/dag_suivi.py
[2026-08-05T12:42:12.783+0000] {processor.py:839} INFO - DAG(s) dict_keys(['pipeline_ingestion_suivi']) retrieved from /opt/airflow/dags/dag_suivi.py
[2026-08-05T12:42:12.810+0000] {logging_mixin.py:151} INFO - [2026-08-05T12:42:12.810+0000] {dag.py:2941} INFO - Sync 1 DAGs
[2026-08-05T12:42:12.831+0000] {logging_mixin.py:151} INFO - [2026-08-05T12:42:12.831+0000] {dag.py:3722} INFO - Setting next_dagrun for pipeline_ingestion_suivi to 2026-08-05T12:00:00+00:00, run_after=2026-08-05T13:00:00+00:00
[2026-08-05T12:42:12.855+0000] {processor.py:179} INFO - Processing /opt/airflow/dags/dag_suivi.py took 0.100 seconds
[2026-08-05T12:42:43.077+0000] {processor.py:157} INFO - Started process (PID=1368) to work on /opt/airflow/dags/dag_suivi.py
[2026-08-05T12:42:43.077+0000] {processor.py:829} INFO - Processing file /opt/airflow/dags/dag_suivi.py for tasks to queue
[2026-08-05T12:42:43.078+0000] {logging_mixin.py:151} INFO - [2026-08-05T12:42:43.078+0000] {dagbag.py:536} INFO - Filling up the DagBag from /opt/airflow/dags/dag_suivi.py
[2026-08-05T12:42:43.096+0000] {processor.py:839} INFO - DAG(s) dict_keys(['pipeline_ingestion_suivi']) retrieved from /opt/airflow/dags/dag_suivi.py
[2026-08-05T12:42:43.122+0000] {logging_mixin.py:151} INFO - [2026-08-05T12:42:43.122+0000] {dag.py:2941} INFO - Sync 1 DAGs
[2026-08-05T12:42:43.144+0000] {logging_mixin.py:151} INFO - [2026-08-05T12:42:43.144+0000] {dag.py:3722} INFO - Setting next_dagrun for pipeline_ingestion_suivi to 2026-08-05T12:00:00+00:00, run_after=2026-08-05T13:00:00+00:00
[2026-08-05T12:42:43.172+0000] {processor.py:179} INFO - Processing /opt/airflow/dags/dag_suivi.py took 0.097 seconds
[2026-08-05T12:43:13.287+0000] {processor.py:157} INFO - Started process (PID=1373) to work on /opt/airflow/dags/dag_suivi.py
[2026-08-05T12:43:13.288+0000] {processor.py:829} INFO - Processing file /opt/airflow/dags/dag_suivi.py for tasks to queue
[2026-08-05T12:43:13.288+0000] {logging_mixin.py:151} INFO - [2026-08-05T12:43:13.288+0000] {dagbag.py:536} INFO - Filling up the DagBag from /opt/airflow/dags/dag_suivi.py
[2026-08-05T12:43:13.305+0000] {processor.py:839} INFO - DAG(s) dict_keys(['pipeline_ingestion_suivi']) retrieved from /opt/airflow/dags/dag_suivi.py
[2026-08-05T12:43:13.331+0000] {logging_mixin.py:151} INFO - [2026-08-05T12:43:13.331+0000] {dag.py:2941} INFO - Sync 1 DAGs
[2026-08-05T12:43:13.350+0000] {logging_mixin.py:151} INFO - [2026-08-05T12:43:13.350+0000] {dag.py:3722} INFO - Setting next_dagrun for pipeline_ingestion_suivi to 2026-08-05T12:00:00+00:00, run_after=2026-08-05T13:00:00+00:00
[2026-08-05T12:43:13.377+0000] {processor.py:179} INFO - Processing /opt/airflow/dags/dag_suivi.py took 0.093 seconds
[2026-08-05T12:43:43.608+0000] {processor.py:157} INFO - Started process (PID=1378) to work on /opt/airflow/dags/dag_suivi.py
[2026-08-05T12:43:43.608+0000] {processor.py:829} INFO - Processing file /opt/airflow/dags/dag_suivi.py for tasks to queue
[2026-08-05T12:43:43.609+0000] {logging_mixin.py:151} INFO - [2026-08-05T12:43:43.609+0000] {dagbag.py:536} INFO - Filling up the DagBag from /opt/airflow/dags/dag_suivi.py
[2026-08-05T12:43:43.628+0000] {processor.py:839} INFO - DAG(s) dict_keys(['pipeline_ingestion_suivi']) retrieved from /opt/airflow/dags/dag_suivi.py
[2026-08-05T12:43:43.652+0000] {logging_mixin.py:151} INFO - [2026-08-05T12:43:43.652+0000] {dag.py:2941} INFO - Sync 1 DAGs
[2026-08-05T12:43:43.670+0000] {logging_mixin.py:151} INFO - [2026-08-05T12:43:43.670+0000] {dag.py:3722} INFO - Setting next_dagrun for pipeline_ingestion_suivi to 2026-08-05T12:00:00+00:00, run_after=2026-08-05T13:00:00+00:00
[2026-08-05T12:43:43.699+0000] {processor.py:179} INFO - Processing /opt/airflow/dags/dag_suivi.py took 0.094 seconds
[2026-08-05T12:44:13.846+0000] {processor.py:157} INFO - Started process (PID=1383) to work on /opt/airflow/dags/dag_suivi.py
[2026-08-05T12:44:13.847+0000] {processor.py:829} INFO - Processing file /opt/airflow/dags/dag_suivi.py for tasks to queue
[2026-08-05T12:44:13.848+0000] {logging_mixin.py:151} INFO - [2026-08-05T12:44:13.848+0000] {dagbag.py:536} INFO - Filling up the DagBag from /opt/airflow/dags/dag_suivi.py
[2026-08-05T12:44:13.867+0000] {processor.py:839} INFO - DAG(s) dict_keys(['pipeline_ingestion_suivi']) retrieved from /opt/airflow/dags/dag_suivi.py
[2026-08-05T12:44:13.893+0000] {logging_mixin.py:151} INFO - [2026-08-05T12:44:13.893+0000] {dag.py:2941} INFO - Sync 1 DAGs
[2026-08-05T12:44:13.914+0000] {logging_mixin.py:151} INFO - [2026-08-05T12:44:13.914+0000] {dag.py:3722} INFO - Setting next_dagrun for pipeline_ingestion_suivi to 2026-08-05T12:00:00+00:00, run_after=2026-08-05T13:00:00+00:00
[2026-08-05T12:44:13.933+0000] {processor.py:179} INFO - Processing /opt/airflow/dags/dag_suivi.py took 0.090 seconds
[2026-08-05T12:44:44.116+0000] {processor.py:157} INFO - Started process (PID=1388) to work on /opt/airflow/dags/dag_suivi.py
[2026-08-05T12:44:44.117+0000] {processor.py:829} INFO - Processing file /opt/airflow/dags/dag_suivi.py for tasks to queue
[2026-08-05T12:44:44.118+0000] {logging_mixin.py:151} INFO - [2026-08-05T12:44:44.117+0000] {dagbag.py:536} INFO - Filling up the DagBag from /opt/airflow/dags/dag_suivi.py
[2026-08-05T12:44:44.136+0000] {processor.py:839} INFO - DAG(s) dict_keys(['pipeline_ingestion_suivi']) retrieved from /opt/airflow/dags/dag_suivi.py
[2026-08-05T12:44:44.160+0000] {logging_mixin.py:151} INFO - [2026-08-05T12:44:44.160+0000] {dag.py:2941} INFO - Sync 1 DAGs
[2026-08-05T12:44:44.178+0000] {logging_mixin.py:151} INFO - [2026-08-05T12:44:44.177+0000] {dag.py:3722} INFO - Setting next_dagrun for pipeline_ingestion_suivi to 2026-08-05T12:00:00+00:00, run_after=2026-08-05T13:00:00+00:00
[2026-08-05T12:44:44.195+0000] {processor.py:179} INFO - Processing /opt/airflow/dags/dag_suivi.py took 0.081 seconds
[2026-08-05T12:45:14.313+0000] {processor.py:157} INFO - Started process (PID=1393) to work on /opt/airflow/dags/dag_suivi.py
[2026-08-05T12:45:14.314+0000] {processor.py:829} INFO - Processing file /opt/airflow/dags/dag_suivi.py for tasks to queue
[2026-08-05T12:45:14.316+0000] {logging_mixin.py:151} INFO - [2026-08-05T12:45:14.315+0000] {dagbag.py:536} INFO - Filling up the DagBag from /opt/airflow/dags/dag_suivi.py
[2026-08-05T12:45:14.345+0000] {processor.py:839} INFO - DAG(s) dict_keys(['pipeline_ingestion_suivi']) retrieved from /opt/airflow/dags/dag_suivi.py
[2026-08-05T12:45:14.381+0000] {logging_mixin.py:151} INFO - [2026-08-05T12:45:14.381+0000] {dag.py:2941} INFO - Sync 1 DAGs
[2026-08-05T12:45:14.414+0000] {logging_mixin.py:151} INFO - [2026-08-05T12:45:14.413+0000] {dag.py:3722} INFO - Setting next_dagrun for pipeline_ingestion_suivi to 2026-08-05T12:00:00+00:00, run_after=2026-08-05T13:00:00+00:00
[2026-08-05T12:45:14.450+0000] {processor.py:179} INFO - Processing /opt/airflow/dags/dag_suivi.py took 0.140 seconds
[2026-08-05T12:45:44.559+0000] {processor.py:157} INFO - Started process (PID=1398) to work on /opt/airflow/dags/dag_suivi.py
[2026-08-05T12:45:44.560+0000] {processor.py:829} INFO - Processing file /opt/airflow/dags/dag_suivi.py for tasks to queue
[2026-08-05T12:45:44.561+0000] {logging_mixin.py:151} INFO - [2026-08-05T12:45:44.561+0000] {dagbag.py:536} INFO - Filling up the DagBag from /opt/airflow/dags/dag_suivi.py
[2026-08-05T12:45:44.581+0000] {processor.py:839} INFO - DAG(s) dict_keys(['pipeline_ingestion_suivi']) retrieved from /opt/airflow/dags/dag_suivi.py
[2026-08-05T12:45:44.611+0000] {logging_mixin.py:151} INFO - [2026-08-05T12:45:44.611+0000] {dag.py:2941} INFO - Sync 1 DAGs
[2026-08-05T12:45:44.635+0000] {logging_mixin.py:151} INFO - [2026-08-05T12:45:44.635+0000] {dag.py:3722} INFO - Setting next_dagrun for pipeline_ingestion_suivi to 2026-08-05T12:00:00+00:00, run_after=2026-08-05T13:00:00+00:00
[2026-08-05T12:45:44.659+0000] {processor.py:179} INFO - Processing /opt/airflow/dags/dag_suivi.py took 0.103 seconds
[2026-08-05T12:46:14.879+0000] {processor.py:157} INFO - Started process (PID=1403) to work on /opt/airflow/dags/dag_suivi.py
[2026-08-05T12:46:14.880+0000] {processor.py:829} INFO - Processing file /opt/airflow/dags/dag_suivi.py for tasks to queue
[2026-08-05T12:46:14.881+0000] {logging_mixin.py:151} INFO - [2026-08-05T12:46:14.881+0000] {dagbag.py:536} INFO - Filling up the DagBag from /opt/airflow/dags/dag_suivi.py
[2026-08-05T12:46:14.903+0000] {processor.py:839} INFO - DAG(s) dict_keys(['pipeline_ingestion_suivi']) retrieved from /opt/airflow/dags/dag_suivi.py
[2026-08-05T12:46:14.927+0000] {logging_mixin.py:151} INFO - [2026-08-05T12:46:14.927+0000] {dag.py:2941} INFO - Sync 1 DAGs
[2026-08-05T12:46:14.947+0000] {logging_mixin.py:151} INFO - [2026-08-05T12:46:14.947+0000] {dag.py:3722} INFO - Setting next_dagrun for pipeline_ingestion_suivi to 2026-08-05T12:00:00+00:00, run_after=2026-08-05T13:00:00+00:00
[2026-08-05T12:46:14.980+0000] {processor.py:179} INFO - Processing /opt/airflow/dags/dag_suivi.py took 0.104 seconds
[2026-08-05T12:46:45.097+0000] {processor.py:157} INFO - Started process (PID=1408) to work on /opt/airflow/dags/dag_suivi.py
[2026-08-05T12:46:45.098+0000] {processor.py:829} INFO - Processing file /opt/airflow/dags/dag_suivi.py for tasks to queue
[2026-08-05T12:46:45.099+0000] {logging_mixin.py:151} INFO - [2026-08-05T12:46:45.098+0000] {dagbag.py:536} INFO - Filling up the DagBag from /opt/airflow/dags/dag_suivi.py
[2026-08-05T12:46:45.121+0000] {processor.py:839} INFO - DAG(s) dict_keys(['pipeline_ingestion_suivi']) retrieved from /opt/airflow/dags/dag_suivi.py
[2026-08-05T12:46:45.146+0000] {logging_mixin.py:151} INFO - [2026-08-05T12:46:45.146+0000] {dag.py:2941} INFO - Sync 1 DAGs
[2026-08-05T12:46:45.166+0000] {logging_mixin.py:151} INFO - [2026-08-05T12:46:45.166+0000] {dag.py:3722} INFO - Setting next_dagrun for pipeline_ingestion_suivi to 2026-08-05T12:00:00+00:00, run_after=2026-08-05T13:00:00+00:00
[2026-08-05T12:46:45.186+0000] {processor.py:179} INFO - Processing /opt/airflow/dags/dag_suivi.py took 0.092 seconds
[2026-08-05T12:47:15.357+0000] {processor.py:157} INFO - Started process (PID=1413) to work on /opt/airflow/dags/dag_suivi.py
[2026-08-05T12:47:15.358+0000] {processor.py:829} INFO - Processing file /opt/airflow/dags/dag_suivi.py for tasks to queue
[2026-08-05T12:47:15.359+0000] {logging_mixin.py:151} INFO - [2026-08-05T12:47:15.359+0000] {dagbag.py:536} INFO - Filling up the DagBag from /opt/airflow/dags/dag_suivi.py
[2026-08-05T12:47:15.378+0000] {processor.py:839} INFO - DAG(s) dict_keys(['pipeline_ingestion_suivi']) retrieved from /opt/airflow/dags/dag_suivi.py
[2026-08-05T12:47:15.403+0000] {logging_mixin.py:151} INFO - [2026-08-05T12:47:15.403+0000] {dag.py:2941} INFO - Sync 1 DAGs
[2026-08-05T12:47:15.422+0000] {logging_mixin.py:151} INFO - [2026-08-05T12:47:15.422+0000] {dag.py:3722} INFO - Setting next_dagrun for pipeline_ingestion_suivi to 2026-08-05T12:00:00+00:00, run_after=2026-08-05T13:00:00+00:00
[2026-08-05T12:47:15.450+0000] {processor.py:179} INFO - Processing /opt/airflow/dags/dag_suivi.py took 0.096 seconds
[2026-08-05T12:47:45.595+0000] {processor.py:157} INFO - Started process (PID=1418) to work on /opt/airflow/dags/dag_suivi.py
[2026-08-05T12:47:45.595+0000] {processor.py:829} INFO - Processing file /opt/airflow/dags/dag_suivi.py for tasks to queue
[2026-08-05T12:47:45.596+0000] {logging_mixin.py:151} INFO - [2026-08-05T12:47:45.596+0000] {dagbag.py:536} INFO - Filling up the DagBag from /opt/airflow/dags/dag_suivi.py
[2026-08-05T12:47:45.616+0000] {processor.py:839} INFO - DAG(s) dict_keys(['pipeline_ingestion_suivi']) retrieved from /opt/airflow/dags/dag_suivi.py
[2026-08-05T12:47:45.643+0000] {logging_mixin.py:151} INFO - [2026-08-05T12:47:45.642+0000] {dag.py:2941} INFO - Sync 1 DAGs
[2026-08-05T12:47:45.661+0000] {logging_mixin.py:151} INFO - [2026-08-05T12:47:45.661+0000] {dag.py:3722} INFO - Setting next_dagrun for pipeline_ingestion_suivi to 2026-08-05T12:00:00+00:00, run_after=2026-08-05T13:00:00+00:00
[2026-08-05T12:47:45.681+0000] {processor.py:179} INFO - Processing /opt/airflow/dags/dag_suivi.py took 0.090 seconds
[2026-08-05T12:48:15.829+0000] {processor.py:157} INFO - Started process (PID=1423) to work on /opt/airflow/dags/dag_suivi.py
[2026-08-05T12:48:15.829+0000] {processor.py:829} INFO - Processing file /opt/airflow/dags/dag_suivi.py for tasks to queue
[2026-08-05T12:48:15.831+0000] {logging_mixin.py:151} INFO - [2026-08-05T12:48:15.830+0000] {dagbag.py:536} INFO - Filling up the DagBag from /opt/airflow/dags/dag_suivi.py
[2026-08-05T12:48:15.851+0000] {processor.py:839} INFO - DAG(s) dict_keys(['pipeline_ingestion_suivi']) retrieved from /opt/airflow/dags/dag_suivi.py
[2026-08-05T12:48:15.876+0000] {logging_mixin.py:151} INFO - [2026-08-05T12:48:15.875+0000] {dag.py:2941} INFO - Sync 1 DAGs
[2026-08-05T12:48:15.894+0000] {logging_mixin.py:151} INFO - [2026-08-05T12:48:15.894+0000] {dag.py:3722} INFO - Setting next_dagrun for pipeline_ingestion_suivi to 2026-08-05T12:00:00+00:00, run_after=2026-08-05T13:00:00+00:00
[2026-08-05T12:48:15.915+0000] {processor.py:179} INFO - Processing /opt/airflow/dags/dag_suivi.py took 0.090 seconds
[2026-08-05T12:48:46.064+0000] {processor.py:157} INFO - Started process (PID=1428) to work on /opt/airflow/dags/dag_suivi.py
[2026-08-05T12:48:46.065+0000] {processor.py:829} INFO - Processing file /opt/airflow/dags/dag_suivi.py for tasks to queue
[2026-08-05T12:48:46.066+0000] {logging_mixin.py:151} INFO - [2026-08-05T12:48:46.066+0000] {dagbag.py:536} INFO - Filling up the DagBag from /opt/airflow/dags/dag_suivi.py
[2026-08-05T12:48:46.093+0000] {processor.py:839} INFO - DAG(s) dict_keys(['pipeline_ingestion_suivi']) retrieved from /opt/airflow/dags/dag_suivi.py
[2026-08-05T12:48:46.138+0000] {logging_mixin.py:151} INFO - [2026-08-05T12:48:46.138+0000] {dag.py:2941} INFO - Sync 1 DAGs
[2026-08-05T12:48:46.172+0000] {logging_mixin.py:151} INFO - [2026-08-05T12:48:46.172+0000] {dag.py:3722} INFO - Setting next_dagrun for pipeline_ingestion_suivi to 2026-08-05T12:00:00+00:00, run_after=2026-08-05T13:00:00+00:00
[2026-08-05T12:48:46.200+0000] {processor.py:179} INFO - Processing /opt/airflow/dags/dag_suivi.py took 0.148 seconds
[2026-08-05T12:49:16.288+0000] {processor.py:157} INFO - Started process (PID=1433) to work on /opt/airflow/dags/dag_suivi.py
[2026-08-05T12:49:16.289+0000] {processor.py:829} INFO - Processing file /opt/airflow/dags/dag_suivi.py for tasks to queue
[2026-08-05T12:49:16.290+0000] {logging_mixin.py:151} INFO - [2026-08-05T12:49:16.289+0000] {dagbag.py:536} INFO - Filling up the DagBag from /opt/airflow/dags/dag_suivi.py
[2026-08-05T12:49:16.311+0000] {processor.py:839} INFO - DAG(s) dict_keys(['pipeline_ingestion_suivi']) retrieved from /opt/airflow/dags/dag_suivi.py
[2026-08-05T12:49:16.337+0000] {logging_mixin.py:151} INFO - [2026-08-05T12:49:16.337+0000] {dag.py:2941} INFO - Sync 1 DAGs
[2026-08-05T12:49:16.361+0000] {logging_mixin.py:151} INFO - [2026-08-05T12:49:16.361+0000] {dag.py:3722} INFO - Setting next_dagrun for pipeline_ingestion_suivi to 2026-08-05T12:00:00+00:00, run_after=2026-08-05T13:00:00+00:00
[2026-08-05T12:49:16.390+0000] {processor.py:179} INFO - Processing /opt/airflow/dags/dag_suivi.py took 0.108 seconds
[2026-08-05T12:49:46.553+0000] {processor.py:157} INFO - Started process (PID=1438) to work on /opt/airflow/dags/dag_suivi.py
[2026-08-05T12:49:46.554+0000] {processor.py:829} INFO - Processing file /opt/airflow/dags/dag_suivi.py for tasks to queue
[2026-08-05T12:49:46.554+0000] {logging_mixin.py:151} INFO - [2026-08-05T12:49:46.554+0000] {dagbag.py:536} INFO - Filling up the DagBag from /opt/airflow/dags/dag_suivi.py
[2026-08-05T12:49:46.574+0000] {processor.py:839} INFO - DAG(s) dict_keys(['pipeline_ingestion_suivi']) retrieved from /opt/airflow/dags/dag_suivi.py
[2026-08-05T12:49:46.605+0000] {logging_mixin.py:151} INFO - [2026-08-05T12:49:46.604+0000] {dag.py:2941} INFO - Sync 1 DAGs
[2026-08-05T12:49:46.628+0000] {logging_mixin.py:151} INFO - [2026-08-05T12:49:46.628+0000] {dag.py:3722} INFO - Setting next_dagrun for pipeline_ingestion_suivi to 2026-08-05T12:00:00+00:00, run_after=2026-08-05T13:00:00+00:00
[2026-08-05T12:49:46.658+0000] {processor.py:179} INFO - Processing /opt/airflow/dags/dag_suivi.py took 0.108 seconds
[2026-08-05T12:50:16.759+0000] {processor.py:157} INFO - Started process (PID=1443) to work on /opt/airflow/dags/dag_suivi.py
[2026-08-05T12:50:16.760+0000] {processor.py:829} INFO - Processing file /opt/airflow/dags/dag_suivi.py for tasks to queue
[2026-08-05T12:50:16.761+0000] {logging_mixin.py:151} INFO - [2026-08-05T12:50:16.761+0000] {dagbag.py:536} INFO - Filling up the DagBag from /opt/airflow/dags/dag_suivi.py
[2026-08-05T12:50:16.781+0000] {processor.py:839} INFO - DAG(s) dict_keys(['pipeline_ingestion_suivi']) retrieved from /opt/airflow/dags/dag_suivi.py
[2026-08-05T12:50:16.806+0000] {logging_mixin.py:151} INFO - [2026-08-05T12:50:16.806+0000] {dag.py:2941} INFO - Sync 1 DAGs
[2026-08-05T12:50:16.826+0000] {logging_mixin.py:151} INFO - [2026-08-05T12:50:16.826+0000] {dag.py:3722} INFO - Setting next_dagrun for pipeline_ingestion_suivi to 2026-08-05T12:00:00+00:00, run_after=2026-08-05T13:00:00+00:00
[2026-08-05T12:50:16.843+0000] {processor.py:179} INFO - Processing /opt/airflow/dags/dag_suivi.py took 0.087 seconds
[2026-08-05T12:50:47.042+0000] {processor.py:157} INFO - Started process (PID=1448) to work on /opt/airflow/dags/dag_suivi.py
[2026-08-05T12:50:47.043+0000] {processor.py:829} INFO - Processing file /opt/airflow/dags/dag_suivi.py for tasks to queue
[2026-08-05T12:50:47.043+0000] {logging_mixin.py:151} INFO - [2026-08-05T12:50:47.043+0000] {dagbag.py:536} INFO - Filling up the DagBag from /opt/airflow/dags/dag_suivi.py
[2026-08-05T12:50:47.061+0000] {processor.py:839} INFO - DAG(s) dict_keys(['pipeline_ingestion_suivi']) retrieved from /opt/airflow/dags/dag_suivi.py
[2026-08-05T12:50:47.087+0000] {logging_mixin.py:151} INFO - [2026-08-05T12:50:47.086+0000] {dag.py:2941} INFO - Sync 1 DAGs
[2026-08-05T12:50:47.106+0000] {logging_mixin.py:151} INFO - [2026-08-05T12:50:47.106+0000] {dag.py:3722} INFO - Setting next_dagrun for pipeline_ingestion_suivi to 2026-08-05T12:00:00+00:00, run_after=2026-08-05T13:00:00+00:00
[2026-08-05T12:50:47.132+0000] {processor.py:179} INFO - Processing /opt/airflow/dags/dag_suivi.py took 0.092 seconds
[2026-08-05T12:51:17.246+0000] {processor.py:157} INFO - Started process (PID=1453) to work on /opt/airflow/dags/dag_suivi.py
[2026-08-05T12:51:17.247+0000] {processor.py:829} INFO - Processing file /opt/airflow/dags/dag_suivi.py for tasks to queue
[2026-08-05T12:51:17.247+0000] {logging_mixin.py:151} INFO - [2026-08-05T12:51:17.247+0000] {dagbag.py:536} INFO - Filling up the DagBag from /opt/airflow/dags/dag_suivi.py
[2026-08-05T12:51:17.266+0000] {processor.py:839} INFO - DAG(s) dict_keys(['pipeline_ingestion_suivi']) retrieved from /opt/airflow/dags/dag_suivi.py
[2026-08-05T12:51:17.296+0000] {logging_mixin.py:151} INFO - [2026-08-05T12:51:17.296+0000] {dag.py:2941} INFO - Sync 1 DAGs
[2026-08-05T12:51:17.320+0000] {logging_mixin.py:151} INFO - [2026-08-05T12:51:17.320+0000] {dag.py:3722} INFO - Setting next_dagrun for pipeline_ingestion_suivi to 2026-08-05T12:00:00+00:00, run_after=2026-08-05T13:00:00+00:00
[2026-08-05T12:51:17.340+0000] {processor.py:179} INFO - Processing /opt/airflow/dags/dag_suivi.py took 0.097 seconds
[2026-08-05T12:51:47.489+0000] {processor.py:157} INFO - Started process (PID=1458) to work on /opt/airflow/dags/dag_suivi.py
[2026-08-05T12:51:47.490+0000] {processor.py:829} INFO - Processing file /opt/airflow/dags/dag_suivi.py for tasks to queue
[2026-08-05T12:51:47.491+0000] {logging_mixin.py:151} INFO - [2026-08-05T12:51:47.490+0000] {dagbag.py:536} INFO - Filling up the DagBag from /opt/airflow/dags/dag_suivi.py
[2026-08-05T12:51:47.509+0000] {processor.py:839} INFO - DAG(s) dict_keys(['pipeline_ingestion_suivi']) retrieved from /opt/airflow/dags/dag_suivi.py
[2026-08-05T12:51:47.534+0000] {logging_mixin.py:151} INFO - [2026-08-05T12:51:47.534+0000] {dag.py:2941} INFO - Sync 1 DAGs
[2026-08-05T12:51:47.553+0000] {logging_mixin.py:151} INFO - [2026-08-05T12:51:47.553+0000] {dag.py:3722} INFO - Setting next_dagrun for pipeline_ingestion_suivi to 2026-08-05T12:00:00+00:00, run_after=2026-08-05T13:00:00+00:00
[2026-08-05T12:51:47.582+0000] {processor.py:179} INFO - Processing /opt/airflow/dags/dag_suivi.py took 0.096 seconds
[2026-08-05T12:52:17.719+0000] {processor.py:157} INFO - Started process (PID=1463) to work on /opt/airflow/dags/dag_suivi.py
[2026-08-05T12:52:17.720+0000] {processor.py:829} INFO - Processing file /opt/airflow/dags/dag_suivi.py for tasks to queue
[2026-08-05T12:52:17.721+0000] {logging_mixin.py:151} INFO - [2026-08-05T12:52:17.721+0000] {dagbag.py:536} INFO - Filling up the DagBag from /opt/airflow/dags/dag_suivi.py
[2026-08-05T12:52:17.743+0000] {processor.py:839} INFO - DAG(s) dict_keys(['pipeline_ingestion_suivi']) retrieved from /opt/airflow/dags/dag_suivi.py
[2026-08-05T12:52:17.767+0000] {logging_mixin.py:151} INFO - [2026-08-05T12:52:17.767+0000] {dag.py:2941} INFO - Sync 1 DAGs
[2026-08-05T12:52:17.786+0000] {logging_mixin.py:151} INFO - [2026-08-05T12:52:17.786+0000] {dag.py:3722} INFO - Setting next_dagrun for pipeline_ingestion_suivi to 2026-08-05T12:00:00+00:00, run_after=2026-08-05T13:00:00+00:00
[2026-08-05T12:52:17.812+0000] {processor.py:179} INFO - Processing /opt/airflow/dags/dag_suivi.py took 0.095 seconds
[2026-08-05T12:52:47.988+0000] {processor.py:157} INFO - Started process (PID=1468) to work on /opt/airflow/dags/dag_suivi.py
[2026-08-05T12:52:47.988+0000] {processor.py:829} INFO - Processing file /opt/airflow/dags/dag_suivi.py for tasks to queue
[2026-08-05T12:52:47.989+0000] {logging_mixin.py:151} INFO - [2026-08-05T12:52:47.989+0000] {dagbag.py:536} INFO - Filling up the DagBag from /opt/airflow/dags/dag_suivi.py
[2026-08-05T12:52:48.006+0000] {processor.py:839} INFO - DAG(s) dict_keys(['pipeline_ingestion_suivi']) retrieved from /opt/airflow/dags/dag_suivi.py
[2026-08-05T12:52:48.030+0000] {logging_mixin.py:151} INFO - [2026-08-05T12:52:48.030+0000] {dag.py:2941} INFO - Sync 1 DAGs
[2026-08-05T12:52:48.049+0000] {logging_mixin.py:151} INFO - [2026-08-05T12:52:48.049+0000] {dag.py:3722} INFO - Setting next_dagrun for pipeline_ingestion_suivi to 2026-08-05T12:00:00+00:00, run_after=2026-08-05T13:00:00+00:00
[2026-08-05T12:52:48.080+0000] {processor.py:179} INFO - Processing /opt/airflow/dags/dag_suivi.py took 0.095 seconds
[2026-08-05T12:53:18.183+0000] {processor.py:157} INFO - Started process (PID=1473) to work on /opt/airflow/dags/dag_suivi.py
[2026-08-05T12:53:18.184+0000] {processor.py:829} INFO - Processing file /opt/airflow/dags/dag_suivi.py for tasks to queue
[2026-08-05T12:53:18.184+0000] {logging_mixin.py:151} INFO - [2026-08-05T12:53:18.184+0000] {dagbag.py:536} INFO - Filling up the DagBag from /opt/airflow/dags/dag_suivi.py
[2026-08-05T12:53:18.205+0000] {processor.py:839} INFO - DAG(s) dict_keys(['pipeline_ingestion_suivi']) retrieved from /opt/airflow/dags/dag_suivi.py
[2026-08-05T12:53:18.232+0000] {logging_mixin.py:151} INFO - [2026-08-05T12:53:18.232+0000] {dag.py:2941} INFO - Sync 1 DAGs
[2026-08-05T12:53:18.252+0000] {logging_mixin.py:151} INFO - [2026-08-05T12:53:18.252+0000] {dag.py:3722} INFO - Setting next_dagrun for pipeline_ingestion_suivi to 2026-08-05T12:00:00+00:00, run_after=2026-08-05T13:00:00+00:00
[2026-08-05T12:53:18.270+0000] {processor.py:179} INFO - Processing /opt/airflow/dags/dag_suivi.py took 0.090 seconds
[2026-08-05T12:53:48.458+0000] {processor.py:157} INFO - Started process (PID=1478) to work on /opt/airflow/dags/dag_suivi.py
[2026-08-05T12:53:48.459+0000] {processor.py:829} INFO - Processing file /opt/airflow/dags/dag_suivi.py for tasks to queue
[2026-08-05T12:53:48.460+0000] {logging_mixin.py:151} INFO - [2026-08-05T12:53:48.459+0000] {dagbag.py:536} INFO - Filling up the DagBag from /opt/airflow/dags/dag_suivi.py
[2026-08-05T12:53:48.478+0000] {processor.py:839} INFO - DAG(s) dict_keys(['pipeline_ingestion_suivi']) retrieved from /opt/airflow/dags/dag_suivi.py
[2026-08-05T12:53:48.504+0000] {logging_mixin.py:151} INFO - [2026-08-05T12:53:48.504+0000] {dag.py:2941} INFO - Sync 1 DAGs
[2026-08-05T12:53:48.525+0000] {logging_mixin.py:151} INFO - [2026-08-05T12:53:48.524+0000] {dag.py:3722} INFO - Setting next_dagrun for pipeline_ingestion_suivi to 2026-08-05T12:00:00+00:00, run_after=2026-08-05T13:00:00+00:00
[2026-08-05T12:53:48.554+0000] {processor.py:179} INFO - Processing /opt/airflow/dags/dag_suivi.py took 0.098 seconds
[2026-08-05T12:54:18.660+0000] {processor.py:157} INFO - Started process (PID=1483) to work on /opt/airflow/dags/dag_suivi.py
[2026-08-05T12:54:18.661+0000] {processor.py:829} INFO - Processing file /opt/airflow/dags/dag_suivi.py for tasks to queue
[2026-08-05T12:54:18.661+0000] {logging_mixin.py:151} INFO - [2026-08-05T12:54:18.661+0000] {dagbag.py:536} INFO - Filling up the DagBag from /opt/airflow/dags/dag_suivi.py
[2026-08-05T12:54:18.678+0000] {processor.py:839} INFO - DAG(s) dict_keys(['pipeline_ingestion_suivi']) retrieved from /opt/airflow/dags/dag_suivi.py
[2026-08-05T12:54:18.707+0000] {logging_mixin.py:151} INFO - [2026-08-05T12:54:18.706+0000] {dag.py:2941} INFO - Sync 1 DAGs
[2026-08-05T12:54:18.736+0000] {logging_mixin.py:151} INFO - [2026-08-05T12:54:18.735+0000] {dag.py:3722} INFO - Setting next_dagrun for pipeline_ingestion_suivi to 2026-08-05T12:00:00+00:00, run_after=2026-08-05T13:00:00+00:00
[2026-08-05T12:54:18.775+0000] {processor.py:179} INFO - Processing /opt/airflow/dags/dag_suivi.py took 0.118 seconds
[2026-08-05T12:54:48.939+0000] {processor.py:157} INFO - Started process (PID=1488) to work on /opt/airflow/dags/dag_suivi.py
[2026-08-05T12:54:48.940+0000] {processor.py:829} INFO - Processing file /opt/airflow/dags/dag_suivi.py for tasks to queue
[2026-08-05T12:54:48.941+0000] {logging_mixin.py:151} INFO - [2026-08-05T12:54:48.940+0000] {dagbag.py:536} INFO - Filling up the DagBag from /opt/airflow/dags/dag_suivi.py
[2026-08-05T12:54:48.970+0000] {processor.py:839} INFO - DAG(s) dict_keys(['pipeline_ingestion_suivi']) retrieved from /opt/airflow/dags/dag_suivi.py
[2026-08-05T12:54:49.005+0000] {logging_mixin.py:151} INFO - [2026-08-05T12:54:49.005+0000] {dag.py:2941} INFO - Sync 1 DAGs
[2026-08-05T12:54:49.041+0000] {logging_mixin.py:151} INFO - [2026-08-05T12:54:49.041+0000] {dag.py:3722} INFO - Setting next_dagrun for pipeline_ingestion_suivi to 2026-08-05T12:00:00+00:00, run_after=2026-08-05T13:00:00+00:00
[2026-08-05T12:54:49.071+0000] {processor.py:179} INFO - Processing /opt/airflow/dags/dag_suivi.py took 0.135 seconds
[2026-08-05T12:55:19.126+0000] {processor.py:157} INFO - Started process (PID=1493) to work on /opt/airflow/dags/dag_suivi.py
[2026-08-05T12:55:19.127+0000] {processor.py:829} INFO - Processing file /opt/airflow/dags/dag_suivi.py for tasks to queue
[2026-08-05T12:55:19.127+0000] {logging_mixin.py:151} INFO - [2026-08-05T12:55:19.127+0000] {dagbag.py:536} INFO - Filling up the DagBag from /opt/airflow/dags/dag_suivi.py
[2026-08-05T12:55:19.144+0000] {processor.py:839} INFO - DAG(s) dict_keys(['pipeline_ingestion_suivi']) retrieved from /opt/airflow/dags/dag_suivi.py
[2026-08-05T12:55:19.170+0000] {logging_mixin.py:151} INFO - [2026-08-05T12:55:19.170+0000] {dag.py:2941} INFO - Sync 1 DAGs
[2026-08-05T12:55:19.192+0000] {logging_mixin.py:151} INFO - [2026-08-05T12:55:19.191+0000] {dag.py:3722} INFO - Setting next_dagrun for pipeline_ingestion_suivi to 2026-08-05T12:00:00+00:00, run_after=2026-08-05T13:00:00+00:00
[2026-08-05T12:55:19.223+0000] {processor.py:179} INFO - Processing /opt/airflow/dags/dag_suivi.py took 0.100 seconds
[2026-08-05T12:55:49.421+0000] {processor.py:157} INFO - Started process (PID=1498) to work on /opt/airflow/dags/dag_suivi.py
[2026-08-05T12:55:49.422+0000] {processor.py:829} INFO - Processing file /opt/airflow/dags/dag_suivi.py for tasks to queue
[2026-08-05T12:55:49.423+0000] {logging_mixin.py:151} INFO - [2026-08-05T12:55:49.422+0000] {dagbag.py:536} INFO - Filling up the DagBag from /opt/airflow/dags/dag_suivi.py
[2026-08-05T12:55:49.441+0000] {processor.py:839} INFO - DAG(s) dict_keys(['pipeline_ingestion_suivi']) retrieved from /opt/airflow/dags/dag_suivi.py
[2026-08-05T12:55:49.465+0000] {logging_mixin.py:151} INFO - [2026-08-05T12:55:49.464+0000] {dag.py:2941} INFO - Sync 1 DAGs
[2026-08-05T12:55:49.482+0000] {logging_mixin.py:151} INFO - [2026-08-05T12:55:49.482+0000] {dag.py:3722} INFO - Setting next_dagrun for pipeline_ingestion_suivi to 2026-08-05T12:00:00+00:00, run_after=2026-08-05T13:00:00+00:00
[2026-08-05T12:55:49.503+0000] {processor.py:179} INFO - Processing /opt/airflow/dags/dag_suivi.py took 0.084 seconds
[2026-08-05T12:56:19.606+0000] {processor.py:157} INFO - Started process (PID=1503) to work on /opt/airflow/dags/dag_suivi.py
[2026-08-05T12:56:19.606+0000] {processor.py:829} INFO - Processing file /opt/airflow/dags/dag_suivi.py for tasks to queue
[2026-08-05T12:56:19.607+0000] {logging_mixin.py:151} INFO - [2026-08-05T12:56:19.607+0000] {dagbag.py:536} INFO - Filling up the DagBag from /opt/airflow/dags/dag_suivi.py
[2026-08-05T12:56:19.625+0000] {processor.py:839} INFO - DAG(s) dict_keys(['pipeline_ingestion_suivi']) retrieved from /opt/airflow/dags/dag_suivi.py
[2026-08-05T12:56:19.650+0000] {logging_mixin.py:151} INFO - [2026-08-05T12:56:19.650+0000] {dag.py:2941} INFO - Sync 1 DAGs
[2026-08-05T12:56:19.670+0000] {logging_mixin.py:151} INFO - [2026-08-05T12:56:19.670+0000] {dag.py:3722} INFO - Setting next_dagrun for pipeline_ingestion_suivi to 2026-08-05T12:00:00+00:00, run_after=2026-08-05T13:00:00+00:00
[2026-08-05T12:56:19.698+0000] {processor.py:179} INFO - Processing /opt/airflow/dags/dag_suivi.py took 0.095 seconds
[2026-08-05T12:56:49.859+0000] {processor.py:157} INFO - Started process (PID=1508) to work on /opt/airflow/dags/dag_suivi.py
[2026-08-05T12:56:49.860+0000] {processor.py:829} INFO - Processing file /opt/airflow/dags/dag_suivi.py for tasks to queue
[2026-08-05T12:56:49.861+0000] {logging_mixin.py:151} INFO - [2026-08-05T12:56:49.860+0000] {dagbag.py:536} INFO - Filling up the DagBag from /opt/airflow/dags/dag_suivi.py
[2026-08-05T12:56:49.882+0000] {processor.py:839} INFO - DAG(s) dict_keys(['pipeline_ingestion_suivi']) retrieved from /opt/airflow/dags/dag_suivi.py
[2026-08-05T12:56:49.905+0000] {logging_mixin.py:151} INFO - [2026-08-05T12:56:49.905+0000] {dag.py:2941} INFO - Sync 1 DAGs
[2026-08-05T12:56:49.923+0000] {logging_mixin.py:151} INFO - [2026-08-05T12:56:49.922+0000] {dag.py:3722} INFO - Setting next_dagrun for pipeline_ingestion_suivi to 2026-08-05T12:00:00+00:00, run_after=2026-08-05T13:00:00+00:00
[2026-08-05T12:56:49.942+0000] {processor.py:179} INFO - Processing /opt/airflow/dags/dag_suivi.py took 0.086 seconds
[2026-08-05T12:57:20.067+0000] {processor.py:157} INFO - Started process (PID=1513) to work on /opt/airflow/dags/dag_suivi.py
[2026-08-05T12:57:20.068+0000] {processor.py:829} INFO - Processing file /opt/airflow/dags/dag_suivi.py for tasks to queue
[2026-08-05T12:57:20.069+0000] {logging_mixin.py:151} INFO - [2026-08-05T12:57:20.069+0000] {dagbag.py:536} INFO - Filling up the DagBag from /opt/airflow/dags/dag_suivi.py
[2026-08-05T12:57:20.089+0000] {processor.py:839} INFO - DAG(s) dict_keys(['pipeline_ingestion_suivi']) retrieved from /opt/airflow/dags/dag_suivi.py
[2026-08-05T12:57:20.114+0000] {logging_mixin.py:151} INFO - [2026-08-05T12:57:20.114+0000] {dag.py:2941} INFO - Sync 1 DAGs
[2026-08-05T12:57:20.131+0000] {logging_mixin.py:151} INFO - [2026-08-05T12:57:20.131+0000] {dag.py:3722} INFO - Setting next_dagrun for pipeline_ingestion_suivi to 2026-08-05T12:00:00+00:00, run_after=2026-08-05T13:00:00+00:00
[2026-08-05T12:57:20.151+0000] {processor.py:179} INFO - Processing /opt/airflow/dags/dag_suivi.py took 0.087 seconds
[2026-08-05T12:57:50.394+0000] {processor.py:157} INFO - Started process (PID=1518) to work on /opt/airflow/dags/dag_suivi.py
[2026-08-05T12:57:50.395+0000] {processor.py:829} INFO - Processing file /opt/airflow/dags/dag_suivi.py for tasks to queue
[2026-08-05T12:57:50.395+0000] {logging_mixin.py:151} INFO - [2026-08-05T12:57:50.395+0000] {dagbag.py:536} INFO - Filling up the DagBag from /opt/airflow/dags/dag_suivi.py
[2026-08-05T12:57:50.415+0000] {processor.py:839} INFO - DAG(s) dict_keys(['pipeline_ingestion_suivi']) retrieved from /opt/airflow/dags/dag_suivi.py
[2026-08-05T12:57:50.437+0000] {logging_mixin.py:151} INFO - [2026-08-05T12:57:50.437+0000] {dag.py:2941} INFO - Sync 1 DAGs
[2026-08-05T12:57:50.453+0000] {logging_mixin.py:151} INFO - [2026-08-05T12:57:50.453+0000] {dag.py:3722} INFO - Setting next_dagrun for pipeline_ingestion_suivi to 2026-08-05T12:00:00+00:00, run_after=2026-08-05T13:00:00+00:00
[2026-08-05T12:57:50.480+0000] {processor.py:179} INFO - Processing /opt/airflow/dags/dag_suivi.py took 0.088 seconds
[2026-08-05T12:58:20.622+0000] {processor.py:157} INFO - Started process (PID=1523) to work on /opt/airflow/dags/dag_suivi.py
[2026-08-05T12:58:20.623+0000] {processor.py:829} INFO - Processing file /opt/airflow/dags/dag_suivi.py for tasks to queue
[2026-08-05T12:58:20.624+0000] {logging_mixin.py:151} INFO - [2026-08-05T12:58:20.624+0000] {dagbag.py:536} INFO - Filling up the DagBag from /opt/airflow/dags/dag_suivi.py
[2026-08-05T12:58:20.648+0000] {processor.py:839} INFO - DAG(s) dict_keys(['pipeline_ingestion_suivi']) retrieved from /opt/airflow/dags/dag_suivi.py
[2026-08-05T12:58:20.672+0000] {logging_mixin.py:151} INFO - [2026-08-05T12:58:20.671+0000] {dag.py:2941} INFO - Sync 1 DAGs
[2026-08-05T12:58:20.690+0000] {logging_mixin.py:151} INFO - [2026-08-05T12:58:20.690+0000] {dag.py:3722} INFO - Setting next_dagrun for pipeline_ingestion_suivi to 2026-08-05T12:00:00+00:00, run_after=2026-08-05T13:00:00+00:00
[2026-08-05T12:58:20.720+0000] {processor.py:179} INFO - Processing /opt/airflow/dags/dag_suivi.py took 0.100 seconds
[2026-08-05T12:58:50.855+0000] {processor.py:157} INFO - Started process (PID=1528) to work on /opt/airflow/dags/dag_suivi.py
[2026-08-05T12:58:50.856+0000] {processor.py:829} INFO - Processing file /opt/airflow/dags/dag_suivi.py for tasks to queue
[2026-08-05T12:58:50.857+0000] {logging_mixin.py:151} INFO - [2026-08-05T12:58:50.857+0000] {dagbag.py:536} INFO - Filling up the DagBag from /opt/airflow/dags/dag_suivi.py
[2026-08-05T12:58:50.879+0000] {processor.py:839} INFO - DAG(s) dict_keys(['pipeline_ingestion_suivi']) retrieved from /opt/airflow/dags/dag_suivi.py
[2026-08-05T12:58:50.903+0000] {logging_mixin.py:151} INFO - [2026-08-05T12:58:50.903+0000] {dag.py:2941} INFO - Sync 1 DAGs
[2026-08-05T12:58:50.922+0000] {logging_mixin.py:151} INFO - [2026-08-05T12:58:50.921+0000] {dag.py:3722} INFO - Setting next_dagrun for pipeline_ingestion_suivi to 2026-08-05T12:00:00+00:00, run_after=2026-08-05T13:00:00+00:00
[2026-08-05T12:58:50.940+0000] {processor.py:179} INFO - Processing /opt/airflow/dags/dag_suivi.py took 0.088 seconds
[2026-08-05T12:59:21.095+0000] {processor.py:157} INFO - Started process (PID=1533) to work on /opt/airflow/dags/dag_suivi.py
[2026-08-05T12:59:21.096+0000] {processor.py:829} INFO - Processing file /opt/airflow/dags/dag_suivi.py for tasks to queue
[2026-08-05T12:59:21.097+0000] {logging_mixin.py:151} INFO - [2026-08-05T12:59:21.097+0000] {dagbag.py:536} INFO - Filling up the DagBag from /opt/airflow/dags/dag_suivi.py
[2026-08-05T12:59:21.122+0000] {processor.py:839} INFO - DAG(s) dict_keys(['pipeline_ingestion_suivi']) retrieved from /opt/airflow/dags/dag_suivi.py
[2026-08-05T12:59:21.147+0000] {logging_mixin.py:151} INFO - [2026-08-05T12:59:21.147+0000] {dag.py:2941} INFO - Sync 1 DAGs
[2026-08-05T12:59:21.167+0000] {logging_mixin.py:151} INFO - [2026-08-05T12:59:21.167+0000] {dag.py:3722} INFO - Setting next_dagrun for pipeline_ingestion_suivi to 2026-08-05T12:00:00+00:00, run_after=2026-08-05T13:00:00+00:00
[2026-08-05T12:59:21.195+0000] {processor.py:179} INFO - Processing /opt/airflow/dags/dag_suivi.py took 0.103 seconds
[2026-08-05T12:59:51.328+0000] {processor.py:157} INFO - Started process (PID=1538) to work on /opt/airflow/dags/dag_suivi.py
[2026-08-05T12:59:51.328+0000] {processor.py:829} INFO - Processing file /opt/airflow/dags/dag_suivi.py for tasks to queue
[2026-08-05T12:59:51.329+0000] {logging_mixin.py:151} INFO - [2026-08-05T12:59:51.329+0000] {dagbag.py:536} INFO - Filling up the DagBag from /opt/airflow/dags/dag_suivi.py
[2026-08-05T12:59:51.351+0000] {processor.py:839} INFO - DAG(s) dict_keys(['pipeline_ingestion_suivi']) retrieved from /opt/airflow/dags/dag_suivi.py
[2026-08-05T12:59:51.378+0000] {logging_mixin.py:151} INFO - [2026-08-05T12:59:51.378+0000] {dag.py:2941} INFO - Sync 1 DAGs
[2026-08-05T12:59:51.400+0000] {logging_mixin.py:151} INFO - [2026-08-05T12:59:51.400+0000] {dag.py:3722} INFO - Setting next_dagrun for pipeline_ingestion_suivi to 2026-08-05T12:00:00+00:00, run_after=2026-08-05T13:00:00+00:00
[2026-08-05T12:59:51.423+0000] {processor.py:179} INFO - Processing /opt/airflow/dags/dag_suivi.py took 0.098 seconds
[2026-08-05T13:00:21.600+0000] {processor.py:157} INFO - Started process (PID=1545) to work on /opt/airflow/dags/dag_suivi.py
[2026-08-05T13:00:21.602+0000] {processor.py:829} INFO - Processing file /opt/airflow/dags/dag_suivi.py for tasks to queue
[2026-08-05T13:00:21.603+0000] {logging_mixin.py:151} INFO - [2026-08-05T13:00:21.602+0000] {dagbag.py:536} INFO - Filling up the DagBag from /opt/airflow/dags/dag_suivi.py
[2026-08-05T13:00:21.662+0000] {processor.py:839} INFO - DAG(s) dict_keys(['pipeline_ingestion_suivi']) retrieved from /opt/airflow/dags/dag_suivi.py
[2026-08-05T13:00:21.704+0000] {logging_mixin.py:151} INFO - [2026-08-05T13:00:21.703+0000] {dag.py:2941} INFO - Sync 1 DAGs
[2026-08-05T13:00:21.731+0000] {logging_mixin.py:151} INFO - [2026-08-05T13:00:21.731+0000] {dag.py:3722} INFO - Setting next_dagrun for pipeline_ingestion_suivi to 2026-08-05T13:00:00+00:00, run_after=2026-08-05T14:00:00+00:00
[2026-08-05T13:00:21.752+0000] {processor.py:179} INFO - Processing /opt/airflow/dags/dag_suivi.py took 0.156 seconds
[2026-08-05T13:00:51.795+0000] {processor.py:157} INFO - Started process (PID=1550) to work on /opt/airflow/dags/dag_suivi.py
[2026-08-05T13:00:51.797+0000] {processor.py:829} INFO - Processing file /opt/airflow/dags/dag_suivi.py for tasks to queue
[2026-08-05T13:00:51.798+0000] {logging_mixin.py:151} INFO - [2026-08-05T13:00:51.797+0000] {dagbag.py:536} INFO - Filling up the DagBag from /opt/airflow/dags/dag_suivi.py
[2026-08-05T13:00:51.817+0000] {processor.py:839} INFO - DAG(s) dict_keys(['pipeline_ingestion_suivi']) retrieved from /opt/airflow/dags/dag_suivi.py
[2026-08-05T13:00:51.841+0000] {logging_mixin.py:151} INFO - [2026-08-05T13:00:51.841+0000] {dag.py:2941} INFO - Sync 1 DAGs
[2026-08-05T13:00:51.857+0000] {logging_mixin.py:151} INFO - [2026-08-05T13:00:51.857+0000] {dag.py:3722} INFO - Setting next_dagrun for pipeline_ingestion_suivi to 2026-08-05T13:00:00+00:00, run_after=2026-08-05T14:00:00+00:00
[2026-08-05T13:00:51.886+0000] {processor.py:179} INFO - Processing /opt/airflow/dags/dag_suivi.py took 0.094 seconds
[2026-08-05T13:01:21.974+0000] {processor.py:157} INFO - Started process (PID=1555) to work on /opt/airflow/dags/dag_suivi.py
[2026-08-05T13:01:21.974+0000] {processor.py:829} INFO - Processing file /opt/airflow/dags/dag_suivi.py for tasks to queue
[2026-08-05T13:01:21.975+0000] {logging_mixin.py:151} INFO - [2026-08-05T13:01:21.975+0000] {dagbag.py:536} INFO - Filling up the DagBag from /opt/airflow/dags/dag_suivi.py
[2026-08-05T13:01:21.992+0000] {processor.py:839} INFO - DAG(s) dict_keys(['pipeline_ingestion_suivi']) retrieved from /opt/airflow/dags/dag_suivi.py
[2026-08-05T13:01:22.017+0000] {logging_mixin.py:151} INFO - [2026-08-05T13:01:22.017+0000] {dag.py:2941} INFO - Sync 1 DAGs
[2026-08-05T13:01:22.036+0000] {logging_mixin.py:151} INFO - [2026-08-05T13:01:22.036+0000] {dag.py:3722} INFO - Setting next_dagrun for pipeline_ingestion_suivi to 2026-08-05T13:00:00+00:00, run_after=2026-08-05T14:00:00+00:00
[2026-08-05T13:01:22.065+0000] {processor.py:179} INFO - Processing /opt/airflow/dags/dag_suivi.py took 0.094 seconds
[2026-08-05T13:01:52.233+0000] {processor.py:157} INFO - Started process (PID=1560) to work on /opt/airflow/dags/dag_suivi.py
[2026-08-05T13:01:52.234+0000] {processor.py:829} INFO - Processing file /opt/airflow/dags/dag_suivi.py for tasks to queue
[2026-08-05T13:01:52.235+0000] {logging_mixin.py:151} INFO - [2026-08-05T13:01:52.235+0000] {dagbag.py:536} INFO - Filling up the DagBag from /opt/airflow/dags/dag_suivi.py
[2026-08-05T13:01:52.257+0000] {processor.py:839} INFO - DAG(s) dict_keys(['pipeline_ingestion_suivi']) retrieved from /opt/airflow/dags/dag_suivi.py
[2026-08-05T13:01:52.278+0000] {logging_mixin.py:151} INFO - [2026-08-05T13:01:52.278+0000] {dag.py:2941} INFO - Sync 1 DAGs
[2026-08-05T13:01:52.301+0000] {logging_mixin.py:151} INFO - [2026-08-05T13:01:52.301+0000] {dag.py:3722} INFO - Setting next_dagrun for pipeline_ingestion_suivi to 2026-08-05T13:00:00+00:00, run_after=2026-08-05T14:00:00+00:00
[2026-08-05T13:01:52.321+0000] {processor.py:179} INFO - Processing /opt/airflow/dags/dag_suivi.py took 0.092 seconds
[2026-08-05T13:02:22.441+0000] {processor.py:157} INFO - Started process (PID=1565) to work on /opt/airflow/dags/dag_suivi.py
[2026-08-05T13:02:22.441+0000] {processor.py:829} INFO - Processing file /opt/airflow/dags/dag_suivi.py for tasks to queue
[2026-08-05T13:02:22.442+0000] {logging_mixin.py:151} INFO - [2026-08-05T13:02:22.442+0000] {dagbag.py:536} INFO - Filling up the DagBag from /opt/airflow/dags/dag_suivi.py
[2026-08-05T13:02:22.461+0000] {processor.py:839} INFO - DAG(s) dict_keys(['pipeline_ingestion_suivi']) retrieved from /opt/airflow/dags/dag_suivi.py
[2026-08-05T13:02:22.489+0000] {logging_mixin.py:151} INFO - [2026-08-05T13:02:22.488+0000] {dag.py:2941} INFO - Sync 1 DAGs
[2026-08-05T13:02:22.506+0000] {logging_mixin.py:151} INFO - [2026-08-05T13:02:22.506+0000] {dag.py:3722} INFO - Setting next_dagrun for pipeline_ingestion_suivi to 2026-08-05T13:00:00+00:00, run_after=2026-08-05T14:00:00+00:00
[2026-08-05T13:02:22.526+0000] {processor.py:179} INFO - Processing /opt/airflow/dags/dag_suivi.py took 0.088 seconds
[2026-08-05T13:02:52.659+0000] {processor.py:157} INFO - Started process (PID=1570) to work on /opt/airflow/dags/dag_suivi.py
[2026-08-05T13:02:52.660+0000] {processor.py:829} INFO - Processing file /opt/airflow/dags/dag_suivi.py for tasks to queue
[2026-08-05T13:02:52.661+0000] {logging_mixin.py:151} INFO - [2026-08-05T13:02:52.661+0000] {dagbag.py:536} INFO - Filling up the DagBag from /opt/airflow/dags/dag_suivi.py
[2026-08-05T13:02:52.678+0000] {processor.py:839} INFO - DAG(s) dict_keys(['pipeline_ingestion_suivi']) retrieved from /opt/airflow/dags/dag_suivi.py
[2026-08-05T13:02:52.703+0000] {logging_mixin.py:151} INFO - [2026-08-05T13:02:52.703+0000] {dag.py:2941} INFO - Sync 1 DAGs
[2026-08-05T13:02:52.722+0000] {logging_mixin.py:151} INFO - [2026-08-05T13:02:52.722+0000] {dag.py:3722} INFO - Setting next_dagrun for pipeline_ingestion_suivi to 2026-08-05T13:00:00+00:00, run_after=2026-08-05T14:00:00+00:00
[2026-08-05T13:02:52.744+0000] {processor.py:179} INFO - Processing /opt/airflow/dags/dag_suivi.py took 0.088 seconds
[2026-08-05T13:03:22.873+0000] {processor.py:157} INFO - Started process (PID=1575) to work on /opt/airflow/dags/dag_suivi.py
[2026-08-05T13:03:22.874+0000] {processor.py:829} INFO - Processing file /opt/airflow/dags/dag_suivi.py for tasks to queue
[2026-08-05T13:03:22.875+0000] {logging_mixin.py:151} INFO - [2026-08-05T13:03:22.875+0000] {dagbag.py:536} INFO - Filling up the DagBag from /opt/airflow/dags/dag_suivi.py
[2026-08-05T13:03:22.893+0000] {processor.py:839} INFO - DAG(s) dict_keys(['pipeline_ingestion_suivi']) retrieved from /opt/airflow/dags/dag_suivi.py
[2026-08-05T13:03:22.916+0000] {logging_mixin.py:151} INFO - [2026-08-05T13:03:22.916+0000] {dag.py:2941} INFO - Sync 1 DAGs
[2026-08-05T13:03:22.933+0000] {logging_mixin.py:151} INFO - [2026-08-05T13:03:22.933+0000] {dag.py:3722} INFO - Setting next_dagrun for pipeline_ingestion_suivi to 2026-08-05T13:00:00+00:00, run_after=2026-08-05T14:00:00+00:00
[2026-08-05T13:03:22.953+0000] {processor.py:179} INFO - Processing /opt/airflow/dags/dag_suivi.py took 0.083 seconds
[2026-08-05T13:03:53.151+0000] {processor.py:157} INFO - Started process (PID=1580) to work on /opt/airflow/dags/dag_suivi.py
[2026-08-05T13:03:53.152+0000] {processor.py:829} INFO - Processing file /opt/airflow/dags/dag_suivi.py for tasks to queue
[2026-08-05T13:03:53.152+0000] {logging_mixin.py:151} INFO - [2026-08-05T13:03:53.152+0000] {dagbag.py:536} INFO - Filling up the DagBag from /opt/airflow/dags/dag_suivi.py
[2026-08-05T13:03:53.177+0000] {processor.py:839} INFO - DAG(s) dict_keys(['pipeline_ingestion_suivi']) retrieved from /opt/airflow/dags/dag_suivi.py
[2026-08-05T13:03:53.208+0000] {logging_mixin.py:151} INFO - [2026-08-05T13:03:53.207+0000] {dag.py:2941} INFO - Sync 1 DAGs
[2026-08-05T13:03:53.227+0000] {logging_mixin.py:151} INFO - [2026-08-05T13:03:53.227+0000] {dag.py:3722} INFO - Setting next_dagrun for pipeline_ingestion_suivi to 2026-08-05T13:00:00+00:00, run_after=2026-08-05T14:00:00+00:00
[2026-08-05T13:03:53.255+0000] {processor.py:179} INFO - Processing /opt/airflow/dags/dag_suivi.py took 0.111 seconds
[2026-08-05T13:04:23.366+0000] {processor.py:157} INFO - Started process (PID=1585) to work on /opt/airflow/dags/dag_suivi.py
[2026-08-05T13:04:23.367+0000] {processor.py:829} INFO - Processing file /opt/airflow/dags/dag_suivi.py for tasks to queue
[2026-08-05T13:04:23.368+0000] {logging_mixin.py:151} INFO - [2026-08-05T13:04:23.368+0000] {dagbag.py:536} INFO - Filling up the DagBag from /opt/airflow/dags/dag_suivi.py
[2026-08-05T13:04:23.386+0000] {processor.py:839} INFO - DAG(s) dict_keys(['pipeline_ingestion_suivi']) retrieved from /opt/airflow/dags/dag_suivi.py
[2026-08-05T13:04:23.412+0000] {logging_mixin.py:151} INFO - [2026-08-05T13:04:23.412+0000] {dag.py:2941} INFO - Sync 1 DAGs
[2026-08-05T13:04:23.434+0000] {logging_mixin.py:151} INFO - [2026-08-05T13:04:23.434+0000] {dag.py:3722} INFO - Setting next_dagrun for pipeline_ingestion_suivi to 2026-08-05T13:00:00+00:00, run_after=2026-08-05T14:00:00+00:00
[2026-08-05T13:04:23.456+0000] {processor.py:179} INFO - Processing /opt/airflow/dags/dag_suivi.py took 0.092 seconds
[2026-08-05T13:04:53.594+0000] {processor.py:157} INFO - Started process (PID=1590) to work on /opt/airflow/dags/dag_suivi.py
[2026-08-05T13:04:53.594+0000] {processor.py:829} INFO - Processing file /opt/airflow/dags/dag_suivi.py for tasks to queue
[2026-08-05T13:04:53.595+0000] {logging_mixin.py:151} INFO - [2026-08-05T13:04:53.595+0000] {dagbag.py:536} INFO - Filling up the DagBag from /opt/airflow/dags/dag_suivi.py
[2026-08-05T13:04:53.621+0000] {processor.py:839} INFO - DAG(s) dict_keys(['pipeline_ingestion_suivi']) retrieved from /opt/airflow/dags/dag_suivi.py
[2026-08-05T13:04:53.651+0000] {logging_mixin.py:151} INFO - [2026-08-05T13:04:53.651+0000] {dag.py:2941} INFO - Sync 1 DAGs
[2026-08-05T13:04:53.676+0000] {logging_mixin.py:151} INFO - [2026-08-05T13:04:53.676+0000] {dag.py:3722} INFO - Setting next_dagrun for pipeline_ingestion_suivi to 2026-08-05T13:00:00+00:00, run_after=2026-08-05T14:00:00+00:00
[2026-08-05T13:04:53.699+0000] {processor.py:179} INFO - Processing /opt/airflow/dags/dag_suivi.py took 0.109 seconds
[2026-08-05T13:05:23.803+0000] {processor.py:157} INFO - Started process (PID=1595) to work on /opt/airflow/dags/dag_suivi.py
[2026-08-05T13:05:23.804+0000] {processor.py:829} INFO - Processing file /opt/airflow/dags/dag_suivi.py for tasks to queue
[2026-08-05T13:05:23.804+0000] {logging_mixin.py:151} INFO - [2026-08-05T13:05:23.804+0000] {dagbag.py:536} INFO - Filling up the DagBag from /opt/airflow/dags/dag_suivi.py
[2026-08-05T13:05:23.823+0000] {processor.py:839} INFO - DAG(s) dict_keys(['pipeline_ingestion_suivi']) retrieved from /opt/airflow/dags/dag_suivi.py
[2026-08-05T13:05:23.847+0000] {logging_mixin.py:151} INFO - [2026-08-05T13:05:23.847+0000] {dag.py:2941} INFO - Sync 1 DAGs
[2026-08-05T13:05:23.865+0000] {logging_mixin.py:151} INFO - [2026-08-05T13:05:23.865+0000] {dag.py:3722} INFO - Setting next_dagrun for pipeline_ingestion_suivi to 2026-08-05T13:00:00+00:00, run_after=2026-08-05T14:00:00+00:00
[2026-08-05T13:05:23.891+0000] {processor.py:179} INFO - Processing /opt/airflow/dags/dag_suivi.py took 0.091 seconds
[2026-08-05T13:05:54.038+0000] {processor.py:157} INFO - Started process (PID=1600) to work on /opt/airflow/dags/dag_suivi.py
[2026-08-05T13:05:54.039+0000] {processor.py:829} INFO - Processing file /opt/airflow/dags/dag_suivi.py for tasks to queue
[2026-08-05T13:05:54.039+0000] {logging_mixin.py:151} INFO - [2026-08-05T13:05:54.039+0000] {dagbag.py:536} INFO - Filling up the DagBag from /opt/airflow/dags/dag_suivi.py
[2026-08-05T13:05:54.059+0000] {processor.py:839} INFO - DAG(s) dict_keys(['pipeline_ingestion_suivi']) retrieved from /opt/airflow/dags/dag_suivi.py
[2026-08-05T13:05:54.083+0000] {logging_mixin.py:151} INFO - [2026-08-05T13:05:54.082+0000] {dag.py:2941} INFO - Sync 1 DAGs
[2026-08-05T13:05:54.101+0000] {logging_mixin.py:151} INFO - [2026-08-05T13:05:54.101+0000] {dag.py:3722} INFO - Setting next_dagrun for pipeline_ingestion_suivi to 2026-08-05T13:00:00+00:00, run_after=2026-08-05T14:00:00+00:00
[2026-08-05T13:05:54.121+0000] {processor.py:179} INFO - Processing /opt/airflow/dags/dag_suivi.py took 0.085 seconds
[2026-08-05T13:06:24.216+0000] {processor.py:157} INFO - Started process (PID=1605) to work on /opt/airflow/dags/dag_suivi.py
[2026-08-05T13:06:24.217+0000] {processor.py:829} INFO - Processing file /opt/airflow/dags/dag_suivi.py for tasks to queue
[2026-08-05T13:06:24.217+0000] {logging_mixin.py:151} INFO - [2026-08-05T13:06:24.217+0000] {dagbag.py:536} INFO - Filling up the DagBag from /opt/airflow/dags/dag_suivi.py
[2026-08-05T13:06:24.239+0000] {processor.py:839} INFO - DAG(s) dict_keys(['pipeline_ingestion_suivi']) retrieved from /opt/airflow/dags/dag_suivi.py
[2026-08-05T13:06:24.266+0000] {logging_mixin.py:151} INFO - [2026-08-05T13:06:24.266+0000] {dag.py:2941} INFO - Sync 1 DAGs
[2026-08-05T13:06:24.288+0000] {logging_mixin.py:151} INFO - [2026-08-05T13:06:24.287+0000] {dag.py:3722} INFO - Setting next_dagrun for pipeline_ingestion_suivi to 2026-08-05T13:00:00+00:00, run_after=2026-08-05T14:00:00+00:00
[2026-08-05T13:06:24.312+0000] {processor.py:179} INFO - Processing /opt/airflow/dags/dag_suivi.py took 0.098 seconds
[2026-08-05T13:06:54.455+0000] {processor.py:157} INFO - Started process (PID=1610) to work on /opt/airflow/dags/dag_suivi.py
[2026-08-05T13:06:54.456+0000] {processor.py:829} INFO - Processing file /opt/airflow/dags/dag_suivi.py for tasks to queue
[2026-08-05T13:06:54.457+0000] {logging_mixin.py:151} INFO - [2026-08-05T13:06:54.457+0000] {dagbag.py:536} INFO - Filling up the DagBag from /opt/airflow/dags/dag_suivi.py
[2026-08-05T13:06:54.476+0000] {processor.py:839} INFO - DAG(s) dict_keys(['pipeline_ingestion_suivi']) retrieved from /opt/airflow/dags/dag_suivi.py
[2026-08-05T13:06:54.504+0000] {logging_mixin.py:151} INFO - [2026-08-05T13:06:54.504+0000] {dag.py:2941} INFO - Sync 1 DAGs
[2026-08-05T13:06:54.525+0000] {logging_mixin.py:151} INFO - [2026-08-05T13:06:54.524+0000] {dag.py:3722} INFO - Setting next_dagrun for pipeline_ingestion_suivi to 2026-08-05T13:00:00+00:00, run_after=2026-08-05T14:00:00+00:00
[2026-08-05T13:06:54.544+0000] {processor.py:179} INFO - Processing /opt/airflow/dags/dag_suivi.py took 0.092 seconds
[2026-08-05T13:07:24.754+0000] {processor.py:157} INFO - Started process (PID=1615) to work on /opt/airflow/dags/dag_suivi.py
[2026-08-05T13:07:24.754+0000] {processor.py:829} INFO - Processing file /opt/airflow/dags/dag_suivi.py for tasks to queue
[2026-08-05T13:07:24.755+0000] {logging_mixin.py:151} INFO - [2026-08-05T13:07:24.755+0000] {dagbag.py:536} INFO - Filling up the DagBag from /opt/airflow/dags/dag_suivi.py
[2026-08-05T13:07:24.774+0000] {processor.py:839} INFO - DAG(s) dict_keys(['pipeline_ingestion_suivi']) retrieved from /opt/airflow/dags/dag_suivi.py
[2026-08-05T13:07:24.799+0000] {logging_mixin.py:151} INFO - [2026-08-05T13:07:24.799+0000] {dag.py:2941} INFO - Sync 1 DAGs
[2026-08-05T13:07:24.818+0000] {logging_mixin.py:151} INFO - [2026-08-05T13:07:24.818+0000] {dag.py:3722} INFO - Setting next_dagrun for pipeline_ingestion_suivi to 2026-08-05T13:00:00+00:00, run_after=2026-08-05T14:00:00+00:00
[2026-08-05T13:07:24.837+0000] {processor.py:179} INFO - Processing /opt/airflow/dags/dag_suivi.py took 0.086 seconds
[2026-08-05T13:07:54.936+0000] {processor.py:157} INFO - Started process (PID=1620) to work on /opt/airflow/dags/dag_suivi.py
[2026-08-05T13:07:54.936+0000] {processor.py:829} INFO - Processing file /opt/airflow/dags/dag_suivi.py for tasks to queue
[2026-08-05T13:07:54.937+0000] {logging_mixin.py:151} INFO - [2026-08-05T13:07:54.937+0000] {dagbag.py:536} INFO - Filling up the DagBag from /opt/airflow/dags/dag_suivi.py
[2026-08-05T13:07:54.958+0000] {processor.py:839} INFO - DAG(s) dict_keys(['pipeline_ingestion_suivi']) retrieved from /opt/airflow/dags/dag_suivi.py
[2026-08-05T13:07:54.983+0000] {logging_mixin.py:151} INFO - [2026-08-05T13:07:54.983+0000] {dag.py:2941} INFO - Sync 1 DAGs
[2026-08-05T13:07:55.002+0000] {logging_mixin.py:151} INFO - [2026-08-05T13:07:55.002+0000] {dag.py:3722} INFO - Setting next_dagrun for pipeline_ingestion_suivi to 2026-08-05T13:00:00+00:00, run_after=2026-08-05T14:00:00+00:00
[2026-08-05T13:07:55.029+0000] {processor.py:179} INFO - Processing /opt/airflow/dags/dag_suivi.py took 0.096 seconds
[2026-08-05T13:08:25.207+0000] {processor.py:157} INFO - Started process (PID=1625) to work on /opt/airflow/dags/dag_suivi.py
[2026-08-05T13:08:25.208+0000] {processor.py:829} INFO - Processing file /opt/airflow/dags/dag_suivi.py for tasks to queue
[2026-08-05T13:08:25.209+0000] {logging_mixin.py:151} INFO - [2026-08-05T13:08:25.209+0000] {dagbag.py:536} INFO - Filling up the DagBag from /opt/airflow/dags/dag_suivi.py
[2026-08-05T13:08:25.230+0000] {processor.py:839} INFO - DAG(s) dict_keys(['pipeline_ingestion_suivi']) retrieved from /opt/airflow/dags/dag_suivi.py
[2026-08-05T13:08:25.257+0000] {logging_mixin.py:151} INFO - [2026-08-05T13:08:25.257+0000] {dag.py:2941} INFO - Sync 1 DAGs
[2026-08-05T13:08:25.283+0000] {logging_mixin.py:151} INFO - [2026-08-05T13:08:25.283+0000] {dag.py:3722} INFO - Setting next_dagrun for pipeline_ingestion_suivi to 2026-08-05T13:00:00+00:00, run_after=2026-08-05T14:00:00+00:00
[2026-08-05T13:08:25.305+0000] {processor.py:179} INFO - Processing /opt/airflow/dags/dag_suivi.py took 0.100 seconds
[2026-08-05T13:08:55.383+0000] {processor.py:157} INFO - Started process (PID=1630) to work on /opt/airflow/dags/dag_suivi.py
[2026-08-05T13:08:55.384+0000] {processor.py:829} INFO - Processing file /opt/airflow/dags/dag_suivi.py for tasks to queue
[2026-08-05T13:08:55.385+0000] {logging_mixin.py:151} INFO - [2026-08-05T13:08:55.385+0000] {dagbag.py:536} INFO - Filling up the DagBag from /opt/airflow/dags/dag_suivi.py
[2026-08-05T13:08:55.405+0000] {processor.py:839} INFO - DAG(s) dict_keys(['pipeline_ingestion_suivi']) retrieved from /opt/airflow/dags/dag_suivi.py
[2026-08-05T13:08:55.429+0000] {logging_mixin.py:151} INFO - [2026-08-05T13:08:55.429+0000] {dag.py:2941} INFO - Sync 1 DAGs
[2026-08-05T13:08:55.446+0000] {logging_mixin.py:151} INFO - [2026-08-05T13:08:55.446+0000] {dag.py:3722} INFO - Setting next_dagrun for pipeline_ingestion_suivi to 2026-08-05T13:00:00+00:00, run_after=2026-08-05T14:00:00+00:00
[2026-08-05T13:08:55.475+0000] {processor.py:179} INFO - Processing /opt/airflow/dags/dag_suivi.py took 0.095 seconds
[2026-08-05T13:09:25.641+0000] {processor.py:157} INFO - Started process (PID=1635) to work on /opt/airflow/dags/dag_suivi.py
[2026-08-05T13:09:25.642+0000] {processor.py:829} INFO - Processing file /opt/airflow/dags/dag_suivi.py for tasks to queue
[2026-08-05T13:09:25.643+0000] {logging_mixin.py:151} INFO - [2026-08-05T13:09:25.642+0000] {dagbag.py:536} INFO - Filling up the DagBag from /opt/airflow/dags/dag_suivi.py
[2026-08-05T13:09:25.662+0000] {processor.py:839} INFO - DAG(s) dict_keys(['pipeline_ingestion_suivi']) retrieved from /opt/airflow/dags/dag_suivi.py
[2026-08-05T13:09:25.685+0000] {logging_mixin.py:151} INFO - [2026-08-05T13:09:25.685+0000] {dag.py:2941} INFO - Sync 1 DAGs
[2026-08-05T13:09:25.704+0000] {logging_mixin.py:151} INFO - [2026-08-05T13:09:25.704+0000] {dag.py:3722} INFO - Setting next_dagrun for pipeline_ingestion_suivi to 2026-08-05T13:00:00+00:00, run_after=2026-08-05T14:00:00+00:00
[2026-08-05T13:09:25.736+0000] {processor.py:179} INFO - Processing /opt/airflow/dags/dag_suivi.py took 0.098 seconds
[2026-08-05T13:09:55.823+0000] {processor.py:157} INFO - Started process (PID=1640) to work on /opt/airflow/dags/dag_suivi.py
[2026-08-05T13:09:55.824+0000] {processor.py:829} INFO - Processing file /opt/airflow/dags/dag_suivi.py for tasks to queue
[2026-08-05T13:09:55.825+0000] {logging_mixin.py:151} INFO - [2026-08-05T13:09:55.825+0000] {dagbag.py:536} INFO - Filling up the DagBag from /opt/airflow/dags/dag_suivi.py
[2026-08-05T13:09:55.850+0000] {processor.py:839} INFO - DAG(s) dict_keys(['pipeline_ingestion_suivi']) retrieved from /opt/airflow/dags/dag_suivi.py
[2026-08-05T13:09:55.878+0000] {logging_mixin.py:151} INFO - [2026-08-05T13:09:55.878+0000] {dag.py:2941} INFO - Sync 1 DAGs
[2026-08-05T13:09:55.902+0000] {logging_mixin.py:151} INFO - [2026-08-05T13:09:55.902+0000] {dag.py:3722} INFO - Setting next_dagrun for pipeline_ingestion_suivi to 2026-08-05T13:00:00+00:00, run_after=2026-08-05T14:00:00+00:00
[2026-08-05T13:09:55.925+0000] {processor.py:179} INFO - Processing /opt/airflow/dags/dag_suivi.py took 0.106 seconds
[2026-08-05T13:10:26.085+0000] {processor.py:157} INFO - Started process (PID=1645) to work on /opt/airflow/dags/dag_suivi.py
[2026-08-05T13:10:26.086+0000] {processor.py:829} INFO - Processing file /opt/airflow/dags/dag_suivi.py for tasks to queue
[2026-08-05T13:10:26.087+0000] {logging_mixin.py:151} INFO - [2026-08-05T13:10:26.086+0000] {dagbag.py:536} INFO - Filling up the DagBag from /opt/airflow/dags/dag_suivi.py
[2026-08-05T13:10:26.107+0000] {processor.py:839} INFO - DAG(s) dict_keys(['pipeline_ingestion_suivi']) retrieved from /opt/airflow/dags/dag_suivi.py
[2026-08-05T13:10:26.136+0000] {logging_mixin.py:151} INFO - [2026-08-05T13:10:26.135+0000] {dag.py:2941} INFO - Sync 1 DAGs
[2026-08-05T13:10:26.155+0000] {logging_mixin.py:151} INFO - [2026-08-05T13:10:26.155+0000] {dag.py:3722} INFO - Setting next_dagrun for pipeline_ingestion_suivi to 2026-08-05T13:00:00+00:00, run_after=2026-08-05T14:00:00+00:00
[2026-08-05T13:10:26.176+0000] {processor.py:179} INFO - Processing /opt/airflow/dags/dag_suivi.py took 0.094 seconds
[2026-08-05T13:10:56.270+0000] {processor.py:157} INFO - Started process (PID=1650) to work on /opt/airflow/dags/dag_suivi.py
[2026-08-05T13:10:56.271+0000] {processor.py:829} INFO - Processing file /opt/airflow/dags/dag_suivi.py for tasks to queue
[2026-08-05T13:10:56.271+0000] {logging_mixin.py:151} INFO - [2026-08-05T13:10:56.271+0000] {dagbag.py:536} INFO - Filling up the DagBag from /opt/airflow/dags/dag_suivi.py
[2026-08-05T13:10:56.293+0000] {processor.py:839} INFO - DAG(s) dict_keys(['pipeline_ingestion_suivi']) retrieved from /opt/airflow/dags/dag_suivi.py
[2026-08-05T13:10:56.317+0000] {logging_mixin.py:151} INFO - [2026-08-05T13:10:56.317+0000] {dag.py:2941} INFO - Sync 1 DAGs
[2026-08-05T13:10:56.337+0000] {logging_mixin.py:151} INFO - [2026-08-05T13:10:56.337+0000] {dag.py:3722} INFO - Setting next_dagrun for pipeline_ingestion_suivi to 2026-08-05T13:00:00+00:00, run_after=2026-08-05T14:00:00+00:00
[2026-08-05T13:10:56.358+0000] {processor.py:179} INFO - Processing /opt/airflow/dags/dag_suivi.py took 0.092 seconds
[2026-08-05T13:11:26.517+0000] {processor.py:157} INFO - Started process (PID=1655) to work on /opt/airflow/dags/dag_suivi.py
[2026-08-05T13:11:26.518+0000] {processor.py:829} INFO - Processing file /opt/airflow/dags/dag_suivi.py for tasks to queue
[2026-08-05T13:11:26.518+0000] {logging_mixin.py:151} INFO - [2026-08-05T13:11:26.518+0000] {dagbag.py:536} INFO - Filling up the DagBag from /opt/airflow/dags/dag_suivi.py
[2026-08-05T13:11:26.536+0000] {processor.py:839} INFO - DAG(s) dict_keys(['pipeline_ingestion_suivi']) retrieved from /opt/airflow/dags/dag_suivi.py
[2026-08-05T13:11:26.562+0000] {logging_mixin.py:151} INFO - [2026-08-05T13:11:26.562+0000] {dag.py:2941} INFO - Sync 1 DAGs
[2026-08-05T13:11:26.580+0000] {logging_mixin.py:151} INFO - [2026-08-05T13:11:26.580+0000] {dag.py:3722} INFO - Setting next_dagrun for pipeline_ingestion_suivi to 2026-08-05T13:00:00+00:00, run_after=2026-08-05T14:00:00+00:00
[2026-08-05T13:11:26.610+0000] {processor.py:179} INFO - Processing /opt/airflow/dags/dag_suivi.py took 0.096 seconds
[2026-08-05T13:11:56.692+0000] {processor.py:157} INFO - Started process (PID=1660) to work on /opt/airflow/dags/dag_suivi.py
[2026-08-05T13:11:56.693+0000] {processor.py:829} INFO - Processing file /opt/airflow/dags/dag_suivi.py for tasks to queue
[2026-08-05T13:11:56.695+0000] {logging_mixin.py:151} INFO - [2026-08-05T13:11:56.695+0000] {dagbag.py:536} INFO - Filling up the DagBag from /opt/airflow/dags/dag_suivi.py
[2026-08-05T13:11:56.717+0000] {processor.py:839} INFO - DAG(s) dict_keys(['pipeline_ingestion_suivi']) retrieved from /opt/airflow/dags/dag_suivi.py
[2026-08-05T13:11:56.746+0000] {logging_mixin.py:151} INFO - [2026-08-05T13:11:56.746+0000] {dag.py:2941} INFO - Sync 1 DAGs
[2026-08-05T13:11:56.769+0000] {logging_mixin.py:151} INFO - [2026-08-05T13:11:56.769+0000] {dag.py:3722} INFO - Setting next_dagrun for pipeline_ingestion_suivi to 2026-08-05T13:00:00+00:00, run_after=2026-08-05T14:00:00+00:00
[2026-08-05T13:11:56.799+0000] {processor.py:179} INFO - Processing /opt/airflow/dags/dag_suivi.py took 0.110 seconds
[2026-08-05T13:12:27.010+0000] {processor.py:157} INFO - Started process (PID=1665) to work on /opt/airflow/dags/dag_suivi.py
[2026-08-05T13:12:27.011+0000] {processor.py:829} INFO - Processing file /opt/airflow/dags/dag_suivi.py for tasks to queue
[2026-08-05T13:12:27.013+0000] {logging_mixin.py:151} INFO - [2026-08-05T13:12:27.012+0000] {dagbag.py:536} INFO - Filling up the DagBag from /opt/airflow/dags/dag_suivi.py
[2026-08-05T13:12:27.057+0000] {processor.py:839} INFO - DAG(s) dict_keys(['pipeline_ingestion_suivi']) retrieved from /opt/airflow/dags/dag_suivi.py
[2026-08-05T13:12:27.089+0000] {logging_mixin.py:151} INFO - [2026-08-05T13:12:27.089+0000] {dag.py:2941} INFO - Sync 1 DAGs
[2026-08-05T13:12:27.117+0000] {logging_mixin.py:151} INFO - [2026-08-05T13:12:27.117+0000] {dag.py:3722} INFO - Setting next_dagrun for pipeline_ingestion_suivi to 2026-08-05T13:00:00+00:00, run_after=2026-08-05T14:00:00+00:00
[2026-08-05T13:12:27.155+0000] {processor.py:179} INFO - Processing /opt/airflow/dags/dag_suivi.py took 0.148 seconds
[2026-08-05T13:12:57.340+0000] {processor.py:157} INFO - Started process (PID=1670) to work on /opt/airflow/dags/dag_suivi.py
[2026-08-05T13:12:57.341+0000] {processor.py:829} INFO - Processing file /opt/airflow/dags/dag_suivi.py for tasks to queue
[2026-08-05T13:12:57.342+0000] {logging_mixin.py:151} INFO - [2026-08-05T13:12:57.342+0000] {dagbag.py:536} INFO - Filling up the DagBag from /opt/airflow/dags/dag_suivi.py
[2026-08-05T13:12:57.365+0000] {processor.py:839} INFO - DAG(s) dict_keys(['pipeline_ingestion_suivi']) retrieved from /opt/airflow/dags/dag_suivi.py
[2026-08-05T13:12:57.393+0000] {logging_mixin.py:151} INFO - [2026-08-05T13:12:57.393+0000] {dag.py:2941} INFO - Sync 1 DAGs
[2026-08-05T13:12:57.414+0000] {logging_mixin.py:151} INFO - [2026-08-05T13:12:57.414+0000] {dag.py:3722} INFO - Setting next_dagrun for pipeline_ingestion_suivi to 2026-08-05T13:00:00+00:00, run_after=2026-08-05T14:00:00+00:00
[2026-08-05T13:12:57.434+0000] {processor.py:179} INFO - Processing /opt/airflow/dags/dag_suivi.py took 0.097 seconds
[2026-08-05T13:13:27.514+0000] {processor.py:157} INFO - Started process (PID=1675) to work on /opt/airflow/dags/dag_suivi.py
[2026-08-05T13:13:27.515+0000] {processor.py:829} INFO - Processing file /opt/airflow/dags/dag_suivi.py for tasks to queue
[2026-08-05T13:13:27.516+0000] {logging_mixin.py:151} INFO - [2026-08-05T13:13:27.515+0000] {dagbag.py:536} INFO - Filling up the DagBag from /opt/airflow/dags/dag_suivi.py
[2026-08-05T13:13:27.536+0000] {processor.py:839} INFO - DAG(s) dict_keys(['pipeline_ingestion_suivi']) retrieved from /opt/airflow/dags/dag_suivi.py
[2026-08-05T13:13:27.565+0000] {logging_mixin.py:151} INFO - [2026-08-05T13:13:27.565+0000] {dag.py:2941} INFO - Sync 1 DAGs
[2026-08-05T13:13:27.586+0000] {logging_mixin.py:151} INFO - [2026-08-05T13:13:27.586+0000] {dag.py:3722} INFO - Setting next_dagrun for pipeline_ingestion_suivi to 2026-08-05T13:00:00+00:00, run_after=2026-08-05T14:00:00+00:00
[2026-08-05T13:13:27.618+0000] {processor.py:179} INFO - Processing /opt/airflow/dags/dag_suivi.py took 0.108 seconds
[2026-08-05T13:13:58.007+0000] {processor.py:157} INFO - Started process (PID=1680) to work on /opt/airflow/dags/dag_suivi.py
[2026-08-05T13:13:58.008+0000] {processor.py:829} INFO - Processing file /opt/airflow/dags/dag_suivi.py for tasks to queue
[2026-08-05T13:13:58.009+0000] {logging_mixin.py:151} INFO - [2026-08-05T13:13:58.009+0000] {dagbag.py:536} INFO - Filling up the DagBag from /opt/airflow/dags/dag_suivi.py
[2026-08-05T13:13:58.030+0000] {processor.py:839} INFO - DAG(s) dict_keys(['pipeline_ingestion_suivi']) retrieved from /opt/airflow/dags/dag_suivi.py
[2026-08-05T13:13:58.057+0000] {logging_mixin.py:151} INFO - [2026-08-05T13:13:58.056+0000] {dag.py:2941} INFO - Sync 1 DAGs
[2026-08-05T13:13:58.075+0000] {logging_mixin.py:151} INFO - [2026-08-05T13:13:58.075+0000] {dag.py:3722} INFO - Setting next_dagrun for pipeline_ingestion_suivi to 2026-08-05T13:00:00+00:00, run_after=2026-08-05T14:00:00+00:00
[2026-08-05T13:13:58.095+0000] {processor.py:179} INFO - Processing /opt/airflow/dags/dag_suivi.py took 0.090 seconds
[2026-08-05T13:14:28.188+0000] {processor.py:157} INFO - Started process (PID=1685) to work on /opt/airflow/dags/dag_suivi.py
[2026-08-05T13:14:28.189+0000] {processor.py:829} INFO - Processing file /opt/airflow/dags/dag_suivi.py for tasks to queue
[2026-08-05T13:14:28.190+0000] {logging_mixin.py:151} INFO - [2026-08-05T13:14:28.190+0000] {dagbag.py:536} INFO - Filling up the DagBag from /opt/airflow/dags/dag_suivi.py
[2026-08-05T13:14:28.210+0000] {processor.py:839} INFO - DAG(s) dict_keys(['pipeline_ingestion_suivi']) retrieved from /opt/airflow/dags/dag_suivi.py
[2026-08-05T13:14:28.236+0000] {logging_mixin.py:151} INFO - [2026-08-05T13:14:28.236+0000] {dag.py:2941} INFO - Sync 1 DAGs
[2026-08-05T13:14:28.259+0000] {logging_mixin.py:151} INFO - [2026-08-05T13:14:28.259+0000] {dag.py:3722} INFO - Setting next_dagrun for pipeline_ingestion_suivi to 2026-08-05T13:00:00+00:00, run_after=2026-08-05T14:00:00+00:00
[2026-08-05T13:14:28.285+0000] {processor.py:179} INFO - Processing /opt/airflow/dags/dag_suivi.py took 0.100 seconds
[2026-08-05T13:14:58.446+0000] {processor.py:157} INFO - Started process (PID=1690) to work on /opt/airflow/dags/dag_suivi.py
[2026-08-05T13:14:58.447+0000] {processor.py:829} INFO - Processing file /opt/airflow/dags/dag_suivi.py for tasks to queue
[2026-08-05T13:14:58.448+0000] {logging_mixin.py:151} INFO - [2026-08-05T13:14:58.448+0000] {dagbag.py:536} INFO - Filling up the DagBag from /opt/airflow/dags/dag_suivi.py
[2026-08-05T13:14:58.469+0000] {processor.py:839} INFO - DAG(s) dict_keys(['pipeline_ingestion_suivi']) retrieved from /opt/airflow/dags/dag_suivi.py
[2026-08-05T13:14:58.493+0000] {logging_mixin.py:151} INFO - [2026-08-05T13:14:58.493+0000] {dag.py:2941} INFO - Sync 1 DAGs
[2026-08-05T13:14:58.515+0000] {logging_mixin.py:151} INFO - [2026-08-05T13:14:58.515+0000] {dag.py:3722} INFO - Setting next_dagrun for pipeline_ingestion_suivi to 2026-08-05T13:00:00+00:00, run_after=2026-08-05T14:00:00+00:00
[2026-08-05T13:14:58.539+0000] {processor.py:179} INFO - Processing /opt/airflow/dags/dag_suivi.py took 0.095 seconds
[2026-08-05T13:15:28.630+0000] {processor.py:157} INFO - Started process (PID=1695) to work on /opt/airflow/dags/dag_suivi.py
[2026-08-05T13:15:28.630+0000] {processor.py:829} INFO - Processing file /opt/airflow/dags/dag_suivi.py for tasks to queue
[2026-08-05T13:15:28.631+0000] {logging_mixin.py:151} INFO - [2026-08-05T13:15:28.631+0000] {dagbag.py:536} INFO - Filling up the DagBag from /opt/airflow/dags/dag_suivi.py
[2026-08-05T13:15:28.655+0000] {processor.py:839} INFO - DAG(s) dict_keys(['pipeline_ingestion_suivi']) retrieved from /opt/airflow/dags/dag_suivi.py
[2026-08-05T13:15:28.688+0000] {logging_mixin.py:151} INFO - [2026-08-05T13:15:28.688+0000] {dag.py:2941} INFO - Sync 1 DAGs
[2026-08-05T13:15:28.715+0000] {logging_mixin.py:151} INFO - [2026-08-05T13:15:28.715+0000] {dag.py:3722} INFO - Setting next_dagrun for pipeline_ingestion_suivi to 2026-08-05T13:00:00+00:00, run_after=2026-08-05T14:00:00+00:00
[2026-08-05T13:15:28.740+0000] {processor.py:179} INFO - Processing /opt/airflow/dags/dag_suivi.py took 0.114 seconds
[2026-08-05T13:15:58.910+0000] {processor.py:157} INFO - Started process (PID=1700) to work on /opt/airflow/dags/dag_suivi.py
[2026-08-05T13:15:58.911+0000] {processor.py:829} INFO - Processing file /opt/airflow/dags/dag_suivi.py for tasks to queue
[2026-08-05T13:15:58.912+0000] {logging_mixin.py:151} INFO - [2026-08-05T13:15:58.912+0000] {dagbag.py:536} INFO - Filling up the DagBag from /opt/airflow/dags/dag_suivi.py
[2026-08-05T13:15:58.937+0000] {processor.py:839} INFO - DAG(s) dict_keys(['pipeline_ingestion_suivi']) retrieved from /opt/airflow/dags/dag_suivi.py
[2026-08-05T13:15:58.964+0000] {logging_mixin.py:151} INFO - [2026-08-05T13:15:58.964+0000] {dag.py:2941} INFO - Sync 1 DAGs
[2026-08-05T13:15:58.984+0000] {logging_mixin.py:151} INFO - [2026-08-05T13:15:58.984+0000] {dag.py:3722} INFO - Setting next_dagrun for pipeline_ingestion_suivi to 2026-08-05T13:00:00+00:00, run_after=2026-08-05T14:00:00+00:00
[2026-08-05T13:15:59.014+0000] {processor.py:179} INFO - Processing /opt/airflow/dags/dag_suivi.py took 0.108 seconds
[2026-08-05T13:16:29.118+0000] {processor.py:157} INFO - Started process (PID=1705) to work on /opt/airflow/dags/dag_suivi.py
[2026-08-05T13:16:29.120+0000] {processor.py:829} INFO - Processing file /opt/airflow/dags/dag_suivi.py for tasks to queue
[2026-08-05T13:16:29.122+0000] {logging_mixin.py:151} INFO - [2026-08-05T13:16:29.121+0000] {dagbag.py:536} INFO - Filling up the DagBag from /opt/airflow/dags/dag_suivi.py
[2026-08-05T13:16:29.154+0000] {processor.py:839} INFO - DAG(s) dict_keys(['pipeline_ingestion_suivi']) retrieved from /opt/airflow/dags/dag_suivi.py
[2026-08-05T13:16:29.189+0000] {logging_mixin.py:151} INFO - [2026-08-05T13:16:29.188+0000] {dag.py:2941} INFO - Sync 1 DAGs
[2026-08-05T13:16:29.214+0000] {logging_mixin.py:151} INFO - [2026-08-05T13:16:29.214+0000] {dag.py:3722} INFO - Setting next_dagrun for pipeline_ingestion_suivi to 2026-08-05T13:00:00+00:00, run_after=2026-08-05T14:00:00+00:00
[2026-08-05T13:16:29.238+0000] {processor.py:179} INFO - Processing /opt/airflow/dags/dag_suivi.py took 0.124 seconds
[2026-08-05T13:16:59.357+0000] {processor.py:157} INFO - Started process (PID=1710) to work on /opt/airflow/dags/dag_suivi.py
[2026-08-05T13:16:59.358+0000] {processor.py:829} INFO - Processing file /opt/airflow/dags/dag_suivi.py for tasks to queue
[2026-08-05T13:16:59.359+0000] {logging_mixin.py:151} INFO - [2026-08-05T13:16:59.358+0000] {dagbag.py:536} INFO - Filling up the DagBag from /opt/airflow/dags/dag_suivi.py
[2026-08-05T13:16:59.385+0000] {processor.py:839} INFO - DAG(s) dict_keys(['pipeline_ingestion_suivi']) retrieved from /opt/airflow/dags/dag_suivi.py
[2026-08-05T13:16:59.437+0000] {logging_mixin.py:151} INFO - [2026-08-05T13:16:59.437+0000] {dag.py:2941} INFO - Sync 1 DAGs
[2026-08-05T13:16:59.477+0000] {logging_mixin.py:151} INFO - [2026-08-05T13:16:59.477+0000] {dag.py:3722} INFO - Setting next_dagrun for pipeline_ingestion_suivi to 2026-08-05T13:00:00+00:00, run_after=2026-08-05T14:00:00+00:00
[2026-08-05T13:16:59.514+0000] {processor.py:179} INFO - Processing /opt/airflow/dags/dag_suivi.py took 0.160 seconds
[2026-08-05T13:17:29.610+0000] {processor.py:157} INFO - Started process (PID=1715) to work on /opt/airflow/dags/dag_suivi.py
[2026-08-05T13:17:29.611+0000] {processor.py:829} INFO - Processing file /opt/airflow/dags/dag_suivi.py for tasks to queue
[2026-08-05T13:17:29.613+0000] {logging_mixin.py:151} INFO - [2026-08-05T13:17:29.612+0000] {dagbag.py:536} INFO - Filling up the DagBag from /opt/airflow/dags/dag_suivi.py
[2026-08-05T13:17:29.655+0000] {processor.py:839} INFO - DAG(s) dict_keys(['pipeline_ingestion_suivi']) retrieved from /opt/airflow/dags/dag_suivi.py
[2026-08-05T13:17:29.693+0000] {logging_mixin.py:151} INFO - [2026-08-05T13:17:29.692+0000] {dag.py:2941} INFO - Sync 1 DAGs
[2026-08-05T13:17:29.719+0000] {logging_mixin.py:151} INFO - [2026-08-05T13:17:29.719+0000] {dag.py:3722} INFO - Setting next_dagrun for pipeline_ingestion_suivi to 2026-08-05T13:00:00+00:00, run_after=2026-08-05T14:00:00+00:00
[2026-08-05T13:17:29.754+0000] {processor.py:179} INFO - Processing /opt/airflow/dags/dag_suivi.py took 0.150 seconds
[2026-08-05T13:17:59.859+0000] {processor.py:157} INFO - Started process (PID=1720) to work on /opt/airflow/dags/dag_suivi.py
[2026-08-05T13:17:59.860+0000] {processor.py:829} INFO - Processing file /opt/airflow/dags/dag_suivi.py for tasks to queue
[2026-08-05T13:17:59.862+0000] {logging_mixin.py:151} INFO - [2026-08-05T13:17:59.861+0000] {dagbag.py:536} INFO - Filling up the DagBag from /opt/airflow/dags/dag_suivi.py
[2026-08-05T13:17:59.914+0000] {processor.py:839} INFO - DAG(s) dict_keys(['pipeline_ingestion_suivi']) retrieved from /opt/airflow/dags/dag_suivi.py
[2026-08-05T13:17:59.963+0000] {logging_mixin.py:151} INFO - [2026-08-05T13:17:59.962+0000] {dag.py:2941} INFO - Sync 1 DAGs
[2026-08-05T13:18:00.012+0000] {logging_mixin.py:151} INFO - [2026-08-05T13:18:00.011+0000] {dag.py:3722} INFO - Setting next_dagrun for pipeline_ingestion_suivi to 2026-08-05T13:00:00+00:00, run_after=2026-08-05T14:00:00+00:00
[2026-08-05T13:18:00.057+0000] {processor.py:179} INFO - Processing /opt/airflow/dags/dag_suivi.py took 0.203 seconds
[2026-08-05T13:18:30.263+0000] {processor.py:157} INFO - Started process (PID=1725) to work on /opt/airflow/dags/dag_suivi.py
[2026-08-05T13:18:30.264+0000] {processor.py:829} INFO - Processing file /opt/airflow/dags/dag_suivi.py for tasks to queue
[2026-08-05T13:18:30.266+0000] {logging_mixin.py:151} INFO - [2026-08-05T13:18:30.265+0000] {dagbag.py:536} INFO - Filling up the DagBag from /opt/airflow/dags/dag_suivi.py
[2026-08-05T13:18:30.300+0000] {processor.py:839} INFO - DAG(s) dict_keys(['pipeline_ingestion_suivi']) retrieved from /opt/airflow/dags/dag_suivi.py
[2026-08-05T13:18:30.345+0000] {logging_mixin.py:151} INFO - [2026-08-05T13:18:30.345+0000] {dag.py:2941} INFO - Sync 1 DAGs
[2026-08-05T13:18:30.381+0000] {logging_mixin.py:151} INFO - [2026-08-05T13:18:30.381+0000] {dag.py:3722} INFO - Setting next_dagrun for pipeline_ingestion_suivi to 2026-08-05T13:00:00+00:00, run_after=2026-08-05T14:00:00+00:00
[2026-08-05T13:18:30.411+0000] {processor.py:179} INFO - Processing /opt/airflow/dags/dag_suivi.py took 0.153 seconds
[2026-08-05T13:19:00.619+0000] {processor.py:157} INFO - Started process (PID=1730) to work on /opt/airflow/dags/dag_suivi.py
[2026-08-05T13:19:00.620+0000] {processor.py:829} INFO - Processing file /opt/airflow/dags/dag_suivi.py for tasks to queue
[2026-08-05T13:19:00.622+0000] {logging_mixin.py:151} INFO - [2026-08-05T13:19:00.621+0000] {dagbag.py:536} INFO - Filling up the DagBag from /opt/airflow/dags/dag_suivi.py
[2026-08-05T13:19:00.652+0000] {processor.py:839} INFO - DAG(s) dict_keys(['pipeline_ingestion_suivi']) retrieved from /opt/airflow/dags/dag_suivi.py
[2026-08-05T13:19:00.685+0000] {logging_mixin.py:151} INFO - [2026-08-05T13:19:00.685+0000] {dag.py:2941} INFO - Sync 1 DAGs
[2026-08-05T13:19:00.717+0000] {logging_mixin.py:151} INFO - [2026-08-05T13:19:00.717+0000] {dag.py:3722} INFO - Setting next_dagrun for pipeline_ingestion_suivi to 2026-08-05T13:00:00+00:00, run_after=2026-08-05T14:00:00+00:00
[2026-08-05T13:19:00.744+0000] {processor.py:179} INFO - Processing /opt/airflow/dags/dag_suivi.py took 0.130 seconds
[2026-08-05T13:19:30.912+0000] {processor.py:157} INFO - Started process (PID=1735) to work on /opt/airflow/dags/dag_suivi.py
[2026-08-05T13:19:30.913+0000] {processor.py:829} INFO - Processing file /opt/airflow/dags/dag_suivi.py for tasks to queue
[2026-08-05T13:19:30.914+0000] {logging_mixin.py:151} INFO - [2026-08-05T13:19:30.914+0000] {dagbag.py:536} INFO - Filling up the DagBag from /opt/airflow/dags/dag_suivi.py
[2026-08-05T13:19:30.934+0000] {processor.py:839} INFO - DAG(s) dict_keys(['pipeline_ingestion_suivi']) retrieved from /opt/airflow/dags/dag_suivi.py
[2026-08-05T13:19:30.962+0000] {logging_mixin.py:151} INFO - [2026-08-05T13:19:30.962+0000] {dag.py:2941} INFO - Sync 1 DAGs
[2026-08-05T13:19:30.985+0000] {logging_mixin.py:151} INFO - [2026-08-05T13:19:30.985+0000] {dag.py:3722} INFO - Setting next_dagrun for pipeline_ingestion_suivi to 2026-08-05T13:00:00+00:00, run_after=2026-08-05T14:00:00+00:00
[2026-08-05T13:19:31.008+0000] {processor.py:179} INFO - Processing /opt/airflow/dags/dag_suivi.py took 0.099 seconds
[2026-08-05T13:20:01.094+0000] {processor.py:157} INFO - Started process (PID=1740) to work on /opt/airflow/dags/dag_suivi.py
[2026-08-05T13:20:01.094+0000] {processor.py:829} INFO - Processing file /opt/airflow/dags/dag_suivi.py for tasks to queue
[2026-08-05T13:20:01.096+0000] {logging_mixin.py:151} INFO - [2026-08-05T13:20:01.095+0000] {dagbag.py:536} INFO - Filling up the DagBag from /opt/airflow/dags/dag_suivi.py
[2026-08-05T13:20:01.115+0000] {processor.py:839} INFO - DAG(s) dict_keys(['pipeline_ingestion_suivi']) retrieved from /opt/airflow/dags/dag_suivi.py
[2026-08-05T13:20:01.146+0000] {logging_mixin.py:151} INFO - [2026-08-05T13:20:01.146+0000] {dag.py:2941} INFO - Sync 1 DAGs
[2026-08-05T13:20:01.171+0000] {logging_mixin.py:151} INFO - [2026-08-05T13:20:01.171+0000] {dag.py:3722} INFO - Setting next_dagrun for pipeline_ingestion_suivi to 2026-08-05T13:00:00+00:00, run_after=2026-08-05T14:00:00+00:00
[2026-08-05T13:20:01.202+0000] {processor.py:179} INFO - Processing /opt/airflow/dags/dag_suivi.py took 0.112 seconds
[2026-08-05T13:20:31.373+0000] {processor.py:157} INFO - Started process (PID=1745) to work on /opt/airflow/dags/dag_suivi.py
[2026-08-05T13:20:31.374+0000] {processor.py:829} INFO - Processing file /opt/airflow/dags/dag_suivi.py for tasks to queue
[2026-08-05T13:20:31.375+0000] {logging_mixin.py:151} INFO - [2026-08-05T13:20:31.375+0000] {dagbag.py:536} INFO - Filling up the DagBag from /opt/airflow/dags/dag_suivi.py
[2026-08-05T13:20:31.406+0000] {processor.py:839} INFO - DAG(s) dict_keys(['pipeline_ingestion_suivi']) retrieved from /opt/airflow/dags/dag_suivi.py
[2026-08-05T13:20:31.439+0000] {logging_mixin.py:151} INFO - [2026-08-05T13:20:31.439+0000] {dag.py:2941} INFO - Sync 1 DAGs
[2026-08-05T13:20:31.468+0000] {logging_mixin.py:151} INFO - [2026-08-05T13:20:31.468+0000] {dag.py:3722} INFO - Setting next_dagrun for pipeline_ingestion_suivi to 2026-08-05T13:00:00+00:00, run_after=2026-08-05T14:00:00+00:00
[2026-08-05T13:20:31.505+0000] {processor.py:179} INFO - Processing /opt/airflow/dags/dag_suivi.py took 0.137 seconds
[2026-08-05T13:21:01.570+0000] {processor.py:157} INFO - Started process (PID=1750) to work on /opt/airflow/dags/dag_suivi.py
[2026-08-05T13:21:01.571+0000] {processor.py:829} INFO - Processing file /opt/airflow/dags/dag_suivi.py for tasks to queue
[2026-08-05T13:21:01.573+0000] {logging_mixin.py:151} INFO - [2026-08-05T13:21:01.573+0000] {dagbag.py:536} INFO - Filling up the DagBag from /opt/airflow/dags/dag_suivi.py
[2026-08-05T13:21:01.600+0000] {processor.py:839} INFO - DAG(s) dict_keys(['pipeline_ingestion_suivi']) retrieved from /opt/airflow/dags/dag_suivi.py
[2026-08-05T13:21:01.631+0000] {logging_mixin.py:151} INFO - [2026-08-05T13:21:01.631+0000] {dag.py:2941} INFO - Sync 1 DAGs
[2026-08-05T13:21:01.660+0000] {logging_mixin.py:151} INFO - [2026-08-05T13:21:01.659+0000] {dag.py:3722} INFO - Setting next_dagrun for pipeline_ingestion_suivi to 2026-08-05T13:00:00+00:00, run_after=2026-08-05T14:00:00+00:00
[2026-08-05T13:21:01.688+0000] {processor.py:179} INFO - Processing /opt/airflow/dags/dag_suivi.py took 0.121 seconds
[2026-08-05T13:21:31.729+0000] {processor.py:157} INFO - Started process (PID=1755) to work on /opt/airflow/dags/dag_suivi.py
[2026-08-05T13:21:31.731+0000] {processor.py:829} INFO - Processing file /opt/airflow/dags/dag_suivi.py for tasks to queue
[2026-08-05T13:21:31.732+0000] {logging_mixin.py:151} INFO - [2026-08-05T13:21:31.731+0000] {dagbag.py:536} INFO - Filling up the DagBag from /opt/airflow/dags/dag_suivi.py
[2026-08-05T13:21:31.757+0000] {processor.py:839} INFO - DAG(s) dict_keys(['pipeline_ingestion_suivi']) retrieved from /opt/airflow/dags/dag_suivi.py
[2026-08-05T13:21:31.786+0000] {logging_mixin.py:151} INFO - [2026-08-05T13:21:31.786+0000] {dag.py:2941} INFO - Sync 1 DAGs
[2026-08-05T13:21:31.814+0000] {logging_mixin.py:151} INFO - [2026-08-05T13:21:31.814+0000] {dag.py:3722} INFO - Setting next_dagrun for pipeline_ingestion_suivi to 2026-08-05T13:00:00+00:00, run_after=2026-08-05T14:00:00+00:00
[2026-08-05T13:21:31.852+0000] {processor.py:179} INFO - Processing /opt/airflow/dags/dag_suivi.py took 0.125 seconds
[2026-08-05T13:22:02.032+0000] {processor.py:157} INFO - Started process (PID=1760) to work on /opt/airflow/dags/dag_suivi.py
[2026-08-05T13:22:02.033+0000] {processor.py:829} INFO - Processing file /opt/airflow/dags/dag_suivi.py for tasks to queue
[2026-08-05T13:22:02.033+0000] {logging_mixin.py:151} INFO - [2026-08-05T13:22:02.033+0000] {dagbag.py:536} INFO - Filling up the DagBag from /opt/airflow/dags/dag_suivi.py
[2026-08-05T13:22:02.055+0000] {processor.py:839} INFO - DAG(s) dict_keys(['pipeline_ingestion_suivi']) retrieved from /opt/airflow/dags/dag_suivi.py
[2026-08-05T13:22:02.089+0000] {logging_mixin.py:151} INFO - [2026-08-05T13:22:02.089+0000] {dag.py:2941} INFO - Sync 1 DAGs
[2026-08-05T13:22:02.118+0000] {logging_mixin.py:151} INFO - [2026-08-05T13:22:02.118+0000] {dag.py:3722} INFO - Setting next_dagrun for pipeline_ingestion_suivi to 2026-08-05T13:00:00+00:00, run_after=2026-08-05T14:00:00+00:00
[2026-08-05T13:22:02.176+0000] {processor.py:179} INFO - Processing /opt/airflow/dags/dag_suivi.py took 0.146 seconds
[2026-08-05T13:22:32.251+0000] {processor.py:157} INFO - Started process (PID=1765) to work on /opt/airflow/dags/dag_suivi.py
[2026-08-05T13:22:32.252+0000] {processor.py:829} INFO - Processing file /opt/airflow/dags/dag_suivi.py for tasks to queue
[2026-08-05T13:22:32.254+0000] {logging_mixin.py:151} INFO - [2026-08-05T13:22:32.253+0000] {dagbag.py:536} INFO - Filling up the DagBag from /opt/airflow/dags/dag_suivi.py
[2026-08-05T13:22:32.282+0000] {processor.py:839} INFO - DAG(s) dict_keys(['pipeline_ingestion_suivi']) retrieved from /opt/airflow/dags/dag_suivi.py
[2026-08-05T13:22:32.319+0000] {logging_mixin.py:151} INFO - [2026-08-05T13:22:32.318+0000] {dag.py:2941} INFO - Sync 1 DAGs
[2026-08-05T13:22:32.346+0000] {logging_mixin.py:151} INFO - [2026-08-05T13:22:32.346+0000] {dag.py:3722} INFO - Setting next_dagrun for pipeline_ingestion_suivi to 2026-08-05T13:00:00+00:00, run_after=2026-08-05T14:00:00+00:00
[2026-08-05T13:22:32.370+0000] {processor.py:179} INFO - Processing /opt/airflow/dags/dag_suivi.py took 0.123 seconds
[2026-08-05T13:23:02.538+0000] {processor.py:157} INFO - Started process (PID=1770) to work on /opt/airflow/dags/dag_suivi.py
[2026-08-05T13:23:02.539+0000] {processor.py:829} INFO - Processing file /opt/airflow/dags/dag_suivi.py for tasks to queue
[2026-08-05T13:23:02.540+0000] {logging_mixin.py:151} INFO - [2026-08-05T13:23:02.540+0000] {dagbag.py:536} INFO - Filling up the DagBag from /opt/airflow/dags/dag_suivi.py
[2026-08-05T13:23:02.564+0000] {processor.py:839} INFO - DAG(s) dict_keys(['pipeline_ingestion_suivi']) retrieved from /opt/airflow/dags/dag_suivi.py
[2026-08-05T13:23:02.593+0000] {logging_mixin.py:151} INFO - [2026-08-05T13:23:02.593+0000] {dag.py:2941} INFO - Sync 1 DAGs
[2026-08-05T13:23:02.615+0000] {logging_mixin.py:151} INFO - [2026-08-05T13:23:02.615+0000] {dag.py:3722} INFO - Setting next_dagrun for pipeline_ingestion_suivi to 2026-08-05T13:00:00+00:00, run_after=2026-08-05T14:00:00+00:00
[2026-08-05T13:23:02.635+0000] {processor.py:179} INFO - Processing /opt/airflow/dags/dag_suivi.py took 0.099 seconds
[2026-08-05T13:23:32.782+0000] {processor.py:157} INFO - Started process (PID=1775) to work on /opt/airflow/dags/dag_suivi.py
[2026-08-05T13:23:32.783+0000] {processor.py:829} INFO - Processing file /opt/airflow/dags/dag_suivi.py for tasks to queue
[2026-08-05T13:23:32.784+0000] {logging_mixin.py:151} INFO - [2026-08-05T13:23:32.784+0000] {dagbag.py:536} INFO - Filling up the DagBag from /opt/airflow/dags/dag_suivi.py
[2026-08-05T13:23:32.818+0000] {processor.py:839} INFO - DAG(s) dict_keys(['pipeline_ingestion_suivi']) retrieved from /opt/airflow/dags/dag_suivi.py
[2026-08-05T13:23:32.853+0000] {logging_mixin.py:151} INFO - [2026-08-05T13:23:32.853+0000] {dag.py:2941} INFO - Sync 1 DAGs
[2026-08-05T13:23:32.880+0000] {logging_mixin.py:151} INFO - [2026-08-05T13:23:32.880+0000] {dag.py:3722} INFO - Setting next_dagrun for pipeline_ingestion_suivi to 2026-08-05T13:00:00+00:00, run_after=2026-08-05T14:00:00+00:00
[2026-08-05T13:23:32.909+0000] {processor.py:179} INFO - Processing /opt/airflow/dags/dag_suivi.py took 0.132 seconds
[2026-08-05T13:24:03.035+0000] {processor.py:157} INFO - Started process (PID=1780) to work on /opt/airflow/dags/dag_suivi.py
[2026-08-05T13:24:03.036+0000] {processor.py:829} INFO - Processing file /opt/airflow/dags/dag_suivi.py for tasks to queue
[2026-08-05T13:24:03.037+0000] {logging_mixin.py:151} INFO - [2026-08-05T13:24:03.037+0000] {dagbag.py:536} INFO - Filling up the DagBag from /opt/airflow/dags/dag_suivi.py
[2026-08-05T13:24:03.059+0000] {processor.py:839} INFO - DAG(s) dict_keys(['pipeline_ingestion_suivi']) retrieved from /opt/airflow/dags/dag_suivi.py
[2026-08-05T13:24:03.089+0000] {logging_mixin.py:151} INFO - [2026-08-05T13:24:03.088+0000] {dag.py:2941} INFO - Sync 1 DAGs
[2026-08-05T13:24:03.110+0000] {logging_mixin.py:151} INFO - [2026-08-05T13:24:03.109+0000] {dag.py:3722} INFO - Setting next_dagrun for pipeline_ingestion_suivi to 2026-08-05T13:00:00+00:00, run_after=2026-08-05T14:00:00+00:00
[2026-08-05T13:24:03.140+0000] {processor.py:179} INFO - Processing /opt/airflow/dags/dag_suivi.py took 0.109 seconds
[2026-08-05T13:24:33.262+0000] {processor.py:157} INFO - Started process (PID=1785) to work on /opt/airflow/dags/dag_suivi.py
[2026-08-05T13:24:33.262+0000] {processor.py:829} INFO - Processing file /opt/airflow/dags/dag_suivi.py for tasks to queue
[2026-08-05T13:24:33.264+0000] {logging_mixin.py:151} INFO - [2026-08-05T13:24:33.263+0000] {dagbag.py:536} INFO - Filling up the DagBag from /opt/airflow/dags/dag_suivi.py
[2026-08-05T13:24:33.286+0000] {processor.py:839} INFO - DAG(s) dict_keys(['pipeline_ingestion_suivi']) retrieved from /opt/airflow/dags/dag_suivi.py
[2026-08-05T13:24:33.316+0000] {logging_mixin.py:151} INFO - [2026-08-05T13:24:33.316+0000] {dag.py:2941} INFO - Sync 1 DAGs
[2026-08-05T13:24:33.339+0000] {logging_mixin.py:151} INFO - [2026-08-05T13:24:33.339+0000] {dag.py:3722} INFO - Setting next_dagrun for pipeline_ingestion_suivi to 2026-08-05T13:00:00+00:00, run_after=2026-08-05T14:00:00+00:00
[2026-08-05T13:24:33.368+0000] {processor.py:179} INFO - Processing /opt/airflow/dags/dag_suivi.py took 0.109 seconds
[2026-08-05T13:25:03.486+0000] {processor.py:157} INFO - Started process (PID=1790) to work on /opt/airflow/dags/dag_suivi.py
[2026-08-05T13:25:03.487+0000] {processor.py:829} INFO - Processing file /opt/airflow/dags/dag_suivi.py for tasks to queue
[2026-08-05T13:25:03.488+0000] {logging_mixin.py:151} INFO - [2026-08-05T13:25:03.488+0000] {dagbag.py:536} INFO - Filling up the DagBag from /opt/airflow/dags/dag_suivi.py
[2026-08-05T13:25:03.510+0000] {processor.py:839} INFO - DAG(s) dict_keys(['pipeline_ingestion_suivi']) retrieved from /opt/airflow/dags/dag_suivi.py
[2026-08-05T13:25:03.542+0000] {logging_mixin.py:151} INFO - [2026-08-05T13:25:03.542+0000] {dag.py:2941} INFO - Sync 1 DAGs
[2026-08-05T13:25:03.564+0000] {logging_mixin.py:151} INFO - [2026-08-05T13:25:03.564+0000] {dag.py:3722} INFO - Setting next_dagrun for pipeline_ingestion_suivi to 2026-08-05T13:00:00+00:00, run_after=2026-08-05T14:00:00+00:00
[2026-08-05T13:25:03.596+0000] {processor.py:179} INFO - Processing /opt/airflow/dags/dag_suivi.py took 0.114 seconds
[2026-08-05T13:25:33.705+0000] {processor.py:157} INFO - Started process (PID=1795) to work on /opt/airflow/dags/dag_suivi.py
[2026-08-05T13:25:33.706+0000] {processor.py:829} INFO - Processing file /opt/airflow/dags/dag_suivi.py for tasks to queue
[2026-08-05T13:25:33.707+0000] {logging_mixin.py:151} INFO - [2026-08-05T13:25:33.707+0000] {dagbag.py:536} INFO - Filling up the DagBag from /opt/airflow/dags/dag_suivi.py
[2026-08-05T13:25:33.728+0000] {processor.py:839} INFO - DAG(s) dict_keys(['pipeline_ingestion_suivi']) retrieved from /opt/airflow/dags/dag_suivi.py
[2026-08-05T13:25:33.754+0000] {logging_mixin.py:151} INFO - [2026-08-05T13:25:33.754+0000] {dag.py:2941} INFO - Sync 1 DAGs
[2026-08-05T13:25:33.776+0000] {logging_mixin.py:151} INFO - [2026-08-05T13:25:33.776+0000] {dag.py:3722} INFO - Setting next_dagrun for pipeline_ingestion_suivi to 2026-08-05T13:00:00+00:00, run_after=2026-08-05T14:00:00+00:00
[2026-08-05T13:25:33.801+0000] {processor.py:179} INFO - Processing /opt/airflow/dags/dag_suivi.py took 0.099 seconds
[2026-08-05T13:26:03.936+0000] {processor.py:157} INFO - Started process (PID=1800) to work on /opt/airflow/dags/dag_suivi.py
[2026-08-05T13:26:03.937+0000] {processor.py:829} INFO - Processing file /opt/airflow/dags/dag_suivi.py for tasks to queue
[2026-08-05T13:26:03.938+0000] {logging_mixin.py:151} INFO - [2026-08-05T13:26:03.937+0000] {dagbag.py:536} INFO - Filling up the DagBag from /opt/airflow/dags/dag_suivi.py
[2026-08-05T13:26:03.961+0000] {processor.py:839} INFO - DAG(s) dict_keys(['pipeline_ingestion_suivi']) retrieved from /opt/airflow/dags/dag_suivi.py
[2026-08-05T13:26:03.988+0000] {logging_mixin.py:151} INFO - [2026-08-05T13:26:03.988+0000] {dag.py:2941} INFO - Sync 1 DAGs
[2026-08-05T13:26:04.010+0000] {logging_mixin.py:151} INFO - [2026-08-05T13:26:04.010+0000] {dag.py:3722} INFO - Setting next_dagrun for pipeline_ingestion_suivi to 2026-08-05T13:00:00+00:00, run_after=2026-08-05T14:00:00+00:00
[2026-08-05T13:26:04.034+0000] {processor.py:179} INFO - Processing /opt/airflow/dags/dag_suivi.py took 0.101 seconds
[2026-08-05T13:26:34.143+0000] {processor.py:157} INFO - Started process (PID=1805) to work on /opt/airflow/dags/dag_suivi.py
[2026-08-05T13:26:34.143+0000] {processor.py:829} INFO - Processing file /opt/airflow/dags/dag_suivi.py for tasks to queue
[2026-08-05T13:26:34.144+0000] {logging_mixin.py:151} INFO - [2026-08-05T13:26:34.144+0000] {dagbag.py:536} INFO - Filling up the DagBag from /opt/airflow/dags/dag_suivi.py
[2026-08-05T13:26:34.165+0000] {processor.py:839} INFO - DAG(s) dict_keys(['pipeline_ingestion_suivi']) retrieved from /opt/airflow/dags/dag_suivi.py
[2026-08-05T13:26:34.190+0000] {logging_mixin.py:151} INFO - [2026-08-05T13:26:34.190+0000] {dag.py:2941} INFO - Sync 1 DAGs
[2026-08-05T13:26:34.213+0000] {logging_mixin.py:151} INFO - [2026-08-05T13:26:34.213+0000] {dag.py:3722} INFO - Setting next_dagrun for pipeline_ingestion_suivi to 2026-08-05T13:00:00+00:00, run_after=2026-08-05T14:00:00+00:00
[2026-08-05T13:26:34.235+0000] {processor.py:179} INFO - Processing /opt/airflow/dags/dag_suivi.py took 0.095 seconds
[2026-08-05T13:27:04.370+0000] {processor.py:157} INFO - Started process (PID=1810) to work on /opt/airflow/dags/dag_suivi.py
[2026-08-05T13:27:04.371+0000] {processor.py:829} INFO - Processing file /opt/airflow/dags/dag_suivi.py for tasks to queue
[2026-08-05T13:27:04.372+0000] {logging_mixin.py:151} INFO - [2026-08-05T13:27:04.372+0000] {dagbag.py:536} INFO - Filling up the DagBag from /opt/airflow/dags/dag_suivi.py
[2026-08-05T13:27:04.401+0000] {processor.py:839} INFO - DAG(s) dict_keys(['pipeline_ingestion_suivi']) retrieved from /opt/airflow/dags/dag_suivi.py
[2026-08-05T13:27:04.431+0000] {logging_mixin.py:151} INFO - [2026-08-05T13:27:04.431+0000] {dag.py:2941} INFO - Sync 1 DAGs
[2026-08-05T13:27:04.457+0000] {logging_mixin.py:151} INFO - [2026-08-05T13:27:04.457+0000] {dag.py:3722} INFO - Setting next_dagrun for pipeline_ingestion_suivi to 2026-08-05T13:00:00+00:00, run_after=2026-08-05T14:00:00+00:00
[2026-08-05T13:27:04.482+0000] {processor.py:179} INFO - Processing /opt/airflow/dags/dag_suivi.py took 0.116 seconds
[2026-08-05T13:27:34.608+0000] {processor.py:157} INFO - Started process (PID=1815) to work on /opt/airflow/dags/dag_suivi.py
[2026-08-05T13:27:34.609+0000] {processor.py:829} INFO - Processing file /opt/airflow/dags/dag_suivi.py for tasks to queue
[2026-08-05T13:27:34.610+0000] {logging_mixin.py:151} INFO - [2026-08-05T13:27:34.609+0000] {dagbag.py:536} INFO - Filling up the DagBag from /opt/airflow/dags/dag_suivi.py
[2026-08-05T13:27:34.634+0000] {processor.py:839} INFO - DAG(s) dict_keys(['pipeline_ingestion_suivi']) retrieved from /opt/airflow/dags/dag_suivi.py
[2026-08-05T13:27:34.662+0000] {logging_mixin.py:151} INFO - [2026-08-05T13:27:34.662+0000] {dag.py:2941} INFO - Sync 1 DAGs
[2026-08-05T13:27:34.684+0000] {logging_mixin.py:151} INFO - [2026-08-05T13:27:34.684+0000] {dag.py:3722} INFO - Setting next_dagrun for pipeline_ingestion_suivi to 2026-08-05T13:00:00+00:00, run_after=2026-08-05T14:00:00+00:00
[2026-08-05T13:27:34.716+0000] {processor.py:179} INFO - Processing /opt/airflow/dags/dag_suivi.py took 0.112 seconds
[2026-08-05T13:28:04.816+0000] {processor.py:157} INFO - Started process (PID=1820) to work on /opt/airflow/dags/dag_suivi.py
[2026-08-05T13:28:04.817+0000] {processor.py:829} INFO - Processing file /opt/airflow/dags/dag_suivi.py for tasks to queue
[2026-08-05T13:28:04.818+0000] {logging_mixin.py:151} INFO - [2026-08-05T13:28:04.818+0000] {dagbag.py:536} INFO - Filling up the DagBag from /opt/airflow/dags/dag_suivi.py
[2026-08-05T13:28:04.841+0000] {processor.py:839} INFO - DAG(s) dict_keys(['pipeline_ingestion_suivi']) retrieved from /opt/airflow/dags/dag_suivi.py
[2026-08-05T13:28:04.870+0000] {logging_mixin.py:151} INFO - [2026-08-05T13:28:04.870+0000] {dag.py:2941} INFO - Sync 1 DAGs
[2026-08-05T13:28:04.891+0000] {logging_mixin.py:151} INFO - [2026-08-05T13:28:04.891+0000] {dag.py:3722} INFO - Setting next_dagrun for pipeline_ingestion_suivi to 2026-08-05T13:00:00+00:00, run_after=2026-08-05T14:00:00+00:00
[2026-08-05T13:28:04.923+0000] {processor.py:179} INFO - Processing /opt/airflow/dags/dag_suivi.py took 0.111 seconds
[2026-08-05T13:28:35.054+0000] {processor.py:157} INFO - Started process (PID=1825) to work on /opt/airflow/dags/dag_suivi.py
[2026-08-05T13:28:35.055+0000] {processor.py:829} INFO - Processing file /opt/airflow/dags/dag_suivi.py for tasks to queue
[2026-08-05T13:28:35.056+0000] {logging_mixin.py:151} INFO - [2026-08-05T13:28:35.056+0000] {dagbag.py:536} INFO - Filling up the DagBag from /opt/airflow/dags/dag_suivi.py
[2026-08-05T13:28:35.112+0000] {processor.py:839} INFO - DAG(s) dict_keys(['pipeline_ingestion_suivi']) retrieved from /opt/airflow/dags/dag_suivi.py
[2026-08-05T13:28:35.157+0000] {logging_mixin.py:151} INFO - [2026-08-05T13:28:35.157+0000] {dag.py:2941} INFO - Sync 1 DAGs
[2026-08-05T13:28:35.180+0000] {logging_mixin.py:151} INFO - [2026-08-05T13:28:35.180+0000] {dag.py:3722} INFO - Setting next_dagrun for pipeline_ingestion_suivi to 2026-08-05T13:00:00+00:00, run_after=2026-08-05T14:00:00+00:00
[2026-08-05T13:28:35.203+0000] {processor.py:179} INFO - Processing /opt/airflow/dags/dag_suivi.py took 0.152 seconds
[2026-08-05T13:29:05.318+0000] {processor.py:157} INFO - Started process (PID=1830) to work on /opt/airflow/dags/dag_suivi.py
[2026-08-05T13:29:05.320+0000] {processor.py:829} INFO - Processing file /opt/airflow/dags/dag_suivi.py for tasks to queue
[2026-08-05T13:29:05.322+0000] {logging_mixin.py:151} INFO - [2026-08-05T13:29:05.321+0000] {dagbag.py:536} INFO - Filling up the DagBag from /opt/airflow/dags/dag_suivi.py
[2026-08-05T13:29:05.368+0000] {processor.py:839} INFO - DAG(s) dict_keys(['pipeline_ingestion_suivi']) retrieved from /opt/airflow/dags/dag_suivi.py
[2026-08-05T13:29:05.420+0000] {logging_mixin.py:151} INFO - [2026-08-05T13:29:05.420+0000] {dag.py:2941} INFO - Sync 1 DAGs
[2026-08-05T13:29:05.460+0000] {logging_mixin.py:151} INFO - [2026-08-05T13:29:05.460+0000] {dag.py:3722} INFO - Setting next_dagrun for pipeline_ingestion_suivi to 2026-08-05T13:00:00+00:00, run_after=2026-08-05T14:00:00+00:00
[2026-08-05T13:29:05.499+0000] {processor.py:179} INFO - Processing /opt/airflow/dags/dag_suivi.py took 0.187 seconds
[2026-08-05T13:29:35.622+0000] {processor.py:157} INFO - Started process (PID=1835) to work on /opt/airflow/dags/dag_suivi.py
[2026-08-05T13:29:35.623+0000] {processor.py:829} INFO - Processing file /opt/airflow/dags/dag_suivi.py for tasks to queue
[2026-08-05T13:29:35.625+0000] {logging_mixin.py:151} INFO - [2026-08-05T13:29:35.624+0000] {dagbag.py:536} INFO - Filling up the DagBag from /opt/airflow/dags/dag_suivi.py
[2026-08-05T13:29:35.652+0000] {processor.py:839} INFO - DAG(s) dict_keys(['pipeline_ingestion_suivi']) retrieved from /opt/airflow/dags/dag_suivi.py
[2026-08-05T13:29:35.687+0000] {logging_mixin.py:151} INFO - [2026-08-05T13:29:35.687+0000] {dag.py:2941} INFO - Sync 1 DAGs
[2026-08-05T13:29:35.715+0000] {logging_mixin.py:151} INFO - [2026-08-05T13:29:35.715+0000] {dag.py:3722} INFO - Setting next_dagrun for pipeline_ingestion_suivi to 2026-08-05T13:00:00+00:00, run_after=2026-08-05T14:00:00+00:00
[2026-08-05T13:29:35.741+0000] {processor.py:179} INFO - Processing /opt/airflow/dags/dag_suivi.py took 0.123 seconds
[2026-08-05T13:30:05.897+0000] {processor.py:157} INFO - Started process (PID=1840) to work on /opt/airflow/dags/dag_suivi.py
[2026-08-05T13:30:05.898+0000] {processor.py:829} INFO - Processing file /opt/airflow/dags/dag_suivi.py for tasks to queue
[2026-08-05T13:30:05.899+0000] {logging_mixin.py:151} INFO - [2026-08-05T13:30:05.899+0000] {dagbag.py:536} INFO - Filling up the DagBag from /opt/airflow/dags/dag_suivi.py
[2026-08-05T13:30:05.925+0000] {processor.py:839} INFO - DAG(s) dict_keys(['pipeline_ingestion_suivi']) retrieved from /opt/airflow/dags/dag_suivi.py
[2026-08-05T13:30:05.955+0000] {logging_mixin.py:151} INFO - [2026-08-05T13:30:05.955+0000] {dag.py:2941} INFO - Sync 1 DAGs
[2026-08-05T13:30:05.982+0000] {logging_mixin.py:151} INFO - [2026-08-05T13:30:05.982+0000] {dag.py:3722} INFO - Setting next_dagrun for pipeline_ingestion_suivi to 2026-08-05T13:00:00+00:00, run_after=2026-08-05T14:00:00+00:00
[2026-08-05T13:30:06.015+0000] {processor.py:179} INFO - Processing /opt/airflow/dags/dag_suivi.py took 0.121 seconds
[2026-08-05T13:30:36.154+0000] {processor.py:157} INFO - Started process (PID=1845) to work on /opt/airflow/dags/dag_suivi.py
[2026-08-05T13:30:36.155+0000] {processor.py:829} INFO - Processing file /opt/airflow/dags/dag_suivi.py for tasks to queue
[2026-08-05T13:30:36.156+0000] {logging_mixin.py:151} INFO - [2026-08-05T13:30:36.156+0000] {dagbag.py:536} INFO - Filling up the DagBag from /opt/airflow/dags/dag_suivi.py
[2026-08-05T13:30:36.178+0000] {processor.py:839} INFO - DAG(s) dict_keys(['pipeline_ingestion_suivi']) retrieved from /opt/airflow/dags/dag_suivi.py
[2026-08-05T13:30:36.199+0000] {logging_mixin.py:151} INFO - [2026-08-05T13:30:36.199+0000] {dag.py:2941} INFO - Sync 1 DAGs
[2026-08-05T13:30:36.215+0000] {logging_mixin.py:151} INFO - [2026-08-05T13:30:36.215+0000] {dag.py:3722} INFO - Setting next_dagrun for pipeline_ingestion_suivi to 2026-08-05T13:00:00+00:00, run_after=2026-08-05T14:00:00+00:00
[2026-08-05T13:30:36.231+0000] {processor.py:179} INFO - Processing /opt/airflow/dags/dag_suivi.py took 0.080 seconds
[2026-08-05T13:31:06.479+0000] {processor.py:157} INFO - Started process (PID=1850) to work on /opt/airflow/dags/dag_suivi.py
[2026-08-05T13:31:06.480+0000] {processor.py:829} INFO - Processing file /opt/airflow/dags/dag_suivi.py for tasks to queue
[2026-08-05T13:31:06.481+0000] {logging_mixin.py:151} INFO - [2026-08-05T13:31:06.481+0000] {dagbag.py:536} INFO - Filling up the DagBag from /opt/airflow/dags/dag_suivi.py
[2026-08-05T13:31:06.497+0000] {processor.py:839} INFO - DAG(s) dict_keys(['pipeline_ingestion_suivi']) retrieved from /opt/airflow/dags/dag_suivi.py
[2026-08-05T13:31:06.518+0000] {logging_mixin.py:151} INFO - [2026-08-05T13:31:06.518+0000] {dag.py:2941} INFO - Sync 1 DAGs
[2026-08-05T13:31:06.534+0000] {logging_mixin.py:151} INFO - [2026-08-05T13:31:06.534+0000] {dag.py:3722} INFO - Setting next_dagrun for pipeline_ingestion_suivi to 2026-08-05T13:00:00+00:00, run_after=2026-08-05T14:00:00+00:00
[2026-08-05T13:31:06.552+0000] {processor.py:179} INFO - Processing /opt/airflow/dags/dag_suivi.py took 0.075 seconds
[2026-08-05T13:31:36.735+0000] {processor.py:157} INFO - Started process (PID=1855) to work on /opt/airflow/dags/dag_suivi.py
[2026-08-05T13:31:36.737+0000] {processor.py:829} INFO - Processing file /opt/airflow/dags/dag_suivi.py for tasks to queue
[2026-08-05T13:31:36.738+0000] {logging_mixin.py:151} INFO - [2026-08-05T13:31:36.738+0000] {dagbag.py:536} INFO - Filling up the DagBag from /opt/airflow/dags/dag_suivi.py
[2026-08-05T13:31:36.755+0000] {processor.py:839} INFO - DAG(s) dict_keys(['pipeline_ingestion_suivi']) retrieved from /opt/airflow/dags/dag_suivi.py
[2026-08-05T13:31:36.776+0000] {logging_mixin.py:151} INFO - [2026-08-05T13:31:36.776+0000] {dag.py:2941} INFO - Sync 1 DAGs
[2026-08-05T13:31:36.793+0000] {logging_mixin.py:151} INFO - [2026-08-05T13:31:36.792+0000] {dag.py:3722} INFO - Setting next_dagrun for pipeline_ingestion_suivi to 2026-08-05T13:00:00+00:00, run_after=2026-08-05T14:00:00+00:00
[2026-08-05T13:31:36.818+0000] {processor.py:179} INFO - Processing /opt/airflow/dags/dag_suivi.py took 0.087 seconds
[2026-08-05T13:32:07.012+0000] {processor.py:157} INFO - Started process (PID=1860) to work on /opt/airflow/dags/dag_suivi.py
[2026-08-05T13:32:07.013+0000] {processor.py:829} INFO - Processing file /opt/airflow/dags/dag_suivi.py for tasks to queue
[2026-08-05T13:32:07.014+0000] {logging_mixin.py:151} INFO - [2026-08-05T13:32:07.014+0000] {dagbag.py:536} INFO - Filling up the DagBag from /opt/airflow/dags/dag_suivi.py
[2026-08-05T13:32:07.032+0000] {processor.py:839} INFO - DAG(s) dict_keys(['pipeline_ingestion_suivi']) retrieved from /opt/airflow/dags/dag_suivi.py
[2026-08-05T13:32:07.058+0000] {logging_mixin.py:151} INFO - [2026-08-05T13:32:07.058+0000] {dag.py:2941} INFO - Sync 1 DAGs
[2026-08-05T13:32:07.076+0000] {logging_mixin.py:151} INFO - [2026-08-05T13:32:07.076+0000] {dag.py:3722} INFO - Setting next_dagrun for pipeline_ingestion_suivi to 2026-08-05T13:00:00+00:00, run_after=2026-08-05T14:00:00+00:00
[2026-08-05T13:32:07.109+0000] {processor.py:179} INFO - Processing /opt/airflow/dags/dag_suivi.py took 0.100 seconds
[2026-08-05T13:32:37.262+0000] {processor.py:157} INFO - Started process (PID=1865) to work on /opt/airflow/dags/dag_suivi.py
[2026-08-05T13:32:37.263+0000] {processor.py:829} INFO - Processing file /opt/airflow/dags/dag_suivi.py for tasks to queue
[2026-08-05T13:32:37.264+0000] {logging_mixin.py:151} INFO - [2026-08-05T13:32:37.264+0000] {dagbag.py:536} INFO - Filling up the DagBag from /opt/airflow/dags/dag_suivi.py
[2026-08-05T13:32:37.288+0000] {processor.py:839} INFO - DAG(s) dict_keys(['pipeline_ingestion_suivi']) retrieved from /opt/airflow/dags/dag_suivi.py
[2026-08-05T13:32:37.313+0000] {logging_mixin.py:151} INFO - [2026-08-05T13:32:37.313+0000] {dag.py:2941} INFO - Sync 1 DAGs
[2026-08-05T13:32:37.331+0000] {logging_mixin.py:151} INFO - [2026-08-05T13:32:37.331+0000] {dag.py:3722} INFO - Setting next_dagrun for pipeline_ingestion_suivi to 2026-08-05T13:00:00+00:00, run_after=2026-08-05T14:00:00+00:00
[2026-08-05T13:32:37.353+0000] {processor.py:179} INFO - Processing /opt/airflow/dags/dag_suivi.py took 0.097 seconds
[2026-08-05T13:33:07.514+0000] {processor.py:157} INFO - Started process (PID=1870) to work on /opt/airflow/dags/dag_suivi.py
[2026-08-05T13:33:07.515+0000] {processor.py:829} INFO - Processing file /opt/airflow/dags/dag_suivi.py for tasks to queue
[2026-08-05T13:33:07.516+0000] {logging_mixin.py:151} INFO - [2026-08-05T13:33:07.516+0000] {dagbag.py:536} INFO - Filling up the DagBag from /opt/airflow/dags/dag_suivi.py
[2026-08-05T13:33:07.543+0000] {processor.py:839} INFO - DAG(s) dict_keys(['pipeline_ingestion_suivi']) retrieved from /opt/airflow/dags/dag_suivi.py
[2026-08-05T13:33:07.576+0000] {logging_mixin.py:151} INFO - [2026-08-05T13:33:07.576+0000] {dag.py:2941} INFO - Sync 1 DAGs
[2026-08-05T13:33:07.605+0000] {logging_mixin.py:151} INFO - [2026-08-05T13:33:07.605+0000] {dag.py:3722} INFO - Setting next_dagrun for pipeline_ingestion_suivi to 2026-08-05T13:00:00+00:00, run_after=2026-08-05T14:00:00+00:00
[2026-08-05T13:33:07.631+0000] {processor.py:179} INFO - Processing /opt/airflow/dags/dag_suivi.py took 0.120 seconds
[2026-08-05T13:33:37.740+0000] {processor.py:157} INFO - Started process (PID=1875) to work on /opt/airflow/dags/dag_suivi.py
[2026-08-05T13:33:37.741+0000] {processor.py:829} INFO - Processing file /opt/airflow/dags/dag_suivi.py for tasks to queue
[2026-08-05T13:33:37.742+0000] {logging_mixin.py:151} INFO - [2026-08-05T13:33:37.742+0000] {dagbag.py:536} INFO - Filling up the DagBag from /opt/airflow/dags/dag_suivi.py
[2026-08-05T13:33:37.760+0000] {processor.py:839} INFO - DAG(s) dict_keys(['pipeline_ingestion_suivi']) retrieved from /opt/airflow/dags/dag_suivi.py
[2026-08-05T13:33:37.785+0000] {logging_mixin.py:151} INFO - [2026-08-05T13:33:37.785+0000] {dag.py:2941} INFO - Sync 1 DAGs
[2026-08-05T13:33:37.803+0000] {logging_mixin.py:151} INFO - [2026-08-05T13:33:37.803+0000] {dag.py:3722} INFO - Setting next_dagrun for pipeline_ingestion_suivi to 2026-08-05T13:00:00+00:00, run_after=2026-08-05T14:00:00+00:00
[2026-08-05T13:33:37.823+0000] {processor.py:179} INFO - Processing /opt/airflow/dags/dag_suivi.py took 0.086 seconds
[2026-08-05T13:34:08.099+0000] {processor.py:157} INFO - Started process (PID=1880) to work on /opt/airflow/dags/dag_suivi.py
[2026-08-05T13:34:08.100+0000] {processor.py:829} INFO - Processing file /opt/airflow/dags/dag_suivi.py for tasks to queue
[2026-08-05T13:34:08.101+0000] {logging_mixin.py:151} INFO - [2026-08-05T13:34:08.100+0000] {dagbag.py:536} INFO - Filling up the DagBag from /opt/airflow/dags/dag_suivi.py
[2026-08-05T13:34:08.119+0000] {processor.py:839} INFO - DAG(s) dict_keys(['pipeline_ingestion_suivi']) retrieved from /opt/airflow/dags/dag_suivi.py
[2026-08-05T13:34:08.141+0000] {logging_mixin.py:151} INFO - [2026-08-05T13:34:08.140+0000] {dag.py:2941} INFO - Sync 1 DAGs
[2026-08-05T13:34:08.158+0000] {logging_mixin.py:151} INFO - [2026-08-05T13:34:08.158+0000] {dag.py:3722} INFO - Setting next_dagrun for pipeline_ingestion_suivi to 2026-08-05T13:00:00+00:00, run_after=2026-08-05T14:00:00+00:00
[2026-08-05T13:34:08.175+0000] {processor.py:179} INFO - Processing /opt/airflow/dags/dag_suivi.py took 0.078 seconds
[2026-08-05T13:34:38.310+0000] {processor.py:157} INFO - Started process (PID=1885) to work on /opt/airflow/dags/dag_suivi.py
[2026-08-05T13:34:38.310+0000] {processor.py:829} INFO - Processing file /opt/airflow/dags/dag_suivi.py for tasks to queue
[2026-08-05T13:34:38.311+0000] {logging_mixin.py:151} INFO - [2026-08-05T13:34:38.311+0000] {dagbag.py:536} INFO - Filling up the DagBag from /opt/airflow/dags/dag_suivi.py
[2026-08-05T13:34:38.328+0000] {processor.py:839} INFO - DAG(s) dict_keys(['pipeline_ingestion_suivi']) retrieved from /opt/airflow/dags/dag_suivi.py
[2026-08-05T13:34:38.353+0000] {logging_mixin.py:151} INFO - [2026-08-05T13:34:38.353+0000] {dag.py:2941} INFO - Sync 1 DAGs
[2026-08-05T13:34:38.370+0000] {logging_mixin.py:151} INFO - [2026-08-05T13:34:38.370+0000] {dag.py:3722} INFO - Setting next_dagrun for pipeline_ingestion_suivi to 2026-08-05T13:00:00+00:00, run_after=2026-08-05T14:00:00+00:00
[2026-08-05T13:34:38.398+0000] {processor.py:179} INFO - Processing /opt/airflow/dags/dag_suivi.py took 0.091 seconds
[2026-08-05T13:35:08.610+0000] {processor.py:157} INFO - Started process (PID=1890) to work on /opt/airflow/dags/dag_suivi.py
[2026-08-05T13:35:08.610+0000] {processor.py:829} INFO - Processing file /opt/airflow/dags/dag_suivi.py for tasks to queue
[2026-08-05T13:35:08.611+0000] {logging_mixin.py:151} INFO - [2026-08-05T13:35:08.611+0000] {dagbag.py:536} INFO - Filling up the DagBag from /opt/airflow/dags/dag_suivi.py
[2026-08-05T13:35:08.636+0000] {processor.py:839} INFO - DAG(s) dict_keys(['pipeline_ingestion_suivi']) retrieved from /opt/airflow/dags/dag_suivi.py
[2026-08-05T13:35:08.663+0000] {logging_mixin.py:151} INFO - [2026-08-05T13:35:08.663+0000] {dag.py:2941} INFO - Sync 1 DAGs
[2026-08-05T13:35:08.684+0000] {logging_mixin.py:151} INFO - [2026-08-05T13:35:08.683+0000] {dag.py:3722} INFO - Setting next_dagrun for pipeline_ingestion_suivi to 2026-08-05T13:00:00+00:00, run_after=2026-08-05T14:00:00+00:00
[2026-08-05T13:35:08.720+0000] {processor.py:179} INFO - Processing /opt/airflow/dags/dag_suivi.py took 0.113 seconds
[2026-08-05T13:35:38.830+0000] {processor.py:157} INFO - Started process (PID=1895) to work on /opt/airflow/dags/dag_suivi.py
[2026-08-05T13:35:38.831+0000] {processor.py:829} INFO - Processing file /opt/airflow/dags/dag_suivi.py for tasks to queue
[2026-08-05T13:35:38.831+0000] {logging_mixin.py:151} INFO - [2026-08-05T13:35:38.831+0000] {dagbag.py:536} INFO - Filling up the DagBag from /opt/airflow/dags/dag_suivi.py
[2026-08-05T13:35:38.851+0000] {processor.py:839} INFO - DAG(s) dict_keys(['pipeline_ingestion_suivi']) retrieved from /opt/airflow/dags/dag_suivi.py
[2026-08-05T13:35:38.874+0000] {logging_mixin.py:151} INFO - [2026-08-05T13:35:38.874+0000] {dag.py:2941} INFO - Sync 1 DAGs
[2026-08-05T13:35:38.897+0000] {logging_mixin.py:151} INFO - [2026-08-05T13:35:38.897+0000] {dag.py:3722} INFO - Setting next_dagrun for pipeline_ingestion_suivi to 2026-08-05T13:00:00+00:00, run_after=2026-08-05T14:00:00+00:00
[2026-08-05T13:35:38.930+0000] {processor.py:179} INFO - Processing /opt/airflow/dags/dag_suivi.py took 0.103 seconds
[2026-08-05T13:36:09.124+0000] {processor.py:157} INFO - Started process (PID=1900) to work on /opt/airflow/dags/dag_suivi.py
[2026-08-05T13:36:09.125+0000] {processor.py:829} INFO - Processing file /opt/airflow/dags/dag_suivi.py for tasks to queue
[2026-08-05T13:36:09.126+0000] {logging_mixin.py:151} INFO - [2026-08-05T13:36:09.125+0000] {dagbag.py:536} INFO - Filling up the DagBag from /opt/airflow/dags/dag_suivi.py
[2026-08-05T13:36:09.144+0000] {processor.py:839} INFO - DAG(s) dict_keys(['pipeline_ingestion_suivi']) retrieved from /opt/airflow/dags/dag_suivi.py
[2026-08-05T13:36:09.167+0000] {logging_mixin.py:151} INFO - [2026-08-05T13:36:09.167+0000] {dag.py:2941} INFO - Sync 1 DAGs
[2026-08-05T13:36:09.187+0000] {logging_mixin.py:151} INFO - [2026-08-05T13:36:09.187+0000] {dag.py:3722} INFO - Setting next_dagrun for pipeline_ingestion_suivi to 2026-08-05T13:00:00+00:00, run_after=2026-08-05T14:00:00+00:00
[2026-08-05T13:36:09.205+0000] {processor.py:179} INFO - Processing /opt/airflow/dags/dag_suivi.py took 0.083 seconds
[2026-08-05T13:36:39.341+0000] {processor.py:157} INFO - Started process (PID=1905) to work on /opt/airflow/dags/dag_suivi.py
[2026-08-05T13:36:39.342+0000] {processor.py:829} INFO - Processing file /opt/airflow/dags/dag_suivi.py for tasks to queue
[2026-08-05T13:36:39.342+0000] {logging_mixin.py:151} INFO - [2026-08-05T13:36:39.342+0000] {dagbag.py:536} INFO - Filling up the DagBag from /opt/airflow/dags/dag_suivi.py
[2026-08-05T13:36:39.360+0000] {processor.py:839} INFO - DAG(s) dict_keys(['pipeline_ingestion_suivi']) retrieved from /opt/airflow/dags/dag_suivi.py
[2026-08-05T13:36:39.384+0000] {logging_mixin.py:151} INFO - [2026-08-05T13:36:39.384+0000] {dag.py:2941} INFO - Sync 1 DAGs
[2026-08-05T13:36:39.402+0000] {logging_mixin.py:151} INFO - [2026-08-05T13:36:39.402+0000] {dag.py:3722} INFO - Setting next_dagrun for pipeline_ingestion_suivi to 2026-08-05T13:00:00+00:00, run_after=2026-08-05T14:00:00+00:00
[2026-08-05T13:36:39.419+0000] {processor.py:179} INFO - Processing /opt/airflow/dags/dag_suivi.py took 0.081 seconds
[2026-08-05T13:37:09.610+0000] {processor.py:157} INFO - Started process (PID=1910) to work on /opt/airflow/dags/dag_suivi.py
[2026-08-05T13:37:09.611+0000] {processor.py:829} INFO - Processing file /opt/airflow/dags/dag_suivi.py for tasks to queue
[2026-08-05T13:37:09.612+0000] {logging_mixin.py:151} INFO - [2026-08-05T13:37:09.611+0000] {dagbag.py:536} INFO - Filling up the DagBag from /opt/airflow/dags/dag_suivi.py
[2026-08-05T13:37:09.629+0000] {processor.py:839} INFO - DAG(s) dict_keys(['pipeline_ingestion_suivi']) retrieved from /opt/airflow/dags/dag_suivi.py
[2026-08-05T13:37:09.651+0000] {logging_mixin.py:151} INFO - [2026-08-05T13:37:09.651+0000] {dag.py:2941} INFO - Sync 1 DAGs
[2026-08-05T13:37:09.670+0000] {logging_mixin.py:151} INFO - [2026-08-05T13:37:09.670+0000] {dag.py:3722} INFO - Setting next_dagrun for pipeline_ingestion_suivi to 2026-08-05T13:00:00+00:00, run_after=2026-08-05T14:00:00+00:00
[2026-08-05T13:37:09.701+0000] {processor.py:179} INFO - Processing /opt/airflow/dags/dag_suivi.py took 0.093 seconds
[2026-08-05T13:37:39.862+0000] {processor.py:157} INFO - Started process (PID=1915) to work on /opt/airflow/dags/dag_suivi.py
[2026-08-05T13:37:39.863+0000] {processor.py:829} INFO - Processing file /opt/airflow/dags/dag_suivi.py for tasks to queue
[2026-08-05T13:37:39.864+0000] {logging_mixin.py:151} INFO - [2026-08-05T13:37:39.864+0000] {dagbag.py:536} INFO - Filling up the DagBag from /opt/airflow/dags/dag_suivi.py
[2026-08-05T13:37:39.883+0000] {processor.py:839} INFO - DAG(s) dict_keys(['pipeline_ingestion_suivi']) retrieved from /opt/airflow/dags/dag_suivi.py
[2026-08-05T13:37:39.908+0000] {logging_mixin.py:151} INFO - [2026-08-05T13:37:39.907+0000] {dag.py:2941} INFO - Sync 1 DAGs
[2026-08-05T13:37:39.925+0000] {logging_mixin.py:151} INFO - [2026-08-05T13:37:39.925+0000] {dag.py:3722} INFO - Setting next_dagrun for pipeline_ingestion_suivi to 2026-08-05T13:00:00+00:00, run_after=2026-08-05T14:00:00+00:00
[2026-08-05T13:37:39.949+0000] {processor.py:179} INFO - Processing /opt/airflow/dags/dag_suivi.py took 0.092 seconds
[2026-08-05T13:38:10.149+0000] {processor.py:157} INFO - Started process (PID=1920) to work on /opt/airflow/dags/dag_suivi.py
[2026-08-05T13:38:10.149+0000] {processor.py:829} INFO - Processing file /opt/airflow/dags/dag_suivi.py for tasks to queue
[2026-08-05T13:38:10.150+0000] {logging_mixin.py:151} INFO - [2026-08-05T13:38:10.150+0000] {dagbag.py:536} INFO - Filling up the DagBag from /opt/airflow/dags/dag_suivi.py
[2026-08-05T13:38:10.169+0000] {processor.py:839} INFO - DAG(s) dict_keys(['pipeline_ingestion_suivi']) retrieved from /opt/airflow/dags/dag_suivi.py
[2026-08-05T13:38:10.206+0000] {logging_mixin.py:151} INFO - [2026-08-05T13:38:10.206+0000] {dag.py:2941} INFO - Sync 1 DAGs
[2026-08-05T13:38:10.236+0000] {logging_mixin.py:151} INFO - [2026-08-05T13:38:10.235+0000] {dag.py:3722} INFO - Setting next_dagrun for pipeline_ingestion_suivi to 2026-08-05T13:00:00+00:00, run_after=2026-08-05T14:00:00+00:00
[2026-08-05T13:38:10.274+0000] {processor.py:179} INFO - Processing /opt/airflow/dags/dag_suivi.py took 0.128 seconds
[2026-08-05T13:38:40.371+0000] {processor.py:157} INFO - Started process (PID=1925) to work on /opt/airflow/dags/dag_suivi.py
[2026-08-05T13:38:40.372+0000] {processor.py:829} INFO - Processing file /opt/airflow/dags/dag_suivi.py for tasks to queue
[2026-08-05T13:38:40.372+0000] {logging_mixin.py:151} INFO - [2026-08-05T13:38:40.372+0000] {dagbag.py:536} INFO - Filling up the DagBag from /opt/airflow/dags/dag_suivi.py
[2026-08-05T13:38:40.390+0000] {processor.py:839} INFO - DAG(s) dict_keys(['pipeline_ingestion_suivi']) retrieved from /opt/airflow/dags/dag_suivi.py
[2026-08-05T13:38:40.414+0000] {logging_mixin.py:151} INFO - [2026-08-05T13:38:40.414+0000] {dag.py:2941} INFO - Sync 1 DAGs
[2026-08-05T13:38:40.435+0000] {logging_mixin.py:151} INFO - [2026-08-05T13:38:40.435+0000] {dag.py:3722} INFO - Setting next_dagrun for pipeline_ingestion_suivi to 2026-08-05T13:00:00+00:00, run_after=2026-08-05T14:00:00+00:00
[2026-08-05T13:38:40.466+0000] {processor.py:179} INFO - Processing /opt/airflow/dags/dag_suivi.py took 0.098 seconds
[2026-08-05T13:39:10.705+0000] {processor.py:157} INFO - Started process (PID=1930) to work on /opt/airflow/dags/dag_suivi.py
[2026-08-05T13:39:10.706+0000] {processor.py:829} INFO - Processing file /opt/airflow/dags/dag_suivi.py for tasks to queue
[2026-08-05T13:39:10.707+0000] {logging_mixin.py:151} INFO - [2026-08-05T13:39:10.706+0000] {dagbag.py:536} INFO - Filling up the DagBag from /opt/airflow/dags/dag_suivi.py
[2026-08-05T13:39:10.740+0000] {processor.py:839} INFO - DAG(s) dict_keys(['pipeline_ingestion_suivi']) retrieved from /opt/airflow/dags/dag_suivi.py
[2026-08-05T13:39:10.773+0000] {logging_mixin.py:151} INFO - [2026-08-05T13:39:10.773+0000] {dag.py:2941} INFO - Sync 1 DAGs
[2026-08-05T13:39:10.808+0000] {logging_mixin.py:151} INFO - [2026-08-05T13:39:10.808+0000] {dag.py:3722} INFO - Setting next_dagrun for pipeline_ingestion_suivi to 2026-08-05T13:00:00+00:00, run_after=2026-08-05T14:00:00+00:00
[2026-08-05T13:39:10.828+0000] {processor.py:179} INFO - Processing /opt/airflow/dags/dag_suivi.py took 0.128 seconds
[2026-08-05T13:39:40.943+0000] {processor.py:157} INFO - Started process (PID=1935) to work on /opt/airflow/dags/dag_suivi.py
[2026-08-05T13:39:40.944+0000] {processor.py:829} INFO - Processing file /opt/airflow/dags/dag_suivi.py for tasks to queue
[2026-08-05T13:39:40.944+0000] {logging_mixin.py:151} INFO - [2026-08-05T13:39:40.944+0000] {dagbag.py:536} INFO - Filling up the DagBag from /opt/airflow/dags/dag_suivi.py
[2026-08-05T13:39:40.962+0000] {processor.py:839} INFO - DAG(s) dict_keys(['pipeline_ingestion_suivi']) retrieved from /opt/airflow/dags/dag_suivi.py
[2026-08-05T13:39:40.988+0000] {logging_mixin.py:151} INFO - [2026-08-05T13:39:40.988+0000] {dag.py:2941} INFO - Sync 1 DAGs
[2026-08-05T13:39:41.007+0000] {logging_mixin.py:151} INFO - [2026-08-05T13:39:41.006+0000] {dag.py:3722} INFO - Setting next_dagrun for pipeline_ingestion_suivi to 2026-08-05T13:00:00+00:00, run_after=2026-08-05T14:00:00+00:00
[2026-08-05T13:39:41.024+0000] {processor.py:179} INFO - Processing /opt/airflow/dags/dag_suivi.py took 0.084 seconds
[2026-08-05T13:40:11.276+0000] {processor.py:157} INFO - Started process (PID=1940) to work on /opt/airflow/dags/dag_suivi.py
[2026-08-05T13:40:11.276+0000] {processor.py:829} INFO - Processing file /opt/airflow/dags/dag_suivi.py for tasks to queue
[2026-08-05T13:40:11.277+0000] {logging_mixin.py:151} INFO - [2026-08-05T13:40:11.277+0000] {dagbag.py:536} INFO - Filling up the DagBag from /opt/airflow/dags/dag_suivi.py
[2026-08-05T13:40:11.297+0000] {processor.py:839} INFO - DAG(s) dict_keys(['pipeline_ingestion_suivi']) retrieved from /opt/airflow/dags/dag_suivi.py
[2026-08-05T13:40:11.325+0000] {logging_mixin.py:151} INFO - [2026-08-05T13:40:11.325+0000] {dag.py:2941} INFO - Sync 1 DAGs
[2026-08-05T13:40:11.345+0000] {logging_mixin.py:151} INFO - [2026-08-05T13:40:11.345+0000] {dag.py:3722} INFO - Setting next_dagrun for pipeline_ingestion_suivi to 2026-08-05T13:00:00+00:00, run_after=2026-08-05T14:00:00+00:00
[2026-08-05T13:40:11.362+0000] {processor.py:179} INFO - Processing /opt/airflow/dags/dag_suivi.py took 0.089 seconds
[2026-08-05T13:40:41.518+0000] {processor.py:157} INFO - Started process (PID=1945) to work on /opt/airflow/dags/dag_suivi.py
[2026-08-05T13:40:41.519+0000] {processor.py:829} INFO - Processing file /opt/airflow/dags/dag_suivi.py for tasks to queue
[2026-08-05T13:40:41.520+0000] {logging_mixin.py:151} INFO - [2026-08-05T13:40:41.520+0000] {dagbag.py:536} INFO - Filling up the DagBag from /opt/airflow/dags/dag_suivi.py
[2026-08-05T13:40:41.537+0000] {processor.py:839} INFO - DAG(s) dict_keys(['pipeline_ingestion_suivi']) retrieved from /opt/airflow/dags/dag_suivi.py
[2026-08-05T13:40:41.560+0000] {logging_mixin.py:151} INFO - [2026-08-05T13:40:41.560+0000] {dag.py:2941} INFO - Sync 1 DAGs
[2026-08-05T13:40:41.579+0000] {logging_mixin.py:151} INFO - [2026-08-05T13:40:41.579+0000] {dag.py:3722} INFO - Setting next_dagrun for pipeline_ingestion_suivi to 2026-08-05T13:00:00+00:00, run_after=2026-08-05T14:00:00+00:00
[2026-08-05T13:40:41.598+0000] {processor.py:179} INFO - Processing /opt/airflow/dags/dag_suivi.py took 0.083 seconds
[2026-08-05T13:41:11.779+0000] {processor.py:157} INFO - Started process (PID=1950) to work on /opt/airflow/dags/dag_suivi.py
[2026-08-05T13:41:11.779+0000] {processor.py:829} INFO - Processing file /opt/airflow/dags/dag_suivi.py for tasks to queue
[2026-08-05T13:41:11.780+0000] {logging_mixin.py:151} INFO - [2026-08-05T13:41:11.780+0000] {dagbag.py:536} INFO - Filling up the DagBag from /opt/airflow/dags/dag_suivi.py
[2026-08-05T13:41:11.799+0000] {processor.py:839} INFO - DAG(s) dict_keys(['pipeline_ingestion_suivi']) retrieved from /opt/airflow/dags/dag_suivi.py
[2026-08-05T13:41:11.827+0000] {logging_mixin.py:151} INFO - [2026-08-05T13:41:11.827+0000] {dag.py:2941} INFO - Sync 1 DAGs
[2026-08-05T13:41:11.846+0000] {logging_mixin.py:151} INFO - [2026-08-05T13:41:11.846+0000] {dag.py:3722} INFO - Setting next_dagrun for pipeline_ingestion_suivi to 2026-08-05T13:00:00+00:00, run_after=2026-08-05T14:00:00+00:00
[2026-08-05T13:41:11.864+0000] {processor.py:179} INFO - Processing /opt/airflow/dags/dag_suivi.py took 0.088 seconds
[2026-08-05T13:41:42.023+0000] {processor.py:157} INFO - Started process (PID=1955) to work on /opt/airflow/dags/dag_suivi.py
[2026-08-05T13:41:42.026+0000] {processor.py:829} INFO - Processing file /opt/airflow/dags/dag_suivi.py for tasks to queue
[2026-08-05T13:41:42.027+0000] {logging_mixin.py:151} INFO - [2026-08-05T13:41:42.026+0000] {dagbag.py:536} INFO - Filling up the DagBag from /opt/airflow/dags/dag_suivi.py
[2026-08-05T13:41:42.047+0000] {processor.py:839} INFO - DAG(s) dict_keys(['pipeline_ingestion_suivi']) retrieved from /opt/airflow/dags/dag_suivi.py
[2026-08-05T13:41:42.072+0000] {logging_mixin.py:151} INFO - [2026-08-05T13:41:42.072+0000] {dag.py:2941} INFO - Sync 1 DAGs
[2026-08-05T13:41:42.098+0000] {logging_mixin.py:151} INFO - [2026-08-05T13:41:42.098+0000] {dag.py:3722} INFO - Setting next_dagrun for pipeline_ingestion_suivi to 2026-08-05T13:00:00+00:00, run_after=2026-08-05T14:00:00+00:00
[2026-08-05T13:41:42.119+0000] {processor.py:179} INFO - Processing /opt/airflow/dags/dag_suivi.py took 0.099 seconds
[2026-08-05T13:42:12.319+0000] {processor.py:157} INFO - Started process (PID=1960) to work on /opt/airflow/dags/dag_suivi.py
[2026-08-05T13:42:12.320+0000] {processor.py:829} INFO - Processing file /opt/airflow/dags/dag_suivi.py for tasks to queue
[2026-08-05T13:42:12.320+0000] {logging_mixin.py:151} INFO - [2026-08-05T13:42:12.320+0000] {dagbag.py:536} INFO - Filling up the DagBag from /opt/airflow/dags/dag_suivi.py
[2026-08-05T13:42:12.341+0000] {processor.py:839} INFO - DAG(s) dict_keys(['pipeline_ingestion_suivi']) retrieved from /opt/airflow/dags/dag_suivi.py
[2026-08-05T13:42:12.367+0000] {logging_mixin.py:151} INFO - [2026-08-05T13:42:12.367+0000] {dag.py:2941} INFO - Sync 1 DAGs
[2026-08-05T13:42:12.385+0000] {logging_mixin.py:151} INFO - [2026-08-05T13:42:12.385+0000] {dag.py:3722} INFO - Setting next_dagrun for pipeline_ingestion_suivi to 2026-08-05T13:00:00+00:00, run_after=2026-08-05T14:00:00+00:00
[2026-08-05T13:42:12.404+0000] {processor.py:179} INFO - Processing /opt/airflow/dags/dag_suivi.py took 0.088 seconds
[2026-08-05T13:42:42.574+0000] {processor.py:157} INFO - Started process (PID=1965) to work on /opt/airflow/dags/dag_suivi.py
[2026-08-05T13:42:42.575+0000] {processor.py:829} INFO - Processing file /opt/airflow/dags/dag_suivi.py for tasks to queue
[2026-08-05T13:42:42.577+0000] {logging_mixin.py:151} INFO - [2026-08-05T13:42:42.576+0000] {dagbag.py:536} INFO - Filling up the DagBag from /opt/airflow/dags/dag_suivi.py
[2026-08-05T13:42:42.598+0000] {processor.py:839} INFO - DAG(s) dict_keys(['pipeline_ingestion_suivi']) retrieved from /opt/airflow/dags/dag_suivi.py
[2026-08-05T13:42:42.622+0000] {logging_mixin.py:151} INFO - [2026-08-05T13:42:42.622+0000] {dag.py:2941} INFO - Sync 1 DAGs
[2026-08-05T13:42:42.640+0000] {logging_mixin.py:151} INFO - [2026-08-05T13:42:42.640+0000] {dag.py:3722} INFO - Setting next_dagrun for pipeline_ingestion_suivi to 2026-08-05T13:00:00+00:00, run_after=2026-08-05T14:00:00+00:00
[2026-08-05T13:42:42.670+0000] {processor.py:179} INFO - Processing /opt/airflow/dags/dag_suivi.py took 0.099 seconds
[2026-08-05T13:43:12.808+0000] {processor.py:157} INFO - Started process (PID=1970) to work on /opt/airflow/dags/dag_suivi.py
[2026-08-05T13:43:12.809+0000] {processor.py:829} INFO - Processing file /opt/airflow/dags/dag_suivi.py for tasks to queue
[2026-08-05T13:43:12.810+0000] {logging_mixin.py:151} INFO - [2026-08-05T13:43:12.810+0000] {dagbag.py:536} INFO - Filling up the DagBag from /opt/airflow/dags/dag_suivi.py
[2026-08-05T13:43:12.829+0000] {processor.py:839} INFO - DAG(s) dict_keys(['pipeline_ingestion_suivi']) retrieved from /opt/airflow/dags/dag_suivi.py
[2026-08-05T13:43:12.853+0000] {logging_mixin.py:151} INFO - [2026-08-05T13:43:12.853+0000] {dag.py:2941} INFO - Sync 1 DAGs
[2026-08-05T13:43:12.872+0000] {logging_mixin.py:151} INFO - [2026-08-05T13:43:12.872+0000] {dag.py:3722} INFO - Setting next_dagrun for pipeline_ingestion_suivi to 2026-08-05T13:00:00+00:00, run_after=2026-08-05T14:00:00+00:00
[2026-08-05T13:43:12.888+0000] {processor.py:179} INFO - Processing /opt/airflow/dags/dag_suivi.py took 0.083 seconds
[2026-08-05T13:43:43.103+0000] {processor.py:157} INFO - Started process (PID=1975) to work on /opt/airflow/dags/dag_suivi.py
[2026-08-05T13:43:43.103+0000] {processor.py:829} INFO - Processing file /opt/airflow/dags/dag_suivi.py for tasks to queue
[2026-08-05T13:43:43.104+0000] {logging_mixin.py:151} INFO - [2026-08-05T13:43:43.104+0000] {dagbag.py:536} INFO - Filling up the DagBag from /opt/airflow/dags/dag_suivi.py
[2026-08-05T13:43:43.124+0000] {processor.py:839} INFO - DAG(s) dict_keys(['pipeline_ingestion_suivi']) retrieved from /opt/airflow/dags/dag_suivi.py
[2026-08-05T13:43:43.149+0000] {logging_mixin.py:151} INFO - [2026-08-05T13:43:43.149+0000] {dag.py:2941} INFO - Sync 1 DAGs
[2026-08-05T13:43:43.170+0000] {logging_mixin.py:151} INFO - [2026-08-05T13:43:43.170+0000] {dag.py:3722} INFO - Setting next_dagrun for pipeline_ingestion_suivi to 2026-08-05T13:00:00+00:00, run_after=2026-08-05T14:00:00+00:00
[2026-08-05T13:43:43.189+0000] {processor.py:179} INFO - Processing /opt/airflow/dags/dag_suivi.py took 0.089 seconds
[2026-08-05T13:44:13.341+0000] {processor.py:157} INFO - Started process (PID=1980) to work on /opt/airflow/dags/dag_suivi.py
[2026-08-05T13:44:13.342+0000] {processor.py:829} INFO - Processing file /opt/airflow/dags/dag_suivi.py for tasks to queue
[2026-08-05T13:44:13.343+0000] {logging_mixin.py:151} INFO - [2026-08-05T13:44:13.342+0000] {dagbag.py:536} INFO - Filling up the DagBag from /opt/airflow/dags/dag_suivi.py
[2026-08-05T13:44:13.359+0000] {processor.py:839} INFO - DAG(s) dict_keys(['pipeline_ingestion_suivi']) retrieved from /opt/airflow/dags/dag_suivi.py
[2026-08-05T13:44:13.383+0000] {logging_mixin.py:151} INFO - [2026-08-05T13:44:13.383+0000] {dag.py:2941} INFO - Sync 1 DAGs
[2026-08-05T13:44:13.405+0000] {logging_mixin.py:151} INFO - [2026-08-05T13:44:13.405+0000] {dag.py:3722} INFO - Setting next_dagrun for pipeline_ingestion_suivi to 2026-08-05T13:00:00+00:00, run_after=2026-08-05T14:00:00+00:00
[2026-08-05T13:44:13.423+0000] {processor.py:179} INFO - Processing /opt/airflow/dags/dag_suivi.py took 0.085 seconds
[2026-08-05T13:44:43.635+0000] {processor.py:157} INFO - Started process (PID=1985) to work on /opt/airflow/dags/dag_suivi.py
[2026-08-05T13:44:43.635+0000] {processor.py:829} INFO - Processing file /opt/airflow/dags/dag_suivi.py for tasks to queue
[2026-08-05T13:44:43.636+0000] {logging_mixin.py:151} INFO - [2026-08-05T13:44:43.636+0000] {dagbag.py:536} INFO - Filling up the DagBag from /opt/airflow/dags/dag_suivi.py
[2026-08-05T13:44:43.654+0000] {processor.py:839} INFO - DAG(s) dict_keys(['pipeline_ingestion_suivi']) retrieved from /opt/airflow/dags/dag_suivi.py
[2026-08-05T13:44:43.678+0000] {logging_mixin.py:151} INFO - [2026-08-05T13:44:43.678+0000] {dag.py:2941} INFO - Sync 1 DAGs
[2026-08-05T13:44:43.697+0000] {logging_mixin.py:151} INFO - [2026-08-05T13:44:43.697+0000] {dag.py:3722} INFO - Setting next_dagrun for pipeline_ingestion_suivi to 2026-08-05T13:00:00+00:00, run_after=2026-08-05T14:00:00+00:00
[2026-08-05T13:44:43.724+0000] {processor.py:179} INFO - Processing /opt/airflow/dags/dag_suivi.py took 0.093 seconds
[2026-08-05T13:45:13.866+0000] {processor.py:157} INFO - Started process (PID=1990) to work on /opt/airflow/dags/dag_suivi.py
[2026-08-05T13:45:13.867+0000] {processor.py:829} INFO - Processing file /opt/airflow/dags/dag_suivi.py for tasks to queue
[2026-08-05T13:45:13.868+0000] {logging_mixin.py:151} INFO - [2026-08-05T13:45:13.868+0000] {dagbag.py:536} INFO - Filling up the DagBag from /opt/airflow/dags/dag_suivi.py
[2026-08-05T13:45:13.886+0000] {processor.py:839} INFO - DAG(s) dict_keys(['pipeline_ingestion_suivi']) retrieved from /opt/airflow/dags/dag_suivi.py
[2026-08-05T13:45:13.911+0000] {logging_mixin.py:151} INFO - [2026-08-05T13:45:13.911+0000] {dag.py:2941} INFO - Sync 1 DAGs
[2026-08-05T13:45:13.928+0000] {logging_mixin.py:151} INFO - [2026-08-05T13:45:13.928+0000] {dag.py:3722} INFO - Setting next_dagrun for pipeline_ingestion_suivi to 2026-08-05T13:00:00+00:00, run_after=2026-08-05T14:00:00+00:00
[2026-08-05T13:45:13.954+0000] {processor.py:179} INFO - Processing /opt/airflow/dags/dag_suivi.py took 0.090 seconds
[2026-08-05T13:45:44.137+0000] {processor.py:157} INFO - Started process (PID=1995) to work on /opt/airflow/dags/dag_suivi.py
[2026-08-05T13:45:44.138+0000] {processor.py:829} INFO - Processing file /opt/airflow/dags/dag_suivi.py for tasks to queue
[2026-08-05T13:45:44.139+0000] {logging_mixin.py:151} INFO - [2026-08-05T13:45:44.139+0000] {dagbag.py:536} INFO - Filling up the DagBag from /opt/airflow/dags/dag_suivi.py
[2026-08-05T13:45:44.159+0000] {processor.py:839} INFO - DAG(s) dict_keys(['pipeline_ingestion_suivi']) retrieved from /opt/airflow/dags/dag_suivi.py
[2026-08-05T13:45:44.184+0000] {logging_mixin.py:151} INFO - [2026-08-05T13:45:44.184+0000] {dag.py:2941} INFO - Sync 1 DAGs
[2026-08-05T13:45:44.206+0000] {logging_mixin.py:151} INFO - [2026-08-05T13:45:44.206+0000] {dag.py:3722} INFO - Setting next_dagrun for pipeline_ingestion_suivi to 2026-08-05T13:00:00+00:00, run_after=2026-08-05T14:00:00+00:00
[2026-08-05T13:45:44.225+0000] {processor.py:179} INFO - Processing /opt/airflow/dags/dag_suivi.py took 0.090 seconds
[2026-08-05T13:46:14.350+0000] {processor.py:157} INFO - Started process (PID=2000) to work on /opt/airflow/dags/dag_suivi.py
[2026-08-05T13:46:14.351+0000] {processor.py:829} INFO - Processing file /opt/airflow/dags/dag_suivi.py for tasks to queue
[2026-08-05T13:46:14.352+0000] {logging_mixin.py:151} INFO - [2026-08-05T13:46:14.352+0000] {dagbag.py:536} INFO - Filling up the DagBag from /opt/airflow/dags/dag_suivi.py
[2026-08-05T13:46:14.373+0000] {processor.py:839} INFO - DAG(s) dict_keys(['pipeline_ingestion_suivi']) retrieved from /opt/airflow/dags/dag_suivi.py
[2026-08-05T13:46:14.398+0000] {logging_mixin.py:151} INFO - [2026-08-05T13:46:14.398+0000] {dag.py:2941} INFO - Sync 1 DAGs
[2026-08-05T13:46:14.416+0000] {logging_mixin.py:151} INFO - [2026-08-05T13:46:14.416+0000] {dag.py:3722} INFO - Setting next_dagrun for pipeline_ingestion_suivi to 2026-08-05T13:00:00+00:00, run_after=2026-08-05T14:00:00+00:00
[2026-08-05T13:46:14.436+0000] {processor.py:179} INFO - Processing /opt/airflow/dags/dag_suivi.py took 0.088 seconds
[2026-08-05T13:46:44.664+0000] {processor.py:157} INFO - Started process (PID=2005) to work on /opt/airflow/dags/dag_suivi.py
[2026-08-05T13:46:44.664+0000] {processor.py:829} INFO - Processing file /opt/airflow/dags/dag_suivi.py for tasks to queue
[2026-08-05T13:46:44.665+0000] {logging_mixin.py:151} INFO - [2026-08-05T13:46:44.665+0000] {dagbag.py:536} INFO - Filling up the DagBag from /opt/airflow/dags/dag_suivi.py
[2026-08-05T13:46:44.681+0000] {processor.py:839} INFO - DAG(s) dict_keys(['pipeline_ingestion_suivi']) retrieved from /opt/airflow/dags/dag_suivi.py
[2026-08-05T13:46:44.706+0000] {logging_mixin.py:151} INFO - [2026-08-05T13:46:44.706+0000] {dag.py:2941} INFO - Sync 1 DAGs
[2026-08-05T13:46:44.725+0000] {logging_mixin.py:151} INFO - [2026-08-05T13:46:44.725+0000] {dag.py:3722} INFO - Setting next_dagrun for pipeline_ingestion_suivi to 2026-08-05T13:00:00+00:00, run_after=2026-08-05T14:00:00+00:00
[2026-08-05T13:46:44.751+0000] {processor.py:179} INFO - Processing /opt/airflow/dags/dag_suivi.py took 0.090 seconds
[2026-08-05T13:47:14.897+0000] {processor.py:157} INFO - Started process (PID=2010) to work on /opt/airflow/dags/dag_suivi.py
[2026-08-05T13:47:14.897+0000] {processor.py:829} INFO - Processing file /opt/airflow/dags/dag_suivi.py for tasks to queue
[2026-08-05T13:47:14.898+0000] {logging_mixin.py:151} INFO - [2026-08-05T13:47:14.898+0000] {dagbag.py:536} INFO - Filling up the DagBag from /opt/airflow/dags/dag_suivi.py
[2026-08-05T13:47:14.916+0000] {processor.py:839} INFO - DAG(s) dict_keys(['pipeline_ingestion_suivi']) retrieved from /opt/airflow/dags/dag_suivi.py
[2026-08-05T13:47:14.939+0000] {logging_mixin.py:151} INFO - [2026-08-05T13:47:14.939+0000] {dag.py:2941} INFO - Sync 1 DAGs
[2026-08-05T13:47:14.963+0000] {logging_mixin.py:151} INFO - [2026-08-05T13:47:14.963+0000] {dag.py:3722} INFO - Setting next_dagrun for pipeline_ingestion_suivi to 2026-08-05T13:00:00+00:00, run_after=2026-08-05T14:00:00+00:00
[2026-08-05T13:47:14.982+0000] {processor.py:179} INFO - Processing /opt/airflow/dags/dag_suivi.py took 0.087 seconds
[2026-08-05T13:47:45.222+0000] {processor.py:157} INFO - Started process (PID=2015) to work on /opt/airflow/dags/dag_suivi.py
[2026-08-05T13:47:45.222+0000] {processor.py:829} INFO - Processing file /opt/airflow/dags/dag_suivi.py for tasks to queue
[2026-08-05T13:47:45.223+0000] {logging_mixin.py:151} INFO - [2026-08-05T13:47:45.223+0000] {dagbag.py:536} INFO - Filling up the DagBag from /opt/airflow/dags/dag_suivi.py
[2026-08-05T13:47:45.241+0000] {processor.py:839} INFO - DAG(s) dict_keys(['pipeline_ingestion_suivi']) retrieved from /opt/airflow/dags/dag_suivi.py
[2026-08-05T13:47:45.264+0000] {logging_mixin.py:151} INFO - [2026-08-05T13:47:45.263+0000] {dag.py:2941} INFO - Sync 1 DAGs
[2026-08-05T13:47:45.283+0000] {logging_mixin.py:151} INFO - [2026-08-05T13:47:45.283+0000] {dag.py:3722} INFO - Setting next_dagrun for pipeline_ingestion_suivi to 2026-08-05T13:00:00+00:00, run_after=2026-08-05T14:00:00+00:00
[2026-08-05T13:47:45.313+0000] {processor.py:179} INFO - Processing /opt/airflow/dags/dag_suivi.py took 0.094 seconds
[2026-08-05T13:48:15.459+0000] {processor.py:157} INFO - Started process (PID=2020) to work on /opt/airflow/dags/dag_suivi.py
[2026-08-05T13:48:15.459+0000] {processor.py:829} INFO - Processing file /opt/airflow/dags/dag_suivi.py for tasks to queue
[2026-08-05T13:48:15.460+0000] {logging_mixin.py:151} INFO - [2026-08-05T13:48:15.460+0000] {dagbag.py:536} INFO - Filling up the DagBag from /opt/airflow/dags/dag_suivi.py
[2026-08-05T13:48:15.480+0000] {processor.py:839} INFO - DAG(s) dict_keys(['pipeline_ingestion_suivi']) retrieved from /opt/airflow/dags/dag_suivi.py
[2026-08-05T13:48:15.504+0000] {logging_mixin.py:151} INFO - [2026-08-05T13:48:15.504+0000] {dag.py:2941} INFO - Sync 1 DAGs
[2026-08-05T13:48:15.520+0000] {logging_mixin.py:151} INFO - [2026-08-05T13:48:15.520+0000] {dag.py:3722} INFO - Setting next_dagrun for pipeline_ingestion_suivi to 2026-08-05T13:00:00+00:00, run_after=2026-08-05T14:00:00+00:00
[2026-08-05T13:48:15.548+0000] {processor.py:179} INFO - Processing /opt/airflow/dags/dag_suivi.py took 0.093 seconds
[2026-08-05T13:48:45.748+0000] {processor.py:157} INFO - Started process (PID=2025) to work on /opt/airflow/dags/dag_suivi.py
[2026-08-05T13:48:45.749+0000] {processor.py:829} INFO - Processing file /opt/airflow/dags/dag_suivi.py for tasks to queue
[2026-08-05T13:48:45.750+0000] {logging_mixin.py:151} INFO - [2026-08-05T13:48:45.749+0000] {dagbag.py:536} INFO - Filling up the DagBag from /opt/airflow/dags/dag_suivi.py
[2026-08-05T13:48:45.768+0000] {processor.py:839} INFO - DAG(s) dict_keys(['pipeline_ingestion_suivi']) retrieved from /opt/airflow/dags/dag_suivi.py
[2026-08-05T13:48:45.790+0000] {logging_mixin.py:151} INFO - [2026-08-05T13:48:45.790+0000] {dag.py:2941} INFO - Sync 1 DAGs
[2026-08-05T13:48:45.807+0000] {logging_mixin.py:151} INFO - [2026-08-05T13:48:45.807+0000] {dag.py:3722} INFO - Setting next_dagrun for pipeline_ingestion_suivi to 2026-08-05T13:00:00+00:00, run_after=2026-08-05T14:00:00+00:00
[2026-08-05T13:48:45.825+0000] {processor.py:179} INFO - Processing /opt/airflow/dags/dag_suivi.py took 0.080 seconds
[2026-08-05T13:49:15.973+0000] {processor.py:157} INFO - Started process (PID=2030) to work on /opt/airflow/dags/dag_suivi.py
[2026-08-05T13:49:15.974+0000] {processor.py:829} INFO - Processing file /opt/airflow/dags/dag_suivi.py for tasks to queue
[2026-08-05T13:49:15.975+0000] {logging_mixin.py:151} INFO - [2026-08-05T13:49:15.974+0000] {dagbag.py:536} INFO - Filling up the DagBag from /opt/airflow/dags/dag_suivi.py
[2026-08-05T13:49:15.994+0000] {processor.py:839} INFO - DAG(s) dict_keys(['pipeline_ingestion_suivi']) retrieved from /opt/airflow/dags/dag_suivi.py
[2026-08-05T13:49:16.019+0000] {logging_mixin.py:151} INFO - [2026-08-05T13:49:16.019+0000] {dag.py:2941} INFO - Sync 1 DAGs
[2026-08-05T13:49:16.036+0000] {logging_mixin.py:151} INFO - [2026-08-05T13:49:16.036+0000] {dag.py:3722} INFO - Setting next_dagrun for pipeline_ingestion_suivi to 2026-08-05T13:00:00+00:00, run_after=2026-08-05T14:00:00+00:00
[2026-08-05T13:49:16.064+0000] {processor.py:179} INFO - Processing /opt/airflow/dags/dag_suivi.py took 0.094 seconds
[2026-08-05T13:49:46.253+0000] {processor.py:157} INFO - Started process (PID=2035) to work on /opt/airflow/dags/dag_suivi.py
[2026-08-05T13:49:46.254+0000] {processor.py:829} INFO - Processing file /opt/airflow/dags/dag_suivi.py for tasks to queue
[2026-08-05T13:49:46.255+0000] {logging_mixin.py:151} INFO - [2026-08-05T13:49:46.254+0000] {dagbag.py:536} INFO - Filling up the DagBag from /opt/airflow/dags/dag_suivi.py
[2026-08-05T13:49:46.273+0000] {processor.py:839} INFO - DAG(s) dict_keys(['pipeline_ingestion_suivi']) retrieved from /opt/airflow/dags/dag_suivi.py
[2026-08-05T13:49:46.295+0000] {logging_mixin.py:151} INFO - [2026-08-05T13:49:46.295+0000] {dag.py:2941} INFO - Sync 1 DAGs
[2026-08-05T13:49:46.312+0000] {logging_mixin.py:151} INFO - [2026-08-05T13:49:46.311+0000] {dag.py:3722} INFO - Setting next_dagrun for pipeline_ingestion_suivi to 2026-08-05T13:00:00+00:00, run_after=2026-08-05T14:00:00+00:00
[2026-08-05T13:49:46.342+0000] {processor.py:179} INFO - Processing /opt/airflow/dags/dag_suivi.py took 0.092 seconds
[2026-08-05T13:50:16.482+0000] {processor.py:157} INFO - Started process (PID=2040) to work on /opt/airflow/dags/dag_suivi.py
[2026-08-05T13:50:16.483+0000] {processor.py:829} INFO - Processing file /opt/airflow/dags/dag_suivi.py for tasks to queue
[2026-08-05T13:50:16.483+0000] {logging_mixin.py:151} INFO - [2026-08-05T13:50:16.483+0000] {dagbag.py:536} INFO - Filling up the DagBag from /opt/airflow/dags/dag_suivi.py
[2026-08-05T13:50:16.502+0000] {processor.py:839} INFO - DAG(s) dict_keys(['pipeline_ingestion_suivi']) retrieved from /opt/airflow/dags/dag_suivi.py
[2026-08-05T13:50:16.525+0000] {logging_mixin.py:151} INFO - [2026-08-05T13:50:16.525+0000] {dag.py:2941} INFO - Sync 1 DAGs
[2026-08-05T13:50:16.543+0000] {logging_mixin.py:151} INFO - [2026-08-05T13:50:16.543+0000] {dag.py:3722} INFO - Setting next_dagrun for pipeline_ingestion_suivi to 2026-08-05T13:00:00+00:00, run_after=2026-08-05T14:00:00+00:00
[2026-08-05T13:50:16.573+0000] {processor.py:179} INFO - Processing /opt/airflow/dags/dag_suivi.py took 0.094 seconds
[2026-08-05T13:50:46.782+0000] {processor.py:157} INFO - Started process (PID=2045) to work on /opt/airflow/dags/dag_suivi.py
[2026-08-05T13:50:46.783+0000] {processor.py:829} INFO - Processing file /opt/airflow/dags/dag_suivi.py for tasks to queue
[2026-08-05T13:50:46.783+0000] {logging_mixin.py:151} INFO - [2026-08-05T13:50:46.783+0000] {dagbag.py:536} INFO - Filling up the DagBag from /opt/airflow/dags/dag_suivi.py
[2026-08-05T13:50:46.800+0000] {processor.py:839} INFO - DAG(s) dict_keys(['pipeline_ingestion_suivi']) retrieved from /opt/airflow/dags/dag_suivi.py
[2026-08-05T13:50:46.823+0000] {logging_mixin.py:151} INFO - [2026-08-05T13:50:46.822+0000] {dag.py:2941} INFO - Sync 1 DAGs
[2026-08-05T13:50:46.841+0000] {logging_mixin.py:151} INFO - [2026-08-05T13:50:46.840+0000] {dag.py:3722} INFO - Setting next_dagrun for pipeline_ingestion_suivi to 2026-08-05T13:00:00+00:00, run_after=2026-08-05T14:00:00+00:00
[2026-08-05T13:50:46.867+0000] {processor.py:179} INFO - Processing /opt/airflow/dags/dag_suivi.py took 0.088 seconds
[2026-08-05T13:51:17.009+0000] {processor.py:157} INFO - Started process (PID=2050) to work on /opt/airflow/dags/dag_suivi.py
[2026-08-05T13:51:17.010+0000] {processor.py:829} INFO - Processing file /opt/airflow/dags/dag_suivi.py for tasks to queue
[2026-08-05T13:51:17.010+0000] {logging_mixin.py:151} INFO - [2026-08-05T13:51:17.010+0000] {dagbag.py:536} INFO - Filling up the DagBag from /opt/airflow/dags/dag_suivi.py
[2026-08-05T13:51:17.028+0000] {processor.py:839} INFO - DAG(s) dict_keys(['pipeline_ingestion_suivi']) retrieved from /opt/airflow/dags/dag_suivi.py
[2026-08-05T13:51:17.059+0000] {logging_mixin.py:151} INFO - [2026-08-05T13:51:17.059+0000] {dag.py:2941} INFO - Sync 1 DAGs
[2026-08-05T13:51:17.078+0000] {logging_mixin.py:151} INFO - [2026-08-05T13:51:17.078+0000] {dag.py:3722} INFO - Setting next_dagrun for pipeline_ingestion_suivi to 2026-08-05T13:00:00+00:00, run_after=2026-08-05T14:00:00+00:00
[2026-08-05T13:51:17.096+0000] {processor.py:179} INFO - Processing /opt/airflow/dags/dag_suivi.py took 0.090 seconds
[2026-08-05T13:51:47.296+0000] {processor.py:157} INFO - Started process (PID=2055) to work on /opt/airflow/dags/dag_suivi.py
[2026-08-05T13:51:47.297+0000] {processor.py:829} INFO - Processing file /opt/airflow/dags/dag_suivi.py for tasks to queue
[2026-08-05T13:51:47.298+0000] {logging_mixin.py:151} INFO - [2026-08-05T13:51:47.298+0000] {dagbag.py:536} INFO - Filling up the DagBag from /opt/airflow/dags/dag_suivi.py
[2026-08-05T13:51:47.319+0000] {processor.py:839} INFO - DAG(s) dict_keys(['pipeline_ingestion_suivi']) retrieved from /opt/airflow/dags/dag_suivi.py
[2026-08-05T13:51:47.343+0000] {logging_mixin.py:151} INFO - [2026-08-05T13:51:47.343+0000] {dag.py:2941} INFO - Sync 1 DAGs
[2026-08-05T13:51:47.363+0000] {logging_mixin.py:151} INFO - [2026-08-05T13:51:47.363+0000] {dag.py:3722} INFO - Setting next_dagrun for pipeline_ingestion_suivi to 2026-08-05T13:00:00+00:00, run_after=2026-08-05T14:00:00+00:00
[2026-08-05T13:51:47.382+0000] {processor.py:179} INFO - Processing /opt/airflow/dags/dag_suivi.py took 0.088 seconds
[2026-08-05T13:52:17.519+0000] {processor.py:157} INFO - Started process (PID=2060) to work on /opt/airflow/dags/dag_suivi.py
[2026-08-05T13:52:17.519+0000] {processor.py:829} INFO - Processing file /opt/airflow/dags/dag_suivi.py for tasks to queue
[2026-08-05T13:52:17.520+0000] {logging_mixin.py:151} INFO - [2026-08-05T13:52:17.520+0000] {dagbag.py:536} INFO - Filling up the DagBag from /opt/airflow/dags/dag_suivi.py
[2026-08-05T13:52:17.540+0000] {processor.py:839} INFO - DAG(s) dict_keys(['pipeline_ingestion_suivi']) retrieved from /opt/airflow/dags/dag_suivi.py
[2026-08-05T13:52:17.564+0000] {logging_mixin.py:151} INFO - [2026-08-05T13:52:17.564+0000] {dag.py:2941} INFO - Sync 1 DAGs
[2026-08-05T13:52:17.582+0000] {logging_mixin.py:151} INFO - [2026-08-05T13:52:17.582+0000] {dag.py:3722} INFO - Setting next_dagrun for pipeline_ingestion_suivi to 2026-08-05T13:00:00+00:00, run_after=2026-08-05T14:00:00+00:00
[2026-08-05T13:52:17.613+0000] {processor.py:179} INFO - Processing /opt/airflow/dags/dag_suivi.py took 0.097 seconds
[2026-08-05T13:52:47.851+0000] {processor.py:157} INFO - Started process (PID=2065) to work on /opt/airflow/dags/dag_suivi.py
[2026-08-05T13:52:47.852+0000] {processor.py:829} INFO - Processing file /opt/airflow/dags/dag_suivi.py for tasks to queue
[2026-08-05T13:52:47.853+0000] {logging_mixin.py:151} INFO - [2026-08-05T13:52:47.853+0000] {dagbag.py:536} INFO - Filling up the DagBag from /opt/airflow/dags/dag_suivi.py
[2026-08-05T13:52:47.879+0000] {processor.py:839} INFO - DAG(s) dict_keys(['pipeline_ingestion_suivi']) retrieved from /opt/airflow/dags/dag_suivi.py
[2026-08-05T13:52:47.907+0000] {logging_mixin.py:151} INFO - [2026-08-05T13:52:47.907+0000] {dag.py:2941} INFO - Sync 1 DAGs
[2026-08-05T13:52:47.929+0000] {logging_mixin.py:151} INFO - [2026-08-05T13:52:47.929+0000] {dag.py:3722} INFO - Setting next_dagrun for pipeline_ingestion_suivi to 2026-08-05T13:00:00+00:00, run_after=2026-08-05T14:00:00+00:00
[2026-08-05T13:52:47.947+0000] {processor.py:179} INFO - Processing /opt/airflow/dags/dag_suivi.py took 0.103 seconds
[2026-08-05T13:53:18.103+0000] {processor.py:157} INFO - Started process (PID=2070) to work on /opt/airflow/dags/dag_suivi.py
[2026-08-05T13:53:18.104+0000] {processor.py:829} INFO - Processing file /opt/airflow/dags/dag_suivi.py for tasks to queue
[2026-08-05T13:53:18.105+0000] {logging_mixin.py:151} INFO - [2026-08-05T13:53:18.105+0000] {dagbag.py:536} INFO - Filling up the DagBag from /opt/airflow/dags/dag_suivi.py
[2026-08-05T13:53:18.126+0000] {processor.py:839} INFO - DAG(s) dict_keys(['pipeline_ingestion_suivi']) retrieved from /opt/airflow/dags/dag_suivi.py
[2026-08-05T13:53:18.149+0000] {logging_mixin.py:151} INFO - [2026-08-05T13:53:18.149+0000] {dag.py:2941} INFO - Sync 1 DAGs
[2026-08-05T13:53:18.167+0000] {logging_mixin.py:151} INFO - [2026-08-05T13:53:18.167+0000] {dag.py:3722} INFO - Setting next_dagrun for pipeline_ingestion_suivi to 2026-08-05T13:00:00+00:00, run_after=2026-08-05T14:00:00+00:00
[2026-08-05T13:53:18.186+0000] {processor.py:179} INFO - Processing /opt/airflow/dags/dag_suivi.py took 0.085 seconds
[2026-08-05T13:53:48.376+0000] {processor.py:157} INFO - Started process (PID=2075) to work on /opt/airflow/dags/dag_suivi.py
[2026-08-05T13:53:48.377+0000] {processor.py:829} INFO - Processing file /opt/airflow/dags/dag_suivi.py for tasks to queue
[2026-08-05T13:53:48.378+0000] {logging_mixin.py:151} INFO - [2026-08-05T13:53:48.378+0000] {dagbag.py:536} INFO - Filling up the DagBag from /opt/airflow/dags/dag_suivi.py
[2026-08-05T13:53:48.404+0000] {processor.py:839} INFO - DAG(s) dict_keys(['pipeline_ingestion_suivi']) retrieved from /opt/airflow/dags/dag_suivi.py
[2026-08-05T13:53:48.435+0000] {logging_mixin.py:151} INFO - [2026-08-05T13:53:48.435+0000] {dag.py:2941} INFO - Sync 1 DAGs
[2026-08-05T13:53:48.459+0000] {logging_mixin.py:151} INFO - [2026-08-05T13:53:48.459+0000] {dag.py:3722} INFO - Setting next_dagrun for pipeline_ingestion_suivi to 2026-08-05T13:00:00+00:00, run_after=2026-08-05T14:00:00+00:00
[2026-08-05T13:53:48.484+0000] {processor.py:179} INFO - Processing /opt/airflow/dags/dag_suivi.py took 0.112 seconds
[2026-08-05T13:54:18.628+0000] {processor.py:157} INFO - Started process (PID=2080) to work on /opt/airflow/dags/dag_suivi.py
[2026-08-05T13:54:18.629+0000] {processor.py:829} INFO - Processing file /opt/airflow/dags/dag_suivi.py for tasks to queue
[2026-08-05T13:54:18.630+0000] {logging_mixin.py:151} INFO - [2026-08-05T13:54:18.629+0000] {dagbag.py:536} INFO - Filling up the DagBag from /opt/airflow/dags/dag_suivi.py
[2026-08-05T13:54:18.646+0000] {processor.py:839} INFO - DAG(s) dict_keys(['pipeline_ingestion_suivi']) retrieved from /opt/airflow/dags/dag_suivi.py
[2026-08-05T13:54:18.669+0000] {logging_mixin.py:151} INFO - [2026-08-05T13:54:18.669+0000] {dag.py:2941} INFO - Sync 1 DAGs
[2026-08-05T13:54:18.686+0000] {logging_mixin.py:151} INFO - [2026-08-05T13:54:18.686+0000] {dag.py:3722} INFO - Setting next_dagrun for pipeline_ingestion_suivi to 2026-08-05T13:00:00+00:00, run_after=2026-08-05T14:00:00+00:00
[2026-08-05T13:54:18.713+0000] {processor.py:179} INFO - Processing /opt/airflow/dags/dag_suivi.py took 0.087 seconds
[2026-08-05T13:54:48.978+0000] {processor.py:157} INFO - Started process (PID=2085) to work on /opt/airflow/dags/dag_suivi.py
[2026-08-05T13:54:48.978+0000] {processor.py:829} INFO - Processing file /opt/airflow/dags/dag_suivi.py for tasks to queue
[2026-08-05T13:54:48.979+0000] {logging_mixin.py:151} INFO - [2026-08-05T13:54:48.979+0000] {dagbag.py:536} INFO - Filling up the DagBag from /opt/airflow/dags/dag_suivi.py
[2026-08-05T13:54:48.995+0000] {processor.py:839} INFO - DAG(s) dict_keys(['pipeline_ingestion_suivi']) retrieved from /opt/airflow/dags/dag_suivi.py
[2026-08-05T13:54:49.016+0000] {logging_mixin.py:151} INFO - [2026-08-05T13:54:49.016+0000] {dag.py:2941} INFO - Sync 1 DAGs
[2026-08-05T13:54:49.031+0000] {logging_mixin.py:151} INFO - [2026-08-05T13:54:49.031+0000] {dag.py:3722} INFO - Setting next_dagrun for pipeline_ingestion_suivi to 2026-08-05T13:00:00+00:00, run_after=2026-08-05T14:00:00+00:00
[2026-08-05T13:54:49.052+0000] {processor.py:179} INFO - Processing /opt/airflow/dags/dag_suivi.py took 0.077 seconds
[2026-08-05T13:55:19.220+0000] {processor.py:157} INFO - Started process (PID=2090) to work on /opt/airflow/dags/dag_suivi.py
[2026-08-05T13:55:19.221+0000] {processor.py:829} INFO - Processing file /opt/airflow/dags/dag_suivi.py for tasks to queue
[2026-08-05T13:55:19.221+0000] {logging_mixin.py:151} INFO - [2026-08-05T13:55:19.221+0000] {dagbag.py:536} INFO - Filling up the DagBag from /opt/airflow/dags/dag_suivi.py
[2026-08-05T13:55:19.238+0000] {processor.py:839} INFO - DAG(s) dict_keys(['pipeline_ingestion_suivi']) retrieved from /opt/airflow/dags/dag_suivi.py
[2026-08-05T13:55:19.260+0000] {logging_mixin.py:151} INFO - [2026-08-05T13:55:19.260+0000] {dag.py:2941} INFO - Sync 1 DAGs
[2026-08-05T13:55:19.279+0000] {logging_mixin.py:151} INFO - [2026-08-05T13:55:19.279+0000] {dag.py:3722} INFO - Setting next_dagrun for pipeline_ingestion_suivi to 2026-08-05T13:00:00+00:00, run_after=2026-08-05T14:00:00+00:00
[2026-08-05T13:55:19.300+0000] {processor.py:179} INFO - Processing /opt/airflow/dags/dag_suivi.py took 0.083 seconds
[2026-08-05T13:55:49.515+0000] {processor.py:157} INFO - Started process (PID=2095) to work on /opt/airflow/dags/dag_suivi.py
[2026-08-05T13:55:49.516+0000] {processor.py:829} INFO - Processing file /opt/airflow/dags/dag_suivi.py for tasks to queue
[2026-08-05T13:55:49.517+0000] {logging_mixin.py:151} INFO - [2026-08-05T13:55:49.516+0000] {dagbag.py:536} INFO - Filling up the DagBag from /opt/airflow/dags/dag_suivi.py
[2026-08-05T13:55:49.534+0000] {processor.py:839} INFO - DAG(s) dict_keys(['pipeline_ingestion_suivi']) retrieved from /opt/airflow/dags/dag_suivi.py
[2026-08-05T13:55:49.558+0000] {logging_mixin.py:151} INFO - [2026-08-05T13:55:49.558+0000] {dag.py:2941} INFO - Sync 1 DAGs
[2026-08-05T13:55:49.576+0000] {logging_mixin.py:151} INFO - [2026-08-05T13:55:49.576+0000] {dag.py:3722} INFO - Setting next_dagrun for pipeline_ingestion_suivi to 2026-08-05T13:00:00+00:00, run_after=2026-08-05T14:00:00+00:00
[2026-08-05T13:55:49.593+0000] {processor.py:179} INFO - Processing /opt/airflow/dags/dag_suivi.py took 0.080 seconds
[2026-08-05T13:56:19.756+0000] {processor.py:157} INFO - Started process (PID=2100) to work on /opt/airflow/dags/dag_suivi.py
[2026-08-05T13:56:19.757+0000] {processor.py:829} INFO - Processing file /opt/airflow/dags/dag_suivi.py for tasks to queue
[2026-08-05T13:56:19.757+0000] {logging_mixin.py:151} INFO - [2026-08-05T13:56:19.757+0000] {dagbag.py:536} INFO - Filling up the DagBag from /opt/airflow/dags/dag_suivi.py
[2026-08-05T13:56:19.775+0000] {processor.py:839} INFO - DAG(s) dict_keys(['pipeline_ingestion_suivi']) retrieved from /opt/airflow/dags/dag_suivi.py
[2026-08-05T13:56:19.799+0000] {logging_mixin.py:151} INFO - [2026-08-05T13:56:19.799+0000] {dag.py:2941} INFO - Sync 1 DAGs
[2026-08-05T13:56:19.817+0000] {logging_mixin.py:151} INFO - [2026-08-05T13:56:19.817+0000] {dag.py:3722} INFO - Setting next_dagrun for pipeline_ingestion_suivi to 2026-08-05T13:00:00+00:00, run_after=2026-08-05T14:00:00+00:00
[2026-08-05T13:56:19.834+0000] {processor.py:179} INFO - Processing /opt/airflow/dags/dag_suivi.py took 0.080 seconds
[2026-08-05T13:56:50.082+0000] {processor.py:157} INFO - Started process (PID=2105) to work on /opt/airflow/dags/dag_suivi.py
[2026-08-05T13:56:50.082+0000] {processor.py:829} INFO - Processing file /opt/airflow/dags/dag_suivi.py for tasks to queue
[2026-08-05T13:56:50.083+0000] {logging_mixin.py:151} INFO - [2026-08-05T13:56:50.083+0000] {dagbag.py:536} INFO - Filling up the DagBag from /opt/airflow/dags/dag_suivi.py
[2026-08-05T13:56:50.102+0000] {processor.py:839} INFO - DAG(s) dict_keys(['pipeline_ingestion_suivi']) retrieved from /opt/airflow/dags/dag_suivi.py
[2026-08-05T13:56:50.127+0000] {logging_mixin.py:151} INFO - [2026-08-05T13:56:50.126+0000] {dag.py:2941} INFO - Sync 1 DAGs
[2026-08-05T13:56:50.144+0000] {logging_mixin.py:151} INFO - [2026-08-05T13:56:50.144+0000] {dag.py:3722} INFO - Setting next_dagrun for pipeline_ingestion_suivi to 2026-08-05T13:00:00+00:00, run_after=2026-08-05T14:00:00+00:00
[2026-08-05T13:56:50.162+0000] {processor.py:179} INFO - Processing /opt/airflow/dags/dag_suivi.py took 0.084 seconds
[2026-08-05T13:57:20.319+0000] {processor.py:157} INFO - Started process (PID=2110) to work on /opt/airflow/dags/dag_suivi.py
[2026-08-05T13:57:20.320+0000] {processor.py:829} INFO - Processing file /opt/airflow/dags/dag_suivi.py for tasks to queue
[2026-08-05T13:57:20.321+0000] {logging_mixin.py:151} INFO - [2026-08-05T13:57:20.321+0000] {dagbag.py:536} INFO - Filling up the DagBag from /opt/airflow/dags/dag_suivi.py
[2026-08-05T13:57:20.339+0000] {processor.py:839} INFO - DAG(s) dict_keys(['pipeline_ingestion_suivi']) retrieved from /opt/airflow/dags/dag_suivi.py
[2026-08-05T13:57:20.360+0000] {logging_mixin.py:151} INFO - [2026-08-05T13:57:20.360+0000] {dag.py:2941} INFO - Sync 1 DAGs
[2026-08-05T13:57:20.379+0000] {logging_mixin.py:151} INFO - [2026-08-05T13:57:20.379+0000] {dag.py:3722} INFO - Setting next_dagrun for pipeline_ingestion_suivi to 2026-08-05T13:00:00+00:00, run_after=2026-08-05T14:00:00+00:00
[2026-08-05T13:57:20.397+0000] {processor.py:179} INFO - Processing /opt/airflow/dags/dag_suivi.py took 0.080 seconds
[2026-08-05T13:57:50.641+0000] {processor.py:157} INFO - Started process (PID=2115) to work on /opt/airflow/dags/dag_suivi.py
[2026-08-05T13:57:50.642+0000] {processor.py:829} INFO - Processing file /opt/airflow/dags/dag_suivi.py for tasks to queue
[2026-08-05T13:57:50.642+0000] {logging_mixin.py:151} INFO - [2026-08-05T13:57:50.642+0000] {dagbag.py:536} INFO - Filling up the DagBag from /opt/airflow/dags/dag_suivi.py
[2026-08-05T13:57:50.660+0000] {processor.py:839} INFO - DAG(s) dict_keys(['pipeline_ingestion_suivi']) retrieved from /opt/airflow/dags/dag_suivi.py
[2026-08-05T13:57:50.686+0000] {logging_mixin.py:151} INFO - [2026-08-05T13:57:50.686+0000] {dag.py:2941} INFO - Sync 1 DAGs
[2026-08-05T13:57:50.707+0000] {logging_mixin.py:151} INFO - [2026-08-05T13:57:50.707+0000] {dag.py:3722} INFO - Setting next_dagrun for pipeline_ingestion_suivi to 2026-08-05T13:00:00+00:00, run_after=2026-08-05T14:00:00+00:00
[2026-08-05T13:57:50.737+0000] {processor.py:179} INFO - Processing /opt/airflow/dags/dag_suivi.py took 0.099 seconds
[2026-08-05T13:58:20.898+0000] {processor.py:157} INFO - Started process (PID=2120) to work on /opt/airflow/dags/dag_suivi.py
[2026-08-05T13:58:20.898+0000] {processor.py:829} INFO - Processing file /opt/airflow/dags/dag_suivi.py for tasks to queue
[2026-08-05T13:58:20.899+0000] {logging_mixin.py:151} INFO - [2026-08-05T13:58:20.899+0000] {dagbag.py:536} INFO - Filling up the DagBag from /opt/airflow/dags/dag_suivi.py
[2026-08-05T13:58:20.916+0000] {processor.py:839} INFO - DAG(s) dict_keys(['pipeline_ingestion_suivi']) retrieved from /opt/airflow/dags/dag_suivi.py
[2026-08-05T13:58:20.937+0000] {logging_mixin.py:151} INFO - [2026-08-05T13:58:20.937+0000] {dag.py:2941} INFO - Sync 1 DAGs
[2026-08-05T13:58:20.954+0000] {logging_mixin.py:151} INFO - [2026-08-05T13:58:20.954+0000] {dag.py:3722} INFO - Setting next_dagrun for pipeline_ingestion_suivi to 2026-08-05T13:00:00+00:00, run_after=2026-08-05T14:00:00+00:00
[2026-08-05T13:58:20.975+0000] {processor.py:179} INFO - Processing /opt/airflow/dags/dag_suivi.py took 0.080 seconds
[2026-08-05T13:58:51.236+0000] {processor.py:157} INFO - Started process (PID=2125) to work on /opt/airflow/dags/dag_suivi.py
[2026-08-05T13:58:51.237+0000] {processor.py:829} INFO - Processing file /opt/airflow/dags/dag_suivi.py for tasks to queue
[2026-08-05T13:58:51.239+0000] {logging_mixin.py:151} INFO - [2026-08-05T13:58:51.238+0000] {dagbag.py:536} INFO - Filling up the DagBag from /opt/airflow/dags/dag_suivi.py
[2026-08-05T13:58:51.267+0000] {processor.py:839} INFO - DAG(s) dict_keys(['pipeline_ingestion_suivi']) retrieved from /opt/airflow/dags/dag_suivi.py
[2026-08-05T13:58:51.300+0000] {logging_mixin.py:151} INFO - [2026-08-05T13:58:51.300+0000] {dag.py:2941} INFO - Sync 1 DAGs
[2026-08-05T13:58:51.326+0000] {logging_mixin.py:151} INFO - [2026-08-05T13:58:51.326+0000] {dag.py:3722} INFO - Setting next_dagrun for pipeline_ingestion_suivi to 2026-08-05T13:00:00+00:00, run_after=2026-08-05T14:00:00+00:00
[2026-08-05T13:58:51.359+0000] {processor.py:179} INFO - Processing /opt/airflow/dags/dag_suivi.py took 0.127 seconds
[2026-08-05T13:59:21.498+0000] {processor.py:157} INFO - Started process (PID=2130) to work on /opt/airflow/dags/dag_suivi.py
[2026-08-05T13:59:21.499+0000] {processor.py:829} INFO - Processing file /opt/airflow/dags/dag_suivi.py for tasks to queue
[2026-08-05T13:59:21.500+0000] {logging_mixin.py:151} INFO - [2026-08-05T13:59:21.500+0000] {dagbag.py:536} INFO - Filling up the DagBag from /opt/airflow/dags/dag_suivi.py
[2026-08-05T13:59:21.519+0000] {processor.py:839} INFO - DAG(s) dict_keys(['pipeline_ingestion_suivi']) retrieved from /opt/airflow/dags/dag_suivi.py
[2026-08-05T13:59:21.550+0000] {logging_mixin.py:151} INFO - [2026-08-05T13:59:21.550+0000] {dag.py:2941} INFO - Sync 1 DAGs
[2026-08-05T13:59:21.578+0000] {logging_mixin.py:151} INFO - [2026-08-05T13:59:21.577+0000] {dag.py:3722} INFO - Setting next_dagrun for pipeline_ingestion_suivi to 2026-08-05T13:00:00+00:00, run_after=2026-08-05T14:00:00+00:00
[2026-08-05T13:59:21.609+0000] {processor.py:179} INFO - Processing /opt/airflow/dags/dag_suivi.py took 0.115 seconds
[2026-08-05T13:59:51.846+0000] {processor.py:157} INFO - Started process (PID=2135) to work on /opt/airflow/dags/dag_suivi.py
[2026-08-05T13:59:51.846+0000] {processor.py:829} INFO - Processing file /opt/airflow/dags/dag_suivi.py for tasks to queue
[2026-08-05T13:59:51.847+0000] {logging_mixin.py:151} INFO - [2026-08-05T13:59:51.847+0000] {dagbag.py:536} INFO - Filling up the DagBag from /opt/airflow/dags/dag_suivi.py
[2026-08-05T13:59:51.863+0000] {processor.py:839} INFO - DAG(s) dict_keys(['pipeline_ingestion_suivi']) retrieved from /opt/airflow/dags/dag_suivi.py
[2026-08-05T13:59:51.886+0000] {logging_mixin.py:151} INFO - [2026-08-05T13:59:51.885+0000] {dag.py:2941} INFO - Sync 1 DAGs
[2026-08-05T13:59:51.904+0000] {logging_mixin.py:151} INFO - [2026-08-05T13:59:51.904+0000] {dag.py:3722} INFO - Setting next_dagrun for pipeline_ingestion_suivi to 2026-08-05T13:00:00+00:00, run_after=2026-08-05T14:00:00+00:00
[2026-08-05T13:59:51.931+0000] {processor.py:179} INFO - Processing /opt/airflow/dags/dag_suivi.py took 0.087 seconds
[2026-08-05T14:00:22.062+0000] {processor.py:157} INFO - Started process (PID=2142) to work on /opt/airflow/dags/dag_suivi.py
[2026-08-05T14:00:22.063+0000] {processor.py:829} INFO - Processing file /opt/airflow/dags/dag_suivi.py for tasks to queue
[2026-08-05T14:00:22.064+0000] {logging_mixin.py:151} INFO - [2026-08-05T14:00:22.063+0000] {dagbag.py:536} INFO - Filling up the DagBag from /opt/airflow/dags/dag_suivi.py
[2026-08-05T14:00:22.083+0000] {processor.py:839} INFO - DAG(s) dict_keys(['pipeline_ingestion_suivi']) retrieved from /opt/airflow/dags/dag_suivi.py
[2026-08-05T14:00:22.110+0000] {logging_mixin.py:151} INFO - [2026-08-05T14:00:22.109+0000] {dag.py:2941} INFO - Sync 1 DAGs
[2026-08-05T14:00:22.126+0000] {logging_mixin.py:151} INFO - [2026-08-05T14:00:22.126+0000] {dag.py:3722} INFO - Setting next_dagrun for pipeline_ingestion_suivi to 2026-08-05T14:00:00+00:00, run_after=2026-08-05T15:00:00+00:00
[2026-08-05T14:00:22.146+0000] {processor.py:179} INFO - Processing /opt/airflow/dags/dag_suivi.py took 0.087 seconds
[2026-08-05T14:00:52.369+0000] {processor.py:157} INFO - Started process (PID=2147) to work on /opt/airflow/dags/dag_suivi.py
[2026-08-05T14:00:52.369+0000] {processor.py:829} INFO - Processing file /opt/airflow/dags/dag_suivi.py for tasks to queue
[2026-08-05T14:00:52.370+0000] {logging_mixin.py:151} INFO - [2026-08-05T14:00:52.370+0000] {dagbag.py:536} INFO - Filling up the DagBag from /opt/airflow/dags/dag_suivi.py
[2026-08-05T14:00:52.389+0000] {processor.py:839} INFO - DAG(s) dict_keys(['pipeline_ingestion_suivi']) retrieved from /opt/airflow/dags/dag_suivi.py
[2026-08-05T14:00:52.414+0000] {logging_mixin.py:151} INFO - [2026-08-05T14:00:52.414+0000] {dag.py:2941} INFO - Sync 1 DAGs
[2026-08-05T14:00:52.430+0000] {logging_mixin.py:151} INFO - [2026-08-05T14:00:52.430+0000] {dag.py:3722} INFO - Setting next_dagrun for pipeline_ingestion_suivi to 2026-08-05T14:00:00+00:00, run_after=2026-08-05T15:00:00+00:00
[2026-08-05T14:00:52.453+0000] {processor.py:179} INFO - Processing /opt/airflow/dags/dag_suivi.py took 0.088 seconds
[2026-08-05T14:01:22.640+0000] {processor.py:157} INFO - Started process (PID=2152) to work on /opt/airflow/dags/dag_suivi.py
[2026-08-05T14:01:22.641+0000] {processor.py:829} INFO - Processing file /opt/airflow/dags/dag_suivi.py for tasks to queue
[2026-08-05T14:01:22.642+0000] {logging_mixin.py:151} INFO - [2026-08-05T14:01:22.642+0000] {dagbag.py:536} INFO - Filling up the DagBag from /opt/airflow/dags/dag_suivi.py
[2026-08-05T14:01:22.659+0000] {processor.py:839} INFO - DAG(s) dict_keys(['pipeline_ingestion_suivi']) retrieved from /opt/airflow/dags/dag_suivi.py
[2026-08-05T14:01:22.681+0000] {logging_mixin.py:151} INFO - [2026-08-05T14:01:22.681+0000] {dag.py:2941} INFO - Sync 1 DAGs
[2026-08-05T14:01:22.698+0000] {logging_mixin.py:151} INFO - [2026-08-05T14:01:22.697+0000] {dag.py:3722} INFO - Setting next_dagrun for pipeline_ingestion_suivi to 2026-08-05T14:00:00+00:00, run_after=2026-08-05T15:00:00+00:00
[2026-08-05T14:01:22.716+0000] {processor.py:179} INFO - Processing /opt/airflow/dags/dag_suivi.py took 0.078 seconds
[2026-08-05T14:01:52.926+0000] {processor.py:157} INFO - Started process (PID=2157) to work on /opt/airflow/dags/dag_suivi.py
[2026-08-05T14:01:52.926+0000] {processor.py:829} INFO - Processing file /opt/airflow/dags/dag_suivi.py for tasks to queue
[2026-08-05T14:01:52.927+0000] {logging_mixin.py:151} INFO - [2026-08-05T14:01:52.927+0000] {dagbag.py:536} INFO - Filling up the DagBag from /opt/airflow/dags/dag_suivi.py
[2026-08-05T14:01:52.946+0000] {processor.py:839} INFO - DAG(s) dict_keys(['pipeline_ingestion_suivi']) retrieved from /opt/airflow/dags/dag_suivi.py
[2026-08-05T14:01:52.967+0000] {logging_mixin.py:151} INFO - [2026-08-05T14:01:52.967+0000] {dag.py:2941} INFO - Sync 1 DAGs
[2026-08-05T14:01:52.987+0000] {logging_mixin.py:151} INFO - [2026-08-05T14:01:52.987+0000] {dag.py:3722} INFO - Setting next_dagrun for pipeline_ingestion_suivi to 2026-08-05T14:00:00+00:00, run_after=2026-08-05T15:00:00+00:00
[2026-08-05T14:01:53.016+0000] {processor.py:179} INFO - Processing /opt/airflow/dags/dag_suivi.py took 0.094 seconds
[2026-08-05T14:02:23.185+0000] {processor.py:157} INFO - Started process (PID=2162) to work on /opt/airflow/dags/dag_suivi.py
[2026-08-05T14:02:23.185+0000] {processor.py:829} INFO - Processing file /opt/airflow/dags/dag_suivi.py for tasks to queue
[2026-08-05T14:02:23.186+0000] {logging_mixin.py:151} INFO - [2026-08-05T14:02:23.186+0000] {dagbag.py:536} INFO - Filling up the DagBag from /opt/airflow/dags/dag_suivi.py
[2026-08-05T14:02:23.207+0000] {processor.py:839} INFO - DAG(s) dict_keys(['pipeline_ingestion_suivi']) retrieved from /opt/airflow/dags/dag_suivi.py
[2026-08-05T14:02:23.235+0000] {logging_mixin.py:151} INFO - [2026-08-05T14:02:23.235+0000] {dag.py:2941} INFO - Sync 1 DAGs
[2026-08-05T14:02:23.254+0000] {logging_mixin.py:151} INFO - [2026-08-05T14:02:23.254+0000] {dag.py:3722} INFO - Setting next_dagrun for pipeline_ingestion_suivi to 2026-08-05T14:00:00+00:00, run_after=2026-08-05T15:00:00+00:00
[2026-08-05T14:02:23.282+0000] {processor.py:179} INFO - Processing /opt/airflow/dags/dag_suivi.py took 0.100 seconds
[2026-08-05T14:02:53.529+0000] {processor.py:157} INFO - Started process (PID=2167) to work on /opt/airflow/dags/dag_suivi.py
[2026-08-05T14:02:53.530+0000] {processor.py:829} INFO - Processing file /opt/airflow/dags/dag_suivi.py for tasks to queue
[2026-08-05T14:02:53.531+0000] {logging_mixin.py:151} INFO - [2026-08-05T14:02:53.531+0000] {dagbag.py:536} INFO - Filling up the DagBag from /opt/airflow/dags/dag_suivi.py
[2026-08-05T14:02:53.550+0000] {processor.py:839} INFO - DAG(s) dict_keys(['pipeline_ingestion_suivi']) retrieved from /opt/airflow/dags/dag_suivi.py
[2026-08-05T14:02:53.571+0000] {logging_mixin.py:151} INFO - [2026-08-05T14:02:53.571+0000] {dag.py:2941} INFO - Sync 1 DAGs
[2026-08-05T14:02:53.588+0000] {logging_mixin.py:151} INFO - [2026-08-05T14:02:53.588+0000] {dag.py:3722} INFO - Setting next_dagrun for pipeline_ingestion_suivi to 2026-08-05T14:00:00+00:00, run_after=2026-08-05T15:00:00+00:00
[2026-08-05T14:02:53.616+0000] {processor.py:179} INFO - Processing /opt/airflow/dags/dag_suivi.py took 0.089 seconds
[2026-08-05T14:03:23.783+0000] {processor.py:157} INFO - Started process (PID=2172) to work on /opt/airflow/dags/dag_suivi.py
[2026-08-05T14:03:23.783+0000] {processor.py:829} INFO - Processing file /opt/airflow/dags/dag_suivi.py for tasks to queue
[2026-08-05T14:03:23.784+0000] {logging_mixin.py:151} INFO - [2026-08-05T14:03:23.784+0000] {dagbag.py:536} INFO - Filling up the DagBag from /opt/airflow/dags/dag_suivi.py
[2026-08-05T14:03:23.800+0000] {processor.py:839} INFO - DAG(s) dict_keys(['pipeline_ingestion_suivi']) retrieved from /opt/airflow/dags/dag_suivi.py
[2026-08-05T14:03:23.823+0000] {logging_mixin.py:151} INFO - [2026-08-05T14:03:23.822+0000] {dag.py:2941} INFO - Sync 1 DAGs
[2026-08-05T14:03:23.841+0000] {logging_mixin.py:151} INFO - [2026-08-05T14:03:23.841+0000] {dag.py:3722} INFO - Setting next_dagrun for pipeline_ingestion_suivi to 2026-08-05T14:00:00+00:00, run_after=2026-08-05T15:00:00+00:00
[2026-08-05T14:03:23.860+0000] {processor.py:179} INFO - Processing /opt/airflow/dags/dag_suivi.py took 0.081 seconds
[2026-08-05T14:03:54.101+0000] {processor.py:157} INFO - Started process (PID=2177) to work on /opt/airflow/dags/dag_suivi.py
[2026-08-05T14:03:54.101+0000] {processor.py:829} INFO - Processing file /opt/airflow/dags/dag_suivi.py for tasks to queue
[2026-08-05T14:03:54.102+0000] {logging_mixin.py:151} INFO - [2026-08-05T14:03:54.102+0000] {dagbag.py:536} INFO - Filling up the DagBag from /opt/airflow/dags/dag_suivi.py
[2026-08-05T14:03:54.120+0000] {processor.py:839} INFO - DAG(s) dict_keys(['pipeline_ingestion_suivi']) retrieved from /opt/airflow/dags/dag_suivi.py
[2026-08-05T14:03:54.142+0000] {logging_mixin.py:151} INFO - [2026-08-05T14:03:54.142+0000] {dag.py:2941} INFO - Sync 1 DAGs
[2026-08-05T14:03:54.159+0000] {logging_mixin.py:151} INFO - [2026-08-05T14:03:54.159+0000] {dag.py:3722} INFO - Setting next_dagrun for pipeline_ingestion_suivi to 2026-08-05T14:00:00+00:00, run_after=2026-08-05T15:00:00+00:00
[2026-08-05T14:03:54.180+0000] {processor.py:179} INFO - Processing /opt/airflow/dags/dag_suivi.py took 0.081 seconds
[2026-08-05T14:04:24.355+0000] {processor.py:157} INFO - Started process (PID=2182) to work on /opt/airflow/dags/dag_suivi.py
[2026-08-05T14:04:24.356+0000] {processor.py:829} INFO - Processing file /opt/airflow/dags/dag_suivi.py for tasks to queue
[2026-08-05T14:04:24.356+0000] {logging_mixin.py:151} INFO - [2026-08-05T14:04:24.356+0000] {dagbag.py:536} INFO - Filling up the DagBag from /opt/airflow/dags/dag_suivi.py
[2026-08-05T14:04:24.373+0000] {processor.py:839} INFO - DAG(s) dict_keys(['pipeline_ingestion_suivi']) retrieved from /opt/airflow/dags/dag_suivi.py
[2026-08-05T14:04:24.398+0000] {logging_mixin.py:151} INFO - [2026-08-05T14:04:24.397+0000] {dag.py:2941} INFO - Sync 1 DAGs
[2026-08-05T14:04:24.416+0000] {logging_mixin.py:151} INFO - [2026-08-05T14:04:24.416+0000] {dag.py:3722} INFO - Setting next_dagrun for pipeline_ingestion_suivi to 2026-08-05T14:00:00+00:00, run_after=2026-08-05T15:00:00+00:00
[2026-08-05T14:04:24.435+0000] {processor.py:179} INFO - Processing /opt/airflow/dags/dag_suivi.py took 0.083 seconds
[2026-08-05T14:04:54.658+0000] {processor.py:157} INFO - Started process (PID=2187) to work on /opt/airflow/dags/dag_suivi.py
[2026-08-05T14:04:54.659+0000] {processor.py:829} INFO - Processing file /opt/airflow/dags/dag_suivi.py for tasks to queue
[2026-08-05T14:04:54.660+0000] {logging_mixin.py:151} INFO - [2026-08-05T14:04:54.659+0000] {dagbag.py:536} INFO - Filling up the DagBag from /opt/airflow/dags/dag_suivi.py
[2026-08-05T14:04:54.676+0000] {processor.py:839} INFO - DAG(s) dict_keys(['pipeline_ingestion_suivi']) retrieved from /opt/airflow/dags/dag_suivi.py
[2026-08-05T14:04:54.699+0000] {logging_mixin.py:151} INFO - [2026-08-05T14:04:54.698+0000] {dag.py:2941} INFO - Sync 1 DAGs
[2026-08-05T14:04:54.716+0000] {logging_mixin.py:151} INFO - [2026-08-05T14:04:54.716+0000] {dag.py:3722} INFO - Setting next_dagrun for pipeline_ingestion_suivi to 2026-08-05T14:00:00+00:00, run_after=2026-08-05T15:00:00+00:00
[2026-08-05T14:04:54.734+0000] {processor.py:179} INFO - Processing /opt/airflow/dags/dag_suivi.py took 0.078 seconds
[2026-08-05T14:05:24.907+0000] {processor.py:157} INFO - Started process (PID=2192) to work on /opt/airflow/dags/dag_suivi.py
[2026-08-05T14:05:24.908+0000] {processor.py:829} INFO - Processing file /opt/airflow/dags/dag_suivi.py for tasks to queue
[2026-08-05T14:05:24.908+0000] {logging_mixin.py:151} INFO - [2026-08-05T14:05:24.908+0000] {dagbag.py:536} INFO - Filling up the DagBag from /opt/airflow/dags/dag_suivi.py
[2026-08-05T14:05:24.926+0000] {processor.py:839} INFO - DAG(s) dict_keys(['pipeline_ingestion_suivi']) retrieved from /opt/airflow/dags/dag_suivi.py
[2026-08-05T14:05:24.954+0000] {logging_mixin.py:151} INFO - [2026-08-05T14:05:24.954+0000] {dag.py:2941} INFO - Sync 1 DAGs
[2026-08-05T14:05:24.973+0000] {logging_mixin.py:151} INFO - [2026-08-05T14:05:24.973+0000] {dag.py:3722} INFO - Setting next_dagrun for pipeline_ingestion_suivi to 2026-08-05T14:00:00+00:00, run_after=2026-08-05T15:00:00+00:00
[2026-08-05T14:05:24.999+0000] {processor.py:179} INFO - Processing /opt/airflow/dags/dag_suivi.py took 0.095 seconds
[2026-08-05T14:05:55.199+0000] {processor.py:157} INFO - Started process (PID=2197) to work on /opt/airflow/dags/dag_suivi.py
[2026-08-05T14:05:55.199+0000] {processor.py:829} INFO - Processing file /opt/airflow/dags/dag_suivi.py for tasks to queue
[2026-08-05T14:05:55.200+0000] {logging_mixin.py:151} INFO - [2026-08-05T14:05:55.200+0000] {dagbag.py:536} INFO - Filling up the DagBag from /opt/airflow/dags/dag_suivi.py
[2026-08-05T14:05:55.218+0000] {processor.py:839} INFO - DAG(s) dict_keys(['pipeline_ingestion_suivi']) retrieved from /opt/airflow/dags/dag_suivi.py
[2026-08-05T14:05:55.241+0000] {logging_mixin.py:151} INFO - [2026-08-05T14:05:55.241+0000] {dag.py:2941} INFO - Sync 1 DAGs
[2026-08-05T14:05:55.258+0000] {logging_mixin.py:151} INFO - [2026-08-05T14:05:55.258+0000] {dag.py:3722} INFO - Setting next_dagrun for pipeline_ingestion_suivi to 2026-08-05T14:00:00+00:00, run_after=2026-08-05T15:00:00+00:00
[2026-08-05T14:05:55.275+0000] {processor.py:179} INFO - Processing /opt/airflow/dags/dag_suivi.py took 0.079 seconds
[2026-08-05T14:06:25.485+0000] {processor.py:157} INFO - Started process (PID=2202) to work on /opt/airflow/dags/dag_suivi.py
[2026-08-05T14:06:25.486+0000] {processor.py:829} INFO - Processing file /opt/airflow/dags/dag_suivi.py for tasks to queue
[2026-08-05T14:06:25.486+0000] {logging_mixin.py:151} INFO - [2026-08-05T14:06:25.486+0000] {dagbag.py:536} INFO - Filling up the DagBag from /opt/airflow/dags/dag_suivi.py
[2026-08-05T14:06:25.503+0000] {processor.py:839} INFO - DAG(s) dict_keys(['pipeline_ingestion_suivi']) retrieved from /opt/airflow/dags/dag_suivi.py
[2026-08-05T14:06:25.526+0000] {logging_mixin.py:151} INFO - [2026-08-05T14:06:25.526+0000] {dag.py:2941} INFO - Sync 1 DAGs
[2026-08-05T14:06:25.544+0000] {logging_mixin.py:151} INFO - [2026-08-05T14:06:25.544+0000] {dag.py:3722} INFO - Setting next_dagrun for pipeline_ingestion_suivi to 2026-08-05T14:00:00+00:00, run_after=2026-08-05T15:00:00+00:00
[2026-08-05T14:06:25.574+0000] {processor.py:179} INFO - Processing /opt/airflow/dags/dag_suivi.py took 0.092 seconds
[2026-08-05T14:06:55.773+0000] {processor.py:157} INFO - Started process (PID=2207) to work on /opt/airflow/dags/dag_suivi.py
[2026-08-05T14:06:55.773+0000] {processor.py:829} INFO - Processing file /opt/airflow/dags/dag_suivi.py for tasks to queue
[2026-08-05T14:06:55.774+0000] {logging_mixin.py:151} INFO - [2026-08-05T14:06:55.774+0000] {dagbag.py:536} INFO - Filling up the DagBag from /opt/airflow/dags/dag_suivi.py
[2026-08-05T14:06:55.792+0000] {processor.py:839} INFO - DAG(s) dict_keys(['pipeline_ingestion_suivi']) retrieved from /opt/airflow/dags/dag_suivi.py
[2026-08-05T14:06:55.815+0000] {logging_mixin.py:151} INFO - [2026-08-05T14:06:55.815+0000] {dag.py:2941} INFO - Sync 1 DAGs
[2026-08-05T14:06:55.833+0000] {logging_mixin.py:151} INFO - [2026-08-05T14:06:55.833+0000] {dag.py:3722} INFO - Setting next_dagrun for pipeline_ingestion_suivi to 2026-08-05T14:00:00+00:00, run_after=2026-08-05T15:00:00+00:00
[2026-08-05T14:06:55.852+0000] {processor.py:179} INFO - Processing /opt/airflow/dags/dag_suivi.py took 0.083 seconds
[2026-08-05T14:07:26.062+0000] {processor.py:157} INFO - Started process (PID=2212) to work on /opt/airflow/dags/dag_suivi.py
[2026-08-05T14:07:26.063+0000] {processor.py:829} INFO - Processing file /opt/airflow/dags/dag_suivi.py for tasks to queue
[2026-08-05T14:07:26.063+0000] {logging_mixin.py:151} INFO - [2026-08-05T14:07:26.063+0000] {dagbag.py:536} INFO - Filling up the DagBag from /opt/airflow/dags/dag_suivi.py
[2026-08-05T14:07:26.079+0000] {processor.py:839} INFO - DAG(s) dict_keys(['pipeline_ingestion_suivi']) retrieved from /opt/airflow/dags/dag_suivi.py
[2026-08-05T14:07:26.103+0000] {logging_mixin.py:151} INFO - [2026-08-05T14:07:26.103+0000] {dag.py:2941} INFO - Sync 1 DAGs
[2026-08-05T14:07:26.123+0000] {logging_mixin.py:151} INFO - [2026-08-05T14:07:26.123+0000] {dag.py:3722} INFO - Setting next_dagrun for pipeline_ingestion_suivi to 2026-08-05T14:00:00+00:00, run_after=2026-08-05T15:00:00+00:00
[2026-08-05T14:07:26.150+0000] {processor.py:179} INFO - Processing /opt/airflow/dags/dag_suivi.py took 0.090 seconds
[2026-08-05T14:07:56.344+0000] {processor.py:157} INFO - Started process (PID=2217) to work on /opt/airflow/dags/dag_suivi.py
[2026-08-05T14:07:56.345+0000] {processor.py:829} INFO - Processing file /opt/airflow/dags/dag_suivi.py for tasks to queue
[2026-08-05T14:07:56.346+0000] {logging_mixin.py:151} INFO - [2026-08-05T14:07:56.346+0000] {dagbag.py:536} INFO - Filling up the DagBag from /opt/airflow/dags/dag_suivi.py
[2026-08-05T14:07:56.364+0000] {processor.py:839} INFO - DAG(s) dict_keys(['pipeline_ingestion_suivi']) retrieved from /opt/airflow/dags/dag_suivi.py
[2026-08-05T14:07:56.387+0000] {logging_mixin.py:151} INFO - [2026-08-05T14:07:56.387+0000] {dag.py:2941} INFO - Sync 1 DAGs
[2026-08-05T14:07:56.406+0000] {logging_mixin.py:151} INFO - [2026-08-05T14:07:56.405+0000] {dag.py:3722} INFO - Setting next_dagrun for pipeline_ingestion_suivi to 2026-08-05T14:00:00+00:00, run_after=2026-08-05T15:00:00+00:00
[2026-08-05T14:07:56.424+0000] {processor.py:179} INFO - Processing /opt/airflow/dags/dag_suivi.py took 0.083 seconds
[2026-08-05T14:08:26.638+0000] {processor.py:157} INFO - Started process (PID=2222) to work on /opt/airflow/dags/dag_suivi.py
[2026-08-05T14:08:26.639+0000] {processor.py:829} INFO - Processing file /opt/airflow/dags/dag_suivi.py for tasks to queue
[2026-08-05T14:08:26.640+0000] {logging_mixin.py:151} INFO - [2026-08-05T14:08:26.639+0000] {dagbag.py:536} INFO - Filling up the DagBag from /opt/airflow/dags/dag_suivi.py
[2026-08-05T14:08:26.658+0000] {processor.py:839} INFO - DAG(s) dict_keys(['pipeline_ingestion_suivi']) retrieved from /opt/airflow/dags/dag_suivi.py
[2026-08-05T14:08:26.681+0000] {logging_mixin.py:151} INFO - [2026-08-05T14:08:26.681+0000] {dag.py:2941} INFO - Sync 1 DAGs
[2026-08-05T14:08:26.698+0000] {logging_mixin.py:151} INFO - [2026-08-05T14:08:26.698+0000] {dag.py:3722} INFO - Setting next_dagrun for pipeline_ingestion_suivi to 2026-08-05T14:00:00+00:00, run_after=2026-08-05T15:00:00+00:00
[2026-08-05T14:08:26.717+0000] {processor.py:179} INFO - Processing /opt/airflow/dags/dag_suivi.py took 0.081 seconds
[2026-08-05T14:08:56.906+0000] {processor.py:157} INFO - Started process (PID=2227) to work on /opt/airflow/dags/dag_suivi.py
[2026-08-05T14:08:56.907+0000] {processor.py:829} INFO - Processing file /opt/airflow/dags/dag_suivi.py for tasks to queue
[2026-08-05T14:08:56.908+0000] {logging_mixin.py:151} INFO - [2026-08-05T14:08:56.907+0000] {dagbag.py:536} INFO - Filling up the DagBag from /opt/airflow/dags/dag_suivi.py
[2026-08-05T14:08:56.924+0000] {processor.py:839} INFO - DAG(s) dict_keys(['pipeline_ingestion_suivi']) retrieved from /opt/airflow/dags/dag_suivi.py
[2026-08-05T14:08:56.951+0000] {logging_mixin.py:151} INFO - [2026-08-05T14:08:56.951+0000] {dag.py:2941} INFO - Sync 1 DAGs
[2026-08-05T14:08:56.972+0000] {logging_mixin.py:151} INFO - [2026-08-05T14:08:56.972+0000] {dag.py:3722} INFO - Setting next_dagrun for pipeline_ingestion_suivi to 2026-08-05T14:00:00+00:00, run_after=2026-08-05T15:00:00+00:00
[2026-08-05T14:08:56.990+0000] {processor.py:179} INFO - Processing /opt/airflow/dags/dag_suivi.py took 0.087 seconds
[2026-08-05T14:09:27.209+0000] {processor.py:157} INFO - Started process (PID=2232) to work on /opt/airflow/dags/dag_suivi.py
[2026-08-05T14:09:27.209+0000] {processor.py:829} INFO - Processing file /opt/airflow/dags/dag_suivi.py for tasks to queue
[2026-08-05T14:09:27.210+0000] {logging_mixin.py:151} INFO - [2026-08-05T14:09:27.210+0000] {dagbag.py:536} INFO - Filling up the DagBag from /opt/airflow/dags/dag_suivi.py
[2026-08-05T14:09:27.226+0000] {processor.py:839} INFO - DAG(s) dict_keys(['pipeline_ingestion_suivi']) retrieved from /opt/airflow/dags/dag_suivi.py
[2026-08-05T14:09:27.249+0000] {logging_mixin.py:151} INFO - [2026-08-05T14:09:27.249+0000] {dag.py:2941} INFO - Sync 1 DAGs
[2026-08-05T14:09:27.266+0000] {logging_mixin.py:151} INFO - [2026-08-05T14:09:27.266+0000] {dag.py:3722} INFO - Setting next_dagrun for pipeline_ingestion_suivi to 2026-08-05T14:00:00+00:00, run_after=2026-08-05T15:00:00+00:00
[2026-08-05T14:09:27.296+0000] {processor.py:179} INFO - Processing /opt/airflow/dags/dag_suivi.py took 0.090 seconds
[2026-08-05T14:09:57.474+0000] {processor.py:157} INFO - Started process (PID=2237) to work on /opt/airflow/dags/dag_suivi.py
[2026-08-05T14:09:57.474+0000] {processor.py:829} INFO - Processing file /opt/airflow/dags/dag_suivi.py for tasks to queue
[2026-08-05T14:09:57.475+0000] {logging_mixin.py:151} INFO - [2026-08-05T14:09:57.475+0000] {dagbag.py:536} INFO - Filling up the DagBag from /opt/airflow/dags/dag_suivi.py
[2026-08-05T14:09:57.492+0000] {processor.py:839} INFO - DAG(s) dict_keys(['pipeline_ingestion_suivi']) retrieved from /opt/airflow/dags/dag_suivi.py
[2026-08-05T14:09:57.515+0000] {logging_mixin.py:151} INFO - [2026-08-05T14:09:57.515+0000] {dag.py:2941} INFO - Sync 1 DAGs
[2026-08-05T14:09:57.533+0000] {logging_mixin.py:151} INFO - [2026-08-05T14:09:57.532+0000] {dag.py:3722} INFO - Setting next_dagrun for pipeline_ingestion_suivi to 2026-08-05T14:00:00+00:00, run_after=2026-08-05T15:00:00+00:00
[2026-08-05T14:09:57.551+0000] {processor.py:179} INFO - Processing /opt/airflow/dags/dag_suivi.py took 0.080 seconds
[2026-08-05T14:10:27.805+0000] {processor.py:157} INFO - Started process (PID=2242) to work on /opt/airflow/dags/dag_suivi.py
[2026-08-05T14:10:27.805+0000] {processor.py:829} INFO - Processing file /opt/airflow/dags/dag_suivi.py for tasks to queue
[2026-08-05T14:10:27.806+0000] {logging_mixin.py:151} INFO - [2026-08-05T14:10:27.806+0000] {dagbag.py:536} INFO - Filling up the DagBag from /opt/airflow/dags/dag_suivi.py
[2026-08-05T14:10:27.821+0000] {processor.py:839} INFO - DAG(s) dict_keys(['pipeline_ingestion_suivi']) retrieved from /opt/airflow/dags/dag_suivi.py
[2026-08-05T14:10:27.845+0000] {logging_mixin.py:151} INFO - [2026-08-05T14:10:27.845+0000] {dag.py:2941} INFO - Sync 1 DAGs
[2026-08-05T14:10:27.865+0000] {logging_mixin.py:151} INFO - [2026-08-05T14:10:27.865+0000] {dag.py:3722} INFO - Setting next_dagrun for pipeline_ingestion_suivi to 2026-08-05T14:00:00+00:00, run_after=2026-08-05T15:00:00+00:00
[2026-08-05T14:10:27.885+0000] {processor.py:179} INFO - Processing /opt/airflow/dags/dag_suivi.py took 0.082 seconds
[2026-08-05T14:10:58.062+0000] {processor.py:157} INFO - Started process (PID=2247) to work on /opt/airflow/dags/dag_suivi.py
[2026-08-05T14:10:58.063+0000] {processor.py:829} INFO - Processing file /opt/airflow/dags/dag_suivi.py for tasks to queue
[2026-08-05T14:10:58.064+0000] {logging_mixin.py:151} INFO - [2026-08-05T14:10:58.064+0000] {dagbag.py:536} INFO - Filling up the DagBag from /opt/airflow/dags/dag_suivi.py
[2026-08-05T14:10:58.081+0000] {processor.py:839} INFO - DAG(s) dict_keys(['pipeline_ingestion_suivi']) retrieved from /opt/airflow/dags/dag_suivi.py
[2026-08-05T14:10:58.105+0000] {logging_mixin.py:151} INFO - [2026-08-05T14:10:58.105+0000] {dag.py:2941} INFO - Sync 1 DAGs
[2026-08-05T14:10:58.126+0000] {logging_mixin.py:151} INFO - [2026-08-05T14:10:58.125+0000] {dag.py:3722} INFO - Setting next_dagrun for pipeline_ingestion_suivi to 2026-08-05T14:00:00+00:00, run_after=2026-08-05T15:00:00+00:00
[2026-08-05T14:10:58.143+0000] {processor.py:179} INFO - Processing /opt/airflow/dags/dag_suivi.py took 0.084 seconds
[2026-08-05T14:11:28.337+0000] {processor.py:157} INFO - Started process (PID=2252) to work on /opt/airflow/dags/dag_suivi.py
[2026-08-05T14:11:28.337+0000] {processor.py:829} INFO - Processing file /opt/airflow/dags/dag_suivi.py for tasks to queue
[2026-08-05T14:11:28.338+0000] {logging_mixin.py:151} INFO - [2026-08-05T14:11:28.338+0000] {dagbag.py:536} INFO - Filling up the DagBag from /opt/airflow/dags/dag_suivi.py
[2026-08-05T14:11:28.354+0000] {processor.py:839} INFO - DAG(s) dict_keys(['pipeline_ingestion_suivi']) retrieved from /opt/airflow/dags/dag_suivi.py
[2026-08-05T14:11:28.377+0000] {logging_mixin.py:151} INFO - [2026-08-05T14:11:28.377+0000] {dag.py:2941} INFO - Sync 1 DAGs
[2026-08-05T14:11:28.394+0000] {logging_mixin.py:151} INFO - [2026-08-05T14:11:28.394+0000] {dag.py:3722} INFO - Setting next_dagrun for pipeline_ingestion_suivi to 2026-08-05T14:00:00+00:00, run_after=2026-08-05T15:00:00+00:00
[2026-08-05T14:11:28.412+0000] {processor.py:179} INFO - Processing /opt/airflow/dags/dag_suivi.py took 0.078 seconds
[2026-08-05T14:11:58.610+0000] {processor.py:157} INFO - Started process (PID=2257) to work on /opt/airflow/dags/dag_suivi.py
[2026-08-05T14:11:58.611+0000] {processor.py:829} INFO - Processing file /opt/airflow/dags/dag_suivi.py for tasks to queue
[2026-08-05T14:11:58.612+0000] {logging_mixin.py:151} INFO - [2026-08-05T14:11:58.612+0000] {dagbag.py:536} INFO - Filling up the DagBag from /opt/airflow/dags/dag_suivi.py
[2026-08-05T14:11:58.629+0000] {processor.py:839} INFO - DAG(s) dict_keys(['pipeline_ingestion_suivi']) retrieved from /opt/airflow/dags/dag_suivi.py
[2026-08-05T14:11:58.651+0000] {logging_mixin.py:151} INFO - [2026-08-05T14:11:58.651+0000] {dag.py:2941} INFO - Sync 1 DAGs
[2026-08-05T14:11:58.668+0000] {logging_mixin.py:151} INFO - [2026-08-05T14:11:58.668+0000] {dag.py:3722} INFO - Setting next_dagrun for pipeline_ingestion_suivi to 2026-08-05T14:00:00+00:00, run_after=2026-08-05T15:00:00+00:00
[2026-08-05T14:11:58.698+0000] {processor.py:179} INFO - Processing /opt/airflow/dags/dag_suivi.py took 0.091 seconds
[2026-08-05T14:12:28.925+0000] {processor.py:157} INFO - Started process (PID=2262) to work on /opt/airflow/dags/dag_suivi.py
[2026-08-05T14:12:28.925+0000] {processor.py:829} INFO - Processing file /opt/airflow/dags/dag_suivi.py for tasks to queue
[2026-08-05T14:12:28.926+0000] {logging_mixin.py:151} INFO - [2026-08-05T14:12:28.926+0000] {dagbag.py:536} INFO - Filling up the DagBag from /opt/airflow/dags/dag_suivi.py
[2026-08-05T14:12:28.945+0000] {processor.py:839} INFO - DAG(s) dict_keys(['pipeline_ingestion_suivi']) retrieved from /opt/airflow/dags/dag_suivi.py
[2026-08-05T14:12:28.967+0000] {logging_mixin.py:151} INFO - [2026-08-05T14:12:28.967+0000] {dag.py:2941} INFO - Sync 1 DAGs
[2026-08-05T14:12:28.985+0000] {logging_mixin.py:151} INFO - [2026-08-05T14:12:28.985+0000] {dag.py:3722} INFO - Setting next_dagrun for pipeline_ingestion_suivi to 2026-08-05T14:00:00+00:00, run_after=2026-08-05T15:00:00+00:00
[2026-08-05T14:12:29.002+0000] {processor.py:179} INFO - Processing /opt/airflow/dags/dag_suivi.py took 0.079 seconds
[2026-08-05T14:12:59.213+0000] {processor.py:157} INFO - Started process (PID=2267) to work on /opt/airflow/dags/dag_suivi.py
[2026-08-05T14:12:59.214+0000] {processor.py:829} INFO - Processing file /opt/airflow/dags/dag_suivi.py for tasks to queue
[2026-08-05T14:12:59.215+0000] {logging_mixin.py:151} INFO - [2026-08-05T14:12:59.215+0000] {dagbag.py:536} INFO - Filling up the DagBag from /opt/airflow/dags/dag_suivi.py
[2026-08-05T14:12:59.241+0000] {processor.py:839} INFO - DAG(s) dict_keys(['pipeline_ingestion_suivi']) retrieved from /opt/airflow/dags/dag_suivi.py
[2026-08-05T14:12:59.269+0000] {logging_mixin.py:151} INFO - [2026-08-05T14:12:59.269+0000] {dag.py:2941} INFO - Sync 1 DAGs
[2026-08-05T14:12:59.292+0000] {logging_mixin.py:151} INFO - [2026-08-05T14:12:59.291+0000] {dag.py:3722} INFO - Setting next_dagrun for pipeline_ingestion_suivi to 2026-08-05T14:00:00+00:00, run_after=2026-08-05T15:00:00+00:00
[2026-08-05T14:12:59.323+0000] {processor.py:179} INFO - Processing /opt/airflow/dags/dag_suivi.py took 0.114 seconds
[2026-08-05T14:13:29.577+0000] {processor.py:157} INFO - Started process (PID=2272) to work on /opt/airflow/dags/dag_suivi.py
[2026-08-05T14:13:29.579+0000] {processor.py:829} INFO - Processing file /opt/airflow/dags/dag_suivi.py for tasks to queue
[2026-08-05T14:13:29.581+0000] {logging_mixin.py:151} INFO - [2026-08-05T14:13:29.580+0000] {dagbag.py:536} INFO - Filling up the DagBag from /opt/airflow/dags/dag_suivi.py
[2026-08-05T14:13:29.614+0000] {processor.py:839} INFO - DAG(s) dict_keys(['pipeline_ingestion_suivi']) retrieved from /opt/airflow/dags/dag_suivi.py
[2026-08-05T14:13:29.687+0000] {logging_mixin.py:151} INFO - [2026-08-05T14:13:29.687+0000] {dag.py:2941} INFO - Sync 1 DAGs
[2026-08-05T14:13:29.755+0000] {logging_mixin.py:151} INFO - [2026-08-05T14:13:29.755+0000] {dag.py:3722} INFO - Setting next_dagrun for pipeline_ingestion_suivi to 2026-08-05T14:00:00+00:00, run_after=2026-08-05T15:00:00+00:00
[2026-08-05T14:13:29.784+0000] {processor.py:179} INFO - Processing /opt/airflow/dags/dag_suivi.py took 0.212 seconds
[2026-08-05T14:14:00.050+0000] {processor.py:157} INFO - Started process (PID=2277) to work on /opt/airflow/dags/dag_suivi.py
[2026-08-05T14:14:00.051+0000] {processor.py:829} INFO - Processing file /opt/airflow/dags/dag_suivi.py for tasks to queue
[2026-08-05T14:14:00.052+0000] {logging_mixin.py:151} INFO - [2026-08-05T14:14:00.052+0000] {dagbag.py:536} INFO - Filling up the DagBag from /opt/airflow/dags/dag_suivi.py
[2026-08-05T14:14:00.076+0000] {processor.py:839} INFO - DAG(s) dict_keys(['pipeline_ingestion_suivi']) retrieved from /opt/airflow/dags/dag_suivi.py
[2026-08-05T14:14:00.101+0000] {logging_mixin.py:151} INFO - [2026-08-05T14:14:00.100+0000] {dag.py:2941} INFO - Sync 1 DAGs
[2026-08-05T14:14:00.118+0000] {logging_mixin.py:151} INFO - [2026-08-05T14:14:00.118+0000] {dag.py:3722} INFO - Setting next_dagrun for pipeline_ingestion_suivi to 2026-08-05T14:00:00+00:00, run_after=2026-08-05T15:00:00+00:00
[2026-08-05T14:14:00.147+0000] {processor.py:179} INFO - Processing /opt/airflow/dags/dag_suivi.py took 0.100 seconds
[2026-08-05T14:14:30.283+0000] {processor.py:157} INFO - Started process (PID=2282) to work on /opt/airflow/dags/dag_suivi.py
[2026-08-05T14:14:30.283+0000] {processor.py:829} INFO - Processing file /opt/airflow/dags/dag_suivi.py for tasks to queue
[2026-08-05T14:14:30.284+0000] {logging_mixin.py:151} INFO - [2026-08-05T14:14:30.284+0000] {dagbag.py:536} INFO - Filling up the DagBag from /opt/airflow/dags/dag_suivi.py
[2026-08-05T14:14:30.300+0000] {processor.py:839} INFO - DAG(s) dict_keys(['pipeline_ingestion_suivi']) retrieved from /opt/airflow/dags/dag_suivi.py
[2026-08-05T14:14:30.326+0000] {logging_mixin.py:151} INFO - [2026-08-05T14:14:30.325+0000] {dag.py:2941} INFO - Sync 1 DAGs
[2026-08-05T14:14:30.346+0000] {logging_mixin.py:151} INFO - [2026-08-05T14:14:30.346+0000] {dag.py:3722} INFO - Setting next_dagrun for pipeline_ingestion_suivi to 2026-08-05T14:00:00+00:00, run_after=2026-08-05T15:00:00+00:00
[2026-08-05T14:14:30.363+0000] {processor.py:179} INFO - Processing /opt/airflow/dags/dag_suivi.py took 0.083 seconds
[2026-08-05T14:15:00.609+0000] {processor.py:157} INFO - Started process (PID=2287) to work on /opt/airflow/dags/dag_suivi.py
[2026-08-05T14:15:00.610+0000] {processor.py:829} INFO - Processing file /opt/airflow/dags/dag_suivi.py for tasks to queue
[2026-08-05T14:15:00.611+0000] {logging_mixin.py:151} INFO - [2026-08-05T14:15:00.610+0000] {dagbag.py:536} INFO - Filling up the DagBag from /opt/airflow/dags/dag_suivi.py
[2026-08-05T14:15:00.628+0000] {processor.py:839} INFO - DAG(s) dict_keys(['pipeline_ingestion_suivi']) retrieved from /opt/airflow/dags/dag_suivi.py
[2026-08-05T14:15:00.648+0000] {logging_mixin.py:151} INFO - [2026-08-05T14:15:00.648+0000] {dag.py:2941} INFO - Sync 1 DAGs
[2026-08-05T14:15:00.666+0000] {logging_mixin.py:151} INFO - [2026-08-05T14:15:00.665+0000] {dag.py:3722} INFO - Setting next_dagrun for pipeline_ingestion_suivi to 2026-08-05T14:00:00+00:00, run_after=2026-08-05T15:00:00+00:00
[2026-08-05T14:15:00.694+0000] {processor.py:179} INFO - Processing /opt/airflow/dags/dag_suivi.py took 0.087 seconds
[2026-08-05T14:15:30.851+0000] {processor.py:157} INFO - Started process (PID=2292) to work on /opt/airflow/dags/dag_suivi.py
[2026-08-05T14:15:30.852+0000] {processor.py:829} INFO - Processing file /opt/airflow/dags/dag_suivi.py for tasks to queue
[2026-08-05T14:15:30.852+0000] {logging_mixin.py:151} INFO - [2026-08-05T14:15:30.852+0000] {dagbag.py:536} INFO - Filling up the DagBag from /opt/airflow/dags/dag_suivi.py
[2026-08-05T14:15:30.868+0000] {processor.py:839} INFO - DAG(s) dict_keys(['pipeline_ingestion_suivi']) retrieved from /opt/airflow/dags/dag_suivi.py
[2026-08-05T14:15:30.892+0000] {logging_mixin.py:151} INFO - [2026-08-05T14:15:30.891+0000] {dag.py:2941} INFO - Sync 1 DAGs
[2026-08-05T14:15:30.911+0000] {logging_mixin.py:151} INFO - [2026-08-05T14:15:30.910+0000] {dag.py:3722} INFO - Setting next_dagrun for pipeline_ingestion_suivi to 2026-08-05T14:00:00+00:00, run_after=2026-08-05T15:00:00+00:00
[2026-08-05T14:15:30.938+0000] {processor.py:179} INFO - Processing /opt/airflow/dags/dag_suivi.py took 0.090 seconds
[2026-08-05T14:16:01.173+0000] {processor.py:157} INFO - Started process (PID=2297) to work on /opt/airflow/dags/dag_suivi.py
[2026-08-05T14:16:01.174+0000] {processor.py:829} INFO - Processing file /opt/airflow/dags/dag_suivi.py for tasks to queue
[2026-08-05T14:16:01.175+0000] {logging_mixin.py:151} INFO - [2026-08-05T14:16:01.174+0000] {dagbag.py:536} INFO - Filling up the DagBag from /opt/airflow/dags/dag_suivi.py
[2026-08-05T14:16:01.190+0000] {processor.py:839} INFO - DAG(s) dict_keys(['pipeline_ingestion_suivi']) retrieved from /opt/airflow/dags/dag_suivi.py
[2026-08-05T14:16:01.213+0000] {logging_mixin.py:151} INFO - [2026-08-05T14:16:01.213+0000] {dag.py:2941} INFO - Sync 1 DAGs
[2026-08-05T14:16:01.231+0000] {logging_mixin.py:151} INFO - [2026-08-05T14:16:01.231+0000] {dag.py:3722} INFO - Setting next_dagrun for pipeline_ingestion_suivi to 2026-08-05T14:00:00+00:00, run_after=2026-08-05T15:00:00+00:00
[2026-08-05T14:16:01.261+0000] {processor.py:179} INFO - Processing /opt/airflow/dags/dag_suivi.py took 0.090 seconds
[2026-08-05T14:16:31.402+0000] {processor.py:157} INFO - Started process (PID=2302) to work on /opt/airflow/dags/dag_suivi.py
[2026-08-05T14:16:31.403+0000] {processor.py:829} INFO - Processing file /opt/airflow/dags/dag_suivi.py for tasks to queue
[2026-08-05T14:16:31.404+0000] {logging_mixin.py:151} INFO - [2026-08-05T14:16:31.404+0000] {dagbag.py:536} INFO - Filling up the DagBag from /opt/airflow/dags/dag_suivi.py
[2026-08-05T14:16:31.423+0000] {processor.py:839} INFO - DAG(s) dict_keys(['pipeline_ingestion_suivi']) retrieved from /opt/airflow/dags/dag_suivi.py
[2026-08-05T14:16:31.453+0000] {logging_mixin.py:151} INFO - [2026-08-05T14:16:31.452+0000] {dag.py:2941} INFO - Sync 1 DAGs
[2026-08-05T14:16:31.470+0000] {logging_mixin.py:151} INFO - [2026-08-05T14:16:31.470+0000] {dag.py:3722} INFO - Setting next_dagrun for pipeline_ingestion_suivi to 2026-08-05T14:00:00+00:00, run_after=2026-08-05T15:00:00+00:00
[2026-08-05T14:16:31.487+0000] {processor.py:179} INFO - Processing /opt/airflow/dags/dag_suivi.py took 0.087 seconds
[2026-08-05T14:17:01.709+0000] {processor.py:157} INFO - Started process (PID=2307) to work on /opt/airflow/dags/dag_suivi.py
[2026-08-05T14:17:01.710+0000] {processor.py:829} INFO - Processing file /opt/airflow/dags/dag_suivi.py for tasks to queue
[2026-08-05T14:17:01.711+0000] {logging_mixin.py:151} INFO - [2026-08-05T14:17:01.710+0000] {dagbag.py:536} INFO - Filling up the DagBag from /opt/airflow/dags/dag_suivi.py
[2026-08-05T14:17:01.728+0000] {processor.py:839} INFO - DAG(s) dict_keys(['pipeline_ingestion_suivi']) retrieved from /opt/airflow/dags/dag_suivi.py
[2026-08-05T14:17:01.749+0000] {logging_mixin.py:151} INFO - [2026-08-05T14:17:01.749+0000] {dag.py:2941} INFO - Sync 1 DAGs
[2026-08-05T14:17:01.766+0000] {logging_mixin.py:151} INFO - [2026-08-05T14:17:01.766+0000] {dag.py:3722} INFO - Setting next_dagrun for pipeline_ingestion_suivi to 2026-08-05T14:00:00+00:00, run_after=2026-08-05T15:00:00+00:00
[2026-08-05T14:17:01.783+0000] {processor.py:179} INFO - Processing /opt/airflow/dags/dag_suivi.py took 0.077 seconds
[2026-08-05T14:17:32.014+0000] {processor.py:157} INFO - Started process (PID=2312) to work on /opt/airflow/dags/dag_suivi.py
[2026-08-05T14:17:32.014+0000] {processor.py:829} INFO - Processing file /opt/airflow/dags/dag_suivi.py for tasks to queue
[2026-08-05T14:17:32.015+0000] {logging_mixin.py:151} INFO - [2026-08-05T14:17:32.015+0000] {dagbag.py:536} INFO - Filling up the DagBag from /opt/airflow/dags/dag_suivi.py
[2026-08-05T14:17:32.031+0000] {processor.py:839} INFO - DAG(s) dict_keys(['pipeline_ingestion_suivi']) retrieved from /opt/airflow/dags/dag_suivi.py
[2026-08-05T14:17:32.054+0000] {logging_mixin.py:151} INFO - [2026-08-05T14:17:32.054+0000] {dag.py:2941} INFO - Sync 1 DAGs
[2026-08-05T14:17:32.072+0000] {logging_mixin.py:151} INFO - [2026-08-05T14:17:32.071+0000] {dag.py:3722} INFO - Setting next_dagrun for pipeline_ingestion_suivi to 2026-08-05T14:00:00+00:00, run_after=2026-08-05T15:00:00+00:00
[2026-08-05T14:17:32.101+0000] {processor.py:179} INFO - Processing /opt/airflow/dags/dag_suivi.py took 0.090 seconds
[2026-08-05T14:18:02.275+0000] {processor.py:157} INFO - Started process (PID=2317) to work on /opt/airflow/dags/dag_suivi.py
[2026-08-05T14:18:02.276+0000] {processor.py:829} INFO - Processing file /opt/airflow/dags/dag_suivi.py for tasks to queue
[2026-08-05T14:18:02.277+0000] {logging_mixin.py:151} INFO - [2026-08-05T14:18:02.277+0000] {dagbag.py:536} INFO - Filling up the DagBag from /opt/airflow/dags/dag_suivi.py
[2026-08-05T14:18:02.307+0000] {processor.py:839} INFO - DAG(s) dict_keys(['pipeline_ingestion_suivi']) retrieved from /opt/airflow/dags/dag_suivi.py
[2026-08-05T14:18:02.341+0000] {logging_mixin.py:151} INFO - [2026-08-05T14:18:02.341+0000] {dag.py:2941} INFO - Sync 1 DAGs
[2026-08-05T14:18:02.369+0000] {logging_mixin.py:151} INFO - [2026-08-05T14:18:02.369+0000] {dag.py:3722} INFO - Setting next_dagrun for pipeline_ingestion_suivi to 2026-08-05T14:00:00+00:00, run_after=2026-08-05T15:00:00+00:00
[2026-08-05T14:18:02.404+0000] {processor.py:179} INFO - Processing /opt/airflow/dags/dag_suivi.py took 0.133 seconds
[2026-08-05T14:18:32.567+0000] {processor.py:157} INFO - Started process (PID=2322) to work on /opt/airflow/dags/dag_suivi.py
[2026-08-05T14:18:32.569+0000] {processor.py:829} INFO - Processing file /opt/airflow/dags/dag_suivi.py for tasks to queue
[2026-08-05T14:18:32.569+0000] {logging_mixin.py:151} INFO - [2026-08-05T14:18:32.569+0000] {dagbag.py:536} INFO - Filling up the DagBag from /opt/airflow/dags/dag_suivi.py
[2026-08-05T14:18:32.590+0000] {processor.py:839} INFO - DAG(s) dict_keys(['pipeline_ingestion_suivi']) retrieved from /opt/airflow/dags/dag_suivi.py
[2026-08-05T14:18:32.614+0000] {logging_mixin.py:151} INFO - [2026-08-05T14:18:32.614+0000] {dag.py:2941} INFO - Sync 1 DAGs
[2026-08-05T14:18:32.637+0000] {logging_mixin.py:151} INFO - [2026-08-05T14:18:32.637+0000] {dag.py:3722} INFO - Setting next_dagrun for pipeline_ingestion_suivi to 2026-08-05T14:00:00+00:00, run_after=2026-08-05T15:00:00+00:00
[2026-08-05T14:18:32.664+0000] {processor.py:179} INFO - Processing /opt/airflow/dags/dag_suivi.py took 0.102 seconds
[2026-08-05T14:19:02.896+0000] {processor.py:157} INFO - Started process (PID=2327) to work on /opt/airflow/dags/dag_suivi.py
[2026-08-05T14:19:02.897+0000] {processor.py:829} INFO - Processing file /opt/airflow/dags/dag_suivi.py for tasks to queue
[2026-08-05T14:19:02.898+0000] {logging_mixin.py:151} INFO - [2026-08-05T14:19:02.898+0000] {dagbag.py:536} INFO - Filling up the DagBag from /opt/airflow/dags/dag_suivi.py
[2026-08-05T14:19:02.917+0000] {processor.py:839} INFO - DAG(s) dict_keys(['pipeline_ingestion_suivi']) retrieved from /opt/airflow/dags/dag_suivi.py
[2026-08-05T14:19:02.943+0000] {logging_mixin.py:151} INFO - [2026-08-05T14:19:02.942+0000] {dag.py:2941} INFO - Sync 1 DAGs
[2026-08-05T14:19:02.961+0000] {logging_mixin.py:151} INFO - [2026-08-05T14:19:02.961+0000] {dag.py:3722} INFO - Setting next_dagrun for pipeline_ingestion_suivi to 2026-08-05T14:00:00+00:00, run_after=2026-08-05T15:00:00+00:00
[2026-08-05T14:19:02.978+0000] {processor.py:179} INFO - Processing /opt/airflow/dags/dag_suivi.py took 0.085 seconds
[2026-08-05T14:19:33.168+0000] {processor.py:157} INFO - Started process (PID=2332) to work on /opt/airflow/dags/dag_suivi.py
[2026-08-05T14:19:33.169+0000] {processor.py:829} INFO - Processing file /opt/airflow/dags/dag_suivi.py for tasks to queue
[2026-08-05T14:19:33.170+0000] {logging_mixin.py:151} INFO - [2026-08-05T14:19:33.169+0000] {dagbag.py:536} INFO - Filling up the DagBag from /opt/airflow/dags/dag_suivi.py
[2026-08-05T14:19:33.189+0000] {processor.py:839} INFO - DAG(s) dict_keys(['pipeline_ingestion_suivi']) retrieved from /opt/airflow/dags/dag_suivi.py
[2026-08-05T14:19:33.214+0000] {logging_mixin.py:151} INFO - [2026-08-05T14:19:33.213+0000] {dag.py:2941} INFO - Sync 1 DAGs
[2026-08-05T14:19:33.233+0000] {logging_mixin.py:151} INFO - [2026-08-05T14:19:33.233+0000] {dag.py:3722} INFO - Setting next_dagrun for pipeline_ingestion_suivi to 2026-08-05T14:00:00+00:00, run_after=2026-08-05T15:00:00+00:00
[2026-08-05T14:19:33.261+0000] {processor.py:179} INFO - Processing /opt/airflow/dags/dag_suivi.py took 0.097 seconds
[2026-08-05T14:20:03.444+0000] {processor.py:157} INFO - Started process (PID=2337) to work on /opt/airflow/dags/dag_suivi.py
[2026-08-05T14:20:03.445+0000] {processor.py:829} INFO - Processing file /opt/airflow/dags/dag_suivi.py for tasks to queue
[2026-08-05T14:20:03.446+0000] {logging_mixin.py:151} INFO - [2026-08-05T14:20:03.446+0000] {dagbag.py:536} INFO - Filling up the DagBag from /opt/airflow/dags/dag_suivi.py
[2026-08-05T14:20:03.463+0000] {processor.py:839} INFO - DAG(s) dict_keys(['pipeline_ingestion_suivi']) retrieved from /opt/airflow/dags/dag_suivi.py
[2026-08-05T14:20:03.487+0000] {logging_mixin.py:151} INFO - [2026-08-05T14:20:03.487+0000] {dag.py:2941} INFO - Sync 1 DAGs
[2026-08-05T14:20:03.505+0000] {logging_mixin.py:151} INFO - [2026-08-05T14:20:03.505+0000] {dag.py:3722} INFO - Setting next_dagrun for pipeline_ingestion_suivi to 2026-08-05T14:00:00+00:00, run_after=2026-08-05T15:00:00+00:00
[2026-08-05T14:20:03.532+0000] {processor.py:179} INFO - Processing /opt/airflow/dags/dag_suivi.py took 0.091 seconds
[2026-08-05T14:20:33.717+0000] {processor.py:157} INFO - Started process (PID=2342) to work on /opt/airflow/dags/dag_suivi.py
[2026-08-05T14:20:33.717+0000] {processor.py:829} INFO - Processing file /opt/airflow/dags/dag_suivi.py for tasks to queue
[2026-08-05T14:20:33.718+0000] {logging_mixin.py:151} INFO - [2026-08-05T14:20:33.718+0000] {dagbag.py:536} INFO - Filling up the DagBag from /opt/airflow/dags/dag_suivi.py
[2026-08-05T14:20:33.746+0000] {processor.py:839} INFO - DAG(s) dict_keys(['pipeline_ingestion_suivi']) retrieved from /opt/airflow/dags/dag_suivi.py
[2026-08-05T14:20:33.768+0000] {logging_mixin.py:151} INFO - [2026-08-05T14:20:33.768+0000] {dag.py:2941} INFO - Sync 1 DAGs
[2026-08-05T14:20:33.787+0000] {logging_mixin.py:151} INFO - [2026-08-05T14:20:33.787+0000] {dag.py:3722} INFO - Setting next_dagrun for pipeline_ingestion_suivi to 2026-08-05T14:00:00+00:00, run_after=2026-08-05T15:00:00+00:00
[2026-08-05T14:20:33.815+0000] {processor.py:179} INFO - Processing /opt/airflow/dags/dag_suivi.py took 0.101 seconds
[2026-08-05T14:21:04.024+0000] {processor.py:157} INFO - Started process (PID=2347) to work on /opt/airflow/dags/dag_suivi.py
[2026-08-05T14:21:04.024+0000] {processor.py:829} INFO - Processing file /opt/airflow/dags/dag_suivi.py for tasks to queue
[2026-08-05T14:21:04.025+0000] {logging_mixin.py:151} INFO - [2026-08-05T14:21:04.025+0000] {dagbag.py:536} INFO - Filling up the DagBag from /opt/airflow/dags/dag_suivi.py
[2026-08-05T14:21:04.044+0000] {processor.py:839} INFO - DAG(s) dict_keys(['pipeline_ingestion_suivi']) retrieved from /opt/airflow/dags/dag_suivi.py
[2026-08-05T14:21:04.068+0000] {logging_mixin.py:151} INFO - [2026-08-05T14:21:04.068+0000] {dag.py:2941} INFO - Sync 1 DAGs
[2026-08-05T14:21:04.087+0000] {logging_mixin.py:151} INFO - [2026-08-05T14:21:04.087+0000] {dag.py:3722} INFO - Setting next_dagrun for pipeline_ingestion_suivi to 2026-08-05T14:00:00+00:00, run_after=2026-08-05T15:00:00+00:00
[2026-08-05T14:21:04.115+0000] {processor.py:179} INFO - Processing /opt/airflow/dags/dag_suivi.py took 0.095 seconds
[2026-08-05T14:21:34.273+0000] {processor.py:157} INFO - Started process (PID=2352) to work on /opt/airflow/dags/dag_suivi.py
[2026-08-05T14:21:34.274+0000] {processor.py:829} INFO - Processing file /opt/airflow/dags/dag_suivi.py for tasks to queue
[2026-08-05T14:21:34.275+0000] {logging_mixin.py:151} INFO - [2026-08-05T14:21:34.275+0000] {dagbag.py:536} INFO - Filling up the DagBag from /opt/airflow/dags/dag_suivi.py
[2026-08-05T14:21:34.294+0000] {processor.py:839} INFO - DAG(s) dict_keys(['pipeline_ingestion_suivi']) retrieved from /opt/airflow/dags/dag_suivi.py
[2026-08-05T14:21:34.325+0000] {logging_mixin.py:151} INFO - [2026-08-05T14:21:34.325+0000] {dag.py:2941} INFO - Sync 1 DAGs
[2026-08-05T14:21:34.350+0000] {logging_mixin.py:151} INFO - [2026-08-05T14:21:34.350+0000] {dag.py:3722} INFO - Setting next_dagrun for pipeline_ingestion_suivi to 2026-08-05T14:00:00+00:00, run_after=2026-08-05T15:00:00+00:00
[2026-08-05T14:21:34.375+0000] {processor.py:179} INFO - Processing /opt/airflow/dags/dag_suivi.py took 0.105 seconds
[2026-08-05T14:22:04.617+0000] {processor.py:157} INFO - Started process (PID=2357) to work on /opt/airflow/dags/dag_suivi.py
[2026-08-05T14:22:04.618+0000] {processor.py:829} INFO - Processing file /opt/airflow/dags/dag_suivi.py for tasks to queue
[2026-08-05T14:22:04.618+0000] {logging_mixin.py:151} INFO - [2026-08-05T14:22:04.618+0000] {dagbag.py:536} INFO - Filling up the DagBag from /opt/airflow/dags/dag_suivi.py
[2026-08-05T14:22:04.638+0000] {processor.py:839} INFO - DAG(s) dict_keys(['pipeline_ingestion_suivi']) retrieved from /opt/airflow/dags/dag_suivi.py
[2026-08-05T14:22:04.666+0000] {logging_mixin.py:151} INFO - [2026-08-05T14:22:04.666+0000] {dag.py:2941} INFO - Sync 1 DAGs
[2026-08-05T14:22:04.686+0000] {logging_mixin.py:151} INFO - [2026-08-05T14:22:04.685+0000] {dag.py:3722} INFO - Setting next_dagrun for pipeline_ingestion_suivi to 2026-08-05T14:00:00+00:00, run_after=2026-08-05T15:00:00+00:00
[2026-08-05T14:22:04.711+0000] {processor.py:179} INFO - Processing /opt/airflow/dags/dag_suivi.py took 0.099 seconds
[2026-08-05T14:22:34.896+0000] {processor.py:157} INFO - Started process (PID=2362) to work on /opt/airflow/dags/dag_suivi.py
[2026-08-05T14:22:34.897+0000] {processor.py:829} INFO - Processing file /opt/airflow/dags/dag_suivi.py for tasks to queue
[2026-08-05T14:22:34.898+0000] {logging_mixin.py:151} INFO - [2026-08-05T14:22:34.898+0000] {dagbag.py:536} INFO - Filling up the DagBag from /opt/airflow/dags/dag_suivi.py
[2026-08-05T14:22:34.916+0000] {processor.py:839} INFO - DAG(s) dict_keys(['pipeline_ingestion_suivi']) retrieved from /opt/airflow/dags/dag_suivi.py
[2026-08-05T14:22:34.939+0000] {logging_mixin.py:151} INFO - [2026-08-05T14:22:34.939+0000] {dag.py:2941} INFO - Sync 1 DAGs
[2026-08-05T14:22:34.957+0000] {logging_mixin.py:151} INFO - [2026-08-05T14:22:34.957+0000] {dag.py:3722} INFO - Setting next_dagrun for pipeline_ingestion_suivi to 2026-08-05T14:00:00+00:00, run_after=2026-08-05T15:00:00+00:00
[2026-08-05T14:22:34.983+0000] {processor.py:179} INFO - Processing /opt/airflow/dags/dag_suivi.py took 0.089 seconds
[2026-08-05T14:23:05.187+0000] {processor.py:157} INFO - Started process (PID=2367) to work on /opt/airflow/dags/dag_suivi.py
[2026-08-05T14:23:05.188+0000] {processor.py:829} INFO - Processing file /opt/airflow/dags/dag_suivi.py for tasks to queue
[2026-08-05T14:23:05.188+0000] {logging_mixin.py:151} INFO - [2026-08-05T14:23:05.188+0000] {dagbag.py:536} INFO - Filling up the DagBag from /opt/airflow/dags/dag_suivi.py
[2026-08-05T14:23:05.205+0000] {processor.py:839} INFO - DAG(s) dict_keys(['pipeline_ingestion_suivi']) retrieved from /opt/airflow/dags/dag_suivi.py
[2026-08-05T14:23:05.225+0000] {logging_mixin.py:151} INFO - [2026-08-05T14:23:05.225+0000] {dag.py:2941} INFO - Sync 1 DAGs
[2026-08-05T14:23:05.243+0000] {logging_mixin.py:151} INFO - [2026-08-05T14:23:05.243+0000] {dag.py:3722} INFO - Setting next_dagrun for pipeline_ingestion_suivi to 2026-08-05T14:00:00+00:00, run_after=2026-08-05T15:00:00+00:00
[2026-08-05T14:23:05.269+0000] {processor.py:179} INFO - Processing /opt/airflow/dags/dag_suivi.py took 0.085 seconds
[2026-08-05T14:23:35.473+0000] {processor.py:157} INFO - Started process (PID=2372) to work on /opt/airflow/dags/dag_suivi.py
[2026-08-05T14:23:35.474+0000] {processor.py:829} INFO - Processing file /opt/airflow/dags/dag_suivi.py for tasks to queue
[2026-08-05T14:23:35.474+0000] {logging_mixin.py:151} INFO - [2026-08-05T14:23:35.474+0000] {dagbag.py:536} INFO - Filling up the DagBag from /opt/airflow/dags/dag_suivi.py
[2026-08-05T14:23:35.492+0000] {processor.py:839} INFO - DAG(s) dict_keys(['pipeline_ingestion_suivi']) retrieved from /opt/airflow/dags/dag_suivi.py
[2026-08-05T14:23:35.516+0000] {logging_mixin.py:151} INFO - [2026-08-05T14:23:35.516+0000] {dag.py:2941} INFO - Sync 1 DAGs
[2026-08-05T14:23:35.533+0000] {logging_mixin.py:151} INFO - [2026-08-05T14:23:35.533+0000] {dag.py:3722} INFO - Setting next_dagrun for pipeline_ingestion_suivi to 2026-08-05T14:00:00+00:00, run_after=2026-08-05T15:00:00+00:00
[2026-08-05T14:23:35.559+0000] {processor.py:179} INFO - Processing /opt/airflow/dags/dag_suivi.py took 0.089 seconds
[2026-08-05T14:24:05.751+0000] {processor.py:157} INFO - Started process (PID=2377) to work on /opt/airflow/dags/dag_suivi.py
[2026-08-05T14:24:05.752+0000] {processor.py:829} INFO - Processing file /opt/airflow/dags/dag_suivi.py for tasks to queue
[2026-08-05T14:24:05.752+0000] {logging_mixin.py:151} INFO - [2026-08-05T14:24:05.752+0000] {dagbag.py:536} INFO - Filling up the DagBag from /opt/airflow/dags/dag_suivi.py
[2026-08-05T14:24:05.768+0000] {processor.py:839} INFO - DAG(s) dict_keys(['pipeline_ingestion_suivi']) retrieved from /opt/airflow/dags/dag_suivi.py
[2026-08-05T14:24:05.792+0000] {logging_mixin.py:151} INFO - [2026-08-05T14:24:05.791+0000] {dag.py:2941} INFO - Sync 1 DAGs
[2026-08-05T14:24:05.815+0000] {logging_mixin.py:151} INFO - [2026-08-05T14:24:05.815+0000] {dag.py:3722} INFO - Setting next_dagrun for pipeline_ingestion_suivi to 2026-08-05T14:00:00+00:00, run_after=2026-08-05T15:00:00+00:00
[2026-08-05T14:24:05.844+0000] {processor.py:179} INFO - Processing /opt/airflow/dags/dag_suivi.py took 0.096 seconds
[2026-08-05T14:24:36.021+0000] {processor.py:157} INFO - Started process (PID=2382) to work on /opt/airflow/dags/dag_suivi.py
[2026-08-05T14:24:36.022+0000] {processor.py:829} INFO - Processing file /opt/airflow/dags/dag_suivi.py for tasks to queue
[2026-08-05T14:24:36.023+0000] {logging_mixin.py:151} INFO - [2026-08-05T14:24:36.023+0000] {dagbag.py:536} INFO - Filling up the DagBag from /opt/airflow/dags/dag_suivi.py
[2026-08-05T14:24:36.044+0000] {processor.py:839} INFO - DAG(s) dict_keys(['pipeline_ingestion_suivi']) retrieved from /opt/airflow/dags/dag_suivi.py
[2026-08-05T14:24:36.070+0000] {logging_mixin.py:151} INFO - [2026-08-05T14:24:36.070+0000] {dag.py:2941} INFO - Sync 1 DAGs
[2026-08-05T14:24:36.088+0000] {logging_mixin.py:151} INFO - [2026-08-05T14:24:36.088+0000] {dag.py:3722} INFO - Setting next_dagrun for pipeline_ingestion_suivi to 2026-08-05T14:00:00+00:00, run_after=2026-08-05T15:00:00+00:00
[2026-08-05T14:24:36.115+0000] {processor.py:179} INFO - Processing /opt/airflow/dags/dag_suivi.py took 0.097 seconds
[2026-08-05T14:25:06.336+0000] {processor.py:157} INFO - Started process (PID=2387) to work on /opt/airflow/dags/dag_suivi.py
[2026-08-05T14:25:06.337+0000] {processor.py:829} INFO - Processing file /opt/airflow/dags/dag_suivi.py for tasks to queue
[2026-08-05T14:25:06.338+0000] {logging_mixin.py:151} INFO - [2026-08-05T14:25:06.337+0000] {dagbag.py:536} INFO - Filling up the DagBag from /opt/airflow/dags/dag_suivi.py
[2026-08-05T14:25:06.354+0000] {processor.py:839} INFO - DAG(s) dict_keys(['pipeline_ingestion_suivi']) retrieved from /opt/airflow/dags/dag_suivi.py
[2026-08-05T14:25:06.376+0000] {logging_mixin.py:151} INFO - [2026-08-05T14:25:06.376+0000] {dag.py:2941} INFO - Sync 1 DAGs
[2026-08-05T14:25:06.393+0000] {logging_mixin.py:151} INFO - [2026-08-05T14:25:06.393+0000] {dag.py:3722} INFO - Setting next_dagrun for pipeline_ingestion_suivi to 2026-08-05T14:00:00+00:00, run_after=2026-08-05T15:00:00+00:00
[2026-08-05T14:25:06.410+0000] {processor.py:179} INFO - Processing /opt/airflow/dags/dag_suivi.py took 0.076 seconds
[2026-08-05T14:25:36.589+0000] {processor.py:157} INFO - Started process (PID=2392) to work on /opt/airflow/dags/dag_suivi.py
[2026-08-05T14:25:36.590+0000] {processor.py:829} INFO - Processing file /opt/airflow/dags/dag_suivi.py for tasks to queue
[2026-08-05T14:25:36.591+0000] {logging_mixin.py:151} INFO - [2026-08-05T14:25:36.591+0000] {dagbag.py:536} INFO - Filling up the DagBag from /opt/airflow/dags/dag_suivi.py
[2026-08-05T14:25:36.608+0000] {processor.py:839} INFO - DAG(s) dict_keys(['pipeline_ingestion_suivi']) retrieved from /opt/airflow/dags/dag_suivi.py
[2026-08-05T14:25:36.631+0000] {logging_mixin.py:151} INFO - [2026-08-05T14:25:36.631+0000] {dag.py:2941} INFO - Sync 1 DAGs
[2026-08-05T14:25:36.648+0000] {logging_mixin.py:151} INFO - [2026-08-05T14:25:36.648+0000] {dag.py:3722} INFO - Setting next_dagrun for pipeline_ingestion_suivi to 2026-08-05T14:00:00+00:00, run_after=2026-08-05T15:00:00+00:00
[2026-08-05T14:25:36.676+0000] {processor.py:179} INFO - Processing /opt/airflow/dags/dag_suivi.py took 0.089 seconds
[2026-08-05T14:26:06.875+0000] {processor.py:157} INFO - Started process (PID=2397) to work on /opt/airflow/dags/dag_suivi.py
[2026-08-05T14:26:06.876+0000] {processor.py:829} INFO - Processing file /opt/airflow/dags/dag_suivi.py for tasks to queue
[2026-08-05T14:26:06.877+0000] {logging_mixin.py:151} INFO - [2026-08-05T14:26:06.876+0000] {dagbag.py:536} INFO - Filling up the DagBag from /opt/airflow/dags/dag_suivi.py
[2026-08-05T14:26:06.893+0000] {processor.py:839} INFO - DAG(s) dict_keys(['pipeline_ingestion_suivi']) retrieved from /opt/airflow/dags/dag_suivi.py
[2026-08-05T14:26:06.915+0000] {logging_mixin.py:151} INFO - [2026-08-05T14:26:06.914+0000] {dag.py:2941} INFO - Sync 1 DAGs
[2026-08-05T14:26:06.933+0000] {logging_mixin.py:151} INFO - [2026-08-05T14:26:06.932+0000] {dag.py:3722} INFO - Setting next_dagrun for pipeline_ingestion_suivi to 2026-08-05T14:00:00+00:00, run_after=2026-08-05T15:00:00+00:00
[2026-08-05T14:26:06.949+0000] {processor.py:179} INFO - Processing /opt/airflow/dags/dag_suivi.py took 0.076 seconds
[2026-08-05T14:26:37.139+0000] {processor.py:157} INFO - Started process (PID=2402) to work on /opt/airflow/dags/dag_suivi.py
[2026-08-05T14:26:37.139+0000] {processor.py:829} INFO - Processing file /opt/airflow/dags/dag_suivi.py for tasks to queue
[2026-08-05T14:26:37.140+0000] {logging_mixin.py:151} INFO - [2026-08-05T14:26:37.140+0000] {dagbag.py:536} INFO - Filling up the DagBag from /opt/airflow/dags/dag_suivi.py
[2026-08-05T14:26:37.159+0000] {processor.py:839} INFO - DAG(s) dict_keys(['pipeline_ingestion_suivi']) retrieved from /opt/airflow/dags/dag_suivi.py
[2026-08-05T14:26:37.184+0000] {logging_mixin.py:151} INFO - [2026-08-05T14:26:37.184+0000] {dag.py:2941} INFO - Sync 1 DAGs
[2026-08-05T14:26:37.202+0000] {logging_mixin.py:151} INFO - [2026-08-05T14:26:37.201+0000] {dag.py:3722} INFO - Setting next_dagrun for pipeline_ingestion_suivi to 2026-08-05T14:00:00+00:00, run_after=2026-08-05T15:00:00+00:00
[2026-08-05T14:26:37.221+0000] {processor.py:179} INFO - Processing /opt/airflow/dags/dag_suivi.py took 0.085 seconds
[2026-08-05T14:27:07.433+0000] {processor.py:157} INFO - Started process (PID=2407) to work on /opt/airflow/dags/dag_suivi.py
[2026-08-05T14:27:07.434+0000] {processor.py:829} INFO - Processing file /opt/airflow/dags/dag_suivi.py for tasks to queue
[2026-08-05T14:27:07.435+0000] {logging_mixin.py:151} INFO - [2026-08-05T14:27:07.435+0000] {dagbag.py:536} INFO - Filling up the DagBag from /opt/airflow/dags/dag_suivi.py
[2026-08-05T14:27:07.455+0000] {processor.py:839} INFO - DAG(s) dict_keys(['pipeline_ingestion_suivi']) retrieved from /opt/airflow/dags/dag_suivi.py
[2026-08-05T14:27:07.478+0000] {logging_mixin.py:151} INFO - [2026-08-05T14:27:07.478+0000] {dag.py:2941} INFO - Sync 1 DAGs
[2026-08-05T14:27:07.496+0000] {logging_mixin.py:151} INFO - [2026-08-05T14:27:07.496+0000] {dag.py:3722} INFO - Setting next_dagrun for pipeline_ingestion_suivi to 2026-08-05T14:00:00+00:00, run_after=2026-08-05T15:00:00+00:00
[2026-08-05T14:27:07.516+0000] {processor.py:179} INFO - Processing /opt/airflow/dags/dag_suivi.py took 0.086 seconds
[2026-08-05T14:27:37.721+0000] {processor.py:157} INFO - Started process (PID=2412) to work on /opt/airflow/dags/dag_suivi.py
[2026-08-05T14:27:37.721+0000] {processor.py:829} INFO - Processing file /opt/airflow/dags/dag_suivi.py for tasks to queue
[2026-08-05T14:27:37.722+0000] {logging_mixin.py:151} INFO - [2026-08-05T14:27:37.722+0000] {dagbag.py:536} INFO - Filling up the DagBag from /opt/airflow/dags/dag_suivi.py
[2026-08-05T14:27:37.738+0000] {processor.py:839} INFO - DAG(s) dict_keys(['pipeline_ingestion_suivi']) retrieved from /opt/airflow/dags/dag_suivi.py
[2026-08-05T14:27:37.761+0000] {logging_mixin.py:151} INFO - [2026-08-05T14:27:37.761+0000] {dag.py:2941} INFO - Sync 1 DAGs
[2026-08-05T14:27:37.779+0000] {logging_mixin.py:151} INFO - [2026-08-05T14:27:37.779+0000] {dag.py:3722} INFO - Setting next_dagrun for pipeline_ingestion_suivi to 2026-08-05T14:00:00+00:00, run_after=2026-08-05T15:00:00+00:00
[2026-08-05T14:27:37.798+0000] {processor.py:179} INFO - Processing /opt/airflow/dags/dag_suivi.py took 0.079 seconds
[2026-08-05T14:28:07.973+0000] {processor.py:157} INFO - Started process (PID=2417) to work on /opt/airflow/dags/dag_suivi.py
[2026-08-05T14:28:07.974+0000] {processor.py:829} INFO - Processing file /opt/airflow/dags/dag_suivi.py for tasks to queue
[2026-08-05T14:28:07.975+0000] {logging_mixin.py:151} INFO - [2026-08-05T14:28:07.975+0000] {dagbag.py:536} INFO - Filling up the DagBag from /opt/airflow/dags/dag_suivi.py
[2026-08-05T14:28:07.992+0000] {processor.py:839} INFO - DAG(s) dict_keys(['pipeline_ingestion_suivi']) retrieved from /opt/airflow/dags/dag_suivi.py
[2026-08-05T14:28:08.014+0000] {logging_mixin.py:151} INFO - [2026-08-05T14:28:08.014+0000] {dag.py:2941} INFO - Sync 1 DAGs
[2026-08-05T14:28:08.030+0000] {logging_mixin.py:151} INFO - [2026-08-05T14:28:08.030+0000] {dag.py:3722} INFO - Setting next_dagrun for pipeline_ingestion_suivi to 2026-08-05T14:00:00+00:00, run_after=2026-08-05T15:00:00+00:00
[2026-08-05T14:28:08.056+0000] {processor.py:179} INFO - Processing /opt/airflow/dags/dag_suivi.py took 0.085 seconds
[2026-08-05T14:28:38.271+0000] {processor.py:157} INFO - Started process (PID=2422) to work on /opt/airflow/dags/dag_suivi.py
[2026-08-05T14:28:38.271+0000] {processor.py:829} INFO - Processing file /opt/airflow/dags/dag_suivi.py for tasks to queue
[2026-08-05T14:28:38.272+0000] {logging_mixin.py:151} INFO - [2026-08-05T14:28:38.272+0000] {dagbag.py:536} INFO - Filling up the DagBag from /opt/airflow/dags/dag_suivi.py
[2026-08-05T14:28:38.289+0000] {processor.py:839} INFO - DAG(s) dict_keys(['pipeline_ingestion_suivi']) retrieved from /opt/airflow/dags/dag_suivi.py
[2026-08-05T14:28:38.309+0000] {logging_mixin.py:151} INFO - [2026-08-05T14:28:38.309+0000] {dag.py:2941} INFO - Sync 1 DAGs
[2026-08-05T14:28:38.328+0000] {logging_mixin.py:151} INFO - [2026-08-05T14:28:38.328+0000] {dag.py:3722} INFO - Setting next_dagrun for pipeline_ingestion_suivi to 2026-08-05T14:00:00+00:00, run_after=2026-08-05T15:00:00+00:00
[2026-08-05T14:28:38.347+0000] {processor.py:179} INFO - Processing /opt/airflow/dags/dag_suivi.py took 0.078 seconds
[2026-08-05T14:29:08.549+0000] {processor.py:157} INFO - Started process (PID=2427) to work on /opt/airflow/dags/dag_suivi.py
[2026-08-05T14:29:08.550+0000] {processor.py:829} INFO - Processing file /opt/airflow/dags/dag_suivi.py for tasks to queue
[2026-08-05T14:29:08.550+0000] {logging_mixin.py:151} INFO - [2026-08-05T14:29:08.550+0000] {dagbag.py:536} INFO - Filling up the DagBag from /opt/airflow/dags/dag_suivi.py
[2026-08-05T14:29:08.568+0000] {processor.py:839} INFO - DAG(s) dict_keys(['pipeline_ingestion_suivi']) retrieved from /opt/airflow/dags/dag_suivi.py
[2026-08-05T14:29:08.592+0000] {logging_mixin.py:151} INFO - [2026-08-05T14:29:08.592+0000] {dag.py:2941} INFO - Sync 1 DAGs
[2026-08-05T14:29:08.616+0000] {logging_mixin.py:151} INFO - [2026-08-05T14:29:08.615+0000] {dag.py:3722} INFO - Setting next_dagrun for pipeline_ingestion_suivi to 2026-08-05T14:00:00+00:00, run_after=2026-08-05T15:00:00+00:00
[2026-08-05T14:29:08.649+0000] {processor.py:179} INFO - Processing /opt/airflow/dags/dag_suivi.py took 0.103 seconds
[2026-08-05T14:29:38.839+0000] {processor.py:157} INFO - Started process (PID=2432) to work on /opt/airflow/dags/dag_suivi.py
[2026-08-05T14:29:38.840+0000] {processor.py:829} INFO - Processing file /opt/airflow/dags/dag_suivi.py for tasks to queue
[2026-08-05T14:29:38.840+0000] {logging_mixin.py:151} INFO - [2026-08-05T14:29:38.840+0000] {dagbag.py:536} INFO - Filling up the DagBag from /opt/airflow/dags/dag_suivi.py
[2026-08-05T14:29:38.858+0000] {processor.py:839} INFO - DAG(s) dict_keys(['pipeline_ingestion_suivi']) retrieved from /opt/airflow/dags/dag_suivi.py
[2026-08-05T14:29:38.882+0000] {logging_mixin.py:151} INFO - [2026-08-05T14:29:38.881+0000] {dag.py:2941} INFO - Sync 1 DAGs
[2026-08-05T14:29:38.899+0000] {logging_mixin.py:151} INFO - [2026-08-05T14:29:38.899+0000] {dag.py:3722} INFO - Setting next_dagrun for pipeline_ingestion_suivi to 2026-08-05T14:00:00+00:00, run_after=2026-08-05T15:00:00+00:00
[2026-08-05T14:29:38.929+0000] {processor.py:179} INFO - Processing /opt/airflow/dags/dag_suivi.py took 0.093 seconds
[2026-08-05T14:30:09.127+0000] {processor.py:157} INFO - Started process (PID=2437) to work on /opt/airflow/dags/dag_suivi.py
[2026-08-05T14:30:09.128+0000] {processor.py:829} INFO - Processing file /opt/airflow/dags/dag_suivi.py for tasks to queue
[2026-08-05T14:30:09.129+0000] {logging_mixin.py:151} INFO - [2026-08-05T14:30:09.129+0000] {dagbag.py:536} INFO - Filling up the DagBag from /opt/airflow/dags/dag_suivi.py
[2026-08-05T14:30:09.146+0000] {processor.py:839} INFO - DAG(s) dict_keys(['pipeline_ingestion_suivi']) retrieved from /opt/airflow/dags/dag_suivi.py
[2026-08-05T14:30:09.170+0000] {logging_mixin.py:151} INFO - [2026-08-05T14:30:09.170+0000] {dag.py:2941} INFO - Sync 1 DAGs
[2026-08-05T14:30:09.188+0000] {logging_mixin.py:151} INFO - [2026-08-05T14:30:09.188+0000] {dag.py:3722} INFO - Setting next_dagrun for pipeline_ingestion_suivi to 2026-08-05T14:00:00+00:00, run_after=2026-08-05T15:00:00+00:00
[2026-08-05T14:30:09.205+0000] {processor.py:179} INFO - Processing /opt/airflow/dags/dag_suivi.py took 0.080 seconds
[2026-08-05T14:30:39.385+0000] {processor.py:157} INFO - Started process (PID=2442) to work on /opt/airflow/dags/dag_suivi.py
[2026-08-05T14:30:39.385+0000] {processor.py:829} INFO - Processing file /opt/airflow/dags/dag_suivi.py for tasks to queue
[2026-08-05T14:30:39.386+0000] {logging_mixin.py:151} INFO - [2026-08-05T14:30:39.386+0000] {dagbag.py:536} INFO - Filling up the DagBag from /opt/airflow/dags/dag_suivi.py
[2026-08-05T14:30:39.402+0000] {processor.py:839} INFO - DAG(s) dict_keys(['pipeline_ingestion_suivi']) retrieved from /opt/airflow/dags/dag_suivi.py
[2026-08-05T14:30:39.425+0000] {logging_mixin.py:151} INFO - [2026-08-05T14:30:39.425+0000] {dag.py:2941} INFO - Sync 1 DAGs
[2026-08-05T14:30:39.443+0000] {logging_mixin.py:151} INFO - [2026-08-05T14:30:39.443+0000] {dag.py:3722} INFO - Setting next_dagrun for pipeline_ingestion_suivi to 2026-08-05T14:00:00+00:00, run_after=2026-08-05T15:00:00+00:00
[2026-08-05T14:30:39.470+0000] {processor.py:179} INFO - Processing /opt/airflow/dags/dag_suivi.py took 0.088 seconds
[2026-08-05T14:31:09.708+0000] {processor.py:157} INFO - Started process (PID=2447) to work on /opt/airflow/dags/dag_suivi.py
[2026-08-05T14:31:09.708+0000] {processor.py:829} INFO - Processing file /opt/airflow/dags/dag_suivi.py for tasks to queue
[2026-08-05T14:31:09.709+0000] {logging_mixin.py:151} INFO - [2026-08-05T14:31:09.709+0000] {dagbag.py:536} INFO - Filling up the DagBag from /opt/airflow/dags/dag_suivi.py
[2026-08-05T14:31:09.726+0000] {processor.py:839} INFO - DAG(s) dict_keys(['pipeline_ingestion_suivi']) retrieved from /opt/airflow/dags/dag_suivi.py
[2026-08-05T14:31:09.750+0000] {logging_mixin.py:151} INFO - [2026-08-05T14:31:09.749+0000] {dag.py:2941} INFO - Sync 1 DAGs
[2026-08-05T14:31:09.767+0000] {logging_mixin.py:151} INFO - [2026-08-05T14:31:09.766+0000] {dag.py:3722} INFO - Setting next_dagrun for pipeline_ingestion_suivi to 2026-08-05T14:00:00+00:00, run_after=2026-08-05T15:00:00+00:00
[2026-08-05T14:31:09.797+0000] {processor.py:179} INFO - Processing /opt/airflow/dags/dag_suivi.py took 0.092 seconds
[2026-08-05T14:31:39.951+0000] {processor.py:157} INFO - Started process (PID=2452) to work on /opt/airflow/dags/dag_suivi.py
[2026-08-05T14:31:39.952+0000] {processor.py:829} INFO - Processing file /opt/airflow/dags/dag_suivi.py for tasks to queue
[2026-08-05T14:31:39.953+0000] {logging_mixin.py:151} INFO - [2026-08-05T14:31:39.952+0000] {dagbag.py:536} INFO - Filling up the DagBag from /opt/airflow/dags/dag_suivi.py
[2026-08-05T14:31:39.971+0000] {processor.py:839} INFO - DAG(s) dict_keys(['pipeline_ingestion_suivi']) retrieved from /opt/airflow/dags/dag_suivi.py
[2026-08-05T14:31:39.997+0000] {logging_mixin.py:151} INFO - [2026-08-05T14:31:39.997+0000] {dag.py:2941} INFO - Sync 1 DAGs
[2026-08-05T14:31:40.022+0000] {logging_mixin.py:151} INFO - [2026-08-05T14:31:40.022+0000] {dag.py:3722} INFO - Setting next_dagrun for pipeline_ingestion_suivi to 2026-08-05T14:00:00+00:00, run_after=2026-08-05T15:00:00+00:00
[2026-08-05T14:31:40.052+0000] {processor.py:179} INFO - Processing /opt/airflow/dags/dag_suivi.py took 0.104 seconds
[2026-08-05T14:32:10.251+0000] {processor.py:157} INFO - Started process (PID=2457) to work on /opt/airflow/dags/dag_suivi.py
[2026-08-05T14:32:10.251+0000] {processor.py:829} INFO - Processing file /opt/airflow/dags/dag_suivi.py for tasks to queue
[2026-08-05T14:32:10.252+0000] {logging_mixin.py:151} INFO - [2026-08-05T14:32:10.252+0000] {dagbag.py:536} INFO - Filling up the DagBag from /opt/airflow/dags/dag_suivi.py
[2026-08-05T14:32:10.272+0000] {processor.py:839} INFO - DAG(s) dict_keys(['pipeline_ingestion_suivi']) retrieved from /opt/airflow/dags/dag_suivi.py
[2026-08-05T14:32:10.294+0000] {logging_mixin.py:151} INFO - [2026-08-05T14:32:10.294+0000] {dag.py:2941} INFO - Sync 1 DAGs
[2026-08-05T14:32:10.312+0000] {logging_mixin.py:151} INFO - [2026-08-05T14:32:10.311+0000] {dag.py:3722} INFO - Setting next_dagrun for pipeline_ingestion_suivi to 2026-08-05T14:00:00+00:00, run_after=2026-08-05T15:00:00+00:00
[2026-08-05T14:32:10.335+0000] {processor.py:179} INFO - Processing /opt/airflow/dags/dag_suivi.py took 0.086 seconds
[2026-08-05T14:32:40.534+0000] {processor.py:157} INFO - Started process (PID=2462) to work on /opt/airflow/dags/dag_suivi.py
[2026-08-05T14:32:40.535+0000] {processor.py:829} INFO - Processing file /opt/airflow/dags/dag_suivi.py for tasks to queue
[2026-08-05T14:32:40.536+0000] {logging_mixin.py:151} INFO - [2026-08-05T14:32:40.536+0000] {dagbag.py:536} INFO - Filling up the DagBag from /opt/airflow/dags/dag_suivi.py
[2026-08-05T14:32:40.554+0000] {processor.py:839} INFO - DAG(s) dict_keys(['pipeline_ingestion_suivi']) retrieved from /opt/airflow/dags/dag_suivi.py
[2026-08-05T14:32:40.577+0000] {logging_mixin.py:151} INFO - [2026-08-05T14:32:40.577+0000] {dag.py:2941} INFO - Sync 1 DAGs
[2026-08-05T14:32:40.594+0000] {logging_mixin.py:151} INFO - [2026-08-05T14:32:40.594+0000] {dag.py:3722} INFO - Setting next_dagrun for pipeline_ingestion_suivi to 2026-08-05T14:00:00+00:00, run_after=2026-08-05T15:00:00+00:00
[2026-08-05T14:32:40.612+0000] {processor.py:179} INFO - Processing /opt/airflow/dags/dag_suivi.py took 0.081 seconds
[2026-08-05T14:33:10.801+0000] {processor.py:157} INFO - Started process (PID=2467) to work on /opt/airflow/dags/dag_suivi.py
[2026-08-05T14:33:10.802+0000] {processor.py:829} INFO - Processing file /opt/airflow/dags/dag_suivi.py for tasks to queue
[2026-08-05T14:33:10.803+0000] {logging_mixin.py:151} INFO - [2026-08-05T14:33:10.803+0000] {dagbag.py:536} INFO - Filling up the DagBag from /opt/airflow/dags/dag_suivi.py
[2026-08-05T14:33:10.823+0000] {processor.py:839} INFO - DAG(s) dict_keys(['pipeline_ingestion_suivi']) retrieved from /opt/airflow/dags/dag_suivi.py
[2026-08-05T14:33:10.847+0000] {logging_mixin.py:151} INFO - [2026-08-05T14:33:10.847+0000] {dag.py:2941} INFO - Sync 1 DAGs
[2026-08-05T14:33:10.865+0000] {logging_mixin.py:151} INFO - [2026-08-05T14:33:10.865+0000] {dag.py:3722} INFO - Setting next_dagrun for pipeline_ingestion_suivi to 2026-08-05T14:00:00+00:00, run_after=2026-08-05T15:00:00+00:00
[2026-08-05T14:33:10.892+0000] {processor.py:179} INFO - Processing /opt/airflow/dags/dag_suivi.py took 0.094 seconds
[2026-08-05T14:33:41.081+0000] {processor.py:157} INFO - Started process (PID=2472) to work on /opt/airflow/dags/dag_suivi.py
[2026-08-05T14:33:41.082+0000] {processor.py:829} INFO - Processing file /opt/airflow/dags/dag_suivi.py for tasks to queue
[2026-08-05T14:33:41.082+0000] {logging_mixin.py:151} INFO - [2026-08-05T14:33:41.082+0000] {dagbag.py:536} INFO - Filling up the DagBag from /opt/airflow/dags/dag_suivi.py
[2026-08-05T14:33:41.099+0000] {processor.py:839} INFO - DAG(s) dict_keys(['pipeline_ingestion_suivi']) retrieved from /opt/airflow/dags/dag_suivi.py
[2026-08-05T14:33:41.120+0000] {logging_mixin.py:151} INFO - [2026-08-05T14:33:41.120+0000] {dag.py:2941} INFO - Sync 1 DAGs
[2026-08-05T14:33:41.138+0000] {logging_mixin.py:151} INFO - [2026-08-05T14:33:41.137+0000] {dag.py:3722} INFO - Setting next_dagrun for pipeline_ingestion_suivi to 2026-08-05T14:00:00+00:00, run_after=2026-08-05T15:00:00+00:00
[2026-08-05T14:33:41.156+0000] {processor.py:179} INFO - Processing /opt/airflow/dags/dag_suivi.py took 0.078 seconds
[2026-08-05T14:34:11.354+0000] {processor.py:157} INFO - Started process (PID=2477) to work on /opt/airflow/dags/dag_suivi.py
[2026-08-05T14:34:11.355+0000] {processor.py:829} INFO - Processing file /opt/airflow/dags/dag_suivi.py for tasks to queue
[2026-08-05T14:34:11.355+0000] {logging_mixin.py:151} INFO - [2026-08-05T14:34:11.355+0000] {dagbag.py:536} INFO - Filling up the DagBag from /opt/airflow/dags/dag_suivi.py
[2026-08-05T14:34:11.371+0000] {processor.py:839} INFO - DAG(s) dict_keys(['pipeline_ingestion_suivi']) retrieved from /opt/airflow/dags/dag_suivi.py
[2026-08-05T14:34:11.392+0000] {logging_mixin.py:151} INFO - [2026-08-05T14:34:11.392+0000] {dag.py:2941} INFO - Sync 1 DAGs
[2026-08-05T14:34:11.408+0000] {logging_mixin.py:151} INFO - [2026-08-05T14:34:11.408+0000] {dag.py:3722} INFO - Setting next_dagrun for pipeline_ingestion_suivi to 2026-08-05T14:00:00+00:00, run_after=2026-08-05T15:00:00+00:00
[2026-08-05T14:34:11.435+0000] {processor.py:179} INFO - Processing /opt/airflow/dags/dag_suivi.py took 0.084 seconds
[2026-08-05T14:34:41.604+0000] {processor.py:157} INFO - Started process (PID=2482) to work on /opt/airflow/dags/dag_suivi.py
[2026-08-05T14:34:41.605+0000] {processor.py:829} INFO - Processing file /opt/airflow/dags/dag_suivi.py for tasks to queue
[2026-08-05T14:34:41.606+0000] {logging_mixin.py:151} INFO - [2026-08-05T14:34:41.605+0000] {dagbag.py:536} INFO - Filling up the DagBag from /opt/airflow/dags/dag_suivi.py
[2026-08-05T14:34:41.623+0000] {processor.py:839} INFO - DAG(s) dict_keys(['pipeline_ingestion_suivi']) retrieved from /opt/airflow/dags/dag_suivi.py
[2026-08-05T14:34:41.646+0000] {logging_mixin.py:151} INFO - [2026-08-05T14:34:41.646+0000] {dag.py:2941} INFO - Sync 1 DAGs
[2026-08-05T14:34:41.665+0000] {logging_mixin.py:151} INFO - [2026-08-05T14:34:41.665+0000] {dag.py:3722} INFO - Setting next_dagrun for pipeline_ingestion_suivi to 2026-08-05T14:00:00+00:00, run_after=2026-08-05T15:00:00+00:00
[2026-08-05T14:34:41.694+0000] {processor.py:179} INFO - Processing /opt/airflow/dags/dag_suivi.py took 0.094 seconds
[2026-08-05T14:35:11.905+0000] {processor.py:157} INFO - Started process (PID=2487) to work on /opt/airflow/dags/dag_suivi.py
[2026-08-05T14:35:11.906+0000] {processor.py:829} INFO - Processing file /opt/airflow/dags/dag_suivi.py for tasks to queue
[2026-08-05T14:35:11.907+0000] {logging_mixin.py:151} INFO - [2026-08-05T14:35:11.907+0000] {dagbag.py:536} INFO - Filling up the DagBag from /opt/airflow/dags/dag_suivi.py
[2026-08-05T14:35:11.924+0000] {processor.py:839} INFO - DAG(s) dict_keys(['pipeline_ingestion_suivi']) retrieved from /opt/airflow/dags/dag_suivi.py
[2026-08-05T14:35:11.946+0000] {logging_mixin.py:151} INFO - [2026-08-05T14:35:11.945+0000] {dag.py:2941} INFO - Sync 1 DAGs
[2026-08-05T14:35:11.964+0000] {logging_mixin.py:151} INFO - [2026-08-05T14:35:11.964+0000] {dag.py:3722} INFO - Setting next_dagrun for pipeline_ingestion_suivi to 2026-08-05T14:00:00+00:00, run_after=2026-08-05T15:00:00+00:00
[2026-08-05T14:35:11.992+0000] {processor.py:179} INFO - Processing /opt/airflow/dags/dag_suivi.py took 0.089 seconds
[2026-08-05T14:35:42.179+0000] {processor.py:157} INFO - Started process (PID=2492) to work on /opt/airflow/dags/dag_suivi.py
[2026-08-05T14:35:42.180+0000] {processor.py:829} INFO - Processing file /opt/airflow/dags/dag_suivi.py for tasks to queue
[2026-08-05T14:35:42.180+0000] {logging_mixin.py:151} INFO - [2026-08-05T14:35:42.180+0000] {dagbag.py:536} INFO - Filling up the DagBag from /opt/airflow/dags/dag_suivi.py
[2026-08-05T14:35:42.197+0000] {processor.py:839} INFO - DAG(s) dict_keys(['pipeline_ingestion_suivi']) retrieved from /opt/airflow/dags/dag_suivi.py
[2026-08-05T14:35:42.221+0000] {logging_mixin.py:151} INFO - [2026-08-05T14:35:42.221+0000] {dag.py:2941} INFO - Sync 1 DAGs
[2026-08-05T14:35:42.240+0000] {logging_mixin.py:151} INFO - [2026-08-05T14:35:42.239+0000] {dag.py:3722} INFO - Setting next_dagrun for pipeline_ingestion_suivi to 2026-08-05T14:00:00+00:00, run_after=2026-08-05T15:00:00+00:00
[2026-08-05T14:35:42.260+0000] {processor.py:179} INFO - Processing /opt/airflow/dags/dag_suivi.py took 0.084 seconds
[2026-08-05T14:36:12.442+0000] {processor.py:157} INFO - Started process (PID=2497) to work on /opt/airflow/dags/dag_suivi.py
[2026-08-05T14:36:12.443+0000] {processor.py:829} INFO - Processing file /opt/airflow/dags/dag_suivi.py for tasks to queue
[2026-08-05T14:36:12.444+0000] {logging_mixin.py:151} INFO - [2026-08-05T14:36:12.443+0000] {dagbag.py:536} INFO - Filling up the DagBag from /opt/airflow/dags/dag_suivi.py
[2026-08-05T14:36:12.460+0000] {processor.py:839} INFO - DAG(s) dict_keys(['pipeline_ingestion_suivi']) retrieved from /opt/airflow/dags/dag_suivi.py
[2026-08-05T14:36:12.483+0000] {logging_mixin.py:151} INFO - [2026-08-05T14:36:12.483+0000] {dag.py:2941} INFO - Sync 1 DAGs
[2026-08-05T14:36:12.503+0000] {logging_mixin.py:151} INFO - [2026-08-05T14:36:12.503+0000] {dag.py:3722} INFO - Setting next_dagrun for pipeline_ingestion_suivi to 2026-08-05T14:00:00+00:00, run_after=2026-08-05T15:00:00+00:00
[2026-08-05T14:36:12.525+0000] {processor.py:179} INFO - Processing /opt/airflow/dags/dag_suivi.py took 0.085 seconds
[2026-08-05T14:36:42.724+0000] {processor.py:157} INFO - Started process (PID=2502) to work on /opt/airflow/dags/dag_suivi.py
[2026-08-05T14:36:42.725+0000] {processor.py:829} INFO - Processing file /opt/airflow/dags/dag_suivi.py for tasks to queue
[2026-08-05T14:36:42.726+0000] {logging_mixin.py:151} INFO - [2026-08-05T14:36:42.726+0000] {dagbag.py:536} INFO - Filling up the DagBag from /opt/airflow/dags/dag_suivi.py
[2026-08-05T14:36:42.745+0000] {processor.py:839} INFO - DAG(s) dict_keys(['pipeline_ingestion_suivi']) retrieved from /opt/airflow/dags/dag_suivi.py
[2026-08-05T14:36:42.768+0000] {logging_mixin.py:151} INFO - [2026-08-05T14:36:42.768+0000] {dag.py:2941} INFO - Sync 1 DAGs
[2026-08-05T14:36:42.787+0000] {logging_mixin.py:151} INFO - [2026-08-05T14:36:42.787+0000] {dag.py:3722} INFO - Setting next_dagrun for pipeline_ingestion_suivi to 2026-08-05T14:00:00+00:00, run_after=2026-08-05T15:00:00+00:00
[2026-08-05T14:36:42.817+0000] {processor.py:179} INFO - Processing /opt/airflow/dags/dag_suivi.py took 0.095 seconds
[2026-08-05T14:37:13.039+0000] {processor.py:157} INFO - Started process (PID=2507) to work on /opt/airflow/dags/dag_suivi.py
[2026-08-05T14:37:13.040+0000] {processor.py:829} INFO - Processing file /opt/airflow/dags/dag_suivi.py for tasks to queue
[2026-08-05T14:37:13.041+0000] {logging_mixin.py:151} INFO - [2026-08-05T14:37:13.041+0000] {dagbag.py:536} INFO - Filling up the DagBag from /opt/airflow/dags/dag_suivi.py
[2026-08-05T14:37:13.065+0000] {processor.py:839} INFO - DAG(s) dict_keys(['pipeline_ingestion_suivi']) retrieved from /opt/airflow/dags/dag_suivi.py
[2026-08-05T14:37:13.095+0000] {logging_mixin.py:151} INFO - [2026-08-05T14:37:13.094+0000] {dag.py:2941} INFO - Sync 1 DAGs
[2026-08-05T14:37:13.121+0000] {logging_mixin.py:151} INFO - [2026-08-05T14:37:13.120+0000] {dag.py:3722} INFO - Setting next_dagrun for pipeline_ingestion_suivi to 2026-08-05T14:00:00+00:00, run_after=2026-08-05T15:00:00+00:00
[2026-08-05T14:37:13.159+0000] {processor.py:179} INFO - Processing /opt/airflow/dags/dag_suivi.py took 0.124 seconds
[2026-08-05T14:37:43.349+0000] {processor.py:157} INFO - Started process (PID=2512) to work on /opt/airflow/dags/dag_suivi.py
[2026-08-05T14:37:43.350+0000] {processor.py:829} INFO - Processing file /opt/airflow/dags/dag_suivi.py for tasks to queue
[2026-08-05T14:37:43.351+0000] {logging_mixin.py:151} INFO - [2026-08-05T14:37:43.351+0000] {dagbag.py:536} INFO - Filling up the DagBag from /opt/airflow/dags/dag_suivi.py
[2026-08-05T14:37:43.381+0000] {processor.py:839} INFO - DAG(s) dict_keys(['pipeline_ingestion_suivi']) retrieved from /opt/airflow/dags/dag_suivi.py
[2026-08-05T14:37:43.407+0000] {logging_mixin.py:151} INFO - [2026-08-05T14:37:43.407+0000] {dag.py:2941} INFO - Sync 1 DAGs
[2026-08-05T14:37:43.426+0000] {logging_mixin.py:151} INFO - [2026-08-05T14:37:43.426+0000] {dag.py:3722} INFO - Setting next_dagrun for pipeline_ingestion_suivi to 2026-08-05T14:00:00+00:00, run_after=2026-08-05T15:00:00+00:00
[2026-08-05T14:37:43.443+0000] {processor.py:179} INFO - Processing /opt/airflow/dags/dag_suivi.py took 0.098 seconds
[2026-08-05T14:38:13.642+0000] {processor.py:157} INFO - Started process (PID=2517) to work on /opt/airflow/dags/dag_suivi.py
[2026-08-05T14:38:13.643+0000] {processor.py:829} INFO - Processing file /opt/airflow/dags/dag_suivi.py for tasks to queue
[2026-08-05T14:38:13.644+0000] {logging_mixin.py:151} INFO - [2026-08-05T14:38:13.644+0000] {dagbag.py:536} INFO - Filling up the DagBag from /opt/airflow/dags/dag_suivi.py
[2026-08-05T14:38:13.663+0000] {processor.py:839} INFO - DAG(s) dict_keys(['pipeline_ingestion_suivi']) retrieved from /opt/airflow/dags/dag_suivi.py
[2026-08-05T14:38:13.688+0000] {logging_mixin.py:151} INFO - [2026-08-05T14:38:13.688+0000] {dag.py:2941} INFO - Sync 1 DAGs
[2026-08-05T14:38:13.705+0000] {logging_mixin.py:151} INFO - [2026-08-05T14:38:13.705+0000] {dag.py:3722} INFO - Setting next_dagrun for pipeline_ingestion_suivi to 2026-08-05T14:00:00+00:00, run_after=2026-08-05T15:00:00+00:00
[2026-08-05T14:38:13.723+0000] {processor.py:179} INFO - Processing /opt/airflow/dags/dag_suivi.py took 0.083 seconds
[2026-08-05T14:38:43.923+0000] {processor.py:157} INFO - Started process (PID=2522) to work on /opt/airflow/dags/dag_suivi.py
[2026-08-05T14:38:43.924+0000] {processor.py:829} INFO - Processing file /opt/airflow/dags/dag_suivi.py for tasks to queue
[2026-08-05T14:38:43.925+0000] {logging_mixin.py:151} INFO - [2026-08-05T14:38:43.925+0000] {dagbag.py:536} INFO - Filling up the DagBag from /opt/airflow/dags/dag_suivi.py
[2026-08-05T14:38:43.941+0000] {processor.py:839} INFO - DAG(s) dict_keys(['pipeline_ingestion_suivi']) retrieved from /opt/airflow/dags/dag_suivi.py
[2026-08-05T14:38:43.964+0000] {logging_mixin.py:151} INFO - [2026-08-05T14:38:43.964+0000] {dag.py:2941} INFO - Sync 1 DAGs
[2026-08-05T14:38:43.981+0000] {logging_mixin.py:151} INFO - [2026-08-05T14:38:43.981+0000] {dag.py:3722} INFO - Setting next_dagrun for pipeline_ingestion_suivi to 2026-08-05T14:00:00+00:00, run_after=2026-08-05T15:00:00+00:00
[2026-08-05T14:38:44.008+0000] {processor.py:179} INFO - Processing /opt/airflow/dags/dag_suivi.py took 0.087 seconds
[2026-08-05T14:39:14.227+0000] {processor.py:157} INFO - Started process (PID=2527) to work on /opt/airflow/dags/dag_suivi.py
[2026-08-05T14:39:14.228+0000] {processor.py:829} INFO - Processing file /opt/airflow/dags/dag_suivi.py for tasks to queue
[2026-08-05T14:39:14.228+0000] {logging_mixin.py:151} INFO - [2026-08-05T14:39:14.228+0000] {dagbag.py:536} INFO - Filling up the DagBag from /opt/airflow/dags/dag_suivi.py
[2026-08-05T14:39:14.244+0000] {processor.py:839} INFO - DAG(s) dict_keys(['pipeline_ingestion_suivi']) retrieved from /opt/airflow/dags/dag_suivi.py
[2026-08-05T14:39:14.267+0000] {logging_mixin.py:151} INFO - [2026-08-05T14:39:14.266+0000] {dag.py:2941} INFO - Sync 1 DAGs
[2026-08-05T14:39:14.284+0000] {logging_mixin.py:151} INFO - [2026-08-05T14:39:14.284+0000] {dag.py:3722} INFO - Setting next_dagrun for pipeline_ingestion_suivi to 2026-08-05T14:00:00+00:00, run_after=2026-08-05T15:00:00+00:00
[2026-08-05T14:39:14.303+0000] {processor.py:179} INFO - Processing /opt/airflow/dags/dag_suivi.py took 0.079 seconds
[2026-08-05T14:39:44.494+0000] {processor.py:157} INFO - Started process (PID=2532) to work on /opt/airflow/dags/dag_suivi.py
[2026-08-05T14:39:44.495+0000] {processor.py:829} INFO - Processing file /opt/airflow/dags/dag_suivi.py for tasks to queue
[2026-08-05T14:39:44.495+0000] {logging_mixin.py:151} INFO - [2026-08-05T14:39:44.495+0000] {dagbag.py:536} INFO - Filling up the DagBag from /opt/airflow/dags/dag_suivi.py
[2026-08-05T14:39:44.513+0000] {processor.py:839} INFO - DAG(s) dict_keys(['pipeline_ingestion_suivi']) retrieved from /opt/airflow/dags/dag_suivi.py
[2026-08-05T14:39:44.537+0000] {logging_mixin.py:151} INFO - [2026-08-05T14:39:44.537+0000] {dag.py:2941} INFO - Sync 1 DAGs
[2026-08-05T14:39:44.554+0000] {logging_mixin.py:151} INFO - [2026-08-05T14:39:44.554+0000] {dag.py:3722} INFO - Setting next_dagrun for pipeline_ingestion_suivi to 2026-08-05T14:00:00+00:00, run_after=2026-08-05T15:00:00+00:00
[2026-08-05T14:39:44.584+0000] {processor.py:179} INFO - Processing /opt/airflow/dags/dag_suivi.py took 0.093 seconds
[2026-08-05T14:40:14.754+0000] {processor.py:157} INFO - Started process (PID=2537) to work on /opt/airflow/dags/dag_suivi.py
[2026-08-05T14:40:14.755+0000] {processor.py:829} INFO - Processing file /opt/airflow/dags/dag_suivi.py for tasks to queue
[2026-08-05T14:40:14.756+0000] {logging_mixin.py:151} INFO - [2026-08-05T14:40:14.756+0000] {dagbag.py:536} INFO - Filling up the DagBag from /opt/airflow/dags/dag_suivi.py
[2026-08-05T14:40:14.774+0000] {processor.py:839} INFO - DAG(s) dict_keys(['pipeline_ingestion_suivi']) retrieved from /opt/airflow/dags/dag_suivi.py
[2026-08-05T14:40:14.800+0000] {logging_mixin.py:151} INFO - [2026-08-05T14:40:14.800+0000] {dag.py:2941} INFO - Sync 1 DAGs
[2026-08-05T14:40:14.819+0000] {logging_mixin.py:151} INFO - [2026-08-05T14:40:14.819+0000] {dag.py:3722} INFO - Setting next_dagrun for pipeline_ingestion_suivi to 2026-08-05T14:00:00+00:00, run_after=2026-08-05T15:00:00+00:00
[2026-08-05T14:40:14.848+0000] {processor.py:179} INFO - Processing /opt/airflow/dags/dag_suivi.py took 0.097 seconds
[2026-08-05T14:40:45.093+0000] {processor.py:157} INFO - Started process (PID=2542) to work on /opt/airflow/dags/dag_suivi.py
[2026-08-05T14:40:45.094+0000] {processor.py:829} INFO - Processing file /opt/airflow/dags/dag_suivi.py for tasks to queue
[2026-08-05T14:40:45.094+0000] {logging_mixin.py:151} INFO - [2026-08-05T14:40:45.094+0000] {dagbag.py:536} INFO - Filling up the DagBag from /opt/airflow/dags/dag_suivi.py
[2026-08-05T14:40:45.114+0000] {processor.py:839} INFO - DAG(s) dict_keys(['pipeline_ingestion_suivi']) retrieved from /opt/airflow/dags/dag_suivi.py
[2026-08-05T14:40:45.137+0000] {logging_mixin.py:151} INFO - [2026-08-05T14:40:45.137+0000] {dag.py:2941} INFO - Sync 1 DAGs
[2026-08-05T14:40:45.157+0000] {logging_mixin.py:151} INFO - [2026-08-05T14:40:45.157+0000] {dag.py:3722} INFO - Setting next_dagrun for pipeline_ingestion_suivi to 2026-08-05T14:00:00+00:00, run_after=2026-08-05T15:00:00+00:00
[2026-08-05T14:40:45.176+0000] {processor.py:179} INFO - Processing /opt/airflow/dags/dag_suivi.py took 0.086 seconds
[2026-08-05T14:41:15.360+0000] {processor.py:157} INFO - Started process (PID=2547) to work on /opt/airflow/dags/dag_suivi.py
[2026-08-05T14:41:15.361+0000] {processor.py:829} INFO - Processing file /opt/airflow/dags/dag_suivi.py for tasks to queue
[2026-08-05T14:41:15.362+0000] {logging_mixin.py:151} INFO - [2026-08-05T14:41:15.361+0000] {dagbag.py:536} INFO - Filling up the DagBag from /opt/airflow/dags/dag_suivi.py
[2026-08-05T14:41:15.379+0000] {processor.py:839} INFO - DAG(s) dict_keys(['pipeline_ingestion_suivi']) retrieved from /opt/airflow/dags/dag_suivi.py
[2026-08-05T14:41:15.401+0000] {logging_mixin.py:151} INFO - [2026-08-05T14:41:15.401+0000] {dag.py:2941} INFO - Sync 1 DAGs
[2026-08-05T14:41:15.418+0000] {logging_mixin.py:151} INFO - [2026-08-05T14:41:15.418+0000] {dag.py:3722} INFO - Setting next_dagrun for pipeline_ingestion_suivi to 2026-08-05T14:00:00+00:00, run_after=2026-08-05T15:00:00+00:00
[2026-08-05T14:41:15.436+0000] {processor.py:179} INFO - Processing /opt/airflow/dags/dag_suivi.py took 0.079 seconds
[2026-08-05T14:41:45.644+0000] {processor.py:157} INFO - Started process (PID=2552) to work on /opt/airflow/dags/dag_suivi.py
[2026-08-05T14:41:45.644+0000] {processor.py:829} INFO - Processing file /opt/airflow/dags/dag_suivi.py for tasks to queue
[2026-08-05T14:41:45.645+0000] {logging_mixin.py:151} INFO - [2026-08-05T14:41:45.645+0000] {dagbag.py:536} INFO - Filling up the DagBag from /opt/airflow/dags/dag_suivi.py
[2026-08-05T14:41:45.661+0000] {processor.py:839} INFO - DAG(s) dict_keys(['pipeline_ingestion_suivi']) retrieved from /opt/airflow/dags/dag_suivi.py
[2026-08-05T14:41:45.681+0000] {logging_mixin.py:151} INFO - [2026-08-05T14:41:45.681+0000] {dag.py:2941} INFO - Sync 1 DAGs
[2026-08-05T14:41:45.698+0000] {logging_mixin.py:151} INFO - [2026-08-05T14:41:45.698+0000] {dag.py:3722} INFO - Setting next_dagrun for pipeline_ingestion_suivi to 2026-08-05T14:00:00+00:00, run_after=2026-08-05T15:00:00+00:00
[2026-08-05T14:41:45.718+0000] {processor.py:179} INFO - Processing /opt/airflow/dags/dag_suivi.py took 0.077 seconds
[2026-08-05T14:42:15.913+0000] {processor.py:157} INFO - Started process (PID=2557) to work on /opt/airflow/dags/dag_suivi.py
[2026-08-05T14:42:15.914+0000] {processor.py:829} INFO - Processing file /opt/airflow/dags/dag_suivi.py for tasks to queue
[2026-08-05T14:42:15.915+0000] {logging_mixin.py:151} INFO - [2026-08-05T14:42:15.914+0000] {dagbag.py:536} INFO - Filling up the DagBag from /opt/airflow/dags/dag_suivi.py
[2026-08-05T14:42:15.931+0000] {processor.py:839} INFO - DAG(s) dict_keys(['pipeline_ingestion_suivi']) retrieved from /opt/airflow/dags/dag_suivi.py
[2026-08-05T14:42:15.953+0000] {logging_mixin.py:151} INFO - [2026-08-05T14:42:15.953+0000] {dag.py:2941} INFO - Sync 1 DAGs
[2026-08-05T14:42:15.969+0000] {logging_mixin.py:151} INFO - [2026-08-05T14:42:15.969+0000] {dag.py:3722} INFO - Setting next_dagrun for pipeline_ingestion_suivi to 2026-08-05T14:00:00+00:00, run_after=2026-08-05T15:00:00+00:00
[2026-08-05T14:42:15.996+0000] {processor.py:179} INFO - Processing /opt/airflow/dags/dag_suivi.py took 0.085 seconds
[2026-08-05T14:42:46.245+0000] {processor.py:157} INFO - Started process (PID=2562) to work on /opt/airflow/dags/dag_suivi.py
[2026-08-05T14:42:46.245+0000] {processor.py:829} INFO - Processing file /opt/airflow/dags/dag_suivi.py for tasks to queue
[2026-08-05T14:42:46.246+0000] {logging_mixin.py:151} INFO - [2026-08-05T14:42:46.246+0000] {dagbag.py:536} INFO - Filling up the DagBag from /opt/airflow/dags/dag_suivi.py
[2026-08-05T14:42:46.265+0000] {processor.py:839} INFO - DAG(s) dict_keys(['pipeline_ingestion_suivi']) retrieved from /opt/airflow/dags/dag_suivi.py
[2026-08-05T14:42:46.287+0000] {logging_mixin.py:151} INFO - [2026-08-05T14:42:46.287+0000] {dag.py:2941} INFO - Sync 1 DAGs
[2026-08-05T14:42:46.304+0000] {logging_mixin.py:151} INFO - [2026-08-05T14:42:46.304+0000] {dag.py:3722} INFO - Setting next_dagrun for pipeline_ingestion_suivi to 2026-08-05T14:00:00+00:00, run_after=2026-08-05T15:00:00+00:00
[2026-08-05T14:42:46.322+0000] {processor.py:179} INFO - Processing /opt/airflow/dags/dag_suivi.py took 0.080 seconds
[2026-08-05T14:43:16.501+0000] {processor.py:157} INFO - Started process (PID=2567) to work on /opt/airflow/dags/dag_suivi.py
[2026-08-05T14:43:16.502+0000] {processor.py:829} INFO - Processing file /opt/airflow/dags/dag_suivi.py for tasks to queue
[2026-08-05T14:43:16.503+0000] {logging_mixin.py:151} INFO - [2026-08-05T14:43:16.503+0000] {dagbag.py:536} INFO - Filling up the DagBag from /opt/airflow/dags/dag_suivi.py
[2026-08-05T14:43:16.519+0000] {processor.py:839} INFO - DAG(s) dict_keys(['pipeline_ingestion_suivi']) retrieved from /opt/airflow/dags/dag_suivi.py
[2026-08-05T14:43:16.544+0000] {logging_mixin.py:151} INFO - [2026-08-05T14:43:16.544+0000] {dag.py:2941} INFO - Sync 1 DAGs
[2026-08-05T14:43:16.561+0000] {logging_mixin.py:151} INFO - [2026-08-05T14:43:16.561+0000] {dag.py:3722} INFO - Setting next_dagrun for pipeline_ingestion_suivi to 2026-08-05T14:00:00+00:00, run_after=2026-08-05T15:00:00+00:00
[2026-08-05T14:43:16.578+0000] {processor.py:179} INFO - Processing /opt/airflow/dags/dag_suivi.py took 0.079 seconds
[2026-08-05T14:43:46.797+0000] {processor.py:157} INFO - Started process (PID=2572) to work on /opt/airflow/dags/dag_suivi.py
[2026-08-05T14:43:46.797+0000] {processor.py:829} INFO - Processing file /opt/airflow/dags/dag_suivi.py for tasks to queue
[2026-08-05T14:43:46.798+0000] {logging_mixin.py:151} INFO - [2026-08-05T14:43:46.798+0000] {dagbag.py:536} INFO - Filling up the DagBag from /opt/airflow/dags/dag_suivi.py
[2026-08-05T14:43:46.815+0000] {processor.py:839} INFO - DAG(s) dict_keys(['pipeline_ingestion_suivi']) retrieved from /opt/airflow/dags/dag_suivi.py
[2026-08-05T14:43:46.836+0000] {logging_mixin.py:151} INFO - [2026-08-05T14:43:46.836+0000] {dag.py:2941} INFO - Sync 1 DAGs
[2026-08-05T14:43:46.852+0000] {logging_mixin.py:151} INFO - [2026-08-05T14:43:46.852+0000] {dag.py:3722} INFO - Setting next_dagrun for pipeline_ingestion_suivi to 2026-08-05T14:00:00+00:00, run_after=2026-08-05T15:00:00+00:00
[2026-08-05T14:43:46.880+0000] {processor.py:179} INFO - Processing /opt/airflow/dags/dag_suivi.py took 0.085 seconds
[2026-08-05T14:44:17.066+0000] {processor.py:157} INFO - Started process (PID=2577) to work on /opt/airflow/dags/dag_suivi.py
[2026-08-05T14:44:17.066+0000] {processor.py:829} INFO - Processing file /opt/airflow/dags/dag_suivi.py for tasks to queue
[2026-08-05T14:44:17.067+0000] {logging_mixin.py:151} INFO - [2026-08-05T14:44:17.067+0000] {dagbag.py:536} INFO - Filling up the DagBag from /opt/airflow/dags/dag_suivi.py
[2026-08-05T14:44:17.084+0000] {processor.py:839} INFO - DAG(s) dict_keys(['pipeline_ingestion_suivi']) retrieved from /opt/airflow/dags/dag_suivi.py
[2026-08-05T14:44:17.107+0000] {logging_mixin.py:151} INFO - [2026-08-05T14:44:17.107+0000] {dag.py:2941} INFO - Sync 1 DAGs
[2026-08-05T14:44:17.127+0000] {logging_mixin.py:151} INFO - [2026-08-05T14:44:17.127+0000] {dag.py:3722} INFO - Setting next_dagrun for pipeline_ingestion_suivi to 2026-08-05T14:00:00+00:00, run_after=2026-08-05T15:00:00+00:00
[2026-08-05T14:44:17.157+0000] {processor.py:179} INFO - Processing /opt/airflow/dags/dag_suivi.py took 0.094 seconds
[2026-08-05T14:44:47.377+0000] {processor.py:157} INFO - Started process (PID=2582) to work on /opt/airflow/dags/dag_suivi.py
[2026-08-05T14:44:47.378+0000] {processor.py:829} INFO - Processing file /opt/airflow/dags/dag_suivi.py for tasks to queue
[2026-08-05T14:44:47.378+0000] {logging_mixin.py:151} INFO - [2026-08-05T14:44:47.378+0000] {dagbag.py:536} INFO - Filling up the DagBag from /opt/airflow/dags/dag_suivi.py
[2026-08-05T14:44:47.393+0000] {processor.py:839} INFO - DAG(s) dict_keys(['pipeline_ingestion_suivi']) retrieved from /opt/airflow/dags/dag_suivi.py
[2026-08-05T14:44:47.414+0000] {logging_mixin.py:151} INFO - [2026-08-05T14:44:47.414+0000] {dag.py:2941} INFO - Sync 1 DAGs
[2026-08-05T14:44:47.430+0000] {logging_mixin.py:151} INFO - [2026-08-05T14:44:47.430+0000] {dag.py:3722} INFO - Setting next_dagrun for pipeline_ingestion_suivi to 2026-08-05T14:00:00+00:00, run_after=2026-08-05T15:00:00+00:00
[2026-08-05T14:44:47.457+0000] {processor.py:179} INFO - Processing /opt/airflow/dags/dag_suivi.py took 0.082 seconds
[2026-08-05T14:45:17.647+0000] {processor.py:157} INFO - Started process (PID=2587) to work on /opt/airflow/dags/dag_suivi.py
[2026-08-05T14:45:17.648+0000] {processor.py:829} INFO - Processing file /opt/airflow/dags/dag_suivi.py for tasks to queue
[2026-08-05T14:45:17.648+0000] {logging_mixin.py:151} INFO - [2026-08-05T14:45:17.648+0000] {dagbag.py:536} INFO - Filling up the DagBag from /opt/airflow/dags/dag_suivi.py
[2026-08-05T14:45:17.668+0000] {processor.py:839} INFO - DAG(s) dict_keys(['pipeline_ingestion_suivi']) retrieved from /opt/airflow/dags/dag_suivi.py
[2026-08-05T14:45:17.692+0000] {logging_mixin.py:151} INFO - [2026-08-05T14:45:17.692+0000] {dag.py:2941} INFO - Sync 1 DAGs
[2026-08-05T14:45:17.709+0000] {logging_mixin.py:151} INFO - [2026-08-05T14:45:17.709+0000] {dag.py:3722} INFO - Setting next_dagrun for pipeline_ingestion_suivi to 2026-08-05T14:00:00+00:00, run_after=2026-08-05T15:00:00+00:00
[2026-08-05T14:45:17.738+0000] {processor.py:179} INFO - Processing /opt/airflow/dags/dag_suivi.py took 0.094 seconds
[2026-08-05T14:45:47.945+0000] {processor.py:157} INFO - Started process (PID=2592) to work on /opt/airflow/dags/dag_suivi.py
[2026-08-05T14:45:47.946+0000] {processor.py:829} INFO - Processing file /opt/airflow/dags/dag_suivi.py for tasks to queue
[2026-08-05T14:45:47.947+0000] {logging_mixin.py:151} INFO - [2026-08-05T14:45:47.946+0000] {dagbag.py:536} INFO - Filling up the DagBag from /opt/airflow/dags/dag_suivi.py
[2026-08-05T14:45:47.962+0000] {processor.py:839} INFO - DAG(s) dict_keys(['pipeline_ingestion_suivi']) retrieved from /opt/airflow/dags/dag_suivi.py
[2026-08-05T14:45:47.986+0000] {logging_mixin.py:151} INFO - [2026-08-05T14:45:47.986+0000] {dag.py:2941} INFO - Sync 1 DAGs
[2026-08-05T14:45:48.006+0000] {logging_mixin.py:151} INFO - [2026-08-05T14:45:48.006+0000] {dag.py:3722} INFO - Setting next_dagrun for pipeline_ingestion_suivi to 2026-08-05T14:00:00+00:00, run_after=2026-08-05T15:00:00+00:00
[2026-08-05T14:45:48.023+0000] {processor.py:179} INFO - Processing /opt/airflow/dags/dag_suivi.py took 0.080 seconds
[2026-08-05T14:46:18.184+0000] {processor.py:157} INFO - Started process (PID=2597) to work on /opt/airflow/dags/dag_suivi.py
[2026-08-05T14:46:18.185+0000] {processor.py:829} INFO - Processing file /opt/airflow/dags/dag_suivi.py for tasks to queue
[2026-08-05T14:46:18.186+0000] {logging_mixin.py:151} INFO - [2026-08-05T14:46:18.186+0000] {dagbag.py:536} INFO - Filling up the DagBag from /opt/airflow/dags/dag_suivi.py
[2026-08-05T14:46:18.202+0000] {processor.py:839} INFO - DAG(s) dict_keys(['pipeline_ingestion_suivi']) retrieved from /opt/airflow/dags/dag_suivi.py
[2026-08-05T14:46:18.225+0000] {logging_mixin.py:151} INFO - [2026-08-05T14:46:18.225+0000] {dag.py:2941} INFO - Sync 1 DAGs
[2026-08-05T14:46:18.242+0000] {logging_mixin.py:151} INFO - [2026-08-05T14:46:18.242+0000] {dag.py:3722} INFO - Setting next_dagrun for pipeline_ingestion_suivi to 2026-08-05T14:00:00+00:00, run_after=2026-08-05T15:00:00+00:00
[2026-08-05T14:46:18.262+0000] {processor.py:179} INFO - Processing /opt/airflow/dags/dag_suivi.py took 0.080 seconds
[2026-08-05T14:46:48.490+0000] {processor.py:157} INFO - Started process (PID=2602) to work on /opt/airflow/dags/dag_suivi.py
[2026-08-05T14:46:48.490+0000] {processor.py:829} INFO - Processing file /opt/airflow/dags/dag_suivi.py for tasks to queue
[2026-08-05T14:46:48.491+0000] {logging_mixin.py:151} INFO - [2026-08-05T14:46:48.491+0000] {dagbag.py:536} INFO - Filling up the DagBag from /opt/airflow/dags/dag_suivi.py
[2026-08-05T14:46:48.506+0000] {processor.py:839} INFO - DAG(s) dict_keys(['pipeline_ingestion_suivi']) retrieved from /opt/airflow/dags/dag_suivi.py
[2026-08-05T14:46:48.527+0000] {logging_mixin.py:151} INFO - [2026-08-05T14:46:48.527+0000] {dag.py:2941} INFO - Sync 1 DAGs
[2026-08-05T14:46:48.546+0000] {logging_mixin.py:151} INFO - [2026-08-05T14:46:48.546+0000] {dag.py:3722} INFO - Setting next_dagrun for pipeline_ingestion_suivi to 2026-08-05T14:00:00+00:00, run_after=2026-08-05T15:00:00+00:00
[2026-08-05T14:46:48.564+0000] {processor.py:179} INFO - Processing /opt/airflow/dags/dag_suivi.py took 0.077 seconds
[2026-08-05T14:47:18.740+0000] {processor.py:157} INFO - Started process (PID=2607) to work on /opt/airflow/dags/dag_suivi.py
[2026-08-05T14:47:18.741+0000] {processor.py:829} INFO - Processing file /opt/airflow/dags/dag_suivi.py for tasks to queue
[2026-08-05T14:47:18.741+0000] {logging_mixin.py:151} INFO - [2026-08-05T14:47:18.741+0000] {dagbag.py:536} INFO - Filling up the DagBag from /opt/airflow/dags/dag_suivi.py
[2026-08-05T14:47:18.758+0000] {processor.py:839} INFO - DAG(s) dict_keys(['pipeline_ingestion_suivi']) retrieved from /opt/airflow/dags/dag_suivi.py
[2026-08-05T14:47:18.780+0000] {logging_mixin.py:151} INFO - [2026-08-05T14:47:18.780+0000] {dag.py:2941} INFO - Sync 1 DAGs
[2026-08-05T14:47:18.800+0000] {logging_mixin.py:151} INFO - [2026-08-05T14:47:18.800+0000] {dag.py:3722} INFO - Setting next_dagrun for pipeline_ingestion_suivi to 2026-08-05T14:00:00+00:00, run_after=2026-08-05T15:00:00+00:00
[2026-08-05T14:47:18.826+0000] {processor.py:179} INFO - Processing /opt/airflow/dags/dag_suivi.py took 0.089 seconds
[2026-08-05T14:47:49.079+0000] {processor.py:157} INFO - Started process (PID=2612) to work on /opt/airflow/dags/dag_suivi.py
[2026-08-05T14:47:49.080+0000] {processor.py:829} INFO - Processing file /opt/airflow/dags/dag_suivi.py for tasks to queue
[2026-08-05T14:47:49.080+0000] {logging_mixin.py:151} INFO - [2026-08-05T14:47:49.080+0000] {dagbag.py:536} INFO - Filling up the DagBag from /opt/airflow/dags/dag_suivi.py
[2026-08-05T14:47:49.096+0000] {processor.py:839} INFO - DAG(s) dict_keys(['pipeline_ingestion_suivi']) retrieved from /opt/airflow/dags/dag_suivi.py
[2026-08-05T14:47:49.117+0000] {logging_mixin.py:151} INFO - [2026-08-05T14:47:49.117+0000] {dag.py:2941} INFO - Sync 1 DAGs
[2026-08-05T14:47:49.134+0000] {logging_mixin.py:151} INFO - [2026-08-05T14:47:49.134+0000] {dag.py:3722} INFO - Setting next_dagrun for pipeline_ingestion_suivi to 2026-08-05T14:00:00+00:00, run_after=2026-08-05T15:00:00+00:00
[2026-08-05T14:47:49.163+0000] {processor.py:179} INFO - Processing /opt/airflow/dags/dag_suivi.py took 0.086 seconds
[2026-08-05T14:48:19.346+0000] {processor.py:157} INFO - Started process (PID=2617) to work on /opt/airflow/dags/dag_suivi.py
[2026-08-05T14:48:19.347+0000] {processor.py:829} INFO - Processing file /opt/airflow/dags/dag_suivi.py for tasks to queue
[2026-08-05T14:48:19.348+0000] {logging_mixin.py:151} INFO - [2026-08-05T14:48:19.348+0000] {dagbag.py:536} INFO - Filling up the DagBag from /opt/airflow/dags/dag_suivi.py
[2026-08-05T14:48:19.370+0000] {processor.py:839} INFO - DAG(s) dict_keys(['pipeline_ingestion_suivi']) retrieved from /opt/airflow/dags/dag_suivi.py
[2026-08-05T14:48:19.395+0000] {logging_mixin.py:151} INFO - [2026-08-05T14:48:19.394+0000] {dag.py:2941} INFO - Sync 1 DAGs
[2026-08-05T14:48:19.411+0000] {logging_mixin.py:151} INFO - [2026-08-05T14:48:19.411+0000] {dag.py:3722} INFO - Setting next_dagrun for pipeline_ingestion_suivi to 2026-08-05T14:00:00+00:00, run_after=2026-08-05T15:00:00+00:00
[2026-08-05T14:48:19.438+0000] {processor.py:179} INFO - Processing /opt/airflow/dags/dag_suivi.py took 0.095 seconds
[2026-08-05T14:48:49.658+0000] {processor.py:157} INFO - Started process (PID=2622) to work on /opt/airflow/dags/dag_suivi.py
[2026-08-05T14:48:49.658+0000] {processor.py:829} INFO - Processing file /opt/airflow/dags/dag_suivi.py for tasks to queue
[2026-08-05T14:48:49.659+0000] {logging_mixin.py:151} INFO - [2026-08-05T14:48:49.659+0000] {dagbag.py:536} INFO - Filling up the DagBag from /opt/airflow/dags/dag_suivi.py
[2026-08-05T14:48:49.676+0000] {processor.py:839} INFO - DAG(s) dict_keys(['pipeline_ingestion_suivi']) retrieved from /opt/airflow/dags/dag_suivi.py
[2026-08-05T14:48:49.696+0000] {logging_mixin.py:151} INFO - [2026-08-05T14:48:49.696+0000] {dag.py:2941} INFO - Sync 1 DAGs
[2026-08-05T14:48:49.713+0000] {logging_mixin.py:151} INFO - [2026-08-05T14:48:49.713+0000] {dag.py:3722} INFO - Setting next_dagrun for pipeline_ingestion_suivi to 2026-08-05T14:00:00+00:00, run_after=2026-08-05T15:00:00+00:00
[2026-08-05T14:48:49.740+0000] {processor.py:179} INFO - Processing /opt/airflow/dags/dag_suivi.py took 0.085 seconds
[2026-08-05T14:49:19.910+0000] {processor.py:157} INFO - Started process (PID=2627) to work on /opt/airflow/dags/dag_suivi.py
[2026-08-05T14:49:19.911+0000] {processor.py:829} INFO - Processing file /opt/airflow/dags/dag_suivi.py for tasks to queue
[2026-08-05T14:49:19.912+0000] {logging_mixin.py:151} INFO - [2026-08-05T14:49:19.911+0000] {dagbag.py:536} INFO - Filling up the DagBag from /opt/airflow/dags/dag_suivi.py
[2026-08-05T14:49:19.930+0000] {processor.py:839} INFO - DAG(s) dict_keys(['pipeline_ingestion_suivi']) retrieved from /opt/airflow/dags/dag_suivi.py
[2026-08-05T14:49:19.954+0000] {logging_mixin.py:151} INFO - [2026-08-05T14:49:19.954+0000] {dag.py:2941} INFO - Sync 1 DAGs
[2026-08-05T14:49:19.971+0000] {logging_mixin.py:151} INFO - [2026-08-05T14:49:19.971+0000] {dag.py:3722} INFO - Setting next_dagrun for pipeline_ingestion_suivi to 2026-08-05T14:00:00+00:00, run_after=2026-08-05T15:00:00+00:00
[2026-08-05T14:49:19.998+0000] {processor.py:179} INFO - Processing /opt/airflow/dags/dag_suivi.py took 0.091 seconds
[2026-08-05T14:49:50.187+0000] {processor.py:157} INFO - Started process (PID=2632) to work on /opt/airflow/dags/dag_suivi.py
[2026-08-05T14:49:50.187+0000] {processor.py:829} INFO - Processing file /opt/airflow/dags/dag_suivi.py for tasks to queue
[2026-08-05T14:49:50.188+0000] {logging_mixin.py:151} INFO - [2026-08-05T14:49:50.188+0000] {dagbag.py:536} INFO - Filling up the DagBag from /opt/airflow/dags/dag_suivi.py
[2026-08-05T14:49:50.204+0000] {processor.py:839} INFO - DAG(s) dict_keys(['pipeline_ingestion_suivi']) retrieved from /opt/airflow/dags/dag_suivi.py
[2026-08-05T14:49:50.226+0000] {logging_mixin.py:151} INFO - [2026-08-05T14:49:50.226+0000] {dag.py:2941} INFO - Sync 1 DAGs
[2026-08-05T14:49:50.245+0000] {logging_mixin.py:151} INFO - [2026-08-05T14:49:50.244+0000] {dag.py:3722} INFO - Setting next_dagrun for pipeline_ingestion_suivi to 2026-08-05T14:00:00+00:00, run_after=2026-08-05T15:00:00+00:00
[2026-08-05T14:49:50.262+0000] {processor.py:179} INFO - Processing /opt/airflow/dags/dag_suivi.py took 0.077 seconds
[2026-08-05T14:50:20.458+0000] {processor.py:157} INFO - Started process (PID=2637) to work on /opt/airflow/dags/dag_suivi.py
[2026-08-05T14:50:20.459+0000] {processor.py:829} INFO - Processing file /opt/airflow/dags/dag_suivi.py for tasks to queue
[2026-08-05T14:50:20.460+0000] {logging_mixin.py:151} INFO - [2026-08-05T14:50:20.460+0000] {dagbag.py:536} INFO - Filling up the DagBag from /opt/airflow/dags/dag_suivi.py
[2026-08-05T14:50:20.478+0000] {processor.py:839} INFO - DAG(s) dict_keys(['pipeline_ingestion_suivi']) retrieved from /opt/airflow/dags/dag_suivi.py
[2026-08-05T14:50:20.500+0000] {logging_mixin.py:151} INFO - [2026-08-05T14:50:20.500+0000] {dag.py:2941} INFO - Sync 1 DAGs
[2026-08-05T14:50:20.520+0000] {logging_mixin.py:151} INFO - [2026-08-05T14:50:20.520+0000] {dag.py:3722} INFO - Setting next_dagrun for pipeline_ingestion_suivi to 2026-08-05T14:00:00+00:00, run_after=2026-08-05T15:00:00+00:00
[2026-08-05T14:50:20.548+0000] {processor.py:179} INFO - Processing /opt/airflow/dags/dag_suivi.py took 0.093 seconds
[2026-08-05T14:50:50.729+0000] {processor.py:157} INFO - Started process (PID=2642) to work on /opt/airflow/dags/dag_suivi.py
[2026-08-05T14:50:50.730+0000] {processor.py:829} INFO - Processing file /opt/airflow/dags/dag_suivi.py for tasks to queue
[2026-08-05T14:50:50.731+0000] {logging_mixin.py:151} INFO - [2026-08-05T14:50:50.731+0000] {dagbag.py:536} INFO - Filling up the DagBag from /opt/airflow/dags/dag_suivi.py
[2026-08-05T14:50:50.748+0000] {processor.py:839} INFO - DAG(s) dict_keys(['pipeline_ingestion_suivi']) retrieved from /opt/airflow/dags/dag_suivi.py
[2026-08-05T14:50:50.775+0000] {logging_mixin.py:151} INFO - [2026-08-05T14:50:50.775+0000] {dag.py:2941} INFO - Sync 1 DAGs
[2026-08-05T14:50:50.792+0000] {logging_mixin.py:151} INFO - [2026-08-05T14:50:50.792+0000] {dag.py:3722} INFO - Setting next_dagrun for pipeline_ingestion_suivi to 2026-08-05T14:00:00+00:00, run_after=2026-08-05T15:00:00+00:00
[2026-08-05T14:50:50.819+0000] {processor.py:179} INFO - Processing /opt/airflow/dags/dag_suivi.py took 0.093 seconds
[2026-08-05T14:51:21.035+0000] {processor.py:157} INFO - Started process (PID=2647) to work on /opt/airflow/dags/dag_suivi.py
[2026-08-05T14:51:21.036+0000] {processor.py:829} INFO - Processing file /opt/airflow/dags/dag_suivi.py for tasks to queue
[2026-08-05T14:51:21.037+0000] {logging_mixin.py:151} INFO - [2026-08-05T14:51:21.036+0000] {dagbag.py:536} INFO - Filling up the DagBag from /opt/airflow/dags/dag_suivi.py
[2026-08-05T14:51:21.063+0000] {processor.py:839} INFO - DAG(s) dict_keys(['pipeline_ingestion_suivi']) retrieved from /opt/airflow/dags/dag_suivi.py
[2026-08-05T14:51:21.095+0000] {logging_mixin.py:151} INFO - [2026-08-05T14:51:21.094+0000] {dag.py:2941} INFO - Sync 1 DAGs
[2026-08-05T14:51:21.122+0000] {logging_mixin.py:151} INFO - [2026-08-05T14:51:21.122+0000] {dag.py:3722} INFO - Setting next_dagrun for pipeline_ingestion_suivi to 2026-08-05T14:00:00+00:00, run_after=2026-08-05T15:00:00+00:00
[2026-08-05T14:51:21.159+0000] {processor.py:179} INFO - Processing /opt/airflow/dags/dag_suivi.py took 0.128 seconds
[2026-08-05T14:51:51.276+0000] {processor.py:157} INFO - Started process (PID=2652) to work on /opt/airflow/dags/dag_suivi.py
[2026-08-05T14:51:51.277+0000] {processor.py:829} INFO - Processing file /opt/airflow/dags/dag_suivi.py for tasks to queue
[2026-08-05T14:51:51.278+0000] {logging_mixin.py:151} INFO - [2026-08-05T14:51:51.277+0000] {dagbag.py:536} INFO - Filling up the DagBag from /opt/airflow/dags/dag_suivi.py
[2026-08-05T14:51:51.296+0000] {processor.py:839} INFO - DAG(s) dict_keys(['pipeline_ingestion_suivi']) retrieved from /opt/airflow/dags/dag_suivi.py
[2026-08-05T14:51:51.319+0000] {logging_mixin.py:151} INFO - [2026-08-05T14:51:51.319+0000] {dag.py:2941} INFO - Sync 1 DAGs
[2026-08-05T14:51:51.337+0000] {logging_mixin.py:151} INFO - [2026-08-05T14:51:51.337+0000] {dag.py:3722} INFO - Setting next_dagrun for pipeline_ingestion_suivi to 2026-08-05T14:00:00+00:00, run_after=2026-08-05T15:00:00+00:00
[2026-08-05T14:51:51.356+0000] {processor.py:179} INFO - Processing /opt/airflow/dags/dag_suivi.py took 0.084 seconds
[2026-08-05T14:52:21.543+0000] {processor.py:157} INFO - Started process (PID=2657) to work on /opt/airflow/dags/dag_suivi.py
[2026-08-05T14:52:21.543+0000] {processor.py:829} INFO - Processing file /opt/airflow/dags/dag_suivi.py for tasks to queue
[2026-08-05T14:52:21.544+0000] {logging_mixin.py:151} INFO - [2026-08-05T14:52:21.544+0000] {dagbag.py:536} INFO - Filling up the DagBag from /opt/airflow/dags/dag_suivi.py
[2026-08-05T14:52:21.561+0000] {processor.py:839} INFO - DAG(s) dict_keys(['pipeline_ingestion_suivi']) retrieved from /opt/airflow/dags/dag_suivi.py
[2026-08-05T14:52:21.584+0000] {logging_mixin.py:151} INFO - [2026-08-05T14:52:21.584+0000] {dag.py:2941} INFO - Sync 1 DAGs
[2026-08-05T14:52:21.602+0000] {logging_mixin.py:151} INFO - [2026-08-05T14:52:21.602+0000] {dag.py:3722} INFO - Setting next_dagrun for pipeline_ingestion_suivi to 2026-08-05T14:00:00+00:00, run_after=2026-08-05T15:00:00+00:00
[2026-08-05T14:52:21.620+0000] {processor.py:179} INFO - Processing /opt/airflow/dags/dag_suivi.py took 0.080 seconds
[2026-08-05T14:52:51.874+0000] {processor.py:157} INFO - Started process (PID=2662) to work on /opt/airflow/dags/dag_suivi.py
[2026-08-05T14:52:51.875+0000] {processor.py:829} INFO - Processing file /opt/airflow/dags/dag_suivi.py for tasks to queue
[2026-08-05T14:52:51.876+0000] {logging_mixin.py:151} INFO - [2026-08-05T14:52:51.875+0000] {dagbag.py:536} INFO - Filling up the DagBag from /opt/airflow/dags/dag_suivi.py
[2026-08-05T14:52:51.895+0000] {processor.py:839} INFO - DAG(s) dict_keys(['pipeline_ingestion_suivi']) retrieved from /opt/airflow/dags/dag_suivi.py
[2026-08-05T14:52:51.920+0000] {logging_mixin.py:151} INFO - [2026-08-05T14:52:51.919+0000] {dag.py:2941} INFO - Sync 1 DAGs
[2026-08-05T14:52:51.939+0000] {logging_mixin.py:151} INFO - [2026-08-05T14:52:51.939+0000] {dag.py:3722} INFO - Setting next_dagrun for pipeline_ingestion_suivi to 2026-08-05T14:00:00+00:00, run_after=2026-08-05T15:00:00+00:00
[2026-08-05T14:52:51.968+0000] {processor.py:179} INFO - Processing /opt/airflow/dags/dag_suivi.py took 0.097 seconds
[2026-08-05T14:53:22.136+0000] {processor.py:157} INFO - Started process (PID=2667) to work on /opt/airflow/dags/dag_suivi.py
[2026-08-05T14:53:22.136+0000] {processor.py:829} INFO - Processing file /opt/airflow/dags/dag_suivi.py for tasks to queue
[2026-08-05T14:53:22.137+0000] {logging_mixin.py:151} INFO - [2026-08-05T14:53:22.137+0000] {dagbag.py:536} INFO - Filling up the DagBag from /opt/airflow/dags/dag_suivi.py
[2026-08-05T14:53:22.155+0000] {processor.py:839} INFO - DAG(s) dict_keys(['pipeline_ingestion_suivi']) retrieved from /opt/airflow/dags/dag_suivi.py
[2026-08-05T14:53:22.183+0000] {logging_mixin.py:151} INFO - [2026-08-05T14:53:22.183+0000] {dag.py:2941} INFO - Sync 1 DAGs
[2026-08-05T14:53:22.201+0000] {logging_mixin.py:151} INFO - [2026-08-05T14:53:22.201+0000] {dag.py:3722} INFO - Setting next_dagrun for pipeline_ingestion_suivi to 2026-08-05T14:00:00+00:00, run_after=2026-08-05T15:00:00+00:00
[2026-08-05T14:53:22.218+0000] {processor.py:179} INFO - Processing /opt/airflow/dags/dag_suivi.py took 0.085 seconds
[2026-08-05T14:53:52.434+0000] {processor.py:157} INFO - Started process (PID=2672) to work on /opt/airflow/dags/dag_suivi.py
[2026-08-05T14:53:52.434+0000] {processor.py:829} INFO - Processing file /opt/airflow/dags/dag_suivi.py for tasks to queue
[2026-08-05T14:53:52.435+0000] {logging_mixin.py:151} INFO - [2026-08-05T14:53:52.435+0000] {dagbag.py:536} INFO - Filling up the DagBag from /opt/airflow/dags/dag_suivi.py
[2026-08-05T14:53:52.451+0000] {processor.py:839} INFO - DAG(s) dict_keys(['pipeline_ingestion_suivi']) retrieved from /opt/airflow/dags/dag_suivi.py
[2026-08-05T14:53:52.471+0000] {logging_mixin.py:151} INFO - [2026-08-05T14:53:52.471+0000] {dag.py:2941} INFO - Sync 1 DAGs
[2026-08-05T14:53:52.488+0000] {logging_mixin.py:151} INFO - [2026-08-05T14:53:52.488+0000] {dag.py:3722} INFO - Setting next_dagrun for pipeline_ingestion_suivi to 2026-08-05T14:00:00+00:00, run_after=2026-08-05T15:00:00+00:00
[2026-08-05T14:53:52.517+0000] {processor.py:179} INFO - Processing /opt/airflow/dags/dag_suivi.py took 0.086 seconds
[2026-08-05T14:54:22.709+0000] {processor.py:157} INFO - Started process (PID=2677) to work on /opt/airflow/dags/dag_suivi.py
[2026-08-05T14:54:22.709+0000] {processor.py:829} INFO - Processing file /opt/airflow/dags/dag_suivi.py for tasks to queue
[2026-08-05T14:54:22.710+0000] {logging_mixin.py:151} INFO - [2026-08-05T14:54:22.710+0000] {dagbag.py:536} INFO - Filling up the DagBag from /opt/airflow/dags/dag_suivi.py
[2026-08-05T14:54:22.727+0000] {processor.py:839} INFO - DAG(s) dict_keys(['pipeline_ingestion_suivi']) retrieved from /opt/airflow/dags/dag_suivi.py
[2026-08-05T14:54:22.749+0000] {logging_mixin.py:151} INFO - [2026-08-05T14:54:22.749+0000] {dag.py:2941} INFO - Sync 1 DAGs
[2026-08-05T14:54:22.766+0000] {logging_mixin.py:151} INFO - [2026-08-05T14:54:22.766+0000] {dag.py:3722} INFO - Setting next_dagrun for pipeline_ingestion_suivi to 2026-08-05T14:00:00+00:00, run_after=2026-08-05T15:00:00+00:00
[2026-08-05T14:54:22.783+0000] {processor.py:179} INFO - Processing /opt/airflow/dags/dag_suivi.py took 0.077 seconds
[2026-08-05T14:54:52.991+0000] {processor.py:157} INFO - Started process (PID=2682) to work on /opt/airflow/dags/dag_suivi.py
[2026-08-05T14:54:52.991+0000] {processor.py:829} INFO - Processing file /opt/airflow/dags/dag_suivi.py for tasks to queue
[2026-08-05T14:54:52.994+0000] {logging_mixin.py:151} INFO - [2026-08-05T14:54:52.994+0000] {dagbag.py:536} INFO - Filling up the DagBag from /opt/airflow/dags/dag_suivi.py
[2026-08-05T14:54:53.014+0000] {processor.py:839} INFO - DAG(s) dict_keys(['pipeline_ingestion_suivi']) retrieved from /opt/airflow/dags/dag_suivi.py
[2026-08-05T14:54:53.041+0000] {logging_mixin.py:151} INFO - [2026-08-05T14:54:53.040+0000] {dag.py:2941} INFO - Sync 1 DAGs
[2026-08-05T14:54:53.063+0000] {logging_mixin.py:151} INFO - [2026-08-05T14:54:53.063+0000] {dag.py:3722} INFO - Setting next_dagrun for pipeline_ingestion_suivi to 2026-08-05T14:00:00+00:00, run_after=2026-08-05T15:00:00+00:00
[2026-08-05T14:54:53.083+0000] {processor.py:179} INFO - Processing /opt/airflow/dags/dag_suivi.py took 0.095 seconds
[2026-08-05T14:55:23.234+0000] {processor.py:157} INFO - Started process (PID=2687) to work on /opt/airflow/dags/dag_suivi.py
[2026-08-05T14:55:23.235+0000] {processor.py:829} INFO - Processing file /opt/airflow/dags/dag_suivi.py for tasks to queue
[2026-08-05T14:55:23.236+0000] {logging_mixin.py:151} INFO - [2026-08-05T14:55:23.236+0000] {dagbag.py:536} INFO - Filling up the DagBag from /opt/airflow/dags/dag_suivi.py
[2026-08-05T14:55:23.255+0000] {processor.py:839} INFO - DAG(s) dict_keys(['pipeline_ingestion_suivi']) retrieved from /opt/airflow/dags/dag_suivi.py
[2026-08-05T14:55:23.279+0000] {logging_mixin.py:151} INFO - [2026-08-05T14:55:23.279+0000] {dag.py:2941} INFO - Sync 1 DAGs
[2026-08-05T14:55:23.297+0000] {logging_mixin.py:151} INFO - [2026-08-05T14:55:23.297+0000] {dag.py:3722} INFO - Setting next_dagrun for pipeline_ingestion_suivi to 2026-08-05T14:00:00+00:00, run_after=2026-08-05T15:00:00+00:00
[2026-08-05T14:55:23.320+0000] {processor.py:179} INFO - Processing /opt/airflow/dags/dag_suivi.py took 0.089 seconds
[2026-08-05T14:55:53.527+0000] {processor.py:157} INFO - Started process (PID=2692) to work on /opt/airflow/dags/dag_suivi.py
[2026-08-05T14:55:53.528+0000] {processor.py:829} INFO - Processing file /opt/airflow/dags/dag_suivi.py for tasks to queue
[2026-08-05T14:55:53.528+0000] {logging_mixin.py:151} INFO - [2026-08-05T14:55:53.528+0000] {dagbag.py:536} INFO - Filling up the DagBag from /opt/airflow/dags/dag_suivi.py
[2026-08-05T14:55:53.546+0000] {processor.py:839} INFO - DAG(s) dict_keys(['pipeline_ingestion_suivi']) retrieved from /opt/airflow/dags/dag_suivi.py
[2026-08-05T14:55:53.570+0000] {logging_mixin.py:151} INFO - [2026-08-05T14:55:53.570+0000] {dag.py:2941} INFO - Sync 1 DAGs
[2026-08-05T14:55:53.588+0000] {logging_mixin.py:151} INFO - [2026-08-05T14:55:53.588+0000] {dag.py:3722} INFO - Setting next_dagrun for pipeline_ingestion_suivi to 2026-08-05T14:00:00+00:00, run_after=2026-08-05T15:00:00+00:00
[2026-08-05T14:55:53.607+0000] {processor.py:179} INFO - Processing /opt/airflow/dags/dag_suivi.py took 0.082 seconds
[2026-08-05T14:56:23.795+0000] {processor.py:157} INFO - Started process (PID=2697) to work on /opt/airflow/dags/dag_suivi.py
[2026-08-05T14:56:23.795+0000] {processor.py:829} INFO - Processing file /opt/airflow/dags/dag_suivi.py for tasks to queue
[2026-08-05T14:56:23.796+0000] {logging_mixin.py:151} INFO - [2026-08-05T14:56:23.796+0000] {dagbag.py:536} INFO - Filling up the DagBag from /opt/airflow/dags/dag_suivi.py
[2026-08-05T14:56:23.813+0000] {processor.py:839} INFO - DAG(s) dict_keys(['pipeline_ingestion_suivi']) retrieved from /opt/airflow/dags/dag_suivi.py
[2026-08-05T14:56:23.838+0000] {logging_mixin.py:151} INFO - [2026-08-05T14:56:23.838+0000] {dag.py:2941} INFO - Sync 1 DAGs
[2026-08-05T14:56:23.856+0000] {logging_mixin.py:151} INFO - [2026-08-05T14:56:23.856+0000] {dag.py:3722} INFO - Setting next_dagrun for pipeline_ingestion_suivi to 2026-08-05T14:00:00+00:00, run_after=2026-08-05T15:00:00+00:00
[2026-08-05T14:56:23.874+0000] {processor.py:179} INFO - Processing /opt/airflow/dags/dag_suivi.py took 0.082 seconds
[2026-08-05T14:56:54.106+0000] {processor.py:157} INFO - Started process (PID=2702) to work on /opt/airflow/dags/dag_suivi.py
[2026-08-05T14:56:54.107+0000] {processor.py:829} INFO - Processing file /opt/airflow/dags/dag_suivi.py for tasks to queue
[2026-08-05T14:56:54.108+0000] {logging_mixin.py:151} INFO - [2026-08-05T14:56:54.107+0000] {dagbag.py:536} INFO - Filling up the DagBag from /opt/airflow/dags/dag_suivi.py
[2026-08-05T14:56:54.143+0000] {processor.py:839} INFO - DAG(s) dict_keys(['pipeline_ingestion_suivi']) retrieved from /opt/airflow/dags/dag_suivi.py
[2026-08-05T14:56:54.176+0000] {logging_mixin.py:151} INFO - [2026-08-05T14:56:54.175+0000] {dag.py:2941} INFO - Sync 1 DAGs
[2026-08-05T14:56:54.203+0000] {logging_mixin.py:151} INFO - [2026-08-05T14:56:54.202+0000] {dag.py:3722} INFO - Setting next_dagrun for pipeline_ingestion_suivi to 2026-08-05T14:00:00+00:00, run_after=2026-08-05T15:00:00+00:00
[2026-08-05T14:56:54.226+0000] {processor.py:179} INFO - Processing /opt/airflow/dags/dag_suivi.py took 0.124 seconds
[2026-08-05T14:57:24.340+0000] {processor.py:157} INFO - Started process (PID=2707) to work on /opt/airflow/dags/dag_suivi.py
[2026-08-05T14:57:24.341+0000] {processor.py:829} INFO - Processing file /opt/airflow/dags/dag_suivi.py for tasks to queue
[2026-08-05T14:57:24.342+0000] {logging_mixin.py:151} INFO - [2026-08-05T14:57:24.342+0000] {dagbag.py:536} INFO - Filling up the DagBag from /opt/airflow/dags/dag_suivi.py
[2026-08-05T14:57:24.360+0000] {processor.py:839} INFO - DAG(s) dict_keys(['pipeline_ingestion_suivi']) retrieved from /opt/airflow/dags/dag_suivi.py
[2026-08-05T14:57:24.386+0000] {logging_mixin.py:151} INFO - [2026-08-05T14:57:24.386+0000] {dag.py:2941} INFO - Sync 1 DAGs
[2026-08-05T14:57:24.408+0000] {logging_mixin.py:151} INFO - [2026-08-05T14:57:24.408+0000] {dag.py:3722} INFO - Setting next_dagrun for pipeline_ingestion_suivi to 2026-08-05T14:00:00+00:00, run_after=2026-08-05T15:00:00+00:00
[2026-08-05T14:57:24.427+0000] {processor.py:179} INFO - Processing /opt/airflow/dags/dag_suivi.py took 0.090 seconds
[2026-08-05T14:57:54.604+0000] {processor.py:157} INFO - Started process (PID=2712) to work on /opt/airflow/dags/dag_suivi.py
[2026-08-05T14:57:54.605+0000] {processor.py:829} INFO - Processing file /opt/airflow/dags/dag_suivi.py for tasks to queue
[2026-08-05T14:57:54.605+0000] {logging_mixin.py:151} INFO - [2026-08-05T14:57:54.605+0000] {dagbag.py:536} INFO - Filling up the DagBag from /opt/airflow/dags/dag_suivi.py
[2026-08-05T14:57:54.623+0000] {processor.py:839} INFO - DAG(s) dict_keys(['pipeline_ingestion_suivi']) retrieved from /opt/airflow/dags/dag_suivi.py
[2026-08-05T14:57:54.648+0000] {logging_mixin.py:151} INFO - [2026-08-05T14:57:54.647+0000] {dag.py:2941} INFO - Sync 1 DAGs
[2026-08-05T14:57:54.665+0000] {logging_mixin.py:151} INFO - [2026-08-05T14:57:54.665+0000] {dag.py:3722} INFO - Setting next_dagrun for pipeline_ingestion_suivi to 2026-08-05T14:00:00+00:00, run_after=2026-08-05T15:00:00+00:00
[2026-08-05T14:57:54.683+0000] {processor.py:179} INFO - Processing /opt/airflow/dags/dag_suivi.py took 0.081 seconds
[2026-08-05T14:58:24.926+0000] {processor.py:157} INFO - Started process (PID=2717) to work on /opt/airflow/dags/dag_suivi.py
[2026-08-05T14:58:24.927+0000] {processor.py:829} INFO - Processing file /opt/airflow/dags/dag_suivi.py for tasks to queue
[2026-08-05T14:58:24.927+0000] {logging_mixin.py:151} INFO - [2026-08-05T14:58:24.927+0000] {dagbag.py:536} INFO - Filling up the DagBag from /opt/airflow/dags/dag_suivi.py
[2026-08-05T14:58:24.945+0000] {processor.py:839} INFO - DAG(s) dict_keys(['pipeline_ingestion_suivi']) retrieved from /opt/airflow/dags/dag_suivi.py
[2026-08-05T14:58:24.968+0000] {logging_mixin.py:151} INFO - [2026-08-05T14:58:24.968+0000] {dag.py:2941} INFO - Sync 1 DAGs
[2026-08-05T14:58:24.986+0000] {logging_mixin.py:151} INFO - [2026-08-05T14:58:24.986+0000] {dag.py:3722} INFO - Setting next_dagrun for pipeline_ingestion_suivi to 2026-08-05T14:00:00+00:00, run_after=2026-08-05T15:00:00+00:00
[2026-08-05T14:58:25.004+0000] {processor.py:179} INFO - Processing /opt/airflow/dags/dag_suivi.py took 0.080 seconds
[2026-08-05T14:58:55.175+0000] {processor.py:157} INFO - Started process (PID=2722) to work on /opt/airflow/dags/dag_suivi.py
[2026-08-05T14:58:55.176+0000] {processor.py:829} INFO - Processing file /opt/airflow/dags/dag_suivi.py for tasks to queue
[2026-08-05T14:58:55.177+0000] {logging_mixin.py:151} INFO - [2026-08-05T14:58:55.177+0000] {dagbag.py:536} INFO - Filling up the DagBag from /opt/airflow/dags/dag_suivi.py
[2026-08-05T14:58:55.193+0000] {processor.py:839} INFO - DAG(s) dict_keys(['pipeline_ingestion_suivi']) retrieved from /opt/airflow/dags/dag_suivi.py
[2026-08-05T14:58:55.220+0000] {logging_mixin.py:151} INFO - [2026-08-05T14:58:55.220+0000] {dag.py:2941} INFO - Sync 1 DAGs
[2026-08-05T14:58:55.238+0000] {logging_mixin.py:151} INFO - [2026-08-05T14:58:55.238+0000] {dag.py:3722} INFO - Setting next_dagrun for pipeline_ingestion_suivi to 2026-08-05T14:00:00+00:00, run_after=2026-08-05T15:00:00+00:00
[2026-08-05T14:58:55.255+0000] {processor.py:179} INFO - Processing /opt/airflow/dags/dag_suivi.py took 0.083 seconds
[2026-08-05T14:59:25.449+0000] {processor.py:157} INFO - Started process (PID=2727) to work on /opt/airflow/dags/dag_suivi.py
[2026-08-05T14:59:25.450+0000] {processor.py:829} INFO - Processing file /opt/airflow/dags/dag_suivi.py for tasks to queue
[2026-08-05T14:59:25.451+0000] {logging_mixin.py:151} INFO - [2026-08-05T14:59:25.450+0000] {dagbag.py:536} INFO - Filling up the DagBag from /opt/airflow/dags/dag_suivi.py
[2026-08-05T14:59:25.474+0000] {processor.py:839} INFO - DAG(s) dict_keys(['pipeline_ingestion_suivi']) retrieved from /opt/airflow/dags/dag_suivi.py
[2026-08-05T14:59:25.500+0000] {logging_mixin.py:151} INFO - [2026-08-05T14:59:25.500+0000] {dag.py:2941} INFO - Sync 1 DAGs
[2026-08-05T14:59:25.519+0000] {logging_mixin.py:151} INFO - [2026-08-05T14:59:25.519+0000] {dag.py:3722} INFO - Setting next_dagrun for pipeline_ingestion_suivi to 2026-08-05T14:00:00+00:00, run_after=2026-08-05T15:00:00+00:00
[2026-08-05T14:59:25.537+0000] {processor.py:179} INFO - Processing /opt/airflow/dags/dag_suivi.py took 0.093 seconds
[2026-08-05T14:59:55.700+0000] {processor.py:157} INFO - Started process (PID=2732) to work on /opt/airflow/dags/dag_suivi.py
[2026-08-05T14:59:55.701+0000] {processor.py:829} INFO - Processing file /opt/airflow/dags/dag_suivi.py for tasks to queue
[2026-08-05T14:59:55.702+0000] {logging_mixin.py:151} INFO - [2026-08-05T14:59:55.702+0000] {dagbag.py:536} INFO - Filling up the DagBag from /opt/airflow/dags/dag_suivi.py
[2026-08-05T14:59:55.720+0000] {processor.py:839} INFO - DAG(s) dict_keys(['pipeline_ingestion_suivi']) retrieved from /opt/airflow/dags/dag_suivi.py
[2026-08-05T14:59:55.744+0000] {logging_mixin.py:151} INFO - [2026-08-05T14:59:55.744+0000] {dag.py:2941} INFO - Sync 1 DAGs
[2026-08-05T14:59:55.762+0000] {logging_mixin.py:151} INFO - [2026-08-05T14:59:55.762+0000] {dag.py:3722} INFO - Setting next_dagrun for pipeline_ingestion_suivi to 2026-08-05T14:00:00+00:00, run_after=2026-08-05T15:00:00+00:00
[2026-08-05T14:59:55.789+0000] {processor.py:179} INFO - Processing /opt/airflow/dags/dag_suivi.py took 0.092 seconds
[2026-08-05T15:00:25.977+0000] {processor.py:157} INFO - Started process (PID=2739) to work on /opt/airflow/dags/dag_suivi.py
[2026-08-05T15:00:25.977+0000] {processor.py:829} INFO - Processing file /opt/airflow/dags/dag_suivi.py for tasks to queue
[2026-08-05T15:00:25.978+0000] {logging_mixin.py:151} INFO - [2026-08-05T15:00:25.978+0000] {dagbag.py:536} INFO - Filling up the DagBag from /opt/airflow/dags/dag_suivi.py
[2026-08-05T15:00:26.000+0000] {processor.py:839} INFO - DAG(s) dict_keys(['pipeline_ingestion_suivi']) retrieved from /opt/airflow/dags/dag_suivi.py
[2026-08-05T15:00:26.027+0000] {logging_mixin.py:151} INFO - [2026-08-05T15:00:26.027+0000] {dag.py:2941} INFO - Sync 1 DAGs
[2026-08-05T15:00:26.048+0000] {logging_mixin.py:151} INFO - [2026-08-05T15:00:26.048+0000] {dag.py:3722} INFO - Setting next_dagrun for pipeline_ingestion_suivi to 2026-08-05T15:00:00+00:00, run_after=2026-08-05T16:00:00+00:00
[2026-08-05T15:00:26.076+0000] {processor.py:179} INFO - Processing /opt/airflow/dags/dag_suivi.py took 0.101 seconds
[2026-08-05T15:00:56.232+0000] {processor.py:157} INFO - Started process (PID=2744) to work on /opt/airflow/dags/dag_suivi.py
[2026-08-05T15:00:56.233+0000] {processor.py:829} INFO - Processing file /opt/airflow/dags/dag_suivi.py for tasks to queue
[2026-08-05T15:00:56.234+0000] {logging_mixin.py:151} INFO - [2026-08-05T15:00:56.233+0000] {dagbag.py:536} INFO - Filling up the DagBag from /opt/airflow/dags/dag_suivi.py
[2026-08-05T15:00:56.249+0000] {processor.py:839} INFO - DAG(s) dict_keys(['pipeline_ingestion_suivi']) retrieved from /opt/airflow/dags/dag_suivi.py
[2026-08-05T15:00:56.271+0000] {logging_mixin.py:151} INFO - [2026-08-05T15:00:56.271+0000] {dag.py:2941} INFO - Sync 1 DAGs
[2026-08-05T15:00:56.288+0000] {logging_mixin.py:151} INFO - [2026-08-05T15:00:56.288+0000] {dag.py:3722} INFO - Setting next_dagrun for pipeline_ingestion_suivi to 2026-08-05T15:00:00+00:00, run_after=2026-08-05T16:00:00+00:00
[2026-08-05T15:00:56.306+0000] {processor.py:179} INFO - Processing /opt/airflow/dags/dag_suivi.py took 0.077 seconds
[2026-08-05T15:01:26.513+0000] {processor.py:157} INFO - Started process (PID=2749) to work on /opt/airflow/dags/dag_suivi.py
[2026-08-05T15:01:26.513+0000] {processor.py:829} INFO - Processing file /opt/airflow/dags/dag_suivi.py for tasks to queue
[2026-08-05T15:01:26.514+0000] {logging_mixin.py:151} INFO - [2026-08-05T15:01:26.514+0000] {dagbag.py:536} INFO - Filling up the DagBag from /opt/airflow/dags/dag_suivi.py
[2026-08-05T15:01:26.530+0000] {processor.py:839} INFO - DAG(s) dict_keys(['pipeline_ingestion_suivi']) retrieved from /opt/airflow/dags/dag_suivi.py
[2026-08-05T15:01:26.552+0000] {logging_mixin.py:151} INFO - [2026-08-05T15:01:26.552+0000] {dag.py:2941} INFO - Sync 1 DAGs
[2026-08-05T15:01:26.570+0000] {logging_mixin.py:151} INFO - [2026-08-05T15:01:26.569+0000] {dag.py:3722} INFO - Setting next_dagrun for pipeline_ingestion_suivi to 2026-08-05T15:00:00+00:00, run_after=2026-08-05T16:00:00+00:00
[2026-08-05T15:01:26.598+0000] {processor.py:179} INFO - Processing /opt/airflow/dags/dag_suivi.py took 0.088 seconds
[2026-08-05T15:01:56.776+0000] {processor.py:157} INFO - Started process (PID=2754) to work on /opt/airflow/dags/dag_suivi.py
[2026-08-05T15:01:56.777+0000] {processor.py:829} INFO - Processing file /opt/airflow/dags/dag_suivi.py for tasks to queue
[2026-08-05T15:01:56.778+0000] {logging_mixin.py:151} INFO - [2026-08-05T15:01:56.778+0000] {dagbag.py:536} INFO - Filling up the DagBag from /opt/airflow/dags/dag_suivi.py
[2026-08-05T15:01:56.799+0000] {processor.py:839} INFO - DAG(s) dict_keys(['pipeline_ingestion_suivi']) retrieved from /opt/airflow/dags/dag_suivi.py
[2026-08-05T15:01:56.827+0000] {logging_mixin.py:151} INFO - [2026-08-05T15:01:56.827+0000] {dag.py:2941} INFO - Sync 1 DAGs
[2026-08-05T15:01:56.846+0000] {logging_mixin.py:151} INFO - [2026-08-05T15:01:56.845+0000] {dag.py:3722} INFO - Setting next_dagrun for pipeline_ingestion_suivi to 2026-08-05T15:00:00+00:00, run_after=2026-08-05T16:00:00+00:00
[2026-08-05T15:01:56.863+0000] {processor.py:179} INFO - Processing /opt/airflow/dags/dag_suivi.py took 0.090 seconds
[2026-08-05T15:02:27.092+0000] {processor.py:157} INFO - Started process (PID=2759) to work on /opt/airflow/dags/dag_suivi.py
[2026-08-05T15:02:27.093+0000] {processor.py:829} INFO - Processing file /opt/airflow/dags/dag_suivi.py for tasks to queue
[2026-08-05T15:02:27.093+0000] {logging_mixin.py:151} INFO - [2026-08-05T15:02:27.093+0000] {dagbag.py:536} INFO - Filling up the DagBag from /opt/airflow/dags/dag_suivi.py
[2026-08-05T15:02:27.109+0000] {processor.py:839} INFO - DAG(s) dict_keys(['pipeline_ingestion_suivi']) retrieved from /opt/airflow/dags/dag_suivi.py
[2026-08-05T15:02:27.132+0000] {logging_mixin.py:151} INFO - [2026-08-05T15:02:27.132+0000] {dag.py:2941} INFO - Sync 1 DAGs
[2026-08-05T15:02:27.150+0000] {logging_mixin.py:151} INFO - [2026-08-05T15:02:27.150+0000] {dag.py:3722} INFO - Setting next_dagrun for pipeline_ingestion_suivi to 2026-08-05T15:00:00+00:00, run_after=2026-08-05T16:00:00+00:00
[2026-08-05T15:02:27.171+0000] {processor.py:179} INFO - Processing /opt/airflow/dags/dag_suivi.py took 0.082 seconds
[2026-08-05T15:02:57.392+0000] {processor.py:157} INFO - Started process (PID=2764) to work on /opt/airflow/dags/dag_suivi.py
[2026-08-05T15:02:57.393+0000] {processor.py:829} INFO - Processing file /opt/airflow/dags/dag_suivi.py for tasks to queue
[2026-08-05T15:02:57.394+0000] {logging_mixin.py:151} INFO - [2026-08-05T15:02:57.393+0000] {dagbag.py:536} INFO - Filling up the DagBag from /opt/airflow/dags/dag_suivi.py
[2026-08-05T15:02:57.411+0000] {processor.py:839} INFO - DAG(s) dict_keys(['pipeline_ingestion_suivi']) retrieved from /opt/airflow/dags/dag_suivi.py
[2026-08-05T15:02:57.433+0000] {logging_mixin.py:151} INFO - [2026-08-05T15:02:57.433+0000] {dag.py:2941} INFO - Sync 1 DAGs
[2026-08-05T15:02:57.450+0000] {logging_mixin.py:151} INFO - [2026-08-05T15:02:57.450+0000] {dag.py:3722} INFO - Setting next_dagrun for pipeline_ingestion_suivi to 2026-08-05T15:00:00+00:00, run_after=2026-08-05T16:00:00+00:00
[2026-08-05T15:02:57.468+0000] {processor.py:179} INFO - Processing /opt/airflow/dags/dag_suivi.py took 0.078 seconds
[2026-08-05T15:03:27.652+0000] {processor.py:157} INFO - Started process (PID=2769) to work on /opt/airflow/dags/dag_suivi.py
[2026-08-05T15:03:27.652+0000] {processor.py:829} INFO - Processing file /opt/airflow/dags/dag_suivi.py for tasks to queue
[2026-08-05T15:03:27.653+0000] {logging_mixin.py:151} INFO - [2026-08-05T15:03:27.653+0000] {dagbag.py:536} INFO - Filling up the DagBag from /opt/airflow/dags/dag_suivi.py
[2026-08-05T15:03:27.670+0000] {processor.py:839} INFO - DAG(s) dict_keys(['pipeline_ingestion_suivi']) retrieved from /opt/airflow/dags/dag_suivi.py
[2026-08-05T15:03:27.692+0000] {logging_mixin.py:151} INFO - [2026-08-05T15:03:27.692+0000] {dag.py:2941} INFO - Sync 1 DAGs
[2026-08-05T15:03:27.710+0000] {logging_mixin.py:151} INFO - [2026-08-05T15:03:27.710+0000] {dag.py:3722} INFO - Setting next_dagrun for pipeline_ingestion_suivi to 2026-08-05T15:00:00+00:00, run_after=2026-08-05T16:00:00+00:00
[2026-08-05T15:03:27.739+0000] {processor.py:179} INFO - Processing /opt/airflow/dags/dag_suivi.py took 0.090 seconds
[2026-08-05T15:03:57.952+0000] {processor.py:157} INFO - Started process (PID=2774) to work on /opt/airflow/dags/dag_suivi.py
[2026-08-05T15:03:57.953+0000] {processor.py:829} INFO - Processing file /opt/airflow/dags/dag_suivi.py for tasks to queue
[2026-08-05T15:03:57.954+0000] {logging_mixin.py:151} INFO - [2026-08-05T15:03:57.953+0000] {dagbag.py:536} INFO - Filling up the DagBag from /opt/airflow/dags/dag_suivi.py
[2026-08-05T15:03:57.970+0000] {processor.py:839} INFO - DAG(s) dict_keys(['pipeline_ingestion_suivi']) retrieved from /opt/airflow/dags/dag_suivi.py
[2026-08-05T15:03:57.991+0000] {logging_mixin.py:151} INFO - [2026-08-05T15:03:57.991+0000] {dag.py:2941} INFO - Sync 1 DAGs
[2026-08-05T15:03:58.010+0000] {logging_mixin.py:151} INFO - [2026-08-05T15:03:58.010+0000] {dag.py:3722} INFO - Setting next_dagrun for pipeline_ingestion_suivi to 2026-08-05T15:00:00+00:00, run_after=2026-08-05T16:00:00+00:00
[2026-08-05T15:03:58.027+0000] {processor.py:179} INFO - Processing /opt/airflow/dags/dag_suivi.py took 0.078 seconds
[2026-08-05T15:04:28.240+0000] {processor.py:157} INFO - Started process (PID=2779) to work on /opt/airflow/dags/dag_suivi.py
[2026-08-05T15:04:28.241+0000] {processor.py:829} INFO - Processing file /opt/airflow/dags/dag_suivi.py for tasks to queue
[2026-08-05T15:04:28.242+0000] {logging_mixin.py:151} INFO - [2026-08-05T15:04:28.242+0000] {dagbag.py:536} INFO - Filling up the DagBag from /opt/airflow/dags/dag_suivi.py
[2026-08-05T15:04:28.259+0000] {processor.py:839} INFO - DAG(s) dict_keys(['pipeline_ingestion_suivi']) retrieved from /opt/airflow/dags/dag_suivi.py
[2026-08-05T15:04:28.284+0000] {logging_mixin.py:151} INFO - [2026-08-05T15:04:28.284+0000] {dag.py:2941} INFO - Sync 1 DAGs
[2026-08-05T15:04:28.303+0000] {logging_mixin.py:151} INFO - [2026-08-05T15:04:28.303+0000] {dag.py:3722} INFO - Setting next_dagrun for pipeline_ingestion_suivi to 2026-08-05T15:00:00+00:00, run_after=2026-08-05T16:00:00+00:00
[2026-08-05T15:04:28.330+0000] {processor.py:179} INFO - Processing /opt/airflow/dags/dag_suivi.py took 0.093 seconds
[2026-08-05T15:04:58.521+0000] {processor.py:157} INFO - Started process (PID=2784) to work on /opt/airflow/dags/dag_suivi.py
[2026-08-05T15:04:58.522+0000] {processor.py:829} INFO - Processing file /opt/airflow/dags/dag_suivi.py for tasks to queue
[2026-08-05T15:04:58.523+0000] {logging_mixin.py:151} INFO - [2026-08-05T15:04:58.523+0000] {dagbag.py:536} INFO - Filling up the DagBag from /opt/airflow/dags/dag_suivi.py
[2026-08-05T15:04:58.541+0000] {processor.py:839} INFO - DAG(s) dict_keys(['pipeline_ingestion_suivi']) retrieved from /opt/airflow/dags/dag_suivi.py
[2026-08-05T15:04:58.564+0000] {logging_mixin.py:151} INFO - [2026-08-05T15:04:58.564+0000] {dag.py:2941} INFO - Sync 1 DAGs
[2026-08-05T15:04:58.581+0000] {logging_mixin.py:151} INFO - [2026-08-05T15:04:58.581+0000] {dag.py:3722} INFO - Setting next_dagrun for pipeline_ingestion_suivi to 2026-08-05T15:00:00+00:00, run_after=2026-08-05T16:00:00+00:00
[2026-08-05T15:04:58.598+0000] {processor.py:179} INFO - Processing /opt/airflow/dags/dag_suivi.py took 0.080 seconds
[2026-08-05T15:05:28.815+0000] {processor.py:157} INFO - Started process (PID=2789) to work on /opt/airflow/dags/dag_suivi.py
[2026-08-05T15:05:28.816+0000] {processor.py:829} INFO - Processing file /opt/airflow/dags/dag_suivi.py for tasks to queue
[2026-08-05T15:05:28.816+0000] {logging_mixin.py:151} INFO - [2026-08-05T15:05:28.816+0000] {dagbag.py:536} INFO - Filling up the DagBag from /opt/airflow/dags/dag_suivi.py
[2026-08-05T15:05:28.834+0000] {processor.py:839} INFO - DAG(s) dict_keys(['pipeline_ingestion_suivi']) retrieved from /opt/airflow/dags/dag_suivi.py
[2026-08-05T15:05:28.856+0000] {logging_mixin.py:151} INFO - [2026-08-05T15:05:28.856+0000] {dag.py:2941} INFO - Sync 1 DAGs
[2026-08-05T15:05:28.875+0000] {logging_mixin.py:151} INFO - [2026-08-05T15:05:28.875+0000] {dag.py:3722} INFO - Setting next_dagrun for pipeline_ingestion_suivi to 2026-08-05T15:00:00+00:00, run_after=2026-08-05T16:00:00+00:00
[2026-08-05T15:05:28.894+0000] {processor.py:179} INFO - Processing /opt/airflow/dags/dag_suivi.py took 0.081 seconds
[2026-08-05T15:05:59.084+0000] {processor.py:157} INFO - Started process (PID=2794) to work on /opt/airflow/dags/dag_suivi.py
[2026-08-05T15:05:59.085+0000] {processor.py:829} INFO - Processing file /opt/airflow/dags/dag_suivi.py for tasks to queue
[2026-08-05T15:05:59.086+0000] {logging_mixin.py:151} INFO - [2026-08-05T15:05:59.086+0000] {dagbag.py:536} INFO - Filling up the DagBag from /opt/airflow/dags/dag_suivi.py
[2026-08-05T15:05:59.103+0000] {processor.py:839} INFO - DAG(s) dict_keys(['pipeline_ingestion_suivi']) retrieved from /opt/airflow/dags/dag_suivi.py
[2026-08-05T15:05:59.125+0000] {logging_mixin.py:151} INFO - [2026-08-05T15:05:59.125+0000] {dag.py:2941} INFO - Sync 1 DAGs
[2026-08-05T15:05:59.141+0000] {logging_mixin.py:151} INFO - [2026-08-05T15:05:59.141+0000] {dag.py:3722} INFO - Setting next_dagrun for pipeline_ingestion_suivi to 2026-08-05T15:00:00+00:00, run_after=2026-08-05T16:00:00+00:00
[2026-08-05T15:05:59.159+0000] {processor.py:179} INFO - Processing /opt/airflow/dags/dag_suivi.py took 0.078 seconds
[2026-08-05T15:06:29.359+0000] {processor.py:157} INFO - Started process (PID=2799) to work on /opt/airflow/dags/dag_suivi.py
[2026-08-05T15:06:29.360+0000] {processor.py:829} INFO - Processing file /opt/airflow/dags/dag_suivi.py for tasks to queue
[2026-08-05T15:06:29.361+0000] {logging_mixin.py:151} INFO - [2026-08-05T15:06:29.360+0000] {dagbag.py:536} INFO - Filling up the DagBag from /opt/airflow/dags/dag_suivi.py
[2026-08-05T15:06:29.377+0000] {processor.py:839} INFO - DAG(s) dict_keys(['pipeline_ingestion_suivi']) retrieved from /opt/airflow/dags/dag_suivi.py
[2026-08-05T15:06:29.399+0000] {logging_mixin.py:151} INFO - [2026-08-05T15:06:29.399+0000] {dag.py:2941} INFO - Sync 1 DAGs
[2026-08-05T15:06:29.416+0000] {logging_mixin.py:151} INFO - [2026-08-05T15:06:29.416+0000] {dag.py:3722} INFO - Setting next_dagrun for pipeline_ingestion_suivi to 2026-08-05T15:00:00+00:00, run_after=2026-08-05T16:00:00+00:00
[2026-08-05T15:06:29.438+0000] {processor.py:179} INFO - Processing /opt/airflow/dags/dag_suivi.py took 0.082 seconds
[2026-08-05T15:06:59.633+0000] {processor.py:157} INFO - Started process (PID=2804) to work on /opt/airflow/dags/dag_suivi.py
[2026-08-05T15:06:59.634+0000] {processor.py:829} INFO - Processing file /opt/airflow/dags/dag_suivi.py for tasks to queue
[2026-08-05T15:06:59.635+0000] {logging_mixin.py:151} INFO - [2026-08-05T15:06:59.634+0000] {dagbag.py:536} INFO - Filling up the DagBag from /opt/airflow/dags/dag_suivi.py
[2026-08-05T15:06:59.655+0000] {processor.py:839} INFO - DAG(s) dict_keys(['pipeline_ingestion_suivi']) retrieved from /opt/airflow/dags/dag_suivi.py
[2026-08-05T15:06:59.677+0000] {logging_mixin.py:151} INFO - [2026-08-05T15:06:59.677+0000] {dag.py:2941} INFO - Sync 1 DAGs
[2026-08-05T15:06:59.695+0000] {logging_mixin.py:151} INFO - [2026-08-05T15:06:59.695+0000] {dag.py:3722} INFO - Setting next_dagrun for pipeline_ingestion_suivi to 2026-08-05T15:00:00+00:00, run_after=2026-08-05T16:00:00+00:00
[2026-08-05T15:06:59.712+0000] {processor.py:179} INFO - Processing /opt/airflow/dags/dag_suivi.py took 0.083 seconds
[2026-08-05T15:07:29.903+0000] {processor.py:157} INFO - Started process (PID=2809) to work on /opt/airflow/dags/dag_suivi.py
[2026-08-05T15:07:29.903+0000] {processor.py:829} INFO - Processing file /opt/airflow/dags/dag_suivi.py for tasks to queue
[2026-08-05T15:07:29.904+0000] {logging_mixin.py:151} INFO - [2026-08-05T15:07:29.904+0000] {dagbag.py:536} INFO - Filling up the DagBag from /opt/airflow/dags/dag_suivi.py
[2026-08-05T15:07:29.921+0000] {processor.py:839} INFO - DAG(s) dict_keys(['pipeline_ingestion_suivi']) retrieved from /opt/airflow/dags/dag_suivi.py
[2026-08-05T15:07:29.946+0000] {logging_mixin.py:151} INFO - [2026-08-05T15:07:29.946+0000] {dag.py:2941} INFO - Sync 1 DAGs
[2026-08-05T15:07:29.964+0000] {logging_mixin.py:151} INFO - [2026-08-05T15:07:29.964+0000] {dag.py:3722} INFO - Setting next_dagrun for pipeline_ingestion_suivi to 2026-08-05T15:00:00+00:00, run_after=2026-08-05T16:00:00+00:00
[2026-08-05T15:07:29.991+0000] {processor.py:179} INFO - Processing /opt/airflow/dags/dag_suivi.py took 0.092 seconds
[2026-08-05T15:08:00.231+0000] {processor.py:157} INFO - Started process (PID=2814) to work on /opt/airflow/dags/dag_suivi.py
[2026-08-05T15:08:00.232+0000] {processor.py:829} INFO - Processing file /opt/airflow/dags/dag_suivi.py for tasks to queue
[2026-08-05T15:08:00.233+0000] {logging_mixin.py:151} INFO - [2026-08-05T15:08:00.232+0000] {dagbag.py:536} INFO - Filling up the DagBag from /opt/airflow/dags/dag_suivi.py
[2026-08-05T15:08:00.247+0000] {processor.py:839} INFO - DAG(s) dict_keys(['pipeline_ingestion_suivi']) retrieved from /opt/airflow/dags/dag_suivi.py
[2026-08-05T15:08:00.269+0000] {logging_mixin.py:151} INFO - [2026-08-05T15:08:00.269+0000] {dag.py:2941} INFO - Sync 1 DAGs
[2026-08-05T15:08:00.290+0000] {logging_mixin.py:151} INFO - [2026-08-05T15:08:00.290+0000] {dag.py:3722} INFO - Setting next_dagrun for pipeline_ingestion_suivi to 2026-08-05T15:00:00+00:00, run_after=2026-08-05T16:00:00+00:00
[2026-08-05T15:08:00.312+0000] {processor.py:179} INFO - Processing /opt/airflow/dags/dag_suivi.py took 0.083 seconds
[2026-08-05T15:08:30.509+0000] {processor.py:157} INFO - Started process (PID=2819) to work on /opt/airflow/dags/dag_suivi.py
[2026-08-05T15:08:30.510+0000] {processor.py:829} INFO - Processing file /opt/airflow/dags/dag_suivi.py for tasks to queue
[2026-08-05T15:08:30.511+0000] {logging_mixin.py:151} INFO - [2026-08-05T15:08:30.511+0000] {dagbag.py:536} INFO - Filling up the DagBag from /opt/airflow/dags/dag_suivi.py
[2026-08-05T15:08:30.528+0000] {processor.py:839} INFO - DAG(s) dict_keys(['pipeline_ingestion_suivi']) retrieved from /opt/airflow/dags/dag_suivi.py
[2026-08-05T15:08:30.549+0000] {logging_mixin.py:151} INFO - [2026-08-05T15:08:30.549+0000] {dag.py:2941} INFO - Sync 1 DAGs
[2026-08-05T15:08:30.565+0000] {logging_mixin.py:151} INFO - [2026-08-05T15:08:30.565+0000] {dag.py:3722} INFO - Setting next_dagrun for pipeline_ingestion_suivi to 2026-08-05T15:00:00+00:00, run_after=2026-08-05T16:00:00+00:00
[2026-08-05T15:08:30.584+0000] {processor.py:179} INFO - Processing /opt/airflow/dags/dag_suivi.py took 0.077 seconds
[2026-08-05T15:09:00.804+0000] {processor.py:157} INFO - Started process (PID=2824) to work on /opt/airflow/dags/dag_suivi.py
[2026-08-05T15:09:00.805+0000] {processor.py:829} INFO - Processing file /opt/airflow/dags/dag_suivi.py for tasks to queue
[2026-08-05T15:09:00.805+0000] {logging_mixin.py:151} INFO - [2026-08-05T15:09:00.805+0000] {dagbag.py:536} INFO - Filling up the DagBag from /opt/airflow/dags/dag_suivi.py
[2026-08-05T15:09:00.822+0000] {processor.py:839} INFO - DAG(s) dict_keys(['pipeline_ingestion_suivi']) retrieved from /opt/airflow/dags/dag_suivi.py
[2026-08-05T15:09:00.845+0000] {logging_mixin.py:151} INFO - [2026-08-05T15:09:00.845+0000] {dag.py:2941} INFO - Sync 1 DAGs
[2026-08-05T15:09:00.862+0000] {logging_mixin.py:151} INFO - [2026-08-05T15:09:00.862+0000] {dag.py:3722} INFO - Setting next_dagrun for pipeline_ingestion_suivi to 2026-08-05T15:00:00+00:00, run_after=2026-08-05T16:00:00+00:00
[2026-08-05T15:09:00.879+0000] {processor.py:179} INFO - Processing /opt/airflow/dags/dag_suivi.py took 0.077 seconds
[2026-08-05T15:09:31.043+0000] {processor.py:157} INFO - Started process (PID=2829) to work on /opt/airflow/dags/dag_suivi.py
[2026-08-05T15:09:31.044+0000] {processor.py:829} INFO - Processing file /opt/airflow/dags/dag_suivi.py for tasks to queue
[2026-08-05T15:09:31.045+0000] {logging_mixin.py:151} INFO - [2026-08-05T15:09:31.045+0000] {dagbag.py:536} INFO - Filling up the DagBag from /opt/airflow/dags/dag_suivi.py
[2026-08-05T15:09:31.062+0000] {processor.py:839} INFO - DAG(s) dict_keys(['pipeline_ingestion_suivi']) retrieved from /opt/airflow/dags/dag_suivi.py
[2026-08-05T15:09:31.087+0000] {logging_mixin.py:151} INFO - [2026-08-05T15:09:31.087+0000] {dag.py:2941} INFO - Sync 1 DAGs
[2026-08-05T15:09:31.105+0000] {logging_mixin.py:151} INFO - [2026-08-05T15:09:31.104+0000] {dag.py:3722} INFO - Setting next_dagrun for pipeline_ingestion_suivi to 2026-08-05T15:00:00+00:00, run_after=2026-08-05T16:00:00+00:00
[2026-08-05T15:09:31.122+0000] {processor.py:179} INFO - Processing /opt/airflow/dags/dag_suivi.py took 0.082 seconds
[2026-08-05T15:10:01.357+0000] {processor.py:157} INFO - Started process (PID=2834) to work on /opt/airflow/dags/dag_suivi.py
[2026-08-05T15:10:01.357+0000] {processor.py:829} INFO - Processing file /opt/airflow/dags/dag_suivi.py for tasks to queue
[2026-08-05T15:10:01.358+0000] {logging_mixin.py:151} INFO - [2026-08-05T15:10:01.358+0000] {dagbag.py:536} INFO - Filling up the DagBag from /opt/airflow/dags/dag_suivi.py
[2026-08-05T15:10:01.374+0000] {processor.py:839} INFO - DAG(s) dict_keys(['pipeline_ingestion_suivi']) retrieved from /opt/airflow/dags/dag_suivi.py
[2026-08-05T15:10:01.398+0000] {logging_mixin.py:151} INFO - [2026-08-05T15:10:01.398+0000] {dag.py:2941} INFO - Sync 1 DAGs
[2026-08-05T15:10:01.418+0000] {logging_mixin.py:151} INFO - [2026-08-05T15:10:01.418+0000] {dag.py:3722} INFO - Setting next_dagrun for pipeline_ingestion_suivi to 2026-08-05T15:00:00+00:00, run_after=2026-08-05T16:00:00+00:00
[2026-08-05T15:10:01.436+0000] {processor.py:179} INFO - Processing /opt/airflow/dags/dag_suivi.py took 0.082 seconds
[2026-08-05T15:10:31.617+0000] {processor.py:157} INFO - Started process (PID=2839) to work on /opt/airflow/dags/dag_suivi.py
[2026-08-05T15:10:31.618+0000] {processor.py:829} INFO - Processing file /opt/airflow/dags/dag_suivi.py for tasks to queue
[2026-08-05T15:10:31.618+0000] {logging_mixin.py:151} INFO - [2026-08-05T15:10:31.618+0000] {dagbag.py:536} INFO - Filling up the DagBag from /opt/airflow/dags/dag_suivi.py
[2026-08-05T15:10:31.635+0000] {processor.py:839} INFO - DAG(s) dict_keys(['pipeline_ingestion_suivi']) retrieved from /opt/airflow/dags/dag_suivi.py
[2026-08-05T15:10:31.661+0000] {logging_mixin.py:151} INFO - [2026-08-05T15:10:31.661+0000] {dag.py:2941} INFO - Sync 1 DAGs
[2026-08-05T15:10:31.680+0000] {logging_mixin.py:151} INFO - [2026-08-05T15:10:31.680+0000] {dag.py:3722} INFO - Setting next_dagrun for pipeline_ingestion_suivi to 2026-08-05T15:00:00+00:00, run_after=2026-08-05T16:00:00+00:00
[2026-08-05T15:10:31.698+0000] {processor.py:179} INFO - Processing /opt/airflow/dags/dag_suivi.py took 0.083 seconds
[2026-08-05T15:11:01.916+0000] {processor.py:157} INFO - Started process (PID=2844) to work on /opt/airflow/dags/dag_suivi.py
[2026-08-05T15:11:01.917+0000] {processor.py:829} INFO - Processing file /opt/airflow/dags/dag_suivi.py for tasks to queue
[2026-08-05T15:11:01.918+0000] {logging_mixin.py:151} INFO - [2026-08-05T15:11:01.918+0000] {dagbag.py:536} INFO - Filling up the DagBag from /opt/airflow/dags/dag_suivi.py
[2026-08-05T15:11:01.937+0000] {processor.py:839} INFO - DAG(s) dict_keys(['pipeline_ingestion_suivi']) retrieved from /opt/airflow/dags/dag_suivi.py
[2026-08-05T15:11:01.964+0000] {logging_mixin.py:151} INFO - [2026-08-05T15:11:01.964+0000] {dag.py:2941} INFO - Sync 1 DAGs
[2026-08-05T15:11:01.983+0000] {logging_mixin.py:151} INFO - [2026-08-05T15:11:01.983+0000] {dag.py:3722} INFO - Setting next_dagrun for pipeline_ingestion_suivi to 2026-08-05T15:00:00+00:00, run_after=2026-08-05T16:00:00+00:00
[2026-08-05T15:11:01.999+0000] {processor.py:179} INFO - Processing /opt/airflow/dags/dag_suivi.py took 0.087 seconds
[2026-08-05T15:11:32.172+0000] {processor.py:157} INFO - Started process (PID=2849) to work on /opt/airflow/dags/dag_suivi.py
[2026-08-05T15:11:32.173+0000] {processor.py:829} INFO - Processing file /opt/airflow/dags/dag_suivi.py for tasks to queue
[2026-08-05T15:11:32.174+0000] {logging_mixin.py:151} INFO - [2026-08-05T15:11:32.174+0000] {dagbag.py:536} INFO - Filling up the DagBag from /opt/airflow/dags/dag_suivi.py
[2026-08-05T15:11:32.194+0000] {processor.py:839} INFO - DAG(s) dict_keys(['pipeline_ingestion_suivi']) retrieved from /opt/airflow/dags/dag_suivi.py
[2026-08-05T15:11:32.218+0000] {logging_mixin.py:151} INFO - [2026-08-05T15:11:32.217+0000] {dag.py:2941} INFO - Sync 1 DAGs
[2026-08-05T15:11:32.235+0000] {logging_mixin.py:151} INFO - [2026-08-05T15:11:32.235+0000] {dag.py:3722} INFO - Setting next_dagrun for pipeline_ingestion_suivi to 2026-08-05T15:00:00+00:00, run_after=2026-08-05T16:00:00+00:00
[2026-08-05T15:11:32.262+0000] {processor.py:179} INFO - Processing /opt/airflow/dags/dag_suivi.py took 0.092 seconds
[2026-08-05T15:12:02.459+0000] {processor.py:157} INFO - Started process (PID=2854) to work on /opt/airflow/dags/dag_suivi.py
[2026-08-05T15:12:02.459+0000] {processor.py:829} INFO - Processing file /opt/airflow/dags/dag_suivi.py for tasks to queue
[2026-08-05T15:12:02.460+0000] {logging_mixin.py:151} INFO - [2026-08-05T15:12:02.460+0000] {dagbag.py:536} INFO - Filling up the DagBag from /opt/airflow/dags/dag_suivi.py
[2026-08-05T15:12:02.476+0000] {processor.py:839} INFO - DAG(s) dict_keys(['pipeline_ingestion_suivi']) retrieved from /opt/airflow/dags/dag_suivi.py
[2026-08-05T15:12:02.500+0000] {logging_mixin.py:151} INFO - [2026-08-05T15:12:02.499+0000] {dag.py:2941} INFO - Sync 1 DAGs
[2026-08-05T15:12:02.518+0000] {logging_mixin.py:151} INFO - [2026-08-05T15:12:02.518+0000] {dag.py:3722} INFO - Setting next_dagrun for pipeline_ingestion_suivi to 2026-08-05T15:00:00+00:00, run_after=2026-08-05T16:00:00+00:00
[2026-08-05T15:12:02.612+0000] {processor.py:179} INFO - Processing /opt/airflow/dags/dag_suivi.py took 0.155 seconds
[2026-08-05T15:12:32.721+0000] {processor.py:157} INFO - Started process (PID=2859) to work on /opt/airflow/dags/dag_suivi.py
[2026-08-05T15:12:32.722+0000] {processor.py:829} INFO - Processing file /opt/airflow/dags/dag_suivi.py for tasks to queue
[2026-08-05T15:12:32.723+0000] {logging_mixin.py:151} INFO - [2026-08-05T15:12:32.723+0000] {dagbag.py:536} INFO - Filling up the DagBag from /opt/airflow/dags/dag_suivi.py
[2026-08-05T15:12:32.741+0000] {processor.py:839} INFO - DAG(s) dict_keys(['pipeline_ingestion_suivi']) retrieved from /opt/airflow/dags/dag_suivi.py
[2026-08-05T15:12:32.763+0000] {logging_mixin.py:151} INFO - [2026-08-05T15:12:32.763+0000] {dag.py:2941} INFO - Sync 1 DAGs
[2026-08-05T15:12:32.781+0000] {logging_mixin.py:151} INFO - [2026-08-05T15:12:32.781+0000] {dag.py:3722} INFO - Setting next_dagrun for pipeline_ingestion_suivi to 2026-08-05T15:00:00+00:00, run_after=2026-08-05T16:00:00+00:00
[2026-08-05T15:12:32.808+0000] {processor.py:179} INFO - Processing /opt/airflow/dags/dag_suivi.py took 0.089 seconds
[2026-08-05T15:13:02.981+0000] {processor.py:157} INFO - Started process (PID=2864) to work on /opt/airflow/dags/dag_suivi.py
[2026-08-05T15:13:02.982+0000] {processor.py:829} INFO - Processing file /opt/airflow/dags/dag_suivi.py for tasks to queue
[2026-08-05T15:13:02.983+0000] {logging_mixin.py:151} INFO - [2026-08-05T15:13:02.982+0000] {dagbag.py:536} INFO - Filling up the DagBag from /opt/airflow/dags/dag_suivi.py
[2026-08-05T15:13:02.999+0000] {processor.py:839} INFO - DAG(s) dict_keys(['pipeline_ingestion_suivi']) retrieved from /opt/airflow/dags/dag_suivi.py
[2026-08-05T15:13:03.024+0000] {logging_mixin.py:151} INFO - [2026-08-05T15:13:03.024+0000] {dag.py:2941} INFO - Sync 1 DAGs
[2026-08-05T15:13:03.041+0000] {logging_mixin.py:151} INFO - [2026-08-05T15:13:03.041+0000] {dag.py:3722} INFO - Setting next_dagrun for pipeline_ingestion_suivi to 2026-08-05T15:00:00+00:00, run_after=2026-08-05T16:00:00+00:00
[2026-08-05T15:13:03.058+0000] {processor.py:179} INFO - Processing /opt/airflow/dags/dag_suivi.py took 0.080 seconds
[2026-08-05T15:13:33.246+0000] {processor.py:157} INFO - Started process (PID=2869) to work on /opt/airflow/dags/dag_suivi.py
[2026-08-05T15:13:33.246+0000] {processor.py:829} INFO - Processing file /opt/airflow/dags/dag_suivi.py for tasks to queue
[2026-08-05T15:13:33.247+0000] {logging_mixin.py:151} INFO - [2026-08-05T15:13:33.247+0000] {dagbag.py:536} INFO - Filling up the DagBag from /opt/airflow/dags/dag_suivi.py
[2026-08-05T15:13:33.263+0000] {processor.py:839} INFO - DAG(s) dict_keys(['pipeline_ingestion_suivi']) retrieved from /opt/airflow/dags/dag_suivi.py
[2026-08-05T15:13:33.287+0000] {logging_mixin.py:151} INFO - [2026-08-05T15:13:33.287+0000] {dag.py:2941} INFO - Sync 1 DAGs
[2026-08-05T15:13:33.306+0000] {logging_mixin.py:151} INFO - [2026-08-05T15:13:33.306+0000] {dag.py:3722} INFO - Setting next_dagrun for pipeline_ingestion_suivi to 2026-08-05T15:00:00+00:00, run_after=2026-08-05T16:00:00+00:00
[2026-08-05T15:13:33.323+0000] {processor.py:179} INFO - Processing /opt/airflow/dags/dag_suivi.py took 0.080 seconds
[2026-08-05T15:14:03.564+0000] {processor.py:157} INFO - Started process (PID=2874) to work on /opt/airflow/dags/dag_suivi.py
[2026-08-05T15:14:03.564+0000] {processor.py:829} INFO - Processing file /opt/airflow/dags/dag_suivi.py for tasks to queue
[2026-08-05T15:14:03.565+0000] {logging_mixin.py:151} INFO - [2026-08-05T15:14:03.565+0000] {dagbag.py:536} INFO - Filling up the DagBag from /opt/airflow/dags/dag_suivi.py
[2026-08-05T15:14:03.581+0000] {processor.py:839} INFO - DAG(s) dict_keys(['pipeline_ingestion_suivi']) retrieved from /opt/airflow/dags/dag_suivi.py
[2026-08-05T15:14:03.602+0000] {logging_mixin.py:151} INFO - [2026-08-05T15:14:03.602+0000] {dag.py:2941} INFO - Sync 1 DAGs
[2026-08-05T15:14:03.619+0000] {logging_mixin.py:151} INFO - [2026-08-05T15:14:03.619+0000] {dag.py:3722} INFO - Setting next_dagrun for pipeline_ingestion_suivi to 2026-08-05T15:00:00+00:00, run_after=2026-08-05T16:00:00+00:00
[2026-08-05T15:14:03.638+0000] {processor.py:179} INFO - Processing /opt/airflow/dags/dag_suivi.py took 0.076 seconds
[2026-08-05T15:14:33.818+0000] {processor.py:157} INFO - Started process (PID=2879) to work on /opt/airflow/dags/dag_suivi.py
[2026-08-05T15:14:33.819+0000] {processor.py:829} INFO - Processing file /opt/airflow/dags/dag_suivi.py for tasks to queue
[2026-08-05T15:14:33.820+0000] {logging_mixin.py:151} INFO - [2026-08-05T15:14:33.819+0000] {dagbag.py:536} INFO - Filling up the DagBag from /opt/airflow/dags/dag_suivi.py
[2026-08-05T15:14:33.835+0000] {processor.py:839} INFO - DAG(s) dict_keys(['pipeline_ingestion_suivi']) retrieved from /opt/airflow/dags/dag_suivi.py
[2026-08-05T15:14:33.857+0000] {logging_mixin.py:151} INFO - [2026-08-05T15:14:33.857+0000] {dag.py:2941} INFO - Sync 1 DAGs
[2026-08-05T15:14:33.875+0000] {logging_mixin.py:151} INFO - [2026-08-05T15:14:33.875+0000] {dag.py:3722} INFO - Setting next_dagrun for pipeline_ingestion_suivi to 2026-08-05T15:00:00+00:00, run_after=2026-08-05T16:00:00+00:00
[2026-08-05T15:14:33.902+0000] {processor.py:179} INFO - Processing /opt/airflow/dags/dag_suivi.py took 0.087 seconds
[2026-08-05T15:15:04.086+0000] {processor.py:157} INFO - Started process (PID=2884) to work on /opt/airflow/dags/dag_suivi.py
[2026-08-05T15:15:04.087+0000] {processor.py:829} INFO - Processing file /opt/airflow/dags/dag_suivi.py for tasks to queue
[2026-08-05T15:15:04.088+0000] {logging_mixin.py:151} INFO - [2026-08-05T15:15:04.088+0000] {dagbag.py:536} INFO - Filling up the DagBag from /opt/airflow/dags/dag_suivi.py
[2026-08-05T15:15:04.109+0000] {processor.py:839} INFO - DAG(s) dict_keys(['pipeline_ingestion_suivi']) retrieved from /opt/airflow/dags/dag_suivi.py
[2026-08-05T15:15:04.135+0000] {logging_mixin.py:151} INFO - [2026-08-05T15:15:04.135+0000] {dag.py:2941} INFO - Sync 1 DAGs
[2026-08-05T15:15:04.155+0000] {logging_mixin.py:151} INFO - [2026-08-05T15:15:04.155+0000] {dag.py:3722} INFO - Setting next_dagrun for pipeline_ingestion_suivi to 2026-08-05T15:00:00+00:00, run_after=2026-08-05T16:00:00+00:00
[2026-08-05T15:15:04.175+0000] {processor.py:179} INFO - Processing /opt/airflow/dags/dag_suivi.py took 0.092 seconds
[2026-08-05T15:15:34.275+0000] {processor.py:157} INFO - Started process (PID=2889) to work on /opt/airflow/dags/dag_suivi.py
[2026-08-05T15:15:34.275+0000] {processor.py:829} INFO - Processing file /opt/airflow/dags/dag_suivi.py for tasks to queue
[2026-08-05T15:15:34.276+0000] {logging_mixin.py:151} INFO - [2026-08-05T15:15:34.276+0000] {dagbag.py:536} INFO - Filling up the DagBag from /opt/airflow/dags/dag_suivi.py
[2026-08-05T15:15:34.294+0000] {processor.py:839} INFO - DAG(s) dict_keys(['pipeline_ingestion_suivi']) retrieved from /opt/airflow/dags/dag_suivi.py
[2026-08-05T15:15:34.323+0000] {logging_mixin.py:151} INFO - [2026-08-05T15:15:34.322+0000] {dag.py:2941} INFO - Sync 1 DAGs
[2026-08-05T15:15:34.344+0000] {logging_mixin.py:151} INFO - [2026-08-05T15:15:34.344+0000] {dag.py:3722} INFO - Setting next_dagrun for pipeline_ingestion_suivi to 2026-08-05T15:00:00+00:00, run_after=2026-08-05T16:00:00+00:00
[2026-08-05T15:15:34.363+0000] {processor.py:179} INFO - Processing /opt/airflow/dags/dag_suivi.py took 0.091 seconds
[2026-08-05T15:16:04.578+0000] {processor.py:157} INFO - Started process (PID=2894) to work on /opt/airflow/dags/dag_suivi.py
[2026-08-05T15:16:04.578+0000] {processor.py:829} INFO - Processing file /opt/airflow/dags/dag_suivi.py for tasks to queue
[2026-08-05T15:16:04.579+0000] {logging_mixin.py:151} INFO - [2026-08-05T15:16:04.579+0000] {dagbag.py:536} INFO - Filling up the DagBag from /opt/airflow/dags/dag_suivi.py
[2026-08-05T15:16:04.598+0000] {processor.py:839} INFO - DAG(s) dict_keys(['pipeline_ingestion_suivi']) retrieved from /opt/airflow/dags/dag_suivi.py
[2026-08-05T15:16:04.620+0000] {logging_mixin.py:151} INFO - [2026-08-05T15:16:04.620+0000] {dag.py:2941} INFO - Sync 1 DAGs
[2026-08-05T15:16:04.638+0000] {logging_mixin.py:151} INFO - [2026-08-05T15:16:04.638+0000] {dag.py:3722} INFO - Setting next_dagrun for pipeline_ingestion_suivi to 2026-08-05T15:00:00+00:00, run_after=2026-08-05T16:00:00+00:00
[2026-08-05T15:16:04.657+0000] {processor.py:179} INFO - Processing /opt/airflow/dags/dag_suivi.py took 0.083 seconds
[2026-08-05T15:16:34.810+0000] {processor.py:157} INFO - Started process (PID=2899) to work on /opt/airflow/dags/dag_suivi.py
[2026-08-05T15:16:34.811+0000] {processor.py:829} INFO - Processing file /opt/airflow/dags/dag_suivi.py for tasks to queue
[2026-08-05T15:16:34.812+0000] {logging_mixin.py:151} INFO - [2026-08-05T15:16:34.812+0000] {dagbag.py:536} INFO - Filling up the DagBag from /opt/airflow/dags/dag_suivi.py
[2026-08-05T15:16:34.830+0000] {processor.py:839} INFO - DAG(s) dict_keys(['pipeline_ingestion_suivi']) retrieved from /opt/airflow/dags/dag_suivi.py
[2026-08-05T15:16:34.854+0000] {logging_mixin.py:151} INFO - [2026-08-05T15:16:34.854+0000] {dag.py:2941} INFO - Sync 1 DAGs
[2026-08-05T15:16:34.872+0000] {logging_mixin.py:151} INFO - [2026-08-05T15:16:34.872+0000] {dag.py:3722} INFO - Setting next_dagrun for pipeline_ingestion_suivi to 2026-08-05T15:00:00+00:00, run_after=2026-08-05T16:00:00+00:00
[2026-08-05T15:16:34.894+0000] {processor.py:179} INFO - Processing /opt/airflow/dags/dag_suivi.py took 0.086 seconds
[2026-08-05T15:17:05.152+0000] {processor.py:157} INFO - Started process (PID=2904) to work on /opt/airflow/dags/dag_suivi.py
[2026-08-05T15:17:05.154+0000] {processor.py:829} INFO - Processing file /opt/airflow/dags/dag_suivi.py for tasks to queue
[2026-08-05T15:17:05.155+0000] {logging_mixin.py:151} INFO - [2026-08-05T15:17:05.154+0000] {dagbag.py:536} INFO - Filling up the DagBag from /opt/airflow/dags/dag_suivi.py
[2026-08-05T15:17:05.181+0000] {processor.py:839} INFO - DAG(s) dict_keys(['pipeline_ingestion_suivi']) retrieved from /opt/airflow/dags/dag_suivi.py
[2026-08-05T15:17:05.217+0000] {logging_mixin.py:151} INFO - [2026-08-05T15:17:05.217+0000] {dag.py:2941} INFO - Sync 1 DAGs
[2026-08-05T15:17:05.238+0000] {logging_mixin.py:151} INFO - [2026-08-05T15:17:05.238+0000] {dag.py:3722} INFO - Setting next_dagrun for pipeline_ingestion_suivi to 2026-08-05T15:00:00+00:00, run_after=2026-08-05T16:00:00+00:00
[2026-08-05T15:17:05.255+0000] {processor.py:179} INFO - Processing /opt/airflow/dags/dag_suivi.py took 0.106 seconds
[2026-08-05T15:17:35.401+0000] {processor.py:157} INFO - Started process (PID=2909) to work on /opt/airflow/dags/dag_suivi.py
[2026-08-05T15:17:35.401+0000] {processor.py:829} INFO - Processing file /opt/airflow/dags/dag_suivi.py for tasks to queue
[2026-08-05T15:17:35.402+0000] {logging_mixin.py:151} INFO - [2026-08-05T15:17:35.402+0000] {dagbag.py:536} INFO - Filling up the DagBag from /opt/airflow/dags/dag_suivi.py
[2026-08-05T15:17:35.421+0000] {processor.py:839} INFO - DAG(s) dict_keys(['pipeline_ingestion_suivi']) retrieved from /opt/airflow/dags/dag_suivi.py
[2026-08-05T15:17:35.446+0000] {logging_mixin.py:151} INFO - [2026-08-05T15:17:35.446+0000] {dag.py:2941} INFO - Sync 1 DAGs
[2026-08-05T15:17:35.463+0000] {logging_mixin.py:151} INFO - [2026-08-05T15:17:35.462+0000] {dag.py:3722} INFO - Setting next_dagrun for pipeline_ingestion_suivi to 2026-08-05T15:00:00+00:00, run_after=2026-08-05T16:00:00+00:00
[2026-08-05T15:17:35.488+0000] {processor.py:179} INFO - Processing /opt/airflow/dags/dag_suivi.py took 0.090 seconds
[2026-08-05T15:18:05.652+0000] {processor.py:157} INFO - Started process (PID=2914) to work on /opt/airflow/dags/dag_suivi.py
[2026-08-05T15:18:05.653+0000] {processor.py:829} INFO - Processing file /opt/airflow/dags/dag_suivi.py for tasks to queue
[2026-08-05T15:18:05.654+0000] {logging_mixin.py:151} INFO - [2026-08-05T15:18:05.653+0000] {dagbag.py:536} INFO - Filling up the DagBag from /opt/airflow/dags/dag_suivi.py
[2026-08-05T15:18:05.672+0000] {processor.py:839} INFO - DAG(s) dict_keys(['pipeline_ingestion_suivi']) retrieved from /opt/airflow/dags/dag_suivi.py
[2026-08-05T15:18:05.694+0000] {logging_mixin.py:151} INFO - [2026-08-05T15:18:05.694+0000] {dag.py:2941} INFO - Sync 1 DAGs
[2026-08-05T15:18:05.712+0000] {logging_mixin.py:151} INFO - [2026-08-05T15:18:05.712+0000] {dag.py:3722} INFO - Setting next_dagrun for pipeline_ingestion_suivi to 2026-08-05T15:00:00+00:00, run_after=2026-08-05T16:00:00+00:00
[2026-08-05T15:18:05.732+0000] {processor.py:179} INFO - Processing /opt/airflow/dags/dag_suivi.py took 0.083 seconds
[2026-08-05T15:18:35.997+0000] {processor.py:157} INFO - Started process (PID=2919) to work on /opt/airflow/dags/dag_suivi.py
[2026-08-05T15:18:35.998+0000] {processor.py:829} INFO - Processing file /opt/airflow/dags/dag_suivi.py for tasks to queue
[2026-08-05T15:18:36.001+0000] {logging_mixin.py:151} INFO - [2026-08-05T15:18:35.999+0000] {dagbag.py:536} INFO - Filling up the DagBag from /opt/airflow/dags/dag_suivi.py
[2026-08-05T15:18:36.018+0000] {processor.py:839} INFO - DAG(s) dict_keys(['pipeline_ingestion_suivi']) retrieved from /opt/airflow/dags/dag_suivi.py
[2026-08-05T15:18:36.038+0000] {logging_mixin.py:151} INFO - [2026-08-05T15:18:36.038+0000] {dag.py:2941} INFO - Sync 1 DAGs
[2026-08-05T15:18:36.056+0000] {logging_mixin.py:151} INFO - [2026-08-05T15:18:36.056+0000] {dag.py:3722} INFO - Setting next_dagrun for pipeline_ingestion_suivi to 2026-08-05T15:00:00+00:00, run_after=2026-08-05T16:00:00+00:00
[2026-08-05T15:18:36.084+0000] {processor.py:179} INFO - Processing /opt/airflow/dags/dag_suivi.py took 0.089 seconds
[2026-08-05T15:19:06.237+0000] {processor.py:157} INFO - Started process (PID=2924) to work on /opt/airflow/dags/dag_suivi.py
[2026-08-05T15:19:06.238+0000] {processor.py:829} INFO - Processing file /opt/airflow/dags/dag_suivi.py for tasks to queue
[2026-08-05T15:19:06.239+0000] {logging_mixin.py:151} INFO - [2026-08-05T15:19:06.238+0000] {dagbag.py:536} INFO - Filling up the DagBag from /opt/airflow/dags/dag_suivi.py
[2026-08-05T15:19:06.261+0000] {processor.py:839} INFO - DAG(s) dict_keys(['pipeline_ingestion_suivi']) retrieved from /opt/airflow/dags/dag_suivi.py
[2026-08-05T15:19:06.293+0000] {logging_mixin.py:151} INFO - [2026-08-05T15:19:06.293+0000] {dag.py:2941} INFO - Sync 1 DAGs
[2026-08-05T15:19:06.319+0000] {logging_mixin.py:151} INFO - [2026-08-05T15:19:06.319+0000] {dag.py:3722} INFO - Setting next_dagrun for pipeline_ingestion_suivi to 2026-08-05T15:00:00+00:00, run_after=2026-08-05T16:00:00+00:00
[2026-08-05T15:19:06.341+0000] {processor.py:179} INFO - Processing /opt/airflow/dags/dag_suivi.py took 0.107 seconds
[2026-08-05T15:19:36.559+0000] {processor.py:157} INFO - Started process (PID=2929) to work on /opt/airflow/dags/dag_suivi.py
[2026-08-05T15:19:36.559+0000] {processor.py:829} INFO - Processing file /opt/airflow/dags/dag_suivi.py for tasks to queue
[2026-08-05T15:19:36.560+0000] {logging_mixin.py:151} INFO - [2026-08-05T15:19:36.560+0000] {dagbag.py:536} INFO - Filling up the DagBag from /opt/airflow/dags/dag_suivi.py
[2026-08-05T15:19:36.577+0000] {processor.py:839} INFO - DAG(s) dict_keys(['pipeline_ingestion_suivi']) retrieved from /opt/airflow/dags/dag_suivi.py
[2026-08-05T15:19:36.599+0000] {logging_mixin.py:151} INFO - [2026-08-05T15:19:36.599+0000] {dag.py:2941} INFO - Sync 1 DAGs
[2026-08-05T15:19:36.619+0000] {logging_mixin.py:151} INFO - [2026-08-05T15:19:36.619+0000] {dag.py:3722} INFO - Setting next_dagrun for pipeline_ingestion_suivi to 2026-08-05T15:00:00+00:00, run_after=2026-08-05T16:00:00+00:00
[2026-08-05T15:19:36.637+0000] {processor.py:179} INFO - Processing /opt/airflow/dags/dag_suivi.py took 0.081 seconds
[2026-08-05T15:20:06.770+0000] {processor.py:157} INFO - Started process (PID=2934) to work on /opt/airflow/dags/dag_suivi.py
[2026-08-05T15:20:06.771+0000] {processor.py:829} INFO - Processing file /opt/airflow/dags/dag_suivi.py for tasks to queue
[2026-08-05T15:20:06.771+0000] {logging_mixin.py:151} INFO - [2026-08-05T15:20:06.771+0000] {dagbag.py:536} INFO - Filling up the DagBag from /opt/airflow/dags/dag_suivi.py
[2026-08-05T15:20:06.788+0000] {processor.py:839} INFO - DAG(s) dict_keys(['pipeline_ingestion_suivi']) retrieved from /opt/airflow/dags/dag_suivi.py
[2026-08-05T15:20:06.812+0000] {logging_mixin.py:151} INFO - [2026-08-05T15:20:06.812+0000] {dag.py:2941} INFO - Sync 1 DAGs
[2026-08-05T15:20:06.830+0000] {logging_mixin.py:151} INFO - [2026-08-05T15:20:06.830+0000] {dag.py:3722} INFO - Setting next_dagrun for pipeline_ingestion_suivi to 2026-08-05T15:00:00+00:00, run_after=2026-08-05T16:00:00+00:00
[2026-08-05T15:20:06.849+0000] {processor.py:179} INFO - Processing /opt/airflow/dags/dag_suivi.py took 0.082 seconds
[2026-08-05T15:20:37.073+0000] {processor.py:157} INFO - Started process (PID=2939) to work on /opt/airflow/dags/dag_suivi.py
[2026-08-05T15:20:37.073+0000] {processor.py:829} INFO - Processing file /opt/airflow/dags/dag_suivi.py for tasks to queue
[2026-08-05T15:20:37.074+0000] {logging_mixin.py:151} INFO - [2026-08-05T15:20:37.074+0000] {dagbag.py:536} INFO - Filling up the DagBag from /opt/airflow/dags/dag_suivi.py
[2026-08-05T15:20:37.094+0000] {processor.py:839} INFO - DAG(s) dict_keys(['pipeline_ingestion_suivi']) retrieved from /opt/airflow/dags/dag_suivi.py
[2026-08-05T15:20:37.119+0000] {logging_mixin.py:151} INFO - [2026-08-05T15:20:37.118+0000] {dag.py:2941} INFO - Sync 1 DAGs
[2026-08-05T15:20:37.140+0000] {logging_mixin.py:151} INFO - [2026-08-05T15:20:37.140+0000] {dag.py:3722} INFO - Setting next_dagrun for pipeline_ingestion_suivi to 2026-08-05T15:00:00+00:00, run_after=2026-08-05T16:00:00+00:00
[2026-08-05T15:20:37.167+0000] {processor.py:179} INFO - Processing /opt/airflow/dags/dag_suivi.py took 0.099 seconds
[2026-08-05T15:21:07.278+0000] {processor.py:157} INFO - Started process (PID=2946) to work on /opt/airflow/dags/dag_suivi.py
[2026-08-05T15:21:07.279+0000] {processor.py:829} INFO - Processing file /opt/airflow/dags/dag_suivi.py for tasks to queue
[2026-08-05T15:21:07.280+0000] {logging_mixin.py:151} INFO - [2026-08-05T15:21:07.280+0000] {dagbag.py:536} INFO - Filling up the DagBag from /opt/airflow/dags/dag_suivi.py
[2026-08-05T15:21:07.305+0000] {processor.py:839} INFO - DAG(s) dict_keys(['pipeline_ingestion_suivi']) retrieved from /opt/airflow/dags/dag_suivi.py
[2026-08-05T15:21:07.336+0000] {logging_mixin.py:151} INFO - [2026-08-05T15:21:07.336+0000] {dag.py:2941} INFO - Sync 1 DAGs
[2026-08-05T15:21:07.364+0000] {logging_mixin.py:151} INFO - [2026-08-05T15:21:07.363+0000] {dag.py:3722} INFO - Setting next_dagrun for pipeline_ingestion_suivi to 2026-08-05T15:00:00+00:00, run_after=2026-08-05T16:00:00+00:00
[2026-08-05T15:21:07.395+0000] {processor.py:179} INFO - Processing /opt/airflow/dags/dag_suivi.py took 0.121 seconds
[2026-08-05T15:21:37.557+0000] {processor.py:157} INFO - Started process (PID=2951) to work on /opt/airflow/dags/dag_suivi.py
[2026-08-05T15:21:37.557+0000] {processor.py:829} INFO - Processing file /opt/airflow/dags/dag_suivi.py for tasks to queue
[2026-08-05T15:21:37.558+0000] {logging_mixin.py:151} INFO - [2026-08-05T15:21:37.558+0000] {dagbag.py:536} INFO - Filling up the DagBag from /opt/airflow/dags/dag_suivi.py
[2026-08-05T15:21:37.578+0000] {processor.py:839} INFO - DAG(s) dict_keys(['pipeline_ingestion_suivi']) retrieved from /opt/airflow/dags/dag_suivi.py
[2026-08-05T15:21:37.602+0000] {logging_mixin.py:151} INFO - [2026-08-05T15:21:37.602+0000] {dag.py:2941} INFO - Sync 1 DAGs
[2026-08-05T15:21:37.631+0000] {logging_mixin.py:151} INFO - [2026-08-05T15:21:37.630+0000] {dag.py:3722} INFO - Setting next_dagrun for pipeline_ingestion_suivi to 2026-08-05T15:00:00+00:00, run_after=2026-08-05T16:00:00+00:00
[2026-08-05T15:21:37.648+0000] {processor.py:179} INFO - Processing /opt/airflow/dags/dag_suivi.py took 0.095 seconds
[2026-08-05T15:22:07.798+0000] {processor.py:157} INFO - Started process (PID=2956) to work on /opt/airflow/dags/dag_suivi.py
[2026-08-05T15:22:07.798+0000] {processor.py:829} INFO - Processing file /opt/airflow/dags/dag_suivi.py for tasks to queue
[2026-08-05T15:22:07.799+0000] {logging_mixin.py:151} INFO - [2026-08-05T15:22:07.799+0000] {dagbag.py:536} INFO - Filling up the DagBag from /opt/airflow/dags/dag_suivi.py
[2026-08-05T15:22:07.820+0000] {processor.py:839} INFO - DAG(s) dict_keys(['pipeline_ingestion_suivi']) retrieved from /opt/airflow/dags/dag_suivi.py
[2026-08-05T15:22:07.848+0000] {logging_mixin.py:151} INFO - [2026-08-05T15:22:07.847+0000] {dag.py:2941} INFO - Sync 1 DAGs
[2026-08-05T15:22:07.867+0000] {logging_mixin.py:151} INFO - [2026-08-05T15:22:07.867+0000] {dag.py:3722} INFO - Setting next_dagrun for pipeline_ingestion_suivi to 2026-08-05T15:00:00+00:00, run_after=2026-08-05T16:00:00+00:00
[2026-08-05T15:22:07.885+0000] {processor.py:179} INFO - Processing /opt/airflow/dags/dag_suivi.py took 0.090 seconds
[2026-08-05T15:22:38.041+0000] {processor.py:157} INFO - Started process (PID=2961) to work on /opt/airflow/dags/dag_suivi.py
[2026-08-05T15:22:38.042+0000] {processor.py:829} INFO - Processing file /opt/airflow/dags/dag_suivi.py for tasks to queue
[2026-08-05T15:22:38.043+0000] {logging_mixin.py:151} INFO - [2026-08-05T15:22:38.043+0000] {dagbag.py:536} INFO - Filling up the DagBag from /opt/airflow/dags/dag_suivi.py
[2026-08-05T15:22:38.063+0000] {processor.py:839} INFO - DAG(s) dict_keys(['pipeline_ingestion_suivi']) retrieved from /opt/airflow/dags/dag_suivi.py
[2026-08-05T15:22:38.102+0000] {logging_mixin.py:151} INFO - [2026-08-05T15:22:38.102+0000] {dag.py:2941} INFO - Sync 1 DAGs
[2026-08-05T15:22:38.120+0000] {logging_mixin.py:151} INFO - [2026-08-05T15:22:38.120+0000] {dag.py:3722} INFO - Setting next_dagrun for pipeline_ingestion_suivi to 2026-08-05T15:00:00+00:00, run_after=2026-08-05T16:00:00+00:00
[2026-08-05T15:22:38.150+0000] {processor.py:179} INFO - Processing /opt/airflow/dags/dag_suivi.py took 0.111 seconds
[2026-08-05T15:23:08.289+0000] {processor.py:157} INFO - Started process (PID=2966) to work on /opt/airflow/dags/dag_suivi.py
[2026-08-05T15:23:08.290+0000] {processor.py:829} INFO - Processing file /opt/airflow/dags/dag_suivi.py for tasks to queue
[2026-08-05T15:23:08.290+0000] {logging_mixin.py:151} INFO - [2026-08-05T15:23:08.290+0000] {dagbag.py:536} INFO - Filling up the DagBag from /opt/airflow/dags/dag_suivi.py
[2026-08-05T15:23:08.308+0000] {processor.py:839} INFO - DAG(s) dict_keys(['pipeline_ingestion_suivi']) retrieved from /opt/airflow/dags/dag_suivi.py
[2026-08-05T15:23:08.333+0000] {logging_mixin.py:151} INFO - [2026-08-05T15:23:08.332+0000] {dag.py:2941} INFO - Sync 1 DAGs
[2026-08-05T15:23:08.350+0000] {logging_mixin.py:151} INFO - [2026-08-05T15:23:08.350+0000] {dag.py:3722} INFO - Setting next_dagrun for pipeline_ingestion_suivi to 2026-08-05T15:00:00+00:00, run_after=2026-08-05T16:00:00+00:00
[2026-08-05T15:23:08.370+0000] {processor.py:179} INFO - Processing /opt/airflow/dags/dag_suivi.py took 0.084 seconds
[2026-08-05T15:23:38.513+0000] {processor.py:157} INFO - Started process (PID=2971) to work on /opt/airflow/dags/dag_suivi.py
[2026-08-05T15:23:38.514+0000] {processor.py:829} INFO - Processing file /opt/airflow/dags/dag_suivi.py for tasks to queue
[2026-08-05T15:23:38.515+0000] {logging_mixin.py:151} INFO - [2026-08-05T15:23:38.514+0000] {dagbag.py:536} INFO - Filling up the DagBag from /opt/airflow/dags/dag_suivi.py
[2026-08-05T15:23:38.532+0000] {processor.py:839} INFO - DAG(s) dict_keys(['pipeline_ingestion_suivi']) retrieved from /opt/airflow/dags/dag_suivi.py
[2026-08-05T15:23:38.558+0000] {logging_mixin.py:151} INFO - [2026-08-05T15:23:38.558+0000] {dag.py:2941} INFO - Sync 1 DAGs
[2026-08-05T15:23:38.577+0000] {logging_mixin.py:151} INFO - [2026-08-05T15:23:38.577+0000] {dag.py:3722} INFO - Setting next_dagrun for pipeline_ingestion_suivi to 2026-08-05T15:00:00+00:00, run_after=2026-08-05T16:00:00+00:00
[2026-08-05T15:23:38.599+0000] {processor.py:179} INFO - Processing /opt/airflow/dags/dag_suivi.py took 0.089 seconds
[2026-08-05T15:24:08.787+0000] {processor.py:157} INFO - Started process (PID=2976) to work on /opt/airflow/dags/dag_suivi.py
[2026-08-05T15:24:08.788+0000] {processor.py:829} INFO - Processing file /opt/airflow/dags/dag_suivi.py for tasks to queue
[2026-08-05T15:24:08.788+0000] {logging_mixin.py:151} INFO - [2026-08-05T15:24:08.788+0000] {dagbag.py:536} INFO - Filling up the DagBag from /opt/airflow/dags/dag_suivi.py
[2026-08-05T15:24:08.806+0000] {processor.py:839} INFO - DAG(s) dict_keys(['pipeline_ingestion_suivi']) retrieved from /opt/airflow/dags/dag_suivi.py
[2026-08-05T15:24:08.830+0000] {logging_mixin.py:151} INFO - [2026-08-05T15:24:08.830+0000] {dag.py:2941} INFO - Sync 1 DAGs
[2026-08-05T15:24:08.848+0000] {logging_mixin.py:151} INFO - [2026-08-05T15:24:08.848+0000] {dag.py:3722} INFO - Setting next_dagrun for pipeline_ingestion_suivi to 2026-08-05T15:00:00+00:00, run_after=2026-08-05T16:00:00+00:00
[2026-08-05T15:24:08.876+0000] {processor.py:179} INFO - Processing /opt/airflow/dags/dag_suivi.py took 0.091 seconds
[2026-08-05T15:24:39.004+0000] {processor.py:157} INFO - Started process (PID=2981) to work on /opt/airflow/dags/dag_suivi.py
[2026-08-05T15:24:39.005+0000] {processor.py:829} INFO - Processing file /opt/airflow/dags/dag_suivi.py for tasks to queue
[2026-08-05T15:24:39.006+0000] {logging_mixin.py:151} INFO - [2026-08-05T15:24:39.006+0000] {dagbag.py:536} INFO - Filling up the DagBag from /opt/airflow/dags/dag_suivi.py
[2026-08-05T15:24:39.026+0000] {processor.py:839} INFO - DAG(s) dict_keys(['pipeline_ingestion_suivi']) retrieved from /opt/airflow/dags/dag_suivi.py
[2026-08-05T15:24:39.052+0000] {logging_mixin.py:151} INFO - [2026-08-05T15:24:39.052+0000] {dag.py:2941} INFO - Sync 1 DAGs
[2026-08-05T15:24:39.070+0000] {logging_mixin.py:151} INFO - [2026-08-05T15:24:39.070+0000] {dag.py:3722} INFO - Setting next_dagrun for pipeline_ingestion_suivi to 2026-08-05T15:00:00+00:00, run_after=2026-08-05T16:00:00+00:00
[2026-08-05T15:24:39.088+0000] {processor.py:179} INFO - Processing /opt/airflow/dags/dag_suivi.py took 0.089 seconds
[2026-08-05T15:25:09.301+0000] {processor.py:157} INFO - Started process (PID=2986) to work on /opt/airflow/dags/dag_suivi.py
[2026-08-05T15:25:09.302+0000] {processor.py:829} INFO - Processing file /opt/airflow/dags/dag_suivi.py for tasks to queue
[2026-08-05T15:25:09.303+0000] {logging_mixin.py:151} INFO - [2026-08-05T15:25:09.302+0000] {dagbag.py:536} INFO - Filling up the DagBag from /opt/airflow/dags/dag_suivi.py
[2026-08-05T15:25:09.320+0000] {processor.py:839} INFO - DAG(s) dict_keys(['pipeline_ingestion_suivi']) retrieved from /opt/airflow/dags/dag_suivi.py
[2026-08-05T15:25:09.344+0000] {logging_mixin.py:151} INFO - [2026-08-05T15:25:09.344+0000] {dag.py:2941} INFO - Sync 1 DAGs
[2026-08-05T15:25:09.364+0000] {logging_mixin.py:151} INFO - [2026-08-05T15:25:09.364+0000] {dag.py:3722} INFO - Setting next_dagrun for pipeline_ingestion_suivi to 2026-08-05T15:00:00+00:00, run_after=2026-08-05T16:00:00+00:00
[2026-08-05T15:25:09.381+0000] {processor.py:179} INFO - Processing /opt/airflow/dags/dag_suivi.py took 0.083 seconds
[2026-08-05T15:25:39.508+0000] {processor.py:157} INFO - Started process (PID=2991) to work on /opt/airflow/dags/dag_suivi.py
[2026-08-05T15:25:39.508+0000] {processor.py:829} INFO - Processing file /opt/airflow/dags/dag_suivi.py for tasks to queue
[2026-08-05T15:25:39.509+0000] {logging_mixin.py:151} INFO - [2026-08-05T15:25:39.509+0000] {dagbag.py:536} INFO - Filling up the DagBag from /opt/airflow/dags/dag_suivi.py
[2026-08-05T15:25:39.527+0000] {processor.py:839} INFO - DAG(s) dict_keys(['pipeline_ingestion_suivi']) retrieved from /opt/airflow/dags/dag_suivi.py
[2026-08-05T15:25:39.552+0000] {logging_mixin.py:151} INFO - [2026-08-05T15:25:39.551+0000] {dag.py:2941} INFO - Sync 1 DAGs
[2026-08-05T15:25:39.570+0000] {logging_mixin.py:151} INFO - [2026-08-05T15:25:39.570+0000] {dag.py:3722} INFO - Setting next_dagrun for pipeline_ingestion_suivi to 2026-08-05T15:00:00+00:00, run_after=2026-08-05T16:00:00+00:00
[2026-08-05T15:25:39.596+0000] {processor.py:179} INFO - Processing /opt/airflow/dags/dag_suivi.py took 0.092 seconds
[2026-08-05T15:26:09.801+0000] {processor.py:157} INFO - Started process (PID=2996) to work on /opt/airflow/dags/dag_suivi.py
[2026-08-05T15:26:09.801+0000] {processor.py:829} INFO - Processing file /opt/airflow/dags/dag_suivi.py for tasks to queue
[2026-08-05T15:26:09.802+0000] {logging_mixin.py:151} INFO - [2026-08-05T15:26:09.802+0000] {dagbag.py:536} INFO - Filling up the DagBag from /opt/airflow/dags/dag_suivi.py
[2026-08-05T15:26:09.818+0000] {processor.py:839} INFO - DAG(s) dict_keys(['pipeline_ingestion_suivi']) retrieved from /opt/airflow/dags/dag_suivi.py
[2026-08-05T15:26:09.842+0000] {logging_mixin.py:151} INFO - [2026-08-05T15:26:09.842+0000] {dag.py:2941} INFO - Sync 1 DAGs
[2026-08-05T15:26:09.860+0000] {logging_mixin.py:151} INFO - [2026-08-05T15:26:09.860+0000] {dag.py:3722} INFO - Setting next_dagrun for pipeline_ingestion_suivi to 2026-08-05T15:00:00+00:00, run_after=2026-08-05T16:00:00+00:00
[2026-08-05T15:26:09.886+0000] {processor.py:179} INFO - Processing /opt/airflow/dags/dag_suivi.py took 0.088 seconds
[2026-08-05T15:26:40.041+0000] {processor.py:157} INFO - Started process (PID=3001) to work on /opt/airflow/dags/dag_suivi.py
[2026-08-05T15:26:40.042+0000] {processor.py:829} INFO - Processing file /opt/airflow/dags/dag_suivi.py for tasks to queue
[2026-08-05T15:26:40.042+0000] {logging_mixin.py:151} INFO - [2026-08-05T15:26:40.042+0000] {dagbag.py:536} INFO - Filling up the DagBag from /opt/airflow/dags/dag_suivi.py
[2026-08-05T15:26:40.063+0000] {processor.py:839} INFO - DAG(s) dict_keys(['pipeline_ingestion_suivi']) retrieved from /opt/airflow/dags/dag_suivi.py
[2026-08-05T15:26:40.087+0000] {logging_mixin.py:151} INFO - [2026-08-05T15:26:40.087+0000] {dag.py:2941} INFO - Sync 1 DAGs
[2026-08-05T15:26:40.106+0000] {logging_mixin.py:151} INFO - [2026-08-05T15:26:40.106+0000] {dag.py:3722} INFO - Setting next_dagrun for pipeline_ingestion_suivi to 2026-08-05T15:00:00+00:00, run_after=2026-08-05T16:00:00+00:00
[2026-08-05T15:26:40.125+0000] {processor.py:179} INFO - Processing /opt/airflow/dags/dag_suivi.py took 0.088 seconds
[2026-08-05T15:27:10.333+0000] {processor.py:157} INFO - Started process (PID=3006) to work on /opt/airflow/dags/dag_suivi.py
[2026-08-05T15:27:10.333+0000] {processor.py:829} INFO - Processing file /opt/airflow/dags/dag_suivi.py for tasks to queue
[2026-08-05T15:27:10.334+0000] {logging_mixin.py:151} INFO - [2026-08-05T15:27:10.334+0000] {dagbag.py:536} INFO - Filling up the DagBag from /opt/airflow/dags/dag_suivi.py
[2026-08-05T15:27:10.351+0000] {processor.py:839} INFO - DAG(s) dict_keys(['pipeline_ingestion_suivi']) retrieved from /opt/airflow/dags/dag_suivi.py
[2026-08-05T15:27:10.373+0000] {logging_mixin.py:151} INFO - [2026-08-05T15:27:10.373+0000] {dag.py:2941} INFO - Sync 1 DAGs
[2026-08-05T15:27:10.391+0000] {logging_mixin.py:151} INFO - [2026-08-05T15:27:10.391+0000] {dag.py:3722} INFO - Setting next_dagrun for pipeline_ingestion_suivi to 2026-08-05T15:00:00+00:00, run_after=2026-08-05T16:00:00+00:00
[2026-08-05T15:27:10.409+0000] {processor.py:179} INFO - Processing /opt/airflow/dags/dag_suivi.py took 0.078 seconds
[2026-08-05T15:27:40.567+0000] {processor.py:157} INFO - Started process (PID=3011) to work on /opt/airflow/dags/dag_suivi.py
[2026-08-05T15:27:40.568+0000] {processor.py:829} INFO - Processing file /opt/airflow/dags/dag_suivi.py for tasks to queue
[2026-08-05T15:27:40.568+0000] {logging_mixin.py:151} INFO - [2026-08-05T15:27:40.568+0000] {dagbag.py:536} INFO - Filling up the DagBag from /opt/airflow/dags/dag_suivi.py
[2026-08-05T15:27:40.585+0000] {processor.py:839} INFO - DAG(s) dict_keys(['pipeline_ingestion_suivi']) retrieved from /opt/airflow/dags/dag_suivi.py
[2026-08-05T15:27:40.608+0000] {logging_mixin.py:151} INFO - [2026-08-05T15:27:40.608+0000] {dag.py:2941} INFO - Sync 1 DAGs
[2026-08-05T15:27:40.627+0000] {logging_mixin.py:151} INFO - [2026-08-05T15:27:40.627+0000] {dag.py:3722} INFO - Setting next_dagrun for pipeline_ingestion_suivi to 2026-08-05T15:00:00+00:00, run_after=2026-08-05T16:00:00+00:00
[2026-08-05T15:27:40.654+0000] {processor.py:179} INFO - Processing /opt/airflow/dags/dag_suivi.py took 0.090 seconds
[2026-08-05T15:28:10.835+0000] {processor.py:157} INFO - Started process (PID=3016) to work on /opt/airflow/dags/dag_suivi.py
[2026-08-05T15:28:10.835+0000] {processor.py:829} INFO - Processing file /opt/airflow/dags/dag_suivi.py for tasks to queue
[2026-08-05T15:28:10.836+0000] {logging_mixin.py:151} INFO - [2026-08-05T15:28:10.836+0000] {dagbag.py:536} INFO - Filling up the DagBag from /opt/airflow/dags/dag_suivi.py
[2026-08-05T15:28:10.856+0000] {processor.py:839} INFO - DAG(s) dict_keys(['pipeline_ingestion_suivi']) retrieved from /opt/airflow/dags/dag_suivi.py
[2026-08-05T15:28:10.880+0000] {logging_mixin.py:151} INFO - [2026-08-05T15:28:10.879+0000] {dag.py:2941} INFO - Sync 1 DAGs
[2026-08-05T15:28:10.898+0000] {logging_mixin.py:151} INFO - [2026-08-05T15:28:10.898+0000] {dag.py:3722} INFO - Setting next_dagrun for pipeline_ingestion_suivi to 2026-08-05T15:00:00+00:00, run_after=2026-08-05T16:00:00+00:00
[2026-08-05T15:28:10.926+0000] {processor.py:179} INFO - Processing /opt/airflow/dags/dag_suivi.py took 0.094 seconds
[2026-08-05T15:28:41.073+0000] {processor.py:157} INFO - Started process (PID=3021) to work on /opt/airflow/dags/dag_suivi.py
[2026-08-05T15:28:41.073+0000] {processor.py:829} INFO - Processing file /opt/airflow/dags/dag_suivi.py for tasks to queue
[2026-08-05T15:28:41.074+0000] {logging_mixin.py:151} INFO - [2026-08-05T15:28:41.074+0000] {dagbag.py:536} INFO - Filling up the DagBag from /opt/airflow/dags/dag_suivi.py
[2026-08-05T15:28:41.093+0000] {processor.py:839} INFO - DAG(s) dict_keys(['pipeline_ingestion_suivi']) retrieved from /opt/airflow/dags/dag_suivi.py
[2026-08-05T15:28:41.118+0000] {logging_mixin.py:151} INFO - [2026-08-05T15:28:41.118+0000] {dag.py:2941} INFO - Sync 1 DAGs
[2026-08-05T15:28:41.136+0000] {logging_mixin.py:151} INFO - [2026-08-05T15:28:41.136+0000] {dag.py:3722} INFO - Setting next_dagrun for pipeline_ingestion_suivi to 2026-08-05T15:00:00+00:00, run_after=2026-08-05T16:00:00+00:00
[2026-08-05T15:28:41.154+0000] {processor.py:179} INFO - Processing /opt/airflow/dags/dag_suivi.py took 0.084 seconds
[2026-08-05T15:29:11.356+0000] {processor.py:157} INFO - Started process (PID=3026) to work on /opt/airflow/dags/dag_suivi.py
[2026-08-05T15:29:11.356+0000] {processor.py:829} INFO - Processing file /opt/airflow/dags/dag_suivi.py for tasks to queue
[2026-08-05T15:29:11.357+0000] {logging_mixin.py:151} INFO - [2026-08-05T15:29:11.357+0000] {dagbag.py:536} INFO - Filling up the DagBag from /opt/airflow/dags/dag_suivi.py
[2026-08-05T15:29:11.375+0000] {processor.py:839} INFO - DAG(s) dict_keys(['pipeline_ingestion_suivi']) retrieved from /opt/airflow/dags/dag_suivi.py
[2026-08-05T15:29:11.398+0000] {logging_mixin.py:151} INFO - [2026-08-05T15:29:11.398+0000] {dag.py:2941} INFO - Sync 1 DAGs
[2026-08-05T15:29:11.415+0000] {logging_mixin.py:151} INFO - [2026-08-05T15:29:11.415+0000] {dag.py:3722} INFO - Setting next_dagrun for pipeline_ingestion_suivi to 2026-08-05T15:00:00+00:00, run_after=2026-08-05T16:00:00+00:00
[2026-08-05T15:29:11.431+0000] {processor.py:179} INFO - Processing /opt/airflow/dags/dag_suivi.py took 0.077 seconds
[2026-08-05T15:29:41.619+0000] {processor.py:157} INFO - Started process (PID=3031) to work on /opt/airflow/dags/dag_suivi.py
[2026-08-05T15:29:41.620+0000] {processor.py:829} INFO - Processing file /opt/airflow/dags/dag_suivi.py for tasks to queue
[2026-08-05T15:29:41.621+0000] {logging_mixin.py:151} INFO - [2026-08-05T15:29:41.621+0000] {dagbag.py:536} INFO - Filling up the DagBag from /opt/airflow/dags/dag_suivi.py
[2026-08-05T15:29:41.637+0000] {processor.py:839} INFO - DAG(s) dict_keys(['pipeline_ingestion_suivi']) retrieved from /opt/airflow/dags/dag_suivi.py
[2026-08-05T15:29:41.661+0000] {logging_mixin.py:151} INFO - [2026-08-05T15:29:41.661+0000] {dag.py:2941} INFO - Sync 1 DAGs
[2026-08-05T15:29:41.679+0000] {logging_mixin.py:151} INFO - [2026-08-05T15:29:41.679+0000] {dag.py:3722} INFO - Setting next_dagrun for pipeline_ingestion_suivi to 2026-08-05T15:00:00+00:00, run_after=2026-08-05T16:00:00+00:00
[2026-08-05T15:29:41.697+0000] {processor.py:179} INFO - Processing /opt/airflow/dags/dag_suivi.py took 0.080 seconds
[2026-08-05T15:30:11.878+0000] {processor.py:157} INFO - Started process (PID=3036) to work on /opt/airflow/dags/dag_suivi.py
[2026-08-05T15:30:11.878+0000] {processor.py:829} INFO - Processing file /opt/airflow/dags/dag_suivi.py for tasks to queue
[2026-08-05T15:30:11.879+0000] {logging_mixin.py:151} INFO - [2026-08-05T15:30:11.879+0000] {dagbag.py:536} INFO - Filling up the DagBag from /opt/airflow/dags/dag_suivi.py
[2026-08-05T15:30:11.897+0000] {processor.py:839} INFO - DAG(s) dict_keys(['pipeline_ingestion_suivi']) retrieved from /opt/airflow/dags/dag_suivi.py
[2026-08-05T15:30:11.920+0000] {logging_mixin.py:151} INFO - [2026-08-05T15:30:11.920+0000] {dag.py:2941} INFO - Sync 1 DAGs
[2026-08-05T15:30:11.938+0000] {logging_mixin.py:151} INFO - [2026-08-05T15:30:11.937+0000] {dag.py:3722} INFO - Setting next_dagrun for pipeline_ingestion_suivi to 2026-08-05T15:00:00+00:00, run_after=2026-08-05T16:00:00+00:00
[2026-08-05T15:30:11.958+0000] {processor.py:179} INFO - Processing /opt/airflow/dags/dag_suivi.py took 0.083 seconds
[2026-08-05T15:30:42.134+0000] {processor.py:157} INFO - Started process (PID=3041) to work on /opt/airflow/dags/dag_suivi.py
[2026-08-05T15:30:42.135+0000] {processor.py:829} INFO - Processing file /opt/airflow/dags/dag_suivi.py for tasks to queue
[2026-08-05T15:30:42.135+0000] {logging_mixin.py:151} INFO - [2026-08-05T15:30:42.135+0000] {dagbag.py:536} INFO - Filling up the DagBag from /opt/airflow/dags/dag_suivi.py
[2026-08-05T15:30:42.155+0000] {processor.py:839} INFO - DAG(s) dict_keys(['pipeline_ingestion_suivi']) retrieved from /opt/airflow/dags/dag_suivi.py
[2026-08-05T15:30:42.180+0000] {logging_mixin.py:151} INFO - [2026-08-05T15:30:42.179+0000] {dag.py:2941} INFO - Sync 1 DAGs
[2026-08-05T15:30:42.199+0000] {logging_mixin.py:151} INFO - [2026-08-05T15:30:42.199+0000] {dag.py:3722} INFO - Setting next_dagrun for pipeline_ingestion_suivi to 2026-08-05T15:00:00+00:00, run_after=2026-08-05T16:00:00+00:00
[2026-08-05T15:30:42.216+0000] {processor.py:179} INFO - Processing /opt/airflow/dags/dag_suivi.py took 0.084 seconds
[2026-08-05T15:31:12.440+0000] {processor.py:157} INFO - Started process (PID=3046) to work on /opt/airflow/dags/dag_suivi.py
[2026-08-05T15:31:12.441+0000] {processor.py:829} INFO - Processing file /opt/airflow/dags/dag_suivi.py for tasks to queue
[2026-08-05T15:31:12.441+0000] {logging_mixin.py:151} INFO - [2026-08-05T15:31:12.441+0000] {dagbag.py:536} INFO - Filling up the DagBag from /opt/airflow/dags/dag_suivi.py
[2026-08-05T15:31:12.459+0000] {processor.py:839} INFO - DAG(s) dict_keys(['pipeline_ingestion_suivi']) retrieved from /opt/airflow/dags/dag_suivi.py
[2026-08-05T15:31:12.482+0000] {logging_mixin.py:151} INFO - [2026-08-05T15:31:12.482+0000] {dag.py:2941} INFO - Sync 1 DAGs
[2026-08-05T15:31:12.499+0000] {logging_mixin.py:151} INFO - [2026-08-05T15:31:12.499+0000] {dag.py:3722} INFO - Setting next_dagrun for pipeline_ingestion_suivi to 2026-08-05T15:00:00+00:00, run_after=2026-08-05T16:00:00+00:00
[2026-08-05T15:31:12.527+0000] {processor.py:179} INFO - Processing /opt/airflow/dags/dag_suivi.py took 0.089 seconds
[2026-08-05T15:31:42.681+0000] {processor.py:157} INFO - Started process (PID=3051) to work on /opt/airflow/dags/dag_suivi.py
[2026-08-05T15:31:42.682+0000] {processor.py:829} INFO - Processing file /opt/airflow/dags/dag_suivi.py for tasks to queue
[2026-08-05T15:31:42.682+0000] {logging_mixin.py:151} INFO - [2026-08-05T15:31:42.682+0000] {dagbag.py:536} INFO - Filling up the DagBag from /opt/airflow/dags/dag_suivi.py
[2026-08-05T15:31:42.701+0000] {processor.py:839} INFO - DAG(s) dict_keys(['pipeline_ingestion_suivi']) retrieved from /opt/airflow/dags/dag_suivi.py
[2026-08-05T15:31:42.734+0000] {logging_mixin.py:151} INFO - [2026-08-05T15:31:42.734+0000] {dag.py:2941} INFO - Sync 1 DAGs
[2026-08-05T15:31:42.761+0000] {logging_mixin.py:151} INFO - [2026-08-05T15:31:42.761+0000] {dag.py:3722} INFO - Setting next_dagrun for pipeline_ingestion_suivi to 2026-08-05T15:00:00+00:00, run_after=2026-08-05T16:00:00+00:00
[2026-08-05T15:31:42.795+0000] {processor.py:179} INFO - Processing /opt/airflow/dags/dag_suivi.py took 0.117 seconds
[2026-08-05T15:32:13.002+0000] {processor.py:157} INFO - Started process (PID=3056) to work on /opt/airflow/dags/dag_suivi.py
[2026-08-05T15:32:13.003+0000] {processor.py:829} INFO - Processing file /opt/airflow/dags/dag_suivi.py for tasks to queue
[2026-08-05T15:32:13.004+0000] {logging_mixin.py:151} INFO - [2026-08-05T15:32:13.004+0000] {dagbag.py:536} INFO - Filling up the DagBag from /opt/airflow/dags/dag_suivi.py
[2026-08-05T15:32:13.021+0000] {processor.py:839} INFO - DAG(s) dict_keys(['pipeline_ingestion_suivi']) retrieved from /opt/airflow/dags/dag_suivi.py
[2026-08-05T15:32:13.044+0000] {logging_mixin.py:151} INFO - [2026-08-05T15:32:13.044+0000] {dag.py:2941} INFO - Sync 1 DAGs
[2026-08-05T15:32:13.065+0000] {logging_mixin.py:151} INFO - [2026-08-05T15:32:13.065+0000] {dag.py:3722} INFO - Setting next_dagrun for pipeline_ingestion_suivi to 2026-08-05T15:00:00+00:00, run_after=2026-08-05T16:00:00+00:00
[2026-08-05T15:32:13.087+0000] {processor.py:179} INFO - Processing /opt/airflow/dags/dag_suivi.py took 0.088 seconds
[2026-08-05T15:32:43.308+0000] {processor.py:157} INFO - Started process (PID=3061) to work on /opt/airflow/dags/dag_suivi.py
[2026-08-05T15:32:43.309+0000] {processor.py:829} INFO - Processing file /opt/airflow/dags/dag_suivi.py for tasks to queue
[2026-08-05T15:32:43.309+0000] {logging_mixin.py:151} INFO - [2026-08-05T15:32:43.309+0000] {dagbag.py:536} INFO - Filling up the DagBag from /opt/airflow/dags/dag_suivi.py
[2026-08-05T15:32:43.326+0000] {processor.py:839} INFO - DAG(s) dict_keys(['pipeline_ingestion_suivi']) retrieved from /opt/airflow/dags/dag_suivi.py
[2026-08-05T15:32:43.349+0000] {logging_mixin.py:151} INFO - [2026-08-05T15:32:43.349+0000] {dag.py:2941} INFO - Sync 1 DAGs
[2026-08-05T15:32:43.369+0000] {logging_mixin.py:151} INFO - [2026-08-05T15:32:43.369+0000] {dag.py:3722} INFO - Setting next_dagrun for pipeline_ingestion_suivi to 2026-08-05T15:00:00+00:00, run_after=2026-08-05T16:00:00+00:00
[2026-08-05T15:32:43.398+0000] {processor.py:179} INFO - Processing /opt/airflow/dags/dag_suivi.py took 0.092 seconds
[2026-08-05T15:33:13.564+0000] {processor.py:157} INFO - Started process (PID=3066) to work on /opt/airflow/dags/dag_suivi.py
[2026-08-05T15:33:13.565+0000] {processor.py:829} INFO - Processing file /opt/airflow/dags/dag_suivi.py for tasks to queue
[2026-08-05T15:33:13.567+0000] {logging_mixin.py:151} INFO - [2026-08-05T15:33:13.567+0000] {dagbag.py:536} INFO - Filling up the DagBag from /opt/airflow/dags/dag_suivi.py
[2026-08-05T15:33:13.591+0000] {processor.py:839} INFO - DAG(s) dict_keys(['pipeline_ingestion_suivi']) retrieved from /opt/airflow/dags/dag_suivi.py
[2026-08-05T15:33:13.616+0000] {logging_mixin.py:151} INFO - [2026-08-05T15:33:13.616+0000] {dag.py:2941} INFO - Sync 1 DAGs
[2026-08-05T15:33:13.636+0000] {logging_mixin.py:151} INFO - [2026-08-05T15:33:13.636+0000] {dag.py:3722} INFO - Setting next_dagrun for pipeline_ingestion_suivi to 2026-08-05T15:00:00+00:00, run_after=2026-08-05T16:00:00+00:00
[2026-08-05T15:33:13.665+0000] {processor.py:179} INFO - Processing /opt/airflow/dags/dag_suivi.py took 0.107 seconds
[2026-08-05T15:33:43.829+0000] {processor.py:157} INFO - Started process (PID=3071) to work on /opt/airflow/dags/dag_suivi.py
[2026-08-05T15:33:43.829+0000] {processor.py:829} INFO - Processing file /opt/airflow/dags/dag_suivi.py for tasks to queue
[2026-08-05T15:33:43.830+0000] {logging_mixin.py:151} INFO - [2026-08-05T15:33:43.830+0000] {dagbag.py:536} INFO - Filling up the DagBag from /opt/airflow/dags/dag_suivi.py
[2026-08-05T15:33:43.852+0000] {processor.py:839} INFO - DAG(s) dict_keys(['pipeline_ingestion_suivi']) retrieved from /opt/airflow/dags/dag_suivi.py
[2026-08-05T15:33:43.878+0000] {logging_mixin.py:151} INFO - [2026-08-05T15:33:43.878+0000] {dag.py:2941} INFO - Sync 1 DAGs
[2026-08-05T15:33:43.898+0000] {logging_mixin.py:151} INFO - [2026-08-05T15:33:43.898+0000] {dag.py:3722} INFO - Setting next_dagrun for pipeline_ingestion_suivi to 2026-08-05T15:00:00+00:00, run_after=2026-08-05T16:00:00+00:00
[2026-08-05T15:33:43.917+0000] {processor.py:179} INFO - Processing /opt/airflow/dags/dag_suivi.py took 0.091 seconds
[2026-08-05T15:34:14.100+0000] {processor.py:157} INFO - Started process (PID=3076) to work on /opt/airflow/dags/dag_suivi.py
[2026-08-05T15:34:14.101+0000] {processor.py:829} INFO - Processing file /opt/airflow/dags/dag_suivi.py for tasks to queue
[2026-08-05T15:34:14.102+0000] {logging_mixin.py:151} INFO - [2026-08-05T15:34:14.101+0000] {dagbag.py:536} INFO - Filling up the DagBag from /opt/airflow/dags/dag_suivi.py
[2026-08-05T15:34:14.121+0000] {processor.py:839} INFO - DAG(s) dict_keys(['pipeline_ingestion_suivi']) retrieved from /opt/airflow/dags/dag_suivi.py
[2026-08-05T15:34:14.146+0000] {logging_mixin.py:151} INFO - [2026-08-05T15:34:14.145+0000] {dag.py:2941} INFO - Sync 1 DAGs
[2026-08-05T15:34:14.163+0000] {logging_mixin.py:151} INFO - [2026-08-05T15:34:14.163+0000] {dag.py:3722} INFO - Setting next_dagrun for pipeline_ingestion_suivi to 2026-08-05T15:00:00+00:00, run_after=2026-08-05T16:00:00+00:00
[2026-08-05T15:34:14.182+0000] {processor.py:179} INFO - Processing /opt/airflow/dags/dag_suivi.py took 0.084 seconds
[2026-08-05T15:34:44.380+0000] {processor.py:157} INFO - Started process (PID=3081) to work on /opt/airflow/dags/dag_suivi.py
[2026-08-05T15:34:44.381+0000] {processor.py:829} INFO - Processing file /opt/airflow/dags/dag_suivi.py for tasks to queue
[2026-08-05T15:34:44.382+0000] {logging_mixin.py:151} INFO - [2026-08-05T15:34:44.381+0000] {dagbag.py:536} INFO - Filling up the DagBag from /opt/airflow/dags/dag_suivi.py
[2026-08-05T15:34:44.400+0000] {processor.py:839} INFO - DAG(s) dict_keys(['pipeline_ingestion_suivi']) retrieved from /opt/airflow/dags/dag_suivi.py
[2026-08-05T15:34:44.424+0000] {logging_mixin.py:151} INFO - [2026-08-05T15:34:44.424+0000] {dag.py:2941} INFO - Sync 1 DAGs
[2026-08-05T15:34:44.442+0000] {logging_mixin.py:151} INFO - [2026-08-05T15:34:44.442+0000] {dag.py:3722} INFO - Setting next_dagrun for pipeline_ingestion_suivi to 2026-08-05T15:00:00+00:00, run_after=2026-08-05T16:00:00+00:00
[2026-08-05T15:34:44.460+0000] {processor.py:179} INFO - Processing /opt/airflow/dags/dag_suivi.py took 0.083 seconds
[2026-08-05T15:35:14.677+0000] {processor.py:157} INFO - Started process (PID=3086) to work on /opt/airflow/dags/dag_suivi.py
[2026-08-05T15:35:14.678+0000] {processor.py:829} INFO - Processing file /opt/airflow/dags/dag_suivi.py for tasks to queue
[2026-08-05T15:35:14.678+0000] {logging_mixin.py:151} INFO - [2026-08-05T15:35:14.678+0000] {dagbag.py:536} INFO - Filling up the DagBag from /opt/airflow/dags/dag_suivi.py
[2026-08-05T15:35:14.699+0000] {processor.py:839} INFO - DAG(s) dict_keys(['pipeline_ingestion_suivi']) retrieved from /opt/airflow/dags/dag_suivi.py
[2026-08-05T15:35:14.725+0000] {logging_mixin.py:151} INFO - [2026-08-05T15:35:14.725+0000] {dag.py:2941} INFO - Sync 1 DAGs
[2026-08-05T15:35:14.746+0000] {logging_mixin.py:151} INFO - [2026-08-05T15:35:14.745+0000] {dag.py:3722} INFO - Setting next_dagrun for pipeline_ingestion_suivi to 2026-08-05T15:00:00+00:00, run_after=2026-08-05T16:00:00+00:00
[2026-08-05T15:35:14.776+0000] {processor.py:179} INFO - Processing /opt/airflow/dags/dag_suivi.py took 0.102 seconds
[2026-08-05T15:35:44.952+0000] {processor.py:157} INFO - Started process (PID=3091) to work on /opt/airflow/dags/dag_suivi.py
[2026-08-05T15:35:44.952+0000] {processor.py:829} INFO - Processing file /opt/airflow/dags/dag_suivi.py for tasks to queue
[2026-08-05T15:35:44.953+0000] {logging_mixin.py:151} INFO - [2026-08-05T15:35:44.953+0000] {dagbag.py:536} INFO - Filling up the DagBag from /opt/airflow/dags/dag_suivi.py
[2026-08-05T15:35:44.970+0000] {processor.py:839} INFO - DAG(s) dict_keys(['pipeline_ingestion_suivi']) retrieved from /opt/airflow/dags/dag_suivi.py
[2026-08-05T15:35:44.995+0000] {logging_mixin.py:151} INFO - [2026-08-05T15:35:44.995+0000] {dag.py:2941} INFO - Sync 1 DAGs
[2026-08-05T15:35:45.013+0000] {logging_mixin.py:151} INFO - [2026-08-05T15:35:45.013+0000] {dag.py:3722} INFO - Setting next_dagrun for pipeline_ingestion_suivi to 2026-08-05T15:00:00+00:00, run_after=2026-08-05T16:00:00+00:00
[2026-08-05T15:35:45.040+0000] {processor.py:179} INFO - Processing /opt/airflow/dags/dag_suivi.py took 0.091 seconds
[2026-08-05T15:36:15.207+0000] {processor.py:157} INFO - Started process (PID=3096) to work on /opt/airflow/dags/dag_suivi.py
[2026-08-05T15:36:15.208+0000] {processor.py:829} INFO - Processing file /opt/airflow/dags/dag_suivi.py for tasks to queue
[2026-08-05T15:36:15.209+0000] {logging_mixin.py:151} INFO - [2026-08-05T15:36:15.209+0000] {dagbag.py:536} INFO - Filling up the DagBag from /opt/airflow/dags/dag_suivi.py
[2026-08-05T15:36:15.228+0000] {processor.py:839} INFO - DAG(s) dict_keys(['pipeline_ingestion_suivi']) retrieved from /opt/airflow/dags/dag_suivi.py
[2026-08-05T15:36:15.253+0000] {logging_mixin.py:151} INFO - [2026-08-05T15:36:15.253+0000] {dag.py:2941} INFO - Sync 1 DAGs
[2026-08-05T15:36:15.273+0000] {logging_mixin.py:151} INFO - [2026-08-05T15:36:15.273+0000] {dag.py:3722} INFO - Setting next_dagrun for pipeline_ingestion_suivi to 2026-08-05T15:00:00+00:00, run_after=2026-08-05T16:00:00+00:00
[2026-08-05T15:36:15.290+0000] {processor.py:179} INFO - Processing /opt/airflow/dags/dag_suivi.py took 0.086 seconds
[2026-08-05T15:36:45.512+0000] {processor.py:157} INFO - Started process (PID=3101) to work on /opt/airflow/dags/dag_suivi.py
[2026-08-05T15:36:45.513+0000] {processor.py:829} INFO - Processing file /opt/airflow/dags/dag_suivi.py for tasks to queue
[2026-08-05T15:36:45.514+0000] {logging_mixin.py:151} INFO - [2026-08-05T15:36:45.514+0000] {dagbag.py:536} INFO - Filling up the DagBag from /opt/airflow/dags/dag_suivi.py
[2026-08-05T15:36:45.533+0000] {processor.py:839} INFO - DAG(s) dict_keys(['pipeline_ingestion_suivi']) retrieved from /opt/airflow/dags/dag_suivi.py
[2026-08-05T15:36:45.560+0000] {logging_mixin.py:151} INFO - [2026-08-05T15:36:45.560+0000] {dag.py:2941} INFO - Sync 1 DAGs
[2026-08-05T15:36:45.582+0000] {logging_mixin.py:151} INFO - [2026-08-05T15:36:45.582+0000] {dag.py:3722} INFO - Setting next_dagrun for pipeline_ingestion_suivi to 2026-08-05T15:00:00+00:00, run_after=2026-08-05T16:00:00+00:00
[2026-08-05T15:36:45.602+0000] {processor.py:179} INFO - Processing /opt/airflow/dags/dag_suivi.py took 0.093 seconds
[2026-08-05T15:37:15.775+0000] {processor.py:157} INFO - Started process (PID=3106) to work on /opt/airflow/dags/dag_suivi.py
[2026-08-05T15:37:15.776+0000] {processor.py:829} INFO - Processing file /opt/airflow/dags/dag_suivi.py for tasks to queue
[2026-08-05T15:37:15.777+0000] {logging_mixin.py:151} INFO - [2026-08-05T15:37:15.777+0000] {dagbag.py:536} INFO - Filling up the DagBag from /opt/airflow/dags/dag_suivi.py
[2026-08-05T15:37:15.806+0000] {processor.py:839} INFO - DAG(s) dict_keys(['pipeline_ingestion_suivi']) retrieved from /opt/airflow/dags/dag_suivi.py
[2026-08-05T15:37:15.844+0000] {logging_mixin.py:151} INFO - [2026-08-05T15:37:15.843+0000] {dag.py:2941} INFO - Sync 1 DAGs
[2026-08-05T15:37:15.878+0000] {logging_mixin.py:151} INFO - [2026-08-05T15:37:15.878+0000] {dag.py:3722} INFO - Setting next_dagrun for pipeline_ingestion_suivi to 2026-08-05T15:00:00+00:00, run_after=2026-08-05T16:00:00+00:00
[2026-08-05T15:37:15.922+0000] {processor.py:179} INFO - Processing /opt/airflow/dags/dag_suivi.py took 0.149 seconds
[2026-08-05T15:37:46.177+0000] {processor.py:157} INFO - Started process (PID=3111) to work on /opt/airflow/dags/dag_suivi.py
[2026-08-05T15:37:46.179+0000] {processor.py:829} INFO - Processing file /opt/airflow/dags/dag_suivi.py for tasks to queue
[2026-08-05T15:37:46.181+0000] {logging_mixin.py:151} INFO - [2026-08-05T15:37:46.181+0000] {dagbag.py:536} INFO - Filling up the DagBag from /opt/airflow/dags/dag_suivi.py
[2026-08-05T15:37:46.238+0000] {processor.py:839} INFO - DAG(s) dict_keys(['pipeline_ingestion_suivi']) retrieved from /opt/airflow/dags/dag_suivi.py
[2026-08-05T15:37:46.390+0000] {logging_mixin.py:151} INFO - [2026-08-05T15:37:46.389+0000] {dag.py:2941} INFO - Sync 1 DAGs
[2026-08-05T15:37:46.472+0000] {logging_mixin.py:151} INFO - [2026-08-05T15:37:46.471+0000] {dag.py:3722} INFO - Setting next_dagrun for pipeline_ingestion_suivi to 2026-08-05T15:00:00+00:00, run_after=2026-08-05T16:00:00+00:00
[2026-08-05T15:37:46.507+0000] {processor.py:179} INFO - Processing /opt/airflow/dags/dag_suivi.py took 0.335 seconds
[2026-08-05T15:38:16.724+0000] {processor.py:157} INFO - Started process (PID=3116) to work on /opt/airflow/dags/dag_suivi.py
[2026-08-05T15:38:16.724+0000] {processor.py:829} INFO - Processing file /opt/airflow/dags/dag_suivi.py for tasks to queue
[2026-08-05T15:38:16.725+0000] {logging_mixin.py:151} INFO - [2026-08-05T15:38:16.725+0000] {dagbag.py:536} INFO - Filling up the DagBag from /opt/airflow/dags/dag_suivi.py
[2026-08-05T15:38:16.746+0000] {processor.py:839} INFO - DAG(s) dict_keys(['pipeline_ingestion_suivi']) retrieved from /opt/airflow/dags/dag_suivi.py
[2026-08-05T15:38:16.776+0000] {logging_mixin.py:151} INFO - [2026-08-05T15:38:16.776+0000] {dag.py:2941} INFO - Sync 1 DAGs
[2026-08-05T15:38:16.796+0000] {logging_mixin.py:151} INFO - [2026-08-05T15:38:16.796+0000] {dag.py:3722} INFO - Setting next_dagrun for pipeline_ingestion_suivi to 2026-08-05T15:00:00+00:00, run_after=2026-08-05T16:00:00+00:00
[2026-08-05T15:38:16.815+0000] {processor.py:179} INFO - Processing /opt/airflow/dags/dag_suivi.py took 0.094 seconds
[2026-08-05T15:38:46.948+0000] {processor.py:157} INFO - Started process (PID=3121) to work on /opt/airflow/dags/dag_suivi.py
[2026-08-05T15:38:46.949+0000] {processor.py:829} INFO - Processing file /opt/airflow/dags/dag_suivi.py for tasks to queue
[2026-08-05T15:38:46.950+0000] {logging_mixin.py:151} INFO - [2026-08-05T15:38:46.950+0000] {dagbag.py:536} INFO - Filling up the DagBag from /opt/airflow/dags/dag_suivi.py
[2026-08-05T15:38:46.969+0000] {processor.py:839} INFO - DAG(s) dict_keys(['pipeline_ingestion_suivi']) retrieved from /opt/airflow/dags/dag_suivi.py
[2026-08-05T15:38:46.993+0000] {logging_mixin.py:151} INFO - [2026-08-05T15:38:46.993+0000] {dag.py:2941} INFO - Sync 1 DAGs
[2026-08-05T15:38:47.013+0000] {logging_mixin.py:151} INFO - [2026-08-05T15:38:47.012+0000] {dag.py:3722} INFO - Setting next_dagrun for pipeline_ingestion_suivi to 2026-08-05T15:00:00+00:00, run_after=2026-08-05T16:00:00+00:00
[2026-08-05T15:38:47.032+0000] {processor.py:179} INFO - Processing /opt/airflow/dags/dag_suivi.py took 0.087 seconds
[2026-08-05T15:39:17.220+0000] {processor.py:157} INFO - Started process (PID=3126) to work on /opt/airflow/dags/dag_suivi.py
[2026-08-05T15:39:17.221+0000] {processor.py:829} INFO - Processing file /opt/airflow/dags/dag_suivi.py for tasks to queue
[2026-08-05T15:39:17.222+0000] {logging_mixin.py:151} INFO - [2026-08-05T15:39:17.221+0000] {dagbag.py:536} INFO - Filling up the DagBag from /opt/airflow/dags/dag_suivi.py
[2026-08-05T15:39:17.247+0000] {processor.py:839} INFO - DAG(s) dict_keys(['pipeline_ingestion_suivi']) retrieved from /opt/airflow/dags/dag_suivi.py
[2026-08-05T15:39:17.274+0000] {logging_mixin.py:151} INFO - [2026-08-05T15:39:17.273+0000] {dag.py:2941} INFO - Sync 1 DAGs
[2026-08-05T15:39:17.293+0000] {logging_mixin.py:151} INFO - [2026-08-05T15:39:17.292+0000] {dag.py:3722} INFO - Setting next_dagrun for pipeline_ingestion_suivi to 2026-08-05T15:00:00+00:00, run_after=2026-08-05T16:00:00+00:00
[2026-08-05T15:39:17.310+0000] {processor.py:179} INFO - Processing /opt/airflow/dags/dag_suivi.py took 0.093 seconds
[2026-08-05T15:39:47.486+0000] {processor.py:157} INFO - Started process (PID=3131) to work on /opt/airflow/dags/dag_suivi.py
[2026-08-05T15:39:47.487+0000] {processor.py:829} INFO - Processing file /opt/airflow/dags/dag_suivi.py for tasks to queue
[2026-08-05T15:39:47.488+0000] {logging_mixin.py:151} INFO - [2026-08-05T15:39:47.487+0000] {dagbag.py:536} INFO - Filling up the DagBag from /opt/airflow/dags/dag_suivi.py
[2026-08-05T15:39:47.507+0000] {processor.py:839} INFO - DAG(s) dict_keys(['pipeline_ingestion_suivi']) retrieved from /opt/airflow/dags/dag_suivi.py
[2026-08-05T15:39:47.533+0000] {logging_mixin.py:151} INFO - [2026-08-05T15:39:47.532+0000] {dag.py:2941} INFO - Sync 1 DAGs
[2026-08-05T15:39:47.551+0000] {logging_mixin.py:151} INFO - [2026-08-05T15:39:47.551+0000] {dag.py:3722} INFO - Setting next_dagrun for pipeline_ingestion_suivi to 2026-08-05T15:00:00+00:00, run_after=2026-08-05T16:00:00+00:00
[2026-08-05T15:39:47.570+0000] {processor.py:179} INFO - Processing /opt/airflow/dags/dag_suivi.py took 0.087 seconds
[2026-08-05T15:40:17.774+0000] {processor.py:157} INFO - Started process (PID=3136) to work on /opt/airflow/dags/dag_suivi.py
[2026-08-05T15:40:17.775+0000] {processor.py:829} INFO - Processing file /opt/airflow/dags/dag_suivi.py for tasks to queue
[2026-08-05T15:40:17.776+0000] {logging_mixin.py:151} INFO - [2026-08-05T15:40:17.776+0000] {dagbag.py:536} INFO - Filling up the DagBag from /opt/airflow/dags/dag_suivi.py
[2026-08-05T15:40:17.796+0000] {processor.py:839} INFO - DAG(s) dict_keys(['pipeline_ingestion_suivi']) retrieved from /opt/airflow/dags/dag_suivi.py
[2026-08-05T15:40:17.821+0000] {logging_mixin.py:151} INFO - [2026-08-05T15:40:17.821+0000] {dag.py:2941} INFO - Sync 1 DAGs
[2026-08-05T15:40:17.840+0000] {logging_mixin.py:151} INFO - [2026-08-05T15:40:17.839+0000] {dag.py:3722} INFO - Setting next_dagrun for pipeline_ingestion_suivi to 2026-08-05T15:00:00+00:00, run_after=2026-08-05T16:00:00+00:00
[2026-08-05T15:40:17.866+0000] {processor.py:179} INFO - Processing /opt/airflow/dags/dag_suivi.py took 0.095 seconds
[2026-08-05T15:40:48.004+0000] {processor.py:157} INFO - Started process (PID=3141) to work on /opt/airflow/dags/dag_suivi.py
[2026-08-05T15:40:48.004+0000] {processor.py:829} INFO - Processing file /opt/airflow/dags/dag_suivi.py for tasks to queue
[2026-08-05T15:40:48.005+0000] {logging_mixin.py:151} INFO - [2026-08-05T15:40:48.005+0000] {dagbag.py:536} INFO - Filling up the DagBag from /opt/airflow/dags/dag_suivi.py
[2026-08-05T15:40:48.024+0000] {processor.py:839} INFO - DAG(s) dict_keys(['pipeline_ingestion_suivi']) retrieved from /opt/airflow/dags/dag_suivi.py
[2026-08-05T15:40:48.049+0000] {logging_mixin.py:151} INFO - [2026-08-05T15:40:48.049+0000] {dag.py:2941} INFO - Sync 1 DAGs
[2026-08-05T15:40:48.068+0000] {logging_mixin.py:151} INFO - [2026-08-05T15:40:48.068+0000] {dag.py:3722} INFO - Setting next_dagrun for pipeline_ingestion_suivi to 2026-08-05T15:00:00+00:00, run_after=2026-08-05T16:00:00+00:00
[2026-08-05T15:40:48.088+0000] {processor.py:179} INFO - Processing /opt/airflow/dags/dag_suivi.py took 0.087 seconds
[2026-08-05T15:41:18.289+0000] {processor.py:157} INFO - Started process (PID=3146) to work on /opt/airflow/dags/dag_suivi.py
[2026-08-05T15:41:18.289+0000] {processor.py:829} INFO - Processing file /opt/airflow/dags/dag_suivi.py for tasks to queue
[2026-08-05T15:41:18.290+0000] {logging_mixin.py:151} INFO - [2026-08-05T15:41:18.290+0000] {dagbag.py:536} INFO - Filling up the DagBag from /opt/airflow/dags/dag_suivi.py
[2026-08-05T15:41:18.307+0000] {processor.py:839} INFO - DAG(s) dict_keys(['pipeline_ingestion_suivi']) retrieved from /opt/airflow/dags/dag_suivi.py
[2026-08-05T15:41:18.330+0000] {logging_mixin.py:151} INFO - [2026-08-05T15:41:18.330+0000] {dag.py:2941} INFO - Sync 1 DAGs
[2026-08-05T15:41:18.348+0000] {logging_mixin.py:151} INFO - [2026-08-05T15:41:18.348+0000] {dag.py:3722} INFO - Setting next_dagrun for pipeline_ingestion_suivi to 2026-08-05T15:00:00+00:00, run_after=2026-08-05T16:00:00+00:00
[2026-08-05T15:41:18.365+0000] {processor.py:179} INFO - Processing /opt/airflow/dags/dag_suivi.py took 0.078 seconds
[2026-08-05T15:41:48.531+0000] {processor.py:157} INFO - Started process (PID=3151) to work on /opt/airflow/dags/dag_suivi.py
[2026-08-05T15:41:48.532+0000] {processor.py:829} INFO - Processing file /opt/airflow/dags/dag_suivi.py for tasks to queue
[2026-08-05T15:41:48.533+0000] {logging_mixin.py:151} INFO - [2026-08-05T15:41:48.532+0000] {dagbag.py:536} INFO - Filling up the DagBag from /opt/airflow/dags/dag_suivi.py
[2026-08-05T15:41:48.552+0000] {processor.py:839} INFO - DAG(s) dict_keys(['pipeline_ingestion_suivi']) retrieved from /opt/airflow/dags/dag_suivi.py
[2026-08-05T15:41:48.579+0000] {logging_mixin.py:151} INFO - [2026-08-05T15:41:48.579+0000] {dag.py:2941} INFO - Sync 1 DAGs
[2026-08-05T15:41:48.600+0000] {logging_mixin.py:151} INFO - [2026-08-05T15:41:48.599+0000] {dag.py:3722} INFO - Setting next_dagrun for pipeline_ingestion_suivi to 2026-08-05T15:00:00+00:00, run_after=2026-08-05T16:00:00+00:00
[2026-08-05T15:41:48.628+0000] {processor.py:179} INFO - Processing /opt/airflow/dags/dag_suivi.py took 0.100 seconds
[2026-08-05T15:42:18.847+0000] {processor.py:157} INFO - Started process (PID=3156) to work on /opt/airflow/dags/dag_suivi.py
[2026-08-05T15:42:18.847+0000] {processor.py:829} INFO - Processing file /opt/airflow/dags/dag_suivi.py for tasks to queue
[2026-08-05T15:42:18.848+0000] {logging_mixin.py:151} INFO - [2026-08-05T15:42:18.848+0000] {dagbag.py:536} INFO - Filling up the DagBag from /opt/airflow/dags/dag_suivi.py
[2026-08-05T15:42:18.866+0000] {processor.py:839} INFO - DAG(s) dict_keys(['pipeline_ingestion_suivi']) retrieved from /opt/airflow/dags/dag_suivi.py
[2026-08-05T15:42:18.888+0000] {logging_mixin.py:151} INFO - [2026-08-05T15:42:18.888+0000] {dag.py:2941} INFO - Sync 1 DAGs
[2026-08-05T15:42:18.907+0000] {logging_mixin.py:151} INFO - [2026-08-05T15:42:18.907+0000] {dag.py:3722} INFO - Setting next_dagrun for pipeline_ingestion_suivi to 2026-08-05T15:00:00+00:00, run_after=2026-08-05T16:00:00+00:00
[2026-08-05T15:42:18.923+0000] {processor.py:179} INFO - Processing /opt/airflow/dags/dag_suivi.py took 0.079 seconds
[2026-08-05T15:42:49.140+0000] {processor.py:157} INFO - Started process (PID=3161) to work on /opt/airflow/dags/dag_suivi.py
[2026-08-05T15:42:49.140+0000] {processor.py:829} INFO - Processing file /opt/airflow/dags/dag_suivi.py for tasks to queue
[2026-08-05T15:42:49.141+0000] {logging_mixin.py:151} INFO - [2026-08-05T15:42:49.141+0000] {dagbag.py:536} INFO - Filling up the DagBag from /opt/airflow/dags/dag_suivi.py
[2026-08-05T15:42:49.157+0000] {processor.py:839} INFO - DAG(s) dict_keys(['pipeline_ingestion_suivi']) retrieved from /opt/airflow/dags/dag_suivi.py
[2026-08-05T15:42:49.178+0000] {logging_mixin.py:151} INFO - [2026-08-05T15:42:49.178+0000] {dag.py:2941} INFO - Sync 1 DAGs
[2026-08-05T15:42:49.195+0000] {logging_mixin.py:151} INFO - [2026-08-05T15:42:49.194+0000] {dag.py:3722} INFO - Setting next_dagrun for pipeline_ingestion_suivi to 2026-08-05T15:00:00+00:00, run_after=2026-08-05T16:00:00+00:00
[2026-08-05T15:42:49.212+0000] {processor.py:179} INFO - Processing /opt/airflow/dags/dag_suivi.py took 0.075 seconds
[2026-08-05T15:43:19.377+0000] {processor.py:157} INFO - Started process (PID=3166) to work on /opt/airflow/dags/dag_suivi.py
[2026-08-05T15:43:19.377+0000] {processor.py:829} INFO - Processing file /opt/airflow/dags/dag_suivi.py for tasks to queue
[2026-08-05T15:43:19.378+0000] {logging_mixin.py:151} INFO - [2026-08-05T15:43:19.378+0000] {dagbag.py:536} INFO - Filling up the DagBag from /opt/airflow/dags/dag_suivi.py
[2026-08-05T15:43:19.395+0000] {processor.py:839} INFO - DAG(s) dict_keys(['pipeline_ingestion_suivi']) retrieved from /opt/airflow/dags/dag_suivi.py
[2026-08-05T15:43:19.421+0000] {logging_mixin.py:151} INFO - [2026-08-05T15:43:19.421+0000] {dag.py:2941} INFO - Sync 1 DAGs
[2026-08-05T15:43:19.443+0000] {logging_mixin.py:151} INFO - [2026-08-05T15:43:19.443+0000] {dag.py:3722} INFO - Setting next_dagrun for pipeline_ingestion_suivi to 2026-08-05T15:00:00+00:00, run_after=2026-08-05T16:00:00+00:00
[2026-08-05T15:43:19.464+0000] {processor.py:179} INFO - Processing /opt/airflow/dags/dag_suivi.py took 0.091 seconds
[2026-08-05T15:43:49.655+0000] {processor.py:157} INFO - Started process (PID=3171) to work on /opt/airflow/dags/dag_suivi.py
[2026-08-05T15:43:49.656+0000] {processor.py:829} INFO - Processing file /opt/airflow/dags/dag_suivi.py for tasks to queue
[2026-08-05T15:43:49.656+0000] {logging_mixin.py:151} INFO - [2026-08-05T15:43:49.656+0000] {dagbag.py:536} INFO - Filling up the DagBag from /opt/airflow/dags/dag_suivi.py
[2026-08-05T15:43:49.674+0000] {processor.py:839} INFO - DAG(s) dict_keys(['pipeline_ingestion_suivi']) retrieved from /opt/airflow/dags/dag_suivi.py
[2026-08-05T15:43:49.697+0000] {logging_mixin.py:151} INFO - [2026-08-05T15:43:49.696+0000] {dag.py:2941} INFO - Sync 1 DAGs
[2026-08-05T15:43:49.715+0000] {logging_mixin.py:151} INFO - [2026-08-05T15:43:49.715+0000] {dag.py:3722} INFO - Setting next_dagrun for pipeline_ingestion_suivi to 2026-08-05T15:00:00+00:00, run_after=2026-08-05T16:00:00+00:00
[2026-08-05T15:43:49.733+0000] {processor.py:179} INFO - Processing /opt/airflow/dags/dag_suivi.py took 0.081 seconds
[2026-08-05T15:44:19.925+0000] {processor.py:157} INFO - Started process (PID=3176) to work on /opt/airflow/dags/dag_suivi.py
[2026-08-05T15:44:19.926+0000] {processor.py:829} INFO - Processing file /opt/airflow/dags/dag_suivi.py for tasks to queue
[2026-08-05T15:44:19.927+0000] {logging_mixin.py:151} INFO - [2026-08-05T15:44:19.927+0000] {dagbag.py:536} INFO - Filling up the DagBag from /opt/airflow/dags/dag_suivi.py
[2026-08-05T15:44:19.943+0000] {processor.py:839} INFO - DAG(s) dict_keys(['pipeline_ingestion_suivi']) retrieved from /opt/airflow/dags/dag_suivi.py
[2026-08-05T15:44:19.966+0000] {logging_mixin.py:151} INFO - [2026-08-05T15:44:19.966+0000] {dag.py:2941} INFO - Sync 1 DAGs
[2026-08-05T15:44:19.985+0000] {logging_mixin.py:151} INFO - [2026-08-05T15:44:19.985+0000] {dag.py:3722} INFO - Setting next_dagrun for pipeline_ingestion_suivi to 2026-08-05T15:00:00+00:00, run_after=2026-08-05T16:00:00+00:00
[2026-08-05T15:44:20.006+0000] {processor.py:179} INFO - Processing /opt/airflow/dags/dag_suivi.py took 0.083 seconds
[2026-08-05T15:44:50.203+0000] {processor.py:157} INFO - Started process (PID=3181) to work on /opt/airflow/dags/dag_suivi.py
[2026-08-05T15:44:50.203+0000] {processor.py:829} INFO - Processing file /opt/airflow/dags/dag_suivi.py for tasks to queue
[2026-08-05T15:44:50.204+0000] {logging_mixin.py:151} INFO - [2026-08-05T15:44:50.204+0000] {dagbag.py:536} INFO - Filling up the DagBag from /opt/airflow/dags/dag_suivi.py
[2026-08-05T15:44:50.222+0000] {processor.py:839} INFO - DAG(s) dict_keys(['pipeline_ingestion_suivi']) retrieved from /opt/airflow/dags/dag_suivi.py
[2026-08-05T15:44:50.250+0000] {logging_mixin.py:151} INFO - [2026-08-05T15:44:50.250+0000] {dag.py:2941} INFO - Sync 1 DAGs
[2026-08-05T15:44:50.270+0000] {logging_mixin.py:151} INFO - [2026-08-05T15:44:50.269+0000] {dag.py:3722} INFO - Setting next_dagrun for pipeline_ingestion_suivi to 2026-08-05T15:00:00+00:00, run_after=2026-08-05T16:00:00+00:00
[2026-08-05T15:44:50.292+0000] {processor.py:179} INFO - Processing /opt/airflow/dags/dag_suivi.py took 0.092 seconds
[2026-08-05T15:45:20.450+0000] {processor.py:157} INFO - Started process (PID=3186) to work on /opt/airflow/dags/dag_suivi.py
[2026-08-05T15:45:20.450+0000] {processor.py:829} INFO - Processing file /opt/airflow/dags/dag_suivi.py for tasks to queue
[2026-08-05T15:45:20.451+0000] {logging_mixin.py:151} INFO - [2026-08-05T15:45:20.451+0000] {dagbag.py:536} INFO - Filling up the DagBag from /opt/airflow/dags/dag_suivi.py
[2026-08-05T15:45:20.469+0000] {processor.py:839} INFO - DAG(s) dict_keys(['pipeline_ingestion_suivi']) retrieved from /opt/airflow/dags/dag_suivi.py
[2026-08-05T15:45:20.494+0000] {logging_mixin.py:151} INFO - [2026-08-05T15:45:20.493+0000] {dag.py:2941} INFO - Sync 1 DAGs
[2026-08-05T15:45:20.511+0000] {logging_mixin.py:151} INFO - [2026-08-05T15:45:20.511+0000] {dag.py:3722} INFO - Setting next_dagrun for pipeline_ingestion_suivi to 2026-08-05T15:00:00+00:00, run_after=2026-08-05T16:00:00+00:00
[2026-08-05T15:45:20.532+0000] {processor.py:179} INFO - Processing /opt/airflow/dags/dag_suivi.py took 0.085 seconds
[2026-08-05T15:45:50.691+0000] {processor.py:157} INFO - Started process (PID=3191) to work on /opt/airflow/dags/dag_suivi.py
[2026-08-05T15:45:50.692+0000] {processor.py:829} INFO - Processing file /opt/airflow/dags/dag_suivi.py for tasks to queue
[2026-08-05T15:45:50.692+0000] {logging_mixin.py:151} INFO - [2026-08-05T15:45:50.692+0000] {dagbag.py:536} INFO - Filling up the DagBag from /opt/airflow/dags/dag_suivi.py
[2026-08-05T15:45:50.712+0000] {processor.py:839} INFO - DAG(s) dict_keys(['pipeline_ingestion_suivi']) retrieved from /opt/airflow/dags/dag_suivi.py
[2026-08-05T15:45:50.741+0000] {logging_mixin.py:151} INFO - [2026-08-05T15:45:50.741+0000] {dag.py:2941} INFO - Sync 1 DAGs
[2026-08-05T15:45:50.763+0000] {logging_mixin.py:151} INFO - [2026-08-05T15:45:50.763+0000] {dag.py:3722} INFO - Setting next_dagrun for pipeline_ingestion_suivi to 2026-08-05T15:00:00+00:00, run_after=2026-08-05T16:00:00+00:00
[2026-08-05T15:45:50.789+0000] {processor.py:179} INFO - Processing /opt/airflow/dags/dag_suivi.py took 0.101 seconds
[2026-08-05T15:46:20.926+0000] {processor.py:157} INFO - Started process (PID=3196) to work on /opt/airflow/dags/dag_suivi.py
[2026-08-05T15:46:20.927+0000] {processor.py:829} INFO - Processing file /opt/airflow/dags/dag_suivi.py for tasks to queue
[2026-08-05T15:46:20.927+0000] {logging_mixin.py:151} INFO - [2026-08-05T15:46:20.927+0000] {dagbag.py:536} INFO - Filling up the DagBag from /opt/airflow/dags/dag_suivi.py
[2026-08-05T15:46:20.942+0000] {processor.py:839} INFO - DAG(s) dict_keys(['pipeline_ingestion_suivi']) retrieved from /opt/airflow/dags/dag_suivi.py
[2026-08-05T15:46:20.965+0000] {logging_mixin.py:151} INFO - [2026-08-05T15:46:20.965+0000] {dag.py:2941} INFO - Sync 1 DAGs
[2026-08-05T15:46:20.983+0000] {logging_mixin.py:151} INFO - [2026-08-05T15:46:20.983+0000] {dag.py:3722} INFO - Setting next_dagrun for pipeline_ingestion_suivi to 2026-08-05T15:00:00+00:00, run_after=2026-08-05T16:00:00+00:00
[2026-08-05T15:46:21.001+0000] {processor.py:179} INFO - Processing /opt/airflow/dags/dag_suivi.py took 0.078 seconds
[2026-08-05T15:46:51.214+0000] {processor.py:157} INFO - Started process (PID=3201) to work on /opt/airflow/dags/dag_suivi.py
[2026-08-05T15:46:51.215+0000] {processor.py:829} INFO - Processing file /opt/airflow/dags/dag_suivi.py for tasks to queue
[2026-08-05T15:46:51.216+0000] {logging_mixin.py:151} INFO - [2026-08-05T15:46:51.215+0000] {dagbag.py:536} INFO - Filling up the DagBag from /opt/airflow/dags/dag_suivi.py
[2026-08-05T15:46:51.233+0000] {processor.py:839} INFO - DAG(s) dict_keys(['pipeline_ingestion_suivi']) retrieved from /opt/airflow/dags/dag_suivi.py
[2026-08-05T15:46:51.255+0000] {logging_mixin.py:151} INFO - [2026-08-05T15:46:51.255+0000] {dag.py:2941} INFO - Sync 1 DAGs
[2026-08-05T15:46:51.273+0000] {logging_mixin.py:151} INFO - [2026-08-05T15:46:51.273+0000] {dag.py:3722} INFO - Setting next_dagrun for pipeline_ingestion_suivi to 2026-08-05T15:00:00+00:00, run_after=2026-08-05T16:00:00+00:00
[2026-08-05T15:46:51.292+0000] {processor.py:179} INFO - Processing /opt/airflow/dags/dag_suivi.py took 0.081 seconds
[2026-08-05T15:47:21.472+0000] {processor.py:157} INFO - Started process (PID=3206) to work on /opt/airflow/dags/dag_suivi.py
[2026-08-05T15:47:21.473+0000] {processor.py:829} INFO - Processing file /opt/airflow/dags/dag_suivi.py for tasks to queue
[2026-08-05T15:47:21.473+0000] {logging_mixin.py:151} INFO - [2026-08-05T15:47:21.473+0000] {dagbag.py:536} INFO - Filling up the DagBag from /opt/airflow/dags/dag_suivi.py
[2026-08-05T15:47:21.490+0000] {processor.py:839} INFO - DAG(s) dict_keys(['pipeline_ingestion_suivi']) retrieved from /opt/airflow/dags/dag_suivi.py
[2026-08-05T15:47:21.516+0000] {logging_mixin.py:151} INFO - [2026-08-05T15:47:21.516+0000] {dag.py:2941} INFO - Sync 1 DAGs
[2026-08-05T15:47:21.534+0000] {logging_mixin.py:151} INFO - [2026-08-05T15:47:21.534+0000] {dag.py:3722} INFO - Setting next_dagrun for pipeline_ingestion_suivi to 2026-08-05T15:00:00+00:00, run_after=2026-08-05T16:00:00+00:00
[2026-08-05T15:47:21.553+0000] {processor.py:179} INFO - Processing /opt/airflow/dags/dag_suivi.py took 0.084 seconds
[2026-08-05T15:47:51.807+0000] {processor.py:157} INFO - Started process (PID=3211) to work on /opt/airflow/dags/dag_suivi.py
[2026-08-05T15:47:51.807+0000] {processor.py:829} INFO - Processing file /opt/airflow/dags/dag_suivi.py for tasks to queue
[2026-08-05T15:47:51.808+0000] {logging_mixin.py:151} INFO - [2026-08-05T15:47:51.808+0000] {dagbag.py:536} INFO - Filling up the DagBag from /opt/airflow/dags/dag_suivi.py
[2026-08-05T15:47:51.825+0000] {processor.py:839} INFO - DAG(s) dict_keys(['pipeline_ingestion_suivi']) retrieved from /opt/airflow/dags/dag_suivi.py
[2026-08-05T15:47:51.848+0000] {logging_mixin.py:151} INFO - [2026-08-05T15:47:51.848+0000] {dag.py:2941} INFO - Sync 1 DAGs
[2026-08-05T15:47:51.865+0000] {logging_mixin.py:151} INFO - [2026-08-05T15:47:51.865+0000] {dag.py:3722} INFO - Setting next_dagrun for pipeline_ingestion_suivi to 2026-08-05T15:00:00+00:00, run_after=2026-08-05T16:00:00+00:00
[2026-08-05T15:47:51.894+0000] {processor.py:179} INFO - Processing /opt/airflow/dags/dag_suivi.py took 0.089 seconds
[2026-08-05T15:48:22.038+0000] {processor.py:157} INFO - Started process (PID=3216) to work on /opt/airflow/dags/dag_suivi.py
[2026-08-05T15:48:22.039+0000] {processor.py:829} INFO - Processing file /opt/airflow/dags/dag_suivi.py for tasks to queue
[2026-08-05T15:48:22.040+0000] {logging_mixin.py:151} INFO - [2026-08-05T15:48:22.040+0000] {dagbag.py:536} INFO - Filling up the DagBag from /opt/airflow/dags/dag_suivi.py
[2026-08-05T15:48:22.059+0000] {processor.py:839} INFO - DAG(s) dict_keys(['pipeline_ingestion_suivi']) retrieved from /opt/airflow/dags/dag_suivi.py
[2026-08-05T15:48:22.087+0000] {logging_mixin.py:151} INFO - [2026-08-05T15:48:22.087+0000] {dag.py:2941} INFO - Sync 1 DAGs
[2026-08-05T15:48:22.110+0000] {logging_mixin.py:151} INFO - [2026-08-05T15:48:22.109+0000] {dag.py:3722} INFO - Setting next_dagrun for pipeline_ingestion_suivi to 2026-08-05T15:00:00+00:00, run_after=2026-08-05T16:00:00+00:00
[2026-08-05T15:48:22.139+0000] {processor.py:179} INFO - Processing /opt/airflow/dags/dag_suivi.py took 0.103 seconds
[2026-08-05T15:48:52.308+0000] {processor.py:157} INFO - Started process (PID=3221) to work on /opt/airflow/dags/dag_suivi.py
[2026-08-05T15:48:52.309+0000] {processor.py:829} INFO - Processing file /opt/airflow/dags/dag_suivi.py for tasks to queue
[2026-08-05T15:48:52.310+0000] {logging_mixin.py:151} INFO - [2026-08-05T15:48:52.309+0000] {dagbag.py:536} INFO - Filling up the DagBag from /opt/airflow/dags/dag_suivi.py
[2026-08-05T15:48:52.336+0000] {processor.py:839} INFO - DAG(s) dict_keys(['pipeline_ingestion_suivi']) retrieved from /opt/airflow/dags/dag_suivi.py
[2026-08-05T15:48:52.371+0000] {logging_mixin.py:151} INFO - [2026-08-05T15:48:52.371+0000] {dag.py:2941} INFO - Sync 1 DAGs
[2026-08-05T15:48:52.399+0000] {logging_mixin.py:151} INFO - [2026-08-05T15:48:52.399+0000] {dag.py:3722} INFO - Setting next_dagrun for pipeline_ingestion_suivi to 2026-08-05T15:00:00+00:00, run_after=2026-08-05T16:00:00+00:00
[2026-08-05T15:48:52.435+0000] {processor.py:179} INFO - Processing /opt/airflow/dags/dag_suivi.py took 0.131 seconds
[2026-08-05T15:49:22.554+0000] {processor.py:157} INFO - Started process (PID=3226) to work on /opt/airflow/dags/dag_suivi.py
[2026-08-05T15:49:22.555+0000] {processor.py:829} INFO - Processing file /opt/airflow/dags/dag_suivi.py for tasks to queue
[2026-08-05T15:49:22.556+0000] {logging_mixin.py:151} INFO - [2026-08-05T15:49:22.556+0000] {dagbag.py:536} INFO - Filling up the DagBag from /opt/airflow/dags/dag_suivi.py
[2026-08-05T15:49:22.575+0000] {processor.py:839} INFO - DAG(s) dict_keys(['pipeline_ingestion_suivi']) retrieved from /opt/airflow/dags/dag_suivi.py
[2026-08-05T15:49:22.600+0000] {logging_mixin.py:151} INFO - [2026-08-05T15:49:22.600+0000] {dag.py:2941} INFO - Sync 1 DAGs
[2026-08-05T15:49:22.617+0000] {logging_mixin.py:151} INFO - [2026-08-05T15:49:22.617+0000] {dag.py:3722} INFO - Setting next_dagrun for pipeline_ingestion_suivi to 2026-08-05T15:00:00+00:00, run_after=2026-08-05T16:00:00+00:00
[2026-08-05T15:49:22.644+0000] {processor.py:179} INFO - Processing /opt/airflow/dags/dag_suivi.py took 0.093 seconds
[2026-08-05T15:49:52.878+0000] {processor.py:157} INFO - Started process (PID=3231) to work on /opt/airflow/dags/dag_suivi.py
[2026-08-05T15:49:52.879+0000] {processor.py:829} INFO - Processing file /opt/airflow/dags/dag_suivi.py for tasks to queue
[2026-08-05T15:49:52.879+0000] {logging_mixin.py:151} INFO - [2026-08-05T15:49:52.879+0000] {dagbag.py:536} INFO - Filling up the DagBag from /opt/airflow/dags/dag_suivi.py
[2026-08-05T15:49:52.898+0000] {processor.py:839} INFO - DAG(s) dict_keys(['pipeline_ingestion_suivi']) retrieved from /opt/airflow/dags/dag_suivi.py
[2026-08-05T15:49:52.922+0000] {logging_mixin.py:151} INFO - [2026-08-05T15:49:52.922+0000] {dag.py:2941} INFO - Sync 1 DAGs
[2026-08-05T15:49:52.941+0000] {logging_mixin.py:151} INFO - [2026-08-05T15:49:52.941+0000] {dag.py:3722} INFO - Setting next_dagrun for pipeline_ingestion_suivi to 2026-08-05T15:00:00+00:00, run_after=2026-08-05T16:00:00+00:00
[2026-08-05T15:49:52.969+0000] {processor.py:179} INFO - Processing /opt/airflow/dags/dag_suivi.py took 0.093 seconds
[2026-08-05T15:50:23.102+0000] {processor.py:157} INFO - Started process (PID=3236) to work on /opt/airflow/dags/dag_suivi.py
[2026-08-05T15:50:23.103+0000] {processor.py:829} INFO - Processing file /opt/airflow/dags/dag_suivi.py for tasks to queue
[2026-08-05T15:50:23.103+0000] {logging_mixin.py:151} INFO - [2026-08-05T15:50:23.103+0000] {dagbag.py:536} INFO - Filling up the DagBag from /opt/airflow/dags/dag_suivi.py
[2026-08-05T15:50:23.121+0000] {processor.py:839} INFO - DAG(s) dict_keys(['pipeline_ingestion_suivi']) retrieved from /opt/airflow/dags/dag_suivi.py
[2026-08-05T15:50:23.149+0000] {logging_mixin.py:151} INFO - [2026-08-05T15:50:23.149+0000] {dag.py:2941} INFO - Sync 1 DAGs
[2026-08-05T15:50:23.168+0000] {logging_mixin.py:151} INFO - [2026-08-05T15:50:23.168+0000] {dag.py:3722} INFO - Setting next_dagrun for pipeline_ingestion_suivi to 2026-08-05T15:00:00+00:00, run_after=2026-08-05T16:00:00+00:00
[2026-08-05T15:50:23.197+0000] {processor.py:179} INFO - Processing /opt/airflow/dags/dag_suivi.py took 0.098 seconds
[2026-08-05T15:50:53.367+0000] {processor.py:157} INFO - Started process (PID=3241) to work on /opt/airflow/dags/dag_suivi.py
[2026-08-05T15:50:53.368+0000] {processor.py:829} INFO - Processing file /opt/airflow/dags/dag_suivi.py for tasks to queue
[2026-08-05T15:50:53.368+0000] {logging_mixin.py:151} INFO - [2026-08-05T15:50:53.368+0000] {dagbag.py:536} INFO - Filling up the DagBag from /opt/airflow/dags/dag_suivi.py
[2026-08-05T15:50:53.387+0000] {processor.py:839} INFO - DAG(s) dict_keys(['pipeline_ingestion_suivi']) retrieved from /opt/airflow/dags/dag_suivi.py
[2026-08-05T15:50:53.414+0000] {logging_mixin.py:151} INFO - [2026-08-05T15:50:53.414+0000] {dag.py:2941} INFO - Sync 1 DAGs
[2026-08-05T15:50:53.435+0000] {logging_mixin.py:151} INFO - [2026-08-05T15:50:53.435+0000] {dag.py:3722} INFO - Setting next_dagrun for pipeline_ingestion_suivi to 2026-08-05T15:00:00+00:00, run_after=2026-08-05T16:00:00+00:00
[2026-08-05T15:50:53.467+0000] {processor.py:179} INFO - Processing /opt/airflow/dags/dag_suivi.py took 0.103 seconds
[2026-08-05T15:51:23.584+0000] {processor.py:157} INFO - Started process (PID=3246) to work on /opt/airflow/dags/dag_suivi.py
[2026-08-05T15:51:23.584+0000] {processor.py:829} INFO - Processing file /opt/airflow/dags/dag_suivi.py for tasks to queue
[2026-08-05T15:51:23.585+0000] {logging_mixin.py:151} INFO - [2026-08-05T15:51:23.585+0000] {dagbag.py:536} INFO - Filling up the DagBag from /opt/airflow/dags/dag_suivi.py
[2026-08-05T15:51:23.605+0000] {processor.py:839} INFO - DAG(s) dict_keys(['pipeline_ingestion_suivi']) retrieved from /opt/airflow/dags/dag_suivi.py
[2026-08-05T15:51:23.640+0000] {logging_mixin.py:151} INFO - [2026-08-05T15:51:23.640+0000] {dag.py:2941} INFO - Sync 1 DAGs
[2026-08-05T15:51:23.666+0000] {logging_mixin.py:151} INFO - [2026-08-05T15:51:23.666+0000] {dag.py:3722} INFO - Setting next_dagrun for pipeline_ingestion_suivi to 2026-08-05T15:00:00+00:00, run_after=2026-08-05T16:00:00+00:00
[2026-08-05T15:51:23.690+0000] {processor.py:179} INFO - Processing /opt/airflow/dags/dag_suivi.py took 0.109 seconds
[2026-08-05T15:51:53.923+0000] {processor.py:157} INFO - Started process (PID=3251) to work on /opt/airflow/dags/dag_suivi.py
[2026-08-05T15:51:53.924+0000] {processor.py:829} INFO - Processing file /opt/airflow/dags/dag_suivi.py for tasks to queue
[2026-08-05T15:51:53.925+0000] {logging_mixin.py:151} INFO - [2026-08-05T15:51:53.925+0000] {dagbag.py:536} INFO - Filling up the DagBag from /opt/airflow/dags/dag_suivi.py
[2026-08-05T15:51:53.945+0000] {processor.py:839} INFO - DAG(s) dict_keys(['pipeline_ingestion_suivi']) retrieved from /opt/airflow/dags/dag_suivi.py
[2026-08-05T15:51:53.972+0000] {logging_mixin.py:151} INFO - [2026-08-05T15:51:53.972+0000] {dag.py:2941} INFO - Sync 1 DAGs
[2026-08-05T15:51:53.993+0000] {logging_mixin.py:151} INFO - [2026-08-05T15:51:53.992+0000] {dag.py:3722} INFO - Setting next_dagrun for pipeline_ingestion_suivi to 2026-08-05T15:00:00+00:00, run_after=2026-08-05T16:00:00+00:00
[2026-08-05T15:51:54.021+0000] {processor.py:179} INFO - Processing /opt/airflow/dags/dag_suivi.py took 0.100 seconds
[2026-08-05T15:52:24.164+0000] {processor.py:157} INFO - Started process (PID=3256) to work on /opt/airflow/dags/dag_suivi.py
[2026-08-05T15:52:24.165+0000] {processor.py:829} INFO - Processing file /opt/airflow/dags/dag_suivi.py for tasks to queue
[2026-08-05T15:52:24.166+0000] {logging_mixin.py:151} INFO - [2026-08-05T15:52:24.166+0000] {dagbag.py:536} INFO - Filling up the DagBag from /opt/airflow/dags/dag_suivi.py
[2026-08-05T15:52:24.185+0000] {processor.py:839} INFO - DAG(s) dict_keys(['pipeline_ingestion_suivi']) retrieved from /opt/airflow/dags/dag_suivi.py
[2026-08-05T15:52:24.213+0000] {logging_mixin.py:151} INFO - [2026-08-05T15:52:24.213+0000] {dag.py:2941} INFO - Sync 1 DAGs
[2026-08-05T15:52:24.231+0000] {logging_mixin.py:151} INFO - [2026-08-05T15:52:24.231+0000] {dag.py:3722} INFO - Setting next_dagrun for pipeline_ingestion_suivi to 2026-08-05T15:00:00+00:00, run_after=2026-08-05T16:00:00+00:00
[2026-08-05T15:52:24.258+0000] {processor.py:179} INFO - Processing /opt/airflow/dags/dag_suivi.py took 0.097 seconds
[2026-08-05T15:52:54.479+0000] {processor.py:157} INFO - Started process (PID=3261) to work on /opt/airflow/dags/dag_suivi.py
[2026-08-05T15:52:54.480+0000] {processor.py:829} INFO - Processing file /opt/airflow/dags/dag_suivi.py for tasks to queue
[2026-08-05T15:52:54.481+0000] {logging_mixin.py:151} INFO - [2026-08-05T15:52:54.481+0000] {dagbag.py:536} INFO - Filling up the DagBag from /opt/airflow/dags/dag_suivi.py
[2026-08-05T15:52:54.504+0000] {processor.py:839} INFO - DAG(s) dict_keys(['pipeline_ingestion_suivi']) retrieved from /opt/airflow/dags/dag_suivi.py
[2026-08-05T15:52:54.529+0000] {logging_mixin.py:151} INFO - [2026-08-05T15:52:54.529+0000] {dag.py:2941} INFO - Sync 1 DAGs
[2026-08-05T15:52:54.549+0000] {logging_mixin.py:151} INFO - [2026-08-05T15:52:54.549+0000] {dag.py:3722} INFO - Setting next_dagrun for pipeline_ingestion_suivi to 2026-08-05T15:00:00+00:00, run_after=2026-08-05T16:00:00+00:00
[2026-08-05T15:52:54.577+0000] {processor.py:179} INFO - Processing /opt/airflow/dags/dag_suivi.py took 0.102 seconds
[2026-08-05T15:53:24.687+0000] {processor.py:157} INFO - Started process (PID=3266) to work on /opt/airflow/dags/dag_suivi.py
[2026-08-05T15:53:24.688+0000] {processor.py:829} INFO - Processing file /opt/airflow/dags/dag_suivi.py for tasks to queue
[2026-08-05T15:53:24.689+0000] {logging_mixin.py:151} INFO - [2026-08-05T15:53:24.689+0000] {dagbag.py:536} INFO - Filling up the DagBag from /opt/airflow/dags/dag_suivi.py
[2026-08-05T15:53:24.707+0000] {processor.py:839} INFO - DAG(s) dict_keys(['pipeline_ingestion_suivi']) retrieved from /opt/airflow/dags/dag_suivi.py
[2026-08-05T15:53:24.733+0000] {logging_mixin.py:151} INFO - [2026-08-05T15:53:24.733+0000] {dag.py:2941} INFO - Sync 1 DAGs
[2026-08-05T15:53:24.753+0000] {logging_mixin.py:151} INFO - [2026-08-05T15:53:24.753+0000] {dag.py:3722} INFO - Setting next_dagrun for pipeline_ingestion_suivi to 2026-08-05T15:00:00+00:00, run_after=2026-08-05T16:00:00+00:00
[2026-08-05T15:53:24.772+0000] {processor.py:179} INFO - Processing /opt/airflow/dags/dag_suivi.py took 0.088 seconds
[2026-08-05T15:53:54.993+0000] {processor.py:157} INFO - Started process (PID=3271) to work on /opt/airflow/dags/dag_suivi.py
[2026-08-05T15:53:54.993+0000] {processor.py:829} INFO - Processing file /opt/airflow/dags/dag_suivi.py for tasks to queue
[2026-08-05T15:53:54.994+0000] {logging_mixin.py:151} INFO - [2026-08-05T15:53:54.994+0000] {dagbag.py:536} INFO - Filling up the DagBag from /opt/airflow/dags/dag_suivi.py
[2026-08-05T15:53:55.013+0000] {processor.py:839} INFO - DAG(s) dict_keys(['pipeline_ingestion_suivi']) retrieved from /opt/airflow/dags/dag_suivi.py
[2026-08-05T15:53:55.042+0000] {logging_mixin.py:151} INFO - [2026-08-05T15:53:55.042+0000] {dag.py:2941} INFO - Sync 1 DAGs
[2026-08-05T15:53:55.064+0000] {logging_mixin.py:151} INFO - [2026-08-05T15:53:55.064+0000] {dag.py:3722} INFO - Setting next_dagrun for pipeline_ingestion_suivi to 2026-08-05T15:00:00+00:00, run_after=2026-08-05T16:00:00+00:00
[2026-08-05T15:53:55.085+0000] {processor.py:179} INFO - Processing /opt/airflow/dags/dag_suivi.py took 0.095 seconds
[2026-08-05T15:54:25.216+0000] {processor.py:157} INFO - Started process (PID=3276) to work on /opt/airflow/dags/dag_suivi.py
[2026-08-05T15:54:25.216+0000] {processor.py:829} INFO - Processing file /opt/airflow/dags/dag_suivi.py for tasks to queue
[2026-08-05T15:54:25.217+0000] {logging_mixin.py:151} INFO - [2026-08-05T15:54:25.217+0000] {dagbag.py:536} INFO - Filling up the DagBag from /opt/airflow/dags/dag_suivi.py
[2026-08-05T15:54:25.235+0000] {processor.py:839} INFO - DAG(s) dict_keys(['pipeline_ingestion_suivi']) retrieved from /opt/airflow/dags/dag_suivi.py
[2026-08-05T15:54:25.262+0000] {logging_mixin.py:151} INFO - [2026-08-05T15:54:25.262+0000] {dag.py:2941} INFO - Sync 1 DAGs
[2026-08-05T15:54:25.281+0000] {logging_mixin.py:151} INFO - [2026-08-05T15:54:25.281+0000] {dag.py:3722} INFO - Setting next_dagrun for pipeline_ingestion_suivi to 2026-08-05T15:00:00+00:00, run_after=2026-08-05T16:00:00+00:00
[2026-08-05T15:54:25.301+0000] {processor.py:179} INFO - Processing /opt/airflow/dags/dag_suivi.py took 0.088 seconds
[2026-08-05T15:54:55.497+0000] {processor.py:157} INFO - Started process (PID=3281) to work on /opt/airflow/dags/dag_suivi.py
[2026-08-05T15:54:55.497+0000] {processor.py:829} INFO - Processing file /opt/airflow/dags/dag_suivi.py for tasks to queue
[2026-08-05T15:54:55.498+0000] {logging_mixin.py:151} INFO - [2026-08-05T15:54:55.498+0000] {dagbag.py:536} INFO - Filling up the DagBag from /opt/airflow/dags/dag_suivi.py
[2026-08-05T15:54:55.515+0000] {processor.py:839} INFO - DAG(s) dict_keys(['pipeline_ingestion_suivi']) retrieved from /opt/airflow/dags/dag_suivi.py
[2026-08-05T15:54:55.540+0000] {logging_mixin.py:151} INFO - [2026-08-05T15:54:55.540+0000] {dag.py:2941} INFO - Sync 1 DAGs
[2026-08-05T15:54:55.561+0000] {logging_mixin.py:151} INFO - [2026-08-05T15:54:55.561+0000] {dag.py:3722} INFO - Setting next_dagrun for pipeline_ingestion_suivi to 2026-08-05T15:00:00+00:00, run_after=2026-08-05T16:00:00+00:00
[2026-08-05T15:54:55.594+0000] {processor.py:179} INFO - Processing /opt/airflow/dags/dag_suivi.py took 0.099 seconds
[2026-08-05T15:55:25.719+0000] {processor.py:157} INFO - Started process (PID=3286) to work on /opt/airflow/dags/dag_suivi.py
[2026-08-05T15:55:25.720+0000] {processor.py:829} INFO - Processing file /opt/airflow/dags/dag_suivi.py for tasks to queue
[2026-08-05T15:55:25.721+0000] {logging_mixin.py:151} INFO - [2026-08-05T15:55:25.721+0000] {dagbag.py:536} INFO - Filling up the DagBag from /opt/airflow/dags/dag_suivi.py
[2026-08-05T15:55:25.739+0000] {processor.py:839} INFO - DAG(s) dict_keys(['pipeline_ingestion_suivi']) retrieved from /opt/airflow/dags/dag_suivi.py
[2026-08-05T15:55:25.763+0000] {logging_mixin.py:151} INFO - [2026-08-05T15:55:25.763+0000] {dag.py:2941} INFO - Sync 1 DAGs
[2026-08-05T15:55:25.783+0000] {logging_mixin.py:151} INFO - [2026-08-05T15:55:25.783+0000] {dag.py:3722} INFO - Setting next_dagrun for pipeline_ingestion_suivi to 2026-08-05T15:00:00+00:00, run_after=2026-08-05T16:00:00+00:00
[2026-08-05T15:55:25.811+0000] {processor.py:179} INFO - Processing /opt/airflow/dags/dag_suivi.py took 0.095 seconds
[2026-08-05T15:55:56.001+0000] {processor.py:157} INFO - Started process (PID=3291) to work on /opt/airflow/dags/dag_suivi.py
[2026-08-05T15:55:56.002+0000] {processor.py:829} INFO - Processing file /opt/airflow/dags/dag_suivi.py for tasks to queue
[2026-08-05T15:55:56.003+0000] {logging_mixin.py:151} INFO - [2026-08-05T15:55:56.002+0000] {dagbag.py:536} INFO - Filling up the DagBag from /opt/airflow/dags/dag_suivi.py
[2026-08-05T15:55:56.020+0000] {processor.py:839} INFO - DAG(s) dict_keys(['pipeline_ingestion_suivi']) retrieved from /opt/airflow/dags/dag_suivi.py
[2026-08-05T15:55:56.043+0000] {logging_mixin.py:151} INFO - [2026-08-05T15:55:56.043+0000] {dag.py:2941} INFO - Sync 1 DAGs
[2026-08-05T15:55:56.062+0000] {logging_mixin.py:151} INFO - [2026-08-05T15:55:56.062+0000] {dag.py:3722} INFO - Setting next_dagrun for pipeline_ingestion_suivi to 2026-08-05T15:00:00+00:00, run_after=2026-08-05T16:00:00+00:00
[2026-08-05T15:55:56.082+0000] {processor.py:179} INFO - Processing /opt/airflow/dags/dag_suivi.py took 0.083 seconds
[2026-08-05T15:56:26.236+0000] {processor.py:157} INFO - Started process (PID=3296) to work on /opt/airflow/dags/dag_suivi.py
[2026-08-05T15:56:26.237+0000] {processor.py:829} INFO - Processing file /opt/airflow/dags/dag_suivi.py for tasks to queue
[2026-08-05T15:56:26.237+0000] {logging_mixin.py:151} INFO - [2026-08-05T15:56:26.237+0000] {dagbag.py:536} INFO - Filling up the DagBag from /opt/airflow/dags/dag_suivi.py
[2026-08-05T15:56:26.257+0000] {processor.py:839} INFO - DAG(s) dict_keys(['pipeline_ingestion_suivi']) retrieved from /opt/airflow/dags/dag_suivi.py
[2026-08-05T15:56:26.284+0000] {logging_mixin.py:151} INFO - [2026-08-05T15:56:26.284+0000] {dag.py:2941} INFO - Sync 1 DAGs
[2026-08-05T15:56:26.305+0000] {logging_mixin.py:151} INFO - [2026-08-05T15:56:26.305+0000] {dag.py:3722} INFO - Setting next_dagrun for pipeline_ingestion_suivi to 2026-08-05T15:00:00+00:00, run_after=2026-08-05T16:00:00+00:00
[2026-08-05T15:56:26.325+0000] {processor.py:179} INFO - Processing /opt/airflow/dags/dag_suivi.py took 0.092 seconds
[2026-08-05T15:56:56.516+0000] {processor.py:157} INFO - Started process (PID=3301) to work on /opt/airflow/dags/dag_suivi.py
[2026-08-05T15:56:56.517+0000] {processor.py:829} INFO - Processing file /opt/airflow/dags/dag_suivi.py for tasks to queue
[2026-08-05T15:56:56.518+0000] {logging_mixin.py:151} INFO - [2026-08-05T15:56:56.517+0000] {dagbag.py:536} INFO - Filling up the DagBag from /opt/airflow/dags/dag_suivi.py
[2026-08-05T15:56:56.539+0000] {processor.py:839} INFO - DAG(s) dict_keys(['pipeline_ingestion_suivi']) retrieved from /opt/airflow/dags/dag_suivi.py
[2026-08-05T15:56:56.570+0000] {logging_mixin.py:151} INFO - [2026-08-05T15:56:56.569+0000] {dag.py:2941} INFO - Sync 1 DAGs
[2026-08-05T15:56:56.597+0000] {logging_mixin.py:151} INFO - [2026-08-05T15:56:56.597+0000] {dag.py:3722} INFO - Setting next_dagrun for pipeline_ingestion_suivi to 2026-08-05T15:00:00+00:00, run_after=2026-08-05T16:00:00+00:00
[2026-08-05T15:56:56.621+0000] {processor.py:179} INFO - Processing /opt/airflow/dags/dag_suivi.py took 0.108 seconds
[2026-08-05T15:57:26.747+0000] {processor.py:157} INFO - Started process (PID=3306) to work on /opt/airflow/dags/dag_suivi.py
[2026-08-05T15:57:26.748+0000] {processor.py:829} INFO - Processing file /opt/airflow/dags/dag_suivi.py for tasks to queue
[2026-08-05T15:57:26.749+0000] {logging_mixin.py:151} INFO - [2026-08-05T15:57:26.748+0000] {dagbag.py:536} INFO - Filling up the DagBag from /opt/airflow/dags/dag_suivi.py
[2026-08-05T15:57:26.767+0000] {processor.py:839} INFO - DAG(s) dict_keys(['pipeline_ingestion_suivi']) retrieved from /opt/airflow/dags/dag_suivi.py
[2026-08-05T15:57:26.792+0000] {logging_mixin.py:151} INFO - [2026-08-05T15:57:26.792+0000] {dag.py:2941} INFO - Sync 1 DAGs
[2026-08-05T15:57:26.818+0000] {logging_mixin.py:151} INFO - [2026-08-05T15:57:26.818+0000] {dag.py:3722} INFO - Setting next_dagrun for pipeline_ingestion_suivi to 2026-08-05T15:00:00+00:00, run_after=2026-08-05T16:00:00+00:00
[2026-08-05T15:57:26.851+0000] {processor.py:179} INFO - Processing /opt/airflow/dags/dag_suivi.py took 0.107 seconds
[2026-08-05T15:57:57.141+0000] {processor.py:157} INFO - Started process (PID=3311) to work on /opt/airflow/dags/dag_suivi.py
[2026-08-05T15:57:57.142+0000] {processor.py:829} INFO - Processing file /opt/airflow/dags/dag_suivi.py for tasks to queue
[2026-08-05T15:57:57.142+0000] {logging_mixin.py:151} INFO - [2026-08-05T15:57:57.142+0000] {dagbag.py:536} INFO - Filling up the DagBag from /opt/airflow/dags/dag_suivi.py
[2026-08-05T15:57:57.160+0000] {processor.py:839} INFO - DAG(s) dict_keys(['pipeline_ingestion_suivi']) retrieved from /opt/airflow/dags/dag_suivi.py
[2026-08-05T15:57:57.190+0000] {logging_mixin.py:151} INFO - [2026-08-05T15:57:57.190+0000] {dag.py:2941} INFO - Sync 1 DAGs
[2026-08-05T15:57:57.210+0000] {logging_mixin.py:151} INFO - [2026-08-05T15:57:57.210+0000] {dag.py:3722} INFO - Setting next_dagrun for pipeline_ingestion_suivi to 2026-08-05T15:00:00+00:00, run_after=2026-08-05T16:00:00+00:00
[2026-08-05T15:57:57.240+0000] {processor.py:179} INFO - Processing /opt/airflow/dags/dag_suivi.py took 0.101 seconds
[2026-08-05T15:58:27.380+0000] {processor.py:157} INFO - Started process (PID=3316) to work on /opt/airflow/dags/dag_suivi.py
[2026-08-05T15:58:27.381+0000] {processor.py:829} INFO - Processing file /opt/airflow/dags/dag_suivi.py for tasks to queue
[2026-08-05T15:58:27.381+0000] {logging_mixin.py:151} INFO - [2026-08-05T15:58:27.381+0000] {dagbag.py:536} INFO - Filling up the DagBag from /opt/airflow/dags/dag_suivi.py
[2026-08-05T15:58:27.398+0000] {processor.py:839} INFO - DAG(s) dict_keys(['pipeline_ingestion_suivi']) retrieved from /opt/airflow/dags/dag_suivi.py
[2026-08-05T15:58:27.420+0000] {logging_mixin.py:151} INFO - [2026-08-05T15:58:27.420+0000] {dag.py:2941} INFO - Sync 1 DAGs
[2026-08-05T15:58:27.441+0000] {logging_mixin.py:151} INFO - [2026-08-05T15:58:27.441+0000] {dag.py:3722} INFO - Setting next_dagrun for pipeline_ingestion_suivi to 2026-08-05T15:00:00+00:00, run_after=2026-08-05T16:00:00+00:00
[2026-08-05T15:58:27.458+0000] {processor.py:179} INFO - Processing /opt/airflow/dags/dag_suivi.py took 0.081 seconds
[2026-08-05T15:58:57.723+0000] {processor.py:157} INFO - Started process (PID=3321) to work on /opt/airflow/dags/dag_suivi.py
[2026-08-05T15:58:57.724+0000] {processor.py:829} INFO - Processing file /opt/airflow/dags/dag_suivi.py for tasks to queue
[2026-08-05T15:58:57.724+0000] {logging_mixin.py:151} INFO - [2026-08-05T15:58:57.724+0000] {dagbag.py:536} INFO - Filling up the DagBag from /opt/airflow/dags/dag_suivi.py
[2026-08-05T15:58:57.743+0000] {processor.py:839} INFO - DAG(s) dict_keys(['pipeline_ingestion_suivi']) retrieved from /opt/airflow/dags/dag_suivi.py
[2026-08-05T15:58:57.769+0000] {logging_mixin.py:151} INFO - [2026-08-05T15:58:57.768+0000] {dag.py:2941} INFO - Sync 1 DAGs
[2026-08-05T15:58:57.788+0000] {logging_mixin.py:151} INFO - [2026-08-05T15:58:57.787+0000] {dag.py:3722} INFO - Setting next_dagrun for pipeline_ingestion_suivi to 2026-08-05T15:00:00+00:00, run_after=2026-08-05T16:00:00+00:00
[2026-08-05T15:58:57.805+0000] {processor.py:179} INFO - Processing /opt/airflow/dags/dag_suivi.py took 0.084 seconds
[2026-08-05T15:59:27.959+0000] {processor.py:157} INFO - Started process (PID=3326) to work on /opt/airflow/dags/dag_suivi.py
[2026-08-05T15:59:27.959+0000] {processor.py:829} INFO - Processing file /opt/airflow/dags/dag_suivi.py for tasks to queue
[2026-08-05T15:59:27.960+0000] {logging_mixin.py:151} INFO - [2026-08-05T15:59:27.960+0000] {dagbag.py:536} INFO - Filling up the DagBag from /opt/airflow/dags/dag_suivi.py
[2026-08-05T15:59:27.979+0000] {processor.py:839} INFO - DAG(s) dict_keys(['pipeline_ingestion_suivi']) retrieved from /opt/airflow/dags/dag_suivi.py
[2026-08-05T15:59:28.003+0000] {logging_mixin.py:151} INFO - [2026-08-05T15:59:28.003+0000] {dag.py:2941} INFO - Sync 1 DAGs
[2026-08-05T15:59:28.020+0000] {logging_mixin.py:151} INFO - [2026-08-05T15:59:28.020+0000] {dag.py:3722} INFO - Setting next_dagrun for pipeline_ingestion_suivi to 2026-08-05T15:00:00+00:00, run_after=2026-08-05T16:00:00+00:00
[2026-08-05T15:59:28.039+0000] {processor.py:179} INFO - Processing /opt/airflow/dags/dag_suivi.py took 0.084 seconds
[2026-08-05T15:59:58.214+0000] {processor.py:157} INFO - Started process (PID=3331) to work on /opt/airflow/dags/dag_suivi.py
[2026-08-05T15:59:58.215+0000] {processor.py:829} INFO - Processing file /opt/airflow/dags/dag_suivi.py for tasks to queue
[2026-08-05T15:59:58.215+0000] {logging_mixin.py:151} INFO - [2026-08-05T15:59:58.215+0000] {dagbag.py:536} INFO - Filling up the DagBag from /opt/airflow/dags/dag_suivi.py
[2026-08-05T15:59:58.233+0000] {processor.py:839} INFO - DAG(s) dict_keys(['pipeline_ingestion_suivi']) retrieved from /opt/airflow/dags/dag_suivi.py
[2026-08-05T15:59:58.257+0000] {logging_mixin.py:151} INFO - [2026-08-05T15:59:58.257+0000] {dag.py:2941} INFO - Sync 1 DAGs
[2026-08-05T15:59:58.276+0000] {logging_mixin.py:151} INFO - [2026-08-05T15:59:58.276+0000] {dag.py:3722} INFO - Setting next_dagrun for pipeline_ingestion_suivi to 2026-08-05T15:00:00+00:00, run_after=2026-08-05T16:00:00+00:00
[2026-08-05T15:59:58.304+0000] {processor.py:179} INFO - Processing /opt/airflow/dags/dag_suivi.py took 0.092 seconds
[2026-08-05T16:00:28.427+0000] {processor.py:157} INFO - Started process (PID=3338) to work on /opt/airflow/dags/dag_suivi.py
[2026-08-05T16:00:28.428+0000] {processor.py:829} INFO - Processing file /opt/airflow/dags/dag_suivi.py for tasks to queue
[2026-08-05T16:00:28.428+0000] {logging_mixin.py:151} INFO - [2026-08-05T16:00:28.428+0000] {dagbag.py:536} INFO - Filling up the DagBag from /opt/airflow/dags/dag_suivi.py
[2026-08-05T16:00:28.449+0000] {processor.py:839} INFO - DAG(s) dict_keys(['pipeline_ingestion_suivi']) retrieved from /opt/airflow/dags/dag_suivi.py
[2026-08-05T16:00:28.475+0000] {logging_mixin.py:151} INFO - [2026-08-05T16:00:28.474+0000] {dag.py:2941} INFO - Sync 1 DAGs
[2026-08-05T16:00:28.492+0000] {logging_mixin.py:151} INFO - [2026-08-05T16:00:28.492+0000] {dag.py:3722} INFO - Setting next_dagrun for pipeline_ingestion_suivi to 2026-08-05T16:00:00+00:00, run_after=2026-08-05T17:00:00+00:00
[2026-08-05T16:00:28.509+0000] {processor.py:179} INFO - Processing /opt/airflow/dags/dag_suivi.py took 0.085 seconds
[2026-08-05T16:00:58.715+0000] {processor.py:157} INFO - Started process (PID=3343) to work on /opt/airflow/dags/dag_suivi.py
[2026-08-05T16:00:58.716+0000] {processor.py:829} INFO - Processing file /opt/airflow/dags/dag_suivi.py for tasks to queue
[2026-08-05T16:00:58.716+0000] {logging_mixin.py:151} INFO - [2026-08-05T16:00:58.716+0000] {dagbag.py:536} INFO - Filling up the DagBag from /opt/airflow/dags/dag_suivi.py
[2026-08-05T16:00:58.735+0000] {processor.py:839} INFO - DAG(s) dict_keys(['pipeline_ingestion_suivi']) retrieved from /opt/airflow/dags/dag_suivi.py
[2026-08-05T16:00:58.760+0000] {logging_mixin.py:151} INFO - [2026-08-05T16:00:58.760+0000] {dag.py:2941} INFO - Sync 1 DAGs
[2026-08-05T16:00:58.779+0000] {logging_mixin.py:151} INFO - [2026-08-05T16:00:58.779+0000] {dag.py:3722} INFO - Setting next_dagrun for pipeline_ingestion_suivi to 2026-08-05T16:00:00+00:00, run_after=2026-08-05T17:00:00+00:00
[2026-08-05T16:00:58.797+0000] {processor.py:179} INFO - Processing /opt/airflow/dags/dag_suivi.py took 0.085 seconds
[2026-08-05T16:01:28.931+0000] {processor.py:157} INFO - Started process (PID=3348) to work on /opt/airflow/dags/dag_suivi.py
[2026-08-05T16:01:28.932+0000] {processor.py:829} INFO - Processing file /opt/airflow/dags/dag_suivi.py for tasks to queue
[2026-08-05T16:01:28.933+0000] {logging_mixin.py:151} INFO - [2026-08-05T16:01:28.933+0000] {dagbag.py:536} INFO - Filling up the DagBag from /opt/airflow/dags/dag_suivi.py
[2026-08-05T16:01:28.953+0000] {processor.py:839} INFO - DAG(s) dict_keys(['pipeline_ingestion_suivi']) retrieved from /opt/airflow/dags/dag_suivi.py
[2026-08-05T16:01:28.983+0000] {logging_mixin.py:151} INFO - [2026-08-05T16:01:28.983+0000] {dag.py:2941} INFO - Sync 1 DAGs
[2026-08-05T16:01:29.003+0000] {logging_mixin.py:151} INFO - [2026-08-05T16:01:29.003+0000] {dag.py:3722} INFO - Setting next_dagrun for pipeline_ingestion_suivi to 2026-08-05T16:00:00+00:00, run_after=2026-08-05T17:00:00+00:00
[2026-08-05T16:01:29.019+0000] {processor.py:179} INFO - Processing /opt/airflow/dags/dag_suivi.py took 0.092 seconds
[2026-08-05T16:01:59.190+0000] {processor.py:157} INFO - Started process (PID=3353) to work on /opt/airflow/dags/dag_suivi.py
[2026-08-05T16:01:59.191+0000] {processor.py:829} INFO - Processing file /opt/airflow/dags/dag_suivi.py for tasks to queue
[2026-08-05T16:01:59.192+0000] {logging_mixin.py:151} INFO - [2026-08-05T16:01:59.191+0000] {dagbag.py:536} INFO - Filling up the DagBag from /opt/airflow/dags/dag_suivi.py
[2026-08-05T16:01:59.215+0000] {processor.py:839} INFO - DAG(s) dict_keys(['pipeline_ingestion_suivi']) retrieved from /opt/airflow/dags/dag_suivi.py
[2026-08-05T16:01:59.246+0000] {logging_mixin.py:151} INFO - [2026-08-05T16:01:59.245+0000] {dag.py:2941} INFO - Sync 1 DAGs
[2026-08-05T16:01:59.270+0000] {logging_mixin.py:151} INFO - [2026-08-05T16:01:59.270+0000] {dag.py:3722} INFO - Setting next_dagrun for pipeline_ingestion_suivi to 2026-08-05T16:00:00+00:00, run_after=2026-08-05T17:00:00+00:00
[2026-08-05T16:01:59.292+0000] {processor.py:179} INFO - Processing /opt/airflow/dags/dag_suivi.py took 0.105 seconds
[2026-08-05T16:02:29.407+0000] {processor.py:157} INFO - Started process (PID=3358) to work on /opt/airflow/dags/dag_suivi.py
[2026-08-05T16:02:29.408+0000] {processor.py:829} INFO - Processing file /opt/airflow/dags/dag_suivi.py for tasks to queue
[2026-08-05T16:02:29.409+0000] {logging_mixin.py:151} INFO - [2026-08-05T16:02:29.408+0000] {dagbag.py:536} INFO - Filling up the DagBag from /opt/airflow/dags/dag_suivi.py
[2026-08-05T16:02:29.428+0000] {processor.py:839} INFO - DAG(s) dict_keys(['pipeline_ingestion_suivi']) retrieved from /opt/airflow/dags/dag_suivi.py
[2026-08-05T16:02:29.455+0000] {logging_mixin.py:151} INFO - [2026-08-05T16:02:29.455+0000] {dag.py:2941} INFO - Sync 1 DAGs
[2026-08-05T16:02:29.474+0000] {logging_mixin.py:151} INFO - [2026-08-05T16:02:29.474+0000] {dag.py:3722} INFO - Setting next_dagrun for pipeline_ingestion_suivi to 2026-08-05T16:00:00+00:00, run_after=2026-08-05T17:00:00+00:00
[2026-08-05T16:02:29.505+0000] {processor.py:179} INFO - Processing /opt/airflow/dags/dag_suivi.py took 0.102 seconds
[2026-08-05T16:02:59.737+0000] {processor.py:157} INFO - Started process (PID=3363) to work on /opt/airflow/dags/dag_suivi.py
[2026-08-05T16:02:59.738+0000] {processor.py:829} INFO - Processing file /opt/airflow/dags/dag_suivi.py for tasks to queue
[2026-08-05T16:02:59.739+0000] {logging_mixin.py:151} INFO - [2026-08-05T16:02:59.739+0000] {dagbag.py:536} INFO - Filling up the DagBag from /opt/airflow/dags/dag_suivi.py
[2026-08-05T16:02:59.758+0000] {processor.py:839} INFO - DAG(s) dict_keys(['pipeline_ingestion_suivi']) retrieved from /opt/airflow/dags/dag_suivi.py
[2026-08-05T16:02:59.782+0000] {logging_mixin.py:151} INFO - [2026-08-05T16:02:59.782+0000] {dag.py:2941} INFO - Sync 1 DAGs
[2026-08-05T16:02:59.802+0000] {logging_mixin.py:151} INFO - [2026-08-05T16:02:59.802+0000] {dag.py:3722} INFO - Setting next_dagrun for pipeline_ingestion_suivi to 2026-08-05T16:00:00+00:00, run_after=2026-08-05T17:00:00+00:00
[2026-08-05T16:02:59.824+0000] {processor.py:179} INFO - Processing /opt/airflow/dags/dag_suivi.py took 0.089 seconds
[2026-08-05T16:03:30.027+0000] {processor.py:157} INFO - Started process (PID=3368) to work on /opt/airflow/dags/dag_suivi.py
[2026-08-05T16:03:30.028+0000] {processor.py:829} INFO - Processing file /opt/airflow/dags/dag_suivi.py for tasks to queue
[2026-08-05T16:03:30.029+0000] {logging_mixin.py:151} INFO - [2026-08-05T16:03:30.029+0000] {dagbag.py:536} INFO - Filling up the DagBag from /opt/airflow/dags/dag_suivi.py
[2026-08-05T16:03:30.057+0000] {processor.py:839} INFO - DAG(s) dict_keys(['pipeline_ingestion_suivi']) retrieved from /opt/airflow/dags/dag_suivi.py
[2026-08-05T16:03:30.116+0000] {logging_mixin.py:151} INFO - [2026-08-05T16:03:30.116+0000] {dag.py:2941} INFO - Sync 1 DAGs
[2026-08-05T16:03:30.169+0000] {logging_mixin.py:151} INFO - [2026-08-05T16:03:30.169+0000] {dag.py:3722} INFO - Setting next_dagrun for pipeline_ingestion_suivi to 2026-08-05T16:00:00+00:00, run_after=2026-08-05T17:00:00+00:00
[2026-08-05T16:03:30.190+0000] {processor.py:179} INFO - Processing /opt/airflow/dags/dag_suivi.py took 0.166 seconds
[2026-08-05T16:04:00.369+0000] {processor.py:157} INFO - Started process (PID=3373) to work on /opt/airflow/dags/dag_suivi.py
[2026-08-05T16:04:00.370+0000] {processor.py:829} INFO - Processing file /opt/airflow/dags/dag_suivi.py for tasks to queue
[2026-08-05T16:04:00.371+0000] {logging_mixin.py:151} INFO - [2026-08-05T16:04:00.371+0000] {dagbag.py:536} INFO - Filling up the DagBag from /opt/airflow/dags/dag_suivi.py
[2026-08-05T16:04:00.390+0000] {processor.py:839} INFO - DAG(s) dict_keys(['pipeline_ingestion_suivi']) retrieved from /opt/airflow/dags/dag_suivi.py
[2026-08-05T16:04:00.417+0000] {logging_mixin.py:151} INFO - [2026-08-05T16:04:00.417+0000] {dag.py:2941} INFO - Sync 1 DAGs
[2026-08-05T16:04:00.438+0000] {logging_mixin.py:151} INFO - [2026-08-05T16:04:00.438+0000] {dag.py:3722} INFO - Setting next_dagrun for pipeline_ingestion_suivi to 2026-08-05T16:00:00+00:00, run_after=2026-08-05T17:00:00+00:00
[2026-08-05T16:04:00.458+0000] {processor.py:179} INFO - Processing /opt/airflow/dags/dag_suivi.py took 0.091 seconds
[2026-08-05T16:04:30.587+0000] {processor.py:157} INFO - Started process (PID=3378) to work on /opt/airflow/dags/dag_suivi.py
[2026-08-05T16:04:30.588+0000] {processor.py:829} INFO - Processing file /opt/airflow/dags/dag_suivi.py for tasks to queue
[2026-08-05T16:04:30.589+0000] {logging_mixin.py:151} INFO - [2026-08-05T16:04:30.589+0000] {dagbag.py:536} INFO - Filling up the DagBag from /opt/airflow/dags/dag_suivi.py
[2026-08-05T16:04:30.614+0000] {processor.py:839} INFO - DAG(s) dict_keys(['pipeline_ingestion_suivi']) retrieved from /opt/airflow/dags/dag_suivi.py
[2026-08-05T16:04:30.646+0000] {logging_mixin.py:151} INFO - [2026-08-05T16:04:30.645+0000] {dag.py:2941} INFO - Sync 1 DAGs
[2026-08-05T16:04:30.670+0000] {logging_mixin.py:151} INFO - [2026-08-05T16:04:30.670+0000] {dag.py:3722} INFO - Setting next_dagrun for pipeline_ingestion_suivi to 2026-08-05T16:00:00+00:00, run_after=2026-08-05T17:00:00+00:00
[2026-08-05T16:04:30.702+0000] {processor.py:179} INFO - Processing /opt/airflow/dags/dag_suivi.py took 0.118 seconds
[2026-08-05T16:05:00.874+0000] {processor.py:157} INFO - Started process (PID=3383) to work on /opt/airflow/dags/dag_suivi.py
[2026-08-05T16:05:00.875+0000] {processor.py:829} INFO - Processing file /opt/airflow/dags/dag_suivi.py for tasks to queue
[2026-08-05T16:05:00.877+0000] {logging_mixin.py:151} INFO - [2026-08-05T16:05:00.876+0000] {dagbag.py:536} INFO - Filling up the DagBag from /opt/airflow/dags/dag_suivi.py
[2026-08-05T16:05:00.899+0000] {processor.py:839} INFO - DAG(s) dict_keys(['pipeline_ingestion_suivi']) retrieved from /opt/airflow/dags/dag_suivi.py
[2026-08-05T16:05:00.927+0000] {logging_mixin.py:151} INFO - [2026-08-05T16:05:00.927+0000] {dag.py:2941} INFO - Sync 1 DAGs
[2026-08-05T16:05:00.950+0000] {logging_mixin.py:151} INFO - [2026-08-05T16:05:00.950+0000] {dag.py:3722} INFO - Setting next_dagrun for pipeline_ingestion_suivi to 2026-08-05T16:00:00+00:00, run_after=2026-08-05T17:00:00+00:00
[2026-08-05T16:05:00.968+0000] {processor.py:179} INFO - Processing /opt/airflow/dags/dag_suivi.py took 0.097 seconds
[2026-08-05T16:05:31.102+0000] {processor.py:157} INFO - Started process (PID=3388) to work on /opt/airflow/dags/dag_suivi.py
[2026-08-05T16:05:31.103+0000] {processor.py:829} INFO - Processing file /opt/airflow/dags/dag_suivi.py for tasks to queue
[2026-08-05T16:05:31.104+0000] {logging_mixin.py:151} INFO - [2026-08-05T16:05:31.104+0000] {dagbag.py:536} INFO - Filling up the DagBag from /opt/airflow/dags/dag_suivi.py
[2026-08-05T16:05:31.121+0000] {processor.py:839} INFO - DAG(s) dict_keys(['pipeline_ingestion_suivi']) retrieved from /opt/airflow/dags/dag_suivi.py
[2026-08-05T16:05:31.147+0000] {logging_mixin.py:151} INFO - [2026-08-05T16:05:31.147+0000] {dag.py:2941} INFO - Sync 1 DAGs
[2026-08-05T16:05:31.166+0000] {logging_mixin.py:151} INFO - [2026-08-05T16:05:31.166+0000] {dag.py:3722} INFO - Setting next_dagrun for pipeline_ingestion_suivi to 2026-08-05T16:00:00+00:00, run_after=2026-08-05T17:00:00+00:00
[2026-08-05T16:05:31.192+0000] {processor.py:179} INFO - Processing /opt/airflow/dags/dag_suivi.py took 0.093 seconds
[2026-08-05T16:06:01.382+0000] {processor.py:157} INFO - Started process (PID=3393) to work on /opt/airflow/dags/dag_suivi.py
[2026-08-05T16:06:01.382+0000] {processor.py:829} INFO - Processing file /opt/airflow/dags/dag_suivi.py for tasks to queue
[2026-08-05T16:06:01.383+0000] {logging_mixin.py:151} INFO - [2026-08-05T16:06:01.383+0000] {dagbag.py:536} INFO - Filling up the DagBag from /opt/airflow/dags/dag_suivi.py
[2026-08-05T16:06:01.402+0000] {processor.py:839} INFO - DAG(s) dict_keys(['pipeline_ingestion_suivi']) retrieved from /opt/airflow/dags/dag_suivi.py
[2026-08-05T16:06:01.426+0000] {logging_mixin.py:151} INFO - [2026-08-05T16:06:01.426+0000] {dag.py:2941} INFO - Sync 1 DAGs
[2026-08-05T16:06:01.446+0000] {logging_mixin.py:151} INFO - [2026-08-05T16:06:01.445+0000] {dag.py:3722} INFO - Setting next_dagrun for pipeline_ingestion_suivi to 2026-08-05T16:00:00+00:00, run_after=2026-08-05T17:00:00+00:00
[2026-08-05T16:06:01.463+0000] {processor.py:179} INFO - Processing /opt/airflow/dags/dag_suivi.py took 0.084 seconds
[2026-08-05T16:06:31.654+0000] {processor.py:157} INFO - Started process (PID=3398) to work on /opt/airflow/dags/dag_suivi.py
[2026-08-05T16:06:31.655+0000] {processor.py:829} INFO - Processing file /opt/airflow/dags/dag_suivi.py for tasks to queue
[2026-08-05T16:06:31.656+0000] {logging_mixin.py:151} INFO - [2026-08-05T16:06:31.655+0000] {dagbag.py:536} INFO - Filling up the DagBag from /opt/airflow/dags/dag_suivi.py
[2026-08-05T16:06:31.673+0000] {processor.py:839} INFO - DAG(s) dict_keys(['pipeline_ingestion_suivi']) retrieved from /opt/airflow/dags/dag_suivi.py
[2026-08-05T16:06:31.696+0000] {logging_mixin.py:151} INFO - [2026-08-05T16:06:31.696+0000] {dag.py:2941} INFO - Sync 1 DAGs
[2026-08-05T16:06:31.718+0000] {logging_mixin.py:151} INFO - [2026-08-05T16:06:31.718+0000] {dag.py:3722} INFO - Setting next_dagrun for pipeline_ingestion_suivi to 2026-08-05T16:00:00+00:00, run_after=2026-08-05T17:00:00+00:00
[2026-08-05T16:06:31.744+0000] {processor.py:179} INFO - Processing /opt/airflow/dags/dag_suivi.py took 0.092 seconds
[2026-08-05T16:07:01.894+0000] {processor.py:157} INFO - Started process (PID=3403) to work on /opt/airflow/dags/dag_suivi.py
[2026-08-05T16:07:01.895+0000] {processor.py:829} INFO - Processing file /opt/airflow/dags/dag_suivi.py for tasks to queue
[2026-08-05T16:07:01.895+0000] {logging_mixin.py:151} INFO - [2026-08-05T16:07:01.895+0000] {dagbag.py:536} INFO - Filling up the DagBag from /opt/airflow/dags/dag_suivi.py
[2026-08-05T16:07:01.916+0000] {processor.py:839} INFO - DAG(s) dict_keys(['pipeline_ingestion_suivi']) retrieved from /opt/airflow/dags/dag_suivi.py
[2026-08-05T16:07:01.957+0000] {logging_mixin.py:151} INFO - [2026-08-05T16:07:01.957+0000] {dag.py:2941} INFO - Sync 1 DAGs
[2026-08-05T16:07:02.007+0000] {logging_mixin.py:151} INFO - [2026-08-05T16:07:02.007+0000] {dag.py:3722} INFO - Setting next_dagrun for pipeline_ingestion_suivi to 2026-08-05T16:00:00+00:00, run_after=2026-08-05T17:00:00+00:00
[2026-08-05T16:07:02.050+0000] {processor.py:179} INFO - Processing /opt/airflow/dags/dag_suivi.py took 0.159 seconds
[2026-08-05T16:07:32.158+0000] {processor.py:157} INFO - Started process (PID=3408) to work on /opt/airflow/dags/dag_suivi.py
[2026-08-05T16:07:32.159+0000] {processor.py:829} INFO - Processing file /opt/airflow/dags/dag_suivi.py for tasks to queue
[2026-08-05T16:07:32.160+0000] {logging_mixin.py:151} INFO - [2026-08-05T16:07:32.159+0000] {dagbag.py:536} INFO - Filling up the DagBag from /opt/airflow/dags/dag_suivi.py
[2026-08-05T16:07:32.178+0000] {processor.py:839} INFO - DAG(s) dict_keys(['pipeline_ingestion_suivi']) retrieved from /opt/airflow/dags/dag_suivi.py
[2026-08-05T16:07:32.205+0000] {logging_mixin.py:151} INFO - [2026-08-05T16:07:32.205+0000] {dag.py:2941} INFO - Sync 1 DAGs
[2026-08-05T16:07:32.224+0000] {logging_mixin.py:151} INFO - [2026-08-05T16:07:32.224+0000] {dag.py:3722} INFO - Setting next_dagrun for pipeline_ingestion_suivi to 2026-08-05T16:00:00+00:00, run_after=2026-08-05T17:00:00+00:00
[2026-08-05T16:07:32.256+0000] {processor.py:179} INFO - Processing /opt/airflow/dags/dag_suivi.py took 0.100 seconds
[2026-08-05T16:08:02.481+0000] {processor.py:157} INFO - Started process (PID=3413) to work on /opt/airflow/dags/dag_suivi.py
[2026-08-05T16:08:02.482+0000] {processor.py:829} INFO - Processing file /opt/airflow/dags/dag_suivi.py for tasks to queue
[2026-08-05T16:08:02.483+0000] {logging_mixin.py:151} INFO - [2026-08-05T16:08:02.483+0000] {dagbag.py:536} INFO - Filling up the DagBag from /opt/airflow/dags/dag_suivi.py
[2026-08-05T16:08:02.507+0000] {processor.py:839} INFO - DAG(s) dict_keys(['pipeline_ingestion_suivi']) retrieved from /opt/airflow/dags/dag_suivi.py
[2026-08-05T16:08:02.532+0000] {logging_mixin.py:151} INFO - [2026-08-05T16:08:02.532+0000] {dag.py:2941} INFO - Sync 1 DAGs
[2026-08-05T16:08:02.553+0000] {logging_mixin.py:151} INFO - [2026-08-05T16:08:02.553+0000] {dag.py:3722} INFO - Setting next_dagrun for pipeline_ingestion_suivi to 2026-08-05T16:00:00+00:00, run_after=2026-08-05T17:00:00+00:00
[2026-08-05T16:08:02.581+0000] {processor.py:179} INFO - Processing /opt/airflow/dags/dag_suivi.py took 0.102 seconds
[2026-08-05T16:08:32.714+0000] {processor.py:157} INFO - Started process (PID=3418) to work on /opt/airflow/dags/dag_suivi.py
[2026-08-05T16:08:32.715+0000] {processor.py:829} INFO - Processing file /opt/airflow/dags/dag_suivi.py for tasks to queue
[2026-08-05T16:08:32.715+0000] {logging_mixin.py:151} INFO - [2026-08-05T16:08:32.715+0000] {dagbag.py:536} INFO - Filling up the DagBag from /opt/airflow/dags/dag_suivi.py
[2026-08-05T16:08:32.737+0000] {processor.py:839} INFO - DAG(s) dict_keys(['pipeline_ingestion_suivi']) retrieved from /opt/airflow/dags/dag_suivi.py
[2026-08-05T16:08:32.769+0000] {logging_mixin.py:151} INFO - [2026-08-05T16:08:32.769+0000] {dag.py:2941} INFO - Sync 1 DAGs
[2026-08-05T16:08:32.795+0000] {logging_mixin.py:151} INFO - [2026-08-05T16:08:32.794+0000] {dag.py:3722} INFO - Setting next_dagrun for pipeline_ingestion_suivi to 2026-08-05T16:00:00+00:00, run_after=2026-08-05T17:00:00+00:00
[2026-08-05T16:08:32.815+0000] {processor.py:179} INFO - Processing /opt/airflow/dags/dag_suivi.py took 0.104 seconds
[2026-08-05T16:09:03.008+0000] {processor.py:157} INFO - Started process (PID=3423) to work on /opt/airflow/dags/dag_suivi.py
[2026-08-05T16:09:03.009+0000] {processor.py:829} INFO - Processing file /opt/airflow/dags/dag_suivi.py for tasks to queue
[2026-08-05T16:09:03.009+0000] {logging_mixin.py:151} INFO - [2026-08-05T16:09:03.009+0000] {dagbag.py:536} INFO - Filling up the DagBag from /opt/airflow/dags/dag_suivi.py
[2026-08-05T16:09:03.027+0000] {processor.py:839} INFO - DAG(s) dict_keys(['pipeline_ingestion_suivi']) retrieved from /opt/airflow/dags/dag_suivi.py
[2026-08-05T16:09:03.054+0000] {logging_mixin.py:151} INFO - [2026-08-05T16:09:03.054+0000] {dag.py:2941} INFO - Sync 1 DAGs
[2026-08-05T16:09:03.076+0000] {logging_mixin.py:151} INFO - [2026-08-05T16:09:03.076+0000] {dag.py:3722} INFO - Setting next_dagrun for pipeline_ingestion_suivi to 2026-08-05T16:00:00+00:00, run_after=2026-08-05T17:00:00+00:00
[2026-08-05T16:09:03.096+0000] {processor.py:179} INFO - Processing /opt/airflow/dags/dag_suivi.py took 0.091 seconds
[2026-08-05T16:09:33.211+0000] {processor.py:157} INFO - Started process (PID=3428) to work on /opt/airflow/dags/dag_suivi.py
[2026-08-05T16:09:33.211+0000] {processor.py:829} INFO - Processing file /opt/airflow/dags/dag_suivi.py for tasks to queue
[2026-08-05T16:09:33.212+0000] {logging_mixin.py:151} INFO - [2026-08-05T16:09:33.212+0000] {dagbag.py:536} INFO - Filling up the DagBag from /opt/airflow/dags/dag_suivi.py
[2026-08-05T16:09:33.232+0000] {processor.py:839} INFO - DAG(s) dict_keys(['pipeline_ingestion_suivi']) retrieved from /opt/airflow/dags/dag_suivi.py
[2026-08-05T16:09:33.260+0000] {logging_mixin.py:151} INFO - [2026-08-05T16:09:33.260+0000] {dag.py:2941} INFO - Sync 1 DAGs
[2026-08-05T16:09:33.281+0000] {logging_mixin.py:151} INFO - [2026-08-05T16:09:33.280+0000] {dag.py:3722} INFO - Setting next_dagrun for pipeline_ingestion_suivi to 2026-08-05T16:00:00+00:00, run_after=2026-08-05T17:00:00+00:00
[2026-08-05T16:09:33.303+0000] {processor.py:179} INFO - Processing /opt/airflow/dags/dag_suivi.py took 0.096 seconds
[2026-08-05T16:10:03.454+0000] {processor.py:157} INFO - Started process (PID=3433) to work on /opt/airflow/dags/dag_suivi.py
[2026-08-05T16:10:03.455+0000] {processor.py:829} INFO - Processing file /opt/airflow/dags/dag_suivi.py for tasks to queue
[2026-08-05T16:10:03.455+0000] {logging_mixin.py:151} INFO - [2026-08-05T16:10:03.455+0000] {dagbag.py:536} INFO - Filling up the DagBag from /opt/airflow/dags/dag_suivi.py
[2026-08-05T16:10:03.473+0000] {processor.py:839} INFO - DAG(s) dict_keys(['pipeline_ingestion_suivi']) retrieved from /opt/airflow/dags/dag_suivi.py
[2026-08-05T16:10:03.500+0000] {logging_mixin.py:151} INFO - [2026-08-05T16:10:03.500+0000] {dag.py:2941} INFO - Sync 1 DAGs
[2026-08-05T16:10:03.520+0000] {logging_mixin.py:151} INFO - [2026-08-05T16:10:03.520+0000] {dag.py:3722} INFO - Setting next_dagrun for pipeline_ingestion_suivi to 2026-08-05T16:00:00+00:00, run_after=2026-08-05T17:00:00+00:00
[2026-08-05T16:10:03.539+0000] {processor.py:179} INFO - Processing /opt/airflow/dags/dag_suivi.py took 0.087 seconds
[2026-08-05T16:10:33.657+0000] {processor.py:157} INFO - Started process (PID=3438) to work on /opt/airflow/dags/dag_suivi.py
[2026-08-05T16:10:33.658+0000] {processor.py:829} INFO - Processing file /opt/airflow/dags/dag_suivi.py for tasks to queue
[2026-08-05T16:10:33.659+0000] {logging_mixin.py:151} INFO - [2026-08-05T16:10:33.658+0000] {dagbag.py:536} INFO - Filling up the DagBag from /opt/airflow/dags/dag_suivi.py
[2026-08-05T16:10:33.680+0000] {processor.py:839} INFO - DAG(s) dict_keys(['pipeline_ingestion_suivi']) retrieved from /opt/airflow/dags/dag_suivi.py
[2026-08-05T16:10:33.709+0000] {logging_mixin.py:151} INFO - [2026-08-05T16:10:33.709+0000] {dag.py:2941} INFO - Sync 1 DAGs
[2026-08-05T16:10:33.736+0000] {logging_mixin.py:151} INFO - [2026-08-05T16:10:33.736+0000] {dag.py:3722} INFO - Setting next_dagrun for pipeline_ingestion_suivi to 2026-08-05T16:00:00+00:00, run_after=2026-08-05T17:00:00+00:00
[2026-08-05T16:10:33.767+0000] {processor.py:179} INFO - Processing /opt/airflow/dags/dag_suivi.py took 0.112 seconds
[2026-08-05T16:11:03.942+0000] {processor.py:157} INFO - Started process (PID=3443) to work on /opt/airflow/dags/dag_suivi.py
[2026-08-05T16:11:03.943+0000] {processor.py:829} INFO - Processing file /opt/airflow/dags/dag_suivi.py for tasks to queue
[2026-08-05T16:11:03.944+0000] {logging_mixin.py:151} INFO - [2026-08-05T16:11:03.944+0000] {dagbag.py:536} INFO - Filling up the DagBag from /opt/airflow/dags/dag_suivi.py
[2026-08-05T16:11:03.963+0000] {processor.py:839} INFO - DAG(s) dict_keys(['pipeline_ingestion_suivi']) retrieved from /opt/airflow/dags/dag_suivi.py
[2026-08-05T16:11:03.987+0000] {logging_mixin.py:151} INFO - [2026-08-05T16:11:03.987+0000] {dag.py:2941} INFO - Sync 1 DAGs
[2026-08-05T16:11:04.007+0000] {logging_mixin.py:151} INFO - [2026-08-05T16:11:04.007+0000] {dag.py:3722} INFO - Setting next_dagrun for pipeline_ingestion_suivi to 2026-08-05T16:00:00+00:00, run_after=2026-08-05T17:00:00+00:00
[2026-08-05T16:11:04.037+0000] {processor.py:179} INFO - Processing /opt/airflow/dags/dag_suivi.py took 0.098 seconds
[2026-08-05T16:11:34.189+0000] {processor.py:157} INFO - Started process (PID=3448) to work on /opt/airflow/dags/dag_suivi.py
[2026-08-05T16:11:34.190+0000] {processor.py:829} INFO - Processing file /opt/airflow/dags/dag_suivi.py for tasks to queue
[2026-08-05T16:11:34.191+0000] {logging_mixin.py:151} INFO - [2026-08-05T16:11:34.191+0000] {dagbag.py:536} INFO - Filling up the DagBag from /opt/airflow/dags/dag_suivi.py
[2026-08-05T16:11:34.210+0000] {processor.py:839} INFO - DAG(s) dict_keys(['pipeline_ingestion_suivi']) retrieved from /opt/airflow/dags/dag_suivi.py
[2026-08-05T16:11:34.235+0000] {logging_mixin.py:151} INFO - [2026-08-05T16:11:34.235+0000] {dag.py:2941} INFO - Sync 1 DAGs
[2026-08-05T16:11:34.254+0000] {logging_mixin.py:151} INFO - [2026-08-05T16:11:34.254+0000] {dag.py:3722} INFO - Setting next_dagrun for pipeline_ingestion_suivi to 2026-08-05T16:00:00+00:00, run_after=2026-08-05T17:00:00+00:00
[2026-08-05T16:11:34.275+0000] {processor.py:179} INFO - Processing /opt/airflow/dags/dag_suivi.py took 0.089 seconds
[2026-08-05T16:12:04.452+0000] {processor.py:157} INFO - Started process (PID=3453) to work on /opt/airflow/dags/dag_suivi.py
[2026-08-05T16:12:04.453+0000] {processor.py:829} INFO - Processing file /opt/airflow/dags/dag_suivi.py for tasks to queue
[2026-08-05T16:12:04.454+0000] {logging_mixin.py:151} INFO - [2026-08-05T16:12:04.454+0000] {dagbag.py:536} INFO - Filling up the DagBag from /opt/airflow/dags/dag_suivi.py
[2026-08-05T16:12:04.485+0000] {processor.py:839} INFO - DAG(s) dict_keys(['pipeline_ingestion_suivi']) retrieved from /opt/airflow/dags/dag_suivi.py
[2026-08-05T16:12:04.516+0000] {logging_mixin.py:151} INFO - [2026-08-05T16:12:04.516+0000] {dag.py:2941} INFO - Sync 1 DAGs
[2026-08-05T16:12:04.548+0000] {logging_mixin.py:151} INFO - [2026-08-05T16:12:04.548+0000] {dag.py:3722} INFO - Setting next_dagrun for pipeline_ingestion_suivi to 2026-08-05T16:00:00+00:00, run_after=2026-08-05T17:00:00+00:00
[2026-08-05T16:12:04.580+0000] {processor.py:179} INFO - Processing /opt/airflow/dags/dag_suivi.py took 0.132 seconds
[2026-08-05T16:12:34.668+0000] {processor.py:157} INFO - Started process (PID=3458) to work on /opt/airflow/dags/dag_suivi.py
[2026-08-05T16:12:34.669+0000] {processor.py:829} INFO - Processing file /opt/airflow/dags/dag_suivi.py for tasks to queue
[2026-08-05T16:12:34.670+0000] {logging_mixin.py:151} INFO - [2026-08-05T16:12:34.669+0000] {dagbag.py:536} INFO - Filling up the DagBag from /opt/airflow/dags/dag_suivi.py
[2026-08-05T16:12:34.688+0000] {processor.py:839} INFO - DAG(s) dict_keys(['pipeline_ingestion_suivi']) retrieved from /opt/airflow/dags/dag_suivi.py
[2026-08-05T16:12:34.716+0000] {logging_mixin.py:151} INFO - [2026-08-05T16:12:34.715+0000] {dag.py:2941} INFO - Sync 1 DAGs
[2026-08-05T16:12:34.735+0000] {logging_mixin.py:151} INFO - [2026-08-05T16:12:34.734+0000] {dag.py:3722} INFO - Setting next_dagrun for pipeline_ingestion_suivi to 2026-08-05T16:00:00+00:00, run_after=2026-08-05T17:00:00+00:00
[2026-08-05T16:12:34.755+0000] {processor.py:179} INFO - Processing /opt/airflow/dags/dag_suivi.py took 0.090 seconds
[2026-08-05T16:13:05.027+0000] {processor.py:157} INFO - Started process (PID=3463) to work on /opt/airflow/dags/dag_suivi.py
[2026-08-05T16:13:05.028+0000] {processor.py:829} INFO - Processing file /opt/airflow/dags/dag_suivi.py for tasks to queue
[2026-08-05T16:13:05.028+0000] {logging_mixin.py:151} INFO - [2026-08-05T16:13:05.028+0000] {dagbag.py:536} INFO - Filling up the DagBag from /opt/airflow/dags/dag_suivi.py
[2026-08-05T16:13:05.045+0000] {processor.py:839} INFO - DAG(s) dict_keys(['pipeline_ingestion_suivi']) retrieved from /opt/airflow/dags/dag_suivi.py
[2026-08-05T16:13:05.067+0000] {logging_mixin.py:151} INFO - [2026-08-05T16:13:05.066+0000] {dag.py:2941} INFO - Sync 1 DAGs
[2026-08-05T16:13:05.087+0000] {logging_mixin.py:151} INFO - [2026-08-05T16:13:05.087+0000] {dag.py:3722} INFO - Setting next_dagrun for pipeline_ingestion_suivi to 2026-08-05T16:00:00+00:00, run_after=2026-08-05T17:00:00+00:00
[2026-08-05T16:13:05.107+0000] {processor.py:179} INFO - Processing /opt/airflow/dags/dag_suivi.py took 0.083 seconds
[2026-08-05T16:13:35.234+0000] {processor.py:157} INFO - Started process (PID=3468) to work on /opt/airflow/dags/dag_suivi.py
[2026-08-05T16:13:35.235+0000] {processor.py:829} INFO - Processing file /opt/airflow/dags/dag_suivi.py for tasks to queue
[2026-08-05T16:13:35.236+0000] {logging_mixin.py:151} INFO - [2026-08-05T16:13:35.235+0000] {dagbag.py:536} INFO - Filling up the DagBag from /opt/airflow/dags/dag_suivi.py
[2026-08-05T16:13:35.254+0000] {processor.py:839} INFO - DAG(s) dict_keys(['pipeline_ingestion_suivi']) retrieved from /opt/airflow/dags/dag_suivi.py
[2026-08-05T16:13:35.280+0000] {logging_mixin.py:151} INFO - [2026-08-05T16:13:35.280+0000] {dag.py:2941} INFO - Sync 1 DAGs
[2026-08-05T16:13:35.300+0000] {logging_mixin.py:151} INFO - [2026-08-05T16:13:35.299+0000] {dag.py:3722} INFO - Setting next_dagrun for pipeline_ingestion_suivi to 2026-08-05T16:00:00+00:00, run_after=2026-08-05T17:00:00+00:00
[2026-08-05T16:13:35.319+0000] {processor.py:179} INFO - Processing /opt/airflow/dags/dag_suivi.py took 0.088 seconds
[2026-08-05T16:14:05.488+0000] {processor.py:157} INFO - Started process (PID=3473) to work on /opt/airflow/dags/dag_suivi.py
[2026-08-05T16:14:05.489+0000] {processor.py:829} INFO - Processing file /opt/airflow/dags/dag_suivi.py for tasks to queue
[2026-08-05T16:14:05.489+0000] {logging_mixin.py:151} INFO - [2026-08-05T16:14:05.489+0000] {dagbag.py:536} INFO - Filling up the DagBag from /opt/airflow/dags/dag_suivi.py
[2026-08-05T16:14:05.506+0000] {processor.py:839} INFO - DAG(s) dict_keys(['pipeline_ingestion_suivi']) retrieved from /opt/airflow/dags/dag_suivi.py
[2026-08-05T16:14:05.530+0000] {logging_mixin.py:151} INFO - [2026-08-05T16:14:05.530+0000] {dag.py:2941} INFO - Sync 1 DAGs
[2026-08-05T16:14:05.548+0000] {logging_mixin.py:151} INFO - [2026-08-05T16:14:05.548+0000] {dag.py:3722} INFO - Setting next_dagrun for pipeline_ingestion_suivi to 2026-08-05T16:00:00+00:00, run_after=2026-08-05T17:00:00+00:00
[2026-08-05T16:14:05.565+0000] {processor.py:179} INFO - Processing /opt/airflow/dags/dag_suivi.py took 0.080 seconds
[2026-08-05T16:14:35.693+0000] {processor.py:157} INFO - Started process (PID=3478) to work on /opt/airflow/dags/dag_suivi.py
[2026-08-05T16:14:35.693+0000] {processor.py:829} INFO - Processing file /opt/airflow/dags/dag_suivi.py for tasks to queue
[2026-08-05T16:14:35.694+0000] {logging_mixin.py:151} INFO - [2026-08-05T16:14:35.694+0000] {dagbag.py:536} INFO - Filling up the DagBag from /opt/airflow/dags/dag_suivi.py
[2026-08-05T16:14:35.711+0000] {processor.py:839} INFO - DAG(s) dict_keys(['pipeline_ingestion_suivi']) retrieved from /opt/airflow/dags/dag_suivi.py
[2026-08-05T16:14:35.736+0000] {logging_mixin.py:151} INFO - [2026-08-05T16:14:35.736+0000] {dag.py:2941} INFO - Sync 1 DAGs
[2026-08-05T16:14:35.754+0000] {logging_mixin.py:151} INFO - [2026-08-05T16:14:35.754+0000] {dag.py:3722} INFO - Setting next_dagrun for pipeline_ingestion_suivi to 2026-08-05T16:00:00+00:00, run_after=2026-08-05T17:00:00+00:00
[2026-08-05T16:14:35.772+0000] {processor.py:179} INFO - Processing /opt/airflow/dags/dag_suivi.py took 0.083 seconds
[2026-08-05T16:15:05.946+0000] {processor.py:157} INFO - Started process (PID=3483) to work on /opt/airflow/dags/dag_suivi.py
[2026-08-05T16:15:05.946+0000] {processor.py:829} INFO - Processing file /opt/airflow/dags/dag_suivi.py for tasks to queue
[2026-08-05T16:15:05.947+0000] {logging_mixin.py:151} INFO - [2026-08-05T16:15:05.947+0000] {dagbag.py:536} INFO - Filling up the DagBag from /opt/airflow/dags/dag_suivi.py
[2026-08-05T16:15:05.966+0000] {processor.py:839} INFO - DAG(s) dict_keys(['pipeline_ingestion_suivi']) retrieved from /opt/airflow/dags/dag_suivi.py
[2026-08-05T16:15:05.990+0000] {logging_mixin.py:151} INFO - [2026-08-05T16:15:05.990+0000] {dag.py:2941} INFO - Sync 1 DAGs
[2026-08-05T16:15:06.008+0000] {logging_mixin.py:151} INFO - [2026-08-05T16:15:06.008+0000] {dag.py:3722} INFO - Setting next_dagrun for pipeline_ingestion_suivi to 2026-08-05T16:00:00+00:00, run_after=2026-08-05T17:00:00+00:00
[2026-08-05T16:15:06.027+0000] {processor.py:179} INFO - Processing /opt/airflow/dags/dag_suivi.py took 0.084 seconds
[2026-08-05T16:15:36.168+0000] {processor.py:157} INFO - Started process (PID=3488) to work on /opt/airflow/dags/dag_suivi.py
[2026-08-05T16:15:36.169+0000] {processor.py:829} INFO - Processing file /opt/airflow/dags/dag_suivi.py for tasks to queue
[2026-08-05T16:15:36.170+0000] {logging_mixin.py:151} INFO - [2026-08-05T16:15:36.169+0000] {dagbag.py:536} INFO - Filling up the DagBag from /opt/airflow/dags/dag_suivi.py
[2026-08-05T16:15:36.188+0000] {processor.py:839} INFO - DAG(s) dict_keys(['pipeline_ingestion_suivi']) retrieved from /opt/airflow/dags/dag_suivi.py
[2026-08-05T16:15:36.213+0000] {logging_mixin.py:151} INFO - [2026-08-05T16:15:36.212+0000] {dag.py:2941} INFO - Sync 1 DAGs
[2026-08-05T16:15:36.232+0000] {logging_mixin.py:151} INFO - [2026-08-05T16:15:36.232+0000] {dag.py:3722} INFO - Setting next_dagrun for pipeline_ingestion_suivi to 2026-08-05T16:00:00+00:00, run_after=2026-08-05T17:00:00+00:00
[2026-08-05T16:15:36.251+0000] {processor.py:179} INFO - Processing /opt/airflow/dags/dag_suivi.py took 0.085 seconds
[2026-08-05T16:16:06.412+0000] {processor.py:157} INFO - Started process (PID=3493) to work on /opt/airflow/dags/dag_suivi.py
[2026-08-05T16:16:06.413+0000] {processor.py:829} INFO - Processing file /opt/airflow/dags/dag_suivi.py for tasks to queue
[2026-08-05T16:16:06.414+0000] {logging_mixin.py:151} INFO - [2026-08-05T16:16:06.414+0000] {dagbag.py:536} INFO - Filling up the DagBag from /opt/airflow/dags/dag_suivi.py
[2026-08-05T16:16:06.433+0000] {processor.py:839} INFO - DAG(s) dict_keys(['pipeline_ingestion_suivi']) retrieved from /opt/airflow/dags/dag_suivi.py
[2026-08-05T16:16:06.458+0000] {logging_mixin.py:151} INFO - [2026-08-05T16:16:06.457+0000] {dag.py:2941} INFO - Sync 1 DAGs
[2026-08-05T16:16:06.477+0000] {logging_mixin.py:151} INFO - [2026-08-05T16:16:06.477+0000] {dag.py:3722} INFO - Setting next_dagrun for pipeline_ingestion_suivi to 2026-08-05T16:00:00+00:00, run_after=2026-08-05T17:00:00+00:00
[2026-08-05T16:16:06.497+0000] {processor.py:179} INFO - Processing /opt/airflow/dags/dag_suivi.py took 0.089 seconds
[2026-08-05T16:16:36.612+0000] {processor.py:157} INFO - Started process (PID=3498) to work on /opt/airflow/dags/dag_suivi.py
[2026-08-05T16:16:36.613+0000] {processor.py:829} INFO - Processing file /opt/airflow/dags/dag_suivi.py for tasks to queue
[2026-08-05T16:16:36.615+0000] {logging_mixin.py:151} INFO - [2026-08-05T16:16:36.614+0000] {dagbag.py:536} INFO - Filling up the DagBag from /opt/airflow/dags/dag_suivi.py
[2026-08-05T16:16:36.638+0000] {processor.py:839} INFO - DAG(s) dict_keys(['pipeline_ingestion_suivi']) retrieved from /opt/airflow/dags/dag_suivi.py
[2026-08-05T16:16:36.667+0000] {logging_mixin.py:151} INFO - [2026-08-05T16:16:36.666+0000] {dag.py:2941} INFO - Sync 1 DAGs
[2026-08-05T16:16:36.686+0000] {logging_mixin.py:151} INFO - [2026-08-05T16:16:36.686+0000] {dag.py:3722} INFO - Setting next_dagrun for pipeline_ingestion_suivi to 2026-08-05T16:00:00+00:00, run_after=2026-08-05T17:00:00+00:00
[2026-08-05T16:16:36.705+0000] {processor.py:179} INFO - Processing /opt/airflow/dags/dag_suivi.py took 0.096 seconds
[2026-08-05T16:17:06.842+0000] {processor.py:157} INFO - Started process (PID=3503) to work on /opt/airflow/dags/dag_suivi.py
[2026-08-05T16:17:06.842+0000] {processor.py:829} INFO - Processing file /opt/airflow/dags/dag_suivi.py for tasks to queue
[2026-08-05T16:17:06.843+0000] {logging_mixin.py:151} INFO - [2026-08-05T16:17:06.843+0000] {dagbag.py:536} INFO - Filling up the DagBag from /opt/airflow/dags/dag_suivi.py
[2026-08-05T16:17:06.862+0000] {processor.py:839} INFO - DAG(s) dict_keys(['pipeline_ingestion_suivi']) retrieved from /opt/airflow/dags/dag_suivi.py
[2026-08-05T16:17:06.889+0000] {logging_mixin.py:151} INFO - [2026-08-05T16:17:06.889+0000] {dag.py:2941} INFO - Sync 1 DAGs
[2026-08-05T16:17:06.908+0000] {logging_mixin.py:151} INFO - [2026-08-05T16:17:06.908+0000] {dag.py:3722} INFO - Setting next_dagrun for pipeline_ingestion_suivi to 2026-08-05T16:00:00+00:00, run_after=2026-08-05T17:00:00+00:00
[2026-08-05T16:17:06.929+0000] {processor.py:179} INFO - Processing /opt/airflow/dags/dag_suivi.py took 0.090 seconds
[2026-08-05T16:17:37.031+0000] {processor.py:157} INFO - Started process (PID=3508) to work on /opt/airflow/dags/dag_suivi.py
[2026-08-05T16:17:37.032+0000] {processor.py:829} INFO - Processing file /opt/airflow/dags/dag_suivi.py for tasks to queue
[2026-08-05T16:17:37.032+0000] {logging_mixin.py:151} INFO - [2026-08-05T16:17:37.032+0000] {dagbag.py:536} INFO - Filling up the DagBag from /opt/airflow/dags/dag_suivi.py
[2026-08-05T16:17:37.052+0000] {processor.py:839} INFO - DAG(s) dict_keys(['pipeline_ingestion_suivi']) retrieved from /opt/airflow/dags/dag_suivi.py
[2026-08-05T16:17:37.081+0000] {logging_mixin.py:151} INFO - [2026-08-05T16:17:37.081+0000] {dag.py:2941} INFO - Sync 1 DAGs
[2026-08-05T16:17:37.105+0000] {logging_mixin.py:151} INFO - [2026-08-05T16:17:37.105+0000] {dag.py:3722} INFO - Setting next_dagrun for pipeline_ingestion_suivi to 2026-08-05T16:00:00+00:00, run_after=2026-08-05T17:00:00+00:00
[2026-08-05T16:17:37.124+0000] {processor.py:179} INFO - Processing /opt/airflow/dags/dag_suivi.py took 0.096 seconds
[2026-08-05T16:18:07.345+0000] {processor.py:157} INFO - Started process (PID=3513) to work on /opt/airflow/dags/dag_suivi.py
[2026-08-05T16:18:07.346+0000] {processor.py:829} INFO - Processing file /opt/airflow/dags/dag_suivi.py for tasks to queue
[2026-08-05T16:18:07.347+0000] {logging_mixin.py:151} INFO - [2026-08-05T16:18:07.346+0000] {dagbag.py:536} INFO - Filling up the DagBag from /opt/airflow/dags/dag_suivi.py
[2026-08-05T16:18:07.374+0000] {processor.py:839} INFO - DAG(s) dict_keys(['pipeline_ingestion_suivi']) retrieved from /opt/airflow/dags/dag_suivi.py
[2026-08-05T16:18:07.415+0000] {logging_mixin.py:151} INFO - [2026-08-05T16:18:07.415+0000] {dag.py:2941} INFO - Sync 1 DAGs
[2026-08-05T16:18:07.459+0000] {logging_mixin.py:151} INFO - [2026-08-05T16:18:07.458+0000] {dag.py:3722} INFO - Setting next_dagrun for pipeline_ingestion_suivi to 2026-08-05T16:00:00+00:00, run_after=2026-08-05T17:00:00+00:00
[2026-08-05T16:18:07.492+0000] {processor.py:179} INFO - Processing /opt/airflow/dags/dag_suivi.py took 0.151 seconds
[2026-08-05T16:18:37.585+0000] {processor.py:157} INFO - Started process (PID=3518) to work on /opt/airflow/dags/dag_suivi.py
[2026-08-05T16:18:37.586+0000] {processor.py:829} INFO - Processing file /opt/airflow/dags/dag_suivi.py for tasks to queue
[2026-08-05T16:18:37.587+0000] {logging_mixin.py:151} INFO - [2026-08-05T16:18:37.586+0000] {dagbag.py:536} INFO - Filling up the DagBag from /opt/airflow/dags/dag_suivi.py
[2026-08-05T16:18:37.608+0000] {processor.py:839} INFO - DAG(s) dict_keys(['pipeline_ingestion_suivi']) retrieved from /opt/airflow/dags/dag_suivi.py
[2026-08-05T16:18:37.637+0000] {logging_mixin.py:151} INFO - [2026-08-05T16:18:37.637+0000] {dag.py:2941} INFO - Sync 1 DAGs
[2026-08-05T16:18:37.658+0000] {logging_mixin.py:151} INFO - [2026-08-05T16:18:37.658+0000] {dag.py:3722} INFO - Setting next_dagrun for pipeline_ingestion_suivi to 2026-08-05T16:00:00+00:00, run_after=2026-08-05T17:00:00+00:00
[2026-08-05T16:18:37.687+0000] {processor.py:179} INFO - Processing /opt/airflow/dags/dag_suivi.py took 0.105 seconds
[2026-08-05T16:19:07.905+0000] {processor.py:157} INFO - Started process (PID=3523) to work on /opt/airflow/dags/dag_suivi.py
[2026-08-05T16:19:07.906+0000] {processor.py:829} INFO - Processing file /opt/airflow/dags/dag_suivi.py for tasks to queue
[2026-08-05T16:19:07.907+0000] {logging_mixin.py:151} INFO - [2026-08-05T16:19:07.907+0000] {dagbag.py:536} INFO - Filling up the DagBag from /opt/airflow/dags/dag_suivi.py
[2026-08-05T16:19:07.934+0000] {processor.py:839} INFO - DAG(s) dict_keys(['pipeline_ingestion_suivi']) retrieved from /opt/airflow/dags/dag_suivi.py
[2026-08-05T16:19:07.959+0000] {logging_mixin.py:151} INFO - [2026-08-05T16:19:07.959+0000] {dag.py:2941} INFO - Sync 1 DAGs
[2026-08-05T16:19:07.979+0000] {logging_mixin.py:151} INFO - [2026-08-05T16:19:07.979+0000] {dag.py:3722} INFO - Setting next_dagrun for pipeline_ingestion_suivi to 2026-08-05T16:00:00+00:00, run_after=2026-08-05T17:00:00+00:00
[2026-08-05T16:19:07.996+0000] {processor.py:179} INFO - Processing /opt/airflow/dags/dag_suivi.py took 0.095 seconds
[2026-08-05T16:19:38.142+0000] {processor.py:157} INFO - Started process (PID=3528) to work on /opt/airflow/dags/dag_suivi.py
[2026-08-05T16:19:38.142+0000] {processor.py:829} INFO - Processing file /opt/airflow/dags/dag_suivi.py for tasks to queue
[2026-08-05T16:19:38.143+0000] {logging_mixin.py:151} INFO - [2026-08-05T16:19:38.143+0000] {dagbag.py:536} INFO - Filling up the DagBag from /opt/airflow/dags/dag_suivi.py
[2026-08-05T16:19:38.160+0000] {processor.py:839} INFO - DAG(s) dict_keys(['pipeline_ingestion_suivi']) retrieved from /opt/airflow/dags/dag_suivi.py
[2026-08-05T16:19:38.186+0000] {logging_mixin.py:151} INFO - [2026-08-05T16:19:38.185+0000] {dag.py:2941} INFO - Sync 1 DAGs
[2026-08-05T16:19:38.203+0000] {logging_mixin.py:151} INFO - [2026-08-05T16:19:38.203+0000] {dag.py:3722} INFO - Setting next_dagrun for pipeline_ingestion_suivi to 2026-08-05T16:00:00+00:00, run_after=2026-08-05T17:00:00+00:00
[2026-08-05T16:19:38.222+0000] {processor.py:179} INFO - Processing /opt/airflow/dags/dag_suivi.py took 0.083 seconds
[2026-08-05T16:20:08.424+0000] {processor.py:157} INFO - Started process (PID=3533) to work on /opt/airflow/dags/dag_suivi.py
[2026-08-05T16:20:08.424+0000] {processor.py:829} INFO - Processing file /opt/airflow/dags/dag_suivi.py for tasks to queue
[2026-08-05T16:20:08.425+0000] {logging_mixin.py:151} INFO - [2026-08-05T16:20:08.425+0000] {dagbag.py:536} INFO - Filling up the DagBag from /opt/airflow/dags/dag_suivi.py
[2026-08-05T16:20:08.442+0000] {processor.py:839} INFO - DAG(s) dict_keys(['pipeline_ingestion_suivi']) retrieved from /opt/airflow/dags/dag_suivi.py
[2026-08-05T16:20:08.465+0000] {logging_mixin.py:151} INFO - [2026-08-05T16:20:08.465+0000] {dag.py:2941} INFO - Sync 1 DAGs
[2026-08-05T16:20:08.483+0000] {logging_mixin.py:151} INFO - [2026-08-05T16:20:08.483+0000] {dag.py:3722} INFO - Setting next_dagrun for pipeline_ingestion_suivi to 2026-08-05T16:00:00+00:00, run_after=2026-08-05T17:00:00+00:00
[2026-08-05T16:20:08.511+0000] {processor.py:179} INFO - Processing /opt/airflow/dags/dag_suivi.py took 0.090 seconds
[2026-08-05T16:20:38.652+0000] {processor.py:157} INFO - Started process (PID=3538) to work on /opt/airflow/dags/dag_suivi.py
[2026-08-05T16:20:38.653+0000] {processor.py:829} INFO - Processing file /opt/airflow/dags/dag_suivi.py for tasks to queue
[2026-08-05T16:20:38.654+0000] {logging_mixin.py:151} INFO - [2026-08-05T16:20:38.654+0000] {dagbag.py:536} INFO - Filling up the DagBag from /opt/airflow/dags/dag_suivi.py
[2026-08-05T16:20:38.673+0000] {processor.py:839} INFO - DAG(s) dict_keys(['pipeline_ingestion_suivi']) retrieved from /opt/airflow/dags/dag_suivi.py
[2026-08-05T16:20:38.699+0000] {logging_mixin.py:151} INFO - [2026-08-05T16:20:38.699+0000] {dag.py:2941} INFO - Sync 1 DAGs
[2026-08-05T16:20:38.717+0000] {logging_mixin.py:151} INFO - [2026-08-05T16:20:38.717+0000] {dag.py:3722} INFO - Setting next_dagrun for pipeline_ingestion_suivi to 2026-08-05T16:00:00+00:00, run_after=2026-08-05T17:00:00+00:00
[2026-08-05T16:20:38.748+0000] {processor.py:179} INFO - Processing /opt/airflow/dags/dag_suivi.py took 0.099 seconds
[2026-08-05T16:21:08.914+0000] {processor.py:157} INFO - Started process (PID=3543) to work on /opt/airflow/dags/dag_suivi.py
[2026-08-05T16:21:08.915+0000] {processor.py:829} INFO - Processing file /opt/airflow/dags/dag_suivi.py for tasks to queue
[2026-08-05T16:21:08.916+0000] {logging_mixin.py:151} INFO - [2026-08-05T16:21:08.916+0000] {dagbag.py:536} INFO - Filling up the DagBag from /opt/airflow/dags/dag_suivi.py
[2026-08-05T16:21:08.937+0000] {processor.py:839} INFO - DAG(s) dict_keys(['pipeline_ingestion_suivi']) retrieved from /opt/airflow/dags/dag_suivi.py
[2026-08-05T16:21:08.966+0000] {logging_mixin.py:151} INFO - [2026-08-05T16:21:08.966+0000] {dag.py:2941} INFO - Sync 1 DAGs
[2026-08-05T16:21:08.997+0000] {logging_mixin.py:151} INFO - [2026-08-05T16:21:08.997+0000] {dag.py:3722} INFO - Setting next_dagrun for pipeline_ingestion_suivi to 2026-08-05T16:00:00+00:00, run_after=2026-08-05T17:00:00+00:00
[2026-08-05T16:21:09.019+0000] {processor.py:179} INFO - Processing /opt/airflow/dags/dag_suivi.py took 0.108 seconds
[2026-08-05T16:21:39.139+0000] {processor.py:157} INFO - Started process (PID=3548) to work on /opt/airflow/dags/dag_suivi.py
[2026-08-05T16:21:39.139+0000] {processor.py:829} INFO - Processing file /opt/airflow/dags/dag_suivi.py for tasks to queue
[2026-08-05T16:21:39.140+0000] {logging_mixin.py:151} INFO - [2026-08-05T16:21:39.140+0000] {dagbag.py:536} INFO - Filling up the DagBag from /opt/airflow/dags/dag_suivi.py
[2026-08-05T16:21:39.163+0000] {processor.py:839} INFO - DAG(s) dict_keys(['pipeline_ingestion_suivi']) retrieved from /opt/airflow/dags/dag_suivi.py
[2026-08-05T16:21:39.187+0000] {logging_mixin.py:151} INFO - [2026-08-05T16:21:39.187+0000] {dag.py:2941} INFO - Sync 1 DAGs
[2026-08-05T16:21:39.207+0000] {logging_mixin.py:151} INFO - [2026-08-05T16:21:39.207+0000] {dag.py:3722} INFO - Setting next_dagrun for pipeline_ingestion_suivi to 2026-08-05T16:00:00+00:00, run_after=2026-08-05T17:00:00+00:00
[2026-08-05T16:21:39.237+0000] {processor.py:179} INFO - Processing /opt/airflow/dags/dag_suivi.py took 0.101 seconds
[2026-08-05T16:22:09.424+0000] {processor.py:157} INFO - Started process (PID=3553) to work on /opt/airflow/dags/dag_suivi.py
[2026-08-05T16:22:09.424+0000] {processor.py:829} INFO - Processing file /opt/airflow/dags/dag_suivi.py for tasks to queue
[2026-08-05T16:22:09.425+0000] {logging_mixin.py:151} INFO - [2026-08-05T16:22:09.425+0000] {dagbag.py:536} INFO - Filling up the DagBag from /opt/airflow/dags/dag_suivi.py
[2026-08-05T16:22:09.443+0000] {processor.py:839} INFO - DAG(s) dict_keys(['pipeline_ingestion_suivi']) retrieved from /opt/airflow/dags/dag_suivi.py
[2026-08-05T16:22:09.470+0000] {logging_mixin.py:151} INFO - [2026-08-05T16:22:09.470+0000] {dag.py:2941} INFO - Sync 1 DAGs
[2026-08-05T16:22:09.489+0000] {logging_mixin.py:151} INFO - [2026-08-05T16:22:09.489+0000] {dag.py:3722} INFO - Setting next_dagrun for pipeline_ingestion_suivi to 2026-08-05T16:00:00+00:00, run_after=2026-08-05T17:00:00+00:00
[2026-08-05T16:22:09.507+0000] {processor.py:179} INFO - Processing /opt/airflow/dags/dag_suivi.py took 0.086 seconds
[2026-08-05T16:22:39.654+0000] {processor.py:157} INFO - Started process (PID=3558) to work on /opt/airflow/dags/dag_suivi.py
[2026-08-05T16:22:39.655+0000] {processor.py:829} INFO - Processing file /opt/airflow/dags/dag_suivi.py for tasks to queue
[2026-08-05T16:22:39.656+0000] {logging_mixin.py:151} INFO - [2026-08-05T16:22:39.656+0000] {dagbag.py:536} INFO - Filling up the DagBag from /opt/airflow/dags/dag_suivi.py
[2026-08-05T16:22:39.677+0000] {processor.py:839} INFO - DAG(s) dict_keys(['pipeline_ingestion_suivi']) retrieved from /opt/airflow/dags/dag_suivi.py
[2026-08-05T16:22:39.709+0000] {logging_mixin.py:151} INFO - [2026-08-05T16:22:39.709+0000] {dag.py:2941} INFO - Sync 1 DAGs
[2026-08-05T16:22:39.730+0000] {logging_mixin.py:151} INFO - [2026-08-05T16:22:39.730+0000] {dag.py:3722} INFO - Setting next_dagrun for pipeline_ingestion_suivi to 2026-08-05T16:00:00+00:00, run_after=2026-08-05T17:00:00+00:00
[2026-08-05T16:22:39.748+0000] {processor.py:179} INFO - Processing /opt/airflow/dags/dag_suivi.py took 0.097 seconds
[2026-08-05T16:23:09.990+0000] {processor.py:157} INFO - Started process (PID=3563) to work on /opt/airflow/dags/dag_suivi.py
[2026-08-05T16:23:09.991+0000] {processor.py:829} INFO - Processing file /opt/airflow/dags/dag_suivi.py for tasks to queue
[2026-08-05T16:23:09.992+0000] {logging_mixin.py:151} INFO - [2026-08-05T16:23:09.991+0000] {dagbag.py:536} INFO - Filling up the DagBag from /opt/airflow/dags/dag_suivi.py
[2026-08-05T16:23:10.011+0000] {processor.py:839} INFO - DAG(s) dict_keys(['pipeline_ingestion_suivi']) retrieved from /opt/airflow/dags/dag_suivi.py
[2026-08-05T16:23:10.036+0000] {logging_mixin.py:151} INFO - [2026-08-05T16:23:10.036+0000] {dag.py:2941} INFO - Sync 1 DAGs
[2026-08-05T16:23:10.055+0000] {logging_mixin.py:151} INFO - [2026-08-05T16:23:10.055+0000] {dag.py:3722} INFO - Setting next_dagrun for pipeline_ingestion_suivi to 2026-08-05T16:00:00+00:00, run_after=2026-08-05T17:00:00+00:00
[2026-08-05T16:23:10.083+0000] {processor.py:179} INFO - Processing /opt/airflow/dags/dag_suivi.py took 0.096 seconds
[2026-08-05T16:23:40.207+0000] {processor.py:157} INFO - Started process (PID=3568) to work on /opt/airflow/dags/dag_suivi.py
[2026-08-05T16:23:40.208+0000] {processor.py:829} INFO - Processing file /opt/airflow/dags/dag_suivi.py for tasks to queue
[2026-08-05T16:23:40.209+0000] {logging_mixin.py:151} INFO - [2026-08-05T16:23:40.209+0000] {dagbag.py:536} INFO - Filling up the DagBag from /opt/airflow/dags/dag_suivi.py
[2026-08-05T16:23:40.229+0000] {processor.py:839} INFO - DAG(s) dict_keys(['pipeline_ingestion_suivi']) retrieved from /opt/airflow/dags/dag_suivi.py
[2026-08-05T16:23:40.257+0000] {logging_mixin.py:151} INFO - [2026-08-05T16:23:40.257+0000] {dag.py:2941} INFO - Sync 1 DAGs
[2026-08-05T16:23:40.277+0000] {logging_mixin.py:151} INFO - [2026-08-05T16:23:40.276+0000] {dag.py:3722} INFO - Setting next_dagrun for pipeline_ingestion_suivi to 2026-08-05T16:00:00+00:00, run_after=2026-08-05T17:00:00+00:00
[2026-08-05T16:23:40.305+0000] {processor.py:179} INFO - Processing /opt/airflow/dags/dag_suivi.py took 0.101 seconds
[2026-08-05T16:24:10.485+0000] {processor.py:157} INFO - Started process (PID=3573) to work on /opt/airflow/dags/dag_suivi.py
[2026-08-05T16:24:10.485+0000] {processor.py:829} INFO - Processing file /opt/airflow/dags/dag_suivi.py for tasks to queue
[2026-08-05T16:24:10.486+0000] {logging_mixin.py:151} INFO - [2026-08-05T16:24:10.486+0000] {dagbag.py:536} INFO - Filling up the DagBag from /opt/airflow/dags/dag_suivi.py
[2026-08-05T16:24:10.503+0000] {processor.py:839} INFO - DAG(s) dict_keys(['pipeline_ingestion_suivi']) retrieved from /opt/airflow/dags/dag_suivi.py
[2026-08-05T16:24:10.529+0000] {logging_mixin.py:151} INFO - [2026-08-05T16:24:10.529+0000] {dag.py:2941} INFO - Sync 1 DAGs
[2026-08-05T16:24:10.548+0000] {logging_mixin.py:151} INFO - [2026-08-05T16:24:10.547+0000] {dag.py:3722} INFO - Setting next_dagrun for pipeline_ingestion_suivi to 2026-08-05T16:00:00+00:00, run_after=2026-08-05T17:00:00+00:00
[2026-08-05T16:24:10.576+0000] {processor.py:179} INFO - Processing /opt/airflow/dags/dag_suivi.py took 0.093 seconds
[2026-08-05T16:24:40.737+0000] {processor.py:157} INFO - Started process (PID=3578) to work on /opt/airflow/dags/dag_suivi.py
[2026-08-05T16:24:40.737+0000] {processor.py:829} INFO - Processing file /opt/airflow/dags/dag_suivi.py for tasks to queue
[2026-08-05T16:24:40.738+0000] {logging_mixin.py:151} INFO - [2026-08-05T16:24:40.738+0000] {dagbag.py:536} INFO - Filling up the DagBag from /opt/airflow/dags/dag_suivi.py
[2026-08-05T16:24:40.760+0000] {processor.py:839} INFO - DAG(s) dict_keys(['pipeline_ingestion_suivi']) retrieved from /opt/airflow/dags/dag_suivi.py
[2026-08-05T16:24:40.788+0000] {logging_mixin.py:151} INFO - [2026-08-05T16:24:40.787+0000] {dag.py:2941} INFO - Sync 1 DAGs
[2026-08-05T16:24:40.812+0000] {logging_mixin.py:151} INFO - [2026-08-05T16:24:40.812+0000] {dag.py:3722} INFO - Setting next_dagrun for pipeline_ingestion_suivi to 2026-08-05T16:00:00+00:00, run_after=2026-08-05T17:00:00+00:00
[2026-08-05T16:24:40.830+0000] {processor.py:179} INFO - Processing /opt/airflow/dags/dag_suivi.py took 0.096 seconds
[2026-08-05T16:25:10.968+0000] {processor.py:157} INFO - Started process (PID=3583) to work on /opt/airflow/dags/dag_suivi.py
[2026-08-05T16:25:10.969+0000] {processor.py:829} INFO - Processing file /opt/airflow/dags/dag_suivi.py for tasks to queue
[2026-08-05T16:25:10.969+0000] {logging_mixin.py:151} INFO - [2026-08-05T16:25:10.969+0000] {dagbag.py:536} INFO - Filling up the DagBag from /opt/airflow/dags/dag_suivi.py
[2026-08-05T16:25:10.989+0000] {processor.py:839} INFO - DAG(s) dict_keys(['pipeline_ingestion_suivi']) retrieved from /opt/airflow/dags/dag_suivi.py
[2026-08-05T16:25:11.015+0000] {logging_mixin.py:151} INFO - [2026-08-05T16:25:11.015+0000] {dag.py:2941} INFO - Sync 1 DAGs
[2026-08-05T16:25:11.033+0000] {logging_mixin.py:151} INFO - [2026-08-05T16:25:11.033+0000] {dag.py:3722} INFO - Setting next_dagrun for pipeline_ingestion_suivi to 2026-08-05T16:00:00+00:00, run_after=2026-08-05T17:00:00+00:00
[2026-08-05T16:25:11.052+0000] {processor.py:179} INFO - Processing /opt/airflow/dags/dag_suivi.py took 0.087 seconds
[2026-08-05T16:25:41.227+0000] {processor.py:157} INFO - Started process (PID=3588) to work on /opt/airflow/dags/dag_suivi.py
[2026-08-05T16:25:41.228+0000] {processor.py:829} INFO - Processing file /opt/airflow/dags/dag_suivi.py for tasks to queue
[2026-08-05T16:25:41.229+0000] {logging_mixin.py:151} INFO - [2026-08-05T16:25:41.228+0000] {dagbag.py:536} INFO - Filling up the DagBag from /opt/airflow/dags/dag_suivi.py
[2026-08-05T16:25:41.246+0000] {processor.py:839} INFO - DAG(s) dict_keys(['pipeline_ingestion_suivi']) retrieved from /opt/airflow/dags/dag_suivi.py
[2026-08-05T16:25:41.269+0000] {logging_mixin.py:151} INFO - [2026-08-05T16:25:41.269+0000] {dag.py:2941} INFO - Sync 1 DAGs
[2026-08-05T16:25:41.288+0000] {logging_mixin.py:151} INFO - [2026-08-05T16:25:41.287+0000] {dag.py:3722} INFO - Setting next_dagrun for pipeline_ingestion_suivi to 2026-08-05T16:00:00+00:00, run_after=2026-08-05T17:00:00+00:00
[2026-08-05T16:25:41.316+0000] {processor.py:179} INFO - Processing /opt/airflow/dags/dag_suivi.py took 0.091 seconds
[2026-08-05T16:26:11.468+0000] {processor.py:157} INFO - Started process (PID=3593) to work on /opt/airflow/dags/dag_suivi.py
[2026-08-05T16:26:11.469+0000] {processor.py:829} INFO - Processing file /opt/airflow/dags/dag_suivi.py for tasks to queue
[2026-08-05T16:26:11.470+0000] {logging_mixin.py:151} INFO - [2026-08-05T16:26:11.470+0000] {dagbag.py:536} INFO - Filling up the DagBag from /opt/airflow/dags/dag_suivi.py
[2026-08-05T16:26:11.487+0000] {processor.py:839} INFO - DAG(s) dict_keys(['pipeline_ingestion_suivi']) retrieved from /opt/airflow/dags/dag_suivi.py
[2026-08-05T16:26:11.511+0000] {logging_mixin.py:151} INFO - [2026-08-05T16:26:11.511+0000] {dag.py:2941} INFO - Sync 1 DAGs
[2026-08-05T16:26:11.531+0000] {logging_mixin.py:151} INFO - [2026-08-05T16:26:11.530+0000] {dag.py:3722} INFO - Setting next_dagrun for pipeline_ingestion_suivi to 2026-08-05T16:00:00+00:00, run_after=2026-08-05T17:00:00+00:00
[2026-08-05T16:26:11.549+0000] {processor.py:179} INFO - Processing /opt/airflow/dags/dag_suivi.py took 0.084 seconds
[2026-08-05T16:26:41.771+0000] {processor.py:157} INFO - Started process (PID=3598) to work on /opt/airflow/dags/dag_suivi.py
[2026-08-05T16:26:41.772+0000] {processor.py:829} INFO - Processing file /opt/airflow/dags/dag_suivi.py for tasks to queue
[2026-08-05T16:26:41.772+0000] {logging_mixin.py:151} INFO - [2026-08-05T16:26:41.772+0000] {dagbag.py:536} INFO - Filling up the DagBag from /opt/airflow/dags/dag_suivi.py
[2026-08-05T16:26:41.791+0000] {processor.py:839} INFO - DAG(s) dict_keys(['pipeline_ingestion_suivi']) retrieved from /opt/airflow/dags/dag_suivi.py
[2026-08-05T16:26:41.815+0000] {logging_mixin.py:151} INFO - [2026-08-05T16:26:41.815+0000] {dag.py:2941} INFO - Sync 1 DAGs
[2026-08-05T16:26:41.833+0000] {logging_mixin.py:151} INFO - [2026-08-05T16:26:41.832+0000] {dag.py:3722} INFO - Setting next_dagrun for pipeline_ingestion_suivi to 2026-08-05T16:00:00+00:00, run_after=2026-08-05T17:00:00+00:00
[2026-08-05T16:26:41.860+0000] {processor.py:179} INFO - Processing /opt/airflow/dags/dag_suivi.py took 0.092 seconds
[2026-08-05T16:27:11.999+0000] {processor.py:157} INFO - Started process (PID=3603) to work on /opt/airflow/dags/dag_suivi.py
[2026-08-05T16:27:11.999+0000] {processor.py:829} INFO - Processing file /opt/airflow/dags/dag_suivi.py for tasks to queue
[2026-08-05T16:27:12.000+0000] {logging_mixin.py:151} INFO - [2026-08-05T16:27:12.000+0000] {dagbag.py:536} INFO - Filling up the DagBag from /opt/airflow/dags/dag_suivi.py
[2026-08-05T16:27:12.018+0000] {processor.py:839} INFO - DAG(s) dict_keys(['pipeline_ingestion_suivi']) retrieved from /opt/airflow/dags/dag_suivi.py
[2026-08-05T16:27:12.041+0000] {logging_mixin.py:151} INFO - [2026-08-05T16:27:12.041+0000] {dag.py:2941} INFO - Sync 1 DAGs
[2026-08-05T16:27:12.060+0000] {logging_mixin.py:151} INFO - [2026-08-05T16:27:12.060+0000] {dag.py:3722} INFO - Setting next_dagrun for pipeline_ingestion_suivi to 2026-08-05T16:00:00+00:00, run_after=2026-08-05T17:00:00+00:00
[2026-08-05T16:27:12.078+0000] {processor.py:179} INFO - Processing /opt/airflow/dags/dag_suivi.py took 0.082 seconds
[2026-08-05T16:27:42.247+0000] {processor.py:157} INFO - Started process (PID=3608) to work on /opt/airflow/dags/dag_suivi.py
[2026-08-05T16:27:42.247+0000] {processor.py:829} INFO - Processing file /opt/airflow/dags/dag_suivi.py for tasks to queue
[2026-08-05T16:27:42.248+0000] {logging_mixin.py:151} INFO - [2026-08-05T16:27:42.248+0000] {dagbag.py:536} INFO - Filling up the DagBag from /opt/airflow/dags/dag_suivi.py
[2026-08-05T16:27:42.265+0000] {processor.py:839} INFO - DAG(s) dict_keys(['pipeline_ingestion_suivi']) retrieved from /opt/airflow/dags/dag_suivi.py
[2026-08-05T16:27:42.288+0000] {logging_mixin.py:151} INFO - [2026-08-05T16:27:42.288+0000] {dag.py:2941} INFO - Sync 1 DAGs
[2026-08-05T16:27:42.307+0000] {logging_mixin.py:151} INFO - [2026-08-05T16:27:42.307+0000] {dag.py:3722} INFO - Setting next_dagrun for pipeline_ingestion_suivi to 2026-08-05T16:00:00+00:00, run_after=2026-08-05T17:00:00+00:00
[2026-08-05T16:27:42.325+0000] {processor.py:179} INFO - Processing /opt/airflow/dags/dag_suivi.py took 0.080 seconds
[2026-08-05T16:28:12.490+0000] {processor.py:157} INFO - Started process (PID=3613) to work on /opt/airflow/dags/dag_suivi.py
[2026-08-05T16:28:12.491+0000] {processor.py:829} INFO - Processing file /opt/airflow/dags/dag_suivi.py for tasks to queue
[2026-08-05T16:28:12.491+0000] {logging_mixin.py:151} INFO - [2026-08-05T16:28:12.491+0000] {dagbag.py:536} INFO - Filling up the DagBag from /opt/airflow/dags/dag_suivi.py
[2026-08-05T16:28:12.508+0000] {processor.py:839} INFO - DAG(s) dict_keys(['pipeline_ingestion_suivi']) retrieved from /opt/airflow/dags/dag_suivi.py
[2026-08-05T16:28:12.533+0000] {logging_mixin.py:151} INFO - [2026-08-05T16:28:12.533+0000] {dag.py:2941} INFO - Sync 1 DAGs
[2026-08-05T16:28:12.552+0000] {logging_mixin.py:151} INFO - [2026-08-05T16:28:12.552+0000] {dag.py:3722} INFO - Setting next_dagrun for pipeline_ingestion_suivi to 2026-08-05T16:00:00+00:00, run_after=2026-08-05T17:00:00+00:00
[2026-08-05T16:28:12.569+0000] {processor.py:179} INFO - Processing /opt/airflow/dags/dag_suivi.py took 0.082 seconds
[2026-08-05T16:28:42.744+0000] {processor.py:157} INFO - Started process (PID=3618) to work on /opt/airflow/dags/dag_suivi.py
[2026-08-05T16:28:42.745+0000] {processor.py:829} INFO - Processing file /opt/airflow/dags/dag_suivi.py for tasks to queue
[2026-08-05T16:28:42.746+0000] {logging_mixin.py:151} INFO - [2026-08-05T16:28:42.746+0000] {dagbag.py:536} INFO - Filling up the DagBag from /opt/airflow/dags/dag_suivi.py
[2026-08-05T16:28:42.764+0000] {processor.py:839} INFO - DAG(s) dict_keys(['pipeline_ingestion_suivi']) retrieved from /opt/airflow/dags/dag_suivi.py
[2026-08-05T16:28:42.786+0000] {logging_mixin.py:151} INFO - [2026-08-05T16:28:42.786+0000] {dag.py:2941} INFO - Sync 1 DAGs
[2026-08-05T16:28:42.807+0000] {logging_mixin.py:151} INFO - [2026-08-05T16:28:42.807+0000] {dag.py:3722} INFO - Setting next_dagrun for pipeline_ingestion_suivi to 2026-08-05T16:00:00+00:00, run_after=2026-08-05T17:00:00+00:00
[2026-08-05T16:28:42.834+0000] {processor.py:179} INFO - Processing /opt/airflow/dags/dag_suivi.py took 0.092 seconds
[2026-08-05T16:29:12.979+0000] {processor.py:157} INFO - Started process (PID=3623) to work on /opt/airflow/dags/dag_suivi.py
[2026-08-05T16:29:12.979+0000] {processor.py:829} INFO - Processing file /opt/airflow/dags/dag_suivi.py for tasks to queue
[2026-08-05T16:29:12.980+0000] {logging_mixin.py:151} INFO - [2026-08-05T16:29:12.980+0000] {dagbag.py:536} INFO - Filling up the DagBag from /opt/airflow/dags/dag_suivi.py
[2026-08-05T16:29:12.997+0000] {processor.py:839} INFO - DAG(s) dict_keys(['pipeline_ingestion_suivi']) retrieved from /opt/airflow/dags/dag_suivi.py
[2026-08-05T16:29:13.023+0000] {logging_mixin.py:151} INFO - [2026-08-05T16:29:13.023+0000] {dag.py:2941} INFO - Sync 1 DAGs
[2026-08-05T16:29:13.041+0000] {logging_mixin.py:151} INFO - [2026-08-05T16:29:13.041+0000] {dag.py:3722} INFO - Setting next_dagrun for pipeline_ingestion_suivi to 2026-08-05T16:00:00+00:00, run_after=2026-08-05T17:00:00+00:00
[2026-08-05T16:29:13.069+0000] {processor.py:179} INFO - Processing /opt/airflow/dags/dag_suivi.py took 0.093 seconds
[2026-08-05T16:29:43.259+0000] {processor.py:157} INFO - Started process (PID=3628) to work on /opt/airflow/dags/dag_suivi.py
[2026-08-05T16:29:43.260+0000] {processor.py:829} INFO - Processing file /opt/airflow/dags/dag_suivi.py for tasks to queue
[2026-08-05T16:29:43.261+0000] {logging_mixin.py:151} INFO - [2026-08-05T16:29:43.261+0000] {dagbag.py:536} INFO - Filling up the DagBag from /opt/airflow/dags/dag_suivi.py
[2026-08-05T16:29:43.281+0000] {processor.py:839} INFO - DAG(s) dict_keys(['pipeline_ingestion_suivi']) retrieved from /opt/airflow/dags/dag_suivi.py
[2026-08-05T16:29:43.304+0000] {logging_mixin.py:151} INFO - [2026-08-05T16:29:43.304+0000] {dag.py:2941} INFO - Sync 1 DAGs
[2026-08-05T16:29:43.323+0000] {logging_mixin.py:151} INFO - [2026-08-05T16:29:43.323+0000] {dag.py:3722} INFO - Setting next_dagrun for pipeline_ingestion_suivi to 2026-08-05T16:00:00+00:00, run_after=2026-08-05T17:00:00+00:00
[2026-08-05T16:29:43.341+0000] {processor.py:179} INFO - Processing /opt/airflow/dags/dag_suivi.py took 0.085 seconds
[2026-08-05T16:30:13.481+0000] {processor.py:157} INFO - Started process (PID=3633) to work on /opt/airflow/dags/dag_suivi.py
[2026-08-05T16:30:13.482+0000] {processor.py:829} INFO - Processing file /opt/airflow/dags/dag_suivi.py for tasks to queue
[2026-08-05T16:30:13.482+0000] {logging_mixin.py:151} INFO - [2026-08-05T16:30:13.482+0000] {dagbag.py:536} INFO - Filling up the DagBag from /opt/airflow/dags/dag_suivi.py
[2026-08-05T16:30:13.500+0000] {processor.py:839} INFO - DAG(s) dict_keys(['pipeline_ingestion_suivi']) retrieved from /opt/airflow/dags/dag_suivi.py
[2026-08-05T16:30:13.525+0000] {logging_mixin.py:151} INFO - [2026-08-05T16:30:13.525+0000] {dag.py:2941} INFO - Sync 1 DAGs
[2026-08-05T16:30:13.545+0000] {logging_mixin.py:151} INFO - [2026-08-05T16:30:13.545+0000] {dag.py:3722} INFO - Setting next_dagrun for pipeline_ingestion_suivi to 2026-08-05T16:00:00+00:00, run_after=2026-08-05T17:00:00+00:00
[2026-08-05T16:30:13.569+0000] {processor.py:179} INFO - Processing /opt/airflow/dags/dag_suivi.py took 0.091 seconds
[2026-08-05T16:30:43.770+0000] {processor.py:157} INFO - Started process (PID=3638) to work on /opt/airflow/dags/dag_suivi.py
[2026-08-05T16:30:43.771+0000] {processor.py:829} INFO - Processing file /opt/airflow/dags/dag_suivi.py for tasks to queue
[2026-08-05T16:30:43.772+0000] {logging_mixin.py:151} INFO - [2026-08-05T16:30:43.772+0000] {dagbag.py:536} INFO - Filling up the DagBag from /opt/airflow/dags/dag_suivi.py
[2026-08-05T16:30:43.788+0000] {processor.py:839} INFO - DAG(s) dict_keys(['pipeline_ingestion_suivi']) retrieved from /opt/airflow/dags/dag_suivi.py
[2026-08-05T16:30:43.813+0000] {logging_mixin.py:151} INFO - [2026-08-05T16:30:43.813+0000] {dag.py:2941} INFO - Sync 1 DAGs
[2026-08-05T16:30:43.831+0000] {logging_mixin.py:151} INFO - [2026-08-05T16:30:43.831+0000] {dag.py:3722} INFO - Setting next_dagrun for pipeline_ingestion_suivi to 2026-08-05T16:00:00+00:00, run_after=2026-08-05T17:00:00+00:00
[2026-08-05T16:30:43.850+0000] {processor.py:179} INFO - Processing /opt/airflow/dags/dag_suivi.py took 0.082 seconds
[2026-08-05T16:31:14.010+0000] {processor.py:157} INFO - Started process (PID=3643) to work on /opt/airflow/dags/dag_suivi.py
[2026-08-05T16:31:14.011+0000] {processor.py:829} INFO - Processing file /opt/airflow/dags/dag_suivi.py for tasks to queue
[2026-08-05T16:31:14.012+0000] {logging_mixin.py:151} INFO - [2026-08-05T16:31:14.011+0000] {dagbag.py:536} INFO - Filling up the DagBag from /opt/airflow/dags/dag_suivi.py
[2026-08-05T16:31:14.030+0000] {processor.py:839} INFO - DAG(s) dict_keys(['pipeline_ingestion_suivi']) retrieved from /opt/airflow/dags/dag_suivi.py
[2026-08-05T16:31:14.055+0000] {logging_mixin.py:151} INFO - [2026-08-05T16:31:14.055+0000] {dag.py:2941} INFO - Sync 1 DAGs
[2026-08-05T16:31:14.073+0000] {logging_mixin.py:151} INFO - [2026-08-05T16:31:14.073+0000] {dag.py:3722} INFO - Setting next_dagrun for pipeline_ingestion_suivi to 2026-08-05T16:00:00+00:00, run_after=2026-08-05T17:00:00+00:00
[2026-08-05T16:31:14.099+0000] {processor.py:179} INFO - Processing /opt/airflow/dags/dag_suivi.py took 0.091 seconds
[2026-08-05T16:31:44.264+0000] {processor.py:157} INFO - Started process (PID=3648) to work on /opt/airflow/dags/dag_suivi.py
[2026-08-05T16:31:44.264+0000] {processor.py:829} INFO - Processing file /opt/airflow/dags/dag_suivi.py for tasks to queue
[2026-08-05T16:31:44.265+0000] {logging_mixin.py:151} INFO - [2026-08-05T16:31:44.265+0000] {dagbag.py:536} INFO - Filling up the DagBag from /opt/airflow/dags/dag_suivi.py
[2026-08-05T16:31:44.284+0000] {processor.py:839} INFO - DAG(s) dict_keys(['pipeline_ingestion_suivi']) retrieved from /opt/airflow/dags/dag_suivi.py
[2026-08-05T16:31:44.307+0000] {logging_mixin.py:151} INFO - [2026-08-05T16:31:44.307+0000] {dag.py:2941} INFO - Sync 1 DAGs
[2026-08-05T16:31:44.325+0000] {logging_mixin.py:151} INFO - [2026-08-05T16:31:44.325+0000] {dag.py:3722} INFO - Setting next_dagrun for pipeline_ingestion_suivi to 2026-08-05T16:00:00+00:00, run_after=2026-08-05T17:00:00+00:00
[2026-08-05T16:31:44.353+0000] {processor.py:179} INFO - Processing /opt/airflow/dags/dag_suivi.py took 0.092 seconds
[2026-08-05T16:32:14.501+0000] {processor.py:157} INFO - Started process (PID=3653) to work on /opt/airflow/dags/dag_suivi.py
[2026-08-05T16:32:14.502+0000] {processor.py:829} INFO - Processing file /opt/airflow/dags/dag_suivi.py for tasks to queue
[2026-08-05T16:32:14.503+0000] {logging_mixin.py:151} INFO - [2026-08-05T16:32:14.502+0000] {dagbag.py:536} INFO - Filling up the DagBag from /opt/airflow/dags/dag_suivi.py
[2026-08-05T16:32:14.521+0000] {processor.py:839} INFO - DAG(s) dict_keys(['pipeline_ingestion_suivi']) retrieved from /opt/airflow/dags/dag_suivi.py
[2026-08-05T16:32:14.545+0000] {logging_mixin.py:151} INFO - [2026-08-05T16:32:14.545+0000] {dag.py:2941} INFO - Sync 1 DAGs
[2026-08-05T16:32:14.564+0000] {logging_mixin.py:151} INFO - [2026-08-05T16:32:14.563+0000] {dag.py:3722} INFO - Setting next_dagrun for pipeline_ingestion_suivi to 2026-08-05T16:00:00+00:00, run_after=2026-08-05T17:00:00+00:00
[2026-08-05T16:32:14.586+0000] {processor.py:179} INFO - Processing /opt/airflow/dags/dag_suivi.py took 0.088 seconds
[2026-08-05T16:32:44.744+0000] {processor.py:157} INFO - Started process (PID=3658) to work on /opt/airflow/dags/dag_suivi.py
[2026-08-05T16:32:44.744+0000] {processor.py:829} INFO - Processing file /opt/airflow/dags/dag_suivi.py for tasks to queue
[2026-08-05T16:32:44.745+0000] {logging_mixin.py:151} INFO - [2026-08-05T16:32:44.745+0000] {dagbag.py:536} INFO - Filling up the DagBag from /opt/airflow/dags/dag_suivi.py
[2026-08-05T16:32:44.764+0000] {processor.py:839} INFO - DAG(s) dict_keys(['pipeline_ingestion_suivi']) retrieved from /opt/airflow/dags/dag_suivi.py
[2026-08-05T16:32:44.793+0000] {logging_mixin.py:151} INFO - [2026-08-05T16:32:44.793+0000] {dag.py:2941} INFO - Sync 1 DAGs
[2026-08-05T16:32:44.815+0000] {logging_mixin.py:151} INFO - [2026-08-05T16:32:44.815+0000] {dag.py:3722} INFO - Setting next_dagrun for pipeline_ingestion_suivi to 2026-08-05T16:00:00+00:00, run_after=2026-08-05T17:00:00+00:00
[2026-08-05T16:32:44.835+0000] {processor.py:179} INFO - Processing /opt/airflow/dags/dag_suivi.py took 0.095 seconds
[2026-08-05T16:33:15.039+0000] {processor.py:157} INFO - Started process (PID=3663) to work on /opt/airflow/dags/dag_suivi.py
[2026-08-05T16:33:15.040+0000] {processor.py:829} INFO - Processing file /opt/airflow/dags/dag_suivi.py for tasks to queue
[2026-08-05T16:33:15.041+0000] {logging_mixin.py:151} INFO - [2026-08-05T16:33:15.040+0000] {dagbag.py:536} INFO - Filling up the DagBag from /opt/airflow/dags/dag_suivi.py
[2026-08-05T16:33:15.057+0000] {processor.py:839} INFO - DAG(s) dict_keys(['pipeline_ingestion_suivi']) retrieved from /opt/airflow/dags/dag_suivi.py
[2026-08-05T16:33:15.080+0000] {logging_mixin.py:151} INFO - [2026-08-05T16:33:15.080+0000] {dag.py:2941} INFO - Sync 1 DAGs
[2026-08-05T16:33:15.099+0000] {logging_mixin.py:151} INFO - [2026-08-05T16:33:15.098+0000] {dag.py:3722} INFO - Setting next_dagrun for pipeline_ingestion_suivi to 2026-08-05T16:00:00+00:00, run_after=2026-08-05T17:00:00+00:00
[2026-08-05T16:33:15.126+0000] {processor.py:179} INFO - Processing /opt/airflow/dags/dag_suivi.py took 0.089 seconds
[2026-08-05T16:33:45.254+0000] {processor.py:157} INFO - Started process (PID=3668) to work on /opt/airflow/dags/dag_suivi.py
[2026-08-05T16:33:45.255+0000] {processor.py:829} INFO - Processing file /opt/airflow/dags/dag_suivi.py for tasks to queue
[2026-08-05T16:33:45.256+0000] {logging_mixin.py:151} INFO - [2026-08-05T16:33:45.255+0000] {dagbag.py:536} INFO - Filling up the DagBag from /opt/airflow/dags/dag_suivi.py
[2026-08-05T16:33:45.277+0000] {processor.py:839} INFO - DAG(s) dict_keys(['pipeline_ingestion_suivi']) retrieved from /opt/airflow/dags/dag_suivi.py
[2026-08-05T16:33:45.306+0000] {logging_mixin.py:151} INFO - [2026-08-05T16:33:45.306+0000] {dag.py:2941} INFO - Sync 1 DAGs
[2026-08-05T16:33:45.329+0000] {logging_mixin.py:151} INFO - [2026-08-05T16:33:45.329+0000] {dag.py:3722} INFO - Setting next_dagrun for pipeline_ingestion_suivi to 2026-08-05T16:00:00+00:00, run_after=2026-08-05T17:00:00+00:00
[2026-08-05T16:33:45.352+0000] {processor.py:179} INFO - Processing /opt/airflow/dags/dag_suivi.py took 0.102 seconds
[2026-08-05T16:34:15.550+0000] {processor.py:157} INFO - Started process (PID=3673) to work on /opt/airflow/dags/dag_suivi.py
[2026-08-05T16:34:15.551+0000] {processor.py:829} INFO - Processing file /opt/airflow/dags/dag_suivi.py for tasks to queue
[2026-08-05T16:34:15.552+0000] {logging_mixin.py:151} INFO - [2026-08-05T16:34:15.551+0000] {dagbag.py:536} INFO - Filling up the DagBag from /opt/airflow/dags/dag_suivi.py
[2026-08-05T16:34:15.571+0000] {processor.py:839} INFO - DAG(s) dict_keys(['pipeline_ingestion_suivi']) retrieved from /opt/airflow/dags/dag_suivi.py
[2026-08-05T16:34:15.596+0000] {logging_mixin.py:151} INFO - [2026-08-05T16:34:15.595+0000] {dag.py:2941} INFO - Sync 1 DAGs
[2026-08-05T16:34:15.617+0000] {logging_mixin.py:151} INFO - [2026-08-05T16:34:15.617+0000] {dag.py:3722} INFO - Setting next_dagrun for pipeline_ingestion_suivi to 2026-08-05T16:00:00+00:00, run_after=2026-08-05T17:00:00+00:00
[2026-08-05T16:34:15.646+0000] {processor.py:179} INFO - Processing /opt/airflow/dags/dag_suivi.py took 0.098 seconds
[2026-08-05T16:34:45.784+0000] {processor.py:157} INFO - Started process (PID=3678) to work on /opt/airflow/dags/dag_suivi.py
[2026-08-05T16:34:45.785+0000] {processor.py:829} INFO - Processing file /opt/airflow/dags/dag_suivi.py for tasks to queue
[2026-08-05T16:34:45.786+0000] {logging_mixin.py:151} INFO - [2026-08-05T16:34:45.785+0000] {dagbag.py:536} INFO - Filling up the DagBag from /opt/airflow/dags/dag_suivi.py
[2026-08-05T16:34:45.803+0000] {processor.py:839} INFO - DAG(s) dict_keys(['pipeline_ingestion_suivi']) retrieved from /opt/airflow/dags/dag_suivi.py
[2026-08-05T16:34:45.828+0000] {logging_mixin.py:151} INFO - [2026-08-05T16:34:45.828+0000] {dag.py:2941} INFO - Sync 1 DAGs
[2026-08-05T16:34:45.847+0000] {logging_mixin.py:151} INFO - [2026-08-05T16:34:45.847+0000] {dag.py:3722} INFO - Setting next_dagrun for pipeline_ingestion_suivi to 2026-08-05T16:00:00+00:00, run_after=2026-08-05T17:00:00+00:00
[2026-08-05T16:34:45.873+0000] {processor.py:179} INFO - Processing /opt/airflow/dags/dag_suivi.py took 0.092 seconds
[2026-08-05T16:35:16.082+0000] {processor.py:157} INFO - Started process (PID=3683) to work on /opt/airflow/dags/dag_suivi.py
[2026-08-05T16:35:16.082+0000] {processor.py:829} INFO - Processing file /opt/airflow/dags/dag_suivi.py for tasks to queue
[2026-08-05T16:35:16.083+0000] {logging_mixin.py:151} INFO - [2026-08-05T16:35:16.083+0000] {dagbag.py:536} INFO - Filling up the DagBag from /opt/airflow/dags/dag_suivi.py
[2026-08-05T16:35:16.100+0000] {processor.py:839} INFO - DAG(s) dict_keys(['pipeline_ingestion_suivi']) retrieved from /opt/airflow/dags/dag_suivi.py
[2026-08-05T16:35:16.124+0000] {logging_mixin.py:151} INFO - [2026-08-05T16:35:16.124+0000] {dag.py:2941} INFO - Sync 1 DAGs
[2026-08-05T16:35:16.143+0000] {logging_mixin.py:151} INFO - [2026-08-05T16:35:16.143+0000] {dag.py:3722} INFO - Setting next_dagrun for pipeline_ingestion_suivi to 2026-08-05T16:00:00+00:00, run_after=2026-08-05T17:00:00+00:00
[2026-08-05T16:35:16.171+0000] {processor.py:179} INFO - Processing /opt/airflow/dags/dag_suivi.py took 0.092 seconds
[2026-08-05T16:35:46.312+0000] {processor.py:157} INFO - Started process (PID=3688) to work on /opt/airflow/dags/dag_suivi.py
[2026-08-05T16:35:46.312+0000] {processor.py:829} INFO - Processing file /opt/airflow/dags/dag_suivi.py for tasks to queue
[2026-08-05T16:35:46.313+0000] {logging_mixin.py:151} INFO - [2026-08-05T16:35:46.313+0000] {dagbag.py:536} INFO - Filling up the DagBag from /opt/airflow/dags/dag_suivi.py
[2026-08-05T16:35:46.330+0000] {processor.py:839} INFO - DAG(s) dict_keys(['pipeline_ingestion_suivi']) retrieved from /opt/airflow/dags/dag_suivi.py
[2026-08-05T16:35:46.353+0000] {logging_mixin.py:151} INFO - [2026-08-05T16:35:46.352+0000] {dag.py:2941} INFO - Sync 1 DAGs
[2026-08-05T16:35:46.372+0000] {logging_mixin.py:151} INFO - [2026-08-05T16:35:46.372+0000] {dag.py:3722} INFO - Setting next_dagrun for pipeline_ingestion_suivi to 2026-08-05T16:00:00+00:00, run_after=2026-08-05T17:00:00+00:00
[2026-08-05T16:35:46.400+0000] {processor.py:179} INFO - Processing /opt/airflow/dags/dag_suivi.py took 0.092 seconds
[2026-08-05T16:36:16.573+0000] {processor.py:157} INFO - Started process (PID=3693) to work on /opt/airflow/dags/dag_suivi.py
[2026-08-05T16:36:16.573+0000] {processor.py:829} INFO - Processing file /opt/airflow/dags/dag_suivi.py for tasks to queue
[2026-08-05T16:36:16.574+0000] {logging_mixin.py:151} INFO - [2026-08-05T16:36:16.574+0000] {dagbag.py:536} INFO - Filling up the DagBag from /opt/airflow/dags/dag_suivi.py
[2026-08-05T16:36:16.594+0000] {processor.py:839} INFO - DAG(s) dict_keys(['pipeline_ingestion_suivi']) retrieved from /opt/airflow/dags/dag_suivi.py
[2026-08-05T16:36:16.624+0000] {logging_mixin.py:151} INFO - [2026-08-05T16:36:16.623+0000] {dag.py:2941} INFO - Sync 1 DAGs
[2026-08-05T16:36:16.648+0000] {logging_mixin.py:151} INFO - [2026-08-05T16:36:16.648+0000] {dag.py:3722} INFO - Setting next_dagrun for pipeline_ingestion_suivi to 2026-08-05T16:00:00+00:00, run_after=2026-08-05T17:00:00+00:00
[2026-08-05T16:36:16.671+0000] {processor.py:179} INFO - Processing /opt/airflow/dags/dag_suivi.py took 0.101 seconds
[2026-08-05T16:36:46.856+0000] {processor.py:157} INFO - Started process (PID=3698) to work on /opt/airflow/dags/dag_suivi.py
[2026-08-05T16:36:46.857+0000] {processor.py:829} INFO - Processing file /opt/airflow/dags/dag_suivi.py for tasks to queue
[2026-08-05T16:36:46.858+0000] {logging_mixin.py:151} INFO - [2026-08-05T16:36:46.858+0000] {dagbag.py:536} INFO - Filling up the DagBag from /opt/airflow/dags/dag_suivi.py
[2026-08-05T16:36:46.875+0000] {processor.py:839} INFO - DAG(s) dict_keys(['pipeline_ingestion_suivi']) retrieved from /opt/airflow/dags/dag_suivi.py
[2026-08-05T16:36:46.899+0000] {logging_mixin.py:151} INFO - [2026-08-05T16:36:46.899+0000] {dag.py:2941} INFO - Sync 1 DAGs
[2026-08-05T16:36:46.918+0000] {logging_mixin.py:151} INFO - [2026-08-05T16:36:46.918+0000] {dag.py:3722} INFO - Setting next_dagrun for pipeline_ingestion_suivi to 2026-08-05T16:00:00+00:00, run_after=2026-08-05T17:00:00+00:00
[2026-08-05T16:36:46.939+0000] {processor.py:179} INFO - Processing /opt/airflow/dags/dag_suivi.py took 0.085 seconds
[2026-08-05T16:37:17.112+0000] {processor.py:157} INFO - Started process (PID=3703) to work on /opt/airflow/dags/dag_suivi.py
[2026-08-05T16:37:17.113+0000] {processor.py:829} INFO - Processing file /opt/airflow/dags/dag_suivi.py for tasks to queue
[2026-08-05T16:37:17.113+0000] {logging_mixin.py:151} INFO - [2026-08-05T16:37:17.113+0000] {dagbag.py:536} INFO - Filling up the DagBag from /opt/airflow/dags/dag_suivi.py
[2026-08-05T16:37:17.131+0000] {processor.py:839} INFO - DAG(s) dict_keys(['pipeline_ingestion_suivi']) retrieved from /opt/airflow/dags/dag_suivi.py
[2026-08-05T16:37:17.160+0000] {logging_mixin.py:151} INFO - [2026-08-05T16:37:17.159+0000] {dag.py:2941} INFO - Sync 1 DAGs
[2026-08-05T16:37:17.183+0000] {logging_mixin.py:151} INFO - [2026-08-05T16:37:17.183+0000] {dag.py:3722} INFO - Setting next_dagrun for pipeline_ingestion_suivi to 2026-08-05T16:00:00+00:00, run_after=2026-08-05T17:00:00+00:00
[2026-08-05T16:37:17.211+0000] {processor.py:179} INFO - Processing /opt/airflow/dags/dag_suivi.py took 0.102 seconds
[2026-08-05T16:37:47.358+0000] {processor.py:157} INFO - Started process (PID=3708) to work on /opt/airflow/dags/dag_suivi.py
[2026-08-05T16:37:47.359+0000] {processor.py:829} INFO - Processing file /opt/airflow/dags/dag_suivi.py for tasks to queue
[2026-08-05T16:37:47.360+0000] {logging_mixin.py:151} INFO - [2026-08-05T16:37:47.360+0000] {dagbag.py:536} INFO - Filling up the DagBag from /opt/airflow/dags/dag_suivi.py
[2026-08-05T16:37:47.382+0000] {processor.py:839} INFO - DAG(s) dict_keys(['pipeline_ingestion_suivi']) retrieved from /opt/airflow/dags/dag_suivi.py
[2026-08-05T16:37:47.410+0000] {logging_mixin.py:151} INFO - [2026-08-05T16:37:47.409+0000] {dag.py:2941} INFO - Sync 1 DAGs
[2026-08-05T16:37:47.430+0000] {logging_mixin.py:151} INFO - [2026-08-05T16:37:47.430+0000] {dag.py:3722} INFO - Setting next_dagrun for pipeline_ingestion_suivi to 2026-08-05T16:00:00+00:00, run_after=2026-08-05T17:00:00+00:00
[2026-08-05T16:37:47.452+0000] {processor.py:179} INFO - Processing /opt/airflow/dags/dag_suivi.py took 0.097 seconds
[2026-08-05T16:38:17.689+0000] {processor.py:157} INFO - Started process (PID=3713) to work on /opt/airflow/dags/dag_suivi.py
[2026-08-05T16:38:17.690+0000] {processor.py:829} INFO - Processing file /opt/airflow/dags/dag_suivi.py for tasks to queue
[2026-08-05T16:38:17.691+0000] {logging_mixin.py:151} INFO - [2026-08-05T16:38:17.691+0000] {dagbag.py:536} INFO - Filling up the DagBag from /opt/airflow/dags/dag_suivi.py
[2026-08-05T16:38:17.721+0000] {processor.py:839} INFO - DAG(s) dict_keys(['pipeline_ingestion_suivi']) retrieved from /opt/airflow/dags/dag_suivi.py
[2026-08-05T16:38:17.749+0000] {logging_mixin.py:151} INFO - [2026-08-05T16:38:17.749+0000] {dag.py:2941} INFO - Sync 1 DAGs
[2026-08-05T16:38:17.767+0000] {logging_mixin.py:151} INFO - [2026-08-05T16:38:17.766+0000] {dag.py:3722} INFO - Setting next_dagrun for pipeline_ingestion_suivi to 2026-08-05T16:00:00+00:00, run_after=2026-08-05T17:00:00+00:00
[2026-08-05T16:38:17.784+0000] {processor.py:179} INFO - Processing /opt/airflow/dags/dag_suivi.py took 0.097 seconds
[2026-08-05T16:38:47.928+0000] {processor.py:157} INFO - Started process (PID=3718) to work on /opt/airflow/dags/dag_suivi.py
[2026-08-05T16:38:47.929+0000] {processor.py:829} INFO - Processing file /opt/airflow/dags/dag_suivi.py for tasks to queue
[2026-08-05T16:38:47.930+0000] {logging_mixin.py:151} INFO - [2026-08-05T16:38:47.929+0000] {dagbag.py:536} INFO - Filling up the DagBag from /opt/airflow/dags/dag_suivi.py
[2026-08-05T16:38:47.946+0000] {processor.py:839} INFO - DAG(s) dict_keys(['pipeline_ingestion_suivi']) retrieved from /opt/airflow/dags/dag_suivi.py
[2026-08-05T16:38:47.967+0000] {logging_mixin.py:151} INFO - [2026-08-05T16:38:47.967+0000] {dag.py:2941} INFO - Sync 1 DAGs
[2026-08-05T16:38:47.986+0000] {logging_mixin.py:151} INFO - [2026-08-05T16:38:47.985+0000] {dag.py:3722} INFO - Setting next_dagrun for pipeline_ingestion_suivi to 2026-08-05T16:00:00+00:00, run_after=2026-08-05T17:00:00+00:00
[2026-08-05T16:38:48.004+0000] {processor.py:179} INFO - Processing /opt/airflow/dags/dag_suivi.py took 0.078 seconds
[2026-08-05T16:39:18.278+0000] {processor.py:157} INFO - Started process (PID=3723) to work on /opt/airflow/dags/dag_suivi.py
[2026-08-05T16:39:18.279+0000] {processor.py:829} INFO - Processing file /opt/airflow/dags/dag_suivi.py for tasks to queue
[2026-08-05T16:39:18.280+0000] {logging_mixin.py:151} INFO - [2026-08-05T16:39:18.280+0000] {dagbag.py:536} INFO - Filling up the DagBag from /opt/airflow/dags/dag_suivi.py
[2026-08-05T16:39:18.300+0000] {processor.py:839} INFO - DAG(s) dict_keys(['pipeline_ingestion_suivi']) retrieved from /opt/airflow/dags/dag_suivi.py
[2026-08-05T16:39:18.328+0000] {logging_mixin.py:151} INFO - [2026-08-05T16:39:18.328+0000] {dag.py:2941} INFO - Sync 1 DAGs
[2026-08-05T16:39:18.356+0000] {logging_mixin.py:151} INFO - [2026-08-05T16:39:18.356+0000] {dag.py:3722} INFO - Setting next_dagrun for pipeline_ingestion_suivi to 2026-08-05T16:00:00+00:00, run_after=2026-08-05T17:00:00+00:00
[2026-08-05T16:39:18.383+0000] {processor.py:179} INFO - Processing /opt/airflow/dags/dag_suivi.py took 0.107 seconds
[2026-08-05T16:39:48.521+0000] {processor.py:157} INFO - Started process (PID=3728) to work on /opt/airflow/dags/dag_suivi.py
[2026-08-05T16:39:48.522+0000] {processor.py:829} INFO - Processing file /opt/airflow/dags/dag_suivi.py for tasks to queue
[2026-08-05T16:39:48.523+0000] {logging_mixin.py:151} INFO - [2026-08-05T16:39:48.522+0000] {dagbag.py:536} INFO - Filling up the DagBag from /opt/airflow/dags/dag_suivi.py
[2026-08-05T16:39:48.541+0000] {processor.py:839} INFO - DAG(s) dict_keys(['pipeline_ingestion_suivi']) retrieved from /opt/airflow/dags/dag_suivi.py
[2026-08-05T16:39:48.568+0000] {logging_mixin.py:151} INFO - [2026-08-05T16:39:48.568+0000] {dag.py:2941} INFO - Sync 1 DAGs
[2026-08-05T16:39:48.587+0000] {logging_mixin.py:151} INFO - [2026-08-05T16:39:48.586+0000] {dag.py:3722} INFO - Setting next_dagrun for pipeline_ingestion_suivi to 2026-08-05T16:00:00+00:00, run_after=2026-08-05T17:00:00+00:00
[2026-08-05T16:39:48.604+0000] {processor.py:179} INFO - Processing /opt/airflow/dags/dag_suivi.py took 0.085 seconds
[2026-08-05T16:40:18.791+0000] {processor.py:157} INFO - Started process (PID=3733) to work on /opt/airflow/dags/dag_suivi.py
[2026-08-05T16:40:18.792+0000] {processor.py:829} INFO - Processing file /opt/airflow/dags/dag_suivi.py for tasks to queue
[2026-08-05T16:40:18.793+0000] {logging_mixin.py:151} INFO - [2026-08-05T16:40:18.793+0000] {dagbag.py:536} INFO - Filling up the DagBag from /opt/airflow/dags/dag_suivi.py
[2026-08-05T16:40:18.816+0000] {processor.py:839} INFO - DAG(s) dict_keys(['pipeline_ingestion_suivi']) retrieved from /opt/airflow/dags/dag_suivi.py
[2026-08-05T16:40:18.849+0000] {logging_mixin.py:151} INFO - [2026-08-05T16:40:18.849+0000] {dag.py:2941} INFO - Sync 1 DAGs
[2026-08-05T16:40:18.875+0000] {logging_mixin.py:151} INFO - [2026-08-05T16:40:18.875+0000] {dag.py:3722} INFO - Setting next_dagrun for pipeline_ingestion_suivi to 2026-08-05T16:00:00+00:00, run_after=2026-08-05T17:00:00+00:00
[2026-08-05T16:40:18.908+0000] {processor.py:179} INFO - Processing /opt/airflow/dags/dag_suivi.py took 0.120 seconds
[2026-08-05T16:40:49.072+0000] {processor.py:157} INFO - Started process (PID=3738) to work on /opt/airflow/dags/dag_suivi.py
[2026-08-05T16:40:49.073+0000] {processor.py:829} INFO - Processing file /opt/airflow/dags/dag_suivi.py for tasks to queue
[2026-08-05T16:40:49.075+0000] {logging_mixin.py:151} INFO - [2026-08-05T16:40:49.074+0000] {dagbag.py:536} INFO - Filling up the DagBag from /opt/airflow/dags/dag_suivi.py
[2026-08-05T16:40:49.103+0000] {processor.py:839} INFO - DAG(s) dict_keys(['pipeline_ingestion_suivi']) retrieved from /opt/airflow/dags/dag_suivi.py
[2026-08-05T16:40:49.138+0000] {logging_mixin.py:151} INFO - [2026-08-05T16:40:49.137+0000] {dag.py:2941} INFO - Sync 1 DAGs
[2026-08-05T16:40:49.160+0000] {logging_mixin.py:151} INFO - [2026-08-05T16:40:49.160+0000] {dag.py:3722} INFO - Setting next_dagrun for pipeline_ingestion_suivi to 2026-08-05T16:00:00+00:00, run_after=2026-08-05T17:00:00+00:00
[2026-08-05T16:40:49.192+0000] {processor.py:179} INFO - Processing /opt/airflow/dags/dag_suivi.py took 0.124 seconds
[2026-08-05T16:41:19.337+0000] {processor.py:157} INFO - Started process (PID=3743) to work on /opt/airflow/dags/dag_suivi.py
[2026-08-05T16:41:19.338+0000] {processor.py:829} INFO - Processing file /opt/airflow/dags/dag_suivi.py for tasks to queue
[2026-08-05T16:41:19.339+0000] {logging_mixin.py:151} INFO - [2026-08-05T16:41:19.339+0000] {dagbag.py:536} INFO - Filling up the DagBag from /opt/airflow/dags/dag_suivi.py
[2026-08-05T16:41:19.359+0000] {processor.py:839} INFO - DAG(s) dict_keys(['pipeline_ingestion_suivi']) retrieved from /opt/airflow/dags/dag_suivi.py
[2026-08-05T16:41:19.384+0000] {logging_mixin.py:151} INFO - [2026-08-05T16:41:19.384+0000] {dag.py:2941} INFO - Sync 1 DAGs
[2026-08-05T16:41:19.404+0000] {logging_mixin.py:151} INFO - [2026-08-05T16:41:19.404+0000] {dag.py:3722} INFO - Setting next_dagrun for pipeline_ingestion_suivi to 2026-08-05T16:00:00+00:00, run_after=2026-08-05T17:00:00+00:00
[2026-08-05T16:41:19.422+0000] {processor.py:179} INFO - Processing /opt/airflow/dags/dag_suivi.py took 0.088 seconds
[2026-08-05T16:41:49.582+0000] {processor.py:157} INFO - Started process (PID=3748) to work on /opt/airflow/dags/dag_suivi.py
[2026-08-05T16:41:49.583+0000] {processor.py:829} INFO - Processing file /opt/airflow/dags/dag_suivi.py for tasks to queue
[2026-08-05T16:41:49.584+0000] {logging_mixin.py:151} INFO - [2026-08-05T16:41:49.583+0000] {dagbag.py:536} INFO - Filling up the DagBag from /opt/airflow/dags/dag_suivi.py
[2026-08-05T16:41:49.610+0000] {processor.py:839} INFO - DAG(s) dict_keys(['pipeline_ingestion_suivi']) retrieved from /opt/airflow/dags/dag_suivi.py
[2026-08-05T16:41:49.641+0000] {logging_mixin.py:151} INFO - [2026-08-05T16:41:49.641+0000] {dag.py:2941} INFO - Sync 1 DAGs
[2026-08-05T16:41:49.666+0000] {logging_mixin.py:151} INFO - [2026-08-05T16:41:49.666+0000] {dag.py:3722} INFO - Setting next_dagrun for pipeline_ingestion_suivi to 2026-08-05T16:00:00+00:00, run_after=2026-08-05T17:00:00+00:00
[2026-08-05T16:41:49.698+0000] {processor.py:179} INFO - Processing /opt/airflow/dags/dag_suivi.py took 0.119 seconds
[2026-08-05T16:42:19.829+0000] {processor.py:157} INFO - Started process (PID=3753) to work on /opt/airflow/dags/dag_suivi.py
[2026-08-05T16:42:19.830+0000] {processor.py:829} INFO - Processing file /opt/airflow/dags/dag_suivi.py for tasks to queue
[2026-08-05T16:42:19.831+0000] {logging_mixin.py:151} INFO - [2026-08-05T16:42:19.831+0000] {dagbag.py:536} INFO - Filling up the DagBag from /opt/airflow/dags/dag_suivi.py
[2026-08-05T16:42:19.854+0000] {processor.py:839} INFO - DAG(s) dict_keys(['pipeline_ingestion_suivi']) retrieved from /opt/airflow/dags/dag_suivi.py
[2026-08-05T16:42:19.892+0000] {logging_mixin.py:151} INFO - [2026-08-05T16:42:19.892+0000] {dag.py:2941} INFO - Sync 1 DAGs
[2026-08-05T16:42:19.913+0000] {logging_mixin.py:151} INFO - [2026-08-05T16:42:19.912+0000] {dag.py:3722} INFO - Setting next_dagrun for pipeline_ingestion_suivi to 2026-08-05T16:00:00+00:00, run_after=2026-08-05T17:00:00+00:00
[2026-08-05T16:42:19.937+0000] {processor.py:179} INFO - Processing /opt/airflow/dags/dag_suivi.py took 0.110 seconds
[2026-08-05T16:42:50.113+0000] {processor.py:157} INFO - Started process (PID=3758) to work on /opt/airflow/dags/dag_suivi.py
[2026-08-05T16:42:50.114+0000] {processor.py:829} INFO - Processing file /opt/airflow/dags/dag_suivi.py for tasks to queue
[2026-08-05T16:42:50.114+0000] {logging_mixin.py:151} INFO - [2026-08-05T16:42:50.114+0000] {dagbag.py:536} INFO - Filling up the DagBag from /opt/airflow/dags/dag_suivi.py
[2026-08-05T16:42:50.138+0000] {processor.py:839} INFO - DAG(s) dict_keys(['pipeline_ingestion_suivi']) retrieved from /opt/airflow/dags/dag_suivi.py
[2026-08-05T16:42:50.163+0000] {logging_mixin.py:151} INFO - [2026-08-05T16:42:50.163+0000] {dag.py:2941} INFO - Sync 1 DAGs
[2026-08-05T16:42:50.183+0000] {logging_mixin.py:151} INFO - [2026-08-05T16:42:50.183+0000] {dag.py:3722} INFO - Setting next_dagrun for pipeline_ingestion_suivi to 2026-08-05T16:00:00+00:00, run_after=2026-08-05T17:00:00+00:00
[2026-08-05T16:42:50.204+0000] {processor.py:179} INFO - Processing /opt/airflow/dags/dag_suivi.py took 0.093 seconds
[2026-08-05T16:43:20.348+0000] {processor.py:157} INFO - Started process (PID=3763) to work on /opt/airflow/dags/dag_suivi.py
[2026-08-05T16:43:20.349+0000] {processor.py:829} INFO - Processing file /opt/airflow/dags/dag_suivi.py for tasks to queue
[2026-08-05T16:43:20.350+0000] {logging_mixin.py:151} INFO - [2026-08-05T16:43:20.349+0000] {dagbag.py:536} INFO - Filling up the DagBag from /opt/airflow/dags/dag_suivi.py
[2026-08-05T16:43:20.369+0000] {processor.py:839} INFO - DAG(s) dict_keys(['pipeline_ingestion_suivi']) retrieved from /opt/airflow/dags/dag_suivi.py
[2026-08-05T16:43:20.398+0000] {logging_mixin.py:151} INFO - [2026-08-05T16:43:20.398+0000] {dag.py:2941} INFO - Sync 1 DAGs
[2026-08-05T16:43:20.420+0000] {logging_mixin.py:151} INFO - [2026-08-05T16:43:20.419+0000] {dag.py:3722} INFO - Setting next_dagrun for pipeline_ingestion_suivi to 2026-08-05T16:00:00+00:00, run_after=2026-08-05T17:00:00+00:00
[2026-08-05T16:43:20.449+0000] {processor.py:179} INFO - Processing /opt/airflow/dags/dag_suivi.py took 0.104 seconds
[2026-08-05T16:43:50.622+0000] {processor.py:157} INFO - Started process (PID=3768) to work on /opt/airflow/dags/dag_suivi.py
[2026-08-05T16:43:50.623+0000] {processor.py:829} INFO - Processing file /opt/airflow/dags/dag_suivi.py for tasks to queue
[2026-08-05T16:43:50.624+0000] {logging_mixin.py:151} INFO - [2026-08-05T16:43:50.624+0000] {dagbag.py:536} INFO - Filling up the DagBag from /opt/airflow/dags/dag_suivi.py
[2026-08-05T16:43:50.649+0000] {processor.py:839} INFO - DAG(s) dict_keys(['pipeline_ingestion_suivi']) retrieved from /opt/airflow/dags/dag_suivi.py
[2026-08-05T16:43:50.681+0000] {logging_mixin.py:151} INFO - [2026-08-05T16:43:50.681+0000] {dag.py:2941} INFO - Sync 1 DAGs
[2026-08-05T16:43:50.709+0000] {logging_mixin.py:151} INFO - [2026-08-05T16:43:50.708+0000] {dag.py:3722} INFO - Setting next_dagrun for pipeline_ingestion_suivi to 2026-08-05T16:00:00+00:00, run_after=2026-08-05T17:00:00+00:00
[2026-08-05T16:43:50.733+0000] {processor.py:179} INFO - Processing /opt/airflow/dags/dag_suivi.py took 0.114 seconds
[2026-08-05T16:44:20.898+0000] {processor.py:157} INFO - Started process (PID=3773) to work on /opt/airflow/dags/dag_suivi.py
[2026-08-05T16:44:20.899+0000] {processor.py:829} INFO - Processing file /opt/airflow/dags/dag_suivi.py for tasks to queue
[2026-08-05T16:44:20.900+0000] {logging_mixin.py:151} INFO - [2026-08-05T16:44:20.899+0000] {dagbag.py:536} INFO - Filling up the DagBag from /opt/airflow/dags/dag_suivi.py
[2026-08-05T16:44:20.925+0000] {processor.py:839} INFO - DAG(s) dict_keys(['pipeline_ingestion_suivi']) retrieved from /opt/airflow/dags/dag_suivi.py
[2026-08-05T16:44:20.959+0000] {logging_mixin.py:151} INFO - [2026-08-05T16:44:20.959+0000] {dag.py:2941} INFO - Sync 1 DAGs
[2026-08-05T16:44:20.989+0000] {logging_mixin.py:151} INFO - [2026-08-05T16:44:20.989+0000] {dag.py:3722} INFO - Setting next_dagrun for pipeline_ingestion_suivi to 2026-08-05T16:00:00+00:00, run_after=2026-08-05T17:00:00+00:00
[2026-08-05T16:44:21.022+0000] {processor.py:179} INFO - Processing /opt/airflow/dags/dag_suivi.py took 0.128 seconds
[2026-08-05T16:44:51.133+0000] {processor.py:157} INFO - Started process (PID=3778) to work on /opt/airflow/dags/dag_suivi.py
[2026-08-05T16:44:51.134+0000] {processor.py:829} INFO - Processing file /opt/airflow/dags/dag_suivi.py for tasks to queue
[2026-08-05T16:44:51.134+0000] {logging_mixin.py:151} INFO - [2026-08-05T16:44:51.134+0000] {dagbag.py:536} INFO - Filling up the DagBag from /opt/airflow/dags/dag_suivi.py
[2026-08-05T16:44:51.157+0000] {processor.py:839} INFO - DAG(s) dict_keys(['pipeline_ingestion_suivi']) retrieved from /opt/airflow/dags/dag_suivi.py
[2026-08-05T16:44:51.190+0000] {logging_mixin.py:151} INFO - [2026-08-05T16:44:51.190+0000] {dag.py:2941} INFO - Sync 1 DAGs
[2026-08-05T16:44:51.215+0000] {logging_mixin.py:151} INFO - [2026-08-05T16:44:51.215+0000] {dag.py:3722} INFO - Setting next_dagrun for pipeline_ingestion_suivi to 2026-08-05T16:00:00+00:00, run_after=2026-08-05T17:00:00+00:00
[2026-08-05T16:44:51.248+0000] {processor.py:179} INFO - Processing /opt/airflow/dags/dag_suivi.py took 0.118 seconds
[2026-08-05T16:45:21.480+0000] {processor.py:157} INFO - Started process (PID=3783) to work on /opt/airflow/dags/dag_suivi.py
[2026-08-05T16:45:21.481+0000] {processor.py:829} INFO - Processing file /opt/airflow/dags/dag_suivi.py for tasks to queue
[2026-08-05T16:45:21.482+0000] {logging_mixin.py:151} INFO - [2026-08-05T16:45:21.482+0000] {dagbag.py:536} INFO - Filling up the DagBag from /opt/airflow/dags/dag_suivi.py
[2026-08-05T16:45:21.504+0000] {processor.py:839} INFO - DAG(s) dict_keys(['pipeline_ingestion_suivi']) retrieved from /opt/airflow/dags/dag_suivi.py
[2026-08-05T16:45:21.535+0000] {logging_mixin.py:151} INFO - [2026-08-05T16:45:21.535+0000] {dag.py:2941} INFO - Sync 1 DAGs
[2026-08-05T16:45:21.564+0000] {logging_mixin.py:151} INFO - [2026-08-05T16:45:21.564+0000] {dag.py:3722} INFO - Setting next_dagrun for pipeline_ingestion_suivi to 2026-08-05T16:00:00+00:00, run_after=2026-08-05T17:00:00+00:00
[2026-08-05T16:45:21.598+0000] {processor.py:179} INFO - Processing /opt/airflow/dags/dag_suivi.py took 0.122 seconds
[2026-08-05T16:45:51.693+0000] {processor.py:157} INFO - Started process (PID=3788) to work on /opt/airflow/dags/dag_suivi.py
[2026-08-05T16:45:51.694+0000] {processor.py:829} INFO - Processing file /opt/airflow/dags/dag_suivi.py for tasks to queue
[2026-08-05T16:45:51.695+0000] {logging_mixin.py:151} INFO - [2026-08-05T16:45:51.694+0000] {dagbag.py:536} INFO - Filling up the DagBag from /opt/airflow/dags/dag_suivi.py
[2026-08-05T16:45:51.722+0000] {processor.py:839} INFO - DAG(s) dict_keys(['pipeline_ingestion_suivi']) retrieved from /opt/airflow/dags/dag_suivi.py
[2026-08-05T16:45:51.760+0000] {logging_mixin.py:151} INFO - [2026-08-05T16:45:51.760+0000] {dag.py:2941} INFO - Sync 1 DAGs
[2026-08-05T16:45:51.786+0000] {logging_mixin.py:151} INFO - [2026-08-05T16:45:51.786+0000] {dag.py:3722} INFO - Setting next_dagrun for pipeline_ingestion_suivi to 2026-08-05T16:00:00+00:00, run_after=2026-08-05T17:00:00+00:00
[2026-08-05T16:45:51.816+0000] {processor.py:179} INFO - Processing /opt/airflow/dags/dag_suivi.py took 0.126 seconds
[2026-08-05T16:46:22.029+0000] {processor.py:157} INFO - Started process (PID=3793) to work on /opt/airflow/dags/dag_suivi.py
[2026-08-05T16:46:22.029+0000] {processor.py:829} INFO - Processing file /opt/airflow/dags/dag_suivi.py for tasks to queue
[2026-08-05T16:46:22.030+0000] {logging_mixin.py:151} INFO - [2026-08-05T16:46:22.030+0000] {dagbag.py:536} INFO - Filling up the DagBag from /opt/airflow/dags/dag_suivi.py
[2026-08-05T16:46:22.053+0000] {processor.py:839} INFO - DAG(s) dict_keys(['pipeline_ingestion_suivi']) retrieved from /opt/airflow/dags/dag_suivi.py
[2026-08-05T16:46:22.079+0000] {logging_mixin.py:151} INFO - [2026-08-05T16:46:22.079+0000] {dag.py:2941} INFO - Sync 1 DAGs
[2026-08-05T16:46:22.102+0000] {logging_mixin.py:151} INFO - [2026-08-05T16:46:22.102+0000] {dag.py:3722} INFO - Setting next_dagrun for pipeline_ingestion_suivi to 2026-08-05T16:00:00+00:00, run_after=2026-08-05T17:00:00+00:00
[2026-08-05T16:46:22.129+0000] {processor.py:179} INFO - Processing /opt/airflow/dags/dag_suivi.py took 0.103 seconds
[2026-08-05T16:46:52.258+0000] {processor.py:157} INFO - Started process (PID=3798) to work on /opt/airflow/dags/dag_suivi.py
[2026-08-05T16:46:52.258+0000] {processor.py:829} INFO - Processing file /opt/airflow/dags/dag_suivi.py for tasks to queue
[2026-08-05T16:46:52.259+0000] {logging_mixin.py:151} INFO - [2026-08-05T16:46:52.259+0000] {dagbag.py:536} INFO - Filling up the DagBag from /opt/airflow/dags/dag_suivi.py
[2026-08-05T16:46:52.277+0000] {processor.py:839} INFO - DAG(s) dict_keys(['pipeline_ingestion_suivi']) retrieved from /opt/airflow/dags/dag_suivi.py
[2026-08-05T16:46:52.304+0000] {logging_mixin.py:151} INFO - [2026-08-05T16:46:52.304+0000] {dag.py:2941} INFO - Sync 1 DAGs
[2026-08-05T16:46:52.322+0000] {logging_mixin.py:151} INFO - [2026-08-05T16:46:52.322+0000] {dag.py:3722} INFO - Setting next_dagrun for pipeline_ingestion_suivi to 2026-08-05T16:00:00+00:00, run_after=2026-08-05T17:00:00+00:00
[2026-08-05T16:46:52.350+0000] {processor.py:179} INFO - Processing /opt/airflow/dags/dag_suivi.py took 0.095 seconds
[2026-08-05T16:47:22.591+0000] {processor.py:157} INFO - Started process (PID=3803) to work on /opt/airflow/dags/dag_suivi.py
[2026-08-05T16:47:22.592+0000] {processor.py:829} INFO - Processing file /opt/airflow/dags/dag_suivi.py for tasks to queue
[2026-08-05T16:47:22.592+0000] {logging_mixin.py:151} INFO - [2026-08-05T16:47:22.592+0000] {dagbag.py:536} INFO - Filling up the DagBag from /opt/airflow/dags/dag_suivi.py
[2026-08-05T16:47:22.610+0000] {processor.py:839} INFO - DAG(s) dict_keys(['pipeline_ingestion_suivi']) retrieved from /opt/airflow/dags/dag_suivi.py
[2026-08-05T16:47:22.633+0000] {logging_mixin.py:151} INFO - [2026-08-05T16:47:22.633+0000] {dag.py:2941} INFO - Sync 1 DAGs
[2026-08-05T16:47:22.651+0000] {logging_mixin.py:151} INFO - [2026-08-05T16:47:22.651+0000] {dag.py:3722} INFO - Setting next_dagrun for pipeline_ingestion_suivi to 2026-08-05T16:00:00+00:00, run_after=2026-08-05T17:00:00+00:00
[2026-08-05T16:47:22.667+0000] {processor.py:179} INFO - Processing /opt/airflow/dags/dag_suivi.py took 0.078 seconds
[2026-08-05T16:47:52.896+0000] {processor.py:157} INFO - Started process (PID=3808) to work on /opt/airflow/dags/dag_suivi.py
[2026-08-05T16:47:52.897+0000] {processor.py:829} INFO - Processing file /opt/airflow/dags/dag_suivi.py for tasks to queue
[2026-08-05T16:47:52.897+0000] {logging_mixin.py:151} INFO - [2026-08-05T16:47:52.897+0000] {dagbag.py:536} INFO - Filling up the DagBag from /opt/airflow/dags/dag_suivi.py
[2026-08-05T16:47:52.916+0000] {processor.py:839} INFO - DAG(s) dict_keys(['pipeline_ingestion_suivi']) retrieved from /opt/airflow/dags/dag_suivi.py
[2026-08-05T16:47:52.939+0000] {logging_mixin.py:151} INFO - [2026-08-05T16:47:52.939+0000] {dag.py:2941} INFO - Sync 1 DAGs
[2026-08-05T16:47:52.958+0000] {logging_mixin.py:151} INFO - [2026-08-05T16:47:52.958+0000] {dag.py:3722} INFO - Setting next_dagrun for pipeline_ingestion_suivi to 2026-08-05T16:00:00+00:00, run_after=2026-08-05T17:00:00+00:00
[2026-08-05T16:47:52.975+0000] {processor.py:179} INFO - Processing /opt/airflow/dags/dag_suivi.py took 0.082 seconds
[2026-08-05T16:48:23.163+0000] {processor.py:157} INFO - Started process (PID=3813) to work on /opt/airflow/dags/dag_suivi.py
[2026-08-05T16:48:23.164+0000] {processor.py:829} INFO - Processing file /opt/airflow/dags/dag_suivi.py for tasks to queue
[2026-08-05T16:48:23.164+0000] {logging_mixin.py:151} INFO - [2026-08-05T16:48:23.164+0000] {dagbag.py:536} INFO - Filling up the DagBag from /opt/airflow/dags/dag_suivi.py
[2026-08-05T16:48:23.182+0000] {processor.py:839} INFO - DAG(s) dict_keys(['pipeline_ingestion_suivi']) retrieved from /opt/airflow/dags/dag_suivi.py
[2026-08-05T16:48:23.205+0000] {logging_mixin.py:151} INFO - [2026-08-05T16:48:23.205+0000] {dag.py:2941} INFO - Sync 1 DAGs
[2026-08-05T16:48:23.223+0000] {logging_mixin.py:151} INFO - [2026-08-05T16:48:23.223+0000] {dag.py:3722} INFO - Setting next_dagrun for pipeline_ingestion_suivi to 2026-08-05T16:00:00+00:00, run_after=2026-08-05T17:00:00+00:00
[2026-08-05T16:48:23.248+0000] {processor.py:179} INFO - Processing /opt/airflow/dags/dag_suivi.py took 0.088 seconds
[2026-08-05T16:48:53.403+0000] {processor.py:157} INFO - Started process (PID=3818) to work on /opt/airflow/dags/dag_suivi.py
[2026-08-05T16:48:53.404+0000] {processor.py:829} INFO - Processing file /opt/airflow/dags/dag_suivi.py for tasks to queue
[2026-08-05T16:48:53.405+0000] {logging_mixin.py:151} INFO - [2026-08-05T16:48:53.404+0000] {dagbag.py:536} INFO - Filling up the DagBag from /opt/airflow/dags/dag_suivi.py
[2026-08-05T16:48:53.422+0000] {processor.py:839} INFO - DAG(s) dict_keys(['pipeline_ingestion_suivi']) retrieved from /opt/airflow/dags/dag_suivi.py
[2026-08-05T16:48:53.446+0000] {logging_mixin.py:151} INFO - [2026-08-05T16:48:53.446+0000] {dag.py:2941} INFO - Sync 1 DAGs
[2026-08-05T16:48:53.464+0000] {logging_mixin.py:151} INFO - [2026-08-05T16:48:53.464+0000] {dag.py:3722} INFO - Setting next_dagrun for pipeline_ingestion_suivi to 2026-08-05T16:00:00+00:00, run_after=2026-08-05T17:00:00+00:00
[2026-08-05T16:48:53.490+0000] {processor.py:179} INFO - Processing /opt/airflow/dags/dag_suivi.py took 0.089 seconds
[2026-08-05T16:49:23.733+0000] {processor.py:157} INFO - Started process (PID=3823) to work on /opt/airflow/dags/dag_suivi.py
[2026-08-05T16:49:23.734+0000] {processor.py:829} INFO - Processing file /opt/airflow/dags/dag_suivi.py for tasks to queue
[2026-08-05T16:49:23.735+0000] {logging_mixin.py:151} INFO - [2026-08-05T16:49:23.734+0000] {dagbag.py:536} INFO - Filling up the DagBag from /opt/airflow/dags/dag_suivi.py
[2026-08-05T16:49:23.751+0000] {processor.py:839} INFO - DAG(s) dict_keys(['pipeline_ingestion_suivi']) retrieved from /opt/airflow/dags/dag_suivi.py
[2026-08-05T16:49:23.773+0000] {logging_mixin.py:151} INFO - [2026-08-05T16:49:23.773+0000] {dag.py:2941} INFO - Sync 1 DAGs
[2026-08-05T16:49:23.792+0000] {logging_mixin.py:151} INFO - [2026-08-05T16:49:23.791+0000] {dag.py:3722} INFO - Setting next_dagrun for pipeline_ingestion_suivi to 2026-08-05T16:00:00+00:00, run_after=2026-08-05T17:00:00+00:00
[2026-08-05T16:49:23.818+0000] {processor.py:179} INFO - Processing /opt/airflow/dags/dag_suivi.py took 0.087 seconds
[2026-08-05T16:49:53.988+0000] {processor.py:157} INFO - Started process (PID=3828) to work on /opt/airflow/dags/dag_suivi.py
[2026-08-05T16:49:53.988+0000] {processor.py:829} INFO - Processing file /opt/airflow/dags/dag_suivi.py for tasks to queue
[2026-08-05T16:49:53.989+0000] {logging_mixin.py:151} INFO - [2026-08-05T16:49:53.989+0000] {dagbag.py:536} INFO - Filling up the DagBag from /opt/airflow/dags/dag_suivi.py
[2026-08-05T16:49:54.006+0000] {processor.py:839} INFO - DAG(s) dict_keys(['pipeline_ingestion_suivi']) retrieved from /opt/airflow/dags/dag_suivi.py
[2026-08-05T16:49:54.032+0000] {logging_mixin.py:151} INFO - [2026-08-05T16:49:54.031+0000] {dag.py:2941} INFO - Sync 1 DAGs
[2026-08-05T16:49:54.053+0000] {logging_mixin.py:151} INFO - [2026-08-05T16:49:54.053+0000] {dag.py:3722} INFO - Setting next_dagrun for pipeline_ingestion_suivi to 2026-08-05T16:00:00+00:00, run_after=2026-08-05T17:00:00+00:00
[2026-08-05T16:49:54.076+0000] {processor.py:179} INFO - Processing /opt/airflow/dags/dag_suivi.py took 0.091 seconds
[2026-08-05T16:50:24.286+0000] {processor.py:157} INFO - Started process (PID=3833) to work on /opt/airflow/dags/dag_suivi.py
[2026-08-05T16:50:24.287+0000] {processor.py:829} INFO - Processing file /opt/airflow/dags/dag_suivi.py for tasks to queue
[2026-08-05T16:50:24.287+0000] {logging_mixin.py:151} INFO - [2026-08-05T16:50:24.287+0000] {dagbag.py:536} INFO - Filling up the DagBag from /opt/airflow/dags/dag_suivi.py
[2026-08-05T16:50:24.304+0000] {processor.py:839} INFO - DAG(s) dict_keys(['pipeline_ingestion_suivi']) retrieved from /opt/airflow/dags/dag_suivi.py
[2026-08-05T16:50:24.326+0000] {logging_mixin.py:151} INFO - [2026-08-05T16:50:24.326+0000] {dag.py:2941} INFO - Sync 1 DAGs
[2026-08-05T16:50:24.345+0000] {logging_mixin.py:151} INFO - [2026-08-05T16:50:24.345+0000] {dag.py:3722} INFO - Setting next_dagrun for pipeline_ingestion_suivi to 2026-08-05T16:00:00+00:00, run_after=2026-08-05T17:00:00+00:00
[2026-08-05T16:50:24.363+0000] {processor.py:179} INFO - Processing /opt/airflow/dags/dag_suivi.py took 0.080 seconds
[2026-08-05T16:50:54.516+0000] {processor.py:157} INFO - Started process (PID=3838) to work on /opt/airflow/dags/dag_suivi.py
[2026-08-05T16:50:54.516+0000] {processor.py:829} INFO - Processing file /opt/airflow/dags/dag_suivi.py for tasks to queue
[2026-08-05T16:50:54.517+0000] {logging_mixin.py:151} INFO - [2026-08-05T16:50:54.517+0000] {dagbag.py:536} INFO - Filling up the DagBag from /opt/airflow/dags/dag_suivi.py
[2026-08-05T16:50:54.536+0000] {processor.py:839} INFO - DAG(s) dict_keys(['pipeline_ingestion_suivi']) retrieved from /opt/airflow/dags/dag_suivi.py
[2026-08-05T16:50:54.561+0000] {logging_mixin.py:151} INFO - [2026-08-05T16:50:54.561+0000] {dag.py:2941} INFO - Sync 1 DAGs
[2026-08-05T16:50:54.578+0000] {logging_mixin.py:151} INFO - [2026-08-05T16:50:54.578+0000] {dag.py:3722} INFO - Setting next_dagrun for pipeline_ingestion_suivi to 2026-08-05T16:00:00+00:00, run_after=2026-08-05T17:00:00+00:00
[2026-08-05T16:50:54.605+0000] {processor.py:179} INFO - Processing /opt/airflow/dags/dag_suivi.py took 0.093 seconds
[2026-08-05T16:51:24.841+0000] {processor.py:157} INFO - Started process (PID=3843) to work on /opt/airflow/dags/dag_suivi.py
[2026-08-05T16:51:24.842+0000] {processor.py:829} INFO - Processing file /opt/airflow/dags/dag_suivi.py for tasks to queue
[2026-08-05T16:51:24.842+0000] {logging_mixin.py:151} INFO - [2026-08-05T16:51:24.842+0000] {dagbag.py:536} INFO - Filling up the DagBag from /opt/airflow/dags/dag_suivi.py
[2026-08-05T16:51:24.861+0000] {processor.py:839} INFO - DAG(s) dict_keys(['pipeline_ingestion_suivi']) retrieved from /opt/airflow/dags/dag_suivi.py
[2026-08-05T16:51:24.886+0000] {logging_mixin.py:151} INFO - [2026-08-05T16:51:24.885+0000] {dag.py:2941} INFO - Sync 1 DAGs
[2026-08-05T16:51:24.907+0000] {logging_mixin.py:151} INFO - [2026-08-05T16:51:24.907+0000] {dag.py:3722} INFO - Setting next_dagrun for pipeline_ingestion_suivi to 2026-08-05T16:00:00+00:00, run_after=2026-08-05T17:00:00+00:00
[2026-08-05T16:51:24.925+0000] {processor.py:179} INFO - Processing /opt/airflow/dags/dag_suivi.py took 0.086 seconds
[2026-08-05T16:51:55.081+0000] {processor.py:157} INFO - Started process (PID=3848) to work on /opt/airflow/dags/dag_suivi.py
[2026-08-05T16:51:55.081+0000] {processor.py:829} INFO - Processing file /opt/airflow/dags/dag_suivi.py for tasks to queue
[2026-08-05T16:51:55.083+0000] {logging_mixin.py:151} INFO - [2026-08-05T16:51:55.082+0000] {dagbag.py:536} INFO - Filling up the DagBag from /opt/airflow/dags/dag_suivi.py
[2026-08-05T16:51:55.104+0000] {processor.py:839} INFO - DAG(s) dict_keys(['pipeline_ingestion_suivi']) retrieved from /opt/airflow/dags/dag_suivi.py
[2026-08-05T16:51:55.129+0000] {logging_mixin.py:151} INFO - [2026-08-05T16:51:55.129+0000] {dag.py:2941} INFO - Sync 1 DAGs
[2026-08-05T16:51:55.147+0000] {logging_mixin.py:151} INFO - [2026-08-05T16:51:55.147+0000] {dag.py:3722} INFO - Setting next_dagrun for pipeline_ingestion_suivi to 2026-08-05T16:00:00+00:00, run_after=2026-08-05T17:00:00+00:00
[2026-08-05T16:51:55.179+0000] {processor.py:179} INFO - Processing /opt/airflow/dags/dag_suivi.py took 0.103 seconds
[2026-08-05T16:52:25.394+0000] {processor.py:157} INFO - Started process (PID=3853) to work on /opt/airflow/dags/dag_suivi.py
[2026-08-05T16:52:25.395+0000] {processor.py:829} INFO - Processing file /opt/airflow/dags/dag_suivi.py for tasks to queue
[2026-08-05T16:52:25.395+0000] {logging_mixin.py:151} INFO - [2026-08-05T16:52:25.395+0000] {dagbag.py:536} INFO - Filling up the DagBag from /opt/airflow/dags/dag_suivi.py
[2026-08-05T16:52:25.411+0000] {processor.py:839} INFO - DAG(s) dict_keys(['pipeline_ingestion_suivi']) retrieved from /opt/airflow/dags/dag_suivi.py
[2026-08-05T16:52:25.435+0000] {logging_mixin.py:151} INFO - [2026-08-05T16:52:25.435+0000] {dag.py:2941} INFO - Sync 1 DAGs
[2026-08-05T16:52:25.453+0000] {logging_mixin.py:151} INFO - [2026-08-05T16:52:25.453+0000] {dag.py:3722} INFO - Setting next_dagrun for pipeline_ingestion_suivi to 2026-08-05T16:00:00+00:00, run_after=2026-08-05T17:00:00+00:00
[2026-08-05T16:52:25.480+0000] {processor.py:179} INFO - Processing /opt/airflow/dags/dag_suivi.py took 0.089 seconds
[2026-08-05T16:52:55.668+0000] {processor.py:157} INFO - Started process (PID=3858) to work on /opt/airflow/dags/dag_suivi.py
[2026-08-05T16:52:55.669+0000] {processor.py:829} INFO - Processing file /opt/airflow/dags/dag_suivi.py for tasks to queue
[2026-08-05T16:52:55.669+0000] {logging_mixin.py:151} INFO - [2026-08-05T16:52:55.669+0000] {dagbag.py:536} INFO - Filling up the DagBag from /opt/airflow/dags/dag_suivi.py
[2026-08-05T16:52:55.686+0000] {processor.py:839} INFO - DAG(s) dict_keys(['pipeline_ingestion_suivi']) retrieved from /opt/airflow/dags/dag_suivi.py
[2026-08-05T16:52:55.708+0000] {logging_mixin.py:151} INFO - [2026-08-05T16:52:55.708+0000] {dag.py:2941} INFO - Sync 1 DAGs
[2026-08-05T16:52:55.726+0000] {logging_mixin.py:151} INFO - [2026-08-05T16:52:55.726+0000] {dag.py:3722} INFO - Setting next_dagrun for pipeline_ingestion_suivi to 2026-08-05T16:00:00+00:00, run_after=2026-08-05T17:00:00+00:00
[2026-08-05T16:52:55.753+0000] {processor.py:179} INFO - Processing /opt/airflow/dags/dag_suivi.py took 0.088 seconds
[2026-08-05T16:53:25.977+0000] {processor.py:157} INFO - Started process (PID=3863) to work on /opt/airflow/dags/dag_suivi.py
[2026-08-05T16:53:25.978+0000] {processor.py:829} INFO - Processing file /opt/airflow/dags/dag_suivi.py for tasks to queue
[2026-08-05T16:53:25.978+0000] {logging_mixin.py:151} INFO - [2026-08-05T16:53:25.978+0000] {dagbag.py:536} INFO - Filling up the DagBag from /opt/airflow/dags/dag_suivi.py
[2026-08-05T16:53:25.995+0000] {processor.py:839} INFO - DAG(s) dict_keys(['pipeline_ingestion_suivi']) retrieved from /opt/airflow/dags/dag_suivi.py
[2026-08-05T16:53:26.018+0000] {logging_mixin.py:151} INFO - [2026-08-05T16:53:26.018+0000] {dag.py:2941} INFO - Sync 1 DAGs
[2026-08-05T16:53:26.036+0000] {logging_mixin.py:151} INFO - [2026-08-05T16:53:26.036+0000] {dag.py:3722} INFO - Setting next_dagrun for pipeline_ingestion_suivi to 2026-08-05T16:00:00+00:00, run_after=2026-08-05T17:00:00+00:00
[2026-08-05T16:53:26.063+0000] {processor.py:179} INFO - Processing /opt/airflow/dags/dag_suivi.py took 0.089 seconds
[2026-08-05T16:53:56.253+0000] {processor.py:157} INFO - Started process (PID=3868) to work on /opt/airflow/dags/dag_suivi.py
[2026-08-05T16:53:56.255+0000] {processor.py:829} INFO - Processing file /opt/airflow/dags/dag_suivi.py for tasks to queue
[2026-08-05T16:53:56.257+0000] {logging_mixin.py:151} INFO - [2026-08-05T16:53:56.257+0000] {dagbag.py:536} INFO - Filling up the DagBag from /opt/airflow/dags/dag_suivi.py
[2026-08-05T16:53:56.279+0000] {processor.py:839} INFO - DAG(s) dict_keys(['pipeline_ingestion_suivi']) retrieved from /opt/airflow/dags/dag_suivi.py
[2026-08-05T16:53:56.312+0000] {logging_mixin.py:151} INFO - [2026-08-05T16:53:56.312+0000] {dag.py:2941} INFO - Sync 1 DAGs
[2026-08-05T16:53:56.340+0000] {logging_mixin.py:151} INFO - [2026-08-05T16:53:56.339+0000] {dag.py:3722} INFO - Setting next_dagrun for pipeline_ingestion_suivi to 2026-08-05T16:00:00+00:00, run_after=2026-08-05T17:00:00+00:00
[2026-08-05T16:53:56.362+0000] {processor.py:179} INFO - Processing /opt/airflow/dags/dag_suivi.py took 0.114 seconds
[2026-08-05T16:54:26.506+0000] {processor.py:157} INFO - Started process (PID=3873) to work on /opt/airflow/dags/dag_suivi.py
[2026-08-05T16:54:26.507+0000] {processor.py:829} INFO - Processing file /opt/airflow/dags/dag_suivi.py for tasks to queue
[2026-08-05T16:54:26.508+0000] {logging_mixin.py:151} INFO - [2026-08-05T16:54:26.508+0000] {dagbag.py:536} INFO - Filling up the DagBag from /opt/airflow/dags/dag_suivi.py
[2026-08-05T16:54:26.527+0000] {processor.py:839} INFO - DAG(s) dict_keys(['pipeline_ingestion_suivi']) retrieved from /opt/airflow/dags/dag_suivi.py
[2026-08-05T16:54:26.550+0000] {logging_mixin.py:151} INFO - [2026-08-05T16:54:26.549+0000] {dag.py:2941} INFO - Sync 1 DAGs
[2026-08-05T16:54:26.568+0000] {logging_mixin.py:151} INFO - [2026-08-05T16:54:26.567+0000] {dag.py:3722} INFO - Setting next_dagrun for pipeline_ingestion_suivi to 2026-08-05T16:00:00+00:00, run_after=2026-08-05T17:00:00+00:00
[2026-08-05T16:54:26.584+0000] {processor.py:179} INFO - Processing /opt/airflow/dags/dag_suivi.py took 0.080 seconds
[2026-08-05T16:54:56.833+0000] {processor.py:157} INFO - Started process (PID=3878) to work on /opt/airflow/dags/dag_suivi.py
[2026-08-05T16:54:56.833+0000] {processor.py:829} INFO - Processing file /opt/airflow/dags/dag_suivi.py for tasks to queue
[2026-08-05T16:54:56.834+0000] {logging_mixin.py:151} INFO - [2026-08-05T16:54:56.834+0000] {dagbag.py:536} INFO - Filling up the DagBag from /opt/airflow/dags/dag_suivi.py
[2026-08-05T16:54:56.850+0000] {processor.py:839} INFO - DAG(s) dict_keys(['pipeline_ingestion_suivi']) retrieved from /opt/airflow/dags/dag_suivi.py
[2026-08-05T16:54:56.870+0000] {logging_mixin.py:151} INFO - [2026-08-05T16:54:56.870+0000] {dag.py:2941} INFO - Sync 1 DAGs
[2026-08-05T16:54:56.887+0000] {logging_mixin.py:151} INFO - [2026-08-05T16:54:56.887+0000] {dag.py:3722} INFO - Setting next_dagrun for pipeline_ingestion_suivi to 2026-08-05T16:00:00+00:00, run_after=2026-08-05T17:00:00+00:00
[2026-08-05T16:54:56.915+0000] {processor.py:179} INFO - Processing /opt/airflow/dags/dag_suivi.py took 0.085 seconds
[2026-08-05T16:55:27.107+0000] {processor.py:157} INFO - Started process (PID=3883) to work on /opt/airflow/dags/dag_suivi.py
[2026-08-05T16:55:27.107+0000] {processor.py:829} INFO - Processing file /opt/airflow/dags/dag_suivi.py for tasks to queue
[2026-08-05T16:55:27.108+0000] {logging_mixin.py:151} INFO - [2026-08-05T16:55:27.108+0000] {dagbag.py:536} INFO - Filling up the DagBag from /opt/airflow/dags/dag_suivi.py
[2026-08-05T16:55:27.127+0000] {processor.py:839} INFO - DAG(s) dict_keys(['pipeline_ingestion_suivi']) retrieved from /opt/airflow/dags/dag_suivi.py
[2026-08-05T16:55:27.153+0000] {logging_mixin.py:151} INFO - [2026-08-05T16:55:27.153+0000] {dag.py:2941} INFO - Sync 1 DAGs
[2026-08-05T16:55:27.171+0000] {logging_mixin.py:151} INFO - [2026-08-05T16:55:27.171+0000] {dag.py:3722} INFO - Setting next_dagrun for pipeline_ingestion_suivi to 2026-08-05T16:00:00+00:00, run_after=2026-08-05T17:00:00+00:00
[2026-08-05T16:55:27.190+0000] {processor.py:179} INFO - Processing /opt/airflow/dags/dag_suivi.py took 0.086 seconds
[2026-08-05T16:55:57.424+0000] {processor.py:157} INFO - Started process (PID=3888) to work on /opt/airflow/dags/dag_suivi.py
[2026-08-05T16:55:57.424+0000] {processor.py:829} INFO - Processing file /opt/airflow/dags/dag_suivi.py for tasks to queue
[2026-08-05T16:55:57.425+0000] {logging_mixin.py:151} INFO - [2026-08-05T16:55:57.425+0000] {dagbag.py:536} INFO - Filling up the DagBag from /opt/airflow/dags/dag_suivi.py
[2026-08-05T16:55:57.441+0000] {processor.py:839} INFO - DAG(s) dict_keys(['pipeline_ingestion_suivi']) retrieved from /opt/airflow/dags/dag_suivi.py
[2026-08-05T16:55:57.462+0000] {logging_mixin.py:151} INFO - [2026-08-05T16:55:57.462+0000] {dag.py:2941} INFO - Sync 1 DAGs
[2026-08-05T16:55:57.480+0000] {logging_mixin.py:151} INFO - [2026-08-05T16:55:57.480+0000] {dag.py:3722} INFO - Setting next_dagrun for pipeline_ingestion_suivi to 2026-08-05T16:00:00+00:00, run_after=2026-08-05T17:00:00+00:00
[2026-08-05T16:55:57.507+0000] {processor.py:179} INFO - Processing /opt/airflow/dags/dag_suivi.py took 0.085 seconds
[2026-08-05T16:56:27.696+0000] {processor.py:157} INFO - Started process (PID=3893) to work on /opt/airflow/dags/dag_suivi.py
[2026-08-05T16:56:27.697+0000] {processor.py:829} INFO - Processing file /opt/airflow/dags/dag_suivi.py for tasks to queue
[2026-08-05T16:56:27.697+0000] {logging_mixin.py:151} INFO - [2026-08-05T16:56:27.697+0000] {dagbag.py:536} INFO - Filling up the DagBag from /opt/airflow/dags/dag_suivi.py
[2026-08-05T16:56:27.714+0000] {processor.py:839} INFO - DAG(s) dict_keys(['pipeline_ingestion_suivi']) retrieved from /opt/airflow/dags/dag_suivi.py
[2026-08-05T16:56:27.735+0000] {logging_mixin.py:151} INFO - [2026-08-05T16:56:27.735+0000] {dag.py:2941} INFO - Sync 1 DAGs
[2026-08-05T16:56:27.753+0000] {logging_mixin.py:151} INFO - [2026-08-05T16:56:27.753+0000] {dag.py:3722} INFO - Setting next_dagrun for pipeline_ingestion_suivi to 2026-08-05T16:00:00+00:00, run_after=2026-08-05T17:00:00+00:00
[2026-08-05T16:56:27.781+0000] {processor.py:179} INFO - Processing /opt/airflow/dags/dag_suivi.py took 0.088 seconds
[2026-08-05T16:56:57.975+0000] {processor.py:157} INFO - Started process (PID=3898) to work on /opt/airflow/dags/dag_suivi.py
[2026-08-05T16:56:57.976+0000] {processor.py:829} INFO - Processing file /opt/airflow/dags/dag_suivi.py for tasks to queue
[2026-08-05T16:56:57.976+0000] {logging_mixin.py:151} INFO - [2026-08-05T16:56:57.976+0000] {dagbag.py:536} INFO - Filling up the DagBag from /opt/airflow/dags/dag_suivi.py
[2026-08-05T16:56:57.993+0000] {processor.py:839} INFO - DAG(s) dict_keys(['pipeline_ingestion_suivi']) retrieved from /opt/airflow/dags/dag_suivi.py
[2026-08-05T16:56:58.016+0000] {logging_mixin.py:151} INFO - [2026-08-05T16:56:58.015+0000] {dag.py:2941} INFO - Sync 1 DAGs
[2026-08-05T16:56:58.033+0000] {logging_mixin.py:151} INFO - [2026-08-05T16:56:58.033+0000] {dag.py:3722} INFO - Setting next_dagrun for pipeline_ingestion_suivi to 2026-08-05T16:00:00+00:00, run_after=2026-08-05T17:00:00+00:00
[2026-08-05T16:56:58.051+0000] {processor.py:179} INFO - Processing /opt/airflow/dags/dag_suivi.py took 0.078 seconds
[2026-08-05T16:57:28.303+0000] {processor.py:157} INFO - Started process (PID=3903) to work on /opt/airflow/dags/dag_suivi.py
[2026-08-05T16:57:28.304+0000] {processor.py:829} INFO - Processing file /opt/airflow/dags/dag_suivi.py for tasks to queue
[2026-08-05T16:57:28.305+0000] {logging_mixin.py:151} INFO - [2026-08-05T16:57:28.305+0000] {dagbag.py:536} INFO - Filling up the DagBag from /opt/airflow/dags/dag_suivi.py
[2026-08-05T16:57:28.321+0000] {processor.py:839} INFO - DAG(s) dict_keys(['pipeline_ingestion_suivi']) retrieved from /opt/airflow/dags/dag_suivi.py
[2026-08-05T16:57:28.341+0000] {logging_mixin.py:151} INFO - [2026-08-05T16:57:28.341+0000] {dag.py:2941} INFO - Sync 1 DAGs
[2026-08-05T16:57:28.358+0000] {logging_mixin.py:151} INFO - [2026-08-05T16:57:28.358+0000] {dag.py:3722} INFO - Setting next_dagrun for pipeline_ingestion_suivi to 2026-08-05T16:00:00+00:00, run_after=2026-08-05T17:00:00+00:00
[2026-08-05T16:57:28.387+0000] {processor.py:179} INFO - Processing /opt/airflow/dags/dag_suivi.py took 0.086 seconds
[2026-08-05T16:57:58.580+0000] {processor.py:157} INFO - Started process (PID=3908) to work on /opt/airflow/dags/dag_suivi.py
[2026-08-05T16:57:58.581+0000] {processor.py:829} INFO - Processing file /opt/airflow/dags/dag_suivi.py for tasks to queue
[2026-08-05T16:57:58.581+0000] {logging_mixin.py:151} INFO - [2026-08-05T16:57:58.581+0000] {dagbag.py:536} INFO - Filling up the DagBag from /opt/airflow/dags/dag_suivi.py
[2026-08-05T16:57:58.600+0000] {processor.py:839} INFO - DAG(s) dict_keys(['pipeline_ingestion_suivi']) retrieved from /opt/airflow/dags/dag_suivi.py
[2026-08-05T16:57:58.626+0000] {logging_mixin.py:151} INFO - [2026-08-05T16:57:58.626+0000] {dag.py:2941} INFO - Sync 1 DAGs
[2026-08-05T16:57:58.645+0000] {logging_mixin.py:151} INFO - [2026-08-05T16:57:58.645+0000] {dag.py:3722} INFO - Setting next_dagrun for pipeline_ingestion_suivi to 2026-08-05T16:00:00+00:00, run_after=2026-08-05T17:00:00+00:00
[2026-08-05T16:57:58.662+0000] {processor.py:179} INFO - Processing /opt/airflow/dags/dag_suivi.py took 0.084 seconds
[2026-08-05T16:58:28.848+0000] {processor.py:157} INFO - Started process (PID=3913) to work on /opt/airflow/dags/dag_suivi.py
[2026-08-05T16:58:28.849+0000] {processor.py:829} INFO - Processing file /opt/airflow/dags/dag_suivi.py for tasks to queue
[2026-08-05T16:58:28.850+0000] {logging_mixin.py:151} INFO - [2026-08-05T16:58:28.849+0000] {dagbag.py:536} INFO - Filling up the DagBag from /opt/airflow/dags/dag_suivi.py
[2026-08-05T16:58:28.867+0000] {processor.py:839} INFO - DAG(s) dict_keys(['pipeline_ingestion_suivi']) retrieved from /opt/airflow/dags/dag_suivi.py
[2026-08-05T16:58:28.903+0000] {logging_mixin.py:151} INFO - [2026-08-05T16:58:28.903+0000] {dag.py:2941} INFO - Sync 1 DAGs
[2026-08-05T16:58:28.944+0000] {logging_mixin.py:151} INFO - [2026-08-05T16:58:28.944+0000] {dag.py:3722} INFO - Setting next_dagrun for pipeline_ingestion_suivi to 2026-08-05T16:00:00+00:00, run_after=2026-08-05T17:00:00+00:00
[2026-08-05T16:58:28.966+0000] {processor.py:179} INFO - Processing /opt/airflow/dags/dag_suivi.py took 0.121 seconds
[2026-08-05T16:58:59.125+0000] {processor.py:157} INFO - Started process (PID=3918) to work on /opt/airflow/dags/dag_suivi.py
[2026-08-05T16:58:59.126+0000] {processor.py:829} INFO - Processing file /opt/airflow/dags/dag_suivi.py for tasks to queue
[2026-08-05T16:58:59.127+0000] {logging_mixin.py:151} INFO - [2026-08-05T16:58:59.126+0000] {dagbag.py:536} INFO - Filling up the DagBag from /opt/airflow/dags/dag_suivi.py
[2026-08-05T16:58:59.155+0000] {processor.py:839} INFO - DAG(s) dict_keys(['pipeline_ingestion_suivi']) retrieved from /opt/airflow/dags/dag_suivi.py
[2026-08-05T16:58:59.181+0000] {logging_mixin.py:151} INFO - [2026-08-05T16:58:59.181+0000] {dag.py:2941} INFO - Sync 1 DAGs
[2026-08-05T16:58:59.200+0000] {logging_mixin.py:151} INFO - [2026-08-05T16:58:59.200+0000] {dag.py:3722} INFO - Setting next_dagrun for pipeline_ingestion_suivi to 2026-08-05T16:00:00+00:00, run_after=2026-08-05T17:00:00+00:00
[2026-08-05T16:58:59.227+0000] {processor.py:179} INFO - Processing /opt/airflow/dags/dag_suivi.py took 0.106 seconds
[2026-08-05T16:59:29.371+0000] {processor.py:157} INFO - Started process (PID=3923) to work on /opt/airflow/dags/dag_suivi.py
[2026-08-05T16:59:29.372+0000] {processor.py:829} INFO - Processing file /opt/airflow/dags/dag_suivi.py for tasks to queue
[2026-08-05T16:59:29.373+0000] {logging_mixin.py:151} INFO - [2026-08-05T16:59:29.373+0000] {dagbag.py:536} INFO - Filling up the DagBag from /opt/airflow/dags/dag_suivi.py
[2026-08-05T16:59:29.401+0000] {processor.py:839} INFO - DAG(s) dict_keys(['pipeline_ingestion_suivi']) retrieved from /opt/airflow/dags/dag_suivi.py
[2026-08-05T16:59:29.436+0000] {logging_mixin.py:151} INFO - [2026-08-05T16:59:29.436+0000] {dag.py:2941} INFO - Sync 1 DAGs
[2026-08-05T16:59:29.455+0000] {logging_mixin.py:151} INFO - [2026-08-05T16:59:29.455+0000] {dag.py:3722} INFO - Setting next_dagrun for pipeline_ingestion_suivi to 2026-08-05T16:00:00+00:00, run_after=2026-08-05T17:00:00+00:00
[2026-08-05T16:59:29.473+0000] {processor.py:179} INFO - Processing /opt/airflow/dags/dag_suivi.py took 0.106 seconds
[2026-08-05T16:59:59.650+0000] {processor.py:157} INFO - Started process (PID=3928) to work on /opt/airflow/dags/dag_suivi.py
[2026-08-05T16:59:59.651+0000] {processor.py:829} INFO - Processing file /opt/airflow/dags/dag_suivi.py for tasks to queue
[2026-08-05T16:59:59.652+0000] {logging_mixin.py:151} INFO - [2026-08-05T16:59:59.652+0000] {dagbag.py:536} INFO - Filling up the DagBag from /opt/airflow/dags/dag_suivi.py
[2026-08-05T16:59:59.671+0000] {processor.py:839} INFO - DAG(s) dict_keys(['pipeline_ingestion_suivi']) retrieved from /opt/airflow/dags/dag_suivi.py
[2026-08-05T16:59:59.691+0000] {logging_mixin.py:151} INFO - [2026-08-05T16:59:59.691+0000] {dag.py:2941} INFO - Sync 1 DAGs
[2026-08-05T16:59:59.715+0000] {logging_mixin.py:151} INFO - [2026-08-05T16:59:59.715+0000] {dag.py:3722} INFO - Setting next_dagrun for pipeline_ingestion_suivi to 2026-08-05T16:00:00+00:00, run_after=2026-08-05T17:00:00+00:00
[2026-08-05T16:59:59.735+0000] {processor.py:179} INFO - Processing /opt/airflow/dags/dag_suivi.py took 0.088 seconds
[2026-08-05T17:00:29.892+0000] {processor.py:157} INFO - Started process (PID=3935) to work on /opt/airflow/dags/dag_suivi.py
[2026-08-05T17:00:29.894+0000] {processor.py:829} INFO - Processing file /opt/airflow/dags/dag_suivi.py for tasks to queue
[2026-08-05T17:00:29.895+0000] {logging_mixin.py:151} INFO - [2026-08-05T17:00:29.894+0000] {dagbag.py:536} INFO - Filling up the DagBag from /opt/airflow/dags/dag_suivi.py
[2026-08-05T17:00:29.920+0000] {processor.py:839} INFO - DAG(s) dict_keys(['pipeline_ingestion_suivi']) retrieved from /opt/airflow/dags/dag_suivi.py
[2026-08-05T17:00:29.944+0000] {logging_mixin.py:151} INFO - [2026-08-05T17:00:29.944+0000] {dag.py:2941} INFO - Sync 1 DAGs
[2026-08-05T17:00:29.965+0000] {logging_mixin.py:151} INFO - [2026-08-05T17:00:29.965+0000] {dag.py:3722} INFO - Setting next_dagrun for pipeline_ingestion_suivi to 2026-08-05T17:00:00+00:00, run_after=2026-08-05T18:00:00+00:00
[2026-08-05T17:00:30.000+0000] {processor.py:179} INFO - Processing /opt/airflow/dags/dag_suivi.py took 0.111 seconds
[2026-08-05T17:01:00.154+0000] {processor.py:157} INFO - Started process (PID=3940) to work on /opt/airflow/dags/dag_suivi.py
[2026-08-05T17:01:00.155+0000] {processor.py:829} INFO - Processing file /opt/airflow/dags/dag_suivi.py for tasks to queue
[2026-08-05T17:01:00.155+0000] {logging_mixin.py:151} INFO - [2026-08-05T17:01:00.155+0000] {dagbag.py:536} INFO - Filling up the DagBag from /opt/airflow/dags/dag_suivi.py
[2026-08-05T17:01:00.172+0000] {processor.py:839} INFO - DAG(s) dict_keys(['pipeline_ingestion_suivi']) retrieved from /opt/airflow/dags/dag_suivi.py
[2026-08-05T17:01:00.194+0000] {logging_mixin.py:151} INFO - [2026-08-05T17:01:00.193+0000] {dag.py:2941} INFO - Sync 1 DAGs
[2026-08-05T17:01:00.210+0000] {logging_mixin.py:151} INFO - [2026-08-05T17:01:00.210+0000] {dag.py:3722} INFO - Setting next_dagrun for pipeline_ingestion_suivi to 2026-08-05T17:00:00+00:00, run_after=2026-08-05T18:00:00+00:00
[2026-08-05T17:01:00.238+0000] {processor.py:179} INFO - Processing /opt/airflow/dags/dag_suivi.py took 0.087 seconds
[2026-08-05T17:01:30.451+0000] {processor.py:157} INFO - Started process (PID=3945) to work on /opt/airflow/dags/dag_suivi.py
[2026-08-05T17:01:30.451+0000] {processor.py:829} INFO - Processing file /opt/airflow/dags/dag_suivi.py for tasks to queue
[2026-08-05T17:01:30.452+0000] {logging_mixin.py:151} INFO - [2026-08-05T17:01:30.452+0000] {dagbag.py:536} INFO - Filling up the DagBag from /opt/airflow/dags/dag_suivi.py
[2026-08-05T17:01:30.469+0000] {processor.py:839} INFO - DAG(s) dict_keys(['pipeline_ingestion_suivi']) retrieved from /opt/airflow/dags/dag_suivi.py
[2026-08-05T17:01:30.492+0000] {logging_mixin.py:151} INFO - [2026-08-05T17:01:30.492+0000] {dag.py:2941} INFO - Sync 1 DAGs
[2026-08-05T17:01:30.509+0000] {logging_mixin.py:151} INFO - [2026-08-05T17:01:30.509+0000] {dag.py:3722} INFO - Setting next_dagrun for pipeline_ingestion_suivi to 2026-08-05T17:00:00+00:00, run_after=2026-08-05T18:00:00+00:00
[2026-08-05T17:01:30.526+0000] {processor.py:179} INFO - Processing /opt/airflow/dags/dag_suivi.py took 0.078 seconds
[2026-08-05T17:02:00.677+0000] {processor.py:157} INFO - Started process (PID=3950) to work on /opt/airflow/dags/dag_suivi.py
[2026-08-05T17:02:00.678+0000] {processor.py:829} INFO - Processing file /opt/airflow/dags/dag_suivi.py for tasks to queue
[2026-08-05T17:02:00.679+0000] {logging_mixin.py:151} INFO - [2026-08-05T17:02:00.679+0000] {dagbag.py:536} INFO - Filling up the DagBag from /opt/airflow/dags/dag_suivi.py
[2026-08-05T17:02:00.700+0000] {processor.py:839} INFO - DAG(s) dict_keys(['pipeline_ingestion_suivi']) retrieved from /opt/airflow/dags/dag_suivi.py
[2026-08-05T17:02:00.723+0000] {logging_mixin.py:151} INFO - [2026-08-05T17:02:00.723+0000] {dag.py:2941} INFO - Sync 1 DAGs
[2026-08-05T17:02:00.739+0000] {logging_mixin.py:151} INFO - [2026-08-05T17:02:00.739+0000] {dag.py:3722} INFO - Setting next_dagrun for pipeline_ingestion_suivi to 2026-08-05T17:00:00+00:00, run_after=2026-08-05T18:00:00+00:00
[2026-08-05T17:02:00.755+0000] {processor.py:179} INFO - Processing /opt/airflow/dags/dag_suivi.py took 0.082 seconds
[2026-08-05T17:02:30.938+0000] {processor.py:157} INFO - Started process (PID=3955) to work on /opt/airflow/dags/dag_suivi.py
[2026-08-05T17:02:30.938+0000] {processor.py:829} INFO - Processing file /opt/airflow/dags/dag_suivi.py for tasks to queue
[2026-08-05T17:02:30.939+0000] {logging_mixin.py:151} INFO - [2026-08-05T17:02:30.939+0000] {dagbag.py:536} INFO - Filling up the DagBag from /opt/airflow/dags/dag_suivi.py
[2026-08-05T17:02:30.956+0000] {processor.py:839} INFO - DAG(s) dict_keys(['pipeline_ingestion_suivi']) retrieved from /opt/airflow/dags/dag_suivi.py
[2026-08-05T17:02:30.977+0000] {logging_mixin.py:151} INFO - [2026-08-05T17:02:30.977+0000] {dag.py:2941} INFO - Sync 1 DAGs
[2026-08-05T17:02:30.993+0000] {logging_mixin.py:151} INFO - [2026-08-05T17:02:30.993+0000] {dag.py:3722} INFO - Setting next_dagrun for pipeline_ingestion_suivi to 2026-08-05T17:00:00+00:00, run_after=2026-08-05T18:00:00+00:00
[2026-08-05T17:02:31.011+0000] {processor.py:179} INFO - Processing /opt/airflow/dags/dag_suivi.py took 0.076 seconds
[2026-08-05T17:03:01.213+0000] {processor.py:157} INFO - Started process (PID=3960) to work on /opt/airflow/dags/dag_suivi.py
[2026-08-05T17:03:01.213+0000] {processor.py:829} INFO - Processing file /opt/airflow/dags/dag_suivi.py for tasks to queue
[2026-08-05T17:03:01.214+0000] {logging_mixin.py:151} INFO - [2026-08-05T17:03:01.214+0000] {dagbag.py:536} INFO - Filling up the DagBag from /opt/airflow/dags/dag_suivi.py
[2026-08-05T17:03:01.230+0000] {processor.py:839} INFO - DAG(s) dict_keys(['pipeline_ingestion_suivi']) retrieved from /opt/airflow/dags/dag_suivi.py
[2026-08-05T17:03:01.250+0000] {logging_mixin.py:151} INFO - [2026-08-05T17:03:01.250+0000] {dag.py:2941} INFO - Sync 1 DAGs
[2026-08-05T17:03:01.267+0000] {logging_mixin.py:151} INFO - [2026-08-05T17:03:01.266+0000] {dag.py:3722} INFO - Setting next_dagrun for pipeline_ingestion_suivi to 2026-08-05T17:00:00+00:00, run_after=2026-08-05T18:00:00+00:00
[2026-08-05T17:03:01.283+0000] {processor.py:179} INFO - Processing /opt/airflow/dags/dag_suivi.py took 0.074 seconds
[2026-08-05T17:03:31.458+0000] {processor.py:157} INFO - Started process (PID=3965) to work on /opt/airflow/dags/dag_suivi.py
[2026-08-05T17:03:31.459+0000] {processor.py:829} INFO - Processing file /opt/airflow/dags/dag_suivi.py for tasks to queue
[2026-08-05T17:03:31.459+0000] {logging_mixin.py:151} INFO - [2026-08-05T17:03:31.459+0000] {dagbag.py:536} INFO - Filling up the DagBag from /opt/airflow/dags/dag_suivi.py
[2026-08-05T17:03:31.475+0000] {processor.py:839} INFO - DAG(s) dict_keys(['pipeline_ingestion_suivi']) retrieved from /opt/airflow/dags/dag_suivi.py
[2026-08-05T17:03:31.497+0000] {logging_mixin.py:151} INFO - [2026-08-05T17:03:31.497+0000] {dag.py:2941} INFO - Sync 1 DAGs
[2026-08-05T17:03:31.513+0000] {logging_mixin.py:151} INFO - [2026-08-05T17:03:31.513+0000] {dag.py:3722} INFO - Setting next_dagrun for pipeline_ingestion_suivi to 2026-08-05T17:00:00+00:00, run_after=2026-08-05T18:00:00+00:00
[2026-08-05T17:03:31.529+0000] {processor.py:179} INFO - Processing /opt/airflow/dags/dag_suivi.py took 0.074 seconds
[2026-08-05T17:04:01.735+0000] {processor.py:157} INFO - Started process (PID=3970) to work on /opt/airflow/dags/dag_suivi.py
[2026-08-05T17:04:01.735+0000] {processor.py:829} INFO - Processing file /opt/airflow/dags/dag_suivi.py for tasks to queue
[2026-08-05T17:04:01.736+0000] {logging_mixin.py:151} INFO - [2026-08-05T17:04:01.736+0000] {dagbag.py:536} INFO - Filling up the DagBag from /opt/airflow/dags/dag_suivi.py
[2026-08-05T17:04:01.752+0000] {processor.py:839} INFO - DAG(s) dict_keys(['pipeline_ingestion_suivi']) retrieved from /opt/airflow/dags/dag_suivi.py
[2026-08-05T17:04:01.774+0000] {logging_mixin.py:151} INFO - [2026-08-05T17:04:01.774+0000] {dag.py:2941} INFO - Sync 1 DAGs
[2026-08-05T17:04:01.791+0000] {logging_mixin.py:151} INFO - [2026-08-05T17:04:01.791+0000] {dag.py:3722} INFO - Setting next_dagrun for pipeline_ingestion_suivi to 2026-08-05T17:00:00+00:00, run_after=2026-08-05T18:00:00+00:00
[2026-08-05T17:04:01.809+0000] {processor.py:179} INFO - Processing /opt/airflow/dags/dag_suivi.py took 0.077 seconds
[2026-08-05T17:04:31.992+0000] {processor.py:157} INFO - Started process (PID=3975) to work on /opt/airflow/dags/dag_suivi.py
[2026-08-05T17:04:31.993+0000] {processor.py:829} INFO - Processing file /opt/airflow/dags/dag_suivi.py for tasks to queue
[2026-08-05T17:04:31.994+0000] {logging_mixin.py:151} INFO - [2026-08-05T17:04:31.994+0000] {dagbag.py:536} INFO - Filling up the DagBag from /opt/airflow/dags/dag_suivi.py
[2026-08-05T17:04:32.012+0000] {processor.py:839} INFO - DAG(s) dict_keys(['pipeline_ingestion_suivi']) retrieved from /opt/airflow/dags/dag_suivi.py
[2026-08-05T17:04:32.037+0000] {logging_mixin.py:151} INFO - [2026-08-05T17:04:32.037+0000] {dag.py:2941} INFO - Sync 1 DAGs
[2026-08-05T17:04:32.060+0000] {logging_mixin.py:151} INFO - [2026-08-05T17:04:32.060+0000] {dag.py:3722} INFO - Setting next_dagrun for pipeline_ingestion_suivi to 2026-08-05T17:00:00+00:00, run_after=2026-08-05T18:00:00+00:00
[2026-08-05T17:04:32.085+0000] {processor.py:179} INFO - Processing /opt/airflow/dags/dag_suivi.py took 0.096 seconds
[2026-08-05T17:05:02.254+0000] {processor.py:157} INFO - Started process (PID=3980) to work on /opt/airflow/dags/dag_suivi.py
[2026-08-05T17:05:02.255+0000] {processor.py:829} INFO - Processing file /opt/airflow/dags/dag_suivi.py for tasks to queue
[2026-08-05T17:05:02.256+0000] {logging_mixin.py:151} INFO - [2026-08-05T17:05:02.256+0000] {dagbag.py:536} INFO - Filling up the DagBag from /opt/airflow/dags/dag_suivi.py
[2026-08-05T17:05:02.276+0000] {processor.py:839} INFO - DAG(s) dict_keys(['pipeline_ingestion_suivi']) retrieved from /opt/airflow/dags/dag_suivi.py
[2026-08-05T17:05:02.298+0000] {logging_mixin.py:151} INFO - [2026-08-05T17:05:02.298+0000] {dag.py:2941} INFO - Sync 1 DAGs
[2026-08-05T17:05:02.315+0000] {logging_mixin.py:151} INFO - [2026-08-05T17:05:02.315+0000] {dag.py:3722} INFO - Setting next_dagrun for pipeline_ingestion_suivi to 2026-08-05T17:00:00+00:00, run_after=2026-08-05T18:00:00+00:00
[2026-08-05T17:05:02.332+0000] {processor.py:179} INFO - Processing /opt/airflow/dags/dag_suivi.py took 0.080 seconds
[2026-08-05T17:05:32.502+0000] {processor.py:157} INFO - Started process (PID=3985) to work on /opt/airflow/dags/dag_suivi.py
[2026-08-05T17:05:32.502+0000] {processor.py:829} INFO - Processing file /opt/airflow/dags/dag_suivi.py for tasks to queue
[2026-08-05T17:05:32.503+0000] {logging_mixin.py:151} INFO - [2026-08-05T17:05:32.503+0000] {dagbag.py:536} INFO - Filling up the DagBag from /opt/airflow/dags/dag_suivi.py
[2026-08-05T17:05:32.524+0000] {processor.py:839} INFO - DAG(s) dict_keys(['pipeline_ingestion_suivi']) retrieved from /opt/airflow/dags/dag_suivi.py
[2026-08-05T17:05:32.551+0000] {logging_mixin.py:151} INFO - [2026-08-05T17:05:32.551+0000] {dag.py:2941} INFO - Sync 1 DAGs
[2026-08-05T17:05:32.569+0000] {logging_mixin.py:151} INFO - [2026-08-05T17:05:32.569+0000] {dag.py:3722} INFO - Setting next_dagrun for pipeline_ingestion_suivi to 2026-08-05T17:00:00+00:00, run_after=2026-08-05T18:00:00+00:00
[2026-08-05T17:05:32.589+0000] {processor.py:179} INFO - Processing /opt/airflow/dags/dag_suivi.py took 0.090 seconds
[2026-08-05T17:06:02.774+0000] {processor.py:157} INFO - Started process (PID=3990) to work on /opt/airflow/dags/dag_suivi.py
[2026-08-05T17:06:02.775+0000] {processor.py:829} INFO - Processing file /opt/airflow/dags/dag_suivi.py for tasks to queue
[2026-08-05T17:06:02.775+0000] {logging_mixin.py:151} INFO - [2026-08-05T17:06:02.775+0000] {dagbag.py:536} INFO - Filling up the DagBag from /opt/airflow/dags/dag_suivi.py
[2026-08-05T17:06:02.792+0000] {processor.py:839} INFO - DAG(s) dict_keys(['pipeline_ingestion_suivi']) retrieved from /opt/airflow/dags/dag_suivi.py
[2026-08-05T17:06:02.814+0000] {logging_mixin.py:151} INFO - [2026-08-05T17:06:02.813+0000] {dag.py:2941} INFO - Sync 1 DAGs
[2026-08-05T17:06:02.831+0000] {logging_mixin.py:151} INFO - [2026-08-05T17:06:02.831+0000] {dag.py:3722} INFO - Setting next_dagrun for pipeline_ingestion_suivi to 2026-08-05T17:00:00+00:00, run_after=2026-08-05T18:00:00+00:00
[2026-08-05T17:06:02.850+0000] {processor.py:179} INFO - Processing /opt/airflow/dags/dag_suivi.py took 0.079 seconds
[2026-08-05T17:06:33.021+0000] {processor.py:157} INFO - Started process (PID=3995) to work on /opt/airflow/dags/dag_suivi.py
[2026-08-05T17:06:33.022+0000] {processor.py:829} INFO - Processing file /opt/airflow/dags/dag_suivi.py for tasks to queue
[2026-08-05T17:06:33.023+0000] {logging_mixin.py:151} INFO - [2026-08-05T17:06:33.022+0000] {dagbag.py:536} INFO - Filling up the DagBag from /opt/airflow/dags/dag_suivi.py
[2026-08-05T17:06:33.048+0000] {processor.py:839} INFO - DAG(s) dict_keys(['pipeline_ingestion_suivi']) retrieved from /opt/airflow/dags/dag_suivi.py
[2026-08-05T17:06:33.079+0000] {logging_mixin.py:151} INFO - [2026-08-05T17:06:33.079+0000] {dag.py:2941} INFO - Sync 1 DAGs
[2026-08-05T17:06:33.101+0000] {logging_mixin.py:151} INFO - [2026-08-05T17:06:33.101+0000] {dag.py:3722} INFO - Setting next_dagrun for pipeline_ingestion_suivi to 2026-08-05T17:00:00+00:00, run_after=2026-08-05T18:00:00+00:00
[2026-08-05T17:06:33.123+0000] {processor.py:179} INFO - Processing /opt/airflow/dags/dag_suivi.py took 0.106 seconds
[2026-08-05T17:07:03.252+0000] {processor.py:157} INFO - Started process (PID=4000) to work on /opt/airflow/dags/dag_suivi.py
[2026-08-05T17:07:03.253+0000] {processor.py:829} INFO - Processing file /opt/airflow/dags/dag_suivi.py for tasks to queue
[2026-08-05T17:07:03.253+0000] {logging_mixin.py:151} INFO - [2026-08-05T17:07:03.253+0000] {dagbag.py:536} INFO - Filling up the DagBag from /opt/airflow/dags/dag_suivi.py
[2026-08-05T17:07:03.272+0000] {processor.py:839} INFO - DAG(s) dict_keys(['pipeline_ingestion_suivi']) retrieved from /opt/airflow/dags/dag_suivi.py
[2026-08-05T17:07:03.297+0000] {logging_mixin.py:151} INFO - [2026-08-05T17:07:03.297+0000] {dag.py:2941} INFO - Sync 1 DAGs
[2026-08-05T17:07:03.315+0000] {logging_mixin.py:151} INFO - [2026-08-05T17:07:03.315+0000] {dag.py:3722} INFO - Setting next_dagrun for pipeline_ingestion_suivi to 2026-08-05T17:00:00+00:00, run_after=2026-08-05T18:00:00+00:00
[2026-08-05T17:07:03.333+0000] {processor.py:179} INFO - Processing /opt/airflow/dags/dag_suivi.py took 0.084 seconds
[2026-08-05T17:07:33.724+0000] {processor.py:157} INFO - Started process (PID=4005) to work on /opt/airflow/dags/dag_suivi.py
[2026-08-05T17:07:33.725+0000] {processor.py:829} INFO - Processing file /opt/airflow/dags/dag_suivi.py for tasks to queue
[2026-08-05T17:07:33.726+0000] {logging_mixin.py:151} INFO - [2026-08-05T17:07:33.726+0000] {dagbag.py:536} INFO - Filling up the DagBag from /opt/airflow/dags/dag_suivi.py
[2026-08-05T17:07:33.754+0000] {processor.py:839} INFO - DAG(s) dict_keys(['pipeline_ingestion_suivi']) retrieved from /opt/airflow/dags/dag_suivi.py
[2026-08-05T17:07:33.780+0000] {logging_mixin.py:151} INFO - [2026-08-05T17:07:33.780+0000] {dag.py:2941} INFO - Sync 1 DAGs
[2026-08-05T17:07:33.803+0000] {logging_mixin.py:151} INFO - [2026-08-05T17:07:33.803+0000] {dag.py:3722} INFO - Setting next_dagrun for pipeline_ingestion_suivi to 2026-08-05T17:00:00+00:00, run_after=2026-08-05T18:00:00+00:00
[2026-08-05T17:07:33.828+0000] {processor.py:179} INFO - Processing /opt/airflow/dags/dag_suivi.py took 0.108 seconds
[2026-08-05T17:08:07.317+0000] {processor.py:157} INFO - Started process (PID=4010) to work on /opt/airflow/dags/dag_suivi.py
[2026-08-05T17:08:07.322+0000] {processor.py:829} INFO - Processing file /opt/airflow/dags/dag_suivi.py for tasks to queue
[2026-08-05T17:08:07.326+0000] {logging_mixin.py:151} INFO - [2026-08-05T17:08:07.325+0000] {dagbag.py:536} INFO - Filling up the DagBag from /opt/airflow/dags/dag_suivi.py
[2026-08-05T17:12:07.051+0000] {processor.py:839} INFO - DAG(s) dict_keys(['pipeline_ingestion_suivi']) retrieved from /opt/airflow/dags/dag_suivi.py
[2026-08-05T17:12:07.167+0000] {logging_mixin.py:151} INFO - [2026-08-05T17:12:07.166+0000] {dag.py:2941} INFO - Sync 1 DAGs
[2026-08-05T17:12:07.272+0000] {logging_mixin.py:151} INFO - [2026-08-05T17:12:07.271+0000] {dag.py:3722} INFO - Setting next_dagrun for pipeline_ingestion_suivi to 2026-08-05T17:00:00+00:00, run_after=2026-08-05T18:00:00+00:00
[2026-08-05T17:12:07.432+0000] {processor.py:179} INFO - Processing /opt/airflow/dags/dag_suivi.py took 0.531 seconds
[2026-08-05T17:55:26.146+0000] {processor.py:157} INFO - Started process (PID=4019) to work on /opt/airflow/dags/dag_suivi.py
[2026-08-05T17:55:26.147+0000] {processor.py:829} INFO - Processing file /opt/airflow/dags/dag_suivi.py for tasks to queue
[2026-08-05T17:55:26.148+0000] {logging_mixin.py:151} INFO - [2026-08-05T17:55:26.148+0000] {dagbag.py:536} INFO - Filling up the DagBag from /opt/airflow/dags/dag_suivi.py
[2026-08-05T17:55:26.258+0000] {processor.py:839} INFO - DAG(s) dict_keys(['pipeline_ingestion_suivi']) retrieved from /opt/airflow/dags/dag_suivi.py
[2026-08-05T17:55:26.399+0000] {logging_mixin.py:151} INFO - [2026-08-05T17:55:26.398+0000] {dag.py:2941} INFO - Sync 1 DAGs
[2026-08-05T17:55:26.463+0000] {logging_mixin.py:151} INFO - [2026-08-05T17:55:26.462+0000] {dag.py:3722} INFO - Setting next_dagrun for pipeline_ingestion_suivi to 2026-08-05T17:00:00+00:00, run_after=2026-08-05T18:00:00+00:00
[2026-08-05T17:55:26.511+0000] {processor.py:179} INFO - Processing /opt/airflow/dags/dag_suivi.py took 0.370 seconds
