[2026-07-10T05:43:56.131+0000] {processor.py:157} INFO - Started process (PID=6451) to work on /opt/airflow/dags/dag_suivi.py
[2026-07-10T05:43:56.142+0000] {processor.py:829} INFO - Processing file /opt/airflow/dags/dag_suivi.py for tasks to queue
[2026-07-10T05:43:56.159+0000] {logging_mixin.py:151} INFO - [2026-07-10T05:43:56.159+0000] {dagbag.py:536} INFO - Filling up the DagBag from /opt/airflow/dags/dag_suivi.py
[2026-07-10T05:43:56.561+0000] {processor.py:839} INFO - DAG(s) dict_keys(['pipeline_ingestion_suivi']) retrieved from /opt/airflow/dags/dag_suivi.py
[2026-07-10T05:43:56.872+0000] {logging_mixin.py:151} INFO - [2026-07-10T05:43:56.871+0000] {dag.py:2941} INFO - Sync 1 DAGs
[2026-07-10T05:43:57.068+0000] {logging_mixin.py:151} INFO - [2026-07-10T05:43:57.067+0000] {dag.py:3722} INFO - Setting next_dagrun for pipeline_ingestion_suivi to 2026-07-10T05:00:00+00:00, run_after=2026-07-10T06:00:00+00:00
[2026-07-10T05:43:57.214+0000] {processor.py:179} INFO - Processing /opt/airflow/dags/dag_suivi.py took 1.102 seconds
[2026-07-10T09:13:05.459+0000] {processor.py:157} INFO - Started process (PID=6462) to work on /opt/airflow/dags/dag_suivi.py
[2026-07-10T09:13:05.482+0000] {processor.py:829} INFO - Processing file /opt/airflow/dags/dag_suivi.py for tasks to queue
[2026-07-10T09:13:05.589+0000] {logging_mixin.py:151} INFO - [2026-07-10T09:13:05.588+0000] {dagbag.py:536} INFO - Filling up the DagBag from /opt/airflow/dags/dag_suivi.py
[2026-07-10T09:13:06.775+0000] {processor.py:839} INFO - DAG(s) dict_keys(['pipeline_ingestion_suivi']) retrieved from /opt/airflow/dags/dag_suivi.py
[2026-07-10T09:13:06.987+0000] {logging_mixin.py:151} INFO - [2026-07-10T09:13:06.986+0000] {dag.py:2941} INFO - Sync 1 DAGs
[2026-07-10T09:13:07.213+0000] {logging_mixin.py:151} INFO - [2026-07-10T09:13:07.212+0000] {dag.py:3722} INFO - Setting next_dagrun for pipeline_ingestion_suivi to 2026-07-10T09:00:00+00:00, run_after=2026-07-10T10:00:00+00:00
[2026-07-10T09:13:07.503+0000] {processor.py:179} INFO - Processing /opt/airflow/dags/dag_suivi.py took 2.054 seconds
[2026-07-10T09:13:38.418+0000] {processor.py:157} INFO - Started process (PID=6469) to work on /opt/airflow/dags/dag_suivi.py
[2026-07-10T09:13:38.421+0000] {processor.py:829} INFO - Processing file /opt/airflow/dags/dag_suivi.py for tasks to queue
[2026-07-10T09:13:38.424+0000] {logging_mixin.py:151} INFO - [2026-07-10T09:13:38.423+0000] {dagbag.py:536} INFO - Filling up the DagBag from /opt/airflow/dags/dag_suivi.py
[2026-07-10T09:13:38.909+0000] {processor.py:839} INFO - DAG(s) dict_keys(['pipeline_ingestion_suivi']) retrieved from /opt/airflow/dags/dag_suivi.py
[2026-07-10T09:13:39.264+0000] {logging_mixin.py:151} INFO - [2026-07-10T09:13:39.263+0000] {taskinstance.py:1939} ERROR - {'DAG Id': 'pipeline_ingestion_suivi', 'Task Id': 'execution_pipeline_etl', 'Run Id': 'scheduled__2026-07-09T23:00:00+00:00', 'Hostname': '9c34a7a7e32c'}
[2026-07-10T09:13:39.446+0000] {logging_mixin.py:151} INFO - [2026-07-10T09:13:39.446+0000] {taskinstance.py:1400} INFO - Marking task as FAILED. dag_id=pipeline_ingestion_suivi, task_id=execution_pipeline_etl, execution_date=20260709T230000, start_date=20260710T054357, end_date=20260710T091339
[2026-07-10T09:13:39.511+0000] {processor.py:790} INFO - Executed failure callback for <TaskInstance: pipeline_ingestion_suivi.execution_pipeline_etl scheduled__2026-07-09T23:00:00+00:00 [failed]> in state failed
[2026-07-10T09:13:39.644+0000] {logging_mixin.py:151} INFO - [2026-07-10T09:13:39.644+0000] {dag.py:2941} INFO - Sync 1 DAGs
[2026-07-10T09:13:39.828+0000] {logging_mixin.py:151} INFO - [2026-07-10T09:13:39.827+0000] {dag.py:3722} INFO - Setting next_dagrun for pipeline_ingestion_suivi to 2026-07-10T09:00:00+00:00, run_after=2026-07-10T10:00:00+00:00
[2026-07-10T09:13:39.991+0000] {processor.py:179} INFO - Processing /opt/airflow/dags/dag_suivi.py took 1.663 seconds
[2026-07-10T09:14:10.877+0000] {processor.py:157} INFO - Started process (PID=6474) to work on /opt/airflow/dags/dag_suivi.py
[2026-07-10T09:14:10.879+0000] {processor.py:829} INFO - Processing file /opt/airflow/dags/dag_suivi.py for tasks to queue
[2026-07-10T09:14:10.882+0000] {logging_mixin.py:151} INFO - [2026-07-10T09:14:10.881+0000] {dagbag.py:536} INFO - Filling up the DagBag from /opt/airflow/dags/dag_suivi.py
[2026-07-10T09:14:10.965+0000] {processor.py:839} INFO - DAG(s) dict_keys(['pipeline_ingestion_suivi']) retrieved from /opt/airflow/dags/dag_suivi.py
[2026-07-10T09:14:11.058+0000] {logging_mixin.py:151} INFO - [2026-07-10T09:14:11.058+0000] {dag.py:2941} INFO - Sync 1 DAGs
[2026-07-10T09:14:11.099+0000] {logging_mixin.py:151} INFO - [2026-07-10T09:14:11.099+0000] {dag.py:3722} INFO - Setting next_dagrun for pipeline_ingestion_suivi to 2026-07-10T09:00:00+00:00, run_after=2026-07-10T10:00:00+00:00
[2026-07-10T09:14:11.131+0000] {processor.py:179} INFO - Processing /opt/airflow/dags/dag_suivi.py took 0.265 seconds
[2026-07-10T09:14:41.314+0000] {processor.py:157} INFO - Started process (PID=6479) to work on /opt/airflow/dags/dag_suivi.py
[2026-07-10T09:14:41.315+0000] {processor.py:829} INFO - Processing file /opt/airflow/dags/dag_suivi.py for tasks to queue
[2026-07-10T09:14:41.317+0000] {logging_mixin.py:151} INFO - [2026-07-10T09:14:41.316+0000] {dagbag.py:536} INFO - Filling up the DagBag from /opt/airflow/dags/dag_suivi.py
[2026-07-10T09:14:41.372+0000] {processor.py:839} INFO - DAG(s) dict_keys(['pipeline_ingestion_suivi']) retrieved from /opt/airflow/dags/dag_suivi.py
[2026-07-10T09:14:41.420+0000] {logging_mixin.py:151} INFO - [2026-07-10T09:14:41.420+0000] {dag.py:2941} INFO - Sync 1 DAGs
[2026-07-10T09:14:41.460+0000] {logging_mixin.py:151} INFO - [2026-07-10T09:14:41.460+0000] {dag.py:3722} INFO - Setting next_dagrun for pipeline_ingestion_suivi to 2026-07-10T09:00:00+00:00, run_after=2026-07-10T10:00:00+00:00
[2026-07-10T09:14:41.489+0000] {processor.py:179} INFO - Processing /opt/airflow/dags/dag_suivi.py took 0.180 seconds
[2026-07-10T09:15:11.710+0000] {processor.py:157} INFO - Started process (PID=6486) to work on /opt/airflow/dags/dag_suivi.py
[2026-07-10T09:15:11.712+0000] {processor.py:829} INFO - Processing file /opt/airflow/dags/dag_suivi.py for tasks to queue
[2026-07-10T09:15:11.714+0000] {logging_mixin.py:151} INFO - [2026-07-10T09:15:11.714+0000] {dagbag.py:536} INFO - Filling up the DagBag from /opt/airflow/dags/dag_suivi.py
[2026-07-10T09:15:11.790+0000] {processor.py:839} INFO - DAG(s) dict_keys(['pipeline_ingestion_suivi']) retrieved from /opt/airflow/dags/dag_suivi.py
[2026-07-10T09:15:11.892+0000] {logging_mixin.py:151} INFO - [2026-07-10T09:15:11.892+0000] {dag.py:2941} INFO - Sync 1 DAGs
[2026-07-10T09:15:11.945+0000] {logging_mixin.py:151} INFO - [2026-07-10T09:15:11.944+0000] {dag.py:3722} INFO - Setting next_dagrun for pipeline_ingestion_suivi to 2026-07-10T09:00:00+00:00, run_after=2026-07-10T10:00:00+00:00
[2026-07-10T09:15:11.984+0000] {processor.py:179} INFO - Processing /opt/airflow/dags/dag_suivi.py took 0.284 seconds
[2026-07-10T09:15:42.076+0000] {processor.py:157} INFO - Started process (PID=6491) to work on /opt/airflow/dags/dag_suivi.py
[2026-07-10T09:15:42.078+0000] {processor.py:829} INFO - Processing file /opt/airflow/dags/dag_suivi.py for tasks to queue
[2026-07-10T09:15:42.079+0000] {logging_mixin.py:151} INFO - [2026-07-10T09:15:42.079+0000] {dagbag.py:536} INFO - Filling up the DagBag from /opt/airflow/dags/dag_suivi.py
[2026-07-10T09:15:42.118+0000] {processor.py:839} INFO - DAG(s) dict_keys(['pipeline_ingestion_suivi']) retrieved from /opt/airflow/dags/dag_suivi.py
[2026-07-10T09:15:42.177+0000] {logging_mixin.py:151} INFO - [2026-07-10T09:15:42.177+0000] {dag.py:2941} INFO - Sync 1 DAGs
[2026-07-10T09:15:42.221+0000] {logging_mixin.py:151} INFO - [2026-07-10T09:15:42.220+0000] {dag.py:3722} INFO - Setting next_dagrun for pipeline_ingestion_suivi to 2026-07-10T09:00:00+00:00, run_after=2026-07-10T10:00:00+00:00
[2026-07-10T09:15:42.255+0000] {processor.py:179} INFO - Processing /opt/airflow/dags/dag_suivi.py took 0.185 seconds
[2026-07-10T09:16:12.521+0000] {processor.py:157} INFO - Started process (PID=6496) to work on /opt/airflow/dags/dag_suivi.py
[2026-07-10T09:16:12.523+0000] {processor.py:829} INFO - Processing file /opt/airflow/dags/dag_suivi.py for tasks to queue
[2026-07-10T09:16:12.526+0000] {logging_mixin.py:151} INFO - [2026-07-10T09:16:12.525+0000] {dagbag.py:536} INFO - Filling up the DagBag from /opt/airflow/dags/dag_suivi.py
[2026-07-10T09:16:12.576+0000] {processor.py:839} INFO - DAG(s) dict_keys(['pipeline_ingestion_suivi']) retrieved from /opt/airflow/dags/dag_suivi.py
[2026-07-10T09:16:12.636+0000] {logging_mixin.py:151} INFO - [2026-07-10T09:16:12.636+0000] {dag.py:2941} INFO - Sync 1 DAGs
[2026-07-10T09:16:12.678+0000] {logging_mixin.py:151} INFO - [2026-07-10T09:16:12.678+0000] {dag.py:3722} INFO - Setting next_dagrun for pipeline_ingestion_suivi to 2026-07-10T09:00:00+00:00, run_after=2026-07-10T10:00:00+00:00
[2026-07-10T09:16:12.712+0000] {processor.py:179} INFO - Processing /opt/airflow/dags/dag_suivi.py took 0.198 seconds
[2026-07-10T09:16:42.780+0000] {processor.py:157} INFO - Started process (PID=6501) to work on /opt/airflow/dags/dag_suivi.py
[2026-07-10T09:16:42.782+0000] {processor.py:829} INFO - Processing file /opt/airflow/dags/dag_suivi.py for tasks to queue
[2026-07-10T09:16:42.784+0000] {logging_mixin.py:151} INFO - [2026-07-10T09:16:42.783+0000] {dagbag.py:536} INFO - Filling up the DagBag from /opt/airflow/dags/dag_suivi.py
[2026-07-10T09:16:42.823+0000] {processor.py:839} INFO - DAG(s) dict_keys(['pipeline_ingestion_suivi']) retrieved from /opt/airflow/dags/dag_suivi.py
[2026-07-10T09:16:42.886+0000] {logging_mixin.py:151} INFO - [2026-07-10T09:16:42.886+0000] {dag.py:2941} INFO - Sync 1 DAGs
[2026-07-10T09:16:42.922+0000] {logging_mixin.py:151} INFO - [2026-07-10T09:16:42.922+0000] {dag.py:3722} INFO - Setting next_dagrun for pipeline_ingestion_suivi to 2026-07-10T09:00:00+00:00, run_after=2026-07-10T10:00:00+00:00
[2026-07-10T09:16:42.959+0000] {processor.py:179} INFO - Processing /opt/airflow/dags/dag_suivi.py took 0.185 seconds
[2026-07-10T09:17:13.227+0000] {processor.py:157} INFO - Started process (PID=6506) to work on /opt/airflow/dags/dag_suivi.py
[2026-07-10T09:17:13.229+0000] {processor.py:829} INFO - Processing file /opt/airflow/dags/dag_suivi.py for tasks to queue
[2026-07-10T09:17:13.231+0000] {logging_mixin.py:151} INFO - [2026-07-10T09:17:13.230+0000] {dagbag.py:536} INFO - Filling up the DagBag from /opt/airflow/dags/dag_suivi.py
[2026-07-10T09:17:13.269+0000] {processor.py:839} INFO - DAG(s) dict_keys(['pipeline_ingestion_suivi']) retrieved from /opt/airflow/dags/dag_suivi.py
[2026-07-10T09:17:13.311+0000] {logging_mixin.py:151} INFO - [2026-07-10T09:17:13.311+0000] {dag.py:2941} INFO - Sync 1 DAGs
[2026-07-10T09:17:13.340+0000] {logging_mixin.py:151} INFO - [2026-07-10T09:17:13.340+0000] {dag.py:3722} INFO - Setting next_dagrun for pipeline_ingestion_suivi to 2026-07-10T09:00:00+00:00, run_after=2026-07-10T10:00:00+00:00
[2026-07-10T09:17:13.377+0000] {processor.py:179} INFO - Processing /opt/airflow/dags/dag_suivi.py took 0.155 seconds
[2026-07-10T09:17:43.469+0000] {processor.py:157} INFO - Started process (PID=6511) to work on /opt/airflow/dags/dag_suivi.py
[2026-07-10T09:17:43.470+0000] {processor.py:829} INFO - Processing file /opt/airflow/dags/dag_suivi.py for tasks to queue
[2026-07-10T09:17:43.472+0000] {logging_mixin.py:151} INFO - [2026-07-10T09:17:43.472+0000] {dagbag.py:536} INFO - Filling up the DagBag from /opt/airflow/dags/dag_suivi.py
[2026-07-10T09:17:43.510+0000] {processor.py:839} INFO - DAG(s) dict_keys(['pipeline_ingestion_suivi']) retrieved from /opt/airflow/dags/dag_suivi.py
[2026-07-10T09:17:43.549+0000] {logging_mixin.py:151} INFO - [2026-07-10T09:17:43.549+0000] {dag.py:2941} INFO - Sync 1 DAGs
[2026-07-10T09:17:43.590+0000] {logging_mixin.py:151} INFO - [2026-07-10T09:17:43.590+0000] {dag.py:3722} INFO - Setting next_dagrun for pipeline_ingestion_suivi to 2026-07-10T09:00:00+00:00, run_after=2026-07-10T10:00:00+00:00
[2026-07-10T09:17:43.622+0000] {processor.py:179} INFO - Processing /opt/airflow/dags/dag_suivi.py took 0.158 seconds
[2026-07-10T09:18:13.896+0000] {processor.py:157} INFO - Started process (PID=6516) to work on /opt/airflow/dags/dag_suivi.py
[2026-07-10T09:18:13.897+0000] {processor.py:829} INFO - Processing file /opt/airflow/dags/dag_suivi.py for tasks to queue
[2026-07-10T09:18:13.899+0000] {logging_mixin.py:151} INFO - [2026-07-10T09:18:13.898+0000] {dagbag.py:536} INFO - Filling up the DagBag from /opt/airflow/dags/dag_suivi.py
[2026-07-10T09:18:13.937+0000] {processor.py:839} INFO - DAG(s) dict_keys(['pipeline_ingestion_suivi']) retrieved from /opt/airflow/dags/dag_suivi.py
[2026-07-10T09:18:13.975+0000] {logging_mixin.py:151} INFO - [2026-07-10T09:18:13.974+0000] {dag.py:2941} INFO - Sync 1 DAGs
[2026-07-10T09:18:14.003+0000] {logging_mixin.py:151} INFO - [2026-07-10T09:18:14.003+0000] {dag.py:3722} INFO - Setting next_dagrun for pipeline_ingestion_suivi to 2026-07-10T09:00:00+00:00, run_after=2026-07-10T10:00:00+00:00
[2026-07-10T09:18:14.031+0000] {processor.py:179} INFO - Processing /opt/airflow/dags/dag_suivi.py took 0.139 seconds
[2026-07-10T09:18:44.148+0000] {processor.py:157} INFO - Started process (PID=6521) to work on /opt/airflow/dags/dag_suivi.py
[2026-07-10T09:18:44.149+0000] {processor.py:829} INFO - Processing file /opt/airflow/dags/dag_suivi.py for tasks to queue
[2026-07-10T09:18:44.150+0000] {logging_mixin.py:151} INFO - [2026-07-10T09:18:44.150+0000] {dagbag.py:536} INFO - Filling up the DagBag from /opt/airflow/dags/dag_suivi.py
[2026-07-10T09:18:44.175+0000] {processor.py:839} INFO - DAG(s) dict_keys(['pipeline_ingestion_suivi']) retrieved from /opt/airflow/dags/dag_suivi.py
[2026-07-10T09:18:44.212+0000] {logging_mixin.py:151} INFO - [2026-07-10T09:18:44.212+0000] {dag.py:2941} INFO - Sync 1 DAGs
[2026-07-10T09:18:44.239+0000] {logging_mixin.py:151} INFO - [2026-07-10T09:18:44.239+0000] {dag.py:3722} INFO - Setting next_dagrun for pipeline_ingestion_suivi to 2026-07-10T09:00:00+00:00, run_after=2026-07-10T10:00:00+00:00
[2026-07-10T09:18:44.274+0000] {processor.py:179} INFO - Processing /opt/airflow/dags/dag_suivi.py took 0.129 seconds
[2026-07-10T09:19:14.540+0000] {processor.py:157} INFO - Started process (PID=6526) to work on /opt/airflow/dags/dag_suivi.py
[2026-07-10T09:19:14.541+0000] {processor.py:829} INFO - Processing file /opt/airflow/dags/dag_suivi.py for tasks to queue
[2026-07-10T09:19:14.542+0000] {logging_mixin.py:151} INFO - [2026-07-10T09:19:14.542+0000] {dagbag.py:536} INFO - Filling up the DagBag from /opt/airflow/dags/dag_suivi.py
[2026-07-10T09:19:14.569+0000] {processor.py:839} INFO - DAG(s) dict_keys(['pipeline_ingestion_suivi']) retrieved from /opt/airflow/dags/dag_suivi.py
[2026-07-10T09:19:14.616+0000] {logging_mixin.py:151} INFO - [2026-07-10T09:19:14.616+0000] {dag.py:2941} INFO - Sync 1 DAGs
[2026-07-10T09:19:14.649+0000] {logging_mixin.py:151} INFO - [2026-07-10T09:19:14.649+0000] {dag.py:3722} INFO - Setting next_dagrun for pipeline_ingestion_suivi to 2026-07-10T09:00:00+00:00, run_after=2026-07-10T10:00:00+00:00
[2026-07-10T09:19:14.688+0000] {processor.py:179} INFO - Processing /opt/airflow/dags/dag_suivi.py took 0.151 seconds
[2026-07-10T09:19:44.783+0000] {processor.py:157} INFO - Started process (PID=6531) to work on /opt/airflow/dags/dag_suivi.py
[2026-07-10T09:19:44.784+0000] {processor.py:829} INFO - Processing file /opt/airflow/dags/dag_suivi.py for tasks to queue
[2026-07-10T09:19:44.785+0000] {logging_mixin.py:151} INFO - [2026-07-10T09:19:44.785+0000] {dagbag.py:536} INFO - Filling up the DagBag from /opt/airflow/dags/dag_suivi.py
[2026-07-10T09:19:44.812+0000] {processor.py:839} INFO - DAG(s) dict_keys(['pipeline_ingestion_suivi']) retrieved from /opt/airflow/dags/dag_suivi.py
[2026-07-10T09:19:44.846+0000] {logging_mixin.py:151} INFO - [2026-07-10T09:19:44.846+0000] {dag.py:2941} INFO - Sync 1 DAGs
[2026-07-10T09:19:44.871+0000] {logging_mixin.py:151} INFO - [2026-07-10T09:19:44.871+0000] {dag.py:3722} INFO - Setting next_dagrun for pipeline_ingestion_suivi to 2026-07-10T09:00:00+00:00, run_after=2026-07-10T10:00:00+00:00
[2026-07-10T09:19:44.892+0000] {processor.py:179} INFO - Processing /opt/airflow/dags/dag_suivi.py took 0.113 seconds
[2026-07-10T09:20:15.164+0000] {processor.py:157} INFO - Started process (PID=6536) to work on /opt/airflow/dags/dag_suivi.py
[2026-07-10T09:20:15.166+0000] {processor.py:829} INFO - Processing file /opt/airflow/dags/dag_suivi.py for tasks to queue
[2026-07-10T09:20:15.167+0000] {logging_mixin.py:151} INFO - [2026-07-10T09:20:15.167+0000] {dagbag.py:536} INFO - Filling up the DagBag from /opt/airflow/dags/dag_suivi.py
[2026-07-10T09:20:15.201+0000] {processor.py:839} INFO - DAG(s) dict_keys(['pipeline_ingestion_suivi']) retrieved from /opt/airflow/dags/dag_suivi.py
[2026-07-10T09:20:15.236+0000] {logging_mixin.py:151} INFO - [2026-07-10T09:20:15.236+0000] {dag.py:2941} INFO - Sync 1 DAGs
[2026-07-10T09:20:15.263+0000] {logging_mixin.py:151} INFO - [2026-07-10T09:20:15.263+0000] {dag.py:3722} INFO - Setting next_dagrun for pipeline_ingestion_suivi to 2026-07-10T09:00:00+00:00, run_after=2026-07-10T10:00:00+00:00
[2026-07-10T09:20:15.288+0000] {processor.py:179} INFO - Processing /opt/airflow/dags/dag_suivi.py took 0.127 seconds
[2026-07-10T09:20:45.434+0000] {processor.py:157} INFO - Started process (PID=6541) to work on /opt/airflow/dags/dag_suivi.py
[2026-07-10T09:20:45.435+0000] {processor.py:829} INFO - Processing file /opt/airflow/dags/dag_suivi.py for tasks to queue
[2026-07-10T09:20:45.436+0000] {logging_mixin.py:151} INFO - [2026-07-10T09:20:45.436+0000] {dagbag.py:536} INFO - Filling up the DagBag from /opt/airflow/dags/dag_suivi.py
[2026-07-10T09:20:45.467+0000] {processor.py:839} INFO - DAG(s) dict_keys(['pipeline_ingestion_suivi']) retrieved from /opt/airflow/dags/dag_suivi.py
[2026-07-10T09:20:45.508+0000] {logging_mixin.py:151} INFO - [2026-07-10T09:20:45.508+0000] {dag.py:2941} INFO - Sync 1 DAGs
[2026-07-10T09:20:45.546+0000] {logging_mixin.py:151} INFO - [2026-07-10T09:20:45.546+0000] {dag.py:3722} INFO - Setting next_dagrun for pipeline_ingestion_suivi to 2026-07-10T09:00:00+00:00, run_after=2026-07-10T10:00:00+00:00
[2026-07-10T09:20:45.576+0000] {processor.py:179} INFO - Processing /opt/airflow/dags/dag_suivi.py took 0.147 seconds
[2026-07-10T09:21:15.806+0000] {processor.py:157} INFO - Started process (PID=6546) to work on /opt/airflow/dags/dag_suivi.py
[2026-07-10T09:21:15.807+0000] {processor.py:829} INFO - Processing file /opt/airflow/dags/dag_suivi.py for tasks to queue
[2026-07-10T09:21:15.808+0000] {logging_mixin.py:151} INFO - [2026-07-10T09:21:15.807+0000] {dagbag.py:536} INFO - Filling up the DagBag from /opt/airflow/dags/dag_suivi.py
[2026-07-10T09:21:15.850+0000] {processor.py:839} INFO - DAG(s) dict_keys(['pipeline_ingestion_suivi']) retrieved from /opt/airflow/dags/dag_suivi.py
[2026-07-10T09:21:15.888+0000] {logging_mixin.py:151} INFO - [2026-07-10T09:21:15.888+0000] {dag.py:2941} INFO - Sync 1 DAGs
[2026-07-10T09:21:15.918+0000] {logging_mixin.py:151} INFO - [2026-07-10T09:21:15.918+0000] {dag.py:3722} INFO - Setting next_dagrun for pipeline_ingestion_suivi to 2026-07-10T09:00:00+00:00, run_after=2026-07-10T10:00:00+00:00
[2026-07-10T09:21:15.943+0000] {processor.py:179} INFO - Processing /opt/airflow/dags/dag_suivi.py took 0.142 seconds
[2026-07-10T09:21:46.075+0000] {processor.py:157} INFO - Started process (PID=6551) to work on /opt/airflow/dags/dag_suivi.py
[2026-07-10T09:21:46.077+0000] {processor.py:829} INFO - Processing file /opt/airflow/dags/dag_suivi.py for tasks to queue
[2026-07-10T09:21:46.078+0000] {logging_mixin.py:151} INFO - [2026-07-10T09:21:46.078+0000] {dagbag.py:536} INFO - Filling up the DagBag from /opt/airflow/dags/dag_suivi.py
[2026-07-10T09:21:46.115+0000] {processor.py:839} INFO - DAG(s) dict_keys(['pipeline_ingestion_suivi']) retrieved from /opt/airflow/dags/dag_suivi.py
[2026-07-10T09:21:46.170+0000] {logging_mixin.py:151} INFO - [2026-07-10T09:21:46.170+0000] {dag.py:2941} INFO - Sync 1 DAGs
[2026-07-10T09:21:46.218+0000] {logging_mixin.py:151} INFO - [2026-07-10T09:21:46.217+0000] {dag.py:3722} INFO - Setting next_dagrun for pipeline_ingestion_suivi to 2026-07-10T09:00:00+00:00, run_after=2026-07-10T10:00:00+00:00
[2026-07-10T09:21:46.252+0000] {processor.py:179} INFO - Processing /opt/airflow/dags/dag_suivi.py took 0.182 seconds
[2026-07-10T09:22:16.378+0000] {processor.py:157} INFO - Started process (PID=6556) to work on /opt/airflow/dags/dag_suivi.py
[2026-07-10T09:22:16.378+0000] {processor.py:829} INFO - Processing file /opt/airflow/dags/dag_suivi.py for tasks to queue
[2026-07-10T09:22:16.379+0000] {logging_mixin.py:151} INFO - [2026-07-10T09:22:16.379+0000] {dagbag.py:536} INFO - Filling up the DagBag from /opt/airflow/dags/dag_suivi.py
[2026-07-10T09:22:16.396+0000] {processor.py:839} INFO - DAG(s) dict_keys(['pipeline_ingestion_suivi']) retrieved from /opt/airflow/dags/dag_suivi.py
[2026-07-10T09:22:16.421+0000] {logging_mixin.py:151} INFO - [2026-07-10T09:22:16.420+0000] {dag.py:2941} INFO - Sync 1 DAGs
[2026-07-10T09:22:16.438+0000] {logging_mixin.py:151} INFO - [2026-07-10T09:22:16.438+0000] {dag.py:3722} INFO - Setting next_dagrun for pipeline_ingestion_suivi to 2026-07-10T09:00:00+00:00, run_after=2026-07-10T10:00:00+00:00
[2026-07-10T09:22:16.455+0000] {processor.py:179} INFO - Processing /opt/airflow/dags/dag_suivi.py took 0.080 seconds
[2026-07-10T09:22:46.693+0000] {processor.py:157} INFO - Started process (PID=6561) to work on /opt/airflow/dags/dag_suivi.py
[2026-07-10T09:22:46.694+0000] {processor.py:829} INFO - Processing file /opt/airflow/dags/dag_suivi.py for tasks to queue
[2026-07-10T09:22:46.695+0000] {logging_mixin.py:151} INFO - [2026-07-10T09:22:46.694+0000] {dagbag.py:536} INFO - Filling up the DagBag from /opt/airflow/dags/dag_suivi.py
[2026-07-10T09:22:46.711+0000] {processor.py:839} INFO - DAG(s) dict_keys(['pipeline_ingestion_suivi']) retrieved from /opt/airflow/dags/dag_suivi.py
[2026-07-10T09:22:46.734+0000] {logging_mixin.py:151} INFO - [2026-07-10T09:22:46.733+0000] {dag.py:2941} INFO - Sync 1 DAGs
[2026-07-10T09:22:46.751+0000] {logging_mixin.py:151} INFO - [2026-07-10T09:22:46.751+0000] {dag.py:3722} INFO - Setting next_dagrun for pipeline_ingestion_suivi to 2026-07-10T09:00:00+00:00, run_after=2026-07-10T10:00:00+00:00
[2026-07-10T09:22:46.768+0000] {processor.py:179} INFO - Processing /opt/airflow/dags/dag_suivi.py took 0.077 seconds
[2026-07-10T09:23:16.981+0000] {processor.py:157} INFO - Started process (PID=6566) to work on /opt/airflow/dags/dag_suivi.py
[2026-07-10T09:23:16.982+0000] {processor.py:829} INFO - Processing file /opt/airflow/dags/dag_suivi.py for tasks to queue
[2026-07-10T09:23:16.983+0000] {logging_mixin.py:151} INFO - [2026-07-10T09:23:16.982+0000] {dagbag.py:536} INFO - Filling up the DagBag from /opt/airflow/dags/dag_suivi.py
[2026-07-10T09:23:17.000+0000] {processor.py:839} INFO - DAG(s) dict_keys(['pipeline_ingestion_suivi']) retrieved from /opt/airflow/dags/dag_suivi.py
[2026-07-10T09:23:17.023+0000] {logging_mixin.py:151} INFO - [2026-07-10T09:23:17.023+0000] {dag.py:2941} INFO - Sync 1 DAGs
[2026-07-10T09:23:17.041+0000] {logging_mixin.py:151} INFO - [2026-07-10T09:23:17.041+0000] {dag.py:3722} INFO - Setting next_dagrun for pipeline_ingestion_suivi to 2026-07-10T09:00:00+00:00, run_after=2026-07-10T10:00:00+00:00
[2026-07-10T09:23:17.059+0000] {processor.py:179} INFO - Processing /opt/airflow/dags/dag_suivi.py took 0.080 seconds
[2026-07-10T09:23:47.259+0000] {processor.py:157} INFO - Started process (PID=6571) to work on /opt/airflow/dags/dag_suivi.py
[2026-07-10T09:23:47.260+0000] {processor.py:829} INFO - Processing file /opt/airflow/dags/dag_suivi.py for tasks to queue
[2026-07-10T09:23:47.260+0000] {logging_mixin.py:151} INFO - [2026-07-10T09:23:47.260+0000] {dagbag.py:536} INFO - Filling up the DagBag from /opt/airflow/dags/dag_suivi.py
[2026-07-10T09:23:47.277+0000] {processor.py:839} INFO - DAG(s) dict_keys(['pipeline_ingestion_suivi']) retrieved from /opt/airflow/dags/dag_suivi.py
[2026-07-10T09:23:47.299+0000] {logging_mixin.py:151} INFO - [2026-07-10T09:23:47.299+0000] {dag.py:2941} INFO - Sync 1 DAGs
[2026-07-10T09:23:47.318+0000] {logging_mixin.py:151} INFO - [2026-07-10T09:23:47.318+0000] {dag.py:3722} INFO - Setting next_dagrun for pipeline_ingestion_suivi to 2026-07-10T09:00:00+00:00, run_after=2026-07-10T10:00:00+00:00
[2026-07-10T09:23:47.337+0000] {processor.py:179} INFO - Processing /opt/airflow/dags/dag_suivi.py took 0.081 seconds
[2026-07-10T09:24:17.551+0000] {processor.py:157} INFO - Started process (PID=6576) to work on /opt/airflow/dags/dag_suivi.py
[2026-07-10T09:24:17.551+0000] {processor.py:829} INFO - Processing file /opt/airflow/dags/dag_suivi.py for tasks to queue
[2026-07-10T09:24:17.552+0000] {logging_mixin.py:151} INFO - [2026-07-10T09:24:17.552+0000] {dagbag.py:536} INFO - Filling up the DagBag from /opt/airflow/dags/dag_suivi.py
[2026-07-10T09:24:17.569+0000] {processor.py:839} INFO - DAG(s) dict_keys(['pipeline_ingestion_suivi']) retrieved from /opt/airflow/dags/dag_suivi.py
[2026-07-10T09:24:17.594+0000] {logging_mixin.py:151} INFO - [2026-07-10T09:24:17.594+0000] {dag.py:2941} INFO - Sync 1 DAGs
[2026-07-10T09:24:17.613+0000] {logging_mixin.py:151} INFO - [2026-07-10T09:24:17.613+0000] {dag.py:3722} INFO - Setting next_dagrun for pipeline_ingestion_suivi to 2026-07-10T09:00:00+00:00, run_after=2026-07-10T10:00:00+00:00
[2026-07-10T09:24:17.630+0000] {processor.py:179} INFO - Processing /opt/airflow/dags/dag_suivi.py took 0.082 seconds
[2026-07-10T09:24:47.816+0000] {processor.py:157} INFO - Started process (PID=6581) to work on /opt/airflow/dags/dag_suivi.py
[2026-07-10T09:24:47.817+0000] {processor.py:829} INFO - Processing file /opt/airflow/dags/dag_suivi.py for tasks to queue
[2026-07-10T09:24:47.818+0000] {logging_mixin.py:151} INFO - [2026-07-10T09:24:47.818+0000] {dagbag.py:536} INFO - Filling up the DagBag from /opt/airflow/dags/dag_suivi.py
[2026-07-10T09:24:47.835+0000] {processor.py:839} INFO - DAG(s) dict_keys(['pipeline_ingestion_suivi']) retrieved from /opt/airflow/dags/dag_suivi.py
[2026-07-10T09:24:47.857+0000] {logging_mixin.py:151} INFO - [2026-07-10T09:24:47.857+0000] {dag.py:2941} INFO - Sync 1 DAGs
[2026-07-10T09:24:47.875+0000] {logging_mixin.py:151} INFO - [2026-07-10T09:24:47.875+0000] {dag.py:3722} INFO - Setting next_dagrun for pipeline_ingestion_suivi to 2026-07-10T09:00:00+00:00, run_after=2026-07-10T10:00:00+00:00
[2026-07-10T09:24:47.893+0000] {processor.py:179} INFO - Processing /opt/airflow/dags/dag_suivi.py took 0.080 seconds
[2026-07-10T09:25:18.094+0000] {processor.py:157} INFO - Started process (PID=6586) to work on /opt/airflow/dags/dag_suivi.py
[2026-07-10T09:25:18.094+0000] {processor.py:829} INFO - Processing file /opt/airflow/dags/dag_suivi.py for tasks to queue
[2026-07-10T09:25:18.095+0000] {logging_mixin.py:151} INFO - [2026-07-10T09:25:18.095+0000] {dagbag.py:536} INFO - Filling up the DagBag from /opt/airflow/dags/dag_suivi.py
[2026-07-10T09:25:18.119+0000] {processor.py:839} INFO - DAG(s) dict_keys(['pipeline_ingestion_suivi']) retrieved from /opt/airflow/dags/dag_suivi.py
[2026-07-10T09:25:18.142+0000] {logging_mixin.py:151} INFO - [2026-07-10T09:25:18.142+0000] {dag.py:2941} INFO - Sync 1 DAGs
[2026-07-10T09:25:18.159+0000] {logging_mixin.py:151} INFO - [2026-07-10T09:25:18.159+0000] {dag.py:3722} INFO - Setting next_dagrun for pipeline_ingestion_suivi to 2026-07-10T09:00:00+00:00, run_after=2026-07-10T10:00:00+00:00
[2026-07-10T09:25:18.177+0000] {processor.py:179} INFO - Processing /opt/airflow/dags/dag_suivi.py took 0.086 seconds
[2026-07-10T09:25:48.380+0000] {processor.py:157} INFO - Started process (PID=6591) to work on /opt/airflow/dags/dag_suivi.py
[2026-07-10T09:25:48.380+0000] {processor.py:829} INFO - Processing file /opt/airflow/dags/dag_suivi.py for tasks to queue
[2026-07-10T09:25:48.381+0000] {logging_mixin.py:151} INFO - [2026-07-10T09:25:48.381+0000] {dagbag.py:536} INFO - Filling up the DagBag from /opt/airflow/dags/dag_suivi.py
[2026-07-10T09:25:48.399+0000] {processor.py:839} INFO - DAG(s) dict_keys(['pipeline_ingestion_suivi']) retrieved from /opt/airflow/dags/dag_suivi.py
[2026-07-10T09:25:48.420+0000] {logging_mixin.py:151} INFO - [2026-07-10T09:25:48.420+0000] {dag.py:2941} INFO - Sync 1 DAGs
[2026-07-10T09:25:48.437+0000] {logging_mixin.py:151} INFO - [2026-07-10T09:25:48.437+0000] {dag.py:3722} INFO - Setting next_dagrun for pipeline_ingestion_suivi to 2026-07-10T09:00:00+00:00, run_after=2026-07-10T10:00:00+00:00
[2026-07-10T09:25:48.455+0000] {processor.py:179} INFO - Processing /opt/airflow/dags/dag_suivi.py took 0.078 seconds
[2026-07-10T09:26:18.670+0000] {processor.py:157} INFO - Started process (PID=6596) to work on /opt/airflow/dags/dag_suivi.py
[2026-07-10T09:26:18.671+0000] {processor.py:829} INFO - Processing file /opt/airflow/dags/dag_suivi.py for tasks to queue
[2026-07-10T09:26:18.672+0000] {logging_mixin.py:151} INFO - [2026-07-10T09:26:18.672+0000] {dagbag.py:536} INFO - Filling up the DagBag from /opt/airflow/dags/dag_suivi.py
[2026-07-10T09:26:18.688+0000] {processor.py:839} INFO - DAG(s) dict_keys(['pipeline_ingestion_suivi']) retrieved from /opt/airflow/dags/dag_suivi.py
[2026-07-10T09:26:18.713+0000] {logging_mixin.py:151} INFO - [2026-07-10T09:26:18.713+0000] {dag.py:2941} INFO - Sync 1 DAGs
[2026-07-10T09:26:18.734+0000] {logging_mixin.py:151} INFO - [2026-07-10T09:26:18.733+0000] {dag.py:3722} INFO - Setting next_dagrun for pipeline_ingestion_suivi to 2026-07-10T09:00:00+00:00, run_after=2026-07-10T10:00:00+00:00
[2026-07-10T09:26:18.755+0000] {processor.py:179} INFO - Processing /opt/airflow/dags/dag_suivi.py took 0.087 seconds
[2026-07-10T09:26:48.939+0000] {processor.py:157} INFO - Started process (PID=6601) to work on /opt/airflow/dags/dag_suivi.py
[2026-07-10T09:26:48.940+0000] {processor.py:829} INFO - Processing file /opt/airflow/dags/dag_suivi.py for tasks to queue
[2026-07-10T09:26:48.941+0000] {logging_mixin.py:151} INFO - [2026-07-10T09:26:48.940+0000] {dagbag.py:536} INFO - Filling up the DagBag from /opt/airflow/dags/dag_suivi.py
[2026-07-10T09:26:48.957+0000] {processor.py:839} INFO - DAG(s) dict_keys(['pipeline_ingestion_suivi']) retrieved from /opt/airflow/dags/dag_suivi.py
[2026-07-10T09:26:48.979+0000] {logging_mixin.py:151} INFO - [2026-07-10T09:26:48.979+0000] {dag.py:2941} INFO - Sync 1 DAGs
[2026-07-10T09:26:48.998+0000] {logging_mixin.py:151} INFO - [2026-07-10T09:26:48.998+0000] {dag.py:3722} INFO - Setting next_dagrun for pipeline_ingestion_suivi to 2026-07-10T09:00:00+00:00, run_after=2026-07-10T10:00:00+00:00
[2026-07-10T09:26:49.016+0000] {processor.py:179} INFO - Processing /opt/airflow/dags/dag_suivi.py took 0.080 seconds
[2026-07-10T09:27:19.305+0000] {processor.py:157} INFO - Started process (PID=6606) to work on /opt/airflow/dags/dag_suivi.py
[2026-07-10T09:27:19.306+0000] {processor.py:829} INFO - Processing file /opt/airflow/dags/dag_suivi.py for tasks to queue
[2026-07-10T09:27:19.308+0000] {logging_mixin.py:151} INFO - [2026-07-10T09:27:19.307+0000] {dagbag.py:536} INFO - Filling up the DagBag from /opt/airflow/dags/dag_suivi.py
[2026-07-10T09:27:19.333+0000] {processor.py:839} INFO - DAG(s) dict_keys(['pipeline_ingestion_suivi']) retrieved from /opt/airflow/dags/dag_suivi.py
[2026-07-10T09:27:19.372+0000] {logging_mixin.py:151} INFO - [2026-07-10T09:27:19.372+0000] {dag.py:2941} INFO - Sync 1 DAGs
[2026-07-10T09:27:19.401+0000] {logging_mixin.py:151} INFO - [2026-07-10T09:27:19.401+0000] {dag.py:3722} INFO - Setting next_dagrun for pipeline_ingestion_suivi to 2026-07-10T09:00:00+00:00, run_after=2026-07-10T10:00:00+00:00
[2026-07-10T09:27:19.429+0000] {processor.py:179} INFO - Processing /opt/airflow/dags/dag_suivi.py took 0.128 seconds
[2026-07-10T09:27:49.498+0000] {processor.py:157} INFO - Started process (PID=6611) to work on /opt/airflow/dags/dag_suivi.py
[2026-07-10T09:27:49.499+0000] {processor.py:829} INFO - Processing file /opt/airflow/dags/dag_suivi.py for tasks to queue
[2026-07-10T09:27:49.500+0000] {logging_mixin.py:151} INFO - [2026-07-10T09:27:49.500+0000] {dagbag.py:536} INFO - Filling up the DagBag from /opt/airflow/dags/dag_suivi.py
[2026-07-10T09:27:49.519+0000] {processor.py:839} INFO - DAG(s) dict_keys(['pipeline_ingestion_suivi']) retrieved from /opt/airflow/dags/dag_suivi.py
[2026-07-10T09:27:49.551+0000] {logging_mixin.py:151} INFO - [2026-07-10T09:27:49.550+0000] {dag.py:2941} INFO - Sync 1 DAGs
[2026-07-10T09:27:49.574+0000] {logging_mixin.py:151} INFO - [2026-07-10T09:27:49.573+0000] {dag.py:3722} INFO - Setting next_dagrun for pipeline_ingestion_suivi to 2026-07-10T09:00:00+00:00, run_after=2026-07-10T10:00:00+00:00
[2026-07-10T09:27:49.594+0000] {processor.py:179} INFO - Processing /opt/airflow/dags/dag_suivi.py took 0.099 seconds
[2026-07-10T09:28:19.726+0000] {processor.py:157} INFO - Started process (PID=6616) to work on /opt/airflow/dags/dag_suivi.py
[2026-07-10T09:28:19.726+0000] {processor.py:829} INFO - Processing file /opt/airflow/dags/dag_suivi.py for tasks to queue
[2026-07-10T09:28:19.727+0000] {logging_mixin.py:151} INFO - [2026-07-10T09:28:19.727+0000] {dagbag.py:536} INFO - Filling up the DagBag from /opt/airflow/dags/dag_suivi.py
[2026-07-10T09:28:19.745+0000] {processor.py:839} INFO - DAG(s) dict_keys(['pipeline_ingestion_suivi']) retrieved from /opt/airflow/dags/dag_suivi.py
[2026-07-10T09:28:19.769+0000] {logging_mixin.py:151} INFO - [2026-07-10T09:28:19.769+0000] {dag.py:2941} INFO - Sync 1 DAGs
[2026-07-10T09:28:19.788+0000] {logging_mixin.py:151} INFO - [2026-07-10T09:28:19.788+0000] {dag.py:3722} INFO - Setting next_dagrun for pipeline_ingestion_suivi to 2026-07-10T09:00:00+00:00, run_after=2026-07-10T10:00:00+00:00
[2026-07-10T09:28:19.814+0000] {processor.py:179} INFO - Processing /opt/airflow/dags/dag_suivi.py took 0.091 seconds
[2026-07-10T09:28:50.008+0000] {processor.py:157} INFO - Started process (PID=6621) to work on /opt/airflow/dags/dag_suivi.py
[2026-07-10T09:28:50.008+0000] {processor.py:829} INFO - Processing file /opt/airflow/dags/dag_suivi.py for tasks to queue
[2026-07-10T09:28:50.009+0000] {logging_mixin.py:151} INFO - [2026-07-10T09:28:50.009+0000] {dagbag.py:536} INFO - Filling up the DagBag from /opt/airflow/dags/dag_suivi.py
[2026-07-10T09:28:50.025+0000] {processor.py:839} INFO - DAG(s) dict_keys(['pipeline_ingestion_suivi']) retrieved from /opt/airflow/dags/dag_suivi.py
[2026-07-10T09:28:50.047+0000] {logging_mixin.py:151} INFO - [2026-07-10T09:28:50.047+0000] {dag.py:2941} INFO - Sync 1 DAGs
[2026-07-10T09:28:50.066+0000] {logging_mixin.py:151} INFO - [2026-07-10T09:28:50.066+0000] {dag.py:3722} INFO - Setting next_dagrun for pipeline_ingestion_suivi to 2026-07-10T09:00:00+00:00, run_after=2026-07-10T10:00:00+00:00
[2026-07-10T09:28:50.083+0000] {processor.py:179} INFO - Processing /opt/airflow/dags/dag_suivi.py took 0.078 seconds
[2026-07-10T09:29:20.227+0000] {processor.py:157} INFO - Started process (PID=6626) to work on /opt/airflow/dags/dag_suivi.py
[2026-07-10T09:29:20.228+0000] {processor.py:829} INFO - Processing file /opt/airflow/dags/dag_suivi.py for tasks to queue
[2026-07-10T09:29:20.229+0000] {logging_mixin.py:151} INFO - [2026-07-10T09:29:20.229+0000] {dagbag.py:536} INFO - Filling up the DagBag from /opt/airflow/dags/dag_suivi.py
[2026-07-10T09:29:20.245+0000] {processor.py:839} INFO - DAG(s) dict_keys(['pipeline_ingestion_suivi']) retrieved from /opt/airflow/dags/dag_suivi.py
[2026-07-10T09:29:20.269+0000] {logging_mixin.py:151} INFO - [2026-07-10T09:29:20.269+0000] {dag.py:2941} INFO - Sync 1 DAGs
[2026-07-10T09:29:20.287+0000] {logging_mixin.py:151} INFO - [2026-07-10T09:29:20.286+0000] {dag.py:3722} INFO - Setting next_dagrun for pipeline_ingestion_suivi to 2026-07-10T09:00:00+00:00, run_after=2026-07-10T10:00:00+00:00
[2026-07-10T09:29:20.305+0000] {processor.py:179} INFO - Processing /opt/airflow/dags/dag_suivi.py took 0.081 seconds
[2026-07-10T09:29:50.461+0000] {processor.py:157} INFO - Started process (PID=6631) to work on /opt/airflow/dags/dag_suivi.py
[2026-07-10T09:29:50.461+0000] {processor.py:829} INFO - Processing file /opt/airflow/dags/dag_suivi.py for tasks to queue
[2026-07-10T09:29:50.462+0000] {logging_mixin.py:151} INFO - [2026-07-10T09:29:50.462+0000] {dagbag.py:536} INFO - Filling up the DagBag from /opt/airflow/dags/dag_suivi.py
[2026-07-10T09:29:50.482+0000] {processor.py:839} INFO - DAG(s) dict_keys(['pipeline_ingestion_suivi']) retrieved from /opt/airflow/dags/dag_suivi.py
[2026-07-10T09:29:50.505+0000] {logging_mixin.py:151} INFO - [2026-07-10T09:29:50.504+0000] {dag.py:2941} INFO - Sync 1 DAGs
[2026-07-10T09:29:50.525+0000] {logging_mixin.py:151} INFO - [2026-07-10T09:29:50.525+0000] {dag.py:3722} INFO - Setting next_dagrun for pipeline_ingestion_suivi to 2026-07-10T09:00:00+00:00, run_after=2026-07-10T10:00:00+00:00
[2026-07-10T09:29:50.545+0000] {processor.py:179} INFO - Processing /opt/airflow/dags/dag_suivi.py took 0.087 seconds
[2026-07-10T09:30:20.690+0000] {processor.py:157} INFO - Started process (PID=6636) to work on /opt/airflow/dags/dag_suivi.py
[2026-07-10T09:30:20.691+0000] {processor.py:829} INFO - Processing file /opt/airflow/dags/dag_suivi.py for tasks to queue
[2026-07-10T09:30:20.692+0000] {logging_mixin.py:151} INFO - [2026-07-10T09:30:20.692+0000] {dagbag.py:536} INFO - Filling up the DagBag from /opt/airflow/dags/dag_suivi.py
[2026-07-10T09:30:20.710+0000] {processor.py:839} INFO - DAG(s) dict_keys(['pipeline_ingestion_suivi']) retrieved from /opt/airflow/dags/dag_suivi.py
[2026-07-10T09:30:20.735+0000] {logging_mixin.py:151} INFO - [2026-07-10T09:30:20.735+0000] {dag.py:2941} INFO - Sync 1 DAGs
[2026-07-10T09:30:20.755+0000] {logging_mixin.py:151} INFO - [2026-07-10T09:30:20.754+0000] {dag.py:3722} INFO - Setting next_dagrun for pipeline_ingestion_suivi to 2026-07-10T09:00:00+00:00, run_after=2026-07-10T10:00:00+00:00
[2026-07-10T09:30:20.776+0000] {processor.py:179} INFO - Processing /opt/airflow/dags/dag_suivi.py took 0.089 seconds
[2026-07-10T09:30:50.988+0000] {processor.py:157} INFO - Started process (PID=6641) to work on /opt/airflow/dags/dag_suivi.py
[2026-07-10T09:30:50.989+0000] {processor.py:829} INFO - Processing file /opt/airflow/dags/dag_suivi.py for tasks to queue
[2026-07-10T09:30:50.990+0000] {logging_mixin.py:151} INFO - [2026-07-10T09:30:50.990+0000] {dagbag.py:536} INFO - Filling up the DagBag from /opt/airflow/dags/dag_suivi.py
[2026-07-10T09:30:51.029+0000] {processor.py:839} INFO - DAG(s) dict_keys(['pipeline_ingestion_suivi']) retrieved from /opt/airflow/dags/dag_suivi.py
[2026-07-10T09:30:51.088+0000] {logging_mixin.py:151} INFO - [2026-07-10T09:30:51.087+0000] {dag.py:2941} INFO - Sync 1 DAGs
[2026-07-10T09:30:51.134+0000] {logging_mixin.py:151} INFO - [2026-07-10T09:30:51.133+0000] {dag.py:3722} INFO - Setting next_dagrun for pipeline_ingestion_suivi to 2026-07-10T09:00:00+00:00, run_after=2026-07-10T10:00:00+00:00
[2026-07-10T09:30:51.181+0000] {processor.py:179} INFO - Processing /opt/airflow/dags/dag_suivi.py took 0.197 seconds
[2026-07-10T09:31:21.402+0000] {processor.py:157} INFO - Started process (PID=6646) to work on /opt/airflow/dags/dag_suivi.py
[2026-07-10T09:31:21.403+0000] {processor.py:829} INFO - Processing file /opt/airflow/dags/dag_suivi.py for tasks to queue
[2026-07-10T09:31:21.404+0000] {logging_mixin.py:151} INFO - [2026-07-10T09:31:21.404+0000] {dagbag.py:536} INFO - Filling up the DagBag from /opt/airflow/dags/dag_suivi.py
[2026-07-10T09:31:21.425+0000] {processor.py:839} INFO - DAG(s) dict_keys(['pipeline_ingestion_suivi']) retrieved from /opt/airflow/dags/dag_suivi.py
[2026-07-10T09:31:21.456+0000] {logging_mixin.py:151} INFO - [2026-07-10T09:31:21.456+0000] {dag.py:2941} INFO - Sync 1 DAGs
[2026-07-10T09:31:21.480+0000] {logging_mixin.py:151} INFO - [2026-07-10T09:31:21.480+0000] {dag.py:3722} INFO - Setting next_dagrun for pipeline_ingestion_suivi to 2026-07-10T09:00:00+00:00, run_after=2026-07-10T10:00:00+00:00
[2026-07-10T09:31:21.506+0000] {processor.py:179} INFO - Processing /opt/airflow/dags/dag_suivi.py took 0.107 seconds
[2026-07-10T09:31:51.736+0000] {processor.py:157} INFO - Started process (PID=6651) to work on /opt/airflow/dags/dag_suivi.py
[2026-07-10T09:31:51.737+0000] {processor.py:829} INFO - Processing file /opt/airflow/dags/dag_suivi.py for tasks to queue
[2026-07-10T09:31:51.738+0000] {logging_mixin.py:151} INFO - [2026-07-10T09:31:51.738+0000] {dagbag.py:536} INFO - Filling up the DagBag from /opt/airflow/dags/dag_suivi.py
[2026-07-10T09:31:51.768+0000] {processor.py:839} INFO - DAG(s) dict_keys(['pipeline_ingestion_suivi']) retrieved from /opt/airflow/dags/dag_suivi.py
[2026-07-10T09:31:51.808+0000] {logging_mixin.py:151} INFO - [2026-07-10T09:31:51.808+0000] {dag.py:2941} INFO - Sync 1 DAGs
[2026-07-10T09:31:51.840+0000] {logging_mixin.py:151} INFO - [2026-07-10T09:31:51.839+0000] {dag.py:3722} INFO - Setting next_dagrun for pipeline_ingestion_suivi to 2026-07-10T09:00:00+00:00, run_after=2026-07-10T10:00:00+00:00
[2026-07-10T09:31:51.872+0000] {processor.py:179} INFO - Processing /opt/airflow/dags/dag_suivi.py took 0.140 seconds
[2026-07-10T09:32:21.938+0000] {processor.py:157} INFO - Started process (PID=6656) to work on /opt/airflow/dags/dag_suivi.py
[2026-07-10T09:32:21.939+0000] {processor.py:829} INFO - Processing file /opt/airflow/dags/dag_suivi.py for tasks to queue
[2026-07-10T09:32:21.940+0000] {logging_mixin.py:151} INFO - [2026-07-10T09:32:21.939+0000] {dagbag.py:536} INFO - Filling up the DagBag from /opt/airflow/dags/dag_suivi.py
[2026-07-10T09:32:21.958+0000] {processor.py:839} INFO - DAG(s) dict_keys(['pipeline_ingestion_suivi']) retrieved from /opt/airflow/dags/dag_suivi.py
[2026-07-10T09:32:21.986+0000] {logging_mixin.py:151} INFO - [2026-07-10T09:32:21.985+0000] {dag.py:2941} INFO - Sync 1 DAGs
[2026-07-10T09:32:22.006+0000] {logging_mixin.py:151} INFO - [2026-07-10T09:32:22.006+0000] {dag.py:3722} INFO - Setting next_dagrun for pipeline_ingestion_suivi to 2026-07-10T09:00:00+00:00, run_after=2026-07-10T10:00:00+00:00
[2026-07-10T09:32:22.024+0000] {processor.py:179} INFO - Processing /opt/airflow/dags/dag_suivi.py took 0.088 seconds
[2026-07-10T09:32:52.163+0000] {processor.py:157} INFO - Started process (PID=6661) to work on /opt/airflow/dags/dag_suivi.py
[2026-07-10T09:32:52.163+0000] {processor.py:829} INFO - Processing file /opt/airflow/dags/dag_suivi.py for tasks to queue
[2026-07-10T09:32:52.164+0000] {logging_mixin.py:151} INFO - [2026-07-10T09:32:52.164+0000] {dagbag.py:536} INFO - Filling up the DagBag from /opt/airflow/dags/dag_suivi.py
[2026-07-10T09:32:52.185+0000] {processor.py:839} INFO - DAG(s) dict_keys(['pipeline_ingestion_suivi']) retrieved from /opt/airflow/dags/dag_suivi.py
[2026-07-10T09:32:52.215+0000] {logging_mixin.py:151} INFO - [2026-07-10T09:32:52.214+0000] {dag.py:2941} INFO - Sync 1 DAGs
[2026-07-10T09:32:52.239+0000] {logging_mixin.py:151} INFO - [2026-07-10T09:32:52.239+0000] {dag.py:3722} INFO - Setting next_dagrun for pipeline_ingestion_suivi to 2026-07-10T09:00:00+00:00, run_after=2026-07-10T10:00:00+00:00
[2026-07-10T09:32:52.257+0000] {processor.py:179} INFO - Processing /opt/airflow/dags/dag_suivi.py took 0.097 seconds
[2026-07-10T09:33:22.450+0000] {processor.py:157} INFO - Started process (PID=6666) to work on /opt/airflow/dags/dag_suivi.py
[2026-07-10T09:33:22.451+0000] {processor.py:829} INFO - Processing file /opt/airflow/dags/dag_suivi.py for tasks to queue
[2026-07-10T09:33:22.452+0000] {logging_mixin.py:151} INFO - [2026-07-10T09:33:22.452+0000] {dagbag.py:536} INFO - Filling up the DagBag from /opt/airflow/dags/dag_suivi.py
[2026-07-10T09:33:22.477+0000] {processor.py:839} INFO - DAG(s) dict_keys(['pipeline_ingestion_suivi']) retrieved from /opt/airflow/dags/dag_suivi.py
[2026-07-10T09:33:22.510+0000] {logging_mixin.py:151} INFO - [2026-07-10T09:33:22.510+0000] {dag.py:2941} INFO - Sync 1 DAGs
[2026-07-10T09:33:22.535+0000] {logging_mixin.py:151} INFO - [2026-07-10T09:33:22.534+0000] {dag.py:3722} INFO - Setting next_dagrun for pipeline_ingestion_suivi to 2026-07-10T09:00:00+00:00, run_after=2026-07-10T10:00:00+00:00
[2026-07-10T09:33:22.566+0000] {processor.py:179} INFO - Processing /opt/airflow/dags/dag_suivi.py took 0.119 seconds
[2026-07-10T09:33:52.649+0000] {processor.py:157} INFO - Started process (PID=6671) to work on /opt/airflow/dags/dag_suivi.py
[2026-07-10T09:33:52.650+0000] {processor.py:829} INFO - Processing file /opt/airflow/dags/dag_suivi.py for tasks to queue
[2026-07-10T09:33:52.650+0000] {logging_mixin.py:151} INFO - [2026-07-10T09:33:52.650+0000] {dagbag.py:536} INFO - Filling up the DagBag from /opt/airflow/dags/dag_suivi.py
[2026-07-10T09:33:52.671+0000] {processor.py:839} INFO - DAG(s) dict_keys(['pipeline_ingestion_suivi']) retrieved from /opt/airflow/dags/dag_suivi.py
[2026-07-10T09:33:52.709+0000] {logging_mixin.py:151} INFO - [2026-07-10T09:33:52.709+0000] {dag.py:2941} INFO - Sync 1 DAGs
[2026-07-10T09:33:52.727+0000] {logging_mixin.py:151} INFO - [2026-07-10T09:33:52.727+0000] {dag.py:3722} INFO - Setting next_dagrun for pipeline_ingestion_suivi to 2026-07-10T09:00:00+00:00, run_after=2026-07-10T10:00:00+00:00
[2026-07-10T09:33:52.746+0000] {processor.py:179} INFO - Processing /opt/airflow/dags/dag_suivi.py took 0.101 seconds
[2026-07-10T09:34:22.955+0000] {processor.py:157} INFO - Started process (PID=6676) to work on /opt/airflow/dags/dag_suivi.py
[2026-07-10T09:34:22.958+0000] {processor.py:829} INFO - Processing file /opt/airflow/dags/dag_suivi.py for tasks to queue
[2026-07-10T09:34:22.961+0000] {logging_mixin.py:151} INFO - [2026-07-10T09:34:22.961+0000] {dagbag.py:536} INFO - Filling up the DagBag from /opt/airflow/dags/dag_suivi.py
[2026-07-10T09:34:22.994+0000] {processor.py:839} INFO - DAG(s) dict_keys(['pipeline_ingestion_suivi']) retrieved from /opt/airflow/dags/dag_suivi.py
[2026-07-10T09:34:23.030+0000] {logging_mixin.py:151} INFO - [2026-07-10T09:34:23.030+0000] {dag.py:2941} INFO - Sync 1 DAGs
[2026-07-10T09:34:23.056+0000] {logging_mixin.py:151} INFO - [2026-07-10T09:34:23.056+0000] {dag.py:3722} INFO - Setting next_dagrun for pipeline_ingestion_suivi to 2026-07-10T09:00:00+00:00, run_after=2026-07-10T10:00:00+00:00
[2026-07-10T09:34:23.088+0000] {processor.py:179} INFO - Processing /opt/airflow/dags/dag_suivi.py took 0.137 seconds
[2026-07-10T09:34:53.144+0000] {processor.py:157} INFO - Started process (PID=6681) to work on /opt/airflow/dags/dag_suivi.py
[2026-07-10T09:34:53.145+0000] {processor.py:829} INFO - Processing file /opt/airflow/dags/dag_suivi.py for tasks to queue
[2026-07-10T09:34:53.146+0000] {logging_mixin.py:151} INFO - [2026-07-10T09:34:53.145+0000] {dagbag.py:536} INFO - Filling up the DagBag from /opt/airflow/dags/dag_suivi.py
[2026-07-10T09:34:53.165+0000] {processor.py:839} INFO - DAG(s) dict_keys(['pipeline_ingestion_suivi']) retrieved from /opt/airflow/dags/dag_suivi.py
[2026-07-10T09:34:53.194+0000] {logging_mixin.py:151} INFO - [2026-07-10T09:34:53.194+0000] {dag.py:2941} INFO - Sync 1 DAGs
[2026-07-10T09:34:53.213+0000] {logging_mixin.py:151} INFO - [2026-07-10T09:34:53.213+0000] {dag.py:3722} INFO - Setting next_dagrun for pipeline_ingestion_suivi to 2026-07-10T09:00:00+00:00, run_after=2026-07-10T10:00:00+00:00
[2026-07-10T09:34:53.233+0000] {processor.py:179} INFO - Processing /opt/airflow/dags/dag_suivi.py took 0.091 seconds
[2026-07-10T09:35:23.337+0000] {processor.py:157} INFO - Started process (PID=6686) to work on /opt/airflow/dags/dag_suivi.py
[2026-07-10T09:35:23.338+0000] {processor.py:829} INFO - Processing file /opt/airflow/dags/dag_suivi.py for tasks to queue
[2026-07-10T09:35:23.339+0000] {logging_mixin.py:151} INFO - [2026-07-10T09:35:23.339+0000] {dagbag.py:536} INFO - Filling up the DagBag from /opt/airflow/dags/dag_suivi.py
[2026-07-10T09:35:23.374+0000] {processor.py:839} INFO - DAG(s) dict_keys(['pipeline_ingestion_suivi']) retrieved from /opt/airflow/dags/dag_suivi.py
[2026-07-10T09:35:23.412+0000] {logging_mixin.py:151} INFO - [2026-07-10T09:35:23.412+0000] {dag.py:2941} INFO - Sync 1 DAGs
[2026-07-10T09:35:23.440+0000] {logging_mixin.py:151} INFO - [2026-07-10T09:35:23.440+0000] {dag.py:3722} INFO - Setting next_dagrun for pipeline_ingestion_suivi to 2026-07-10T09:00:00+00:00, run_after=2026-07-10T10:00:00+00:00
[2026-07-10T09:35:23.466+0000] {processor.py:179} INFO - Processing /opt/airflow/dags/dag_suivi.py took 0.133 seconds
[2026-07-10T09:35:53.613+0000] {processor.py:157} INFO - Started process (PID=6691) to work on /opt/airflow/dags/dag_suivi.py
[2026-07-10T09:35:53.614+0000] {processor.py:829} INFO - Processing file /opt/airflow/dags/dag_suivi.py for tasks to queue
[2026-07-10T09:35:53.616+0000] {logging_mixin.py:151} INFO - [2026-07-10T09:35:53.615+0000] {dagbag.py:536} INFO - Filling up the DagBag from /opt/airflow/dags/dag_suivi.py
[2026-07-10T09:35:53.640+0000] {processor.py:839} INFO - DAG(s) dict_keys(['pipeline_ingestion_suivi']) retrieved from /opt/airflow/dags/dag_suivi.py
[2026-07-10T09:35:53.670+0000] {logging_mixin.py:151} INFO - [2026-07-10T09:35:53.670+0000] {dag.py:2941} INFO - Sync 1 DAGs
[2026-07-10T09:35:53.707+0000] {logging_mixin.py:151} INFO - [2026-07-10T09:35:53.706+0000] {dag.py:3722} INFO - Setting next_dagrun for pipeline_ingestion_suivi to 2026-07-10T09:00:00+00:00, run_after=2026-07-10T10:00:00+00:00
[2026-07-10T09:35:53.733+0000] {processor.py:179} INFO - Processing /opt/airflow/dags/dag_suivi.py took 0.125 seconds
[2026-07-10T09:36:23.857+0000] {processor.py:157} INFO - Started process (PID=6696) to work on /opt/airflow/dags/dag_suivi.py
[2026-07-10T09:36:23.858+0000] {processor.py:829} INFO - Processing file /opt/airflow/dags/dag_suivi.py for tasks to queue
[2026-07-10T09:36:23.858+0000] {logging_mixin.py:151} INFO - [2026-07-10T09:36:23.858+0000] {dagbag.py:536} INFO - Filling up the DagBag from /opt/airflow/dags/dag_suivi.py
[2026-07-10T09:36:23.881+0000] {processor.py:839} INFO - DAG(s) dict_keys(['pipeline_ingestion_suivi']) retrieved from /opt/airflow/dags/dag_suivi.py
[2026-07-10T09:36:23.915+0000] {logging_mixin.py:151} INFO - [2026-07-10T09:36:23.915+0000] {dag.py:2941} INFO - Sync 1 DAGs
[2026-07-10T09:36:23.942+0000] {logging_mixin.py:151} INFO - [2026-07-10T09:36:23.942+0000] {dag.py:3722} INFO - Setting next_dagrun for pipeline_ingestion_suivi to 2026-07-10T09:00:00+00:00, run_after=2026-07-10T10:00:00+00:00
[2026-07-10T09:36:23.966+0000] {processor.py:179} INFO - Processing /opt/airflow/dags/dag_suivi.py took 0.112 seconds
[2026-07-10T09:36:54.178+0000] {processor.py:157} INFO - Started process (PID=6701) to work on /opt/airflow/dags/dag_suivi.py
[2026-07-10T09:36:54.180+0000] {processor.py:829} INFO - Processing file /opt/airflow/dags/dag_suivi.py for tasks to queue
[2026-07-10T09:36:54.182+0000] {logging_mixin.py:151} INFO - [2026-07-10T09:36:54.181+0000] {dagbag.py:536} INFO - Filling up the DagBag from /opt/airflow/dags/dag_suivi.py
[2026-07-10T09:36:54.228+0000] {processor.py:839} INFO - DAG(s) dict_keys(['pipeline_ingestion_suivi']) retrieved from /opt/airflow/dags/dag_suivi.py
[2026-07-10T09:36:54.274+0000] {logging_mixin.py:151} INFO - [2026-07-10T09:36:54.274+0000] {dag.py:2941} INFO - Sync 1 DAGs
[2026-07-10T09:36:54.311+0000] {logging_mixin.py:151} INFO - [2026-07-10T09:36:54.311+0000] {dag.py:3722} INFO - Setting next_dagrun for pipeline_ingestion_suivi to 2026-07-10T09:00:00+00:00, run_after=2026-07-10T10:00:00+00:00
[2026-07-10T09:36:54.351+0000] {processor.py:179} INFO - Processing /opt/airflow/dags/dag_suivi.py took 0.179 seconds
[2026-07-10T09:37:24.448+0000] {processor.py:157} INFO - Started process (PID=6706) to work on /opt/airflow/dags/dag_suivi.py
[2026-07-10T09:37:24.450+0000] {processor.py:829} INFO - Processing file /opt/airflow/dags/dag_suivi.py for tasks to queue
[2026-07-10T09:37:24.451+0000] {logging_mixin.py:151} INFO - [2026-07-10T09:37:24.451+0000] {dagbag.py:536} INFO - Filling up the DagBag from /opt/airflow/dags/dag_suivi.py
[2026-07-10T09:37:24.474+0000] {processor.py:839} INFO - DAG(s) dict_keys(['pipeline_ingestion_suivi']) retrieved from /opt/airflow/dags/dag_suivi.py
[2026-07-10T09:37:24.508+0000] {logging_mixin.py:151} INFO - [2026-07-10T09:37:24.508+0000] {dag.py:2941} INFO - Sync 1 DAGs
[2026-07-10T09:37:24.534+0000] {logging_mixin.py:151} INFO - [2026-07-10T09:37:24.534+0000] {dag.py:3722} INFO - Setting next_dagrun for pipeline_ingestion_suivi to 2026-07-10T09:00:00+00:00, run_after=2026-07-10T10:00:00+00:00
[2026-07-10T09:37:24.561+0000] {processor.py:179} INFO - Processing /opt/airflow/dags/dag_suivi.py took 0.116 seconds
[2026-07-10T09:37:54.678+0000] {processor.py:157} INFO - Started process (PID=6711) to work on /opt/airflow/dags/dag_suivi.py
[2026-07-10T09:37:54.679+0000] {processor.py:829} INFO - Processing file /opt/airflow/dags/dag_suivi.py for tasks to queue
[2026-07-10T09:37:54.680+0000] {logging_mixin.py:151} INFO - [2026-07-10T09:37:54.680+0000] {dagbag.py:536} INFO - Filling up the DagBag from /opt/airflow/dags/dag_suivi.py
[2026-07-10T09:37:54.701+0000] {processor.py:839} INFO - DAG(s) dict_keys(['pipeline_ingestion_suivi']) retrieved from /opt/airflow/dags/dag_suivi.py
[2026-07-10T09:37:54.731+0000] {logging_mixin.py:151} INFO - [2026-07-10T09:37:54.731+0000] {dag.py:2941} INFO - Sync 1 DAGs
[2026-07-10T09:37:54.755+0000] {logging_mixin.py:151} INFO - [2026-07-10T09:37:54.755+0000] {dag.py:3722} INFO - Setting next_dagrun for pipeline_ingestion_suivi to 2026-07-10T09:00:00+00:00, run_after=2026-07-10T10:00:00+00:00
[2026-07-10T09:37:54.777+0000] {processor.py:179} INFO - Processing /opt/airflow/dags/dag_suivi.py took 0.102 seconds
[2026-07-10T09:38:25.006+0000] {processor.py:157} INFO - Started process (PID=6716) to work on /opt/airflow/dags/dag_suivi.py
[2026-07-10T09:38:25.008+0000] {processor.py:829} INFO - Processing file /opt/airflow/dags/dag_suivi.py for tasks to queue
[2026-07-10T09:38:25.009+0000] {logging_mixin.py:151} INFO - [2026-07-10T09:38:25.008+0000] {dagbag.py:536} INFO - Filling up the DagBag from /opt/airflow/dags/dag_suivi.py
[2026-07-10T09:38:25.031+0000] {processor.py:839} INFO - DAG(s) dict_keys(['pipeline_ingestion_suivi']) retrieved from /opt/airflow/dags/dag_suivi.py
[2026-07-10T09:38:25.067+0000] {logging_mixin.py:151} INFO - [2026-07-10T09:38:25.067+0000] {dag.py:2941} INFO - Sync 1 DAGs
[2026-07-10T09:38:25.093+0000] {logging_mixin.py:151} INFO - [2026-07-10T09:38:25.093+0000] {dag.py:3722} INFO - Setting next_dagrun for pipeline_ingestion_suivi to 2026-07-10T09:00:00+00:00, run_after=2026-07-10T10:00:00+00:00
[2026-07-10T09:38:25.129+0000] {processor.py:179} INFO - Processing /opt/airflow/dags/dag_suivi.py took 0.126 seconds
[2026-07-10T09:38:55.243+0000] {processor.py:157} INFO - Started process (PID=6721) to work on /opt/airflow/dags/dag_suivi.py
[2026-07-10T09:38:55.243+0000] {processor.py:829} INFO - Processing file /opt/airflow/dags/dag_suivi.py for tasks to queue
[2026-07-10T09:38:55.244+0000] {logging_mixin.py:151} INFO - [2026-07-10T09:38:55.244+0000] {dagbag.py:536} INFO - Filling up the DagBag from /opt/airflow/dags/dag_suivi.py
[2026-07-10T09:38:55.262+0000] {processor.py:839} INFO - DAG(s) dict_keys(['pipeline_ingestion_suivi']) retrieved from /opt/airflow/dags/dag_suivi.py
[2026-07-10T09:38:55.284+0000] {logging_mixin.py:151} INFO - [2026-07-10T09:38:55.283+0000] {dag.py:2941} INFO - Sync 1 DAGs
[2026-07-10T09:38:55.301+0000] {logging_mixin.py:151} INFO - [2026-07-10T09:38:55.301+0000] {dag.py:3722} INFO - Setting next_dagrun for pipeline_ingestion_suivi to 2026-07-10T09:00:00+00:00, run_after=2026-07-10T10:00:00+00:00
[2026-07-10T09:38:55.319+0000] {processor.py:179} INFO - Processing /opt/airflow/dags/dag_suivi.py took 0.080 seconds
[2026-07-10T09:39:25.562+0000] {processor.py:157} INFO - Started process (PID=6726) to work on /opt/airflow/dags/dag_suivi.py
[2026-07-10T09:39:25.563+0000] {processor.py:829} INFO - Processing file /opt/airflow/dags/dag_suivi.py for tasks to queue
[2026-07-10T09:39:25.564+0000] {logging_mixin.py:151} INFO - [2026-07-10T09:39:25.564+0000] {dagbag.py:536} INFO - Filling up the DagBag from /opt/airflow/dags/dag_suivi.py
[2026-07-10T09:39:25.583+0000] {processor.py:839} INFO - DAG(s) dict_keys(['pipeline_ingestion_suivi']) retrieved from /opt/airflow/dags/dag_suivi.py
[2026-07-10T09:39:25.623+0000] {logging_mixin.py:151} INFO - [2026-07-10T09:39:25.623+0000] {dag.py:2941} INFO - Sync 1 DAGs
[2026-07-10T09:39:25.647+0000] {logging_mixin.py:151} INFO - [2026-07-10T09:39:25.647+0000] {dag.py:3722} INFO - Setting next_dagrun for pipeline_ingestion_suivi to 2026-07-10T09:00:00+00:00, run_after=2026-07-10T10:00:00+00:00
[2026-07-10T09:39:25.665+0000] {processor.py:179} INFO - Processing /opt/airflow/dags/dag_suivi.py took 0.105 seconds
[2026-07-10T09:39:55.757+0000] {processor.py:157} INFO - Started process (PID=6731) to work on /opt/airflow/dags/dag_suivi.py
[2026-07-10T09:39:55.758+0000] {processor.py:829} INFO - Processing file /opt/airflow/dags/dag_suivi.py for tasks to queue
[2026-07-10T09:39:55.759+0000] {logging_mixin.py:151} INFO - [2026-07-10T09:39:55.759+0000] {dagbag.py:536} INFO - Filling up the DagBag from /opt/airflow/dags/dag_suivi.py
[2026-07-10T09:39:55.781+0000] {processor.py:839} INFO - DAG(s) dict_keys(['pipeline_ingestion_suivi']) retrieved from /opt/airflow/dags/dag_suivi.py
[2026-07-10T09:39:55.808+0000] {logging_mixin.py:151} INFO - [2026-07-10T09:39:55.807+0000] {dag.py:2941} INFO - Sync 1 DAGs
[2026-07-10T09:39:55.832+0000] {logging_mixin.py:151} INFO - [2026-07-10T09:39:55.831+0000] {dag.py:3722} INFO - Setting next_dagrun for pipeline_ingestion_suivi to 2026-07-10T09:00:00+00:00, run_after=2026-07-10T10:00:00+00:00
[2026-07-10T09:39:55.852+0000] {processor.py:179} INFO - Processing /opt/airflow/dags/dag_suivi.py took 0.098 seconds
[2026-07-10T09:40:26.089+0000] {processor.py:157} INFO - Started process (PID=6736) to work on /opt/airflow/dags/dag_suivi.py
[2026-07-10T09:40:26.090+0000] {processor.py:829} INFO - Processing file /opt/airflow/dags/dag_suivi.py for tasks to queue
[2026-07-10T09:40:26.091+0000] {logging_mixin.py:151} INFO - [2026-07-10T09:40:26.091+0000] {dagbag.py:536} INFO - Filling up the DagBag from /opt/airflow/dags/dag_suivi.py
[2026-07-10T09:40:26.111+0000] {processor.py:839} INFO - DAG(s) dict_keys(['pipeline_ingestion_suivi']) retrieved from /opt/airflow/dags/dag_suivi.py
[2026-07-10T09:40:26.137+0000] {logging_mixin.py:151} INFO - [2026-07-10T09:40:26.137+0000] {dag.py:2941} INFO - Sync 1 DAGs
[2026-07-10T09:40:26.161+0000] {logging_mixin.py:151} INFO - [2026-07-10T09:40:26.160+0000] {dag.py:3722} INFO - Setting next_dagrun for pipeline_ingestion_suivi to 2026-07-10T09:00:00+00:00, run_after=2026-07-10T10:00:00+00:00
[2026-07-10T09:40:26.184+0000] {processor.py:179} INFO - Processing /opt/airflow/dags/dag_suivi.py took 0.097 seconds
[2026-07-10T09:40:56.290+0000] {processor.py:157} INFO - Started process (PID=6741) to work on /opt/airflow/dags/dag_suivi.py
[2026-07-10T09:40:56.290+0000] {processor.py:829} INFO - Processing file /opt/airflow/dags/dag_suivi.py for tasks to queue
[2026-07-10T09:40:56.291+0000] {logging_mixin.py:151} INFO - [2026-07-10T09:40:56.291+0000] {dagbag.py:536} INFO - Filling up the DagBag from /opt/airflow/dags/dag_suivi.py
[2026-07-10T09:40:56.308+0000] {processor.py:839} INFO - DAG(s) dict_keys(['pipeline_ingestion_suivi']) retrieved from /opt/airflow/dags/dag_suivi.py
[2026-07-10T09:40:56.335+0000] {logging_mixin.py:151} INFO - [2026-07-10T09:40:56.334+0000] {dag.py:2941} INFO - Sync 1 DAGs
[2026-07-10T09:40:56.353+0000] {logging_mixin.py:151} INFO - [2026-07-10T09:40:56.353+0000] {dag.py:3722} INFO - Setting next_dagrun for pipeline_ingestion_suivi to 2026-07-10T09:00:00+00:00, run_after=2026-07-10T10:00:00+00:00
[2026-07-10T09:40:56.371+0000] {processor.py:179} INFO - Processing /opt/airflow/dags/dag_suivi.py took 0.084 seconds
[2026-07-10T09:41:26.590+0000] {processor.py:157} INFO - Started process (PID=6746) to work on /opt/airflow/dags/dag_suivi.py
[2026-07-10T09:41:26.591+0000] {processor.py:829} INFO - Processing file /opt/airflow/dags/dag_suivi.py for tasks to queue
[2026-07-10T09:41:26.592+0000] {logging_mixin.py:151} INFO - [2026-07-10T09:41:26.592+0000] {dagbag.py:536} INFO - Filling up the DagBag from /opt/airflow/dags/dag_suivi.py
[2026-07-10T09:41:26.610+0000] {processor.py:839} INFO - DAG(s) dict_keys(['pipeline_ingestion_suivi']) retrieved from /opt/airflow/dags/dag_suivi.py
[2026-07-10T09:41:26.635+0000] {logging_mixin.py:151} INFO - [2026-07-10T09:41:26.635+0000] {dag.py:2941} INFO - Sync 1 DAGs
[2026-07-10T09:41:26.655+0000] {logging_mixin.py:151} INFO - [2026-07-10T09:41:26.655+0000] {dag.py:3722} INFO - Setting next_dagrun for pipeline_ingestion_suivi to 2026-07-10T09:00:00+00:00, run_after=2026-07-10T10:00:00+00:00
[2026-07-10T09:41:26.673+0000] {processor.py:179} INFO - Processing /opt/airflow/dags/dag_suivi.py took 0.085 seconds
[2026-07-10T09:41:56.799+0000] {processor.py:157} INFO - Started process (PID=6751) to work on /opt/airflow/dags/dag_suivi.py
[2026-07-10T09:41:56.800+0000] {processor.py:829} INFO - Processing file /opt/airflow/dags/dag_suivi.py for tasks to queue
[2026-07-10T09:41:56.801+0000] {logging_mixin.py:151} INFO - [2026-07-10T09:41:56.800+0000] {dagbag.py:536} INFO - Filling up the DagBag from /opt/airflow/dags/dag_suivi.py
[2026-07-10T09:41:56.818+0000] {processor.py:839} INFO - DAG(s) dict_keys(['pipeline_ingestion_suivi']) retrieved from /opt/airflow/dags/dag_suivi.py
[2026-07-10T09:41:56.843+0000] {logging_mixin.py:151} INFO - [2026-07-10T09:41:56.843+0000] {dag.py:2941} INFO - Sync 1 DAGs
[2026-07-10T09:41:56.861+0000] {logging_mixin.py:151} INFO - [2026-07-10T09:41:56.861+0000] {dag.py:3722} INFO - Setting next_dagrun for pipeline_ingestion_suivi to 2026-07-10T09:00:00+00:00, run_after=2026-07-10T10:00:00+00:00
[2026-07-10T09:41:56.888+0000] {processor.py:179} INFO - Processing /opt/airflow/dags/dag_suivi.py took 0.092 seconds
[2026-07-10T09:42:27.091+0000] {processor.py:157} INFO - Started process (PID=6756) to work on /opt/airflow/dags/dag_suivi.py
[2026-07-10T09:42:27.091+0000] {processor.py:829} INFO - Processing file /opt/airflow/dags/dag_suivi.py for tasks to queue
[2026-07-10T09:42:27.092+0000] {logging_mixin.py:151} INFO - [2026-07-10T09:42:27.092+0000] {dagbag.py:536} INFO - Filling up the DagBag from /opt/airflow/dags/dag_suivi.py
[2026-07-10T09:42:27.109+0000] {processor.py:839} INFO - DAG(s) dict_keys(['pipeline_ingestion_suivi']) retrieved from /opt/airflow/dags/dag_suivi.py
[2026-07-10T09:42:27.136+0000] {logging_mixin.py:151} INFO - [2026-07-10T09:42:27.135+0000] {dag.py:2941} INFO - Sync 1 DAGs
[2026-07-10T09:42:27.155+0000] {logging_mixin.py:151} INFO - [2026-07-10T09:42:27.155+0000] {dag.py:3722} INFO - Setting next_dagrun for pipeline_ingestion_suivi to 2026-07-10T09:00:00+00:00, run_after=2026-07-10T10:00:00+00:00
[2026-07-10T09:42:27.172+0000] {processor.py:179} INFO - Processing /opt/airflow/dags/dag_suivi.py took 0.084 seconds
[2026-07-10T09:42:57.329+0000] {processor.py:157} INFO - Started process (PID=6761) to work on /opt/airflow/dags/dag_suivi.py
[2026-07-10T09:42:57.330+0000] {processor.py:829} INFO - Processing file /opt/airflow/dags/dag_suivi.py for tasks to queue
[2026-07-10T09:42:57.331+0000] {logging_mixin.py:151} INFO - [2026-07-10T09:42:57.331+0000] {dagbag.py:536} INFO - Filling up the DagBag from /opt/airflow/dags/dag_suivi.py
[2026-07-10T09:42:57.348+0000] {processor.py:839} INFO - DAG(s) dict_keys(['pipeline_ingestion_suivi']) retrieved from /opt/airflow/dags/dag_suivi.py
[2026-07-10T09:42:57.375+0000] {logging_mixin.py:151} INFO - [2026-07-10T09:42:57.375+0000] {dag.py:2941} INFO - Sync 1 DAGs
[2026-07-10T09:42:57.394+0000] {logging_mixin.py:151} INFO - [2026-07-10T09:42:57.394+0000] {dag.py:3722} INFO - Setting next_dagrun for pipeline_ingestion_suivi to 2026-07-10T09:00:00+00:00, run_after=2026-07-10T10:00:00+00:00
[2026-07-10T09:42:57.413+0000] {processor.py:179} INFO - Processing /opt/airflow/dags/dag_suivi.py took 0.087 seconds
[2026-07-10T09:43:27.624+0000] {processor.py:157} INFO - Started process (PID=6766) to work on /opt/airflow/dags/dag_suivi.py
[2026-07-10T09:43:27.624+0000] {processor.py:829} INFO - Processing file /opt/airflow/dags/dag_suivi.py for tasks to queue
[2026-07-10T09:43:27.625+0000] {logging_mixin.py:151} INFO - [2026-07-10T09:43:27.625+0000] {dagbag.py:536} INFO - Filling up the DagBag from /opt/airflow/dags/dag_suivi.py
[2026-07-10T09:43:27.642+0000] {processor.py:839} INFO - DAG(s) dict_keys(['pipeline_ingestion_suivi']) retrieved from /opt/airflow/dags/dag_suivi.py
[2026-07-10T09:43:27.666+0000] {logging_mixin.py:151} INFO - [2026-07-10T09:43:27.666+0000] {dag.py:2941} INFO - Sync 1 DAGs
[2026-07-10T09:43:27.685+0000] {logging_mixin.py:151} INFO - [2026-07-10T09:43:27.685+0000] {dag.py:3722} INFO - Setting next_dagrun for pipeline_ingestion_suivi to 2026-07-10T09:00:00+00:00, run_after=2026-07-10T10:00:00+00:00
[2026-07-10T09:43:27.707+0000] {processor.py:179} INFO - Processing /opt/airflow/dags/dag_suivi.py took 0.085 seconds
[2026-07-10T09:43:57.846+0000] {processor.py:157} INFO - Started process (PID=6771) to work on /opt/airflow/dags/dag_suivi.py
[2026-07-10T09:43:57.846+0000] {processor.py:829} INFO - Processing file /opt/airflow/dags/dag_suivi.py for tasks to queue
[2026-07-10T09:43:57.847+0000] {logging_mixin.py:151} INFO - [2026-07-10T09:43:57.847+0000] {dagbag.py:536} INFO - Filling up the DagBag from /opt/airflow/dags/dag_suivi.py
[2026-07-10T09:43:57.865+0000] {processor.py:839} INFO - DAG(s) dict_keys(['pipeline_ingestion_suivi']) retrieved from /opt/airflow/dags/dag_suivi.py
[2026-07-10T09:43:57.889+0000] {logging_mixin.py:151} INFO - [2026-07-10T09:43:57.889+0000] {dag.py:2941} INFO - Sync 1 DAGs
[2026-07-10T09:43:57.908+0000] {logging_mixin.py:151} INFO - [2026-07-10T09:43:57.907+0000] {dag.py:3722} INFO - Setting next_dagrun for pipeline_ingestion_suivi to 2026-07-10T09:00:00+00:00, run_after=2026-07-10T10:00:00+00:00
[2026-07-10T09:43:57.925+0000] {processor.py:179} INFO - Processing /opt/airflow/dags/dag_suivi.py took 0.082 seconds
[2026-07-10T09:44:28.113+0000] {processor.py:157} INFO - Started process (PID=6776) to work on /opt/airflow/dags/dag_suivi.py
[2026-07-10T09:44:28.113+0000] {processor.py:829} INFO - Processing file /opt/airflow/dags/dag_suivi.py for tasks to queue
[2026-07-10T09:44:28.114+0000] {logging_mixin.py:151} INFO - [2026-07-10T09:44:28.114+0000] {dagbag.py:536} INFO - Filling up the DagBag from /opt/airflow/dags/dag_suivi.py
[2026-07-10T09:44:28.132+0000] {processor.py:839} INFO - DAG(s) dict_keys(['pipeline_ingestion_suivi']) retrieved from /opt/airflow/dags/dag_suivi.py
[2026-07-10T09:44:28.156+0000] {logging_mixin.py:151} INFO - [2026-07-10T09:44:28.156+0000] {dag.py:2941} INFO - Sync 1 DAGs
[2026-07-10T09:44:28.173+0000] {logging_mixin.py:151} INFO - [2026-07-10T09:44:28.173+0000] {dag.py:3722} INFO - Setting next_dagrun for pipeline_ingestion_suivi to 2026-07-10T09:00:00+00:00, run_after=2026-07-10T10:00:00+00:00
[2026-07-10T09:44:28.191+0000] {processor.py:179} INFO - Processing /opt/airflow/dags/dag_suivi.py took 0.081 seconds
[2026-07-10T09:44:58.344+0000] {processor.py:157} INFO - Started process (PID=6781) to work on /opt/airflow/dags/dag_suivi.py
[2026-07-10T09:44:58.345+0000] {processor.py:829} INFO - Processing file /opt/airflow/dags/dag_suivi.py for tasks to queue
[2026-07-10T09:44:58.346+0000] {logging_mixin.py:151} INFO - [2026-07-10T09:44:58.346+0000] {dagbag.py:536} INFO - Filling up the DagBag from /opt/airflow/dags/dag_suivi.py
[2026-07-10T09:44:58.367+0000] {processor.py:839} INFO - DAG(s) dict_keys(['pipeline_ingestion_suivi']) retrieved from /opt/airflow/dags/dag_suivi.py
[2026-07-10T09:44:58.398+0000] {logging_mixin.py:151} INFO - [2026-07-10T09:44:58.398+0000] {dag.py:2941} INFO - Sync 1 DAGs
[2026-07-10T09:44:58.416+0000] {logging_mixin.py:151} INFO - [2026-07-10T09:44:58.415+0000] {dag.py:3722} INFO - Setting next_dagrun for pipeline_ingestion_suivi to 2026-07-10T09:00:00+00:00, run_after=2026-07-10T10:00:00+00:00
[2026-07-10T09:44:58.433+0000] {processor.py:179} INFO - Processing /opt/airflow/dags/dag_suivi.py took 0.092 seconds
[2026-07-10T09:45:28.630+0000] {processor.py:157} INFO - Started process (PID=6786) to work on /opt/airflow/dags/dag_suivi.py
[2026-07-10T09:45:28.631+0000] {processor.py:829} INFO - Processing file /opt/airflow/dags/dag_suivi.py for tasks to queue
[2026-07-10T09:45:28.631+0000] {logging_mixin.py:151} INFO - [2026-07-10T09:45:28.631+0000] {dagbag.py:536} INFO - Filling up the DagBag from /opt/airflow/dags/dag_suivi.py
[2026-07-10T09:45:28.650+0000] {processor.py:839} INFO - DAG(s) dict_keys(['pipeline_ingestion_suivi']) retrieved from /opt/airflow/dags/dag_suivi.py
[2026-07-10T09:45:28.673+0000] {logging_mixin.py:151} INFO - [2026-07-10T09:45:28.673+0000] {dag.py:2941} INFO - Sync 1 DAGs
[2026-07-10T09:45:28.691+0000] {logging_mixin.py:151} INFO - [2026-07-10T09:45:28.691+0000] {dag.py:3722} INFO - Setting next_dagrun for pipeline_ingestion_suivi to 2026-07-10T09:00:00+00:00, run_after=2026-07-10T10:00:00+00:00
[2026-07-10T09:45:28.709+0000] {processor.py:179} INFO - Processing /opt/airflow/dags/dag_suivi.py took 0.081 seconds
[2026-07-10T09:45:58.867+0000] {processor.py:157} INFO - Started process (PID=6791) to work on /opt/airflow/dags/dag_suivi.py
[2026-07-10T09:45:58.868+0000] {processor.py:829} INFO - Processing file /opt/airflow/dags/dag_suivi.py for tasks to queue
[2026-07-10T09:45:58.869+0000] {logging_mixin.py:151} INFO - [2026-07-10T09:45:58.868+0000] {dagbag.py:536} INFO - Filling up the DagBag from /opt/airflow/dags/dag_suivi.py
[2026-07-10T09:45:58.888+0000] {processor.py:839} INFO - DAG(s) dict_keys(['pipeline_ingestion_suivi']) retrieved from /opt/airflow/dags/dag_suivi.py
[2026-07-10T09:45:58.915+0000] {logging_mixin.py:151} INFO - [2026-07-10T09:45:58.915+0000] {dag.py:2941} INFO - Sync 1 DAGs
[2026-07-10T09:45:58.934+0000] {logging_mixin.py:151} INFO - [2026-07-10T09:45:58.933+0000] {dag.py:3722} INFO - Setting next_dagrun for pipeline_ingestion_suivi to 2026-07-10T09:00:00+00:00, run_after=2026-07-10T10:00:00+00:00
[2026-07-10T09:45:58.951+0000] {processor.py:179} INFO - Processing /opt/airflow/dags/dag_suivi.py took 0.087 seconds
[2026-07-10T09:46:29.140+0000] {processor.py:157} INFO - Started process (PID=6796) to work on /opt/airflow/dags/dag_suivi.py
[2026-07-10T09:46:29.141+0000] {processor.py:829} INFO - Processing file /opt/airflow/dags/dag_suivi.py for tasks to queue
[2026-07-10T09:46:29.141+0000] {logging_mixin.py:151} INFO - [2026-07-10T09:46:29.141+0000] {dagbag.py:536} INFO - Filling up the DagBag from /opt/airflow/dags/dag_suivi.py
[2026-07-10T09:46:29.160+0000] {processor.py:839} INFO - DAG(s) dict_keys(['pipeline_ingestion_suivi']) retrieved from /opt/airflow/dags/dag_suivi.py
[2026-07-10T09:46:29.184+0000] {logging_mixin.py:151} INFO - [2026-07-10T09:46:29.184+0000] {dag.py:2941} INFO - Sync 1 DAGs
[2026-07-10T09:46:29.205+0000] {logging_mixin.py:151} INFO - [2026-07-10T09:46:29.205+0000] {dag.py:3722} INFO - Setting next_dagrun for pipeline_ingestion_suivi to 2026-07-10T09:00:00+00:00, run_after=2026-07-10T10:00:00+00:00
[2026-07-10T09:46:29.224+0000] {processor.py:179} INFO - Processing /opt/airflow/dags/dag_suivi.py took 0.087 seconds
[2026-07-10T09:46:59.417+0000] {processor.py:157} INFO - Started process (PID=6801) to work on /opt/airflow/dags/dag_suivi.py
[2026-07-10T09:46:59.417+0000] {processor.py:829} INFO - Processing file /opt/airflow/dags/dag_suivi.py for tasks to queue
[2026-07-10T09:46:59.418+0000] {logging_mixin.py:151} INFO - [2026-07-10T09:46:59.418+0000] {dagbag.py:536} INFO - Filling up the DagBag from /opt/airflow/dags/dag_suivi.py
[2026-07-10T09:46:59.436+0000] {processor.py:839} INFO - DAG(s) dict_keys(['pipeline_ingestion_suivi']) retrieved from /opt/airflow/dags/dag_suivi.py
[2026-07-10T09:46:59.460+0000] {logging_mixin.py:151} INFO - [2026-07-10T09:46:59.460+0000] {dag.py:2941} INFO - Sync 1 DAGs
[2026-07-10T09:46:59.479+0000] {logging_mixin.py:151} INFO - [2026-07-10T09:46:59.478+0000] {dag.py:3722} INFO - Setting next_dagrun for pipeline_ingestion_suivi to 2026-07-10T09:00:00+00:00, run_after=2026-07-10T10:00:00+00:00
[2026-07-10T09:46:59.497+0000] {processor.py:179} INFO - Processing /opt/airflow/dags/dag_suivi.py took 0.083 seconds
[2026-07-10T09:47:29.699+0000] {processor.py:157} INFO - Started process (PID=6806) to work on /opt/airflow/dags/dag_suivi.py
[2026-07-10T09:47:29.699+0000] {processor.py:829} INFO - Processing file /opt/airflow/dags/dag_suivi.py for tasks to queue
[2026-07-10T09:47:29.700+0000] {logging_mixin.py:151} INFO - [2026-07-10T09:47:29.700+0000] {dagbag.py:536} INFO - Filling up the DagBag from /opt/airflow/dags/dag_suivi.py
[2026-07-10T09:47:29.717+0000] {processor.py:839} INFO - DAG(s) dict_keys(['pipeline_ingestion_suivi']) retrieved from /opt/airflow/dags/dag_suivi.py
[2026-07-10T09:47:29.741+0000] {logging_mixin.py:151} INFO - [2026-07-10T09:47:29.741+0000] {dag.py:2941} INFO - Sync 1 DAGs
[2026-07-10T09:47:29.761+0000] {logging_mixin.py:151} INFO - [2026-07-10T09:47:29.761+0000] {dag.py:3722} INFO - Setting next_dagrun for pipeline_ingestion_suivi to 2026-07-10T09:00:00+00:00, run_after=2026-07-10T10:00:00+00:00
[2026-07-10T09:47:29.778+0000] {processor.py:179} INFO - Processing /opt/airflow/dags/dag_suivi.py took 0.082 seconds
[2026-07-10T09:47:59.953+0000] {processor.py:157} INFO - Started process (PID=6811) to work on /opt/airflow/dags/dag_suivi.py
[2026-07-10T09:47:59.954+0000] {processor.py:829} INFO - Processing file /opt/airflow/dags/dag_suivi.py for tasks to queue
[2026-07-10T09:47:59.954+0000] {logging_mixin.py:151} INFO - [2026-07-10T09:47:59.954+0000] {dagbag.py:536} INFO - Filling up the DagBag from /opt/airflow/dags/dag_suivi.py
[2026-07-10T09:47:59.971+0000] {processor.py:839} INFO - DAG(s) dict_keys(['pipeline_ingestion_suivi']) retrieved from /opt/airflow/dags/dag_suivi.py
[2026-07-10T09:47:59.994+0000] {logging_mixin.py:151} INFO - [2026-07-10T09:47:59.994+0000] {dag.py:2941} INFO - Sync 1 DAGs
[2026-07-10T09:48:00.018+0000] {logging_mixin.py:151} INFO - [2026-07-10T09:48:00.018+0000] {dag.py:3722} INFO - Setting next_dagrun for pipeline_ingestion_suivi to 2026-07-10T09:00:00+00:00, run_after=2026-07-10T10:00:00+00:00
[2026-07-10T09:48:00.047+0000] {processor.py:179} INFO - Processing /opt/airflow/dags/dag_suivi.py took 0.097 seconds
[2026-07-10T09:48:30.185+0000] {processor.py:157} INFO - Started process (PID=6816) to work on /opt/airflow/dags/dag_suivi.py
[2026-07-10T09:48:30.186+0000] {processor.py:829} INFO - Processing file /opt/airflow/dags/dag_suivi.py for tasks to queue
[2026-07-10T09:48:30.187+0000] {logging_mixin.py:151} INFO - [2026-07-10T09:48:30.186+0000] {dagbag.py:536} INFO - Filling up the DagBag from /opt/airflow/dags/dag_suivi.py
[2026-07-10T09:48:30.209+0000] {processor.py:839} INFO - DAG(s) dict_keys(['pipeline_ingestion_suivi']) retrieved from /opt/airflow/dags/dag_suivi.py
[2026-07-10T09:48:30.235+0000] {logging_mixin.py:151} INFO - [2026-07-10T09:48:30.235+0000] {dag.py:2941} INFO - Sync 1 DAGs
[2026-07-10T09:48:30.255+0000] {logging_mixin.py:151} INFO - [2026-07-10T09:48:30.255+0000] {dag.py:3722} INFO - Setting next_dagrun for pipeline_ingestion_suivi to 2026-07-10T09:00:00+00:00, run_after=2026-07-10T10:00:00+00:00
[2026-07-10T09:48:30.275+0000] {processor.py:179} INFO - Processing /opt/airflow/dags/dag_suivi.py took 0.093 seconds
[2026-07-10T09:49:00.419+0000] {processor.py:157} INFO - Started process (PID=6821) to work on /opt/airflow/dags/dag_suivi.py
[2026-07-10T09:49:00.419+0000] {processor.py:829} INFO - Processing file /opt/airflow/dags/dag_suivi.py for tasks to queue
[2026-07-10T09:49:00.420+0000] {logging_mixin.py:151} INFO - [2026-07-10T09:49:00.420+0000] {dagbag.py:536} INFO - Filling up the DagBag from /opt/airflow/dags/dag_suivi.py
[2026-07-10T09:49:00.448+0000] {processor.py:839} INFO - DAG(s) dict_keys(['pipeline_ingestion_suivi']) retrieved from /opt/airflow/dags/dag_suivi.py
[2026-07-10T09:49:00.481+0000] {logging_mixin.py:151} INFO - [2026-07-10T09:49:00.481+0000] {dag.py:2941} INFO - Sync 1 DAGs
[2026-07-10T09:49:00.513+0000] {logging_mixin.py:151} INFO - [2026-07-10T09:49:00.513+0000] {dag.py:3722} INFO - Setting next_dagrun for pipeline_ingestion_suivi to 2026-07-10T09:00:00+00:00, run_after=2026-07-10T10:00:00+00:00
[2026-07-10T09:49:00.538+0000] {processor.py:179} INFO - Processing /opt/airflow/dags/dag_suivi.py took 0.123 seconds
[2026-07-10T09:49:30.632+0000] {processor.py:157} INFO - Started process (PID=6826) to work on /opt/airflow/dags/dag_suivi.py
[2026-07-10T09:49:30.633+0000] {processor.py:829} INFO - Processing file /opt/airflow/dags/dag_suivi.py for tasks to queue
[2026-07-10T09:49:30.633+0000] {logging_mixin.py:151} INFO - [2026-07-10T09:49:30.633+0000] {dagbag.py:536} INFO - Filling up the DagBag from /opt/airflow/dags/dag_suivi.py
[2026-07-10T09:49:30.652+0000] {processor.py:839} INFO - DAG(s) dict_keys(['pipeline_ingestion_suivi']) retrieved from /opt/airflow/dags/dag_suivi.py
[2026-07-10T09:49:30.677+0000] {logging_mixin.py:151} INFO - [2026-07-10T09:49:30.677+0000] {dag.py:2941} INFO - Sync 1 DAGs
[2026-07-10T09:49:30.696+0000] {logging_mixin.py:151} INFO - [2026-07-10T09:49:30.695+0000] {dag.py:3722} INFO - Setting next_dagrun for pipeline_ingestion_suivi to 2026-07-10T09:00:00+00:00, run_after=2026-07-10T10:00:00+00:00
[2026-07-10T09:49:30.722+0000] {processor.py:179} INFO - Processing /opt/airflow/dags/dag_suivi.py took 0.093 seconds
[2026-07-10T09:50:00.948+0000] {processor.py:157} INFO - Started process (PID=6831) to work on /opt/airflow/dags/dag_suivi.py
[2026-07-10T09:50:00.949+0000] {processor.py:829} INFO - Processing file /opt/airflow/dags/dag_suivi.py for tasks to queue
[2026-07-10T09:50:00.950+0000] {logging_mixin.py:151} INFO - [2026-07-10T09:50:00.949+0000] {dagbag.py:536} INFO - Filling up the DagBag from /opt/airflow/dags/dag_suivi.py
[2026-07-10T09:50:00.966+0000] {processor.py:839} INFO - DAG(s) dict_keys(['pipeline_ingestion_suivi']) retrieved from /opt/airflow/dags/dag_suivi.py
[2026-07-10T09:50:00.990+0000] {logging_mixin.py:151} INFO - [2026-07-10T09:50:00.990+0000] {dag.py:2941} INFO - Sync 1 DAGs
[2026-07-10T09:50:01.009+0000] {logging_mixin.py:151} INFO - [2026-07-10T09:50:01.009+0000] {dag.py:3722} INFO - Setting next_dagrun for pipeline_ingestion_suivi to 2026-07-10T09:00:00+00:00, run_after=2026-07-10T10:00:00+00:00
[2026-07-10T09:50:01.027+0000] {processor.py:179} INFO - Processing /opt/airflow/dags/dag_suivi.py took 0.081 seconds
[2026-07-10T09:50:31.152+0000] {processor.py:157} INFO - Started process (PID=6836) to work on /opt/airflow/dags/dag_suivi.py
[2026-07-10T09:50:31.153+0000] {processor.py:829} INFO - Processing file /opt/airflow/dags/dag_suivi.py for tasks to queue
[2026-07-10T09:50:31.154+0000] {logging_mixin.py:151} INFO - [2026-07-10T09:50:31.153+0000] {dagbag.py:536} INFO - Filling up the DagBag from /opt/airflow/dags/dag_suivi.py
[2026-07-10T09:50:31.172+0000] {processor.py:839} INFO - DAG(s) dict_keys(['pipeline_ingestion_suivi']) retrieved from /opt/airflow/dags/dag_suivi.py
[2026-07-10T09:50:31.200+0000] {logging_mixin.py:151} INFO - [2026-07-10T09:50:31.200+0000] {dag.py:2941} INFO - Sync 1 DAGs
[2026-07-10T09:50:31.219+0000] {logging_mixin.py:151} INFO - [2026-07-10T09:50:31.219+0000] {dag.py:3722} INFO - Setting next_dagrun for pipeline_ingestion_suivi to 2026-07-10T09:00:00+00:00, run_after=2026-07-10T10:00:00+00:00
[2026-07-10T09:50:31.239+0000] {processor.py:179} INFO - Processing /opt/airflow/dags/dag_suivi.py took 0.090 seconds
[2026-07-10T09:51:01.398+0000] {processor.py:157} INFO - Started process (PID=6841) to work on /opt/airflow/dags/dag_suivi.py
[2026-07-10T09:51:01.399+0000] {processor.py:829} INFO - Processing file /opt/airflow/dags/dag_suivi.py for tasks to queue
[2026-07-10T09:51:01.400+0000] {logging_mixin.py:151} INFO - [2026-07-10T09:51:01.400+0000] {dagbag.py:536} INFO - Filling up the DagBag from /opt/airflow/dags/dag_suivi.py
[2026-07-10T09:51:01.419+0000] {processor.py:839} INFO - DAG(s) dict_keys(['pipeline_ingestion_suivi']) retrieved from /opt/airflow/dags/dag_suivi.py
[2026-07-10T09:51:01.444+0000] {logging_mixin.py:151} INFO - [2026-07-10T09:51:01.444+0000] {dag.py:2941} INFO - Sync 1 DAGs
[2026-07-10T09:51:01.464+0000] {logging_mixin.py:151} INFO - [2026-07-10T09:51:01.463+0000] {dag.py:3722} INFO - Setting next_dagrun for pipeline_ingestion_suivi to 2026-07-10T09:00:00+00:00, run_after=2026-07-10T10:00:00+00:00
[2026-07-10T09:51:01.482+0000] {processor.py:179} INFO - Processing /opt/airflow/dags/dag_suivi.py took 0.087 seconds
[2026-07-10T09:51:31.632+0000] {processor.py:157} INFO - Started process (PID=6846) to work on /opt/airflow/dags/dag_suivi.py
[2026-07-10T09:51:31.633+0000] {processor.py:829} INFO - Processing file /opt/airflow/dags/dag_suivi.py for tasks to queue
[2026-07-10T09:51:31.634+0000] {logging_mixin.py:151} INFO - [2026-07-10T09:51:31.633+0000] {dagbag.py:536} INFO - Filling up the DagBag from /opt/airflow/dags/dag_suivi.py
[2026-07-10T09:51:31.654+0000] {processor.py:839} INFO - DAG(s) dict_keys(['pipeline_ingestion_suivi']) retrieved from /opt/airflow/dags/dag_suivi.py
[2026-07-10T09:51:31.678+0000] {logging_mixin.py:151} INFO - [2026-07-10T09:51:31.678+0000] {dag.py:2941} INFO - Sync 1 DAGs
[2026-07-10T09:51:31.695+0000] {logging_mixin.py:151} INFO - [2026-07-10T09:51:31.695+0000] {dag.py:3722} INFO - Setting next_dagrun for pipeline_ingestion_suivi to 2026-07-10T09:00:00+00:00, run_after=2026-07-10T10:00:00+00:00
[2026-07-10T09:51:31.712+0000] {processor.py:179} INFO - Processing /opt/airflow/dags/dag_suivi.py took 0.084 seconds
[2026-07-10T09:52:01.890+0000] {processor.py:157} INFO - Started process (PID=6851) to work on /opt/airflow/dags/dag_suivi.py
[2026-07-10T09:52:01.891+0000] {processor.py:829} INFO - Processing file /opt/airflow/dags/dag_suivi.py for tasks to queue
[2026-07-10T09:52:01.891+0000] {logging_mixin.py:151} INFO - [2026-07-10T09:52:01.891+0000] {dagbag.py:536} INFO - Filling up the DagBag from /opt/airflow/dags/dag_suivi.py
[2026-07-10T09:52:01.920+0000] {processor.py:839} INFO - DAG(s) dict_keys(['pipeline_ingestion_suivi']) retrieved from /opt/airflow/dags/dag_suivi.py
[2026-07-10T09:52:01.955+0000] {logging_mixin.py:151} INFO - [2026-07-10T09:52:01.954+0000] {dag.py:2941} INFO - Sync 1 DAGs
[2026-07-10T09:52:01.982+0000] {logging_mixin.py:151} INFO - [2026-07-10T09:52:01.982+0000] {dag.py:3722} INFO - Setting next_dagrun for pipeline_ingestion_suivi to 2026-07-10T09:00:00+00:00, run_after=2026-07-10T10:00:00+00:00
[2026-07-10T09:52:02.006+0000] {processor.py:179} INFO - Processing /opt/airflow/dags/dag_suivi.py took 0.119 seconds
[2026-07-10T09:52:32.132+0000] {processor.py:157} INFO - Started process (PID=6856) to work on /opt/airflow/dags/dag_suivi.py
[2026-07-10T09:52:32.133+0000] {processor.py:829} INFO - Processing file /opt/airflow/dags/dag_suivi.py for tasks to queue
[2026-07-10T09:52:32.134+0000] {logging_mixin.py:151} INFO - [2026-07-10T09:52:32.133+0000] {dagbag.py:536} INFO - Filling up the DagBag from /opt/airflow/dags/dag_suivi.py
[2026-07-10T09:52:32.150+0000] {processor.py:839} INFO - DAG(s) dict_keys(['pipeline_ingestion_suivi']) retrieved from /opt/airflow/dags/dag_suivi.py
[2026-07-10T09:52:32.176+0000] {logging_mixin.py:151} INFO - [2026-07-10T09:52:32.176+0000] {dag.py:2941} INFO - Sync 1 DAGs
[2026-07-10T09:52:32.198+0000] {logging_mixin.py:151} INFO - [2026-07-10T09:52:32.198+0000] {dag.py:3722} INFO - Setting next_dagrun for pipeline_ingestion_suivi to 2026-07-10T09:00:00+00:00, run_after=2026-07-10T10:00:00+00:00
[2026-07-10T09:52:32.218+0000] {processor.py:179} INFO - Processing /opt/airflow/dags/dag_suivi.py took 0.088 seconds
[2026-07-10T09:53:02.459+0000] {processor.py:157} INFO - Started process (PID=6861) to work on /opt/airflow/dags/dag_suivi.py
[2026-07-10T09:53:02.459+0000] {processor.py:829} INFO - Processing file /opt/airflow/dags/dag_suivi.py for tasks to queue
[2026-07-10T09:53:02.460+0000] {logging_mixin.py:151} INFO - [2026-07-10T09:53:02.460+0000] {dagbag.py:536} INFO - Filling up the DagBag from /opt/airflow/dags/dag_suivi.py
[2026-07-10T09:53:02.480+0000] {processor.py:839} INFO - DAG(s) dict_keys(['pipeline_ingestion_suivi']) retrieved from /opt/airflow/dags/dag_suivi.py
[2026-07-10T09:53:02.505+0000] {logging_mixin.py:151} INFO - [2026-07-10T09:53:02.505+0000] {dag.py:2941} INFO - Sync 1 DAGs
[2026-07-10T09:53:02.525+0000] {logging_mixin.py:151} INFO - [2026-07-10T09:53:02.524+0000] {dag.py:3722} INFO - Setting next_dagrun for pipeline_ingestion_suivi to 2026-07-10T09:00:00+00:00, run_after=2026-07-10T10:00:00+00:00
[2026-07-10T09:53:02.543+0000] {processor.py:179} INFO - Processing /opt/airflow/dags/dag_suivi.py took 0.086 seconds
[2026-07-10T09:53:32.683+0000] {processor.py:157} INFO - Started process (PID=6866) to work on /opt/airflow/dags/dag_suivi.py
[2026-07-10T09:53:32.684+0000] {processor.py:829} INFO - Processing file /opt/airflow/dags/dag_suivi.py for tasks to queue
[2026-07-10T09:53:32.685+0000] {logging_mixin.py:151} INFO - [2026-07-10T09:53:32.684+0000] {dagbag.py:536} INFO - Filling up the DagBag from /opt/airflow/dags/dag_suivi.py
[2026-07-10T09:53:32.703+0000] {processor.py:839} INFO - DAG(s) dict_keys(['pipeline_ingestion_suivi']) retrieved from /opt/airflow/dags/dag_suivi.py
[2026-07-10T09:53:32.728+0000] {logging_mixin.py:151} INFO - [2026-07-10T09:53:32.728+0000] {dag.py:2941} INFO - Sync 1 DAGs
[2026-07-10T09:53:32.746+0000] {logging_mixin.py:151} INFO - [2026-07-10T09:53:32.746+0000] {dag.py:3722} INFO - Setting next_dagrun for pipeline_ingestion_suivi to 2026-07-10T09:00:00+00:00, run_after=2026-07-10T10:00:00+00:00
[2026-07-10T09:53:32.763+0000] {processor.py:179} INFO - Processing /opt/airflow/dags/dag_suivi.py took 0.083 seconds
[2026-07-10T09:54:02.986+0000] {processor.py:157} INFO - Started process (PID=6871) to work on /opt/airflow/dags/dag_suivi.py
[2026-07-10T09:54:02.987+0000] {processor.py:829} INFO - Processing file /opt/airflow/dags/dag_suivi.py for tasks to queue
[2026-07-10T09:54:02.988+0000] {logging_mixin.py:151} INFO - [2026-07-10T09:54:02.988+0000] {dagbag.py:536} INFO - Filling up the DagBag from /opt/airflow/dags/dag_suivi.py
[2026-07-10T09:54:03.007+0000] {processor.py:839} INFO - DAG(s) dict_keys(['pipeline_ingestion_suivi']) retrieved from /opt/airflow/dags/dag_suivi.py
[2026-07-10T09:54:03.029+0000] {logging_mixin.py:151} INFO - [2026-07-10T09:54:03.029+0000] {dag.py:2941} INFO - Sync 1 DAGs
[2026-07-10T09:54:03.047+0000] {logging_mixin.py:151} INFO - [2026-07-10T09:54:03.047+0000] {dag.py:3722} INFO - Setting next_dagrun for pipeline_ingestion_suivi to 2026-07-10T09:00:00+00:00, run_after=2026-07-10T10:00:00+00:00
[2026-07-10T09:54:03.066+0000] {processor.py:179} INFO - Processing /opt/airflow/dags/dag_suivi.py took 0.082 seconds
[2026-07-10T09:54:33.230+0000] {processor.py:157} INFO - Started process (PID=6876) to work on /opt/airflow/dags/dag_suivi.py
[2026-07-10T09:54:33.231+0000] {processor.py:829} INFO - Processing file /opt/airflow/dags/dag_suivi.py for tasks to queue
[2026-07-10T09:54:33.232+0000] {logging_mixin.py:151} INFO - [2026-07-10T09:54:33.232+0000] {dagbag.py:536} INFO - Filling up the DagBag from /opt/airflow/dags/dag_suivi.py
[2026-07-10T09:54:33.250+0000] {processor.py:839} INFO - DAG(s) dict_keys(['pipeline_ingestion_suivi']) retrieved from /opt/airflow/dags/dag_suivi.py
[2026-07-10T09:54:33.275+0000] {logging_mixin.py:151} INFO - [2026-07-10T09:54:33.275+0000] {dag.py:2941} INFO - Sync 1 DAGs
[2026-07-10T09:54:33.294+0000] {logging_mixin.py:151} INFO - [2026-07-10T09:54:33.294+0000] {dag.py:3722} INFO - Setting next_dagrun for pipeline_ingestion_suivi to 2026-07-10T09:00:00+00:00, run_after=2026-07-10T10:00:00+00:00
[2026-07-10T09:54:33.313+0000] {processor.py:179} INFO - Processing /opt/airflow/dags/dag_suivi.py took 0.086 seconds
[2026-07-10T09:55:03.507+0000] {processor.py:157} INFO - Started process (PID=6881) to work on /opt/airflow/dags/dag_suivi.py
[2026-07-10T09:55:03.507+0000] {processor.py:829} INFO - Processing file /opt/airflow/dags/dag_suivi.py for tasks to queue
[2026-07-10T09:55:03.508+0000] {logging_mixin.py:151} INFO - [2026-07-10T09:55:03.508+0000] {dagbag.py:536} INFO - Filling up the DagBag from /opt/airflow/dags/dag_suivi.py
[2026-07-10T09:55:03.527+0000] {processor.py:839} INFO - DAG(s) dict_keys(['pipeline_ingestion_suivi']) retrieved from /opt/airflow/dags/dag_suivi.py
[2026-07-10T09:55:03.551+0000] {logging_mixin.py:151} INFO - [2026-07-10T09:55:03.551+0000] {dag.py:2941} INFO - Sync 1 DAGs
[2026-07-10T09:55:03.568+0000] {logging_mixin.py:151} INFO - [2026-07-10T09:55:03.568+0000] {dag.py:3722} INFO - Setting next_dagrun for pipeline_ingestion_suivi to 2026-07-10T09:00:00+00:00, run_after=2026-07-10T10:00:00+00:00
[2026-07-10T09:55:03.590+0000] {processor.py:179} INFO - Processing /opt/airflow/dags/dag_suivi.py took 0.086 seconds
[2026-07-10T09:55:33.730+0000] {processor.py:157} INFO - Started process (PID=6886) to work on /opt/airflow/dags/dag_suivi.py
[2026-07-10T09:55:33.730+0000] {processor.py:829} INFO - Processing file /opt/airflow/dags/dag_suivi.py for tasks to queue
[2026-07-10T09:55:33.731+0000] {logging_mixin.py:151} INFO - [2026-07-10T09:55:33.731+0000] {dagbag.py:536} INFO - Filling up the DagBag from /opt/airflow/dags/dag_suivi.py
[2026-07-10T09:55:33.751+0000] {processor.py:839} INFO - DAG(s) dict_keys(['pipeline_ingestion_suivi']) retrieved from /opt/airflow/dags/dag_suivi.py
[2026-07-10T09:55:33.781+0000] {logging_mixin.py:151} INFO - [2026-07-10T09:55:33.781+0000] {dag.py:2941} INFO - Sync 1 DAGs
[2026-07-10T09:55:33.804+0000] {logging_mixin.py:151} INFO - [2026-07-10T09:55:33.804+0000] {dag.py:3722} INFO - Setting next_dagrun for pipeline_ingestion_suivi to 2026-07-10T09:00:00+00:00, run_after=2026-07-10T10:00:00+00:00
[2026-07-10T09:55:33.823+0000] {processor.py:179} INFO - Processing /opt/airflow/dags/dag_suivi.py took 0.096 seconds
[2026-07-10T09:56:03.972+0000] {processor.py:157} INFO - Started process (PID=6891) to work on /opt/airflow/dags/dag_suivi.py
[2026-07-10T09:56:03.973+0000] {processor.py:829} INFO - Processing file /opt/airflow/dags/dag_suivi.py for tasks to queue
[2026-07-10T09:56:03.974+0000] {logging_mixin.py:151} INFO - [2026-07-10T09:56:03.973+0000] {dagbag.py:536} INFO - Filling up the DagBag from /opt/airflow/dags/dag_suivi.py
[2026-07-10T09:56:03.992+0000] {processor.py:839} INFO - DAG(s) dict_keys(['pipeline_ingestion_suivi']) retrieved from /opt/airflow/dags/dag_suivi.py
[2026-07-10T09:56:04.017+0000] {logging_mixin.py:151} INFO - [2026-07-10T09:56:04.017+0000] {dag.py:2941} INFO - Sync 1 DAGs
[2026-07-10T09:56:04.036+0000] {logging_mixin.py:151} INFO - [2026-07-10T09:56:04.036+0000] {dag.py:3722} INFO - Setting next_dagrun for pipeline_ingestion_suivi to 2026-07-10T09:00:00+00:00, run_after=2026-07-10T10:00:00+00:00
[2026-07-10T09:56:04.056+0000] {processor.py:179} INFO - Processing /opt/airflow/dags/dag_suivi.py took 0.086 seconds
[2026-07-10T09:56:34.217+0000] {processor.py:157} INFO - Started process (PID=6896) to work on /opt/airflow/dags/dag_suivi.py
[2026-07-10T09:56:34.218+0000] {processor.py:829} INFO - Processing file /opt/airflow/dags/dag_suivi.py for tasks to queue
[2026-07-10T09:56:34.218+0000] {logging_mixin.py:151} INFO - [2026-07-10T09:56:34.218+0000] {dagbag.py:536} INFO - Filling up the DagBag from /opt/airflow/dags/dag_suivi.py
[2026-07-10T09:56:34.237+0000] {processor.py:839} INFO - DAG(s) dict_keys(['pipeline_ingestion_suivi']) retrieved from /opt/airflow/dags/dag_suivi.py
[2026-07-10T09:56:34.263+0000] {logging_mixin.py:151} INFO - [2026-07-10T09:56:34.262+0000] {dag.py:2941} INFO - Sync 1 DAGs
[2026-07-10T09:56:34.282+0000] {logging_mixin.py:151} INFO - [2026-07-10T09:56:34.281+0000] {dag.py:3722} INFO - Setting next_dagrun for pipeline_ingestion_suivi to 2026-07-10T09:00:00+00:00, run_after=2026-07-10T10:00:00+00:00
[2026-07-10T09:56:34.301+0000] {processor.py:179} INFO - Processing /opt/airflow/dags/dag_suivi.py took 0.087 seconds
[2026-07-10T09:57:04.466+0000] {processor.py:157} INFO - Started process (PID=6901) to work on /opt/airflow/dags/dag_suivi.py
[2026-07-10T09:57:04.467+0000] {processor.py:829} INFO - Processing file /opt/airflow/dags/dag_suivi.py for tasks to queue
[2026-07-10T09:57:04.468+0000] {logging_mixin.py:151} INFO - [2026-07-10T09:57:04.468+0000] {dagbag.py:536} INFO - Filling up the DagBag from /opt/airflow/dags/dag_suivi.py
[2026-07-10T09:57:04.495+0000] {processor.py:839} INFO - DAG(s) dict_keys(['pipeline_ingestion_suivi']) retrieved from /opt/airflow/dags/dag_suivi.py
[2026-07-10T09:57:04.523+0000] {logging_mixin.py:151} INFO - [2026-07-10T09:57:04.523+0000] {dag.py:2941} INFO - Sync 1 DAGs
[2026-07-10T09:57:04.546+0000] {logging_mixin.py:151} INFO - [2026-07-10T09:57:04.546+0000] {dag.py:3722} INFO - Setting next_dagrun for pipeline_ingestion_suivi to 2026-07-10T09:00:00+00:00, run_after=2026-07-10T10:00:00+00:00
[2026-07-10T09:57:04.567+0000] {processor.py:179} INFO - Processing /opt/airflow/dags/dag_suivi.py took 0.104 seconds
[2026-07-10T09:57:34.688+0000] {processor.py:157} INFO - Started process (PID=6906) to work on /opt/airflow/dags/dag_suivi.py
[2026-07-10T09:57:34.688+0000] {processor.py:829} INFO - Processing file /opt/airflow/dags/dag_suivi.py for tasks to queue
[2026-07-10T09:57:34.689+0000] {logging_mixin.py:151} INFO - [2026-07-10T09:57:34.689+0000] {dagbag.py:536} INFO - Filling up the DagBag from /opt/airflow/dags/dag_suivi.py
[2026-07-10T09:57:34.708+0000] {processor.py:839} INFO - DAG(s) dict_keys(['pipeline_ingestion_suivi']) retrieved from /opt/airflow/dags/dag_suivi.py
[2026-07-10T09:57:34.734+0000] {logging_mixin.py:151} INFO - [2026-07-10T09:57:34.734+0000] {dag.py:2941} INFO - Sync 1 DAGs
[2026-07-10T09:57:34.758+0000] {logging_mixin.py:151} INFO - [2026-07-10T09:57:34.758+0000] {dag.py:3722} INFO - Setting next_dagrun for pipeline_ingestion_suivi to 2026-07-10T09:00:00+00:00, run_after=2026-07-10T10:00:00+00:00
[2026-07-10T09:57:34.779+0000] {processor.py:179} INFO - Processing /opt/airflow/dags/dag_suivi.py took 0.094 seconds
[2026-07-10T09:58:04.948+0000] {processor.py:157} INFO - Started process (PID=6911) to work on /opt/airflow/dags/dag_suivi.py
[2026-07-10T09:58:04.949+0000] {processor.py:829} INFO - Processing file /opt/airflow/dags/dag_suivi.py for tasks to queue
[2026-07-10T09:58:04.950+0000] {logging_mixin.py:151} INFO - [2026-07-10T09:58:04.949+0000] {dagbag.py:536} INFO - Filling up the DagBag from /opt/airflow/dags/dag_suivi.py
[2026-07-10T09:58:04.968+0000] {processor.py:839} INFO - DAG(s) dict_keys(['pipeline_ingestion_suivi']) retrieved from /opt/airflow/dags/dag_suivi.py
[2026-07-10T09:58:04.993+0000] {logging_mixin.py:151} INFO - [2026-07-10T09:58:04.993+0000] {dag.py:2941} INFO - Sync 1 DAGs
[2026-07-10T09:58:05.011+0000] {logging_mixin.py:151} INFO - [2026-07-10T09:58:05.011+0000] {dag.py:3722} INFO - Setting next_dagrun for pipeline_ingestion_suivi to 2026-07-10T09:00:00+00:00, run_after=2026-07-10T10:00:00+00:00
[2026-07-10T09:58:05.030+0000] {processor.py:179} INFO - Processing /opt/airflow/dags/dag_suivi.py took 0.084 seconds
[2026-07-10T09:58:35.162+0000] {processor.py:157} INFO - Started process (PID=6916) to work on /opt/airflow/dags/dag_suivi.py
[2026-07-10T09:58:35.163+0000] {processor.py:829} INFO - Processing file /opt/airflow/dags/dag_suivi.py for tasks to queue
[2026-07-10T09:58:35.164+0000] {logging_mixin.py:151} INFO - [2026-07-10T09:58:35.164+0000] {dagbag.py:536} INFO - Filling up the DagBag from /opt/airflow/dags/dag_suivi.py
[2026-07-10T09:58:35.181+0000] {processor.py:839} INFO - DAG(s) dict_keys(['pipeline_ingestion_suivi']) retrieved from /opt/airflow/dags/dag_suivi.py
[2026-07-10T09:58:35.205+0000] {logging_mixin.py:151} INFO - [2026-07-10T09:58:35.205+0000] {dag.py:2941} INFO - Sync 1 DAGs
[2026-07-10T09:58:35.224+0000] {logging_mixin.py:151} INFO - [2026-07-10T09:58:35.224+0000] {dag.py:3722} INFO - Setting next_dagrun for pipeline_ingestion_suivi to 2026-07-10T09:00:00+00:00, run_after=2026-07-10T10:00:00+00:00
[2026-07-10T09:58:35.242+0000] {processor.py:179} INFO - Processing /opt/airflow/dags/dag_suivi.py took 0.083 seconds
[2026-07-10T09:59:05.451+0000] {processor.py:157} INFO - Started process (PID=6921) to work on /opt/airflow/dags/dag_suivi.py
[2026-07-10T09:59:05.452+0000] {processor.py:829} INFO - Processing file /opt/airflow/dags/dag_suivi.py for tasks to queue
[2026-07-10T09:59:05.452+0000] {logging_mixin.py:151} INFO - [2026-07-10T09:59:05.452+0000] {dagbag.py:536} INFO - Filling up the DagBag from /opt/airflow/dags/dag_suivi.py
[2026-07-10T09:59:05.470+0000] {processor.py:839} INFO - DAG(s) dict_keys(['pipeline_ingestion_suivi']) retrieved from /opt/airflow/dags/dag_suivi.py
[2026-07-10T09:59:05.494+0000] {logging_mixin.py:151} INFO - [2026-07-10T09:59:05.494+0000] {dag.py:2941} INFO - Sync 1 DAGs
[2026-07-10T09:59:05.513+0000] {logging_mixin.py:151} INFO - [2026-07-10T09:59:05.513+0000] {dag.py:3722} INFO - Setting next_dagrun for pipeline_ingestion_suivi to 2026-07-10T09:00:00+00:00, run_after=2026-07-10T10:00:00+00:00
[2026-07-10T09:59:05.532+0000] {processor.py:179} INFO - Processing /opt/airflow/dags/dag_suivi.py took 0.083 seconds
[2026-07-10T09:59:35.645+0000] {processor.py:157} INFO - Started process (PID=6926) to work on /opt/airflow/dags/dag_suivi.py
[2026-07-10T09:59:35.645+0000] {processor.py:829} INFO - Processing file /opt/airflow/dags/dag_suivi.py for tasks to queue
[2026-07-10T09:59:35.646+0000] {logging_mixin.py:151} INFO - [2026-07-10T09:59:35.646+0000] {dagbag.py:536} INFO - Filling up the DagBag from /opt/airflow/dags/dag_suivi.py
[2026-07-10T09:59:35.676+0000] {processor.py:839} INFO - DAG(s) dict_keys(['pipeline_ingestion_suivi']) retrieved from /opt/airflow/dags/dag_suivi.py
[2026-07-10T09:59:35.704+0000] {logging_mixin.py:151} INFO - [2026-07-10T09:59:35.704+0000] {dag.py:2941} INFO - Sync 1 DAGs
[2026-07-10T09:59:35.724+0000] {logging_mixin.py:151} INFO - [2026-07-10T09:59:35.723+0000] {dag.py:3722} INFO - Setting next_dagrun for pipeline_ingestion_suivi to 2026-07-10T09:00:00+00:00, run_after=2026-07-10T10:00:00+00:00
[2026-07-10T09:59:35.743+0000] {processor.py:179} INFO - Processing /opt/airflow/dags/dag_suivi.py took 0.101 seconds
[2026-07-10T10:00:05.918+0000] {processor.py:157} INFO - Started process (PID=6933) to work on /opt/airflow/dags/dag_suivi.py
[2026-07-10T10:00:05.919+0000] {processor.py:829} INFO - Processing file /opt/airflow/dags/dag_suivi.py for tasks to queue
[2026-07-10T10:00:05.920+0000] {logging_mixin.py:151} INFO - [2026-07-10T10:00:05.919+0000] {dagbag.py:536} INFO - Filling up the DagBag from /opt/airflow/dags/dag_suivi.py
[2026-07-10T10:00:05.953+0000] {processor.py:839} INFO - DAG(s) dict_keys(['pipeline_ingestion_suivi']) retrieved from /opt/airflow/dags/dag_suivi.py
[2026-07-10T10:00:05.989+0000] {logging_mixin.py:151} INFO - [2026-07-10T10:00:05.988+0000] {dag.py:2941} INFO - Sync 1 DAGs
[2026-07-10T10:00:06.022+0000] {logging_mixin.py:151} INFO - [2026-07-10T10:00:06.021+0000] {dag.py:3722} INFO - Setting next_dagrun for pipeline_ingestion_suivi to 2026-07-10T10:00:00+00:00, run_after=2026-07-10T11:00:00+00:00
[2026-07-10T10:00:06.051+0000] {processor.py:179} INFO - Processing /opt/airflow/dags/dag_suivi.py took 0.137 seconds
[2026-07-10T10:00:36.122+0000] {processor.py:157} INFO - Started process (PID=6938) to work on /opt/airflow/dags/dag_suivi.py
[2026-07-10T10:00:36.123+0000] {processor.py:829} INFO - Processing file /opt/airflow/dags/dag_suivi.py for tasks to queue
[2026-07-10T10:00:36.123+0000] {logging_mixin.py:151} INFO - [2026-07-10T10:00:36.123+0000] {dagbag.py:536} INFO - Filling up the DagBag from /opt/airflow/dags/dag_suivi.py
[2026-07-10T10:00:36.144+0000] {processor.py:839} INFO - DAG(s) dict_keys(['pipeline_ingestion_suivi']) retrieved from /opt/airflow/dags/dag_suivi.py
[2026-07-10T10:00:36.169+0000] {logging_mixin.py:151} INFO - [2026-07-10T10:00:36.169+0000] {dag.py:2941} INFO - Sync 1 DAGs
[2026-07-10T10:00:36.194+0000] {logging_mixin.py:151} INFO - [2026-07-10T10:00:36.194+0000] {dag.py:3722} INFO - Setting next_dagrun for pipeline_ingestion_suivi to 2026-07-10T10:00:00+00:00, run_after=2026-07-10T11:00:00+00:00
[2026-07-10T10:00:36.217+0000] {processor.py:179} INFO - Processing /opt/airflow/dags/dag_suivi.py took 0.098 seconds
[2026-07-10T10:01:06.439+0000] {processor.py:157} INFO - Started process (PID=6943) to work on /opt/airflow/dags/dag_suivi.py
[2026-07-10T10:01:06.440+0000] {processor.py:829} INFO - Processing file /opt/airflow/dags/dag_suivi.py for tasks to queue
[2026-07-10T10:01:06.441+0000] {logging_mixin.py:151} INFO - [2026-07-10T10:01:06.441+0000] {dagbag.py:536} INFO - Filling up the DagBag from /opt/airflow/dags/dag_suivi.py
[2026-07-10T10:01:06.461+0000] {processor.py:839} INFO - DAG(s) dict_keys(['pipeline_ingestion_suivi']) retrieved from /opt/airflow/dags/dag_suivi.py
[2026-07-10T10:01:06.488+0000] {logging_mixin.py:151} INFO - [2026-07-10T10:01:06.488+0000] {dag.py:2941} INFO - Sync 1 DAGs
[2026-07-10T10:01:06.508+0000] {logging_mixin.py:151} INFO - [2026-07-10T10:01:06.508+0000] {dag.py:3722} INFO - Setting next_dagrun for pipeline_ingestion_suivi to 2026-07-10T10:00:00+00:00, run_after=2026-07-10T11:00:00+00:00
[2026-07-10T10:01:06.526+0000] {processor.py:179} INFO - Processing /opt/airflow/dags/dag_suivi.py took 0.090 seconds
[2026-07-10T10:01:36.641+0000] {processor.py:157} INFO - Started process (PID=6948) to work on /opt/airflow/dags/dag_suivi.py
[2026-07-10T10:01:36.641+0000] {processor.py:829} INFO - Processing file /opt/airflow/dags/dag_suivi.py for tasks to queue
[2026-07-10T10:01:36.642+0000] {logging_mixin.py:151} INFO - [2026-07-10T10:01:36.642+0000] {dagbag.py:536} INFO - Filling up the DagBag from /opt/airflow/dags/dag_suivi.py
[2026-07-10T10:01:36.660+0000] {processor.py:839} INFO - DAG(s) dict_keys(['pipeline_ingestion_suivi']) retrieved from /opt/airflow/dags/dag_suivi.py
[2026-07-10T10:01:36.682+0000] {logging_mixin.py:151} INFO - [2026-07-10T10:01:36.682+0000] {dag.py:2941} INFO - Sync 1 DAGs
[2026-07-10T10:01:36.701+0000] {logging_mixin.py:151} INFO - [2026-07-10T10:01:36.701+0000] {dag.py:3722} INFO - Setting next_dagrun for pipeline_ingestion_suivi to 2026-07-10T10:00:00+00:00, run_after=2026-07-10T11:00:00+00:00
[2026-07-10T10:01:36.722+0000] {processor.py:179} INFO - Processing /opt/airflow/dags/dag_suivi.py took 0.084 seconds
[2026-07-10T10:02:06.901+0000] {processor.py:157} INFO - Started process (PID=6953) to work on /opt/airflow/dags/dag_suivi.py
[2026-07-10T10:02:06.901+0000] {processor.py:829} INFO - Processing file /opt/airflow/dags/dag_suivi.py for tasks to queue
[2026-07-10T10:02:06.902+0000] {logging_mixin.py:151} INFO - [2026-07-10T10:02:06.902+0000] {dagbag.py:536} INFO - Filling up the DagBag from /opt/airflow/dags/dag_suivi.py
[2026-07-10T10:02:06.921+0000] {processor.py:839} INFO - DAG(s) dict_keys(['pipeline_ingestion_suivi']) retrieved from /opt/airflow/dags/dag_suivi.py
[2026-07-10T10:02:06.947+0000] {logging_mixin.py:151} INFO - [2026-07-10T10:02:06.947+0000] {dag.py:2941} INFO - Sync 1 DAGs
[2026-07-10T10:02:06.966+0000] {logging_mixin.py:151} INFO - [2026-07-10T10:02:06.966+0000] {dag.py:3722} INFO - Setting next_dagrun for pipeline_ingestion_suivi to 2026-07-10T10:00:00+00:00, run_after=2026-07-10T11:00:00+00:00
[2026-07-10T10:02:06.984+0000] {processor.py:179} INFO - Processing /opt/airflow/dags/dag_suivi.py took 0.085 seconds
[2026-07-10T10:02:37.098+0000] {processor.py:157} INFO - Started process (PID=6958) to work on /opt/airflow/dags/dag_suivi.py
[2026-07-10T10:02:37.098+0000] {processor.py:829} INFO - Processing file /opt/airflow/dags/dag_suivi.py for tasks to queue
[2026-07-10T10:02:37.099+0000] {logging_mixin.py:151} INFO - [2026-07-10T10:02:37.099+0000] {dagbag.py:536} INFO - Filling up the DagBag from /opt/airflow/dags/dag_suivi.py
[2026-07-10T10:02:37.120+0000] {processor.py:839} INFO - DAG(s) dict_keys(['pipeline_ingestion_suivi']) retrieved from /opt/airflow/dags/dag_suivi.py
[2026-07-10T10:02:37.150+0000] {logging_mixin.py:151} INFO - [2026-07-10T10:02:37.149+0000] {dag.py:2941} INFO - Sync 1 DAGs
[2026-07-10T10:02:37.171+0000] {logging_mixin.py:151} INFO - [2026-07-10T10:02:37.170+0000] {dag.py:3722} INFO - Setting next_dagrun for pipeline_ingestion_suivi to 2026-07-10T10:00:00+00:00, run_after=2026-07-10T11:00:00+00:00
[2026-07-10T10:02:37.195+0000] {processor.py:179} INFO - Processing /opt/airflow/dags/dag_suivi.py took 0.100 seconds
[2026-07-10T10:03:07.369+0000] {processor.py:157} INFO - Started process (PID=6963) to work on /opt/airflow/dags/dag_suivi.py
[2026-07-10T10:03:07.370+0000] {processor.py:829} INFO - Processing file /opt/airflow/dags/dag_suivi.py for tasks to queue
[2026-07-10T10:03:07.371+0000] {logging_mixin.py:151} INFO - [2026-07-10T10:03:07.370+0000] {dagbag.py:536} INFO - Filling up the DagBag from /opt/airflow/dags/dag_suivi.py
[2026-07-10T10:03:07.392+0000] {processor.py:839} INFO - DAG(s) dict_keys(['pipeline_ingestion_suivi']) retrieved from /opt/airflow/dags/dag_suivi.py
[2026-07-10T10:03:07.420+0000] {logging_mixin.py:151} INFO - [2026-07-10T10:03:07.420+0000] {dag.py:2941} INFO - Sync 1 DAGs
[2026-07-10T10:03:07.443+0000] {logging_mixin.py:151} INFO - [2026-07-10T10:03:07.443+0000] {dag.py:3722} INFO - Setting next_dagrun for pipeline_ingestion_suivi to 2026-07-10T10:00:00+00:00, run_after=2026-07-10T11:00:00+00:00
[2026-07-10T10:03:07.467+0000] {processor.py:179} INFO - Processing /opt/airflow/dags/dag_suivi.py took 0.101 seconds
[2026-07-10T10:03:37.571+0000] {processor.py:157} INFO - Started process (PID=6968) to work on /opt/airflow/dags/dag_suivi.py
[2026-07-10T10:03:37.572+0000] {processor.py:829} INFO - Processing file /opt/airflow/dags/dag_suivi.py for tasks to queue
[2026-07-10T10:03:37.572+0000] {logging_mixin.py:151} INFO - [2026-07-10T10:03:37.572+0000] {dagbag.py:536} INFO - Filling up the DagBag from /opt/airflow/dags/dag_suivi.py
[2026-07-10T10:03:37.593+0000] {processor.py:839} INFO - DAG(s) dict_keys(['pipeline_ingestion_suivi']) retrieved from /opt/airflow/dags/dag_suivi.py
[2026-07-10T10:03:37.623+0000] {logging_mixin.py:151} INFO - [2026-07-10T10:03:37.623+0000] {dag.py:2941} INFO - Sync 1 DAGs
[2026-07-10T10:03:37.648+0000] {logging_mixin.py:151} INFO - [2026-07-10T10:03:37.648+0000] {dag.py:3722} INFO - Setting next_dagrun for pipeline_ingestion_suivi to 2026-07-10T10:00:00+00:00, run_after=2026-07-10T11:00:00+00:00
[2026-07-10T10:03:37.672+0000] {processor.py:179} INFO - Processing /opt/airflow/dags/dag_suivi.py took 0.104 seconds
[2026-07-10T10:04:07.871+0000] {processor.py:157} INFO - Started process (PID=6973) to work on /opt/airflow/dags/dag_suivi.py
[2026-07-10T10:04:07.871+0000] {processor.py:829} INFO - Processing file /opt/airflow/dags/dag_suivi.py for tasks to queue
[2026-07-10T10:04:07.872+0000] {logging_mixin.py:151} INFO - [2026-07-10T10:04:07.872+0000] {dagbag.py:536} INFO - Filling up the DagBag from /opt/airflow/dags/dag_suivi.py
[2026-07-10T10:04:07.896+0000] {processor.py:839} INFO - DAG(s) dict_keys(['pipeline_ingestion_suivi']) retrieved from /opt/airflow/dags/dag_suivi.py
[2026-07-10T10:04:07.927+0000] {logging_mixin.py:151} INFO - [2026-07-10T10:04:07.927+0000] {dag.py:2941} INFO - Sync 1 DAGs
[2026-07-10T10:04:07.951+0000] {logging_mixin.py:151} INFO - [2026-07-10T10:04:07.951+0000] {dag.py:3722} INFO - Setting next_dagrun for pipeline_ingestion_suivi to 2026-07-10T10:00:00+00:00, run_after=2026-07-10T11:00:00+00:00
[2026-07-10T10:04:07.973+0000] {processor.py:179} INFO - Processing /opt/airflow/dags/dag_suivi.py took 0.105 seconds
[2026-07-10T10:04:38.066+0000] {processor.py:157} INFO - Started process (PID=6978) to work on /opt/airflow/dags/dag_suivi.py
[2026-07-10T10:04:38.067+0000] {processor.py:829} INFO - Processing file /opt/airflow/dags/dag_suivi.py for tasks to queue
[2026-07-10T10:04:38.068+0000] {logging_mixin.py:151} INFO - [2026-07-10T10:04:38.068+0000] {dagbag.py:536} INFO - Filling up the DagBag from /opt/airflow/dags/dag_suivi.py
[2026-07-10T10:04:38.092+0000] {processor.py:839} INFO - DAG(s) dict_keys(['pipeline_ingestion_suivi']) retrieved from /opt/airflow/dags/dag_suivi.py
[2026-07-10T10:04:38.128+0000] {logging_mixin.py:151} INFO - [2026-07-10T10:04:38.128+0000] {dag.py:2941} INFO - Sync 1 DAGs
[2026-07-10T10:04:38.158+0000] {logging_mixin.py:151} INFO - [2026-07-10T10:04:38.158+0000] {dag.py:3722} INFO - Setting next_dagrun for pipeline_ingestion_suivi to 2026-07-10T10:00:00+00:00, run_after=2026-07-10T11:00:00+00:00
[2026-07-10T10:04:38.188+0000] {processor.py:179} INFO - Processing /opt/airflow/dags/dag_suivi.py took 0.128 seconds
[2026-07-10T10:05:08.321+0000] {processor.py:157} INFO - Started process (PID=6983) to work on /opt/airflow/dags/dag_suivi.py
[2026-07-10T10:05:08.321+0000] {processor.py:829} INFO - Processing file /opt/airflow/dags/dag_suivi.py for tasks to queue
[2026-07-10T10:05:08.322+0000] {logging_mixin.py:151} INFO - [2026-07-10T10:05:08.322+0000] {dagbag.py:536} INFO - Filling up the DagBag from /opt/airflow/dags/dag_suivi.py
[2026-07-10T10:05:08.342+0000] {processor.py:839} INFO - DAG(s) dict_keys(['pipeline_ingestion_suivi']) retrieved from /opt/airflow/dags/dag_suivi.py
[2026-07-10T10:05:08.372+0000] {logging_mixin.py:151} INFO - [2026-07-10T10:05:08.372+0000] {dag.py:2941} INFO - Sync 1 DAGs
[2026-07-10T10:05:08.391+0000] {logging_mixin.py:151} INFO - [2026-07-10T10:05:08.391+0000] {dag.py:3722} INFO - Setting next_dagrun for pipeline_ingestion_suivi to 2026-07-10T10:00:00+00:00, run_after=2026-07-10T11:00:00+00:00
[2026-07-10T10:05:08.413+0000] {processor.py:179} INFO - Processing /opt/airflow/dags/dag_suivi.py took 0.095 seconds
[2026-07-10T10:05:38.552+0000] {processor.py:157} INFO - Started process (PID=6988) to work on /opt/airflow/dags/dag_suivi.py
[2026-07-10T10:05:38.553+0000] {processor.py:829} INFO - Processing file /opt/airflow/dags/dag_suivi.py for tasks to queue
[2026-07-10T10:05:38.554+0000] {logging_mixin.py:151} INFO - [2026-07-10T10:05:38.554+0000] {dagbag.py:536} INFO - Filling up the DagBag from /opt/airflow/dags/dag_suivi.py
[2026-07-10T10:05:38.572+0000] {processor.py:839} INFO - DAG(s) dict_keys(['pipeline_ingestion_suivi']) retrieved from /opt/airflow/dags/dag_suivi.py
[2026-07-10T10:05:38.601+0000] {logging_mixin.py:151} INFO - [2026-07-10T10:05:38.601+0000] {dag.py:2941} INFO - Sync 1 DAGs
[2026-07-10T10:05:38.621+0000] {logging_mixin.py:151} INFO - [2026-07-10T10:05:38.621+0000] {dag.py:3722} INFO - Setting next_dagrun for pipeline_ingestion_suivi to 2026-07-10T10:00:00+00:00, run_after=2026-07-10T11:00:00+00:00
[2026-07-10T10:05:38.639+0000] {processor.py:179} INFO - Processing /opt/airflow/dags/dag_suivi.py took 0.090 seconds
[2026-07-10T10:06:08.839+0000] {processor.py:157} INFO - Started process (PID=6993) to work on /opt/airflow/dags/dag_suivi.py
[2026-07-10T10:06:08.841+0000] {processor.py:829} INFO - Processing file /opt/airflow/dags/dag_suivi.py for tasks to queue
[2026-07-10T10:06:08.842+0000] {logging_mixin.py:151} INFO - [2026-07-10T10:06:08.841+0000] {dagbag.py:536} INFO - Filling up the DagBag from /opt/airflow/dags/dag_suivi.py
[2026-07-10T10:06:08.879+0000] {processor.py:839} INFO - DAG(s) dict_keys(['pipeline_ingestion_suivi']) retrieved from /opt/airflow/dags/dag_suivi.py
[2026-07-10T10:06:08.910+0000] {logging_mixin.py:151} INFO - [2026-07-10T10:06:08.910+0000] {dag.py:2941} INFO - Sync 1 DAGs
[2026-07-10T10:06:08.936+0000] {logging_mixin.py:151} INFO - [2026-07-10T10:06:08.936+0000] {dag.py:3722} INFO - Setting next_dagrun for pipeline_ingestion_suivi to 2026-07-10T10:00:00+00:00, run_after=2026-07-10T11:00:00+00:00
[2026-07-10T10:06:08.960+0000] {processor.py:179} INFO - Processing /opt/airflow/dags/dag_suivi.py took 0.123 seconds
[2026-07-10T10:06:39.048+0000] {processor.py:157} INFO - Started process (PID=6998) to work on /opt/airflow/dags/dag_suivi.py
[2026-07-10T10:06:39.049+0000] {processor.py:829} INFO - Processing file /opt/airflow/dags/dag_suivi.py for tasks to queue
[2026-07-10T10:06:39.050+0000] {logging_mixin.py:151} INFO - [2026-07-10T10:06:39.050+0000] {dagbag.py:536} INFO - Filling up the DagBag from /opt/airflow/dags/dag_suivi.py
[2026-07-10T10:06:39.068+0000] {processor.py:839} INFO - DAG(s) dict_keys(['pipeline_ingestion_suivi']) retrieved from /opt/airflow/dags/dag_suivi.py
[2026-07-10T10:06:39.095+0000] {logging_mixin.py:151} INFO - [2026-07-10T10:06:39.095+0000] {dag.py:2941} INFO - Sync 1 DAGs
[2026-07-10T10:06:39.118+0000] {logging_mixin.py:151} INFO - [2026-07-10T10:06:39.118+0000] {dag.py:3722} INFO - Setting next_dagrun for pipeline_ingestion_suivi to 2026-07-10T10:00:00+00:00, run_after=2026-07-10T11:00:00+00:00
[2026-07-10T10:06:39.141+0000] {processor.py:179} INFO - Processing /opt/airflow/dags/dag_suivi.py took 0.096 seconds
[2026-07-10T10:07:09.334+0000] {processor.py:157} INFO - Started process (PID=7003) to work on /opt/airflow/dags/dag_suivi.py
[2026-07-10T10:07:09.335+0000] {processor.py:829} INFO - Processing file /opt/airflow/dags/dag_suivi.py for tasks to queue
[2026-07-10T10:07:09.336+0000] {logging_mixin.py:151} INFO - [2026-07-10T10:07:09.335+0000] {dagbag.py:536} INFO - Filling up the DagBag from /opt/airflow/dags/dag_suivi.py
[2026-07-10T10:07:09.355+0000] {processor.py:839} INFO - DAG(s) dict_keys(['pipeline_ingestion_suivi']) retrieved from /opt/airflow/dags/dag_suivi.py
[2026-07-10T10:07:09.384+0000] {logging_mixin.py:151} INFO - [2026-07-10T10:07:09.384+0000] {dag.py:2941} INFO - Sync 1 DAGs
[2026-07-10T10:07:09.414+0000] {logging_mixin.py:151} INFO - [2026-07-10T10:07:09.414+0000] {dag.py:3722} INFO - Setting next_dagrun for pipeline_ingestion_suivi to 2026-07-10T10:00:00+00:00, run_after=2026-07-10T11:00:00+00:00
[2026-07-10T10:07:09.443+0000] {processor.py:179} INFO - Processing /opt/airflow/dags/dag_suivi.py took 0.111 seconds
[2026-07-10T10:07:39.528+0000] {processor.py:157} INFO - Started process (PID=7008) to work on /opt/airflow/dags/dag_suivi.py
[2026-07-10T10:07:39.528+0000] {processor.py:829} INFO - Processing file /opt/airflow/dags/dag_suivi.py for tasks to queue
[2026-07-10T10:07:39.529+0000] {logging_mixin.py:151} INFO - [2026-07-10T10:07:39.529+0000] {dagbag.py:536} INFO - Filling up the DagBag from /opt/airflow/dags/dag_suivi.py
[2026-07-10T10:07:39.549+0000] {processor.py:839} INFO - DAG(s) dict_keys(['pipeline_ingestion_suivi']) retrieved from /opt/airflow/dags/dag_suivi.py
[2026-07-10T10:07:39.576+0000] {logging_mixin.py:151} INFO - [2026-07-10T10:07:39.576+0000] {dag.py:2941} INFO - Sync 1 DAGs
[2026-07-10T10:07:39.598+0000] {logging_mixin.py:151} INFO - [2026-07-10T10:07:39.598+0000] {dag.py:3722} INFO - Setting next_dagrun for pipeline_ingestion_suivi to 2026-07-10T10:00:00+00:00, run_after=2026-07-10T11:00:00+00:00
[2026-07-10T10:07:39.630+0000] {processor.py:179} INFO - Processing /opt/airflow/dags/dag_suivi.py took 0.105 seconds
[2026-07-10T10:08:09.846+0000] {processor.py:157} INFO - Started process (PID=7013) to work on /opt/airflow/dags/dag_suivi.py
[2026-07-10T10:08:09.847+0000] {processor.py:829} INFO - Processing file /opt/airflow/dags/dag_suivi.py for tasks to queue
[2026-07-10T10:08:09.848+0000] {logging_mixin.py:151} INFO - [2026-07-10T10:08:09.847+0000] {dagbag.py:536} INFO - Filling up the DagBag from /opt/airflow/dags/dag_suivi.py
[2026-07-10T10:08:09.867+0000] {processor.py:839} INFO - DAG(s) dict_keys(['pipeline_ingestion_suivi']) retrieved from /opt/airflow/dags/dag_suivi.py
[2026-07-10T10:08:09.894+0000] {logging_mixin.py:151} INFO - [2026-07-10T10:08:09.894+0000] {dag.py:2941} INFO - Sync 1 DAGs
[2026-07-10T10:08:09.914+0000] {logging_mixin.py:151} INFO - [2026-07-10T10:08:09.914+0000] {dag.py:3722} INFO - Setting next_dagrun for pipeline_ingestion_suivi to 2026-07-10T10:00:00+00:00, run_after=2026-07-10T11:00:00+00:00
[2026-07-10T10:08:09.933+0000] {processor.py:179} INFO - Processing /opt/airflow/dags/dag_suivi.py took 0.089 seconds
[2026-07-10T10:08:40.060+0000] {processor.py:157} INFO - Started process (PID=7018) to work on /opt/airflow/dags/dag_suivi.py
[2026-07-10T10:08:40.061+0000] {processor.py:829} INFO - Processing file /opt/airflow/dags/dag_suivi.py for tasks to queue
[2026-07-10T10:08:40.062+0000] {logging_mixin.py:151} INFO - [2026-07-10T10:08:40.062+0000] {dagbag.py:536} INFO - Filling up the DagBag from /opt/airflow/dags/dag_suivi.py
[2026-07-10T10:08:40.081+0000] {processor.py:839} INFO - DAG(s) dict_keys(['pipeline_ingestion_suivi']) retrieved from /opt/airflow/dags/dag_suivi.py
[2026-07-10T10:08:40.108+0000] {logging_mixin.py:151} INFO - [2026-07-10T10:08:40.108+0000] {dag.py:2941} INFO - Sync 1 DAGs
[2026-07-10T10:08:40.129+0000] {logging_mixin.py:151} INFO - [2026-07-10T10:08:40.129+0000] {dag.py:3722} INFO - Setting next_dagrun for pipeline_ingestion_suivi to 2026-07-10T10:00:00+00:00, run_after=2026-07-10T11:00:00+00:00
[2026-07-10T10:08:40.147+0000] {processor.py:179} INFO - Processing /opt/airflow/dags/dag_suivi.py took 0.092 seconds
[2026-07-10T10:09:10.301+0000] {processor.py:157} INFO - Started process (PID=7023) to work on /opt/airflow/dags/dag_suivi.py
[2026-07-10T10:09:10.301+0000] {processor.py:829} INFO - Processing file /opt/airflow/dags/dag_suivi.py for tasks to queue
[2026-07-10T10:09:10.302+0000] {logging_mixin.py:151} INFO - [2026-07-10T10:09:10.302+0000] {dagbag.py:536} INFO - Filling up the DagBag from /opt/airflow/dags/dag_suivi.py
[2026-07-10T10:09:10.323+0000] {processor.py:839} INFO - DAG(s) dict_keys(['pipeline_ingestion_suivi']) retrieved from /opt/airflow/dags/dag_suivi.py
[2026-07-10T10:09:10.350+0000] {logging_mixin.py:151} INFO - [2026-07-10T10:09:10.350+0000] {dag.py:2941} INFO - Sync 1 DAGs
[2026-07-10T10:09:10.371+0000] {logging_mixin.py:151} INFO - [2026-07-10T10:09:10.371+0000] {dag.py:3722} INFO - Setting next_dagrun for pipeline_ingestion_suivi to 2026-07-10T10:00:00+00:00, run_after=2026-07-10T11:00:00+00:00
[2026-07-10T10:09:10.392+0000] {processor.py:179} INFO - Processing /opt/airflow/dags/dag_suivi.py took 0.095 seconds
[2026-07-10T10:09:40.512+0000] {processor.py:157} INFO - Started process (PID=7028) to work on /opt/airflow/dags/dag_suivi.py
[2026-07-10T10:09:40.512+0000] {processor.py:829} INFO - Processing file /opt/airflow/dags/dag_suivi.py for tasks to queue
[2026-07-10T10:09:40.513+0000] {logging_mixin.py:151} INFO - [2026-07-10T10:09:40.513+0000] {dagbag.py:536} INFO - Filling up the DagBag from /opt/airflow/dags/dag_suivi.py
[2026-07-10T10:09:40.532+0000] {processor.py:839} INFO - DAG(s) dict_keys(['pipeline_ingestion_suivi']) retrieved from /opt/airflow/dags/dag_suivi.py
[2026-07-10T10:09:40.559+0000] {logging_mixin.py:151} INFO - [2026-07-10T10:09:40.558+0000] {dag.py:2941} INFO - Sync 1 DAGs
[2026-07-10T10:09:40.582+0000] {logging_mixin.py:151} INFO - [2026-07-10T10:09:40.582+0000] {dag.py:3722} INFO - Setting next_dagrun for pipeline_ingestion_suivi to 2026-07-10T10:00:00+00:00, run_after=2026-07-10T11:00:00+00:00
[2026-07-10T10:09:40.604+0000] {processor.py:179} INFO - Processing /opt/airflow/dags/dag_suivi.py took 0.095 seconds
[2026-07-10T10:10:10.754+0000] {processor.py:157} INFO - Started process (PID=7033) to work on /opt/airflow/dags/dag_suivi.py
[2026-07-10T10:10:10.755+0000] {processor.py:829} INFO - Processing file /opt/airflow/dags/dag_suivi.py for tasks to queue
[2026-07-10T10:10:10.756+0000] {logging_mixin.py:151} INFO - [2026-07-10T10:10:10.756+0000] {dagbag.py:536} INFO - Filling up the DagBag from /opt/airflow/dags/dag_suivi.py
[2026-07-10T10:10:10.777+0000] {processor.py:839} INFO - DAG(s) dict_keys(['pipeline_ingestion_suivi']) retrieved from /opt/airflow/dags/dag_suivi.py
[2026-07-10T10:10:10.803+0000] {logging_mixin.py:151} INFO - [2026-07-10T10:10:10.803+0000] {dag.py:2941} INFO - Sync 1 DAGs
[2026-07-10T10:10:10.823+0000] {logging_mixin.py:151} INFO - [2026-07-10T10:10:10.823+0000] {dag.py:3722} INFO - Setting next_dagrun for pipeline_ingestion_suivi to 2026-07-10T10:00:00+00:00, run_after=2026-07-10T11:00:00+00:00
[2026-07-10T10:10:10.843+0000] {processor.py:179} INFO - Processing /opt/airflow/dags/dag_suivi.py took 0.092 seconds
[2026-07-10T10:10:40.986+0000] {processor.py:157} INFO - Started process (PID=7038) to work on /opt/airflow/dags/dag_suivi.py
[2026-07-10T10:10:40.986+0000] {processor.py:829} INFO - Processing file /opt/airflow/dags/dag_suivi.py for tasks to queue
[2026-07-10T10:10:40.987+0000] {logging_mixin.py:151} INFO - [2026-07-10T10:10:40.987+0000] {dagbag.py:536} INFO - Filling up the DagBag from /opt/airflow/dags/dag_suivi.py
[2026-07-10T10:10:41.005+0000] {processor.py:839} INFO - DAG(s) dict_keys(['pipeline_ingestion_suivi']) retrieved from /opt/airflow/dags/dag_suivi.py
[2026-07-10T10:10:41.031+0000] {logging_mixin.py:151} INFO - [2026-07-10T10:10:41.031+0000] {dag.py:2941} INFO - Sync 1 DAGs
[2026-07-10T10:10:41.050+0000] {logging_mixin.py:151} INFO - [2026-07-10T10:10:41.049+0000] {dag.py:3722} INFO - Setting next_dagrun for pipeline_ingestion_suivi to 2026-07-10T10:00:00+00:00, run_after=2026-07-10T11:00:00+00:00
[2026-07-10T10:10:41.078+0000] {processor.py:179} INFO - Processing /opt/airflow/dags/dag_suivi.py took 0.095 seconds
[2026-07-10T10:11:11.280+0000] {processor.py:157} INFO - Started process (PID=7043) to work on /opt/airflow/dags/dag_suivi.py
[2026-07-10T10:11:11.281+0000] {processor.py:829} INFO - Processing file /opt/airflow/dags/dag_suivi.py for tasks to queue
[2026-07-10T10:11:11.281+0000] {logging_mixin.py:151} INFO - [2026-07-10T10:11:11.281+0000] {dagbag.py:536} INFO - Filling up the DagBag from /opt/airflow/dags/dag_suivi.py
[2026-07-10T10:11:11.300+0000] {processor.py:839} INFO - DAG(s) dict_keys(['pipeline_ingestion_suivi']) retrieved from /opt/airflow/dags/dag_suivi.py
[2026-07-10T10:11:11.325+0000] {logging_mixin.py:151} INFO - [2026-07-10T10:11:11.325+0000] {dag.py:2941} INFO - Sync 1 DAGs
[2026-07-10T10:11:11.342+0000] {logging_mixin.py:151} INFO - [2026-07-10T10:11:11.342+0000] {dag.py:3722} INFO - Setting next_dagrun for pipeline_ingestion_suivi to 2026-07-10T10:00:00+00:00, run_after=2026-07-10T11:00:00+00:00
[2026-07-10T10:11:11.359+0000] {processor.py:179} INFO - Processing /opt/airflow/dags/dag_suivi.py took 0.082 seconds
[2026-07-10T10:11:41.508+0000] {processor.py:157} INFO - Started process (PID=7048) to work on /opt/airflow/dags/dag_suivi.py
[2026-07-10T10:11:41.509+0000] {processor.py:829} INFO - Processing file /opt/airflow/dags/dag_suivi.py for tasks to queue
[2026-07-10T10:11:41.510+0000] {logging_mixin.py:151} INFO - [2026-07-10T10:11:41.509+0000] {dagbag.py:536} INFO - Filling up the DagBag from /opt/airflow/dags/dag_suivi.py
[2026-07-10T10:11:41.530+0000] {processor.py:839} INFO - DAG(s) dict_keys(['pipeline_ingestion_suivi']) retrieved from /opt/airflow/dags/dag_suivi.py
[2026-07-10T10:11:41.556+0000] {logging_mixin.py:151} INFO - [2026-07-10T10:11:41.556+0000] {dag.py:2941} INFO - Sync 1 DAGs
[2026-07-10T10:11:41.573+0000] {logging_mixin.py:151} INFO - [2026-07-10T10:11:41.573+0000] {dag.py:3722} INFO - Setting next_dagrun for pipeline_ingestion_suivi to 2026-07-10T10:00:00+00:00, run_after=2026-07-10T11:00:00+00:00
[2026-07-10T10:11:41.591+0000] {processor.py:179} INFO - Processing /opt/airflow/dags/dag_suivi.py took 0.086 seconds
[2026-07-10T10:12:11.796+0000] {processor.py:157} INFO - Started process (PID=7053) to work on /opt/airflow/dags/dag_suivi.py
[2026-07-10T10:12:11.797+0000] {processor.py:829} INFO - Processing file /opt/airflow/dags/dag_suivi.py for tasks to queue
[2026-07-10T10:12:11.798+0000] {logging_mixin.py:151} INFO - [2026-07-10T10:12:11.797+0000] {dagbag.py:536} INFO - Filling up the DagBag from /opt/airflow/dags/dag_suivi.py
[2026-07-10T10:12:11.816+0000] {processor.py:839} INFO - DAG(s) dict_keys(['pipeline_ingestion_suivi']) retrieved from /opt/airflow/dags/dag_suivi.py
[2026-07-10T10:12:11.840+0000] {logging_mixin.py:151} INFO - [2026-07-10T10:12:11.840+0000] {dag.py:2941} INFO - Sync 1 DAGs
[2026-07-10T10:12:11.858+0000] {logging_mixin.py:151} INFO - [2026-07-10T10:12:11.857+0000] {dag.py:3722} INFO - Setting next_dagrun for pipeline_ingestion_suivi to 2026-07-10T10:00:00+00:00, run_after=2026-07-10T11:00:00+00:00
[2026-07-10T10:12:11.875+0000] {processor.py:179} INFO - Processing /opt/airflow/dags/dag_suivi.py took 0.082 seconds
[2026-07-10T10:12:42.041+0000] {processor.py:157} INFO - Started process (PID=7058) to work on /opt/airflow/dags/dag_suivi.py
[2026-07-10T10:12:42.042+0000] {processor.py:829} INFO - Processing file /opt/airflow/dags/dag_suivi.py for tasks to queue
[2026-07-10T10:12:42.042+0000] {logging_mixin.py:151} INFO - [2026-07-10T10:12:42.042+0000] {dagbag.py:536} INFO - Filling up the DagBag from /opt/airflow/dags/dag_suivi.py
[2026-07-10T10:12:42.062+0000] {processor.py:839} INFO - DAG(s) dict_keys(['pipeline_ingestion_suivi']) retrieved from /opt/airflow/dags/dag_suivi.py
[2026-07-10T10:12:42.088+0000] {logging_mixin.py:151} INFO - [2026-07-10T10:12:42.088+0000] {dag.py:2941} INFO - Sync 1 DAGs
[2026-07-10T10:12:42.108+0000] {logging_mixin.py:151} INFO - [2026-07-10T10:12:42.108+0000] {dag.py:3722} INFO - Setting next_dagrun for pipeline_ingestion_suivi to 2026-07-10T10:00:00+00:00, run_after=2026-07-10T11:00:00+00:00
[2026-07-10T10:12:42.129+0000] {processor.py:179} INFO - Processing /opt/airflow/dags/dag_suivi.py took 0.091 seconds
[2026-07-10T10:13:12.334+0000] {processor.py:157} INFO - Started process (PID=7063) to work on /opt/airflow/dags/dag_suivi.py
[2026-07-10T10:13:12.334+0000] {processor.py:829} INFO - Processing file /opt/airflow/dags/dag_suivi.py for tasks to queue
[2026-07-10T10:13:12.336+0000] {logging_mixin.py:151} INFO - [2026-07-10T10:13:12.336+0000] {dagbag.py:536} INFO - Filling up the DagBag from /opt/airflow/dags/dag_suivi.py
[2026-07-10T10:13:12.368+0000] {processor.py:839} INFO - DAG(s) dict_keys(['pipeline_ingestion_suivi']) retrieved from /opt/airflow/dags/dag_suivi.py
[2026-07-10T10:13:12.403+0000] {logging_mixin.py:151} INFO - [2026-07-10T10:13:12.403+0000] {dag.py:2941} INFO - Sync 1 DAGs
[2026-07-10T10:13:12.430+0000] {logging_mixin.py:151} INFO - [2026-07-10T10:13:12.430+0000] {dag.py:3722} INFO - Setting next_dagrun for pipeline_ingestion_suivi to 2026-07-10T10:00:00+00:00, run_after=2026-07-10T11:00:00+00:00
[2026-07-10T10:13:12.452+0000] {processor.py:179} INFO - Processing /opt/airflow/dags/dag_suivi.py took 0.121 seconds
[2026-07-10T10:13:42.518+0000] {processor.py:157} INFO - Started process (PID=7068) to work on /opt/airflow/dags/dag_suivi.py
[2026-07-10T10:13:42.519+0000] {processor.py:829} INFO - Processing file /opt/airflow/dags/dag_suivi.py for tasks to queue
[2026-07-10T10:13:42.520+0000] {logging_mixin.py:151} INFO - [2026-07-10T10:13:42.520+0000] {dagbag.py:536} INFO - Filling up the DagBag from /opt/airflow/dags/dag_suivi.py
[2026-07-10T10:13:42.549+0000] {processor.py:839} INFO - DAG(s) dict_keys(['pipeline_ingestion_suivi']) retrieved from /opt/airflow/dags/dag_suivi.py
[2026-07-10T10:13:42.584+0000] {logging_mixin.py:151} INFO - [2026-07-10T10:13:42.584+0000] {dag.py:2941} INFO - Sync 1 DAGs
[2026-07-10T10:13:42.613+0000] {logging_mixin.py:151} INFO - [2026-07-10T10:13:42.613+0000] {dag.py:3722} INFO - Setting next_dagrun for pipeline_ingestion_suivi to 2026-07-10T10:00:00+00:00, run_after=2026-07-10T11:00:00+00:00
[2026-07-10T10:13:42.637+0000] {processor.py:179} INFO - Processing /opt/airflow/dags/dag_suivi.py took 0.122 seconds
[2026-07-10T10:14:12.822+0000] {processor.py:157} INFO - Started process (PID=7073) to work on /opt/airflow/dags/dag_suivi.py
[2026-07-10T10:14:12.822+0000] {processor.py:829} INFO - Processing file /opt/airflow/dags/dag_suivi.py for tasks to queue
[2026-07-10T10:14:12.823+0000] {logging_mixin.py:151} INFO - [2026-07-10T10:14:12.823+0000] {dagbag.py:536} INFO - Filling up the DagBag from /opt/airflow/dags/dag_suivi.py
[2026-07-10T10:14:12.842+0000] {processor.py:839} INFO - DAG(s) dict_keys(['pipeline_ingestion_suivi']) retrieved from /opt/airflow/dags/dag_suivi.py
[2026-07-10T10:14:12.868+0000] {logging_mixin.py:151} INFO - [2026-07-10T10:14:12.868+0000] {dag.py:2941} INFO - Sync 1 DAGs
[2026-07-10T10:14:12.889+0000] {logging_mixin.py:151} INFO - [2026-07-10T10:14:12.889+0000] {dag.py:3722} INFO - Setting next_dagrun for pipeline_ingestion_suivi to 2026-07-10T10:00:00+00:00, run_after=2026-07-10T11:00:00+00:00
[2026-07-10T10:14:12.907+0000] {processor.py:179} INFO - Processing /opt/airflow/dags/dag_suivi.py took 0.088 seconds
[2026-07-10T10:14:43.074+0000] {processor.py:157} INFO - Started process (PID=7078) to work on /opt/airflow/dags/dag_suivi.py
[2026-07-10T10:14:43.075+0000] {processor.py:829} INFO - Processing file /opt/airflow/dags/dag_suivi.py for tasks to queue
[2026-07-10T10:14:43.076+0000] {logging_mixin.py:151} INFO - [2026-07-10T10:14:43.075+0000] {dagbag.py:536} INFO - Filling up the DagBag from /opt/airflow/dags/dag_suivi.py
[2026-07-10T10:14:43.094+0000] {processor.py:839} INFO - DAG(s) dict_keys(['pipeline_ingestion_suivi']) retrieved from /opt/airflow/dags/dag_suivi.py
[2026-07-10T10:14:43.118+0000] {logging_mixin.py:151} INFO - [2026-07-10T10:14:43.118+0000] {dag.py:2941} INFO - Sync 1 DAGs
[2026-07-10T10:14:43.136+0000] {logging_mixin.py:151} INFO - [2026-07-10T10:14:43.136+0000] {dag.py:3722} INFO - Setting next_dagrun for pipeline_ingestion_suivi to 2026-07-10T10:00:00+00:00, run_after=2026-07-10T11:00:00+00:00
[2026-07-10T10:14:43.156+0000] {processor.py:179} INFO - Processing /opt/airflow/dags/dag_suivi.py took 0.084 seconds
[2026-07-10T10:15:13.366+0000] {processor.py:157} INFO - Started process (PID=7083) to work on /opt/airflow/dags/dag_suivi.py
[2026-07-10T10:15:13.367+0000] {processor.py:829} INFO - Processing file /opt/airflow/dags/dag_suivi.py for tasks to queue
[2026-07-10T10:15:13.368+0000] {logging_mixin.py:151} INFO - [2026-07-10T10:15:13.367+0000] {dagbag.py:536} INFO - Filling up the DagBag from /opt/airflow/dags/dag_suivi.py
[2026-07-10T10:15:13.386+0000] {processor.py:839} INFO - DAG(s) dict_keys(['pipeline_ingestion_suivi']) retrieved from /opt/airflow/dags/dag_suivi.py
[2026-07-10T10:15:13.413+0000] {logging_mixin.py:151} INFO - [2026-07-10T10:15:13.413+0000] {dag.py:2941} INFO - Sync 1 DAGs
[2026-07-10T10:15:13.437+0000] {logging_mixin.py:151} INFO - [2026-07-10T10:15:13.437+0000] {dag.py:3722} INFO - Setting next_dagrun for pipeline_ingestion_suivi to 2026-07-10T10:00:00+00:00, run_after=2026-07-10T11:00:00+00:00
[2026-07-10T10:15:13.461+0000] {processor.py:179} INFO - Processing /opt/airflow/dags/dag_suivi.py took 0.097 seconds
[2026-07-10T10:15:43.604+0000] {processor.py:157} INFO - Started process (PID=7088) to work on /opt/airflow/dags/dag_suivi.py
[2026-07-10T10:15:43.605+0000] {processor.py:829} INFO - Processing file /opt/airflow/dags/dag_suivi.py for tasks to queue
[2026-07-10T10:15:43.606+0000] {logging_mixin.py:151} INFO - [2026-07-10T10:15:43.606+0000] {dagbag.py:536} INFO - Filling up the DagBag from /opt/airflow/dags/dag_suivi.py
[2026-07-10T10:15:43.623+0000] {processor.py:839} INFO - DAG(s) dict_keys(['pipeline_ingestion_suivi']) retrieved from /opt/airflow/dags/dag_suivi.py
[2026-07-10T10:15:43.650+0000] {logging_mixin.py:151} INFO - [2026-07-10T10:15:43.650+0000] {dag.py:2941} INFO - Sync 1 DAGs
[2026-07-10T10:15:43.673+0000] {logging_mixin.py:151} INFO - [2026-07-10T10:15:43.673+0000] {dag.py:3722} INFO - Setting next_dagrun for pipeline_ingestion_suivi to 2026-07-10T10:00:00+00:00, run_after=2026-07-10T11:00:00+00:00
[2026-07-10T10:15:43.695+0000] {processor.py:179} INFO - Processing /opt/airflow/dags/dag_suivi.py took 0.094 seconds
[2026-07-10T10:16:13.907+0000] {processor.py:157} INFO - Started process (PID=7093) to work on /opt/airflow/dags/dag_suivi.py
[2026-07-10T10:16:13.907+0000] {processor.py:829} INFO - Processing file /opt/airflow/dags/dag_suivi.py for tasks to queue
[2026-07-10T10:16:13.908+0000] {logging_mixin.py:151} INFO - [2026-07-10T10:16:13.908+0000] {dagbag.py:536} INFO - Filling up the DagBag from /opt/airflow/dags/dag_suivi.py
[2026-07-10T10:16:13.929+0000] {processor.py:839} INFO - DAG(s) dict_keys(['pipeline_ingestion_suivi']) retrieved from /opt/airflow/dags/dag_suivi.py
[2026-07-10T10:16:13.958+0000] {logging_mixin.py:151} INFO - [2026-07-10T10:16:13.958+0000] {dag.py:2941} INFO - Sync 1 DAGs
[2026-07-10T10:16:14.049+0000] {logging_mixin.py:151} INFO - [2026-07-10T10:16:14.049+0000] {dag.py:3722} INFO - Setting next_dagrun for pipeline_ingestion_suivi to 2026-07-10T10:00:00+00:00, run_after=2026-07-10T11:00:00+00:00
[2026-07-10T10:16:14.102+0000] {processor.py:179} INFO - Processing /opt/airflow/dags/dag_suivi.py took 0.200 seconds
[2026-07-10T10:16:44.185+0000] {processor.py:157} INFO - Started process (PID=7098) to work on /opt/airflow/dags/dag_suivi.py
[2026-07-10T10:16:44.185+0000] {processor.py:829} INFO - Processing file /opt/airflow/dags/dag_suivi.py for tasks to queue
[2026-07-10T10:16:44.186+0000] {logging_mixin.py:151} INFO - [2026-07-10T10:16:44.186+0000] {dagbag.py:536} INFO - Filling up the DagBag from /opt/airflow/dags/dag_suivi.py
[2026-07-10T10:16:44.203+0000] {processor.py:839} INFO - DAG(s) dict_keys(['pipeline_ingestion_suivi']) retrieved from /opt/airflow/dags/dag_suivi.py
[2026-07-10T10:16:44.228+0000] {logging_mixin.py:151} INFO - [2026-07-10T10:16:44.228+0000] {dag.py:2941} INFO - Sync 1 DAGs
[2026-07-10T10:16:44.247+0000] {logging_mixin.py:151} INFO - [2026-07-10T10:16:44.246+0000] {dag.py:3722} INFO - Setting next_dagrun for pipeline_ingestion_suivi to 2026-07-10T10:00:00+00:00, run_after=2026-07-10T11:00:00+00:00
[2026-07-10T10:16:44.264+0000] {processor.py:179} INFO - Processing /opt/airflow/dags/dag_suivi.py took 0.082 seconds
[2026-07-10T10:17:14.433+0000] {processor.py:157} INFO - Started process (PID=7103) to work on /opt/airflow/dags/dag_suivi.py
[2026-07-10T10:17:14.434+0000] {processor.py:829} INFO - Processing file /opt/airflow/dags/dag_suivi.py for tasks to queue
[2026-07-10T10:17:14.435+0000] {logging_mixin.py:151} INFO - [2026-07-10T10:17:14.435+0000] {dagbag.py:536} INFO - Filling up the DagBag from /opt/airflow/dags/dag_suivi.py
[2026-07-10T10:17:14.457+0000] {processor.py:839} INFO - DAG(s) dict_keys(['pipeline_ingestion_suivi']) retrieved from /opt/airflow/dags/dag_suivi.py
[2026-07-10T10:17:14.490+0000] {logging_mixin.py:151} INFO - [2026-07-10T10:17:14.490+0000] {dag.py:2941} INFO - Sync 1 DAGs
[2026-07-10T10:17:14.509+0000] {logging_mixin.py:151} INFO - [2026-07-10T10:17:14.509+0000] {dag.py:3722} INFO - Setting next_dagrun for pipeline_ingestion_suivi to 2026-07-10T10:00:00+00:00, run_after=2026-07-10T11:00:00+00:00
[2026-07-10T10:17:14.526+0000] {processor.py:179} INFO - Processing /opt/airflow/dags/dag_suivi.py took 0.096 seconds
[2026-07-10T10:17:44.734+0000] {processor.py:157} INFO - Started process (PID=7108) to work on /opt/airflow/dags/dag_suivi.py
[2026-07-10T10:17:44.735+0000] {processor.py:829} INFO - Processing file /opt/airflow/dags/dag_suivi.py for tasks to queue
[2026-07-10T10:17:44.735+0000] {logging_mixin.py:151} INFO - [2026-07-10T10:17:44.735+0000] {dagbag.py:536} INFO - Filling up the DagBag from /opt/airflow/dags/dag_suivi.py
[2026-07-10T10:17:44.754+0000] {processor.py:839} INFO - DAG(s) dict_keys(['pipeline_ingestion_suivi']) retrieved from /opt/airflow/dags/dag_suivi.py
[2026-07-10T10:17:44.777+0000] {logging_mixin.py:151} INFO - [2026-07-10T10:17:44.777+0000] {dag.py:2941} INFO - Sync 1 DAGs
[2026-07-10T10:17:44.794+0000] {logging_mixin.py:151} INFO - [2026-07-10T10:17:44.794+0000] {dag.py:3722} INFO - Setting next_dagrun for pipeline_ingestion_suivi to 2026-07-10T10:00:00+00:00, run_after=2026-07-10T11:00:00+00:00
[2026-07-10T10:17:44.822+0000] {processor.py:179} INFO - Processing /opt/airflow/dags/dag_suivi.py took 0.090 seconds
[2026-07-10T10:18:15.034+0000] {processor.py:157} INFO - Started process (PID=7113) to work on /opt/airflow/dags/dag_suivi.py
[2026-07-10T10:18:15.035+0000] {processor.py:829} INFO - Processing file /opt/airflow/dags/dag_suivi.py for tasks to queue
[2026-07-10T10:18:15.036+0000] {logging_mixin.py:151} INFO - [2026-07-10T10:18:15.036+0000] {dagbag.py:536} INFO - Filling up the DagBag from /opt/airflow/dags/dag_suivi.py
[2026-07-10T10:18:15.055+0000] {processor.py:839} INFO - DAG(s) dict_keys(['pipeline_ingestion_suivi']) retrieved from /opt/airflow/dags/dag_suivi.py
[2026-07-10T10:18:15.078+0000] {logging_mixin.py:151} INFO - [2026-07-10T10:18:15.078+0000] {dag.py:2941} INFO - Sync 1 DAGs
[2026-07-10T10:18:15.096+0000] {logging_mixin.py:151} INFO - [2026-07-10T10:18:15.096+0000] {dag.py:3722} INFO - Setting next_dagrun for pipeline_ingestion_suivi to 2026-07-10T10:00:00+00:00, run_after=2026-07-10T11:00:00+00:00
[2026-07-10T10:18:15.114+0000] {processor.py:179} INFO - Processing /opt/airflow/dags/dag_suivi.py took 0.083 seconds
[2026-07-10T10:18:45.320+0000] {processor.py:157} INFO - Started process (PID=7118) to work on /opt/airflow/dags/dag_suivi.py
[2026-07-10T10:18:45.321+0000] {processor.py:829} INFO - Processing file /opt/airflow/dags/dag_suivi.py for tasks to queue
[2026-07-10T10:18:45.321+0000] {logging_mixin.py:151} INFO - [2026-07-10T10:18:45.321+0000] {dagbag.py:536} INFO - Filling up the DagBag from /opt/airflow/dags/dag_suivi.py
[2026-07-10T10:18:45.340+0000] {processor.py:839} INFO - DAG(s) dict_keys(['pipeline_ingestion_suivi']) retrieved from /opt/airflow/dags/dag_suivi.py
[2026-07-10T10:18:45.363+0000] {logging_mixin.py:151} INFO - [2026-07-10T10:18:45.362+0000] {dag.py:2941} INFO - Sync 1 DAGs
[2026-07-10T10:18:45.380+0000] {logging_mixin.py:151} INFO - [2026-07-10T10:18:45.380+0000] {dag.py:3722} INFO - Setting next_dagrun for pipeline_ingestion_suivi to 2026-07-10T10:00:00+00:00, run_after=2026-07-10T11:00:00+00:00
[2026-07-10T10:18:45.407+0000] {processor.py:179} INFO - Processing /opt/airflow/dags/dag_suivi.py took 0.090 seconds
[2026-07-10T10:19:15.591+0000] {processor.py:157} INFO - Started process (PID=7123) to work on /opt/airflow/dags/dag_suivi.py
[2026-07-10T10:19:15.592+0000] {processor.py:829} INFO - Processing file /opt/airflow/dags/dag_suivi.py for tasks to queue
[2026-07-10T10:19:15.593+0000] {logging_mixin.py:151} INFO - [2026-07-10T10:19:15.592+0000] {dagbag.py:536} INFO - Filling up the DagBag from /opt/airflow/dags/dag_suivi.py
[2026-07-10T10:19:15.610+0000] {processor.py:839} INFO - DAG(s) dict_keys(['pipeline_ingestion_suivi']) retrieved from /opt/airflow/dags/dag_suivi.py
[2026-07-10T10:19:15.638+0000] {logging_mixin.py:151} INFO - [2026-07-10T10:19:15.637+0000] {dag.py:2941} INFO - Sync 1 DAGs
[2026-07-10T10:19:15.660+0000] {logging_mixin.py:151} INFO - [2026-07-10T10:19:15.659+0000] {dag.py:3722} INFO - Setting next_dagrun for pipeline_ingestion_suivi to 2026-07-10T10:00:00+00:00, run_after=2026-07-10T11:00:00+00:00
[2026-07-10T10:19:15.681+0000] {processor.py:179} INFO - Processing /opt/airflow/dags/dag_suivi.py took 0.092 seconds
[2026-07-10T10:19:45.880+0000] {processor.py:157} INFO - Started process (PID=7128) to work on /opt/airflow/dags/dag_suivi.py
[2026-07-10T10:19:45.881+0000] {processor.py:829} INFO - Processing file /opt/airflow/dags/dag_suivi.py for tasks to queue
[2026-07-10T10:19:45.882+0000] {logging_mixin.py:151} INFO - [2026-07-10T10:19:45.881+0000] {dagbag.py:536} INFO - Filling up the DagBag from /opt/airflow/dags/dag_suivi.py
[2026-07-10T10:19:45.899+0000] {processor.py:839} INFO - DAG(s) dict_keys(['pipeline_ingestion_suivi']) retrieved from /opt/airflow/dags/dag_suivi.py
[2026-07-10T10:19:45.923+0000] {logging_mixin.py:151} INFO - [2026-07-10T10:19:45.923+0000] {dag.py:2941} INFO - Sync 1 DAGs
[2026-07-10T10:19:45.941+0000] {logging_mixin.py:151} INFO - [2026-07-10T10:19:45.941+0000] {dag.py:3722} INFO - Setting next_dagrun for pipeline_ingestion_suivi to 2026-07-10T10:00:00+00:00, run_after=2026-07-10T11:00:00+00:00
[2026-07-10T10:19:45.968+0000] {processor.py:179} INFO - Processing /opt/airflow/dags/dag_suivi.py took 0.090 seconds
[2026-07-10T10:20:16.171+0000] {processor.py:157} INFO - Started process (PID=7133) to work on /opt/airflow/dags/dag_suivi.py
[2026-07-10T10:20:16.172+0000] {processor.py:829} INFO - Processing file /opt/airflow/dags/dag_suivi.py for tasks to queue
[2026-07-10T10:20:16.172+0000] {logging_mixin.py:151} INFO - [2026-07-10T10:20:16.172+0000] {dagbag.py:536} INFO - Filling up the DagBag from /opt/airflow/dags/dag_suivi.py
[2026-07-10T10:20:16.190+0000] {processor.py:839} INFO - DAG(s) dict_keys(['pipeline_ingestion_suivi']) retrieved from /opt/airflow/dags/dag_suivi.py
[2026-07-10T10:20:16.213+0000] {logging_mixin.py:151} INFO - [2026-07-10T10:20:16.213+0000] {dag.py:2941} INFO - Sync 1 DAGs
[2026-07-10T10:20:16.232+0000] {logging_mixin.py:151} INFO - [2026-07-10T10:20:16.232+0000] {dag.py:3722} INFO - Setting next_dagrun for pipeline_ingestion_suivi to 2026-07-10T10:00:00+00:00, run_after=2026-07-10T11:00:00+00:00
[2026-07-10T10:20:16.251+0000] {processor.py:179} INFO - Processing /opt/airflow/dags/dag_suivi.py took 0.082 seconds
[2026-07-10T10:20:46.440+0000] {processor.py:157} INFO - Started process (PID=7138) to work on /opt/airflow/dags/dag_suivi.py
[2026-07-10T10:20:46.441+0000] {processor.py:829} INFO - Processing file /opt/airflow/dags/dag_suivi.py for tasks to queue
[2026-07-10T10:20:46.442+0000] {logging_mixin.py:151} INFO - [2026-07-10T10:20:46.441+0000] {dagbag.py:536} INFO - Filling up the DagBag from /opt/airflow/dags/dag_suivi.py
[2026-07-10T10:20:46.460+0000] {processor.py:839} INFO - DAG(s) dict_keys(['pipeline_ingestion_suivi']) retrieved from /opt/airflow/dags/dag_suivi.py
[2026-07-10T10:20:46.487+0000] {logging_mixin.py:151} INFO - [2026-07-10T10:20:46.486+0000] {dag.py:2941} INFO - Sync 1 DAGs
[2026-07-10T10:20:46.507+0000] {logging_mixin.py:151} INFO - [2026-07-10T10:20:46.507+0000] {dag.py:3722} INFO - Setting next_dagrun for pipeline_ingestion_suivi to 2026-07-10T10:00:00+00:00, run_after=2026-07-10T11:00:00+00:00
[2026-07-10T10:20:46.527+0000] {processor.py:179} INFO - Processing /opt/airflow/dags/dag_suivi.py took 0.089 seconds
[2026-07-10T10:21:16.775+0000] {processor.py:157} INFO - Started process (PID=7143) to work on /opt/airflow/dags/dag_suivi.py
[2026-07-10T10:21:16.776+0000] {processor.py:829} INFO - Processing file /opt/airflow/dags/dag_suivi.py for tasks to queue
[2026-07-10T10:21:16.777+0000] {logging_mixin.py:151} INFO - [2026-07-10T10:21:16.777+0000] {dagbag.py:536} INFO - Filling up the DagBag from /opt/airflow/dags/dag_suivi.py
[2026-07-10T10:21:16.804+0000] {processor.py:839} INFO - DAG(s) dict_keys(['pipeline_ingestion_suivi']) retrieved from /opt/airflow/dags/dag_suivi.py
[2026-07-10T10:21:16.828+0000] {logging_mixin.py:151} INFO - [2026-07-10T10:21:16.828+0000] {dag.py:2941} INFO - Sync 1 DAGs
[2026-07-10T10:21:16.849+0000] {logging_mixin.py:151} INFO - [2026-07-10T10:21:16.849+0000] {dag.py:3722} INFO - Setting next_dagrun for pipeline_ingestion_suivi to 2026-07-10T10:00:00+00:00, run_after=2026-07-10T11:00:00+00:00
[2026-07-10T10:21:16.867+0000] {processor.py:179} INFO - Processing /opt/airflow/dags/dag_suivi.py took 0.094 seconds
[2026-07-10T10:21:47.052+0000] {processor.py:157} INFO - Started process (PID=7148) to work on /opt/airflow/dags/dag_suivi.py
[2026-07-10T10:21:47.053+0000] {processor.py:829} INFO - Processing file /opt/airflow/dags/dag_suivi.py for tasks to queue
[2026-07-10T10:21:47.054+0000] {logging_mixin.py:151} INFO - [2026-07-10T10:21:47.054+0000] {dagbag.py:536} INFO - Filling up the DagBag from /opt/airflow/dags/dag_suivi.py
[2026-07-10T10:21:47.071+0000] {processor.py:839} INFO - DAG(s) dict_keys(['pipeline_ingestion_suivi']) retrieved from /opt/airflow/dags/dag_suivi.py
[2026-07-10T10:21:47.096+0000] {logging_mixin.py:151} INFO - [2026-07-10T10:21:47.096+0000] {dag.py:2941} INFO - Sync 1 DAGs
[2026-07-10T10:21:47.115+0000] {logging_mixin.py:151} INFO - [2026-07-10T10:21:47.115+0000] {dag.py:3722} INFO - Setting next_dagrun for pipeline_ingestion_suivi to 2026-07-10T10:00:00+00:00, run_after=2026-07-10T11:00:00+00:00
[2026-07-10T10:21:47.133+0000] {processor.py:179} INFO - Processing /opt/airflow/dags/dag_suivi.py took 0.088 seconds
[2026-07-10T10:22:17.323+0000] {processor.py:157} INFO - Started process (PID=7153) to work on /opt/airflow/dags/dag_suivi.py
[2026-07-10T10:22:17.323+0000] {processor.py:829} INFO - Processing file /opt/airflow/dags/dag_suivi.py for tasks to queue
[2026-07-10T10:22:17.324+0000] {logging_mixin.py:151} INFO - [2026-07-10T10:22:17.324+0000] {dagbag.py:536} INFO - Filling up the DagBag from /opt/airflow/dags/dag_suivi.py
[2026-07-10T10:22:17.341+0000] {processor.py:839} INFO - DAG(s) dict_keys(['pipeline_ingestion_suivi']) retrieved from /opt/airflow/dags/dag_suivi.py
[2026-07-10T10:22:17.365+0000] {logging_mixin.py:151} INFO - [2026-07-10T10:22:17.365+0000] {dag.py:2941} INFO - Sync 1 DAGs
[2026-07-10T10:22:17.384+0000] {logging_mixin.py:151} INFO - [2026-07-10T10:22:17.384+0000] {dag.py:3722} INFO - Setting next_dagrun for pipeline_ingestion_suivi to 2026-07-10T10:00:00+00:00, run_after=2026-07-10T11:00:00+00:00
[2026-07-10T10:22:17.403+0000] {processor.py:179} INFO - Processing /opt/airflow/dags/dag_suivi.py took 0.083 seconds
[2026-07-10T10:22:47.537+0000] {processor.py:157} INFO - Started process (PID=7158) to work on /opt/airflow/dags/dag_suivi.py
[2026-07-10T10:22:47.539+0000] {processor.py:829} INFO - Processing file /opt/airflow/dags/dag_suivi.py for tasks to queue
[2026-07-10T10:22:47.540+0000] {logging_mixin.py:151} INFO - [2026-07-10T10:22:47.539+0000] {dagbag.py:536} INFO - Filling up the DagBag from /opt/airflow/dags/dag_suivi.py
[2026-07-10T10:22:47.564+0000] {processor.py:839} INFO - DAG(s) dict_keys(['pipeline_ingestion_suivi']) retrieved from /opt/airflow/dags/dag_suivi.py
[2026-07-10T10:22:47.593+0000] {logging_mixin.py:151} INFO - [2026-07-10T10:22:47.593+0000] {dag.py:2941} INFO - Sync 1 DAGs
[2026-07-10T10:22:47.615+0000] {logging_mixin.py:151} INFO - [2026-07-10T10:22:47.615+0000] {dag.py:3722} INFO - Setting next_dagrun for pipeline_ingestion_suivi to 2026-07-10T10:00:00+00:00, run_after=2026-07-10T11:00:00+00:00
[2026-07-10T10:22:47.634+0000] {processor.py:179} INFO - Processing /opt/airflow/dags/dag_suivi.py took 0.101 seconds
[2026-07-10T10:23:17.898+0000] {processor.py:157} INFO - Started process (PID=7163) to work on /opt/airflow/dags/dag_suivi.py
[2026-07-10T10:23:17.899+0000] {processor.py:829} INFO - Processing file /opt/airflow/dags/dag_suivi.py for tasks to queue
[2026-07-10T10:23:17.900+0000] {logging_mixin.py:151} INFO - [2026-07-10T10:23:17.900+0000] {dagbag.py:536} INFO - Filling up the DagBag from /opt/airflow/dags/dag_suivi.py
[2026-07-10T10:23:17.919+0000] {processor.py:839} INFO - DAG(s) dict_keys(['pipeline_ingestion_suivi']) retrieved from /opt/airflow/dags/dag_suivi.py
[2026-07-10T10:23:17.946+0000] {logging_mixin.py:151} INFO - [2026-07-10T10:23:17.946+0000] {dag.py:2941} INFO - Sync 1 DAGs
[2026-07-10T10:23:17.969+0000] {logging_mixin.py:151} INFO - [2026-07-10T10:23:17.969+0000] {dag.py:3722} INFO - Setting next_dagrun for pipeline_ingestion_suivi to 2026-07-10T10:00:00+00:00, run_after=2026-07-10T11:00:00+00:00
[2026-07-10T10:23:17.992+0000] {processor.py:179} INFO - Processing /opt/airflow/dags/dag_suivi.py took 0.097 seconds
[2026-07-10T10:23:48.170+0000] {processor.py:157} INFO - Started process (PID=7168) to work on /opt/airflow/dags/dag_suivi.py
[2026-07-10T10:23:48.170+0000] {processor.py:829} INFO - Processing file /opt/airflow/dags/dag_suivi.py for tasks to queue
[2026-07-10T10:23:48.171+0000] {logging_mixin.py:151} INFO - [2026-07-10T10:23:48.171+0000] {dagbag.py:536} INFO - Filling up the DagBag from /opt/airflow/dags/dag_suivi.py
[2026-07-10T10:23:48.189+0000] {processor.py:839} INFO - DAG(s) dict_keys(['pipeline_ingestion_suivi']) retrieved from /opt/airflow/dags/dag_suivi.py
[2026-07-10T10:23:48.215+0000] {logging_mixin.py:151} INFO - [2026-07-10T10:23:48.215+0000] {dag.py:2941} INFO - Sync 1 DAGs
[2026-07-10T10:23:48.237+0000] {logging_mixin.py:151} INFO - [2026-07-10T10:23:48.236+0000] {dag.py:3722} INFO - Setting next_dagrun for pipeline_ingestion_suivi to 2026-07-10T10:00:00+00:00, run_after=2026-07-10T11:00:00+00:00
[2026-07-10T10:23:48.254+0000] {processor.py:179} INFO - Processing /opt/airflow/dags/dag_suivi.py took 0.087 seconds
[2026-07-10T10:24:18.453+0000] {processor.py:157} INFO - Started process (PID=7173) to work on /opt/airflow/dags/dag_suivi.py
[2026-07-10T10:24:18.453+0000] {processor.py:829} INFO - Processing file /opt/airflow/dags/dag_suivi.py for tasks to queue
[2026-07-10T10:24:18.454+0000] {logging_mixin.py:151} INFO - [2026-07-10T10:24:18.454+0000] {dagbag.py:536} INFO - Filling up the DagBag from /opt/airflow/dags/dag_suivi.py
[2026-07-10T10:24:18.473+0000] {processor.py:839} INFO - DAG(s) dict_keys(['pipeline_ingestion_suivi']) retrieved from /opt/airflow/dags/dag_suivi.py
[2026-07-10T10:24:18.501+0000] {logging_mixin.py:151} INFO - [2026-07-10T10:24:18.501+0000] {dag.py:2941} INFO - Sync 1 DAGs
[2026-07-10T10:24:18.520+0000] {logging_mixin.py:151} INFO - [2026-07-10T10:24:18.520+0000] {dag.py:3722} INFO - Setting next_dagrun for pipeline_ingestion_suivi to 2026-07-10T10:00:00+00:00, run_after=2026-07-10T11:00:00+00:00
[2026-07-10T10:24:18.539+0000] {processor.py:179} INFO - Processing /opt/airflow/dags/dag_suivi.py took 0.089 seconds
[2026-07-10T10:24:48.722+0000] {processor.py:157} INFO - Started process (PID=7178) to work on /opt/airflow/dags/dag_suivi.py
[2026-07-10T10:24:48.723+0000] {processor.py:829} INFO - Processing file /opt/airflow/dags/dag_suivi.py for tasks to queue
[2026-07-10T10:24:48.723+0000] {logging_mixin.py:151} INFO - [2026-07-10T10:24:48.723+0000] {dagbag.py:536} INFO - Filling up the DagBag from /opt/airflow/dags/dag_suivi.py
[2026-07-10T10:24:48.744+0000] {processor.py:839} INFO - DAG(s) dict_keys(['pipeline_ingestion_suivi']) retrieved from /opt/airflow/dags/dag_suivi.py
[2026-07-10T10:24:48.770+0000] {logging_mixin.py:151} INFO - [2026-07-10T10:24:48.770+0000] {dag.py:2941} INFO - Sync 1 DAGs
[2026-07-10T10:24:48.791+0000] {logging_mixin.py:151} INFO - [2026-07-10T10:24:48.791+0000] {dag.py:3722} INFO - Setting next_dagrun for pipeline_ingestion_suivi to 2026-07-10T10:00:00+00:00, run_after=2026-07-10T11:00:00+00:00
[2026-07-10T10:24:48.808+0000] {processor.py:179} INFO - Processing /opt/airflow/dags/dag_suivi.py took 0.089 seconds
[2026-07-10T10:25:19.015+0000] {processor.py:157} INFO - Started process (PID=7183) to work on /opt/airflow/dags/dag_suivi.py
[2026-07-10T10:25:19.015+0000] {processor.py:829} INFO - Processing file /opt/airflow/dags/dag_suivi.py for tasks to queue
[2026-07-10T10:25:19.016+0000] {logging_mixin.py:151} INFO - [2026-07-10T10:25:19.016+0000] {dagbag.py:536} INFO - Filling up the DagBag from /opt/airflow/dags/dag_suivi.py
[2026-07-10T10:25:19.034+0000] {processor.py:839} INFO - DAG(s) dict_keys(['pipeline_ingestion_suivi']) retrieved from /opt/airflow/dags/dag_suivi.py
[2026-07-10T10:25:19.060+0000] {logging_mixin.py:151} INFO - [2026-07-10T10:25:19.060+0000] {dag.py:2941} INFO - Sync 1 DAGs
[2026-07-10T10:25:19.080+0000] {logging_mixin.py:151} INFO - [2026-07-10T10:25:19.080+0000] {dag.py:3722} INFO - Setting next_dagrun for pipeline_ingestion_suivi to 2026-07-10T10:00:00+00:00, run_after=2026-07-10T11:00:00+00:00
[2026-07-10T10:25:19.100+0000] {processor.py:179} INFO - Processing /opt/airflow/dags/dag_suivi.py took 0.088 seconds
[2026-07-10T10:25:49.265+0000] {processor.py:157} INFO - Started process (PID=7188) to work on /opt/airflow/dags/dag_suivi.py
[2026-07-10T10:25:49.265+0000] {processor.py:829} INFO - Processing file /opt/airflow/dags/dag_suivi.py for tasks to queue
[2026-07-10T10:25:49.266+0000] {logging_mixin.py:151} INFO - [2026-07-10T10:25:49.266+0000] {dagbag.py:536} INFO - Filling up the DagBag from /opt/airflow/dags/dag_suivi.py
[2026-07-10T10:25:49.283+0000] {processor.py:839} INFO - DAG(s) dict_keys(['pipeline_ingestion_suivi']) retrieved from /opt/airflow/dags/dag_suivi.py
[2026-07-10T10:25:49.308+0000] {logging_mixin.py:151} INFO - [2026-07-10T10:25:49.308+0000] {dag.py:2941} INFO - Sync 1 DAGs
[2026-07-10T10:25:49.329+0000] {logging_mixin.py:151} INFO - [2026-07-10T10:25:49.329+0000] {dag.py:3722} INFO - Setting next_dagrun for pipeline_ingestion_suivi to 2026-07-10T10:00:00+00:00, run_after=2026-07-10T11:00:00+00:00
[2026-07-10T10:25:49.358+0000] {processor.py:179} INFO - Processing /opt/airflow/dags/dag_suivi.py took 0.096 seconds
[2026-07-10T10:26:19.546+0000] {processor.py:157} INFO - Started process (PID=7193) to work on /opt/airflow/dags/dag_suivi.py
[2026-07-10T10:26:19.546+0000] {processor.py:829} INFO - Processing file /opt/airflow/dags/dag_suivi.py for tasks to queue
[2026-07-10T10:26:19.547+0000] {logging_mixin.py:151} INFO - [2026-07-10T10:26:19.547+0000] {dagbag.py:536} INFO - Filling up the DagBag from /opt/airflow/dags/dag_suivi.py
[2026-07-10T10:26:19.567+0000] {processor.py:839} INFO - DAG(s) dict_keys(['pipeline_ingestion_suivi']) retrieved from /opt/airflow/dags/dag_suivi.py
[2026-07-10T10:26:19.591+0000] {logging_mixin.py:151} INFO - [2026-07-10T10:26:19.591+0000] {dag.py:2941} INFO - Sync 1 DAGs
[2026-07-10T10:26:19.614+0000] {logging_mixin.py:151} INFO - [2026-07-10T10:26:19.613+0000] {dag.py:3722} INFO - Setting next_dagrun for pipeline_ingestion_suivi to 2026-07-10T10:00:00+00:00, run_after=2026-07-10T11:00:00+00:00
[2026-07-10T10:26:19.635+0000] {processor.py:179} INFO - Processing /opt/airflow/dags/dag_suivi.py took 0.092 seconds
[2026-07-10T10:26:49.792+0000] {processor.py:157} INFO - Started process (PID=7198) to work on /opt/airflow/dags/dag_suivi.py
[2026-07-10T10:26:49.793+0000] {processor.py:829} INFO - Processing file /opt/airflow/dags/dag_suivi.py for tasks to queue
[2026-07-10T10:26:49.795+0000] {logging_mixin.py:151} INFO - [2026-07-10T10:26:49.794+0000] {dagbag.py:536} INFO - Filling up the DagBag from /opt/airflow/dags/dag_suivi.py
[2026-07-10T10:26:49.812+0000] {processor.py:839} INFO - DAG(s) dict_keys(['pipeline_ingestion_suivi']) retrieved from /opt/airflow/dags/dag_suivi.py
[2026-07-10T10:26:49.836+0000] {logging_mixin.py:151} INFO - [2026-07-10T10:26:49.836+0000] {dag.py:2941} INFO - Sync 1 DAGs
[2026-07-10T10:26:49.856+0000] {logging_mixin.py:151} INFO - [2026-07-10T10:26:49.856+0000] {dag.py:3722} INFO - Setting next_dagrun for pipeline_ingestion_suivi to 2026-07-10T10:00:00+00:00, run_after=2026-07-10T11:00:00+00:00
[2026-07-10T10:26:49.875+0000] {processor.py:179} INFO - Processing /opt/airflow/dags/dag_suivi.py took 0.085 seconds
[2026-07-10T10:27:20.091+0000] {processor.py:157} INFO - Started process (PID=7203) to work on /opt/airflow/dags/dag_suivi.py
[2026-07-10T10:27:20.092+0000] {processor.py:829} INFO - Processing file /opt/airflow/dags/dag_suivi.py for tasks to queue
[2026-07-10T10:27:20.093+0000] {logging_mixin.py:151} INFO - [2026-07-10T10:27:20.092+0000] {dagbag.py:536} INFO - Filling up the DagBag from /opt/airflow/dags/dag_suivi.py
[2026-07-10T10:27:20.111+0000] {processor.py:839} INFO - DAG(s) dict_keys(['pipeline_ingestion_suivi']) retrieved from /opt/airflow/dags/dag_suivi.py
[2026-07-10T10:27:20.141+0000] {logging_mixin.py:151} INFO - [2026-07-10T10:27:20.141+0000] {dag.py:2941} INFO - Sync 1 DAGs
[2026-07-10T10:27:20.161+0000] {logging_mixin.py:151} INFO - [2026-07-10T10:27:20.161+0000] {dag.py:3722} INFO - Setting next_dagrun for pipeline_ingestion_suivi to 2026-07-10T10:00:00+00:00, run_after=2026-07-10T11:00:00+00:00
[2026-07-10T10:27:20.179+0000] {processor.py:179} INFO - Processing /opt/airflow/dags/dag_suivi.py took 0.091 seconds
[2026-07-10T10:27:50.347+0000] {processor.py:157} INFO - Started process (PID=7208) to work on /opt/airflow/dags/dag_suivi.py
[2026-07-10T10:27:50.347+0000] {processor.py:829} INFO - Processing file /opt/airflow/dags/dag_suivi.py for tasks to queue
[2026-07-10T10:27:50.348+0000] {logging_mixin.py:151} INFO - [2026-07-10T10:27:50.348+0000] {dagbag.py:536} INFO - Filling up the DagBag from /opt/airflow/dags/dag_suivi.py
[2026-07-10T10:27:50.366+0000] {processor.py:839} INFO - DAG(s) dict_keys(['pipeline_ingestion_suivi']) retrieved from /opt/airflow/dags/dag_suivi.py
[2026-07-10T10:27:50.392+0000] {logging_mixin.py:151} INFO - [2026-07-10T10:27:50.391+0000] {dag.py:2941} INFO - Sync 1 DAGs
[2026-07-10T10:27:50.411+0000] {logging_mixin.py:151} INFO - [2026-07-10T10:27:50.411+0000] {dag.py:3722} INFO - Setting next_dagrun for pipeline_ingestion_suivi to 2026-07-10T10:00:00+00:00, run_after=2026-07-10T11:00:00+00:00
[2026-07-10T10:27:50.436+0000] {processor.py:179} INFO - Processing /opt/airflow/dags/dag_suivi.py took 0.092 seconds
[2026-07-10T10:28:20.657+0000] {processor.py:157} INFO - Started process (PID=7213) to work on /opt/airflow/dags/dag_suivi.py
[2026-07-10T10:28:20.658+0000] {processor.py:829} INFO - Processing file /opt/airflow/dags/dag_suivi.py for tasks to queue
[2026-07-10T10:28:20.659+0000] {logging_mixin.py:151} INFO - [2026-07-10T10:28:20.658+0000] {dagbag.py:536} INFO - Filling up the DagBag from /opt/airflow/dags/dag_suivi.py
[2026-07-10T10:28:20.677+0000] {processor.py:839} INFO - DAG(s) dict_keys(['pipeline_ingestion_suivi']) retrieved from /opt/airflow/dags/dag_suivi.py
[2026-07-10T10:28:20.697+0000] {logging_mixin.py:151} INFO - [2026-07-10T10:28:20.697+0000] {dag.py:2941} INFO - Sync 1 DAGs
[2026-07-10T10:28:20.714+0000] {logging_mixin.py:151} INFO - [2026-07-10T10:28:20.713+0000] {dag.py:3722} INFO - Setting next_dagrun for pipeline_ingestion_suivi to 2026-07-10T10:00:00+00:00, run_after=2026-07-10T11:00:00+00:00
[2026-07-10T10:28:20.730+0000] {processor.py:179} INFO - Processing /opt/airflow/dags/dag_suivi.py took 0.075 seconds
[2026-07-10T10:28:50.911+0000] {processor.py:157} INFO - Started process (PID=7218) to work on /opt/airflow/dags/dag_suivi.py
[2026-07-10T10:28:50.912+0000] {processor.py:829} INFO - Processing file /opt/airflow/dags/dag_suivi.py for tasks to queue
[2026-07-10T10:28:50.913+0000] {logging_mixin.py:151} INFO - [2026-07-10T10:28:50.913+0000] {dagbag.py:536} INFO - Filling up the DagBag from /opt/airflow/dags/dag_suivi.py
[2026-07-10T10:28:50.933+0000] {processor.py:839} INFO - DAG(s) dict_keys(['pipeline_ingestion_suivi']) retrieved from /opt/airflow/dags/dag_suivi.py
[2026-07-10T10:28:50.960+0000] {logging_mixin.py:151} INFO - [2026-07-10T10:28:50.960+0000] {dag.py:2941} INFO - Sync 1 DAGs
[2026-07-10T10:28:50.979+0000] {logging_mixin.py:151} INFO - [2026-07-10T10:28:50.979+0000] {dag.py:3722} INFO - Setting next_dagrun for pipeline_ingestion_suivi to 2026-07-10T10:00:00+00:00, run_after=2026-07-10T11:00:00+00:00
[2026-07-10T10:28:50.996+0000] {processor.py:179} INFO - Processing /opt/airflow/dags/dag_suivi.py took 0.088 seconds
[2026-07-10T10:29:21.189+0000] {processor.py:157} INFO - Started process (PID=7223) to work on /opt/airflow/dags/dag_suivi.py
[2026-07-10T10:29:21.190+0000] {processor.py:829} INFO - Processing file /opt/airflow/dags/dag_suivi.py for tasks to queue
[2026-07-10T10:29:21.191+0000] {logging_mixin.py:151} INFO - [2026-07-10T10:29:21.191+0000] {dagbag.py:536} INFO - Filling up the DagBag from /opt/airflow/dags/dag_suivi.py
[2026-07-10T10:29:21.211+0000] {processor.py:839} INFO - DAG(s) dict_keys(['pipeline_ingestion_suivi']) retrieved from /opt/airflow/dags/dag_suivi.py
[2026-07-10T10:29:21.236+0000] {logging_mixin.py:151} INFO - [2026-07-10T10:29:21.236+0000] {dag.py:2941} INFO - Sync 1 DAGs
[2026-07-10T10:29:21.254+0000] {logging_mixin.py:151} INFO - [2026-07-10T10:29:21.253+0000] {dag.py:3722} INFO - Setting next_dagrun for pipeline_ingestion_suivi to 2026-07-10T10:00:00+00:00, run_after=2026-07-10T11:00:00+00:00
[2026-07-10T10:29:21.274+0000] {processor.py:179} INFO - Processing /opt/airflow/dags/dag_suivi.py took 0.088 seconds
[2026-07-10T10:29:51.492+0000] {processor.py:157} INFO - Started process (PID=7228) to work on /opt/airflow/dags/dag_suivi.py
[2026-07-10T10:29:51.493+0000] {processor.py:829} INFO - Processing file /opt/airflow/dags/dag_suivi.py for tasks to queue
[2026-07-10T10:29:51.495+0000] {logging_mixin.py:151} INFO - [2026-07-10T10:29:51.495+0000] {dagbag.py:536} INFO - Filling up the DagBag from /opt/airflow/dags/dag_suivi.py
[2026-07-10T10:29:51.513+0000] {processor.py:839} INFO - DAG(s) dict_keys(['pipeline_ingestion_suivi']) retrieved from /opt/airflow/dags/dag_suivi.py
[2026-07-10T10:29:51.534+0000] {logging_mixin.py:151} INFO - [2026-07-10T10:29:51.534+0000] {dag.py:2941} INFO - Sync 1 DAGs
[2026-07-10T10:29:51.552+0000] {logging_mixin.py:151} INFO - [2026-07-10T10:29:51.552+0000] {dag.py:3722} INFO - Setting next_dagrun for pipeline_ingestion_suivi to 2026-07-10T10:00:00+00:00, run_after=2026-07-10T11:00:00+00:00
[2026-07-10T10:29:51.579+0000] {processor.py:179} INFO - Processing /opt/airflow/dags/dag_suivi.py took 0.090 seconds
[2026-07-10T10:30:21.746+0000] {processor.py:157} INFO - Started process (PID=7233) to work on /opt/airflow/dags/dag_suivi.py
[2026-07-10T10:30:21.747+0000] {processor.py:829} INFO - Processing file /opt/airflow/dags/dag_suivi.py for tasks to queue
[2026-07-10T10:30:21.748+0000] {logging_mixin.py:151} INFO - [2026-07-10T10:30:21.747+0000] {dagbag.py:536} INFO - Filling up the DagBag from /opt/airflow/dags/dag_suivi.py
[2026-07-10T10:30:21.764+0000] {processor.py:839} INFO - DAG(s) dict_keys(['pipeline_ingestion_suivi']) retrieved from /opt/airflow/dags/dag_suivi.py
[2026-07-10T10:30:21.787+0000] {logging_mixin.py:151} INFO - [2026-07-10T10:30:21.787+0000] {dag.py:2941} INFO - Sync 1 DAGs
[2026-07-10T10:30:21.805+0000] {logging_mixin.py:151} INFO - [2026-07-10T10:30:21.804+0000] {dag.py:3722} INFO - Setting next_dagrun for pipeline_ingestion_suivi to 2026-07-10T10:00:00+00:00, run_after=2026-07-10T11:00:00+00:00
[2026-07-10T10:30:21.822+0000] {processor.py:179} INFO - Processing /opt/airflow/dags/dag_suivi.py took 0.079 seconds
[2026-07-10T10:30:52.069+0000] {processor.py:157} INFO - Started process (PID=7238) to work on /opt/airflow/dags/dag_suivi.py
[2026-07-10T10:30:52.070+0000] {processor.py:829} INFO - Processing file /opt/airflow/dags/dag_suivi.py for tasks to queue
[2026-07-10T10:30:52.071+0000] {logging_mixin.py:151} INFO - [2026-07-10T10:30:52.070+0000] {dagbag.py:536} INFO - Filling up the DagBag from /opt/airflow/dags/dag_suivi.py
[2026-07-10T10:30:52.086+0000] {processor.py:839} INFO - DAG(s) dict_keys(['pipeline_ingestion_suivi']) retrieved from /opt/airflow/dags/dag_suivi.py
[2026-07-10T10:30:52.108+0000] {logging_mixin.py:151} INFO - [2026-07-10T10:30:52.107+0000] {dag.py:2941} INFO - Sync 1 DAGs
[2026-07-10T10:30:52.124+0000] {logging_mixin.py:151} INFO - [2026-07-10T10:30:52.123+0000] {dag.py:3722} INFO - Setting next_dagrun for pipeline_ingestion_suivi to 2026-07-10T10:00:00+00:00, run_after=2026-07-10T11:00:00+00:00
[2026-07-10T10:30:52.140+0000] {processor.py:179} INFO - Processing /opt/airflow/dags/dag_suivi.py took 0.073 seconds
[2026-07-10T10:31:22.333+0000] {processor.py:157} INFO - Started process (PID=7243) to work on /opt/airflow/dags/dag_suivi.py
[2026-07-10T10:31:22.334+0000] {processor.py:829} INFO - Processing file /opt/airflow/dags/dag_suivi.py for tasks to queue
[2026-07-10T10:31:22.335+0000] {logging_mixin.py:151} INFO - [2026-07-10T10:31:22.335+0000] {dagbag.py:536} INFO - Filling up the DagBag from /opt/airflow/dags/dag_suivi.py
[2026-07-10T10:31:22.353+0000] {processor.py:839} INFO - DAG(s) dict_keys(['pipeline_ingestion_suivi']) retrieved from /opt/airflow/dags/dag_suivi.py
[2026-07-10T10:31:22.378+0000] {logging_mixin.py:151} INFO - [2026-07-10T10:31:22.378+0000] {dag.py:2941} INFO - Sync 1 DAGs
[2026-07-10T10:31:22.401+0000] {logging_mixin.py:151} INFO - [2026-07-10T10:31:22.401+0000] {dag.py:3722} INFO - Setting next_dagrun for pipeline_ingestion_suivi to 2026-07-10T10:00:00+00:00, run_after=2026-07-10T11:00:00+00:00
[2026-07-10T10:31:22.421+0000] {processor.py:179} INFO - Processing /opt/airflow/dags/dag_suivi.py took 0.091 seconds
[2026-07-10T10:31:52.594+0000] {processor.py:157} INFO - Started process (PID=7248) to work on /opt/airflow/dags/dag_suivi.py
[2026-07-10T10:31:52.594+0000] {processor.py:829} INFO - Processing file /opt/airflow/dags/dag_suivi.py for tasks to queue
[2026-07-10T10:31:52.596+0000] {logging_mixin.py:151} INFO - [2026-07-10T10:31:52.595+0000] {dagbag.py:536} INFO - Filling up the DagBag from /opt/airflow/dags/dag_suivi.py
[2026-07-10T10:31:52.619+0000] {processor.py:839} INFO - DAG(s) dict_keys(['pipeline_ingestion_suivi']) retrieved from /opt/airflow/dags/dag_suivi.py
[2026-07-10T10:31:52.647+0000] {logging_mixin.py:151} INFO - [2026-07-10T10:31:52.647+0000] {dag.py:2941} INFO - Sync 1 DAGs
[2026-07-10T10:31:52.667+0000] {logging_mixin.py:151} INFO - [2026-07-10T10:31:52.667+0000] {dag.py:3722} INFO - Setting next_dagrun for pipeline_ingestion_suivi to 2026-07-10T10:00:00+00:00, run_after=2026-07-10T11:00:00+00:00
[2026-07-10T10:31:52.687+0000] {processor.py:179} INFO - Processing /opt/airflow/dags/dag_suivi.py took 0.097 seconds
[2026-07-10T10:32:22.850+0000] {processor.py:157} INFO - Started process (PID=7253) to work on /opt/airflow/dags/dag_suivi.py
[2026-07-10T10:32:22.850+0000] {processor.py:829} INFO - Processing file /opt/airflow/dags/dag_suivi.py for tasks to queue
[2026-07-10T10:32:22.851+0000] {logging_mixin.py:151} INFO - [2026-07-10T10:32:22.851+0000] {dagbag.py:536} INFO - Filling up the DagBag from /opt/airflow/dags/dag_suivi.py
[2026-07-10T10:32:22.868+0000] {processor.py:839} INFO - DAG(s) dict_keys(['pipeline_ingestion_suivi']) retrieved from /opt/airflow/dags/dag_suivi.py
[2026-07-10T10:32:22.892+0000] {logging_mixin.py:151} INFO - [2026-07-10T10:32:22.892+0000] {dag.py:2941} INFO - Sync 1 DAGs
[2026-07-10T10:32:22.909+0000] {logging_mixin.py:151} INFO - [2026-07-10T10:32:22.909+0000] {dag.py:3722} INFO - Setting next_dagrun for pipeline_ingestion_suivi to 2026-07-10T10:00:00+00:00, run_after=2026-07-10T11:00:00+00:00
[2026-07-10T10:32:22.927+0000] {processor.py:179} INFO - Processing /opt/airflow/dags/dag_suivi.py took 0.080 seconds
[2026-07-10T10:32:53.132+0000] {processor.py:157} INFO - Started process (PID=7258) to work on /opt/airflow/dags/dag_suivi.py
[2026-07-10T10:32:53.133+0000] {processor.py:829} INFO - Processing file /opt/airflow/dags/dag_suivi.py for tasks to queue
[2026-07-10T10:32:53.134+0000] {logging_mixin.py:151} INFO - [2026-07-10T10:32:53.133+0000] {dagbag.py:536} INFO - Filling up the DagBag from /opt/airflow/dags/dag_suivi.py
[2026-07-10T10:32:53.150+0000] {processor.py:839} INFO - DAG(s) dict_keys(['pipeline_ingestion_suivi']) retrieved from /opt/airflow/dags/dag_suivi.py
[2026-07-10T10:32:53.170+0000] {logging_mixin.py:151} INFO - [2026-07-10T10:32:53.170+0000] {dag.py:2941} INFO - Sync 1 DAGs
[2026-07-10T10:32:53.190+0000] {logging_mixin.py:151} INFO - [2026-07-10T10:32:53.189+0000] {dag.py:3722} INFO - Setting next_dagrun for pipeline_ingestion_suivi to 2026-07-10T10:00:00+00:00, run_after=2026-07-10T11:00:00+00:00
[2026-07-10T10:32:53.210+0000] {processor.py:179} INFO - Processing /opt/airflow/dags/dag_suivi.py took 0.080 seconds
[2026-07-10T10:33:23.412+0000] {processor.py:157} INFO - Started process (PID=7263) to work on /opt/airflow/dags/dag_suivi.py
[2026-07-10T10:33:23.412+0000] {processor.py:829} INFO - Processing file /opt/airflow/dags/dag_suivi.py for tasks to queue
[2026-07-10T10:33:23.413+0000] {logging_mixin.py:151} INFO - [2026-07-10T10:33:23.413+0000] {dagbag.py:536} INFO - Filling up the DagBag from /opt/airflow/dags/dag_suivi.py
[2026-07-10T10:33:23.430+0000] {processor.py:839} INFO - DAG(s) dict_keys(['pipeline_ingestion_suivi']) retrieved from /opt/airflow/dags/dag_suivi.py
[2026-07-10T10:33:23.451+0000] {logging_mixin.py:151} INFO - [2026-07-10T10:33:23.451+0000] {dag.py:2941} INFO - Sync 1 DAGs
[2026-07-10T10:33:23.469+0000] {logging_mixin.py:151} INFO - [2026-07-10T10:33:23.468+0000] {dag.py:3722} INFO - Setting next_dagrun for pipeline_ingestion_suivi to 2026-07-10T10:00:00+00:00, run_after=2026-07-10T11:00:00+00:00
[2026-07-10T10:33:23.485+0000] {processor.py:179} INFO - Processing /opt/airflow/dags/dag_suivi.py took 0.076 seconds
[2026-07-10T10:33:53.647+0000] {processor.py:157} INFO - Started process (PID=7268) to work on /opt/airflow/dags/dag_suivi.py
[2026-07-10T10:33:53.649+0000] {processor.py:829} INFO - Processing file /opt/airflow/dags/dag_suivi.py for tasks to queue
[2026-07-10T10:33:53.650+0000] {logging_mixin.py:151} INFO - [2026-07-10T10:33:53.650+0000] {dagbag.py:536} INFO - Filling up the DagBag from /opt/airflow/dags/dag_suivi.py
[2026-07-10T10:33:53.681+0000] {processor.py:839} INFO - DAG(s) dict_keys(['pipeline_ingestion_suivi']) retrieved from /opt/airflow/dags/dag_suivi.py
[2026-07-10T10:33:53.716+0000] {logging_mixin.py:151} INFO - [2026-07-10T10:33:53.715+0000] {dag.py:2941} INFO - Sync 1 DAGs
[2026-07-10T10:33:53.743+0000] {logging_mixin.py:151} INFO - [2026-07-10T10:33:53.743+0000] {dag.py:3722} INFO - Setting next_dagrun for pipeline_ingestion_suivi to 2026-07-10T10:00:00+00:00, run_after=2026-07-10T11:00:00+00:00
[2026-07-10T10:33:53.760+0000] {processor.py:179} INFO - Processing /opt/airflow/dags/dag_suivi.py took 0.118 seconds
[2026-07-10T10:34:23.907+0000] {processor.py:157} INFO - Started process (PID=7273) to work on /opt/airflow/dags/dag_suivi.py
[2026-07-10T10:34:23.907+0000] {processor.py:829} INFO - Processing file /opt/airflow/dags/dag_suivi.py for tasks to queue
[2026-07-10T10:34:23.908+0000] {logging_mixin.py:151} INFO - [2026-07-10T10:34:23.908+0000] {dagbag.py:536} INFO - Filling up the DagBag from /opt/airflow/dags/dag_suivi.py
[2026-07-10T10:34:23.928+0000] {processor.py:839} INFO - DAG(s) dict_keys(['pipeline_ingestion_suivi']) retrieved from /opt/airflow/dags/dag_suivi.py
[2026-07-10T10:34:23.950+0000] {logging_mixin.py:151} INFO - [2026-07-10T10:34:23.950+0000] {dag.py:2941} INFO - Sync 1 DAGs
[2026-07-10T10:34:23.968+0000] {logging_mixin.py:151} INFO - [2026-07-10T10:34:23.968+0000] {dag.py:3722} INFO - Setting next_dagrun for pipeline_ingestion_suivi to 2026-07-10T10:00:00+00:00, run_after=2026-07-10T11:00:00+00:00
[2026-07-10T10:34:23.985+0000] {processor.py:179} INFO - Processing /opt/airflow/dags/dag_suivi.py took 0.081 seconds
[2026-07-10T10:34:54.191+0000] {processor.py:157} INFO - Started process (PID=7278) to work on /opt/airflow/dags/dag_suivi.py
[2026-07-10T10:34:54.192+0000] {processor.py:829} INFO - Processing file /opt/airflow/dags/dag_suivi.py for tasks to queue
[2026-07-10T10:34:54.192+0000] {logging_mixin.py:151} INFO - [2026-07-10T10:34:54.192+0000] {dagbag.py:536} INFO - Filling up the DagBag from /opt/airflow/dags/dag_suivi.py
[2026-07-10T10:34:54.211+0000] {processor.py:839} INFO - DAG(s) dict_keys(['pipeline_ingestion_suivi']) retrieved from /opt/airflow/dags/dag_suivi.py
[2026-07-10T10:34:54.232+0000] {logging_mixin.py:151} INFO - [2026-07-10T10:34:54.232+0000] {dag.py:2941} INFO - Sync 1 DAGs
[2026-07-10T10:34:54.248+0000] {logging_mixin.py:151} INFO - [2026-07-10T10:34:54.248+0000] {dag.py:3722} INFO - Setting next_dagrun for pipeline_ingestion_suivi to 2026-07-10T10:00:00+00:00, run_after=2026-07-10T11:00:00+00:00
[2026-07-10T10:34:54.266+0000] {processor.py:179} INFO - Processing /opt/airflow/dags/dag_suivi.py took 0.077 seconds
[2026-07-10T10:35:24.445+0000] {processor.py:157} INFO - Started process (PID=7283) to work on /opt/airflow/dags/dag_suivi.py
[2026-07-10T10:35:24.445+0000] {processor.py:829} INFO - Processing file /opt/airflow/dags/dag_suivi.py for tasks to queue
[2026-07-10T10:35:24.446+0000] {logging_mixin.py:151} INFO - [2026-07-10T10:35:24.446+0000] {dagbag.py:536} INFO - Filling up the DagBag from /opt/airflow/dags/dag_suivi.py
[2026-07-10T10:35:24.466+0000] {processor.py:839} INFO - DAG(s) dict_keys(['pipeline_ingestion_suivi']) retrieved from /opt/airflow/dags/dag_suivi.py
[2026-07-10T10:35:24.490+0000] {logging_mixin.py:151} INFO - [2026-07-10T10:35:24.490+0000] {dag.py:2941} INFO - Sync 1 DAGs
[2026-07-10T10:35:24.508+0000] {logging_mixin.py:151} INFO - [2026-07-10T10:35:24.508+0000] {dag.py:3722} INFO - Setting next_dagrun for pipeline_ingestion_suivi to 2026-07-10T10:00:00+00:00, run_after=2026-07-10T11:00:00+00:00
[2026-07-10T10:35:24.526+0000] {processor.py:179} INFO - Processing /opt/airflow/dags/dag_suivi.py took 0.085 seconds
[2026-07-10T10:35:54.727+0000] {processor.py:157} INFO - Started process (PID=7288) to work on /opt/airflow/dags/dag_suivi.py
[2026-07-10T10:35:54.727+0000] {processor.py:829} INFO - Processing file /opt/airflow/dags/dag_suivi.py for tasks to queue
[2026-07-10T10:35:54.728+0000] {logging_mixin.py:151} INFO - [2026-07-10T10:35:54.728+0000] {dagbag.py:536} INFO - Filling up the DagBag from /opt/airflow/dags/dag_suivi.py
[2026-07-10T10:35:54.743+0000] {processor.py:839} INFO - DAG(s) dict_keys(['pipeline_ingestion_suivi']) retrieved from /opt/airflow/dags/dag_suivi.py
[2026-07-10T10:35:54.764+0000] {logging_mixin.py:151} INFO - [2026-07-10T10:35:54.763+0000] {dag.py:2941} INFO - Sync 1 DAGs
[2026-07-10T10:35:54.783+0000] {logging_mixin.py:151} INFO - [2026-07-10T10:35:54.782+0000] {dag.py:3722} INFO - Setting next_dagrun for pipeline_ingestion_suivi to 2026-07-10T10:00:00+00:00, run_after=2026-07-10T11:00:00+00:00
[2026-07-10T10:35:54.803+0000] {processor.py:179} INFO - Processing /opt/airflow/dags/dag_suivi.py took 0.079 seconds
[2026-07-10T10:36:24.990+0000] {processor.py:157} INFO - Started process (PID=7293) to work on /opt/airflow/dags/dag_suivi.py
[2026-07-10T10:36:24.991+0000] {processor.py:829} INFO - Processing file /opt/airflow/dags/dag_suivi.py for tasks to queue
[2026-07-10T10:36:24.992+0000] {logging_mixin.py:151} INFO - [2026-07-10T10:36:24.991+0000] {dagbag.py:536} INFO - Filling up the DagBag from /opt/airflow/dags/dag_suivi.py
[2026-07-10T10:36:25.008+0000] {processor.py:839} INFO - DAG(s) dict_keys(['pipeline_ingestion_suivi']) retrieved from /opt/airflow/dags/dag_suivi.py
[2026-07-10T10:36:25.030+0000] {logging_mixin.py:151} INFO - [2026-07-10T10:36:25.030+0000] {dag.py:2941} INFO - Sync 1 DAGs
[2026-07-10T10:36:25.047+0000] {logging_mixin.py:151} INFO - [2026-07-10T10:36:25.047+0000] {dag.py:3722} INFO - Setting next_dagrun for pipeline_ingestion_suivi to 2026-07-10T10:00:00+00:00, run_after=2026-07-10T11:00:00+00:00
[2026-07-10T10:36:25.065+0000] {processor.py:179} INFO - Processing /opt/airflow/dags/dag_suivi.py took 0.078 seconds
[2026-07-10T10:36:55.299+0000] {processor.py:157} INFO - Started process (PID=7298) to work on /opt/airflow/dags/dag_suivi.py
[2026-07-10T10:36:55.300+0000] {processor.py:829} INFO - Processing file /opt/airflow/dags/dag_suivi.py for tasks to queue
[2026-07-10T10:36:55.301+0000] {logging_mixin.py:151} INFO - [2026-07-10T10:36:55.301+0000] {dagbag.py:536} INFO - Filling up the DagBag from /opt/airflow/dags/dag_suivi.py
[2026-07-10T10:36:55.321+0000] {processor.py:839} INFO - DAG(s) dict_keys(['pipeline_ingestion_suivi']) retrieved from /opt/airflow/dags/dag_suivi.py
[2026-07-10T10:36:55.342+0000] {logging_mixin.py:151} INFO - [2026-07-10T10:36:55.342+0000] {dag.py:2941} INFO - Sync 1 DAGs
[2026-07-10T10:36:55.359+0000] {logging_mixin.py:151} INFO - [2026-07-10T10:36:55.359+0000] {dag.py:3722} INFO - Setting next_dagrun for pipeline_ingestion_suivi to 2026-07-10T10:00:00+00:00, run_after=2026-07-10T11:00:00+00:00
[2026-07-10T10:36:55.377+0000] {processor.py:179} INFO - Processing /opt/airflow/dags/dag_suivi.py took 0.080 seconds
[2026-07-10T10:37:25.555+0000] {processor.py:157} INFO - Started process (PID=7303) to work on /opt/airflow/dags/dag_suivi.py
[2026-07-10T10:37:25.556+0000] {processor.py:829} INFO - Processing file /opt/airflow/dags/dag_suivi.py for tasks to queue
[2026-07-10T10:37:25.557+0000] {logging_mixin.py:151} INFO - [2026-07-10T10:37:25.556+0000] {dagbag.py:536} INFO - Filling up the DagBag from /opt/airflow/dags/dag_suivi.py
[2026-07-10T10:37:25.574+0000] {processor.py:839} INFO - DAG(s) dict_keys(['pipeline_ingestion_suivi']) retrieved from /opt/airflow/dags/dag_suivi.py
[2026-07-10T10:37:25.596+0000] {logging_mixin.py:151} INFO - [2026-07-10T10:37:25.596+0000] {dag.py:2941} INFO - Sync 1 DAGs
[2026-07-10T10:37:25.614+0000] {logging_mixin.py:151} INFO - [2026-07-10T10:37:25.614+0000] {dag.py:3722} INFO - Setting next_dagrun for pipeline_ingestion_suivi to 2026-07-10T10:00:00+00:00, run_after=2026-07-10T11:00:00+00:00
[2026-07-10T10:37:25.633+0000] {processor.py:179} INFO - Processing /opt/airflow/dags/dag_suivi.py took 0.081 seconds
[2026-07-10T10:37:55.796+0000] {processor.py:157} INFO - Started process (PID=7308) to work on /opt/airflow/dags/dag_suivi.py
[2026-07-10T10:37:55.797+0000] {processor.py:829} INFO - Processing file /opt/airflow/dags/dag_suivi.py for tasks to queue
[2026-07-10T10:37:55.797+0000] {logging_mixin.py:151} INFO - [2026-07-10T10:37:55.797+0000] {dagbag.py:536} INFO - Filling up the DagBag from /opt/airflow/dags/dag_suivi.py
[2026-07-10T10:37:55.814+0000] {processor.py:839} INFO - DAG(s) dict_keys(['pipeline_ingestion_suivi']) retrieved from /opt/airflow/dags/dag_suivi.py
[2026-07-10T10:37:55.835+0000] {logging_mixin.py:151} INFO - [2026-07-10T10:37:55.835+0000] {dag.py:2941} INFO - Sync 1 DAGs
[2026-07-10T10:37:55.853+0000] {logging_mixin.py:151} INFO - [2026-07-10T10:37:55.852+0000] {dag.py:3722} INFO - Setting next_dagrun for pipeline_ingestion_suivi to 2026-07-10T10:00:00+00:00, run_after=2026-07-10T11:00:00+00:00
[2026-07-10T10:37:55.887+0000] {processor.py:179} INFO - Processing /opt/airflow/dags/dag_suivi.py took 0.094 seconds
[2026-07-10T10:38:26.035+0000] {processor.py:157} INFO - Started process (PID=7313) to work on /opt/airflow/dags/dag_suivi.py
[2026-07-10T10:38:26.035+0000] {processor.py:829} INFO - Processing file /opt/airflow/dags/dag_suivi.py for tasks to queue
[2026-07-10T10:38:26.036+0000] {logging_mixin.py:151} INFO - [2026-07-10T10:38:26.036+0000] {dagbag.py:536} INFO - Filling up the DagBag from /opt/airflow/dags/dag_suivi.py
[2026-07-10T10:38:26.053+0000] {processor.py:839} INFO - DAG(s) dict_keys(['pipeline_ingestion_suivi']) retrieved from /opt/airflow/dags/dag_suivi.py
[2026-07-10T10:38:26.076+0000] {logging_mixin.py:151} INFO - [2026-07-10T10:38:26.075+0000] {dag.py:2941} INFO - Sync 1 DAGs
[2026-07-10T10:38:26.092+0000] {logging_mixin.py:151} INFO - [2026-07-10T10:38:26.092+0000] {dag.py:3722} INFO - Setting next_dagrun for pipeline_ingestion_suivi to 2026-07-10T10:00:00+00:00, run_after=2026-07-10T11:00:00+00:00
[2026-07-10T10:38:26.109+0000] {processor.py:179} INFO - Processing /opt/airflow/dags/dag_suivi.py took 0.077 seconds
[2026-07-10T10:38:56.332+0000] {processor.py:157} INFO - Started process (PID=7318) to work on /opt/airflow/dags/dag_suivi.py
[2026-07-10T10:38:56.333+0000] {processor.py:829} INFO - Processing file /opt/airflow/dags/dag_suivi.py for tasks to queue
[2026-07-10T10:38:56.333+0000] {logging_mixin.py:151} INFO - [2026-07-10T10:38:56.333+0000] {dagbag.py:536} INFO - Filling up the DagBag from /opt/airflow/dags/dag_suivi.py
[2026-07-10T10:38:56.350+0000] {processor.py:839} INFO - DAG(s) dict_keys(['pipeline_ingestion_suivi']) retrieved from /opt/airflow/dags/dag_suivi.py
[2026-07-10T10:38:56.372+0000] {logging_mixin.py:151} INFO - [2026-07-10T10:38:56.372+0000] {dag.py:2941} INFO - Sync 1 DAGs
[2026-07-10T10:38:56.391+0000] {logging_mixin.py:151} INFO - [2026-07-10T10:38:56.391+0000] {dag.py:3722} INFO - Setting next_dagrun for pipeline_ingestion_suivi to 2026-07-10T10:00:00+00:00, run_after=2026-07-10T11:00:00+00:00
[2026-07-10T10:38:56.411+0000] {processor.py:179} INFO - Processing /opt/airflow/dags/dag_suivi.py took 0.081 seconds
[2026-07-10T10:39:26.570+0000] {processor.py:157} INFO - Started process (PID=7323) to work on /opt/airflow/dags/dag_suivi.py
[2026-07-10T10:39:26.570+0000] {processor.py:829} INFO - Processing file /opt/airflow/dags/dag_suivi.py for tasks to queue
[2026-07-10T10:39:26.571+0000] {logging_mixin.py:151} INFO - [2026-07-10T10:39:26.571+0000] {dagbag.py:536} INFO - Filling up the DagBag from /opt/airflow/dags/dag_suivi.py
[2026-07-10T10:39:26.589+0000] {processor.py:839} INFO - DAG(s) dict_keys(['pipeline_ingestion_suivi']) retrieved from /opt/airflow/dags/dag_suivi.py
[2026-07-10T10:39:26.614+0000] {logging_mixin.py:151} INFO - [2026-07-10T10:39:26.614+0000] {dag.py:2941} INFO - Sync 1 DAGs
[2026-07-10T10:39:26.641+0000] {logging_mixin.py:151} INFO - [2026-07-10T10:39:26.639+0000] {dag.py:3722} INFO - Setting next_dagrun for pipeline_ingestion_suivi to 2026-07-10T10:00:00+00:00, run_after=2026-07-10T11:00:00+00:00
[2026-07-10T10:39:26.687+0000] {processor.py:179} INFO - Processing /opt/airflow/dags/dag_suivi.py took 0.121 seconds
[2026-07-10T10:39:56.784+0000] {processor.py:157} INFO - Started process (PID=7328) to work on /opt/airflow/dags/dag_suivi.py
[2026-07-10T10:39:56.785+0000] {processor.py:829} INFO - Processing file /opt/airflow/dags/dag_suivi.py for tasks to queue
[2026-07-10T10:39:56.786+0000] {logging_mixin.py:151} INFO - [2026-07-10T10:39:56.785+0000] {dagbag.py:536} INFO - Filling up the DagBag from /opt/airflow/dags/dag_suivi.py
[2026-07-10T10:39:56.814+0000] {processor.py:839} INFO - DAG(s) dict_keys(['pipeline_ingestion_suivi']) retrieved from /opt/airflow/dags/dag_suivi.py
[2026-07-10T10:39:56.840+0000] {logging_mixin.py:151} INFO - [2026-07-10T10:39:56.840+0000] {dag.py:2941} INFO - Sync 1 DAGs
[2026-07-10T10:39:56.860+0000] {logging_mixin.py:151} INFO - [2026-07-10T10:39:56.860+0000] {dag.py:3722} INFO - Setting next_dagrun for pipeline_ingestion_suivi to 2026-07-10T10:00:00+00:00, run_after=2026-07-10T11:00:00+00:00
[2026-07-10T10:39:56.879+0000] {processor.py:179} INFO - Processing /opt/airflow/dags/dag_suivi.py took 0.098 seconds
[2026-07-10T10:40:27.081+0000] {processor.py:157} INFO - Started process (PID=7333) to work on /opt/airflow/dags/dag_suivi.py
[2026-07-10T10:40:27.081+0000] {processor.py:829} INFO - Processing file /opt/airflow/dags/dag_suivi.py for tasks to queue
[2026-07-10T10:40:27.082+0000] {logging_mixin.py:151} INFO - [2026-07-10T10:40:27.082+0000] {dagbag.py:536} INFO - Filling up the DagBag from /opt/airflow/dags/dag_suivi.py
[2026-07-10T10:40:27.099+0000] {processor.py:839} INFO - DAG(s) dict_keys(['pipeline_ingestion_suivi']) retrieved from /opt/airflow/dags/dag_suivi.py
[2026-07-10T10:40:27.122+0000] {logging_mixin.py:151} INFO - [2026-07-10T10:40:27.122+0000] {dag.py:2941} INFO - Sync 1 DAGs
[2026-07-10T10:40:27.141+0000] {logging_mixin.py:151} INFO - [2026-07-10T10:40:27.140+0000] {dag.py:3722} INFO - Setting next_dagrun for pipeline_ingestion_suivi to 2026-07-10T10:00:00+00:00, run_after=2026-07-10T11:00:00+00:00
[2026-07-10T10:40:27.160+0000] {processor.py:179} INFO - Processing /opt/airflow/dags/dag_suivi.py took 0.081 seconds
[2026-07-10T10:40:57.321+0000] {processor.py:157} INFO - Started process (PID=7338) to work on /opt/airflow/dags/dag_suivi.py
[2026-07-10T10:40:57.322+0000] {processor.py:829} INFO - Processing file /opt/airflow/dags/dag_suivi.py for tasks to queue
[2026-07-10T10:40:57.323+0000] {logging_mixin.py:151} INFO - [2026-07-10T10:40:57.322+0000] {dagbag.py:536} INFO - Filling up the DagBag from /opt/airflow/dags/dag_suivi.py
[2026-07-10T10:40:57.342+0000] {processor.py:839} INFO - DAG(s) dict_keys(['pipeline_ingestion_suivi']) retrieved from /opt/airflow/dags/dag_suivi.py
[2026-07-10T10:40:57.370+0000] {logging_mixin.py:151} INFO - [2026-07-10T10:40:57.370+0000] {dag.py:2941} INFO - Sync 1 DAGs
[2026-07-10T10:40:57.392+0000] {logging_mixin.py:151} INFO - [2026-07-10T10:40:57.391+0000] {dag.py:3722} INFO - Setting next_dagrun for pipeline_ingestion_suivi to 2026-07-10T10:00:00+00:00, run_after=2026-07-10T11:00:00+00:00
[2026-07-10T10:40:57.413+0000] {processor.py:179} INFO - Processing /opt/airflow/dags/dag_suivi.py took 0.095 seconds
[2026-07-10T10:41:27.613+0000] {processor.py:157} INFO - Started process (PID=7343) to work on /opt/airflow/dags/dag_suivi.py
[2026-07-10T10:41:27.614+0000] {processor.py:829} INFO - Processing file /opt/airflow/dags/dag_suivi.py for tasks to queue
[2026-07-10T10:41:27.615+0000] {logging_mixin.py:151} INFO - [2026-07-10T10:41:27.615+0000] {dagbag.py:536} INFO - Filling up the DagBag from /opt/airflow/dags/dag_suivi.py
[2026-07-10T10:41:27.633+0000] {processor.py:839} INFO - DAG(s) dict_keys(['pipeline_ingestion_suivi']) retrieved from /opt/airflow/dags/dag_suivi.py
[2026-07-10T10:41:27.656+0000] {logging_mixin.py:151} INFO - [2026-07-10T10:41:27.656+0000] {dag.py:2941} INFO - Sync 1 DAGs
[2026-07-10T10:41:27.678+0000] {logging_mixin.py:151} INFO - [2026-07-10T10:41:27.678+0000] {dag.py:3722} INFO - Setting next_dagrun for pipeline_ingestion_suivi to 2026-07-10T10:00:00+00:00, run_after=2026-07-10T11:00:00+00:00
[2026-07-10T10:41:27.697+0000] {processor.py:179} INFO - Processing /opt/airflow/dags/dag_suivi.py took 0.087 seconds
[2026-07-10T10:41:57.889+0000] {processor.py:157} INFO - Started process (PID=7348) to work on /opt/airflow/dags/dag_suivi.py
[2026-07-10T10:41:57.890+0000] {processor.py:829} INFO - Processing file /opt/airflow/dags/dag_suivi.py for tasks to queue
[2026-07-10T10:41:57.891+0000] {logging_mixin.py:151} INFO - [2026-07-10T10:41:57.890+0000] {dagbag.py:536} INFO - Filling up the DagBag from /opt/airflow/dags/dag_suivi.py
[2026-07-10T10:41:57.910+0000] {processor.py:839} INFO - DAG(s) dict_keys(['pipeline_ingestion_suivi']) retrieved from /opt/airflow/dags/dag_suivi.py
[2026-07-10T10:41:57.936+0000] {logging_mixin.py:151} INFO - [2026-07-10T10:41:57.935+0000] {dag.py:2941} INFO - Sync 1 DAGs
[2026-07-10T10:41:57.953+0000] {logging_mixin.py:151} INFO - [2026-07-10T10:41:57.953+0000] {dag.py:3722} INFO - Setting next_dagrun for pipeline_ingestion_suivi to 2026-07-10T10:00:00+00:00, run_after=2026-07-10T11:00:00+00:00
[2026-07-10T10:41:57.971+0000] {processor.py:179} INFO - Processing /opt/airflow/dags/dag_suivi.py took 0.085 seconds
[2026-07-10T10:42:28.169+0000] {processor.py:157} INFO - Started process (PID=7353) to work on /opt/airflow/dags/dag_suivi.py
[2026-07-10T10:42:28.170+0000] {processor.py:829} INFO - Processing file /opt/airflow/dags/dag_suivi.py for tasks to queue
[2026-07-10T10:42:28.171+0000] {logging_mixin.py:151} INFO - [2026-07-10T10:42:28.170+0000] {dagbag.py:536} INFO - Filling up the DagBag from /opt/airflow/dags/dag_suivi.py
[2026-07-10T10:42:28.192+0000] {processor.py:839} INFO - DAG(s) dict_keys(['pipeline_ingestion_suivi']) retrieved from /opt/airflow/dags/dag_suivi.py
[2026-07-10T10:42:28.220+0000] {logging_mixin.py:151} INFO - [2026-07-10T10:42:28.220+0000] {dag.py:2941} INFO - Sync 1 DAGs
[2026-07-10T10:42:28.245+0000] {logging_mixin.py:151} INFO - [2026-07-10T10:42:28.245+0000] {dag.py:3722} INFO - Setting next_dagrun for pipeline_ingestion_suivi to 2026-07-10T10:00:00+00:00, run_after=2026-07-10T11:00:00+00:00
[2026-07-10T10:42:28.283+0000] {processor.py:179} INFO - Processing /opt/airflow/dags/dag_suivi.py took 0.116 seconds
[2026-07-10T10:42:58.375+0000] {processor.py:157} INFO - Started process (PID=7358) to work on /opt/airflow/dags/dag_suivi.py
[2026-07-10T10:42:58.376+0000] {processor.py:829} INFO - Processing file /opt/airflow/dags/dag_suivi.py for tasks to queue
[2026-07-10T10:42:58.377+0000] {logging_mixin.py:151} INFO - [2026-07-10T10:42:58.377+0000] {dagbag.py:536} INFO - Filling up the DagBag from /opt/airflow/dags/dag_suivi.py
[2026-07-10T10:42:58.398+0000] {processor.py:839} INFO - DAG(s) dict_keys(['pipeline_ingestion_suivi']) retrieved from /opt/airflow/dags/dag_suivi.py
[2026-07-10T10:42:58.424+0000] {logging_mixin.py:151} INFO - [2026-07-10T10:42:58.424+0000] {dag.py:2941} INFO - Sync 1 DAGs
[2026-07-10T10:42:58.442+0000] {logging_mixin.py:151} INFO - [2026-07-10T10:42:58.442+0000] {dag.py:3722} INFO - Setting next_dagrun for pipeline_ingestion_suivi to 2026-07-10T10:00:00+00:00, run_after=2026-07-10T11:00:00+00:00
[2026-07-10T10:42:58.461+0000] {processor.py:179} INFO - Processing /opt/airflow/dags/dag_suivi.py took 0.088 seconds
[2026-07-10T10:43:28.698+0000] {processor.py:157} INFO - Started process (PID=7363) to work on /opt/airflow/dags/dag_suivi.py
[2026-07-10T10:43:28.699+0000] {processor.py:829} INFO - Processing file /opt/airflow/dags/dag_suivi.py for tasks to queue
[2026-07-10T10:43:28.700+0000] {logging_mixin.py:151} INFO - [2026-07-10T10:43:28.699+0000] {dagbag.py:536} INFO - Filling up the DagBag from /opt/airflow/dags/dag_suivi.py
[2026-07-10T10:43:28.720+0000] {processor.py:839} INFO - DAG(s) dict_keys(['pipeline_ingestion_suivi']) retrieved from /opt/airflow/dags/dag_suivi.py
[2026-07-10T10:43:28.746+0000] {logging_mixin.py:151} INFO - [2026-07-10T10:43:28.746+0000] {dag.py:2941} INFO - Sync 1 DAGs
[2026-07-10T10:43:28.765+0000] {logging_mixin.py:151} INFO - [2026-07-10T10:43:28.765+0000] {dag.py:3722} INFO - Setting next_dagrun for pipeline_ingestion_suivi to 2026-07-10T10:00:00+00:00, run_after=2026-07-10T11:00:00+00:00
[2026-07-10T10:43:28.785+0000] {processor.py:179} INFO - Processing /opt/airflow/dags/dag_suivi.py took 0.090 seconds
[2026-07-10T10:43:58.907+0000] {processor.py:157} INFO - Started process (PID=7368) to work on /opt/airflow/dags/dag_suivi.py
[2026-07-10T10:43:58.908+0000] {processor.py:829} INFO - Processing file /opt/airflow/dags/dag_suivi.py for tasks to queue
[2026-07-10T10:43:58.909+0000] {logging_mixin.py:151} INFO - [2026-07-10T10:43:58.909+0000] {dagbag.py:536} INFO - Filling up the DagBag from /opt/airflow/dags/dag_suivi.py
[2026-07-10T10:43:58.937+0000] {processor.py:839} INFO - DAG(s) dict_keys(['pipeline_ingestion_suivi']) retrieved from /opt/airflow/dags/dag_suivi.py
[2026-07-10T10:43:58.970+0000] {logging_mixin.py:151} INFO - [2026-07-10T10:43:58.970+0000] {dag.py:2941} INFO - Sync 1 DAGs
[2026-07-10T10:43:58.993+0000] {logging_mixin.py:151} INFO - [2026-07-10T10:43:58.993+0000] {dag.py:3722} INFO - Setting next_dagrun for pipeline_ingestion_suivi to 2026-07-10T10:00:00+00:00, run_after=2026-07-10T11:00:00+00:00
[2026-07-10T10:43:59.015+0000] {processor.py:179} INFO - Processing /opt/airflow/dags/dag_suivi.py took 0.113 seconds
[2026-07-10T10:44:29.202+0000] {processor.py:157} INFO - Started process (PID=7373) to work on /opt/airflow/dags/dag_suivi.py
[2026-07-10T10:44:29.203+0000] {processor.py:829} INFO - Processing file /opt/airflow/dags/dag_suivi.py for tasks to queue
[2026-07-10T10:44:29.203+0000] {logging_mixin.py:151} INFO - [2026-07-10T10:44:29.203+0000] {dagbag.py:536} INFO - Filling up the DagBag from /opt/airflow/dags/dag_suivi.py
[2026-07-10T10:44:29.224+0000] {processor.py:839} INFO - DAG(s) dict_keys(['pipeline_ingestion_suivi']) retrieved from /opt/airflow/dags/dag_suivi.py
[2026-07-10T10:44:29.252+0000] {logging_mixin.py:151} INFO - [2026-07-10T10:44:29.252+0000] {dag.py:2941} INFO - Sync 1 DAGs
[2026-07-10T10:44:29.273+0000] {logging_mixin.py:151} INFO - [2026-07-10T10:44:29.272+0000] {dag.py:3722} INFO - Setting next_dagrun for pipeline_ingestion_suivi to 2026-07-10T10:00:00+00:00, run_after=2026-07-10T11:00:00+00:00
[2026-07-10T10:44:29.295+0000] {processor.py:179} INFO - Processing /opt/airflow/dags/dag_suivi.py took 0.096 seconds
[2026-07-10T10:44:59.415+0000] {processor.py:157} INFO - Started process (PID=7378) to work on /opt/airflow/dags/dag_suivi.py
[2026-07-10T10:44:59.416+0000] {processor.py:829} INFO - Processing file /opt/airflow/dags/dag_suivi.py for tasks to queue
[2026-07-10T10:44:59.416+0000] {logging_mixin.py:151} INFO - [2026-07-10T10:44:59.416+0000] {dagbag.py:536} INFO - Filling up the DagBag from /opt/airflow/dags/dag_suivi.py
[2026-07-10T10:44:59.438+0000] {processor.py:839} INFO - DAG(s) dict_keys(['pipeline_ingestion_suivi']) retrieved from /opt/airflow/dags/dag_suivi.py
[2026-07-10T10:44:59.469+0000] {logging_mixin.py:151} INFO - [2026-07-10T10:44:59.468+0000] {dag.py:2941} INFO - Sync 1 DAGs
[2026-07-10T10:44:59.494+0000] {logging_mixin.py:151} INFO - [2026-07-10T10:44:59.494+0000] {dag.py:3722} INFO - Setting next_dagrun for pipeline_ingestion_suivi to 2026-07-10T10:00:00+00:00, run_after=2026-07-10T11:00:00+00:00
[2026-07-10T10:44:59.511+0000] {processor.py:179} INFO - Processing /opt/airflow/dags/dag_suivi.py took 0.099 seconds
[2026-07-10T10:45:29.707+0000] {processor.py:157} INFO - Started process (PID=7383) to work on /opt/airflow/dags/dag_suivi.py
[2026-07-10T10:45:29.707+0000] {processor.py:829} INFO - Processing file /opt/airflow/dags/dag_suivi.py for tasks to queue
[2026-07-10T10:45:29.708+0000] {logging_mixin.py:151} INFO - [2026-07-10T10:45:29.708+0000] {dagbag.py:536} INFO - Filling up the DagBag from /opt/airflow/dags/dag_suivi.py
[2026-07-10T10:45:29.725+0000] {processor.py:839} INFO - DAG(s) dict_keys(['pipeline_ingestion_suivi']) retrieved from /opt/airflow/dags/dag_suivi.py
[2026-07-10T10:45:29.750+0000] {logging_mixin.py:151} INFO - [2026-07-10T10:45:29.750+0000] {dag.py:2941} INFO - Sync 1 DAGs
[2026-07-10T10:45:29.768+0000] {logging_mixin.py:151} INFO - [2026-07-10T10:45:29.768+0000] {dag.py:3722} INFO - Setting next_dagrun for pipeline_ingestion_suivi to 2026-07-10T10:00:00+00:00, run_after=2026-07-10T11:00:00+00:00
[2026-07-10T10:45:29.786+0000] {processor.py:179} INFO - Processing /opt/airflow/dags/dag_suivi.py took 0.081 seconds
[2026-07-10T10:45:59.964+0000] {processor.py:157} INFO - Started process (PID=7388) to work on /opt/airflow/dags/dag_suivi.py
[2026-07-10T10:45:59.964+0000] {processor.py:829} INFO - Processing file /opt/airflow/dags/dag_suivi.py for tasks to queue
[2026-07-10T10:45:59.965+0000] {logging_mixin.py:151} INFO - [2026-07-10T10:45:59.965+0000] {dagbag.py:536} INFO - Filling up the DagBag from /opt/airflow/dags/dag_suivi.py
[2026-07-10T10:45:59.985+0000] {processor.py:839} INFO - DAG(s) dict_keys(['pipeline_ingestion_suivi']) retrieved from /opt/airflow/dags/dag_suivi.py
[2026-07-10T10:46:00.008+0000] {logging_mixin.py:151} INFO - [2026-07-10T10:46:00.008+0000] {dag.py:2941} INFO - Sync 1 DAGs
[2026-07-10T10:46:00.033+0000] {logging_mixin.py:151} INFO - [2026-07-10T10:46:00.033+0000] {dag.py:3722} INFO - Setting next_dagrun for pipeline_ingestion_suivi to 2026-07-10T10:00:00+00:00, run_after=2026-07-10T11:00:00+00:00
[2026-07-10T10:46:00.051+0000] {processor.py:179} INFO - Processing /opt/airflow/dags/dag_suivi.py took 0.091 seconds
[2026-07-10T10:46:30.247+0000] {processor.py:157} INFO - Started process (PID=7393) to work on /opt/airflow/dags/dag_suivi.py
[2026-07-10T10:46:30.248+0000] {processor.py:829} INFO - Processing file /opt/airflow/dags/dag_suivi.py for tasks to queue
[2026-07-10T10:46:30.249+0000] {logging_mixin.py:151} INFO - [2026-07-10T10:46:30.249+0000] {dagbag.py:536} INFO - Filling up the DagBag from /opt/airflow/dags/dag_suivi.py
[2026-07-10T10:46:30.272+0000] {processor.py:839} INFO - DAG(s) dict_keys(['pipeline_ingestion_suivi']) retrieved from /opt/airflow/dags/dag_suivi.py
[2026-07-10T10:46:30.299+0000] {logging_mixin.py:151} INFO - [2026-07-10T10:46:30.299+0000] {dag.py:2941} INFO - Sync 1 DAGs
[2026-07-10T10:46:30.317+0000] {logging_mixin.py:151} INFO - [2026-07-10T10:46:30.317+0000] {dag.py:3722} INFO - Setting next_dagrun for pipeline_ingestion_suivi to 2026-07-10T10:00:00+00:00, run_after=2026-07-10T11:00:00+00:00
[2026-07-10T10:46:30.339+0000] {processor.py:179} INFO - Processing /opt/airflow/dags/dag_suivi.py took 0.094 seconds
[2026-07-10T10:47:00.451+0000] {processor.py:157} INFO - Started process (PID=7398) to work on /opt/airflow/dags/dag_suivi.py
[2026-07-10T10:47:00.451+0000] {processor.py:829} INFO - Processing file /opt/airflow/dags/dag_suivi.py for tasks to queue
[2026-07-10T10:47:00.452+0000] {logging_mixin.py:151} INFO - [2026-07-10T10:47:00.452+0000] {dagbag.py:536} INFO - Filling up the DagBag from /opt/airflow/dags/dag_suivi.py
[2026-07-10T10:47:00.469+0000] {processor.py:839} INFO - DAG(s) dict_keys(['pipeline_ingestion_suivi']) retrieved from /opt/airflow/dags/dag_suivi.py
[2026-07-10T10:47:00.498+0000] {logging_mixin.py:151} INFO - [2026-07-10T10:47:00.498+0000] {dag.py:2941} INFO - Sync 1 DAGs
[2026-07-10T10:47:00.519+0000] {logging_mixin.py:151} INFO - [2026-07-10T10:47:00.519+0000] {dag.py:3722} INFO - Setting next_dagrun for pipeline_ingestion_suivi to 2026-07-10T10:00:00+00:00, run_after=2026-07-10T11:00:00+00:00
[2026-07-10T10:47:00.539+0000] {processor.py:179} INFO - Processing /opt/airflow/dags/dag_suivi.py took 0.091 seconds
[2026-07-10T10:47:30.743+0000] {processor.py:157} INFO - Started process (PID=7403) to work on /opt/airflow/dags/dag_suivi.py
[2026-07-10T10:47:30.744+0000] {processor.py:829} INFO - Processing file /opt/airflow/dags/dag_suivi.py for tasks to queue
[2026-07-10T10:47:30.745+0000] {logging_mixin.py:151} INFO - [2026-07-10T10:47:30.745+0000] {dagbag.py:536} INFO - Filling up the DagBag from /opt/airflow/dags/dag_suivi.py
[2026-07-10T10:47:30.763+0000] {processor.py:839} INFO - DAG(s) dict_keys(['pipeline_ingestion_suivi']) retrieved from /opt/airflow/dags/dag_suivi.py
[2026-07-10T10:47:30.785+0000] {logging_mixin.py:151} INFO - [2026-07-10T10:47:30.784+0000] {dag.py:2941} INFO - Sync 1 DAGs
[2026-07-10T10:47:30.803+0000] {logging_mixin.py:151} INFO - [2026-07-10T10:47:30.802+0000] {dag.py:3722} INFO - Setting next_dagrun for pipeline_ingestion_suivi to 2026-07-10T10:00:00+00:00, run_after=2026-07-10T11:00:00+00:00
[2026-07-10T10:47:30.821+0000] {processor.py:179} INFO - Processing /opt/airflow/dags/dag_suivi.py took 0.079 seconds
[2026-07-10T10:48:00.959+0000] {processor.py:157} INFO - Started process (PID=7408) to work on /opt/airflow/dags/dag_suivi.py
[2026-07-10T10:48:00.959+0000] {processor.py:829} INFO - Processing file /opt/airflow/dags/dag_suivi.py for tasks to queue
[2026-07-10T10:48:00.960+0000] {logging_mixin.py:151} INFO - [2026-07-10T10:48:00.960+0000] {dagbag.py:536} INFO - Filling up the DagBag from /opt/airflow/dags/dag_suivi.py
[2026-07-10T10:48:00.979+0000] {processor.py:839} INFO - DAG(s) dict_keys(['pipeline_ingestion_suivi']) retrieved from /opt/airflow/dags/dag_suivi.py
[2026-07-10T10:48:01.006+0000] {logging_mixin.py:151} INFO - [2026-07-10T10:48:01.005+0000] {dag.py:2941} INFO - Sync 1 DAGs
[2026-07-10T10:48:01.024+0000] {logging_mixin.py:151} INFO - [2026-07-10T10:48:01.024+0000] {dag.py:3722} INFO - Setting next_dagrun for pipeline_ingestion_suivi to 2026-07-10T10:00:00+00:00, run_after=2026-07-10T11:00:00+00:00
[2026-07-10T10:48:01.041+0000] {processor.py:179} INFO - Processing /opt/airflow/dags/dag_suivi.py took 0.085 seconds
[2026-07-10T10:48:31.254+0000] {processor.py:157} INFO - Started process (PID=7413) to work on /opt/airflow/dags/dag_suivi.py
[2026-07-10T10:48:31.255+0000] {processor.py:829} INFO - Processing file /opt/airflow/dags/dag_suivi.py for tasks to queue
[2026-07-10T10:48:31.255+0000] {logging_mixin.py:151} INFO - [2026-07-10T10:48:31.255+0000] {dagbag.py:536} INFO - Filling up the DagBag from /opt/airflow/dags/dag_suivi.py
[2026-07-10T10:48:31.273+0000] {processor.py:839} INFO - DAG(s) dict_keys(['pipeline_ingestion_suivi']) retrieved from /opt/airflow/dags/dag_suivi.py
[2026-07-10T10:48:31.296+0000] {logging_mixin.py:151} INFO - [2026-07-10T10:48:31.296+0000] {dag.py:2941} INFO - Sync 1 DAGs
[2026-07-10T10:48:31.315+0000] {logging_mixin.py:151} INFO - [2026-07-10T10:48:31.315+0000] {dag.py:3722} INFO - Setting next_dagrun for pipeline_ingestion_suivi to 2026-07-10T10:00:00+00:00, run_after=2026-07-10T11:00:00+00:00
[2026-07-10T10:48:31.332+0000] {processor.py:179} INFO - Processing /opt/airflow/dags/dag_suivi.py took 0.080 seconds
[2026-07-10T10:49:01.469+0000] {processor.py:157} INFO - Started process (PID=7418) to work on /opt/airflow/dags/dag_suivi.py
[2026-07-10T10:49:01.470+0000] {processor.py:829} INFO - Processing file /opt/airflow/dags/dag_suivi.py for tasks to queue
[2026-07-10T10:49:01.471+0000] {logging_mixin.py:151} INFO - [2026-07-10T10:49:01.471+0000] {dagbag.py:536} INFO - Filling up the DagBag from /opt/airflow/dags/dag_suivi.py
[2026-07-10T10:49:01.492+0000] {processor.py:839} INFO - DAG(s) dict_keys(['pipeline_ingestion_suivi']) retrieved from /opt/airflow/dags/dag_suivi.py
[2026-07-10T10:49:01.522+0000] {logging_mixin.py:151} INFO - [2026-07-10T10:49:01.522+0000] {dag.py:2941} INFO - Sync 1 DAGs
[2026-07-10T10:49:01.547+0000] {logging_mixin.py:151} INFO - [2026-07-10T10:49:01.546+0000] {dag.py:3722} INFO - Setting next_dagrun for pipeline_ingestion_suivi to 2026-07-10T10:00:00+00:00, run_after=2026-07-10T11:00:00+00:00
[2026-07-10T10:49:01.569+0000] {processor.py:179} INFO - Processing /opt/airflow/dags/dag_suivi.py took 0.103 seconds
[2026-07-10T10:49:31.759+0000] {processor.py:157} INFO - Started process (PID=7423) to work on /opt/airflow/dags/dag_suivi.py
[2026-07-10T10:49:31.760+0000] {processor.py:829} INFO - Processing file /opt/airflow/dags/dag_suivi.py for tasks to queue
[2026-07-10T10:49:31.760+0000] {logging_mixin.py:151} INFO - [2026-07-10T10:49:31.760+0000] {dagbag.py:536} INFO - Filling up the DagBag from /opt/airflow/dags/dag_suivi.py
[2026-07-10T10:49:31.780+0000] {processor.py:839} INFO - DAG(s) dict_keys(['pipeline_ingestion_suivi']) retrieved from /opt/airflow/dags/dag_suivi.py
[2026-07-10T10:49:31.804+0000] {logging_mixin.py:151} INFO - [2026-07-10T10:49:31.804+0000] {dag.py:2941} INFO - Sync 1 DAGs
[2026-07-10T10:49:31.824+0000] {logging_mixin.py:151} INFO - [2026-07-10T10:49:31.823+0000] {dag.py:3722} INFO - Setting next_dagrun for pipeline_ingestion_suivi to 2026-07-10T10:00:00+00:00, run_after=2026-07-10T11:00:00+00:00
[2026-07-10T10:49:31.843+0000] {processor.py:179} INFO - Processing /opt/airflow/dags/dag_suivi.py took 0.087 seconds
[2026-07-10T10:50:02.002+0000] {processor.py:157} INFO - Started process (PID=7428) to work on /opt/airflow/dags/dag_suivi.py
[2026-07-10T10:50:02.003+0000] {processor.py:829} INFO - Processing file /opt/airflow/dags/dag_suivi.py for tasks to queue
[2026-07-10T10:50:02.003+0000] {logging_mixin.py:151} INFO - [2026-07-10T10:50:02.003+0000] {dagbag.py:536} INFO - Filling up the DagBag from /opt/airflow/dags/dag_suivi.py
[2026-07-10T10:50:02.021+0000] {processor.py:839} INFO - DAG(s) dict_keys(['pipeline_ingestion_suivi']) retrieved from /opt/airflow/dags/dag_suivi.py
[2026-07-10T10:50:02.047+0000] {logging_mixin.py:151} INFO - [2026-07-10T10:50:02.046+0000] {dag.py:2941} INFO - Sync 1 DAGs
[2026-07-10T10:50:02.068+0000] {logging_mixin.py:151} INFO - [2026-07-10T10:50:02.068+0000] {dag.py:3722} INFO - Setting next_dagrun for pipeline_ingestion_suivi to 2026-07-10T10:00:00+00:00, run_after=2026-07-10T11:00:00+00:00
[2026-07-10T10:50:02.086+0000] {processor.py:179} INFO - Processing /opt/airflow/dags/dag_suivi.py took 0.086 seconds
[2026-07-10T10:50:32.292+0000] {processor.py:157} INFO - Started process (PID=7433) to work on /opt/airflow/dags/dag_suivi.py
[2026-07-10T10:50:32.293+0000] {processor.py:829} INFO - Processing file /opt/airflow/dags/dag_suivi.py for tasks to queue
[2026-07-10T10:50:32.294+0000] {logging_mixin.py:151} INFO - [2026-07-10T10:50:32.294+0000] {dagbag.py:536} INFO - Filling up the DagBag from /opt/airflow/dags/dag_suivi.py
[2026-07-10T10:50:32.317+0000] {processor.py:839} INFO - DAG(s) dict_keys(['pipeline_ingestion_suivi']) retrieved from /opt/airflow/dags/dag_suivi.py
[2026-07-10T10:50:32.345+0000] {logging_mixin.py:151} INFO - [2026-07-10T10:50:32.345+0000] {dag.py:2941} INFO - Sync 1 DAGs
[2026-07-10T10:50:32.363+0000] {logging_mixin.py:151} INFO - [2026-07-10T10:50:32.363+0000] {dag.py:3722} INFO - Setting next_dagrun for pipeline_ingestion_suivi to 2026-07-10T10:00:00+00:00, run_after=2026-07-10T11:00:00+00:00
[2026-07-10T10:50:32.381+0000] {processor.py:179} INFO - Processing /opt/airflow/dags/dag_suivi.py took 0.092 seconds
[2026-07-10T10:51:02.516+0000] {processor.py:157} INFO - Started process (PID=7438) to work on /opt/airflow/dags/dag_suivi.py
[2026-07-10T10:51:02.516+0000] {processor.py:829} INFO - Processing file /opt/airflow/dags/dag_suivi.py for tasks to queue
[2026-07-10T10:51:02.517+0000] {logging_mixin.py:151} INFO - [2026-07-10T10:51:02.517+0000] {dagbag.py:536} INFO - Filling up the DagBag from /opt/airflow/dags/dag_suivi.py
[2026-07-10T10:51:02.536+0000] {processor.py:839} INFO - DAG(s) dict_keys(['pipeline_ingestion_suivi']) retrieved from /opt/airflow/dags/dag_suivi.py
[2026-07-10T10:51:02.564+0000] {logging_mixin.py:151} INFO - [2026-07-10T10:51:02.563+0000] {dag.py:2941} INFO - Sync 1 DAGs
[2026-07-10T10:51:02.587+0000] {logging_mixin.py:151} INFO - [2026-07-10T10:51:02.587+0000] {dag.py:3722} INFO - Setting next_dagrun for pipeline_ingestion_suivi to 2026-07-10T10:00:00+00:00, run_after=2026-07-10T11:00:00+00:00
[2026-07-10T10:51:02.611+0000] {processor.py:179} INFO - Processing /opt/airflow/dags/dag_suivi.py took 0.099 seconds
[2026-07-10T10:51:32.792+0000] {processor.py:157} INFO - Started process (PID=7443) to work on /opt/airflow/dags/dag_suivi.py
[2026-07-10T10:51:32.793+0000] {processor.py:829} INFO - Processing file /opt/airflow/dags/dag_suivi.py for tasks to queue
[2026-07-10T10:51:32.793+0000] {logging_mixin.py:151} INFO - [2026-07-10T10:51:32.793+0000] {dagbag.py:536} INFO - Filling up the DagBag from /opt/airflow/dags/dag_suivi.py
[2026-07-10T10:51:32.813+0000] {processor.py:839} INFO - DAG(s) dict_keys(['pipeline_ingestion_suivi']) retrieved from /opt/airflow/dags/dag_suivi.py
[2026-07-10T10:51:32.841+0000] {logging_mixin.py:151} INFO - [2026-07-10T10:51:32.841+0000] {dag.py:2941} INFO - Sync 1 DAGs
[2026-07-10T10:51:32.864+0000] {logging_mixin.py:151} INFO - [2026-07-10T10:51:32.864+0000] {dag.py:3722} INFO - Setting next_dagrun for pipeline_ingestion_suivi to 2026-07-10T10:00:00+00:00, run_after=2026-07-10T11:00:00+00:00
[2026-07-10T10:51:32.885+0000] {processor.py:179} INFO - Processing /opt/airflow/dags/dag_suivi.py took 0.096 seconds
[2026-07-10T10:52:03.003+0000] {processor.py:157} INFO - Started process (PID=7448) to work on /opt/airflow/dags/dag_suivi.py
[2026-07-10T10:52:03.004+0000] {processor.py:829} INFO - Processing file /opt/airflow/dags/dag_suivi.py for tasks to queue
[2026-07-10T10:52:03.004+0000] {logging_mixin.py:151} INFO - [2026-07-10T10:52:03.004+0000] {dagbag.py:536} INFO - Filling up the DagBag from /opt/airflow/dags/dag_suivi.py
[2026-07-10T10:52:03.022+0000] {processor.py:839} INFO - DAG(s) dict_keys(['pipeline_ingestion_suivi']) retrieved from /opt/airflow/dags/dag_suivi.py
[2026-07-10T10:52:03.047+0000] {logging_mixin.py:151} INFO - [2026-07-10T10:52:03.047+0000] {dag.py:2941} INFO - Sync 1 DAGs
[2026-07-10T10:52:03.067+0000] {logging_mixin.py:151} INFO - [2026-07-10T10:52:03.066+0000] {dag.py:3722} INFO - Setting next_dagrun for pipeline_ingestion_suivi to 2026-07-10T10:00:00+00:00, run_after=2026-07-10T11:00:00+00:00
[2026-07-10T10:52:03.087+0000] {processor.py:179} INFO - Processing /opt/airflow/dags/dag_suivi.py took 0.086 seconds
[2026-07-10T10:52:33.269+0000] {processor.py:157} INFO - Started process (PID=7453) to work on /opt/airflow/dags/dag_suivi.py
[2026-07-10T10:52:33.270+0000] {processor.py:829} INFO - Processing file /opt/airflow/dags/dag_suivi.py for tasks to queue
[2026-07-10T10:52:33.271+0000] {logging_mixin.py:151} INFO - [2026-07-10T10:52:33.271+0000] {dagbag.py:536} INFO - Filling up the DagBag from /opt/airflow/dags/dag_suivi.py
[2026-07-10T10:52:33.291+0000] {processor.py:839} INFO - DAG(s) dict_keys(['pipeline_ingestion_suivi']) retrieved from /opt/airflow/dags/dag_suivi.py
[2026-07-10T10:52:33.314+0000] {logging_mixin.py:151} INFO - [2026-07-10T10:52:33.313+0000] {dag.py:2941} INFO - Sync 1 DAGs
[2026-07-10T10:52:33.342+0000] {logging_mixin.py:151} INFO - [2026-07-10T10:52:33.342+0000] {dag.py:3722} INFO - Setting next_dagrun for pipeline_ingestion_suivi to 2026-07-10T10:00:00+00:00, run_after=2026-07-10T11:00:00+00:00
[2026-07-10T10:52:33.364+0000] {processor.py:179} INFO - Processing /opt/airflow/dags/dag_suivi.py took 0.098 seconds
[2026-07-10T10:53:03.477+0000] {processor.py:157} INFO - Started process (PID=7458) to work on /opt/airflow/dags/dag_suivi.py
[2026-07-10T10:53:03.477+0000] {processor.py:829} INFO - Processing file /opt/airflow/dags/dag_suivi.py for tasks to queue
[2026-07-10T10:53:03.478+0000] {logging_mixin.py:151} INFO - [2026-07-10T10:53:03.478+0000] {dagbag.py:536} INFO - Filling up the DagBag from /opt/airflow/dags/dag_suivi.py
[2026-07-10T10:53:03.496+0000] {processor.py:839} INFO - DAG(s) dict_keys(['pipeline_ingestion_suivi']) retrieved from /opt/airflow/dags/dag_suivi.py
[2026-07-10T10:53:03.520+0000] {logging_mixin.py:151} INFO - [2026-07-10T10:53:03.520+0000] {dag.py:2941} INFO - Sync 1 DAGs
[2026-07-10T10:53:03.539+0000] {logging_mixin.py:151} INFO - [2026-07-10T10:53:03.539+0000] {dag.py:3722} INFO - Setting next_dagrun for pipeline_ingestion_suivi to 2026-07-10T10:00:00+00:00, run_after=2026-07-10T11:00:00+00:00
[2026-07-10T10:53:03.557+0000] {processor.py:179} INFO - Processing /opt/airflow/dags/dag_suivi.py took 0.084 seconds
[2026-07-10T10:53:33.785+0000] {processor.py:157} INFO - Started process (PID=7463) to work on /opt/airflow/dags/dag_suivi.py
[2026-07-10T10:53:33.785+0000] {processor.py:829} INFO - Processing file /opt/airflow/dags/dag_suivi.py for tasks to queue
[2026-07-10T10:53:33.786+0000] {logging_mixin.py:151} INFO - [2026-07-10T10:53:33.786+0000] {dagbag.py:536} INFO - Filling up the DagBag from /opt/airflow/dags/dag_suivi.py
[2026-07-10T10:53:33.804+0000] {processor.py:839} INFO - DAG(s) dict_keys(['pipeline_ingestion_suivi']) retrieved from /opt/airflow/dags/dag_suivi.py
[2026-07-10T10:53:33.827+0000] {logging_mixin.py:151} INFO - [2026-07-10T10:53:33.827+0000] {dag.py:2941} INFO - Sync 1 DAGs
[2026-07-10T10:53:33.844+0000] {logging_mixin.py:151} INFO - [2026-07-10T10:53:33.844+0000] {dag.py:3722} INFO - Setting next_dagrun for pipeline_ingestion_suivi to 2026-07-10T10:00:00+00:00, run_after=2026-07-10T11:00:00+00:00
[2026-07-10T10:53:33.861+0000] {processor.py:179} INFO - Processing /opt/airflow/dags/dag_suivi.py took 0.079 seconds
[2026-07-10T10:54:04.097+0000] {processor.py:157} INFO - Started process (PID=7468) to work on /opt/airflow/dags/dag_suivi.py
[2026-07-10T10:54:04.098+0000] {processor.py:829} INFO - Processing file /opt/airflow/dags/dag_suivi.py for tasks to queue
[2026-07-10T10:54:04.099+0000] {logging_mixin.py:151} INFO - [2026-07-10T10:54:04.099+0000] {dagbag.py:536} INFO - Filling up the DagBag from /opt/airflow/dags/dag_suivi.py
[2026-07-10T10:54:04.125+0000] {processor.py:839} INFO - DAG(s) dict_keys(['pipeline_ingestion_suivi']) retrieved from /opt/airflow/dags/dag_suivi.py
[2026-07-10T10:54:04.152+0000] {logging_mixin.py:151} INFO - [2026-07-10T10:54:04.152+0000] {dag.py:2941} INFO - Sync 1 DAGs
[2026-07-10T10:54:04.172+0000] {logging_mixin.py:151} INFO - [2026-07-10T10:54:04.172+0000] {dag.py:3722} INFO - Setting next_dagrun for pipeline_ingestion_suivi to 2026-07-10T10:00:00+00:00, run_after=2026-07-10T11:00:00+00:00
[2026-07-10T10:54:04.193+0000] {processor.py:179} INFO - Processing /opt/airflow/dags/dag_suivi.py took 0.100 seconds
[2026-07-10T10:54:34.291+0000] {processor.py:157} INFO - Started process (PID=7473) to work on /opt/airflow/dags/dag_suivi.py
[2026-07-10T10:54:34.292+0000] {processor.py:829} INFO - Processing file /opt/airflow/dags/dag_suivi.py for tasks to queue
[2026-07-10T10:54:34.293+0000] {logging_mixin.py:151} INFO - [2026-07-10T10:54:34.293+0000] {dagbag.py:536} INFO - Filling up the DagBag from /opt/airflow/dags/dag_suivi.py
[2026-07-10T10:54:34.313+0000] {processor.py:839} INFO - DAG(s) dict_keys(['pipeline_ingestion_suivi']) retrieved from /opt/airflow/dags/dag_suivi.py
[2026-07-10T10:54:34.341+0000] {logging_mixin.py:151} INFO - [2026-07-10T10:54:34.340+0000] {dag.py:2941} INFO - Sync 1 DAGs
[2026-07-10T10:54:34.360+0000] {logging_mixin.py:151} INFO - [2026-07-10T10:54:34.360+0000] {dag.py:3722} INFO - Setting next_dagrun for pipeline_ingestion_suivi to 2026-07-10T10:00:00+00:00, run_after=2026-07-10T11:00:00+00:00
[2026-07-10T10:54:34.392+0000] {processor.py:179} INFO - Processing /opt/airflow/dags/dag_suivi.py took 0.104 seconds
[2026-07-10T10:55:04.564+0000] {processor.py:157} INFO - Started process (PID=7478) to work on /opt/airflow/dags/dag_suivi.py
[2026-07-10T10:55:04.565+0000] {processor.py:829} INFO - Processing file /opt/airflow/dags/dag_suivi.py for tasks to queue
[2026-07-10T10:55:04.566+0000] {logging_mixin.py:151} INFO - [2026-07-10T10:55:04.566+0000] {dagbag.py:536} INFO - Filling up the DagBag from /opt/airflow/dags/dag_suivi.py
[2026-07-10T10:55:04.589+0000] {processor.py:839} INFO - DAG(s) dict_keys(['pipeline_ingestion_suivi']) retrieved from /opt/airflow/dags/dag_suivi.py
[2026-07-10T10:55:04.619+0000] {logging_mixin.py:151} INFO - [2026-07-10T10:55:04.619+0000] {dag.py:2941} INFO - Sync 1 DAGs
[2026-07-10T10:55:04.648+0000] {logging_mixin.py:151} INFO - [2026-07-10T10:55:04.647+0000] {dag.py:3722} INFO - Setting next_dagrun for pipeline_ingestion_suivi to 2026-07-10T10:00:00+00:00, run_after=2026-07-10T11:00:00+00:00
[2026-07-10T10:55:04.677+0000] {processor.py:179} INFO - Processing /opt/airflow/dags/dag_suivi.py took 0.116 seconds
[2026-07-10T10:55:34.799+0000] {processor.py:157} INFO - Started process (PID=7483) to work on /opt/airflow/dags/dag_suivi.py
[2026-07-10T10:55:34.800+0000] {processor.py:829} INFO - Processing file /opt/airflow/dags/dag_suivi.py for tasks to queue
[2026-07-10T10:55:34.801+0000] {logging_mixin.py:151} INFO - [2026-07-10T10:55:34.801+0000] {dagbag.py:536} INFO - Filling up the DagBag from /opt/airflow/dags/dag_suivi.py
[2026-07-10T10:55:34.824+0000] {processor.py:839} INFO - DAG(s) dict_keys(['pipeline_ingestion_suivi']) retrieved from /opt/airflow/dags/dag_suivi.py
[2026-07-10T10:55:34.855+0000] {logging_mixin.py:151} INFO - [2026-07-10T10:55:34.855+0000] {dag.py:2941} INFO - Sync 1 DAGs
[2026-07-10T10:55:34.876+0000] {logging_mixin.py:151} INFO - [2026-07-10T10:55:34.876+0000] {dag.py:3722} INFO - Setting next_dagrun for pipeline_ingestion_suivi to 2026-07-10T10:00:00+00:00, run_after=2026-07-10T11:00:00+00:00
[2026-07-10T10:55:34.897+0000] {processor.py:179} INFO - Processing /opt/airflow/dags/dag_suivi.py took 0.101 seconds
[2026-07-10T10:56:05.082+0000] {processor.py:157} INFO - Started process (PID=7488) to work on /opt/airflow/dags/dag_suivi.py
[2026-07-10T10:56:05.083+0000] {processor.py:829} INFO - Processing file /opt/airflow/dags/dag_suivi.py for tasks to queue
[2026-07-10T10:56:05.083+0000] {logging_mixin.py:151} INFO - [2026-07-10T10:56:05.083+0000] {dagbag.py:536} INFO - Filling up the DagBag from /opt/airflow/dags/dag_suivi.py
[2026-07-10T10:56:05.101+0000] {processor.py:839} INFO - DAG(s) dict_keys(['pipeline_ingestion_suivi']) retrieved from /opt/airflow/dags/dag_suivi.py
[2026-07-10T10:56:05.125+0000] {logging_mixin.py:151} INFO - [2026-07-10T10:56:05.125+0000] {dag.py:2941} INFO - Sync 1 DAGs
[2026-07-10T10:56:05.143+0000] {logging_mixin.py:151} INFO - [2026-07-10T10:56:05.143+0000] {dag.py:3722} INFO - Setting next_dagrun for pipeline_ingestion_suivi to 2026-07-10T10:00:00+00:00, run_after=2026-07-10T11:00:00+00:00
[2026-07-10T10:56:05.160+0000] {processor.py:179} INFO - Processing /opt/airflow/dags/dag_suivi.py took 0.080 seconds
[2026-07-10T10:56:35.329+0000] {processor.py:157} INFO - Started process (PID=7493) to work on /opt/airflow/dags/dag_suivi.py
[2026-07-10T10:56:35.329+0000] {processor.py:829} INFO - Processing file /opt/airflow/dags/dag_suivi.py for tasks to queue
[2026-07-10T10:56:35.330+0000] {logging_mixin.py:151} INFO - [2026-07-10T10:56:35.330+0000] {dagbag.py:536} INFO - Filling up the DagBag from /opt/airflow/dags/dag_suivi.py
[2026-07-10T10:56:35.348+0000] {processor.py:839} INFO - DAG(s) dict_keys(['pipeline_ingestion_suivi']) retrieved from /opt/airflow/dags/dag_suivi.py
[2026-07-10T10:56:35.374+0000] {logging_mixin.py:151} INFO - [2026-07-10T10:56:35.374+0000] {dag.py:2941} INFO - Sync 1 DAGs
[2026-07-10T10:56:35.392+0000] {logging_mixin.py:151} INFO - [2026-07-10T10:56:35.392+0000] {dag.py:3722} INFO - Setting next_dagrun for pipeline_ingestion_suivi to 2026-07-10T10:00:00+00:00, run_after=2026-07-10T11:00:00+00:00
[2026-07-10T10:56:35.410+0000] {processor.py:179} INFO - Processing /opt/airflow/dags/dag_suivi.py took 0.084 seconds
[2026-07-10T10:57:05.610+0000] {processor.py:157} INFO - Started process (PID=7498) to work on /opt/airflow/dags/dag_suivi.py
[2026-07-10T10:57:05.611+0000] {processor.py:829} INFO - Processing file /opt/airflow/dags/dag_suivi.py for tasks to queue
[2026-07-10T10:57:05.612+0000] {logging_mixin.py:151} INFO - [2026-07-10T10:57:05.611+0000] {dagbag.py:536} INFO - Filling up the DagBag from /opt/airflow/dags/dag_suivi.py
[2026-07-10T10:57:05.634+0000] {processor.py:839} INFO - DAG(s) dict_keys(['pipeline_ingestion_suivi']) retrieved from /opt/airflow/dags/dag_suivi.py
[2026-07-10T10:57:05.659+0000] {logging_mixin.py:151} INFO - [2026-07-10T10:57:05.659+0000] {dag.py:2941} INFO - Sync 1 DAGs
[2026-07-10T10:57:05.677+0000] {logging_mixin.py:151} INFO - [2026-07-10T10:57:05.677+0000] {dag.py:3722} INFO - Setting next_dagrun for pipeline_ingestion_suivi to 2026-07-10T10:00:00+00:00, run_after=2026-07-10T11:00:00+00:00
[2026-07-10T10:57:05.694+0000] {processor.py:179} INFO - Processing /opt/airflow/dags/dag_suivi.py took 0.086 seconds
[2026-07-10T10:57:35.830+0000] {processor.py:157} INFO - Started process (PID=7503) to work on /opt/airflow/dags/dag_suivi.py
[2026-07-10T10:57:35.831+0000] {processor.py:829} INFO - Processing file /opt/airflow/dags/dag_suivi.py for tasks to queue
[2026-07-10T10:57:35.832+0000] {logging_mixin.py:151} INFO - [2026-07-10T10:57:35.831+0000] {dagbag.py:536} INFO - Filling up the DagBag from /opt/airflow/dags/dag_suivi.py
[2026-07-10T10:57:35.853+0000] {processor.py:839} INFO - DAG(s) dict_keys(['pipeline_ingestion_suivi']) retrieved from /opt/airflow/dags/dag_suivi.py
[2026-07-10T10:57:35.884+0000] {logging_mixin.py:151} INFO - [2026-07-10T10:57:35.883+0000] {dag.py:2941} INFO - Sync 1 DAGs
[2026-07-10T10:57:35.902+0000] {logging_mixin.py:151} INFO - [2026-07-10T10:57:35.901+0000] {dag.py:3722} INFO - Setting next_dagrun for pipeline_ingestion_suivi to 2026-07-10T10:00:00+00:00, run_after=2026-07-10T11:00:00+00:00
[2026-07-10T10:57:35.919+0000] {processor.py:179} INFO - Processing /opt/airflow/dags/dag_suivi.py took 0.094 seconds
[2026-07-10T10:58:06.142+0000] {processor.py:157} INFO - Started process (PID=7508) to work on /opt/airflow/dags/dag_suivi.py
[2026-07-10T10:58:06.143+0000] {processor.py:829} INFO - Processing file /opt/airflow/dags/dag_suivi.py for tasks to queue
[2026-07-10T10:58:06.144+0000] {logging_mixin.py:151} INFO - [2026-07-10T10:58:06.143+0000] {dagbag.py:536} INFO - Filling up the DagBag from /opt/airflow/dags/dag_suivi.py
[2026-07-10T10:58:06.163+0000] {processor.py:839} INFO - DAG(s) dict_keys(['pipeline_ingestion_suivi']) retrieved from /opt/airflow/dags/dag_suivi.py
[2026-07-10T10:58:06.189+0000] {logging_mixin.py:151} INFO - [2026-07-10T10:58:06.188+0000] {dag.py:2941} INFO - Sync 1 DAGs
[2026-07-10T10:58:06.207+0000] {logging_mixin.py:151} INFO - [2026-07-10T10:58:06.207+0000] {dag.py:3722} INFO - Setting next_dagrun for pipeline_ingestion_suivi to 2026-07-10T10:00:00+00:00, run_after=2026-07-10T11:00:00+00:00
[2026-07-10T10:58:06.229+0000] {processor.py:179} INFO - Processing /opt/airflow/dags/dag_suivi.py took 0.090 seconds
[2026-07-10T10:58:36.389+0000] {processor.py:157} INFO - Started process (PID=7513) to work on /opt/airflow/dags/dag_suivi.py
[2026-07-10T10:58:36.390+0000] {processor.py:829} INFO - Processing file /opt/airflow/dags/dag_suivi.py for tasks to queue
[2026-07-10T10:58:36.390+0000] {logging_mixin.py:151} INFO - [2026-07-10T10:58:36.390+0000] {dagbag.py:536} INFO - Filling up the DagBag from /opt/airflow/dags/dag_suivi.py
[2026-07-10T10:58:36.415+0000] {processor.py:839} INFO - DAG(s) dict_keys(['pipeline_ingestion_suivi']) retrieved from /opt/airflow/dags/dag_suivi.py
[2026-07-10T10:58:36.442+0000] {logging_mixin.py:151} INFO - [2026-07-10T10:58:36.442+0000] {dag.py:2941} INFO - Sync 1 DAGs
[2026-07-10T10:58:36.463+0000] {logging_mixin.py:151} INFO - [2026-07-10T10:58:36.463+0000] {dag.py:3722} INFO - Setting next_dagrun for pipeline_ingestion_suivi to 2026-07-10T10:00:00+00:00, run_after=2026-07-10T11:00:00+00:00
[2026-07-10T10:58:36.483+0000] {processor.py:179} INFO - Processing /opt/airflow/dags/dag_suivi.py took 0.098 seconds
[2026-07-10T10:59:06.624+0000] {processor.py:157} INFO - Started process (PID=7518) to work on /opt/airflow/dags/dag_suivi.py
[2026-07-10T10:59:06.625+0000] {processor.py:829} INFO - Processing file /opt/airflow/dags/dag_suivi.py for tasks to queue
[2026-07-10T10:59:06.626+0000] {logging_mixin.py:151} INFO - [2026-07-10T10:59:06.625+0000] {dagbag.py:536} INFO - Filling up the DagBag from /opt/airflow/dags/dag_suivi.py
[2026-07-10T10:59:06.644+0000] {processor.py:839} INFO - DAG(s) dict_keys(['pipeline_ingestion_suivi']) retrieved from /opt/airflow/dags/dag_suivi.py
[2026-07-10T10:59:06.668+0000] {logging_mixin.py:151} INFO - [2026-07-10T10:59:06.668+0000] {dag.py:2941} INFO - Sync 1 DAGs
[2026-07-10T10:59:06.686+0000] {logging_mixin.py:151} INFO - [2026-07-10T10:59:06.686+0000] {dag.py:3722} INFO - Setting next_dagrun for pipeline_ingestion_suivi to 2026-07-10T10:00:00+00:00, run_after=2026-07-10T11:00:00+00:00
[2026-07-10T10:59:06.709+0000] {processor.py:179} INFO - Processing /opt/airflow/dags/dag_suivi.py took 0.087 seconds
[2026-07-10T10:59:36.852+0000] {processor.py:157} INFO - Started process (PID=7523) to work on /opt/airflow/dags/dag_suivi.py
[2026-07-10T10:59:36.853+0000] {processor.py:829} INFO - Processing file /opt/airflow/dags/dag_suivi.py for tasks to queue
[2026-07-10T10:59:36.854+0000] {logging_mixin.py:151} INFO - [2026-07-10T10:59:36.854+0000] {dagbag.py:536} INFO - Filling up the DagBag from /opt/airflow/dags/dag_suivi.py
[2026-07-10T10:59:36.874+0000] {processor.py:839} INFO - DAG(s) dict_keys(['pipeline_ingestion_suivi']) retrieved from /opt/airflow/dags/dag_suivi.py
[2026-07-10T10:59:36.903+0000] {logging_mixin.py:151} INFO - [2026-07-10T10:59:36.903+0000] {dag.py:2941} INFO - Sync 1 DAGs
[2026-07-10T10:59:36.925+0000] {logging_mixin.py:151} INFO - [2026-07-10T10:59:36.925+0000] {dag.py:3722} INFO - Setting next_dagrun for pipeline_ingestion_suivi to 2026-07-10T10:00:00+00:00, run_after=2026-07-10T11:00:00+00:00
[2026-07-10T10:59:36.948+0000] {processor.py:179} INFO - Processing /opt/airflow/dags/dag_suivi.py took 0.099 seconds
[2026-07-10T11:00:07.123+0000] {processor.py:157} INFO - Started process (PID=7530) to work on /opt/airflow/dags/dag_suivi.py
[2026-07-10T11:00:07.124+0000] {processor.py:829} INFO - Processing file /opt/airflow/dags/dag_suivi.py for tasks to queue
[2026-07-10T11:00:07.125+0000] {logging_mixin.py:151} INFO - [2026-07-10T11:00:07.125+0000] {dagbag.py:536} INFO - Filling up the DagBag from /opt/airflow/dags/dag_suivi.py
[2026-07-10T11:00:07.146+0000] {processor.py:839} INFO - DAG(s) dict_keys(['pipeline_ingestion_suivi']) retrieved from /opt/airflow/dags/dag_suivi.py
[2026-07-10T11:00:07.172+0000] {logging_mixin.py:151} INFO - [2026-07-10T11:00:07.171+0000] {dag.py:2941} INFO - Sync 1 DAGs
[2026-07-10T11:00:07.195+0000] {logging_mixin.py:151} INFO - [2026-07-10T11:00:07.195+0000] {dag.py:3722} INFO - Setting next_dagrun for pipeline_ingestion_suivi to 2026-07-10T11:00:00+00:00, run_after=2026-07-10T12:00:00+00:00
[2026-07-10T11:00:07.216+0000] {processor.py:179} INFO - Processing /opt/airflow/dags/dag_suivi.py took 0.095 seconds
[2026-07-10T11:00:37.349+0000] {processor.py:157} INFO - Started process (PID=7535) to work on /opt/airflow/dags/dag_suivi.py
[2026-07-10T11:00:37.350+0000] {processor.py:829} INFO - Processing file /opt/airflow/dags/dag_suivi.py for tasks to queue
[2026-07-10T11:00:37.350+0000] {logging_mixin.py:151} INFO - [2026-07-10T11:00:37.350+0000] {dagbag.py:536} INFO - Filling up the DagBag from /opt/airflow/dags/dag_suivi.py
[2026-07-10T11:00:37.370+0000] {processor.py:839} INFO - DAG(s) dict_keys(['pipeline_ingestion_suivi']) retrieved from /opt/airflow/dags/dag_suivi.py
[2026-07-10T11:00:37.396+0000] {logging_mixin.py:151} INFO - [2026-07-10T11:00:37.396+0000] {dag.py:2941} INFO - Sync 1 DAGs
[2026-07-10T11:00:37.414+0000] {logging_mixin.py:151} INFO - [2026-07-10T11:00:37.414+0000] {dag.py:3722} INFO - Setting next_dagrun for pipeline_ingestion_suivi to 2026-07-10T11:00:00+00:00, run_after=2026-07-10T12:00:00+00:00
[2026-07-10T11:00:37.435+0000] {processor.py:179} INFO - Processing /opt/airflow/dags/dag_suivi.py took 0.090 seconds
[2026-07-10T11:01:07.646+0000] {processor.py:157} INFO - Started process (PID=7540) to work on /opt/airflow/dags/dag_suivi.py
[2026-07-10T11:01:07.646+0000] {processor.py:829} INFO - Processing file /opt/airflow/dags/dag_suivi.py for tasks to queue
[2026-07-10T11:01:07.647+0000] {logging_mixin.py:151} INFO - [2026-07-10T11:01:07.647+0000] {dagbag.py:536} INFO - Filling up the DagBag from /opt/airflow/dags/dag_suivi.py
[2026-07-10T11:01:07.665+0000] {processor.py:839} INFO - DAG(s) dict_keys(['pipeline_ingestion_suivi']) retrieved from /opt/airflow/dags/dag_suivi.py
[2026-07-10T11:01:07.689+0000] {logging_mixin.py:151} INFO - [2026-07-10T11:01:07.689+0000] {dag.py:2941} INFO - Sync 1 DAGs
[2026-07-10T11:01:07.707+0000] {logging_mixin.py:151} INFO - [2026-07-10T11:01:07.707+0000] {dag.py:3722} INFO - Setting next_dagrun for pipeline_ingestion_suivi to 2026-07-10T11:00:00+00:00, run_after=2026-07-10T12:00:00+00:00
[2026-07-10T11:01:07.726+0000] {processor.py:179} INFO - Processing /opt/airflow/dags/dag_suivi.py took 0.083 seconds
[2026-07-10T11:01:37.893+0000] {processor.py:157} INFO - Started process (PID=7545) to work on /opt/airflow/dags/dag_suivi.py
[2026-07-10T11:01:37.894+0000] {processor.py:829} INFO - Processing file /opt/airflow/dags/dag_suivi.py for tasks to queue
[2026-07-10T11:01:37.895+0000] {logging_mixin.py:151} INFO - [2026-07-10T11:01:37.895+0000] {dagbag.py:536} INFO - Filling up the DagBag from /opt/airflow/dags/dag_suivi.py
[2026-07-10T11:01:37.915+0000] {processor.py:839} INFO - DAG(s) dict_keys(['pipeline_ingestion_suivi']) retrieved from /opt/airflow/dags/dag_suivi.py
[2026-07-10T11:01:37.940+0000] {logging_mixin.py:151} INFO - [2026-07-10T11:01:37.940+0000] {dag.py:2941} INFO - Sync 1 DAGs
[2026-07-10T11:01:37.960+0000] {logging_mixin.py:151} INFO - [2026-07-10T11:01:37.960+0000] {dag.py:3722} INFO - Setting next_dagrun for pipeline_ingestion_suivi to 2026-07-10T11:00:00+00:00, run_after=2026-07-10T12:00:00+00:00
[2026-07-10T11:01:37.976+0000] {processor.py:179} INFO - Processing /opt/airflow/dags/dag_suivi.py took 0.086 seconds
[2026-07-10T11:02:08.141+0000] {processor.py:157} INFO - Started process (PID=7550) to work on /opt/airflow/dags/dag_suivi.py
[2026-07-10T11:02:08.141+0000] {processor.py:829} INFO - Processing file /opt/airflow/dags/dag_suivi.py for tasks to queue
[2026-07-10T11:02:08.142+0000] {logging_mixin.py:151} INFO - [2026-07-10T11:02:08.142+0000] {dagbag.py:536} INFO - Filling up the DagBag from /opt/airflow/dags/dag_suivi.py
[2026-07-10T11:02:08.159+0000] {processor.py:839} INFO - DAG(s) dict_keys(['pipeline_ingestion_suivi']) retrieved from /opt/airflow/dags/dag_suivi.py
[2026-07-10T11:02:08.184+0000] {logging_mixin.py:151} INFO - [2026-07-10T11:02:08.184+0000] {dag.py:2941} INFO - Sync 1 DAGs
[2026-07-10T11:02:08.205+0000] {logging_mixin.py:151} INFO - [2026-07-10T11:02:08.205+0000] {dag.py:3722} INFO - Setting next_dagrun for pipeline_ingestion_suivi to 2026-07-10T11:00:00+00:00, run_after=2026-07-10T12:00:00+00:00
[2026-07-10T11:02:08.226+0000] {processor.py:179} INFO - Processing /opt/airflow/dags/dag_suivi.py took 0.089 seconds
[2026-07-10T11:02:38.381+0000] {processor.py:157} INFO - Started process (PID=7555) to work on /opt/airflow/dags/dag_suivi.py
[2026-07-10T11:02:38.382+0000] {processor.py:829} INFO - Processing file /opt/airflow/dags/dag_suivi.py for tasks to queue
[2026-07-10T11:02:38.383+0000] {logging_mixin.py:151} INFO - [2026-07-10T11:02:38.383+0000] {dagbag.py:536} INFO - Filling up the DagBag from /opt/airflow/dags/dag_suivi.py
[2026-07-10T11:02:38.402+0000] {processor.py:839} INFO - DAG(s) dict_keys(['pipeline_ingestion_suivi']) retrieved from /opt/airflow/dags/dag_suivi.py
[2026-07-10T11:02:38.427+0000] {logging_mixin.py:151} INFO - [2026-07-10T11:02:38.427+0000] {dag.py:2941} INFO - Sync 1 DAGs
[2026-07-10T11:02:38.446+0000] {logging_mixin.py:151} INFO - [2026-07-10T11:02:38.445+0000] {dag.py:3722} INFO - Setting next_dagrun for pipeline_ingestion_suivi to 2026-07-10T11:00:00+00:00, run_after=2026-07-10T12:00:00+00:00
[2026-07-10T11:02:38.467+0000] {processor.py:179} INFO - Processing /opt/airflow/dags/dag_suivi.py took 0.089 seconds
[2026-07-10T11:03:08.658+0000] {processor.py:157} INFO - Started process (PID=7560) to work on /opt/airflow/dags/dag_suivi.py
[2026-07-10T11:03:08.659+0000] {processor.py:829} INFO - Processing file /opt/airflow/dags/dag_suivi.py for tasks to queue
[2026-07-10T11:03:08.660+0000] {logging_mixin.py:151} INFO - [2026-07-10T11:03:08.659+0000] {dagbag.py:536} INFO - Filling up the DagBag from /opt/airflow/dags/dag_suivi.py
[2026-07-10T11:03:08.677+0000] {processor.py:839} INFO - DAG(s) dict_keys(['pipeline_ingestion_suivi']) retrieved from /opt/airflow/dags/dag_suivi.py
[2026-07-10T11:03:08.701+0000] {logging_mixin.py:151} INFO - [2026-07-10T11:03:08.701+0000] {dag.py:2941} INFO - Sync 1 DAGs
[2026-07-10T11:03:08.719+0000] {logging_mixin.py:151} INFO - [2026-07-10T11:03:08.719+0000] {dag.py:3722} INFO - Setting next_dagrun for pipeline_ingestion_suivi to 2026-07-10T11:00:00+00:00, run_after=2026-07-10T12:00:00+00:00
[2026-07-10T11:03:08.736+0000] {processor.py:179} INFO - Processing /opt/airflow/dags/dag_suivi.py took 0.080 seconds
[2026-07-10T11:03:38.899+0000] {processor.py:157} INFO - Started process (PID=7565) to work on /opt/airflow/dags/dag_suivi.py
[2026-07-10T11:03:38.900+0000] {processor.py:829} INFO - Processing file /opt/airflow/dags/dag_suivi.py for tasks to queue
[2026-07-10T11:03:38.900+0000] {logging_mixin.py:151} INFO - [2026-07-10T11:03:38.900+0000] {dagbag.py:536} INFO - Filling up the DagBag from /opt/airflow/dags/dag_suivi.py
[2026-07-10T11:03:38.917+0000] {processor.py:839} INFO - DAG(s) dict_keys(['pipeline_ingestion_suivi']) retrieved from /opt/airflow/dags/dag_suivi.py
[2026-07-10T11:03:38.943+0000] {logging_mixin.py:151} INFO - [2026-07-10T11:03:38.942+0000] {dag.py:2941} INFO - Sync 1 DAGs
[2026-07-10T11:03:38.961+0000] {logging_mixin.py:151} INFO - [2026-07-10T11:03:38.961+0000] {dag.py:3722} INFO - Setting next_dagrun for pipeline_ingestion_suivi to 2026-07-10T11:00:00+00:00, run_after=2026-07-10T12:00:00+00:00
[2026-07-10T11:03:38.980+0000] {processor.py:179} INFO - Processing /opt/airflow/dags/dag_suivi.py took 0.084 seconds
[2026-07-10T11:04:09.142+0000] {processor.py:157} INFO - Started process (PID=7570) to work on /opt/airflow/dags/dag_suivi.py
[2026-07-10T11:04:09.143+0000] {processor.py:829} INFO - Processing file /opt/airflow/dags/dag_suivi.py for tasks to queue
[2026-07-10T11:04:09.144+0000] {logging_mixin.py:151} INFO - [2026-07-10T11:04:09.144+0000] {dagbag.py:536} INFO - Filling up the DagBag from /opt/airflow/dags/dag_suivi.py
[2026-07-10T11:04:09.162+0000] {processor.py:839} INFO - DAG(s) dict_keys(['pipeline_ingestion_suivi']) retrieved from /opt/airflow/dags/dag_suivi.py
[2026-07-10T11:04:09.187+0000] {logging_mixin.py:151} INFO - [2026-07-10T11:04:09.187+0000] {dag.py:2941} INFO - Sync 1 DAGs
[2026-07-10T11:04:09.208+0000] {logging_mixin.py:151} INFO - [2026-07-10T11:04:09.207+0000] {dag.py:3722} INFO - Setting next_dagrun for pipeline_ingestion_suivi to 2026-07-10T11:00:00+00:00, run_after=2026-07-10T12:00:00+00:00
[2026-07-10T11:04:09.225+0000] {processor.py:179} INFO - Processing /opt/airflow/dags/dag_suivi.py took 0.085 seconds
[2026-07-10T11:04:39.379+0000] {processor.py:157} INFO - Started process (PID=7575) to work on /opt/airflow/dags/dag_suivi.py
[2026-07-10T11:04:39.380+0000] {processor.py:829} INFO - Processing file /opt/airflow/dags/dag_suivi.py for tasks to queue
[2026-07-10T11:04:39.381+0000] {logging_mixin.py:151} INFO - [2026-07-10T11:04:39.381+0000] {dagbag.py:536} INFO - Filling up the DagBag from /opt/airflow/dags/dag_suivi.py
[2026-07-10T11:04:39.400+0000] {processor.py:839} INFO - DAG(s) dict_keys(['pipeline_ingestion_suivi']) retrieved from /opt/airflow/dags/dag_suivi.py
[2026-07-10T11:04:39.432+0000] {logging_mixin.py:151} INFO - [2026-07-10T11:04:39.432+0000] {dag.py:2941} INFO - Sync 1 DAGs
[2026-07-10T11:04:39.455+0000] {logging_mixin.py:151} INFO - [2026-07-10T11:04:39.454+0000] {dag.py:3722} INFO - Setting next_dagrun for pipeline_ingestion_suivi to 2026-07-10T11:00:00+00:00, run_after=2026-07-10T12:00:00+00:00
[2026-07-10T11:04:39.471+0000] {processor.py:179} INFO - Processing /opt/airflow/dags/dag_suivi.py took 0.095 seconds
[2026-07-10T11:05:09.678+0000] {processor.py:157} INFO - Started process (PID=7580) to work on /opt/airflow/dags/dag_suivi.py
[2026-07-10T11:05:09.678+0000] {processor.py:829} INFO - Processing file /opt/airflow/dags/dag_suivi.py for tasks to queue
[2026-07-10T11:05:09.679+0000] {logging_mixin.py:151} INFO - [2026-07-10T11:05:09.679+0000] {dagbag.py:536} INFO - Filling up the DagBag from /opt/airflow/dags/dag_suivi.py
[2026-07-10T11:05:09.697+0000] {processor.py:839} INFO - DAG(s) dict_keys(['pipeline_ingestion_suivi']) retrieved from /opt/airflow/dags/dag_suivi.py
[2026-07-10T11:05:09.741+0000] {logging_mixin.py:151} INFO - [2026-07-10T11:05:09.741+0000] {dag.py:2941} INFO - Sync 1 DAGs
[2026-07-10T11:05:09.759+0000] {logging_mixin.py:151} INFO - [2026-07-10T11:05:09.759+0000] {dag.py:3722} INFO - Setting next_dagrun for pipeline_ingestion_suivi to 2026-07-10T11:00:00+00:00, run_after=2026-07-10T12:00:00+00:00
[2026-07-10T11:05:09.777+0000] {processor.py:179} INFO - Processing /opt/airflow/dags/dag_suivi.py took 0.102 seconds
[2026-07-10T11:05:39.923+0000] {processor.py:157} INFO - Started process (PID=7585) to work on /opt/airflow/dags/dag_suivi.py
[2026-07-10T11:05:39.924+0000] {processor.py:829} INFO - Processing file /opt/airflow/dags/dag_suivi.py for tasks to queue
[2026-07-10T11:05:39.927+0000] {logging_mixin.py:151} INFO - [2026-07-10T11:05:39.926+0000] {dagbag.py:536} INFO - Filling up the DagBag from /opt/airflow/dags/dag_suivi.py
[2026-07-10T11:05:40.113+0000] {processor.py:839} INFO - DAG(s) dict_keys(['pipeline_ingestion_suivi']) retrieved from /opt/airflow/dags/dag_suivi.py
[2026-07-10T11:05:40.209+0000] {logging_mixin.py:151} INFO - [2026-07-10T11:05:40.209+0000] {dag.py:2941} INFO - Sync 1 DAGs
[2026-07-10T11:05:40.299+0000] {logging_mixin.py:151} INFO - [2026-07-10T11:05:40.299+0000] {dag.py:3722} INFO - Setting next_dagrun for pipeline_ingestion_suivi to 2026-07-10T11:00:00+00:00, run_after=2026-07-10T12:00:00+00:00
[2026-07-10T11:05:40.361+0000] {processor.py:179} INFO - Processing /opt/airflow/dags/dag_suivi.py took 0.448 seconds
[2026-07-10T11:06:10.589+0000] {processor.py:157} INFO - Started process (PID=7590) to work on /opt/airflow/dags/dag_suivi.py
[2026-07-10T11:06:10.589+0000] {processor.py:829} INFO - Processing file /opt/airflow/dags/dag_suivi.py for tasks to queue
[2026-07-10T11:06:10.590+0000] {logging_mixin.py:151} INFO - [2026-07-10T11:06:10.590+0000] {dagbag.py:536} INFO - Filling up the DagBag from /opt/airflow/dags/dag_suivi.py
[2026-07-10T11:06:10.608+0000] {processor.py:839} INFO - DAG(s) dict_keys(['pipeline_ingestion_suivi']) retrieved from /opt/airflow/dags/dag_suivi.py
[2026-07-10T11:06:10.633+0000] {logging_mixin.py:151} INFO - [2026-07-10T11:06:10.633+0000] {dag.py:2941} INFO - Sync 1 DAGs
[2026-07-10T11:06:10.653+0000] {logging_mixin.py:151} INFO - [2026-07-10T11:06:10.652+0000] {dag.py:3722} INFO - Setting next_dagrun for pipeline_ingestion_suivi to 2026-07-10T11:00:00+00:00, run_after=2026-07-10T12:00:00+00:00
[2026-07-10T11:06:10.676+0000] {processor.py:179} INFO - Processing /opt/airflow/dags/dag_suivi.py took 0.090 seconds
[2026-07-10T11:06:40.900+0000] {processor.py:157} INFO - Started process (PID=7595) to work on /opt/airflow/dags/dag_suivi.py
[2026-07-10T11:06:40.901+0000] {processor.py:829} INFO - Processing file /opt/airflow/dags/dag_suivi.py for tasks to queue
[2026-07-10T11:06:40.903+0000] {logging_mixin.py:151} INFO - [2026-07-10T11:06:40.902+0000] {dagbag.py:536} INFO - Filling up the DagBag from /opt/airflow/dags/dag_suivi.py
[2026-07-10T11:06:40.952+0000] {processor.py:839} INFO - DAG(s) dict_keys(['pipeline_ingestion_suivi']) retrieved from /opt/airflow/dags/dag_suivi.py
[2026-07-10T11:06:41.040+0000] {logging_mixin.py:151} INFO - [2026-07-10T11:06:41.039+0000] {dag.py:2941} INFO - Sync 1 DAGs
[2026-07-10T11:06:41.149+0000] {logging_mixin.py:151} INFO - [2026-07-10T11:06:41.148+0000] {dag.py:3722} INFO - Setting next_dagrun for pipeline_ingestion_suivi to 2026-07-10T11:00:00+00:00, run_after=2026-07-10T12:00:00+00:00
[2026-07-10T11:06:41.223+0000] {processor.py:179} INFO - Processing /opt/airflow/dags/dag_suivi.py took 0.330 seconds
[2026-07-10T11:07:11.496+0000] {processor.py:157} INFO - Started process (PID=7600) to work on /opt/airflow/dags/dag_suivi.py
[2026-07-10T11:07:11.497+0000] {processor.py:829} INFO - Processing file /opt/airflow/dags/dag_suivi.py for tasks to queue
[2026-07-10T11:07:11.499+0000] {logging_mixin.py:151} INFO - [2026-07-10T11:07:11.498+0000] {dagbag.py:536} INFO - Filling up the DagBag from /opt/airflow/dags/dag_suivi.py
[2026-07-10T11:07:11.524+0000] {processor.py:839} INFO - DAG(s) dict_keys(['pipeline_ingestion_suivi']) retrieved from /opt/airflow/dags/dag_suivi.py
[2026-07-10T11:07:11.560+0000] {logging_mixin.py:151} INFO - [2026-07-10T11:07:11.559+0000] {dag.py:2941} INFO - Sync 1 DAGs
[2026-07-10T11:07:11.586+0000] {logging_mixin.py:151} INFO - [2026-07-10T11:07:11.586+0000] {dag.py:3722} INFO - Setting next_dagrun for pipeline_ingestion_suivi to 2026-07-10T11:00:00+00:00, run_after=2026-07-10T12:00:00+00:00
[2026-07-10T11:07:11.615+0000] {processor.py:179} INFO - Processing /opt/airflow/dags/dag_suivi.py took 0.121 seconds
[2026-07-10T11:07:41.732+0000] {processor.py:157} INFO - Started process (PID=7605) to work on /opt/airflow/dags/dag_suivi.py
[2026-07-10T11:07:41.733+0000] {processor.py:829} INFO - Processing file /opt/airflow/dags/dag_suivi.py for tasks to queue
[2026-07-10T11:07:41.734+0000] {logging_mixin.py:151} INFO - [2026-07-10T11:07:41.734+0000] {dagbag.py:536} INFO - Filling up the DagBag from /opt/airflow/dags/dag_suivi.py
[2026-07-10T11:07:41.753+0000] {processor.py:839} INFO - DAG(s) dict_keys(['pipeline_ingestion_suivi']) retrieved from /opt/airflow/dags/dag_suivi.py
[2026-07-10T11:07:41.780+0000] {logging_mixin.py:151} INFO - [2026-07-10T11:07:41.780+0000] {dag.py:2941} INFO - Sync 1 DAGs
[2026-07-10T11:07:41.804+0000] {logging_mixin.py:151} INFO - [2026-07-10T11:07:41.804+0000] {dag.py:3722} INFO - Setting next_dagrun for pipeline_ingestion_suivi to 2026-07-10T11:00:00+00:00, run_after=2026-07-10T12:00:00+00:00
[2026-07-10T11:07:41.824+0000] {processor.py:179} INFO - Processing /opt/airflow/dags/dag_suivi.py took 0.095 seconds
[2026-07-10T11:08:12.084+0000] {processor.py:157} INFO - Started process (PID=7610) to work on /opt/airflow/dags/dag_suivi.py
[2026-07-10T11:08:12.085+0000] {processor.py:829} INFO - Processing file /opt/airflow/dags/dag_suivi.py for tasks to queue
[2026-07-10T11:08:12.086+0000] {logging_mixin.py:151} INFO - [2026-07-10T11:08:12.086+0000] {dagbag.py:536} INFO - Filling up the DagBag from /opt/airflow/dags/dag_suivi.py
[2026-07-10T11:08:12.109+0000] {processor.py:839} INFO - DAG(s) dict_keys(['pipeline_ingestion_suivi']) retrieved from /opt/airflow/dags/dag_suivi.py
[2026-07-10T11:08:12.140+0000] {logging_mixin.py:151} INFO - [2026-07-10T11:08:12.140+0000] {dag.py:2941} INFO - Sync 1 DAGs
[2026-07-10T11:08:12.161+0000] {logging_mixin.py:151} INFO - [2026-07-10T11:08:12.161+0000] {dag.py:3722} INFO - Setting next_dagrun for pipeline_ingestion_suivi to 2026-07-10T11:00:00+00:00, run_after=2026-07-10T12:00:00+00:00
[2026-07-10T11:08:12.191+0000] {processor.py:179} INFO - Processing /opt/airflow/dags/dag_suivi.py took 0.109 seconds
[2026-07-10T11:08:42.320+0000] {processor.py:157} INFO - Started process (PID=7615) to work on /opt/airflow/dags/dag_suivi.py
[2026-07-10T11:08:42.320+0000] {processor.py:829} INFO - Processing file /opt/airflow/dags/dag_suivi.py for tasks to queue
[2026-07-10T11:08:42.321+0000] {logging_mixin.py:151} INFO - [2026-07-10T11:08:42.321+0000] {dagbag.py:536} INFO - Filling up the DagBag from /opt/airflow/dags/dag_suivi.py
[2026-07-10T11:08:42.340+0000] {processor.py:839} INFO - DAG(s) dict_keys(['pipeline_ingestion_suivi']) retrieved from /opt/airflow/dags/dag_suivi.py
[2026-07-10T11:08:42.365+0000] {logging_mixin.py:151} INFO - [2026-07-10T11:08:42.365+0000] {dag.py:2941} INFO - Sync 1 DAGs
[2026-07-10T11:08:42.387+0000] {logging_mixin.py:151} INFO - [2026-07-10T11:08:42.387+0000] {dag.py:3722} INFO - Setting next_dagrun for pipeline_ingestion_suivi to 2026-07-10T11:00:00+00:00, run_after=2026-07-10T12:00:00+00:00
[2026-07-10T11:08:42.407+0000] {processor.py:179} INFO - Processing /opt/airflow/dags/dag_suivi.py took 0.091 seconds
[2026-07-10T11:09:12.632+0000] {processor.py:157} INFO - Started process (PID=7620) to work on /opt/airflow/dags/dag_suivi.py
[2026-07-10T11:09:12.633+0000] {processor.py:829} INFO - Processing file /opt/airflow/dags/dag_suivi.py for tasks to queue
[2026-07-10T11:09:12.634+0000] {logging_mixin.py:151} INFO - [2026-07-10T11:09:12.633+0000] {dagbag.py:536} INFO - Filling up the DagBag from /opt/airflow/dags/dag_suivi.py
[2026-07-10T11:09:12.661+0000] {processor.py:839} INFO - DAG(s) dict_keys(['pipeline_ingestion_suivi']) retrieved from /opt/airflow/dags/dag_suivi.py
[2026-07-10T11:09:12.695+0000] {logging_mixin.py:151} INFO - [2026-07-10T11:09:12.695+0000] {dag.py:2941} INFO - Sync 1 DAGs
[2026-07-10T11:09:12.720+0000] {logging_mixin.py:151} INFO - [2026-07-10T11:09:12.720+0000] {dag.py:3722} INFO - Setting next_dagrun for pipeline_ingestion_suivi to 2026-07-10T11:00:00+00:00, run_after=2026-07-10T12:00:00+00:00
[2026-07-10T11:09:12.739+0000] {processor.py:179} INFO - Processing /opt/airflow/dags/dag_suivi.py took 0.110 seconds
[2026-07-10T11:09:42.864+0000] {processor.py:157} INFO - Started process (PID=7625) to work on /opt/airflow/dags/dag_suivi.py
[2026-07-10T11:09:42.865+0000] {processor.py:829} INFO - Processing file /opt/airflow/dags/dag_suivi.py for tasks to queue
[2026-07-10T11:09:42.865+0000] {logging_mixin.py:151} INFO - [2026-07-10T11:09:42.865+0000] {dagbag.py:536} INFO - Filling up the DagBag from /opt/airflow/dags/dag_suivi.py
[2026-07-10T11:09:42.887+0000] {processor.py:839} INFO - DAG(s) dict_keys(['pipeline_ingestion_suivi']) retrieved from /opt/airflow/dags/dag_suivi.py
[2026-07-10T11:09:42.914+0000] {logging_mixin.py:151} INFO - [2026-07-10T11:09:42.914+0000] {dag.py:2941} INFO - Sync 1 DAGs
[2026-07-10T11:09:42.933+0000] {logging_mixin.py:151} INFO - [2026-07-10T11:09:42.933+0000] {dag.py:3722} INFO - Setting next_dagrun for pipeline_ingestion_suivi to 2026-07-10T11:00:00+00:00, run_after=2026-07-10T12:00:00+00:00
[2026-07-10T11:09:42.951+0000] {processor.py:179} INFO - Processing /opt/airflow/dags/dag_suivi.py took 0.090 seconds
[2026-07-10T11:10:13.194+0000] {processor.py:157} INFO - Started process (PID=7630) to work on /opt/airflow/dags/dag_suivi.py
[2026-07-10T11:10:13.195+0000] {processor.py:829} INFO - Processing file /opt/airflow/dags/dag_suivi.py for tasks to queue
[2026-07-10T11:10:13.196+0000] {logging_mixin.py:151} INFO - [2026-07-10T11:10:13.196+0000] {dagbag.py:536} INFO - Filling up the DagBag from /opt/airflow/dags/dag_suivi.py
[2026-07-10T11:10:13.216+0000] {processor.py:839} INFO - DAG(s) dict_keys(['pipeline_ingestion_suivi']) retrieved from /opt/airflow/dags/dag_suivi.py
[2026-07-10T11:10:13.241+0000] {logging_mixin.py:151} INFO - [2026-07-10T11:10:13.241+0000] {dag.py:2941} INFO - Sync 1 DAGs
[2026-07-10T11:10:13.259+0000] {logging_mixin.py:151} INFO - [2026-07-10T11:10:13.259+0000] {dag.py:3722} INFO - Setting next_dagrun for pipeline_ingestion_suivi to 2026-07-10T11:00:00+00:00, run_after=2026-07-10T12:00:00+00:00
[2026-07-10T11:10:13.277+0000] {processor.py:179} INFO - Processing /opt/airflow/dags/dag_suivi.py took 0.085 seconds
[2026-07-10T11:10:43.421+0000] {processor.py:157} INFO - Started process (PID=7635) to work on /opt/airflow/dags/dag_suivi.py
[2026-07-10T11:10:43.422+0000] {processor.py:829} INFO - Processing file /opt/airflow/dags/dag_suivi.py for tasks to queue
[2026-07-10T11:10:43.423+0000] {logging_mixin.py:151} INFO - [2026-07-10T11:10:43.423+0000] {dagbag.py:536} INFO - Filling up the DagBag from /opt/airflow/dags/dag_suivi.py
[2026-07-10T11:10:43.442+0000] {processor.py:839} INFO - DAG(s) dict_keys(['pipeline_ingestion_suivi']) retrieved from /opt/airflow/dags/dag_suivi.py
[2026-07-10T11:10:43.470+0000] {logging_mixin.py:151} INFO - [2026-07-10T11:10:43.470+0000] {dag.py:2941} INFO - Sync 1 DAGs
[2026-07-10T11:10:43.489+0000] {logging_mixin.py:151} INFO - [2026-07-10T11:10:43.489+0000] {dag.py:3722} INFO - Setting next_dagrun for pipeline_ingestion_suivi to 2026-07-10T11:00:00+00:00, run_after=2026-07-10T12:00:00+00:00
[2026-07-10T11:10:43.507+0000] {processor.py:179} INFO - Processing /opt/airflow/dags/dag_suivi.py took 0.088 seconds
[2026-07-10T11:11:13.685+0000] {processor.py:157} INFO - Started process (PID=7640) to work on /opt/airflow/dags/dag_suivi.py
[2026-07-10T11:11:13.686+0000] {processor.py:829} INFO - Processing file /opt/airflow/dags/dag_suivi.py for tasks to queue
[2026-07-10T11:11:13.686+0000] {logging_mixin.py:151} INFO - [2026-07-10T11:11:13.686+0000] {dagbag.py:536} INFO - Filling up the DagBag from /opt/airflow/dags/dag_suivi.py
[2026-07-10T11:11:13.705+0000] {processor.py:839} INFO - DAG(s) dict_keys(['pipeline_ingestion_suivi']) retrieved from /opt/airflow/dags/dag_suivi.py
[2026-07-10T11:11:13.730+0000] {logging_mixin.py:151} INFO - [2026-07-10T11:11:13.730+0000] {dag.py:2941} INFO - Sync 1 DAGs
[2026-07-10T11:11:13.751+0000] {logging_mixin.py:151} INFO - [2026-07-10T11:11:13.751+0000] {dag.py:3722} INFO - Setting next_dagrun for pipeline_ingestion_suivi to 2026-07-10T11:00:00+00:00, run_after=2026-07-10T12:00:00+00:00
[2026-07-10T11:11:13.770+0000] {processor.py:179} INFO - Processing /opt/airflow/dags/dag_suivi.py took 0.087 seconds
[2026-07-10T11:11:43.936+0000] {processor.py:157} INFO - Started process (PID=7645) to work on /opt/airflow/dags/dag_suivi.py
[2026-07-10T11:11:43.936+0000] {processor.py:829} INFO - Processing file /opt/airflow/dags/dag_suivi.py for tasks to queue
[2026-07-10T11:11:43.937+0000] {logging_mixin.py:151} INFO - [2026-07-10T11:11:43.937+0000] {dagbag.py:536} INFO - Filling up the DagBag from /opt/airflow/dags/dag_suivi.py
[2026-07-10T11:11:43.958+0000] {processor.py:839} INFO - DAG(s) dict_keys(['pipeline_ingestion_suivi']) retrieved from /opt/airflow/dags/dag_suivi.py
[2026-07-10T11:11:43.982+0000] {logging_mixin.py:151} INFO - [2026-07-10T11:11:43.982+0000] {dag.py:2941} INFO - Sync 1 DAGs
[2026-07-10T11:11:44.001+0000] {logging_mixin.py:151} INFO - [2026-07-10T11:11:44.001+0000] {dag.py:3722} INFO - Setting next_dagrun for pipeline_ingestion_suivi to 2026-07-10T11:00:00+00:00, run_after=2026-07-10T12:00:00+00:00
[2026-07-10T11:11:44.019+0000] {processor.py:179} INFO - Processing /opt/airflow/dags/dag_suivi.py took 0.086 seconds
[2026-07-10T11:12:14.219+0000] {processor.py:157} INFO - Started process (PID=7650) to work on /opt/airflow/dags/dag_suivi.py
[2026-07-10T11:12:14.219+0000] {processor.py:829} INFO - Processing file /opt/airflow/dags/dag_suivi.py for tasks to queue
[2026-07-10T11:12:14.220+0000] {logging_mixin.py:151} INFO - [2026-07-10T11:12:14.220+0000] {dagbag.py:536} INFO - Filling up the DagBag from /opt/airflow/dags/dag_suivi.py
[2026-07-10T11:12:14.239+0000] {processor.py:839} INFO - DAG(s) dict_keys(['pipeline_ingestion_suivi']) retrieved from /opt/airflow/dags/dag_suivi.py
[2026-07-10T11:12:14.266+0000] {logging_mixin.py:151} INFO - [2026-07-10T11:12:14.265+0000] {dag.py:2941} INFO - Sync 1 DAGs
[2026-07-10T11:12:14.285+0000] {logging_mixin.py:151} INFO - [2026-07-10T11:12:14.285+0000] {dag.py:3722} INFO - Setting next_dagrun for pipeline_ingestion_suivi to 2026-07-10T11:00:00+00:00, run_after=2026-07-10T12:00:00+00:00
[2026-07-10T11:12:14.302+0000] {processor.py:179} INFO - Processing /opt/airflow/dags/dag_suivi.py took 0.086 seconds
[2026-07-10T11:12:44.449+0000] {processor.py:157} INFO - Started process (PID=7655) to work on /opt/airflow/dags/dag_suivi.py
[2026-07-10T11:12:44.450+0000] {processor.py:829} INFO - Processing file /opt/airflow/dags/dag_suivi.py for tasks to queue
[2026-07-10T11:12:44.450+0000] {logging_mixin.py:151} INFO - [2026-07-10T11:12:44.450+0000] {dagbag.py:536} INFO - Filling up the DagBag from /opt/airflow/dags/dag_suivi.py
[2026-07-10T11:12:44.469+0000] {processor.py:839} INFO - DAG(s) dict_keys(['pipeline_ingestion_suivi']) retrieved from /opt/airflow/dags/dag_suivi.py
[2026-07-10T11:12:44.497+0000] {logging_mixin.py:151} INFO - [2026-07-10T11:12:44.497+0000] {dag.py:2941} INFO - Sync 1 DAGs
[2026-07-10T11:12:44.519+0000] {logging_mixin.py:151} INFO - [2026-07-10T11:12:44.519+0000] {dag.py:3722} INFO - Setting next_dagrun for pipeline_ingestion_suivi to 2026-07-10T11:00:00+00:00, run_after=2026-07-10T12:00:00+00:00
[2026-07-10T11:12:44.538+0000] {processor.py:179} INFO - Processing /opt/airflow/dags/dag_suivi.py took 0.092 seconds
[2026-07-10T11:13:14.742+0000] {processor.py:157} INFO - Started process (PID=7660) to work on /opt/airflow/dags/dag_suivi.py
[2026-07-10T11:13:14.742+0000] {processor.py:829} INFO - Processing file /opt/airflow/dags/dag_suivi.py for tasks to queue
[2026-07-10T11:13:14.743+0000] {logging_mixin.py:151} INFO - [2026-07-10T11:13:14.743+0000] {dagbag.py:536} INFO - Filling up the DagBag from /opt/airflow/dags/dag_suivi.py
[2026-07-10T11:13:14.767+0000] {processor.py:839} INFO - DAG(s) dict_keys(['pipeline_ingestion_suivi']) retrieved from /opt/airflow/dags/dag_suivi.py
[2026-07-10T11:13:14.795+0000] {logging_mixin.py:151} INFO - [2026-07-10T11:13:14.794+0000] {dag.py:2941} INFO - Sync 1 DAGs
[2026-07-10T11:13:14.825+0000] {logging_mixin.py:151} INFO - [2026-07-10T11:13:14.825+0000] {dag.py:3722} INFO - Setting next_dagrun for pipeline_ingestion_suivi to 2026-07-10T11:00:00+00:00, run_after=2026-07-10T12:00:00+00:00
[2026-07-10T11:13:14.849+0000] {processor.py:179} INFO - Processing /opt/airflow/dags/dag_suivi.py took 0.110 seconds
[2026-07-10T11:13:44.989+0000] {processor.py:157} INFO - Started process (PID=7665) to work on /opt/airflow/dags/dag_suivi.py
[2026-07-10T11:13:44.989+0000] {processor.py:829} INFO - Processing file /opt/airflow/dags/dag_suivi.py for tasks to queue
[2026-07-10T11:13:44.990+0000] {logging_mixin.py:151} INFO - [2026-07-10T11:13:44.990+0000] {dagbag.py:536} INFO - Filling up the DagBag from /opt/airflow/dags/dag_suivi.py
[2026-07-10T11:13:45.008+0000] {processor.py:839} INFO - DAG(s) dict_keys(['pipeline_ingestion_suivi']) retrieved from /opt/airflow/dags/dag_suivi.py
[2026-07-10T11:13:45.036+0000] {logging_mixin.py:151} INFO - [2026-07-10T11:13:45.035+0000] {dag.py:2941} INFO - Sync 1 DAGs
[2026-07-10T11:13:45.056+0000] {logging_mixin.py:151} INFO - [2026-07-10T11:13:45.056+0000] {dag.py:3722} INFO - Setting next_dagrun for pipeline_ingestion_suivi to 2026-07-10T11:00:00+00:00, run_after=2026-07-10T12:00:00+00:00
[2026-07-10T11:13:45.074+0000] {processor.py:179} INFO - Processing /opt/airflow/dags/dag_suivi.py took 0.088 seconds
[2026-07-10T11:14:15.316+0000] {processor.py:157} INFO - Started process (PID=7670) to work on /opt/airflow/dags/dag_suivi.py
[2026-07-10T11:14:15.317+0000] {processor.py:829} INFO - Processing file /opt/airflow/dags/dag_suivi.py for tasks to queue
[2026-07-10T11:14:15.318+0000] {logging_mixin.py:151} INFO - [2026-07-10T11:14:15.317+0000] {dagbag.py:536} INFO - Filling up the DagBag from /opt/airflow/dags/dag_suivi.py
[2026-07-10T11:14:15.337+0000] {processor.py:839} INFO - DAG(s) dict_keys(['pipeline_ingestion_suivi']) retrieved from /opt/airflow/dags/dag_suivi.py
[2026-07-10T11:14:15.360+0000] {logging_mixin.py:151} INFO - [2026-07-10T11:14:15.360+0000] {dag.py:2941} INFO - Sync 1 DAGs
[2026-07-10T11:14:15.380+0000] {logging_mixin.py:151} INFO - [2026-07-10T11:14:15.380+0000] {dag.py:3722} INFO - Setting next_dagrun for pipeline_ingestion_suivi to 2026-07-10T11:00:00+00:00, run_after=2026-07-10T12:00:00+00:00
[2026-07-10T11:14:15.402+0000] {processor.py:179} INFO - Processing /opt/airflow/dags/dag_suivi.py took 0.088 seconds
[2026-07-10T11:14:45.545+0000] {processor.py:157} INFO - Started process (PID=7675) to work on /opt/airflow/dags/dag_suivi.py
[2026-07-10T11:14:45.546+0000] {processor.py:829} INFO - Processing file /opt/airflow/dags/dag_suivi.py for tasks to queue
[2026-07-10T11:14:45.547+0000] {logging_mixin.py:151} INFO - [2026-07-10T11:14:45.547+0000] {dagbag.py:536} INFO - Filling up the DagBag from /opt/airflow/dags/dag_suivi.py
[2026-07-10T11:14:45.596+0000] {processor.py:839} INFO - DAG(s) dict_keys(['pipeline_ingestion_suivi']) retrieved from /opt/airflow/dags/dag_suivi.py
[2026-07-10T11:14:45.637+0000] {logging_mixin.py:151} INFO - [2026-07-10T11:14:45.637+0000] {dag.py:2941} INFO - Sync 1 DAGs
[2026-07-10T11:14:45.674+0000] {logging_mixin.py:151} INFO - [2026-07-10T11:14:45.674+0000] {dag.py:3722} INFO - Setting next_dagrun for pipeline_ingestion_suivi to 2026-07-10T11:00:00+00:00, run_after=2026-07-10T12:00:00+00:00
[2026-07-10T11:14:45.697+0000] {processor.py:179} INFO - Processing /opt/airflow/dags/dag_suivi.py took 0.156 seconds
[2026-07-10T11:15:15.830+0000] {processor.py:157} INFO - Started process (PID=7680) to work on /opt/airflow/dags/dag_suivi.py
[2026-07-10T11:15:15.830+0000] {processor.py:829} INFO - Processing file /opt/airflow/dags/dag_suivi.py for tasks to queue
[2026-07-10T11:15:15.831+0000] {logging_mixin.py:151} INFO - [2026-07-10T11:15:15.831+0000] {dagbag.py:536} INFO - Filling up the DagBag from /opt/airflow/dags/dag_suivi.py
[2026-07-10T11:15:15.850+0000] {processor.py:839} INFO - DAG(s) dict_keys(['pipeline_ingestion_suivi']) retrieved from /opt/airflow/dags/dag_suivi.py
[2026-07-10T11:15:15.881+0000] {logging_mixin.py:151} INFO - [2026-07-10T11:15:15.881+0000] {dag.py:2941} INFO - Sync 1 DAGs
[2026-07-10T11:15:15.906+0000] {logging_mixin.py:151} INFO - [2026-07-10T11:15:15.906+0000] {dag.py:3722} INFO - Setting next_dagrun for pipeline_ingestion_suivi to 2026-07-10T11:00:00+00:00, run_after=2026-07-10T12:00:00+00:00
[2026-07-10T11:15:15.928+0000] {processor.py:179} INFO - Processing /opt/airflow/dags/dag_suivi.py took 0.102 seconds
[2026-07-10T11:15:46.124+0000] {processor.py:157} INFO - Started process (PID=7685) to work on /opt/airflow/dags/dag_suivi.py
[2026-07-10T11:15:46.125+0000] {processor.py:829} INFO - Processing file /opt/airflow/dags/dag_suivi.py for tasks to queue
[2026-07-10T11:15:46.125+0000] {logging_mixin.py:151} INFO - [2026-07-10T11:15:46.125+0000] {dagbag.py:536} INFO - Filling up the DagBag from /opt/airflow/dags/dag_suivi.py
[2026-07-10T11:15:46.143+0000] {processor.py:839} INFO - DAG(s) dict_keys(['pipeline_ingestion_suivi']) retrieved from /opt/airflow/dags/dag_suivi.py
[2026-07-10T11:15:46.167+0000] {logging_mixin.py:151} INFO - [2026-07-10T11:15:46.166+0000] {dag.py:2941} INFO - Sync 1 DAGs
[2026-07-10T11:15:46.188+0000] {logging_mixin.py:151} INFO - [2026-07-10T11:15:46.188+0000] {dag.py:3722} INFO - Setting next_dagrun for pipeline_ingestion_suivi to 2026-07-10T11:00:00+00:00, run_after=2026-07-10T12:00:00+00:00
[2026-07-10T11:15:46.204+0000] {processor.py:179} INFO - Processing /opt/airflow/dags/dag_suivi.py took 0.083 seconds
[2026-07-10T11:16:16.363+0000] {processor.py:157} INFO - Started process (PID=7690) to work on /opt/airflow/dags/dag_suivi.py
[2026-07-10T11:16:16.364+0000] {processor.py:829} INFO - Processing file /opt/airflow/dags/dag_suivi.py for tasks to queue
[2026-07-10T11:16:16.365+0000] {logging_mixin.py:151} INFO - [2026-07-10T11:16:16.365+0000] {dagbag.py:536} INFO - Filling up the DagBag from /opt/airflow/dags/dag_suivi.py
[2026-07-10T11:16:16.386+0000] {processor.py:839} INFO - DAG(s) dict_keys(['pipeline_ingestion_suivi']) retrieved from /opt/airflow/dags/dag_suivi.py
[2026-07-10T11:16:16.415+0000] {logging_mixin.py:151} INFO - [2026-07-10T11:16:16.414+0000] {dag.py:2941} INFO - Sync 1 DAGs
[2026-07-10T11:16:16.436+0000] {logging_mixin.py:151} INFO - [2026-07-10T11:16:16.436+0000] {dag.py:3722} INFO - Setting next_dagrun for pipeline_ingestion_suivi to 2026-07-10T11:00:00+00:00, run_after=2026-07-10T12:00:00+00:00
[2026-07-10T11:16:16.455+0000] {processor.py:179} INFO - Processing /opt/airflow/dags/dag_suivi.py took 0.094 seconds
[2026-07-10T11:16:46.648+0000] {processor.py:157} INFO - Started process (PID=7695) to work on /opt/airflow/dags/dag_suivi.py
[2026-07-10T11:16:46.649+0000] {processor.py:829} INFO - Processing file /opt/airflow/dags/dag_suivi.py for tasks to queue
[2026-07-10T11:16:46.649+0000] {logging_mixin.py:151} INFO - [2026-07-10T11:16:46.649+0000] {dagbag.py:536} INFO - Filling up the DagBag from /opt/airflow/dags/dag_suivi.py
[2026-07-10T11:16:46.666+0000] {processor.py:839} INFO - DAG(s) dict_keys(['pipeline_ingestion_suivi']) retrieved from /opt/airflow/dags/dag_suivi.py
[2026-07-10T11:16:46.692+0000] {logging_mixin.py:151} INFO - [2026-07-10T11:16:46.692+0000] {dag.py:2941} INFO - Sync 1 DAGs
[2026-07-10T11:16:46.711+0000] {logging_mixin.py:151} INFO - [2026-07-10T11:16:46.711+0000] {dag.py:3722} INFO - Setting next_dagrun for pipeline_ingestion_suivi to 2026-07-10T11:00:00+00:00, run_after=2026-07-10T12:00:00+00:00
[2026-07-10T11:16:46.731+0000] {processor.py:179} INFO - Processing /opt/airflow/dags/dag_suivi.py took 0.085 seconds
[2026-07-10T11:17:16.912+0000] {processor.py:157} INFO - Started process (PID=7700) to work on /opt/airflow/dags/dag_suivi.py
[2026-07-10T11:17:16.913+0000] {processor.py:829} INFO - Processing file /opt/airflow/dags/dag_suivi.py for tasks to queue
[2026-07-10T11:17:16.914+0000] {logging_mixin.py:151} INFO - [2026-07-10T11:17:16.914+0000] {dagbag.py:536} INFO - Filling up the DagBag from /opt/airflow/dags/dag_suivi.py
[2026-07-10T11:17:16.947+0000] {processor.py:839} INFO - DAG(s) dict_keys(['pipeline_ingestion_suivi']) retrieved from /opt/airflow/dags/dag_suivi.py
[2026-07-10T11:17:16.974+0000] {logging_mixin.py:151} INFO - [2026-07-10T11:17:16.974+0000] {dag.py:2941} INFO - Sync 1 DAGs
[2026-07-10T11:17:16.995+0000] {logging_mixin.py:151} INFO - [2026-07-10T11:17:16.995+0000] {dag.py:3722} INFO - Setting next_dagrun for pipeline_ingestion_suivi to 2026-07-10T11:00:00+00:00, run_after=2026-07-10T12:00:00+00:00
[2026-07-10T11:17:17.012+0000] {processor.py:179} INFO - Processing /opt/airflow/dags/dag_suivi.py took 0.103 seconds
[2026-07-10T11:17:47.183+0000] {processor.py:157} INFO - Started process (PID=7705) to work on /opt/airflow/dags/dag_suivi.py
[2026-07-10T11:17:47.184+0000] {processor.py:829} INFO - Processing file /opt/airflow/dags/dag_suivi.py for tasks to queue
[2026-07-10T11:17:47.185+0000] {logging_mixin.py:151} INFO - [2026-07-10T11:17:47.184+0000] {dagbag.py:536} INFO - Filling up the DagBag from /opt/airflow/dags/dag_suivi.py
[2026-07-10T11:17:47.206+0000] {processor.py:839} INFO - DAG(s) dict_keys(['pipeline_ingestion_suivi']) retrieved from /opt/airflow/dags/dag_suivi.py
[2026-07-10T11:17:47.230+0000] {logging_mixin.py:151} INFO - [2026-07-10T11:17:47.230+0000] {dag.py:2941} INFO - Sync 1 DAGs
[2026-07-10T11:17:47.250+0000] {logging_mixin.py:151} INFO - [2026-07-10T11:17:47.250+0000] {dag.py:3722} INFO - Setting next_dagrun for pipeline_ingestion_suivi to 2026-07-10T11:00:00+00:00, run_after=2026-07-10T12:00:00+00:00
[2026-07-10T11:17:47.269+0000] {processor.py:179} INFO - Processing /opt/airflow/dags/dag_suivi.py took 0.089 seconds
[2026-07-10T11:18:17.530+0000] {processor.py:157} INFO - Started process (PID=7710) to work on /opt/airflow/dags/dag_suivi.py
[2026-07-10T11:18:17.531+0000] {processor.py:829} INFO - Processing file /opt/airflow/dags/dag_suivi.py for tasks to queue
[2026-07-10T11:18:17.531+0000] {logging_mixin.py:151} INFO - [2026-07-10T11:18:17.531+0000] {dagbag.py:536} INFO - Filling up the DagBag from /opt/airflow/dags/dag_suivi.py
[2026-07-10T11:18:17.550+0000] {processor.py:839} INFO - DAG(s) dict_keys(['pipeline_ingestion_suivi']) retrieved from /opt/airflow/dags/dag_suivi.py
[2026-07-10T11:18:17.575+0000] {logging_mixin.py:151} INFO - [2026-07-10T11:18:17.575+0000] {dag.py:2941} INFO - Sync 1 DAGs
[2026-07-10T11:18:17.594+0000] {logging_mixin.py:151} INFO - [2026-07-10T11:18:17.594+0000] {dag.py:3722} INFO - Setting next_dagrun for pipeline_ingestion_suivi to 2026-07-10T11:00:00+00:00, run_after=2026-07-10T12:00:00+00:00
[2026-07-10T11:18:17.612+0000] {processor.py:179} INFO - Processing /opt/airflow/dags/dag_suivi.py took 0.085 seconds
[2026-07-10T11:18:47.784+0000] {processor.py:157} INFO - Started process (PID=7715) to work on /opt/airflow/dags/dag_suivi.py
[2026-07-10T11:18:47.785+0000] {processor.py:829} INFO - Processing file /opt/airflow/dags/dag_suivi.py for tasks to queue
[2026-07-10T11:18:47.786+0000] {logging_mixin.py:151} INFO - [2026-07-10T11:18:47.785+0000] {dagbag.py:536} INFO - Filling up the DagBag from /opt/airflow/dags/dag_suivi.py
[2026-07-10T11:18:47.804+0000] {processor.py:839} INFO - DAG(s) dict_keys(['pipeline_ingestion_suivi']) retrieved from /opt/airflow/dags/dag_suivi.py
[2026-07-10T11:18:47.829+0000] {logging_mixin.py:151} INFO - [2026-07-10T11:18:47.829+0000] {dag.py:2941} INFO - Sync 1 DAGs
[2026-07-10T11:18:47.851+0000] {logging_mixin.py:151} INFO - [2026-07-10T11:18:47.851+0000] {dag.py:3722} INFO - Setting next_dagrun for pipeline_ingestion_suivi to 2026-07-10T11:00:00+00:00, run_after=2026-07-10T12:00:00+00:00
[2026-07-10T11:18:47.876+0000] {processor.py:179} INFO - Processing /opt/airflow/dags/dag_suivi.py took 0.094 seconds
[2026-07-10T11:19:18.135+0000] {processor.py:157} INFO - Started process (PID=7720) to work on /opt/airflow/dags/dag_suivi.py
[2026-07-10T11:19:18.136+0000] {processor.py:829} INFO - Processing file /opt/airflow/dags/dag_suivi.py for tasks to queue
[2026-07-10T11:19:18.137+0000] {logging_mixin.py:151} INFO - [2026-07-10T11:19:18.136+0000] {dagbag.py:536} INFO - Filling up the DagBag from /opt/airflow/dags/dag_suivi.py
[2026-07-10T11:19:18.162+0000] {processor.py:839} INFO - DAG(s) dict_keys(['pipeline_ingestion_suivi']) retrieved from /opt/airflow/dags/dag_suivi.py
[2026-07-10T11:19:18.192+0000] {logging_mixin.py:151} INFO - [2026-07-10T11:19:18.191+0000] {dag.py:2941} INFO - Sync 1 DAGs
[2026-07-10T11:19:18.217+0000] {logging_mixin.py:151} INFO - [2026-07-10T11:19:18.217+0000] {dag.py:3722} INFO - Setting next_dagrun for pipeline_ingestion_suivi to 2026-07-10T11:00:00+00:00, run_after=2026-07-10T12:00:00+00:00
[2026-07-10T11:19:18.239+0000] {processor.py:179} INFO - Processing /opt/airflow/dags/dag_suivi.py took 0.108 seconds
[2026-07-10T11:19:48.342+0000] {processor.py:157} INFO - Started process (PID=7725) to work on /opt/airflow/dags/dag_suivi.py
[2026-07-10T11:19:48.343+0000] {processor.py:829} INFO - Processing file /opt/airflow/dags/dag_suivi.py for tasks to queue
[2026-07-10T11:19:48.344+0000] {logging_mixin.py:151} INFO - [2026-07-10T11:19:48.344+0000] {dagbag.py:536} INFO - Filling up the DagBag from /opt/airflow/dags/dag_suivi.py
[2026-07-10T11:19:48.360+0000] {processor.py:839} INFO - DAG(s) dict_keys(['pipeline_ingestion_suivi']) retrieved from /opt/airflow/dags/dag_suivi.py
[2026-07-10T11:19:48.387+0000] {logging_mixin.py:151} INFO - [2026-07-10T11:19:48.387+0000] {dag.py:2941} INFO - Sync 1 DAGs
[2026-07-10T11:19:48.408+0000] {logging_mixin.py:151} INFO - [2026-07-10T11:19:48.408+0000] {dag.py:3722} INFO - Setting next_dagrun for pipeline_ingestion_suivi to 2026-07-10T11:00:00+00:00, run_after=2026-07-10T12:00:00+00:00
[2026-07-10T11:19:48.427+0000] {processor.py:179} INFO - Processing /opt/airflow/dags/dag_suivi.py took 0.087 seconds
[2026-07-10T11:20:18.692+0000] {processor.py:157} INFO - Started process (PID=7730) to work on /opt/airflow/dags/dag_suivi.py
[2026-07-10T11:20:18.693+0000] {processor.py:829} INFO - Processing file /opt/airflow/dags/dag_suivi.py for tasks to queue
[2026-07-10T11:20:18.694+0000] {logging_mixin.py:151} INFO - [2026-07-10T11:20:18.694+0000] {dagbag.py:536} INFO - Filling up the DagBag from /opt/airflow/dags/dag_suivi.py
[2026-07-10T11:20:18.715+0000] {processor.py:839} INFO - DAG(s) dict_keys(['pipeline_ingestion_suivi']) retrieved from /opt/airflow/dags/dag_suivi.py
[2026-07-10T11:20:18.738+0000] {logging_mixin.py:151} INFO - [2026-07-10T11:20:18.738+0000] {dag.py:2941} INFO - Sync 1 DAGs
[2026-07-10T11:20:18.760+0000] {logging_mixin.py:151} INFO - [2026-07-10T11:20:18.760+0000] {dag.py:3722} INFO - Setting next_dagrun for pipeline_ingestion_suivi to 2026-07-10T11:00:00+00:00, run_after=2026-07-10T12:00:00+00:00
[2026-07-10T11:20:18.783+0000] {processor.py:179} INFO - Processing /opt/airflow/dags/dag_suivi.py took 0.093 seconds
[2026-07-10T11:20:48.909+0000] {processor.py:157} INFO - Started process (PID=7735) to work on /opt/airflow/dags/dag_suivi.py
[2026-07-10T11:20:48.910+0000] {processor.py:829} INFO - Processing file /opt/airflow/dags/dag_suivi.py for tasks to queue
[2026-07-10T11:20:48.910+0000] {logging_mixin.py:151} INFO - [2026-07-10T11:20:48.910+0000] {dagbag.py:536} INFO - Filling up the DagBag from /opt/airflow/dags/dag_suivi.py
[2026-07-10T11:20:48.928+0000] {processor.py:839} INFO - DAG(s) dict_keys(['pipeline_ingestion_suivi']) retrieved from /opt/airflow/dags/dag_suivi.py
[2026-07-10T11:20:48.954+0000] {logging_mixin.py:151} INFO - [2026-07-10T11:20:48.954+0000] {dag.py:2941} INFO - Sync 1 DAGs
[2026-07-10T11:20:48.974+0000] {logging_mixin.py:151} INFO - [2026-07-10T11:20:48.974+0000] {dag.py:3722} INFO - Setting next_dagrun for pipeline_ingestion_suivi to 2026-07-10T11:00:00+00:00, run_after=2026-07-10T12:00:00+00:00
[2026-07-10T11:20:48.992+0000] {processor.py:179} INFO - Processing /opt/airflow/dags/dag_suivi.py took 0.085 seconds
[2026-07-10T11:21:19.126+0000] {processor.py:157} INFO - Started process (PID=7740) to work on /opt/airflow/dags/dag_suivi.py
[2026-07-10T11:21:19.126+0000] {processor.py:829} INFO - Processing file /opt/airflow/dags/dag_suivi.py for tasks to queue
[2026-07-10T11:21:19.127+0000] {logging_mixin.py:151} INFO - [2026-07-10T11:21:19.127+0000] {dagbag.py:536} INFO - Filling up the DagBag from /opt/airflow/dags/dag_suivi.py
[2026-07-10T11:21:19.144+0000] {processor.py:839} INFO - DAG(s) dict_keys(['pipeline_ingestion_suivi']) retrieved from /opt/airflow/dags/dag_suivi.py
[2026-07-10T11:21:19.171+0000] {logging_mixin.py:151} INFO - [2026-07-10T11:21:19.171+0000] {dag.py:2941} INFO - Sync 1 DAGs
[2026-07-10T11:21:19.192+0000] {logging_mixin.py:151} INFO - [2026-07-10T11:21:19.192+0000] {dag.py:3722} INFO - Setting next_dagrun for pipeline_ingestion_suivi to 2026-07-10T11:00:00+00:00, run_after=2026-07-10T12:00:00+00:00
[2026-07-10T11:21:19.211+0000] {processor.py:179} INFO - Processing /opt/airflow/dags/dag_suivi.py took 0.088 seconds
[2026-07-10T11:21:49.449+0000] {processor.py:157} INFO - Started process (PID=7745) to work on /opt/airflow/dags/dag_suivi.py
[2026-07-10T11:21:49.450+0000] {processor.py:829} INFO - Processing file /opt/airflow/dags/dag_suivi.py for tasks to queue
[2026-07-10T11:21:49.451+0000] {logging_mixin.py:151} INFO - [2026-07-10T11:21:49.450+0000] {dagbag.py:536} INFO - Filling up the DagBag from /opt/airflow/dags/dag_suivi.py
[2026-07-10T11:21:49.469+0000] {processor.py:839} INFO - DAG(s) dict_keys(['pipeline_ingestion_suivi']) retrieved from /opt/airflow/dags/dag_suivi.py
[2026-07-10T11:21:49.493+0000] {logging_mixin.py:151} INFO - [2026-07-10T11:21:49.493+0000] {dag.py:2941} INFO - Sync 1 DAGs
[2026-07-10T11:21:49.513+0000] {logging_mixin.py:151} INFO - [2026-07-10T11:21:49.512+0000] {dag.py:3722} INFO - Setting next_dagrun for pipeline_ingestion_suivi to 2026-07-10T11:00:00+00:00, run_after=2026-07-10T12:00:00+00:00
[2026-07-10T11:21:49.533+0000] {processor.py:179} INFO - Processing /opt/airflow/dags/dag_suivi.py took 0.087 seconds
[2026-07-10T11:22:19.711+0000] {processor.py:157} INFO - Started process (PID=7750) to work on /opt/airflow/dags/dag_suivi.py
[2026-07-10T11:22:19.712+0000] {processor.py:829} INFO - Processing file /opt/airflow/dags/dag_suivi.py for tasks to queue
[2026-07-10T11:22:19.713+0000] {logging_mixin.py:151} INFO - [2026-07-10T11:22:19.712+0000] {dagbag.py:536} INFO - Filling up the DagBag from /opt/airflow/dags/dag_suivi.py
[2026-07-10T11:22:19.732+0000] {processor.py:839} INFO - DAG(s) dict_keys(['pipeline_ingestion_suivi']) retrieved from /opt/airflow/dags/dag_suivi.py
[2026-07-10T11:22:19.759+0000] {logging_mixin.py:151} INFO - [2026-07-10T11:22:19.759+0000] {dag.py:2941} INFO - Sync 1 DAGs
[2026-07-10T11:22:19.779+0000] {logging_mixin.py:151} INFO - [2026-07-10T11:22:19.779+0000] {dag.py:3722} INFO - Setting next_dagrun for pipeline_ingestion_suivi to 2026-07-10T11:00:00+00:00, run_after=2026-07-10T12:00:00+00:00
[2026-07-10T11:22:19.798+0000] {processor.py:179} INFO - Processing /opt/airflow/dags/dag_suivi.py took 0.089 seconds
[2026-07-10T11:22:50.001+0000] {processor.py:157} INFO - Started process (PID=7755) to work on /opt/airflow/dags/dag_suivi.py
[2026-07-10T11:22:50.002+0000] {processor.py:829} INFO - Processing file /opt/airflow/dags/dag_suivi.py for tasks to queue
[2026-07-10T11:22:50.003+0000] {logging_mixin.py:151} INFO - [2026-07-10T11:22:50.003+0000] {dagbag.py:536} INFO - Filling up the DagBag from /opt/airflow/dags/dag_suivi.py
[2026-07-10T11:22:50.021+0000] {processor.py:839} INFO - DAG(s) dict_keys(['pipeline_ingestion_suivi']) retrieved from /opt/airflow/dags/dag_suivi.py
[2026-07-10T11:22:50.044+0000] {logging_mixin.py:151} INFO - [2026-07-10T11:22:50.044+0000] {dag.py:2941} INFO - Sync 1 DAGs
[2026-07-10T11:22:50.064+0000] {logging_mixin.py:151} INFO - [2026-07-10T11:22:50.064+0000] {dag.py:3722} INFO - Setting next_dagrun for pipeline_ingestion_suivi to 2026-07-10T11:00:00+00:00, run_after=2026-07-10T12:00:00+00:00
[2026-07-10T11:22:50.082+0000] {processor.py:179} INFO - Processing /opt/airflow/dags/dag_suivi.py took 0.083 seconds
[2026-07-10T11:23:20.286+0000] {processor.py:157} INFO - Started process (PID=7760) to work on /opt/airflow/dags/dag_suivi.py
[2026-07-10T11:23:20.287+0000] {processor.py:829} INFO - Processing file /opt/airflow/dags/dag_suivi.py for tasks to queue
[2026-07-10T11:23:20.288+0000] {logging_mixin.py:151} INFO - [2026-07-10T11:23:20.288+0000] {dagbag.py:536} INFO - Filling up the DagBag from /opt/airflow/dags/dag_suivi.py
[2026-07-10T11:23:20.310+0000] {processor.py:839} INFO - DAG(s) dict_keys(['pipeline_ingestion_suivi']) retrieved from /opt/airflow/dags/dag_suivi.py
[2026-07-10T11:23:20.335+0000] {logging_mixin.py:151} INFO - [2026-07-10T11:23:20.335+0000] {dag.py:2941} INFO - Sync 1 DAGs
[2026-07-10T11:23:20.352+0000] {logging_mixin.py:151} INFO - [2026-07-10T11:23:20.352+0000] {dag.py:3722} INFO - Setting next_dagrun for pipeline_ingestion_suivi to 2026-07-10T11:00:00+00:00, run_after=2026-07-10T12:00:00+00:00
[2026-07-10T11:23:20.372+0000] {processor.py:179} INFO - Processing /opt/airflow/dags/dag_suivi.py took 0.089 seconds
[2026-07-10T11:23:50.549+0000] {processor.py:157} INFO - Started process (PID=7765) to work on /opt/airflow/dags/dag_suivi.py
[2026-07-10T11:23:50.550+0000] {processor.py:829} INFO - Processing file /opt/airflow/dags/dag_suivi.py for tasks to queue
[2026-07-10T11:23:50.550+0000] {logging_mixin.py:151} INFO - [2026-07-10T11:23:50.550+0000] {dagbag.py:536} INFO - Filling up the DagBag from /opt/airflow/dags/dag_suivi.py
[2026-07-10T11:23:50.570+0000] {processor.py:839} INFO - DAG(s) dict_keys(['pipeline_ingestion_suivi']) retrieved from /opt/airflow/dags/dag_suivi.py
[2026-07-10T11:23:50.608+0000] {logging_mixin.py:151} INFO - [2026-07-10T11:23:50.608+0000] {dag.py:2941} INFO - Sync 1 DAGs
[2026-07-10T11:23:50.632+0000] {logging_mixin.py:151} INFO - [2026-07-10T11:23:50.631+0000] {dag.py:3722} INFO - Setting next_dagrun for pipeline_ingestion_suivi to 2026-07-10T11:00:00+00:00, run_after=2026-07-10T12:00:00+00:00
[2026-07-10T11:23:50.650+0000] {processor.py:179} INFO - Processing /opt/airflow/dags/dag_suivi.py took 0.105 seconds
[2026-07-10T11:24:20.841+0000] {processor.py:157} INFO - Started process (PID=7770) to work on /opt/airflow/dags/dag_suivi.py
[2026-07-10T11:24:20.842+0000] {processor.py:829} INFO - Processing file /opt/airflow/dags/dag_suivi.py for tasks to queue
[2026-07-10T11:24:20.842+0000] {logging_mixin.py:151} INFO - [2026-07-10T11:24:20.842+0000] {dagbag.py:536} INFO - Filling up the DagBag from /opt/airflow/dags/dag_suivi.py
[2026-07-10T11:24:20.862+0000] {processor.py:839} INFO - DAG(s) dict_keys(['pipeline_ingestion_suivi']) retrieved from /opt/airflow/dags/dag_suivi.py
[2026-07-10T11:24:20.899+0000] {logging_mixin.py:151} INFO - [2026-07-10T11:24:20.899+0000] {dag.py:2941} INFO - Sync 1 DAGs
[2026-07-10T11:24:20.917+0000] {logging_mixin.py:151} INFO - [2026-07-10T11:24:20.917+0000] {dag.py:3722} INFO - Setting next_dagrun for pipeline_ingestion_suivi to 2026-07-10T11:00:00+00:00, run_after=2026-07-10T12:00:00+00:00
[2026-07-10T11:24:20.936+0000] {processor.py:179} INFO - Processing /opt/airflow/dags/dag_suivi.py took 0.098 seconds
[2026-07-10T11:24:51.104+0000] {processor.py:157} INFO - Started process (PID=7775) to work on /opt/airflow/dags/dag_suivi.py
[2026-07-10T11:24:51.105+0000] {processor.py:829} INFO - Processing file /opt/airflow/dags/dag_suivi.py for tasks to queue
[2026-07-10T11:24:51.106+0000] {logging_mixin.py:151} INFO - [2026-07-10T11:24:51.106+0000] {dagbag.py:536} INFO - Filling up the DagBag from /opt/airflow/dags/dag_suivi.py
[2026-07-10T11:24:51.125+0000] {processor.py:839} INFO - DAG(s) dict_keys(['pipeline_ingestion_suivi']) retrieved from /opt/airflow/dags/dag_suivi.py
[2026-07-10T11:24:51.149+0000] {logging_mixin.py:151} INFO - [2026-07-10T11:24:51.149+0000] {dag.py:2941} INFO - Sync 1 DAGs
[2026-07-10T11:24:51.174+0000] {logging_mixin.py:151} INFO - [2026-07-10T11:24:51.173+0000] {dag.py:3722} INFO - Setting next_dagrun for pipeline_ingestion_suivi to 2026-07-10T11:00:00+00:00, run_after=2026-07-10T12:00:00+00:00
[2026-07-10T11:24:51.192+0000] {processor.py:179} INFO - Processing /opt/airflow/dags/dag_suivi.py took 0.090 seconds
[2026-07-10T11:25:21.386+0000] {processor.py:157} INFO - Started process (PID=7780) to work on /opt/airflow/dags/dag_suivi.py
[2026-07-10T11:25:21.387+0000] {processor.py:829} INFO - Processing file /opt/airflow/dags/dag_suivi.py for tasks to queue
[2026-07-10T11:25:21.388+0000] {logging_mixin.py:151} INFO - [2026-07-10T11:25:21.387+0000] {dagbag.py:536} INFO - Filling up the DagBag from /opt/airflow/dags/dag_suivi.py
[2026-07-10T11:25:21.409+0000] {processor.py:839} INFO - DAG(s) dict_keys(['pipeline_ingestion_suivi']) retrieved from /opt/airflow/dags/dag_suivi.py
[2026-07-10T11:25:21.433+0000] {logging_mixin.py:151} INFO - [2026-07-10T11:25:21.432+0000] {dag.py:2941} INFO - Sync 1 DAGs
[2026-07-10T11:25:21.450+0000] {logging_mixin.py:151} INFO - [2026-07-10T11:25:21.450+0000] {dag.py:3722} INFO - Setting next_dagrun for pipeline_ingestion_suivi to 2026-07-10T11:00:00+00:00, run_after=2026-07-10T12:00:00+00:00
[2026-07-10T11:25:21.467+0000] {processor.py:179} INFO - Processing /opt/airflow/dags/dag_suivi.py took 0.084 seconds
[2026-07-10T11:25:51.650+0000] {processor.py:157} INFO - Started process (PID=7785) to work on /opt/airflow/dags/dag_suivi.py
[2026-07-10T11:25:51.651+0000] {processor.py:829} INFO - Processing file /opt/airflow/dags/dag_suivi.py for tasks to queue
[2026-07-10T11:25:51.651+0000] {logging_mixin.py:151} INFO - [2026-07-10T11:25:51.651+0000] {dagbag.py:536} INFO - Filling up the DagBag from /opt/airflow/dags/dag_suivi.py
[2026-07-10T11:25:51.672+0000] {processor.py:839} INFO - DAG(s) dict_keys(['pipeline_ingestion_suivi']) retrieved from /opt/airflow/dags/dag_suivi.py
[2026-07-10T11:25:51.696+0000] {logging_mixin.py:151} INFO - [2026-07-10T11:25:51.696+0000] {dag.py:2941} INFO - Sync 1 DAGs
[2026-07-10T11:25:51.715+0000] {logging_mixin.py:151} INFO - [2026-07-10T11:25:51.715+0000] {dag.py:3722} INFO - Setting next_dagrun for pipeline_ingestion_suivi to 2026-07-10T11:00:00+00:00, run_after=2026-07-10T12:00:00+00:00
[2026-07-10T11:25:51.733+0000] {processor.py:179} INFO - Processing /opt/airflow/dags/dag_suivi.py took 0.085 seconds
[2026-07-10T11:26:21.899+0000] {processor.py:157} INFO - Started process (PID=7790) to work on /opt/airflow/dags/dag_suivi.py
[2026-07-10T11:26:21.899+0000] {processor.py:829} INFO - Processing file /opt/airflow/dags/dag_suivi.py for tasks to queue
[2026-07-10T11:26:21.900+0000] {logging_mixin.py:151} INFO - [2026-07-10T11:26:21.900+0000] {dagbag.py:536} INFO - Filling up the DagBag from /opt/airflow/dags/dag_suivi.py
[2026-07-10T11:26:21.919+0000] {processor.py:839} INFO - DAG(s) dict_keys(['pipeline_ingestion_suivi']) retrieved from /opt/airflow/dags/dag_suivi.py
[2026-07-10T11:26:21.948+0000] {logging_mixin.py:151} INFO - [2026-07-10T11:26:21.948+0000] {dag.py:2941} INFO - Sync 1 DAGs
[2026-07-10T11:26:21.970+0000] {logging_mixin.py:151} INFO - [2026-07-10T11:26:21.970+0000] {dag.py:3722} INFO - Setting next_dagrun for pipeline_ingestion_suivi to 2026-07-10T11:00:00+00:00, run_after=2026-07-10T12:00:00+00:00
[2026-07-10T11:26:21.991+0000] {processor.py:179} INFO - Processing /opt/airflow/dags/dag_suivi.py took 0.095 seconds
[2026-07-10T11:26:52.143+0000] {processor.py:157} INFO - Started process (PID=7795) to work on /opt/airflow/dags/dag_suivi.py
[2026-07-10T11:26:52.144+0000] {processor.py:829} INFO - Processing file /opt/airflow/dags/dag_suivi.py for tasks to queue
[2026-07-10T11:26:52.145+0000] {logging_mixin.py:151} INFO - [2026-07-10T11:26:52.144+0000] {dagbag.py:536} INFO - Filling up the DagBag from /opt/airflow/dags/dag_suivi.py
[2026-07-10T11:26:52.167+0000] {processor.py:839} INFO - DAG(s) dict_keys(['pipeline_ingestion_suivi']) retrieved from /opt/airflow/dags/dag_suivi.py
[2026-07-10T11:26:52.193+0000] {logging_mixin.py:151} INFO - [2026-07-10T11:26:52.193+0000] {dag.py:2941} INFO - Sync 1 DAGs
[2026-07-10T11:26:52.214+0000] {logging_mixin.py:151} INFO - [2026-07-10T11:26:52.214+0000] {dag.py:3722} INFO - Setting next_dagrun for pipeline_ingestion_suivi to 2026-07-10T11:00:00+00:00, run_after=2026-07-10T12:00:00+00:00
[2026-07-10T11:26:52.232+0000] {processor.py:179} INFO - Processing /opt/airflow/dags/dag_suivi.py took 0.093 seconds
[2026-07-10T11:27:22.390+0000] {processor.py:157} INFO - Started process (PID=7800) to work on /opt/airflow/dags/dag_suivi.py
[2026-07-10T11:27:22.391+0000] {processor.py:829} INFO - Processing file /opt/airflow/dags/dag_suivi.py for tasks to queue
[2026-07-10T11:27:22.392+0000] {logging_mixin.py:151} INFO - [2026-07-10T11:27:22.392+0000] {dagbag.py:536} INFO - Filling up the DagBag from /opt/airflow/dags/dag_suivi.py
[2026-07-10T11:27:22.411+0000] {processor.py:839} INFO - DAG(s) dict_keys(['pipeline_ingestion_suivi']) retrieved from /opt/airflow/dags/dag_suivi.py
[2026-07-10T11:27:22.437+0000] {logging_mixin.py:151} INFO - [2026-07-10T11:27:22.436+0000] {dag.py:2941} INFO - Sync 1 DAGs
[2026-07-10T11:27:22.459+0000] {logging_mixin.py:151} INFO - [2026-07-10T11:27:22.459+0000] {dag.py:3722} INFO - Setting next_dagrun for pipeline_ingestion_suivi to 2026-07-10T11:00:00+00:00, run_after=2026-07-10T12:00:00+00:00
[2026-07-10T11:27:22.477+0000] {processor.py:179} INFO - Processing /opt/airflow/dags/dag_suivi.py took 0.090 seconds
[2026-07-10T11:27:52.627+0000] {processor.py:157} INFO - Started process (PID=7805) to work on /opt/airflow/dags/dag_suivi.py
[2026-07-10T11:27:52.628+0000] {processor.py:829} INFO - Processing file /opt/airflow/dags/dag_suivi.py for tasks to queue
[2026-07-10T11:27:52.628+0000] {logging_mixin.py:151} INFO - [2026-07-10T11:27:52.628+0000] {dagbag.py:536} INFO - Filling up the DagBag from /opt/airflow/dags/dag_suivi.py
[2026-07-10T11:27:52.667+0000] {processor.py:839} INFO - DAG(s) dict_keys(['pipeline_ingestion_suivi']) retrieved from /opt/airflow/dags/dag_suivi.py
[2026-07-10T11:27:52.697+0000] {logging_mixin.py:151} INFO - [2026-07-10T11:27:52.696+0000] {dag.py:2941} INFO - Sync 1 DAGs
[2026-07-10T11:27:52.720+0000] {logging_mixin.py:151} INFO - [2026-07-10T11:27:52.720+0000] {dag.py:3722} INFO - Setting next_dagrun for pipeline_ingestion_suivi to 2026-07-10T11:00:00+00:00, run_after=2026-07-10T12:00:00+00:00
[2026-07-10T11:27:52.739+0000] {processor.py:179} INFO - Processing /opt/airflow/dags/dag_suivi.py took 0.115 seconds
[2026-07-10T11:28:22.951+0000] {processor.py:157} INFO - Started process (PID=7810) to work on /opt/airflow/dags/dag_suivi.py
[2026-07-10T11:28:22.951+0000] {processor.py:829} INFO - Processing file /opt/airflow/dags/dag_suivi.py for tasks to queue
[2026-07-10T11:28:22.952+0000] {logging_mixin.py:151} INFO - [2026-07-10T11:28:22.952+0000] {dagbag.py:536} INFO - Filling up the DagBag from /opt/airflow/dags/dag_suivi.py
[2026-07-10T11:28:22.970+0000] {processor.py:839} INFO - DAG(s) dict_keys(['pipeline_ingestion_suivi']) retrieved from /opt/airflow/dags/dag_suivi.py
[2026-07-10T11:28:22.993+0000] {logging_mixin.py:151} INFO - [2026-07-10T11:28:22.993+0000] {dag.py:2941} INFO - Sync 1 DAGs
[2026-07-10T11:28:23.010+0000] {logging_mixin.py:151} INFO - [2026-07-10T11:28:23.010+0000] {dag.py:3722} INFO - Setting next_dagrun for pipeline_ingestion_suivi to 2026-07-10T11:00:00+00:00, run_after=2026-07-10T12:00:00+00:00
[2026-07-10T11:28:23.037+0000] {processor.py:179} INFO - Processing /opt/airflow/dags/dag_suivi.py took 0.089 seconds
[2026-07-10T11:28:53.190+0000] {processor.py:157} INFO - Started process (PID=7815) to work on /opt/airflow/dags/dag_suivi.py
[2026-07-10T11:28:53.191+0000] {processor.py:829} INFO - Processing file /opt/airflow/dags/dag_suivi.py for tasks to queue
[2026-07-10T11:28:53.192+0000] {logging_mixin.py:151} INFO - [2026-07-10T11:28:53.192+0000] {dagbag.py:536} INFO - Filling up the DagBag from /opt/airflow/dags/dag_suivi.py
[2026-07-10T11:28:53.219+0000] {processor.py:839} INFO - DAG(s) dict_keys(['pipeline_ingestion_suivi']) retrieved from /opt/airflow/dags/dag_suivi.py
[2026-07-10T11:28:53.244+0000] {logging_mixin.py:151} INFO - [2026-07-10T11:28:53.244+0000] {dag.py:2941} INFO - Sync 1 DAGs
[2026-07-10T11:28:53.263+0000] {logging_mixin.py:151} INFO - [2026-07-10T11:28:53.262+0000] {dag.py:3722} INFO - Setting next_dagrun for pipeline_ingestion_suivi to 2026-07-10T11:00:00+00:00, run_after=2026-07-10T12:00:00+00:00
[2026-07-10T11:28:53.280+0000] {processor.py:179} INFO - Processing /opt/airflow/dags/dag_suivi.py took 0.093 seconds
[2026-07-10T11:29:23.542+0000] {processor.py:157} INFO - Started process (PID=7820) to work on /opt/airflow/dags/dag_suivi.py
[2026-07-10T11:29:23.542+0000] {processor.py:829} INFO - Processing file /opt/airflow/dags/dag_suivi.py for tasks to queue
[2026-07-10T11:29:23.543+0000] {logging_mixin.py:151} INFO - [2026-07-10T11:29:23.543+0000] {dagbag.py:536} INFO - Filling up the DagBag from /opt/airflow/dags/dag_suivi.py
[2026-07-10T11:29:23.561+0000] {processor.py:839} INFO - DAG(s) dict_keys(['pipeline_ingestion_suivi']) retrieved from /opt/airflow/dags/dag_suivi.py
[2026-07-10T11:29:23.585+0000] {logging_mixin.py:151} INFO - [2026-07-10T11:29:23.584+0000] {dag.py:2941} INFO - Sync 1 DAGs
[2026-07-10T11:29:23.602+0000] {logging_mixin.py:151} INFO - [2026-07-10T11:29:23.601+0000] {dag.py:3722} INFO - Setting next_dagrun for pipeline_ingestion_suivi to 2026-07-10T11:00:00+00:00, run_after=2026-07-10T12:00:00+00:00
[2026-07-10T11:29:23.623+0000] {processor.py:179} INFO - Processing /opt/airflow/dags/dag_suivi.py took 0.084 seconds
[2026-07-10T11:29:53.791+0000] {processor.py:157} INFO - Started process (PID=7825) to work on /opt/airflow/dags/dag_suivi.py
[2026-07-10T11:29:53.791+0000] {processor.py:829} INFO - Processing file /opt/airflow/dags/dag_suivi.py for tasks to queue
[2026-07-10T11:29:53.792+0000] {logging_mixin.py:151} INFO - [2026-07-10T11:29:53.792+0000] {dagbag.py:536} INFO - Filling up the DagBag from /opt/airflow/dags/dag_suivi.py
[2026-07-10T11:29:53.809+0000] {processor.py:839} INFO - DAG(s) dict_keys(['pipeline_ingestion_suivi']) retrieved from /opt/airflow/dags/dag_suivi.py
[2026-07-10T11:29:53.837+0000] {logging_mixin.py:151} INFO - [2026-07-10T11:29:53.836+0000] {dag.py:2941} INFO - Sync 1 DAGs
[2026-07-10T11:29:53.858+0000] {logging_mixin.py:151} INFO - [2026-07-10T11:29:53.858+0000] {dag.py:3722} INFO - Setting next_dagrun for pipeline_ingestion_suivi to 2026-07-10T11:00:00+00:00, run_after=2026-07-10T12:00:00+00:00
[2026-07-10T11:29:53.877+0000] {processor.py:179} INFO - Processing /opt/airflow/dags/dag_suivi.py took 0.090 seconds
[2026-07-10T11:30:24.117+0000] {processor.py:157} INFO - Started process (PID=7830) to work on /opt/airflow/dags/dag_suivi.py
[2026-07-10T11:30:24.118+0000] {processor.py:829} INFO - Processing file /opt/airflow/dags/dag_suivi.py for tasks to queue
[2026-07-10T11:30:24.118+0000] {logging_mixin.py:151} INFO - [2026-07-10T11:30:24.118+0000] {dagbag.py:536} INFO - Filling up the DagBag from /opt/airflow/dags/dag_suivi.py
[2026-07-10T11:30:24.136+0000] {processor.py:839} INFO - DAG(s) dict_keys(['pipeline_ingestion_suivi']) retrieved from /opt/airflow/dags/dag_suivi.py
[2026-07-10T11:30:24.160+0000] {logging_mixin.py:151} INFO - [2026-07-10T11:30:24.160+0000] {dag.py:2941} INFO - Sync 1 DAGs
[2026-07-10T11:30:24.181+0000] {logging_mixin.py:151} INFO - [2026-07-10T11:30:24.181+0000] {dag.py:3722} INFO - Setting next_dagrun for pipeline_ingestion_suivi to 2026-07-10T11:00:00+00:00, run_after=2026-07-10T12:00:00+00:00
[2026-07-10T11:30:24.198+0000] {processor.py:179} INFO - Processing /opt/airflow/dags/dag_suivi.py took 0.083 seconds
[2026-07-10T11:30:54.329+0000] {processor.py:157} INFO - Started process (PID=7835) to work on /opt/airflow/dags/dag_suivi.py
[2026-07-10T11:30:54.330+0000] {processor.py:829} INFO - Processing file /opt/airflow/dags/dag_suivi.py for tasks to queue
[2026-07-10T11:30:54.331+0000] {logging_mixin.py:151} INFO - [2026-07-10T11:30:54.330+0000] {dagbag.py:536} INFO - Filling up the DagBag from /opt/airflow/dags/dag_suivi.py
[2026-07-10T11:30:54.354+0000] {processor.py:839} INFO - DAG(s) dict_keys(['pipeline_ingestion_suivi']) retrieved from /opt/airflow/dags/dag_suivi.py
[2026-07-10T11:30:54.388+0000] {logging_mixin.py:151} INFO - [2026-07-10T11:30:54.387+0000] {dag.py:2941} INFO - Sync 1 DAGs
[2026-07-10T11:30:54.412+0000] {logging_mixin.py:151} INFO - [2026-07-10T11:30:54.412+0000] {dag.py:3722} INFO - Setting next_dagrun for pipeline_ingestion_suivi to 2026-07-10T11:00:00+00:00, run_after=2026-07-10T12:00:00+00:00
[2026-07-10T11:30:54.448+0000] {processor.py:179} INFO - Processing /opt/airflow/dags/dag_suivi.py took 0.122 seconds
[2026-07-10T11:31:24.596+0000] {processor.py:157} INFO - Started process (PID=7840) to work on /opt/airflow/dags/dag_suivi.py
[2026-07-10T11:31:24.597+0000] {processor.py:829} INFO - Processing file /opt/airflow/dags/dag_suivi.py for tasks to queue
[2026-07-10T11:31:24.597+0000] {logging_mixin.py:151} INFO - [2026-07-10T11:31:24.597+0000] {dagbag.py:536} INFO - Filling up the DagBag from /opt/airflow/dags/dag_suivi.py
[2026-07-10T11:31:24.634+0000] {processor.py:839} INFO - DAG(s) dict_keys(['pipeline_ingestion_suivi']) retrieved from /opt/airflow/dags/dag_suivi.py
[2026-07-10T11:31:24.665+0000] {logging_mixin.py:151} INFO - [2026-07-10T11:31:24.665+0000] {dag.py:2941} INFO - Sync 1 DAGs
[2026-07-10T11:31:24.688+0000] {logging_mixin.py:151} INFO - [2026-07-10T11:31:24.688+0000] {dag.py:3722} INFO - Setting next_dagrun for pipeline_ingestion_suivi to 2026-07-10T11:00:00+00:00, run_after=2026-07-10T12:00:00+00:00
[2026-07-10T11:31:24.714+0000] {processor.py:179} INFO - Processing /opt/airflow/dags/dag_suivi.py took 0.121 seconds
[2026-07-10T11:31:54.902+0000] {processor.py:157} INFO - Started process (PID=7845) to work on /opt/airflow/dags/dag_suivi.py
[2026-07-10T11:31:54.903+0000] {processor.py:829} INFO - Processing file /opt/airflow/dags/dag_suivi.py for tasks to queue
[2026-07-10T11:31:54.904+0000] {logging_mixin.py:151} INFO - [2026-07-10T11:31:54.904+0000] {dagbag.py:536} INFO - Filling up the DagBag from /opt/airflow/dags/dag_suivi.py
[2026-07-10T11:31:54.924+0000] {processor.py:839} INFO - DAG(s) dict_keys(['pipeline_ingestion_suivi']) retrieved from /opt/airflow/dags/dag_suivi.py
[2026-07-10T11:31:54.949+0000] {logging_mixin.py:151} INFO - [2026-07-10T11:31:54.949+0000] {dag.py:2941} INFO - Sync 1 DAGs
[2026-07-10T11:31:54.969+0000] {logging_mixin.py:151} INFO - [2026-07-10T11:31:54.969+0000] {dag.py:3722} INFO - Setting next_dagrun for pipeline_ingestion_suivi to 2026-07-10T11:00:00+00:00, run_after=2026-07-10T12:00:00+00:00
[2026-07-10T11:31:54.988+0000] {processor.py:179} INFO - Processing /opt/airflow/dags/dag_suivi.py took 0.089 seconds
[2026-07-10T11:32:25.187+0000] {processor.py:157} INFO - Started process (PID=7850) to work on /opt/airflow/dags/dag_suivi.py
[2026-07-10T11:32:25.188+0000] {processor.py:829} INFO - Processing file /opt/airflow/dags/dag_suivi.py for tasks to queue
[2026-07-10T11:32:25.189+0000] {logging_mixin.py:151} INFO - [2026-07-10T11:32:25.189+0000] {dagbag.py:536} INFO - Filling up the DagBag from /opt/airflow/dags/dag_suivi.py
[2026-07-10T11:32:25.207+0000] {processor.py:839} INFO - DAG(s) dict_keys(['pipeline_ingestion_suivi']) retrieved from /opt/airflow/dags/dag_suivi.py
[2026-07-10T11:32:25.231+0000] {logging_mixin.py:151} INFO - [2026-07-10T11:32:25.231+0000] {dag.py:2941} INFO - Sync 1 DAGs
[2026-07-10T11:32:25.251+0000] {logging_mixin.py:151} INFO - [2026-07-10T11:32:25.251+0000] {dag.py:3722} INFO - Setting next_dagrun for pipeline_ingestion_suivi to 2026-07-10T11:00:00+00:00, run_after=2026-07-10T12:00:00+00:00
[2026-07-10T11:32:25.268+0000] {processor.py:179} INFO - Processing /opt/airflow/dags/dag_suivi.py took 0.083 seconds
[2026-07-10T11:32:55.426+0000] {processor.py:157} INFO - Started process (PID=7855) to work on /opt/airflow/dags/dag_suivi.py
[2026-07-10T11:32:55.427+0000] {processor.py:829} INFO - Processing file /opt/airflow/dags/dag_suivi.py for tasks to queue
[2026-07-10T11:32:55.428+0000] {logging_mixin.py:151} INFO - [2026-07-10T11:32:55.427+0000] {dagbag.py:536} INFO - Filling up the DagBag from /opt/airflow/dags/dag_suivi.py
[2026-07-10T11:32:55.446+0000] {processor.py:839} INFO - DAG(s) dict_keys(['pipeline_ingestion_suivi']) retrieved from /opt/airflow/dags/dag_suivi.py
[2026-07-10T11:32:55.472+0000] {logging_mixin.py:151} INFO - [2026-07-10T11:32:55.472+0000] {dag.py:2941} INFO - Sync 1 DAGs
[2026-07-10T11:32:55.492+0000] {logging_mixin.py:151} INFO - [2026-07-10T11:32:55.491+0000] {dag.py:3722} INFO - Setting next_dagrun for pipeline_ingestion_suivi to 2026-07-10T11:00:00+00:00, run_after=2026-07-10T12:00:00+00:00
[2026-07-10T11:32:55.514+0000] {processor.py:179} INFO - Processing /opt/airflow/dags/dag_suivi.py took 0.092 seconds
[2026-07-10T11:33:25.758+0000] {processor.py:157} INFO - Started process (PID=7860) to work on /opt/airflow/dags/dag_suivi.py
[2026-07-10T11:33:25.759+0000] {processor.py:829} INFO - Processing file /opt/airflow/dags/dag_suivi.py for tasks to queue
[2026-07-10T11:33:25.759+0000] {logging_mixin.py:151} INFO - [2026-07-10T11:33:25.759+0000] {dagbag.py:536} INFO - Filling up the DagBag from /opt/airflow/dags/dag_suivi.py
[2026-07-10T11:33:25.779+0000] {processor.py:839} INFO - DAG(s) dict_keys(['pipeline_ingestion_suivi']) retrieved from /opt/airflow/dags/dag_suivi.py
[2026-07-10T11:33:25.802+0000] {logging_mixin.py:151} INFO - [2026-07-10T11:33:25.802+0000] {dag.py:2941} INFO - Sync 1 DAGs
[2026-07-10T11:33:25.820+0000] {logging_mixin.py:151} INFO - [2026-07-10T11:33:25.820+0000] {dag.py:3722} INFO - Setting next_dagrun for pipeline_ingestion_suivi to 2026-07-10T11:00:00+00:00, run_after=2026-07-10T12:00:00+00:00
[2026-07-10T11:33:25.841+0000] {processor.py:179} INFO - Processing /opt/airflow/dags/dag_suivi.py took 0.085 seconds
[2026-07-10T11:33:55.988+0000] {processor.py:157} INFO - Started process (PID=7865) to work on /opt/airflow/dags/dag_suivi.py
[2026-07-10T11:33:55.988+0000] {processor.py:829} INFO - Processing file /opt/airflow/dags/dag_suivi.py for tasks to queue
[2026-07-10T11:33:55.989+0000] {logging_mixin.py:151} INFO - [2026-07-10T11:33:55.989+0000] {dagbag.py:536} INFO - Filling up the DagBag from /opt/airflow/dags/dag_suivi.py
[2026-07-10T11:33:56.008+0000] {processor.py:839} INFO - DAG(s) dict_keys(['pipeline_ingestion_suivi']) retrieved from /opt/airflow/dags/dag_suivi.py
[2026-07-10T11:33:56.033+0000] {logging_mixin.py:151} INFO - [2026-07-10T11:33:56.032+0000] {dag.py:2941} INFO - Sync 1 DAGs
[2026-07-10T11:33:56.054+0000] {logging_mixin.py:151} INFO - [2026-07-10T11:33:56.053+0000] {dag.py:3722} INFO - Setting next_dagrun for pipeline_ingestion_suivi to 2026-07-10T11:00:00+00:00, run_after=2026-07-10T12:00:00+00:00
[2026-07-10T11:33:56.070+0000] {processor.py:179} INFO - Processing /opt/airflow/dags/dag_suivi.py took 0.085 seconds
[2026-07-10T11:34:26.320+0000] {processor.py:157} INFO - Started process (PID=7870) to work on /opt/airflow/dags/dag_suivi.py
[2026-07-10T11:34:26.321+0000] {processor.py:829} INFO - Processing file /opt/airflow/dags/dag_suivi.py for tasks to queue
[2026-07-10T11:34:26.322+0000] {logging_mixin.py:151} INFO - [2026-07-10T11:34:26.322+0000] {dagbag.py:536} INFO - Filling up the DagBag from /opt/airflow/dags/dag_suivi.py
[2026-07-10T11:34:26.344+0000] {processor.py:839} INFO - DAG(s) dict_keys(['pipeline_ingestion_suivi']) retrieved from /opt/airflow/dags/dag_suivi.py
[2026-07-10T11:34:26.372+0000] {logging_mixin.py:151} INFO - [2026-07-10T11:34:26.372+0000] {dag.py:2941} INFO - Sync 1 DAGs
[2026-07-10T11:34:26.392+0000] {logging_mixin.py:151} INFO - [2026-07-10T11:34:26.392+0000] {dag.py:3722} INFO - Setting next_dagrun for pipeline_ingestion_suivi to 2026-07-10T11:00:00+00:00, run_after=2026-07-10T12:00:00+00:00
[2026-07-10T11:34:26.408+0000] {processor.py:179} INFO - Processing /opt/airflow/dags/dag_suivi.py took 0.093 seconds
[2026-07-10T11:34:56.590+0000] {processor.py:157} INFO - Started process (PID=7875) to work on /opt/airflow/dags/dag_suivi.py
[2026-07-10T11:34:56.591+0000] {processor.py:829} INFO - Processing file /opt/airflow/dags/dag_suivi.py for tasks to queue
[2026-07-10T11:34:56.592+0000] {logging_mixin.py:151} INFO - [2026-07-10T11:34:56.591+0000] {dagbag.py:536} INFO - Filling up the DagBag from /opt/airflow/dags/dag_suivi.py
[2026-07-10T11:34:56.610+0000] {processor.py:839} INFO - DAG(s) dict_keys(['pipeline_ingestion_suivi']) retrieved from /opt/airflow/dags/dag_suivi.py
[2026-07-10T11:34:56.635+0000] {logging_mixin.py:151} INFO - [2026-07-10T11:34:56.635+0000] {dag.py:2941} INFO - Sync 1 DAGs
[2026-07-10T11:34:56.655+0000] {logging_mixin.py:151} INFO - [2026-07-10T11:34:56.655+0000] {dag.py:3722} INFO - Setting next_dagrun for pipeline_ingestion_suivi to 2026-07-10T11:00:00+00:00, run_after=2026-07-10T12:00:00+00:00
[2026-07-10T11:34:56.673+0000] {processor.py:179} INFO - Processing /opt/airflow/dags/dag_suivi.py took 0.085 seconds
[2026-07-10T11:35:26.855+0000] {processor.py:157} INFO - Started process (PID=7880) to work on /opt/airflow/dags/dag_suivi.py
[2026-07-10T11:35:26.855+0000] {processor.py:829} INFO - Processing file /opt/airflow/dags/dag_suivi.py for tasks to queue
[2026-07-10T11:35:26.856+0000] {logging_mixin.py:151} INFO - [2026-07-10T11:35:26.856+0000] {dagbag.py:536} INFO - Filling up the DagBag from /opt/airflow/dags/dag_suivi.py
[2026-07-10T11:35:26.876+0000] {processor.py:839} INFO - DAG(s) dict_keys(['pipeline_ingestion_suivi']) retrieved from /opt/airflow/dags/dag_suivi.py
[2026-07-10T11:35:26.902+0000] {logging_mixin.py:151} INFO - [2026-07-10T11:35:26.902+0000] {dag.py:2941} INFO - Sync 1 DAGs
[2026-07-10T11:35:26.924+0000] {logging_mixin.py:151} INFO - [2026-07-10T11:35:26.923+0000] {dag.py:3722} INFO - Setting next_dagrun for pipeline_ingestion_suivi to 2026-07-10T11:00:00+00:00, run_after=2026-07-10T12:00:00+00:00
[2026-07-10T11:35:26.942+0000] {processor.py:179} INFO - Processing /opt/airflow/dags/dag_suivi.py took 0.090 seconds
[2026-07-10T11:35:57.102+0000] {processor.py:157} INFO - Started process (PID=7885) to work on /opt/airflow/dags/dag_suivi.py
[2026-07-10T11:35:57.103+0000] {processor.py:829} INFO - Processing file /opt/airflow/dags/dag_suivi.py for tasks to queue
[2026-07-10T11:35:57.105+0000] {logging_mixin.py:151} INFO - [2026-07-10T11:35:57.105+0000] {dagbag.py:536} INFO - Filling up the DagBag from /opt/airflow/dags/dag_suivi.py
[2026-07-10T11:35:57.127+0000] {processor.py:839} INFO - DAG(s) dict_keys(['pipeline_ingestion_suivi']) retrieved from /opt/airflow/dags/dag_suivi.py
[2026-07-10T11:35:57.157+0000] {logging_mixin.py:151} INFO - [2026-07-10T11:35:57.156+0000] {dag.py:2941} INFO - Sync 1 DAGs
[2026-07-10T11:35:57.178+0000] {logging_mixin.py:151} INFO - [2026-07-10T11:35:57.178+0000] {dag.py:3722} INFO - Setting next_dagrun for pipeline_ingestion_suivi to 2026-07-10T11:00:00+00:00, run_after=2026-07-10T12:00:00+00:00
[2026-07-10T11:35:57.198+0000] {processor.py:179} INFO - Processing /opt/airflow/dags/dag_suivi.py took 0.099 seconds
[2026-07-10T11:36:27.404+0000] {processor.py:157} INFO - Started process (PID=7890) to work on /opt/airflow/dags/dag_suivi.py
[2026-07-10T11:36:27.405+0000] {processor.py:829} INFO - Processing file /opt/airflow/dags/dag_suivi.py for tasks to queue
[2026-07-10T11:36:27.406+0000] {logging_mixin.py:151} INFO - [2026-07-10T11:36:27.406+0000] {dagbag.py:536} INFO - Filling up the DagBag from /opt/airflow/dags/dag_suivi.py
[2026-07-10T11:36:27.427+0000] {processor.py:839} INFO - DAG(s) dict_keys(['pipeline_ingestion_suivi']) retrieved from /opt/airflow/dags/dag_suivi.py
[2026-07-10T11:36:27.449+0000] {logging_mixin.py:151} INFO - [2026-07-10T11:36:27.449+0000] {dag.py:2941} INFO - Sync 1 DAGs
[2026-07-10T11:36:27.470+0000] {logging_mixin.py:151} INFO - [2026-07-10T11:36:27.470+0000] {dag.py:3722} INFO - Setting next_dagrun for pipeline_ingestion_suivi to 2026-07-10T11:00:00+00:00, run_after=2026-07-10T12:00:00+00:00
[2026-07-10T11:36:27.488+0000] {processor.py:179} INFO - Processing /opt/airflow/dags/dag_suivi.py took 0.087 seconds
[2026-07-10T11:36:57.664+0000] {processor.py:157} INFO - Started process (PID=7895) to work on /opt/airflow/dags/dag_suivi.py
[2026-07-10T11:36:57.665+0000] {processor.py:829} INFO - Processing file /opt/airflow/dags/dag_suivi.py for tasks to queue
[2026-07-10T11:36:57.666+0000] {logging_mixin.py:151} INFO - [2026-07-10T11:36:57.666+0000] {dagbag.py:536} INFO - Filling up the DagBag from /opt/airflow/dags/dag_suivi.py
[2026-07-10T11:36:57.686+0000] {processor.py:839} INFO - DAG(s) dict_keys(['pipeline_ingestion_suivi']) retrieved from /opt/airflow/dags/dag_suivi.py
[2026-07-10T11:36:57.713+0000] {logging_mixin.py:151} INFO - [2026-07-10T11:36:57.713+0000] {dag.py:2941} INFO - Sync 1 DAGs
[2026-07-10T11:36:57.734+0000] {logging_mixin.py:151} INFO - [2026-07-10T11:36:57.734+0000] {dag.py:3722} INFO - Setting next_dagrun for pipeline_ingestion_suivi to 2026-07-10T11:00:00+00:00, run_after=2026-07-10T12:00:00+00:00
[2026-07-10T11:36:57.750+0000] {processor.py:179} INFO - Processing /opt/airflow/dags/dag_suivi.py took 0.089 seconds
[2026-07-10T11:37:27.971+0000] {processor.py:157} INFO - Started process (PID=7900) to work on /opt/airflow/dags/dag_suivi.py
[2026-07-10T11:37:27.972+0000] {processor.py:829} INFO - Processing file /opt/airflow/dags/dag_suivi.py for tasks to queue
[2026-07-10T11:37:27.973+0000] {logging_mixin.py:151} INFO - [2026-07-10T11:37:27.972+0000] {dagbag.py:536} INFO - Filling up the DagBag from /opt/airflow/dags/dag_suivi.py
[2026-07-10T11:37:27.991+0000] {processor.py:839} INFO - DAG(s) dict_keys(['pipeline_ingestion_suivi']) retrieved from /opt/airflow/dags/dag_suivi.py
[2026-07-10T11:37:28.015+0000] {logging_mixin.py:151} INFO - [2026-07-10T11:37:28.015+0000] {dag.py:2941} INFO - Sync 1 DAGs
[2026-07-10T11:37:28.033+0000] {logging_mixin.py:151} INFO - [2026-07-10T11:37:28.033+0000] {dag.py:3722} INFO - Setting next_dagrun for pipeline_ingestion_suivi to 2026-07-10T11:00:00+00:00, run_after=2026-07-10T12:00:00+00:00
[2026-07-10T11:37:28.052+0000] {processor.py:179} INFO - Processing /opt/airflow/dags/dag_suivi.py took 0.083 seconds
[2026-07-10T11:37:58.223+0000] {processor.py:157} INFO - Started process (PID=7905) to work on /opt/airflow/dags/dag_suivi.py
[2026-07-10T11:37:58.224+0000] {processor.py:829} INFO - Processing file /opt/airflow/dags/dag_suivi.py for tasks to queue
[2026-07-10T11:37:58.225+0000] {logging_mixin.py:151} INFO - [2026-07-10T11:37:58.225+0000] {dagbag.py:536} INFO - Filling up the DagBag from /opt/airflow/dags/dag_suivi.py
[2026-07-10T11:37:58.246+0000] {processor.py:839} INFO - DAG(s) dict_keys(['pipeline_ingestion_suivi']) retrieved from /opt/airflow/dags/dag_suivi.py
[2026-07-10T11:37:58.276+0000] {logging_mixin.py:151} INFO - [2026-07-10T11:37:58.276+0000] {dag.py:2941} INFO - Sync 1 DAGs
[2026-07-10T11:37:58.299+0000] {logging_mixin.py:151} INFO - [2026-07-10T11:37:58.298+0000] {dag.py:3722} INFO - Setting next_dagrun for pipeline_ingestion_suivi to 2026-07-10T11:00:00+00:00, run_after=2026-07-10T12:00:00+00:00
[2026-07-10T11:37:58.319+0000] {processor.py:179} INFO - Processing /opt/airflow/dags/dag_suivi.py took 0.099 seconds
[2026-07-10T11:38:28.529+0000] {processor.py:157} INFO - Started process (PID=7910) to work on /opt/airflow/dags/dag_suivi.py
[2026-07-10T11:38:28.529+0000] {processor.py:829} INFO - Processing file /opt/airflow/dags/dag_suivi.py for tasks to queue
[2026-07-10T11:38:28.530+0000] {logging_mixin.py:151} INFO - [2026-07-10T11:38:28.530+0000] {dagbag.py:536} INFO - Filling up the DagBag from /opt/airflow/dags/dag_suivi.py
[2026-07-10T11:38:28.548+0000] {processor.py:839} INFO - DAG(s) dict_keys(['pipeline_ingestion_suivi']) retrieved from /opt/airflow/dags/dag_suivi.py
[2026-07-10T11:38:28.573+0000] {logging_mixin.py:151} INFO - [2026-07-10T11:38:28.573+0000] {dag.py:2941} INFO - Sync 1 DAGs
[2026-07-10T11:38:28.591+0000] {logging_mixin.py:151} INFO - [2026-07-10T11:38:28.591+0000] {dag.py:3722} INFO - Setting next_dagrun for pipeline_ingestion_suivi to 2026-07-10T11:00:00+00:00, run_after=2026-07-10T12:00:00+00:00
[2026-07-10T11:38:28.608+0000] {processor.py:179} INFO - Processing /opt/airflow/dags/dag_suivi.py took 0.083 seconds
[2026-07-10T11:38:58.773+0000] {processor.py:157} INFO - Started process (PID=7915) to work on /opt/airflow/dags/dag_suivi.py
[2026-07-10T11:38:58.773+0000] {processor.py:829} INFO - Processing file /opt/airflow/dags/dag_suivi.py for tasks to queue
[2026-07-10T11:38:58.774+0000] {logging_mixin.py:151} INFO - [2026-07-10T11:38:58.774+0000] {dagbag.py:536} INFO - Filling up the DagBag from /opt/airflow/dags/dag_suivi.py
[2026-07-10T11:38:58.791+0000] {processor.py:839} INFO - DAG(s) dict_keys(['pipeline_ingestion_suivi']) retrieved from /opt/airflow/dags/dag_suivi.py
[2026-07-10T11:38:58.813+0000] {logging_mixin.py:151} INFO - [2026-07-10T11:38:58.813+0000] {dag.py:2941} INFO - Sync 1 DAGs
[2026-07-10T11:38:58.831+0000] {logging_mixin.py:151} INFO - [2026-07-10T11:38:58.831+0000] {dag.py:3722} INFO - Setting next_dagrun for pipeline_ingestion_suivi to 2026-07-10T11:00:00+00:00, run_after=2026-07-10T12:00:00+00:00
[2026-07-10T11:38:58.849+0000] {processor.py:179} INFO - Processing /opt/airflow/dags/dag_suivi.py took 0.079 seconds
[2026-07-10T11:39:29.084+0000] {processor.py:157} INFO - Started process (PID=7920) to work on /opt/airflow/dags/dag_suivi.py
[2026-07-10T11:39:29.084+0000] {processor.py:829} INFO - Processing file /opt/airflow/dags/dag_suivi.py for tasks to queue
[2026-07-10T11:39:29.085+0000] {logging_mixin.py:151} INFO - [2026-07-10T11:39:29.085+0000] {dagbag.py:536} INFO - Filling up the DagBag from /opt/airflow/dags/dag_suivi.py
[2026-07-10T11:39:29.101+0000] {processor.py:839} INFO - DAG(s) dict_keys(['pipeline_ingestion_suivi']) retrieved from /opt/airflow/dags/dag_suivi.py
[2026-07-10T11:39:29.124+0000] {logging_mixin.py:151} INFO - [2026-07-10T11:39:29.124+0000] {dag.py:2941} INFO - Sync 1 DAGs
[2026-07-10T11:39:29.143+0000] {logging_mixin.py:151} INFO - [2026-07-10T11:39:29.143+0000] {dag.py:3722} INFO - Setting next_dagrun for pipeline_ingestion_suivi to 2026-07-10T11:00:00+00:00, run_after=2026-07-10T12:00:00+00:00
[2026-07-10T11:39:29.161+0000] {processor.py:179} INFO - Processing /opt/airflow/dags/dag_suivi.py took 0.080 seconds
[2026-07-10T11:39:59.329+0000] {processor.py:157} INFO - Started process (PID=7925) to work on /opt/airflow/dags/dag_suivi.py
[2026-07-10T11:39:59.329+0000] {processor.py:829} INFO - Processing file /opt/airflow/dags/dag_suivi.py for tasks to queue
[2026-07-10T11:39:59.330+0000] {logging_mixin.py:151} INFO - [2026-07-10T11:39:59.330+0000] {dagbag.py:536} INFO - Filling up the DagBag from /opt/airflow/dags/dag_suivi.py
[2026-07-10T11:39:59.348+0000] {processor.py:839} INFO - DAG(s) dict_keys(['pipeline_ingestion_suivi']) retrieved from /opt/airflow/dags/dag_suivi.py
[2026-07-10T11:39:59.377+0000] {logging_mixin.py:151} INFO - [2026-07-10T11:39:59.377+0000] {dag.py:2941} INFO - Sync 1 DAGs
[2026-07-10T11:39:59.396+0000] {logging_mixin.py:151} INFO - [2026-07-10T11:39:59.396+0000] {dag.py:3722} INFO - Setting next_dagrun for pipeline_ingestion_suivi to 2026-07-10T11:00:00+00:00, run_after=2026-07-10T12:00:00+00:00
[2026-07-10T11:39:59.414+0000] {processor.py:179} INFO - Processing /opt/airflow/dags/dag_suivi.py took 0.088 seconds
[2026-07-10T11:40:29.629+0000] {processor.py:157} INFO - Started process (PID=7930) to work on /opt/airflow/dags/dag_suivi.py
[2026-07-10T11:40:29.630+0000] {processor.py:829} INFO - Processing file /opt/airflow/dags/dag_suivi.py for tasks to queue
[2026-07-10T11:40:29.631+0000] {logging_mixin.py:151} INFO - [2026-07-10T11:40:29.630+0000] {dagbag.py:536} INFO - Filling up the DagBag from /opt/airflow/dags/dag_suivi.py
[2026-07-10T11:40:29.649+0000] {processor.py:839} INFO - DAG(s) dict_keys(['pipeline_ingestion_suivi']) retrieved from /opt/airflow/dags/dag_suivi.py
[2026-07-10T11:40:29.672+0000] {logging_mixin.py:151} INFO - [2026-07-10T11:40:29.672+0000] {dag.py:2941} INFO - Sync 1 DAGs
[2026-07-10T11:40:29.690+0000] {logging_mixin.py:151} INFO - [2026-07-10T11:40:29.690+0000] {dag.py:3722} INFO - Setting next_dagrun for pipeline_ingestion_suivi to 2026-07-10T11:00:00+00:00, run_after=2026-07-10T12:00:00+00:00
[2026-07-10T11:40:29.708+0000] {processor.py:179} INFO - Processing /opt/airflow/dags/dag_suivi.py took 0.082 seconds
[2026-07-10T11:40:59.897+0000] {processor.py:157} INFO - Started process (PID=7935) to work on /opt/airflow/dags/dag_suivi.py
[2026-07-10T11:40:59.898+0000] {processor.py:829} INFO - Processing file /opt/airflow/dags/dag_suivi.py for tasks to queue
[2026-07-10T11:40:59.898+0000] {logging_mixin.py:151} INFO - [2026-07-10T11:40:59.898+0000] {dagbag.py:536} INFO - Filling up the DagBag from /opt/airflow/dags/dag_suivi.py
[2026-07-10T11:40:59.917+0000] {processor.py:839} INFO - DAG(s) dict_keys(['pipeline_ingestion_suivi']) retrieved from /opt/airflow/dags/dag_suivi.py
[2026-07-10T11:40:59.942+0000] {logging_mixin.py:151} INFO - [2026-07-10T11:40:59.942+0000] {dag.py:2941} INFO - Sync 1 DAGs
[2026-07-10T11:40:59.960+0000] {logging_mixin.py:151} INFO - [2026-07-10T11:40:59.960+0000] {dag.py:3722} INFO - Setting next_dagrun for pipeline_ingestion_suivi to 2026-07-10T11:00:00+00:00, run_after=2026-07-10T12:00:00+00:00
[2026-07-10T11:40:59.978+0000] {processor.py:179} INFO - Processing /opt/airflow/dags/dag_suivi.py took 0.084 seconds
[2026-07-10T11:41:30.219+0000] {processor.py:157} INFO - Started process (PID=7940) to work on /opt/airflow/dags/dag_suivi.py
[2026-07-10T11:41:30.220+0000] {processor.py:829} INFO - Processing file /opt/airflow/dags/dag_suivi.py for tasks to queue
[2026-07-10T11:41:30.221+0000] {logging_mixin.py:151} INFO - [2026-07-10T11:41:30.221+0000] {dagbag.py:536} INFO - Filling up the DagBag from /opt/airflow/dags/dag_suivi.py
[2026-07-10T11:41:30.241+0000] {processor.py:839} INFO - DAG(s) dict_keys(['pipeline_ingestion_suivi']) retrieved from /opt/airflow/dags/dag_suivi.py
[2026-07-10T11:41:30.266+0000] {logging_mixin.py:151} INFO - [2026-07-10T11:41:30.266+0000] {dag.py:2941} INFO - Sync 1 DAGs
[2026-07-10T11:41:30.286+0000] {logging_mixin.py:151} INFO - [2026-07-10T11:41:30.286+0000] {dag.py:3722} INFO - Setting next_dagrun for pipeline_ingestion_suivi to 2026-07-10T11:00:00+00:00, run_after=2026-07-10T12:00:00+00:00
[2026-07-10T11:41:30.304+0000] {processor.py:179} INFO - Processing /opt/airflow/dags/dag_suivi.py took 0.089 seconds
[2026-07-10T11:42:00.478+0000] {processor.py:157} INFO - Started process (PID=7945) to work on /opt/airflow/dags/dag_suivi.py
[2026-07-10T11:42:00.479+0000] {processor.py:829} INFO - Processing file /opt/airflow/dags/dag_suivi.py for tasks to queue
[2026-07-10T11:42:00.479+0000] {logging_mixin.py:151} INFO - [2026-07-10T11:42:00.479+0000] {dagbag.py:536} INFO - Filling up the DagBag from /opt/airflow/dags/dag_suivi.py
[2026-07-10T11:42:00.498+0000] {processor.py:839} INFO - DAG(s) dict_keys(['pipeline_ingestion_suivi']) retrieved from /opt/airflow/dags/dag_suivi.py
[2026-07-10T11:42:00.521+0000] {logging_mixin.py:151} INFO - [2026-07-10T11:42:00.521+0000] {dag.py:2941} INFO - Sync 1 DAGs
[2026-07-10T11:42:00.540+0000] {logging_mixin.py:151} INFO - [2026-07-10T11:42:00.539+0000] {dag.py:3722} INFO - Setting next_dagrun for pipeline_ingestion_suivi to 2026-07-10T11:00:00+00:00, run_after=2026-07-10T12:00:00+00:00
[2026-07-10T11:42:00.568+0000] {processor.py:179} INFO - Processing /opt/airflow/dags/dag_suivi.py took 0.093 seconds
[2026-07-10T11:42:30.778+0000] {processor.py:157} INFO - Started process (PID=7950) to work on /opt/airflow/dags/dag_suivi.py
[2026-07-10T11:42:30.778+0000] {processor.py:829} INFO - Processing file /opt/airflow/dags/dag_suivi.py for tasks to queue
[2026-07-10T11:42:30.780+0000] {logging_mixin.py:151} INFO - [2026-07-10T11:42:30.779+0000] {dagbag.py:536} INFO - Filling up the DagBag from /opt/airflow/dags/dag_suivi.py
[2026-07-10T11:42:30.797+0000] {processor.py:839} INFO - DAG(s) dict_keys(['pipeline_ingestion_suivi']) retrieved from /opt/airflow/dags/dag_suivi.py
[2026-07-10T11:42:30.822+0000] {logging_mixin.py:151} INFO - [2026-07-10T11:42:30.822+0000] {dag.py:2941} INFO - Sync 1 DAGs
[2026-07-10T11:42:30.840+0000] {logging_mixin.py:151} INFO - [2026-07-10T11:42:30.840+0000] {dag.py:3722} INFO - Setting next_dagrun for pipeline_ingestion_suivi to 2026-07-10T11:00:00+00:00, run_after=2026-07-10T12:00:00+00:00
[2026-07-10T11:42:30.856+0000] {processor.py:179} INFO - Processing /opt/airflow/dags/dag_suivi.py took 0.081 seconds
[2026-07-10T11:43:01.097+0000] {processor.py:157} INFO - Started process (PID=7955) to work on /opt/airflow/dags/dag_suivi.py
[2026-07-10T11:43:01.098+0000] {processor.py:829} INFO - Processing file /opt/airflow/dags/dag_suivi.py for tasks to queue
[2026-07-10T11:43:01.099+0000] {logging_mixin.py:151} INFO - [2026-07-10T11:43:01.099+0000] {dagbag.py:536} INFO - Filling up the DagBag from /opt/airflow/dags/dag_suivi.py
[2026-07-10T11:43:01.118+0000] {processor.py:839} INFO - DAG(s) dict_keys(['pipeline_ingestion_suivi']) retrieved from /opt/airflow/dags/dag_suivi.py
[2026-07-10T11:43:01.152+0000] {logging_mixin.py:151} INFO - [2026-07-10T11:43:01.151+0000] {dag.py:2941} INFO - Sync 1 DAGs
[2026-07-10T11:43:01.169+0000] {logging_mixin.py:151} INFO - [2026-07-10T11:43:01.169+0000] {dag.py:3722} INFO - Setting next_dagrun for pipeline_ingestion_suivi to 2026-07-10T11:00:00+00:00, run_after=2026-07-10T12:00:00+00:00
[2026-07-10T11:43:01.186+0000] {processor.py:179} INFO - Processing /opt/airflow/dags/dag_suivi.py took 0.091 seconds
[2026-07-10T11:43:31.394+0000] {processor.py:157} INFO - Started process (PID=7960) to work on /opt/airflow/dags/dag_suivi.py
[2026-07-10T11:43:31.394+0000] {processor.py:829} INFO - Processing file /opt/airflow/dags/dag_suivi.py for tasks to queue
[2026-07-10T11:43:31.395+0000] {logging_mixin.py:151} INFO - [2026-07-10T11:43:31.395+0000] {dagbag.py:536} INFO - Filling up the DagBag from /opt/airflow/dags/dag_suivi.py
[2026-07-10T11:43:31.415+0000] {processor.py:839} INFO - DAG(s) dict_keys(['pipeline_ingestion_suivi']) retrieved from /opt/airflow/dags/dag_suivi.py
[2026-07-10T11:43:31.441+0000] {logging_mixin.py:151} INFO - [2026-07-10T11:43:31.441+0000] {dag.py:2941} INFO - Sync 1 DAGs
[2026-07-10T11:43:31.462+0000] {logging_mixin.py:151} INFO - [2026-07-10T11:43:31.461+0000] {dag.py:3722} INFO - Setting next_dagrun for pipeline_ingestion_suivi to 2026-07-10T11:00:00+00:00, run_after=2026-07-10T12:00:00+00:00
[2026-07-10T11:43:31.483+0000] {processor.py:179} INFO - Processing /opt/airflow/dags/dag_suivi.py took 0.092 seconds
[2026-07-10T11:44:01.636+0000] {processor.py:157} INFO - Started process (PID=7965) to work on /opt/airflow/dags/dag_suivi.py
[2026-07-10T11:44:01.637+0000] {processor.py:829} INFO - Processing file /opt/airflow/dags/dag_suivi.py for tasks to queue
[2026-07-10T11:44:01.638+0000] {logging_mixin.py:151} INFO - [2026-07-10T11:44:01.637+0000] {dagbag.py:536} INFO - Filling up the DagBag from /opt/airflow/dags/dag_suivi.py
[2026-07-10T11:44:01.657+0000] {processor.py:839} INFO - DAG(s) dict_keys(['pipeline_ingestion_suivi']) retrieved from /opt/airflow/dags/dag_suivi.py
[2026-07-10T11:44:01.683+0000] {logging_mixin.py:151} INFO - [2026-07-10T11:44:01.682+0000] {dag.py:2941} INFO - Sync 1 DAGs
[2026-07-10T11:44:01.701+0000] {logging_mixin.py:151} INFO - [2026-07-10T11:44:01.701+0000] {dag.py:3722} INFO - Setting next_dagrun for pipeline_ingestion_suivi to 2026-07-10T11:00:00+00:00, run_after=2026-07-10T12:00:00+00:00
[2026-07-10T11:44:01.729+0000] {processor.py:179} INFO - Processing /opt/airflow/dags/dag_suivi.py took 0.096 seconds
[2026-07-10T11:44:31.948+0000] {processor.py:157} INFO - Started process (PID=7970) to work on /opt/airflow/dags/dag_suivi.py
[2026-07-10T11:44:31.949+0000] {processor.py:829} INFO - Processing file /opt/airflow/dags/dag_suivi.py for tasks to queue
[2026-07-10T11:44:31.950+0000] {logging_mixin.py:151} INFO - [2026-07-10T11:44:31.949+0000] {dagbag.py:536} INFO - Filling up the DagBag from /opt/airflow/dags/dag_suivi.py
[2026-07-10T11:44:31.968+0000] {processor.py:839} INFO - DAG(s) dict_keys(['pipeline_ingestion_suivi']) retrieved from /opt/airflow/dags/dag_suivi.py
[2026-07-10T11:44:31.992+0000] {logging_mixin.py:151} INFO - [2026-07-10T11:44:31.992+0000] {dag.py:2941} INFO - Sync 1 DAGs
[2026-07-10T11:44:32.012+0000] {logging_mixin.py:151} INFO - [2026-07-10T11:44:32.012+0000] {dag.py:3722} INFO - Setting next_dagrun for pipeline_ingestion_suivi to 2026-07-10T11:00:00+00:00, run_after=2026-07-10T12:00:00+00:00
[2026-07-10T11:44:32.031+0000] {processor.py:179} INFO - Processing /opt/airflow/dags/dag_suivi.py took 0.085 seconds
[2026-07-10T11:45:02.218+0000] {processor.py:157} INFO - Started process (PID=7975) to work on /opt/airflow/dags/dag_suivi.py
[2026-07-10T11:45:02.218+0000] {processor.py:829} INFO - Processing file /opt/airflow/dags/dag_suivi.py for tasks to queue
[2026-07-10T11:45:02.219+0000] {logging_mixin.py:151} INFO - [2026-07-10T11:45:02.219+0000] {dagbag.py:536} INFO - Filling up the DagBag from /opt/airflow/dags/dag_suivi.py
[2026-07-10T11:45:02.239+0000] {processor.py:839} INFO - DAG(s) dict_keys(['pipeline_ingestion_suivi']) retrieved from /opt/airflow/dags/dag_suivi.py
[2026-07-10T11:45:02.263+0000] {logging_mixin.py:151} INFO - [2026-07-10T11:45:02.263+0000] {dag.py:2941} INFO - Sync 1 DAGs
[2026-07-10T11:45:02.282+0000] {logging_mixin.py:151} INFO - [2026-07-10T11:45:02.282+0000] {dag.py:3722} INFO - Setting next_dagrun for pipeline_ingestion_suivi to 2026-07-10T11:00:00+00:00, run_after=2026-07-10T12:00:00+00:00
[2026-07-10T11:45:02.300+0000] {processor.py:179} INFO - Processing /opt/airflow/dags/dag_suivi.py took 0.085 seconds
[2026-07-10T11:45:32.481+0000] {processor.py:157} INFO - Started process (PID=7980) to work on /opt/airflow/dags/dag_suivi.py
[2026-07-10T11:45:32.481+0000] {processor.py:829} INFO - Processing file /opt/airflow/dags/dag_suivi.py for tasks to queue
[2026-07-10T11:45:32.482+0000] {logging_mixin.py:151} INFO - [2026-07-10T11:45:32.482+0000] {dagbag.py:536} INFO - Filling up the DagBag from /opt/airflow/dags/dag_suivi.py
[2026-07-10T11:45:32.503+0000] {processor.py:839} INFO - DAG(s) dict_keys(['pipeline_ingestion_suivi']) retrieved from /opt/airflow/dags/dag_suivi.py
[2026-07-10T11:45:32.532+0000] {logging_mixin.py:151} INFO - [2026-07-10T11:45:32.531+0000] {dag.py:2941} INFO - Sync 1 DAGs
[2026-07-10T11:45:32.555+0000] {logging_mixin.py:151} INFO - [2026-07-10T11:45:32.555+0000] {dag.py:3722} INFO - Setting next_dagrun for pipeline_ingestion_suivi to 2026-07-10T11:00:00+00:00, run_after=2026-07-10T12:00:00+00:00
[2026-07-10T11:45:32.574+0000] {processor.py:179} INFO - Processing /opt/airflow/dags/dag_suivi.py took 0.096 seconds
[2026-07-10T11:46:02.734+0000] {processor.py:157} INFO - Started process (PID=7985) to work on /opt/airflow/dags/dag_suivi.py
[2026-07-10T11:46:02.734+0000] {processor.py:829} INFO - Processing file /opt/airflow/dags/dag_suivi.py for tasks to queue
[2026-07-10T11:46:02.736+0000] {logging_mixin.py:151} INFO - [2026-07-10T11:46:02.735+0000] {dagbag.py:536} INFO - Filling up the DagBag from /opt/airflow/dags/dag_suivi.py
[2026-07-10T11:46:02.760+0000] {processor.py:839} INFO - DAG(s) dict_keys(['pipeline_ingestion_suivi']) retrieved from /opt/airflow/dags/dag_suivi.py
[2026-07-10T11:46:02.788+0000] {logging_mixin.py:151} INFO - [2026-07-10T11:46:02.788+0000] {dag.py:2941} INFO - Sync 1 DAGs
[2026-07-10T11:46:02.806+0000] {logging_mixin.py:151} INFO - [2026-07-10T11:46:02.806+0000] {dag.py:3722} INFO - Setting next_dagrun for pipeline_ingestion_suivi to 2026-07-10T11:00:00+00:00, run_after=2026-07-10T12:00:00+00:00
[2026-07-10T11:46:02.823+0000] {processor.py:179} INFO - Processing /opt/airflow/dags/dag_suivi.py took 0.092 seconds
[2026-07-10T11:46:33.065+0000] {processor.py:157} INFO - Started process (PID=7990) to work on /opt/airflow/dags/dag_suivi.py
[2026-07-10T11:46:33.065+0000] {processor.py:829} INFO - Processing file /opt/airflow/dags/dag_suivi.py for tasks to queue
[2026-07-10T11:46:33.066+0000] {logging_mixin.py:151} INFO - [2026-07-10T11:46:33.066+0000] {dagbag.py:536} INFO - Filling up the DagBag from /opt/airflow/dags/dag_suivi.py
[2026-07-10T11:46:33.085+0000] {processor.py:839} INFO - DAG(s) dict_keys(['pipeline_ingestion_suivi']) retrieved from /opt/airflow/dags/dag_suivi.py
[2026-07-10T11:46:33.108+0000] {logging_mixin.py:151} INFO - [2026-07-10T11:46:33.107+0000] {dag.py:2941} INFO - Sync 1 DAGs
[2026-07-10T11:46:33.133+0000] {logging_mixin.py:151} INFO - [2026-07-10T11:46:33.133+0000] {dag.py:3722} INFO - Setting next_dagrun for pipeline_ingestion_suivi to 2026-07-10T11:00:00+00:00, run_after=2026-07-10T12:00:00+00:00
[2026-07-10T11:46:33.154+0000] {processor.py:179} INFO - Processing /opt/airflow/dags/dag_suivi.py took 0.092 seconds
[2026-07-10T11:47:03.309+0000] {processor.py:157} INFO - Started process (PID=7995) to work on /opt/airflow/dags/dag_suivi.py
[2026-07-10T11:47:03.310+0000] {processor.py:829} INFO - Processing file /opt/airflow/dags/dag_suivi.py for tasks to queue
[2026-07-10T11:47:03.311+0000] {logging_mixin.py:151} INFO - [2026-07-10T11:47:03.310+0000] {dagbag.py:536} INFO - Filling up the DagBag from /opt/airflow/dags/dag_suivi.py
[2026-07-10T11:47:03.328+0000] {processor.py:839} INFO - DAG(s) dict_keys(['pipeline_ingestion_suivi']) retrieved from /opt/airflow/dags/dag_suivi.py
[2026-07-10T11:47:03.352+0000] {logging_mixin.py:151} INFO - [2026-07-10T11:47:03.352+0000] {dag.py:2941} INFO - Sync 1 DAGs
[2026-07-10T11:47:03.370+0000] {logging_mixin.py:151} INFO - [2026-07-10T11:47:03.370+0000] {dag.py:3722} INFO - Setting next_dagrun for pipeline_ingestion_suivi to 2026-07-10T11:00:00+00:00, run_after=2026-07-10T12:00:00+00:00
[2026-07-10T11:47:03.388+0000] {processor.py:179} INFO - Processing /opt/airflow/dags/dag_suivi.py took 0.082 seconds
[2026-07-10T11:47:33.624+0000] {processor.py:157} INFO - Started process (PID=8000) to work on /opt/airflow/dags/dag_suivi.py
[2026-07-10T11:47:33.624+0000] {processor.py:829} INFO - Processing file /opt/airflow/dags/dag_suivi.py for tasks to queue
[2026-07-10T11:47:33.625+0000] {logging_mixin.py:151} INFO - [2026-07-10T11:47:33.625+0000] {dagbag.py:536} INFO - Filling up the DagBag from /opt/airflow/dags/dag_suivi.py
[2026-07-10T11:47:33.641+0000] {processor.py:839} INFO - DAG(s) dict_keys(['pipeline_ingestion_suivi']) retrieved from /opt/airflow/dags/dag_suivi.py
[2026-07-10T11:47:33.666+0000] {logging_mixin.py:151} INFO - [2026-07-10T11:47:33.666+0000] {dag.py:2941} INFO - Sync 1 DAGs
[2026-07-10T11:47:33.684+0000] {logging_mixin.py:151} INFO - [2026-07-10T11:47:33.683+0000] {dag.py:3722} INFO - Setting next_dagrun for pipeline_ingestion_suivi to 2026-07-10T11:00:00+00:00, run_after=2026-07-10T12:00:00+00:00
[2026-07-10T11:47:33.700+0000] {processor.py:179} INFO - Processing /opt/airflow/dags/dag_suivi.py took 0.079 seconds
[2026-07-10T11:48:03.873+0000] {processor.py:157} INFO - Started process (PID=8005) to work on /opt/airflow/dags/dag_suivi.py
[2026-07-10T11:48:03.873+0000] {processor.py:829} INFO - Processing file /opt/airflow/dags/dag_suivi.py for tasks to queue
[2026-07-10T11:48:03.874+0000] {logging_mixin.py:151} INFO - [2026-07-10T11:48:03.874+0000] {dagbag.py:536} INFO - Filling up the DagBag from /opt/airflow/dags/dag_suivi.py
[2026-07-10T11:48:03.891+0000] {processor.py:839} INFO - DAG(s) dict_keys(['pipeline_ingestion_suivi']) retrieved from /opt/airflow/dags/dag_suivi.py
[2026-07-10T11:48:03.915+0000] {logging_mixin.py:151} INFO - [2026-07-10T11:48:03.915+0000] {dag.py:2941} INFO - Sync 1 DAGs
[2026-07-10T11:48:03.933+0000] {logging_mixin.py:151} INFO - [2026-07-10T11:48:03.933+0000] {dag.py:3722} INFO - Setting next_dagrun for pipeline_ingestion_suivi to 2026-07-10T11:00:00+00:00, run_after=2026-07-10T12:00:00+00:00
[2026-07-10T11:48:03.959+0000] {processor.py:179} INFO - Processing /opt/airflow/dags/dag_suivi.py took 0.089 seconds
[2026-07-10T11:48:34.188+0000] {processor.py:157} INFO - Started process (PID=8010) to work on /opt/airflow/dags/dag_suivi.py
[2026-07-10T11:48:34.188+0000] {processor.py:829} INFO - Processing file /opt/airflow/dags/dag_suivi.py for tasks to queue
[2026-07-10T11:48:34.189+0000] {logging_mixin.py:151} INFO - [2026-07-10T11:48:34.189+0000] {dagbag.py:536} INFO - Filling up the DagBag from /opt/airflow/dags/dag_suivi.py
[2026-07-10T11:48:34.206+0000] {processor.py:839} INFO - DAG(s) dict_keys(['pipeline_ingestion_suivi']) retrieved from /opt/airflow/dags/dag_suivi.py
[2026-07-10T11:48:34.231+0000] {logging_mixin.py:151} INFO - [2026-07-10T11:48:34.230+0000] {dag.py:2941} INFO - Sync 1 DAGs
[2026-07-10T11:48:34.250+0000] {logging_mixin.py:151} INFO - [2026-07-10T11:48:34.250+0000] {dag.py:3722} INFO - Setting next_dagrun for pipeline_ingestion_suivi to 2026-07-10T11:00:00+00:00, run_after=2026-07-10T12:00:00+00:00
[2026-07-10T11:48:34.271+0000] {processor.py:179} INFO - Processing /opt/airflow/dags/dag_suivi.py took 0.085 seconds
[2026-07-10T11:49:04.398+0000] {processor.py:157} INFO - Started process (PID=8015) to work on /opt/airflow/dags/dag_suivi.py
[2026-07-10T11:49:04.399+0000] {processor.py:829} INFO - Processing file /opt/airflow/dags/dag_suivi.py for tasks to queue
[2026-07-10T11:49:04.399+0000] {logging_mixin.py:151} INFO - [2026-07-10T11:49:04.399+0000] {dagbag.py:536} INFO - Filling up the DagBag from /opt/airflow/dags/dag_suivi.py
[2026-07-10T11:49:04.421+0000] {processor.py:839} INFO - DAG(s) dict_keys(['pipeline_ingestion_suivi']) retrieved from /opt/airflow/dags/dag_suivi.py
[2026-07-10T11:49:04.449+0000] {logging_mixin.py:151} INFO - [2026-07-10T11:49:04.449+0000] {dag.py:2941} INFO - Sync 1 DAGs
[2026-07-10T11:49:04.474+0000] {logging_mixin.py:151} INFO - [2026-07-10T11:49:04.473+0000] {dag.py:3722} INFO - Setting next_dagrun for pipeline_ingestion_suivi to 2026-07-10T11:00:00+00:00, run_after=2026-07-10T12:00:00+00:00
[2026-07-10T11:49:04.496+0000] {processor.py:179} INFO - Processing /opt/airflow/dags/dag_suivi.py took 0.101 seconds
[2026-07-10T11:49:34.672+0000] {processor.py:157} INFO - Started process (PID=8020) to work on /opt/airflow/dags/dag_suivi.py
[2026-07-10T11:49:34.673+0000] {processor.py:829} INFO - Processing file /opt/airflow/dags/dag_suivi.py for tasks to queue
[2026-07-10T11:49:34.674+0000] {logging_mixin.py:151} INFO - [2026-07-10T11:49:34.673+0000] {dagbag.py:536} INFO - Filling up the DagBag from /opt/airflow/dags/dag_suivi.py
[2026-07-10T11:49:34.691+0000] {processor.py:839} INFO - DAG(s) dict_keys(['pipeline_ingestion_suivi']) retrieved from /opt/airflow/dags/dag_suivi.py
[2026-07-10T11:49:34.718+0000] {logging_mixin.py:151} INFO - [2026-07-10T11:49:34.718+0000] {dag.py:2941} INFO - Sync 1 DAGs
[2026-07-10T11:49:34.736+0000] {logging_mixin.py:151} INFO - [2026-07-10T11:49:34.736+0000] {dag.py:3722} INFO - Setting next_dagrun for pipeline_ingestion_suivi to 2026-07-10T11:00:00+00:00, run_after=2026-07-10T12:00:00+00:00
[2026-07-10T11:49:34.760+0000] {processor.py:179} INFO - Processing /opt/airflow/dags/dag_suivi.py took 0.092 seconds
[2026-07-10T11:50:04.931+0000] {processor.py:157} INFO - Started process (PID=8025) to work on /opt/airflow/dags/dag_suivi.py
[2026-07-10T11:50:04.932+0000] {processor.py:829} INFO - Processing file /opt/airflow/dags/dag_suivi.py for tasks to queue
[2026-07-10T11:50:04.932+0000] {logging_mixin.py:151} INFO - [2026-07-10T11:50:04.932+0000] {dagbag.py:536} INFO - Filling up the DagBag from /opt/airflow/dags/dag_suivi.py
[2026-07-10T11:50:04.956+0000] {processor.py:839} INFO - DAG(s) dict_keys(['pipeline_ingestion_suivi']) retrieved from /opt/airflow/dags/dag_suivi.py
[2026-07-10T11:50:04.982+0000] {logging_mixin.py:151} INFO - [2026-07-10T11:50:04.981+0000] {dag.py:2941} INFO - Sync 1 DAGs
[2026-07-10T11:50:05.006+0000] {logging_mixin.py:151} INFO - [2026-07-10T11:50:05.005+0000] {dag.py:3722} INFO - Setting next_dagrun for pipeline_ingestion_suivi to 2026-07-10T11:00:00+00:00, run_after=2026-07-10T12:00:00+00:00
[2026-07-10T11:50:05.025+0000] {processor.py:179} INFO - Processing /opt/airflow/dags/dag_suivi.py took 0.098 seconds
[2026-07-10T11:50:35.209+0000] {processor.py:157} INFO - Started process (PID=8030) to work on /opt/airflow/dags/dag_suivi.py
[2026-07-10T11:50:35.209+0000] {processor.py:829} INFO - Processing file /opt/airflow/dags/dag_suivi.py for tasks to queue
[2026-07-10T11:50:35.210+0000] {logging_mixin.py:151} INFO - [2026-07-10T11:50:35.210+0000] {dagbag.py:536} INFO - Filling up the DagBag from /opt/airflow/dags/dag_suivi.py
[2026-07-10T11:50:35.240+0000] {processor.py:839} INFO - DAG(s) dict_keys(['pipeline_ingestion_suivi']) retrieved from /opt/airflow/dags/dag_suivi.py
[2026-07-10T11:50:35.262+0000] {logging_mixin.py:151} INFO - [2026-07-10T11:50:35.262+0000] {dag.py:2941} INFO - Sync 1 DAGs
[2026-07-10T11:50:35.281+0000] {logging_mixin.py:151} INFO - [2026-07-10T11:50:35.281+0000] {dag.py:3722} INFO - Setting next_dagrun for pipeline_ingestion_suivi to 2026-07-10T11:00:00+00:00, run_after=2026-07-10T12:00:00+00:00
[2026-07-10T11:50:35.301+0000] {processor.py:179} INFO - Processing /opt/airflow/dags/dag_suivi.py took 0.095 seconds
[2026-07-10T11:51:05.473+0000] {processor.py:157} INFO - Started process (PID=8035) to work on /opt/airflow/dags/dag_suivi.py
[2026-07-10T11:51:05.474+0000] {processor.py:829} INFO - Processing file /opt/airflow/dags/dag_suivi.py for tasks to queue
[2026-07-10T11:51:05.475+0000] {logging_mixin.py:151} INFO - [2026-07-10T11:51:05.475+0000] {dagbag.py:536} INFO - Filling up the DagBag from /opt/airflow/dags/dag_suivi.py
[2026-07-10T11:51:05.492+0000] {processor.py:839} INFO - DAG(s) dict_keys(['pipeline_ingestion_suivi']) retrieved from /opt/airflow/dags/dag_suivi.py
[2026-07-10T11:51:05.516+0000] {logging_mixin.py:151} INFO - [2026-07-10T11:51:05.516+0000] {dag.py:2941} INFO - Sync 1 DAGs
[2026-07-10T11:51:05.535+0000] {logging_mixin.py:151} INFO - [2026-07-10T11:51:05.534+0000] {dag.py:3722} INFO - Setting next_dagrun for pipeline_ingestion_suivi to 2026-07-10T11:00:00+00:00, run_after=2026-07-10T12:00:00+00:00
[2026-07-10T11:51:05.554+0000] {processor.py:179} INFO - Processing /opt/airflow/dags/dag_suivi.py took 0.083 seconds
[2026-07-10T11:51:35.736+0000] {processor.py:157} INFO - Started process (PID=8040) to work on /opt/airflow/dags/dag_suivi.py
[2026-07-10T11:51:35.736+0000] {processor.py:829} INFO - Processing file /opt/airflow/dags/dag_suivi.py for tasks to queue
[2026-07-10T11:51:35.737+0000] {logging_mixin.py:151} INFO - [2026-07-10T11:51:35.737+0000] {dagbag.py:536} INFO - Filling up the DagBag from /opt/airflow/dags/dag_suivi.py
[2026-07-10T11:51:35.755+0000] {processor.py:839} INFO - DAG(s) dict_keys(['pipeline_ingestion_suivi']) retrieved from /opt/airflow/dags/dag_suivi.py
[2026-07-10T11:51:35.779+0000] {logging_mixin.py:151} INFO - [2026-07-10T11:51:35.779+0000] {dag.py:2941} INFO - Sync 1 DAGs
[2026-07-10T11:51:35.797+0000] {logging_mixin.py:151} INFO - [2026-07-10T11:51:35.797+0000] {dag.py:3722} INFO - Setting next_dagrun for pipeline_ingestion_suivi to 2026-07-10T11:00:00+00:00, run_after=2026-07-10T12:00:00+00:00
[2026-07-10T11:51:35.817+0000] {processor.py:179} INFO - Processing /opt/airflow/dags/dag_suivi.py took 0.083 seconds
[2026-07-10T11:52:05.999+0000] {processor.py:157} INFO - Started process (PID=8045) to work on /opt/airflow/dags/dag_suivi.py
[2026-07-10T11:52:06.000+0000] {processor.py:829} INFO - Processing file /opt/airflow/dags/dag_suivi.py for tasks to queue
[2026-07-10T11:52:06.000+0000] {logging_mixin.py:151} INFO - [2026-07-10T11:52:06.000+0000] {dagbag.py:536} INFO - Filling up the DagBag from /opt/airflow/dags/dag_suivi.py
[2026-07-10T11:52:06.017+0000] {processor.py:839} INFO - DAG(s) dict_keys(['pipeline_ingestion_suivi']) retrieved from /opt/airflow/dags/dag_suivi.py
[2026-07-10T11:52:06.043+0000] {logging_mixin.py:151} INFO - [2026-07-10T11:52:06.043+0000] {dag.py:2941} INFO - Sync 1 DAGs
[2026-07-10T11:52:06.062+0000] {logging_mixin.py:151} INFO - [2026-07-10T11:52:06.062+0000] {dag.py:3722} INFO - Setting next_dagrun for pipeline_ingestion_suivi to 2026-07-10T11:00:00+00:00, run_after=2026-07-10T12:00:00+00:00
[2026-07-10T11:52:06.084+0000] {processor.py:179} INFO - Processing /opt/airflow/dags/dag_suivi.py took 0.087 seconds
[2026-07-10T11:52:36.264+0000] {processor.py:157} INFO - Started process (PID=8050) to work on /opt/airflow/dags/dag_suivi.py
[2026-07-10T11:52:36.265+0000] {processor.py:829} INFO - Processing file /opt/airflow/dags/dag_suivi.py for tasks to queue
[2026-07-10T11:52:36.266+0000] {logging_mixin.py:151} INFO - [2026-07-10T11:52:36.266+0000] {dagbag.py:536} INFO - Filling up the DagBag from /opt/airflow/dags/dag_suivi.py
[2026-07-10T11:52:36.285+0000] {processor.py:839} INFO - DAG(s) dict_keys(['pipeline_ingestion_suivi']) retrieved from /opt/airflow/dags/dag_suivi.py
[2026-07-10T11:52:36.308+0000] {logging_mixin.py:151} INFO - [2026-07-10T11:52:36.308+0000] {dag.py:2941} INFO - Sync 1 DAGs
[2026-07-10T11:52:36.327+0000] {logging_mixin.py:151} INFO - [2026-07-10T11:52:36.326+0000] {dag.py:3722} INFO - Setting next_dagrun for pipeline_ingestion_suivi to 2026-07-10T11:00:00+00:00, run_after=2026-07-10T12:00:00+00:00
[2026-07-10T11:52:36.354+0000] {processor.py:179} INFO - Processing /opt/airflow/dags/dag_suivi.py took 0.092 seconds
[2026-07-10T11:53:06.499+0000] {processor.py:157} INFO - Started process (PID=8055) to work on /opt/airflow/dags/dag_suivi.py
[2026-07-10T11:53:06.500+0000] {processor.py:829} INFO - Processing file /opt/airflow/dags/dag_suivi.py for tasks to queue
[2026-07-10T11:53:06.500+0000] {logging_mixin.py:151} INFO - [2026-07-10T11:53:06.500+0000] {dagbag.py:536} INFO - Filling up the DagBag from /opt/airflow/dags/dag_suivi.py
[2026-07-10T11:53:06.520+0000] {processor.py:839} INFO - DAG(s) dict_keys(['pipeline_ingestion_suivi']) retrieved from /opt/airflow/dags/dag_suivi.py
[2026-07-10T11:53:06.545+0000] {logging_mixin.py:151} INFO - [2026-07-10T11:53:06.545+0000] {dag.py:2941} INFO - Sync 1 DAGs
[2026-07-10T11:53:06.563+0000] {logging_mixin.py:151} INFO - [2026-07-10T11:53:06.562+0000] {dag.py:3722} INFO - Setting next_dagrun for pipeline_ingestion_suivi to 2026-07-10T11:00:00+00:00, run_after=2026-07-10T12:00:00+00:00
[2026-07-10T11:53:06.581+0000] {processor.py:179} INFO - Processing /opt/airflow/dags/dag_suivi.py took 0.085 seconds
[2026-07-10T11:53:36.795+0000] {processor.py:157} INFO - Started process (PID=8060) to work on /opt/airflow/dags/dag_suivi.py
[2026-07-10T11:53:36.797+0000] {processor.py:829} INFO - Processing file /opt/airflow/dags/dag_suivi.py for tasks to queue
[2026-07-10T11:53:36.798+0000] {logging_mixin.py:151} INFO - [2026-07-10T11:53:36.797+0000] {dagbag.py:536} INFO - Filling up the DagBag from /opt/airflow/dags/dag_suivi.py
[2026-07-10T11:53:36.839+0000] {processor.py:839} INFO - DAG(s) dict_keys(['pipeline_ingestion_suivi']) retrieved from /opt/airflow/dags/dag_suivi.py
[2026-07-10T11:53:36.887+0000] {logging_mixin.py:151} INFO - [2026-07-10T11:53:36.887+0000] {dag.py:2941} INFO - Sync 1 DAGs
[2026-07-10T11:53:36.921+0000] {logging_mixin.py:151} INFO - [2026-07-10T11:53:36.921+0000] {dag.py:3722} INFO - Setting next_dagrun for pipeline_ingestion_suivi to 2026-07-10T11:00:00+00:00, run_after=2026-07-10T12:00:00+00:00
[2026-07-10T11:53:36.946+0000] {processor.py:179} INFO - Processing /opt/airflow/dags/dag_suivi.py took 0.154 seconds
[2026-07-10T11:54:06.997+0000] {processor.py:157} INFO - Started process (PID=8065) to work on /opt/airflow/dags/dag_suivi.py
[2026-07-10T11:54:06.997+0000] {processor.py:829} INFO - Processing file /opt/airflow/dags/dag_suivi.py for tasks to queue
[2026-07-10T11:54:06.998+0000] {logging_mixin.py:151} INFO - [2026-07-10T11:54:06.998+0000] {dagbag.py:536} INFO - Filling up the DagBag from /opt/airflow/dags/dag_suivi.py
[2026-07-10T11:54:07.020+0000] {processor.py:839} INFO - DAG(s) dict_keys(['pipeline_ingestion_suivi']) retrieved from /opt/airflow/dags/dag_suivi.py
[2026-07-10T11:54:07.052+0000] {logging_mixin.py:151} INFO - [2026-07-10T11:54:07.052+0000] {dag.py:2941} INFO - Sync 1 DAGs
[2026-07-10T11:54:07.078+0000] {logging_mixin.py:151} INFO - [2026-07-10T11:54:07.077+0000] {dag.py:3722} INFO - Setting next_dagrun for pipeline_ingestion_suivi to 2026-07-10T11:00:00+00:00, run_after=2026-07-10T12:00:00+00:00
[2026-07-10T11:54:07.112+0000] {processor.py:179} INFO - Processing /opt/airflow/dags/dag_suivi.py took 0.119 seconds
[2026-07-10T11:54:37.431+0000] {processor.py:157} INFO - Started process (PID=8070) to work on /opt/airflow/dags/dag_suivi.py
[2026-07-10T11:54:37.432+0000] {processor.py:829} INFO - Processing file /opt/airflow/dags/dag_suivi.py for tasks to queue
[2026-07-10T11:54:37.433+0000] {logging_mixin.py:151} INFO - [2026-07-10T11:54:37.433+0000] {dagbag.py:536} INFO - Filling up the DagBag from /opt/airflow/dags/dag_suivi.py
[2026-07-10T11:54:37.470+0000] {processor.py:839} INFO - DAG(s) dict_keys(['pipeline_ingestion_suivi']) retrieved from /opt/airflow/dags/dag_suivi.py
[2026-07-10T11:54:37.513+0000] {logging_mixin.py:151} INFO - [2026-07-10T11:54:37.513+0000] {dag.py:2941} INFO - Sync 1 DAGs
[2026-07-10T11:54:37.547+0000] {logging_mixin.py:151} INFO - [2026-07-10T11:54:37.547+0000] {dag.py:3722} INFO - Setting next_dagrun for pipeline_ingestion_suivi to 2026-07-10T11:00:00+00:00, run_after=2026-07-10T12:00:00+00:00
[2026-07-10T11:54:37.578+0000] {processor.py:179} INFO - Processing /opt/airflow/dags/dag_suivi.py took 0.150 seconds
[2026-07-10T11:55:07.860+0000] {processor.py:157} INFO - Started process (PID=8075) to work on /opt/airflow/dags/dag_suivi.py
[2026-07-10T11:55:07.861+0000] {processor.py:829} INFO - Processing file /opt/airflow/dags/dag_suivi.py for tasks to queue
[2026-07-10T11:55:07.862+0000] {logging_mixin.py:151} INFO - [2026-07-10T11:55:07.862+0000] {dagbag.py:536} INFO - Filling up the DagBag from /opt/airflow/dags/dag_suivi.py
[2026-07-10T11:55:07.887+0000] {processor.py:839} INFO - DAG(s) dict_keys(['pipeline_ingestion_suivi']) retrieved from /opt/airflow/dags/dag_suivi.py
[2026-07-10T11:55:07.921+0000] {logging_mixin.py:151} INFO - [2026-07-10T11:55:07.921+0000] {dag.py:2941} INFO - Sync 1 DAGs
[2026-07-10T11:55:07.946+0000] {logging_mixin.py:151} INFO - [2026-07-10T11:55:07.946+0000] {dag.py:3722} INFO - Setting next_dagrun for pipeline_ingestion_suivi to 2026-07-10T11:00:00+00:00, run_after=2026-07-10T12:00:00+00:00
[2026-07-10T11:55:07.973+0000] {processor.py:179} INFO - Processing /opt/airflow/dags/dag_suivi.py took 0.116 seconds
[2026-07-10T11:55:38.056+0000] {processor.py:157} INFO - Started process (PID=8080) to work on /opt/airflow/dags/dag_suivi.py
[2026-07-10T11:55:38.057+0000] {processor.py:829} INFO - Processing file /opt/airflow/dags/dag_suivi.py for tasks to queue
[2026-07-10T11:55:38.058+0000] {logging_mixin.py:151} INFO - [2026-07-10T11:55:38.057+0000] {dagbag.py:536} INFO - Filling up the DagBag from /opt/airflow/dags/dag_suivi.py
[2026-07-10T11:55:38.081+0000] {processor.py:839} INFO - DAG(s) dict_keys(['pipeline_ingestion_suivi']) retrieved from /opt/airflow/dags/dag_suivi.py
[2026-07-10T11:55:38.114+0000] {logging_mixin.py:151} INFO - [2026-07-10T11:55:38.113+0000] {dag.py:2941} INFO - Sync 1 DAGs
[2026-07-10T11:55:38.139+0000] {logging_mixin.py:151} INFO - [2026-07-10T11:55:38.139+0000] {dag.py:3722} INFO - Setting next_dagrun for pipeline_ingestion_suivi to 2026-07-10T11:00:00+00:00, run_after=2026-07-10T12:00:00+00:00
[2026-07-10T11:55:38.162+0000] {processor.py:179} INFO - Processing /opt/airflow/dags/dag_suivi.py took 0.110 seconds
[2026-07-10T11:56:08.355+0000] {processor.py:157} INFO - Started process (PID=8085) to work on /opt/airflow/dags/dag_suivi.py
[2026-07-10T11:56:08.356+0000] {processor.py:829} INFO - Processing file /opt/airflow/dags/dag_suivi.py for tasks to queue
[2026-07-10T11:56:08.357+0000] {logging_mixin.py:151} INFO - [2026-07-10T11:56:08.357+0000] {dagbag.py:536} INFO - Filling up the DagBag from /opt/airflow/dags/dag_suivi.py
[2026-07-10T11:56:08.384+0000] {processor.py:839} INFO - DAG(s) dict_keys(['pipeline_ingestion_suivi']) retrieved from /opt/airflow/dags/dag_suivi.py
[2026-07-10T11:56:08.421+0000] {logging_mixin.py:151} INFO - [2026-07-10T11:56:08.421+0000] {dag.py:2941} INFO - Sync 1 DAGs
[2026-07-10T11:56:08.446+0000] {logging_mixin.py:151} INFO - [2026-07-10T11:56:08.446+0000] {dag.py:3722} INFO - Setting next_dagrun for pipeline_ingestion_suivi to 2026-07-10T11:00:00+00:00, run_after=2026-07-10T12:00:00+00:00
[2026-07-10T11:56:08.471+0000] {processor.py:179} INFO - Processing /opt/airflow/dags/dag_suivi.py took 0.119 seconds
[2026-07-10T11:56:38.541+0000] {processor.py:157} INFO - Started process (PID=8090) to work on /opt/airflow/dags/dag_suivi.py
[2026-07-10T11:56:38.542+0000] {processor.py:829} INFO - Processing file /opt/airflow/dags/dag_suivi.py for tasks to queue
[2026-07-10T11:56:38.545+0000] {logging_mixin.py:151} INFO - [2026-07-10T11:56:38.545+0000] {dagbag.py:536} INFO - Filling up the DagBag from /opt/airflow/dags/dag_suivi.py
[2026-07-10T11:56:38.568+0000] {processor.py:839} INFO - DAG(s) dict_keys(['pipeline_ingestion_suivi']) retrieved from /opt/airflow/dags/dag_suivi.py
[2026-07-10T11:56:38.603+0000] {logging_mixin.py:151} INFO - [2026-07-10T11:56:38.603+0000] {dag.py:2941} INFO - Sync 1 DAGs
[2026-07-10T11:56:38.628+0000] {logging_mixin.py:151} INFO - [2026-07-10T11:56:38.628+0000] {dag.py:3722} INFO - Setting next_dagrun for pipeline_ingestion_suivi to 2026-07-10T11:00:00+00:00, run_after=2026-07-10T12:00:00+00:00
[2026-07-10T11:56:38.653+0000] {processor.py:179} INFO - Processing /opt/airflow/dags/dag_suivi.py took 0.116 seconds
[2026-07-10T11:57:08.815+0000] {processor.py:157} INFO - Started process (PID=8095) to work on /opt/airflow/dags/dag_suivi.py
[2026-07-10T11:57:08.816+0000] {processor.py:829} INFO - Processing file /opt/airflow/dags/dag_suivi.py for tasks to queue
[2026-07-10T11:57:08.817+0000] {logging_mixin.py:151} INFO - [2026-07-10T11:57:08.817+0000] {dagbag.py:536} INFO - Filling up the DagBag from /opt/airflow/dags/dag_suivi.py
[2026-07-10T11:57:08.847+0000] {processor.py:839} INFO - DAG(s) dict_keys(['pipeline_ingestion_suivi']) retrieved from /opt/airflow/dags/dag_suivi.py
[2026-07-10T11:57:08.882+0000] {logging_mixin.py:151} INFO - [2026-07-10T11:57:08.882+0000] {dag.py:2941} INFO - Sync 1 DAGs
[2026-07-10T11:57:08.917+0000] {logging_mixin.py:151} INFO - [2026-07-10T11:57:08.916+0000] {dag.py:3722} INFO - Setting next_dagrun for pipeline_ingestion_suivi to 2026-07-10T11:00:00+00:00, run_after=2026-07-10T12:00:00+00:00
[2026-07-10T11:57:08.939+0000] {processor.py:179} INFO - Processing /opt/airflow/dags/dag_suivi.py took 0.129 seconds
[2026-07-10T11:57:39.059+0000] {processor.py:157} INFO - Started process (PID=8100) to work on /opt/airflow/dags/dag_suivi.py
[2026-07-10T11:57:39.060+0000] {processor.py:829} INFO - Processing file /opt/airflow/dags/dag_suivi.py for tasks to queue
[2026-07-10T11:57:39.061+0000] {logging_mixin.py:151} INFO - [2026-07-10T11:57:39.061+0000] {dagbag.py:536} INFO - Filling up the DagBag from /opt/airflow/dags/dag_suivi.py
[2026-07-10T11:57:39.095+0000] {processor.py:839} INFO - DAG(s) dict_keys(['pipeline_ingestion_suivi']) retrieved from /opt/airflow/dags/dag_suivi.py
[2026-07-10T11:57:39.137+0000] {logging_mixin.py:151} INFO - [2026-07-10T11:57:39.137+0000] {dag.py:2941} INFO - Sync 1 DAGs
[2026-07-10T11:57:39.164+0000] {logging_mixin.py:151} INFO - [2026-07-10T11:57:39.164+0000] {dag.py:3722} INFO - Setting next_dagrun for pipeline_ingestion_suivi to 2026-07-10T11:00:00+00:00, run_after=2026-07-10T12:00:00+00:00
[2026-07-10T11:57:39.188+0000] {processor.py:179} INFO - Processing /opt/airflow/dags/dag_suivi.py took 0.137 seconds
[2026-07-10T11:58:09.330+0000] {processor.py:157} INFO - Started process (PID=8105) to work on /opt/airflow/dags/dag_suivi.py
[2026-07-10T11:58:09.330+0000] {processor.py:829} INFO - Processing file /opt/airflow/dags/dag_suivi.py for tasks to queue
[2026-07-10T11:58:09.331+0000] {logging_mixin.py:151} INFO - [2026-07-10T11:58:09.331+0000] {dagbag.py:536} INFO - Filling up the DagBag from /opt/airflow/dags/dag_suivi.py
[2026-07-10T11:58:09.353+0000] {processor.py:839} INFO - DAG(s) dict_keys(['pipeline_ingestion_suivi']) retrieved from /opt/airflow/dags/dag_suivi.py
[2026-07-10T11:58:09.380+0000] {logging_mixin.py:151} INFO - [2026-07-10T11:58:09.380+0000] {dag.py:2941} INFO - Sync 1 DAGs
[2026-07-10T11:58:09.408+0000] {logging_mixin.py:151} INFO - [2026-07-10T11:58:09.407+0000] {dag.py:3722} INFO - Setting next_dagrun for pipeline_ingestion_suivi to 2026-07-10T11:00:00+00:00, run_after=2026-07-10T12:00:00+00:00
[2026-07-10T11:58:09.430+0000] {processor.py:179} INFO - Processing /opt/airflow/dags/dag_suivi.py took 0.104 seconds
[2026-07-10T11:58:39.588+0000] {processor.py:157} INFO - Started process (PID=8110) to work on /opt/airflow/dags/dag_suivi.py
[2026-07-10T11:58:39.589+0000] {processor.py:829} INFO - Processing file /opt/airflow/dags/dag_suivi.py for tasks to queue
[2026-07-10T11:58:39.590+0000] {logging_mixin.py:151} INFO - [2026-07-10T11:58:39.590+0000] {dagbag.py:536} INFO - Filling up the DagBag from /opt/airflow/dags/dag_suivi.py
[2026-07-10T11:58:39.615+0000] {processor.py:839} INFO - DAG(s) dict_keys(['pipeline_ingestion_suivi']) retrieved from /opt/airflow/dags/dag_suivi.py
[2026-07-10T11:58:39.652+0000] {logging_mixin.py:151} INFO - [2026-07-10T11:58:39.652+0000] {dag.py:2941} INFO - Sync 1 DAGs
[2026-07-10T11:58:39.688+0000] {logging_mixin.py:151} INFO - [2026-07-10T11:58:39.688+0000] {dag.py:3722} INFO - Setting next_dagrun for pipeline_ingestion_suivi to 2026-07-10T11:00:00+00:00, run_after=2026-07-10T12:00:00+00:00
[2026-07-10T11:58:39.723+0000] {processor.py:179} INFO - Processing /opt/airflow/dags/dag_suivi.py took 0.140 seconds
[2026-07-10T11:59:09.807+0000] {processor.py:157} INFO - Started process (PID=8115) to work on /opt/airflow/dags/dag_suivi.py
[2026-07-10T11:59:09.808+0000] {processor.py:829} INFO - Processing file /opt/airflow/dags/dag_suivi.py for tasks to queue
[2026-07-10T11:59:09.809+0000] {logging_mixin.py:151} INFO - [2026-07-10T11:59:09.809+0000] {dagbag.py:536} INFO - Filling up the DagBag from /opt/airflow/dags/dag_suivi.py
[2026-07-10T11:59:09.830+0000] {processor.py:839} INFO - DAG(s) dict_keys(['pipeline_ingestion_suivi']) retrieved from /opt/airflow/dags/dag_suivi.py
[2026-07-10T11:59:09.858+0000] {logging_mixin.py:151} INFO - [2026-07-10T11:59:09.857+0000] {dag.py:2941} INFO - Sync 1 DAGs
[2026-07-10T11:59:09.881+0000] {logging_mixin.py:151} INFO - [2026-07-10T11:59:09.881+0000] {dag.py:3722} INFO - Setting next_dagrun for pipeline_ingestion_suivi to 2026-07-10T11:00:00+00:00, run_after=2026-07-10T12:00:00+00:00
[2026-07-10T11:59:09.901+0000] {processor.py:179} INFO - Processing /opt/airflow/dags/dag_suivi.py took 0.097 seconds
[2026-07-10T11:59:40.126+0000] {processor.py:157} INFO - Started process (PID=8120) to work on /opt/airflow/dags/dag_suivi.py
[2026-07-10T11:59:40.126+0000] {processor.py:829} INFO - Processing file /opt/airflow/dags/dag_suivi.py for tasks to queue
[2026-07-10T11:59:40.127+0000] {logging_mixin.py:151} INFO - [2026-07-10T11:59:40.127+0000] {dagbag.py:536} INFO - Filling up the DagBag from /opt/airflow/dags/dag_suivi.py
[2026-07-10T11:59:40.145+0000] {processor.py:839} INFO - DAG(s) dict_keys(['pipeline_ingestion_suivi']) retrieved from /opt/airflow/dags/dag_suivi.py
[2026-07-10T11:59:40.169+0000] {logging_mixin.py:151} INFO - [2026-07-10T11:59:40.168+0000] {dag.py:2941} INFO - Sync 1 DAGs
[2026-07-10T11:59:40.186+0000] {logging_mixin.py:151} INFO - [2026-07-10T11:59:40.186+0000] {dag.py:3722} INFO - Setting next_dagrun for pipeline_ingestion_suivi to 2026-07-10T11:00:00+00:00, run_after=2026-07-10T12:00:00+00:00
[2026-07-10T11:59:40.205+0000] {processor.py:179} INFO - Processing /opt/airflow/dags/dag_suivi.py took 0.081 seconds
[2026-07-10T12:00:10.368+0000] {processor.py:157} INFO - Started process (PID=8127) to work on /opt/airflow/dags/dag_suivi.py
[2026-07-10T12:00:10.369+0000] {processor.py:829} INFO - Processing file /opt/airflow/dags/dag_suivi.py for tasks to queue
[2026-07-10T12:00:10.370+0000] {logging_mixin.py:151} INFO - [2026-07-10T12:00:10.370+0000] {dagbag.py:536} INFO - Filling up the DagBag from /opt/airflow/dags/dag_suivi.py
[2026-07-10T12:00:10.391+0000] {processor.py:839} INFO - DAG(s) dict_keys(['pipeline_ingestion_suivi']) retrieved from /opt/airflow/dags/dag_suivi.py
[2026-07-10T12:00:10.415+0000] {logging_mixin.py:151} INFO - [2026-07-10T12:00:10.415+0000] {dag.py:2941} INFO - Sync 1 DAGs
[2026-07-10T12:00:10.435+0000] {logging_mixin.py:151} INFO - [2026-07-10T12:00:10.435+0000] {dag.py:3722} INFO - Setting next_dagrun for pipeline_ingestion_suivi to 2026-07-10T12:00:00+00:00, run_after=2026-07-10T13:00:00+00:00
[2026-07-10T12:00:10.457+0000] {processor.py:179} INFO - Processing /opt/airflow/dags/dag_suivi.py took 0.092 seconds
[2026-07-10T12:00:40.646+0000] {processor.py:157} INFO - Started process (PID=8132) to work on /opt/airflow/dags/dag_suivi.py
[2026-07-10T12:00:40.646+0000] {processor.py:829} INFO - Processing file /opt/airflow/dags/dag_suivi.py for tasks to queue
[2026-07-10T12:00:40.647+0000] {logging_mixin.py:151} INFO - [2026-07-10T12:00:40.647+0000] {dagbag.py:536} INFO - Filling up the DagBag from /opt/airflow/dags/dag_suivi.py
[2026-07-10T12:00:40.668+0000] {processor.py:839} INFO - DAG(s) dict_keys(['pipeline_ingestion_suivi']) retrieved from /opt/airflow/dags/dag_suivi.py
[2026-07-10T12:00:40.695+0000] {logging_mixin.py:151} INFO - [2026-07-10T12:00:40.695+0000] {dag.py:2941} INFO - Sync 1 DAGs
[2026-07-10T12:00:40.717+0000] {logging_mixin.py:151} INFO - [2026-07-10T12:00:40.716+0000] {dag.py:3722} INFO - Setting next_dagrun for pipeline_ingestion_suivi to 2026-07-10T12:00:00+00:00, run_after=2026-07-10T13:00:00+00:00
[2026-07-10T12:00:40.742+0000] {processor.py:179} INFO - Processing /opt/airflow/dags/dag_suivi.py took 0.100 seconds
[2026-07-10T12:01:10.924+0000] {processor.py:157} INFO - Started process (PID=8137) to work on /opt/airflow/dags/dag_suivi.py
[2026-07-10T12:01:10.925+0000] {processor.py:829} INFO - Processing file /opt/airflow/dags/dag_suivi.py for tasks to queue
[2026-07-10T12:01:10.926+0000] {logging_mixin.py:151} INFO - [2026-07-10T12:01:10.926+0000] {dagbag.py:536} INFO - Filling up the DagBag from /opt/airflow/dags/dag_suivi.py
[2026-07-10T12:01:10.943+0000] {processor.py:839} INFO - DAG(s) dict_keys(['pipeline_ingestion_suivi']) retrieved from /opt/airflow/dags/dag_suivi.py
[2026-07-10T12:01:10.967+0000] {logging_mixin.py:151} INFO - [2026-07-10T12:01:10.967+0000] {dag.py:2941} INFO - Sync 1 DAGs
[2026-07-10T12:01:10.985+0000] {logging_mixin.py:151} INFO - [2026-07-10T12:01:10.985+0000] {dag.py:3722} INFO - Setting next_dagrun for pipeline_ingestion_suivi to 2026-07-10T12:00:00+00:00, run_after=2026-07-10T13:00:00+00:00
[2026-07-10T12:01:11.004+0000] {processor.py:179} INFO - Processing /opt/airflow/dags/dag_suivi.py took 0.082 seconds
[2026-07-10T12:01:41.212+0000] {processor.py:157} INFO - Started process (PID=8142) to work on /opt/airflow/dags/dag_suivi.py
[2026-07-10T12:01:41.213+0000] {processor.py:829} INFO - Processing file /opt/airflow/dags/dag_suivi.py for tasks to queue
[2026-07-10T12:01:41.214+0000] {logging_mixin.py:151} INFO - [2026-07-10T12:01:41.213+0000] {dagbag.py:536} INFO - Filling up the DagBag from /opt/airflow/dags/dag_suivi.py
[2026-07-10T12:01:41.239+0000] {processor.py:839} INFO - DAG(s) dict_keys(['pipeline_ingestion_suivi']) retrieved from /opt/airflow/dags/dag_suivi.py
[2026-07-10T12:01:41.268+0000] {logging_mixin.py:151} INFO - [2026-07-10T12:01:41.268+0000] {dag.py:2941} INFO - Sync 1 DAGs
[2026-07-10T12:01:41.289+0000] {logging_mixin.py:151} INFO - [2026-07-10T12:01:41.288+0000] {dag.py:3722} INFO - Setting next_dagrun for pipeline_ingestion_suivi to 2026-07-10T12:00:00+00:00, run_after=2026-07-10T13:00:00+00:00
[2026-07-10T12:01:41.309+0000] {processor.py:179} INFO - Processing /opt/airflow/dags/dag_suivi.py took 0.101 seconds
[2026-07-10T12:02:11.466+0000] {processor.py:157} INFO - Started process (PID=8147) to work on /opt/airflow/dags/dag_suivi.py
[2026-07-10T12:02:11.467+0000] {processor.py:829} INFO - Processing file /opt/airflow/dags/dag_suivi.py for tasks to queue
[2026-07-10T12:02:11.468+0000] {logging_mixin.py:151} INFO - [2026-07-10T12:02:11.467+0000] {dagbag.py:536} INFO - Filling up the DagBag from /opt/airflow/dags/dag_suivi.py
[2026-07-10T12:02:11.490+0000] {processor.py:839} INFO - DAG(s) dict_keys(['pipeline_ingestion_suivi']) retrieved from /opt/airflow/dags/dag_suivi.py
[2026-07-10T12:02:11.519+0000] {logging_mixin.py:151} INFO - [2026-07-10T12:02:11.519+0000] {dag.py:2941} INFO - Sync 1 DAGs
[2026-07-10T12:02:11.540+0000] {logging_mixin.py:151} INFO - [2026-07-10T12:02:11.540+0000] {dag.py:3722} INFO - Setting next_dagrun for pipeline_ingestion_suivi to 2026-07-10T12:00:00+00:00, run_after=2026-07-10T13:00:00+00:00
[2026-07-10T12:02:11.558+0000] {processor.py:179} INFO - Processing /opt/airflow/dags/dag_suivi.py took 0.096 seconds
[2026-07-10T12:02:41.779+0000] {processor.py:157} INFO - Started process (PID=8152) to work on /opt/airflow/dags/dag_suivi.py
[2026-07-10T12:02:41.780+0000] {processor.py:829} INFO - Processing file /opt/airflow/dags/dag_suivi.py for tasks to queue
[2026-07-10T12:02:41.781+0000] {logging_mixin.py:151} INFO - [2026-07-10T12:02:41.781+0000] {dagbag.py:536} INFO - Filling up the DagBag from /opt/airflow/dags/dag_suivi.py
[2026-07-10T12:02:41.803+0000] {processor.py:839} INFO - DAG(s) dict_keys(['pipeline_ingestion_suivi']) retrieved from /opt/airflow/dags/dag_suivi.py
[2026-07-10T12:02:41.827+0000] {logging_mixin.py:151} INFO - [2026-07-10T12:02:41.827+0000] {dag.py:2941} INFO - Sync 1 DAGs
[2026-07-10T12:02:41.847+0000] {logging_mixin.py:151} INFO - [2026-07-10T12:02:41.846+0000] {dag.py:3722} INFO - Setting next_dagrun for pipeline_ingestion_suivi to 2026-07-10T12:00:00+00:00, run_after=2026-07-10T13:00:00+00:00
[2026-07-10T12:02:41.866+0000] {processor.py:179} INFO - Processing /opt/airflow/dags/dag_suivi.py took 0.090 seconds
[2026-07-10T12:03:12.042+0000] {processor.py:157} INFO - Started process (PID=8157) to work on /opt/airflow/dags/dag_suivi.py
[2026-07-10T12:03:12.042+0000] {processor.py:829} INFO - Processing file /opt/airflow/dags/dag_suivi.py for tasks to queue
[2026-07-10T12:03:12.043+0000] {logging_mixin.py:151} INFO - [2026-07-10T12:03:12.043+0000] {dagbag.py:536} INFO - Filling up the DagBag from /opt/airflow/dags/dag_suivi.py
[2026-07-10T12:03:12.062+0000] {processor.py:839} INFO - DAG(s) dict_keys(['pipeline_ingestion_suivi']) retrieved from /opt/airflow/dags/dag_suivi.py
[2026-07-10T12:03:12.087+0000] {logging_mixin.py:151} INFO - [2026-07-10T12:03:12.087+0000] {dag.py:2941} INFO - Sync 1 DAGs
[2026-07-10T12:03:12.109+0000] {logging_mixin.py:151} INFO - [2026-07-10T12:03:12.109+0000] {dag.py:3722} INFO - Setting next_dagrun for pipeline_ingestion_suivi to 2026-07-10T12:00:00+00:00, run_after=2026-07-10T13:00:00+00:00
[2026-07-10T12:03:12.127+0000] {processor.py:179} INFO - Processing /opt/airflow/dags/dag_suivi.py took 0.088 seconds
[2026-07-10T12:03:42.367+0000] {processor.py:157} INFO - Started process (PID=8162) to work on /opt/airflow/dags/dag_suivi.py
[2026-07-10T12:03:42.368+0000] {processor.py:829} INFO - Processing file /opt/airflow/dags/dag_suivi.py for tasks to queue
[2026-07-10T12:03:42.369+0000] {logging_mixin.py:151} INFO - [2026-07-10T12:03:42.368+0000] {dagbag.py:536} INFO - Filling up the DagBag from /opt/airflow/dags/dag_suivi.py
[2026-07-10T12:03:42.386+0000] {processor.py:839} INFO - DAG(s) dict_keys(['pipeline_ingestion_suivi']) retrieved from /opt/airflow/dags/dag_suivi.py
[2026-07-10T12:03:42.411+0000] {logging_mixin.py:151} INFO - [2026-07-10T12:03:42.411+0000] {dag.py:2941} INFO - Sync 1 DAGs
[2026-07-10T12:03:42.431+0000] {logging_mixin.py:151} INFO - [2026-07-10T12:03:42.431+0000] {dag.py:3722} INFO - Setting next_dagrun for pipeline_ingestion_suivi to 2026-07-10T12:00:00+00:00, run_after=2026-07-10T13:00:00+00:00
[2026-07-10T12:03:42.450+0000] {processor.py:179} INFO - Processing /opt/airflow/dags/dag_suivi.py took 0.086 seconds
[2026-07-10T12:04:12.606+0000] {processor.py:157} INFO - Started process (PID=8167) to work on /opt/airflow/dags/dag_suivi.py
[2026-07-10T12:04:12.607+0000] {processor.py:829} INFO - Processing file /opt/airflow/dags/dag_suivi.py for tasks to queue
[2026-07-10T12:04:12.608+0000] {logging_mixin.py:151} INFO - [2026-07-10T12:04:12.607+0000] {dagbag.py:536} INFO - Filling up the DagBag from /opt/airflow/dags/dag_suivi.py
[2026-07-10T12:04:12.629+0000] {processor.py:839} INFO - DAG(s) dict_keys(['pipeline_ingestion_suivi']) retrieved from /opt/airflow/dags/dag_suivi.py
[2026-07-10T12:04:12.656+0000] {logging_mixin.py:151} INFO - [2026-07-10T12:04:12.656+0000] {dag.py:2941} INFO - Sync 1 DAGs
[2026-07-10T12:04:12.676+0000] {logging_mixin.py:151} INFO - [2026-07-10T12:04:12.676+0000] {dag.py:3722} INFO - Setting next_dagrun for pipeline_ingestion_suivi to 2026-07-10T12:00:00+00:00, run_after=2026-07-10T13:00:00+00:00
[2026-07-10T12:04:12.693+0000] {processor.py:179} INFO - Processing /opt/airflow/dags/dag_suivi.py took 0.090 seconds
[2026-07-10T12:04:42.926+0000] {processor.py:157} INFO - Started process (PID=8172) to work on /opt/airflow/dags/dag_suivi.py
[2026-07-10T12:04:42.927+0000] {processor.py:829} INFO - Processing file /opt/airflow/dags/dag_suivi.py for tasks to queue
[2026-07-10T12:04:42.927+0000] {logging_mixin.py:151} INFO - [2026-07-10T12:04:42.927+0000] {dagbag.py:536} INFO - Filling up the DagBag from /opt/airflow/dags/dag_suivi.py
[2026-07-10T12:04:42.951+0000] {processor.py:839} INFO - DAG(s) dict_keys(['pipeline_ingestion_suivi']) retrieved from /opt/airflow/dags/dag_suivi.py
[2026-07-10T12:04:42.977+0000] {logging_mixin.py:151} INFO - [2026-07-10T12:04:42.976+0000] {dag.py:2941} INFO - Sync 1 DAGs
[2026-07-10T12:04:42.997+0000] {logging_mixin.py:151} INFO - [2026-07-10T12:04:42.996+0000] {dag.py:3722} INFO - Setting next_dagrun for pipeline_ingestion_suivi to 2026-07-10T12:00:00+00:00, run_after=2026-07-10T13:00:00+00:00
[2026-07-10T12:04:43.029+0000] {processor.py:179} INFO - Processing /opt/airflow/dags/dag_suivi.py took 0.105 seconds
[2026-07-10T12:05:13.167+0000] {processor.py:157} INFO - Started process (PID=8177) to work on /opt/airflow/dags/dag_suivi.py
[2026-07-10T12:05:13.167+0000] {processor.py:829} INFO - Processing file /opt/airflow/dags/dag_suivi.py for tasks to queue
[2026-07-10T12:05:13.168+0000] {logging_mixin.py:151} INFO - [2026-07-10T12:05:13.168+0000] {dagbag.py:536} INFO - Filling up the DagBag from /opt/airflow/dags/dag_suivi.py
[2026-07-10T12:05:13.189+0000] {processor.py:839} INFO - DAG(s) dict_keys(['pipeline_ingestion_suivi']) retrieved from /opt/airflow/dags/dag_suivi.py
[2026-07-10T12:05:13.216+0000] {logging_mixin.py:151} INFO - [2026-07-10T12:05:13.216+0000] {dag.py:2941} INFO - Sync 1 DAGs
[2026-07-10T12:05:13.235+0000] {logging_mixin.py:151} INFO - [2026-07-10T12:05:13.235+0000] {dag.py:3722} INFO - Setting next_dagrun for pipeline_ingestion_suivi to 2026-07-10T12:00:00+00:00, run_after=2026-07-10T13:00:00+00:00
[2026-07-10T12:05:13.252+0000] {processor.py:179} INFO - Processing /opt/airflow/dags/dag_suivi.py took 0.089 seconds
[2026-07-10T12:05:43.460+0000] {processor.py:157} INFO - Started process (PID=8182) to work on /opt/airflow/dags/dag_suivi.py
[2026-07-10T12:05:43.460+0000] {processor.py:829} INFO - Processing file /opt/airflow/dags/dag_suivi.py for tasks to queue
[2026-07-10T12:05:43.461+0000] {logging_mixin.py:151} INFO - [2026-07-10T12:05:43.461+0000] {dagbag.py:536} INFO - Filling up the DagBag from /opt/airflow/dags/dag_suivi.py
[2026-07-10T12:05:43.483+0000] {processor.py:839} INFO - DAG(s) dict_keys(['pipeline_ingestion_suivi']) retrieved from /opt/airflow/dags/dag_suivi.py
[2026-07-10T12:05:43.512+0000] {logging_mixin.py:151} INFO - [2026-07-10T12:05:43.511+0000] {dag.py:2941} INFO - Sync 1 DAGs
[2026-07-10T12:05:43.536+0000] {logging_mixin.py:151} INFO - [2026-07-10T12:05:43.536+0000] {dag.py:3722} INFO - Setting next_dagrun for pipeline_ingestion_suivi to 2026-07-10T12:00:00+00:00, run_after=2026-07-10T13:00:00+00:00
[2026-07-10T12:05:43.564+0000] {processor.py:179} INFO - Processing /opt/airflow/dags/dag_suivi.py took 0.108 seconds
[2026-07-10T12:06:13.687+0000] {processor.py:157} INFO - Started process (PID=8187) to work on /opt/airflow/dags/dag_suivi.py
[2026-07-10T12:06:13.688+0000] {processor.py:829} INFO - Processing file /opt/airflow/dags/dag_suivi.py for tasks to queue
[2026-07-10T12:06:13.689+0000] {logging_mixin.py:151} INFO - [2026-07-10T12:06:13.688+0000] {dagbag.py:536} INFO - Filling up the DagBag from /opt/airflow/dags/dag_suivi.py
[2026-07-10T12:06:13.719+0000] {processor.py:839} INFO - DAG(s) dict_keys(['pipeline_ingestion_suivi']) retrieved from /opt/airflow/dags/dag_suivi.py
[2026-07-10T12:06:13.746+0000] {logging_mixin.py:151} INFO - [2026-07-10T12:06:13.746+0000] {dag.py:2941} INFO - Sync 1 DAGs
[2026-07-10T12:06:13.764+0000] {logging_mixin.py:151} INFO - [2026-07-10T12:06:13.764+0000] {dag.py:3722} INFO - Setting next_dagrun for pipeline_ingestion_suivi to 2026-07-10T12:00:00+00:00, run_after=2026-07-10T13:00:00+00:00
[2026-07-10T12:06:13.791+0000] {processor.py:179} INFO - Processing /opt/airflow/dags/dag_suivi.py took 0.106 seconds
[2026-07-10T12:06:44.036+0000] {processor.py:157} INFO - Started process (PID=8192) to work on /opt/airflow/dags/dag_suivi.py
[2026-07-10T12:06:44.037+0000] {processor.py:829} INFO - Processing file /opt/airflow/dags/dag_suivi.py for tasks to queue
[2026-07-10T12:06:44.038+0000] {logging_mixin.py:151} INFO - [2026-07-10T12:06:44.037+0000] {dagbag.py:536} INFO - Filling up the DagBag from /opt/airflow/dags/dag_suivi.py
[2026-07-10T12:06:44.062+0000] {processor.py:839} INFO - DAG(s) dict_keys(['pipeline_ingestion_suivi']) retrieved from /opt/airflow/dags/dag_suivi.py
[2026-07-10T12:06:44.088+0000] {logging_mixin.py:151} INFO - [2026-07-10T12:06:44.088+0000] {dag.py:2941} INFO - Sync 1 DAGs
[2026-07-10T12:06:44.107+0000] {logging_mixin.py:151} INFO - [2026-07-10T12:06:44.107+0000] {dag.py:3722} INFO - Setting next_dagrun for pipeline_ingestion_suivi to 2026-07-10T12:00:00+00:00, run_after=2026-07-10T13:00:00+00:00
[2026-07-10T12:06:44.125+0000] {processor.py:179} INFO - Processing /opt/airflow/dags/dag_suivi.py took 0.093 seconds
[2026-07-10T12:07:14.271+0000] {processor.py:157} INFO - Started process (PID=8197) to work on /opt/airflow/dags/dag_suivi.py
[2026-07-10T12:07:14.271+0000] {processor.py:829} INFO - Processing file /opt/airflow/dags/dag_suivi.py for tasks to queue
[2026-07-10T12:07:14.272+0000] {logging_mixin.py:151} INFO - [2026-07-10T12:07:14.272+0000] {dagbag.py:536} INFO - Filling up the DagBag from /opt/airflow/dags/dag_suivi.py
[2026-07-10T12:07:14.296+0000] {processor.py:839} INFO - DAG(s) dict_keys(['pipeline_ingestion_suivi']) retrieved from /opt/airflow/dags/dag_suivi.py
[2026-07-10T12:07:14.321+0000] {logging_mixin.py:151} INFO - [2026-07-10T12:07:14.321+0000] {dag.py:2941} INFO - Sync 1 DAGs
[2026-07-10T12:07:14.339+0000] {logging_mixin.py:151} INFO - [2026-07-10T12:07:14.339+0000] {dag.py:3722} INFO - Setting next_dagrun for pipeline_ingestion_suivi to 2026-07-10T12:00:00+00:00, run_after=2026-07-10T13:00:00+00:00
[2026-07-10T12:07:14.358+0000] {processor.py:179} INFO - Processing /opt/airflow/dags/dag_suivi.py took 0.091 seconds
[2026-07-10T12:07:44.552+0000] {processor.py:157} INFO - Started process (PID=8202) to work on /opt/airflow/dags/dag_suivi.py
[2026-07-10T12:07:44.553+0000] {processor.py:829} INFO - Processing file /opt/airflow/dags/dag_suivi.py for tasks to queue
[2026-07-10T12:07:44.554+0000] {logging_mixin.py:151} INFO - [2026-07-10T12:07:44.554+0000] {dagbag.py:536} INFO - Filling up the DagBag from /opt/airflow/dags/dag_suivi.py
[2026-07-10T12:07:44.574+0000] {processor.py:839} INFO - DAG(s) dict_keys(['pipeline_ingestion_suivi']) retrieved from /opt/airflow/dags/dag_suivi.py
[2026-07-10T12:07:44.601+0000] {logging_mixin.py:151} INFO - [2026-07-10T12:07:44.601+0000] {dag.py:2941} INFO - Sync 1 DAGs
[2026-07-10T12:07:44.636+0000] {logging_mixin.py:151} INFO - [2026-07-10T12:07:44.635+0000] {dag.py:3722} INFO - Setting next_dagrun for pipeline_ingestion_suivi to 2026-07-10T12:00:00+00:00, run_after=2026-07-10T13:00:00+00:00
[2026-07-10T12:07:44.664+0000] {processor.py:179} INFO - Processing /opt/airflow/dags/dag_suivi.py took 0.115 seconds
[2026-07-10T12:08:14.771+0000] {processor.py:157} INFO - Started process (PID=8207) to work on /opt/airflow/dags/dag_suivi.py
[2026-07-10T12:08:14.772+0000] {processor.py:829} INFO - Processing file /opt/airflow/dags/dag_suivi.py for tasks to queue
[2026-07-10T12:08:14.773+0000] {logging_mixin.py:151} INFO - [2026-07-10T12:08:14.772+0000] {dagbag.py:536} INFO - Filling up the DagBag from /opt/airflow/dags/dag_suivi.py
[2026-07-10T12:08:14.791+0000] {processor.py:839} INFO - DAG(s) dict_keys(['pipeline_ingestion_suivi']) retrieved from /opt/airflow/dags/dag_suivi.py
[2026-07-10T12:08:14.819+0000] {logging_mixin.py:151} INFO - [2026-07-10T12:08:14.819+0000] {dag.py:2941} INFO - Sync 1 DAGs
[2026-07-10T12:08:14.837+0000] {logging_mixin.py:151} INFO - [2026-07-10T12:08:14.837+0000] {dag.py:3722} INFO - Setting next_dagrun for pipeline_ingestion_suivi to 2026-07-10T12:00:00+00:00, run_after=2026-07-10T13:00:00+00:00
[2026-07-10T12:08:14.855+0000] {processor.py:179} INFO - Processing /opt/airflow/dags/dag_suivi.py took 0.086 seconds
[2026-07-10T12:08:45.109+0000] {processor.py:157} INFO - Started process (PID=8212) to work on /opt/airflow/dags/dag_suivi.py
[2026-07-10T12:08:45.110+0000] {processor.py:829} INFO - Processing file /opt/airflow/dags/dag_suivi.py for tasks to queue
[2026-07-10T12:08:45.111+0000] {logging_mixin.py:151} INFO - [2026-07-10T12:08:45.110+0000] {dagbag.py:536} INFO - Filling up the DagBag from /opt/airflow/dags/dag_suivi.py
[2026-07-10T12:08:45.130+0000] {processor.py:839} INFO - DAG(s) dict_keys(['pipeline_ingestion_suivi']) retrieved from /opt/airflow/dags/dag_suivi.py
[2026-07-10T12:08:45.154+0000] {logging_mixin.py:151} INFO - [2026-07-10T12:08:45.154+0000] {dag.py:2941} INFO - Sync 1 DAGs
[2026-07-10T12:08:45.172+0000] {logging_mixin.py:151} INFO - [2026-07-10T12:08:45.172+0000] {dag.py:3722} INFO - Setting next_dagrun for pipeline_ingestion_suivi to 2026-07-10T12:00:00+00:00, run_after=2026-07-10T13:00:00+00:00
[2026-07-10T12:08:45.190+0000] {processor.py:179} INFO - Processing /opt/airflow/dags/dag_suivi.py took 0.083 seconds
[2026-07-10T12:09:15.331+0000] {processor.py:157} INFO - Started process (PID=8217) to work on /opt/airflow/dags/dag_suivi.py
[2026-07-10T12:09:15.331+0000] {processor.py:829} INFO - Processing file /opt/airflow/dags/dag_suivi.py for tasks to queue
[2026-07-10T12:09:15.332+0000] {logging_mixin.py:151} INFO - [2026-07-10T12:09:15.332+0000] {dagbag.py:536} INFO - Filling up the DagBag from /opt/airflow/dags/dag_suivi.py
[2026-07-10T12:09:15.351+0000] {processor.py:839} INFO - DAG(s) dict_keys(['pipeline_ingestion_suivi']) retrieved from /opt/airflow/dags/dag_suivi.py
[2026-07-10T12:09:15.376+0000] {logging_mixin.py:151} INFO - [2026-07-10T12:09:15.376+0000] {dag.py:2941} INFO - Sync 1 DAGs
[2026-07-10T12:09:15.395+0000] {logging_mixin.py:151} INFO - [2026-07-10T12:09:15.395+0000] {dag.py:3722} INFO - Setting next_dagrun for pipeline_ingestion_suivi to 2026-07-10T12:00:00+00:00, run_after=2026-07-10T13:00:00+00:00
[2026-07-10T12:09:15.422+0000] {processor.py:179} INFO - Processing /opt/airflow/dags/dag_suivi.py took 0.094 seconds
[2026-07-10T12:09:45.625+0000] {processor.py:157} INFO - Started process (PID=8222) to work on /opt/airflow/dags/dag_suivi.py
[2026-07-10T12:09:45.626+0000] {processor.py:829} INFO - Processing file /opt/airflow/dags/dag_suivi.py for tasks to queue
[2026-07-10T12:09:45.628+0000] {logging_mixin.py:151} INFO - [2026-07-10T12:09:45.627+0000] {dagbag.py:536} INFO - Filling up the DagBag from /opt/airflow/dags/dag_suivi.py
[2026-07-10T12:09:45.648+0000] {processor.py:839} INFO - DAG(s) dict_keys(['pipeline_ingestion_suivi']) retrieved from /opt/airflow/dags/dag_suivi.py
[2026-07-10T12:09:45.672+0000] {logging_mixin.py:151} INFO - [2026-07-10T12:09:45.672+0000] {dag.py:2941} INFO - Sync 1 DAGs
[2026-07-10T12:09:45.693+0000] {logging_mixin.py:151} INFO - [2026-07-10T12:09:45.693+0000] {dag.py:3722} INFO - Setting next_dagrun for pipeline_ingestion_suivi to 2026-07-10T12:00:00+00:00, run_after=2026-07-10T13:00:00+00:00
[2026-07-10T12:09:45.716+0000] {processor.py:179} INFO - Processing /opt/airflow/dags/dag_suivi.py took 0.094 seconds
[2026-07-10T12:10:15.827+0000] {processor.py:157} INFO - Started process (PID=8227) to work on /opt/airflow/dags/dag_suivi.py
[2026-07-10T12:10:15.827+0000] {processor.py:829} INFO - Processing file /opt/airflow/dags/dag_suivi.py for tasks to queue
[2026-07-10T12:10:15.828+0000] {logging_mixin.py:151} INFO - [2026-07-10T12:10:15.828+0000] {dagbag.py:536} INFO - Filling up the DagBag from /opt/airflow/dags/dag_suivi.py
[2026-07-10T12:10:15.848+0000] {processor.py:839} INFO - DAG(s) dict_keys(['pipeline_ingestion_suivi']) retrieved from /opt/airflow/dags/dag_suivi.py
[2026-07-10T12:10:15.873+0000] {logging_mixin.py:151} INFO - [2026-07-10T12:10:15.873+0000] {dag.py:2941} INFO - Sync 1 DAGs
[2026-07-10T12:10:15.894+0000] {logging_mixin.py:151} INFO - [2026-07-10T12:10:15.894+0000] {dag.py:3722} INFO - Setting next_dagrun for pipeline_ingestion_suivi to 2026-07-10T12:00:00+00:00, run_after=2026-07-10T13:00:00+00:00
[2026-07-10T12:10:15.912+0000] {processor.py:179} INFO - Processing /opt/airflow/dags/dag_suivi.py took 0.088 seconds
[2026-07-10T12:10:46.137+0000] {processor.py:157} INFO - Started process (PID=8232) to work on /opt/airflow/dags/dag_suivi.py
[2026-07-10T12:10:46.138+0000] {processor.py:829} INFO - Processing file /opt/airflow/dags/dag_suivi.py for tasks to queue
[2026-07-10T12:10:46.138+0000] {logging_mixin.py:151} INFO - [2026-07-10T12:10:46.138+0000] {dagbag.py:536} INFO - Filling up the DagBag from /opt/airflow/dags/dag_suivi.py
[2026-07-10T12:10:46.159+0000] {processor.py:839} INFO - DAG(s) dict_keys(['pipeline_ingestion_suivi']) retrieved from /opt/airflow/dags/dag_suivi.py
[2026-07-10T12:10:46.186+0000] {logging_mixin.py:151} INFO - [2026-07-10T12:10:46.186+0000] {dag.py:2941} INFO - Sync 1 DAGs
[2026-07-10T12:10:46.210+0000] {logging_mixin.py:151} INFO - [2026-07-10T12:10:46.210+0000] {dag.py:3722} INFO - Setting next_dagrun for pipeline_ingestion_suivi to 2026-07-10T12:00:00+00:00, run_after=2026-07-10T13:00:00+00:00
[2026-07-10T12:10:46.241+0000] {processor.py:179} INFO - Processing /opt/airflow/dags/dag_suivi.py took 0.106 seconds
[2026-07-10T12:11:16.350+0000] {processor.py:157} INFO - Started process (PID=8237) to work on /opt/airflow/dags/dag_suivi.py
[2026-07-10T12:11:16.351+0000] {processor.py:829} INFO - Processing file /opt/airflow/dags/dag_suivi.py for tasks to queue
[2026-07-10T12:11:16.352+0000] {logging_mixin.py:151} INFO - [2026-07-10T12:11:16.352+0000] {dagbag.py:536} INFO - Filling up the DagBag from /opt/airflow/dags/dag_suivi.py
[2026-07-10T12:11:16.370+0000] {processor.py:839} INFO - DAG(s) dict_keys(['pipeline_ingestion_suivi']) retrieved from /opt/airflow/dags/dag_suivi.py
[2026-07-10T12:11:16.396+0000] {logging_mixin.py:151} INFO - [2026-07-10T12:11:16.395+0000] {dag.py:2941} INFO - Sync 1 DAGs
[2026-07-10T12:11:16.416+0000] {logging_mixin.py:151} INFO - [2026-07-10T12:11:16.416+0000] {dag.py:3722} INFO - Setting next_dagrun for pipeline_ingestion_suivi to 2026-07-10T12:00:00+00:00, run_after=2026-07-10T13:00:00+00:00
[2026-07-10T12:11:16.437+0000] {processor.py:179} INFO - Processing /opt/airflow/dags/dag_suivi.py took 0.089 seconds
[2026-07-10T12:11:46.639+0000] {processor.py:157} INFO - Started process (PID=8242) to work on /opt/airflow/dags/dag_suivi.py
[2026-07-10T12:11:46.640+0000] {processor.py:829} INFO - Processing file /opt/airflow/dags/dag_suivi.py for tasks to queue
[2026-07-10T12:11:46.641+0000] {logging_mixin.py:151} INFO - [2026-07-10T12:11:46.641+0000] {dagbag.py:536} INFO - Filling up the DagBag from /opt/airflow/dags/dag_suivi.py
[2026-07-10T12:11:46.657+0000] {processor.py:839} INFO - DAG(s) dict_keys(['pipeline_ingestion_suivi']) retrieved from /opt/airflow/dags/dag_suivi.py
[2026-07-10T12:11:46.681+0000] {logging_mixin.py:151} INFO - [2026-07-10T12:11:46.681+0000] {dag.py:2941} INFO - Sync 1 DAGs
[2026-07-10T12:11:46.700+0000] {logging_mixin.py:151} INFO - [2026-07-10T12:11:46.700+0000] {dag.py:3722} INFO - Setting next_dagrun for pipeline_ingestion_suivi to 2026-07-10T12:00:00+00:00, run_after=2026-07-10T13:00:00+00:00
[2026-07-10T12:11:46.718+0000] {processor.py:179} INFO - Processing /opt/airflow/dags/dag_suivi.py took 0.081 seconds
[2026-07-10T12:12:16.884+0000] {processor.py:157} INFO - Started process (PID=8247) to work on /opt/airflow/dags/dag_suivi.py
[2026-07-10T12:12:16.885+0000] {processor.py:829} INFO - Processing file /opt/airflow/dags/dag_suivi.py for tasks to queue
[2026-07-10T12:12:16.886+0000] {logging_mixin.py:151} INFO - [2026-07-10T12:12:16.885+0000] {dagbag.py:536} INFO - Filling up the DagBag from /opt/airflow/dags/dag_suivi.py
[2026-07-10T12:12:16.904+0000] {processor.py:839} INFO - DAG(s) dict_keys(['pipeline_ingestion_suivi']) retrieved from /opt/airflow/dags/dag_suivi.py
[2026-07-10T12:12:16.931+0000] {logging_mixin.py:151} INFO - [2026-07-10T12:12:16.931+0000] {dag.py:2941} INFO - Sync 1 DAGs
[2026-07-10T12:12:16.949+0000] {logging_mixin.py:151} INFO - [2026-07-10T12:12:16.949+0000] {dag.py:3722} INFO - Setting next_dagrun for pipeline_ingestion_suivi to 2026-07-10T12:00:00+00:00, run_after=2026-07-10T13:00:00+00:00
[2026-07-10T12:12:16.968+0000] {processor.py:179} INFO - Processing /opt/airflow/dags/dag_suivi.py took 0.088 seconds
[2026-07-10T12:12:47.169+0000] {processor.py:157} INFO - Started process (PID=8252) to work on /opt/airflow/dags/dag_suivi.py
[2026-07-10T12:12:47.169+0000] {processor.py:829} INFO - Processing file /opt/airflow/dags/dag_suivi.py for tasks to queue
[2026-07-10T12:12:47.170+0000] {logging_mixin.py:151} INFO - [2026-07-10T12:12:47.170+0000] {dagbag.py:536} INFO - Filling up the DagBag from /opt/airflow/dags/dag_suivi.py
[2026-07-10T12:12:47.191+0000] {processor.py:839} INFO - DAG(s) dict_keys(['pipeline_ingestion_suivi']) retrieved from /opt/airflow/dags/dag_suivi.py
[2026-07-10T12:12:47.217+0000] {logging_mixin.py:151} INFO - [2026-07-10T12:12:47.216+0000] {dag.py:2941} INFO - Sync 1 DAGs
[2026-07-10T12:12:47.236+0000] {logging_mixin.py:151} INFO - [2026-07-10T12:12:47.236+0000] {dag.py:3722} INFO - Setting next_dagrun for pipeline_ingestion_suivi to 2026-07-10T12:00:00+00:00, run_after=2026-07-10T13:00:00+00:00
[2026-07-10T12:12:47.254+0000] {processor.py:179} INFO - Processing /opt/airflow/dags/dag_suivi.py took 0.088 seconds
[2026-07-10T12:13:17.409+0000] {processor.py:157} INFO - Started process (PID=8257) to work on /opt/airflow/dags/dag_suivi.py
[2026-07-10T12:13:17.410+0000] {processor.py:829} INFO - Processing file /opt/airflow/dags/dag_suivi.py for tasks to queue
[2026-07-10T12:13:17.411+0000] {logging_mixin.py:151} INFO - [2026-07-10T12:13:17.410+0000] {dagbag.py:536} INFO - Filling up the DagBag from /opt/airflow/dags/dag_suivi.py
[2026-07-10T12:13:17.431+0000] {processor.py:839} INFO - DAG(s) dict_keys(['pipeline_ingestion_suivi']) retrieved from /opt/airflow/dags/dag_suivi.py
[2026-07-10T12:13:17.467+0000] {logging_mixin.py:151} INFO - [2026-07-10T12:13:17.466+0000] {dag.py:2941} INFO - Sync 1 DAGs
[2026-07-10T12:13:17.495+0000] {logging_mixin.py:151} INFO - [2026-07-10T12:13:17.495+0000] {dag.py:3722} INFO - Setting next_dagrun for pipeline_ingestion_suivi to 2026-07-10T12:00:00+00:00, run_after=2026-07-10T13:00:00+00:00
[2026-07-10T12:13:17.520+0000] {processor.py:179} INFO - Processing /opt/airflow/dags/dag_suivi.py took 0.116 seconds
[2026-07-10T12:13:47.687+0000] {processor.py:157} INFO - Started process (PID=8262) to work on /opt/airflow/dags/dag_suivi.py
[2026-07-10T12:13:47.687+0000] {processor.py:829} INFO - Processing file /opt/airflow/dags/dag_suivi.py for tasks to queue
[2026-07-10T12:13:47.688+0000] {logging_mixin.py:151} INFO - [2026-07-10T12:13:47.688+0000] {dagbag.py:536} INFO - Filling up the DagBag from /opt/airflow/dags/dag_suivi.py
[2026-07-10T12:13:47.705+0000] {processor.py:839} INFO - DAG(s) dict_keys(['pipeline_ingestion_suivi']) retrieved from /opt/airflow/dags/dag_suivi.py
[2026-07-10T12:13:47.731+0000] {logging_mixin.py:151} INFO - [2026-07-10T12:13:47.731+0000] {dag.py:2941} INFO - Sync 1 DAGs
[2026-07-10T12:13:47.750+0000] {logging_mixin.py:151} INFO - [2026-07-10T12:13:47.749+0000] {dag.py:3722} INFO - Setting next_dagrun for pipeline_ingestion_suivi to 2026-07-10T12:00:00+00:00, run_after=2026-07-10T13:00:00+00:00
[2026-07-10T12:13:47.777+0000] {processor.py:179} INFO - Processing /opt/airflow/dags/dag_suivi.py took 0.093 seconds
[2026-07-10T12:14:17.949+0000] {processor.py:157} INFO - Started process (PID=8267) to work on /opt/airflow/dags/dag_suivi.py
[2026-07-10T12:14:17.950+0000] {processor.py:829} INFO - Processing file /opt/airflow/dags/dag_suivi.py for tasks to queue
[2026-07-10T12:14:17.950+0000] {logging_mixin.py:151} INFO - [2026-07-10T12:14:17.950+0000] {dagbag.py:536} INFO - Filling up the DagBag from /opt/airflow/dags/dag_suivi.py
[2026-07-10T12:14:17.969+0000] {processor.py:839} INFO - DAG(s) dict_keys(['pipeline_ingestion_suivi']) retrieved from /opt/airflow/dags/dag_suivi.py
[2026-07-10T12:14:17.994+0000] {logging_mixin.py:151} INFO - [2026-07-10T12:14:17.994+0000] {dag.py:2941} INFO - Sync 1 DAGs
[2026-07-10T12:14:18.014+0000] {logging_mixin.py:151} INFO - [2026-07-10T12:14:18.014+0000] {dag.py:3722} INFO - Setting next_dagrun for pipeline_ingestion_suivi to 2026-07-10T12:00:00+00:00, run_after=2026-07-10T13:00:00+00:00
[2026-07-10T12:14:18.033+0000] {processor.py:179} INFO - Processing /opt/airflow/dags/dag_suivi.py took 0.087 seconds
[2026-07-10T12:14:48.184+0000] {processor.py:157} INFO - Started process (PID=8272) to work on /opt/airflow/dags/dag_suivi.py
[2026-07-10T12:14:48.185+0000] {processor.py:829} INFO - Processing file /opt/airflow/dags/dag_suivi.py for tasks to queue
[2026-07-10T12:14:48.186+0000] {logging_mixin.py:151} INFO - [2026-07-10T12:14:48.185+0000] {dagbag.py:536} INFO - Filling up the DagBag from /opt/airflow/dags/dag_suivi.py
[2026-07-10T12:14:48.204+0000] {processor.py:839} INFO - DAG(s) dict_keys(['pipeline_ingestion_suivi']) retrieved from /opt/airflow/dags/dag_suivi.py
[2026-07-10T12:14:48.231+0000] {logging_mixin.py:151} INFO - [2026-07-10T12:14:48.231+0000] {dag.py:2941} INFO - Sync 1 DAGs
[2026-07-10T12:14:48.251+0000] {logging_mixin.py:151} INFO - [2026-07-10T12:14:48.251+0000] {dag.py:3722} INFO - Setting next_dagrun for pipeline_ingestion_suivi to 2026-07-10T12:00:00+00:00, run_after=2026-07-10T13:00:00+00:00
[2026-07-10T12:14:48.269+0000] {processor.py:179} INFO - Processing /opt/airflow/dags/dag_suivi.py took 0.087 seconds
[2026-07-10T12:15:18.448+0000] {processor.py:157} INFO - Started process (PID=8277) to work on /opt/airflow/dags/dag_suivi.py
[2026-07-10T12:15:18.449+0000] {processor.py:829} INFO - Processing file /opt/airflow/dags/dag_suivi.py for tasks to queue
[2026-07-10T12:15:18.450+0000] {logging_mixin.py:151} INFO - [2026-07-10T12:15:18.450+0000] {dagbag.py:536} INFO - Filling up the DagBag from /opt/airflow/dags/dag_suivi.py
[2026-07-10T12:15:18.472+0000] {processor.py:839} INFO - DAG(s) dict_keys(['pipeline_ingestion_suivi']) retrieved from /opt/airflow/dags/dag_suivi.py
[2026-07-10T12:15:18.500+0000] {logging_mixin.py:151} INFO - [2026-07-10T12:15:18.499+0000] {dag.py:2941} INFO - Sync 1 DAGs
[2026-07-10T12:15:18.521+0000] {logging_mixin.py:151} INFO - [2026-07-10T12:15:18.521+0000] {dag.py:3722} INFO - Setting next_dagrun for pipeline_ingestion_suivi to 2026-07-10T12:00:00+00:00, run_after=2026-07-10T13:00:00+00:00
[2026-07-10T12:15:18.553+0000] {processor.py:179} INFO - Processing /opt/airflow/dags/dag_suivi.py took 0.108 seconds
[2026-07-10T12:15:48.633+0000] {processor.py:157} INFO - Started process (PID=8282) to work on /opt/airflow/dags/dag_suivi.py
[2026-07-10T12:15:48.633+0000] {processor.py:829} INFO - Processing file /opt/airflow/dags/dag_suivi.py for tasks to queue
[2026-07-10T12:15:48.634+0000] {logging_mixin.py:151} INFO - [2026-07-10T12:15:48.634+0000] {dagbag.py:536} INFO - Filling up the DagBag from /opt/airflow/dags/dag_suivi.py
[2026-07-10T12:15:48.657+0000] {processor.py:839} INFO - DAG(s) dict_keys(['pipeline_ingestion_suivi']) retrieved from /opt/airflow/dags/dag_suivi.py
[2026-07-10T12:15:48.685+0000] {logging_mixin.py:151} INFO - [2026-07-10T12:15:48.684+0000] {dag.py:2941} INFO - Sync 1 DAGs
[2026-07-10T12:15:48.706+0000] {logging_mixin.py:151} INFO - [2026-07-10T12:15:48.706+0000] {dag.py:3722} INFO - Setting next_dagrun for pipeline_ingestion_suivi to 2026-07-10T12:00:00+00:00, run_after=2026-07-10T13:00:00+00:00
[2026-07-10T12:15:48.728+0000] {processor.py:179} INFO - Processing /opt/airflow/dags/dag_suivi.py took 0.098 seconds
[2026-07-10T12:16:18.926+0000] {processor.py:157} INFO - Started process (PID=8287) to work on /opt/airflow/dags/dag_suivi.py
[2026-07-10T12:16:18.927+0000] {processor.py:829} INFO - Processing file /opt/airflow/dags/dag_suivi.py for tasks to queue
[2026-07-10T12:16:18.928+0000] {logging_mixin.py:151} INFO - [2026-07-10T12:16:18.928+0000] {dagbag.py:536} INFO - Filling up the DagBag from /opt/airflow/dags/dag_suivi.py
[2026-07-10T12:16:18.947+0000] {processor.py:839} INFO - DAG(s) dict_keys(['pipeline_ingestion_suivi']) retrieved from /opt/airflow/dags/dag_suivi.py
[2026-07-10T12:16:18.975+0000] {logging_mixin.py:151} INFO - [2026-07-10T12:16:18.975+0000] {dag.py:2941} INFO - Sync 1 DAGs
[2026-07-10T12:16:18.998+0000] {logging_mixin.py:151} INFO - [2026-07-10T12:16:18.998+0000] {dag.py:3722} INFO - Setting next_dagrun for pipeline_ingestion_suivi to 2026-07-10T12:00:00+00:00, run_after=2026-07-10T13:00:00+00:00
[2026-07-10T12:16:19.017+0000] {processor.py:179} INFO - Processing /opt/airflow/dags/dag_suivi.py took 0.093 seconds
[2026-07-10T12:16:49.150+0000] {processor.py:157} INFO - Started process (PID=8292) to work on /opt/airflow/dags/dag_suivi.py
[2026-07-10T12:16:49.150+0000] {processor.py:829} INFO - Processing file /opt/airflow/dags/dag_suivi.py for tasks to queue
[2026-07-10T12:16:49.151+0000] {logging_mixin.py:151} INFO - [2026-07-10T12:16:49.151+0000] {dagbag.py:536} INFO - Filling up the DagBag from /opt/airflow/dags/dag_suivi.py
[2026-07-10T12:16:49.172+0000] {processor.py:839} INFO - DAG(s) dict_keys(['pipeline_ingestion_suivi']) retrieved from /opt/airflow/dags/dag_suivi.py
[2026-07-10T12:16:49.199+0000] {logging_mixin.py:151} INFO - [2026-07-10T12:16:49.199+0000] {dag.py:2941} INFO - Sync 1 DAGs
[2026-07-10T12:16:49.218+0000] {logging_mixin.py:151} INFO - [2026-07-10T12:16:49.218+0000] {dag.py:3722} INFO - Setting next_dagrun for pipeline_ingestion_suivi to 2026-07-10T12:00:00+00:00, run_after=2026-07-10T13:00:00+00:00
[2026-07-10T12:16:49.237+0000] {processor.py:179} INFO - Processing /opt/airflow/dags/dag_suivi.py took 0.090 seconds
[2026-07-10T12:17:19.411+0000] {processor.py:157} INFO - Started process (PID=8297) to work on /opt/airflow/dags/dag_suivi.py
[2026-07-10T12:17:19.412+0000] {processor.py:829} INFO - Processing file /opt/airflow/dags/dag_suivi.py for tasks to queue
[2026-07-10T12:17:19.413+0000] {logging_mixin.py:151} INFO - [2026-07-10T12:17:19.413+0000] {dagbag.py:536} INFO - Filling up the DagBag from /opt/airflow/dags/dag_suivi.py
[2026-07-10T12:17:19.440+0000] {processor.py:839} INFO - DAG(s) dict_keys(['pipeline_ingestion_suivi']) retrieved from /opt/airflow/dags/dag_suivi.py
[2026-07-10T12:17:19.470+0000] {logging_mixin.py:151} INFO - [2026-07-10T12:17:19.470+0000] {dag.py:2941} INFO - Sync 1 DAGs
[2026-07-10T12:17:19.491+0000] {logging_mixin.py:151} INFO - [2026-07-10T12:17:19.491+0000] {dag.py:3722} INFO - Setting next_dagrun for pipeline_ingestion_suivi to 2026-07-10T12:00:00+00:00, run_after=2026-07-10T13:00:00+00:00
[2026-07-10T12:17:19.512+0000] {processor.py:179} INFO - Processing /opt/airflow/dags/dag_suivi.py took 0.104 seconds
[2026-07-10T12:17:49.630+0000] {processor.py:157} INFO - Started process (PID=8302) to work on /opt/airflow/dags/dag_suivi.py
[2026-07-10T12:17:49.630+0000] {processor.py:829} INFO - Processing file /opt/airflow/dags/dag_suivi.py for tasks to queue
[2026-07-10T12:17:49.632+0000] {logging_mixin.py:151} INFO - [2026-07-10T12:17:49.632+0000] {dagbag.py:536} INFO - Filling up the DagBag from /opt/airflow/dags/dag_suivi.py
[2026-07-10T12:17:49.649+0000] {processor.py:839} INFO - DAG(s) dict_keys(['pipeline_ingestion_suivi']) retrieved from /opt/airflow/dags/dag_suivi.py
[2026-07-10T12:17:49.674+0000] {logging_mixin.py:151} INFO - [2026-07-10T12:17:49.674+0000] {dag.py:2941} INFO - Sync 1 DAGs
[2026-07-10T12:17:49.698+0000] {logging_mixin.py:151} INFO - [2026-07-10T12:17:49.698+0000] {dag.py:3722} INFO - Setting next_dagrun for pipeline_ingestion_suivi to 2026-07-10T12:00:00+00:00, run_after=2026-07-10T13:00:00+00:00
[2026-07-10T12:17:49.716+0000] {processor.py:179} INFO - Processing /opt/airflow/dags/dag_suivi.py took 0.090 seconds
[2026-07-10T12:18:19.914+0000] {processor.py:157} INFO - Started process (PID=8307) to work on /opt/airflow/dags/dag_suivi.py
[2026-07-10T12:18:19.914+0000] {processor.py:829} INFO - Processing file /opt/airflow/dags/dag_suivi.py for tasks to queue
[2026-07-10T12:18:19.915+0000] {logging_mixin.py:151} INFO - [2026-07-10T12:18:19.915+0000] {dagbag.py:536} INFO - Filling up the DagBag from /opt/airflow/dags/dag_suivi.py
[2026-07-10T12:18:19.933+0000] {processor.py:839} INFO - DAG(s) dict_keys(['pipeline_ingestion_suivi']) retrieved from /opt/airflow/dags/dag_suivi.py
[2026-07-10T12:18:19.960+0000] {logging_mixin.py:151} INFO - [2026-07-10T12:18:19.960+0000] {dag.py:2941} INFO - Sync 1 DAGs
[2026-07-10T12:18:19.978+0000] {logging_mixin.py:151} INFO - [2026-07-10T12:18:19.978+0000] {dag.py:3722} INFO - Setting next_dagrun for pipeline_ingestion_suivi to 2026-07-10T12:00:00+00:00, run_after=2026-07-10T13:00:00+00:00
[2026-07-10T12:18:20.005+0000] {processor.py:179} INFO - Processing /opt/airflow/dags/dag_suivi.py took 0.093 seconds
[2026-07-10T12:18:50.122+0000] {processor.py:157} INFO - Started process (PID=8312) to work on /opt/airflow/dags/dag_suivi.py
[2026-07-10T12:18:50.123+0000] {processor.py:829} INFO - Processing file /opt/airflow/dags/dag_suivi.py for tasks to queue
[2026-07-10T12:18:50.124+0000] {logging_mixin.py:151} INFO - [2026-07-10T12:18:50.124+0000] {dagbag.py:536} INFO - Filling up the DagBag from /opt/airflow/dags/dag_suivi.py
[2026-07-10T12:18:50.142+0000] {processor.py:839} INFO - DAG(s) dict_keys(['pipeline_ingestion_suivi']) retrieved from /opt/airflow/dags/dag_suivi.py
[2026-07-10T12:18:50.171+0000] {logging_mixin.py:151} INFO - [2026-07-10T12:18:50.170+0000] {dag.py:2941} INFO - Sync 1 DAGs
[2026-07-10T12:18:50.194+0000] {logging_mixin.py:151} INFO - [2026-07-10T12:18:50.193+0000] {dag.py:3722} INFO - Setting next_dagrun for pipeline_ingestion_suivi to 2026-07-10T12:00:00+00:00, run_after=2026-07-10T13:00:00+00:00
[2026-07-10T12:18:50.212+0000] {processor.py:179} INFO - Processing /opt/airflow/dags/dag_suivi.py took 0.093 seconds
[2026-07-10T12:19:20.424+0000] {processor.py:157} INFO - Started process (PID=8317) to work on /opt/airflow/dags/dag_suivi.py
[2026-07-10T12:19:20.425+0000] {processor.py:829} INFO - Processing file /opt/airflow/dags/dag_suivi.py for tasks to queue
[2026-07-10T12:19:20.426+0000] {logging_mixin.py:151} INFO - [2026-07-10T12:19:20.425+0000] {dagbag.py:536} INFO - Filling up the DagBag from /opt/airflow/dags/dag_suivi.py
[2026-07-10T12:19:20.445+0000] {processor.py:839} INFO - DAG(s) dict_keys(['pipeline_ingestion_suivi']) retrieved from /opt/airflow/dags/dag_suivi.py
[2026-07-10T12:19:20.471+0000] {logging_mixin.py:151} INFO - [2026-07-10T12:19:20.470+0000] {dag.py:2941} INFO - Sync 1 DAGs
[2026-07-10T12:19:20.490+0000] {logging_mixin.py:151} INFO - [2026-07-10T12:19:20.490+0000] {dag.py:3722} INFO - Setting next_dagrun for pipeline_ingestion_suivi to 2026-07-10T12:00:00+00:00, run_after=2026-07-10T13:00:00+00:00
[2026-07-10T12:19:20.510+0000] {processor.py:179} INFO - Processing /opt/airflow/dags/dag_suivi.py took 0.088 seconds
[2026-07-10T12:19:50.639+0000] {processor.py:157} INFO - Started process (PID=8322) to work on /opt/airflow/dags/dag_suivi.py
[2026-07-10T12:19:50.640+0000] {processor.py:829} INFO - Processing file /opt/airflow/dags/dag_suivi.py for tasks to queue
[2026-07-10T12:19:50.641+0000] {logging_mixin.py:151} INFO - [2026-07-10T12:19:50.641+0000] {dagbag.py:536} INFO - Filling up the DagBag from /opt/airflow/dags/dag_suivi.py
[2026-07-10T12:19:50.661+0000] {processor.py:839} INFO - DAG(s) dict_keys(['pipeline_ingestion_suivi']) retrieved from /opt/airflow/dags/dag_suivi.py
[2026-07-10T12:19:50.686+0000] {logging_mixin.py:151} INFO - [2026-07-10T12:19:50.686+0000] {dag.py:2941} INFO - Sync 1 DAGs
[2026-07-10T12:19:50.710+0000] {logging_mixin.py:151} INFO - [2026-07-10T12:19:50.709+0000] {dag.py:3722} INFO - Setting next_dagrun for pipeline_ingestion_suivi to 2026-07-10T12:00:00+00:00, run_after=2026-07-10T13:00:00+00:00
[2026-07-10T12:19:50.727+0000] {processor.py:179} INFO - Processing /opt/airflow/dags/dag_suivi.py took 0.091 seconds
[2026-07-10T12:20:20.917+0000] {processor.py:157} INFO - Started process (PID=8327) to work on /opt/airflow/dags/dag_suivi.py
[2026-07-10T12:20:20.917+0000] {processor.py:829} INFO - Processing file /opt/airflow/dags/dag_suivi.py for tasks to queue
[2026-07-10T12:20:20.918+0000] {logging_mixin.py:151} INFO - [2026-07-10T12:20:20.918+0000] {dagbag.py:536} INFO - Filling up the DagBag from /opt/airflow/dags/dag_suivi.py
[2026-07-10T12:20:20.935+0000] {processor.py:839} INFO - DAG(s) dict_keys(['pipeline_ingestion_suivi']) retrieved from /opt/airflow/dags/dag_suivi.py
[2026-07-10T12:20:20.962+0000] {logging_mixin.py:151} INFO - [2026-07-10T12:20:20.962+0000] {dag.py:2941} INFO - Sync 1 DAGs
[2026-07-10T12:20:20.981+0000] {logging_mixin.py:151} INFO - [2026-07-10T12:20:20.981+0000] {dag.py:3722} INFO - Setting next_dagrun for pipeline_ingestion_suivi to 2026-07-10T12:00:00+00:00, run_after=2026-07-10T13:00:00+00:00
[2026-07-10T12:20:21.000+0000] {processor.py:179} INFO - Processing /opt/airflow/dags/dag_suivi.py took 0.085 seconds
[2026-07-10T12:20:51.167+0000] {processor.py:157} INFO - Started process (PID=8332) to work on /opt/airflow/dags/dag_suivi.py
[2026-07-10T12:20:51.168+0000] {processor.py:829} INFO - Processing file /opt/airflow/dags/dag_suivi.py for tasks to queue
[2026-07-10T12:20:51.169+0000] {logging_mixin.py:151} INFO - [2026-07-10T12:20:51.168+0000] {dagbag.py:536} INFO - Filling up the DagBag from /opt/airflow/dags/dag_suivi.py
[2026-07-10T12:20:51.189+0000] {processor.py:839} INFO - DAG(s) dict_keys(['pipeline_ingestion_suivi']) retrieved from /opt/airflow/dags/dag_suivi.py
[2026-07-10T12:20:51.216+0000] {logging_mixin.py:151} INFO - [2026-07-10T12:20:51.216+0000] {dag.py:2941} INFO - Sync 1 DAGs
[2026-07-10T12:20:51.238+0000] {logging_mixin.py:151} INFO - [2026-07-10T12:20:51.238+0000] {dag.py:3722} INFO - Setting next_dagrun for pipeline_ingestion_suivi to 2026-07-10T12:00:00+00:00, run_after=2026-07-10T13:00:00+00:00
[2026-07-10T12:20:51.255+0000] {processor.py:179} INFO - Processing /opt/airflow/dags/dag_suivi.py took 0.091 seconds
[2026-07-10T12:21:21.447+0000] {processor.py:157} INFO - Started process (PID=8337) to work on /opt/airflow/dags/dag_suivi.py
[2026-07-10T12:21:21.448+0000] {processor.py:829} INFO - Processing file /opt/airflow/dags/dag_suivi.py for tasks to queue
[2026-07-10T12:21:21.448+0000] {logging_mixin.py:151} INFO - [2026-07-10T12:21:21.448+0000] {dagbag.py:536} INFO - Filling up the DagBag from /opt/airflow/dags/dag_suivi.py
[2026-07-10T12:21:21.470+0000] {processor.py:839} INFO - DAG(s) dict_keys(['pipeline_ingestion_suivi']) retrieved from /opt/airflow/dags/dag_suivi.py
[2026-07-10T12:21:21.499+0000] {logging_mixin.py:151} INFO - [2026-07-10T12:21:21.498+0000] {dag.py:2941} INFO - Sync 1 DAGs
[2026-07-10T12:21:21.523+0000] {logging_mixin.py:151} INFO - [2026-07-10T12:21:21.523+0000] {dag.py:3722} INFO - Setting next_dagrun for pipeline_ingestion_suivi to 2026-07-10T12:00:00+00:00, run_after=2026-07-10T13:00:00+00:00
[2026-07-10T12:21:21.547+0000] {processor.py:179} INFO - Processing /opt/airflow/dags/dag_suivi.py took 0.103 seconds
[2026-07-10T12:21:51.659+0000] {processor.py:157} INFO - Started process (PID=8342) to work on /opt/airflow/dags/dag_suivi.py
[2026-07-10T12:21:51.660+0000] {processor.py:829} INFO - Processing file /opt/airflow/dags/dag_suivi.py for tasks to queue
[2026-07-10T12:21:51.661+0000] {logging_mixin.py:151} INFO - [2026-07-10T12:21:51.660+0000] {dagbag.py:536} INFO - Filling up the DagBag from /opt/airflow/dags/dag_suivi.py
[2026-07-10T12:21:51.679+0000] {processor.py:839} INFO - DAG(s) dict_keys(['pipeline_ingestion_suivi']) retrieved from /opt/airflow/dags/dag_suivi.py
[2026-07-10T12:21:51.705+0000] {logging_mixin.py:151} INFO - [2026-07-10T12:21:51.705+0000] {dag.py:2941} INFO - Sync 1 DAGs
[2026-07-10T12:21:51.727+0000] {logging_mixin.py:151} INFO - [2026-07-10T12:21:51.727+0000] {dag.py:3722} INFO - Setting next_dagrun for pipeline_ingestion_suivi to 2026-07-10T12:00:00+00:00, run_after=2026-07-10T13:00:00+00:00
[2026-07-10T12:21:51.746+0000] {processor.py:179} INFO - Processing /opt/airflow/dags/dag_suivi.py took 0.089 seconds
[2026-07-10T12:22:21.967+0000] {processor.py:157} INFO - Started process (PID=8347) to work on /opt/airflow/dags/dag_suivi.py
[2026-07-10T12:22:21.967+0000] {processor.py:829} INFO - Processing file /opt/airflow/dags/dag_suivi.py for tasks to queue
[2026-07-10T12:22:21.968+0000] {logging_mixin.py:151} INFO - [2026-07-10T12:22:21.968+0000] {dagbag.py:536} INFO - Filling up the DagBag from /opt/airflow/dags/dag_suivi.py
[2026-07-10T12:22:21.989+0000] {processor.py:839} INFO - DAG(s) dict_keys(['pipeline_ingestion_suivi']) retrieved from /opt/airflow/dags/dag_suivi.py
[2026-07-10T12:22:22.012+0000] {logging_mixin.py:151} INFO - [2026-07-10T12:22:22.012+0000] {dag.py:2941} INFO - Sync 1 DAGs
[2026-07-10T12:22:22.034+0000] {logging_mixin.py:151} INFO - [2026-07-10T12:22:22.034+0000] {dag.py:3722} INFO - Setting next_dagrun for pipeline_ingestion_suivi to 2026-07-10T12:00:00+00:00, run_after=2026-07-10T13:00:00+00:00
[2026-07-10T12:22:22.061+0000] {processor.py:179} INFO - Processing /opt/airflow/dags/dag_suivi.py took 0.097 seconds
[2026-07-10T12:22:52.160+0000] {processor.py:157} INFO - Started process (PID=8352) to work on /opt/airflow/dags/dag_suivi.py
[2026-07-10T12:22:52.161+0000] {processor.py:829} INFO - Processing file /opt/airflow/dags/dag_suivi.py for tasks to queue
[2026-07-10T12:22:52.162+0000] {logging_mixin.py:151} INFO - [2026-07-10T12:22:52.161+0000] {dagbag.py:536} INFO - Filling up the DagBag from /opt/airflow/dags/dag_suivi.py
[2026-07-10T12:22:52.184+0000] {processor.py:839} INFO - DAG(s) dict_keys(['pipeline_ingestion_suivi']) retrieved from /opt/airflow/dags/dag_suivi.py
[2026-07-10T12:22:52.222+0000] {logging_mixin.py:151} INFO - [2026-07-10T12:22:52.222+0000] {dag.py:2941} INFO - Sync 1 DAGs
[2026-07-10T12:22:52.248+0000] {logging_mixin.py:151} INFO - [2026-07-10T12:22:52.248+0000] {dag.py:3722} INFO - Setting next_dagrun for pipeline_ingestion_suivi to 2026-07-10T12:00:00+00:00, run_after=2026-07-10T13:00:00+00:00
[2026-07-10T12:22:52.270+0000] {processor.py:179} INFO - Processing /opt/airflow/dags/dag_suivi.py took 0.114 seconds
[2026-07-10T12:23:22.492+0000] {processor.py:157} INFO - Started process (PID=8357) to work on /opt/airflow/dags/dag_suivi.py
[2026-07-10T12:23:22.492+0000] {processor.py:829} INFO - Processing file /opt/airflow/dags/dag_suivi.py for tasks to queue
[2026-07-10T12:23:22.493+0000] {logging_mixin.py:151} INFO - [2026-07-10T12:23:22.493+0000] {dagbag.py:536} INFO - Filling up the DagBag from /opt/airflow/dags/dag_suivi.py
[2026-07-10T12:23:22.512+0000] {processor.py:839} INFO - DAG(s) dict_keys(['pipeline_ingestion_suivi']) retrieved from /opt/airflow/dags/dag_suivi.py
[2026-07-10T12:23:22.538+0000] {logging_mixin.py:151} INFO - [2026-07-10T12:23:22.538+0000] {dag.py:2941} INFO - Sync 1 DAGs
[2026-07-10T12:23:22.558+0000] {logging_mixin.py:151} INFO - [2026-07-10T12:23:22.557+0000] {dag.py:3722} INFO - Setting next_dagrun for pipeline_ingestion_suivi to 2026-07-10T12:00:00+00:00, run_after=2026-07-10T13:00:00+00:00
[2026-07-10T12:23:22.574+0000] {processor.py:179} INFO - Processing /opt/airflow/dags/dag_suivi.py took 0.085 seconds
[2026-07-10T12:23:52.731+0000] {processor.py:157} INFO - Started process (PID=8362) to work on /opt/airflow/dags/dag_suivi.py
[2026-07-10T12:23:52.732+0000] {processor.py:829} INFO - Processing file /opt/airflow/dags/dag_suivi.py for tasks to queue
[2026-07-10T12:23:52.733+0000] {logging_mixin.py:151} INFO - [2026-07-10T12:23:52.733+0000] {dagbag.py:536} INFO - Filling up the DagBag from /opt/airflow/dags/dag_suivi.py
[2026-07-10T12:23:52.759+0000] {processor.py:839} INFO - DAG(s) dict_keys(['pipeline_ingestion_suivi']) retrieved from /opt/airflow/dags/dag_suivi.py
[2026-07-10T12:23:52.793+0000] {logging_mixin.py:151} INFO - [2026-07-10T12:23:52.793+0000] {dag.py:2941} INFO - Sync 1 DAGs
[2026-07-10T12:23:52.815+0000] {logging_mixin.py:151} INFO - [2026-07-10T12:23:52.814+0000] {dag.py:3722} INFO - Setting next_dagrun for pipeline_ingestion_suivi to 2026-07-10T12:00:00+00:00, run_after=2026-07-10T13:00:00+00:00
[2026-07-10T12:23:52.835+0000] {processor.py:179} INFO - Processing /opt/airflow/dags/dag_suivi.py took 0.107 seconds
[2026-07-10T12:24:23.032+0000] {processor.py:157} INFO - Started process (PID=8367) to work on /opt/airflow/dags/dag_suivi.py
[2026-07-10T12:24:23.033+0000] {processor.py:829} INFO - Processing file /opt/airflow/dags/dag_suivi.py for tasks to queue
[2026-07-10T12:24:23.033+0000] {logging_mixin.py:151} INFO - [2026-07-10T12:24:23.033+0000] {dagbag.py:536} INFO - Filling up the DagBag from /opt/airflow/dags/dag_suivi.py
[2026-07-10T12:24:23.056+0000] {processor.py:839} INFO - DAG(s) dict_keys(['pipeline_ingestion_suivi']) retrieved from /opt/airflow/dags/dag_suivi.py
[2026-07-10T12:24:23.080+0000] {logging_mixin.py:151} INFO - [2026-07-10T12:24:23.080+0000] {dag.py:2941} INFO - Sync 1 DAGs
[2026-07-10T12:24:23.098+0000] {logging_mixin.py:151} INFO - [2026-07-10T12:24:23.098+0000] {dag.py:3722} INFO - Setting next_dagrun for pipeline_ingestion_suivi to 2026-07-10T12:00:00+00:00, run_after=2026-07-10T13:00:00+00:00
[2026-07-10T12:24:23.116+0000] {processor.py:179} INFO - Processing /opt/airflow/dags/dag_suivi.py took 0.087 seconds
[2026-07-10T12:24:53.256+0000] {processor.py:157} INFO - Started process (PID=8372) to work on /opt/airflow/dags/dag_suivi.py
[2026-07-10T12:24:53.257+0000] {processor.py:829} INFO - Processing file /opt/airflow/dags/dag_suivi.py for tasks to queue
[2026-07-10T12:24:53.258+0000] {logging_mixin.py:151} INFO - [2026-07-10T12:24:53.258+0000] {dagbag.py:536} INFO - Filling up the DagBag from /opt/airflow/dags/dag_suivi.py
[2026-07-10T12:24:53.278+0000] {processor.py:839} INFO - DAG(s) dict_keys(['pipeline_ingestion_suivi']) retrieved from /opt/airflow/dags/dag_suivi.py
[2026-07-10T12:24:53.304+0000] {logging_mixin.py:151} INFO - [2026-07-10T12:24:53.304+0000] {dag.py:2941} INFO - Sync 1 DAGs
[2026-07-10T12:24:53.323+0000] {logging_mixin.py:151} INFO - [2026-07-10T12:24:53.322+0000] {dag.py:3722} INFO - Setting next_dagrun for pipeline_ingestion_suivi to 2026-07-10T12:00:00+00:00, run_after=2026-07-10T13:00:00+00:00
[2026-07-10T12:24:53.342+0000] {processor.py:179} INFO - Processing /opt/airflow/dags/dag_suivi.py took 0.089 seconds
[2026-07-10T12:25:23.541+0000] {processor.py:157} INFO - Started process (PID=8377) to work on /opt/airflow/dags/dag_suivi.py
[2026-07-10T12:25:23.542+0000] {processor.py:829} INFO - Processing file /opt/airflow/dags/dag_suivi.py for tasks to queue
[2026-07-10T12:25:23.543+0000] {logging_mixin.py:151} INFO - [2026-07-10T12:25:23.543+0000] {dagbag.py:536} INFO - Filling up the DagBag from /opt/airflow/dags/dag_suivi.py
[2026-07-10T12:25:23.561+0000] {processor.py:839} INFO - DAG(s) dict_keys(['pipeline_ingestion_suivi']) retrieved from /opt/airflow/dags/dag_suivi.py
[2026-07-10T12:25:23.585+0000] {logging_mixin.py:151} INFO - [2026-07-10T12:25:23.585+0000] {dag.py:2941} INFO - Sync 1 DAGs
[2026-07-10T12:25:23.605+0000] {logging_mixin.py:151} INFO - [2026-07-10T12:25:23.604+0000] {dag.py:3722} INFO - Setting next_dagrun for pipeline_ingestion_suivi to 2026-07-10T12:00:00+00:00, run_after=2026-07-10T13:00:00+00:00
[2026-07-10T12:25:23.626+0000] {processor.py:179} INFO - Processing /opt/airflow/dags/dag_suivi.py took 0.087 seconds
[2026-07-10T12:25:53.773+0000] {processor.py:157} INFO - Started process (PID=8382) to work on /opt/airflow/dags/dag_suivi.py
[2026-07-10T12:25:53.774+0000] {processor.py:829} INFO - Processing file /opt/airflow/dags/dag_suivi.py for tasks to queue
[2026-07-10T12:25:53.774+0000] {logging_mixin.py:151} INFO - [2026-07-10T12:25:53.774+0000] {dagbag.py:536} INFO - Filling up the DagBag from /opt/airflow/dags/dag_suivi.py
[2026-07-10T12:25:53.791+0000] {processor.py:839} INFO - DAG(s) dict_keys(['pipeline_ingestion_suivi']) retrieved from /opt/airflow/dags/dag_suivi.py
[2026-07-10T12:25:53.817+0000] {logging_mixin.py:151} INFO - [2026-07-10T12:25:53.817+0000] {dag.py:2941} INFO - Sync 1 DAGs
[2026-07-10T12:25:53.835+0000] {logging_mixin.py:151} INFO - [2026-07-10T12:25:53.835+0000] {dag.py:3722} INFO - Setting next_dagrun for pipeline_ingestion_suivi to 2026-07-10T12:00:00+00:00, run_after=2026-07-10T13:00:00+00:00
[2026-07-10T12:25:53.863+0000] {processor.py:179} INFO - Processing /opt/airflow/dags/dag_suivi.py took 0.093 seconds
[2026-07-10T12:26:24.067+0000] {processor.py:157} INFO - Started process (PID=8387) to work on /opt/airflow/dags/dag_suivi.py
[2026-07-10T12:26:24.067+0000] {processor.py:829} INFO - Processing file /opt/airflow/dags/dag_suivi.py for tasks to queue
[2026-07-10T12:26:24.068+0000] {logging_mixin.py:151} INFO - [2026-07-10T12:26:24.068+0000] {dagbag.py:536} INFO - Filling up the DagBag from /opt/airflow/dags/dag_suivi.py
[2026-07-10T12:26:24.087+0000] {processor.py:839} INFO - DAG(s) dict_keys(['pipeline_ingestion_suivi']) retrieved from /opt/airflow/dags/dag_suivi.py
[2026-07-10T12:26:24.111+0000] {logging_mixin.py:151} INFO - [2026-07-10T12:26:24.110+0000] {dag.py:2941} INFO - Sync 1 DAGs
[2026-07-10T12:26:24.129+0000] {logging_mixin.py:151} INFO - [2026-07-10T12:26:24.129+0000] {dag.py:3722} INFO - Setting next_dagrun for pipeline_ingestion_suivi to 2026-07-10T12:00:00+00:00, run_after=2026-07-10T13:00:00+00:00
[2026-07-10T12:26:24.147+0000] {processor.py:179} INFO - Processing /opt/airflow/dags/dag_suivi.py took 0.084 seconds
[2026-07-10T12:26:54.287+0000] {processor.py:157} INFO - Started process (PID=8392) to work on /opt/airflow/dags/dag_suivi.py
[2026-07-10T12:26:54.288+0000] {processor.py:829} INFO - Processing file /opt/airflow/dags/dag_suivi.py for tasks to queue
[2026-07-10T12:26:54.289+0000] {logging_mixin.py:151} INFO - [2026-07-10T12:26:54.289+0000] {dagbag.py:536} INFO - Filling up the DagBag from /opt/airflow/dags/dag_suivi.py
[2026-07-10T12:26:54.316+0000] {processor.py:839} INFO - DAG(s) dict_keys(['pipeline_ingestion_suivi']) retrieved from /opt/airflow/dags/dag_suivi.py
[2026-07-10T12:26:54.354+0000] {logging_mixin.py:151} INFO - [2026-07-10T12:26:54.354+0000] {dag.py:2941} INFO - Sync 1 DAGs
[2026-07-10T12:26:54.377+0000] {logging_mixin.py:151} INFO - [2026-07-10T12:26:54.377+0000] {dag.py:3722} INFO - Setting next_dagrun for pipeline_ingestion_suivi to 2026-07-10T12:00:00+00:00, run_after=2026-07-10T13:00:00+00:00
[2026-07-10T12:26:54.398+0000] {processor.py:179} INFO - Processing /opt/airflow/dags/dag_suivi.py took 0.114 seconds
[2026-07-10T12:27:24.584+0000] {processor.py:157} INFO - Started process (PID=8397) to work on /opt/airflow/dags/dag_suivi.py
[2026-07-10T12:27:24.584+0000] {processor.py:829} INFO - Processing file /opt/airflow/dags/dag_suivi.py for tasks to queue
[2026-07-10T12:27:24.585+0000] {logging_mixin.py:151} INFO - [2026-07-10T12:27:24.585+0000] {dagbag.py:536} INFO - Filling up the DagBag from /opt/airflow/dags/dag_suivi.py
[2026-07-10T12:27:24.607+0000] {processor.py:839} INFO - DAG(s) dict_keys(['pipeline_ingestion_suivi']) retrieved from /opt/airflow/dags/dag_suivi.py
[2026-07-10T12:27:24.636+0000] {logging_mixin.py:151} INFO - [2026-07-10T12:27:24.636+0000] {dag.py:2941} INFO - Sync 1 DAGs
[2026-07-10T12:27:24.659+0000] {logging_mixin.py:151} INFO - [2026-07-10T12:27:24.659+0000] {dag.py:3722} INFO - Setting next_dagrun for pipeline_ingestion_suivi to 2026-07-10T12:00:00+00:00, run_after=2026-07-10T13:00:00+00:00
[2026-07-10T12:27:24.681+0000] {processor.py:179} INFO - Processing /opt/airflow/dags/dag_suivi.py took 0.101 seconds
[2026-07-10T12:27:54.879+0000] {processor.py:157} INFO - Started process (PID=8402) to work on /opt/airflow/dags/dag_suivi.py
[2026-07-10T12:27:54.880+0000] {processor.py:829} INFO - Processing file /opt/airflow/dags/dag_suivi.py for tasks to queue
[2026-07-10T12:27:54.881+0000] {logging_mixin.py:151} INFO - [2026-07-10T12:27:54.881+0000] {dagbag.py:536} INFO - Filling up the DagBag from /opt/airflow/dags/dag_suivi.py
[2026-07-10T12:27:54.906+0000] {processor.py:839} INFO - DAG(s) dict_keys(['pipeline_ingestion_suivi']) retrieved from /opt/airflow/dags/dag_suivi.py
[2026-07-10T12:27:54.932+0000] {logging_mixin.py:151} INFO - [2026-07-10T12:27:54.932+0000] {dag.py:2941} INFO - Sync 1 DAGs
[2026-07-10T12:27:54.957+0000] {logging_mixin.py:151} INFO - [2026-07-10T12:27:54.957+0000] {dag.py:3722} INFO - Setting next_dagrun for pipeline_ingestion_suivi to 2026-07-10T12:00:00+00:00, run_after=2026-07-10T13:00:00+00:00
[2026-07-10T12:27:54.979+0000] {processor.py:179} INFO - Processing /opt/airflow/dags/dag_suivi.py took 0.103 seconds
[2026-07-10T12:28:25.203+0000] {processor.py:157} INFO - Started process (PID=8407) to work on /opt/airflow/dags/dag_suivi.py
[2026-07-10T12:28:25.204+0000] {processor.py:829} INFO - Processing file /opt/airflow/dags/dag_suivi.py for tasks to queue
[2026-07-10T12:28:25.205+0000] {logging_mixin.py:151} INFO - [2026-07-10T12:28:25.205+0000] {dagbag.py:536} INFO - Filling up the DagBag from /opt/airflow/dags/dag_suivi.py
[2026-07-10T12:28:25.225+0000] {processor.py:839} INFO - DAG(s) dict_keys(['pipeline_ingestion_suivi']) retrieved from /opt/airflow/dags/dag_suivi.py
[2026-07-10T12:28:25.253+0000] {logging_mixin.py:151} INFO - [2026-07-10T12:28:25.253+0000] {dag.py:2941} INFO - Sync 1 DAGs
[2026-07-10T12:28:25.276+0000] {logging_mixin.py:151} INFO - [2026-07-10T12:28:25.276+0000] {dag.py:3722} INFO - Setting next_dagrun for pipeline_ingestion_suivi to 2026-07-10T12:00:00+00:00, run_after=2026-07-10T13:00:00+00:00
[2026-07-10T12:28:25.297+0000] {processor.py:179} INFO - Processing /opt/airflow/dags/dag_suivi.py took 0.096 seconds
[2026-07-10T12:28:55.395+0000] {processor.py:157} INFO - Started process (PID=8412) to work on /opt/airflow/dags/dag_suivi.py
[2026-07-10T12:28:55.396+0000] {processor.py:829} INFO - Processing file /opt/airflow/dags/dag_suivi.py for tasks to queue
[2026-07-10T12:28:55.396+0000] {logging_mixin.py:151} INFO - [2026-07-10T12:28:55.396+0000] {dagbag.py:536} INFO - Filling up the DagBag from /opt/airflow/dags/dag_suivi.py
[2026-07-10T12:28:55.415+0000] {processor.py:839} INFO - DAG(s) dict_keys(['pipeline_ingestion_suivi']) retrieved from /opt/airflow/dags/dag_suivi.py
[2026-07-10T12:28:55.441+0000] {logging_mixin.py:151} INFO - [2026-07-10T12:28:55.441+0000] {dag.py:2941} INFO - Sync 1 DAGs
[2026-07-10T12:28:55.460+0000] {logging_mixin.py:151} INFO - [2026-07-10T12:28:55.459+0000] {dag.py:3722} INFO - Setting next_dagrun for pipeline_ingestion_suivi to 2026-07-10T12:00:00+00:00, run_after=2026-07-10T13:00:00+00:00
[2026-07-10T12:28:55.479+0000] {processor.py:179} INFO - Processing /opt/airflow/dags/dag_suivi.py took 0.086 seconds
[2026-07-10T12:29:25.697+0000] {processor.py:157} INFO - Started process (PID=8417) to work on /opt/airflow/dags/dag_suivi.py
[2026-07-10T12:29:25.698+0000] {processor.py:829} INFO - Processing file /opt/airflow/dags/dag_suivi.py for tasks to queue
[2026-07-10T12:29:25.699+0000] {logging_mixin.py:151} INFO - [2026-07-10T12:29:25.699+0000] {dagbag.py:536} INFO - Filling up the DagBag from /opt/airflow/dags/dag_suivi.py
[2026-07-10T12:29:25.717+0000] {processor.py:839} INFO - DAG(s) dict_keys(['pipeline_ingestion_suivi']) retrieved from /opt/airflow/dags/dag_suivi.py
[2026-07-10T12:29:25.741+0000] {logging_mixin.py:151} INFO - [2026-07-10T12:29:25.741+0000] {dag.py:2941} INFO - Sync 1 DAGs
[2026-07-10T12:29:25.758+0000] {logging_mixin.py:151} INFO - [2026-07-10T12:29:25.758+0000] {dag.py:3722} INFO - Setting next_dagrun for pipeline_ingestion_suivi to 2026-07-10T12:00:00+00:00, run_after=2026-07-10T13:00:00+00:00
[2026-07-10T12:29:25.776+0000] {processor.py:179} INFO - Processing /opt/airflow/dags/dag_suivi.py took 0.081 seconds
[2026-07-10T12:29:55.969+0000] {processor.py:157} INFO - Started process (PID=8422) to work on /opt/airflow/dags/dag_suivi.py
[2026-07-10T12:29:55.970+0000] {processor.py:829} INFO - Processing file /opt/airflow/dags/dag_suivi.py for tasks to queue
[2026-07-10T12:29:55.971+0000] {logging_mixin.py:151} INFO - [2026-07-10T12:29:55.970+0000] {dagbag.py:536} INFO - Filling up the DagBag from /opt/airflow/dags/dag_suivi.py
[2026-07-10T12:29:55.992+0000] {processor.py:839} INFO - DAG(s) dict_keys(['pipeline_ingestion_suivi']) retrieved from /opt/airflow/dags/dag_suivi.py
[2026-07-10T12:29:56.017+0000] {logging_mixin.py:151} INFO - [2026-07-10T12:29:56.017+0000] {dag.py:2941} INFO - Sync 1 DAGs
[2026-07-10T12:29:56.037+0000] {logging_mixin.py:151} INFO - [2026-07-10T12:29:56.037+0000] {dag.py:3722} INFO - Setting next_dagrun for pipeline_ingestion_suivi to 2026-07-10T12:00:00+00:00, run_after=2026-07-10T13:00:00+00:00
[2026-07-10T12:29:56.067+0000] {processor.py:179} INFO - Processing /opt/airflow/dags/dag_suivi.py took 0.100 seconds
[2026-07-10T12:30:26.182+0000] {processor.py:157} INFO - Started process (PID=8427) to work on /opt/airflow/dags/dag_suivi.py
[2026-07-10T12:30:26.183+0000] {processor.py:829} INFO - Processing file /opt/airflow/dags/dag_suivi.py for tasks to queue
[2026-07-10T12:30:26.184+0000] {logging_mixin.py:151} INFO - [2026-07-10T12:30:26.183+0000] {dagbag.py:536} INFO - Filling up the DagBag from /opt/airflow/dags/dag_suivi.py
[2026-07-10T12:30:26.202+0000] {processor.py:839} INFO - DAG(s) dict_keys(['pipeline_ingestion_suivi']) retrieved from /opt/airflow/dags/dag_suivi.py
[2026-07-10T12:30:26.234+0000] {logging_mixin.py:151} INFO - [2026-07-10T12:30:26.234+0000] {dag.py:2941} INFO - Sync 1 DAGs
[2026-07-10T12:30:26.261+0000] {logging_mixin.py:151} INFO - [2026-07-10T12:30:26.260+0000] {dag.py:3722} INFO - Setting next_dagrun for pipeline_ingestion_suivi to 2026-07-10T12:00:00+00:00, run_after=2026-07-10T13:00:00+00:00
[2026-07-10T12:30:26.287+0000] {processor.py:179} INFO - Processing /opt/airflow/dags/dag_suivi.py took 0.110 seconds
[2026-07-10T12:30:56.436+0000] {processor.py:157} INFO - Started process (PID=8432) to work on /opt/airflow/dags/dag_suivi.py
[2026-07-10T12:30:56.437+0000] {processor.py:829} INFO - Processing file /opt/airflow/dags/dag_suivi.py for tasks to queue
[2026-07-10T12:30:56.438+0000] {logging_mixin.py:151} INFO - [2026-07-10T12:30:56.438+0000] {dagbag.py:536} INFO - Filling up the DagBag from /opt/airflow/dags/dag_suivi.py
[2026-07-10T12:30:56.463+0000] {processor.py:839} INFO - DAG(s) dict_keys(['pipeline_ingestion_suivi']) retrieved from /opt/airflow/dags/dag_suivi.py
[2026-07-10T12:30:56.497+0000] {logging_mixin.py:151} INFO - [2026-07-10T12:30:56.496+0000] {dag.py:2941} INFO - Sync 1 DAGs
[2026-07-10T12:30:56.522+0000] {logging_mixin.py:151} INFO - [2026-07-10T12:30:56.522+0000] {dag.py:3722} INFO - Setting next_dagrun for pipeline_ingestion_suivi to 2026-07-10T12:00:00+00:00, run_after=2026-07-10T13:00:00+00:00
[2026-07-10T12:30:56.548+0000] {processor.py:179} INFO - Processing /opt/airflow/dags/dag_suivi.py took 0.115 seconds
[2026-07-10T12:31:26.682+0000] {processor.py:157} INFO - Started process (PID=8437) to work on /opt/airflow/dags/dag_suivi.py
[2026-07-10T12:31:26.683+0000] {processor.py:829} INFO - Processing file /opt/airflow/dags/dag_suivi.py for tasks to queue
[2026-07-10T12:31:26.684+0000] {logging_mixin.py:151} INFO - [2026-07-10T12:31:26.684+0000] {dagbag.py:536} INFO - Filling up the DagBag from /opt/airflow/dags/dag_suivi.py
[2026-07-10T12:31:26.704+0000] {processor.py:839} INFO - DAG(s) dict_keys(['pipeline_ingestion_suivi']) retrieved from /opt/airflow/dags/dag_suivi.py
[2026-07-10T12:31:26.731+0000] {logging_mixin.py:151} INFO - [2026-07-10T12:31:26.731+0000] {dag.py:2941} INFO - Sync 1 DAGs
[2026-07-10T12:31:26.753+0000] {logging_mixin.py:151} INFO - [2026-07-10T12:31:26.753+0000] {dag.py:3722} INFO - Setting next_dagrun for pipeline_ingestion_suivi to 2026-07-10T12:00:00+00:00, run_after=2026-07-10T13:00:00+00:00
[2026-07-10T12:31:26.783+0000] {processor.py:179} INFO - Processing /opt/airflow/dags/dag_suivi.py took 0.104 seconds
[2026-07-10T12:31:56.952+0000] {processor.py:157} INFO - Started process (PID=8442) to work on /opt/airflow/dags/dag_suivi.py
[2026-07-10T12:31:56.953+0000] {processor.py:829} INFO - Processing file /opt/airflow/dags/dag_suivi.py for tasks to queue
[2026-07-10T12:31:56.954+0000] {logging_mixin.py:151} INFO - [2026-07-10T12:31:56.953+0000] {dagbag.py:536} INFO - Filling up the DagBag from /opt/airflow/dags/dag_suivi.py
[2026-07-10T12:31:56.971+0000] {processor.py:839} INFO - DAG(s) dict_keys(['pipeline_ingestion_suivi']) retrieved from /opt/airflow/dags/dag_suivi.py
[2026-07-10T12:31:56.994+0000] {logging_mixin.py:151} INFO - [2026-07-10T12:31:56.994+0000] {dag.py:2941} INFO - Sync 1 DAGs
[2026-07-10T12:31:57.012+0000] {logging_mixin.py:151} INFO - [2026-07-10T12:31:57.011+0000] {dag.py:3722} INFO - Setting next_dagrun for pipeline_ingestion_suivi to 2026-07-10T12:00:00+00:00, run_after=2026-07-10T13:00:00+00:00
[2026-07-10T12:31:57.040+0000] {processor.py:179} INFO - Processing /opt/airflow/dags/dag_suivi.py took 0.091 seconds
[2026-07-10T12:32:27.178+0000] {processor.py:157} INFO - Started process (PID=8447) to work on /opt/airflow/dags/dag_suivi.py
[2026-07-10T12:32:27.178+0000] {processor.py:829} INFO - Processing file /opt/airflow/dags/dag_suivi.py for tasks to queue
[2026-07-10T12:32:27.179+0000] {logging_mixin.py:151} INFO - [2026-07-10T12:32:27.179+0000] {dagbag.py:536} INFO - Filling up the DagBag from /opt/airflow/dags/dag_suivi.py
[2026-07-10T12:32:27.198+0000] {processor.py:839} INFO - DAG(s) dict_keys(['pipeline_ingestion_suivi']) retrieved from /opt/airflow/dags/dag_suivi.py
[2026-07-10T12:32:27.224+0000] {logging_mixin.py:151} INFO - [2026-07-10T12:32:27.224+0000] {dag.py:2941} INFO - Sync 1 DAGs
[2026-07-10T12:32:27.242+0000] {logging_mixin.py:151} INFO - [2026-07-10T12:32:27.242+0000] {dag.py:3722} INFO - Setting next_dagrun for pipeline_ingestion_suivi to 2026-07-10T12:00:00+00:00, run_after=2026-07-10T13:00:00+00:00
[2026-07-10T12:32:27.261+0000] {processor.py:179} INFO - Processing /opt/airflow/dags/dag_suivi.py took 0.086 seconds
[2026-07-10T12:32:57.441+0000] {processor.py:157} INFO - Started process (PID=8452) to work on /opt/airflow/dags/dag_suivi.py
[2026-07-10T12:32:57.442+0000] {processor.py:829} INFO - Processing file /opt/airflow/dags/dag_suivi.py for tasks to queue
[2026-07-10T12:32:57.443+0000] {logging_mixin.py:151} INFO - [2026-07-10T12:32:57.443+0000] {dagbag.py:536} INFO - Filling up the DagBag from /opt/airflow/dags/dag_suivi.py
[2026-07-10T12:32:57.463+0000] {processor.py:839} INFO - DAG(s) dict_keys(['pipeline_ingestion_suivi']) retrieved from /opt/airflow/dags/dag_suivi.py
[2026-07-10T12:32:57.488+0000] {logging_mixin.py:151} INFO - [2026-07-10T12:32:57.488+0000] {dag.py:2941} INFO - Sync 1 DAGs
[2026-07-10T12:32:57.508+0000] {logging_mixin.py:151} INFO - [2026-07-10T12:32:57.508+0000] {dag.py:3722} INFO - Setting next_dagrun for pipeline_ingestion_suivi to 2026-07-10T12:00:00+00:00, run_after=2026-07-10T13:00:00+00:00
[2026-07-10T12:32:57.537+0000] {processor.py:179} INFO - Processing /opt/airflow/dags/dag_suivi.py took 0.099 seconds
[2026-07-10T12:33:27.719+0000] {processor.py:157} INFO - Started process (PID=8457) to work on /opt/airflow/dags/dag_suivi.py
[2026-07-10T12:33:27.720+0000] {processor.py:829} INFO - Processing file /opt/airflow/dags/dag_suivi.py for tasks to queue
[2026-07-10T12:33:27.721+0000] {logging_mixin.py:151} INFO - [2026-07-10T12:33:27.720+0000] {dagbag.py:536} INFO - Filling up the DagBag from /opt/airflow/dags/dag_suivi.py
[2026-07-10T12:33:27.739+0000] {processor.py:839} INFO - DAG(s) dict_keys(['pipeline_ingestion_suivi']) retrieved from /opt/airflow/dags/dag_suivi.py
[2026-07-10T12:33:27.764+0000] {logging_mixin.py:151} INFO - [2026-07-10T12:33:27.764+0000] {dag.py:2941} INFO - Sync 1 DAGs
[2026-07-10T12:33:27.784+0000] {logging_mixin.py:151} INFO - [2026-07-10T12:33:27.783+0000] {dag.py:3722} INFO - Setting next_dagrun for pipeline_ingestion_suivi to 2026-07-10T12:00:00+00:00, run_after=2026-07-10T13:00:00+00:00
[2026-07-10T12:33:27.801+0000] {processor.py:179} INFO - Processing /opt/airflow/dags/dag_suivi.py took 0.084 seconds
[2026-07-10T12:33:57.936+0000] {processor.py:157} INFO - Started process (PID=8462) to work on /opt/airflow/dags/dag_suivi.py
[2026-07-10T12:33:57.936+0000] {processor.py:829} INFO - Processing file /opt/airflow/dags/dag_suivi.py for tasks to queue
[2026-07-10T12:33:57.937+0000] {logging_mixin.py:151} INFO - [2026-07-10T12:33:57.937+0000] {dagbag.py:536} INFO - Filling up the DagBag from /opt/airflow/dags/dag_suivi.py
[2026-07-10T12:33:57.957+0000] {processor.py:839} INFO - DAG(s) dict_keys(['pipeline_ingestion_suivi']) retrieved from /opt/airflow/dags/dag_suivi.py
[2026-07-10T12:33:57.981+0000] {logging_mixin.py:151} INFO - [2026-07-10T12:33:57.981+0000] {dag.py:2941} INFO - Sync 1 DAGs
[2026-07-10T12:33:58.001+0000] {logging_mixin.py:151} INFO - [2026-07-10T12:33:58.001+0000] {dag.py:3722} INFO - Setting next_dagrun for pipeline_ingestion_suivi to 2026-07-10T12:00:00+00:00, run_after=2026-07-10T13:00:00+00:00
[2026-07-10T12:33:58.020+0000] {processor.py:179} INFO - Processing /opt/airflow/dags/dag_suivi.py took 0.088 seconds
[2026-07-10T12:34:28.263+0000] {processor.py:157} INFO - Started process (PID=8467) to work on /opt/airflow/dags/dag_suivi.py
[2026-07-10T12:34:28.264+0000] {processor.py:829} INFO - Processing file /opt/airflow/dags/dag_suivi.py for tasks to queue
[2026-07-10T12:34:28.264+0000] {logging_mixin.py:151} INFO - [2026-07-10T12:34:28.264+0000] {dagbag.py:536} INFO - Filling up the DagBag from /opt/airflow/dags/dag_suivi.py
[2026-07-10T12:34:28.283+0000] {processor.py:839} INFO - DAG(s) dict_keys(['pipeline_ingestion_suivi']) retrieved from /opt/airflow/dags/dag_suivi.py
[2026-07-10T12:34:28.308+0000] {logging_mixin.py:151} INFO - [2026-07-10T12:34:28.308+0000] {dag.py:2941} INFO - Sync 1 DAGs
[2026-07-10T12:34:28.326+0000] {logging_mixin.py:151} INFO - [2026-07-10T12:34:28.326+0000] {dag.py:3722} INFO - Setting next_dagrun for pipeline_ingestion_suivi to 2026-07-10T12:00:00+00:00, run_after=2026-07-10T13:00:00+00:00
[2026-07-10T12:34:28.346+0000] {processor.py:179} INFO - Processing /opt/airflow/dags/dag_suivi.py took 0.085 seconds
[2026-07-10T12:34:58.512+0000] {processor.py:157} INFO - Started process (PID=8472) to work on /opt/airflow/dags/dag_suivi.py
[2026-07-10T12:34:58.513+0000] {processor.py:829} INFO - Processing file /opt/airflow/dags/dag_suivi.py for tasks to queue
[2026-07-10T12:34:58.514+0000] {logging_mixin.py:151} INFO - [2026-07-10T12:34:58.514+0000] {dagbag.py:536} INFO - Filling up the DagBag from /opt/airflow/dags/dag_suivi.py
[2026-07-10T12:34:58.548+0000] {processor.py:839} INFO - DAG(s) dict_keys(['pipeline_ingestion_suivi']) retrieved from /opt/airflow/dags/dag_suivi.py
[2026-07-10T12:34:58.586+0000] {logging_mixin.py:151} INFO - [2026-07-10T12:34:58.586+0000] {dag.py:2941} INFO - Sync 1 DAGs
[2026-07-10T12:34:58.618+0000] {logging_mixin.py:151} INFO - [2026-07-10T12:34:58.617+0000] {dag.py:3722} INFO - Setting next_dagrun for pipeline_ingestion_suivi to 2026-07-10T12:00:00+00:00, run_after=2026-07-10T13:00:00+00:00
[2026-07-10T12:34:58.638+0000] {processor.py:179} INFO - Processing /opt/airflow/dags/dag_suivi.py took 0.130 seconds
[2026-07-10T12:35:28.842+0000] {processor.py:157} INFO - Started process (PID=8477) to work on /opt/airflow/dags/dag_suivi.py
[2026-07-10T12:35:28.843+0000] {processor.py:829} INFO - Processing file /opt/airflow/dags/dag_suivi.py for tasks to queue
[2026-07-10T12:35:28.844+0000] {logging_mixin.py:151} INFO - [2026-07-10T12:35:28.844+0000] {dagbag.py:536} INFO - Filling up the DagBag from /opt/airflow/dags/dag_suivi.py
[2026-07-10T12:35:28.866+0000] {processor.py:839} INFO - DAG(s) dict_keys(['pipeline_ingestion_suivi']) retrieved from /opt/airflow/dags/dag_suivi.py
[2026-07-10T12:35:28.889+0000] {logging_mixin.py:151} INFO - [2026-07-10T12:35:28.889+0000] {dag.py:2941} INFO - Sync 1 DAGs
[2026-07-10T12:35:28.907+0000] {logging_mixin.py:151} INFO - [2026-07-10T12:35:28.907+0000] {dag.py:3722} INFO - Setting next_dagrun for pipeline_ingestion_suivi to 2026-07-10T12:00:00+00:00, run_after=2026-07-10T13:00:00+00:00
[2026-07-10T12:35:28.926+0000] {processor.py:179} INFO - Processing /opt/airflow/dags/dag_suivi.py took 0.089 seconds
[2026-07-10T12:35:59.080+0000] {processor.py:157} INFO - Started process (PID=8482) to work on /opt/airflow/dags/dag_suivi.py
[2026-07-10T12:35:59.081+0000] {processor.py:829} INFO - Processing file /opt/airflow/dags/dag_suivi.py for tasks to queue
[2026-07-10T12:35:59.082+0000] {logging_mixin.py:151} INFO - [2026-07-10T12:35:59.082+0000] {dagbag.py:536} INFO - Filling up the DagBag from /opt/airflow/dags/dag_suivi.py
[2026-07-10T12:35:59.101+0000] {processor.py:839} INFO - DAG(s) dict_keys(['pipeline_ingestion_suivi']) retrieved from /opt/airflow/dags/dag_suivi.py
[2026-07-10T12:35:59.124+0000] {logging_mixin.py:151} INFO - [2026-07-10T12:35:59.124+0000] {dag.py:2941} INFO - Sync 1 DAGs
[2026-07-10T12:35:59.147+0000] {logging_mixin.py:151} INFO - [2026-07-10T12:35:59.147+0000] {dag.py:3722} INFO - Setting next_dagrun for pipeline_ingestion_suivi to 2026-07-10T12:00:00+00:00, run_after=2026-07-10T13:00:00+00:00
[2026-07-10T12:35:59.171+0000] {processor.py:179} INFO - Processing /opt/airflow/dags/dag_suivi.py took 0.093 seconds
[2026-07-10T12:36:29.332+0000] {processor.py:157} INFO - Started process (PID=8487) to work on /opt/airflow/dags/dag_suivi.py
[2026-07-10T12:36:29.332+0000] {processor.py:829} INFO - Processing file /opt/airflow/dags/dag_suivi.py for tasks to queue
[2026-07-10T12:36:29.333+0000] {logging_mixin.py:151} INFO - [2026-07-10T12:36:29.333+0000] {dagbag.py:536} INFO - Filling up the DagBag from /opt/airflow/dags/dag_suivi.py
[2026-07-10T12:36:29.352+0000] {processor.py:839} INFO - DAG(s) dict_keys(['pipeline_ingestion_suivi']) retrieved from /opt/airflow/dags/dag_suivi.py
[2026-07-10T12:36:29.377+0000] {logging_mixin.py:151} INFO - [2026-07-10T12:36:29.377+0000] {dag.py:2941} INFO - Sync 1 DAGs
[2026-07-10T12:36:29.396+0000] {logging_mixin.py:151} INFO - [2026-07-10T12:36:29.396+0000] {dag.py:3722} INFO - Setting next_dagrun for pipeline_ingestion_suivi to 2026-07-10T12:00:00+00:00, run_after=2026-07-10T13:00:00+00:00
[2026-07-10T12:36:29.418+0000] {processor.py:179} INFO - Processing /opt/airflow/dags/dag_suivi.py took 0.089 seconds
[2026-07-10T12:36:59.629+0000] {processor.py:157} INFO - Started process (PID=8492) to work on /opt/airflow/dags/dag_suivi.py
[2026-07-10T12:36:59.630+0000] {processor.py:829} INFO - Processing file /opt/airflow/dags/dag_suivi.py for tasks to queue
[2026-07-10T12:36:59.631+0000] {logging_mixin.py:151} INFO - [2026-07-10T12:36:59.631+0000] {dagbag.py:536} INFO - Filling up the DagBag from /opt/airflow/dags/dag_suivi.py
[2026-07-10T12:36:59.650+0000] {processor.py:839} INFO - DAG(s) dict_keys(['pipeline_ingestion_suivi']) retrieved from /opt/airflow/dags/dag_suivi.py
[2026-07-10T12:36:59.674+0000] {logging_mixin.py:151} INFO - [2026-07-10T12:36:59.674+0000] {dag.py:2941} INFO - Sync 1 DAGs
[2026-07-10T12:36:59.693+0000] {logging_mixin.py:151} INFO - [2026-07-10T12:36:59.693+0000] {dag.py:3722} INFO - Setting next_dagrun for pipeline_ingestion_suivi to 2026-07-10T12:00:00+00:00, run_after=2026-07-10T13:00:00+00:00
[2026-07-10T12:36:59.720+0000] {processor.py:179} INFO - Processing /opt/airflow/dags/dag_suivi.py took 0.093 seconds
[2026-07-10T12:37:29.891+0000] {processor.py:157} INFO - Started process (PID=8497) to work on /opt/airflow/dags/dag_suivi.py
[2026-07-10T12:37:29.892+0000] {processor.py:829} INFO - Processing file /opt/airflow/dags/dag_suivi.py for tasks to queue
[2026-07-10T12:37:29.893+0000] {logging_mixin.py:151} INFO - [2026-07-10T12:37:29.892+0000] {dagbag.py:536} INFO - Filling up the DagBag from /opt/airflow/dags/dag_suivi.py
[2026-07-10T12:37:29.912+0000] {processor.py:839} INFO - DAG(s) dict_keys(['pipeline_ingestion_suivi']) retrieved from /opt/airflow/dags/dag_suivi.py
[2026-07-10T12:37:29.940+0000] {logging_mixin.py:151} INFO - [2026-07-10T12:37:29.940+0000] {dag.py:2941} INFO - Sync 1 DAGs
[2026-07-10T12:37:29.958+0000] {logging_mixin.py:151} INFO - [2026-07-10T12:37:29.958+0000] {dag.py:3722} INFO - Setting next_dagrun for pipeline_ingestion_suivi to 2026-07-10T12:00:00+00:00, run_after=2026-07-10T13:00:00+00:00
[2026-07-10T12:37:29.976+0000] {processor.py:179} INFO - Processing /opt/airflow/dags/dag_suivi.py took 0.088 seconds
[2026-07-10T12:38:00.244+0000] {processor.py:157} INFO - Started process (PID=8502) to work on /opt/airflow/dags/dag_suivi.py
[2026-07-10T12:38:00.245+0000] {processor.py:829} INFO - Processing file /opt/airflow/dags/dag_suivi.py for tasks to queue
[2026-07-10T12:38:00.246+0000] {logging_mixin.py:151} INFO - [2026-07-10T12:38:00.245+0000] {dagbag.py:536} INFO - Filling up the DagBag from /opt/airflow/dags/dag_suivi.py
[2026-07-10T12:38:00.263+0000] {processor.py:839} INFO - DAG(s) dict_keys(['pipeline_ingestion_suivi']) retrieved from /opt/airflow/dags/dag_suivi.py
[2026-07-10T12:38:00.286+0000] {logging_mixin.py:151} INFO - [2026-07-10T12:38:00.286+0000] {dag.py:2941} INFO - Sync 1 DAGs
[2026-07-10T12:38:00.304+0000] {logging_mixin.py:151} INFO - [2026-07-10T12:38:00.304+0000] {dag.py:3722} INFO - Setting next_dagrun for pipeline_ingestion_suivi to 2026-07-10T12:00:00+00:00, run_after=2026-07-10T13:00:00+00:00
[2026-07-10T12:38:00.332+0000] {processor.py:179} INFO - Processing /opt/airflow/dags/dag_suivi.py took 0.090 seconds
[2026-07-10T12:38:30.530+0000] {processor.py:157} INFO - Started process (PID=8507) to work on /opt/airflow/dags/dag_suivi.py
[2026-07-10T12:38:30.531+0000] {processor.py:829} INFO - Processing file /opt/airflow/dags/dag_suivi.py for tasks to queue
[2026-07-10T12:38:30.532+0000] {logging_mixin.py:151} INFO - [2026-07-10T12:38:30.531+0000] {dagbag.py:536} INFO - Filling up the DagBag from /opt/airflow/dags/dag_suivi.py
[2026-07-10T12:38:30.555+0000] {processor.py:839} INFO - DAG(s) dict_keys(['pipeline_ingestion_suivi']) retrieved from /opt/airflow/dags/dag_suivi.py
[2026-07-10T12:38:30.586+0000] {logging_mixin.py:151} INFO - [2026-07-10T12:38:30.585+0000] {dag.py:2941} INFO - Sync 1 DAGs
[2026-07-10T12:38:30.612+0000] {logging_mixin.py:151} INFO - [2026-07-10T12:38:30.612+0000] {dag.py:3722} INFO - Setting next_dagrun for pipeline_ingestion_suivi to 2026-07-10T12:00:00+00:00, run_after=2026-07-10T13:00:00+00:00
[2026-07-10T12:38:30.637+0000] {processor.py:179} INFO - Processing /opt/airflow/dags/dag_suivi.py took 0.110 seconds
[2026-07-10T12:39:00.780+0000] {processor.py:157} INFO - Started process (PID=8512) to work on /opt/airflow/dags/dag_suivi.py
[2026-07-10T12:39:00.781+0000] {processor.py:829} INFO - Processing file /opt/airflow/dags/dag_suivi.py for tasks to queue
[2026-07-10T12:39:00.782+0000] {logging_mixin.py:151} INFO - [2026-07-10T12:39:00.781+0000] {dagbag.py:536} INFO - Filling up the DagBag from /opt/airflow/dags/dag_suivi.py
[2026-07-10T12:39:00.799+0000] {processor.py:839} INFO - DAG(s) dict_keys(['pipeline_ingestion_suivi']) retrieved from /opt/airflow/dags/dag_suivi.py
[2026-07-10T12:39:00.825+0000] {logging_mixin.py:151} INFO - [2026-07-10T12:39:00.825+0000] {dag.py:2941} INFO - Sync 1 DAGs
[2026-07-10T12:39:00.847+0000] {logging_mixin.py:151} INFO - [2026-07-10T12:39:00.847+0000] {dag.py:3722} INFO - Setting next_dagrun for pipeline_ingestion_suivi to 2026-07-10T12:00:00+00:00, run_after=2026-07-10T13:00:00+00:00
[2026-07-10T12:39:00.880+0000] {processor.py:179} INFO - Processing /opt/airflow/dags/dag_suivi.py took 0.102 seconds
[2026-07-10T12:39:31.141+0000] {processor.py:157} INFO - Started process (PID=8517) to work on /opt/airflow/dags/dag_suivi.py
[2026-07-10T12:39:31.141+0000] {processor.py:829} INFO - Processing file /opt/airflow/dags/dag_suivi.py for tasks to queue
[2026-07-10T12:39:31.142+0000] {logging_mixin.py:151} INFO - [2026-07-10T12:39:31.142+0000] {dagbag.py:536} INFO - Filling up the DagBag from /opt/airflow/dags/dag_suivi.py
[2026-07-10T12:39:31.161+0000] {processor.py:839} INFO - DAG(s) dict_keys(['pipeline_ingestion_suivi']) retrieved from /opt/airflow/dags/dag_suivi.py
[2026-07-10T12:39:31.185+0000] {logging_mixin.py:151} INFO - [2026-07-10T12:39:31.185+0000] {dag.py:2941} INFO - Sync 1 DAGs
[2026-07-10T12:39:31.202+0000] {logging_mixin.py:151} INFO - [2026-07-10T12:39:31.202+0000] {dag.py:3722} INFO - Setting next_dagrun for pipeline_ingestion_suivi to 2026-07-10T12:00:00+00:00, run_after=2026-07-10T13:00:00+00:00
[2026-07-10T12:39:31.230+0000] {processor.py:179} INFO - Processing /opt/airflow/dags/dag_suivi.py took 0.091 seconds
[2026-07-10T12:40:01.410+0000] {processor.py:157} INFO - Started process (PID=8522) to work on /opt/airflow/dags/dag_suivi.py
[2026-07-10T12:40:01.411+0000] {processor.py:829} INFO - Processing file /opt/airflow/dags/dag_suivi.py for tasks to queue
[2026-07-10T12:40:01.411+0000] {logging_mixin.py:151} INFO - [2026-07-10T12:40:01.411+0000] {dagbag.py:536} INFO - Filling up the DagBag from /opt/airflow/dags/dag_suivi.py
[2026-07-10T12:40:01.433+0000] {processor.py:839} INFO - DAG(s) dict_keys(['pipeline_ingestion_suivi']) retrieved from /opt/airflow/dags/dag_suivi.py
[2026-07-10T12:40:01.462+0000] {logging_mixin.py:151} INFO - [2026-07-10T12:40:01.462+0000] {dag.py:2941} INFO - Sync 1 DAGs
[2026-07-10T12:40:01.480+0000] {logging_mixin.py:151} INFO - [2026-07-10T12:40:01.480+0000] {dag.py:3722} INFO - Setting next_dagrun for pipeline_ingestion_suivi to 2026-07-10T12:00:00+00:00, run_after=2026-07-10T13:00:00+00:00
[2026-07-10T12:40:01.499+0000] {processor.py:179} INFO - Processing /opt/airflow/dags/dag_suivi.py took 0.092 seconds
[2026-07-10T12:40:31.726+0000] {processor.py:157} INFO - Started process (PID=8527) to work on /opt/airflow/dags/dag_suivi.py
[2026-07-10T12:40:31.727+0000] {processor.py:829} INFO - Processing file /opt/airflow/dags/dag_suivi.py for tasks to queue
[2026-07-10T12:40:31.728+0000] {logging_mixin.py:151} INFO - [2026-07-10T12:40:31.727+0000] {dagbag.py:536} INFO - Filling up the DagBag from /opt/airflow/dags/dag_suivi.py
[2026-07-10T12:40:31.747+0000] {processor.py:839} INFO - DAG(s) dict_keys(['pipeline_ingestion_suivi']) retrieved from /opt/airflow/dags/dag_suivi.py
[2026-07-10T12:40:31.772+0000] {logging_mixin.py:151} INFO - [2026-07-10T12:40:31.772+0000] {dag.py:2941} INFO - Sync 1 DAGs
[2026-07-10T12:40:31.794+0000] {logging_mixin.py:151} INFO - [2026-07-10T12:40:31.793+0000] {dag.py:3722} INFO - Setting next_dagrun for pipeline_ingestion_suivi to 2026-07-10T12:00:00+00:00, run_after=2026-07-10T13:00:00+00:00
[2026-07-10T12:40:31.814+0000] {processor.py:179} INFO - Processing /opt/airflow/dags/dag_suivi.py took 0.091 seconds
[2026-07-10T12:41:02.030+0000] {processor.py:157} INFO - Started process (PID=8532) to work on /opt/airflow/dags/dag_suivi.py
[2026-07-10T12:41:02.031+0000] {processor.py:829} INFO - Processing file /opt/airflow/dags/dag_suivi.py for tasks to queue
[2026-07-10T12:41:02.032+0000] {logging_mixin.py:151} INFO - [2026-07-10T12:41:02.031+0000] {dagbag.py:536} INFO - Filling up the DagBag from /opt/airflow/dags/dag_suivi.py
[2026-07-10T12:41:02.056+0000] {processor.py:839} INFO - DAG(s) dict_keys(['pipeline_ingestion_suivi']) retrieved from /opt/airflow/dags/dag_suivi.py
[2026-07-10T12:41:02.093+0000] {logging_mixin.py:151} INFO - [2026-07-10T12:41:02.092+0000] {dag.py:2941} INFO - Sync 1 DAGs
[2026-07-10T12:41:02.139+0000] {logging_mixin.py:151} INFO - [2026-07-10T12:41:02.139+0000] {dag.py:3722} INFO - Setting next_dagrun for pipeline_ingestion_suivi to 2026-07-10T12:00:00+00:00, run_after=2026-07-10T13:00:00+00:00
[2026-07-10T12:41:02.198+0000] {processor.py:179} INFO - Processing /opt/airflow/dags/dag_suivi.py took 0.172 seconds
[2026-07-10T12:41:32.287+0000] {processor.py:157} INFO - Started process (PID=8537) to work on /opt/airflow/dags/dag_suivi.py
[2026-07-10T12:41:32.288+0000] {processor.py:829} INFO - Processing file /opt/airflow/dags/dag_suivi.py for tasks to queue
[2026-07-10T12:41:32.288+0000] {logging_mixin.py:151} INFO - [2026-07-10T12:41:32.288+0000] {dagbag.py:536} INFO - Filling up the DagBag from /opt/airflow/dags/dag_suivi.py
[2026-07-10T12:41:32.310+0000] {processor.py:839} INFO - DAG(s) dict_keys(['pipeline_ingestion_suivi']) retrieved from /opt/airflow/dags/dag_suivi.py
[2026-07-10T12:41:32.338+0000] {logging_mixin.py:151} INFO - [2026-07-10T12:41:32.338+0000] {dag.py:2941} INFO - Sync 1 DAGs
[2026-07-10T12:41:32.357+0000] {logging_mixin.py:151} INFO - [2026-07-10T12:41:32.357+0000] {dag.py:3722} INFO - Setting next_dagrun for pipeline_ingestion_suivi to 2026-07-10T12:00:00+00:00, run_after=2026-07-10T13:00:00+00:00
[2026-07-10T12:41:32.375+0000] {processor.py:179} INFO - Processing /opt/airflow/dags/dag_suivi.py took 0.091 seconds
[2026-07-10T12:42:02.546+0000] {processor.py:157} INFO - Started process (PID=8542) to work on /opt/airflow/dags/dag_suivi.py
[2026-07-10T12:42:02.546+0000] {processor.py:829} INFO - Processing file /opt/airflow/dags/dag_suivi.py for tasks to queue
[2026-07-10T12:42:02.547+0000] {logging_mixin.py:151} INFO - [2026-07-10T12:42:02.547+0000] {dagbag.py:536} INFO - Filling up the DagBag from /opt/airflow/dags/dag_suivi.py
[2026-07-10T12:42:02.565+0000] {processor.py:839} INFO - DAG(s) dict_keys(['pipeline_ingestion_suivi']) retrieved from /opt/airflow/dags/dag_suivi.py
[2026-07-10T12:42:02.590+0000] {logging_mixin.py:151} INFO - [2026-07-10T12:42:02.590+0000] {dag.py:2941} INFO - Sync 1 DAGs
[2026-07-10T12:42:02.611+0000] {logging_mixin.py:151} INFO - [2026-07-10T12:42:02.611+0000] {dag.py:3722} INFO - Setting next_dagrun for pipeline_ingestion_suivi to 2026-07-10T12:00:00+00:00, run_after=2026-07-10T13:00:00+00:00
[2026-07-10T12:42:02.633+0000] {processor.py:179} INFO - Processing /opt/airflow/dags/dag_suivi.py took 0.090 seconds
[2026-07-10T12:42:32.875+0000] {processor.py:157} INFO - Started process (PID=8547) to work on /opt/airflow/dags/dag_suivi.py
[2026-07-10T12:42:32.875+0000] {processor.py:829} INFO - Processing file /opt/airflow/dags/dag_suivi.py for tasks to queue
[2026-07-10T12:42:32.876+0000] {logging_mixin.py:151} INFO - [2026-07-10T12:42:32.876+0000] {dagbag.py:536} INFO - Filling up the DagBag from /opt/airflow/dags/dag_suivi.py
[2026-07-10T12:42:32.894+0000] {processor.py:839} INFO - DAG(s) dict_keys(['pipeline_ingestion_suivi']) retrieved from /opt/airflow/dags/dag_suivi.py
[2026-07-10T12:42:32.917+0000] {logging_mixin.py:151} INFO - [2026-07-10T12:42:32.917+0000] {dag.py:2941} INFO - Sync 1 DAGs
[2026-07-10T12:42:32.935+0000] {logging_mixin.py:151} INFO - [2026-07-10T12:42:32.935+0000] {dag.py:3722} INFO - Setting next_dagrun for pipeline_ingestion_suivi to 2026-07-10T12:00:00+00:00, run_after=2026-07-10T13:00:00+00:00
[2026-07-10T12:42:32.956+0000] {processor.py:179} INFO - Processing /opt/airflow/dags/dag_suivi.py took 0.084 seconds
[2026-07-10T12:43:03.145+0000] {processor.py:157} INFO - Started process (PID=8552) to work on /opt/airflow/dags/dag_suivi.py
[2026-07-10T12:43:03.146+0000] {processor.py:829} INFO - Processing file /opt/airflow/dags/dag_suivi.py for tasks to queue
[2026-07-10T12:43:03.147+0000] {logging_mixin.py:151} INFO - [2026-07-10T12:43:03.147+0000] {dagbag.py:536} INFO - Filling up the DagBag from /opt/airflow/dags/dag_suivi.py
[2026-07-10T12:43:03.166+0000] {processor.py:839} INFO - DAG(s) dict_keys(['pipeline_ingestion_suivi']) retrieved from /opt/airflow/dags/dag_suivi.py
[2026-07-10T12:43:03.189+0000] {logging_mixin.py:151} INFO - [2026-07-10T12:43:03.189+0000] {dag.py:2941} INFO - Sync 1 DAGs
[2026-07-10T12:43:03.207+0000] {logging_mixin.py:151} INFO - [2026-07-10T12:43:03.207+0000] {dag.py:3722} INFO - Setting next_dagrun for pipeline_ingestion_suivi to 2026-07-10T12:00:00+00:00, run_after=2026-07-10T13:00:00+00:00
[2026-07-10T12:43:03.224+0000] {processor.py:179} INFO - Processing /opt/airflow/dags/dag_suivi.py took 0.082 seconds
[2026-07-10T12:43:33.471+0000] {processor.py:157} INFO - Started process (PID=8557) to work on /opt/airflow/dags/dag_suivi.py
[2026-07-10T12:43:33.471+0000] {processor.py:829} INFO - Processing file /opt/airflow/dags/dag_suivi.py for tasks to queue
[2026-07-10T12:43:33.473+0000] {logging_mixin.py:151} INFO - [2026-07-10T12:43:33.472+0000] {dagbag.py:536} INFO - Filling up the DagBag from /opt/airflow/dags/dag_suivi.py
[2026-07-10T12:43:33.489+0000] {processor.py:839} INFO - DAG(s) dict_keys(['pipeline_ingestion_suivi']) retrieved from /opt/airflow/dags/dag_suivi.py
[2026-07-10T12:43:33.513+0000] {logging_mixin.py:151} INFO - [2026-07-10T12:43:33.513+0000] {dag.py:2941} INFO - Sync 1 DAGs
[2026-07-10T12:43:33.531+0000] {logging_mixin.py:151} INFO - [2026-07-10T12:43:33.531+0000] {dag.py:3722} INFO - Setting next_dagrun for pipeline_ingestion_suivi to 2026-07-10T12:00:00+00:00, run_after=2026-07-10T13:00:00+00:00
[2026-07-10T12:43:33.549+0000] {processor.py:179} INFO - Processing /opt/airflow/dags/dag_suivi.py took 0.081 seconds
[2026-07-10T12:44:03.706+0000] {processor.py:157} INFO - Started process (PID=8562) to work on /opt/airflow/dags/dag_suivi.py
[2026-07-10T12:44:03.706+0000] {processor.py:829} INFO - Processing file /opt/airflow/dags/dag_suivi.py for tasks to queue
[2026-07-10T12:44:03.707+0000] {logging_mixin.py:151} INFO - [2026-07-10T12:44:03.707+0000] {dagbag.py:536} INFO - Filling up the DagBag from /opt/airflow/dags/dag_suivi.py
[2026-07-10T12:44:03.724+0000] {processor.py:839} INFO - DAG(s) dict_keys(['pipeline_ingestion_suivi']) retrieved from /opt/airflow/dags/dag_suivi.py
[2026-07-10T12:44:03.749+0000] {logging_mixin.py:151} INFO - [2026-07-10T12:44:03.749+0000] {dag.py:2941} INFO - Sync 1 DAGs
[2026-07-10T12:44:03.767+0000] {logging_mixin.py:151} INFO - [2026-07-10T12:44:03.767+0000] {dag.py:3722} INFO - Setting next_dagrun for pipeline_ingestion_suivi to 2026-07-10T12:00:00+00:00, run_after=2026-07-10T13:00:00+00:00
[2026-07-10T12:44:03.787+0000] {processor.py:179} INFO - Processing /opt/airflow/dags/dag_suivi.py took 0.084 seconds
[2026-07-10T12:44:34.024+0000] {processor.py:157} INFO - Started process (PID=8567) to work on /opt/airflow/dags/dag_suivi.py
[2026-07-10T12:44:34.024+0000] {processor.py:829} INFO - Processing file /opt/airflow/dags/dag_suivi.py for tasks to queue
[2026-07-10T12:44:34.025+0000] {logging_mixin.py:151} INFO - [2026-07-10T12:44:34.025+0000] {dagbag.py:536} INFO - Filling up the DagBag from /opt/airflow/dags/dag_suivi.py
[2026-07-10T12:44:34.041+0000] {processor.py:839} INFO - DAG(s) dict_keys(['pipeline_ingestion_suivi']) retrieved from /opt/airflow/dags/dag_suivi.py
[2026-07-10T12:44:34.064+0000] {logging_mixin.py:151} INFO - [2026-07-10T12:44:34.063+0000] {dag.py:2941} INFO - Sync 1 DAGs
[2026-07-10T12:44:34.082+0000] {logging_mixin.py:151} INFO - [2026-07-10T12:44:34.082+0000] {dag.py:3722} INFO - Setting next_dagrun for pipeline_ingestion_suivi to 2026-07-10T12:00:00+00:00, run_after=2026-07-10T13:00:00+00:00
[2026-07-10T12:44:34.100+0000] {processor.py:179} INFO - Processing /opt/airflow/dags/dag_suivi.py took 0.078 seconds
[2026-07-10T12:45:04.283+0000] {processor.py:157} INFO - Started process (PID=8572) to work on /opt/airflow/dags/dag_suivi.py
[2026-07-10T12:45:04.284+0000] {processor.py:829} INFO - Processing file /opt/airflow/dags/dag_suivi.py for tasks to queue
[2026-07-10T12:45:04.285+0000] {logging_mixin.py:151} INFO - [2026-07-10T12:45:04.284+0000] {dagbag.py:536} INFO - Filling up the DagBag from /opt/airflow/dags/dag_suivi.py
[2026-07-10T12:45:04.304+0000] {processor.py:839} INFO - DAG(s) dict_keys(['pipeline_ingestion_suivi']) retrieved from /opt/airflow/dags/dag_suivi.py
[2026-07-10T12:45:04.328+0000] {logging_mixin.py:151} INFO - [2026-07-10T12:45:04.327+0000] {dag.py:2941} INFO - Sync 1 DAGs
[2026-07-10T12:45:04.346+0000] {logging_mixin.py:151} INFO - [2026-07-10T12:45:04.345+0000] {dag.py:3722} INFO - Setting next_dagrun for pipeline_ingestion_suivi to 2026-07-10T12:00:00+00:00, run_after=2026-07-10T13:00:00+00:00
[2026-07-10T12:45:04.374+0000] {processor.py:179} INFO - Processing /opt/airflow/dags/dag_suivi.py took 0.094 seconds
[2026-07-10T12:45:34.545+0000] {processor.py:157} INFO - Started process (PID=8577) to work on /opt/airflow/dags/dag_suivi.py
[2026-07-10T12:45:34.546+0000] {processor.py:829} INFO - Processing file /opt/airflow/dags/dag_suivi.py for tasks to queue
[2026-07-10T12:45:34.547+0000] {logging_mixin.py:151} INFO - [2026-07-10T12:45:34.546+0000] {dagbag.py:536} INFO - Filling up the DagBag from /opt/airflow/dags/dag_suivi.py
[2026-07-10T12:45:34.564+0000] {processor.py:839} INFO - DAG(s) dict_keys(['pipeline_ingestion_suivi']) retrieved from /opt/airflow/dags/dag_suivi.py
[2026-07-10T12:45:34.589+0000] {logging_mixin.py:151} INFO - [2026-07-10T12:45:34.589+0000] {dag.py:2941} INFO - Sync 1 DAGs
[2026-07-10T12:45:34.606+0000] {logging_mixin.py:151} INFO - [2026-07-10T12:45:34.606+0000] {dag.py:3722} INFO - Setting next_dagrun for pipeline_ingestion_suivi to 2026-07-10T12:00:00+00:00, run_after=2026-07-10T13:00:00+00:00
[2026-07-10T12:45:34.623+0000] {processor.py:179} INFO - Processing /opt/airflow/dags/dag_suivi.py took 0.080 seconds
[2026-07-10T12:46:04.855+0000] {processor.py:157} INFO - Started process (PID=8582) to work on /opt/airflow/dags/dag_suivi.py
[2026-07-10T12:46:04.856+0000] {processor.py:829} INFO - Processing file /opt/airflow/dags/dag_suivi.py for tasks to queue
[2026-07-10T12:46:04.856+0000] {logging_mixin.py:151} INFO - [2026-07-10T12:46:04.856+0000] {dagbag.py:536} INFO - Filling up the DagBag from /opt/airflow/dags/dag_suivi.py
[2026-07-10T12:46:04.875+0000] {processor.py:839} INFO - DAG(s) dict_keys(['pipeline_ingestion_suivi']) retrieved from /opt/airflow/dags/dag_suivi.py
[2026-07-10T12:46:04.898+0000] {logging_mixin.py:151} INFO - [2026-07-10T12:46:04.897+0000] {dag.py:2941} INFO - Sync 1 DAGs
[2026-07-10T12:46:04.915+0000] {logging_mixin.py:151} INFO - [2026-07-10T12:46:04.915+0000] {dag.py:3722} INFO - Setting next_dagrun for pipeline_ingestion_suivi to 2026-07-10T12:00:00+00:00, run_after=2026-07-10T13:00:00+00:00
[2026-07-10T12:46:04.933+0000] {processor.py:179} INFO - Processing /opt/airflow/dags/dag_suivi.py took 0.080 seconds
[2026-07-10T12:46:35.141+0000] {processor.py:157} INFO - Started process (PID=8587) to work on /opt/airflow/dags/dag_suivi.py
[2026-07-10T12:46:35.141+0000] {processor.py:829} INFO - Processing file /opt/airflow/dags/dag_suivi.py for tasks to queue
[2026-07-10T12:46:35.142+0000] {logging_mixin.py:151} INFO - [2026-07-10T12:46:35.142+0000] {dagbag.py:536} INFO - Filling up the DagBag from /opt/airflow/dags/dag_suivi.py
[2026-07-10T12:46:35.160+0000] {processor.py:839} INFO - DAG(s) dict_keys(['pipeline_ingestion_suivi']) retrieved from /opt/airflow/dags/dag_suivi.py
[2026-07-10T12:46:35.183+0000] {logging_mixin.py:151} INFO - [2026-07-10T12:46:35.183+0000] {dag.py:2941} INFO - Sync 1 DAGs
[2026-07-10T12:46:35.200+0000] {logging_mixin.py:151} INFO - [2026-07-10T12:46:35.200+0000] {dag.py:3722} INFO - Setting next_dagrun for pipeline_ingestion_suivi to 2026-07-10T12:00:00+00:00, run_after=2026-07-10T13:00:00+00:00
[2026-07-10T12:46:35.217+0000] {processor.py:179} INFO - Processing /opt/airflow/dags/dag_suivi.py took 0.078 seconds
[2026-07-10T12:47:05.396+0000] {processor.py:157} INFO - Started process (PID=8592) to work on /opt/airflow/dags/dag_suivi.py
[2026-07-10T12:47:05.397+0000] {processor.py:829} INFO - Processing file /opt/airflow/dags/dag_suivi.py for tasks to queue
[2026-07-10T12:47:05.397+0000] {logging_mixin.py:151} INFO - [2026-07-10T12:47:05.397+0000] {dagbag.py:536} INFO - Filling up the DagBag from /opt/airflow/dags/dag_suivi.py
[2026-07-10T12:47:05.414+0000] {processor.py:839} INFO - DAG(s) dict_keys(['pipeline_ingestion_suivi']) retrieved from /opt/airflow/dags/dag_suivi.py
[2026-07-10T12:47:05.436+0000] {logging_mixin.py:151} INFO - [2026-07-10T12:47:05.436+0000] {dag.py:2941} INFO - Sync 1 DAGs
[2026-07-10T12:47:05.455+0000] {logging_mixin.py:151} INFO - [2026-07-10T12:47:05.455+0000] {dag.py:3722} INFO - Setting next_dagrun for pipeline_ingestion_suivi to 2026-07-10T12:00:00+00:00, run_after=2026-07-10T13:00:00+00:00
[2026-07-10T12:47:05.472+0000] {processor.py:179} INFO - Processing /opt/airflow/dags/dag_suivi.py took 0.079 seconds
[2026-07-10T12:47:35.651+0000] {processor.py:157} INFO - Started process (PID=8597) to work on /opt/airflow/dags/dag_suivi.py
[2026-07-10T12:47:35.652+0000] {processor.py:829} INFO - Processing file /opt/airflow/dags/dag_suivi.py for tasks to queue
[2026-07-10T12:47:35.653+0000] {logging_mixin.py:151} INFO - [2026-07-10T12:47:35.653+0000] {dagbag.py:536} INFO - Filling up the DagBag from /opt/airflow/dags/dag_suivi.py
[2026-07-10T12:47:35.671+0000] {processor.py:839} INFO - DAG(s) dict_keys(['pipeline_ingestion_suivi']) retrieved from /opt/airflow/dags/dag_suivi.py
[2026-07-10T12:47:35.700+0000] {logging_mixin.py:151} INFO - [2026-07-10T12:47:35.700+0000] {dag.py:2941} INFO - Sync 1 DAGs
[2026-07-10T12:47:35.719+0000] {logging_mixin.py:151} INFO - [2026-07-10T12:47:35.719+0000] {dag.py:3722} INFO - Setting next_dagrun for pipeline_ingestion_suivi to 2026-07-10T12:00:00+00:00, run_after=2026-07-10T13:00:00+00:00
[2026-07-10T12:47:35.736+0000] {processor.py:179} INFO - Processing /opt/airflow/dags/dag_suivi.py took 0.088 seconds
[2026-07-10T12:48:05.966+0000] {processor.py:157} INFO - Started process (PID=8602) to work on /opt/airflow/dags/dag_suivi.py
[2026-07-10T12:48:05.967+0000] {processor.py:829} INFO - Processing file /opt/airflow/dags/dag_suivi.py for tasks to queue
[2026-07-10T12:48:05.968+0000] {logging_mixin.py:151} INFO - [2026-07-10T12:48:05.967+0000] {dagbag.py:536} INFO - Filling up the DagBag from /opt/airflow/dags/dag_suivi.py
[2026-07-10T12:48:05.987+0000] {processor.py:839} INFO - DAG(s) dict_keys(['pipeline_ingestion_suivi']) retrieved from /opt/airflow/dags/dag_suivi.py
[2026-07-10T12:48:06.009+0000] {logging_mixin.py:151} INFO - [2026-07-10T12:48:06.009+0000] {dag.py:2941} INFO - Sync 1 DAGs
[2026-07-10T12:48:06.027+0000] {logging_mixin.py:151} INFO - [2026-07-10T12:48:06.026+0000] {dag.py:3722} INFO - Setting next_dagrun for pipeline_ingestion_suivi to 2026-07-10T12:00:00+00:00, run_after=2026-07-10T13:00:00+00:00
[2026-07-10T12:48:06.043+0000] {processor.py:179} INFO - Processing /opt/airflow/dags/dag_suivi.py took 0.080 seconds
[2026-07-10T12:48:36.240+0000] {processor.py:157} INFO - Started process (PID=8607) to work on /opt/airflow/dags/dag_suivi.py
[2026-07-10T12:48:36.241+0000] {processor.py:829} INFO - Processing file /opt/airflow/dags/dag_suivi.py for tasks to queue
[2026-07-10T12:48:36.242+0000] {logging_mixin.py:151} INFO - [2026-07-10T12:48:36.242+0000] {dagbag.py:536} INFO - Filling up the DagBag from /opt/airflow/dags/dag_suivi.py
[2026-07-10T12:48:36.259+0000] {processor.py:839} INFO - DAG(s) dict_keys(['pipeline_ingestion_suivi']) retrieved from /opt/airflow/dags/dag_suivi.py
[2026-07-10T12:48:36.282+0000] {logging_mixin.py:151} INFO - [2026-07-10T12:48:36.282+0000] {dag.py:2941} INFO - Sync 1 DAGs
[2026-07-10T12:48:36.300+0000] {logging_mixin.py:151} INFO - [2026-07-10T12:48:36.299+0000] {dag.py:3722} INFO - Setting next_dagrun for pipeline_ingestion_suivi to 2026-07-10T12:00:00+00:00, run_after=2026-07-10T13:00:00+00:00
[2026-07-10T12:48:36.317+0000] {processor.py:179} INFO - Processing /opt/airflow/dags/dag_suivi.py took 0.080 seconds
[2026-07-10T12:49:06.472+0000] {processor.py:157} INFO - Started process (PID=8612) to work on /opt/airflow/dags/dag_suivi.py
[2026-07-10T12:49:06.473+0000] {processor.py:829} INFO - Processing file /opt/airflow/dags/dag_suivi.py for tasks to queue
[2026-07-10T12:49:06.474+0000] {logging_mixin.py:151} INFO - [2026-07-10T12:49:06.474+0000] {dagbag.py:536} INFO - Filling up the DagBag from /opt/airflow/dags/dag_suivi.py
[2026-07-10T12:49:06.491+0000] {processor.py:839} INFO - DAG(s) dict_keys(['pipeline_ingestion_suivi']) retrieved from /opt/airflow/dags/dag_suivi.py
[2026-07-10T12:49:06.517+0000] {logging_mixin.py:151} INFO - [2026-07-10T12:49:06.517+0000] {dag.py:2941} INFO - Sync 1 DAGs
[2026-07-10T12:49:06.536+0000] {logging_mixin.py:151} INFO - [2026-07-10T12:49:06.536+0000] {dag.py:3722} INFO - Setting next_dagrun for pipeline_ingestion_suivi to 2026-07-10T12:00:00+00:00, run_after=2026-07-10T13:00:00+00:00
[2026-07-10T12:49:06.556+0000] {processor.py:179} INFO - Processing /opt/airflow/dags/dag_suivi.py took 0.086 seconds
[2026-07-10T12:49:36.775+0000] {processor.py:157} INFO - Started process (PID=8617) to work on /opt/airflow/dags/dag_suivi.py
[2026-07-10T12:49:36.775+0000] {processor.py:829} INFO - Processing file /opt/airflow/dags/dag_suivi.py for tasks to queue
[2026-07-10T12:49:36.776+0000] {logging_mixin.py:151} INFO - [2026-07-10T12:49:36.776+0000] {dagbag.py:536} INFO - Filling up the DagBag from /opt/airflow/dags/dag_suivi.py
[2026-07-10T12:49:36.794+0000] {processor.py:839} INFO - DAG(s) dict_keys(['pipeline_ingestion_suivi']) retrieved from /opt/airflow/dags/dag_suivi.py
[2026-07-10T12:49:36.817+0000] {logging_mixin.py:151} INFO - [2026-07-10T12:49:36.817+0000] {dag.py:2941} INFO - Sync 1 DAGs
[2026-07-10T12:49:36.835+0000] {logging_mixin.py:151} INFO - [2026-07-10T12:49:36.835+0000] {dag.py:3722} INFO - Setting next_dagrun for pipeline_ingestion_suivi to 2026-07-10T12:00:00+00:00, run_after=2026-07-10T13:00:00+00:00
[2026-07-10T12:49:36.854+0000] {processor.py:179} INFO - Processing /opt/airflow/dags/dag_suivi.py took 0.081 seconds
[2026-07-10T12:50:07.028+0000] {processor.py:157} INFO - Started process (PID=8622) to work on /opt/airflow/dags/dag_suivi.py
[2026-07-10T12:50:07.029+0000] {processor.py:829} INFO - Processing file /opt/airflow/dags/dag_suivi.py for tasks to queue
[2026-07-10T12:50:07.030+0000] {logging_mixin.py:151} INFO - [2026-07-10T12:50:07.030+0000] {dagbag.py:536} INFO - Filling up the DagBag from /opt/airflow/dags/dag_suivi.py
[2026-07-10T12:50:07.052+0000] {processor.py:839} INFO - DAG(s) dict_keys(['pipeline_ingestion_suivi']) retrieved from /opt/airflow/dags/dag_suivi.py
[2026-07-10T12:50:07.078+0000] {logging_mixin.py:151} INFO - [2026-07-10T12:50:07.078+0000] {dag.py:2941} INFO - Sync 1 DAGs
[2026-07-10T12:50:07.096+0000] {logging_mixin.py:151} INFO - [2026-07-10T12:50:07.096+0000] {dag.py:3722} INFO - Setting next_dagrun for pipeline_ingestion_suivi to 2026-07-10T12:00:00+00:00, run_after=2026-07-10T13:00:00+00:00
[2026-07-10T12:50:07.113+0000] {processor.py:179} INFO - Processing /opt/airflow/dags/dag_suivi.py took 0.087 seconds
[2026-07-10T12:50:37.323+0000] {processor.py:157} INFO - Started process (PID=8627) to work on /opt/airflow/dags/dag_suivi.py
[2026-07-10T12:50:37.323+0000] {processor.py:829} INFO - Processing file /opt/airflow/dags/dag_suivi.py for tasks to queue
[2026-07-10T12:50:37.324+0000] {logging_mixin.py:151} INFO - [2026-07-10T12:50:37.324+0000] {dagbag.py:536} INFO - Filling up the DagBag from /opt/airflow/dags/dag_suivi.py
[2026-07-10T12:50:37.342+0000] {processor.py:839} INFO - DAG(s) dict_keys(['pipeline_ingestion_suivi']) retrieved from /opt/airflow/dags/dag_suivi.py
[2026-07-10T12:50:37.365+0000] {logging_mixin.py:151} INFO - [2026-07-10T12:50:37.365+0000] {dag.py:2941} INFO - Sync 1 DAGs
[2026-07-10T12:50:37.384+0000] {logging_mixin.py:151} INFO - [2026-07-10T12:50:37.384+0000] {dag.py:3722} INFO - Setting next_dagrun for pipeline_ingestion_suivi to 2026-07-10T12:00:00+00:00, run_after=2026-07-10T13:00:00+00:00
[2026-07-10T12:50:37.402+0000] {processor.py:179} INFO - Processing /opt/airflow/dags/dag_suivi.py took 0.082 seconds
[2026-07-10T12:51:07.563+0000] {processor.py:157} INFO - Started process (PID=8632) to work on /opt/airflow/dags/dag_suivi.py
[2026-07-10T12:51:07.563+0000] {processor.py:829} INFO - Processing file /opt/airflow/dags/dag_suivi.py for tasks to queue
[2026-07-10T12:51:07.564+0000] {logging_mixin.py:151} INFO - [2026-07-10T12:51:07.564+0000] {dagbag.py:536} INFO - Filling up the DagBag from /opt/airflow/dags/dag_suivi.py
[2026-07-10T12:51:07.579+0000] {processor.py:839} INFO - DAG(s) dict_keys(['pipeline_ingestion_suivi']) retrieved from /opt/airflow/dags/dag_suivi.py
[2026-07-10T12:51:07.607+0000] {logging_mixin.py:151} INFO - [2026-07-10T12:51:07.606+0000] {dag.py:2941} INFO - Sync 1 DAGs
[2026-07-10T12:51:07.626+0000] {logging_mixin.py:151} INFO - [2026-07-10T12:51:07.626+0000] {dag.py:3722} INFO - Setting next_dagrun for pipeline_ingestion_suivi to 2026-07-10T12:00:00+00:00, run_after=2026-07-10T13:00:00+00:00
[2026-07-10T12:51:07.645+0000] {processor.py:179} INFO - Processing /opt/airflow/dags/dag_suivi.py took 0.086 seconds
[2026-07-10T12:51:37.841+0000] {processor.py:157} INFO - Started process (PID=8637) to work on /opt/airflow/dags/dag_suivi.py
[2026-07-10T12:51:37.841+0000] {processor.py:829} INFO - Processing file /opt/airflow/dags/dag_suivi.py for tasks to queue
[2026-07-10T12:51:37.842+0000] {logging_mixin.py:151} INFO - [2026-07-10T12:51:37.842+0000] {dagbag.py:536} INFO - Filling up the DagBag from /opt/airflow/dags/dag_suivi.py
[2026-07-10T12:51:37.862+0000] {processor.py:839} INFO - DAG(s) dict_keys(['pipeline_ingestion_suivi']) retrieved from /opt/airflow/dags/dag_suivi.py
[2026-07-10T12:51:37.886+0000] {logging_mixin.py:151} INFO - [2026-07-10T12:51:37.886+0000] {dag.py:2941} INFO - Sync 1 DAGs
[2026-07-10T12:51:37.905+0000] {logging_mixin.py:151} INFO - [2026-07-10T12:51:37.904+0000] {dag.py:3722} INFO - Setting next_dagrun for pipeline_ingestion_suivi to 2026-07-10T12:00:00+00:00, run_after=2026-07-10T13:00:00+00:00
[2026-07-10T12:51:37.923+0000] {processor.py:179} INFO - Processing /opt/airflow/dags/dag_suivi.py took 0.085 seconds
[2026-07-10T12:52:08.124+0000] {processor.py:157} INFO - Started process (PID=8642) to work on /opt/airflow/dags/dag_suivi.py
[2026-07-10T12:52:08.125+0000] {processor.py:829} INFO - Processing file /opt/airflow/dags/dag_suivi.py for tasks to queue
[2026-07-10T12:52:08.126+0000] {logging_mixin.py:151} INFO - [2026-07-10T12:52:08.126+0000] {dagbag.py:536} INFO - Filling up the DagBag from /opt/airflow/dags/dag_suivi.py
[2026-07-10T12:52:08.144+0000] {processor.py:839} INFO - DAG(s) dict_keys(['pipeline_ingestion_suivi']) retrieved from /opt/airflow/dags/dag_suivi.py
[2026-07-10T12:52:08.168+0000] {logging_mixin.py:151} INFO - [2026-07-10T12:52:08.168+0000] {dag.py:2941} INFO - Sync 1 DAGs
[2026-07-10T12:52:08.186+0000] {logging_mixin.py:151} INFO - [2026-07-10T12:52:08.186+0000] {dag.py:3722} INFO - Setting next_dagrun for pipeline_ingestion_suivi to 2026-07-10T12:00:00+00:00, run_after=2026-07-10T13:00:00+00:00
[2026-07-10T12:52:08.202+0000] {processor.py:179} INFO - Processing /opt/airflow/dags/dag_suivi.py took 0.081 seconds
[2026-07-10T12:52:38.420+0000] {processor.py:157} INFO - Started process (PID=8647) to work on /opt/airflow/dags/dag_suivi.py
[2026-07-10T12:52:38.421+0000] {processor.py:829} INFO - Processing file /opt/airflow/dags/dag_suivi.py for tasks to queue
[2026-07-10T12:52:38.422+0000] {logging_mixin.py:151} INFO - [2026-07-10T12:52:38.422+0000] {dagbag.py:536} INFO - Filling up the DagBag from /opt/airflow/dags/dag_suivi.py
[2026-07-10T12:52:38.441+0000] {processor.py:839} INFO - DAG(s) dict_keys(['pipeline_ingestion_suivi']) retrieved from /opt/airflow/dags/dag_suivi.py
[2026-07-10T12:52:38.465+0000] {logging_mixin.py:151} INFO - [2026-07-10T12:52:38.464+0000] {dag.py:2941} INFO - Sync 1 DAGs
[2026-07-10T12:52:38.483+0000] {logging_mixin.py:151} INFO - [2026-07-10T12:52:38.483+0000] {dag.py:3722} INFO - Setting next_dagrun for pipeline_ingestion_suivi to 2026-07-10T12:00:00+00:00, run_after=2026-07-10T13:00:00+00:00
[2026-07-10T12:52:38.501+0000] {processor.py:179} INFO - Processing /opt/airflow/dags/dag_suivi.py took 0.084 seconds
[2026-07-10T12:53:08.656+0000] {processor.py:157} INFO - Started process (PID=8652) to work on /opt/airflow/dags/dag_suivi.py
[2026-07-10T12:53:08.656+0000] {processor.py:829} INFO - Processing file /opt/airflow/dags/dag_suivi.py for tasks to queue
[2026-07-10T12:53:08.657+0000] {logging_mixin.py:151} INFO - [2026-07-10T12:53:08.657+0000] {dagbag.py:536} INFO - Filling up the DagBag from /opt/airflow/dags/dag_suivi.py
[2026-07-10T12:53:08.677+0000] {processor.py:839} INFO - DAG(s) dict_keys(['pipeline_ingestion_suivi']) retrieved from /opt/airflow/dags/dag_suivi.py
[2026-07-10T12:53:08.701+0000] {logging_mixin.py:151} INFO - [2026-07-10T12:53:08.701+0000] {dag.py:2941} INFO - Sync 1 DAGs
[2026-07-10T12:53:08.721+0000] {logging_mixin.py:151} INFO - [2026-07-10T12:53:08.720+0000] {dag.py:3722} INFO - Setting next_dagrun for pipeline_ingestion_suivi to 2026-07-10T12:00:00+00:00, run_after=2026-07-10T13:00:00+00:00
[2026-07-10T12:53:08.739+0000] {processor.py:179} INFO - Processing /opt/airflow/dags/dag_suivi.py took 0.087 seconds
[2026-07-10T12:53:38.999+0000] {processor.py:157} INFO - Started process (PID=8657) to work on /opt/airflow/dags/dag_suivi.py
[2026-07-10T12:53:39.000+0000] {processor.py:829} INFO - Processing file /opt/airflow/dags/dag_suivi.py for tasks to queue
[2026-07-10T12:53:39.000+0000] {logging_mixin.py:151} INFO - [2026-07-10T12:53:39.000+0000] {dagbag.py:536} INFO - Filling up the DagBag from /opt/airflow/dags/dag_suivi.py
[2026-07-10T12:53:39.019+0000] {processor.py:839} INFO - DAG(s) dict_keys(['pipeline_ingestion_suivi']) retrieved from /opt/airflow/dags/dag_suivi.py
[2026-07-10T12:53:39.045+0000] {logging_mixin.py:151} INFO - [2026-07-10T12:53:39.045+0000] {dag.py:2941} INFO - Sync 1 DAGs
[2026-07-10T12:53:39.063+0000] {logging_mixin.py:151} INFO - [2026-07-10T12:53:39.063+0000] {dag.py:3722} INFO - Setting next_dagrun for pipeline_ingestion_suivi to 2026-07-10T12:00:00+00:00, run_after=2026-07-10T13:00:00+00:00
[2026-07-10T12:53:39.081+0000] {processor.py:179} INFO - Processing /opt/airflow/dags/dag_suivi.py took 0.084 seconds
[2026-07-10T12:54:09.262+0000] {processor.py:157} INFO - Started process (PID=8662) to work on /opt/airflow/dags/dag_suivi.py
[2026-07-10T12:54:09.263+0000] {processor.py:829} INFO - Processing file /opt/airflow/dags/dag_suivi.py for tasks to queue
[2026-07-10T12:54:09.264+0000] {logging_mixin.py:151} INFO - [2026-07-10T12:54:09.264+0000] {dagbag.py:536} INFO - Filling up the DagBag from /opt/airflow/dags/dag_suivi.py
[2026-07-10T12:54:09.283+0000] {processor.py:839} INFO - DAG(s) dict_keys(['pipeline_ingestion_suivi']) retrieved from /opt/airflow/dags/dag_suivi.py
[2026-07-10T12:54:09.305+0000] {logging_mixin.py:151} INFO - [2026-07-10T12:54:09.305+0000] {dag.py:2941} INFO - Sync 1 DAGs
[2026-07-10T12:54:09.322+0000] {logging_mixin.py:151} INFO - [2026-07-10T12:54:09.321+0000] {dag.py:3722} INFO - Setting next_dagrun for pipeline_ingestion_suivi to 2026-07-10T12:00:00+00:00, run_after=2026-07-10T13:00:00+00:00
[2026-07-10T12:54:09.339+0000] {processor.py:179} INFO - Processing /opt/airflow/dags/dag_suivi.py took 0.080 seconds
[2026-07-10T12:54:39.550+0000] {processor.py:157} INFO - Started process (PID=8667) to work on /opt/airflow/dags/dag_suivi.py
[2026-07-10T12:54:39.550+0000] {processor.py:829} INFO - Processing file /opt/airflow/dags/dag_suivi.py for tasks to queue
[2026-07-10T12:54:39.551+0000] {logging_mixin.py:151} INFO - [2026-07-10T12:54:39.551+0000] {dagbag.py:536} INFO - Filling up the DagBag from /opt/airflow/dags/dag_suivi.py
[2026-07-10T12:54:39.579+0000] {processor.py:839} INFO - DAG(s) dict_keys(['pipeline_ingestion_suivi']) retrieved from /opt/airflow/dags/dag_suivi.py
[2026-07-10T12:54:39.613+0000] {logging_mixin.py:151} INFO - [2026-07-10T12:54:39.613+0000] {dag.py:2941} INFO - Sync 1 DAGs
[2026-07-10T12:54:39.633+0000] {logging_mixin.py:151} INFO - [2026-07-10T12:54:39.632+0000] {dag.py:3722} INFO - Setting next_dagrun for pipeline_ingestion_suivi to 2026-07-10T12:00:00+00:00, run_after=2026-07-10T13:00:00+00:00
[2026-07-10T12:54:39.652+0000] {processor.py:179} INFO - Processing /opt/airflow/dags/dag_suivi.py took 0.105 seconds
[2026-07-10T12:55:09.789+0000] {processor.py:157} INFO - Started process (PID=8672) to work on /opt/airflow/dags/dag_suivi.py
[2026-07-10T12:55:09.789+0000] {processor.py:829} INFO - Processing file /opt/airflow/dags/dag_suivi.py for tasks to queue
[2026-07-10T12:55:09.790+0000] {logging_mixin.py:151} INFO - [2026-07-10T12:55:09.790+0000] {dagbag.py:536} INFO - Filling up the DagBag from /opt/airflow/dags/dag_suivi.py
[2026-07-10T12:55:09.808+0000] {processor.py:839} INFO - DAG(s) dict_keys(['pipeline_ingestion_suivi']) retrieved from /opt/airflow/dags/dag_suivi.py
[2026-07-10T12:55:09.833+0000] {logging_mixin.py:151} INFO - [2026-07-10T12:55:09.833+0000] {dag.py:2941} INFO - Sync 1 DAGs
[2026-07-10T12:55:09.850+0000] {logging_mixin.py:151} INFO - [2026-07-10T12:55:09.850+0000] {dag.py:3722} INFO - Setting next_dagrun for pipeline_ingestion_suivi to 2026-07-10T12:00:00+00:00, run_after=2026-07-10T13:00:00+00:00
[2026-07-10T12:55:09.868+0000] {processor.py:179} INFO - Processing /opt/airflow/dags/dag_suivi.py took 0.082 seconds
[2026-07-10T12:55:40.147+0000] {processor.py:157} INFO - Started process (PID=8677) to work on /opt/airflow/dags/dag_suivi.py
[2026-07-10T12:55:40.148+0000] {processor.py:829} INFO - Processing file /opt/airflow/dags/dag_suivi.py for tasks to queue
[2026-07-10T12:55:40.148+0000] {logging_mixin.py:151} INFO - [2026-07-10T12:55:40.148+0000] {dagbag.py:536} INFO - Filling up the DagBag from /opt/airflow/dags/dag_suivi.py
[2026-07-10T12:55:40.167+0000] {processor.py:839} INFO - DAG(s) dict_keys(['pipeline_ingestion_suivi']) retrieved from /opt/airflow/dags/dag_suivi.py
[2026-07-10T12:55:40.190+0000] {logging_mixin.py:151} INFO - [2026-07-10T12:55:40.190+0000] {dag.py:2941} INFO - Sync 1 DAGs
[2026-07-10T12:55:40.209+0000] {logging_mixin.py:151} INFO - [2026-07-10T12:55:40.209+0000] {dag.py:3722} INFO - Setting next_dagrun for pipeline_ingestion_suivi to 2026-07-10T12:00:00+00:00, run_after=2026-07-10T13:00:00+00:00
[2026-07-10T12:55:40.227+0000] {processor.py:179} INFO - Processing /opt/airflow/dags/dag_suivi.py took 0.082 seconds
[2026-07-10T12:56:10.373+0000] {processor.py:157} INFO - Started process (PID=8682) to work on /opt/airflow/dags/dag_suivi.py
[2026-07-10T12:56:10.374+0000] {processor.py:829} INFO - Processing file /opt/airflow/dags/dag_suivi.py for tasks to queue
[2026-07-10T12:56:10.374+0000] {logging_mixin.py:151} INFO - [2026-07-10T12:56:10.374+0000] {dagbag.py:536} INFO - Filling up the DagBag from /opt/airflow/dags/dag_suivi.py
[2026-07-10T12:56:10.393+0000] {processor.py:839} INFO - DAG(s) dict_keys(['pipeline_ingestion_suivi']) retrieved from /opt/airflow/dags/dag_suivi.py
[2026-07-10T12:56:10.433+0000] {logging_mixin.py:151} INFO - [2026-07-10T12:56:10.433+0000] {dag.py:2941} INFO - Sync 1 DAGs
[2026-07-10T12:56:10.451+0000] {logging_mixin.py:151} INFO - [2026-07-10T12:56:10.451+0000] {dag.py:3722} INFO - Setting next_dagrun for pipeline_ingestion_suivi to 2026-07-10T12:00:00+00:00, run_after=2026-07-10T13:00:00+00:00
[2026-07-10T12:56:10.468+0000] {processor.py:179} INFO - Processing /opt/airflow/dags/dag_suivi.py took 0.098 seconds
[2026-07-10T12:56:40.686+0000] {processor.py:157} INFO - Started process (PID=8687) to work on /opt/airflow/dags/dag_suivi.py
[2026-07-10T12:56:40.686+0000] {processor.py:829} INFO - Processing file /opt/airflow/dags/dag_suivi.py for tasks to queue
[2026-07-10T12:56:40.687+0000] {logging_mixin.py:151} INFO - [2026-07-10T12:56:40.687+0000] {dagbag.py:536} INFO - Filling up the DagBag from /opt/airflow/dags/dag_suivi.py
[2026-07-10T12:56:40.708+0000] {processor.py:839} INFO - DAG(s) dict_keys(['pipeline_ingestion_suivi']) retrieved from /opt/airflow/dags/dag_suivi.py
[2026-07-10T12:56:40.731+0000] {logging_mixin.py:151} INFO - [2026-07-10T12:56:40.731+0000] {dag.py:2941} INFO - Sync 1 DAGs
[2026-07-10T12:56:40.750+0000] {logging_mixin.py:151} INFO - [2026-07-10T12:56:40.749+0000] {dag.py:3722} INFO - Setting next_dagrun for pipeline_ingestion_suivi to 2026-07-10T12:00:00+00:00, run_after=2026-07-10T13:00:00+00:00
[2026-07-10T12:56:40.773+0000] {processor.py:179} INFO - Processing /opt/airflow/dags/dag_suivi.py took 0.090 seconds
[2026-07-10T12:57:10.933+0000] {processor.py:157} INFO - Started process (PID=8692) to work on /opt/airflow/dags/dag_suivi.py
[2026-07-10T12:57:10.934+0000] {processor.py:829} INFO - Processing file /opt/airflow/dags/dag_suivi.py for tasks to queue
[2026-07-10T12:57:10.934+0000] {logging_mixin.py:151} INFO - [2026-07-10T12:57:10.934+0000] {dagbag.py:536} INFO - Filling up the DagBag from /opt/airflow/dags/dag_suivi.py
[2026-07-10T12:57:10.952+0000] {processor.py:839} INFO - DAG(s) dict_keys(['pipeline_ingestion_suivi']) retrieved from /opt/airflow/dags/dag_suivi.py
[2026-07-10T12:57:10.976+0000] {logging_mixin.py:151} INFO - [2026-07-10T12:57:10.975+0000] {dag.py:2941} INFO - Sync 1 DAGs
[2026-07-10T12:57:10.994+0000] {logging_mixin.py:151} INFO - [2026-07-10T12:57:10.994+0000] {dag.py:3722} INFO - Setting next_dagrun for pipeline_ingestion_suivi to 2026-07-10T12:00:00+00:00, run_after=2026-07-10T13:00:00+00:00
[2026-07-10T12:57:11.012+0000] {processor.py:179} INFO - Processing /opt/airflow/dags/dag_suivi.py took 0.082 seconds
[2026-07-10T12:57:41.292+0000] {processor.py:157} INFO - Started process (PID=8697) to work on /opt/airflow/dags/dag_suivi.py
[2026-07-10T12:57:41.293+0000] {processor.py:829} INFO - Processing file /opt/airflow/dags/dag_suivi.py for tasks to queue
[2026-07-10T12:57:41.293+0000] {logging_mixin.py:151} INFO - [2026-07-10T12:57:41.293+0000] {dagbag.py:536} INFO - Filling up the DagBag from /opt/airflow/dags/dag_suivi.py
[2026-07-10T12:57:41.310+0000] {processor.py:839} INFO - DAG(s) dict_keys(['pipeline_ingestion_suivi']) retrieved from /opt/airflow/dags/dag_suivi.py
[2026-07-10T12:57:41.333+0000] {logging_mixin.py:151} INFO - [2026-07-10T12:57:41.333+0000] {dag.py:2941} INFO - Sync 1 DAGs
[2026-07-10T12:57:41.351+0000] {logging_mixin.py:151} INFO - [2026-07-10T12:57:41.351+0000] {dag.py:3722} INFO - Setting next_dagrun for pipeline_ingestion_suivi to 2026-07-10T12:00:00+00:00, run_after=2026-07-10T13:00:00+00:00
[2026-07-10T12:57:41.379+0000] {processor.py:179} INFO - Processing /opt/airflow/dags/dag_suivi.py took 0.089 seconds
[2026-07-10T12:58:11.533+0000] {processor.py:157} INFO - Started process (PID=8702) to work on /opt/airflow/dags/dag_suivi.py
[2026-07-10T12:58:11.533+0000] {processor.py:829} INFO - Processing file /opt/airflow/dags/dag_suivi.py for tasks to queue
[2026-07-10T12:58:11.534+0000] {logging_mixin.py:151} INFO - [2026-07-10T12:58:11.534+0000] {dagbag.py:536} INFO - Filling up the DagBag from /opt/airflow/dags/dag_suivi.py
[2026-07-10T12:58:11.551+0000] {processor.py:839} INFO - DAG(s) dict_keys(['pipeline_ingestion_suivi']) retrieved from /opt/airflow/dags/dag_suivi.py
[2026-07-10T12:58:11.575+0000] {logging_mixin.py:151} INFO - [2026-07-10T12:58:11.575+0000] {dag.py:2941} INFO - Sync 1 DAGs
[2026-07-10T12:58:11.592+0000] {logging_mixin.py:151} INFO - [2026-07-10T12:58:11.592+0000] {dag.py:3722} INFO - Setting next_dagrun for pipeline_ingestion_suivi to 2026-07-10T12:00:00+00:00, run_after=2026-07-10T13:00:00+00:00
[2026-07-10T12:58:11.614+0000] {processor.py:179} INFO - Processing /opt/airflow/dags/dag_suivi.py took 0.084 seconds
[2026-07-10T12:58:41.818+0000] {processor.py:157} INFO - Started process (PID=8707) to work on /opt/airflow/dags/dag_suivi.py
[2026-07-10T12:58:41.819+0000] {processor.py:829} INFO - Processing file /opt/airflow/dags/dag_suivi.py for tasks to queue
[2026-07-10T12:58:41.820+0000] {logging_mixin.py:151} INFO - [2026-07-10T12:58:41.820+0000] {dagbag.py:536} INFO - Filling up the DagBag from /opt/airflow/dags/dag_suivi.py
[2026-07-10T12:58:41.837+0000] {processor.py:839} INFO - DAG(s) dict_keys(['pipeline_ingestion_suivi']) retrieved from /opt/airflow/dags/dag_suivi.py
[2026-07-10T12:58:41.859+0000] {logging_mixin.py:151} INFO - [2026-07-10T12:58:41.859+0000] {dag.py:2941} INFO - Sync 1 DAGs
[2026-07-10T12:58:41.877+0000] {logging_mixin.py:151} INFO - [2026-07-10T12:58:41.877+0000] {dag.py:3722} INFO - Setting next_dagrun for pipeline_ingestion_suivi to 2026-07-10T12:00:00+00:00, run_after=2026-07-10T13:00:00+00:00
[2026-07-10T12:58:41.893+0000] {processor.py:179} INFO - Processing /opt/airflow/dags/dag_suivi.py took 0.078 seconds
[2026-07-10T12:59:12.085+0000] {processor.py:157} INFO - Started process (PID=8712) to work on /opt/airflow/dags/dag_suivi.py
[2026-07-10T12:59:12.085+0000] {processor.py:829} INFO - Processing file /opt/airflow/dags/dag_suivi.py for tasks to queue
[2026-07-10T12:59:12.086+0000] {logging_mixin.py:151} INFO - [2026-07-10T12:59:12.086+0000] {dagbag.py:536} INFO - Filling up the DagBag from /opt/airflow/dags/dag_suivi.py
[2026-07-10T12:59:12.103+0000] {processor.py:839} INFO - DAG(s) dict_keys(['pipeline_ingestion_suivi']) retrieved from /opt/airflow/dags/dag_suivi.py
[2026-07-10T12:59:12.127+0000] {logging_mixin.py:151} INFO - [2026-07-10T12:59:12.127+0000] {dag.py:2941} INFO - Sync 1 DAGs
[2026-07-10T12:59:12.145+0000] {logging_mixin.py:151} INFO - [2026-07-10T12:59:12.144+0000] {dag.py:3722} INFO - Setting next_dagrun for pipeline_ingestion_suivi to 2026-07-10T12:00:00+00:00, run_after=2026-07-10T13:00:00+00:00
[2026-07-10T12:59:12.162+0000] {processor.py:179} INFO - Processing /opt/airflow/dags/dag_suivi.py took 0.080 seconds
[2026-07-10T12:59:42.358+0000] {processor.py:157} INFO - Started process (PID=8717) to work on /opt/airflow/dags/dag_suivi.py
[2026-07-10T12:59:42.358+0000] {processor.py:829} INFO - Processing file /opt/airflow/dags/dag_suivi.py for tasks to queue
[2026-07-10T12:59:42.359+0000] {logging_mixin.py:151} INFO - [2026-07-10T12:59:42.359+0000] {dagbag.py:536} INFO - Filling up the DagBag from /opt/airflow/dags/dag_suivi.py
[2026-07-10T12:59:42.380+0000] {processor.py:839} INFO - DAG(s) dict_keys(['pipeline_ingestion_suivi']) retrieved from /opt/airflow/dags/dag_suivi.py
[2026-07-10T12:59:42.404+0000] {logging_mixin.py:151} INFO - [2026-07-10T12:59:42.404+0000] {dag.py:2941} INFO - Sync 1 DAGs
[2026-07-10T12:59:42.422+0000] {logging_mixin.py:151} INFO - [2026-07-10T12:59:42.422+0000] {dag.py:3722} INFO - Setting next_dagrun for pipeline_ingestion_suivi to 2026-07-10T12:00:00+00:00, run_after=2026-07-10T13:00:00+00:00
[2026-07-10T12:59:42.439+0000] {processor.py:179} INFO - Processing /opt/airflow/dags/dag_suivi.py took 0.084 seconds
[2026-07-10T13:00:12.610+0000] {processor.py:157} INFO - Started process (PID=8724) to work on /opt/airflow/dags/dag_suivi.py
[2026-07-10T13:00:12.611+0000] {processor.py:829} INFO - Processing file /opt/airflow/dags/dag_suivi.py for tasks to queue
[2026-07-10T13:00:12.612+0000] {logging_mixin.py:151} INFO - [2026-07-10T13:00:12.611+0000] {dagbag.py:536} INFO - Filling up the DagBag from /opt/airflow/dags/dag_suivi.py
[2026-07-10T13:00:12.628+0000] {processor.py:839} INFO - DAG(s) dict_keys(['pipeline_ingestion_suivi']) retrieved from /opt/airflow/dags/dag_suivi.py
[2026-07-10T13:00:12.648+0000] {logging_mixin.py:151} INFO - [2026-07-10T13:00:12.648+0000] {dag.py:2941} INFO - Sync 1 DAGs
[2026-07-10T13:00:12.664+0000] {logging_mixin.py:151} INFO - [2026-07-10T13:00:12.664+0000] {dag.py:3722} INFO - Setting next_dagrun for pipeline_ingestion_suivi to 2026-07-10T13:00:00+00:00, run_after=2026-07-10T14:00:00+00:00
[2026-07-10T13:00:12.684+0000] {processor.py:179} INFO - Processing /opt/airflow/dags/dag_suivi.py took 0.077 seconds
[2026-07-10T13:00:42.879+0000] {processor.py:157} INFO - Started process (PID=8729) to work on /opt/airflow/dags/dag_suivi.py
[2026-07-10T13:00:42.880+0000] {processor.py:829} INFO - Processing file /opt/airflow/dags/dag_suivi.py for tasks to queue
[2026-07-10T13:00:42.881+0000] {logging_mixin.py:151} INFO - [2026-07-10T13:00:42.881+0000] {dagbag.py:536} INFO - Filling up the DagBag from /opt/airflow/dags/dag_suivi.py
[2026-07-10T13:00:42.903+0000] {processor.py:839} INFO - DAG(s) dict_keys(['pipeline_ingestion_suivi']) retrieved from /opt/airflow/dags/dag_suivi.py
[2026-07-10T13:00:42.931+0000] {logging_mixin.py:151} INFO - [2026-07-10T13:00:42.930+0000] {dag.py:2941} INFO - Sync 1 DAGs
[2026-07-10T13:00:42.951+0000] {logging_mixin.py:151} INFO - [2026-07-10T13:00:42.951+0000] {dag.py:3722} INFO - Setting next_dagrun for pipeline_ingestion_suivi to 2026-07-10T13:00:00+00:00, run_after=2026-07-10T14:00:00+00:00
[2026-07-10T13:00:42.969+0000] {processor.py:179} INFO - Processing /opt/airflow/dags/dag_suivi.py took 0.093 seconds
[2026-07-10T13:01:13.168+0000] {processor.py:157} INFO - Started process (PID=8734) to work on /opt/airflow/dags/dag_suivi.py
[2026-07-10T13:01:13.169+0000] {processor.py:829} INFO - Processing file /opt/airflow/dags/dag_suivi.py for tasks to queue
[2026-07-10T13:01:13.170+0000] {logging_mixin.py:151} INFO - [2026-07-10T13:01:13.170+0000] {dagbag.py:536} INFO - Filling up the DagBag from /opt/airflow/dags/dag_suivi.py
[2026-07-10T13:01:13.192+0000] {processor.py:839} INFO - DAG(s) dict_keys(['pipeline_ingestion_suivi']) retrieved from /opt/airflow/dags/dag_suivi.py
[2026-07-10T13:01:13.216+0000] {logging_mixin.py:151} INFO - [2026-07-10T13:01:13.216+0000] {dag.py:2941} INFO - Sync 1 DAGs
[2026-07-10T13:01:13.234+0000] {logging_mixin.py:151} INFO - [2026-07-10T13:01:13.234+0000] {dag.py:3722} INFO - Setting next_dagrun for pipeline_ingestion_suivi to 2026-07-10T13:00:00+00:00, run_after=2026-07-10T14:00:00+00:00
[2026-07-10T13:01:13.252+0000] {processor.py:179} INFO - Processing /opt/airflow/dags/dag_suivi.py took 0.087 seconds
[2026-07-10T13:01:43.433+0000] {processor.py:157} INFO - Started process (PID=8739) to work on /opt/airflow/dags/dag_suivi.py
[2026-07-10T13:01:43.433+0000] {processor.py:829} INFO - Processing file /opt/airflow/dags/dag_suivi.py for tasks to queue
[2026-07-10T13:01:43.435+0000] {logging_mixin.py:151} INFO - [2026-07-10T13:01:43.434+0000] {dagbag.py:536} INFO - Filling up the DagBag from /opt/airflow/dags/dag_suivi.py
[2026-07-10T13:01:43.451+0000] {processor.py:839} INFO - DAG(s) dict_keys(['pipeline_ingestion_suivi']) retrieved from /opt/airflow/dags/dag_suivi.py
[2026-07-10T13:01:43.477+0000] {logging_mixin.py:151} INFO - [2026-07-10T13:01:43.477+0000] {dag.py:2941} INFO - Sync 1 DAGs
[2026-07-10T13:01:43.495+0000] {logging_mixin.py:151} INFO - [2026-07-10T13:01:43.495+0000] {dag.py:3722} INFO - Setting next_dagrun for pipeline_ingestion_suivi to 2026-07-10T13:00:00+00:00, run_after=2026-07-10T14:00:00+00:00
[2026-07-10T13:01:43.512+0000] {processor.py:179} INFO - Processing /opt/airflow/dags/dag_suivi.py took 0.082 seconds
[2026-07-10T13:02:13.733+0000] {processor.py:157} INFO - Started process (PID=8744) to work on /opt/airflow/dags/dag_suivi.py
[2026-07-10T13:02:13.733+0000] {processor.py:829} INFO - Processing file /opt/airflow/dags/dag_suivi.py for tasks to queue
[2026-07-10T13:02:13.734+0000] {logging_mixin.py:151} INFO - [2026-07-10T13:02:13.734+0000] {dagbag.py:536} INFO - Filling up the DagBag from /opt/airflow/dags/dag_suivi.py
[2026-07-10T13:02:13.751+0000] {processor.py:839} INFO - DAG(s) dict_keys(['pipeline_ingestion_suivi']) retrieved from /opt/airflow/dags/dag_suivi.py
[2026-07-10T13:02:13.773+0000] {logging_mixin.py:151} INFO - [2026-07-10T13:02:13.773+0000] {dag.py:2941} INFO - Sync 1 DAGs
[2026-07-10T13:02:13.793+0000] {logging_mixin.py:151} INFO - [2026-07-10T13:02:13.793+0000] {dag.py:3722} INFO - Setting next_dagrun for pipeline_ingestion_suivi to 2026-07-10T13:00:00+00:00, run_after=2026-07-10T14:00:00+00:00
[2026-07-10T13:02:13.810+0000] {processor.py:179} INFO - Processing /opt/airflow/dags/dag_suivi.py took 0.080 seconds
[2026-07-10T13:02:43.991+0000] {processor.py:157} INFO - Started process (PID=8749) to work on /opt/airflow/dags/dag_suivi.py
[2026-07-10T13:02:43.991+0000] {processor.py:829} INFO - Processing file /opt/airflow/dags/dag_suivi.py for tasks to queue
[2026-07-10T13:02:43.992+0000] {logging_mixin.py:151} INFO - [2026-07-10T13:02:43.992+0000] {dagbag.py:536} INFO - Filling up the DagBag from /opt/airflow/dags/dag_suivi.py
[2026-07-10T13:02:44.011+0000] {processor.py:839} INFO - DAG(s) dict_keys(['pipeline_ingestion_suivi']) retrieved from /opt/airflow/dags/dag_suivi.py
[2026-07-10T13:02:44.036+0000] {logging_mixin.py:151} INFO - [2026-07-10T13:02:44.036+0000] {dag.py:2941} INFO - Sync 1 DAGs
[2026-07-10T13:02:44.054+0000] {logging_mixin.py:151} INFO - [2026-07-10T13:02:44.054+0000] {dag.py:3722} INFO - Setting next_dagrun for pipeline_ingestion_suivi to 2026-07-10T13:00:00+00:00, run_after=2026-07-10T14:00:00+00:00
[2026-07-10T13:02:44.070+0000] {processor.py:179} INFO - Processing /opt/airflow/dags/dag_suivi.py took 0.082 seconds
[2026-07-10T13:03:14.268+0000] {processor.py:157} INFO - Started process (PID=8754) to work on /opt/airflow/dags/dag_suivi.py
[2026-07-10T13:03:14.268+0000] {processor.py:829} INFO - Processing file /opt/airflow/dags/dag_suivi.py for tasks to queue
[2026-07-10T13:03:14.269+0000] {logging_mixin.py:151} INFO - [2026-07-10T13:03:14.269+0000] {dagbag.py:536} INFO - Filling up the DagBag from /opt/airflow/dags/dag_suivi.py
[2026-07-10T13:03:14.287+0000] {processor.py:839} INFO - DAG(s) dict_keys(['pipeline_ingestion_suivi']) retrieved from /opt/airflow/dags/dag_suivi.py
[2026-07-10T13:03:14.310+0000] {logging_mixin.py:151} INFO - [2026-07-10T13:03:14.310+0000] {dag.py:2941} INFO - Sync 1 DAGs
[2026-07-10T13:03:14.327+0000] {logging_mixin.py:151} INFO - [2026-07-10T13:03:14.327+0000] {dag.py:3722} INFO - Setting next_dagrun for pipeline_ingestion_suivi to 2026-07-10T13:00:00+00:00, run_after=2026-07-10T14:00:00+00:00
[2026-07-10T13:03:14.344+0000] {processor.py:179} INFO - Processing /opt/airflow/dags/dag_suivi.py took 0.079 seconds
[2026-07-10T13:03:44.548+0000] {processor.py:157} INFO - Started process (PID=8759) to work on /opt/airflow/dags/dag_suivi.py
[2026-07-10T13:03:44.549+0000] {processor.py:829} INFO - Processing file /opt/airflow/dags/dag_suivi.py for tasks to queue
[2026-07-10T13:03:44.550+0000] {logging_mixin.py:151} INFO - [2026-07-10T13:03:44.549+0000] {dagbag.py:536} INFO - Filling up the DagBag from /opt/airflow/dags/dag_suivi.py
[2026-07-10T13:03:44.566+0000] {processor.py:839} INFO - DAG(s) dict_keys(['pipeline_ingestion_suivi']) retrieved from /opt/airflow/dags/dag_suivi.py
[2026-07-10T13:03:44.587+0000] {logging_mixin.py:151} INFO - [2026-07-10T13:03:44.587+0000] {dag.py:2941} INFO - Sync 1 DAGs
[2026-07-10T13:03:44.605+0000] {logging_mixin.py:151} INFO - [2026-07-10T13:03:44.605+0000] {dag.py:3722} INFO - Setting next_dagrun for pipeline_ingestion_suivi to 2026-07-10T13:00:00+00:00, run_after=2026-07-10T14:00:00+00:00
[2026-07-10T13:03:44.623+0000] {processor.py:179} INFO - Processing /opt/airflow/dags/dag_suivi.py took 0.077 seconds
[2026-07-10T13:04:14.810+0000] {processor.py:157} INFO - Started process (PID=8764) to work on /opt/airflow/dags/dag_suivi.py
[2026-07-10T13:04:14.811+0000] {processor.py:829} INFO - Processing file /opt/airflow/dags/dag_suivi.py for tasks to queue
[2026-07-10T13:04:14.812+0000] {logging_mixin.py:151} INFO - [2026-07-10T13:04:14.811+0000] {dagbag.py:536} INFO - Filling up the DagBag from /opt/airflow/dags/dag_suivi.py
[2026-07-10T13:04:14.829+0000] {processor.py:839} INFO - DAG(s) dict_keys(['pipeline_ingestion_suivi']) retrieved from /opt/airflow/dags/dag_suivi.py
[2026-07-10T13:04:14.854+0000] {logging_mixin.py:151} INFO - [2026-07-10T13:04:14.854+0000] {dag.py:2941} INFO - Sync 1 DAGs
[2026-07-10T13:04:14.872+0000] {logging_mixin.py:151} INFO - [2026-07-10T13:04:14.872+0000] {dag.py:3722} INFO - Setting next_dagrun for pipeline_ingestion_suivi to 2026-07-10T13:00:00+00:00, run_after=2026-07-10T14:00:00+00:00
[2026-07-10T13:04:14.900+0000] {processor.py:179} INFO - Processing /opt/airflow/dags/dag_suivi.py took 0.092 seconds
[2026-07-10T13:04:45.117+0000] {processor.py:157} INFO - Started process (PID=8769) to work on /opt/airflow/dags/dag_suivi.py
[2026-07-10T13:04:45.118+0000] {processor.py:829} INFO - Processing file /opt/airflow/dags/dag_suivi.py for tasks to queue
[2026-07-10T13:04:45.118+0000] {logging_mixin.py:151} INFO - [2026-07-10T13:04:45.118+0000] {dagbag.py:536} INFO - Filling up the DagBag from /opt/airflow/dags/dag_suivi.py
[2026-07-10T13:04:45.134+0000] {processor.py:839} INFO - DAG(s) dict_keys(['pipeline_ingestion_suivi']) retrieved from /opt/airflow/dags/dag_suivi.py
[2026-07-10T13:04:45.158+0000] {logging_mixin.py:151} INFO - [2026-07-10T13:04:45.158+0000] {dag.py:2941} INFO - Sync 1 DAGs
[2026-07-10T13:04:45.176+0000] {logging_mixin.py:151} INFO - [2026-07-10T13:04:45.176+0000] {dag.py:3722} INFO - Setting next_dagrun for pipeline_ingestion_suivi to 2026-07-10T13:00:00+00:00, run_after=2026-07-10T14:00:00+00:00
[2026-07-10T13:04:45.195+0000] {processor.py:179} INFO - Processing /opt/airflow/dags/dag_suivi.py took 0.080 seconds
[2026-07-10T13:05:15.374+0000] {processor.py:157} INFO - Started process (PID=8774) to work on /opt/airflow/dags/dag_suivi.py
[2026-07-10T13:05:15.374+0000] {processor.py:829} INFO - Processing file /opt/airflow/dags/dag_suivi.py for tasks to queue
[2026-07-10T13:05:15.375+0000] {logging_mixin.py:151} INFO - [2026-07-10T13:05:15.375+0000] {dagbag.py:536} INFO - Filling up the DagBag from /opt/airflow/dags/dag_suivi.py
[2026-07-10T13:05:15.393+0000] {processor.py:839} INFO - DAG(s) dict_keys(['pipeline_ingestion_suivi']) retrieved from /opt/airflow/dags/dag_suivi.py
[2026-07-10T13:05:15.416+0000] {logging_mixin.py:151} INFO - [2026-07-10T13:05:15.416+0000] {dag.py:2941} INFO - Sync 1 DAGs
[2026-07-10T13:05:15.433+0000] {logging_mixin.py:151} INFO - [2026-07-10T13:05:15.433+0000] {dag.py:3722} INFO - Setting next_dagrun for pipeline_ingestion_suivi to 2026-07-10T13:00:00+00:00, run_after=2026-07-10T14:00:00+00:00
[2026-07-10T13:05:15.451+0000] {processor.py:179} INFO - Processing /opt/airflow/dags/dag_suivi.py took 0.080 seconds
[2026-07-10T13:05:45.677+0000] {processor.py:157} INFO - Started process (PID=8779) to work on /opt/airflow/dags/dag_suivi.py
[2026-07-10T13:05:45.678+0000] {processor.py:829} INFO - Processing file /opt/airflow/dags/dag_suivi.py for tasks to queue
[2026-07-10T13:05:45.678+0000] {logging_mixin.py:151} INFO - [2026-07-10T13:05:45.678+0000] {dagbag.py:536} INFO - Filling up the DagBag from /opt/airflow/dags/dag_suivi.py
[2026-07-10T13:05:45.697+0000] {processor.py:839} INFO - DAG(s) dict_keys(['pipeline_ingestion_suivi']) retrieved from /opt/airflow/dags/dag_suivi.py
[2026-07-10T13:05:45.720+0000] {logging_mixin.py:151} INFO - [2026-07-10T13:05:45.720+0000] {dag.py:2941} INFO - Sync 1 DAGs
[2026-07-10T13:05:45.737+0000] {logging_mixin.py:151} INFO - [2026-07-10T13:05:45.737+0000] {dag.py:3722} INFO - Setting next_dagrun for pipeline_ingestion_suivi to 2026-07-10T13:00:00+00:00, run_after=2026-07-10T14:00:00+00:00
[2026-07-10T13:05:45.763+0000] {processor.py:179} INFO - Processing /opt/airflow/dags/dag_suivi.py took 0.089 seconds
[2026-07-10T13:06:15.949+0000] {processor.py:157} INFO - Started process (PID=8784) to work on /opt/airflow/dags/dag_suivi.py
[2026-07-10T13:06:15.950+0000] {processor.py:829} INFO - Processing file /opt/airflow/dags/dag_suivi.py for tasks to queue
[2026-07-10T13:06:15.950+0000] {logging_mixin.py:151} INFO - [2026-07-10T13:06:15.950+0000] {dagbag.py:536} INFO - Filling up the DagBag from /opt/airflow/dags/dag_suivi.py
[2026-07-10T13:06:15.967+0000] {processor.py:839} INFO - DAG(s) dict_keys(['pipeline_ingestion_suivi']) retrieved from /opt/airflow/dags/dag_suivi.py
[2026-07-10T13:06:15.991+0000] {logging_mixin.py:151} INFO - [2026-07-10T13:06:15.991+0000] {dag.py:2941} INFO - Sync 1 DAGs
[2026-07-10T13:06:16.008+0000] {logging_mixin.py:151} INFO - [2026-07-10T13:06:16.008+0000] {dag.py:3722} INFO - Setting next_dagrun for pipeline_ingestion_suivi to 2026-07-10T13:00:00+00:00, run_after=2026-07-10T14:00:00+00:00
[2026-07-10T13:06:16.035+0000] {processor.py:179} INFO - Processing /opt/airflow/dags/dag_suivi.py took 0.088 seconds
[2026-07-10T13:06:46.266+0000] {processor.py:157} INFO - Started process (PID=8789) to work on /opt/airflow/dags/dag_suivi.py
[2026-07-10T13:06:46.267+0000] {processor.py:829} INFO - Processing file /opt/airflow/dags/dag_suivi.py for tasks to queue
[2026-07-10T13:06:46.268+0000] {logging_mixin.py:151} INFO - [2026-07-10T13:06:46.267+0000] {dagbag.py:536} INFO - Filling up the DagBag from /opt/airflow/dags/dag_suivi.py
[2026-07-10T13:06:46.292+0000] {processor.py:839} INFO - DAG(s) dict_keys(['pipeline_ingestion_suivi']) retrieved from /opt/airflow/dags/dag_suivi.py
[2026-07-10T13:06:46.315+0000] {logging_mixin.py:151} INFO - [2026-07-10T13:06:46.315+0000] {dag.py:2941} INFO - Sync 1 DAGs
[2026-07-10T13:06:46.335+0000] {logging_mixin.py:151} INFO - [2026-07-10T13:06:46.335+0000] {dag.py:3722} INFO - Setting next_dagrun for pipeline_ingestion_suivi to 2026-07-10T13:00:00+00:00, run_after=2026-07-10T14:00:00+00:00
[2026-07-10T13:06:46.357+0000] {processor.py:179} INFO - Processing /opt/airflow/dags/dag_suivi.py took 0.093 seconds
[2026-07-10T13:07:16.537+0000] {processor.py:157} INFO - Started process (PID=8794) to work on /opt/airflow/dags/dag_suivi.py
[2026-07-10T13:07:16.538+0000] {processor.py:829} INFO - Processing file /opt/airflow/dags/dag_suivi.py for tasks to queue
[2026-07-10T13:07:16.539+0000] {logging_mixin.py:151} INFO - [2026-07-10T13:07:16.539+0000] {dagbag.py:536} INFO - Filling up the DagBag from /opt/airflow/dags/dag_suivi.py
[2026-07-10T13:07:16.557+0000] {processor.py:839} INFO - DAG(s) dict_keys(['pipeline_ingestion_suivi']) retrieved from /opt/airflow/dags/dag_suivi.py
[2026-07-10T13:07:16.582+0000] {logging_mixin.py:151} INFO - [2026-07-10T13:07:16.581+0000] {dag.py:2941} INFO - Sync 1 DAGs
[2026-07-10T13:07:16.599+0000] {logging_mixin.py:151} INFO - [2026-07-10T13:07:16.599+0000] {dag.py:3722} INFO - Setting next_dagrun for pipeline_ingestion_suivi to 2026-07-10T13:00:00+00:00, run_after=2026-07-10T14:00:00+00:00
[2026-07-10T13:07:16.615+0000] {processor.py:179} INFO - Processing /opt/airflow/dags/dag_suivi.py took 0.081 seconds
[2026-07-10T13:07:46.856+0000] {processor.py:157} INFO - Started process (PID=8799) to work on /opt/airflow/dags/dag_suivi.py
[2026-07-10T13:07:46.857+0000] {processor.py:829} INFO - Processing file /opt/airflow/dags/dag_suivi.py for tasks to queue
[2026-07-10T13:07:46.858+0000] {logging_mixin.py:151} INFO - [2026-07-10T13:07:46.858+0000] {dagbag.py:536} INFO - Filling up the DagBag from /opt/airflow/dags/dag_suivi.py
[2026-07-10T13:07:46.875+0000] {processor.py:839} INFO - DAG(s) dict_keys(['pipeline_ingestion_suivi']) retrieved from /opt/airflow/dags/dag_suivi.py
[2026-07-10T13:07:46.901+0000] {logging_mixin.py:151} INFO - [2026-07-10T13:07:46.901+0000] {dag.py:2941} INFO - Sync 1 DAGs
[2026-07-10T13:07:46.920+0000] {logging_mixin.py:151} INFO - [2026-07-10T13:07:46.920+0000] {dag.py:3722} INFO - Setting next_dagrun for pipeline_ingestion_suivi to 2026-07-10T13:00:00+00:00, run_after=2026-07-10T14:00:00+00:00
[2026-07-10T13:07:46.937+0000] {processor.py:179} INFO - Processing /opt/airflow/dags/dag_suivi.py took 0.083 seconds
[2026-07-10T13:08:17.137+0000] {processor.py:157} INFO - Started process (PID=8804) to work on /opt/airflow/dags/dag_suivi.py
[2026-07-10T13:08:17.137+0000] {processor.py:829} INFO - Processing file /opt/airflow/dags/dag_suivi.py for tasks to queue
[2026-07-10T13:08:17.138+0000] {logging_mixin.py:151} INFO - [2026-07-10T13:08:17.138+0000] {dagbag.py:536} INFO - Filling up the DagBag from /opt/airflow/dags/dag_suivi.py
[2026-07-10T13:08:17.155+0000] {processor.py:839} INFO - DAG(s) dict_keys(['pipeline_ingestion_suivi']) retrieved from /opt/airflow/dags/dag_suivi.py
[2026-07-10T13:08:17.179+0000] {logging_mixin.py:151} INFO - [2026-07-10T13:08:17.179+0000] {dag.py:2941} INFO - Sync 1 DAGs
[2026-07-10T13:08:17.199+0000] {logging_mixin.py:151} INFO - [2026-07-10T13:08:17.199+0000] {dag.py:3722} INFO - Setting next_dagrun for pipeline_ingestion_suivi to 2026-07-10T13:00:00+00:00, run_after=2026-07-10T14:00:00+00:00
[2026-07-10T13:08:17.217+0000] {processor.py:179} INFO - Processing /opt/airflow/dags/dag_suivi.py took 0.083 seconds
[2026-07-10T13:08:47.444+0000] {processor.py:157} INFO - Started process (PID=8809) to work on /opt/airflow/dags/dag_suivi.py
[2026-07-10T13:08:47.445+0000] {processor.py:829} INFO - Processing file /opt/airflow/dags/dag_suivi.py for tasks to queue
[2026-07-10T13:08:47.446+0000] {logging_mixin.py:151} INFO - [2026-07-10T13:08:47.445+0000] {dagbag.py:536} INFO - Filling up the DagBag from /opt/airflow/dags/dag_suivi.py
[2026-07-10T13:08:47.463+0000] {processor.py:839} INFO - DAG(s) dict_keys(['pipeline_ingestion_suivi']) retrieved from /opt/airflow/dags/dag_suivi.py
[2026-07-10T13:08:47.485+0000] {logging_mixin.py:151} INFO - [2026-07-10T13:08:47.485+0000] {dag.py:2941} INFO - Sync 1 DAGs
[2026-07-10T13:08:47.503+0000] {logging_mixin.py:151} INFO - [2026-07-10T13:08:47.503+0000] {dag.py:3722} INFO - Setting next_dagrun for pipeline_ingestion_suivi to 2026-07-10T13:00:00+00:00, run_after=2026-07-10T14:00:00+00:00
[2026-07-10T13:08:47.530+0000] {processor.py:179} INFO - Processing /opt/airflow/dags/dag_suivi.py took 0.088 seconds
[2026-07-10T13:09:17.701+0000] {processor.py:157} INFO - Started process (PID=8814) to work on /opt/airflow/dags/dag_suivi.py
[2026-07-10T13:09:17.702+0000] {processor.py:829} INFO - Processing file /opt/airflow/dags/dag_suivi.py for tasks to queue
[2026-07-10T13:09:17.703+0000] {logging_mixin.py:151} INFO - [2026-07-10T13:09:17.703+0000] {dagbag.py:536} INFO - Filling up the DagBag from /opt/airflow/dags/dag_suivi.py
[2026-07-10T13:09:17.724+0000] {processor.py:839} INFO - DAG(s) dict_keys(['pipeline_ingestion_suivi']) retrieved from /opt/airflow/dags/dag_suivi.py
[2026-07-10T13:09:17.752+0000] {logging_mixin.py:151} INFO - [2026-07-10T13:09:17.752+0000] {dag.py:2941} INFO - Sync 1 DAGs
[2026-07-10T13:09:17.772+0000] {logging_mixin.py:151} INFO - [2026-07-10T13:09:17.772+0000] {dag.py:3722} INFO - Setting next_dagrun for pipeline_ingestion_suivi to 2026-07-10T13:00:00+00:00, run_after=2026-07-10T14:00:00+00:00
[2026-07-10T13:09:17.795+0000] {processor.py:179} INFO - Processing /opt/airflow/dags/dag_suivi.py took 0.098 seconds
[2026-07-10T13:09:48.007+0000] {processor.py:157} INFO - Started process (PID=8819) to work on /opt/airflow/dags/dag_suivi.py
[2026-07-10T13:09:48.008+0000] {processor.py:829} INFO - Processing file /opt/airflow/dags/dag_suivi.py for tasks to queue
[2026-07-10T13:09:48.009+0000] {logging_mixin.py:151} INFO - [2026-07-10T13:09:48.008+0000] {dagbag.py:536} INFO - Filling up the DagBag from /opt/airflow/dags/dag_suivi.py
[2026-07-10T13:09:48.027+0000] {processor.py:839} INFO - DAG(s) dict_keys(['pipeline_ingestion_suivi']) retrieved from /opt/airflow/dags/dag_suivi.py
[2026-07-10T13:09:48.049+0000] {logging_mixin.py:151} INFO - [2026-07-10T13:09:48.049+0000] {dag.py:2941} INFO - Sync 1 DAGs
[2026-07-10T13:09:48.066+0000] {logging_mixin.py:151} INFO - [2026-07-10T13:09:48.066+0000] {dag.py:3722} INFO - Setting next_dagrun for pipeline_ingestion_suivi to 2026-07-10T13:00:00+00:00, run_after=2026-07-10T14:00:00+00:00
[2026-07-10T13:09:48.093+0000] {processor.py:179} INFO - Processing /opt/airflow/dags/dag_suivi.py took 0.089 seconds
[2026-07-10T13:10:18.282+0000] {processor.py:157} INFO - Started process (PID=8824) to work on /opt/airflow/dags/dag_suivi.py
[2026-07-10T13:10:18.282+0000] {processor.py:829} INFO - Processing file /opt/airflow/dags/dag_suivi.py for tasks to queue
[2026-07-10T13:10:18.283+0000] {logging_mixin.py:151} INFO - [2026-07-10T13:10:18.283+0000] {dagbag.py:536} INFO - Filling up the DagBag from /opt/airflow/dags/dag_suivi.py
[2026-07-10T13:10:18.302+0000] {processor.py:839} INFO - DAG(s) dict_keys(['pipeline_ingestion_suivi']) retrieved from /opt/airflow/dags/dag_suivi.py
[2026-07-10T13:10:18.324+0000] {logging_mixin.py:151} INFO - [2026-07-10T13:10:18.324+0000] {dag.py:2941} INFO - Sync 1 DAGs
[2026-07-10T13:10:18.342+0000] {logging_mixin.py:151} INFO - [2026-07-10T13:10:18.342+0000] {dag.py:3722} INFO - Setting next_dagrun for pipeline_ingestion_suivi to 2026-07-10T13:00:00+00:00, run_after=2026-07-10T14:00:00+00:00
[2026-07-10T13:10:18.367+0000] {processor.py:179} INFO - Processing /opt/airflow/dags/dag_suivi.py took 0.089 seconds
[2026-07-10T13:10:48.579+0000] {processor.py:157} INFO - Started process (PID=8829) to work on /opt/airflow/dags/dag_suivi.py
[2026-07-10T13:10:48.580+0000] {processor.py:829} INFO - Processing file /opt/airflow/dags/dag_suivi.py for tasks to queue
[2026-07-10T13:10:48.580+0000] {logging_mixin.py:151} INFO - [2026-07-10T13:10:48.580+0000] {dagbag.py:536} INFO - Filling up the DagBag from /opt/airflow/dags/dag_suivi.py
[2026-07-10T13:10:48.598+0000] {processor.py:839} INFO - DAG(s) dict_keys(['pipeline_ingestion_suivi']) retrieved from /opt/airflow/dags/dag_suivi.py
[2026-07-10T13:10:48.622+0000] {logging_mixin.py:151} INFO - [2026-07-10T13:10:48.621+0000] {dag.py:2941} INFO - Sync 1 DAGs
[2026-07-10T13:10:48.639+0000] {logging_mixin.py:151} INFO - [2026-07-10T13:10:48.639+0000] {dag.py:3722} INFO - Setting next_dagrun for pipeline_ingestion_suivi to 2026-07-10T13:00:00+00:00, run_after=2026-07-10T14:00:00+00:00
[2026-07-10T13:10:48.655+0000] {processor.py:179} INFO - Processing /opt/airflow/dags/dag_suivi.py took 0.078 seconds
[2026-07-10T13:11:18.844+0000] {processor.py:157} INFO - Started process (PID=8834) to work on /opt/airflow/dags/dag_suivi.py
[2026-07-10T13:11:18.844+0000] {processor.py:829} INFO - Processing file /opt/airflow/dags/dag_suivi.py for tasks to queue
[2026-07-10T13:11:18.845+0000] {logging_mixin.py:151} INFO - [2026-07-10T13:11:18.845+0000] {dagbag.py:536} INFO - Filling up the DagBag from /opt/airflow/dags/dag_suivi.py
[2026-07-10T13:11:18.863+0000] {processor.py:839} INFO - DAG(s) dict_keys(['pipeline_ingestion_suivi']) retrieved from /opt/airflow/dags/dag_suivi.py
[2026-07-10T13:11:18.888+0000] {logging_mixin.py:151} INFO - [2026-07-10T13:11:18.887+0000] {dag.py:2941} INFO - Sync 1 DAGs
[2026-07-10T13:11:18.905+0000] {logging_mixin.py:151} INFO - [2026-07-10T13:11:18.905+0000] {dag.py:3722} INFO - Setting next_dagrun for pipeline_ingestion_suivi to 2026-07-10T13:00:00+00:00, run_after=2026-07-10T14:00:00+00:00
[2026-07-10T13:11:18.922+0000] {processor.py:179} INFO - Processing /opt/airflow/dags/dag_suivi.py took 0.081 seconds
[2026-07-10T13:11:49.183+0000] {processor.py:157} INFO - Started process (PID=8839) to work on /opt/airflow/dags/dag_suivi.py
[2026-07-10T13:11:49.183+0000] {processor.py:829} INFO - Processing file /opt/airflow/dags/dag_suivi.py for tasks to queue
[2026-07-10T13:11:49.184+0000] {logging_mixin.py:151} INFO - [2026-07-10T13:11:49.184+0000] {dagbag.py:536} INFO - Filling up the DagBag from /opt/airflow/dags/dag_suivi.py
[2026-07-10T13:11:49.205+0000] {processor.py:839} INFO - DAG(s) dict_keys(['pipeline_ingestion_suivi']) retrieved from /opt/airflow/dags/dag_suivi.py
[2026-07-10T13:11:49.228+0000] {logging_mixin.py:151} INFO - [2026-07-10T13:11:49.228+0000] {dag.py:2941} INFO - Sync 1 DAGs
[2026-07-10T13:11:49.248+0000] {logging_mixin.py:151} INFO - [2026-07-10T13:11:49.248+0000] {dag.py:3722} INFO - Setting next_dagrun for pipeline_ingestion_suivi to 2026-07-10T13:00:00+00:00, run_after=2026-07-10T14:00:00+00:00
[2026-07-10T13:11:49.274+0000] {processor.py:179} INFO - Processing /opt/airflow/dags/dag_suivi.py took 0.094 seconds
[2026-07-10T13:12:19.459+0000] {processor.py:157} INFO - Started process (PID=8844) to work on /opt/airflow/dags/dag_suivi.py
[2026-07-10T13:12:19.460+0000] {processor.py:829} INFO - Processing file /opt/airflow/dags/dag_suivi.py for tasks to queue
[2026-07-10T13:12:19.460+0000] {logging_mixin.py:151} INFO - [2026-07-10T13:12:19.460+0000] {dagbag.py:536} INFO - Filling up the DagBag from /opt/airflow/dags/dag_suivi.py
[2026-07-10T13:12:19.479+0000] {processor.py:839} INFO - DAG(s) dict_keys(['pipeline_ingestion_suivi']) retrieved from /opt/airflow/dags/dag_suivi.py
[2026-07-10T13:12:19.502+0000] {logging_mixin.py:151} INFO - [2026-07-10T13:12:19.502+0000] {dag.py:2941} INFO - Sync 1 DAGs
[2026-07-10T13:12:19.519+0000] {logging_mixin.py:151} INFO - [2026-07-10T13:12:19.519+0000] {dag.py:3722} INFO - Setting next_dagrun for pipeline_ingestion_suivi to 2026-07-10T13:00:00+00:00, run_after=2026-07-10T14:00:00+00:00
[2026-07-10T13:12:19.539+0000] {processor.py:179} INFO - Processing /opt/airflow/dags/dag_suivi.py took 0.082 seconds
[2026-07-10T13:12:49.727+0000] {processor.py:157} INFO - Started process (PID=8849) to work on /opt/airflow/dags/dag_suivi.py
[2026-07-10T13:12:49.728+0000] {processor.py:829} INFO - Processing file /opt/airflow/dags/dag_suivi.py for tasks to queue
[2026-07-10T13:12:49.729+0000] {logging_mixin.py:151} INFO - [2026-07-10T13:12:49.729+0000] {dagbag.py:536} INFO - Filling up the DagBag from /opt/airflow/dags/dag_suivi.py
[2026-07-10T13:12:49.745+0000] {processor.py:839} INFO - DAG(s) dict_keys(['pipeline_ingestion_suivi']) retrieved from /opt/airflow/dags/dag_suivi.py
[2026-07-10T13:12:49.770+0000] {logging_mixin.py:151} INFO - [2026-07-10T13:12:49.770+0000] {dag.py:2941} INFO - Sync 1 DAGs
[2026-07-10T13:12:49.788+0000] {logging_mixin.py:151} INFO - [2026-07-10T13:12:49.788+0000] {dag.py:3722} INFO - Setting next_dagrun for pipeline_ingestion_suivi to 2026-07-10T13:00:00+00:00, run_after=2026-07-10T14:00:00+00:00
[2026-07-10T13:12:49.806+0000] {processor.py:179} INFO - Processing /opt/airflow/dags/dag_suivi.py took 0.081 seconds
[2026-07-10T13:13:19.992+0000] {processor.py:157} INFO - Started process (PID=8854) to work on /opt/airflow/dags/dag_suivi.py
[2026-07-10T13:13:19.993+0000] {processor.py:829} INFO - Processing file /opt/airflow/dags/dag_suivi.py for tasks to queue
[2026-07-10T13:13:19.994+0000] {logging_mixin.py:151} INFO - [2026-07-10T13:13:19.993+0000] {dagbag.py:536} INFO - Filling up the DagBag from /opt/airflow/dags/dag_suivi.py
[2026-07-10T13:13:20.013+0000] {processor.py:839} INFO - DAG(s) dict_keys(['pipeline_ingestion_suivi']) retrieved from /opt/airflow/dags/dag_suivi.py
[2026-07-10T13:13:20.039+0000] {logging_mixin.py:151} INFO - [2026-07-10T13:13:20.039+0000] {dag.py:2941} INFO - Sync 1 DAGs
[2026-07-10T13:13:20.057+0000] {logging_mixin.py:151} INFO - [2026-07-10T13:13:20.057+0000] {dag.py:3722} INFO - Setting next_dagrun for pipeline_ingestion_suivi to 2026-07-10T13:00:00+00:00, run_after=2026-07-10T14:00:00+00:00
[2026-07-10T13:13:20.074+0000] {processor.py:179} INFO - Processing /opt/airflow/dags/dag_suivi.py took 0.084 seconds
[2026-07-10T13:13:51.113+0000] {processor.py:157} INFO - Started process (PID=8859) to work on /opt/airflow/dags/dag_suivi.py
[2026-07-10T13:13:51.128+0000] {processor.py:829} INFO - Processing file /opt/airflow/dags/dag_suivi.py for tasks to queue
[2026-07-10T13:13:51.148+0000] {logging_mixin.py:151} INFO - [2026-07-10T13:13:51.143+0000] {dagbag.py:536} INFO - Filling up the DagBag from /opt/airflow/dags/dag_suivi.py
[2026-07-10T13:13:51.534+0000] {processor.py:839} INFO - DAG(s) dict_keys(['pipeline_ingestion_suivi']) retrieved from /opt/airflow/dags/dag_suivi.py
[2026-07-10T13:13:52.055+0000] {logging_mixin.py:151} INFO - [2026-07-10T13:13:52.050+0000] {dag.py:2941} INFO - Sync 1 DAGs
[2026-07-10T13:13:52.512+0000] {logging_mixin.py:151} INFO - [2026-07-10T13:13:52.509+0000] {dag.py:3722} INFO - Setting next_dagrun for pipeline_ingestion_suivi to 2026-07-10T13:00:00+00:00, run_after=2026-07-10T14:00:00+00:00
[2026-07-10T13:13:52.818+0000] {processor.py:179} INFO - Processing /opt/airflow/dags/dag_suivi.py took 1.755 seconds
[2026-07-10T13:14:24.027+0000] {processor.py:157} INFO - Started process (PID=8864) to work on /opt/airflow/dags/dag_suivi.py
[2026-07-10T13:14:24.031+0000] {processor.py:829} INFO - Processing file /opt/airflow/dags/dag_suivi.py for tasks to queue
[2026-07-10T13:14:24.039+0000] {logging_mixin.py:151} INFO - [2026-07-10T13:14:24.037+0000] {dagbag.py:536} INFO - Filling up the DagBag from /opt/airflow/dags/dag_suivi.py
[2026-07-10T13:14:24.257+0000] {processor.py:839} INFO - DAG(s) dict_keys(['pipeline_ingestion_suivi']) retrieved from /opt/airflow/dags/dag_suivi.py
[2026-07-10T13:14:24.558+0000] {logging_mixin.py:151} INFO - [2026-07-10T13:14:24.557+0000] {dag.py:2941} INFO - Sync 1 DAGs
[2026-07-10T13:14:24.732+0000] {logging_mixin.py:151} INFO - [2026-07-10T13:14:24.731+0000] {dag.py:3722} INFO - Setting next_dagrun for pipeline_ingestion_suivi to 2026-07-10T13:00:00+00:00, run_after=2026-07-10T14:00:00+00:00
[2026-07-10T13:14:24.851+0000] {processor.py:179} INFO - Processing /opt/airflow/dags/dag_suivi.py took 0.851 seconds
[2026-07-10T13:14:56.223+0000] {processor.py:157} INFO - Started process (PID=8869) to work on /opt/airflow/dags/dag_suivi.py
[2026-07-10T13:14:56.229+0000] {processor.py:829} INFO - Processing file /opt/airflow/dags/dag_suivi.py for tasks to queue
[2026-07-10T13:14:56.244+0000] {logging_mixin.py:151} INFO - [2026-07-10T13:14:56.242+0000] {dagbag.py:536} INFO - Filling up the DagBag from /opt/airflow/dags/dag_suivi.py
[2026-07-10T13:14:56.606+0000] {processor.py:839} INFO - DAG(s) dict_keys(['pipeline_ingestion_suivi']) retrieved from /opt/airflow/dags/dag_suivi.py
[2026-07-10T13:14:56.923+0000] {logging_mixin.py:151} INFO - [2026-07-10T13:14:56.922+0000] {dag.py:2941} INFO - Sync 1 DAGs
[2026-07-10T13:14:57.185+0000] {logging_mixin.py:151} INFO - [2026-07-10T13:14:57.184+0000] {dag.py:3722} INFO - Setting next_dagrun for pipeline_ingestion_suivi to 2026-07-10T13:00:00+00:00, run_after=2026-07-10T14:00:00+00:00
[2026-07-10T13:14:57.380+0000] {processor.py:179} INFO - Processing /opt/airflow/dags/dag_suivi.py took 1.237 seconds
[2026-07-10T13:15:28.508+0000] {processor.py:157} INFO - Started process (PID=8874) to work on /opt/airflow/dags/dag_suivi.py
[2026-07-10T13:15:28.513+0000] {processor.py:829} INFO - Processing file /opt/airflow/dags/dag_suivi.py for tasks to queue
[2026-07-10T13:15:28.522+0000] {logging_mixin.py:151} INFO - [2026-07-10T13:15:28.520+0000] {dagbag.py:536} INFO - Filling up the DagBag from /opt/airflow/dags/dag_suivi.py
[2026-07-10T13:15:28.747+0000] {processor.py:839} INFO - DAG(s) dict_keys(['pipeline_ingestion_suivi']) retrieved from /opt/airflow/dags/dag_suivi.py
[2026-07-10T13:15:29.024+0000] {logging_mixin.py:151} INFO - [2026-07-10T13:15:29.023+0000] {dag.py:2941} INFO - Sync 1 DAGs
[2026-07-10T13:15:29.227+0000] {logging_mixin.py:151} INFO - [2026-07-10T13:15:29.225+0000] {dag.py:3722} INFO - Setting next_dagrun for pipeline_ingestion_suivi to 2026-07-10T13:00:00+00:00, run_after=2026-07-10T14:00:00+00:00
[2026-07-10T13:15:29.410+0000] {processor.py:179} INFO - Processing /opt/airflow/dags/dag_suivi.py took 0.933 seconds
[2026-07-10T13:16:00.394+0000] {processor.py:157} INFO - Started process (PID=8879) to work on /opt/airflow/dags/dag_suivi.py
[2026-07-10T13:16:00.397+0000] {processor.py:829} INFO - Processing file /opt/airflow/dags/dag_suivi.py for tasks to queue
[2026-07-10T13:16:00.403+0000] {logging_mixin.py:151} INFO - [2026-07-10T13:16:00.401+0000] {dagbag.py:536} INFO - Filling up the DagBag from /opt/airflow/dags/dag_suivi.py
[2026-07-10T13:16:00.540+0000] {processor.py:839} INFO - DAG(s) dict_keys(['pipeline_ingestion_suivi']) retrieved from /opt/airflow/dags/dag_suivi.py
[2026-07-10T13:16:00.717+0000] {logging_mixin.py:151} INFO - [2026-07-10T13:16:00.717+0000] {dag.py:2941} INFO - Sync 1 DAGs
[2026-07-10T13:16:00.809+0000] {logging_mixin.py:151} INFO - [2026-07-10T13:16:00.808+0000] {dag.py:3722} INFO - Setting next_dagrun for pipeline_ingestion_suivi to 2026-07-10T13:00:00+00:00, run_after=2026-07-10T14:00:00+00:00
[2026-07-10T13:16:00.881+0000] {processor.py:179} INFO - Processing /opt/airflow/dags/dag_suivi.py took 0.502 seconds
[2026-07-10T13:16:31.468+0000] {processor.py:157} INFO - Started process (PID=8884) to work on /opt/airflow/dags/dag_suivi.py
[2026-07-10T13:16:31.473+0000] {processor.py:829} INFO - Processing file /opt/airflow/dags/dag_suivi.py for tasks to queue
[2026-07-10T13:16:31.477+0000] {logging_mixin.py:151} INFO - [2026-07-10T13:16:31.476+0000] {dagbag.py:536} INFO - Filling up the DagBag from /opt/airflow/dags/dag_suivi.py
[2026-07-10T13:16:31.597+0000] {processor.py:839} INFO - DAG(s) dict_keys(['pipeline_ingestion_suivi']) retrieved from /opt/airflow/dags/dag_suivi.py
[2026-07-10T13:16:31.763+0000] {logging_mixin.py:151} INFO - [2026-07-10T13:16:31.760+0000] {dag.py:2941} INFO - Sync 1 DAGs
[2026-07-10T13:16:31.864+0000] {logging_mixin.py:151} INFO - [2026-07-10T13:16:31.863+0000] {dag.py:3722} INFO - Setting next_dagrun for pipeline_ingestion_suivi to 2026-07-10T13:00:00+00:00, run_after=2026-07-10T14:00:00+00:00
[2026-07-10T13:16:31.951+0000] {processor.py:179} INFO - Processing /opt/airflow/dags/dag_suivi.py took 0.504 seconds
[2026-07-10T13:17:02.396+0000] {processor.py:157} INFO - Started process (PID=8889) to work on /opt/airflow/dags/dag_suivi.py
[2026-07-10T13:17:02.406+0000] {processor.py:829} INFO - Processing file /opt/airflow/dags/dag_suivi.py for tasks to queue
[2026-07-10T13:17:02.421+0000] {logging_mixin.py:151} INFO - [2026-07-10T13:17:02.418+0000] {dagbag.py:536} INFO - Filling up the DagBag from /opt/airflow/dags/dag_suivi.py
[2026-07-10T13:17:02.571+0000] {processor.py:839} INFO - DAG(s) dict_keys(['pipeline_ingestion_suivi']) retrieved from /opt/airflow/dags/dag_suivi.py
[2026-07-10T13:17:02.766+0000] {logging_mixin.py:151} INFO - [2026-07-10T13:17:02.765+0000] {dag.py:2941} INFO - Sync 1 DAGs
[2026-07-10T13:17:02.934+0000] {logging_mixin.py:151} INFO - [2026-07-10T13:17:02.933+0000] {dag.py:3722} INFO - Setting next_dagrun for pipeline_ingestion_suivi to 2026-07-10T13:00:00+00:00, run_after=2026-07-10T14:00:00+00:00
[2026-07-10T13:17:03.042+0000] {processor.py:179} INFO - Processing /opt/airflow/dags/dag_suivi.py took 0.686 seconds
[2026-07-10T13:17:33.687+0000] {processor.py:157} INFO - Started process (PID=8894) to work on /opt/airflow/dags/dag_suivi.py
[2026-07-10T13:17:33.691+0000] {processor.py:829} INFO - Processing file /opt/airflow/dags/dag_suivi.py for tasks to queue
[2026-07-10T13:17:33.697+0000] {logging_mixin.py:151} INFO - [2026-07-10T13:17:33.695+0000] {dagbag.py:536} INFO - Filling up the DagBag from /opt/airflow/dags/dag_suivi.py
[2026-07-10T13:17:33.810+0000] {processor.py:839} INFO - DAG(s) dict_keys(['pipeline_ingestion_suivi']) retrieved from /opt/airflow/dags/dag_suivi.py
[2026-07-10T13:17:33.900+0000] {logging_mixin.py:151} INFO - [2026-07-10T13:17:33.899+0000] {dag.py:2941} INFO - Sync 1 DAGs
[2026-07-10T13:17:33.977+0000] {logging_mixin.py:151} INFO - [2026-07-10T13:17:33.977+0000] {dag.py:3722} INFO - Setting next_dagrun for pipeline_ingestion_suivi to 2026-07-10T13:00:00+00:00, run_after=2026-07-10T14:00:00+00:00
[2026-07-10T13:17:34.052+0000] {processor.py:179} INFO - Processing /opt/airflow/dags/dag_suivi.py took 0.386 seconds
[2026-07-10T13:18:04.442+0000] {processor.py:157} INFO - Started process (PID=8899) to work on /opt/airflow/dags/dag_suivi.py
[2026-07-10T13:18:04.445+0000] {processor.py:829} INFO - Processing file /opt/airflow/dags/dag_suivi.py for tasks to queue
[2026-07-10T13:18:04.448+0000] {logging_mixin.py:151} INFO - [2026-07-10T13:18:04.447+0000] {dagbag.py:536} INFO - Filling up the DagBag from /opt/airflow/dags/dag_suivi.py
[2026-07-10T13:18:04.546+0000] {processor.py:839} INFO - DAG(s) dict_keys(['pipeline_ingestion_suivi']) retrieved from /opt/airflow/dags/dag_suivi.py
[2026-07-10T13:18:04.663+0000] {logging_mixin.py:151} INFO - [2026-07-10T13:18:04.662+0000] {dag.py:2941} INFO - Sync 1 DAGs
[2026-07-10T13:18:04.744+0000] {logging_mixin.py:151} INFO - [2026-07-10T13:18:04.744+0000] {dag.py:3722} INFO - Setting next_dagrun for pipeline_ingestion_suivi to 2026-07-10T13:00:00+00:00, run_after=2026-07-10T14:00:00+00:00
[2026-07-10T13:18:04.813+0000] {processor.py:179} INFO - Processing /opt/airflow/dags/dag_suivi.py took 0.381 seconds
[2026-07-10T13:18:35.043+0000] {processor.py:157} INFO - Started process (PID=8904) to work on /opt/airflow/dags/dag_suivi.py
[2026-07-10T13:18:35.047+0000] {processor.py:829} INFO - Processing file /opt/airflow/dags/dag_suivi.py for tasks to queue
[2026-07-10T13:18:35.050+0000] {logging_mixin.py:151} INFO - [2026-07-10T13:18:35.050+0000] {dagbag.py:536} INFO - Filling up the DagBag from /opt/airflow/dags/dag_suivi.py
[2026-07-10T13:18:35.135+0000] {processor.py:839} INFO - DAG(s) dict_keys(['pipeline_ingestion_suivi']) retrieved from /opt/airflow/dags/dag_suivi.py
[2026-07-10T13:18:35.308+0000] {logging_mixin.py:151} INFO - [2026-07-10T13:18:35.307+0000] {dag.py:2941} INFO - Sync 1 DAGs
[2026-07-10T13:18:35.405+0000] {logging_mixin.py:151} INFO - [2026-07-10T13:18:35.404+0000] {dag.py:3722} INFO - Setting next_dagrun for pipeline_ingestion_suivi to 2026-07-10T13:00:00+00:00, run_after=2026-07-10T14:00:00+00:00
[2026-07-10T13:18:35.480+0000] {processor.py:179} INFO - Processing /opt/airflow/dags/dag_suivi.py took 0.446 seconds
[2026-07-10T13:19:05.972+0000] {processor.py:157} INFO - Started process (PID=8909) to work on /opt/airflow/dags/dag_suivi.py
[2026-07-10T13:19:05.975+0000] {processor.py:829} INFO - Processing file /opt/airflow/dags/dag_suivi.py for tasks to queue
[2026-07-10T13:19:05.978+0000] {logging_mixin.py:151} INFO - [2026-07-10T13:19:05.977+0000] {dagbag.py:536} INFO - Filling up the DagBag from /opt/airflow/dags/dag_suivi.py
[2026-07-10T13:19:06.052+0000] {processor.py:839} INFO - DAG(s) dict_keys(['pipeline_ingestion_suivi']) retrieved from /opt/airflow/dags/dag_suivi.py
[2026-07-10T13:19:06.177+0000] {logging_mixin.py:151} INFO - [2026-07-10T13:19:06.176+0000] {dag.py:2941} INFO - Sync 1 DAGs
[2026-07-10T13:19:06.297+0000] {logging_mixin.py:151} INFO - [2026-07-10T13:19:06.296+0000] {dag.py:3722} INFO - Setting next_dagrun for pipeline_ingestion_suivi to 2026-07-10T13:00:00+00:00, run_after=2026-07-10T14:00:00+00:00
[2026-07-10T13:19:06.384+0000] {processor.py:179} INFO - Processing /opt/airflow/dags/dag_suivi.py took 0.424 seconds
[2026-07-10T13:19:36.918+0000] {processor.py:157} INFO - Started process (PID=8914) to work on /opt/airflow/dags/dag_suivi.py
[2026-07-10T13:19:36.921+0000] {processor.py:829} INFO - Processing file /opt/airflow/dags/dag_suivi.py for tasks to queue
[2026-07-10T13:19:36.925+0000] {logging_mixin.py:151} INFO - [2026-07-10T13:19:36.924+0000] {dagbag.py:536} INFO - Filling up the DagBag from /opt/airflow/dags/dag_suivi.py
[2026-07-10T13:19:36.992+0000] {processor.py:839} INFO - DAG(s) dict_keys(['pipeline_ingestion_suivi']) retrieved from /opt/airflow/dags/dag_suivi.py
[2026-07-10T13:19:37.112+0000] {logging_mixin.py:151} INFO - [2026-07-10T13:19:37.112+0000] {dag.py:2941} INFO - Sync 1 DAGs
[2026-07-10T13:19:37.224+0000] {logging_mixin.py:151} INFO - [2026-07-10T13:19:37.224+0000] {dag.py:3722} INFO - Setting next_dagrun for pipeline_ingestion_suivi to 2026-07-10T13:00:00+00:00, run_after=2026-07-10T14:00:00+00:00
[2026-07-10T13:19:37.309+0000] {processor.py:179} INFO - Processing /opt/airflow/dags/dag_suivi.py took 0.401 seconds
[2026-07-10T13:20:07.870+0000] {processor.py:157} INFO - Started process (PID=8919) to work on /opt/airflow/dags/dag_suivi.py
[2026-07-10T13:20:07.874+0000] {processor.py:829} INFO - Processing file /opt/airflow/dags/dag_suivi.py for tasks to queue
[2026-07-10T13:20:07.879+0000] {logging_mixin.py:151} INFO - [2026-07-10T13:20:07.878+0000] {dagbag.py:536} INFO - Filling up the DagBag from /opt/airflow/dags/dag_suivi.py
[2026-07-10T13:20:08.002+0000] {processor.py:839} INFO - DAG(s) dict_keys(['pipeline_ingestion_suivi']) retrieved from /opt/airflow/dags/dag_suivi.py
[2026-07-10T13:20:08.308+0000] {logging_mixin.py:151} INFO - [2026-07-10T13:20:08.307+0000] {dag.py:2941} INFO - Sync 1 DAGs
[2026-07-10T13:20:08.524+0000] {logging_mixin.py:151} INFO - [2026-07-10T13:20:08.523+0000] {dag.py:3722} INFO - Setting next_dagrun for pipeline_ingestion_suivi to 2026-07-10T13:00:00+00:00, run_after=2026-07-10T14:00:00+00:00
[2026-07-10T13:20:08.728+0000] {processor.py:179} INFO - Processing /opt/airflow/dags/dag_suivi.py took 0.874 seconds
[2026-07-10T13:20:39.297+0000] {processor.py:157} INFO - Started process (PID=8924) to work on /opt/airflow/dags/dag_suivi.py
[2026-07-10T13:20:39.300+0000] {processor.py:829} INFO - Processing file /opt/airflow/dags/dag_suivi.py for tasks to queue
[2026-07-10T13:20:39.302+0000] {logging_mixin.py:151} INFO - [2026-07-10T13:20:39.302+0000] {dagbag.py:536} INFO - Filling up the DagBag from /opt/airflow/dags/dag_suivi.py
[2026-07-10T13:20:39.367+0000] {processor.py:839} INFO - DAG(s) dict_keys(['pipeline_ingestion_suivi']) retrieved from /opt/airflow/dags/dag_suivi.py
[2026-07-10T13:20:39.456+0000] {logging_mixin.py:151} INFO - [2026-07-10T13:20:39.455+0000] {dag.py:2941} INFO - Sync 1 DAGs
[2026-07-10T13:20:39.559+0000] {logging_mixin.py:151} INFO - [2026-07-10T13:20:39.559+0000] {dag.py:3722} INFO - Setting next_dagrun for pipeline_ingestion_suivi to 2026-07-10T13:00:00+00:00, run_after=2026-07-10T14:00:00+00:00
[2026-07-10T13:20:39.634+0000] {processor.py:179} INFO - Processing /opt/airflow/dags/dag_suivi.py took 0.348 seconds
[2026-07-10T13:21:09.774+0000] {processor.py:157} INFO - Started process (PID=8929) to work on /opt/airflow/dags/dag_suivi.py
[2026-07-10T13:21:09.777+0000] {processor.py:829} INFO - Processing file /opt/airflow/dags/dag_suivi.py for tasks to queue
[2026-07-10T13:21:09.781+0000] {logging_mixin.py:151} INFO - [2026-07-10T13:21:09.781+0000] {dagbag.py:536} INFO - Filling up the DagBag from /opt/airflow/dags/dag_suivi.py
[2026-07-10T13:21:09.875+0000] {processor.py:839} INFO - DAG(s) dict_keys(['pipeline_ingestion_suivi']) retrieved from /opt/airflow/dags/dag_suivi.py
[2026-07-10T13:21:09.958+0000] {logging_mixin.py:151} INFO - [2026-07-10T13:21:09.957+0000] {dag.py:2941} INFO - Sync 1 DAGs
[2026-07-10T13:21:10.017+0000] {logging_mixin.py:151} INFO - [2026-07-10T13:21:10.016+0000] {dag.py:3722} INFO - Setting next_dagrun for pipeline_ingestion_suivi to 2026-07-10T13:00:00+00:00, run_after=2026-07-10T14:00:00+00:00
[2026-07-10T13:21:10.102+0000] {processor.py:179} INFO - Processing /opt/airflow/dags/dag_suivi.py took 0.335 seconds
[2026-07-10T13:21:40.557+0000] {processor.py:157} INFO - Started process (PID=8934) to work on /opt/airflow/dags/dag_suivi.py
[2026-07-10T13:21:40.560+0000] {processor.py:829} INFO - Processing file /opt/airflow/dags/dag_suivi.py for tasks to queue
[2026-07-10T13:21:40.563+0000] {logging_mixin.py:151} INFO - [2026-07-10T13:21:40.563+0000] {dagbag.py:536} INFO - Filling up the DagBag from /opt/airflow/dags/dag_suivi.py
[2026-07-10T13:21:40.655+0000] {processor.py:839} INFO - DAG(s) dict_keys(['pipeline_ingestion_suivi']) retrieved from /opt/airflow/dags/dag_suivi.py
[2026-07-10T13:21:40.757+0000] {logging_mixin.py:151} INFO - [2026-07-10T13:21:40.757+0000] {dag.py:2941} INFO - Sync 1 DAGs
[2026-07-10T13:21:40.825+0000] {logging_mixin.py:151} INFO - [2026-07-10T13:21:40.825+0000] {dag.py:3722} INFO - Setting next_dagrun for pipeline_ingestion_suivi to 2026-07-10T13:00:00+00:00, run_after=2026-07-10T14:00:00+00:00
[2026-07-10T13:21:40.885+0000] {processor.py:179} INFO - Processing /opt/airflow/dags/dag_suivi.py took 0.340 seconds
[2026-07-10T13:22:11.351+0000] {processor.py:157} INFO - Started process (PID=8939) to work on /opt/airflow/dags/dag_suivi.py
[2026-07-10T13:22:11.354+0000] {processor.py:829} INFO - Processing file /opt/airflow/dags/dag_suivi.py for tasks to queue
[2026-07-10T13:22:11.356+0000] {logging_mixin.py:151} INFO - [2026-07-10T13:22:11.356+0000] {dagbag.py:536} INFO - Filling up the DagBag from /opt/airflow/dags/dag_suivi.py
[2026-07-10T13:22:11.434+0000] {processor.py:839} INFO - DAG(s) dict_keys(['pipeline_ingestion_suivi']) retrieved from /opt/airflow/dags/dag_suivi.py
[2026-07-10T13:22:11.563+0000] {logging_mixin.py:151} INFO - [2026-07-10T13:22:11.562+0000] {dag.py:2941} INFO - Sync 1 DAGs
[2026-07-10T13:22:11.625+0000] {logging_mixin.py:151} INFO - [2026-07-10T13:22:11.624+0000] {dag.py:3722} INFO - Setting next_dagrun for pipeline_ingestion_suivi to 2026-07-10T13:00:00+00:00, run_after=2026-07-10T14:00:00+00:00
[2026-07-10T13:22:11.680+0000] {processor.py:179} INFO - Processing /opt/airflow/dags/dag_suivi.py took 0.338 seconds
[2026-07-10T13:22:42.145+0000] {processor.py:157} INFO - Started process (PID=8944) to work on /opt/airflow/dags/dag_suivi.py
[2026-07-10T13:22:42.147+0000] {processor.py:829} INFO - Processing file /opt/airflow/dags/dag_suivi.py for tasks to queue
[2026-07-10T13:22:42.150+0000] {logging_mixin.py:151} INFO - [2026-07-10T13:22:42.149+0000] {dagbag.py:536} INFO - Filling up the DagBag from /opt/airflow/dags/dag_suivi.py
[2026-07-10T13:22:42.256+0000] {processor.py:839} INFO - DAG(s) dict_keys(['pipeline_ingestion_suivi']) retrieved from /opt/airflow/dags/dag_suivi.py
[2026-07-10T13:22:42.361+0000] {logging_mixin.py:151} INFO - [2026-07-10T13:22:42.360+0000] {dag.py:2941} INFO - Sync 1 DAGs
[2026-07-10T13:22:42.418+0000] {logging_mixin.py:151} INFO - [2026-07-10T13:22:42.418+0000] {dag.py:3722} INFO - Setting next_dagrun for pipeline_ingestion_suivi to 2026-07-10T13:00:00+00:00, run_after=2026-07-10T14:00:00+00:00
[2026-07-10T13:22:42.470+0000] {processor.py:179} INFO - Processing /opt/airflow/dags/dag_suivi.py took 0.335 seconds
[2026-07-10T13:23:12.936+0000] {processor.py:157} INFO - Started process (PID=8949) to work on /opt/airflow/dags/dag_suivi.py
[2026-07-10T13:23:12.939+0000] {processor.py:829} INFO - Processing file /opt/airflow/dags/dag_suivi.py for tasks to queue
[2026-07-10T13:23:12.943+0000] {logging_mixin.py:151} INFO - [2026-07-10T13:23:12.943+0000] {dagbag.py:536} INFO - Filling up the DagBag from /opt/airflow/dags/dag_suivi.py
[2026-07-10T13:23:13.030+0000] {processor.py:839} INFO - DAG(s) dict_keys(['pipeline_ingestion_suivi']) retrieved from /opt/airflow/dags/dag_suivi.py
[2026-07-10T13:23:13.130+0000] {logging_mixin.py:151} INFO - [2026-07-10T13:23:13.129+0000] {dag.py:2941} INFO - Sync 1 DAGs
[2026-07-10T13:23:13.185+0000] {logging_mixin.py:151} INFO - [2026-07-10T13:23:13.185+0000] {dag.py:3722} INFO - Setting next_dagrun for pipeline_ingestion_suivi to 2026-07-10T13:00:00+00:00, run_after=2026-07-10T14:00:00+00:00
[2026-07-10T13:23:13.241+0000] {processor.py:179} INFO - Processing /opt/airflow/dags/dag_suivi.py took 0.316 seconds
[2026-07-10T13:23:43.777+0000] {processor.py:157} INFO - Started process (PID=8954) to work on /opt/airflow/dags/dag_suivi.py
[2026-07-10T13:23:43.780+0000] {processor.py:829} INFO - Processing file /opt/airflow/dags/dag_suivi.py for tasks to queue
[2026-07-10T13:23:43.784+0000] {logging_mixin.py:151} INFO - [2026-07-10T13:23:43.783+0000] {dagbag.py:536} INFO - Filling up the DagBag from /opt/airflow/dags/dag_suivi.py
[2026-07-10T13:23:43.863+0000] {processor.py:839} INFO - DAG(s) dict_keys(['pipeline_ingestion_suivi']) retrieved from /opt/airflow/dags/dag_suivi.py
[2026-07-10T13:23:43.949+0000] {logging_mixin.py:151} INFO - [2026-07-10T13:23:43.949+0000] {dag.py:2941} INFO - Sync 1 DAGs
[2026-07-10T13:23:44.012+0000] {logging_mixin.py:151} INFO - [2026-07-10T13:23:44.011+0000] {dag.py:3722} INFO - Setting next_dagrun for pipeline_ingestion_suivi to 2026-07-10T13:00:00+00:00, run_after=2026-07-10T14:00:00+00:00
[2026-07-10T13:23:44.089+0000] {processor.py:179} INFO - Processing /opt/airflow/dags/dag_suivi.py took 0.325 seconds
[2026-07-10T13:24:14.563+0000] {processor.py:157} INFO - Started process (PID=8959) to work on /opt/airflow/dags/dag_suivi.py
[2026-07-10T13:24:14.568+0000] {processor.py:829} INFO - Processing file /opt/airflow/dags/dag_suivi.py for tasks to queue
[2026-07-10T13:24:14.579+0000] {logging_mixin.py:151} INFO - [2026-07-10T13:24:14.578+0000] {dagbag.py:536} INFO - Filling up the DagBag from /opt/airflow/dags/dag_suivi.py
[2026-07-10T13:24:14.681+0000] {processor.py:839} INFO - DAG(s) dict_keys(['pipeline_ingestion_suivi']) retrieved from /opt/airflow/dags/dag_suivi.py
[2026-07-10T13:24:14.764+0000] {logging_mixin.py:151} INFO - [2026-07-10T13:24:14.764+0000] {dag.py:2941} INFO - Sync 1 DAGs
[2026-07-10T13:24:14.825+0000] {logging_mixin.py:151} INFO - [2026-07-10T13:24:14.825+0000] {dag.py:3722} INFO - Setting next_dagrun for pipeline_ingestion_suivi to 2026-07-10T13:00:00+00:00, run_after=2026-07-10T14:00:00+00:00
[2026-07-10T13:24:14.939+0000] {processor.py:179} INFO - Processing /opt/airflow/dags/dag_suivi.py took 0.396 seconds
[2026-07-10T13:24:45.392+0000] {processor.py:157} INFO - Started process (PID=8964) to work on /opt/airflow/dags/dag_suivi.py
[2026-07-10T13:24:45.394+0000] {processor.py:829} INFO - Processing file /opt/airflow/dags/dag_suivi.py for tasks to queue
[2026-07-10T13:24:45.398+0000] {logging_mixin.py:151} INFO - [2026-07-10T13:24:45.397+0000] {dagbag.py:536} INFO - Filling up the DagBag from /opt/airflow/dags/dag_suivi.py
[2026-07-10T13:24:45.462+0000] {processor.py:839} INFO - DAG(s) dict_keys(['pipeline_ingestion_suivi']) retrieved from /opt/airflow/dags/dag_suivi.py
[2026-07-10T13:24:45.544+0000] {logging_mixin.py:151} INFO - [2026-07-10T13:24:45.544+0000] {dag.py:2941} INFO - Sync 1 DAGs
[2026-07-10T13:24:45.634+0000] {logging_mixin.py:151} INFO - [2026-07-10T13:24:45.634+0000] {dag.py:3722} INFO - Setting next_dagrun for pipeline_ingestion_suivi to 2026-07-10T13:00:00+00:00, run_after=2026-07-10T14:00:00+00:00
[2026-07-10T13:24:45.694+0000] {processor.py:179} INFO - Processing /opt/airflow/dags/dag_suivi.py took 0.309 seconds
[2026-07-10T13:25:16.188+0000] {processor.py:157} INFO - Started process (PID=8969) to work on /opt/airflow/dags/dag_suivi.py
[2026-07-10T13:25:16.191+0000] {processor.py:829} INFO - Processing file /opt/airflow/dags/dag_suivi.py for tasks to queue
[2026-07-10T13:25:16.195+0000] {logging_mixin.py:151} INFO - [2026-07-10T13:25:16.194+0000] {dagbag.py:536} INFO - Filling up the DagBag from /opt/airflow/dags/dag_suivi.py
[2026-07-10T13:25:16.275+0000] {processor.py:839} INFO - DAG(s) dict_keys(['pipeline_ingestion_suivi']) retrieved from /opt/airflow/dags/dag_suivi.py
[2026-07-10T13:25:16.401+0000] {logging_mixin.py:151} INFO - [2026-07-10T13:25:16.400+0000] {dag.py:2941} INFO - Sync 1 DAGs
[2026-07-10T13:25:16.486+0000] {logging_mixin.py:151} INFO - [2026-07-10T13:25:16.485+0000] {dag.py:3722} INFO - Setting next_dagrun for pipeline_ingestion_suivi to 2026-07-10T13:00:00+00:00, run_after=2026-07-10T14:00:00+00:00
[2026-07-10T13:25:16.560+0000] {processor.py:179} INFO - Processing /opt/airflow/dags/dag_suivi.py took 0.394 seconds
[2026-07-10T13:25:47.036+0000] {processor.py:157} INFO - Started process (PID=8974) to work on /opt/airflow/dags/dag_suivi.py
[2026-07-10T13:25:47.038+0000] {processor.py:829} INFO - Processing file /opt/airflow/dags/dag_suivi.py for tasks to queue
[2026-07-10T13:25:47.042+0000] {logging_mixin.py:151} INFO - [2026-07-10T13:25:47.040+0000] {dagbag.py:536} INFO - Filling up the DagBag from /opt/airflow/dags/dag_suivi.py
[2026-07-10T13:25:47.114+0000] {processor.py:839} INFO - DAG(s) dict_keys(['pipeline_ingestion_suivi']) retrieved from /opt/airflow/dags/dag_suivi.py
[2026-07-10T13:25:47.232+0000] {logging_mixin.py:151} INFO - [2026-07-10T13:25:47.231+0000] {dag.py:2941} INFO - Sync 1 DAGs
[2026-07-10T13:25:47.319+0000] {logging_mixin.py:151} INFO - [2026-07-10T13:25:47.318+0000] {dag.py:3722} INFO - Setting next_dagrun for pipeline_ingestion_suivi to 2026-07-10T13:00:00+00:00, run_after=2026-07-10T14:00:00+00:00
[2026-07-10T13:25:47.398+0000] {processor.py:179} INFO - Processing /opt/airflow/dags/dag_suivi.py took 0.374 seconds
[2026-07-10T13:26:17.918+0000] {processor.py:157} INFO - Started process (PID=8979) to work on /opt/airflow/dags/dag_suivi.py
[2026-07-10T13:26:17.924+0000] {processor.py:829} INFO - Processing file /opt/airflow/dags/dag_suivi.py for tasks to queue
[2026-07-10T13:26:17.930+0000] {logging_mixin.py:151} INFO - [2026-07-10T13:26:17.928+0000] {dagbag.py:536} INFO - Filling up the DagBag from /opt/airflow/dags/dag_suivi.py
[2026-07-10T13:26:18.013+0000] {processor.py:839} INFO - DAG(s) dict_keys(['pipeline_ingestion_suivi']) retrieved from /opt/airflow/dags/dag_suivi.py
[2026-07-10T13:26:18.116+0000] {logging_mixin.py:151} INFO - [2026-07-10T13:26:18.116+0000] {dag.py:2941} INFO - Sync 1 DAGs
[2026-07-10T13:26:18.203+0000] {logging_mixin.py:151} INFO - [2026-07-10T13:26:18.203+0000] {dag.py:3722} INFO - Setting next_dagrun for pipeline_ingestion_suivi to 2026-07-10T13:00:00+00:00, run_after=2026-07-10T14:00:00+00:00
[2026-07-10T13:26:18.264+0000] {processor.py:179} INFO - Processing /opt/airflow/dags/dag_suivi.py took 0.365 seconds
[2026-07-10T13:26:48.749+0000] {processor.py:157} INFO - Started process (PID=8984) to work on /opt/airflow/dags/dag_suivi.py
[2026-07-10T13:26:48.758+0000] {processor.py:829} INFO - Processing file /opt/airflow/dags/dag_suivi.py for tasks to queue
[2026-07-10T13:26:48.767+0000] {logging_mixin.py:151} INFO - [2026-07-10T13:26:48.764+0000] {dagbag.py:536} INFO - Filling up the DagBag from /opt/airflow/dags/dag_suivi.py
[2026-07-10T13:26:48.904+0000] {processor.py:839} INFO - DAG(s) dict_keys(['pipeline_ingestion_suivi']) retrieved from /opt/airflow/dags/dag_suivi.py
[2026-07-10T13:26:49.052+0000] {logging_mixin.py:151} INFO - [2026-07-10T13:26:49.051+0000] {dag.py:2941} INFO - Sync 1 DAGs
[2026-07-10T13:26:49.222+0000] {logging_mixin.py:151} INFO - [2026-07-10T13:26:49.222+0000] {dag.py:3722} INFO - Setting next_dagrun for pipeline_ingestion_suivi to 2026-07-10T13:00:00+00:00, run_after=2026-07-10T14:00:00+00:00
[2026-07-10T13:26:49.331+0000] {processor.py:179} INFO - Processing /opt/airflow/dags/dag_suivi.py took 0.599 seconds
[2026-07-10T13:27:19.601+0000] {processor.py:157} INFO - Started process (PID=8989) to work on /opt/airflow/dags/dag_suivi.py
[2026-07-10T13:27:19.603+0000] {processor.py:829} INFO - Processing file /opt/airflow/dags/dag_suivi.py for tasks to queue
[2026-07-10T13:27:19.607+0000] {logging_mixin.py:151} INFO - [2026-07-10T13:27:19.606+0000] {dagbag.py:536} INFO - Filling up the DagBag from /opt/airflow/dags/dag_suivi.py
[2026-07-10T13:27:19.690+0000] {processor.py:839} INFO - DAG(s) dict_keys(['pipeline_ingestion_suivi']) retrieved from /opt/airflow/dags/dag_suivi.py
[2026-07-10T13:27:19.817+0000] {logging_mixin.py:151} INFO - [2026-07-10T13:27:19.816+0000] {dag.py:2941} INFO - Sync 1 DAGs
[2026-07-10T13:27:19.932+0000] {logging_mixin.py:151} INFO - [2026-07-10T13:27:19.931+0000] {dag.py:3722} INFO - Setting next_dagrun for pipeline_ingestion_suivi to 2026-07-10T13:00:00+00:00, run_after=2026-07-10T14:00:00+00:00
[2026-07-10T13:27:20.007+0000] {processor.py:179} INFO - Processing /opt/airflow/dags/dag_suivi.py took 0.417 seconds
[2026-07-10T13:27:50.112+0000] {processor.py:157} INFO - Started process (PID=8994) to work on /opt/airflow/dags/dag_suivi.py
[2026-07-10T13:27:50.114+0000] {processor.py:829} INFO - Processing file /opt/airflow/dags/dag_suivi.py for tasks to queue
[2026-07-10T13:27:50.115+0000] {logging_mixin.py:151} INFO - [2026-07-10T13:27:50.115+0000] {dagbag.py:536} INFO - Filling up the DagBag from /opt/airflow/dags/dag_suivi.py
[2026-07-10T13:27:50.183+0000] {processor.py:839} INFO - DAG(s) dict_keys(['pipeline_ingestion_suivi']) retrieved from /opt/airflow/dags/dag_suivi.py
[2026-07-10T13:27:50.271+0000] {logging_mixin.py:151} INFO - [2026-07-10T13:27:50.270+0000] {dag.py:2941} INFO - Sync 1 DAGs
[2026-07-10T13:27:50.369+0000] {logging_mixin.py:151} INFO - [2026-07-10T13:27:50.369+0000] {dag.py:3722} INFO - Setting next_dagrun for pipeline_ingestion_suivi to 2026-07-10T13:00:00+00:00, run_after=2026-07-10T14:00:00+00:00
[2026-07-10T13:27:50.438+0000] {processor.py:179} INFO - Processing /opt/airflow/dags/dag_suivi.py took 0.334 seconds
[2026-07-10T13:28:20.830+0000] {processor.py:157} INFO - Started process (PID=8999) to work on /opt/airflow/dags/dag_suivi.py
[2026-07-10T13:28:20.832+0000] {processor.py:829} INFO - Processing file /opt/airflow/dags/dag_suivi.py for tasks to queue
[2026-07-10T13:28:20.834+0000] {logging_mixin.py:151} INFO - [2026-07-10T13:28:20.834+0000] {dagbag.py:536} INFO - Filling up the DagBag from /opt/airflow/dags/dag_suivi.py
[2026-07-10T13:28:20.928+0000] {processor.py:839} INFO - DAG(s) dict_keys(['pipeline_ingestion_suivi']) retrieved from /opt/airflow/dags/dag_suivi.py
[2026-07-10T13:28:21.035+0000] {logging_mixin.py:151} INFO - [2026-07-10T13:28:21.035+0000] {dag.py:2941} INFO - Sync 1 DAGs
[2026-07-10T13:28:21.101+0000] {logging_mixin.py:151} INFO - [2026-07-10T13:28:21.101+0000] {dag.py:3722} INFO - Setting next_dagrun for pipeline_ingestion_suivi to 2026-07-10T13:00:00+00:00, run_after=2026-07-10T14:00:00+00:00
[2026-07-10T13:28:21.160+0000] {processor.py:179} INFO - Processing /opt/airflow/dags/dag_suivi.py took 0.339 seconds
[2026-07-10T13:28:51.636+0000] {processor.py:157} INFO - Started process (PID=9004) to work on /opt/airflow/dags/dag_suivi.py
[2026-07-10T13:28:51.641+0000] {processor.py:829} INFO - Processing file /opt/airflow/dags/dag_suivi.py for tasks to queue
[2026-07-10T13:28:51.645+0000] {logging_mixin.py:151} INFO - [2026-07-10T13:28:51.644+0000] {dagbag.py:536} INFO - Filling up the DagBag from /opt/airflow/dags/dag_suivi.py
[2026-07-10T13:28:51.727+0000] {processor.py:839} INFO - DAG(s) dict_keys(['pipeline_ingestion_suivi']) retrieved from /opt/airflow/dags/dag_suivi.py
[2026-07-10T13:28:51.839+0000] {logging_mixin.py:151} INFO - [2026-07-10T13:28:51.838+0000] {dag.py:2941} INFO - Sync 1 DAGs
[2026-07-10T13:28:51.913+0000] {logging_mixin.py:151} INFO - [2026-07-10T13:28:51.913+0000] {dag.py:3722} INFO - Setting next_dagrun for pipeline_ingestion_suivi to 2026-07-10T13:00:00+00:00, run_after=2026-07-10T14:00:00+00:00
[2026-07-10T13:28:51.971+0000] {processor.py:179} INFO - Processing /opt/airflow/dags/dag_suivi.py took 0.348 seconds
[2026-07-10T13:29:22.462+0000] {processor.py:157} INFO - Started process (PID=9009) to work on /opt/airflow/dags/dag_suivi.py
[2026-07-10T13:29:22.464+0000] {processor.py:829} INFO - Processing file /opt/airflow/dags/dag_suivi.py for tasks to queue
[2026-07-10T13:29:22.468+0000] {logging_mixin.py:151} INFO - [2026-07-10T13:29:22.466+0000] {dagbag.py:536} INFO - Filling up the DagBag from /opt/airflow/dags/dag_suivi.py
[2026-07-10T13:29:22.534+0000] {processor.py:839} INFO - DAG(s) dict_keys(['pipeline_ingestion_suivi']) retrieved from /opt/airflow/dags/dag_suivi.py
[2026-07-10T13:29:22.605+0000] {logging_mixin.py:151} INFO - [2026-07-10T13:29:22.604+0000] {dag.py:2941} INFO - Sync 1 DAGs
[2026-07-10T13:29:22.675+0000] {logging_mixin.py:151} INFO - [2026-07-10T13:29:22.674+0000] {dag.py:3722} INFO - Setting next_dagrun for pipeline_ingestion_suivi to 2026-07-10T13:00:00+00:00, run_after=2026-07-10T14:00:00+00:00
[2026-07-10T13:29:22.727+0000] {processor.py:179} INFO - Processing /opt/airflow/dags/dag_suivi.py took 0.276 seconds
[2026-07-10T13:29:53.165+0000] {processor.py:157} INFO - Started process (PID=9014) to work on /opt/airflow/dags/dag_suivi.py
[2026-07-10T13:29:53.167+0000] {processor.py:829} INFO - Processing file /opt/airflow/dags/dag_suivi.py for tasks to queue
[2026-07-10T13:29:53.170+0000] {logging_mixin.py:151} INFO - [2026-07-10T13:29:53.169+0000] {dagbag.py:536} INFO - Filling up the DagBag from /opt/airflow/dags/dag_suivi.py
[2026-07-10T13:29:53.224+0000] {processor.py:839} INFO - DAG(s) dict_keys(['pipeline_ingestion_suivi']) retrieved from /opt/airflow/dags/dag_suivi.py
[2026-07-10T13:29:53.301+0000] {logging_mixin.py:151} INFO - [2026-07-10T13:29:53.301+0000] {dag.py:2941} INFO - Sync 1 DAGs
[2026-07-10T13:29:53.367+0000] {logging_mixin.py:151} INFO - [2026-07-10T13:29:53.367+0000] {dag.py:3722} INFO - Setting next_dagrun for pipeline_ingestion_suivi to 2026-07-10T13:00:00+00:00, run_after=2026-07-10T14:00:00+00:00
[2026-07-10T13:29:53.445+0000] {processor.py:179} INFO - Processing /opt/airflow/dags/dag_suivi.py took 0.289 seconds
[2026-07-10T13:30:23.894+0000] {processor.py:157} INFO - Started process (PID=9019) to work on /opt/airflow/dags/dag_suivi.py
[2026-07-10T13:30:23.896+0000] {processor.py:829} INFO - Processing file /opt/airflow/dags/dag_suivi.py for tasks to queue
[2026-07-10T13:30:23.899+0000] {logging_mixin.py:151} INFO - [2026-07-10T13:30:23.898+0000] {dagbag.py:536} INFO - Filling up the DagBag from /opt/airflow/dags/dag_suivi.py
[2026-07-10T13:30:23.954+0000] {processor.py:839} INFO - DAG(s) dict_keys(['pipeline_ingestion_suivi']) retrieved from /opt/airflow/dags/dag_suivi.py
[2026-07-10T13:30:24.052+0000] {logging_mixin.py:151} INFO - [2026-07-10T13:30:24.051+0000] {dag.py:2941} INFO - Sync 1 DAGs
[2026-07-10T13:30:24.120+0000] {logging_mixin.py:151} INFO - [2026-07-10T13:30:24.120+0000] {dag.py:3722} INFO - Setting next_dagrun for pipeline_ingestion_suivi to 2026-07-10T13:00:00+00:00, run_after=2026-07-10T14:00:00+00:00
[2026-07-10T13:30:24.200+0000] {processor.py:179} INFO - Processing /opt/airflow/dags/dag_suivi.py took 0.315 seconds
[2026-07-10T13:30:54.704+0000] {processor.py:157} INFO - Started process (PID=9024) to work on /opt/airflow/dags/dag_suivi.py
[2026-07-10T13:30:54.708+0000] {processor.py:829} INFO - Processing file /opt/airflow/dags/dag_suivi.py for tasks to queue
[2026-07-10T13:30:54.712+0000] {logging_mixin.py:151} INFO - [2026-07-10T13:30:54.711+0000] {dagbag.py:536} INFO - Filling up the DagBag from /opt/airflow/dags/dag_suivi.py
[2026-07-10T13:30:54.783+0000] {processor.py:839} INFO - DAG(s) dict_keys(['pipeline_ingestion_suivi']) retrieved from /opt/airflow/dags/dag_suivi.py
[2026-07-10T13:30:54.877+0000] {logging_mixin.py:151} INFO - [2026-07-10T13:30:54.875+0000] {dag.py:2941} INFO - Sync 1 DAGs
[2026-07-10T13:30:55.002+0000] {logging_mixin.py:151} INFO - [2026-07-10T13:30:55.001+0000] {dag.py:3722} INFO - Setting next_dagrun for pipeline_ingestion_suivi to 2026-07-10T13:00:00+00:00, run_after=2026-07-10T14:00:00+00:00
[2026-07-10T13:30:55.072+0000] {processor.py:179} INFO - Processing /opt/airflow/dags/dag_suivi.py took 0.380 seconds
[2026-07-10T13:31:25.746+0000] {processor.py:157} INFO - Started process (PID=9029) to work on /opt/airflow/dags/dag_suivi.py
[2026-07-10T13:31:25.749+0000] {processor.py:829} INFO - Processing file /opt/airflow/dags/dag_suivi.py for tasks to queue
[2026-07-10T13:31:25.754+0000] {logging_mixin.py:151} INFO - [2026-07-10T13:31:25.753+0000] {dagbag.py:536} INFO - Filling up the DagBag from /opt/airflow/dags/dag_suivi.py
[2026-07-10T13:31:25.841+0000] {processor.py:839} INFO - DAG(s) dict_keys(['pipeline_ingestion_suivi']) retrieved from /opt/airflow/dags/dag_suivi.py
[2026-07-10T13:31:25.940+0000] {logging_mixin.py:151} INFO - [2026-07-10T13:31:25.940+0000] {dag.py:2941} INFO - Sync 1 DAGs
[2026-07-10T13:31:26.026+0000] {logging_mixin.py:151} INFO - [2026-07-10T13:31:26.025+0000] {dag.py:3722} INFO - Setting next_dagrun for pipeline_ingestion_suivi to 2026-07-10T13:00:00+00:00, run_after=2026-07-10T14:00:00+00:00
[2026-07-10T13:31:26.125+0000] {processor.py:179} INFO - Processing /opt/airflow/dags/dag_suivi.py took 0.395 seconds
[2026-07-10T13:31:56.592+0000] {processor.py:157} INFO - Started process (PID=9034) to work on /opt/airflow/dags/dag_suivi.py
[2026-07-10T13:31:56.595+0000] {processor.py:829} INFO - Processing file /opt/airflow/dags/dag_suivi.py for tasks to queue
[2026-07-10T13:31:56.600+0000] {logging_mixin.py:151} INFO - [2026-07-10T13:31:56.599+0000] {dagbag.py:536} INFO - Filling up the DagBag from /opt/airflow/dags/dag_suivi.py
[2026-07-10T13:31:56.709+0000] {processor.py:839} INFO - DAG(s) dict_keys(['pipeline_ingestion_suivi']) retrieved from /opt/airflow/dags/dag_suivi.py
[2026-07-10T13:31:56.813+0000] {logging_mixin.py:151} INFO - [2026-07-10T13:31:56.813+0000] {dag.py:2941} INFO - Sync 1 DAGs
[2026-07-10T13:31:56.869+0000] {logging_mixin.py:151} INFO - [2026-07-10T13:31:56.869+0000] {dag.py:3722} INFO - Setting next_dagrun for pipeline_ingestion_suivi to 2026-07-10T13:00:00+00:00, run_after=2026-07-10T14:00:00+00:00
[2026-07-10T13:31:56.937+0000] {processor.py:179} INFO - Processing /opt/airflow/dags/dag_suivi.py took 0.360 seconds
[2026-07-10T13:32:27.401+0000] {processor.py:157} INFO - Started process (PID=9039) to work on /opt/airflow/dags/dag_suivi.py
[2026-07-10T13:32:27.403+0000] {processor.py:829} INFO - Processing file /opt/airflow/dags/dag_suivi.py for tasks to queue
[2026-07-10T13:32:27.406+0000] {logging_mixin.py:151} INFO - [2026-07-10T13:32:27.406+0000] {dagbag.py:536} INFO - Filling up the DagBag from /opt/airflow/dags/dag_suivi.py
[2026-07-10T13:32:27.481+0000] {processor.py:839} INFO - DAG(s) dict_keys(['pipeline_ingestion_suivi']) retrieved from /opt/airflow/dags/dag_suivi.py
[2026-07-10T13:32:27.576+0000] {logging_mixin.py:151} INFO - [2026-07-10T13:32:27.576+0000] {dag.py:2941} INFO - Sync 1 DAGs
[2026-07-10T13:32:27.644+0000] {logging_mixin.py:151} INFO - [2026-07-10T13:32:27.644+0000] {dag.py:3722} INFO - Setting next_dagrun for pipeline_ingestion_suivi to 2026-07-10T13:00:00+00:00, run_after=2026-07-10T14:00:00+00:00
[2026-07-10T13:32:27.690+0000] {processor.py:179} INFO - Processing /opt/airflow/dags/dag_suivi.py took 0.297 seconds
[2026-07-10T13:32:57.824+0000] {processor.py:157} INFO - Started process (PID=9044) to work on /opt/airflow/dags/dag_suivi.py
[2026-07-10T13:32:57.827+0000] {processor.py:829} INFO - Processing file /opt/airflow/dags/dag_suivi.py for tasks to queue
[2026-07-10T13:32:57.829+0000] {logging_mixin.py:151} INFO - [2026-07-10T13:32:57.828+0000] {dagbag.py:536} INFO - Filling up the DagBag from /opt/airflow/dags/dag_suivi.py
[2026-07-10T13:32:57.911+0000] {processor.py:839} INFO - DAG(s) dict_keys(['pipeline_ingestion_suivi']) retrieved from /opt/airflow/dags/dag_suivi.py
[2026-07-10T13:32:57.994+0000] {logging_mixin.py:151} INFO - [2026-07-10T13:32:57.993+0000] {dag.py:2941} INFO - Sync 1 DAGs
[2026-07-10T13:32:58.086+0000] {logging_mixin.py:151} INFO - [2026-07-10T13:32:58.086+0000] {dag.py:3722} INFO - Setting next_dagrun for pipeline_ingestion_suivi to 2026-07-10T13:00:00+00:00, run_after=2026-07-10T14:00:00+00:00
[2026-07-10T13:32:58.143+0000] {processor.py:179} INFO - Processing /opt/airflow/dags/dag_suivi.py took 0.328 seconds
[2026-07-10T13:33:28.697+0000] {processor.py:157} INFO - Started process (PID=9049) to work on /opt/airflow/dags/dag_suivi.py
[2026-07-10T13:33:28.700+0000] {processor.py:829} INFO - Processing file /opt/airflow/dags/dag_suivi.py for tasks to queue
[2026-07-10T13:33:28.704+0000] {logging_mixin.py:151} INFO - [2026-07-10T13:33:28.703+0000] {dagbag.py:536} INFO - Filling up the DagBag from /opt/airflow/dags/dag_suivi.py
[2026-07-10T13:33:28.797+0000] {processor.py:839} INFO - DAG(s) dict_keys(['pipeline_ingestion_suivi']) retrieved from /opt/airflow/dags/dag_suivi.py
[2026-07-10T13:33:28.905+0000] {logging_mixin.py:151} INFO - [2026-07-10T13:33:28.904+0000] {dag.py:2941} INFO - Sync 1 DAGs
[2026-07-10T13:33:28.996+0000] {logging_mixin.py:151} INFO - [2026-07-10T13:33:28.995+0000] {dag.py:3722} INFO - Setting next_dagrun for pipeline_ingestion_suivi to 2026-07-10T13:00:00+00:00, run_after=2026-07-10T14:00:00+00:00
[2026-07-10T13:33:29.091+0000] {processor.py:179} INFO - Processing /opt/airflow/dags/dag_suivi.py took 0.403 seconds
[2026-07-10T13:33:59.712+0000] {processor.py:157} INFO - Started process (PID=9054) to work on /opt/airflow/dags/dag_suivi.py
[2026-07-10T13:33:59.715+0000] {processor.py:829} INFO - Processing file /opt/airflow/dags/dag_suivi.py for tasks to queue
[2026-07-10T13:33:59.717+0000] {logging_mixin.py:151} INFO - [2026-07-10T13:33:59.717+0000] {dagbag.py:536} INFO - Filling up the DagBag from /opt/airflow/dags/dag_suivi.py
[2026-07-10T13:33:59.793+0000] {processor.py:839} INFO - DAG(s) dict_keys(['pipeline_ingestion_suivi']) retrieved from /opt/airflow/dags/dag_suivi.py
[2026-07-10T13:33:59.904+0000] {logging_mixin.py:151} INFO - [2026-07-10T13:33:59.904+0000] {dag.py:2941} INFO - Sync 1 DAGs
[2026-07-10T13:33:59.965+0000] {logging_mixin.py:151} INFO - [2026-07-10T13:33:59.965+0000] {dag.py:3722} INFO - Setting next_dagrun for pipeline_ingestion_suivi to 2026-07-10T13:00:00+00:00, run_after=2026-07-10T14:00:00+00:00
[2026-07-10T13:34:00.052+0000] {processor.py:179} INFO - Processing /opt/airflow/dags/dag_suivi.py took 0.370 seconds
[2026-07-10T13:34:30.502+0000] {processor.py:157} INFO - Started process (PID=9059) to work on /opt/airflow/dags/dag_suivi.py
[2026-07-10T13:34:30.504+0000] {processor.py:829} INFO - Processing file /opt/airflow/dags/dag_suivi.py for tasks to queue
[2026-07-10T13:34:30.507+0000] {logging_mixin.py:151} INFO - [2026-07-10T13:34:30.507+0000] {dagbag.py:536} INFO - Filling up the DagBag from /opt/airflow/dags/dag_suivi.py
[2026-07-10T13:34:30.584+0000] {processor.py:839} INFO - DAG(s) dict_keys(['pipeline_ingestion_suivi']) retrieved from /opt/airflow/dags/dag_suivi.py
[2026-07-10T13:34:30.700+0000] {logging_mixin.py:151} INFO - [2026-07-10T13:34:30.700+0000] {dag.py:2941} INFO - Sync 1 DAGs
[2026-07-10T13:34:30.771+0000] {logging_mixin.py:151} INFO - [2026-07-10T13:34:30.770+0000] {dag.py:3722} INFO - Setting next_dagrun for pipeline_ingestion_suivi to 2026-07-10T13:00:00+00:00, run_after=2026-07-10T14:00:00+00:00
[2026-07-10T13:34:30.839+0000] {processor.py:179} INFO - Processing /opt/airflow/dags/dag_suivi.py took 0.346 seconds
[2026-07-10T13:35:01.284+0000] {processor.py:157} INFO - Started process (PID=9064) to work on /opt/airflow/dags/dag_suivi.py
[2026-07-10T13:35:01.286+0000] {processor.py:829} INFO - Processing file /opt/airflow/dags/dag_suivi.py for tasks to queue
[2026-07-10T13:35:01.289+0000] {logging_mixin.py:151} INFO - [2026-07-10T13:35:01.289+0000] {dagbag.py:536} INFO - Filling up the DagBag from /opt/airflow/dags/dag_suivi.py
[2026-07-10T13:35:01.369+0000] {processor.py:839} INFO - DAG(s) dict_keys(['pipeline_ingestion_suivi']) retrieved from /opt/airflow/dags/dag_suivi.py
[2026-07-10T13:35:01.461+0000] {logging_mixin.py:151} INFO - [2026-07-10T13:35:01.461+0000] {dag.py:2941} INFO - Sync 1 DAGs
[2026-07-10T13:35:01.543+0000] {logging_mixin.py:151} INFO - [2026-07-10T13:35:01.542+0000] {dag.py:3722} INFO - Setting next_dagrun for pipeline_ingestion_suivi to 2026-07-10T13:00:00+00:00, run_after=2026-07-10T14:00:00+00:00
[2026-07-10T13:35:01.614+0000] {processor.py:179} INFO - Processing /opt/airflow/dags/dag_suivi.py took 0.343 seconds
[2026-07-10T13:35:32.057+0000] {processor.py:157} INFO - Started process (PID=9069) to work on /opt/airflow/dags/dag_suivi.py
[2026-07-10T13:35:32.060+0000] {processor.py:829} INFO - Processing file /opt/airflow/dags/dag_suivi.py for tasks to queue
[2026-07-10T13:35:32.063+0000] {logging_mixin.py:151} INFO - [2026-07-10T13:35:32.062+0000] {dagbag.py:536} INFO - Filling up the DagBag from /opt/airflow/dags/dag_suivi.py
[2026-07-10T13:35:32.142+0000] {processor.py:839} INFO - DAG(s) dict_keys(['pipeline_ingestion_suivi']) retrieved from /opt/airflow/dags/dag_suivi.py
[2026-07-10T13:35:32.241+0000] {logging_mixin.py:151} INFO - [2026-07-10T13:35:32.240+0000] {dag.py:2941} INFO - Sync 1 DAGs
[2026-07-10T13:35:32.301+0000] {logging_mixin.py:151} INFO - [2026-07-10T13:35:32.301+0000] {dag.py:3722} INFO - Setting next_dagrun for pipeline_ingestion_suivi to 2026-07-10T13:00:00+00:00, run_after=2026-07-10T14:00:00+00:00
[2026-07-10T13:35:32.352+0000] {processor.py:179} INFO - Processing /opt/airflow/dags/dag_suivi.py took 0.306 seconds
[2026-07-10T13:36:02.844+0000] {processor.py:157} INFO - Started process (PID=9074) to work on /opt/airflow/dags/dag_suivi.py
[2026-07-10T13:36:02.847+0000] {processor.py:829} INFO - Processing file /opt/airflow/dags/dag_suivi.py for tasks to queue
[2026-07-10T13:36:02.851+0000] {logging_mixin.py:151} INFO - [2026-07-10T13:36:02.850+0000] {dagbag.py:536} INFO - Filling up the DagBag from /opt/airflow/dags/dag_suivi.py
[2026-07-10T13:36:02.925+0000] {processor.py:839} INFO - DAG(s) dict_keys(['pipeline_ingestion_suivi']) retrieved from /opt/airflow/dags/dag_suivi.py
[2026-07-10T13:36:03.014+0000] {logging_mixin.py:151} INFO - [2026-07-10T13:36:03.014+0000] {dag.py:2941} INFO - Sync 1 DAGs
[2026-07-10T13:36:03.102+0000] {logging_mixin.py:151} INFO - [2026-07-10T13:36:03.102+0000] {dag.py:3722} INFO - Setting next_dagrun for pipeline_ingestion_suivi to 2026-07-10T13:00:00+00:00, run_after=2026-07-10T14:00:00+00:00
[2026-07-10T13:36:03.159+0000] {processor.py:179} INFO - Processing /opt/airflow/dags/dag_suivi.py took 0.327 seconds
[2026-07-10T13:36:33.650+0000] {processor.py:157} INFO - Started process (PID=9079) to work on /opt/airflow/dags/dag_suivi.py
[2026-07-10T13:36:33.654+0000] {processor.py:829} INFO - Processing file /opt/airflow/dags/dag_suivi.py for tasks to queue
[2026-07-10T13:36:33.659+0000] {logging_mixin.py:151} INFO - [2026-07-10T13:36:33.658+0000] {dagbag.py:536} INFO - Filling up the DagBag from /opt/airflow/dags/dag_suivi.py
[2026-07-10T13:36:33.734+0000] {processor.py:839} INFO - DAG(s) dict_keys(['pipeline_ingestion_suivi']) retrieved from /opt/airflow/dags/dag_suivi.py
[2026-07-10T13:36:33.823+0000] {logging_mixin.py:151} INFO - [2026-07-10T13:36:33.822+0000] {dag.py:2941} INFO - Sync 1 DAGs
[2026-07-10T13:36:33.883+0000] {logging_mixin.py:151} INFO - [2026-07-10T13:36:33.882+0000] {dag.py:3722} INFO - Setting next_dagrun for pipeline_ingestion_suivi to 2026-07-10T13:00:00+00:00, run_after=2026-07-10T14:00:00+00:00
[2026-07-10T13:36:33.947+0000] {processor.py:179} INFO - Processing /opt/airflow/dags/dag_suivi.py took 0.315 seconds
[2026-07-10T13:37:04.409+0000] {processor.py:157} INFO - Started process (PID=9084) to work on /opt/airflow/dags/dag_suivi.py
[2026-07-10T13:37:04.412+0000] {processor.py:829} INFO - Processing file /opt/airflow/dags/dag_suivi.py for tasks to queue
[2026-07-10T13:37:04.416+0000] {logging_mixin.py:151} INFO - [2026-07-10T13:37:04.416+0000] {dagbag.py:536} INFO - Filling up the DagBag from /opt/airflow/dags/dag_suivi.py
[2026-07-10T13:37:04.493+0000] {processor.py:839} INFO - DAG(s) dict_keys(['pipeline_ingestion_suivi']) retrieved from /opt/airflow/dags/dag_suivi.py
[2026-07-10T13:37:04.616+0000] {logging_mixin.py:151} INFO - [2026-07-10T13:37:04.616+0000] {dag.py:2941} INFO - Sync 1 DAGs
[2026-07-10T13:37:04.678+0000] {logging_mixin.py:151} INFO - [2026-07-10T13:37:04.678+0000] {dag.py:3722} INFO - Setting next_dagrun for pipeline_ingestion_suivi to 2026-07-10T13:00:00+00:00, run_after=2026-07-10T14:00:00+00:00
[2026-07-10T13:37:04.741+0000] {processor.py:179} INFO - Processing /opt/airflow/dags/dag_suivi.py took 0.343 seconds
[2026-07-10T13:37:35.200+0000] {processor.py:157} INFO - Started process (PID=9089) to work on /opt/airflow/dags/dag_suivi.py
[2026-07-10T13:37:35.204+0000] {processor.py:829} INFO - Processing file /opt/airflow/dags/dag_suivi.py for tasks to queue
[2026-07-10T13:37:35.207+0000] {logging_mixin.py:151} INFO - [2026-07-10T13:37:35.206+0000] {dagbag.py:536} INFO - Filling up the DagBag from /opt/airflow/dags/dag_suivi.py
[2026-07-10T13:37:35.273+0000] {processor.py:839} INFO - DAG(s) dict_keys(['pipeline_ingestion_suivi']) retrieved from /opt/airflow/dags/dag_suivi.py
[2026-07-10T13:37:35.354+0000] {logging_mixin.py:151} INFO - [2026-07-10T13:37:35.353+0000] {dag.py:2941} INFO - Sync 1 DAGs
[2026-07-10T13:37:35.413+0000] {logging_mixin.py:151} INFO - [2026-07-10T13:37:35.413+0000] {dag.py:3722} INFO - Setting next_dagrun for pipeline_ingestion_suivi to 2026-07-10T13:00:00+00:00, run_after=2026-07-10T14:00:00+00:00
[2026-07-10T13:37:35.466+0000] {processor.py:179} INFO - Processing /opt/airflow/dags/dag_suivi.py took 0.278 seconds
[2026-07-10T13:38:05.929+0000] {processor.py:157} INFO - Started process (PID=9094) to work on /opt/airflow/dags/dag_suivi.py
[2026-07-10T13:38:05.932+0000] {processor.py:829} INFO - Processing file /opt/airflow/dags/dag_suivi.py for tasks to queue
[2026-07-10T13:38:05.934+0000] {logging_mixin.py:151} INFO - [2026-07-10T13:38:05.934+0000] {dagbag.py:536} INFO - Filling up the DagBag from /opt/airflow/dags/dag_suivi.py
[2026-07-10T13:38:06.007+0000] {processor.py:839} INFO - DAG(s) dict_keys(['pipeline_ingestion_suivi']) retrieved from /opt/airflow/dags/dag_suivi.py
[2026-07-10T13:38:06.105+0000] {logging_mixin.py:151} INFO - [2026-07-10T13:38:06.104+0000] {dag.py:2941} INFO - Sync 1 DAGs
[2026-07-10T13:38:06.200+0000] {logging_mixin.py:151} INFO - [2026-07-10T13:38:06.199+0000] {dag.py:3722} INFO - Setting next_dagrun for pipeline_ingestion_suivi to 2026-07-10T13:00:00+00:00, run_after=2026-07-10T14:00:00+00:00
[2026-07-10T13:38:06.280+0000] {processor.py:179} INFO - Processing /opt/airflow/dags/dag_suivi.py took 0.362 seconds
[2026-07-10T13:38:36.844+0000] {processor.py:157} INFO - Started process (PID=9099) to work on /opt/airflow/dags/dag_suivi.py
[2026-07-10T13:38:36.847+0000] {processor.py:829} INFO - Processing file /opt/airflow/dags/dag_suivi.py for tasks to queue
[2026-07-10T13:38:36.849+0000] {logging_mixin.py:151} INFO - [2026-07-10T13:38:36.848+0000] {dagbag.py:536} INFO - Filling up the DagBag from /opt/airflow/dags/dag_suivi.py
[2026-07-10T13:38:36.924+0000] {processor.py:839} INFO - DAG(s) dict_keys(['pipeline_ingestion_suivi']) retrieved from /opt/airflow/dags/dag_suivi.py
[2026-07-10T13:38:37.003+0000] {logging_mixin.py:151} INFO - [2026-07-10T13:38:37.002+0000] {dag.py:2941} INFO - Sync 1 DAGs
[2026-07-10T13:38:37.060+0000] {logging_mixin.py:151} INFO - [2026-07-10T13:38:37.060+0000] {dag.py:3722} INFO - Setting next_dagrun for pipeline_ingestion_suivi to 2026-07-10T13:00:00+00:00, run_after=2026-07-10T14:00:00+00:00
[2026-07-10T13:38:37.120+0000] {processor.py:179} INFO - Processing /opt/airflow/dags/dag_suivi.py took 0.286 seconds
[2026-07-10T13:39:07.585+0000] {processor.py:157} INFO - Started process (PID=9104) to work on /opt/airflow/dags/dag_suivi.py
[2026-07-10T13:39:07.589+0000] {processor.py:829} INFO - Processing file /opt/airflow/dags/dag_suivi.py for tasks to queue
[2026-07-10T13:39:07.593+0000] {logging_mixin.py:151} INFO - [2026-07-10T13:39:07.592+0000] {dagbag.py:536} INFO - Filling up the DagBag from /opt/airflow/dags/dag_suivi.py
[2026-07-10T13:39:07.676+0000] {processor.py:839} INFO - DAG(s) dict_keys(['pipeline_ingestion_suivi']) retrieved from /opt/airflow/dags/dag_suivi.py
[2026-07-10T13:39:07.759+0000] {logging_mixin.py:151} INFO - [2026-07-10T13:39:07.759+0000] {dag.py:2941} INFO - Sync 1 DAGs
[2026-07-10T13:39:07.850+0000] {logging_mixin.py:151} INFO - [2026-07-10T13:39:07.849+0000] {dag.py:3722} INFO - Setting next_dagrun for pipeline_ingestion_suivi to 2026-07-10T13:00:00+00:00, run_after=2026-07-10T14:00:00+00:00
[2026-07-10T13:39:07.915+0000] {processor.py:179} INFO - Processing /opt/airflow/dags/dag_suivi.py took 0.340 seconds
[2026-07-10T13:39:38.418+0000] {processor.py:157} INFO - Started process (PID=9109) to work on /opt/airflow/dags/dag_suivi.py
[2026-07-10T13:39:38.421+0000] {processor.py:829} INFO - Processing file /opt/airflow/dags/dag_suivi.py for tasks to queue
[2026-07-10T13:39:38.423+0000] {logging_mixin.py:151} INFO - [2026-07-10T13:39:38.422+0000] {dagbag.py:536} INFO - Filling up the DagBag from /opt/airflow/dags/dag_suivi.py
[2026-07-10T13:39:38.516+0000] {processor.py:839} INFO - DAG(s) dict_keys(['pipeline_ingestion_suivi']) retrieved from /opt/airflow/dags/dag_suivi.py
[2026-07-10T13:39:38.617+0000] {logging_mixin.py:151} INFO - [2026-07-10T13:39:38.616+0000] {dag.py:2941} INFO - Sync 1 DAGs
[2026-07-10T13:39:38.688+0000] {logging_mixin.py:151} INFO - [2026-07-10T13:39:38.687+0000] {dag.py:3722} INFO - Setting next_dagrun for pipeline_ingestion_suivi to 2026-07-10T13:00:00+00:00, run_after=2026-07-10T14:00:00+00:00
[2026-07-10T13:39:38.753+0000] {processor.py:179} INFO - Processing /opt/airflow/dags/dag_suivi.py took 0.347 seconds
[2026-07-10T13:40:09.253+0000] {processor.py:157} INFO - Started process (PID=9114) to work on /opt/airflow/dags/dag_suivi.py
[2026-07-10T13:40:09.256+0000] {processor.py:829} INFO - Processing file /opt/airflow/dags/dag_suivi.py for tasks to queue
[2026-07-10T13:40:09.260+0000] {logging_mixin.py:151} INFO - [2026-07-10T13:40:09.259+0000] {dagbag.py:536} INFO - Filling up the DagBag from /opt/airflow/dags/dag_suivi.py
[2026-07-10T13:40:09.350+0000] {processor.py:839} INFO - DAG(s) dict_keys(['pipeline_ingestion_suivi']) retrieved from /opt/airflow/dags/dag_suivi.py
[2026-07-10T13:40:09.567+0000] {logging_mixin.py:151} INFO - [2026-07-10T13:40:09.566+0000] {dag.py:2941} INFO - Sync 1 DAGs
[2026-07-10T13:40:09.711+0000] {logging_mixin.py:151} INFO - [2026-07-10T13:40:09.709+0000] {dag.py:3722} INFO - Setting next_dagrun for pipeline_ingestion_suivi to 2026-07-10T13:00:00+00:00, run_after=2026-07-10T14:00:00+00:00
[2026-07-10T13:40:09.811+0000] {processor.py:179} INFO - Processing /opt/airflow/dags/dag_suivi.py took 0.569 seconds
[2026-07-10T13:40:40.173+0000] {processor.py:157} INFO - Started process (PID=9119) to work on /opt/airflow/dags/dag_suivi.py
[2026-07-10T13:40:40.174+0000] {processor.py:829} INFO - Processing file /opt/airflow/dags/dag_suivi.py for tasks to queue
[2026-07-10T13:40:40.177+0000] {logging_mixin.py:151} INFO - [2026-07-10T13:40:40.176+0000] {dagbag.py:536} INFO - Filling up the DagBag from /opt/airflow/dags/dag_suivi.py
[2026-07-10T13:40:40.271+0000] {processor.py:839} INFO - DAG(s) dict_keys(['pipeline_ingestion_suivi']) retrieved from /opt/airflow/dags/dag_suivi.py
[2026-07-10T13:40:40.378+0000] {logging_mixin.py:151} INFO - [2026-07-10T13:40:40.378+0000] {dag.py:2941} INFO - Sync 1 DAGs
[2026-07-10T13:40:40.466+0000] {logging_mixin.py:151} INFO - [2026-07-10T13:40:40.465+0000] {dag.py:3722} INFO - Setting next_dagrun for pipeline_ingestion_suivi to 2026-07-10T13:00:00+00:00, run_after=2026-07-10T14:00:00+00:00
[2026-07-10T13:40:40.551+0000] {processor.py:179} INFO - Processing /opt/airflow/dags/dag_suivi.py took 0.391 seconds
[2026-07-10T13:41:10.726+0000] {processor.py:157} INFO - Started process (PID=9124) to work on /opt/airflow/dags/dag_suivi.py
[2026-07-10T13:41:10.728+0000] {processor.py:829} INFO - Processing file /opt/airflow/dags/dag_suivi.py for tasks to queue
[2026-07-10T13:41:10.731+0000] {logging_mixin.py:151} INFO - [2026-07-10T13:41:10.730+0000] {dagbag.py:536} INFO - Filling up the DagBag from /opt/airflow/dags/dag_suivi.py
[2026-07-10T13:41:10.782+0000] {processor.py:839} INFO - DAG(s) dict_keys(['pipeline_ingestion_suivi']) retrieved from /opt/airflow/dags/dag_suivi.py
[2026-07-10T13:41:10.858+0000] {logging_mixin.py:151} INFO - [2026-07-10T13:41:10.858+0000] {dag.py:2941} INFO - Sync 1 DAGs
[2026-07-10T13:41:10.916+0000] {logging_mixin.py:151} INFO - [2026-07-10T13:41:10.916+0000] {dag.py:3722} INFO - Setting next_dagrun for pipeline_ingestion_suivi to 2026-07-10T13:00:00+00:00, run_after=2026-07-10T14:00:00+00:00
[2026-07-10T13:41:10.980+0000] {processor.py:179} INFO - Processing /opt/airflow/dags/dag_suivi.py took 0.262 seconds
[2026-07-10T13:41:41.223+0000] {processor.py:157} INFO - Started process (PID=9129) to work on /opt/airflow/dags/dag_suivi.py
[2026-07-10T13:41:41.228+0000] {processor.py:829} INFO - Processing file /opt/airflow/dags/dag_suivi.py for tasks to queue
[2026-07-10T13:41:41.234+0000] {logging_mixin.py:151} INFO - [2026-07-10T13:41:41.233+0000] {dagbag.py:536} INFO - Filling up the DagBag from /opt/airflow/dags/dag_suivi.py
[2026-07-10T13:41:41.427+0000] {processor.py:839} INFO - DAG(s) dict_keys(['pipeline_ingestion_suivi']) retrieved from /opt/airflow/dags/dag_suivi.py
[2026-07-10T13:41:41.649+0000] {logging_mixin.py:151} INFO - [2026-07-10T13:41:41.648+0000] {dag.py:2941} INFO - Sync 1 DAGs
[2026-07-10T13:41:41.764+0000] {logging_mixin.py:151} INFO - [2026-07-10T13:41:41.763+0000] {dag.py:3722} INFO - Setting next_dagrun for pipeline_ingestion_suivi to 2026-07-10T13:00:00+00:00, run_after=2026-07-10T14:00:00+00:00
[2026-07-10T13:41:41.837+0000] {processor.py:179} INFO - Processing /opt/airflow/dags/dag_suivi.py took 0.633 seconds
[2026-07-10T13:42:12.365+0000] {processor.py:157} INFO - Started process (PID=9134) to work on /opt/airflow/dags/dag_suivi.py
[2026-07-10T13:42:12.367+0000] {processor.py:829} INFO - Processing file /opt/airflow/dags/dag_suivi.py for tasks to queue
[2026-07-10T13:42:12.371+0000] {logging_mixin.py:151} INFO - [2026-07-10T13:42:12.370+0000] {dagbag.py:536} INFO - Filling up the DagBag from /opt/airflow/dags/dag_suivi.py
[2026-07-10T13:42:12.445+0000] {processor.py:839} INFO - DAG(s) dict_keys(['pipeline_ingestion_suivi']) retrieved from /opt/airflow/dags/dag_suivi.py
[2026-07-10T13:42:12.546+0000] {logging_mixin.py:151} INFO - [2026-07-10T13:42:12.545+0000] {dag.py:2941} INFO - Sync 1 DAGs
[2026-07-10T13:42:12.619+0000] {logging_mixin.py:151} INFO - [2026-07-10T13:42:12.619+0000] {dag.py:3722} INFO - Setting next_dagrun for pipeline_ingestion_suivi to 2026-07-10T13:00:00+00:00, run_after=2026-07-10T14:00:00+00:00
[2026-07-10T13:42:12.674+0000] {processor.py:179} INFO - Processing /opt/airflow/dags/dag_suivi.py took 0.324 seconds
[2026-07-10T13:42:43.159+0000] {processor.py:157} INFO - Started process (PID=9139) to work on /opt/airflow/dags/dag_suivi.py
[2026-07-10T13:42:43.162+0000] {processor.py:829} INFO - Processing file /opt/airflow/dags/dag_suivi.py for tasks to queue
[2026-07-10T13:42:43.164+0000] {logging_mixin.py:151} INFO - [2026-07-10T13:42:43.164+0000] {dagbag.py:536} INFO - Filling up the DagBag from /opt/airflow/dags/dag_suivi.py
[2026-07-10T13:42:43.234+0000] {processor.py:839} INFO - DAG(s) dict_keys(['pipeline_ingestion_suivi']) retrieved from /opt/airflow/dags/dag_suivi.py
[2026-07-10T13:42:43.324+0000] {logging_mixin.py:151} INFO - [2026-07-10T13:42:43.324+0000] {dag.py:2941} INFO - Sync 1 DAGs
[2026-07-10T13:42:43.403+0000] {logging_mixin.py:151} INFO - [2026-07-10T13:42:43.402+0000] {dag.py:3722} INFO - Setting next_dagrun for pipeline_ingestion_suivi to 2026-07-10T13:00:00+00:00, run_after=2026-07-10T14:00:00+00:00
[2026-07-10T13:42:43.496+0000] {processor.py:179} INFO - Processing /opt/airflow/dags/dag_suivi.py took 0.349 seconds
[2026-07-10T13:43:14.007+0000] {processor.py:157} INFO - Started process (PID=9144) to work on /opt/airflow/dags/dag_suivi.py
[2026-07-10T13:43:14.009+0000] {processor.py:829} INFO - Processing file /opt/airflow/dags/dag_suivi.py for tasks to queue
[2026-07-10T13:43:14.011+0000] {logging_mixin.py:151} INFO - [2026-07-10T13:43:14.011+0000] {dagbag.py:536} INFO - Filling up the DagBag from /opt/airflow/dags/dag_suivi.py
[2026-07-10T13:43:14.075+0000] {processor.py:839} INFO - DAG(s) dict_keys(['pipeline_ingestion_suivi']) retrieved from /opt/airflow/dags/dag_suivi.py
[2026-07-10T13:43:14.167+0000] {logging_mixin.py:151} INFO - [2026-07-10T13:43:14.166+0000] {dag.py:2941} INFO - Sync 1 DAGs
[2026-07-10T13:43:14.233+0000] {logging_mixin.py:151} INFO - [2026-07-10T13:43:14.233+0000] {dag.py:3722} INFO - Setting next_dagrun for pipeline_ingestion_suivi to 2026-07-10T13:00:00+00:00, run_after=2026-07-10T14:00:00+00:00
[2026-07-10T13:43:14.308+0000] {processor.py:179} INFO - Processing /opt/airflow/dags/dag_suivi.py took 0.311 seconds
[2026-07-10T13:43:44.502+0000] {processor.py:157} INFO - Started process (PID=9149) to work on /opt/airflow/dags/dag_suivi.py
[2026-07-10T13:43:44.504+0000] {processor.py:829} INFO - Processing file /opt/airflow/dags/dag_suivi.py for tasks to queue
[2026-07-10T13:43:44.507+0000] {logging_mixin.py:151} INFO - [2026-07-10T13:43:44.506+0000] {dagbag.py:536} INFO - Filling up the DagBag from /opt/airflow/dags/dag_suivi.py
[2026-07-10T13:43:44.584+0000] {processor.py:839} INFO - DAG(s) dict_keys(['pipeline_ingestion_suivi']) retrieved from /opt/airflow/dags/dag_suivi.py
[2026-07-10T13:43:44.672+0000] {logging_mixin.py:151} INFO - [2026-07-10T13:43:44.671+0000] {dag.py:2941} INFO - Sync 1 DAGs
[2026-07-10T13:43:44.742+0000] {logging_mixin.py:151} INFO - [2026-07-10T13:43:44.742+0000] {dag.py:3722} INFO - Setting next_dagrun for pipeline_ingestion_suivi to 2026-07-10T13:00:00+00:00, run_after=2026-07-10T14:00:00+00:00
[2026-07-10T13:43:44.798+0000] {processor.py:179} INFO - Processing /opt/airflow/dags/dag_suivi.py took 0.306 seconds
[2026-07-10T13:44:15.138+0000] {processor.py:157} INFO - Started process (PID=9154) to work on /opt/airflow/dags/dag_suivi.py
[2026-07-10T13:44:15.141+0000] {processor.py:829} INFO - Processing file /opt/airflow/dags/dag_suivi.py for tasks to queue
[2026-07-10T13:44:15.143+0000] {logging_mixin.py:151} INFO - [2026-07-10T13:44:15.143+0000] {dagbag.py:536} INFO - Filling up the DagBag from /opt/airflow/dags/dag_suivi.py
[2026-07-10T13:44:15.208+0000] {processor.py:839} INFO - DAG(s) dict_keys(['pipeline_ingestion_suivi']) retrieved from /opt/airflow/dags/dag_suivi.py
[2026-07-10T13:44:15.295+0000] {logging_mixin.py:151} INFO - [2026-07-10T13:44:15.294+0000] {dag.py:2941} INFO - Sync 1 DAGs
[2026-07-10T13:44:15.354+0000] {logging_mixin.py:151} INFO - [2026-07-10T13:44:15.353+0000] {dag.py:3722} INFO - Setting next_dagrun for pipeline_ingestion_suivi to 2026-07-10T13:00:00+00:00, run_after=2026-07-10T14:00:00+00:00
[2026-07-10T13:44:15.416+0000] {processor.py:179} INFO - Processing /opt/airflow/dags/dag_suivi.py took 0.291 seconds
[2026-07-10T13:44:45.553+0000] {processor.py:157} INFO - Started process (PID=9159) to work on /opt/airflow/dags/dag_suivi.py
[2026-07-10T13:44:45.556+0000] {processor.py:829} INFO - Processing file /opt/airflow/dags/dag_suivi.py for tasks to queue
[2026-07-10T13:44:45.559+0000] {logging_mixin.py:151} INFO - [2026-07-10T13:44:45.558+0000] {dagbag.py:536} INFO - Filling up the DagBag from /opt/airflow/dags/dag_suivi.py
[2026-07-10T13:44:45.630+0000] {processor.py:839} INFO - DAG(s) dict_keys(['pipeline_ingestion_suivi']) retrieved from /opt/airflow/dags/dag_suivi.py
[2026-07-10T13:44:45.726+0000] {logging_mixin.py:151} INFO - [2026-07-10T13:44:45.725+0000] {dag.py:2941} INFO - Sync 1 DAGs
[2026-07-10T13:44:45.802+0000] {logging_mixin.py:151} INFO - [2026-07-10T13:44:45.802+0000] {dag.py:3722} INFO - Setting next_dagrun for pipeline_ingestion_suivi to 2026-07-10T13:00:00+00:00, run_after=2026-07-10T14:00:00+00:00
[2026-07-10T13:44:45.883+0000] {processor.py:179} INFO - Processing /opt/airflow/dags/dag_suivi.py took 0.342 seconds
[2026-07-10T13:45:16.307+0000] {processor.py:157} INFO - Started process (PID=9164) to work on /opt/airflow/dags/dag_suivi.py
[2026-07-10T13:45:16.309+0000] {processor.py:829} INFO - Processing file /opt/airflow/dags/dag_suivi.py for tasks to queue
[2026-07-10T13:45:16.312+0000] {logging_mixin.py:151} INFO - [2026-07-10T13:45:16.311+0000] {dagbag.py:536} INFO - Filling up the DagBag from /opt/airflow/dags/dag_suivi.py
[2026-07-10T13:45:16.370+0000] {processor.py:839} INFO - DAG(s) dict_keys(['pipeline_ingestion_suivi']) retrieved from /opt/airflow/dags/dag_suivi.py
[2026-07-10T13:45:16.437+0000] {logging_mixin.py:151} INFO - [2026-07-10T13:45:16.437+0000] {dag.py:2941} INFO - Sync 1 DAGs
[2026-07-10T13:45:16.515+0000] {logging_mixin.py:151} INFO - [2026-07-10T13:45:16.515+0000] {dag.py:3722} INFO - Setting next_dagrun for pipeline_ingestion_suivi to 2026-07-10T13:00:00+00:00, run_after=2026-07-10T14:00:00+00:00
[2026-07-10T13:45:16.604+0000] {processor.py:179} INFO - Processing /opt/airflow/dags/dag_suivi.py took 0.311 seconds
[2026-07-10T13:45:46.735+0000] {processor.py:157} INFO - Started process (PID=9169) to work on /opt/airflow/dags/dag_suivi.py
[2026-07-10T13:45:46.739+0000] {processor.py:829} INFO - Processing file /opt/airflow/dags/dag_suivi.py for tasks to queue
[2026-07-10T13:45:46.743+0000] {logging_mixin.py:151} INFO - [2026-07-10T13:45:46.742+0000] {dagbag.py:536} INFO - Filling up the DagBag from /opt/airflow/dags/dag_suivi.py
[2026-07-10T13:45:46.822+0000] {processor.py:839} INFO - DAG(s) dict_keys(['pipeline_ingestion_suivi']) retrieved from /opt/airflow/dags/dag_suivi.py
[2026-07-10T13:45:46.925+0000] {logging_mixin.py:151} INFO - [2026-07-10T13:45:46.925+0000] {dag.py:2941} INFO - Sync 1 DAGs
[2026-07-10T13:45:47.010+0000] {logging_mixin.py:151} INFO - [2026-07-10T13:45:47.009+0000] {dag.py:3722} INFO - Setting next_dagrun for pipeline_ingestion_suivi to 2026-07-10T13:00:00+00:00, run_after=2026-07-10T14:00:00+00:00
[2026-07-10T13:45:47.073+0000] {processor.py:179} INFO - Processing /opt/airflow/dags/dag_suivi.py took 0.356 seconds
[2026-07-10T13:46:17.538+0000] {processor.py:157} INFO - Started process (PID=9174) to work on /opt/airflow/dags/dag_suivi.py
[2026-07-10T13:46:17.540+0000] {processor.py:829} INFO - Processing file /opt/airflow/dags/dag_suivi.py for tasks to queue
[2026-07-10T13:46:17.544+0000] {logging_mixin.py:151} INFO - [2026-07-10T13:46:17.543+0000] {dagbag.py:536} INFO - Filling up the DagBag from /opt/airflow/dags/dag_suivi.py
[2026-07-10T13:46:17.628+0000] {processor.py:839} INFO - DAG(s) dict_keys(['pipeline_ingestion_suivi']) retrieved from /opt/airflow/dags/dag_suivi.py
[2026-07-10T13:46:17.712+0000] {logging_mixin.py:151} INFO - [2026-07-10T13:46:17.712+0000] {dag.py:2941} INFO - Sync 1 DAGs
[2026-07-10T13:46:17.775+0000] {logging_mixin.py:151} INFO - [2026-07-10T13:46:17.774+0000] {dag.py:3722} INFO - Setting next_dagrun for pipeline_ingestion_suivi to 2026-07-10T13:00:00+00:00, run_after=2026-07-10T14:00:00+00:00
[2026-07-10T13:46:17.827+0000] {processor.py:179} INFO - Processing /opt/airflow/dags/dag_suivi.py took 0.306 seconds
[2026-07-10T13:46:47.980+0000] {processor.py:157} INFO - Started process (PID=9179) to work on /opt/airflow/dags/dag_suivi.py
[2026-07-10T13:46:47.983+0000] {processor.py:829} INFO - Processing file /opt/airflow/dags/dag_suivi.py for tasks to queue
[2026-07-10T13:46:47.985+0000] {logging_mixin.py:151} INFO - [2026-07-10T13:46:47.984+0000] {dagbag.py:536} INFO - Filling up the DagBag from /opt/airflow/dags/dag_suivi.py
[2026-07-10T13:46:48.057+0000] {processor.py:839} INFO - DAG(s) dict_keys(['pipeline_ingestion_suivi']) retrieved from /opt/airflow/dags/dag_suivi.py
[2026-07-10T13:46:48.164+0000] {logging_mixin.py:151} INFO - [2026-07-10T13:46:48.164+0000] {dag.py:2941} INFO - Sync 1 DAGs
[2026-07-10T13:46:48.236+0000] {logging_mixin.py:151} INFO - [2026-07-10T13:46:48.235+0000] {dag.py:3722} INFO - Setting next_dagrun for pipeline_ingestion_suivi to 2026-07-10T13:00:00+00:00, run_after=2026-07-10T14:00:00+00:00
[2026-07-10T13:46:48.290+0000] {processor.py:179} INFO - Processing /opt/airflow/dags/dag_suivi.py took 0.320 seconds
[2026-07-10T13:47:18.725+0000] {processor.py:157} INFO - Started process (PID=9184) to work on /opt/airflow/dags/dag_suivi.py
[2026-07-10T13:47:18.728+0000] {processor.py:829} INFO - Processing file /opt/airflow/dags/dag_suivi.py for tasks to queue
[2026-07-10T13:47:18.732+0000] {logging_mixin.py:151} INFO - [2026-07-10T13:47:18.731+0000] {dagbag.py:536} INFO - Filling up the DagBag from /opt/airflow/dags/dag_suivi.py
[2026-07-10T13:47:18.818+0000] {processor.py:839} INFO - DAG(s) dict_keys(['pipeline_ingestion_suivi']) retrieved from /opt/airflow/dags/dag_suivi.py
[2026-07-10T13:47:18.895+0000] {logging_mixin.py:151} INFO - [2026-07-10T13:47:18.894+0000] {dag.py:2941} INFO - Sync 1 DAGs
[2026-07-10T13:47:18.952+0000] {logging_mixin.py:151} INFO - [2026-07-10T13:47:18.951+0000] {dag.py:3722} INFO - Setting next_dagrun for pipeline_ingestion_suivi to 2026-07-10T13:00:00+00:00, run_after=2026-07-10T14:00:00+00:00
[2026-07-10T13:47:19.022+0000] {processor.py:179} INFO - Processing /opt/airflow/dags/dag_suivi.py took 0.307 seconds
[2026-07-10T13:47:49.471+0000] {processor.py:157} INFO - Started process (PID=9189) to work on /opt/airflow/dags/dag_suivi.py
[2026-07-10T13:47:49.475+0000] {processor.py:829} INFO - Processing file /opt/airflow/dags/dag_suivi.py for tasks to queue
[2026-07-10T13:47:49.480+0000] {logging_mixin.py:151} INFO - [2026-07-10T13:47:49.478+0000] {dagbag.py:536} INFO - Filling up the DagBag from /opt/airflow/dags/dag_suivi.py
[2026-07-10T13:47:49.554+0000] {processor.py:839} INFO - DAG(s) dict_keys(['pipeline_ingestion_suivi']) retrieved from /opt/airflow/dags/dag_suivi.py
[2026-07-10T13:47:49.655+0000] {logging_mixin.py:151} INFO - [2026-07-10T13:47:49.654+0000] {dag.py:2941} INFO - Sync 1 DAGs
[2026-07-10T13:47:49.743+0000] {logging_mixin.py:151} INFO - [2026-07-10T13:47:49.742+0000] {dag.py:3722} INFO - Setting next_dagrun for pipeline_ingestion_suivi to 2026-07-10T13:00:00+00:00, run_after=2026-07-10T14:00:00+00:00
[2026-07-10T13:47:49.861+0000] {processor.py:179} INFO - Processing /opt/airflow/dags/dag_suivi.py took 0.398 seconds
[2026-07-10T13:48:20.639+0000] {processor.py:157} INFO - Started process (PID=9194) to work on /opt/airflow/dags/dag_suivi.py
[2026-07-10T13:48:20.650+0000] {processor.py:829} INFO - Processing file /opt/airflow/dags/dag_suivi.py for tasks to queue
[2026-07-10T13:48:20.666+0000] {logging_mixin.py:151} INFO - [2026-07-10T13:48:20.664+0000] {dagbag.py:536} INFO - Filling up the DagBag from /opt/airflow/dags/dag_suivi.py
[2026-07-10T13:48:20.935+0000] {processor.py:839} INFO - DAG(s) dict_keys(['pipeline_ingestion_suivi']) retrieved from /opt/airflow/dags/dag_suivi.py
[2026-07-10T13:48:21.295+0000] {logging_mixin.py:151} INFO - [2026-07-10T13:48:21.294+0000] {dag.py:2941} INFO - Sync 1 DAGs
[2026-07-10T13:48:21.504+0000] {logging_mixin.py:151} INFO - [2026-07-10T13:48:21.503+0000] {dag.py:3722} INFO - Setting next_dagrun for pipeline_ingestion_suivi to 2026-07-10T13:00:00+00:00, run_after=2026-07-10T14:00:00+00:00
[2026-07-10T13:48:21.637+0000] {processor.py:179} INFO - Processing /opt/airflow/dags/dag_suivi.py took 1.040 seconds
[2026-07-10T13:48:52.006+0000] {processor.py:157} INFO - Started process (PID=9199) to work on /opt/airflow/dags/dag_suivi.py
[2026-07-10T13:48:52.008+0000] {processor.py:829} INFO - Processing file /opt/airflow/dags/dag_suivi.py for tasks to queue
[2026-07-10T13:48:52.010+0000] {logging_mixin.py:151} INFO - [2026-07-10T13:48:52.009+0000] {dagbag.py:536} INFO - Filling up the DagBag from /opt/airflow/dags/dag_suivi.py
[2026-07-10T13:48:52.084+0000] {processor.py:839} INFO - DAG(s) dict_keys(['pipeline_ingestion_suivi']) retrieved from /opt/airflow/dags/dag_suivi.py
[2026-07-10T13:48:52.170+0000] {logging_mixin.py:151} INFO - [2026-07-10T13:48:52.170+0000] {dag.py:2941} INFO - Sync 1 DAGs
[2026-07-10T13:48:52.242+0000] {logging_mixin.py:151} INFO - [2026-07-10T13:48:52.242+0000] {dag.py:3722} INFO - Setting next_dagrun for pipeline_ingestion_suivi to 2026-07-10T13:00:00+00:00, run_after=2026-07-10T14:00:00+00:00
[2026-07-10T13:48:52.297+0000] {processor.py:179} INFO - Processing /opt/airflow/dags/dag_suivi.py took 0.301 seconds
[2026-07-10T13:49:22.524+0000] {processor.py:157} INFO - Started process (PID=9204) to work on /opt/airflow/dags/dag_suivi.py
[2026-07-10T13:49:22.527+0000] {processor.py:829} INFO - Processing file /opt/airflow/dags/dag_suivi.py for tasks to queue
[2026-07-10T13:49:22.532+0000] {logging_mixin.py:151} INFO - [2026-07-10T13:49:22.531+0000] {dagbag.py:536} INFO - Filling up the DagBag from /opt/airflow/dags/dag_suivi.py
[2026-07-10T13:49:22.607+0000] {processor.py:839} INFO - DAG(s) dict_keys(['pipeline_ingestion_suivi']) retrieved from /opt/airflow/dags/dag_suivi.py
[2026-07-10T13:49:22.683+0000] {logging_mixin.py:151} INFO - [2026-07-10T13:49:22.682+0000] {dag.py:2941} INFO - Sync 1 DAGs
[2026-07-10T13:49:22.761+0000] {logging_mixin.py:151} INFO - [2026-07-10T13:49:22.760+0000] {dag.py:3722} INFO - Setting next_dagrun for pipeline_ingestion_suivi to 2026-07-10T13:00:00+00:00, run_after=2026-07-10T14:00:00+00:00
[2026-07-10T13:49:22.816+0000] {processor.py:179} INFO - Processing /opt/airflow/dags/dag_suivi.py took 0.303 seconds
[2026-07-10T13:49:53.140+0000] {processor.py:157} INFO - Started process (PID=9209) to work on /opt/airflow/dags/dag_suivi.py
[2026-07-10T13:49:53.143+0000] {processor.py:829} INFO - Processing file /opt/airflow/dags/dag_suivi.py for tasks to queue
[2026-07-10T13:49:53.146+0000] {logging_mixin.py:151} INFO - [2026-07-10T13:49:53.145+0000] {dagbag.py:536} INFO - Filling up the DagBag from /opt/airflow/dags/dag_suivi.py
[2026-07-10T13:49:53.224+0000] {processor.py:839} INFO - DAG(s) dict_keys(['pipeline_ingestion_suivi']) retrieved from /opt/airflow/dags/dag_suivi.py
[2026-07-10T13:49:53.321+0000] {logging_mixin.py:151} INFO - [2026-07-10T13:49:53.321+0000] {dag.py:2941} INFO - Sync 1 DAGs
[2026-07-10T13:49:53.403+0000] {logging_mixin.py:151} INFO - [2026-07-10T13:49:53.402+0000] {dag.py:3722} INFO - Setting next_dagrun for pipeline_ingestion_suivi to 2026-07-10T13:00:00+00:00, run_after=2026-07-10T14:00:00+00:00
[2026-07-10T13:49:53.461+0000] {processor.py:179} INFO - Processing /opt/airflow/dags/dag_suivi.py took 0.332 seconds
[2026-07-10T13:50:23.657+0000] {processor.py:157} INFO - Started process (PID=9214) to work on /opt/airflow/dags/dag_suivi.py
[2026-07-10T13:50:23.661+0000] {processor.py:829} INFO - Processing file /opt/airflow/dags/dag_suivi.py for tasks to queue
[2026-07-10T13:50:23.663+0000] {logging_mixin.py:151} INFO - [2026-07-10T13:50:23.663+0000] {dagbag.py:536} INFO - Filling up the DagBag from /opt/airflow/dags/dag_suivi.py
[2026-07-10T13:50:23.736+0000] {processor.py:839} INFO - DAG(s) dict_keys(['pipeline_ingestion_suivi']) retrieved from /opt/airflow/dags/dag_suivi.py
[2026-07-10T13:50:23.815+0000] {logging_mixin.py:151} INFO - [2026-07-10T13:50:23.814+0000] {dag.py:2941} INFO - Sync 1 DAGs
[2026-07-10T13:50:23.882+0000] {logging_mixin.py:151} INFO - [2026-07-10T13:50:23.882+0000] {dag.py:3722} INFO - Setting next_dagrun for pipeline_ingestion_suivi to 2026-07-10T13:00:00+00:00, run_after=2026-07-10T14:00:00+00:00
[2026-07-10T13:50:23.947+0000] {processor.py:179} INFO - Processing /opt/airflow/dags/dag_suivi.py took 0.300 seconds
[2026-07-10T13:50:54.260+0000] {processor.py:157} INFO - Started process (PID=9219) to work on /opt/airflow/dags/dag_suivi.py
[2026-07-10T13:50:54.263+0000] {processor.py:829} INFO - Processing file /opt/airflow/dags/dag_suivi.py for tasks to queue
[2026-07-10T13:50:54.266+0000] {logging_mixin.py:151} INFO - [2026-07-10T13:50:54.266+0000] {dagbag.py:536} INFO - Filling up the DagBag from /opt/airflow/dags/dag_suivi.py
[2026-07-10T13:50:54.350+0000] {processor.py:839} INFO - DAG(s) dict_keys(['pipeline_ingestion_suivi']) retrieved from /opt/airflow/dags/dag_suivi.py
[2026-07-10T13:50:54.463+0000] {logging_mixin.py:151} INFO - [2026-07-10T13:50:54.462+0000] {dag.py:2941} INFO - Sync 1 DAGs
[2026-07-10T13:50:54.518+0000] {logging_mixin.py:151} INFO - [2026-07-10T13:50:54.518+0000] {dag.py:3722} INFO - Setting next_dagrun for pipeline_ingestion_suivi to 2026-07-10T13:00:00+00:00, run_after=2026-07-10T14:00:00+00:00
[2026-07-10T13:50:54.575+0000] {processor.py:179} INFO - Processing /opt/airflow/dags/dag_suivi.py took 0.330 seconds
[2026-07-10T13:51:24.781+0000] {processor.py:157} INFO - Started process (PID=9224) to work on /opt/airflow/dags/dag_suivi.py
[2026-07-10T13:51:24.783+0000] {processor.py:829} INFO - Processing file /opt/airflow/dags/dag_suivi.py for tasks to queue
[2026-07-10T13:51:24.785+0000] {logging_mixin.py:151} INFO - [2026-07-10T13:51:24.785+0000] {dagbag.py:536} INFO - Filling up the DagBag from /opt/airflow/dags/dag_suivi.py
[2026-07-10T13:51:24.847+0000] {processor.py:839} INFO - DAG(s) dict_keys(['pipeline_ingestion_suivi']) retrieved from /opt/airflow/dags/dag_suivi.py
[2026-07-10T13:51:24.937+0000] {logging_mixin.py:151} INFO - [2026-07-10T13:51:24.936+0000] {dag.py:2941} INFO - Sync 1 DAGs
[2026-07-10T13:51:25.001+0000] {logging_mixin.py:151} INFO - [2026-07-10T13:51:25.001+0000] {dag.py:3722} INFO - Setting next_dagrun for pipeline_ingestion_suivi to 2026-07-10T13:00:00+00:00, run_after=2026-07-10T14:00:00+00:00
[2026-07-10T13:51:25.078+0000] {processor.py:179} INFO - Processing /opt/airflow/dags/dag_suivi.py took 0.305 seconds
[2026-07-10T13:51:55.436+0000] {processor.py:157} INFO - Started process (PID=9229) to work on /opt/airflow/dags/dag_suivi.py
[2026-07-10T13:51:55.439+0000] {processor.py:829} INFO - Processing file /opt/airflow/dags/dag_suivi.py for tasks to queue
[2026-07-10T13:51:55.441+0000] {logging_mixin.py:151} INFO - [2026-07-10T13:51:55.441+0000] {dagbag.py:536} INFO - Filling up the DagBag from /opt/airflow/dags/dag_suivi.py
[2026-07-10T13:51:55.508+0000] {processor.py:839} INFO - DAG(s) dict_keys(['pipeline_ingestion_suivi']) retrieved from /opt/airflow/dags/dag_suivi.py
[2026-07-10T13:51:55.597+0000] {logging_mixin.py:151} INFO - [2026-07-10T13:51:55.596+0000] {dag.py:2941} INFO - Sync 1 DAGs
[2026-07-10T13:51:55.668+0000] {logging_mixin.py:151} INFO - [2026-07-10T13:51:55.667+0000] {dag.py:3722} INFO - Setting next_dagrun for pipeline_ingestion_suivi to 2026-07-10T13:00:00+00:00, run_after=2026-07-10T14:00:00+00:00
[2026-07-10T13:51:55.739+0000] {processor.py:179} INFO - Processing /opt/airflow/dags/dag_suivi.py took 0.317 seconds
[2026-07-10T13:52:26.017+0000] {processor.py:157} INFO - Started process (PID=9234) to work on /opt/airflow/dags/dag_suivi.py
[2026-07-10T13:52:26.020+0000] {processor.py:829} INFO - Processing file /opt/airflow/dags/dag_suivi.py for tasks to queue
[2026-07-10T13:52:26.023+0000] {logging_mixin.py:151} INFO - [2026-07-10T13:52:26.022+0000] {dagbag.py:536} INFO - Filling up the DagBag from /opt/airflow/dags/dag_suivi.py
[2026-07-10T13:52:26.112+0000] {processor.py:839} INFO - DAG(s) dict_keys(['pipeline_ingestion_suivi']) retrieved from /opt/airflow/dags/dag_suivi.py
[2026-07-10T13:52:26.219+0000] {logging_mixin.py:151} INFO - [2026-07-10T13:52:26.219+0000] {dag.py:2941} INFO - Sync 1 DAGs
[2026-07-10T13:52:26.299+0000] {logging_mixin.py:151} INFO - [2026-07-10T13:52:26.298+0000] {dag.py:3722} INFO - Setting next_dagrun for pipeline_ingestion_suivi to 2026-07-10T13:00:00+00:00, run_after=2026-07-10T14:00:00+00:00
[2026-07-10T13:52:26.355+0000] {processor.py:179} INFO - Processing /opt/airflow/dags/dag_suivi.py took 0.349 seconds
[2026-07-10T13:52:56.595+0000] {processor.py:157} INFO - Started process (PID=9239) to work on /opt/airflow/dags/dag_suivi.py
[2026-07-10T13:52:56.598+0000] {processor.py:829} INFO - Processing file /opt/airflow/dags/dag_suivi.py for tasks to queue
[2026-07-10T13:52:56.603+0000] {logging_mixin.py:151} INFO - [2026-07-10T13:52:56.601+0000] {dagbag.py:536} INFO - Filling up the DagBag from /opt/airflow/dags/dag_suivi.py
[2026-07-10T13:52:56.673+0000] {processor.py:839} INFO - DAG(s) dict_keys(['pipeline_ingestion_suivi']) retrieved from /opt/airflow/dags/dag_suivi.py
[2026-07-10T13:52:56.770+0000] {logging_mixin.py:151} INFO - [2026-07-10T13:52:56.769+0000] {dag.py:2941} INFO - Sync 1 DAGs
[2026-07-10T13:52:56.829+0000] {logging_mixin.py:151} INFO - [2026-07-10T13:52:56.828+0000] {dag.py:3722} INFO - Setting next_dagrun for pipeline_ingestion_suivi to 2026-07-10T13:00:00+00:00, run_after=2026-07-10T14:00:00+00:00
[2026-07-10T13:52:56.889+0000] {processor.py:179} INFO - Processing /opt/airflow/dags/dag_suivi.py took 0.305 seconds
[2026-07-10T13:53:27.170+0000] {processor.py:157} INFO - Started process (PID=9244) to work on /opt/airflow/dags/dag_suivi.py
[2026-07-10T13:53:27.173+0000] {processor.py:829} INFO - Processing file /opt/airflow/dags/dag_suivi.py for tasks to queue
[2026-07-10T13:53:27.177+0000] {logging_mixin.py:151} INFO - [2026-07-10T13:53:27.176+0000] {dagbag.py:536} INFO - Filling up the DagBag from /opt/airflow/dags/dag_suivi.py
[2026-07-10T13:53:27.263+0000] {processor.py:839} INFO - DAG(s) dict_keys(['pipeline_ingestion_suivi']) retrieved from /opt/airflow/dags/dag_suivi.py
[2026-07-10T13:53:27.354+0000] {logging_mixin.py:151} INFO - [2026-07-10T13:53:27.353+0000] {dag.py:2941} INFO - Sync 1 DAGs
[2026-07-10T13:53:27.425+0000] {logging_mixin.py:151} INFO - [2026-07-10T13:53:27.425+0000] {dag.py:3722} INFO - Setting next_dagrun for pipeline_ingestion_suivi to 2026-07-10T13:00:00+00:00, run_after=2026-07-10T14:00:00+00:00
[2026-07-10T13:53:27.506+0000] {processor.py:179} INFO - Processing /opt/airflow/dags/dag_suivi.py took 0.344 seconds
[2026-07-10T13:53:57.735+0000] {processor.py:157} INFO - Started process (PID=9249) to work on /opt/airflow/dags/dag_suivi.py
[2026-07-10T13:53:57.739+0000] {processor.py:829} INFO - Processing file /opt/airflow/dags/dag_suivi.py for tasks to queue
[2026-07-10T13:53:57.742+0000] {logging_mixin.py:151} INFO - [2026-07-10T13:53:57.741+0000] {dagbag.py:536} INFO - Filling up the DagBag from /opt/airflow/dags/dag_suivi.py
[2026-07-10T13:53:57.824+0000] {processor.py:839} INFO - DAG(s) dict_keys(['pipeline_ingestion_suivi']) retrieved from /opt/airflow/dags/dag_suivi.py
[2026-07-10T13:53:57.947+0000] {logging_mixin.py:151} INFO - [2026-07-10T13:53:57.947+0000] {dag.py:2941} INFO - Sync 1 DAGs
[2026-07-10T13:53:58.020+0000] {logging_mixin.py:151} INFO - [2026-07-10T13:53:58.020+0000] {dag.py:3722} INFO - Setting next_dagrun for pipeline_ingestion_suivi to 2026-07-10T13:00:00+00:00, run_after=2026-07-10T14:00:00+00:00
[2026-07-10T13:53:58.096+0000] {processor.py:179} INFO - Processing /opt/airflow/dags/dag_suivi.py took 0.372 seconds
[2026-07-10T13:54:28.369+0000] {processor.py:157} INFO - Started process (PID=9254) to work on /opt/airflow/dags/dag_suivi.py
[2026-07-10T13:54:28.371+0000] {processor.py:829} INFO - Processing file /opt/airflow/dags/dag_suivi.py for tasks to queue
[2026-07-10T13:54:28.374+0000] {logging_mixin.py:151} INFO - [2026-07-10T13:54:28.373+0000] {dagbag.py:536} INFO - Filling up the DagBag from /opt/airflow/dags/dag_suivi.py
[2026-07-10T13:54:28.455+0000] {processor.py:839} INFO - DAG(s) dict_keys(['pipeline_ingestion_suivi']) retrieved from /opt/airflow/dags/dag_suivi.py
[2026-07-10T13:54:28.546+0000] {logging_mixin.py:151} INFO - [2026-07-10T13:54:28.546+0000] {dag.py:2941} INFO - Sync 1 DAGs
[2026-07-10T13:54:28.605+0000] {logging_mixin.py:151} INFO - [2026-07-10T13:54:28.605+0000] {dag.py:3722} INFO - Setting next_dagrun for pipeline_ingestion_suivi to 2026-07-10T13:00:00+00:00, run_after=2026-07-10T14:00:00+00:00
[2026-07-10T13:54:28.662+0000] {processor.py:179} INFO - Processing /opt/airflow/dags/dag_suivi.py took 0.305 seconds
[2026-07-10T13:54:58.868+0000] {processor.py:157} INFO - Started process (PID=9259) to work on /opt/airflow/dags/dag_suivi.py
[2026-07-10T13:54:58.870+0000] {processor.py:829} INFO - Processing file /opt/airflow/dags/dag_suivi.py for tasks to queue
[2026-07-10T13:54:58.873+0000] {logging_mixin.py:151} INFO - [2026-07-10T13:54:58.872+0000] {dagbag.py:536} INFO - Filling up the DagBag from /opt/airflow/dags/dag_suivi.py
[2026-07-10T13:54:58.953+0000] {processor.py:839} INFO - DAG(s) dict_keys(['pipeline_ingestion_suivi']) retrieved from /opt/airflow/dags/dag_suivi.py
[2026-07-10T13:54:59.058+0000] {logging_mixin.py:151} INFO - [2026-07-10T13:54:59.058+0000] {dag.py:2941} INFO - Sync 1 DAGs
[2026-07-10T13:54:59.112+0000] {logging_mixin.py:151} INFO - [2026-07-10T13:54:59.112+0000] {dag.py:3722} INFO - Setting next_dagrun for pipeline_ingestion_suivi to 2026-07-10T13:00:00+00:00, run_after=2026-07-10T14:00:00+00:00
[2026-07-10T13:54:59.159+0000] {processor.py:179} INFO - Processing /opt/airflow/dags/dag_suivi.py took 0.299 seconds
[2026-07-10T13:55:29.476+0000] {processor.py:157} INFO - Started process (PID=9264) to work on /opt/airflow/dags/dag_suivi.py
[2026-07-10T13:55:29.479+0000] {processor.py:829} INFO - Processing file /opt/airflow/dags/dag_suivi.py for tasks to queue
[2026-07-10T13:55:29.482+0000] {logging_mixin.py:151} INFO - [2026-07-10T13:55:29.482+0000] {dagbag.py:536} INFO - Filling up the DagBag from /opt/airflow/dags/dag_suivi.py
[2026-07-10T13:55:29.573+0000] {processor.py:839} INFO - DAG(s) dict_keys(['pipeline_ingestion_suivi']) retrieved from /opt/airflow/dags/dag_suivi.py
[2026-07-10T13:55:29.647+0000] {logging_mixin.py:151} INFO - [2026-07-10T13:55:29.647+0000] {dag.py:2941} INFO - Sync 1 DAGs
[2026-07-10T13:55:29.715+0000] {logging_mixin.py:151} INFO - [2026-07-10T13:55:29.715+0000] {dag.py:3722} INFO - Setting next_dagrun for pipeline_ingestion_suivi to 2026-07-10T13:00:00+00:00, run_after=2026-07-10T14:00:00+00:00
[2026-07-10T13:55:29.774+0000] {processor.py:179} INFO - Processing /opt/airflow/dags/dag_suivi.py took 0.314 seconds
[2026-07-10T13:55:59.986+0000] {processor.py:157} INFO - Started process (PID=9269) to work on /opt/airflow/dags/dag_suivi.py
[2026-07-10T13:55:59.991+0000] {processor.py:829} INFO - Processing file /opt/airflow/dags/dag_suivi.py for tasks to queue
[2026-07-10T13:55:59.994+0000] {logging_mixin.py:151} INFO - [2026-07-10T13:55:59.993+0000] {dagbag.py:536} INFO - Filling up the DagBag from /opt/airflow/dags/dag_suivi.py
[2026-07-10T13:56:00.099+0000] {processor.py:839} INFO - DAG(s) dict_keys(['pipeline_ingestion_suivi']) retrieved from /opt/airflow/dags/dag_suivi.py
[2026-07-10T13:56:00.249+0000] {logging_mixin.py:151} INFO - [2026-07-10T13:56:00.248+0000] {dag.py:2941} INFO - Sync 1 DAGs
[2026-07-10T13:56:00.385+0000] {logging_mixin.py:151} INFO - [2026-07-10T13:56:00.384+0000] {dag.py:3722} INFO - Setting next_dagrun for pipeline_ingestion_suivi to 2026-07-10T13:00:00+00:00, run_after=2026-07-10T14:00:00+00:00
[2026-07-10T13:56:00.479+0000] {processor.py:179} INFO - Processing /opt/airflow/dags/dag_suivi.py took 0.504 seconds
[2026-07-10T13:56:30.678+0000] {processor.py:157} INFO - Started process (PID=9274) to work on /opt/airflow/dags/dag_suivi.py
[2026-07-10T13:56:30.681+0000] {processor.py:829} INFO - Processing file /opt/airflow/dags/dag_suivi.py for tasks to queue
[2026-07-10T13:56:30.688+0000] {logging_mixin.py:151} INFO - [2026-07-10T13:56:30.687+0000] {dagbag.py:536} INFO - Filling up the DagBag from /opt/airflow/dags/dag_suivi.py
[2026-07-10T13:56:30.810+0000] {processor.py:839} INFO - DAG(s) dict_keys(['pipeline_ingestion_suivi']) retrieved from /opt/airflow/dags/dag_suivi.py
[2026-07-10T13:56:30.902+0000] {logging_mixin.py:151} INFO - [2026-07-10T13:56:30.901+0000] {dag.py:2941} INFO - Sync 1 DAGs
[2026-07-10T13:56:31.075+0000] {logging_mixin.py:151} INFO - [2026-07-10T13:56:31.074+0000] {dag.py:3722} INFO - Setting next_dagrun for pipeline_ingestion_suivi to 2026-07-10T13:00:00+00:00, run_after=2026-07-10T14:00:00+00:00
[2026-07-10T13:56:31.210+0000] {processor.py:179} INFO - Processing /opt/airflow/dags/dag_suivi.py took 0.547 seconds
[2026-07-10T13:57:01.699+0000] {processor.py:157} INFO - Started process (PID=9279) to work on /opt/airflow/dags/dag_suivi.py
[2026-07-10T13:57:01.702+0000] {processor.py:829} INFO - Processing file /opt/airflow/dags/dag_suivi.py for tasks to queue
[2026-07-10T13:57:01.706+0000] {logging_mixin.py:151} INFO - [2026-07-10T13:57:01.705+0000] {dagbag.py:536} INFO - Filling up the DagBag from /opt/airflow/dags/dag_suivi.py
[2026-07-10T13:57:01.764+0000] {processor.py:839} INFO - DAG(s) dict_keys(['pipeline_ingestion_suivi']) retrieved from /opt/airflow/dags/dag_suivi.py
[2026-07-10T13:57:01.847+0000] {logging_mixin.py:151} INFO - [2026-07-10T13:57:01.847+0000] {dag.py:2941} INFO - Sync 1 DAGs
[2026-07-10T13:57:01.908+0000] {logging_mixin.py:151} INFO - [2026-07-10T13:57:01.908+0000] {dag.py:3722} INFO - Setting next_dagrun for pipeline_ingestion_suivi to 2026-07-10T13:00:00+00:00, run_after=2026-07-10T14:00:00+00:00
[2026-07-10T13:57:01.992+0000] {processor.py:179} INFO - Processing /opt/airflow/dags/dag_suivi.py took 0.306 seconds
[2026-07-10T13:57:32.496+0000] {processor.py:157} INFO - Started process (PID=9284) to work on /opt/airflow/dags/dag_suivi.py
[2026-07-10T13:57:32.499+0000] {processor.py:829} INFO - Processing file /opt/airflow/dags/dag_suivi.py for tasks to queue
[2026-07-10T13:57:32.502+0000] {logging_mixin.py:151} INFO - [2026-07-10T13:57:32.501+0000] {dagbag.py:536} INFO - Filling up the DagBag from /opt/airflow/dags/dag_suivi.py
[2026-07-10T13:57:32.605+0000] {processor.py:839} INFO - DAG(s) dict_keys(['pipeline_ingestion_suivi']) retrieved from /opt/airflow/dags/dag_suivi.py
[2026-07-10T13:57:32.698+0000] {logging_mixin.py:151} INFO - [2026-07-10T13:57:32.698+0000] {dag.py:2941} INFO - Sync 1 DAGs
[2026-07-10T13:57:32.822+0000] {logging_mixin.py:151} INFO - [2026-07-10T13:57:32.821+0000] {dag.py:3722} INFO - Setting next_dagrun for pipeline_ingestion_suivi to 2026-07-10T13:00:00+00:00, run_after=2026-07-10T14:00:00+00:00
[2026-07-10T13:57:32.878+0000] {processor.py:179} INFO - Processing /opt/airflow/dags/dag_suivi.py took 0.389 seconds
[2026-07-10T13:58:03.352+0000] {processor.py:157} INFO - Started process (PID=9289) to work on /opt/airflow/dags/dag_suivi.py
[2026-07-10T13:58:03.355+0000] {processor.py:829} INFO - Processing file /opt/airflow/dags/dag_suivi.py for tasks to queue
[2026-07-10T13:58:03.358+0000] {logging_mixin.py:151} INFO - [2026-07-10T13:58:03.357+0000] {dagbag.py:536} INFO - Filling up the DagBag from /opt/airflow/dags/dag_suivi.py
[2026-07-10T13:58:03.447+0000] {processor.py:839} INFO - DAG(s) dict_keys(['pipeline_ingestion_suivi']) retrieved from /opt/airflow/dags/dag_suivi.py
[2026-07-10T13:58:03.570+0000] {logging_mixin.py:151} INFO - [2026-07-10T13:58:03.569+0000] {dag.py:2941} INFO - Sync 1 DAGs
[2026-07-10T13:58:03.635+0000] {logging_mixin.py:151} INFO - [2026-07-10T13:58:03.634+0000] {dag.py:3722} INFO - Setting next_dagrun for pipeline_ingestion_suivi to 2026-07-10T13:00:00+00:00, run_after=2026-07-10T14:00:00+00:00
[2026-07-10T13:58:03.696+0000] {processor.py:179} INFO - Processing /opt/airflow/dags/dag_suivi.py took 0.357 seconds
[2026-07-10T13:58:33.835+0000] {processor.py:157} INFO - Started process (PID=9294) to work on /opt/airflow/dags/dag_suivi.py
[2026-07-10T13:58:33.837+0000] {processor.py:829} INFO - Processing file /opt/airflow/dags/dag_suivi.py for tasks to queue
[2026-07-10T13:58:33.841+0000] {logging_mixin.py:151} INFO - [2026-07-10T13:58:33.840+0000] {dagbag.py:536} INFO - Filling up the DagBag from /opt/airflow/dags/dag_suivi.py
[2026-07-10T13:58:33.909+0000] {processor.py:839} INFO - DAG(s) dict_keys(['pipeline_ingestion_suivi']) retrieved from /opt/airflow/dags/dag_suivi.py
[2026-07-10T13:58:33.991+0000] {logging_mixin.py:151} INFO - [2026-07-10T13:58:33.990+0000] {dag.py:2941} INFO - Sync 1 DAGs
[2026-07-10T13:58:34.047+0000] {logging_mixin.py:151} INFO - [2026-07-10T13:58:34.047+0000] {dag.py:3722} INFO - Setting next_dagrun for pipeline_ingestion_suivi to 2026-07-10T13:00:00+00:00, run_after=2026-07-10T14:00:00+00:00
[2026-07-10T13:58:34.099+0000] {processor.py:179} INFO - Processing /opt/airflow/dags/dag_suivi.py took 0.273 seconds
[2026-07-10T13:59:04.539+0000] {processor.py:157} INFO - Started process (PID=9299) to work on /opt/airflow/dags/dag_suivi.py
[2026-07-10T13:59:04.542+0000] {processor.py:829} INFO - Processing file /opt/airflow/dags/dag_suivi.py for tasks to queue
[2026-07-10T13:59:04.546+0000] {logging_mixin.py:151} INFO - [2026-07-10T13:59:04.545+0000] {dagbag.py:536} INFO - Filling up the DagBag from /opt/airflow/dags/dag_suivi.py
[2026-07-10T13:59:04.624+0000] {processor.py:839} INFO - DAG(s) dict_keys(['pipeline_ingestion_suivi']) retrieved from /opt/airflow/dags/dag_suivi.py
[2026-07-10T13:59:04.700+0000] {logging_mixin.py:151} INFO - [2026-07-10T13:59:04.699+0000] {dag.py:2941} INFO - Sync 1 DAGs
[2026-07-10T13:59:04.758+0000] {logging_mixin.py:151} INFO - [2026-07-10T13:59:04.758+0000] {dag.py:3722} INFO - Setting next_dagrun for pipeline_ingestion_suivi to 2026-07-10T13:00:00+00:00, run_after=2026-07-10T14:00:00+00:00
[2026-07-10T13:59:04.817+0000] {processor.py:179} INFO - Processing /opt/airflow/dags/dag_suivi.py took 0.286 seconds
[2026-07-10T13:59:35.281+0000] {processor.py:157} INFO - Started process (PID=9304) to work on /opt/airflow/dags/dag_suivi.py
[2026-07-10T13:59:35.284+0000] {processor.py:829} INFO - Processing file /opt/airflow/dags/dag_suivi.py for tasks to queue
[2026-07-10T13:59:35.288+0000] {logging_mixin.py:151} INFO - [2026-07-10T13:59:35.287+0000] {dagbag.py:536} INFO - Filling up the DagBag from /opt/airflow/dags/dag_suivi.py
[2026-07-10T13:59:35.382+0000] {processor.py:839} INFO - DAG(s) dict_keys(['pipeline_ingestion_suivi']) retrieved from /opt/airflow/dags/dag_suivi.py
[2026-07-10T13:59:35.497+0000] {logging_mixin.py:151} INFO - [2026-07-10T13:59:35.496+0000] {dag.py:2941} INFO - Sync 1 DAGs
[2026-07-10T13:59:35.604+0000] {logging_mixin.py:151} INFO - [2026-07-10T13:59:35.603+0000] {dag.py:3722} INFO - Setting next_dagrun for pipeline_ingestion_suivi to 2026-07-10T13:00:00+00:00, run_after=2026-07-10T14:00:00+00:00
[2026-07-10T13:59:35.680+0000] {processor.py:179} INFO - Processing /opt/airflow/dags/dag_suivi.py took 0.410 seconds
[2026-07-10T14:00:06.181+0000] {processor.py:157} INFO - Started process (PID=9311) to work on /opt/airflow/dags/dag_suivi.py
[2026-07-10T14:00:06.186+0000] {processor.py:829} INFO - Processing file /opt/airflow/dags/dag_suivi.py for tasks to queue
[2026-07-10T14:00:06.191+0000] {logging_mixin.py:151} INFO - [2026-07-10T14:00:06.189+0000] {dagbag.py:536} INFO - Filling up the DagBag from /opt/airflow/dags/dag_suivi.py
[2026-07-10T14:00:06.288+0000] {processor.py:839} INFO - DAG(s) dict_keys(['pipeline_ingestion_suivi']) retrieved from /opt/airflow/dags/dag_suivi.py
[2026-07-10T14:00:06.411+0000] {logging_mixin.py:151} INFO - [2026-07-10T14:00:06.410+0000] {dag.py:2941} INFO - Sync 1 DAGs
[2026-07-10T14:00:06.547+0000] {logging_mixin.py:151} INFO - [2026-07-10T14:00:06.546+0000] {dag.py:3722} INFO - Setting next_dagrun for pipeline_ingestion_suivi to 2026-07-10T14:00:00+00:00, run_after=2026-07-10T15:00:00+00:00
[2026-07-10T14:00:06.644+0000] {processor.py:179} INFO - Processing /opt/airflow/dags/dag_suivi.py took 0.485 seconds
[2026-07-10T14:00:37.107+0000] {processor.py:157} INFO - Started process (PID=9316) to work on /opt/airflow/dags/dag_suivi.py
[2026-07-10T14:00:37.110+0000] {processor.py:829} INFO - Processing file /opt/airflow/dags/dag_suivi.py for tasks to queue
[2026-07-10T14:00:37.112+0000] {logging_mixin.py:151} INFO - [2026-07-10T14:00:37.112+0000] {dagbag.py:536} INFO - Filling up the DagBag from /opt/airflow/dags/dag_suivi.py
[2026-07-10T14:00:37.204+0000] {processor.py:839} INFO - DAG(s) dict_keys(['pipeline_ingestion_suivi']) retrieved from /opt/airflow/dags/dag_suivi.py
[2026-07-10T14:00:37.287+0000] {logging_mixin.py:151} INFO - [2026-07-10T14:00:37.286+0000] {dag.py:2941} INFO - Sync 1 DAGs
[2026-07-10T14:00:37.356+0000] {logging_mixin.py:151} INFO - [2026-07-10T14:00:37.355+0000] {dag.py:3722} INFO - Setting next_dagrun for pipeline_ingestion_suivi to 2026-07-10T14:00:00+00:00, run_after=2026-07-10T15:00:00+00:00
[2026-07-10T14:00:37.418+0000] {processor.py:179} INFO - Processing /opt/airflow/dags/dag_suivi.py took 0.322 seconds
[2026-07-10T14:01:07.798+0000] {processor.py:157} INFO - Started process (PID=9321) to work on /opt/airflow/dags/dag_suivi.py
[2026-07-10T14:01:07.802+0000] {processor.py:829} INFO - Processing file /opt/airflow/dags/dag_suivi.py for tasks to queue
[2026-07-10T14:01:07.807+0000] {logging_mixin.py:151} INFO - [2026-07-10T14:01:07.806+0000] {dagbag.py:536} INFO - Filling up the DagBag from /opt/airflow/dags/dag_suivi.py
[2026-07-10T14:01:08.136+0000] {processor.py:839} INFO - DAG(s) dict_keys(['pipeline_ingestion_suivi']) retrieved from /opt/airflow/dags/dag_suivi.py
[2026-07-10T14:01:08.335+0000] {logging_mixin.py:151} INFO - [2026-07-10T14:01:08.334+0000] {dag.py:2941} INFO - Sync 1 DAGs
[2026-07-10T14:01:08.440+0000] {logging_mixin.py:151} INFO - [2026-07-10T14:01:08.440+0000] {dag.py:3722} INFO - Setting next_dagrun for pipeline_ingestion_suivi to 2026-07-10T14:00:00+00:00, run_after=2026-07-10T15:00:00+00:00
[2026-07-10T14:01:08.518+0000] {processor.py:179} INFO - Processing /opt/airflow/dags/dag_suivi.py took 0.752 seconds
[2026-07-10T14:01:39.029+0000] {processor.py:157} INFO - Started process (PID=9326) to work on /opt/airflow/dags/dag_suivi.py
[2026-07-10T14:01:39.031+0000] {processor.py:829} INFO - Processing file /opt/airflow/dags/dag_suivi.py for tasks to queue
[2026-07-10T14:01:39.035+0000] {logging_mixin.py:151} INFO - [2026-07-10T14:01:39.034+0000] {dagbag.py:536} INFO - Filling up the DagBag from /opt/airflow/dags/dag_suivi.py
[2026-07-10T14:01:39.104+0000] {processor.py:839} INFO - DAG(s) dict_keys(['pipeline_ingestion_suivi']) retrieved from /opt/airflow/dags/dag_suivi.py
[2026-07-10T14:01:39.206+0000] {logging_mixin.py:151} INFO - [2026-07-10T14:01:39.206+0000] {dag.py:2941} INFO - Sync 1 DAGs
[2026-07-10T14:01:39.266+0000] {logging_mixin.py:151} INFO - [2026-07-10T14:01:39.265+0000] {dag.py:3722} INFO - Setting next_dagrun for pipeline_ingestion_suivi to 2026-07-10T14:00:00+00:00, run_after=2026-07-10T15:00:00+00:00
[2026-07-10T14:01:39.321+0000] {processor.py:179} INFO - Processing /opt/airflow/dags/dag_suivi.py took 0.304 seconds
[2026-07-10T14:02:09.721+0000] {processor.py:157} INFO - Started process (PID=9331) to work on /opt/airflow/dags/dag_suivi.py
[2026-07-10T14:02:09.723+0000] {processor.py:829} INFO - Processing file /opt/airflow/dags/dag_suivi.py for tasks to queue
[2026-07-10T14:02:09.726+0000] {logging_mixin.py:151} INFO - [2026-07-10T14:02:09.725+0000] {dagbag.py:536} INFO - Filling up the DagBag from /opt/airflow/dags/dag_suivi.py
[2026-07-10T14:02:09.813+0000] {processor.py:839} INFO - DAG(s) dict_keys(['pipeline_ingestion_suivi']) retrieved from /opt/airflow/dags/dag_suivi.py
[2026-07-10T14:02:09.902+0000] {logging_mixin.py:151} INFO - [2026-07-10T14:02:09.902+0000] {dag.py:2941} INFO - Sync 1 DAGs
[2026-07-10T14:02:09.966+0000] {logging_mixin.py:151} INFO - [2026-07-10T14:02:09.965+0000] {dag.py:3722} INFO - Setting next_dagrun for pipeline_ingestion_suivi to 2026-07-10T14:00:00+00:00, run_after=2026-07-10T15:00:00+00:00
[2026-07-10T14:02:10.037+0000] {processor.py:179} INFO - Processing /opt/airflow/dags/dag_suivi.py took 0.324 seconds
[2026-07-10T14:02:40.619+0000] {processor.py:157} INFO - Started process (PID=9336) to work on /opt/airflow/dags/dag_suivi.py
[2026-07-10T14:02:40.622+0000] {processor.py:829} INFO - Processing file /opt/airflow/dags/dag_suivi.py for tasks to queue
[2026-07-10T14:02:40.627+0000] {logging_mixin.py:151} INFO - [2026-07-10T14:02:40.626+0000] {dagbag.py:536} INFO - Filling up the DagBag from /opt/airflow/dags/dag_suivi.py
[2026-07-10T14:02:40.750+0000] {processor.py:839} INFO - DAG(s) dict_keys(['pipeline_ingestion_suivi']) retrieved from /opt/airflow/dags/dag_suivi.py
[2026-07-10T14:02:40.906+0000] {logging_mixin.py:151} INFO - [2026-07-10T14:02:40.905+0000] {dag.py:2941} INFO - Sync 1 DAGs
[2026-07-10T14:02:41.033+0000] {logging_mixin.py:151} INFO - [2026-07-10T14:02:41.033+0000] {dag.py:3722} INFO - Setting next_dagrun for pipeline_ingestion_suivi to 2026-07-10T14:00:00+00:00, run_after=2026-07-10T15:00:00+00:00
[2026-07-10T14:02:41.174+0000] {processor.py:179} INFO - Processing /opt/airflow/dags/dag_suivi.py took 0.572 seconds
[2026-07-10T14:03:11.598+0000] {processor.py:157} INFO - Started process (PID=9341) to work on /opt/airflow/dags/dag_suivi.py
[2026-07-10T14:03:11.600+0000] {processor.py:829} INFO - Processing file /opt/airflow/dags/dag_suivi.py for tasks to queue
[2026-07-10T14:03:11.603+0000] {logging_mixin.py:151} INFO - [2026-07-10T14:03:11.602+0000] {dagbag.py:536} INFO - Filling up the DagBag from /opt/airflow/dags/dag_suivi.py
[2026-07-10T14:03:11.685+0000] {processor.py:839} INFO - DAG(s) dict_keys(['pipeline_ingestion_suivi']) retrieved from /opt/airflow/dags/dag_suivi.py
[2026-07-10T14:03:11.777+0000] {logging_mixin.py:151} INFO - [2026-07-10T14:03:11.776+0000] {dag.py:2941} INFO - Sync 1 DAGs
[2026-07-10T14:03:11.862+0000] {logging_mixin.py:151} INFO - [2026-07-10T14:03:11.861+0000] {dag.py:3722} INFO - Setting next_dagrun for pipeline_ingestion_suivi to 2026-07-10T14:00:00+00:00, run_after=2026-07-10T15:00:00+00:00
[2026-07-10T14:03:11.944+0000] {processor.py:179} INFO - Processing /opt/airflow/dags/dag_suivi.py took 0.356 seconds
[2026-07-10T14:03:42.179+0000] {processor.py:157} INFO - Started process (PID=9346) to work on /opt/airflow/dags/dag_suivi.py
[2026-07-10T14:03:42.185+0000] {processor.py:829} INFO - Processing file /opt/airflow/dags/dag_suivi.py for tasks to queue
[2026-07-10T14:03:42.190+0000] {logging_mixin.py:151} INFO - [2026-07-10T14:03:42.189+0000] {dagbag.py:536} INFO - Filling up the DagBag from /opt/airflow/dags/dag_suivi.py
[2026-07-10T14:03:42.270+0000] {processor.py:839} INFO - DAG(s) dict_keys(['pipeline_ingestion_suivi']) retrieved from /opt/airflow/dags/dag_suivi.py
[2026-07-10T14:03:42.374+0000] {logging_mixin.py:151} INFO - [2026-07-10T14:03:42.373+0000] {dag.py:2941} INFO - Sync 1 DAGs
[2026-07-10T14:03:42.464+0000] {logging_mixin.py:151} INFO - [2026-07-10T14:03:42.464+0000] {dag.py:3722} INFO - Setting next_dagrun for pipeline_ingestion_suivi to 2026-07-10T14:00:00+00:00, run_after=2026-07-10T15:00:00+00:00
[2026-07-10T14:03:42.549+0000] {processor.py:179} INFO - Processing /opt/airflow/dags/dag_suivi.py took 0.389 seconds
[2026-07-10T14:04:12.797+0000] {processor.py:157} INFO - Started process (PID=9351) to work on /opt/airflow/dags/dag_suivi.py
[2026-07-10T14:04:12.800+0000] {processor.py:829} INFO - Processing file /opt/airflow/dags/dag_suivi.py for tasks to queue
[2026-07-10T14:04:12.802+0000] {logging_mixin.py:151} INFO - [2026-07-10T14:04:12.802+0000] {dagbag.py:536} INFO - Filling up the DagBag from /opt/airflow/dags/dag_suivi.py
[2026-07-10T14:04:12.873+0000] {processor.py:839} INFO - DAG(s) dict_keys(['pipeline_ingestion_suivi']) retrieved from /opt/airflow/dags/dag_suivi.py
[2026-07-10T14:04:12.950+0000] {logging_mixin.py:151} INFO - [2026-07-10T14:04:12.950+0000] {dag.py:2941} INFO - Sync 1 DAGs
[2026-07-10T14:04:13.038+0000] {logging_mixin.py:151} INFO - [2026-07-10T14:04:13.038+0000] {dag.py:3722} INFO - Setting next_dagrun for pipeline_ingestion_suivi to 2026-07-10T14:00:00+00:00, run_after=2026-07-10T15:00:00+00:00
[2026-07-10T14:04:13.117+0000] {processor.py:179} INFO - Processing /opt/airflow/dags/dag_suivi.py took 0.331 seconds
[2026-07-10T14:04:43.354+0000] {processor.py:157} INFO - Started process (PID=9356) to work on /opt/airflow/dags/dag_suivi.py
[2026-07-10T14:04:43.356+0000] {processor.py:829} INFO - Processing file /opt/airflow/dags/dag_suivi.py for tasks to queue
[2026-07-10T14:04:43.359+0000] {logging_mixin.py:151} INFO - [2026-07-10T14:04:43.358+0000] {dagbag.py:536} INFO - Filling up the DagBag from /opt/airflow/dags/dag_suivi.py
[2026-07-10T14:04:43.427+0000] {processor.py:839} INFO - DAG(s) dict_keys(['pipeline_ingestion_suivi']) retrieved from /opt/airflow/dags/dag_suivi.py
[2026-07-10T14:04:43.507+0000] {logging_mixin.py:151} INFO - [2026-07-10T14:04:43.507+0000] {dag.py:2941} INFO - Sync 1 DAGs
[2026-07-10T14:04:43.567+0000] {logging_mixin.py:151} INFO - [2026-07-10T14:04:43.567+0000] {dag.py:3722} INFO - Setting next_dagrun for pipeline_ingestion_suivi to 2026-07-10T14:00:00+00:00, run_after=2026-07-10T15:00:00+00:00
[2026-07-10T14:04:43.639+0000] {processor.py:179} INFO - Processing /opt/airflow/dags/dag_suivi.py took 0.293 seconds
[2026-07-10T14:05:13.940+0000] {processor.py:157} INFO - Started process (PID=9361) to work on /opt/airflow/dags/dag_suivi.py
[2026-07-10T14:05:13.943+0000] {processor.py:829} INFO - Processing file /opt/airflow/dags/dag_suivi.py for tasks to queue
[2026-07-10T14:05:13.946+0000] {logging_mixin.py:151} INFO - [2026-07-10T14:05:13.945+0000] {dagbag.py:536} INFO - Filling up the DagBag from /opt/airflow/dags/dag_suivi.py
[2026-07-10T14:05:14.036+0000] {processor.py:839} INFO - DAG(s) dict_keys(['pipeline_ingestion_suivi']) retrieved from /opt/airflow/dags/dag_suivi.py
[2026-07-10T14:05:14.156+0000] {logging_mixin.py:151} INFO - [2026-07-10T14:05:14.156+0000] {dag.py:2941} INFO - Sync 1 DAGs
[2026-07-10T14:05:14.251+0000] {logging_mixin.py:151} INFO - [2026-07-10T14:05:14.250+0000] {dag.py:3722} INFO - Setting next_dagrun for pipeline_ingestion_suivi to 2026-07-10T14:00:00+00:00, run_after=2026-07-10T15:00:00+00:00
[2026-07-10T14:05:14.305+0000] {processor.py:179} INFO - Processing /opt/airflow/dags/dag_suivi.py took 0.376 seconds
[2026-07-10T14:05:44.793+0000] {processor.py:157} INFO - Started process (PID=9366) to work on /opt/airflow/dags/dag_suivi.py
[2026-07-10T14:05:44.795+0000] {processor.py:829} INFO - Processing file /opt/airflow/dags/dag_suivi.py for tasks to queue
[2026-07-10T14:05:44.798+0000] {logging_mixin.py:151} INFO - [2026-07-10T14:05:44.797+0000] {dagbag.py:536} INFO - Filling up the DagBag from /opt/airflow/dags/dag_suivi.py
[2026-07-10T14:05:44.865+0000] {processor.py:839} INFO - DAG(s) dict_keys(['pipeline_ingestion_suivi']) retrieved from /opt/airflow/dags/dag_suivi.py
[2026-07-10T14:05:44.948+0000] {logging_mixin.py:151} INFO - [2026-07-10T14:05:44.948+0000] {dag.py:2941} INFO - Sync 1 DAGs
[2026-07-10T14:05:45.010+0000] {logging_mixin.py:151} INFO - [2026-07-10T14:05:45.010+0000] {dag.py:3722} INFO - Setting next_dagrun for pipeline_ingestion_suivi to 2026-07-10T14:00:00+00:00, run_after=2026-07-10T15:00:00+00:00
[2026-07-10T14:05:45.079+0000] {processor.py:179} INFO - Processing /opt/airflow/dags/dag_suivi.py took 0.302 seconds
[2026-07-10T14:06:15.548+0000] {processor.py:157} INFO - Started process (PID=9371) to work on /opt/airflow/dags/dag_suivi.py
[2026-07-10T14:06:15.550+0000] {processor.py:829} INFO - Processing file /opt/airflow/dags/dag_suivi.py for tasks to queue
[2026-07-10T14:06:15.554+0000] {logging_mixin.py:151} INFO - [2026-07-10T14:06:15.553+0000] {dagbag.py:536} INFO - Filling up the DagBag from /opt/airflow/dags/dag_suivi.py
[2026-07-10T14:06:15.621+0000] {processor.py:839} INFO - DAG(s) dict_keys(['pipeline_ingestion_suivi']) retrieved from /opt/airflow/dags/dag_suivi.py
[2026-07-10T14:06:15.709+0000] {logging_mixin.py:151} INFO - [2026-07-10T14:06:15.708+0000] {dag.py:2941} INFO - Sync 1 DAGs
[2026-07-10T14:06:15.767+0000] {logging_mixin.py:151} INFO - [2026-07-10T14:06:15.767+0000] {dag.py:3722} INFO - Setting next_dagrun for pipeline_ingestion_suivi to 2026-07-10T14:00:00+00:00, run_after=2026-07-10T15:00:00+00:00
[2026-07-10T14:06:15.841+0000] {processor.py:179} INFO - Processing /opt/airflow/dags/dag_suivi.py took 0.302 seconds
[2026-07-10T14:06:46.074+0000] {processor.py:157} INFO - Started process (PID=9376) to work on /opt/airflow/dags/dag_suivi.py
[2026-07-10T14:06:46.081+0000] {processor.py:829} INFO - Processing file /opt/airflow/dags/dag_suivi.py for tasks to queue
[2026-07-10T14:06:46.084+0000] {logging_mixin.py:151} INFO - [2026-07-10T14:06:46.084+0000] {dagbag.py:536} INFO - Filling up the DagBag from /opt/airflow/dags/dag_suivi.py
[2026-07-10T14:06:46.176+0000] {processor.py:839} INFO - DAG(s) dict_keys(['pipeline_ingestion_suivi']) retrieved from /opt/airflow/dags/dag_suivi.py
[2026-07-10T14:06:46.342+0000] {logging_mixin.py:151} INFO - [2026-07-10T14:06:46.341+0000] {dag.py:2941} INFO - Sync 1 DAGs
[2026-07-10T14:06:46.461+0000] {logging_mixin.py:151} INFO - [2026-07-10T14:06:46.461+0000] {dag.py:3722} INFO - Setting next_dagrun for pipeline_ingestion_suivi to 2026-07-10T14:00:00+00:00, run_after=2026-07-10T15:00:00+00:00
[2026-07-10T14:06:46.563+0000] {processor.py:179} INFO - Processing /opt/airflow/dags/dag_suivi.py took 0.509 seconds
[2026-07-10T14:07:16.839+0000] {processor.py:157} INFO - Started process (PID=9381) to work on /opt/airflow/dags/dag_suivi.py
[2026-07-10T14:07:16.842+0000] {processor.py:829} INFO - Processing file /opt/airflow/dags/dag_suivi.py for tasks to queue
[2026-07-10T14:07:16.845+0000] {logging_mixin.py:151} INFO - [2026-07-10T14:07:16.844+0000] {dagbag.py:536} INFO - Filling up the DagBag from /opt/airflow/dags/dag_suivi.py
[2026-07-10T14:07:17.007+0000] {processor.py:839} INFO - DAG(s) dict_keys(['pipeline_ingestion_suivi']) retrieved from /opt/airflow/dags/dag_suivi.py
[2026-07-10T14:07:17.113+0000] {logging_mixin.py:151} INFO - [2026-07-10T14:07:17.112+0000] {dag.py:2941} INFO - Sync 1 DAGs
[2026-07-10T14:07:17.214+0000] {logging_mixin.py:151} INFO - [2026-07-10T14:07:17.213+0000] {dag.py:3722} INFO - Setting next_dagrun for pipeline_ingestion_suivi to 2026-07-10T14:00:00+00:00, run_after=2026-07-10T15:00:00+00:00
[2026-07-10T14:07:17.308+0000] {processor.py:179} INFO - Processing /opt/airflow/dags/dag_suivi.py took 0.481 seconds
[2026-07-10T14:07:47.507+0000] {processor.py:157} INFO - Started process (PID=9386) to work on /opt/airflow/dags/dag_suivi.py
[2026-07-10T14:07:47.515+0000] {processor.py:829} INFO - Processing file /opt/airflow/dags/dag_suivi.py for tasks to queue
[2026-07-10T14:07:47.520+0000] {logging_mixin.py:151} INFO - [2026-07-10T14:07:47.519+0000] {dagbag.py:536} INFO - Filling up the DagBag from /opt/airflow/dags/dag_suivi.py
[2026-07-10T14:07:47.611+0000] {processor.py:839} INFO - DAG(s) dict_keys(['pipeline_ingestion_suivi']) retrieved from /opt/airflow/dags/dag_suivi.py
[2026-07-10T14:07:47.716+0000] {logging_mixin.py:151} INFO - [2026-07-10T14:07:47.715+0000] {dag.py:2941} INFO - Sync 1 DAGs
[2026-07-10T14:07:47.789+0000] {logging_mixin.py:151} INFO - [2026-07-10T14:07:47.789+0000] {dag.py:3722} INFO - Setting next_dagrun for pipeline_ingestion_suivi to 2026-07-10T14:00:00+00:00, run_after=2026-07-10T15:00:00+00:00
[2026-07-10T14:07:47.863+0000] {processor.py:179} INFO - Processing /opt/airflow/dags/dag_suivi.py took 0.369 seconds
[2026-07-10T14:08:18.181+0000] {processor.py:157} INFO - Started process (PID=9391) to work on /opt/airflow/dags/dag_suivi.py
[2026-07-10T14:08:18.184+0000] {processor.py:829} INFO - Processing file /opt/airflow/dags/dag_suivi.py for tasks to queue
[2026-07-10T14:08:18.188+0000] {logging_mixin.py:151} INFO - [2026-07-10T14:08:18.187+0000] {dagbag.py:536} INFO - Filling up the DagBag from /opt/airflow/dags/dag_suivi.py
[2026-07-10T14:08:18.278+0000] {processor.py:839} INFO - DAG(s) dict_keys(['pipeline_ingestion_suivi']) retrieved from /opt/airflow/dags/dag_suivi.py
[2026-07-10T14:08:18.441+0000] {logging_mixin.py:151} INFO - [2026-07-10T14:08:18.439+0000] {dag.py:2941} INFO - Sync 1 DAGs
[2026-07-10T14:08:18.627+0000] {logging_mixin.py:151} INFO - [2026-07-10T14:08:18.626+0000] {dag.py:3722} INFO - Setting next_dagrun for pipeline_ingestion_suivi to 2026-07-10T14:00:00+00:00, run_after=2026-07-10T15:00:00+00:00
[2026-07-10T14:08:18.754+0000] {processor.py:179} INFO - Processing /opt/airflow/dags/dag_suivi.py took 0.583 seconds
[2026-07-10T14:08:49.395+0000] {processor.py:157} INFO - Started process (PID=9396) to work on /opt/airflow/dags/dag_suivi.py
[2026-07-10T14:08:49.402+0000] {processor.py:829} INFO - Processing file /opt/airflow/dags/dag_suivi.py for tasks to queue
[2026-07-10T14:08:49.413+0000] {logging_mixin.py:151} INFO - [2026-07-10T14:08:49.411+0000] {dagbag.py:536} INFO - Filling up the DagBag from /opt/airflow/dags/dag_suivi.py
[2026-07-10T14:08:49.512+0000] {processor.py:839} INFO - DAG(s) dict_keys(['pipeline_ingestion_suivi']) retrieved from /opt/airflow/dags/dag_suivi.py
[2026-07-10T14:08:49.637+0000] {logging_mixin.py:151} INFO - [2026-07-10T14:08:49.635+0000] {dag.py:2941} INFO - Sync 1 DAGs
[2026-07-10T14:08:49.716+0000] {logging_mixin.py:151} INFO - [2026-07-10T14:08:49.715+0000] {dag.py:3722} INFO - Setting next_dagrun for pipeline_ingestion_suivi to 2026-07-10T14:00:00+00:00, run_after=2026-07-10T15:00:00+00:00
[2026-07-10T14:08:49.781+0000] {processor.py:179} INFO - Processing /opt/airflow/dags/dag_suivi.py took 0.399 seconds
[2026-07-10T14:09:20.203+0000] {processor.py:157} INFO - Started process (PID=9401) to work on /opt/airflow/dags/dag_suivi.py
[2026-07-10T14:09:20.205+0000] {processor.py:829} INFO - Processing file /opt/airflow/dags/dag_suivi.py for tasks to queue
[2026-07-10T14:09:20.208+0000] {logging_mixin.py:151} INFO - [2026-07-10T14:09:20.207+0000] {dagbag.py:536} INFO - Filling up the DagBag from /opt/airflow/dags/dag_suivi.py
[2026-07-10T14:09:20.292+0000] {processor.py:839} INFO - DAG(s) dict_keys(['pipeline_ingestion_suivi']) retrieved from /opt/airflow/dags/dag_suivi.py
[2026-07-10T14:09:20.368+0000] {logging_mixin.py:151} INFO - [2026-07-10T14:09:20.368+0000] {dag.py:2941} INFO - Sync 1 DAGs
[2026-07-10T14:09:20.426+0000] {logging_mixin.py:151} INFO - [2026-07-10T14:09:20.425+0000] {dag.py:3722} INFO - Setting next_dagrun for pipeline_ingestion_suivi to 2026-07-10T14:00:00+00:00, run_after=2026-07-10T15:00:00+00:00
[2026-07-10T14:09:20.478+0000] {processor.py:179} INFO - Processing /opt/airflow/dags/dag_suivi.py took 0.284 seconds
[2026-07-10T14:09:50.671+0000] {processor.py:157} INFO - Started process (PID=9406) to work on /opt/airflow/dags/dag_suivi.py
[2026-07-10T14:09:50.674+0000] {processor.py:829} INFO - Processing file /opt/airflow/dags/dag_suivi.py for tasks to queue
[2026-07-10T14:09:50.678+0000] {logging_mixin.py:151} INFO - [2026-07-10T14:09:50.677+0000] {dagbag.py:536} INFO - Filling up the DagBag from /opt/airflow/dags/dag_suivi.py
[2026-07-10T14:09:50.759+0000] {processor.py:839} INFO - DAG(s) dict_keys(['pipeline_ingestion_suivi']) retrieved from /opt/airflow/dags/dag_suivi.py
[2026-07-10T14:09:50.937+0000] {logging_mixin.py:151} INFO - [2026-07-10T14:09:50.936+0000] {dag.py:2941} INFO - Sync 1 DAGs
[2026-07-10T14:09:51.066+0000] {logging_mixin.py:151} INFO - [2026-07-10T14:09:51.065+0000] {dag.py:3722} INFO - Setting next_dagrun for pipeline_ingestion_suivi to 2026-07-10T14:00:00+00:00, run_after=2026-07-10T15:00:00+00:00
[2026-07-10T14:09:51.164+0000] {processor.py:179} INFO - Processing /opt/airflow/dags/dag_suivi.py took 0.505 seconds
[2026-07-10T14:10:21.661+0000] {processor.py:157} INFO - Started process (PID=9411) to work on /opt/airflow/dags/dag_suivi.py
[2026-07-10T14:10:21.663+0000] {processor.py:829} INFO - Processing file /opt/airflow/dags/dag_suivi.py for tasks to queue
[2026-07-10T14:10:21.666+0000] {logging_mixin.py:151} INFO - [2026-07-10T14:10:21.665+0000] {dagbag.py:536} INFO - Filling up the DagBag from /opt/airflow/dags/dag_suivi.py
[2026-07-10T14:10:21.736+0000] {processor.py:839} INFO - DAG(s) dict_keys(['pipeline_ingestion_suivi']) retrieved from /opt/airflow/dags/dag_suivi.py
[2026-07-10T14:10:21.833+0000] {logging_mixin.py:151} INFO - [2026-07-10T14:10:21.832+0000] {dag.py:2941} INFO - Sync 1 DAGs
[2026-07-10T14:10:21.898+0000] {logging_mixin.py:151} INFO - [2026-07-10T14:10:21.897+0000] {dag.py:3722} INFO - Setting next_dagrun for pipeline_ingestion_suivi to 2026-07-10T14:00:00+00:00, run_after=2026-07-10T15:00:00+00:00
[2026-07-10T14:10:21.967+0000] {processor.py:179} INFO - Processing /opt/airflow/dags/dag_suivi.py took 0.321 seconds
[2026-07-10T14:10:52.474+0000] {processor.py:157} INFO - Started process (PID=9416) to work on /opt/airflow/dags/dag_suivi.py
[2026-07-10T14:10:52.477+0000] {processor.py:829} INFO - Processing file /opt/airflow/dags/dag_suivi.py for tasks to queue
[2026-07-10T14:10:52.481+0000] {logging_mixin.py:151} INFO - [2026-07-10T14:10:52.480+0000] {dagbag.py:536} INFO - Filling up the DagBag from /opt/airflow/dags/dag_suivi.py
[2026-07-10T14:10:52.557+0000] {processor.py:839} INFO - DAG(s) dict_keys(['pipeline_ingestion_suivi']) retrieved from /opt/airflow/dags/dag_suivi.py
[2026-07-10T14:10:52.675+0000] {logging_mixin.py:151} INFO - [2026-07-10T14:10:52.674+0000] {dag.py:2941} INFO - Sync 1 DAGs
[2026-07-10T14:10:52.782+0000] {logging_mixin.py:151} INFO - [2026-07-10T14:10:52.781+0000] {dag.py:3722} INFO - Setting next_dagrun for pipeline_ingestion_suivi to 2026-07-10T14:00:00+00:00, run_after=2026-07-10T15:00:00+00:00
[2026-07-10T14:10:52.861+0000] {processor.py:179} INFO - Processing /opt/airflow/dags/dag_suivi.py took 0.399 seconds
[2026-07-10T14:11:23.379+0000] {processor.py:157} INFO - Started process (PID=9421) to work on /opt/airflow/dags/dag_suivi.py
[2026-07-10T14:11:23.381+0000] {processor.py:829} INFO - Processing file /opt/airflow/dags/dag_suivi.py for tasks to queue
[2026-07-10T14:11:23.383+0000] {logging_mixin.py:151} INFO - [2026-07-10T14:11:23.383+0000] {dagbag.py:536} INFO - Filling up the DagBag from /opt/airflow/dags/dag_suivi.py
[2026-07-10T14:11:23.497+0000] {processor.py:839} INFO - DAG(s) dict_keys(['pipeline_ingestion_suivi']) retrieved from /opt/airflow/dags/dag_suivi.py
[2026-07-10T14:11:23.578+0000] {logging_mixin.py:151} INFO - [2026-07-10T14:11:23.578+0000] {dag.py:2941} INFO - Sync 1 DAGs
[2026-07-10T14:11:23.653+0000] {logging_mixin.py:151} INFO - [2026-07-10T14:11:23.653+0000] {dag.py:3722} INFO - Setting next_dagrun for pipeline_ingestion_suivi to 2026-07-10T14:00:00+00:00, run_after=2026-07-10T15:00:00+00:00
[2026-07-10T14:11:23.735+0000] {processor.py:179} INFO - Processing /opt/airflow/dags/dag_suivi.py took 0.365 seconds
[2026-07-10T14:11:54.184+0000] {processor.py:157} INFO - Started process (PID=9426) to work on /opt/airflow/dags/dag_suivi.py
[2026-07-10T14:11:54.187+0000] {processor.py:829} INFO - Processing file /opt/airflow/dags/dag_suivi.py for tasks to queue
[2026-07-10T14:11:54.190+0000] {logging_mixin.py:151} INFO - [2026-07-10T14:11:54.189+0000] {dagbag.py:536} INFO - Filling up the DagBag from /opt/airflow/dags/dag_suivi.py
[2026-07-10T14:11:54.261+0000] {processor.py:839} INFO - DAG(s) dict_keys(['pipeline_ingestion_suivi']) retrieved from /opt/airflow/dags/dag_suivi.py
[2026-07-10T14:11:54.361+0000] {logging_mixin.py:151} INFO - [2026-07-10T14:11:54.360+0000] {dag.py:2941} INFO - Sync 1 DAGs
[2026-07-10T14:11:54.441+0000] {logging_mixin.py:151} INFO - [2026-07-10T14:11:54.440+0000] {dag.py:3722} INFO - Setting next_dagrun for pipeline_ingestion_suivi to 2026-07-10T14:00:00+00:00, run_after=2026-07-10T15:00:00+00:00
[2026-07-10T14:11:54.516+0000] {processor.py:179} INFO - Processing /opt/airflow/dags/dag_suivi.py took 0.344 seconds
[2026-07-10T14:12:24.979+0000] {processor.py:157} INFO - Started process (PID=9431) to work on /opt/airflow/dags/dag_suivi.py
[2026-07-10T14:12:24.982+0000] {processor.py:829} INFO - Processing file /opt/airflow/dags/dag_suivi.py for tasks to queue
[2026-07-10T14:12:24.984+0000] {logging_mixin.py:151} INFO - [2026-07-10T14:12:24.984+0000] {dagbag.py:536} INFO - Filling up the DagBag from /opt/airflow/dags/dag_suivi.py
[2026-07-10T14:12:25.051+0000] {processor.py:839} INFO - DAG(s) dict_keys(['pipeline_ingestion_suivi']) retrieved from /opt/airflow/dags/dag_suivi.py
[2026-07-10T14:12:25.125+0000] {logging_mixin.py:151} INFO - [2026-07-10T14:12:25.124+0000] {dag.py:2941} INFO - Sync 1 DAGs
[2026-07-10T14:12:25.178+0000] {logging_mixin.py:151} INFO - [2026-07-10T14:12:25.177+0000] {dag.py:3722} INFO - Setting next_dagrun for pipeline_ingestion_suivi to 2026-07-10T14:00:00+00:00, run_after=2026-07-10T15:00:00+00:00
[2026-07-10T14:12:25.240+0000] {processor.py:179} INFO - Processing /opt/airflow/dags/dag_suivi.py took 0.271 seconds
[2026-07-10T14:12:56.145+0000] {processor.py:157} INFO - Started process (PID=9436) to work on /opt/airflow/dags/dag_suivi.py
[2026-07-10T14:12:56.151+0000] {processor.py:829} INFO - Processing file /opt/airflow/dags/dag_suivi.py for tasks to queue
[2026-07-10T14:12:56.168+0000] {logging_mixin.py:151} INFO - [2026-07-10T14:12:56.160+0000] {dagbag.py:536} INFO - Filling up the DagBag from /opt/airflow/dags/dag_suivi.py
[2026-07-10T14:12:56.831+0000] {processor.py:839} INFO - DAG(s) dict_keys(['pipeline_ingestion_suivi']) retrieved from /opt/airflow/dags/dag_suivi.py
[2026-07-10T14:12:57.263+0000] {logging_mixin.py:151} INFO - [2026-07-10T14:12:57.262+0000] {dag.py:2941} INFO - Sync 1 DAGs
[2026-07-10T14:12:57.427+0000] {logging_mixin.py:151} INFO - [2026-07-10T14:12:57.426+0000] {dag.py:3722} INFO - Setting next_dagrun for pipeline_ingestion_suivi to 2026-07-10T14:00:00+00:00, run_after=2026-07-10T15:00:00+00:00
[2026-07-10T14:12:57.572+0000] {processor.py:179} INFO - Processing /opt/airflow/dags/dag_suivi.py took 1.481 seconds
[2026-07-10T14:13:28.101+0000] {processor.py:157} INFO - Started process (PID=9441) to work on /opt/airflow/dags/dag_suivi.py
[2026-07-10T14:13:28.104+0000] {processor.py:829} INFO - Processing file /opt/airflow/dags/dag_suivi.py for tasks to queue
[2026-07-10T14:13:28.106+0000] {logging_mixin.py:151} INFO - [2026-07-10T14:13:28.106+0000] {dagbag.py:536} INFO - Filling up the DagBag from /opt/airflow/dags/dag_suivi.py
[2026-07-10T14:13:28.182+0000] {processor.py:839} INFO - DAG(s) dict_keys(['pipeline_ingestion_suivi']) retrieved from /opt/airflow/dags/dag_suivi.py
[2026-07-10T14:13:28.270+0000] {logging_mixin.py:151} INFO - [2026-07-10T14:13:28.270+0000] {dag.py:2941} INFO - Sync 1 DAGs
[2026-07-10T14:13:28.326+0000] {logging_mixin.py:151} INFO - [2026-07-10T14:13:28.326+0000] {dag.py:3722} INFO - Setting next_dagrun for pipeline_ingestion_suivi to 2026-07-10T14:00:00+00:00, run_after=2026-07-10T15:00:00+00:00
[2026-07-10T14:13:28.386+0000] {processor.py:179} INFO - Processing /opt/airflow/dags/dag_suivi.py took 0.299 seconds
[2026-07-10T14:13:58.932+0000] {processor.py:157} INFO - Started process (PID=9446) to work on /opt/airflow/dags/dag_suivi.py
[2026-07-10T14:13:58.934+0000] {processor.py:829} INFO - Processing file /opt/airflow/dags/dag_suivi.py for tasks to queue
[2026-07-10T14:13:58.936+0000] {logging_mixin.py:151} INFO - [2026-07-10T14:13:58.935+0000] {dagbag.py:536} INFO - Filling up the DagBag from /opt/airflow/dags/dag_suivi.py
[2026-07-10T14:13:59.003+0000] {processor.py:839} INFO - DAG(s) dict_keys(['pipeline_ingestion_suivi']) retrieved from /opt/airflow/dags/dag_suivi.py
[2026-07-10T14:13:59.078+0000] {logging_mixin.py:151} INFO - [2026-07-10T14:13:59.078+0000] {dag.py:2941} INFO - Sync 1 DAGs
[2026-07-10T14:13:59.135+0000] {logging_mixin.py:151} INFO - [2026-07-10T14:13:59.135+0000] {dag.py:3722} INFO - Setting next_dagrun for pipeline_ingestion_suivi to 2026-07-10T14:00:00+00:00, run_after=2026-07-10T15:00:00+00:00
[2026-07-10T14:13:59.195+0000] {processor.py:179} INFO - Processing /opt/airflow/dags/dag_suivi.py took 0.272 seconds
[2026-07-10T14:14:29.331+0000] {processor.py:157} INFO - Started process (PID=9451) to work on /opt/airflow/dags/dag_suivi.py
[2026-07-10T14:14:29.333+0000] {processor.py:829} INFO - Processing file /opt/airflow/dags/dag_suivi.py for tasks to queue
[2026-07-10T14:14:29.337+0000] {logging_mixin.py:151} INFO - [2026-07-10T14:14:29.336+0000] {dagbag.py:536} INFO - Filling up the DagBag from /opt/airflow/dags/dag_suivi.py
[2026-07-10T14:14:29.413+0000] {processor.py:839} INFO - DAG(s) dict_keys(['pipeline_ingestion_suivi']) retrieved from /opt/airflow/dags/dag_suivi.py
[2026-07-10T14:14:29.501+0000] {logging_mixin.py:151} INFO - [2026-07-10T14:14:29.501+0000] {dag.py:2941} INFO - Sync 1 DAGs
[2026-07-10T14:14:29.596+0000] {logging_mixin.py:151} INFO - [2026-07-10T14:14:29.596+0000] {dag.py:3722} INFO - Setting next_dagrun for pipeline_ingestion_suivi to 2026-07-10T14:00:00+00:00, run_after=2026-07-10T15:00:00+00:00
[2026-07-10T14:14:29.686+0000] {processor.py:179} INFO - Processing /opt/airflow/dags/dag_suivi.py took 0.364 seconds
[2026-07-10T14:15:00.039+0000] {processor.py:157} INFO - Started process (PID=9456) to work on /opt/airflow/dags/dag_suivi.py
[2026-07-10T14:15:00.042+0000] {processor.py:829} INFO - Processing file /opt/airflow/dags/dag_suivi.py for tasks to queue
[2026-07-10T14:15:00.047+0000] {logging_mixin.py:151} INFO - [2026-07-10T14:15:00.046+0000] {dagbag.py:536} INFO - Filling up the DagBag from /opt/airflow/dags/dag_suivi.py
[2026-07-10T14:15:00.135+0000] {processor.py:839} INFO - DAG(s) dict_keys(['pipeline_ingestion_suivi']) retrieved from /opt/airflow/dags/dag_suivi.py
[2026-07-10T14:15:00.220+0000] {logging_mixin.py:151} INFO - [2026-07-10T14:15:00.220+0000] {dag.py:2941} INFO - Sync 1 DAGs
[2026-07-10T14:15:00.272+0000] {logging_mixin.py:151} INFO - [2026-07-10T14:15:00.272+0000] {dag.py:3722} INFO - Setting next_dagrun for pipeline_ingestion_suivi to 2026-07-10T14:00:00+00:00, run_after=2026-07-10T15:00:00+00:00
[2026-07-10T14:15:00.341+0000] {processor.py:179} INFO - Processing /opt/airflow/dags/dag_suivi.py took 0.313 seconds
[2026-07-10T14:15:30.541+0000] {processor.py:157} INFO - Started process (PID=9461) to work on /opt/airflow/dags/dag_suivi.py
[2026-07-10T14:15:30.544+0000] {processor.py:829} INFO - Processing file /opt/airflow/dags/dag_suivi.py for tasks to queue
[2026-07-10T14:15:30.550+0000] {logging_mixin.py:151} INFO - [2026-07-10T14:15:30.549+0000] {dagbag.py:536} INFO - Filling up the DagBag from /opt/airflow/dags/dag_suivi.py
[2026-07-10T14:15:30.636+0000] {processor.py:839} INFO - DAG(s) dict_keys(['pipeline_ingestion_suivi']) retrieved from /opt/airflow/dags/dag_suivi.py
[2026-07-10T14:15:30.737+0000] {logging_mixin.py:151} INFO - [2026-07-10T14:15:30.736+0000] {dag.py:2941} INFO - Sync 1 DAGs
[2026-07-10T14:15:30.805+0000] {logging_mixin.py:151} INFO - [2026-07-10T14:15:30.804+0000] {dag.py:3722} INFO - Setting next_dagrun for pipeline_ingestion_suivi to 2026-07-10T14:00:00+00:00, run_after=2026-07-10T15:00:00+00:00
[2026-07-10T14:15:30.875+0000] {processor.py:179} INFO - Processing /opt/airflow/dags/dag_suivi.py took 0.348 seconds
[2026-07-10T14:16:01.375+0000] {processor.py:157} INFO - Started process (PID=9466) to work on /opt/airflow/dags/dag_suivi.py
[2026-07-10T14:16:01.384+0000] {processor.py:829} INFO - Processing file /opt/airflow/dags/dag_suivi.py for tasks to queue
[2026-07-10T14:16:01.393+0000] {logging_mixin.py:151} INFO - [2026-07-10T14:16:01.390+0000] {dagbag.py:536} INFO - Filling up the DagBag from /opt/airflow/dags/dag_suivi.py
[2026-07-10T14:16:01.660+0000] {processor.py:839} INFO - DAG(s) dict_keys(['pipeline_ingestion_suivi']) retrieved from /opt/airflow/dags/dag_suivi.py
[2026-07-10T14:16:01.979+0000] {logging_mixin.py:151} INFO - [2026-07-10T14:16:01.978+0000] {dag.py:2941} INFO - Sync 1 DAGs
[2026-07-10T14:16:02.317+0000] {logging_mixin.py:151} INFO - [2026-07-10T14:16:02.314+0000] {dag.py:3722} INFO - Setting next_dagrun for pipeline_ingestion_suivi to 2026-07-10T14:00:00+00:00, run_after=2026-07-10T15:00:00+00:00
[2026-07-10T14:16:02.560+0000] {processor.py:179} INFO - Processing /opt/airflow/dags/dag_suivi.py took 1.215 seconds
[2026-07-10T14:16:32.858+0000] {processor.py:157} INFO - Started process (PID=9471) to work on /opt/airflow/dags/dag_suivi.py
[2026-07-10T14:16:32.862+0000] {processor.py:829} INFO - Processing file /opt/airflow/dags/dag_suivi.py for tasks to queue
[2026-07-10T14:16:32.866+0000] {logging_mixin.py:151} INFO - [2026-07-10T14:16:32.865+0000] {dagbag.py:536} INFO - Filling up the DagBag from /opt/airflow/dags/dag_suivi.py
[2026-07-10T14:16:32.984+0000] {processor.py:839} INFO - DAG(s) dict_keys(['pipeline_ingestion_suivi']) retrieved from /opt/airflow/dags/dag_suivi.py
[2026-07-10T14:16:33.088+0000] {logging_mixin.py:151} INFO - [2026-07-10T14:16:33.087+0000] {dag.py:2941} INFO - Sync 1 DAGs
[2026-07-10T14:16:33.151+0000] {logging_mixin.py:151} INFO - [2026-07-10T14:16:33.150+0000] {dag.py:3722} INFO - Setting next_dagrun for pipeline_ingestion_suivi to 2026-07-10T14:00:00+00:00, run_after=2026-07-10T15:00:00+00:00
[2026-07-10T14:16:33.220+0000] {processor.py:179} INFO - Processing /opt/airflow/dags/dag_suivi.py took 0.379 seconds
[2026-07-10T14:17:03.417+0000] {processor.py:157} INFO - Started process (PID=9476) to work on /opt/airflow/dags/dag_suivi.py
[2026-07-10T14:17:03.419+0000] {processor.py:829} INFO - Processing file /opt/airflow/dags/dag_suivi.py for tasks to queue
[2026-07-10T14:17:03.424+0000] {logging_mixin.py:151} INFO - [2026-07-10T14:17:03.421+0000] {dagbag.py:536} INFO - Filling up the DagBag from /opt/airflow/dags/dag_suivi.py
[2026-07-10T14:17:03.499+0000] {processor.py:839} INFO - DAG(s) dict_keys(['pipeline_ingestion_suivi']) retrieved from /opt/airflow/dags/dag_suivi.py
[2026-07-10T14:17:03.583+0000] {logging_mixin.py:151} INFO - [2026-07-10T14:17:03.583+0000] {dag.py:2941} INFO - Sync 1 DAGs
[2026-07-10T14:17:03.652+0000] {logging_mixin.py:151} INFO - [2026-07-10T14:17:03.652+0000] {dag.py:3722} INFO - Setting next_dagrun for pipeline_ingestion_suivi to 2026-07-10T14:00:00+00:00, run_after=2026-07-10T15:00:00+00:00
[2026-07-10T14:17:03.715+0000] {processor.py:179} INFO - Processing /opt/airflow/dags/dag_suivi.py took 0.308 seconds
[2026-07-10T14:17:34.133+0000] {processor.py:157} INFO - Started process (PID=9481) to work on /opt/airflow/dags/dag_suivi.py
[2026-07-10T14:17:34.135+0000] {processor.py:829} INFO - Processing file /opt/airflow/dags/dag_suivi.py for tasks to queue
[2026-07-10T14:17:34.138+0000] {logging_mixin.py:151} INFO - [2026-07-10T14:17:34.138+0000] {dagbag.py:536} INFO - Filling up the DagBag from /opt/airflow/dags/dag_suivi.py
[2026-07-10T14:17:34.205+0000] {processor.py:839} INFO - DAG(s) dict_keys(['pipeline_ingestion_suivi']) retrieved from /opt/airflow/dags/dag_suivi.py
[2026-07-10T14:17:34.325+0000] {logging_mixin.py:151} INFO - [2026-07-10T14:17:34.324+0000] {dag.py:2941} INFO - Sync 1 DAGs
[2026-07-10T14:17:34.396+0000] {logging_mixin.py:151} INFO - [2026-07-10T14:17:34.395+0000] {dag.py:3722} INFO - Setting next_dagrun for pipeline_ingestion_suivi to 2026-07-10T14:00:00+00:00, run_after=2026-07-10T15:00:00+00:00
[2026-07-10T14:17:34.467+0000] {processor.py:179} INFO - Processing /opt/airflow/dags/dag_suivi.py took 0.345 seconds
[2026-07-10T14:18:04.973+0000] {processor.py:157} INFO - Started process (PID=9486) to work on /opt/airflow/dags/dag_suivi.py
[2026-07-10T14:18:04.977+0000] {processor.py:829} INFO - Processing file /opt/airflow/dags/dag_suivi.py for tasks to queue
[2026-07-10T14:18:04.980+0000] {logging_mixin.py:151} INFO - [2026-07-10T14:18:04.980+0000] {dagbag.py:536} INFO - Filling up the DagBag from /opt/airflow/dags/dag_suivi.py
[2026-07-10T14:18:05.059+0000] {processor.py:839} INFO - DAG(s) dict_keys(['pipeline_ingestion_suivi']) retrieved from /opt/airflow/dags/dag_suivi.py
[2026-07-10T14:18:05.172+0000] {logging_mixin.py:151} INFO - [2026-07-10T14:18:05.171+0000] {dag.py:2941} INFO - Sync 1 DAGs
[2026-07-10T14:18:05.244+0000] {logging_mixin.py:151} INFO - [2026-07-10T14:18:05.243+0000] {dag.py:3722} INFO - Setting next_dagrun for pipeline_ingestion_suivi to 2026-07-10T14:00:00+00:00, run_after=2026-07-10T15:00:00+00:00
[2026-07-10T14:18:05.317+0000] {processor.py:179} INFO - Processing /opt/airflow/dags/dag_suivi.py took 0.352 seconds
[2026-07-10T14:18:35.922+0000] {processor.py:157} INFO - Started process (PID=9491) to work on /opt/airflow/dags/dag_suivi.py
[2026-07-10T14:18:35.925+0000] {processor.py:829} INFO - Processing file /opt/airflow/dags/dag_suivi.py for tasks to queue
[2026-07-10T14:18:35.928+0000] {logging_mixin.py:151} INFO - [2026-07-10T14:18:35.927+0000] {dagbag.py:536} INFO - Filling up the DagBag from /opt/airflow/dags/dag_suivi.py
[2026-07-10T14:18:35.995+0000] {processor.py:839} INFO - DAG(s) dict_keys(['pipeline_ingestion_suivi']) retrieved from /opt/airflow/dags/dag_suivi.py
[2026-07-10T14:18:36.067+0000] {logging_mixin.py:151} INFO - [2026-07-10T14:18:36.066+0000] {dag.py:2941} INFO - Sync 1 DAGs
[2026-07-10T14:18:36.123+0000] {logging_mixin.py:151} INFO - [2026-07-10T14:18:36.123+0000] {dag.py:3722} INFO - Setting next_dagrun for pipeline_ingestion_suivi to 2026-07-10T14:00:00+00:00, run_after=2026-07-10T15:00:00+00:00
[2026-07-10T14:18:36.182+0000] {processor.py:179} INFO - Processing /opt/airflow/dags/dag_suivi.py took 0.267 seconds
[2026-07-10T14:19:06.662+0000] {processor.py:157} INFO - Started process (PID=9496) to work on /opt/airflow/dags/dag_suivi.py
[2026-07-10T14:19:06.665+0000] {processor.py:829} INFO - Processing file /opt/airflow/dags/dag_suivi.py for tasks to queue
[2026-07-10T14:19:06.668+0000] {logging_mixin.py:151} INFO - [2026-07-10T14:19:06.668+0000] {dagbag.py:536} INFO - Filling up the DagBag from /opt/airflow/dags/dag_suivi.py
[2026-07-10T14:19:06.728+0000] {processor.py:839} INFO - DAG(s) dict_keys(['pipeline_ingestion_suivi']) retrieved from /opt/airflow/dags/dag_suivi.py
[2026-07-10T14:19:06.833+0000] {logging_mixin.py:151} INFO - [2026-07-10T14:19:06.833+0000] {dag.py:2941} INFO - Sync 1 DAGs
[2026-07-10T14:19:06.893+0000] {logging_mixin.py:151} INFO - [2026-07-10T14:19:06.892+0000] {dag.py:3722} INFO - Setting next_dagrun for pipeline_ingestion_suivi to 2026-07-10T14:00:00+00:00, run_after=2026-07-10T15:00:00+00:00
[2026-07-10T14:19:06.952+0000] {processor.py:179} INFO - Processing /opt/airflow/dags/dag_suivi.py took 0.303 seconds
[2026-07-10T14:19:37.412+0000] {processor.py:157} INFO - Started process (PID=9501) to work on /opt/airflow/dags/dag_suivi.py
[2026-07-10T14:19:37.414+0000] {processor.py:829} INFO - Processing file /opt/airflow/dags/dag_suivi.py for tasks to queue
[2026-07-10T14:19:37.418+0000] {logging_mixin.py:151} INFO - [2026-07-10T14:19:37.417+0000] {dagbag.py:536} INFO - Filling up the DagBag from /opt/airflow/dags/dag_suivi.py
[2026-07-10T14:19:37.516+0000] {processor.py:839} INFO - DAG(s) dict_keys(['pipeline_ingestion_suivi']) retrieved from /opt/airflow/dags/dag_suivi.py
[2026-07-10T14:19:37.631+0000] {logging_mixin.py:151} INFO - [2026-07-10T14:19:37.631+0000] {dag.py:2941} INFO - Sync 1 DAGs
[2026-07-10T14:19:37.708+0000] {logging_mixin.py:151} INFO - [2026-07-10T14:19:37.708+0000] {dag.py:3722} INFO - Setting next_dagrun for pipeline_ingestion_suivi to 2026-07-10T14:00:00+00:00, run_after=2026-07-10T15:00:00+00:00
[2026-07-10T14:19:37.776+0000] {processor.py:179} INFO - Processing /opt/airflow/dags/dag_suivi.py took 0.375 seconds
[2026-07-10T14:20:08.230+0000] {processor.py:157} INFO - Started process (PID=9506) to work on /opt/airflow/dags/dag_suivi.py
[2026-07-10T14:20:08.233+0000] {processor.py:829} INFO - Processing file /opt/airflow/dags/dag_suivi.py for tasks to queue
[2026-07-10T14:20:08.237+0000] {logging_mixin.py:151} INFO - [2026-07-10T14:20:08.236+0000] {dagbag.py:536} INFO - Filling up the DagBag from /opt/airflow/dags/dag_suivi.py
[2026-07-10T14:20:08.306+0000] {processor.py:839} INFO - DAG(s) dict_keys(['pipeline_ingestion_suivi']) retrieved from /opt/airflow/dags/dag_suivi.py
[2026-07-10T14:20:08.399+0000] {logging_mixin.py:151} INFO - [2026-07-10T14:20:08.399+0000] {dag.py:2941} INFO - Sync 1 DAGs
[2026-07-10T14:20:08.489+0000] {logging_mixin.py:151} INFO - [2026-07-10T14:20:08.489+0000] {dag.py:3722} INFO - Setting next_dagrun for pipeline_ingestion_suivi to 2026-07-10T14:00:00+00:00, run_after=2026-07-10T15:00:00+00:00
[2026-07-10T14:20:08.545+0000] {processor.py:179} INFO - Processing /opt/airflow/dags/dag_suivi.py took 0.322 seconds
[2026-07-10T14:20:39.026+0000] {processor.py:157} INFO - Started process (PID=9511) to work on /opt/airflow/dags/dag_suivi.py
[2026-07-10T14:20:39.029+0000] {processor.py:829} INFO - Processing file /opt/airflow/dags/dag_suivi.py for tasks to queue
[2026-07-10T14:20:39.033+0000] {logging_mixin.py:151} INFO - [2026-07-10T14:20:39.032+0000] {dagbag.py:536} INFO - Filling up the DagBag from /opt/airflow/dags/dag_suivi.py
[2026-07-10T14:20:39.111+0000] {processor.py:839} INFO - DAG(s) dict_keys(['pipeline_ingestion_suivi']) retrieved from /opt/airflow/dags/dag_suivi.py
[2026-07-10T14:20:39.212+0000] {logging_mixin.py:151} INFO - [2026-07-10T14:20:39.211+0000] {dag.py:2941} INFO - Sync 1 DAGs
[2026-07-10T14:20:39.297+0000] {logging_mixin.py:151} INFO - [2026-07-10T14:20:39.297+0000] {dag.py:3722} INFO - Setting next_dagrun for pipeline_ingestion_suivi to 2026-07-10T14:00:00+00:00, run_after=2026-07-10T15:00:00+00:00
[2026-07-10T14:20:39.377+0000] {processor.py:179} INFO - Processing /opt/airflow/dags/dag_suivi.py took 0.360 seconds
[2026-07-10T14:21:09.936+0000] {processor.py:157} INFO - Started process (PID=9516) to work on /opt/airflow/dags/dag_suivi.py
[2026-07-10T14:21:09.938+0000] {processor.py:829} INFO - Processing file /opt/airflow/dags/dag_suivi.py for tasks to queue
[2026-07-10T14:21:09.940+0000] {logging_mixin.py:151} INFO - [2026-07-10T14:21:09.940+0000] {dagbag.py:536} INFO - Filling up the DagBag from /opt/airflow/dags/dag_suivi.py
[2026-07-10T14:21:10.008+0000] {processor.py:839} INFO - DAG(s) dict_keys(['pipeline_ingestion_suivi']) retrieved from /opt/airflow/dags/dag_suivi.py
[2026-07-10T14:21:10.090+0000] {logging_mixin.py:151} INFO - [2026-07-10T14:21:10.089+0000] {dag.py:2941} INFO - Sync 1 DAGs
[2026-07-10T14:21:10.163+0000] {logging_mixin.py:151} INFO - [2026-07-10T14:21:10.163+0000] {dag.py:3722} INFO - Setting next_dagrun for pipeline_ingestion_suivi to 2026-07-10T14:00:00+00:00, run_after=2026-07-10T15:00:00+00:00
[2026-07-10T14:21:10.252+0000] {processor.py:179} INFO - Processing /opt/airflow/dags/dag_suivi.py took 0.327 seconds
[2026-07-10T14:21:40.769+0000] {processor.py:157} INFO - Started process (PID=9521) to work on /opt/airflow/dags/dag_suivi.py
[2026-07-10T14:21:40.772+0000] {processor.py:829} INFO - Processing file /opt/airflow/dags/dag_suivi.py for tasks to queue
[2026-07-10T14:21:40.776+0000] {logging_mixin.py:151} INFO - [2026-07-10T14:21:40.775+0000] {dagbag.py:536} INFO - Filling up the DagBag from /opt/airflow/dags/dag_suivi.py
[2026-07-10T14:21:40.848+0000] {processor.py:839} INFO - DAG(s) dict_keys(['pipeline_ingestion_suivi']) retrieved from /opt/airflow/dags/dag_suivi.py
[2026-07-10T14:21:40.928+0000] {logging_mixin.py:151} INFO - [2026-07-10T14:21:40.928+0000] {dag.py:2941} INFO - Sync 1 DAGs
[2026-07-10T14:21:40.979+0000] {logging_mixin.py:151} INFO - [2026-07-10T14:21:40.978+0000] {dag.py:3722} INFO - Setting next_dagrun for pipeline_ingestion_suivi to 2026-07-10T14:00:00+00:00, run_after=2026-07-10T15:00:00+00:00
[2026-07-10T14:21:41.044+0000] {processor.py:179} INFO - Processing /opt/airflow/dags/dag_suivi.py took 0.287 seconds
[2026-07-10T14:22:11.623+0000] {processor.py:157} INFO - Started process (PID=9526) to work on /opt/airflow/dags/dag_suivi.py
[2026-07-10T14:22:11.628+0000] {processor.py:829} INFO - Processing file /opt/airflow/dags/dag_suivi.py for tasks to queue
[2026-07-10T14:22:11.634+0000] {logging_mixin.py:151} INFO - [2026-07-10T14:22:11.632+0000] {dagbag.py:536} INFO - Filling up the DagBag from /opt/airflow/dags/dag_suivi.py
[2026-07-10T14:22:11.752+0000] {processor.py:839} INFO - DAG(s) dict_keys(['pipeline_ingestion_suivi']) retrieved from /opt/airflow/dags/dag_suivi.py
[2026-07-10T14:22:11.896+0000] {logging_mixin.py:151} INFO - [2026-07-10T14:22:11.895+0000] {dag.py:2941} INFO - Sync 1 DAGs
[2026-07-10T14:22:12.061+0000] {logging_mixin.py:151} INFO - [2026-07-10T14:22:12.059+0000] {dag.py:3722} INFO - Setting next_dagrun for pipeline_ingestion_suivi to 2026-07-10T14:00:00+00:00, run_after=2026-07-10T15:00:00+00:00
[2026-07-10T14:22:12.159+0000] {processor.py:179} INFO - Processing /opt/airflow/dags/dag_suivi.py took 0.563 seconds
[2026-07-10T14:22:42.546+0000] {processor.py:157} INFO - Started process (PID=9531) to work on /opt/airflow/dags/dag_suivi.py
[2026-07-10T14:22:42.550+0000] {processor.py:829} INFO - Processing file /opt/airflow/dags/dag_suivi.py for tasks to queue
[2026-07-10T14:22:42.555+0000] {logging_mixin.py:151} INFO - [2026-07-10T14:22:42.554+0000] {dagbag.py:536} INFO - Filling up the DagBag from /opt/airflow/dags/dag_suivi.py
[2026-07-10T14:22:42.656+0000] {processor.py:839} INFO - DAG(s) dict_keys(['pipeline_ingestion_suivi']) retrieved from /opt/airflow/dags/dag_suivi.py
[2026-07-10T14:22:42.759+0000] {logging_mixin.py:151} INFO - [2026-07-10T14:22:42.759+0000] {dag.py:2941} INFO - Sync 1 DAGs
[2026-07-10T14:22:42.854+0000] {logging_mixin.py:151} INFO - [2026-07-10T14:22:42.854+0000] {dag.py:3722} INFO - Setting next_dagrun for pipeline_ingestion_suivi to 2026-07-10T14:00:00+00:00, run_after=2026-07-10T15:00:00+00:00
[2026-07-10T14:22:42.935+0000] {processor.py:179} INFO - Processing /opt/airflow/dags/dag_suivi.py took 0.407 seconds
[2026-07-10T14:23:13.432+0000] {processor.py:157} INFO - Started process (PID=9536) to work on /opt/airflow/dags/dag_suivi.py
[2026-07-10T14:23:13.435+0000] {processor.py:829} INFO - Processing file /opt/airflow/dags/dag_suivi.py for tasks to queue
[2026-07-10T14:23:13.437+0000] {logging_mixin.py:151} INFO - [2026-07-10T14:23:13.437+0000] {dagbag.py:536} INFO - Filling up the DagBag from /opt/airflow/dags/dag_suivi.py
[2026-07-10T14:23:13.510+0000] {processor.py:839} INFO - DAG(s) dict_keys(['pipeline_ingestion_suivi']) retrieved from /opt/airflow/dags/dag_suivi.py
[2026-07-10T14:23:13.578+0000] {logging_mixin.py:151} INFO - [2026-07-10T14:23:13.578+0000] {dag.py:2941} INFO - Sync 1 DAGs
[2026-07-10T14:23:13.647+0000] {logging_mixin.py:151} INFO - [2026-07-10T14:23:13.647+0000] {dag.py:3722} INFO - Setting next_dagrun for pipeline_ingestion_suivi to 2026-07-10T14:00:00+00:00, run_after=2026-07-10T15:00:00+00:00
[2026-07-10T14:23:13.705+0000] {processor.py:179} INFO - Processing /opt/airflow/dags/dag_suivi.py took 0.285 seconds
[2026-07-10T14:23:43.881+0000] {processor.py:157} INFO - Started process (PID=9541) to work on /opt/airflow/dags/dag_suivi.py
[2026-07-10T14:23:43.884+0000] {processor.py:829} INFO - Processing file /opt/airflow/dags/dag_suivi.py for tasks to queue
[2026-07-10T14:23:43.887+0000] {logging_mixin.py:151} INFO - [2026-07-10T14:23:43.886+0000] {dagbag.py:536} INFO - Filling up the DagBag from /opt/airflow/dags/dag_suivi.py
[2026-07-10T14:23:43.945+0000] {processor.py:839} INFO - DAG(s) dict_keys(['pipeline_ingestion_suivi']) retrieved from /opt/airflow/dags/dag_suivi.py
[2026-07-10T14:23:44.018+0000] {logging_mixin.py:151} INFO - [2026-07-10T14:23:44.018+0000] {dag.py:2941} INFO - Sync 1 DAGs
[2026-07-10T14:23:44.144+0000] {logging_mixin.py:151} INFO - [2026-07-10T14:23:44.144+0000] {dag.py:3722} INFO - Setting next_dagrun for pipeline_ingestion_suivi to 2026-07-10T14:00:00+00:00, run_after=2026-07-10T15:00:00+00:00
[2026-07-10T14:23:44.204+0000] {processor.py:179} INFO - Processing /opt/airflow/dags/dag_suivi.py took 0.335 seconds
[2026-07-10T14:24:14.666+0000] {processor.py:157} INFO - Started process (PID=9546) to work on /opt/airflow/dags/dag_suivi.py
[2026-07-10T14:24:14.669+0000] {processor.py:829} INFO - Processing file /opt/airflow/dags/dag_suivi.py for tasks to queue
[2026-07-10T14:24:14.673+0000] {logging_mixin.py:151} INFO - [2026-07-10T14:24:14.672+0000] {dagbag.py:536} INFO - Filling up the DagBag from /opt/airflow/dags/dag_suivi.py
[2026-07-10T14:24:14.754+0000] {processor.py:839} INFO - DAG(s) dict_keys(['pipeline_ingestion_suivi']) retrieved from /opt/airflow/dags/dag_suivi.py
[2026-07-10T14:24:14.841+0000] {logging_mixin.py:151} INFO - [2026-07-10T14:24:14.841+0000] {dag.py:2941} INFO - Sync 1 DAGs
[2026-07-10T14:24:14.904+0000] {logging_mixin.py:151} INFO - [2026-07-10T14:24:14.904+0000] {dag.py:3722} INFO - Setting next_dagrun for pipeline_ingestion_suivi to 2026-07-10T14:00:00+00:00, run_after=2026-07-10T15:00:00+00:00
[2026-07-10T14:24:14.972+0000] {processor.py:179} INFO - Processing /opt/airflow/dags/dag_suivi.py took 0.319 seconds
[2026-07-10T14:24:45.122+0000] {processor.py:157} INFO - Started process (PID=9551) to work on /opt/airflow/dags/dag_suivi.py
[2026-07-10T14:24:45.124+0000] {processor.py:829} INFO - Processing file /opt/airflow/dags/dag_suivi.py for tasks to queue
[2026-07-10T14:24:45.127+0000] {logging_mixin.py:151} INFO - [2026-07-10T14:24:45.126+0000] {dagbag.py:536} INFO - Filling up the DagBag from /opt/airflow/dags/dag_suivi.py
[2026-07-10T14:24:45.176+0000] {processor.py:839} INFO - DAG(s) dict_keys(['pipeline_ingestion_suivi']) retrieved from /opt/airflow/dags/dag_suivi.py
[2026-07-10T14:24:45.256+0000] {logging_mixin.py:151} INFO - [2026-07-10T14:24:45.255+0000] {dag.py:2941} INFO - Sync 1 DAGs
[2026-07-10T14:24:45.312+0000] {logging_mixin.py:151} INFO - [2026-07-10T14:24:45.312+0000] {dag.py:3722} INFO - Setting next_dagrun for pipeline_ingestion_suivi to 2026-07-10T14:00:00+00:00, run_after=2026-07-10T15:00:00+00:00
[2026-07-10T14:24:45.378+0000] {processor.py:179} INFO - Processing /opt/airflow/dags/dag_suivi.py took 0.263 seconds
[2026-07-10T14:25:15.577+0000] {processor.py:157} INFO - Started process (PID=9556) to work on /opt/airflow/dags/dag_suivi.py
[2026-07-10T14:25:15.579+0000] {processor.py:829} INFO - Processing file /opt/airflow/dags/dag_suivi.py for tasks to queue
[2026-07-10T14:25:15.583+0000] {logging_mixin.py:151} INFO - [2026-07-10T14:25:15.582+0000] {dagbag.py:536} INFO - Filling up the DagBag from /opt/airflow/dags/dag_suivi.py
[2026-07-10T14:25:15.655+0000] {processor.py:839} INFO - DAG(s) dict_keys(['pipeline_ingestion_suivi']) retrieved from /opt/airflow/dags/dag_suivi.py
[2026-07-10T14:25:15.740+0000] {logging_mixin.py:151} INFO - [2026-07-10T14:25:15.739+0000] {dag.py:2941} INFO - Sync 1 DAGs
[2026-07-10T14:25:15.808+0000] {logging_mixin.py:151} INFO - [2026-07-10T14:25:15.808+0000] {dag.py:3722} INFO - Setting next_dagrun for pipeline_ingestion_suivi to 2026-07-10T14:00:00+00:00, run_after=2026-07-10T15:00:00+00:00
[2026-07-10T14:25:15.869+0000] {processor.py:179} INFO - Processing /opt/airflow/dags/dag_suivi.py took 0.302 seconds
[2026-07-10T14:25:46.265+0000] {processor.py:157} INFO - Started process (PID=9561) to work on /opt/airflow/dags/dag_suivi.py
[2026-07-10T14:25:46.268+0000] {processor.py:829} INFO - Processing file /opt/airflow/dags/dag_suivi.py for tasks to queue
[2026-07-10T14:25:46.273+0000] {logging_mixin.py:151} INFO - [2026-07-10T14:25:46.271+0000] {dagbag.py:536} INFO - Filling up the DagBag from /opt/airflow/dags/dag_suivi.py
[2026-07-10T14:25:46.358+0000] {processor.py:839} INFO - DAG(s) dict_keys(['pipeline_ingestion_suivi']) retrieved from /opt/airflow/dags/dag_suivi.py
[2026-07-10T14:25:46.436+0000] {logging_mixin.py:151} INFO - [2026-07-10T14:25:46.436+0000] {dag.py:2941} INFO - Sync 1 DAGs
[2026-07-10T14:25:46.505+0000] {logging_mixin.py:151} INFO - [2026-07-10T14:25:46.504+0000] {dag.py:3722} INFO - Setting next_dagrun for pipeline_ingestion_suivi to 2026-07-10T14:00:00+00:00, run_after=2026-07-10T15:00:00+00:00
[2026-07-10T14:25:46.593+0000] {processor.py:179} INFO - Processing /opt/airflow/dags/dag_suivi.py took 0.342 seconds
[2026-07-10T14:26:17.070+0000] {processor.py:157} INFO - Started process (PID=9566) to work on /opt/airflow/dags/dag_suivi.py
[2026-07-10T14:26:17.072+0000] {processor.py:829} INFO - Processing file /opt/airflow/dags/dag_suivi.py for tasks to queue
[2026-07-10T14:26:17.074+0000] {logging_mixin.py:151} INFO - [2026-07-10T14:26:17.073+0000] {dagbag.py:536} INFO - Filling up the DagBag from /opt/airflow/dags/dag_suivi.py
[2026-07-10T14:26:17.133+0000] {processor.py:839} INFO - DAG(s) dict_keys(['pipeline_ingestion_suivi']) retrieved from /opt/airflow/dags/dag_suivi.py
[2026-07-10T14:26:17.239+0000] {logging_mixin.py:151} INFO - [2026-07-10T14:26:17.239+0000] {dag.py:2941} INFO - Sync 1 DAGs
[2026-07-10T14:26:17.309+0000] {logging_mixin.py:151} INFO - [2026-07-10T14:26:17.309+0000] {dag.py:3722} INFO - Setting next_dagrun for pipeline_ingestion_suivi to 2026-07-10T14:00:00+00:00, run_after=2026-07-10T15:00:00+00:00
[2026-07-10T14:26:17.360+0000] {processor.py:179} INFO - Processing /opt/airflow/dags/dag_suivi.py took 0.301 seconds
[2026-07-10T14:26:47.870+0000] {processor.py:157} INFO - Started process (PID=9571) to work on /opt/airflow/dags/dag_suivi.py
[2026-07-10T14:26:47.874+0000] {processor.py:829} INFO - Processing file /opt/airflow/dags/dag_suivi.py for tasks to queue
[2026-07-10T14:26:47.878+0000] {logging_mixin.py:151} INFO - [2026-07-10T14:26:47.878+0000] {dagbag.py:536} INFO - Filling up the DagBag from /opt/airflow/dags/dag_suivi.py
[2026-07-10T14:26:47.953+0000] {processor.py:839} INFO - DAG(s) dict_keys(['pipeline_ingestion_suivi']) retrieved from /opt/airflow/dags/dag_suivi.py
[2026-07-10T14:26:48.054+0000] {logging_mixin.py:151} INFO - [2026-07-10T14:26:48.053+0000] {dag.py:2941} INFO - Sync 1 DAGs
[2026-07-10T14:26:48.158+0000] {logging_mixin.py:151} INFO - [2026-07-10T14:26:48.157+0000] {dag.py:3722} INFO - Setting next_dagrun for pipeline_ingestion_suivi to 2026-07-10T14:00:00+00:00, run_after=2026-07-10T15:00:00+00:00
[2026-07-10T14:26:48.263+0000] {processor.py:179} INFO - Processing /opt/airflow/dags/dag_suivi.py took 0.405 seconds
[2026-07-10T14:27:18.744+0000] {processor.py:157} INFO - Started process (PID=9576) to work on /opt/airflow/dags/dag_suivi.py
[2026-07-10T14:27:18.747+0000] {processor.py:829} INFO - Processing file /opt/airflow/dags/dag_suivi.py for tasks to queue
[2026-07-10T14:27:18.749+0000] {logging_mixin.py:151} INFO - [2026-07-10T14:27:18.749+0000] {dagbag.py:536} INFO - Filling up the DagBag from /opt/airflow/dags/dag_suivi.py
[2026-07-10T14:27:18.820+0000] {processor.py:839} INFO - DAG(s) dict_keys(['pipeline_ingestion_suivi']) retrieved from /opt/airflow/dags/dag_suivi.py
[2026-07-10T14:27:18.894+0000] {logging_mixin.py:151} INFO - [2026-07-10T14:27:18.893+0000] {dag.py:2941} INFO - Sync 1 DAGs
[2026-07-10T14:27:18.959+0000] {logging_mixin.py:151} INFO - [2026-07-10T14:27:18.959+0000] {dag.py:3722} INFO - Setting next_dagrun for pipeline_ingestion_suivi to 2026-07-10T14:00:00+00:00, run_after=2026-07-10T15:00:00+00:00
[2026-07-10T14:27:19.022+0000] {processor.py:179} INFO - Processing /opt/airflow/dags/dag_suivi.py took 0.290 seconds
[2026-07-10T14:27:49.485+0000] {processor.py:157} INFO - Started process (PID=9581) to work on /opt/airflow/dags/dag_suivi.py
[2026-07-10T14:27:49.487+0000] {processor.py:829} INFO - Processing file /opt/airflow/dags/dag_suivi.py for tasks to queue
[2026-07-10T14:27:49.490+0000] {logging_mixin.py:151} INFO - [2026-07-10T14:27:49.489+0000] {dagbag.py:536} INFO - Filling up the DagBag from /opt/airflow/dags/dag_suivi.py
[2026-07-10T14:27:49.570+0000] {processor.py:839} INFO - DAG(s) dict_keys(['pipeline_ingestion_suivi']) retrieved from /opt/airflow/dags/dag_suivi.py
[2026-07-10T14:27:49.644+0000] {logging_mixin.py:151} INFO - [2026-07-10T14:27:49.643+0000] {dag.py:2941} INFO - Sync 1 DAGs
[2026-07-10T14:27:49.730+0000] {logging_mixin.py:151} INFO - [2026-07-10T14:27:49.730+0000] {dag.py:3722} INFO - Setting next_dagrun for pipeline_ingestion_suivi to 2026-07-10T14:00:00+00:00, run_after=2026-07-10T15:00:00+00:00
[2026-07-10T14:27:49.782+0000] {processor.py:179} INFO - Processing /opt/airflow/dags/dag_suivi.py took 0.309 seconds
[2026-07-10T14:28:19.918+0000] {processor.py:157} INFO - Started process (PID=9586) to work on /opt/airflow/dags/dag_suivi.py
[2026-07-10T14:28:19.921+0000] {processor.py:829} INFO - Processing file /opt/airflow/dags/dag_suivi.py for tasks to queue
[2026-07-10T14:28:19.923+0000] {logging_mixin.py:151} INFO - [2026-07-10T14:28:19.923+0000] {dagbag.py:536} INFO - Filling up the DagBag from /opt/airflow/dags/dag_suivi.py
[2026-07-10T14:28:20.005+0000] {processor.py:839} INFO - DAG(s) dict_keys(['pipeline_ingestion_suivi']) retrieved from /opt/airflow/dags/dag_suivi.py
[2026-07-10T14:28:20.084+0000] {logging_mixin.py:151} INFO - [2026-07-10T14:28:20.083+0000] {dag.py:2941} INFO - Sync 1 DAGs
[2026-07-10T14:28:20.154+0000] {logging_mixin.py:151} INFO - [2026-07-10T14:28:20.153+0000] {dag.py:3722} INFO - Setting next_dagrun for pipeline_ingestion_suivi to 2026-07-10T14:00:00+00:00, run_after=2026-07-10T15:00:00+00:00
[2026-07-10T14:28:20.224+0000] {processor.py:179} INFO - Processing /opt/airflow/dags/dag_suivi.py took 0.316 seconds
[2026-07-10T14:28:50.768+0000] {processor.py:157} INFO - Started process (PID=9591) to work on /opt/airflow/dags/dag_suivi.py
[2026-07-10T14:28:50.771+0000] {processor.py:829} INFO - Processing file /opt/airflow/dags/dag_suivi.py for tasks to queue
[2026-07-10T14:28:50.774+0000] {logging_mixin.py:151} INFO - [2026-07-10T14:28:50.773+0000] {dagbag.py:536} INFO - Filling up the DagBag from /opt/airflow/dags/dag_suivi.py
[2026-07-10T14:28:50.850+0000] {processor.py:839} INFO - DAG(s) dict_keys(['pipeline_ingestion_suivi']) retrieved from /opt/airflow/dags/dag_suivi.py
[2026-07-10T14:28:50.935+0000] {logging_mixin.py:151} INFO - [2026-07-10T14:28:50.934+0000] {dag.py:2941} INFO - Sync 1 DAGs
[2026-07-10T14:28:50.996+0000] {logging_mixin.py:151} INFO - [2026-07-10T14:28:50.996+0000] {dag.py:3722} INFO - Setting next_dagrun for pipeline_ingestion_suivi to 2026-07-10T14:00:00+00:00, run_after=2026-07-10T15:00:00+00:00
[2026-07-10T14:28:51.056+0000] {processor.py:179} INFO - Processing /opt/airflow/dags/dag_suivi.py took 0.297 seconds
[2026-07-10T14:29:21.161+0000] {processor.py:157} INFO - Started process (PID=9596) to work on /opt/airflow/dags/dag_suivi.py
[2026-07-10T14:29:21.163+0000] {processor.py:829} INFO - Processing file /opt/airflow/dags/dag_suivi.py for tasks to queue
[2026-07-10T14:29:21.165+0000] {logging_mixin.py:151} INFO - [2026-07-10T14:29:21.164+0000] {dagbag.py:536} INFO - Filling up the DagBag from /opt/airflow/dags/dag_suivi.py
[2026-07-10T14:29:21.241+0000] {processor.py:839} INFO - DAG(s) dict_keys(['pipeline_ingestion_suivi']) retrieved from /opt/airflow/dags/dag_suivi.py
[2026-07-10T14:29:21.329+0000] {logging_mixin.py:151} INFO - [2026-07-10T14:29:21.329+0000] {dag.py:2941} INFO - Sync 1 DAGs
[2026-07-10T14:29:21.381+0000] {logging_mixin.py:151} INFO - [2026-07-10T14:29:21.381+0000] {dag.py:3722} INFO - Setting next_dagrun for pipeline_ingestion_suivi to 2026-07-10T14:00:00+00:00, run_after=2026-07-10T15:00:00+00:00
[2026-07-10T14:29:21.457+0000] {processor.py:179} INFO - Processing /opt/airflow/dags/dag_suivi.py took 0.303 seconds
[2026-07-10T14:29:52.084+0000] {processor.py:157} INFO - Started process (PID=9601) to work on /opt/airflow/dags/dag_suivi.py
[2026-07-10T14:29:52.091+0000] {processor.py:829} INFO - Processing file /opt/airflow/dags/dag_suivi.py for tasks to queue
[2026-07-10T14:29:52.096+0000] {logging_mixin.py:151} INFO - [2026-07-10T14:29:52.095+0000] {dagbag.py:536} INFO - Filling up the DagBag from /opt/airflow/dags/dag_suivi.py
[2026-07-10T14:29:52.410+0000] {processor.py:839} INFO - DAG(s) dict_keys(['pipeline_ingestion_suivi']) retrieved from /opt/airflow/dags/dag_suivi.py
[2026-07-10T14:29:52.779+0000] {logging_mixin.py:151} INFO - [2026-07-10T14:29:52.778+0000] {dag.py:2941} INFO - Sync 1 DAGs
[2026-07-10T14:29:53.107+0000] {logging_mixin.py:151} INFO - [2026-07-10T14:29:53.106+0000] {dag.py:3722} INFO - Setting next_dagrun for pipeline_ingestion_suivi to 2026-07-10T14:00:00+00:00, run_after=2026-07-10T15:00:00+00:00
[2026-07-10T14:29:53.333+0000] {processor.py:179} INFO - Processing /opt/airflow/dags/dag_suivi.py took 1.267 seconds
[2026-07-10T14:30:23.719+0000] {processor.py:157} INFO - Started process (PID=9606) to work on /opt/airflow/dags/dag_suivi.py
[2026-07-10T14:30:23.721+0000] {processor.py:829} INFO - Processing file /opt/airflow/dags/dag_suivi.py for tasks to queue
[2026-07-10T14:30:23.722+0000] {logging_mixin.py:151} INFO - [2026-07-10T14:30:23.722+0000] {dagbag.py:536} INFO - Filling up the DagBag from /opt/airflow/dags/dag_suivi.py
[2026-07-10T14:30:23.767+0000] {processor.py:839} INFO - DAG(s) dict_keys(['pipeline_ingestion_suivi']) retrieved from /opt/airflow/dags/dag_suivi.py
[2026-07-10T14:30:23.816+0000] {logging_mixin.py:151} INFO - [2026-07-10T14:30:23.815+0000] {dag.py:2941} INFO - Sync 1 DAGs
[2026-07-10T14:30:23.855+0000] {logging_mixin.py:151} INFO - [2026-07-10T14:30:23.855+0000] {dag.py:3722} INFO - Setting next_dagrun for pipeline_ingestion_suivi to 2026-07-10T14:00:00+00:00, run_after=2026-07-10T15:00:00+00:00
[2026-07-10T14:30:23.886+0000] {processor.py:179} INFO - Processing /opt/airflow/dags/dag_suivi.py took 0.171 seconds
[2026-07-10T14:30:53.963+0000] {processor.py:157} INFO - Started process (PID=9611) to work on /opt/airflow/dags/dag_suivi.py
[2026-07-10T14:30:53.965+0000] {processor.py:829} INFO - Processing file /opt/airflow/dags/dag_suivi.py for tasks to queue
[2026-07-10T14:30:53.966+0000] {logging_mixin.py:151} INFO - [2026-07-10T14:30:53.966+0000] {dagbag.py:536} INFO - Filling up the DagBag from /opt/airflow/dags/dag_suivi.py
[2026-07-10T14:30:53.996+0000] {processor.py:839} INFO - DAG(s) dict_keys(['pipeline_ingestion_suivi']) retrieved from /opt/airflow/dags/dag_suivi.py
[2026-07-10T14:30:54.030+0000] {logging_mixin.py:151} INFO - [2026-07-10T14:30:54.030+0000] {dag.py:2941} INFO - Sync 1 DAGs
[2026-07-10T14:30:54.075+0000] {logging_mixin.py:151} INFO - [2026-07-10T14:30:54.075+0000] {dag.py:3722} INFO - Setting next_dagrun for pipeline_ingestion_suivi to 2026-07-10T14:00:00+00:00, run_after=2026-07-10T15:00:00+00:00
[2026-07-10T14:30:54.119+0000] {processor.py:179} INFO - Processing /opt/airflow/dags/dag_suivi.py took 0.160 seconds
[2026-07-10T14:31:24.382+0000] {processor.py:157} INFO - Started process (PID=9616) to work on /opt/airflow/dags/dag_suivi.py
[2026-07-10T14:31:24.383+0000] {processor.py:829} INFO - Processing file /opt/airflow/dags/dag_suivi.py for tasks to queue
[2026-07-10T14:31:24.385+0000] {logging_mixin.py:151} INFO - [2026-07-10T14:31:24.384+0000] {dagbag.py:536} INFO - Filling up the DagBag from /opt/airflow/dags/dag_suivi.py
[2026-07-10T14:31:24.419+0000] {processor.py:839} INFO - DAG(s) dict_keys(['pipeline_ingestion_suivi']) retrieved from /opt/airflow/dags/dag_suivi.py
[2026-07-10T14:31:24.451+0000] {logging_mixin.py:151} INFO - [2026-07-10T14:31:24.451+0000] {dag.py:2941} INFO - Sync 1 DAGs
[2026-07-10T14:31:24.479+0000] {logging_mixin.py:151} INFO - [2026-07-10T14:31:24.479+0000] {dag.py:3722} INFO - Setting next_dagrun for pipeline_ingestion_suivi to 2026-07-10T14:00:00+00:00, run_after=2026-07-10T15:00:00+00:00
[2026-07-10T14:31:24.519+0000] {processor.py:179} INFO - Processing /opt/airflow/dags/dag_suivi.py took 0.139 seconds
[2026-07-10T14:31:54.656+0000] {processor.py:157} INFO - Started process (PID=9621) to work on /opt/airflow/dags/dag_suivi.py
[2026-07-10T14:31:54.658+0000] {processor.py:829} INFO - Processing file /opt/airflow/dags/dag_suivi.py for tasks to queue
[2026-07-10T14:31:54.659+0000] {logging_mixin.py:151} INFO - [2026-07-10T14:31:54.659+0000] {dagbag.py:536} INFO - Filling up the DagBag from /opt/airflow/dags/dag_suivi.py
[2026-07-10T14:31:54.698+0000] {processor.py:839} INFO - DAG(s) dict_keys(['pipeline_ingestion_suivi']) retrieved from /opt/airflow/dags/dag_suivi.py
[2026-07-10T14:31:54.744+0000] {logging_mixin.py:151} INFO - [2026-07-10T14:31:54.744+0000] {dag.py:2941} INFO - Sync 1 DAGs
[2026-07-10T14:31:54.778+0000] {logging_mixin.py:151} INFO - [2026-07-10T14:31:54.778+0000] {dag.py:3722} INFO - Setting next_dagrun for pipeline_ingestion_suivi to 2026-07-10T14:00:00+00:00, run_after=2026-07-10T15:00:00+00:00
[2026-07-10T14:31:54.818+0000] {processor.py:179} INFO - Processing /opt/airflow/dags/dag_suivi.py took 0.169 seconds
[2026-07-10T14:32:24.981+0000] {processor.py:157} INFO - Started process (PID=9626) to work on /opt/airflow/dags/dag_suivi.py
[2026-07-10T14:32:24.982+0000] {processor.py:829} INFO - Processing file /opt/airflow/dags/dag_suivi.py for tasks to queue
[2026-07-10T14:32:24.983+0000] {logging_mixin.py:151} INFO - [2026-07-10T14:32:24.983+0000] {dagbag.py:536} INFO - Filling up the DagBag from /opt/airflow/dags/dag_suivi.py
[2026-07-10T14:32:25.008+0000] {processor.py:839} INFO - DAG(s) dict_keys(['pipeline_ingestion_suivi']) retrieved from /opt/airflow/dags/dag_suivi.py
[2026-07-10T14:32:25.045+0000] {logging_mixin.py:151} INFO - [2026-07-10T14:32:25.045+0000] {dag.py:2941} INFO - Sync 1 DAGs
[2026-07-10T14:32:25.071+0000] {logging_mixin.py:151} INFO - [2026-07-10T14:32:25.070+0000] {dag.py:3722} INFO - Setting next_dagrun for pipeline_ingestion_suivi to 2026-07-10T14:00:00+00:00, run_after=2026-07-10T15:00:00+00:00
[2026-07-10T14:32:25.106+0000] {processor.py:179} INFO - Processing /opt/airflow/dags/dag_suivi.py took 0.129 seconds
[2026-07-10T14:32:55.295+0000] {processor.py:157} INFO - Started process (PID=9631) to work on /opt/airflow/dags/dag_suivi.py
[2026-07-10T14:32:55.296+0000] {processor.py:829} INFO - Processing file /opt/airflow/dags/dag_suivi.py for tasks to queue
[2026-07-10T14:32:55.297+0000] {logging_mixin.py:151} INFO - [2026-07-10T14:32:55.297+0000] {dagbag.py:536} INFO - Filling up the DagBag from /opt/airflow/dags/dag_suivi.py
[2026-07-10T14:32:55.324+0000] {processor.py:839} INFO - DAG(s) dict_keys(['pipeline_ingestion_suivi']) retrieved from /opt/airflow/dags/dag_suivi.py
[2026-07-10T14:32:55.360+0000] {logging_mixin.py:151} INFO - [2026-07-10T14:32:55.360+0000] {dag.py:2941} INFO - Sync 1 DAGs
[2026-07-10T14:32:55.387+0000] {logging_mixin.py:151} INFO - [2026-07-10T14:32:55.387+0000] {dag.py:3722} INFO - Setting next_dagrun for pipeline_ingestion_suivi to 2026-07-10T14:00:00+00:00, run_after=2026-07-10T15:00:00+00:00
[2026-07-10T14:32:55.421+0000] {processor.py:179} INFO - Processing /opt/airflow/dags/dag_suivi.py took 0.131 seconds
[2026-07-10T14:33:25.581+0000] {processor.py:157} INFO - Started process (PID=9636) to work on /opt/airflow/dags/dag_suivi.py
[2026-07-10T14:33:25.582+0000] {processor.py:829} INFO - Processing file /opt/airflow/dags/dag_suivi.py for tasks to queue
[2026-07-10T14:33:25.583+0000] {logging_mixin.py:151} INFO - [2026-07-10T14:33:25.583+0000] {dagbag.py:536} INFO - Filling up the DagBag from /opt/airflow/dags/dag_suivi.py
[2026-07-10T14:33:25.623+0000] {processor.py:839} INFO - DAG(s) dict_keys(['pipeline_ingestion_suivi']) retrieved from /opt/airflow/dags/dag_suivi.py
[2026-07-10T14:33:25.660+0000] {logging_mixin.py:151} INFO - [2026-07-10T14:33:25.659+0000] {dag.py:2941} INFO - Sync 1 DAGs
[2026-07-10T14:33:25.688+0000] {logging_mixin.py:151} INFO - [2026-07-10T14:33:25.688+0000] {dag.py:3722} INFO - Setting next_dagrun for pipeline_ingestion_suivi to 2026-07-10T14:00:00+00:00, run_after=2026-07-10T15:00:00+00:00
[2026-07-10T14:33:25.723+0000] {processor.py:179} INFO - Processing /opt/airflow/dags/dag_suivi.py took 0.146 seconds
[2026-07-10T14:33:55.950+0000] {processor.py:157} INFO - Started process (PID=9641) to work on /opt/airflow/dags/dag_suivi.py
[2026-07-10T14:33:55.952+0000] {processor.py:829} INFO - Processing file /opt/airflow/dags/dag_suivi.py for tasks to queue
[2026-07-10T14:33:55.953+0000] {logging_mixin.py:151} INFO - [2026-07-10T14:33:55.953+0000] {dagbag.py:536} INFO - Filling up the DagBag from /opt/airflow/dags/dag_suivi.py
[2026-07-10T14:33:55.989+0000] {processor.py:839} INFO - DAG(s) dict_keys(['pipeline_ingestion_suivi']) retrieved from /opt/airflow/dags/dag_suivi.py
[2026-07-10T14:33:56.023+0000] {logging_mixin.py:151} INFO - [2026-07-10T14:33:56.023+0000] {dag.py:2941} INFO - Sync 1 DAGs
[2026-07-10T14:33:56.047+0000] {logging_mixin.py:151} INFO - [2026-07-10T14:33:56.047+0000] {dag.py:3722} INFO - Setting next_dagrun for pipeline_ingestion_suivi to 2026-07-10T14:00:00+00:00, run_after=2026-07-10T15:00:00+00:00
[2026-07-10T14:33:56.079+0000] {processor.py:179} INFO - Processing /opt/airflow/dags/dag_suivi.py took 0.132 seconds
[2026-07-10T14:34:26.198+0000] {processor.py:157} INFO - Started process (PID=9646) to work on /opt/airflow/dags/dag_suivi.py
[2026-07-10T14:34:26.199+0000] {processor.py:829} INFO - Processing file /opt/airflow/dags/dag_suivi.py for tasks to queue
[2026-07-10T14:34:26.201+0000] {logging_mixin.py:151} INFO - [2026-07-10T14:34:26.200+0000] {dagbag.py:536} INFO - Filling up the DagBag from /opt/airflow/dags/dag_suivi.py
[2026-07-10T14:34:26.241+0000] {processor.py:839} INFO - DAG(s) dict_keys(['pipeline_ingestion_suivi']) retrieved from /opt/airflow/dags/dag_suivi.py
[2026-07-10T14:34:26.278+0000] {logging_mixin.py:151} INFO - [2026-07-10T14:34:26.277+0000] {dag.py:2941} INFO - Sync 1 DAGs
[2026-07-10T14:34:26.307+0000] {logging_mixin.py:151} INFO - [2026-07-10T14:34:26.307+0000] {dag.py:3722} INFO - Setting next_dagrun for pipeline_ingestion_suivi to 2026-07-10T14:00:00+00:00, run_after=2026-07-10T15:00:00+00:00
[2026-07-10T14:34:26.342+0000] {processor.py:179} INFO - Processing /opt/airflow/dags/dag_suivi.py took 0.148 seconds
[2026-07-10T14:34:56.575+0000] {processor.py:157} INFO - Started process (PID=9651) to work on /opt/airflow/dags/dag_suivi.py
[2026-07-10T14:34:56.576+0000] {processor.py:829} INFO - Processing file /opt/airflow/dags/dag_suivi.py for tasks to queue
[2026-07-10T14:34:56.577+0000] {logging_mixin.py:151} INFO - [2026-07-10T14:34:56.577+0000] {dagbag.py:536} INFO - Filling up the DagBag from /opt/airflow/dags/dag_suivi.py
[2026-07-10T14:34:56.617+0000] {processor.py:839} INFO - DAG(s) dict_keys(['pipeline_ingestion_suivi']) retrieved from /opt/airflow/dags/dag_suivi.py
[2026-07-10T14:34:56.653+0000] {logging_mixin.py:151} INFO - [2026-07-10T14:34:56.653+0000] {dag.py:2941} INFO - Sync 1 DAGs
[2026-07-10T14:34:56.683+0000] {logging_mixin.py:151} INFO - [2026-07-10T14:34:56.682+0000] {dag.py:3722} INFO - Setting next_dagrun for pipeline_ingestion_suivi to 2026-07-10T14:00:00+00:00, run_after=2026-07-10T15:00:00+00:00
[2026-07-10T14:34:56.721+0000] {processor.py:179} INFO - Processing /opt/airflow/dags/dag_suivi.py took 0.151 seconds
[2026-07-10T14:35:26.847+0000] {processor.py:157} INFO - Started process (PID=9656) to work on /opt/airflow/dags/dag_suivi.py
[2026-07-10T14:35:26.848+0000] {processor.py:829} INFO - Processing file /opt/airflow/dags/dag_suivi.py for tasks to queue
[2026-07-10T14:35:26.850+0000] {logging_mixin.py:151} INFO - [2026-07-10T14:35:26.849+0000] {dagbag.py:536} INFO - Filling up the DagBag from /opt/airflow/dags/dag_suivi.py
[2026-07-10T14:35:26.882+0000] {processor.py:839} INFO - DAG(s) dict_keys(['pipeline_ingestion_suivi']) retrieved from /opt/airflow/dags/dag_suivi.py
[2026-07-10T14:35:26.917+0000] {logging_mixin.py:151} INFO - [2026-07-10T14:35:26.917+0000] {dag.py:2941} INFO - Sync 1 DAGs
[2026-07-10T14:35:26.946+0000] {logging_mixin.py:151} INFO - [2026-07-10T14:35:26.945+0000] {dag.py:3722} INFO - Setting next_dagrun for pipeline_ingestion_suivi to 2026-07-10T14:00:00+00:00, run_after=2026-07-10T15:00:00+00:00
[2026-07-10T14:35:26.971+0000] {processor.py:179} INFO - Processing /opt/airflow/dags/dag_suivi.py took 0.129 seconds
[2026-07-10T14:35:57.215+0000] {processor.py:157} INFO - Started process (PID=9661) to work on /opt/airflow/dags/dag_suivi.py
[2026-07-10T14:35:57.216+0000] {processor.py:829} INFO - Processing file /opt/airflow/dags/dag_suivi.py for tasks to queue
[2026-07-10T14:35:57.217+0000] {logging_mixin.py:151} INFO - [2026-07-10T14:35:57.217+0000] {dagbag.py:536} INFO - Filling up the DagBag from /opt/airflow/dags/dag_suivi.py
[2026-07-10T14:35:57.252+0000] {processor.py:839} INFO - DAG(s) dict_keys(['pipeline_ingestion_suivi']) retrieved from /opt/airflow/dags/dag_suivi.py
[2026-07-10T14:35:57.296+0000] {logging_mixin.py:151} INFO - [2026-07-10T14:35:57.296+0000] {dag.py:2941} INFO - Sync 1 DAGs
[2026-07-10T14:35:57.325+0000] {logging_mixin.py:151} INFO - [2026-07-10T14:35:57.325+0000] {dag.py:3722} INFO - Setting next_dagrun for pipeline_ingestion_suivi to 2026-07-10T14:00:00+00:00, run_after=2026-07-10T15:00:00+00:00
[2026-07-10T14:35:57.363+0000] {processor.py:179} INFO - Processing /opt/airflow/dags/dag_suivi.py took 0.152 seconds
[2026-07-10T14:36:27.477+0000] {processor.py:157} INFO - Started process (PID=9666) to work on /opt/airflow/dags/dag_suivi.py
[2026-07-10T14:36:27.478+0000] {processor.py:829} INFO - Processing file /opt/airflow/dags/dag_suivi.py for tasks to queue
[2026-07-10T14:36:27.480+0000] {logging_mixin.py:151} INFO - [2026-07-10T14:36:27.480+0000] {dagbag.py:536} INFO - Filling up the DagBag from /opt/airflow/dags/dag_suivi.py
[2026-07-10T14:36:27.515+0000] {processor.py:839} INFO - DAG(s) dict_keys(['pipeline_ingestion_suivi']) retrieved from /opt/airflow/dags/dag_suivi.py
[2026-07-10T14:36:27.554+0000] {logging_mixin.py:151} INFO - [2026-07-10T14:36:27.554+0000] {dag.py:2941} INFO - Sync 1 DAGs
[2026-07-10T14:36:27.584+0000] {logging_mixin.py:151} INFO - [2026-07-10T14:36:27.584+0000] {dag.py:3722} INFO - Setting next_dagrun for pipeline_ingestion_suivi to 2026-07-10T14:00:00+00:00, run_after=2026-07-10T15:00:00+00:00
[2026-07-10T14:36:27.625+0000] {processor.py:179} INFO - Processing /opt/airflow/dags/dag_suivi.py took 0.153 seconds
[2026-07-10T14:36:57.852+0000] {processor.py:157} INFO - Started process (PID=9671) to work on /opt/airflow/dags/dag_suivi.py
[2026-07-10T14:36:57.853+0000] {processor.py:829} INFO - Processing file /opt/airflow/dags/dag_suivi.py for tasks to queue
[2026-07-10T14:36:57.855+0000] {logging_mixin.py:151} INFO - [2026-07-10T14:36:57.854+0000] {dagbag.py:536} INFO - Filling up the DagBag from /opt/airflow/dags/dag_suivi.py
[2026-07-10T14:36:57.891+0000] {processor.py:839} INFO - DAG(s) dict_keys(['pipeline_ingestion_suivi']) retrieved from /opt/airflow/dags/dag_suivi.py
[2026-07-10T14:36:57.925+0000] {logging_mixin.py:151} INFO - [2026-07-10T14:36:57.924+0000] {dag.py:2941} INFO - Sync 1 DAGs
[2026-07-10T14:36:57.953+0000] {logging_mixin.py:151} INFO - [2026-07-10T14:36:57.952+0000] {dag.py:3722} INFO - Setting next_dagrun for pipeline_ingestion_suivi to 2026-07-10T14:00:00+00:00, run_after=2026-07-10T15:00:00+00:00
[2026-07-10T14:36:57.987+0000] {processor.py:179} INFO - Processing /opt/airflow/dags/dag_suivi.py took 0.139 seconds
[2026-07-10T14:37:28.101+0000] {processor.py:157} INFO - Started process (PID=9676) to work on /opt/airflow/dags/dag_suivi.py
[2026-07-10T14:37:28.102+0000] {processor.py:829} INFO - Processing file /opt/airflow/dags/dag_suivi.py for tasks to queue
[2026-07-10T14:37:28.104+0000] {logging_mixin.py:151} INFO - [2026-07-10T14:37:28.103+0000] {dagbag.py:536} INFO - Filling up the DagBag from /opt/airflow/dags/dag_suivi.py
[2026-07-10T14:37:28.128+0000] {processor.py:839} INFO - DAG(s) dict_keys(['pipeline_ingestion_suivi']) retrieved from /opt/airflow/dags/dag_suivi.py
[2026-07-10T14:37:28.156+0000] {logging_mixin.py:151} INFO - [2026-07-10T14:37:28.156+0000] {dag.py:2941} INFO - Sync 1 DAGs
[2026-07-10T14:37:28.183+0000] {logging_mixin.py:151} INFO - [2026-07-10T14:37:28.183+0000] {dag.py:3722} INFO - Setting next_dagrun for pipeline_ingestion_suivi to 2026-07-10T14:00:00+00:00, run_after=2026-07-10T15:00:00+00:00
[2026-07-10T14:37:28.208+0000] {processor.py:179} INFO - Processing /opt/airflow/dags/dag_suivi.py took 0.110 seconds
[2026-07-10T14:37:58.457+0000] {processor.py:157} INFO - Started process (PID=9681) to work on /opt/airflow/dags/dag_suivi.py
[2026-07-10T14:37:58.459+0000] {processor.py:829} INFO - Processing file /opt/airflow/dags/dag_suivi.py for tasks to queue
[2026-07-10T14:37:58.460+0000] {logging_mixin.py:151} INFO - [2026-07-10T14:37:58.460+0000] {dagbag.py:536} INFO - Filling up the DagBag from /opt/airflow/dags/dag_suivi.py
[2026-07-10T14:37:58.498+0000] {processor.py:839} INFO - DAG(s) dict_keys(['pipeline_ingestion_suivi']) retrieved from /opt/airflow/dags/dag_suivi.py
[2026-07-10T14:37:58.538+0000] {logging_mixin.py:151} INFO - [2026-07-10T14:37:58.538+0000] {dag.py:2941} INFO - Sync 1 DAGs
[2026-07-10T14:37:58.573+0000] {logging_mixin.py:151} INFO - [2026-07-10T14:37:58.573+0000] {dag.py:3722} INFO - Setting next_dagrun for pipeline_ingestion_suivi to 2026-07-10T14:00:00+00:00, run_after=2026-07-10T15:00:00+00:00
[2026-07-10T14:37:58.602+0000] {processor.py:179} INFO - Processing /opt/airflow/dags/dag_suivi.py took 0.148 seconds
[2026-07-10T14:38:28.701+0000] {processor.py:157} INFO - Started process (PID=9686) to work on /opt/airflow/dags/dag_suivi.py
[2026-07-10T14:38:28.702+0000] {processor.py:829} INFO - Processing file /opt/airflow/dags/dag_suivi.py for tasks to queue
[2026-07-10T14:38:28.703+0000] {logging_mixin.py:151} INFO - [2026-07-10T14:38:28.702+0000] {dagbag.py:536} INFO - Filling up the DagBag from /opt/airflow/dags/dag_suivi.py
[2026-07-10T14:38:28.731+0000] {processor.py:839} INFO - DAG(s) dict_keys(['pipeline_ingestion_suivi']) retrieved from /opt/airflow/dags/dag_suivi.py
[2026-07-10T14:38:28.768+0000] {logging_mixin.py:151} INFO - [2026-07-10T14:38:28.767+0000] {dag.py:2941} INFO - Sync 1 DAGs
[2026-07-10T14:38:28.792+0000] {logging_mixin.py:151} INFO - [2026-07-10T14:38:28.792+0000] {dag.py:3722} INFO - Setting next_dagrun for pipeline_ingestion_suivi to 2026-07-10T14:00:00+00:00, run_after=2026-07-10T15:00:00+00:00
[2026-07-10T14:38:28.813+0000] {processor.py:179} INFO - Processing /opt/airflow/dags/dag_suivi.py took 0.116 seconds
[2026-07-10T14:38:59.110+0000] {processor.py:157} INFO - Started process (PID=9691) to work on /opt/airflow/dags/dag_suivi.py
[2026-07-10T14:38:59.111+0000] {processor.py:829} INFO - Processing file /opt/airflow/dags/dag_suivi.py for tasks to queue
[2026-07-10T14:38:59.112+0000] {logging_mixin.py:151} INFO - [2026-07-10T14:38:59.112+0000] {dagbag.py:536} INFO - Filling up the DagBag from /opt/airflow/dags/dag_suivi.py
[2026-07-10T14:38:59.137+0000] {processor.py:839} INFO - DAG(s) dict_keys(['pipeline_ingestion_suivi']) retrieved from /opt/airflow/dags/dag_suivi.py
[2026-07-10T14:38:59.171+0000] {logging_mixin.py:151} INFO - [2026-07-10T14:38:59.171+0000] {dag.py:2941} INFO - Sync 1 DAGs
[2026-07-10T14:38:59.197+0000] {logging_mixin.py:151} INFO - [2026-07-10T14:38:59.196+0000] {dag.py:3722} INFO - Setting next_dagrun for pipeline_ingestion_suivi to 2026-07-10T14:00:00+00:00, run_after=2026-07-10T15:00:00+00:00
[2026-07-10T14:38:59.223+0000] {processor.py:179} INFO - Processing /opt/airflow/dags/dag_suivi.py took 0.116 seconds
[2026-07-10T14:39:29.363+0000] {processor.py:157} INFO - Started process (PID=9696) to work on /opt/airflow/dags/dag_suivi.py
[2026-07-10T14:39:29.364+0000] {processor.py:829} INFO - Processing file /opt/airflow/dags/dag_suivi.py for tasks to queue
[2026-07-10T14:39:29.366+0000] {logging_mixin.py:151} INFO - [2026-07-10T14:39:29.365+0000] {dagbag.py:536} INFO - Filling up the DagBag from /opt/airflow/dags/dag_suivi.py
[2026-07-10T14:39:29.390+0000] {processor.py:839} INFO - DAG(s) dict_keys(['pipeline_ingestion_suivi']) retrieved from /opt/airflow/dags/dag_suivi.py
[2026-07-10T14:39:29.421+0000] {logging_mixin.py:151} INFO - [2026-07-10T14:39:29.421+0000] {dag.py:2941} INFO - Sync 1 DAGs
[2026-07-10T14:39:29.452+0000] {logging_mixin.py:151} INFO - [2026-07-10T14:39:29.452+0000] {dag.py:3722} INFO - Setting next_dagrun for pipeline_ingestion_suivi to 2026-07-10T14:00:00+00:00, run_after=2026-07-10T15:00:00+00:00
[2026-07-10T14:39:29.477+0000] {processor.py:179} INFO - Processing /opt/airflow/dags/dag_suivi.py took 0.118 seconds
[2026-07-10T14:39:59.717+0000] {processor.py:157} INFO - Started process (PID=9701) to work on /opt/airflow/dags/dag_suivi.py
[2026-07-10T14:39:59.718+0000] {processor.py:829} INFO - Processing file /opt/airflow/dags/dag_suivi.py for tasks to queue
[2026-07-10T14:39:59.719+0000] {logging_mixin.py:151} INFO - [2026-07-10T14:39:59.719+0000] {dagbag.py:536} INFO - Filling up the DagBag from /opt/airflow/dags/dag_suivi.py
[2026-07-10T14:39:59.748+0000] {processor.py:839} INFO - DAG(s) dict_keys(['pipeline_ingestion_suivi']) retrieved from /opt/airflow/dags/dag_suivi.py
[2026-07-10T14:39:59.780+0000] {logging_mixin.py:151} INFO - [2026-07-10T14:39:59.780+0000] {dag.py:2941} INFO - Sync 1 DAGs
[2026-07-10T14:39:59.810+0000] {logging_mixin.py:151} INFO - [2026-07-10T14:39:59.810+0000] {dag.py:3722} INFO - Setting next_dagrun for pipeline_ingestion_suivi to 2026-07-10T14:00:00+00:00, run_after=2026-07-10T15:00:00+00:00
[2026-07-10T14:39:59.848+0000] {processor.py:179} INFO - Processing /opt/airflow/dags/dag_suivi.py took 0.133 seconds
[2026-07-10T14:40:29.968+0000] {processor.py:157} INFO - Started process (PID=9706) to work on /opt/airflow/dags/dag_suivi.py
[2026-07-10T14:40:29.970+0000] {processor.py:829} INFO - Processing file /opt/airflow/dags/dag_suivi.py for tasks to queue
[2026-07-10T14:40:29.972+0000] {logging_mixin.py:151} INFO - [2026-07-10T14:40:29.971+0000] {dagbag.py:536} INFO - Filling up the DagBag from /opt/airflow/dags/dag_suivi.py
[2026-07-10T14:40:30.003+0000] {processor.py:839} INFO - DAG(s) dict_keys(['pipeline_ingestion_suivi']) retrieved from /opt/airflow/dags/dag_suivi.py
[2026-07-10T14:40:30.044+0000] {logging_mixin.py:151} INFO - [2026-07-10T14:40:30.044+0000] {dag.py:2941} INFO - Sync 1 DAGs
[2026-07-10T14:40:30.076+0000] {logging_mixin.py:151} INFO - [2026-07-10T14:40:30.076+0000] {dag.py:3722} INFO - Setting next_dagrun for pipeline_ingestion_suivi to 2026-07-10T14:00:00+00:00, run_after=2026-07-10T15:00:00+00:00
[2026-07-10T14:40:30.105+0000] {processor.py:179} INFO - Processing /opt/airflow/dags/dag_suivi.py took 0.142 seconds
[2026-07-10T14:41:00.319+0000] {processor.py:157} INFO - Started process (PID=9711) to work on /opt/airflow/dags/dag_suivi.py
[2026-07-10T14:41:00.320+0000] {processor.py:829} INFO - Processing file /opt/airflow/dags/dag_suivi.py for tasks to queue
[2026-07-10T14:41:00.321+0000] {logging_mixin.py:151} INFO - [2026-07-10T14:41:00.321+0000] {dagbag.py:536} INFO - Filling up the DagBag from /opt/airflow/dags/dag_suivi.py
[2026-07-10T14:41:00.345+0000] {processor.py:839} INFO - DAG(s) dict_keys(['pipeline_ingestion_suivi']) retrieved from /opt/airflow/dags/dag_suivi.py
[2026-07-10T14:41:00.375+0000] {logging_mixin.py:151} INFO - [2026-07-10T14:41:00.374+0000] {dag.py:2941} INFO - Sync 1 DAGs
[2026-07-10T14:41:00.398+0000] {logging_mixin.py:151} INFO - [2026-07-10T14:41:00.398+0000] {dag.py:3722} INFO - Setting next_dagrun for pipeline_ingestion_suivi to 2026-07-10T14:00:00+00:00, run_after=2026-07-10T15:00:00+00:00
[2026-07-10T14:41:00.420+0000] {processor.py:179} INFO - Processing /opt/airflow/dags/dag_suivi.py took 0.104 seconds
[2026-07-10T14:41:30.598+0000] {processor.py:157} INFO - Started process (PID=9716) to work on /opt/airflow/dags/dag_suivi.py
[2026-07-10T14:41:30.600+0000] {processor.py:829} INFO - Processing file /opt/airflow/dags/dag_suivi.py for tasks to queue
[2026-07-10T14:41:30.602+0000] {logging_mixin.py:151} INFO - [2026-07-10T14:41:30.601+0000] {dagbag.py:536} INFO - Filling up the DagBag from /opt/airflow/dags/dag_suivi.py
[2026-07-10T14:41:30.638+0000] {processor.py:839} INFO - DAG(s) dict_keys(['pipeline_ingestion_suivi']) retrieved from /opt/airflow/dags/dag_suivi.py
[2026-07-10T14:41:30.673+0000] {logging_mixin.py:151} INFO - [2026-07-10T14:41:30.672+0000] {dag.py:2941} INFO - Sync 1 DAGs
[2026-07-10T14:41:30.695+0000] {logging_mixin.py:151} INFO - [2026-07-10T14:41:30.695+0000] {dag.py:3722} INFO - Setting next_dagrun for pipeline_ingestion_suivi to 2026-07-10T14:00:00+00:00, run_after=2026-07-10T15:00:00+00:00
[2026-07-10T14:41:30.716+0000] {processor.py:179} INFO - Processing /opt/airflow/dags/dag_suivi.py took 0.122 seconds
[2026-07-10T14:42:00.920+0000] {processor.py:157} INFO - Started process (PID=9721) to work on /opt/airflow/dags/dag_suivi.py
[2026-07-10T14:42:00.921+0000] {processor.py:829} INFO - Processing file /opt/airflow/dags/dag_suivi.py for tasks to queue
[2026-07-10T14:42:00.923+0000] {logging_mixin.py:151} INFO - [2026-07-10T14:42:00.922+0000] {dagbag.py:536} INFO - Filling up the DagBag from /opt/airflow/dags/dag_suivi.py
[2026-07-10T14:42:00.962+0000] {processor.py:839} INFO - DAG(s) dict_keys(['pipeline_ingestion_suivi']) retrieved from /opt/airflow/dags/dag_suivi.py
[2026-07-10T14:42:00.999+0000] {logging_mixin.py:151} INFO - [2026-07-10T14:42:00.998+0000] {dag.py:2941} INFO - Sync 1 DAGs
[2026-07-10T14:42:01.029+0000] {logging_mixin.py:151} INFO - [2026-07-10T14:42:01.029+0000] {dag.py:3722} INFO - Setting next_dagrun for pipeline_ingestion_suivi to 2026-07-10T14:00:00+00:00, run_after=2026-07-10T15:00:00+00:00
[2026-07-10T14:42:01.055+0000] {processor.py:179} INFO - Processing /opt/airflow/dags/dag_suivi.py took 0.138 seconds
[2026-07-10T14:42:31.176+0000] {processor.py:157} INFO - Started process (PID=9726) to work on /opt/airflow/dags/dag_suivi.py
[2026-07-10T14:42:31.177+0000] {processor.py:829} INFO - Processing file /opt/airflow/dags/dag_suivi.py for tasks to queue
[2026-07-10T14:42:31.179+0000] {logging_mixin.py:151} INFO - [2026-07-10T14:42:31.179+0000] {dagbag.py:536} INFO - Filling up the DagBag from /opt/airflow/dags/dag_suivi.py
[2026-07-10T14:42:31.215+0000] {processor.py:839} INFO - DAG(s) dict_keys(['pipeline_ingestion_suivi']) retrieved from /opt/airflow/dags/dag_suivi.py
[2026-07-10T14:42:31.259+0000] {logging_mixin.py:151} INFO - [2026-07-10T14:42:31.259+0000] {dag.py:2941} INFO - Sync 1 DAGs
[2026-07-10T14:42:31.289+0000] {logging_mixin.py:151} INFO - [2026-07-10T14:42:31.289+0000] {dag.py:3722} INFO - Setting next_dagrun for pipeline_ingestion_suivi to 2026-07-10T14:00:00+00:00, run_after=2026-07-10T15:00:00+00:00
[2026-07-10T14:42:31.325+0000] {processor.py:179} INFO - Processing /opt/airflow/dags/dag_suivi.py took 0.154 seconds
[2026-07-10T14:43:01.573+0000] {processor.py:157} INFO - Started process (PID=9731) to work on /opt/airflow/dags/dag_suivi.py
[2026-07-10T14:43:01.574+0000] {processor.py:829} INFO - Processing file /opt/airflow/dags/dag_suivi.py for tasks to queue
[2026-07-10T14:43:01.576+0000] {logging_mixin.py:151} INFO - [2026-07-10T14:43:01.575+0000] {dagbag.py:536} INFO - Filling up the DagBag from /opt/airflow/dags/dag_suivi.py
[2026-07-10T14:43:01.605+0000] {processor.py:839} INFO - DAG(s) dict_keys(['pipeline_ingestion_suivi']) retrieved from /opt/airflow/dags/dag_suivi.py
[2026-07-10T14:43:01.645+0000] {logging_mixin.py:151} INFO - [2026-07-10T14:43:01.645+0000] {dag.py:2941} INFO - Sync 1 DAGs
[2026-07-10T14:43:01.671+0000] {logging_mixin.py:151} INFO - [2026-07-10T14:43:01.671+0000] {dag.py:3722} INFO - Setting next_dagrun for pipeline_ingestion_suivi to 2026-07-10T14:00:00+00:00, run_after=2026-07-10T15:00:00+00:00
[2026-07-10T14:43:01.700+0000] {processor.py:179} INFO - Processing /opt/airflow/dags/dag_suivi.py took 0.130 seconds
[2026-07-10T14:43:31.834+0000] {processor.py:157} INFO - Started process (PID=9736) to work on /opt/airflow/dags/dag_suivi.py
[2026-07-10T14:43:31.835+0000] {processor.py:829} INFO - Processing file /opt/airflow/dags/dag_suivi.py for tasks to queue
[2026-07-10T14:43:31.837+0000] {logging_mixin.py:151} INFO - [2026-07-10T14:43:31.836+0000] {dagbag.py:536} INFO - Filling up the DagBag from /opt/airflow/dags/dag_suivi.py
[2026-07-10T14:43:31.882+0000] {processor.py:839} INFO - DAG(s) dict_keys(['pipeline_ingestion_suivi']) retrieved from /opt/airflow/dags/dag_suivi.py
[2026-07-10T14:43:31.926+0000] {logging_mixin.py:151} INFO - [2026-07-10T14:43:31.926+0000] {dag.py:2941} INFO - Sync 1 DAGs
[2026-07-10T14:43:31.970+0000] {logging_mixin.py:151} INFO - [2026-07-10T14:43:31.970+0000] {dag.py:3722} INFO - Setting next_dagrun for pipeline_ingestion_suivi to 2026-07-10T14:00:00+00:00, run_after=2026-07-10T15:00:00+00:00
[2026-07-10T14:43:32.008+0000] {processor.py:179} INFO - Processing /opt/airflow/dags/dag_suivi.py took 0.179 seconds
[2026-07-10T14:44:02.248+0000] {processor.py:157} INFO - Started process (PID=9741) to work on /opt/airflow/dags/dag_suivi.py
[2026-07-10T14:44:02.250+0000] {processor.py:829} INFO - Processing file /opt/airflow/dags/dag_suivi.py for tasks to queue
[2026-07-10T14:44:02.251+0000] {logging_mixin.py:151} INFO - [2026-07-10T14:44:02.251+0000] {dagbag.py:536} INFO - Filling up the DagBag from /opt/airflow/dags/dag_suivi.py
[2026-07-10T14:44:02.295+0000] {processor.py:839} INFO - DAG(s) dict_keys(['pipeline_ingestion_suivi']) retrieved from /opt/airflow/dags/dag_suivi.py
[2026-07-10T14:44:02.331+0000] {logging_mixin.py:151} INFO - [2026-07-10T14:44:02.330+0000] {dag.py:2941} INFO - Sync 1 DAGs
[2026-07-10T14:44:02.367+0000] {logging_mixin.py:151} INFO - [2026-07-10T14:44:02.367+0000] {dag.py:3722} INFO - Setting next_dagrun for pipeline_ingestion_suivi to 2026-07-10T14:00:00+00:00, run_after=2026-07-10T15:00:00+00:00
[2026-07-10T14:44:02.439+0000] {processor.py:179} INFO - Processing /opt/airflow/dags/dag_suivi.py took 0.195 seconds
[2026-07-10T14:44:32.733+0000] {processor.py:157} INFO - Started process (PID=9746) to work on /opt/airflow/dags/dag_suivi.py
[2026-07-10T14:44:32.735+0000] {processor.py:829} INFO - Processing file /opt/airflow/dags/dag_suivi.py for tasks to queue
[2026-07-10T14:44:32.736+0000] {logging_mixin.py:151} INFO - [2026-07-10T14:44:32.736+0000] {dagbag.py:536} INFO - Filling up the DagBag from /opt/airflow/dags/dag_suivi.py
[2026-07-10T14:44:32.775+0000] {processor.py:839} INFO - DAG(s) dict_keys(['pipeline_ingestion_suivi']) retrieved from /opt/airflow/dags/dag_suivi.py
[2026-07-10T14:44:32.810+0000] {logging_mixin.py:151} INFO - [2026-07-10T14:44:32.810+0000] {dag.py:2941} INFO - Sync 1 DAGs
[2026-07-10T14:44:32.834+0000] {logging_mixin.py:151} INFO - [2026-07-10T14:44:32.834+0000] {dag.py:3722} INFO - Setting next_dagrun for pipeline_ingestion_suivi to 2026-07-10T14:00:00+00:00, run_after=2026-07-10T15:00:00+00:00
[2026-07-10T14:44:32.869+0000] {processor.py:179} INFO - Processing /opt/airflow/dags/dag_suivi.py took 0.140 seconds
[2026-07-10T14:45:02.978+0000] {processor.py:157} INFO - Started process (PID=9751) to work on /opt/airflow/dags/dag_suivi.py
[2026-07-10T14:45:02.979+0000] {processor.py:829} INFO - Processing file /opt/airflow/dags/dag_suivi.py for tasks to queue
[2026-07-10T14:45:02.980+0000] {logging_mixin.py:151} INFO - [2026-07-10T14:45:02.980+0000] {dagbag.py:536} INFO - Filling up the DagBag from /opt/airflow/dags/dag_suivi.py
[2026-07-10T14:45:03.003+0000] {processor.py:839} INFO - DAG(s) dict_keys(['pipeline_ingestion_suivi']) retrieved from /opt/airflow/dags/dag_suivi.py
[2026-07-10T14:45:03.031+0000] {logging_mixin.py:151} INFO - [2026-07-10T14:45:03.031+0000] {dag.py:2941} INFO - Sync 1 DAGs
[2026-07-10T14:45:03.060+0000] {logging_mixin.py:151} INFO - [2026-07-10T14:45:03.060+0000] {dag.py:3722} INFO - Setting next_dagrun for pipeline_ingestion_suivi to 2026-07-10T14:00:00+00:00, run_after=2026-07-10T15:00:00+00:00
[2026-07-10T14:45:03.086+0000] {processor.py:179} INFO - Processing /opt/airflow/dags/dag_suivi.py took 0.112 seconds
[2026-07-10T14:45:33.362+0000] {processor.py:157} INFO - Started process (PID=9756) to work on /opt/airflow/dags/dag_suivi.py
[2026-07-10T14:45:33.364+0000] {processor.py:829} INFO - Processing file /opt/airflow/dags/dag_suivi.py for tasks to queue
[2026-07-10T14:45:33.365+0000] {logging_mixin.py:151} INFO - [2026-07-10T14:45:33.365+0000] {dagbag.py:536} INFO - Filling up the DagBag from /opt/airflow/dags/dag_suivi.py
[2026-07-10T14:45:33.408+0000] {processor.py:839} INFO - DAG(s) dict_keys(['pipeline_ingestion_suivi']) retrieved from /opt/airflow/dags/dag_suivi.py
[2026-07-10T14:45:33.445+0000] {logging_mixin.py:151} INFO - [2026-07-10T14:45:33.445+0000] {dag.py:2941} INFO - Sync 1 DAGs
[2026-07-10T14:45:33.476+0000] {logging_mixin.py:151} INFO - [2026-07-10T14:45:33.476+0000] {dag.py:3722} INFO - Setting next_dagrun for pipeline_ingestion_suivi to 2026-07-10T14:00:00+00:00, run_after=2026-07-10T15:00:00+00:00
[2026-07-10T14:45:33.507+0000] {processor.py:179} INFO - Processing /opt/airflow/dags/dag_suivi.py took 0.149 seconds
[2026-07-10T14:46:03.612+0000] {processor.py:157} INFO - Started process (PID=9761) to work on /opt/airflow/dags/dag_suivi.py
[2026-07-10T14:46:03.613+0000] {processor.py:829} INFO - Processing file /opt/airflow/dags/dag_suivi.py for tasks to queue
[2026-07-10T14:46:03.615+0000] {logging_mixin.py:151} INFO - [2026-07-10T14:46:03.615+0000] {dagbag.py:536} INFO - Filling up the DagBag from /opt/airflow/dags/dag_suivi.py
[2026-07-10T14:46:03.652+0000] {processor.py:839} INFO - DAG(s) dict_keys(['pipeline_ingestion_suivi']) retrieved from /opt/airflow/dags/dag_suivi.py
[2026-07-10T14:46:03.694+0000] {logging_mixin.py:151} INFO - [2026-07-10T14:46:03.694+0000] {dag.py:2941} INFO - Sync 1 DAGs
[2026-07-10T14:46:03.720+0000] {logging_mixin.py:151} INFO - [2026-07-10T14:46:03.720+0000] {dag.py:3722} INFO - Setting next_dagrun for pipeline_ingestion_suivi to 2026-07-10T14:00:00+00:00, run_after=2026-07-10T15:00:00+00:00
[2026-07-10T14:46:03.758+0000] {processor.py:179} INFO - Processing /opt/airflow/dags/dag_suivi.py took 0.150 seconds
[2026-07-10T14:46:33.995+0000] {processor.py:157} INFO - Started process (PID=9766) to work on /opt/airflow/dags/dag_suivi.py
[2026-07-10T14:46:33.996+0000] {processor.py:829} INFO - Processing file /opt/airflow/dags/dag_suivi.py for tasks to queue
[2026-07-10T14:46:33.997+0000] {logging_mixin.py:151} INFO - [2026-07-10T14:46:33.997+0000] {dagbag.py:536} INFO - Filling up the DagBag from /opt/airflow/dags/dag_suivi.py
[2026-07-10T14:46:34.037+0000] {processor.py:839} INFO - DAG(s) dict_keys(['pipeline_ingestion_suivi']) retrieved from /opt/airflow/dags/dag_suivi.py
[2026-07-10T14:46:34.070+0000] {logging_mixin.py:151} INFO - [2026-07-10T14:46:34.070+0000] {dag.py:2941} INFO - Sync 1 DAGs
[2026-07-10T14:46:34.096+0000] {logging_mixin.py:151} INFO - [2026-07-10T14:46:34.096+0000] {dag.py:3722} INFO - Setting next_dagrun for pipeline_ingestion_suivi to 2026-07-10T14:00:00+00:00, run_after=2026-07-10T15:00:00+00:00
[2026-07-10T14:46:34.126+0000] {processor.py:179} INFO - Processing /opt/airflow/dags/dag_suivi.py took 0.135 seconds
[2026-07-10T14:47:04.244+0000] {processor.py:157} INFO - Started process (PID=9771) to work on /opt/airflow/dags/dag_suivi.py
[2026-07-10T14:47:04.245+0000] {processor.py:829} INFO - Processing file /opt/airflow/dags/dag_suivi.py for tasks to queue
[2026-07-10T14:47:04.247+0000] {logging_mixin.py:151} INFO - [2026-07-10T14:47:04.247+0000] {dagbag.py:536} INFO - Filling up the DagBag from /opt/airflow/dags/dag_suivi.py
[2026-07-10T14:47:04.286+0000] {processor.py:839} INFO - DAG(s) dict_keys(['pipeline_ingestion_suivi']) retrieved from /opt/airflow/dags/dag_suivi.py
[2026-07-10T14:47:04.323+0000] {logging_mixin.py:151} INFO - [2026-07-10T14:47:04.322+0000] {dag.py:2941} INFO - Sync 1 DAGs
[2026-07-10T14:47:04.353+0000] {logging_mixin.py:151} INFO - [2026-07-10T14:47:04.353+0000] {dag.py:3722} INFO - Setting next_dagrun for pipeline_ingestion_suivi to 2026-07-10T14:00:00+00:00, run_after=2026-07-10T15:00:00+00:00
[2026-07-10T14:47:04.391+0000] {processor.py:179} INFO - Processing /opt/airflow/dags/dag_suivi.py took 0.153 seconds
[2026-07-10T14:47:34.606+0000] {processor.py:157} INFO - Started process (PID=9776) to work on /opt/airflow/dags/dag_suivi.py
[2026-07-10T14:47:34.607+0000] {processor.py:829} INFO - Processing file /opt/airflow/dags/dag_suivi.py for tasks to queue
[2026-07-10T14:47:34.609+0000] {logging_mixin.py:151} INFO - [2026-07-10T14:47:34.608+0000] {dagbag.py:536} INFO - Filling up the DagBag from /opt/airflow/dags/dag_suivi.py
[2026-07-10T14:47:34.643+0000] {processor.py:839} INFO - DAG(s) dict_keys(['pipeline_ingestion_suivi']) retrieved from /opt/airflow/dags/dag_suivi.py
[2026-07-10T14:47:34.676+0000] {logging_mixin.py:151} INFO - [2026-07-10T14:47:34.676+0000] {dag.py:2941} INFO - Sync 1 DAGs
[2026-07-10T14:47:34.704+0000] {logging_mixin.py:151} INFO - [2026-07-10T14:47:34.703+0000] {dag.py:3722} INFO - Setting next_dagrun for pipeline_ingestion_suivi to 2026-07-10T14:00:00+00:00, run_after=2026-07-10T15:00:00+00:00
[2026-07-10T14:47:34.728+0000] {processor.py:179} INFO - Processing /opt/airflow/dags/dag_suivi.py took 0.127 seconds
[2026-07-10T14:48:04.887+0000] {processor.py:157} INFO - Started process (PID=9781) to work on /opt/airflow/dags/dag_suivi.py
[2026-07-10T14:48:04.888+0000] {processor.py:829} INFO - Processing file /opt/airflow/dags/dag_suivi.py for tasks to queue
[2026-07-10T14:48:04.891+0000] {logging_mixin.py:151} INFO - [2026-07-10T14:48:04.890+0000] {dagbag.py:536} INFO - Filling up the DagBag from /opt/airflow/dags/dag_suivi.py
[2026-07-10T14:48:04.930+0000] {processor.py:839} INFO - DAG(s) dict_keys(['pipeline_ingestion_suivi']) retrieved from /opt/airflow/dags/dag_suivi.py
[2026-07-10T14:48:04.971+0000] {logging_mixin.py:151} INFO - [2026-07-10T14:48:04.971+0000] {dag.py:2941} INFO - Sync 1 DAGs
[2026-07-10T14:48:05.004+0000] {logging_mixin.py:151} INFO - [2026-07-10T14:48:05.003+0000] {dag.py:3722} INFO - Setting next_dagrun for pipeline_ingestion_suivi to 2026-07-10T14:00:00+00:00, run_after=2026-07-10T15:00:00+00:00
[2026-07-10T14:48:05.035+0000] {processor.py:179} INFO - Processing /opt/airflow/dags/dag_suivi.py took 0.152 seconds
[2026-07-10T14:48:35.266+0000] {processor.py:157} INFO - Started process (PID=9786) to work on /opt/airflow/dags/dag_suivi.py
[2026-07-10T14:48:35.267+0000] {processor.py:829} INFO - Processing file /opt/airflow/dags/dag_suivi.py for tasks to queue
[2026-07-10T14:48:35.268+0000] {logging_mixin.py:151} INFO - [2026-07-10T14:48:35.268+0000] {dagbag.py:536} INFO - Filling up the DagBag from /opt/airflow/dags/dag_suivi.py
[2026-07-10T14:48:35.293+0000] {processor.py:839} INFO - DAG(s) dict_keys(['pipeline_ingestion_suivi']) retrieved from /opt/airflow/dags/dag_suivi.py
[2026-07-10T14:48:35.321+0000] {logging_mixin.py:151} INFO - [2026-07-10T14:48:35.321+0000] {dag.py:2941} INFO - Sync 1 DAGs
[2026-07-10T14:48:35.348+0000] {logging_mixin.py:151} INFO - [2026-07-10T14:48:35.348+0000] {dag.py:3722} INFO - Setting next_dagrun for pipeline_ingestion_suivi to 2026-07-10T14:00:00+00:00, run_after=2026-07-10T15:00:00+00:00
[2026-07-10T14:48:35.372+0000] {processor.py:179} INFO - Processing /opt/airflow/dags/dag_suivi.py took 0.109 seconds
[2026-07-10T14:49:05.517+0000] {processor.py:157} INFO - Started process (PID=9791) to work on /opt/airflow/dags/dag_suivi.py
[2026-07-10T14:49:05.518+0000] {processor.py:829} INFO - Processing file /opt/airflow/dags/dag_suivi.py for tasks to queue
[2026-07-10T14:49:05.519+0000] {logging_mixin.py:151} INFO - [2026-07-10T14:49:05.519+0000] {dagbag.py:536} INFO - Filling up the DagBag from /opt/airflow/dags/dag_suivi.py
[2026-07-10T14:49:05.561+0000] {processor.py:839} INFO - DAG(s) dict_keys(['pipeline_ingestion_suivi']) retrieved from /opt/airflow/dags/dag_suivi.py
[2026-07-10T14:49:05.601+0000] {logging_mixin.py:151} INFO - [2026-07-10T14:49:05.601+0000] {dag.py:2941} INFO - Sync 1 DAGs
[2026-07-10T14:49:05.627+0000] {logging_mixin.py:151} INFO - [2026-07-10T14:49:05.627+0000] {dag.py:3722} INFO - Setting next_dagrun for pipeline_ingestion_suivi to 2026-07-10T14:00:00+00:00, run_after=2026-07-10T15:00:00+00:00
[2026-07-10T14:49:05.653+0000] {processor.py:179} INFO - Processing /opt/airflow/dags/dag_suivi.py took 0.141 seconds
[2026-07-10T14:49:35.857+0000] {processor.py:157} INFO - Started process (PID=9796) to work on /opt/airflow/dags/dag_suivi.py
[2026-07-10T14:49:35.858+0000] {processor.py:829} INFO - Processing file /opt/airflow/dags/dag_suivi.py for tasks to queue
[2026-07-10T14:49:35.860+0000] {logging_mixin.py:151} INFO - [2026-07-10T14:49:35.859+0000] {dagbag.py:536} INFO - Filling up the DagBag from /opt/airflow/dags/dag_suivi.py
[2026-07-10T14:49:35.895+0000] {processor.py:839} INFO - DAG(s) dict_keys(['pipeline_ingestion_suivi']) retrieved from /opt/airflow/dags/dag_suivi.py
[2026-07-10T14:49:35.938+0000] {logging_mixin.py:151} INFO - [2026-07-10T14:49:35.938+0000] {dag.py:2941} INFO - Sync 1 DAGs
[2026-07-10T14:49:35.965+0000] {logging_mixin.py:151} INFO - [2026-07-10T14:49:35.965+0000] {dag.py:3722} INFO - Setting next_dagrun for pipeline_ingestion_suivi to 2026-07-10T14:00:00+00:00, run_after=2026-07-10T15:00:00+00:00
[2026-07-10T14:49:35.993+0000] {processor.py:179} INFO - Processing /opt/airflow/dags/dag_suivi.py took 0.142 seconds
[2026-07-10T14:50:06.134+0000] {processor.py:157} INFO - Started process (PID=9801) to work on /opt/airflow/dags/dag_suivi.py
[2026-07-10T14:50:06.135+0000] {processor.py:829} INFO - Processing file /opt/airflow/dags/dag_suivi.py for tasks to queue
[2026-07-10T14:50:06.137+0000] {logging_mixin.py:151} INFO - [2026-07-10T14:50:06.137+0000] {dagbag.py:536} INFO - Filling up the DagBag from /opt/airflow/dags/dag_suivi.py
[2026-07-10T14:50:06.177+0000] {processor.py:839} INFO - DAG(s) dict_keys(['pipeline_ingestion_suivi']) retrieved from /opt/airflow/dags/dag_suivi.py
[2026-07-10T14:50:06.219+0000] {logging_mixin.py:151} INFO - [2026-07-10T14:50:06.219+0000] {dag.py:2941} INFO - Sync 1 DAGs
[2026-07-10T14:50:06.248+0000] {logging_mixin.py:151} INFO - [2026-07-10T14:50:06.248+0000] {dag.py:3722} INFO - Setting next_dagrun for pipeline_ingestion_suivi to 2026-07-10T14:00:00+00:00, run_after=2026-07-10T15:00:00+00:00
[2026-07-10T14:50:06.286+0000] {processor.py:179} INFO - Processing /opt/airflow/dags/dag_suivi.py took 0.157 seconds
[2026-07-10T14:50:36.459+0000] {processor.py:157} INFO - Started process (PID=9806) to work on /opt/airflow/dags/dag_suivi.py
[2026-07-10T14:50:36.460+0000] {processor.py:829} INFO - Processing file /opt/airflow/dags/dag_suivi.py for tasks to queue
[2026-07-10T14:50:36.461+0000] {logging_mixin.py:151} INFO - [2026-07-10T14:50:36.461+0000] {dagbag.py:536} INFO - Filling up the DagBag from /opt/airflow/dags/dag_suivi.py
[2026-07-10T14:50:36.490+0000] {processor.py:839} INFO - DAG(s) dict_keys(['pipeline_ingestion_suivi']) retrieved from /opt/airflow/dags/dag_suivi.py
[2026-07-10T14:50:36.530+0000] {logging_mixin.py:151} INFO - [2026-07-10T14:50:36.530+0000] {dag.py:2941} INFO - Sync 1 DAGs
[2026-07-10T14:50:36.569+0000] {logging_mixin.py:151} INFO - [2026-07-10T14:50:36.568+0000] {dag.py:3722} INFO - Setting next_dagrun for pipeline_ingestion_suivi to 2026-07-10T14:00:00+00:00, run_after=2026-07-10T15:00:00+00:00
[2026-07-10T14:50:36.603+0000] {processor.py:179} INFO - Processing /opt/airflow/dags/dag_suivi.py took 0.147 seconds
[2026-07-10T14:51:06.791+0000] {processor.py:157} INFO - Started process (PID=9811) to work on /opt/airflow/dags/dag_suivi.py
[2026-07-10T14:51:06.792+0000] {processor.py:829} INFO - Processing file /opt/airflow/dags/dag_suivi.py for tasks to queue
[2026-07-10T14:51:06.794+0000] {logging_mixin.py:151} INFO - [2026-07-10T14:51:06.794+0000] {dagbag.py:536} INFO - Filling up the DagBag from /opt/airflow/dags/dag_suivi.py
[2026-07-10T14:51:06.830+0000] {processor.py:839} INFO - DAG(s) dict_keys(['pipeline_ingestion_suivi']) retrieved from /opt/airflow/dags/dag_suivi.py
[2026-07-10T14:51:06.865+0000] {logging_mixin.py:151} INFO - [2026-07-10T14:51:06.865+0000] {dag.py:2941} INFO - Sync 1 DAGs
[2026-07-10T14:51:06.892+0000] {logging_mixin.py:151} INFO - [2026-07-10T14:51:06.892+0000] {dag.py:3722} INFO - Setting next_dagrun for pipeline_ingestion_suivi to 2026-07-10T14:00:00+00:00, run_after=2026-07-10T15:00:00+00:00
[2026-07-10T14:51:06.920+0000] {processor.py:179} INFO - Processing /opt/airflow/dags/dag_suivi.py took 0.133 seconds
[2026-07-10T14:51:37.083+0000] {processor.py:157} INFO - Started process (PID=9816) to work on /opt/airflow/dags/dag_suivi.py
[2026-07-10T14:51:37.084+0000] {processor.py:829} INFO - Processing file /opt/airflow/dags/dag_suivi.py for tasks to queue
[2026-07-10T14:51:37.085+0000] {logging_mixin.py:151} INFO - [2026-07-10T14:51:37.085+0000] {dagbag.py:536} INFO - Filling up the DagBag from /opt/airflow/dags/dag_suivi.py
[2026-07-10T14:51:37.116+0000] {processor.py:839} INFO - DAG(s) dict_keys(['pipeline_ingestion_suivi']) retrieved from /opt/airflow/dags/dag_suivi.py
[2026-07-10T14:51:37.160+0000] {logging_mixin.py:151} INFO - [2026-07-10T14:51:37.160+0000] {dag.py:2941} INFO - Sync 1 DAGs
[2026-07-10T14:51:37.196+0000] {logging_mixin.py:151} INFO - [2026-07-10T14:51:37.196+0000] {dag.py:3722} INFO - Setting next_dagrun for pipeline_ingestion_suivi to 2026-07-10T14:00:00+00:00, run_after=2026-07-10T15:00:00+00:00
[2026-07-10T14:51:37.236+0000] {processor.py:179} INFO - Processing /opt/airflow/dags/dag_suivi.py took 0.157 seconds
[2026-07-10T14:52:07.388+0000] {processor.py:157} INFO - Started process (PID=9821) to work on /opt/airflow/dags/dag_suivi.py
[2026-07-10T14:52:07.389+0000] {processor.py:829} INFO - Processing file /opt/airflow/dags/dag_suivi.py for tasks to queue
[2026-07-10T14:52:07.390+0000] {logging_mixin.py:151} INFO - [2026-07-10T14:52:07.390+0000] {dagbag.py:536} INFO - Filling up the DagBag from /opt/airflow/dags/dag_suivi.py
[2026-07-10T14:52:07.416+0000] {processor.py:839} INFO - DAG(s) dict_keys(['pipeline_ingestion_suivi']) retrieved from /opt/airflow/dags/dag_suivi.py
[2026-07-10T14:52:07.452+0000] {logging_mixin.py:151} INFO - [2026-07-10T14:52:07.452+0000] {dag.py:2941} INFO - Sync 1 DAGs
[2026-07-10T14:52:07.478+0000] {logging_mixin.py:151} INFO - [2026-07-10T14:52:07.478+0000] {dag.py:3722} INFO - Setting next_dagrun for pipeline_ingestion_suivi to 2026-07-10T14:00:00+00:00, run_after=2026-07-10T15:00:00+00:00
[2026-07-10T14:52:07.508+0000] {processor.py:179} INFO - Processing /opt/airflow/dags/dag_suivi.py took 0.124 seconds
[2026-07-10T14:52:37.713+0000] {processor.py:157} INFO - Started process (PID=9826) to work on /opt/airflow/dags/dag_suivi.py
[2026-07-10T14:52:37.714+0000] {processor.py:829} INFO - Processing file /opt/airflow/dags/dag_suivi.py for tasks to queue
[2026-07-10T14:52:37.716+0000] {logging_mixin.py:151} INFO - [2026-07-10T14:52:37.715+0000] {dagbag.py:536} INFO - Filling up the DagBag from /opt/airflow/dags/dag_suivi.py
[2026-07-10T14:52:37.761+0000] {processor.py:839} INFO - DAG(s) dict_keys(['pipeline_ingestion_suivi']) retrieved from /opt/airflow/dags/dag_suivi.py
[2026-07-10T14:52:37.802+0000] {logging_mixin.py:151} INFO - [2026-07-10T14:52:37.802+0000] {dag.py:2941} INFO - Sync 1 DAGs
[2026-07-10T14:52:37.830+0000] {logging_mixin.py:151} INFO - [2026-07-10T14:52:37.829+0000] {dag.py:3722} INFO - Setting next_dagrun for pipeline_ingestion_suivi to 2026-07-10T14:00:00+00:00, run_after=2026-07-10T15:00:00+00:00
[2026-07-10T14:52:37.866+0000] {processor.py:179} INFO - Processing /opt/airflow/dags/dag_suivi.py took 0.158 seconds
[2026-07-10T14:53:08.017+0000] {processor.py:157} INFO - Started process (PID=9831) to work on /opt/airflow/dags/dag_suivi.py
[2026-07-10T14:53:08.019+0000] {processor.py:829} INFO - Processing file /opt/airflow/dags/dag_suivi.py for tasks to queue
[2026-07-10T14:53:08.021+0000] {logging_mixin.py:151} INFO - [2026-07-10T14:53:08.020+0000] {dagbag.py:536} INFO - Filling up the DagBag from /opt/airflow/dags/dag_suivi.py
[2026-07-10T14:53:08.053+0000] {processor.py:839} INFO - DAG(s) dict_keys(['pipeline_ingestion_suivi']) retrieved from /opt/airflow/dags/dag_suivi.py
[2026-07-10T14:53:08.095+0000] {logging_mixin.py:151} INFO - [2026-07-10T14:53:08.095+0000] {dag.py:2941} INFO - Sync 1 DAGs
[2026-07-10T14:53:08.129+0000] {logging_mixin.py:151} INFO - [2026-07-10T14:53:08.129+0000] {dag.py:3722} INFO - Setting next_dagrun for pipeline_ingestion_suivi to 2026-07-10T14:00:00+00:00, run_after=2026-07-10T15:00:00+00:00
[2026-07-10T14:53:08.157+0000] {processor.py:179} INFO - Processing /opt/airflow/dags/dag_suivi.py took 0.145 seconds
[2026-07-10T14:53:38.384+0000] {processor.py:157} INFO - Started process (PID=9836) to work on /opt/airflow/dags/dag_suivi.py
[2026-07-10T14:53:38.386+0000] {processor.py:829} INFO - Processing file /opt/airflow/dags/dag_suivi.py for tasks to queue
[2026-07-10T14:53:38.387+0000] {logging_mixin.py:151} INFO - [2026-07-10T14:53:38.387+0000] {dagbag.py:536} INFO - Filling up the DagBag from /opt/airflow/dags/dag_suivi.py
[2026-07-10T14:53:38.429+0000] {processor.py:839} INFO - DAG(s) dict_keys(['pipeline_ingestion_suivi']) retrieved from /opt/airflow/dags/dag_suivi.py
[2026-07-10T14:53:38.465+0000] {logging_mixin.py:151} INFO - [2026-07-10T14:53:38.465+0000] {dag.py:2941} INFO - Sync 1 DAGs
[2026-07-10T14:53:38.491+0000] {logging_mixin.py:151} INFO - [2026-07-10T14:53:38.491+0000] {dag.py:3722} INFO - Setting next_dagrun for pipeline_ingestion_suivi to 2026-07-10T14:00:00+00:00, run_after=2026-07-10T15:00:00+00:00
[2026-07-10T14:53:38.530+0000] {processor.py:179} INFO - Processing /opt/airflow/dags/dag_suivi.py took 0.150 seconds
[2026-07-10T14:54:08.653+0000] {processor.py:157} INFO - Started process (PID=9841) to work on /opt/airflow/dags/dag_suivi.py
[2026-07-10T14:54:08.654+0000] {processor.py:829} INFO - Processing file /opt/airflow/dags/dag_suivi.py for tasks to queue
[2026-07-10T14:54:08.656+0000] {logging_mixin.py:151} INFO - [2026-07-10T14:54:08.656+0000] {dagbag.py:536} INFO - Filling up the DagBag from /opt/airflow/dags/dag_suivi.py
[2026-07-10T14:54:08.694+0000] {processor.py:839} INFO - DAG(s) dict_keys(['pipeline_ingestion_suivi']) retrieved from /opt/airflow/dags/dag_suivi.py
[2026-07-10T14:54:08.731+0000] {logging_mixin.py:151} INFO - [2026-07-10T14:54:08.731+0000] {dag.py:2941} INFO - Sync 1 DAGs
[2026-07-10T14:54:08.766+0000] {logging_mixin.py:151} INFO - [2026-07-10T14:54:08.766+0000] {dag.py:3722} INFO - Setting next_dagrun for pipeline_ingestion_suivi to 2026-07-10T14:00:00+00:00, run_after=2026-07-10T15:00:00+00:00
[2026-07-10T14:54:08.794+0000] {processor.py:179} INFO - Processing /opt/airflow/dags/dag_suivi.py took 0.145 seconds
[2026-07-10T14:54:39.018+0000] {processor.py:157} INFO - Started process (PID=9846) to work on /opt/airflow/dags/dag_suivi.py
[2026-07-10T14:54:39.020+0000] {processor.py:829} INFO - Processing file /opt/airflow/dags/dag_suivi.py for tasks to queue
[2026-07-10T14:54:39.021+0000] {logging_mixin.py:151} INFO - [2026-07-10T14:54:39.021+0000] {dagbag.py:536} INFO - Filling up the DagBag from /opt/airflow/dags/dag_suivi.py
[2026-07-10T14:54:39.059+0000] {processor.py:839} INFO - DAG(s) dict_keys(['pipeline_ingestion_suivi']) retrieved from /opt/airflow/dags/dag_suivi.py
[2026-07-10T14:54:39.099+0000] {logging_mixin.py:151} INFO - [2026-07-10T14:54:39.099+0000] {dag.py:2941} INFO - Sync 1 DAGs
[2026-07-10T14:54:39.129+0000] {logging_mixin.py:151} INFO - [2026-07-10T14:54:39.128+0000] {dag.py:3722} INFO - Setting next_dagrun for pipeline_ingestion_suivi to 2026-07-10T14:00:00+00:00, run_after=2026-07-10T15:00:00+00:00
[2026-07-10T14:54:39.167+0000] {processor.py:179} INFO - Processing /opt/airflow/dags/dag_suivi.py took 0.153 seconds
[2026-07-10T14:55:09.280+0000] {processor.py:157} INFO - Started process (PID=9851) to work on /opt/airflow/dags/dag_suivi.py
[2026-07-10T14:55:09.282+0000] {processor.py:829} INFO - Processing file /opt/airflow/dags/dag_suivi.py for tasks to queue
[2026-07-10T14:55:09.283+0000] {logging_mixin.py:151} INFO - [2026-07-10T14:55:09.283+0000] {dagbag.py:536} INFO - Filling up the DagBag from /opt/airflow/dags/dag_suivi.py
[2026-07-10T14:55:09.319+0000] {processor.py:839} INFO - DAG(s) dict_keys(['pipeline_ingestion_suivi']) retrieved from /opt/airflow/dags/dag_suivi.py
[2026-07-10T14:55:09.360+0000] {logging_mixin.py:151} INFO - [2026-07-10T14:55:09.359+0000] {dag.py:2941} INFO - Sync 1 DAGs
[2026-07-10T14:55:09.393+0000] {logging_mixin.py:151} INFO - [2026-07-10T14:55:09.393+0000] {dag.py:3722} INFO - Setting next_dagrun for pipeline_ingestion_suivi to 2026-07-10T14:00:00+00:00, run_after=2026-07-10T15:00:00+00:00
[2026-07-10T14:55:09.419+0000] {processor.py:179} INFO - Processing /opt/airflow/dags/dag_suivi.py took 0.147 seconds
[2026-07-10T14:55:39.668+0000] {processor.py:157} INFO - Started process (PID=9856) to work on /opt/airflow/dags/dag_suivi.py
[2026-07-10T14:55:39.670+0000] {processor.py:829} INFO - Processing file /opt/airflow/dags/dag_suivi.py for tasks to queue
[2026-07-10T14:55:39.671+0000] {logging_mixin.py:151} INFO - [2026-07-10T14:55:39.671+0000] {dagbag.py:536} INFO - Filling up the DagBag from /opt/airflow/dags/dag_suivi.py
[2026-07-10T14:55:39.713+0000] {processor.py:839} INFO - DAG(s) dict_keys(['pipeline_ingestion_suivi']) retrieved from /opt/airflow/dags/dag_suivi.py
[2026-07-10T14:55:39.745+0000] {logging_mixin.py:151} INFO - [2026-07-10T14:55:39.745+0000] {dag.py:2941} INFO - Sync 1 DAGs
[2026-07-10T14:55:39.777+0000] {logging_mixin.py:151} INFO - [2026-07-10T14:55:39.777+0000] {dag.py:3722} INFO - Setting next_dagrun for pipeline_ingestion_suivi to 2026-07-10T14:00:00+00:00, run_after=2026-07-10T15:00:00+00:00
[2026-07-10T14:55:39.819+0000] {processor.py:179} INFO - Processing /opt/airflow/dags/dag_suivi.py took 0.154 seconds
[2026-07-10T14:56:09.923+0000] {processor.py:157} INFO - Started process (PID=9861) to work on /opt/airflow/dags/dag_suivi.py
[2026-07-10T14:56:09.925+0000] {processor.py:829} INFO - Processing file /opt/airflow/dags/dag_suivi.py for tasks to queue
[2026-07-10T14:56:09.928+0000] {logging_mixin.py:151} INFO - [2026-07-10T14:56:09.927+0000] {dagbag.py:536} INFO - Filling up the DagBag from /opt/airflow/dags/dag_suivi.py
[2026-07-10T14:56:09.983+0000] {processor.py:839} INFO - DAG(s) dict_keys(['pipeline_ingestion_suivi']) retrieved from /opt/airflow/dags/dag_suivi.py
[2026-07-10T14:56:10.027+0000] {logging_mixin.py:151} INFO - [2026-07-10T14:56:10.027+0000] {dag.py:2941} INFO - Sync 1 DAGs
[2026-07-10T14:56:10.058+0000] {logging_mixin.py:151} INFO - [2026-07-10T14:56:10.058+0000] {dag.py:3722} INFO - Setting next_dagrun for pipeline_ingestion_suivi to 2026-07-10T14:00:00+00:00, run_after=2026-07-10T15:00:00+00:00
[2026-07-10T14:56:10.088+0000] {processor.py:179} INFO - Processing /opt/airflow/dags/dag_suivi.py took 0.171 seconds
[2026-07-10T14:56:40.344+0000] {processor.py:157} INFO - Started process (PID=9866) to work on /opt/airflow/dags/dag_suivi.py
[2026-07-10T14:56:40.346+0000] {processor.py:829} INFO - Processing file /opt/airflow/dags/dag_suivi.py for tasks to queue
[2026-07-10T14:56:40.347+0000] {logging_mixin.py:151} INFO - [2026-07-10T14:56:40.347+0000] {dagbag.py:536} INFO - Filling up the DagBag from /opt/airflow/dags/dag_suivi.py
[2026-07-10T14:56:40.391+0000] {processor.py:839} INFO - DAG(s) dict_keys(['pipeline_ingestion_suivi']) retrieved from /opt/airflow/dags/dag_suivi.py
[2026-07-10T14:56:40.432+0000] {logging_mixin.py:151} INFO - [2026-07-10T14:56:40.432+0000] {dag.py:2941} INFO - Sync 1 DAGs
[2026-07-10T14:56:40.461+0000] {logging_mixin.py:151} INFO - [2026-07-10T14:56:40.461+0000] {dag.py:3722} INFO - Setting next_dagrun for pipeline_ingestion_suivi to 2026-07-10T14:00:00+00:00, run_after=2026-07-10T15:00:00+00:00
[2026-07-10T14:56:40.490+0000] {processor.py:179} INFO - Processing /opt/airflow/dags/dag_suivi.py took 0.152 seconds
[2026-07-10T14:57:10.578+0000] {processor.py:157} INFO - Started process (PID=9871) to work on /opt/airflow/dags/dag_suivi.py
[2026-07-10T14:57:10.579+0000] {processor.py:829} INFO - Processing file /opt/airflow/dags/dag_suivi.py for tasks to queue
[2026-07-10T14:57:10.581+0000] {logging_mixin.py:151} INFO - [2026-07-10T14:57:10.581+0000] {dagbag.py:536} INFO - Filling up the DagBag from /opt/airflow/dags/dag_suivi.py
[2026-07-10T14:57:10.629+0000] {processor.py:839} INFO - DAG(s) dict_keys(['pipeline_ingestion_suivi']) retrieved from /opt/airflow/dags/dag_suivi.py
[2026-07-10T14:57:10.675+0000] {logging_mixin.py:151} INFO - [2026-07-10T14:57:10.675+0000] {dag.py:2941} INFO - Sync 1 DAGs
[2026-07-10T14:57:10.716+0000] {logging_mixin.py:151} INFO - [2026-07-10T14:57:10.716+0000] {dag.py:3722} INFO - Setting next_dagrun for pipeline_ingestion_suivi to 2026-07-10T14:00:00+00:00, run_after=2026-07-10T15:00:00+00:00
[2026-07-10T14:57:10.747+0000] {processor.py:179} INFO - Processing /opt/airflow/dags/dag_suivi.py took 0.174 seconds
[2026-07-10T14:57:40.989+0000] {processor.py:157} INFO - Started process (PID=9876) to work on /opt/airflow/dags/dag_suivi.py
[2026-07-10T14:57:40.990+0000] {processor.py:829} INFO - Processing file /opt/airflow/dags/dag_suivi.py for tasks to queue
[2026-07-10T14:57:40.993+0000] {logging_mixin.py:151} INFO - [2026-07-10T14:57:40.992+0000] {dagbag.py:536} INFO - Filling up the DagBag from /opt/airflow/dags/dag_suivi.py
[2026-07-10T14:57:41.039+0000] {processor.py:839} INFO - DAG(s) dict_keys(['pipeline_ingestion_suivi']) retrieved from /opt/airflow/dags/dag_suivi.py
[2026-07-10T14:57:41.087+0000] {logging_mixin.py:151} INFO - [2026-07-10T14:57:41.087+0000] {dag.py:2941} INFO - Sync 1 DAGs
[2026-07-10T14:57:41.123+0000] {logging_mixin.py:151} INFO - [2026-07-10T14:57:41.123+0000] {dag.py:3722} INFO - Setting next_dagrun for pipeline_ingestion_suivi to 2026-07-10T14:00:00+00:00, run_after=2026-07-10T15:00:00+00:00
[2026-07-10T14:57:41.164+0000] {processor.py:179} INFO - Processing /opt/airflow/dags/dag_suivi.py took 0.179 seconds
[2026-07-10T14:58:11.257+0000] {processor.py:157} INFO - Started process (PID=9881) to work on /opt/airflow/dags/dag_suivi.py
[2026-07-10T14:58:11.259+0000] {processor.py:829} INFO - Processing file /opt/airflow/dags/dag_suivi.py for tasks to queue
[2026-07-10T14:58:11.260+0000] {logging_mixin.py:151} INFO - [2026-07-10T14:58:11.260+0000] {dagbag.py:536} INFO - Filling up the DagBag from /opt/airflow/dags/dag_suivi.py
[2026-07-10T14:58:11.307+0000] {processor.py:839} INFO - DAG(s) dict_keys(['pipeline_ingestion_suivi']) retrieved from /opt/airflow/dags/dag_suivi.py
[2026-07-10T14:58:11.351+0000] {logging_mixin.py:151} INFO - [2026-07-10T14:58:11.351+0000] {dag.py:2941} INFO - Sync 1 DAGs
[2026-07-10T14:58:11.390+0000] {logging_mixin.py:151} INFO - [2026-07-10T14:58:11.389+0000] {dag.py:3722} INFO - Setting next_dagrun for pipeline_ingestion_suivi to 2026-07-10T14:00:00+00:00, run_after=2026-07-10T15:00:00+00:00
[2026-07-10T14:58:11.436+0000] {processor.py:179} INFO - Processing /opt/airflow/dags/dag_suivi.py took 0.184 seconds
[2026-07-10T14:58:41.689+0000] {processor.py:157} INFO - Started process (PID=9886) to work on /opt/airflow/dags/dag_suivi.py
[2026-07-10T14:58:41.690+0000] {processor.py:829} INFO - Processing file /opt/airflow/dags/dag_suivi.py for tasks to queue
[2026-07-10T14:58:41.692+0000] {logging_mixin.py:151} INFO - [2026-07-10T14:58:41.691+0000] {dagbag.py:536} INFO - Filling up the DagBag from /opt/airflow/dags/dag_suivi.py
[2026-07-10T14:58:41.732+0000] {processor.py:839} INFO - DAG(s) dict_keys(['pipeline_ingestion_suivi']) retrieved from /opt/airflow/dags/dag_suivi.py
[2026-07-10T14:58:41.778+0000] {logging_mixin.py:151} INFO - [2026-07-10T14:58:41.777+0000] {dag.py:2941} INFO - Sync 1 DAGs
[2026-07-10T14:58:41.816+0000] {logging_mixin.py:151} INFO - [2026-07-10T14:58:41.816+0000] {dag.py:3722} INFO - Setting next_dagrun for pipeline_ingestion_suivi to 2026-07-10T14:00:00+00:00, run_after=2026-07-10T15:00:00+00:00
[2026-07-10T14:58:41.854+0000] {processor.py:179} INFO - Processing /opt/airflow/dags/dag_suivi.py took 0.168 seconds
[2026-07-10T14:59:11.959+0000] {processor.py:157} INFO - Started process (PID=9891) to work on /opt/airflow/dags/dag_suivi.py
[2026-07-10T14:59:11.960+0000] {processor.py:829} INFO - Processing file /opt/airflow/dags/dag_suivi.py for tasks to queue
[2026-07-10T14:59:11.962+0000] {logging_mixin.py:151} INFO - [2026-07-10T14:59:11.961+0000] {dagbag.py:536} INFO - Filling up the DagBag from /opt/airflow/dags/dag_suivi.py
[2026-07-10T14:59:12.001+0000] {processor.py:839} INFO - DAG(s) dict_keys(['pipeline_ingestion_suivi']) retrieved from /opt/airflow/dags/dag_suivi.py
[2026-07-10T14:59:12.040+0000] {logging_mixin.py:151} INFO - [2026-07-10T14:59:12.040+0000] {dag.py:2941} INFO - Sync 1 DAGs
[2026-07-10T14:59:12.067+0000] {logging_mixin.py:151} INFO - [2026-07-10T14:59:12.067+0000] {dag.py:3722} INFO - Setting next_dagrun for pipeline_ingestion_suivi to 2026-07-10T14:00:00+00:00, run_after=2026-07-10T15:00:00+00:00
[2026-07-10T14:59:12.096+0000] {processor.py:179} INFO - Processing /opt/airflow/dags/dag_suivi.py took 0.140 seconds
[2026-07-10T14:59:42.347+0000] {processor.py:157} INFO - Started process (PID=9896) to work on /opt/airflow/dags/dag_suivi.py
[2026-07-10T14:59:42.349+0000] {processor.py:829} INFO - Processing file /opt/airflow/dags/dag_suivi.py for tasks to queue
[2026-07-10T14:59:42.350+0000] {logging_mixin.py:151} INFO - [2026-07-10T14:59:42.350+0000] {dagbag.py:536} INFO - Filling up the DagBag from /opt/airflow/dags/dag_suivi.py
[2026-07-10T14:59:42.388+0000] {processor.py:839} INFO - DAG(s) dict_keys(['pipeline_ingestion_suivi']) retrieved from /opt/airflow/dags/dag_suivi.py
[2026-07-10T14:59:42.422+0000] {logging_mixin.py:151} INFO - [2026-07-10T14:59:42.422+0000] {dag.py:2941} INFO - Sync 1 DAGs
[2026-07-10T14:59:42.450+0000] {logging_mixin.py:151} INFO - [2026-07-10T14:59:42.449+0000] {dag.py:3722} INFO - Setting next_dagrun for pipeline_ingestion_suivi to 2026-07-10T14:00:00+00:00, run_after=2026-07-10T15:00:00+00:00
[2026-07-10T14:59:42.486+0000] {processor.py:179} INFO - Processing /opt/airflow/dags/dag_suivi.py took 0.142 seconds
[2026-07-10T15:00:12.612+0000] {processor.py:157} INFO - Started process (PID=9903) to work on /opt/airflow/dags/dag_suivi.py
[2026-07-10T15:00:12.613+0000] {processor.py:829} INFO - Processing file /opt/airflow/dags/dag_suivi.py for tasks to queue
[2026-07-10T15:00:12.615+0000] {logging_mixin.py:151} INFO - [2026-07-10T15:00:12.615+0000] {dagbag.py:536} INFO - Filling up the DagBag from /opt/airflow/dags/dag_suivi.py
[2026-07-10T15:00:12.649+0000] {processor.py:839} INFO - DAG(s) dict_keys(['pipeline_ingestion_suivi']) retrieved from /opt/airflow/dags/dag_suivi.py
[2026-07-10T15:00:12.683+0000] {logging_mixin.py:151} INFO - [2026-07-10T15:00:12.683+0000] {dag.py:2941} INFO - Sync 1 DAGs
[2026-07-10T15:00:12.715+0000] {logging_mixin.py:151} INFO - [2026-07-10T15:00:12.714+0000] {dag.py:3722} INFO - Setting next_dagrun for pipeline_ingestion_suivi to 2026-07-10T15:00:00+00:00, run_after=2026-07-10T16:00:00+00:00
[2026-07-10T15:00:12.745+0000] {processor.py:179} INFO - Processing /opt/airflow/dags/dag_suivi.py took 0.139 seconds
[2026-07-10T15:00:42.990+0000] {processor.py:157} INFO - Started process (PID=9908) to work on /opt/airflow/dags/dag_suivi.py
[2026-07-10T15:00:42.991+0000] {processor.py:829} INFO - Processing file /opt/airflow/dags/dag_suivi.py for tasks to queue
[2026-07-10T15:00:42.993+0000] {logging_mixin.py:151} INFO - [2026-07-10T15:00:42.992+0000] {dagbag.py:536} INFO - Filling up the DagBag from /opt/airflow/dags/dag_suivi.py
[2026-07-10T15:00:43.053+0000] {processor.py:839} INFO - DAG(s) dict_keys(['pipeline_ingestion_suivi']) retrieved from /opt/airflow/dags/dag_suivi.py
[2026-07-10T15:00:43.115+0000] {logging_mixin.py:151} INFO - [2026-07-10T15:00:43.115+0000] {dag.py:2941} INFO - Sync 1 DAGs
[2026-07-10T15:00:43.176+0000] {logging_mixin.py:151} INFO - [2026-07-10T15:00:43.176+0000] {dag.py:3722} INFO - Setting next_dagrun for pipeline_ingestion_suivi to 2026-07-10T15:00:00+00:00, run_after=2026-07-10T16:00:00+00:00
[2026-07-10T15:00:43.228+0000] {processor.py:179} INFO - Processing /opt/airflow/dags/dag_suivi.py took 0.244 seconds
[2026-07-10T15:01:13.561+0000] {processor.py:157} INFO - Started process (PID=9913) to work on /opt/airflow/dags/dag_suivi.py
[2026-07-10T15:01:13.562+0000] {processor.py:829} INFO - Processing file /opt/airflow/dags/dag_suivi.py for tasks to queue
[2026-07-10T15:01:13.564+0000] {logging_mixin.py:151} INFO - [2026-07-10T15:01:13.563+0000] {dagbag.py:536} INFO - Filling up the DagBag from /opt/airflow/dags/dag_suivi.py
[2026-07-10T15:01:13.605+0000] {processor.py:839} INFO - DAG(s) dict_keys(['pipeline_ingestion_suivi']) retrieved from /opt/airflow/dags/dag_suivi.py
[2026-07-10T15:01:13.647+0000] {logging_mixin.py:151} INFO - [2026-07-10T15:01:13.647+0000] {dag.py:2941} INFO - Sync 1 DAGs
[2026-07-10T15:01:13.683+0000] {logging_mixin.py:151} INFO - [2026-07-10T15:01:13.683+0000] {dag.py:3722} INFO - Setting next_dagrun for pipeline_ingestion_suivi to 2026-07-10T15:00:00+00:00, run_after=2026-07-10T16:00:00+00:00
[2026-07-10T15:01:13.714+0000] {processor.py:179} INFO - Processing /opt/airflow/dags/dag_suivi.py took 0.157 seconds
[2026-07-10T15:01:43.797+0000] {processor.py:157} INFO - Started process (PID=9918) to work on /opt/airflow/dags/dag_suivi.py
[2026-07-10T15:01:43.798+0000] {processor.py:829} INFO - Processing file /opt/airflow/dags/dag_suivi.py for tasks to queue
[2026-07-10T15:01:43.800+0000] {logging_mixin.py:151} INFO - [2026-07-10T15:01:43.799+0000] {dagbag.py:536} INFO - Filling up the DagBag from /opt/airflow/dags/dag_suivi.py
[2026-07-10T15:01:43.837+0000] {processor.py:839} INFO - DAG(s) dict_keys(['pipeline_ingestion_suivi']) retrieved from /opt/airflow/dags/dag_suivi.py
[2026-07-10T15:01:43.881+0000] {logging_mixin.py:151} INFO - [2026-07-10T15:01:43.880+0000] {dag.py:2941} INFO - Sync 1 DAGs
[2026-07-10T15:01:43.916+0000] {logging_mixin.py:151} INFO - [2026-07-10T15:01:43.916+0000] {dag.py:3722} INFO - Setting next_dagrun for pipeline_ingestion_suivi to 2026-07-10T15:00:00+00:00, run_after=2026-07-10T16:00:00+00:00
[2026-07-10T15:01:43.955+0000] {processor.py:179} INFO - Processing /opt/airflow/dags/dag_suivi.py took 0.163 seconds
[2026-07-10T15:02:14.200+0000] {processor.py:157} INFO - Started process (PID=9923) to work on /opt/airflow/dags/dag_suivi.py
[2026-07-10T15:02:14.200+0000] {processor.py:829} INFO - Processing file /opt/airflow/dags/dag_suivi.py for tasks to queue
[2026-07-10T15:02:14.202+0000] {logging_mixin.py:151} INFO - [2026-07-10T15:02:14.201+0000] {dagbag.py:536} INFO - Filling up the DagBag from /opt/airflow/dags/dag_suivi.py
[2026-07-10T15:02:14.241+0000] {processor.py:839} INFO - DAG(s) dict_keys(['pipeline_ingestion_suivi']) retrieved from /opt/airflow/dags/dag_suivi.py
[2026-07-10T15:02:14.281+0000] {logging_mixin.py:151} INFO - [2026-07-10T15:02:14.280+0000] {dag.py:2941} INFO - Sync 1 DAGs
[2026-07-10T15:02:14.308+0000] {logging_mixin.py:151} INFO - [2026-07-10T15:02:14.308+0000] {dag.py:3722} INFO - Setting next_dagrun for pipeline_ingestion_suivi to 2026-07-10T15:00:00+00:00, run_after=2026-07-10T16:00:00+00:00
[2026-07-10T15:02:14.346+0000] {processor.py:179} INFO - Processing /opt/airflow/dags/dag_suivi.py took 0.150 seconds
[2026-07-10T15:02:44.448+0000] {processor.py:157} INFO - Started process (PID=9928) to work on /opt/airflow/dags/dag_suivi.py
[2026-07-10T15:02:44.450+0000] {processor.py:829} INFO - Processing file /opt/airflow/dags/dag_suivi.py for tasks to queue
[2026-07-10T15:02:44.452+0000] {logging_mixin.py:151} INFO - [2026-07-10T15:02:44.452+0000] {dagbag.py:536} INFO - Filling up the DagBag from /opt/airflow/dags/dag_suivi.py
[2026-07-10T15:02:44.509+0000] {processor.py:839} INFO - DAG(s) dict_keys(['pipeline_ingestion_suivi']) retrieved from /opt/airflow/dags/dag_suivi.py
[2026-07-10T15:02:44.550+0000] {logging_mixin.py:151} INFO - [2026-07-10T15:02:44.550+0000] {dag.py:2941} INFO - Sync 1 DAGs
[2026-07-10T15:02:44.580+0000] {logging_mixin.py:151} INFO - [2026-07-10T15:02:44.580+0000] {dag.py:3722} INFO - Setting next_dagrun for pipeline_ingestion_suivi to 2026-07-10T15:00:00+00:00, run_after=2026-07-10T16:00:00+00:00
[2026-07-10T15:02:44.609+0000] {processor.py:179} INFO - Processing /opt/airflow/dags/dag_suivi.py took 0.165 seconds
[2026-07-10T15:03:14.848+0000] {processor.py:157} INFO - Started process (PID=9933) to work on /opt/airflow/dags/dag_suivi.py
[2026-07-10T15:03:14.850+0000] {processor.py:829} INFO - Processing file /opt/airflow/dags/dag_suivi.py for tasks to queue
[2026-07-10T15:03:14.851+0000] {logging_mixin.py:151} INFO - [2026-07-10T15:03:14.851+0000] {dagbag.py:536} INFO - Filling up the DagBag from /opt/airflow/dags/dag_suivi.py
[2026-07-10T15:03:14.887+0000] {processor.py:839} INFO - DAG(s) dict_keys(['pipeline_ingestion_suivi']) retrieved from /opt/airflow/dags/dag_suivi.py
[2026-07-10T15:03:14.925+0000] {logging_mixin.py:151} INFO - [2026-07-10T15:03:14.924+0000] {dag.py:2941} INFO - Sync 1 DAGs
[2026-07-10T15:03:14.951+0000] {logging_mixin.py:151} INFO - [2026-07-10T15:03:14.950+0000] {dag.py:3722} INFO - Setting next_dagrun for pipeline_ingestion_suivi to 2026-07-10T15:00:00+00:00, run_after=2026-07-10T16:00:00+00:00
[2026-07-10T15:03:14.985+0000] {processor.py:179} INFO - Processing /opt/airflow/dags/dag_suivi.py took 0.140 seconds
[2026-07-10T15:03:45.144+0000] {processor.py:157} INFO - Started process (PID=9938) to work on /opt/airflow/dags/dag_suivi.py
[2026-07-10T15:03:45.145+0000] {processor.py:829} INFO - Processing file /opt/airflow/dags/dag_suivi.py for tasks to queue
[2026-07-10T15:03:45.147+0000] {logging_mixin.py:151} INFO - [2026-07-10T15:03:45.147+0000] {dagbag.py:536} INFO - Filling up the DagBag from /opt/airflow/dags/dag_suivi.py
[2026-07-10T15:03:45.186+0000] {processor.py:839} INFO - DAG(s) dict_keys(['pipeline_ingestion_suivi']) retrieved from /opt/airflow/dags/dag_suivi.py
[2026-07-10T15:03:45.228+0000] {logging_mixin.py:151} INFO - [2026-07-10T15:03:45.227+0000] {dag.py:2941} INFO - Sync 1 DAGs
[2026-07-10T15:03:45.256+0000] {logging_mixin.py:151} INFO - [2026-07-10T15:03:45.256+0000] {dag.py:3722} INFO - Setting next_dagrun for pipeline_ingestion_suivi to 2026-07-10T15:00:00+00:00, run_after=2026-07-10T16:00:00+00:00
[2026-07-10T15:03:45.283+0000] {processor.py:179} INFO - Processing /opt/airflow/dags/dag_suivi.py took 0.143 seconds
[2026-07-10T15:04:15.471+0000] {processor.py:157} INFO - Started process (PID=9943) to work on /opt/airflow/dags/dag_suivi.py
[2026-07-10T15:04:15.472+0000] {processor.py:829} INFO - Processing file /opt/airflow/dags/dag_suivi.py for tasks to queue
[2026-07-10T15:04:15.473+0000] {logging_mixin.py:151} INFO - [2026-07-10T15:04:15.473+0000] {dagbag.py:536} INFO - Filling up the DagBag from /opt/airflow/dags/dag_suivi.py
[2026-07-10T15:04:15.502+0000] {processor.py:839} INFO - DAG(s) dict_keys(['pipeline_ingestion_suivi']) retrieved from /opt/airflow/dags/dag_suivi.py
[2026-07-10T15:04:15.533+0000] {logging_mixin.py:151} INFO - [2026-07-10T15:04:15.533+0000] {dag.py:2941} INFO - Sync 1 DAGs
[2026-07-10T15:04:15.580+0000] {logging_mixin.py:151} INFO - [2026-07-10T15:04:15.580+0000] {dag.py:3722} INFO - Setting next_dagrun for pipeline_ingestion_suivi to 2026-07-10T15:00:00+00:00, run_after=2026-07-10T16:00:00+00:00
[2026-07-10T15:04:15.625+0000] {processor.py:179} INFO - Processing /opt/airflow/dags/dag_suivi.py took 0.158 seconds
[2026-07-10T15:04:45.758+0000] {processor.py:157} INFO - Started process (PID=9948) to work on /opt/airflow/dags/dag_suivi.py
[2026-07-10T15:04:45.760+0000] {processor.py:829} INFO - Processing file /opt/airflow/dags/dag_suivi.py for tasks to queue
[2026-07-10T15:04:45.763+0000] {logging_mixin.py:151} INFO - [2026-07-10T15:04:45.761+0000] {dagbag.py:536} INFO - Filling up the DagBag from /opt/airflow/dags/dag_suivi.py
[2026-07-10T15:04:45.793+0000] {processor.py:839} INFO - DAG(s) dict_keys(['pipeline_ingestion_suivi']) retrieved from /opt/airflow/dags/dag_suivi.py
[2026-07-10T15:04:45.841+0000] {logging_mixin.py:151} INFO - [2026-07-10T15:04:45.840+0000] {dag.py:2941} INFO - Sync 1 DAGs
[2026-07-10T15:04:45.872+0000] {logging_mixin.py:151} INFO - [2026-07-10T15:04:45.872+0000] {dag.py:3722} INFO - Setting next_dagrun for pipeline_ingestion_suivi to 2026-07-10T15:00:00+00:00, run_after=2026-07-10T16:00:00+00:00
[2026-07-10T15:04:45.902+0000] {processor.py:179} INFO - Processing /opt/airflow/dags/dag_suivi.py took 0.149 seconds
[2026-07-10T15:05:16.120+0000] {processor.py:157} INFO - Started process (PID=9953) to work on /opt/airflow/dags/dag_suivi.py
[2026-07-10T15:05:16.122+0000] {processor.py:829} INFO - Processing file /opt/airflow/dags/dag_suivi.py for tasks to queue
[2026-07-10T15:05:16.123+0000] {logging_mixin.py:151} INFO - [2026-07-10T15:05:16.123+0000] {dagbag.py:536} INFO - Filling up the DagBag from /opt/airflow/dags/dag_suivi.py
[2026-07-10T15:05:16.163+0000] {processor.py:839} INFO - DAG(s) dict_keys(['pipeline_ingestion_suivi']) retrieved from /opt/airflow/dags/dag_suivi.py
[2026-07-10T15:05:16.202+0000] {logging_mixin.py:151} INFO - [2026-07-10T15:05:16.202+0000] {dag.py:2941} INFO - Sync 1 DAGs
[2026-07-10T15:05:16.232+0000] {logging_mixin.py:151} INFO - [2026-07-10T15:05:16.231+0000] {dag.py:3722} INFO - Setting next_dagrun for pipeline_ingestion_suivi to 2026-07-10T15:00:00+00:00, run_after=2026-07-10T16:00:00+00:00
[2026-07-10T15:05:16.271+0000] {processor.py:179} INFO - Processing /opt/airflow/dags/dag_suivi.py took 0.157 seconds
[2026-07-10T15:05:46.373+0000] {processor.py:157} INFO - Started process (PID=9958) to work on /opt/airflow/dags/dag_suivi.py
[2026-07-10T15:05:46.374+0000] {processor.py:829} INFO - Processing file /opt/airflow/dags/dag_suivi.py for tasks to queue
[2026-07-10T15:05:46.375+0000] {logging_mixin.py:151} INFO - [2026-07-10T15:05:46.374+0000] {dagbag.py:536} INFO - Filling up the DagBag from /opt/airflow/dags/dag_suivi.py
[2026-07-10T15:05:46.401+0000] {processor.py:839} INFO - DAG(s) dict_keys(['pipeline_ingestion_suivi']) retrieved from /opt/airflow/dags/dag_suivi.py
[2026-07-10T15:05:46.435+0000] {logging_mixin.py:151} INFO - [2026-07-10T15:05:46.435+0000] {dag.py:2941} INFO - Sync 1 DAGs
[2026-07-10T15:05:46.466+0000] {logging_mixin.py:151} INFO - [2026-07-10T15:05:46.466+0000] {dag.py:3722} INFO - Setting next_dagrun for pipeline_ingestion_suivi to 2026-07-10T15:00:00+00:00, run_after=2026-07-10T16:00:00+00:00
[2026-07-10T15:05:46.508+0000] {processor.py:179} INFO - Processing /opt/airflow/dags/dag_suivi.py took 0.139 seconds
[2026-07-10T15:06:16.791+0000] {processor.py:157} INFO - Started process (PID=9963) to work on /opt/airflow/dags/dag_suivi.py
[2026-07-10T15:06:16.793+0000] {processor.py:829} INFO - Processing file /opt/airflow/dags/dag_suivi.py for tasks to queue
[2026-07-10T15:06:16.795+0000] {logging_mixin.py:151} INFO - [2026-07-10T15:06:16.794+0000] {dagbag.py:536} INFO - Filling up the DagBag from /opt/airflow/dags/dag_suivi.py
[2026-07-10T15:06:16.871+0000] {processor.py:839} INFO - DAG(s) dict_keys(['pipeline_ingestion_suivi']) retrieved from /opt/airflow/dags/dag_suivi.py
[2026-07-10T15:06:16.955+0000] {logging_mixin.py:151} INFO - [2026-07-10T15:06:16.955+0000] {dag.py:2941} INFO - Sync 1 DAGs
[2026-07-10T15:06:17.053+0000] {logging_mixin.py:151} INFO - [2026-07-10T15:06:17.053+0000] {dag.py:3722} INFO - Setting next_dagrun for pipeline_ingestion_suivi to 2026-07-10T15:00:00+00:00, run_after=2026-07-10T16:00:00+00:00
[2026-07-10T15:06:17.131+0000] {processor.py:179} INFO - Processing /opt/airflow/dags/dag_suivi.py took 0.353 seconds
[2026-07-10T15:06:47.429+0000] {processor.py:157} INFO - Started process (PID=9968) to work on /opt/airflow/dags/dag_suivi.py
[2026-07-10T15:06:47.430+0000] {processor.py:829} INFO - Processing file /opt/airflow/dags/dag_suivi.py for tasks to queue
[2026-07-10T15:06:47.432+0000] {logging_mixin.py:151} INFO - [2026-07-10T15:06:47.431+0000] {dagbag.py:536} INFO - Filling up the DagBag from /opt/airflow/dags/dag_suivi.py
[2026-07-10T15:06:47.459+0000] {processor.py:839} INFO - DAG(s) dict_keys(['pipeline_ingestion_suivi']) retrieved from /opt/airflow/dags/dag_suivi.py
[2026-07-10T15:06:47.507+0000] {logging_mixin.py:151} INFO - [2026-07-10T15:06:47.507+0000] {dag.py:2941} INFO - Sync 1 DAGs
[2026-07-10T15:06:47.538+0000] {logging_mixin.py:151} INFO - [2026-07-10T15:06:47.538+0000] {dag.py:3722} INFO - Setting next_dagrun for pipeline_ingestion_suivi to 2026-07-10T15:00:00+00:00, run_after=2026-07-10T16:00:00+00:00
[2026-07-10T15:06:47.570+0000] {processor.py:179} INFO - Processing /opt/airflow/dags/dag_suivi.py took 0.144 seconds
[2026-07-10T15:07:17.661+0000] {processor.py:157} INFO - Started process (PID=9973) to work on /opt/airflow/dags/dag_suivi.py
[2026-07-10T15:07:17.662+0000] {processor.py:829} INFO - Processing file /opt/airflow/dags/dag_suivi.py for tasks to queue
[2026-07-10T15:07:17.664+0000] {logging_mixin.py:151} INFO - [2026-07-10T15:07:17.663+0000] {dagbag.py:536} INFO - Filling up the DagBag from /opt/airflow/dags/dag_suivi.py
[2026-07-10T15:07:17.691+0000] {processor.py:839} INFO - DAG(s) dict_keys(['pipeline_ingestion_suivi']) retrieved from /opt/airflow/dags/dag_suivi.py
[2026-07-10T15:07:17.725+0000] {logging_mixin.py:151} INFO - [2026-07-10T15:07:17.724+0000] {dag.py:2941} INFO - Sync 1 DAGs
[2026-07-10T15:07:17.751+0000] {logging_mixin.py:151} INFO - [2026-07-10T15:07:17.751+0000] {dag.py:3722} INFO - Setting next_dagrun for pipeline_ingestion_suivi to 2026-07-10T15:00:00+00:00, run_after=2026-07-10T16:00:00+00:00
[2026-07-10T15:07:17.773+0000] {processor.py:179} INFO - Processing /opt/airflow/dags/dag_suivi.py took 0.116 seconds
[2026-07-10T15:07:47.903+0000] {processor.py:157} INFO - Started process (PID=9978) to work on /opt/airflow/dags/dag_suivi.py
[2026-07-10T15:07:47.904+0000] {processor.py:829} INFO - Processing file /opt/airflow/dags/dag_suivi.py for tasks to queue
[2026-07-10T15:07:47.905+0000] {logging_mixin.py:151} INFO - [2026-07-10T15:07:47.905+0000] {dagbag.py:536} INFO - Filling up the DagBag from /opt/airflow/dags/dag_suivi.py
[2026-07-10T15:07:47.933+0000] {processor.py:839} INFO - DAG(s) dict_keys(['pipeline_ingestion_suivi']) retrieved from /opt/airflow/dags/dag_suivi.py
[2026-07-10T15:07:47.967+0000] {logging_mixin.py:151} INFO - [2026-07-10T15:07:47.967+0000] {dag.py:2941} INFO - Sync 1 DAGs
[2026-07-10T15:07:47.995+0000] {logging_mixin.py:151} INFO - [2026-07-10T15:07:47.995+0000] {dag.py:3722} INFO - Setting next_dagrun for pipeline_ingestion_suivi to 2026-07-10T15:00:00+00:00, run_after=2026-07-10T16:00:00+00:00
[2026-07-10T15:07:48.015+0000] {processor.py:179} INFO - Processing /opt/airflow/dags/dag_suivi.py took 0.116 seconds
[2026-07-10T15:08:18.275+0000] {processor.py:157} INFO - Started process (PID=9983) to work on /opt/airflow/dags/dag_suivi.py
[2026-07-10T15:08:18.276+0000] {processor.py:829} INFO - Processing file /opt/airflow/dags/dag_suivi.py for tasks to queue
[2026-07-10T15:08:18.278+0000] {logging_mixin.py:151} INFO - [2026-07-10T15:08:18.277+0000] {dagbag.py:536} INFO - Filling up the DagBag from /opt/airflow/dags/dag_suivi.py
[2026-07-10T15:08:18.313+0000] {processor.py:839} INFO - DAG(s) dict_keys(['pipeline_ingestion_suivi']) retrieved from /opt/airflow/dags/dag_suivi.py
[2026-07-10T15:08:18.350+0000] {logging_mixin.py:151} INFO - [2026-07-10T15:08:18.349+0000] {dag.py:2941} INFO - Sync 1 DAGs
[2026-07-10T15:08:18.377+0000] {logging_mixin.py:151} INFO - [2026-07-10T15:08:18.376+0000] {dag.py:3722} INFO - Setting next_dagrun for pipeline_ingestion_suivi to 2026-07-10T15:00:00+00:00, run_after=2026-07-10T16:00:00+00:00
[2026-07-10T15:08:18.416+0000] {processor.py:179} INFO - Processing /opt/airflow/dags/dag_suivi.py took 0.145 seconds
[2026-07-10T15:08:48.575+0000] {processor.py:157} INFO - Started process (PID=9988) to work on /opt/airflow/dags/dag_suivi.py
[2026-07-10T15:08:48.576+0000] {processor.py:829} INFO - Processing file /opt/airflow/dags/dag_suivi.py for tasks to queue
[2026-07-10T15:08:48.578+0000] {logging_mixin.py:151} INFO - [2026-07-10T15:08:48.578+0000] {dagbag.py:536} INFO - Filling up the DagBag from /opt/airflow/dags/dag_suivi.py
[2026-07-10T15:08:48.631+0000] {processor.py:839} INFO - DAG(s) dict_keys(['pipeline_ingestion_suivi']) retrieved from /opt/airflow/dags/dag_suivi.py
[2026-07-10T15:08:48.673+0000] {logging_mixin.py:151} INFO - [2026-07-10T15:08:48.673+0000] {dag.py:2941} INFO - Sync 1 DAGs
[2026-07-10T15:08:48.704+0000] {logging_mixin.py:151} INFO - [2026-07-10T15:08:48.704+0000] {dag.py:3722} INFO - Setting next_dagrun for pipeline_ingestion_suivi to 2026-07-10T15:00:00+00:00, run_after=2026-07-10T16:00:00+00:00
[2026-07-10T15:08:48.743+0000] {processor.py:179} INFO - Processing /opt/airflow/dags/dag_suivi.py took 0.173 seconds
[2026-07-10T15:09:18.893+0000] {processor.py:157} INFO - Started process (PID=9993) to work on /opt/airflow/dags/dag_suivi.py
[2026-07-10T15:09:18.894+0000] {processor.py:829} INFO - Processing file /opt/airflow/dags/dag_suivi.py for tasks to queue
[2026-07-10T15:09:18.895+0000] {logging_mixin.py:151} INFO - [2026-07-10T15:09:18.895+0000] {dagbag.py:536} INFO - Filling up the DagBag from /opt/airflow/dags/dag_suivi.py
[2026-07-10T15:09:18.925+0000] {processor.py:839} INFO - DAG(s) dict_keys(['pipeline_ingestion_suivi']) retrieved from /opt/airflow/dags/dag_suivi.py
[2026-07-10T15:09:18.960+0000] {logging_mixin.py:151} INFO - [2026-07-10T15:09:18.959+0000] {dag.py:2941} INFO - Sync 1 DAGs
[2026-07-10T15:09:18.988+0000] {logging_mixin.py:151} INFO - [2026-07-10T15:09:18.988+0000] {dag.py:3722} INFO - Setting next_dagrun for pipeline_ingestion_suivi to 2026-07-10T15:00:00+00:00, run_after=2026-07-10T16:00:00+00:00
[2026-07-10T15:09:19.018+0000] {processor.py:179} INFO - Processing /opt/airflow/dags/dag_suivi.py took 0.130 seconds
[2026-07-10T15:09:49.215+0000] {processor.py:157} INFO - Started process (PID=9998) to work on /opt/airflow/dags/dag_suivi.py
[2026-07-10T15:09:49.216+0000] {processor.py:829} INFO - Processing file /opt/airflow/dags/dag_suivi.py for tasks to queue
[2026-07-10T15:09:49.217+0000] {logging_mixin.py:151} INFO - [2026-07-10T15:09:49.217+0000] {dagbag.py:536} INFO - Filling up the DagBag from /opt/airflow/dags/dag_suivi.py
[2026-07-10T15:09:49.248+0000] {processor.py:839} INFO - DAG(s) dict_keys(['pipeline_ingestion_suivi']) retrieved from /opt/airflow/dags/dag_suivi.py
[2026-07-10T15:09:49.279+0000] {logging_mixin.py:151} INFO - [2026-07-10T15:09:49.279+0000] {dag.py:2941} INFO - Sync 1 DAGs
[2026-07-10T15:09:49.304+0000] {logging_mixin.py:151} INFO - [2026-07-10T15:09:49.304+0000] {dag.py:3722} INFO - Setting next_dagrun for pipeline_ingestion_suivi to 2026-07-10T15:00:00+00:00, run_after=2026-07-10T16:00:00+00:00
[2026-07-10T15:09:49.325+0000] {processor.py:179} INFO - Processing /opt/airflow/dags/dag_suivi.py took 0.114 seconds
[2026-07-10T15:10:19.512+0000] {processor.py:157} INFO - Started process (PID=10003) to work on /opt/airflow/dags/dag_suivi.py
[2026-07-10T15:10:19.513+0000] {processor.py:829} INFO - Processing file /opt/airflow/dags/dag_suivi.py for tasks to queue
[2026-07-10T15:10:19.515+0000] {logging_mixin.py:151} INFO - [2026-07-10T15:10:19.515+0000] {dagbag.py:536} INFO - Filling up the DagBag from /opt/airflow/dags/dag_suivi.py
[2026-07-10T15:10:19.553+0000] {processor.py:839} INFO - DAG(s) dict_keys(['pipeline_ingestion_suivi']) retrieved from /opt/airflow/dags/dag_suivi.py
[2026-07-10T15:10:19.590+0000] {logging_mixin.py:151} INFO - [2026-07-10T15:10:19.590+0000] {dag.py:2941} INFO - Sync 1 DAGs
[2026-07-10T15:10:19.619+0000] {logging_mixin.py:151} INFO - [2026-07-10T15:10:19.619+0000] {dag.py:3722} INFO - Setting next_dagrun for pipeline_ingestion_suivi to 2026-07-10T15:00:00+00:00, run_after=2026-07-10T16:00:00+00:00
[2026-07-10T15:10:19.654+0000] {processor.py:179} INFO - Processing /opt/airflow/dags/dag_suivi.py took 0.146 seconds
[2026-07-10T15:10:49.874+0000] {processor.py:157} INFO - Started process (PID=10008) to work on /opt/airflow/dags/dag_suivi.py
[2026-07-10T15:10:49.877+0000] {processor.py:829} INFO - Processing file /opt/airflow/dags/dag_suivi.py for tasks to queue
[2026-07-10T15:10:49.881+0000] {logging_mixin.py:151} INFO - [2026-07-10T15:10:49.880+0000] {dagbag.py:536} INFO - Filling up the DagBag from /opt/airflow/dags/dag_suivi.py
[2026-07-10T15:10:49.987+0000] {processor.py:839} INFO - DAG(s) dict_keys(['pipeline_ingestion_suivi']) retrieved from /opt/airflow/dags/dag_suivi.py
[2026-07-10T15:10:50.128+0000] {logging_mixin.py:151} INFO - [2026-07-10T15:10:50.128+0000] {dag.py:2941} INFO - Sync 1 DAGs
[2026-07-10T15:10:50.240+0000] {logging_mixin.py:151} INFO - [2026-07-10T15:10:50.240+0000] {dag.py:3722} INFO - Setting next_dagrun for pipeline_ingestion_suivi to 2026-07-10T15:00:00+00:00, run_after=2026-07-10T16:00:00+00:00
[2026-07-10T15:10:50.311+0000] {processor.py:179} INFO - Processing /opt/airflow/dags/dag_suivi.py took 0.451 seconds
[2026-07-10T15:11:21.077+0000] {processor.py:157} INFO - Started process (PID=10013) to work on /opt/airflow/dags/dag_suivi.py
[2026-07-10T15:11:21.081+0000] {processor.py:829} INFO - Processing file /opt/airflow/dags/dag_suivi.py for tasks to queue
[2026-07-10T15:11:21.087+0000] {logging_mixin.py:151} INFO - [2026-07-10T15:11:21.085+0000] {dagbag.py:536} INFO - Filling up the DagBag from /opt/airflow/dags/dag_suivi.py
[2026-07-10T15:11:21.248+0000] {processor.py:839} INFO - DAG(s) dict_keys(['pipeline_ingestion_suivi']) retrieved from /opt/airflow/dags/dag_suivi.py
[2026-07-10T15:11:21.449+0000] {logging_mixin.py:151} INFO - [2026-07-10T15:11:21.448+0000] {dag.py:2941} INFO - Sync 1 DAGs
[2026-07-10T15:11:21.629+0000] {logging_mixin.py:151} INFO - [2026-07-10T15:11:21.629+0000] {dag.py:3722} INFO - Setting next_dagrun for pipeline_ingestion_suivi to 2026-07-10T15:00:00+00:00, run_after=2026-07-10T16:00:00+00:00
[2026-07-10T15:11:21.725+0000] {processor.py:179} INFO - Processing /opt/airflow/dags/dag_suivi.py took 0.667 seconds
[2026-07-10T15:11:52.345+0000] {processor.py:157} INFO - Started process (PID=10018) to work on /opt/airflow/dags/dag_suivi.py
[2026-07-10T15:11:52.347+0000] {processor.py:829} INFO - Processing file /opt/airflow/dags/dag_suivi.py for tasks to queue
[2026-07-10T15:11:52.350+0000] {logging_mixin.py:151} INFO - [2026-07-10T15:11:52.349+0000] {dagbag.py:536} INFO - Filling up the DagBag from /opt/airflow/dags/dag_suivi.py
[2026-07-10T15:11:52.426+0000] {processor.py:839} INFO - DAG(s) dict_keys(['pipeline_ingestion_suivi']) retrieved from /opt/airflow/dags/dag_suivi.py
[2026-07-10T15:11:52.524+0000] {logging_mixin.py:151} INFO - [2026-07-10T15:11:52.523+0000] {dag.py:2941} INFO - Sync 1 DAGs
[2026-07-10T15:11:52.598+0000] {logging_mixin.py:151} INFO - [2026-07-10T15:11:52.598+0000] {dag.py:3722} INFO - Setting next_dagrun for pipeline_ingestion_suivi to 2026-07-10T15:00:00+00:00, run_after=2026-07-10T16:00:00+00:00
[2026-07-10T15:11:52.676+0000] {processor.py:179} INFO - Processing /opt/airflow/dags/dag_suivi.py took 0.344 seconds
[2026-07-10T15:12:23.117+0000] {processor.py:157} INFO - Started process (PID=10023) to work on /opt/airflow/dags/dag_suivi.py
[2026-07-10T15:12:23.119+0000] {processor.py:829} INFO - Processing file /opt/airflow/dags/dag_suivi.py for tasks to queue
[2026-07-10T15:12:23.123+0000] {logging_mixin.py:151} INFO - [2026-07-10T15:12:23.122+0000] {dagbag.py:536} INFO - Filling up the DagBag from /opt/airflow/dags/dag_suivi.py
[2026-07-10T15:12:23.198+0000] {processor.py:839} INFO - DAG(s) dict_keys(['pipeline_ingestion_suivi']) retrieved from /opt/airflow/dags/dag_suivi.py
[2026-07-10T15:12:23.283+0000] {logging_mixin.py:151} INFO - [2026-07-10T15:12:23.283+0000] {dag.py:2941} INFO - Sync 1 DAGs
[2026-07-10T15:12:23.350+0000] {logging_mixin.py:151} INFO - [2026-07-10T15:12:23.349+0000] {dag.py:3722} INFO - Setting next_dagrun for pipeline_ingestion_suivi to 2026-07-10T15:00:00+00:00, run_after=2026-07-10T16:00:00+00:00
[2026-07-10T15:12:23.427+0000] {processor.py:179} INFO - Processing /opt/airflow/dags/dag_suivi.py took 0.317 seconds
[2026-07-10T15:12:53.664+0000] {processor.py:157} INFO - Started process (PID=10028) to work on /opt/airflow/dags/dag_suivi.py
[2026-07-10T15:12:53.669+0000] {processor.py:829} INFO - Processing file /opt/airflow/dags/dag_suivi.py for tasks to queue
[2026-07-10T15:12:53.682+0000] {logging_mixin.py:151} INFO - [2026-07-10T15:12:53.673+0000] {dagbag.py:536} INFO - Filling up the DagBag from /opt/airflow/dags/dag_suivi.py
[2026-07-10T15:12:53.812+0000] {processor.py:839} INFO - DAG(s) dict_keys(['pipeline_ingestion_suivi']) retrieved from /opt/airflow/dags/dag_suivi.py
[2026-07-10T15:12:54.064+0000] {logging_mixin.py:151} INFO - [2026-07-10T15:12:54.062+0000] {dag.py:2941} INFO - Sync 1 DAGs
[2026-07-10T15:12:54.389+0000] {logging_mixin.py:151} INFO - [2026-07-10T15:12:54.388+0000] {dag.py:3722} INFO - Setting next_dagrun for pipeline_ingestion_suivi to 2026-07-10T15:00:00+00:00, run_after=2026-07-10T16:00:00+00:00
[2026-07-10T15:12:54.610+0000] {processor.py:179} INFO - Processing /opt/airflow/dags/dag_suivi.py took 0.991 seconds
[2026-07-10T15:13:25.197+0000] {processor.py:157} INFO - Started process (PID=10033) to work on /opt/airflow/dags/dag_suivi.py
[2026-07-10T15:13:25.200+0000] {processor.py:829} INFO - Processing file /opt/airflow/dags/dag_suivi.py for tasks to queue
[2026-07-10T15:13:25.203+0000] {logging_mixin.py:151} INFO - [2026-07-10T15:13:25.203+0000] {dagbag.py:536} INFO - Filling up the DagBag from /opt/airflow/dags/dag_suivi.py
[2026-07-10T15:13:25.292+0000] {processor.py:839} INFO - DAG(s) dict_keys(['pipeline_ingestion_suivi']) retrieved from /opt/airflow/dags/dag_suivi.py
[2026-07-10T15:13:25.407+0000] {logging_mixin.py:151} INFO - [2026-07-10T15:13:25.407+0000] {dag.py:2941} INFO - Sync 1 DAGs
[2026-07-10T15:13:25.503+0000] {logging_mixin.py:151} INFO - [2026-07-10T15:13:25.503+0000] {dag.py:3722} INFO - Setting next_dagrun for pipeline_ingestion_suivi to 2026-07-10T15:00:00+00:00, run_after=2026-07-10T16:00:00+00:00
[2026-07-10T15:13:25.578+0000] {processor.py:179} INFO - Processing /opt/airflow/dags/dag_suivi.py took 0.391 seconds
[2026-07-10T15:13:56.362+0000] {processor.py:157} INFO - Started process (PID=10038) to work on /opt/airflow/dags/dag_suivi.py
[2026-07-10T15:13:56.366+0000] {processor.py:829} INFO - Processing file /opt/airflow/dags/dag_suivi.py for tasks to queue
[2026-07-10T15:13:56.373+0000] {logging_mixin.py:151} INFO - [2026-07-10T15:13:56.371+0000] {dagbag.py:536} INFO - Filling up the DagBag from /opt/airflow/dags/dag_suivi.py
[2026-07-10T15:13:56.607+0000] {processor.py:839} INFO - DAG(s) dict_keys(['pipeline_ingestion_suivi']) retrieved from /opt/airflow/dags/dag_suivi.py
[2026-07-10T15:13:56.782+0000] {logging_mixin.py:151} INFO - [2026-07-10T15:13:56.782+0000] {dag.py:2941} INFO - Sync 1 DAGs
[2026-07-10T15:13:56.881+0000] {logging_mixin.py:151} INFO - [2026-07-10T15:13:56.880+0000] {dag.py:3722} INFO - Setting next_dagrun for pipeline_ingestion_suivi to 2026-07-10T15:00:00+00:00, run_after=2026-07-10T16:00:00+00:00
[2026-07-10T15:13:57.005+0000] {processor.py:179} INFO - Processing /opt/airflow/dags/dag_suivi.py took 0.661 seconds
[2026-07-10T15:14:27.355+0000] {processor.py:157} INFO - Started process (PID=10043) to work on /opt/airflow/dags/dag_suivi.py
[2026-07-10T15:14:27.385+0000] {processor.py:829} INFO - Processing file /opt/airflow/dags/dag_suivi.py for tasks to queue
[2026-07-10T15:14:27.407+0000] {logging_mixin.py:151} INFO - [2026-07-10T15:14:27.405+0000] {dagbag.py:536} INFO - Filling up the DagBag from /opt/airflow/dags/dag_suivi.py
[2026-07-10T15:14:27.607+0000] {processor.py:839} INFO - DAG(s) dict_keys(['pipeline_ingestion_suivi']) retrieved from /opt/airflow/dags/dag_suivi.py
[2026-07-10T15:14:27.752+0000] {logging_mixin.py:151} INFO - [2026-07-10T15:14:27.751+0000] {dag.py:2941} INFO - Sync 1 DAGs
[2026-07-10T15:14:27.863+0000] {logging_mixin.py:151} INFO - [2026-07-10T15:14:27.863+0000] {dag.py:3722} INFO - Setting next_dagrun for pipeline_ingestion_suivi to 2026-07-10T15:00:00+00:00, run_after=2026-07-10T16:00:00+00:00
[2026-07-10T15:14:27.970+0000] {processor.py:179} INFO - Processing /opt/airflow/dags/dag_suivi.py took 0.679 seconds
[2026-07-10T15:14:58.676+0000] {processor.py:157} INFO - Started process (PID=10048) to work on /opt/airflow/dags/dag_suivi.py
[2026-07-10T15:14:58.680+0000] {processor.py:829} INFO - Processing file /opt/airflow/dags/dag_suivi.py for tasks to queue
[2026-07-10T15:14:58.685+0000] {logging_mixin.py:151} INFO - [2026-07-10T15:14:58.684+0000] {dagbag.py:536} INFO - Filling up the DagBag from /opt/airflow/dags/dag_suivi.py
[2026-07-10T15:14:58.806+0000] {processor.py:839} INFO - DAG(s) dict_keys(['pipeline_ingestion_suivi']) retrieved from /opt/airflow/dags/dag_suivi.py
[2026-07-10T15:14:58.938+0000] {logging_mixin.py:151} INFO - [2026-07-10T15:14:58.937+0000] {dag.py:2941} INFO - Sync 1 DAGs
[2026-07-10T15:14:59.058+0000] {logging_mixin.py:151} INFO - [2026-07-10T15:14:59.058+0000] {dag.py:3722} INFO - Setting next_dagrun for pipeline_ingestion_suivi to 2026-07-10T15:00:00+00:00, run_after=2026-07-10T16:00:00+00:00
[2026-07-10T15:14:59.167+0000] {processor.py:179} INFO - Processing /opt/airflow/dags/dag_suivi.py took 0.509 seconds
[2026-07-10T15:15:29.356+0000] {processor.py:157} INFO - Started process (PID=10053) to work on /opt/airflow/dags/dag_suivi.py
[2026-07-10T15:15:29.361+0000] {processor.py:829} INFO - Processing file /opt/airflow/dags/dag_suivi.py for tasks to queue
[2026-07-10T15:15:29.366+0000] {logging_mixin.py:151} INFO - [2026-07-10T15:15:29.365+0000] {dagbag.py:536} INFO - Filling up the DagBag from /opt/airflow/dags/dag_suivi.py
[2026-07-10T15:15:29.469+0000] {processor.py:839} INFO - DAG(s) dict_keys(['pipeline_ingestion_suivi']) retrieved from /opt/airflow/dags/dag_suivi.py
[2026-07-10T15:15:29.627+0000] {logging_mixin.py:151} INFO - [2026-07-10T15:15:29.626+0000] {dag.py:2941} INFO - Sync 1 DAGs
[2026-07-10T15:15:29.731+0000] {logging_mixin.py:151} INFO - [2026-07-10T15:15:29.731+0000] {dag.py:3722} INFO - Setting next_dagrun for pipeline_ingestion_suivi to 2026-07-10T15:00:00+00:00, run_after=2026-07-10T16:00:00+00:00
[2026-07-10T15:15:29.825+0000] {processor.py:179} INFO - Processing /opt/airflow/dags/dag_suivi.py took 0.484 seconds
[2026-07-10T15:16:00.498+0000] {processor.py:157} INFO - Started process (PID=10058) to work on /opt/airflow/dags/dag_suivi.py
[2026-07-10T15:16:00.502+0000] {processor.py:829} INFO - Processing file /opt/airflow/dags/dag_suivi.py for tasks to queue
[2026-07-10T15:16:00.507+0000] {logging_mixin.py:151} INFO - [2026-07-10T15:16:00.505+0000] {dagbag.py:536} INFO - Filling up the DagBag from /opt/airflow/dags/dag_suivi.py
[2026-07-10T15:16:00.607+0000] {processor.py:839} INFO - DAG(s) dict_keys(['pipeline_ingestion_suivi']) retrieved from /opt/airflow/dags/dag_suivi.py
[2026-07-10T15:16:00.740+0000] {logging_mixin.py:151} INFO - [2026-07-10T15:16:00.739+0000] {dag.py:2941} INFO - Sync 1 DAGs
[2026-07-10T15:16:00.846+0000] {logging_mixin.py:151} INFO - [2026-07-10T15:16:00.845+0000] {dag.py:3722} INFO - Setting next_dagrun for pipeline_ingestion_suivi to 2026-07-10T15:00:00+00:00, run_after=2026-07-10T16:00:00+00:00
[2026-07-10T15:16:00.946+0000] {processor.py:179} INFO - Processing /opt/airflow/dags/dag_suivi.py took 0.458 seconds
[2026-07-10T15:16:31.150+0000] {processor.py:157} INFO - Started process (PID=10063) to work on /opt/airflow/dags/dag_suivi.py
[2026-07-10T15:16:31.153+0000] {processor.py:829} INFO - Processing file /opt/airflow/dags/dag_suivi.py for tasks to queue
[2026-07-10T15:16:31.157+0000] {logging_mixin.py:151} INFO - [2026-07-10T15:16:31.156+0000] {dagbag.py:536} INFO - Filling up the DagBag from /opt/airflow/dags/dag_suivi.py
[2026-07-10T15:16:31.277+0000] {processor.py:839} INFO - DAG(s) dict_keys(['pipeline_ingestion_suivi']) retrieved from /opt/airflow/dags/dag_suivi.py
[2026-07-10T15:16:31.413+0000] {logging_mixin.py:151} INFO - [2026-07-10T15:16:31.412+0000] {dag.py:2941} INFO - Sync 1 DAGs
[2026-07-10T15:16:31.549+0000] {logging_mixin.py:151} INFO - [2026-07-10T15:16:31.548+0000] {dag.py:3722} INFO - Setting next_dagrun for pipeline_ingestion_suivi to 2026-07-10T15:00:00+00:00, run_after=2026-07-10T16:00:00+00:00
[2026-07-10T15:16:31.642+0000] {processor.py:179} INFO - Processing /opt/airflow/dags/dag_suivi.py took 0.504 seconds
[2026-07-10T15:17:02.363+0000] {processor.py:157} INFO - Started process (PID=10068) to work on /opt/airflow/dags/dag_suivi.py
[2026-07-10T15:17:02.365+0000] {processor.py:829} INFO - Processing file /opt/airflow/dags/dag_suivi.py for tasks to queue
[2026-07-10T15:17:02.369+0000] {logging_mixin.py:151} INFO - [2026-07-10T15:17:02.368+0000] {dagbag.py:536} INFO - Filling up the DagBag from /opt/airflow/dags/dag_suivi.py
[2026-07-10T15:17:02.445+0000] {processor.py:839} INFO - DAG(s) dict_keys(['pipeline_ingestion_suivi']) retrieved from /opt/airflow/dags/dag_suivi.py
[2026-07-10T15:17:02.558+0000] {logging_mixin.py:151} INFO - [2026-07-10T15:17:02.557+0000] {dag.py:2941} INFO - Sync 1 DAGs
[2026-07-10T15:17:02.639+0000] {logging_mixin.py:151} INFO - [2026-07-10T15:17:02.638+0000] {dag.py:3722} INFO - Setting next_dagrun for pipeline_ingestion_suivi to 2026-07-10T15:00:00+00:00, run_after=2026-07-10T16:00:00+00:00
[2026-07-10T15:17:02.744+0000] {processor.py:179} INFO - Processing /opt/airflow/dags/dag_suivi.py took 0.391 seconds
[2026-07-10T15:17:33.306+0000] {processor.py:157} INFO - Started process (PID=10073) to work on /opt/airflow/dags/dag_suivi.py
[2026-07-10T15:17:33.312+0000] {processor.py:829} INFO - Processing file /opt/airflow/dags/dag_suivi.py for tasks to queue
[2026-07-10T15:17:33.317+0000] {logging_mixin.py:151} INFO - [2026-07-10T15:17:33.316+0000] {dagbag.py:536} INFO - Filling up the DagBag from /opt/airflow/dags/dag_suivi.py
[2026-07-10T15:17:33.455+0000] {processor.py:839} INFO - DAG(s) dict_keys(['pipeline_ingestion_suivi']) retrieved from /opt/airflow/dags/dag_suivi.py
[2026-07-10T15:17:33.676+0000] {logging_mixin.py:151} INFO - [2026-07-10T15:17:33.674+0000] {dag.py:2941} INFO - Sync 1 DAGs
[2026-07-10T15:17:33.866+0000] {logging_mixin.py:151} INFO - [2026-07-10T15:17:33.865+0000] {dag.py:3722} INFO - Setting next_dagrun for pipeline_ingestion_suivi to 2026-07-10T15:00:00+00:00, run_after=2026-07-10T16:00:00+00:00
[2026-07-10T15:17:33.985+0000] {processor.py:179} INFO - Processing /opt/airflow/dags/dag_suivi.py took 0.710 seconds
[2026-07-10T15:18:04.642+0000] {processor.py:157} INFO - Started process (PID=10078) to work on /opt/airflow/dags/dag_suivi.py
[2026-07-10T15:18:04.646+0000] {processor.py:829} INFO - Processing file /opt/airflow/dags/dag_suivi.py for tasks to queue
[2026-07-10T15:18:04.652+0000] {logging_mixin.py:151} INFO - [2026-07-10T15:18:04.650+0000] {dagbag.py:536} INFO - Filling up the DagBag from /opt/airflow/dags/dag_suivi.py
[2026-07-10T15:18:04.822+0000] {processor.py:839} INFO - DAG(s) dict_keys(['pipeline_ingestion_suivi']) retrieved from /opt/airflow/dags/dag_suivi.py
[2026-07-10T15:18:04.919+0000] {logging_mixin.py:151} INFO - [2026-07-10T15:18:04.918+0000] {dag.py:2941} INFO - Sync 1 DAGs
[2026-07-10T15:18:05.017+0000] {logging_mixin.py:151} INFO - [2026-07-10T15:18:05.016+0000] {dag.py:3722} INFO - Setting next_dagrun for pipeline_ingestion_suivi to 2026-07-10T15:00:00+00:00, run_after=2026-07-10T16:00:00+00:00
[2026-07-10T15:18:05.088+0000] {processor.py:179} INFO - Processing /opt/airflow/dags/dag_suivi.py took 0.463 seconds
[2026-07-10T15:18:35.487+0000] {processor.py:157} INFO - Started process (PID=10083) to work on /opt/airflow/dags/dag_suivi.py
[2026-07-10T15:18:35.490+0000] {processor.py:829} INFO - Processing file /opt/airflow/dags/dag_suivi.py for tasks to queue
[2026-07-10T15:18:35.494+0000] {logging_mixin.py:151} INFO - [2026-07-10T15:18:35.493+0000] {dagbag.py:536} INFO - Filling up the DagBag from /opt/airflow/dags/dag_suivi.py
[2026-07-10T15:18:35.595+0000] {processor.py:839} INFO - DAG(s) dict_keys(['pipeline_ingestion_suivi']) retrieved from /opt/airflow/dags/dag_suivi.py
[2026-07-10T15:18:35.705+0000] {logging_mixin.py:151} INFO - [2026-07-10T15:18:35.705+0000] {dag.py:2941} INFO - Sync 1 DAGs
[2026-07-10T15:18:35.800+0000] {logging_mixin.py:151} INFO - [2026-07-10T15:18:35.799+0000] {dag.py:3722} INFO - Setting next_dagrun for pipeline_ingestion_suivi to 2026-07-10T15:00:00+00:00, run_after=2026-07-10T16:00:00+00:00
[2026-07-10T15:18:35.877+0000] {processor.py:179} INFO - Processing /opt/airflow/dags/dag_suivi.py took 0.402 seconds
[2026-07-10T15:19:06.071+0000] {processor.py:157} INFO - Started process (PID=10088) to work on /opt/airflow/dags/dag_suivi.py
[2026-07-10T15:19:06.073+0000] {processor.py:829} INFO - Processing file /opt/airflow/dags/dag_suivi.py for tasks to queue
[2026-07-10T15:19:06.076+0000] {logging_mixin.py:151} INFO - [2026-07-10T15:19:06.075+0000] {dagbag.py:536} INFO - Filling up the DagBag from /opt/airflow/dags/dag_suivi.py
[2026-07-10T15:19:06.182+0000] {processor.py:839} INFO - DAG(s) dict_keys(['pipeline_ingestion_suivi']) retrieved from /opt/airflow/dags/dag_suivi.py
[2026-07-10T15:19:06.312+0000] {logging_mixin.py:151} INFO - [2026-07-10T15:19:06.312+0000] {dag.py:2941} INFO - Sync 1 DAGs
[2026-07-10T15:19:06.380+0000] {logging_mixin.py:151} INFO - [2026-07-10T15:19:06.380+0000] {dag.py:3722} INFO - Setting next_dagrun for pipeline_ingestion_suivi to 2026-07-10T15:00:00+00:00, run_after=2026-07-10T16:00:00+00:00
[2026-07-10T15:19:06.464+0000] {processor.py:179} INFO - Processing /opt/airflow/dags/dag_suivi.py took 0.404 seconds
[2026-07-10T15:19:36.868+0000] {processor.py:157} INFO - Started process (PID=10093) to work on /opt/airflow/dags/dag_suivi.py
[2026-07-10T15:19:36.872+0000] {processor.py:829} INFO - Processing file /opt/airflow/dags/dag_suivi.py for tasks to queue
[2026-07-10T15:19:36.876+0000] {logging_mixin.py:151} INFO - [2026-07-10T15:19:36.875+0000] {dagbag.py:536} INFO - Filling up the DagBag from /opt/airflow/dags/dag_suivi.py
[2026-07-10T15:19:36.989+0000] {processor.py:839} INFO - DAG(s) dict_keys(['pipeline_ingestion_suivi']) retrieved from /opt/airflow/dags/dag_suivi.py
[2026-07-10T15:19:37.137+0000] {logging_mixin.py:151} INFO - [2026-07-10T15:19:37.136+0000] {dag.py:2941} INFO - Sync 1 DAGs
[2026-07-10T15:19:37.330+0000] {logging_mixin.py:151} INFO - [2026-07-10T15:19:37.330+0000] {dag.py:3722} INFO - Setting next_dagrun for pipeline_ingestion_suivi to 2026-07-10T15:00:00+00:00, run_after=2026-07-10T16:00:00+00:00
[2026-07-10T15:19:37.437+0000] {processor.py:179} INFO - Processing /opt/airflow/dags/dag_suivi.py took 0.585 seconds
[2026-07-10T15:20:07.998+0000] {processor.py:157} INFO - Started process (PID=10098) to work on /opt/airflow/dags/dag_suivi.py
[2026-07-10T15:20:08.001+0000] {processor.py:829} INFO - Processing file /opt/airflow/dags/dag_suivi.py for tasks to queue
[2026-07-10T15:20:08.005+0000] {logging_mixin.py:151} INFO - [2026-07-10T15:20:08.004+0000] {dagbag.py:536} INFO - Filling up the DagBag from /opt/airflow/dags/dag_suivi.py
[2026-07-10T15:20:08.077+0000] {processor.py:839} INFO - DAG(s) dict_keys(['pipeline_ingestion_suivi']) retrieved from /opt/airflow/dags/dag_suivi.py
[2026-07-10T15:20:08.201+0000] {logging_mixin.py:151} INFO - [2026-07-10T15:20:08.200+0000] {dag.py:2941} INFO - Sync 1 DAGs
[2026-07-10T15:20:08.272+0000] {logging_mixin.py:151} INFO - [2026-07-10T15:20:08.271+0000] {dag.py:3722} INFO - Setting next_dagrun for pipeline_ingestion_suivi to 2026-07-10T15:00:00+00:00, run_after=2026-07-10T16:00:00+00:00
[2026-07-10T15:20:08.333+0000] {processor.py:179} INFO - Processing /opt/airflow/dags/dag_suivi.py took 0.345 seconds
[2026-07-10T15:20:38.487+0000] {processor.py:157} INFO - Started process (PID=10103) to work on /opt/airflow/dags/dag_suivi.py
[2026-07-10T15:20:38.491+0000] {processor.py:829} INFO - Processing file /opt/airflow/dags/dag_suivi.py for tasks to queue
[2026-07-10T15:20:38.495+0000] {logging_mixin.py:151} INFO - [2026-07-10T15:20:38.494+0000] {dagbag.py:536} INFO - Filling up the DagBag from /opt/airflow/dags/dag_suivi.py
[2026-07-10T15:20:38.594+0000] {processor.py:839} INFO - DAG(s) dict_keys(['pipeline_ingestion_suivi']) retrieved from /opt/airflow/dags/dag_suivi.py
[2026-07-10T15:20:38.736+0000] {logging_mixin.py:151} INFO - [2026-07-10T15:20:38.736+0000] {dag.py:2941} INFO - Sync 1 DAGs
[2026-07-10T15:20:38.823+0000] {logging_mixin.py:151} INFO - [2026-07-10T15:20:38.822+0000] {dag.py:3722} INFO - Setting next_dagrun for pipeline_ingestion_suivi to 2026-07-10T15:00:00+00:00, run_after=2026-07-10T16:00:00+00:00
[2026-07-10T15:20:38.884+0000] {processor.py:179} INFO - Processing /opt/airflow/dags/dag_suivi.py took 0.411 seconds
[2026-07-10T15:21:09.630+0000] {processor.py:157} INFO - Started process (PID=10108) to work on /opt/airflow/dags/dag_suivi.py
[2026-07-10T15:21:09.645+0000] {processor.py:829} INFO - Processing file /opt/airflow/dags/dag_suivi.py for tasks to queue
[2026-07-10T15:21:09.656+0000] {logging_mixin.py:151} INFO - [2026-07-10T15:21:09.654+0000] {dagbag.py:536} INFO - Filling up the DagBag from /opt/airflow/dags/dag_suivi.py
[2026-07-10T15:21:09.898+0000] {processor.py:839} INFO - DAG(s) dict_keys(['pipeline_ingestion_suivi']) retrieved from /opt/airflow/dags/dag_suivi.py
[2026-07-10T15:21:10.101+0000] {logging_mixin.py:151} INFO - [2026-07-10T15:21:10.100+0000] {dag.py:2941} INFO - Sync 1 DAGs
[2026-07-10T15:21:10.225+0000] {logging_mixin.py:151} INFO - [2026-07-10T15:21:10.225+0000] {dag.py:3722} INFO - Setting next_dagrun for pipeline_ingestion_suivi to 2026-07-10T15:00:00+00:00, run_after=2026-07-10T16:00:00+00:00
[2026-07-10T15:21:10.351+0000] {processor.py:179} INFO - Processing /opt/airflow/dags/dag_suivi.py took 0.778 seconds
[2026-07-10T15:21:40.973+0000] {processor.py:157} INFO - Started process (PID=10113) to work on /opt/airflow/dags/dag_suivi.py
[2026-07-10T15:21:40.983+0000] {processor.py:829} INFO - Processing file /opt/airflow/dags/dag_suivi.py for tasks to queue
[2026-07-10T15:21:40.994+0000] {logging_mixin.py:151} INFO - [2026-07-10T15:21:40.992+0000] {dagbag.py:536} INFO - Filling up the DagBag from /opt/airflow/dags/dag_suivi.py
[2026-07-10T15:21:41.174+0000] {processor.py:839} INFO - DAG(s) dict_keys(['pipeline_ingestion_suivi']) retrieved from /opt/airflow/dags/dag_suivi.py
[2026-07-10T15:21:41.356+0000] {logging_mixin.py:151} INFO - [2026-07-10T15:21:41.356+0000] {dag.py:2941} INFO - Sync 1 DAGs
[2026-07-10T15:21:41.527+0000] {logging_mixin.py:151} INFO - [2026-07-10T15:21:41.527+0000] {dag.py:3722} INFO - Setting next_dagrun for pipeline_ingestion_suivi to 2026-07-10T15:00:00+00:00, run_after=2026-07-10T16:00:00+00:00
[2026-07-10T15:21:41.657+0000] {processor.py:179} INFO - Processing /opt/airflow/dags/dag_suivi.py took 0.716 seconds
[2026-07-10T15:22:12.236+0000] {processor.py:157} INFO - Started process (PID=10118) to work on /opt/airflow/dags/dag_suivi.py
[2026-07-10T15:22:12.239+0000] {processor.py:829} INFO - Processing file /opt/airflow/dags/dag_suivi.py for tasks to queue
[2026-07-10T15:22:12.243+0000] {logging_mixin.py:151} INFO - [2026-07-10T15:22:12.242+0000] {dagbag.py:536} INFO - Filling up the DagBag from /opt/airflow/dags/dag_suivi.py
[2026-07-10T15:22:12.336+0000] {processor.py:839} INFO - DAG(s) dict_keys(['pipeline_ingestion_suivi']) retrieved from /opt/airflow/dags/dag_suivi.py
[2026-07-10T15:22:12.481+0000] {logging_mixin.py:151} INFO - [2026-07-10T15:22:12.480+0000] {dag.py:2941} INFO - Sync 1 DAGs
[2026-07-10T15:22:12.587+0000] {logging_mixin.py:151} INFO - [2026-07-10T15:22:12.586+0000] {dag.py:3722} INFO - Setting next_dagrun for pipeline_ingestion_suivi to 2026-07-10T15:00:00+00:00, run_after=2026-07-10T16:00:00+00:00
[2026-07-10T15:22:12.660+0000] {processor.py:179} INFO - Processing /opt/airflow/dags/dag_suivi.py took 0.436 seconds
[2026-07-10T15:22:43.006+0000] {processor.py:157} INFO - Started process (PID=10123) to work on /opt/airflow/dags/dag_suivi.py
[2026-07-10T15:22:43.010+0000] {processor.py:829} INFO - Processing file /opt/airflow/dags/dag_suivi.py for tasks to queue
[2026-07-10T15:22:43.016+0000] {logging_mixin.py:151} INFO - [2026-07-10T15:22:43.014+0000] {dagbag.py:536} INFO - Filling up the DagBag from /opt/airflow/dags/dag_suivi.py
[2026-07-10T15:22:43.165+0000] {processor.py:839} INFO - DAG(s) dict_keys(['pipeline_ingestion_suivi']) retrieved from /opt/airflow/dags/dag_suivi.py
[2026-07-10T15:22:43.366+0000] {logging_mixin.py:151} INFO - [2026-07-10T15:22:43.365+0000] {dag.py:2941} INFO - Sync 1 DAGs
[2026-07-10T15:22:43.543+0000] {logging_mixin.py:151} INFO - [2026-07-10T15:22:43.542+0000] {dag.py:3722} INFO - Setting next_dagrun for pipeline_ingestion_suivi to 2026-07-10T15:00:00+00:00, run_after=2026-07-10T16:00:00+00:00
[2026-07-10T15:22:43.626+0000] {processor.py:179} INFO - Processing /opt/airflow/dags/dag_suivi.py took 0.633 seconds
[2026-07-10T15:23:13.783+0000] {processor.py:157} INFO - Started process (PID=10128) to work on /opt/airflow/dags/dag_suivi.py
[2026-07-10T15:23:13.786+0000] {processor.py:829} INFO - Processing file /opt/airflow/dags/dag_suivi.py for tasks to queue
[2026-07-10T15:23:13.790+0000] {logging_mixin.py:151} INFO - [2026-07-10T15:23:13.789+0000] {dagbag.py:536} INFO - Filling up the DagBag from /opt/airflow/dags/dag_suivi.py
[2026-07-10T15:23:13.907+0000] {processor.py:839} INFO - DAG(s) dict_keys(['pipeline_ingestion_suivi']) retrieved from /opt/airflow/dags/dag_suivi.py
[2026-07-10T15:23:14.053+0000] {logging_mixin.py:151} INFO - [2026-07-10T15:23:14.052+0000] {dag.py:2941} INFO - Sync 1 DAGs
[2026-07-10T15:23:14.205+0000] {logging_mixin.py:151} INFO - [2026-07-10T15:23:14.204+0000] {dag.py:3722} INFO - Setting next_dagrun for pipeline_ingestion_suivi to 2026-07-10T15:00:00+00:00, run_after=2026-07-10T16:00:00+00:00
[2026-07-10T15:23:14.300+0000] {processor.py:179} INFO - Processing /opt/airflow/dags/dag_suivi.py took 0.533 seconds
[2026-07-10T15:23:44.852+0000] {processor.py:157} INFO - Started process (PID=10133) to work on /opt/airflow/dags/dag_suivi.py
[2026-07-10T15:23:44.855+0000] {processor.py:829} INFO - Processing file /opt/airflow/dags/dag_suivi.py for tasks to queue
[2026-07-10T15:23:44.861+0000] {logging_mixin.py:151} INFO - [2026-07-10T15:23:44.859+0000] {dagbag.py:536} INFO - Filling up the DagBag from /opt/airflow/dags/dag_suivi.py
[2026-07-10T15:23:44.993+0000] {processor.py:839} INFO - DAG(s) dict_keys(['pipeline_ingestion_suivi']) retrieved from /opt/airflow/dags/dag_suivi.py
[2026-07-10T15:23:45.126+0000] {logging_mixin.py:151} INFO - [2026-07-10T15:23:45.126+0000] {dag.py:2941} INFO - Sync 1 DAGs
[2026-07-10T15:23:45.246+0000] {logging_mixin.py:151} INFO - [2026-07-10T15:23:45.245+0000] {dag.py:3722} INFO - Setting next_dagrun for pipeline_ingestion_suivi to 2026-07-10T15:00:00+00:00, run_after=2026-07-10T16:00:00+00:00
[2026-07-10T15:23:45.336+0000] {processor.py:179} INFO - Processing /opt/airflow/dags/dag_suivi.py took 0.502 seconds
[2026-07-10T15:24:15.594+0000] {processor.py:157} INFO - Started process (PID=10138) to work on /opt/airflow/dags/dag_suivi.py
[2026-07-10T15:24:15.598+0000] {processor.py:829} INFO - Processing file /opt/airflow/dags/dag_suivi.py for tasks to queue
[2026-07-10T15:24:15.603+0000] {logging_mixin.py:151} INFO - [2026-07-10T15:24:15.602+0000] {dagbag.py:536} INFO - Filling up the DagBag from /opt/airflow/dags/dag_suivi.py
[2026-07-10T15:24:15.697+0000] {processor.py:839} INFO - DAG(s) dict_keys(['pipeline_ingestion_suivi']) retrieved from /opt/airflow/dags/dag_suivi.py
[2026-07-10T15:24:15.814+0000] {logging_mixin.py:151} INFO - [2026-07-10T15:24:15.813+0000] {dag.py:2941} INFO - Sync 1 DAGs
[2026-07-10T15:24:15.899+0000] {logging_mixin.py:151} INFO - [2026-07-10T15:24:15.898+0000] {dag.py:3722} INFO - Setting next_dagrun for pipeline_ingestion_suivi to 2026-07-10T15:00:00+00:00, run_after=2026-07-10T16:00:00+00:00
[2026-07-10T15:24:15.980+0000] {processor.py:179} INFO - Processing /opt/airflow/dags/dag_suivi.py took 0.403 seconds
[2026-07-10T15:24:46.355+0000] {processor.py:157} INFO - Started process (PID=10143) to work on /opt/airflow/dags/dag_suivi.py
[2026-07-10T15:24:46.358+0000] {processor.py:829} INFO - Processing file /opt/airflow/dags/dag_suivi.py for tasks to queue
[2026-07-10T15:24:46.363+0000] {logging_mixin.py:151} INFO - [2026-07-10T15:24:46.361+0000] {dagbag.py:536} INFO - Filling up the DagBag from /opt/airflow/dags/dag_suivi.py
[2026-07-10T15:24:46.450+0000] {processor.py:839} INFO - DAG(s) dict_keys(['pipeline_ingestion_suivi']) retrieved from /opt/airflow/dags/dag_suivi.py
[2026-07-10T15:24:46.591+0000] {logging_mixin.py:151} INFO - [2026-07-10T15:24:46.590+0000] {dag.py:2941} INFO - Sync 1 DAGs
[2026-07-10T15:24:46.684+0000] {logging_mixin.py:151} INFO - [2026-07-10T15:24:46.684+0000] {dag.py:3722} INFO - Setting next_dagrun for pipeline_ingestion_suivi to 2026-07-10T15:00:00+00:00, run_after=2026-07-10T16:00:00+00:00
[2026-07-10T15:24:46.755+0000] {processor.py:179} INFO - Processing /opt/airflow/dags/dag_suivi.py took 0.417 seconds
[2026-07-10T15:25:16.999+0000] {processor.py:157} INFO - Started process (PID=10148) to work on /opt/airflow/dags/dag_suivi.py
[2026-07-10T15:25:17.001+0000] {processor.py:829} INFO - Processing file /opt/airflow/dags/dag_suivi.py for tasks to queue
[2026-07-10T15:25:17.005+0000] {logging_mixin.py:151} INFO - [2026-07-10T15:25:17.004+0000] {dagbag.py:536} INFO - Filling up the DagBag from /opt/airflow/dags/dag_suivi.py
[2026-07-10T15:25:17.093+0000] {processor.py:839} INFO - DAG(s) dict_keys(['pipeline_ingestion_suivi']) retrieved from /opt/airflow/dags/dag_suivi.py
[2026-07-10T15:25:17.249+0000] {logging_mixin.py:151} INFO - [2026-07-10T15:25:17.248+0000] {dag.py:2941} INFO - Sync 1 DAGs
[2026-07-10T15:25:17.342+0000] {logging_mixin.py:151} INFO - [2026-07-10T15:25:17.341+0000] {dag.py:3722} INFO - Setting next_dagrun for pipeline_ingestion_suivi to 2026-07-10T15:00:00+00:00, run_after=2026-07-10T16:00:00+00:00
[2026-07-10T15:25:17.426+0000] {processor.py:179} INFO - Processing /opt/airflow/dags/dag_suivi.py took 0.445 seconds
[2026-07-10T15:25:47.715+0000] {processor.py:157} INFO - Started process (PID=10153) to work on /opt/airflow/dags/dag_suivi.py
[2026-07-10T15:25:47.719+0000] {processor.py:829} INFO - Processing file /opt/airflow/dags/dag_suivi.py for tasks to queue
[2026-07-10T15:25:47.723+0000] {logging_mixin.py:151} INFO - [2026-07-10T15:25:47.722+0000] {dagbag.py:536} INFO - Filling up the DagBag from /opt/airflow/dags/dag_suivi.py
[2026-07-10T15:25:47.812+0000] {processor.py:839} INFO - DAG(s) dict_keys(['pipeline_ingestion_suivi']) retrieved from /opt/airflow/dags/dag_suivi.py
[2026-07-10T15:25:47.925+0000] {logging_mixin.py:151} INFO - [2026-07-10T15:25:47.924+0000] {dag.py:2941} INFO - Sync 1 DAGs
[2026-07-10T15:25:48.044+0000] {logging_mixin.py:151} INFO - [2026-07-10T15:25:48.043+0000] {dag.py:3722} INFO - Setting next_dagrun for pipeline_ingestion_suivi to 2026-07-10T15:00:00+00:00, run_after=2026-07-10T16:00:00+00:00
[2026-07-10T15:25:48.128+0000] {processor.py:179} INFO - Processing /opt/airflow/dags/dag_suivi.py took 0.427 seconds
[2026-07-10T15:26:18.381+0000] {processor.py:157} INFO - Started process (PID=10158) to work on /opt/airflow/dags/dag_suivi.py
[2026-07-10T15:26:18.384+0000] {processor.py:829} INFO - Processing file /opt/airflow/dags/dag_suivi.py for tasks to queue
[2026-07-10T15:26:18.389+0000] {logging_mixin.py:151} INFO - [2026-07-10T15:26:18.387+0000] {dagbag.py:536} INFO - Filling up the DagBag from /opt/airflow/dags/dag_suivi.py
[2026-07-10T15:26:18.466+0000] {processor.py:839} INFO - DAG(s) dict_keys(['pipeline_ingestion_suivi']) retrieved from /opt/airflow/dags/dag_suivi.py
[2026-07-10T15:26:18.563+0000] {logging_mixin.py:151} INFO - [2026-07-10T15:26:18.562+0000] {dag.py:2941} INFO - Sync 1 DAGs
[2026-07-10T15:26:18.674+0000] {logging_mixin.py:151} INFO - [2026-07-10T15:26:18.673+0000] {dag.py:3722} INFO - Setting next_dagrun for pipeline_ingestion_suivi to 2026-07-10T15:00:00+00:00, run_after=2026-07-10T16:00:00+00:00
[2026-07-10T15:26:18.769+0000] {processor.py:179} INFO - Processing /opt/airflow/dags/dag_suivi.py took 0.398 seconds
[2026-07-10T15:26:49.074+0000] {processor.py:157} INFO - Started process (PID=10163) to work on /opt/airflow/dags/dag_suivi.py
[2026-07-10T15:26:49.077+0000] {processor.py:829} INFO - Processing file /opt/airflow/dags/dag_suivi.py for tasks to queue
[2026-07-10T15:26:49.081+0000] {logging_mixin.py:151} INFO - [2026-07-10T15:26:49.079+0000] {dagbag.py:536} INFO - Filling up the DagBag from /opt/airflow/dags/dag_suivi.py
[2026-07-10T15:26:49.162+0000] {processor.py:839} INFO - DAG(s) dict_keys(['pipeline_ingestion_suivi']) retrieved from /opt/airflow/dags/dag_suivi.py
[2026-07-10T15:26:49.265+0000] {logging_mixin.py:151} INFO - [2026-07-10T15:26:49.264+0000] {dag.py:2941} INFO - Sync 1 DAGs
[2026-07-10T15:26:49.339+0000] {logging_mixin.py:151} INFO - [2026-07-10T15:26:49.338+0000] {dag.py:3722} INFO - Setting next_dagrun for pipeline_ingestion_suivi to 2026-07-10T15:00:00+00:00, run_after=2026-07-10T16:00:00+00:00
[2026-07-10T15:26:49.422+0000] {processor.py:179} INFO - Processing /opt/airflow/dags/dag_suivi.py took 0.361 seconds
[2026-07-10T15:27:19.796+0000] {processor.py:157} INFO - Started process (PID=10168) to work on /opt/airflow/dags/dag_suivi.py
[2026-07-10T15:27:19.801+0000] {processor.py:829} INFO - Processing file /opt/airflow/dags/dag_suivi.py for tasks to queue
[2026-07-10T15:27:19.805+0000] {logging_mixin.py:151} INFO - [2026-07-10T15:27:19.804+0000] {dagbag.py:536} INFO - Filling up the DagBag from /opt/airflow/dags/dag_suivi.py
[2026-07-10T15:27:19.931+0000] {processor.py:839} INFO - DAG(s) dict_keys(['pipeline_ingestion_suivi']) retrieved from /opt/airflow/dags/dag_suivi.py
[2026-07-10T15:27:20.111+0000] {logging_mixin.py:151} INFO - [2026-07-10T15:27:20.110+0000] {dag.py:2941} INFO - Sync 1 DAGs
[2026-07-10T15:27:20.332+0000] {logging_mixin.py:151} INFO - [2026-07-10T15:27:20.331+0000] {dag.py:3722} INFO - Setting next_dagrun for pipeline_ingestion_suivi to 2026-07-10T15:00:00+00:00, run_after=2026-07-10T16:00:00+00:00
[2026-07-10T15:27:20.478+0000] {processor.py:179} INFO - Processing /opt/airflow/dags/dag_suivi.py took 0.705 seconds
[2026-07-10T15:27:51.045+0000] {processor.py:157} INFO - Started process (PID=10173) to work on /opt/airflow/dags/dag_suivi.py
[2026-07-10T15:27:51.048+0000] {processor.py:829} INFO - Processing file /opt/airflow/dags/dag_suivi.py for tasks to queue
[2026-07-10T15:27:51.051+0000] {logging_mixin.py:151} INFO - [2026-07-10T15:27:51.050+0000] {dagbag.py:536} INFO - Filling up the DagBag from /opt/airflow/dags/dag_suivi.py
[2026-07-10T15:27:51.134+0000] {processor.py:839} INFO - DAG(s) dict_keys(['pipeline_ingestion_suivi']) retrieved from /opt/airflow/dags/dag_suivi.py
[2026-07-10T15:27:51.238+0000] {logging_mixin.py:151} INFO - [2026-07-10T15:27:51.237+0000] {dag.py:2941} INFO - Sync 1 DAGs
[2026-07-10T15:27:51.313+0000] {logging_mixin.py:151} INFO - [2026-07-10T15:27:51.312+0000] {dag.py:3722} INFO - Setting next_dagrun for pipeline_ingestion_suivi to 2026-07-10T15:00:00+00:00, run_after=2026-07-10T16:00:00+00:00
[2026-07-10T15:27:51.379+0000] {processor.py:179} INFO - Processing /opt/airflow/dags/dag_suivi.py took 0.344 seconds
[2026-07-10T15:28:21.882+0000] {processor.py:157} INFO - Started process (PID=10178) to work on /opt/airflow/dags/dag_suivi.py
[2026-07-10T15:28:21.885+0000] {processor.py:829} INFO - Processing file /opt/airflow/dags/dag_suivi.py for tasks to queue
[2026-07-10T15:28:21.888+0000] {logging_mixin.py:151} INFO - [2026-07-10T15:28:21.887+0000] {dagbag.py:536} INFO - Filling up the DagBag from /opt/airflow/dags/dag_suivi.py
[2026-07-10T15:28:21.961+0000] {processor.py:839} INFO - DAG(s) dict_keys(['pipeline_ingestion_suivi']) retrieved from /opt/airflow/dags/dag_suivi.py
[2026-07-10T15:28:22.044+0000] {logging_mixin.py:151} INFO - [2026-07-10T15:28:22.043+0000] {dag.py:2941} INFO - Sync 1 DAGs
[2026-07-10T15:28:22.114+0000] {logging_mixin.py:151} INFO - [2026-07-10T15:28:22.113+0000] {dag.py:3722} INFO - Setting next_dagrun for pipeline_ingestion_suivi to 2026-07-10T15:00:00+00:00, run_after=2026-07-10T16:00:00+00:00
[2026-07-10T15:28:22.176+0000] {processor.py:179} INFO - Processing /opt/airflow/dags/dag_suivi.py took 0.303 seconds
[2026-07-10T15:28:52.410+0000] {processor.py:157} INFO - Started process (PID=10183) to work on /opt/airflow/dags/dag_suivi.py
[2026-07-10T15:28:52.413+0000] {processor.py:829} INFO - Processing file /opt/airflow/dags/dag_suivi.py for tasks to queue
[2026-07-10T15:28:52.417+0000] {logging_mixin.py:151} INFO - [2026-07-10T15:28:52.416+0000] {dagbag.py:536} INFO - Filling up the DagBag from /opt/airflow/dags/dag_suivi.py
[2026-07-10T15:28:52.489+0000] {processor.py:839} INFO - DAG(s) dict_keys(['pipeline_ingestion_suivi']) retrieved from /opt/airflow/dags/dag_suivi.py
[2026-07-10T15:28:52.585+0000] {logging_mixin.py:151} INFO - [2026-07-10T15:28:52.584+0000] {dag.py:2941} INFO - Sync 1 DAGs
[2026-07-10T15:28:52.764+0000] {logging_mixin.py:151} INFO - [2026-07-10T15:28:52.763+0000] {dag.py:3722} INFO - Setting next_dagrun for pipeline_ingestion_suivi to 2026-07-10T15:00:00+00:00, run_after=2026-07-10T16:00:00+00:00
[2026-07-10T15:28:52.831+0000] {processor.py:179} INFO - Processing /opt/airflow/dags/dag_suivi.py took 0.431 seconds
[2026-07-10T15:29:23.178+0000] {processor.py:157} INFO - Started process (PID=10188) to work on /opt/airflow/dags/dag_suivi.py
[2026-07-10T15:29:23.182+0000] {processor.py:829} INFO - Processing file /opt/airflow/dags/dag_suivi.py for tasks to queue
[2026-07-10T15:29:23.192+0000] {logging_mixin.py:151} INFO - [2026-07-10T15:29:23.189+0000] {dagbag.py:536} INFO - Filling up the DagBag from /opt/airflow/dags/dag_suivi.py
[2026-07-10T15:29:23.284+0000] {processor.py:839} INFO - DAG(s) dict_keys(['pipeline_ingestion_suivi']) retrieved from /opt/airflow/dags/dag_suivi.py
[2026-07-10T15:29:23.370+0000] {logging_mixin.py:151} INFO - [2026-07-10T15:29:23.369+0000] {dag.py:2941} INFO - Sync 1 DAGs
[2026-07-10T15:29:23.444+0000] {logging_mixin.py:151} INFO - [2026-07-10T15:29:23.443+0000] {dag.py:3722} INFO - Setting next_dagrun for pipeline_ingestion_suivi to 2026-07-10T15:00:00+00:00, run_after=2026-07-10T16:00:00+00:00
[2026-07-10T15:29:23.529+0000] {processor.py:179} INFO - Processing /opt/airflow/dags/dag_suivi.py took 0.367 seconds
[2026-07-10T15:29:53.791+0000] {processor.py:157} INFO - Started process (PID=10193) to work on /opt/airflow/dags/dag_suivi.py
[2026-07-10T15:29:53.794+0000] {processor.py:829} INFO - Processing file /opt/airflow/dags/dag_suivi.py for tasks to queue
[2026-07-10T15:29:53.799+0000] {logging_mixin.py:151} INFO - [2026-07-10T15:29:53.797+0000] {dagbag.py:536} INFO - Filling up the DagBag from /opt/airflow/dags/dag_suivi.py
[2026-07-10T15:29:53.897+0000] {processor.py:839} INFO - DAG(s) dict_keys(['pipeline_ingestion_suivi']) retrieved from /opt/airflow/dags/dag_suivi.py
[2026-07-10T15:29:54.034+0000] {logging_mixin.py:151} INFO - [2026-07-10T15:29:54.034+0000] {dag.py:2941} INFO - Sync 1 DAGs
[2026-07-10T15:29:54.128+0000] {logging_mixin.py:151} INFO - [2026-07-10T15:29:54.127+0000] {dag.py:3722} INFO - Setting next_dagrun for pipeline_ingestion_suivi to 2026-07-10T15:00:00+00:00, run_after=2026-07-10T16:00:00+00:00
[2026-07-10T15:29:54.212+0000] {processor.py:179} INFO - Processing /opt/airflow/dags/dag_suivi.py took 0.436 seconds
[2026-07-10T15:30:24.607+0000] {processor.py:157} INFO - Started process (PID=10198) to work on /opt/airflow/dags/dag_suivi.py
[2026-07-10T15:30:24.610+0000] {processor.py:829} INFO - Processing file /opt/airflow/dags/dag_suivi.py for tasks to queue
[2026-07-10T15:30:24.614+0000] {logging_mixin.py:151} INFO - [2026-07-10T15:30:24.613+0000] {dagbag.py:536} INFO - Filling up the DagBag from /opt/airflow/dags/dag_suivi.py
[2026-07-10T15:30:24.697+0000] {processor.py:839} INFO - DAG(s) dict_keys(['pipeline_ingestion_suivi']) retrieved from /opt/airflow/dags/dag_suivi.py
[2026-07-10T15:30:24.788+0000] {logging_mixin.py:151} INFO - [2026-07-10T15:30:24.787+0000] {dag.py:2941} INFO - Sync 1 DAGs
[2026-07-10T15:30:24.860+0000] {logging_mixin.py:151} INFO - [2026-07-10T15:30:24.859+0000] {dag.py:3722} INFO - Setting next_dagrun for pipeline_ingestion_suivi to 2026-07-10T15:00:00+00:00, run_after=2026-07-10T16:00:00+00:00
[2026-07-10T15:30:24.929+0000] {processor.py:179} INFO - Processing /opt/airflow/dags/dag_suivi.py took 0.341 seconds
[2026-07-10T15:30:56.035+0000] {processor.py:157} INFO - Started process (PID=10203) to work on /opt/airflow/dags/dag_suivi.py
[2026-07-10T15:30:56.045+0000] {processor.py:829} INFO - Processing file /opt/airflow/dags/dag_suivi.py for tasks to queue
[2026-07-10T15:30:56.057+0000] {logging_mixin.py:151} INFO - [2026-07-10T15:30:56.051+0000] {dagbag.py:536} INFO - Filling up the DagBag from /opt/airflow/dags/dag_suivi.py
[2026-07-10T15:30:56.572+0000] {processor.py:839} INFO - DAG(s) dict_keys(['pipeline_ingestion_suivi']) retrieved from /opt/airflow/dags/dag_suivi.py
[2026-07-10T15:30:57.211+0000] {logging_mixin.py:151} INFO - [2026-07-10T15:30:57.210+0000] {dag.py:2941} INFO - Sync 1 DAGs
[2026-07-10T15:30:58.019+0000] {logging_mixin.py:151} INFO - [2026-07-10T15:30:58.018+0000] {dag.py:3722} INFO - Setting next_dagrun for pipeline_ingestion_suivi to 2026-07-10T15:00:00+00:00, run_after=2026-07-10T16:00:00+00:00
[2026-07-10T15:30:58.348+0000] {processor.py:179} INFO - Processing /opt/airflow/dags/dag_suivi.py took 2.358 seconds
[2026-07-10T15:31:29.075+0000] {processor.py:157} INFO - Started process (PID=10208) to work on /opt/airflow/dags/dag_suivi.py
[2026-07-10T15:31:29.091+0000] {processor.py:829} INFO - Processing file /opt/airflow/dags/dag_suivi.py for tasks to queue
[2026-07-10T15:31:29.107+0000] {logging_mixin.py:151} INFO - [2026-07-10T15:31:29.098+0000] {dagbag.py:536} INFO - Filling up the DagBag from /opt/airflow/dags/dag_suivi.py
[2026-07-10T15:31:29.426+0000] {processor.py:839} INFO - DAG(s) dict_keys(['pipeline_ingestion_suivi']) retrieved from /opt/airflow/dags/dag_suivi.py
[2026-07-10T15:31:29.837+0000] {logging_mixin.py:151} INFO - [2026-07-10T15:31:29.836+0000] {dag.py:2941} INFO - Sync 1 DAGs
[2026-07-10T15:31:30.273+0000] {logging_mixin.py:151} INFO - [2026-07-10T15:31:30.262+0000] {dag.py:3722} INFO - Setting next_dagrun for pipeline_ingestion_suivi to 2026-07-10T15:00:00+00:00, run_after=2026-07-10T16:00:00+00:00
[2026-07-10T15:31:30.485+0000] {processor.py:179} INFO - Processing /opt/airflow/dags/dag_suivi.py took 1.473 seconds
[2026-07-10T15:32:01.070+0000] {processor.py:157} INFO - Started process (PID=10213) to work on /opt/airflow/dags/dag_suivi.py
[2026-07-10T15:32:01.073+0000] {processor.py:829} INFO - Processing file /opt/airflow/dags/dag_suivi.py for tasks to queue
[2026-07-10T15:32:01.079+0000] {logging_mixin.py:151} INFO - [2026-07-10T15:32:01.078+0000] {dagbag.py:536} INFO - Filling up the DagBag from /opt/airflow/dags/dag_suivi.py
[2026-07-10T15:32:01.213+0000] {processor.py:839} INFO - DAG(s) dict_keys(['pipeline_ingestion_suivi']) retrieved from /opt/airflow/dags/dag_suivi.py
[2026-07-10T15:32:01.364+0000] {logging_mixin.py:151} INFO - [2026-07-10T15:32:01.363+0000] {dag.py:2941} INFO - Sync 1 DAGs
[2026-07-10T15:32:01.469+0000] {logging_mixin.py:151} INFO - [2026-07-10T15:32:01.468+0000] {dag.py:3722} INFO - Setting next_dagrun for pipeline_ingestion_suivi to 2026-07-10T15:00:00+00:00, run_after=2026-07-10T16:00:00+00:00
[2026-07-10T15:32:01.572+0000] {processor.py:179} INFO - Processing /opt/airflow/dags/dag_suivi.py took 0.523 seconds
[2026-07-10T15:32:32.114+0000] {processor.py:157} INFO - Started process (PID=10218) to work on /opt/airflow/dags/dag_suivi.py
[2026-07-10T15:32:32.119+0000] {processor.py:829} INFO - Processing file /opt/airflow/dags/dag_suivi.py for tasks to queue
[2026-07-10T15:32:32.126+0000] {logging_mixin.py:151} INFO - [2026-07-10T15:32:32.125+0000] {dagbag.py:536} INFO - Filling up the DagBag from /opt/airflow/dags/dag_suivi.py
[2026-07-10T15:32:32.279+0000] {processor.py:839} INFO - DAG(s) dict_keys(['pipeline_ingestion_suivi']) retrieved from /opt/airflow/dags/dag_suivi.py
[2026-07-10T15:32:32.503+0000] {logging_mixin.py:151} INFO - [2026-07-10T15:32:32.502+0000] {dag.py:2941} INFO - Sync 1 DAGs
[2026-07-10T15:32:32.710+0000] {logging_mixin.py:151} INFO - [2026-07-10T15:32:32.709+0000] {dag.py:3722} INFO - Setting next_dagrun for pipeline_ingestion_suivi to 2026-07-10T15:00:00+00:00, run_after=2026-07-10T16:00:00+00:00
[2026-07-10T15:32:32.867+0000] {processor.py:179} INFO - Processing /opt/airflow/dags/dag_suivi.py took 0.773 seconds
[2026-07-10T15:33:03.895+0000] {processor.py:157} INFO - Started process (PID=10223) to work on /opt/airflow/dags/dag_suivi.py
[2026-07-10T15:33:03.901+0000] {processor.py:829} INFO - Processing file /opt/airflow/dags/dag_suivi.py for tasks to queue
[2026-07-10T15:33:03.918+0000] {logging_mixin.py:151} INFO - [2026-07-10T15:33:03.916+0000] {dagbag.py:536} INFO - Filling up the DagBag from /opt/airflow/dags/dag_suivi.py
[2026-07-10T15:33:04.226+0000] {processor.py:839} INFO - DAG(s) dict_keys(['pipeline_ingestion_suivi']) retrieved from /opt/airflow/dags/dag_suivi.py
[2026-07-10T15:33:04.445+0000] {logging_mixin.py:151} INFO - [2026-07-10T15:33:04.444+0000] {dag.py:2941} INFO - Sync 1 DAGs
[2026-07-10T15:33:04.639+0000] {logging_mixin.py:151} INFO - [2026-07-10T15:33:04.638+0000] {dag.py:3722} INFO - Setting next_dagrun for pipeline_ingestion_suivi to 2026-07-10T15:00:00+00:00, run_after=2026-07-10T16:00:00+00:00
[2026-07-10T15:33:04.761+0000] {processor.py:179} INFO - Processing /opt/airflow/dags/dag_suivi.py took 0.910 seconds
[2026-07-10T15:33:35.820+0000] {processor.py:157} INFO - Started process (PID=10228) to work on /opt/airflow/dags/dag_suivi.py
[2026-07-10T15:33:35.825+0000] {processor.py:829} INFO - Processing file /opt/airflow/dags/dag_suivi.py for tasks to queue
[2026-07-10T15:33:35.829+0000] {logging_mixin.py:151} INFO - [2026-07-10T15:33:35.828+0000] {dagbag.py:536} INFO - Filling up the DagBag from /opt/airflow/dags/dag_suivi.py
[2026-07-10T15:33:36.030+0000] {processor.py:839} INFO - DAG(s) dict_keys(['pipeline_ingestion_suivi']) retrieved from /opt/airflow/dags/dag_suivi.py
[2026-07-10T15:33:36.356+0000] {logging_mixin.py:151} INFO - [2026-07-10T15:33:36.354+0000] {dag.py:2941} INFO - Sync 1 DAGs
[2026-07-10T15:33:37.152+0000] {logging_mixin.py:151} INFO - [2026-07-10T15:33:37.141+0000] {dag.py:3722} INFO - Setting next_dagrun for pipeline_ingestion_suivi to 2026-07-10T15:00:00+00:00, run_after=2026-07-10T16:00:00+00:00
[2026-07-10T15:33:37.637+0000] {processor.py:179} INFO - Processing /opt/airflow/dags/dag_suivi.py took 1.844 seconds
[2026-07-10T15:34:08.545+0000] {processor.py:157} INFO - Started process (PID=10233) to work on /opt/airflow/dags/dag_suivi.py
[2026-07-10T15:34:08.549+0000] {processor.py:829} INFO - Processing file /opt/airflow/dags/dag_suivi.py for tasks to queue
[2026-07-10T15:34:08.554+0000] {logging_mixin.py:151} INFO - [2026-07-10T15:34:08.553+0000] {dagbag.py:536} INFO - Filling up the DagBag from /opt/airflow/dags/dag_suivi.py
[2026-07-10T15:34:08.659+0000] {processor.py:839} INFO - DAG(s) dict_keys(['pipeline_ingestion_suivi']) retrieved from /opt/airflow/dags/dag_suivi.py
[2026-07-10T15:34:08.787+0000] {logging_mixin.py:151} INFO - [2026-07-10T15:34:08.786+0000] {dag.py:2941} INFO - Sync 1 DAGs
[2026-07-10T15:34:08.876+0000] {logging_mixin.py:151} INFO - [2026-07-10T15:34:08.875+0000] {dag.py:3722} INFO - Setting next_dagrun for pipeline_ingestion_suivi to 2026-07-10T15:00:00+00:00, run_after=2026-07-10T16:00:00+00:00
[2026-07-10T15:34:08.949+0000] {processor.py:179} INFO - Processing /opt/airflow/dags/dag_suivi.py took 0.418 seconds
[2026-07-10T15:34:39.159+0000] {processor.py:157} INFO - Started process (PID=10238) to work on /opt/airflow/dags/dag_suivi.py
[2026-07-10T15:34:39.163+0000] {processor.py:829} INFO - Processing file /opt/airflow/dags/dag_suivi.py for tasks to queue
[2026-07-10T15:34:39.168+0000] {logging_mixin.py:151} INFO - [2026-07-10T15:34:39.167+0000] {dagbag.py:536} INFO - Filling up the DagBag from /opt/airflow/dags/dag_suivi.py
[2026-07-10T15:34:39.263+0000] {processor.py:839} INFO - DAG(s) dict_keys(['pipeline_ingestion_suivi']) retrieved from /opt/airflow/dags/dag_suivi.py
[2026-07-10T15:34:39.369+0000] {logging_mixin.py:151} INFO - [2026-07-10T15:34:39.369+0000] {dag.py:2941} INFO - Sync 1 DAGs
[2026-07-10T15:34:39.466+0000] {logging_mixin.py:151} INFO - [2026-07-10T15:34:39.464+0000] {dag.py:3722} INFO - Setting next_dagrun for pipeline_ingestion_suivi to 2026-07-10T15:00:00+00:00, run_after=2026-07-10T16:00:00+00:00
[2026-07-10T15:34:39.586+0000] {processor.py:179} INFO - Processing /opt/airflow/dags/dag_suivi.py took 0.440 seconds
[2026-07-10T15:35:10.089+0000] {processor.py:157} INFO - Started process (PID=10243) to work on /opt/airflow/dags/dag_suivi.py
[2026-07-10T15:35:10.093+0000] {processor.py:829} INFO - Processing file /opt/airflow/dags/dag_suivi.py for tasks to queue
[2026-07-10T15:35:10.099+0000] {logging_mixin.py:151} INFO - [2026-07-10T15:35:10.097+0000] {dagbag.py:536} INFO - Filling up the DagBag from /opt/airflow/dags/dag_suivi.py
[2026-07-10T15:35:10.222+0000] {processor.py:839} INFO - DAG(s) dict_keys(['pipeline_ingestion_suivi']) retrieved from /opt/airflow/dags/dag_suivi.py
[2026-07-10T15:35:10.445+0000] {logging_mixin.py:151} INFO - [2026-07-10T15:35:10.444+0000] {dag.py:2941} INFO - Sync 1 DAGs
[2026-07-10T15:35:10.610+0000] {logging_mixin.py:151} INFO - [2026-07-10T15:35:10.610+0000] {dag.py:3722} INFO - Setting next_dagrun for pipeline_ingestion_suivi to 2026-07-10T15:00:00+00:00, run_after=2026-07-10T16:00:00+00:00
[2026-07-10T15:35:10.702+0000] {processor.py:179} INFO - Processing /opt/airflow/dags/dag_suivi.py took 0.629 seconds
[2026-07-10T15:35:41.555+0000] {processor.py:157} INFO - Started process (PID=10248) to work on /opt/airflow/dags/dag_suivi.py
[2026-07-10T15:35:41.560+0000] {processor.py:829} INFO - Processing file /opt/airflow/dags/dag_suivi.py for tasks to queue
[2026-07-10T15:35:41.566+0000] {logging_mixin.py:151} INFO - [2026-07-10T15:35:41.565+0000] {dagbag.py:536} INFO - Filling up the DagBag from /opt/airflow/dags/dag_suivi.py
[2026-07-10T15:35:41.921+0000] {processor.py:839} INFO - DAG(s) dict_keys(['pipeline_ingestion_suivi']) retrieved from /opt/airflow/dags/dag_suivi.py
[2026-07-10T15:35:42.286+0000] {logging_mixin.py:151} INFO - [2026-07-10T15:35:42.285+0000] {dag.py:2941} INFO - Sync 1 DAGs
[2026-07-10T15:35:42.530+0000] {logging_mixin.py:151} INFO - [2026-07-10T15:35:42.528+0000] {dag.py:3722} INFO - Setting next_dagrun for pipeline_ingestion_suivi to 2026-07-10T15:00:00+00:00, run_after=2026-07-10T16:00:00+00:00
[2026-07-10T15:35:42.690+0000] {processor.py:179} INFO - Processing /opt/airflow/dags/dag_suivi.py took 1.156 seconds
[2026-07-10T15:36:13.791+0000] {processor.py:157} INFO - Started process (PID=10253) to work on /opt/airflow/dags/dag_suivi.py
[2026-07-10T15:36:13.797+0000] {processor.py:829} INFO - Processing file /opt/airflow/dags/dag_suivi.py for tasks to queue
[2026-07-10T15:36:13.803+0000] {logging_mixin.py:151} INFO - [2026-07-10T15:36:13.802+0000] {dagbag.py:536} INFO - Filling up the DagBag from /opt/airflow/dags/dag_suivi.py
[2026-07-10T15:36:14.020+0000] {processor.py:839} INFO - DAG(s) dict_keys(['pipeline_ingestion_suivi']) retrieved from /opt/airflow/dags/dag_suivi.py
[2026-07-10T15:36:14.358+0000] {logging_mixin.py:151} INFO - [2026-07-10T15:36:14.358+0000] {dag.py:2941} INFO - Sync 1 DAGs
[2026-07-10T15:36:14.545+0000] {logging_mixin.py:151} INFO - [2026-07-10T15:36:14.544+0000] {dag.py:3722} INFO - Setting next_dagrun for pipeline_ingestion_suivi to 2026-07-10T15:00:00+00:00, run_after=2026-07-10T16:00:00+00:00
[2026-07-10T15:36:14.671+0000] {processor.py:179} INFO - Processing /opt/airflow/dags/dag_suivi.py took 0.901 seconds
[2026-07-10T15:36:45.407+0000] {processor.py:157} INFO - Started process (PID=10258) to work on /opt/airflow/dags/dag_suivi.py
[2026-07-10T15:36:45.410+0000] {processor.py:829} INFO - Processing file /opt/airflow/dags/dag_suivi.py for tasks to queue
[2026-07-10T15:36:45.417+0000] {logging_mixin.py:151} INFO - [2026-07-10T15:36:45.415+0000] {dagbag.py:536} INFO - Filling up the DagBag from /opt/airflow/dags/dag_suivi.py
[2026-07-10T15:36:45.534+0000] {processor.py:839} INFO - DAG(s) dict_keys(['pipeline_ingestion_suivi']) retrieved from /opt/airflow/dags/dag_suivi.py
[2026-07-10T15:36:45.773+0000] {logging_mixin.py:151} INFO - [2026-07-10T15:36:45.771+0000] {dag.py:2941} INFO - Sync 1 DAGs
[2026-07-10T15:36:45.920+0000] {logging_mixin.py:151} INFO - [2026-07-10T15:36:45.920+0000] {dag.py:3722} INFO - Setting next_dagrun for pipeline_ingestion_suivi to 2026-07-10T15:00:00+00:00, run_after=2026-07-10T16:00:00+00:00
[2026-07-10T15:36:46.030+0000] {processor.py:179} INFO - Processing /opt/airflow/dags/dag_suivi.py took 0.645 seconds
[2026-07-10T15:37:16.908+0000] {processor.py:157} INFO - Started process (PID=10263) to work on /opt/airflow/dags/dag_suivi.py
[2026-07-10T15:37:16.913+0000] {processor.py:829} INFO - Processing file /opt/airflow/dags/dag_suivi.py for tasks to queue
[2026-07-10T15:37:16.920+0000] {logging_mixin.py:151} INFO - [2026-07-10T15:37:16.919+0000] {dagbag.py:536} INFO - Filling up the DagBag from /opt/airflow/dags/dag_suivi.py
[2026-07-10T15:37:17.066+0000] {processor.py:839} INFO - DAG(s) dict_keys(['pipeline_ingestion_suivi']) retrieved from /opt/airflow/dags/dag_suivi.py
[2026-07-10T15:37:17.338+0000] {logging_mixin.py:151} INFO - [2026-07-10T15:37:17.334+0000] {dag.py:2941} INFO - Sync 1 DAGs
[2026-07-10T15:37:17.556+0000] {logging_mixin.py:151} INFO - [2026-07-10T15:37:17.555+0000] {dag.py:3722} INFO - Setting next_dagrun for pipeline_ingestion_suivi to 2026-07-10T15:00:00+00:00, run_after=2026-07-10T16:00:00+00:00
[2026-07-10T15:37:17.680+0000] {processor.py:179} INFO - Processing /opt/airflow/dags/dag_suivi.py took 0.820 seconds
[2026-07-10T15:37:48.631+0000] {processor.py:157} INFO - Started process (PID=10268) to work on /opt/airflow/dags/dag_suivi.py
[2026-07-10T15:37:48.637+0000] {processor.py:829} INFO - Processing file /opt/airflow/dags/dag_suivi.py for tasks to queue
[2026-07-10T15:37:48.650+0000] {logging_mixin.py:151} INFO - [2026-07-10T15:37:48.648+0000] {dagbag.py:536} INFO - Filling up the DagBag from /opt/airflow/dags/dag_suivi.py
[2026-07-10T15:37:48.956+0000] {processor.py:839} INFO - DAG(s) dict_keys(['pipeline_ingestion_suivi']) retrieved from /opt/airflow/dags/dag_suivi.py
[2026-07-10T15:37:49.209+0000] {logging_mixin.py:151} INFO - [2026-07-10T15:37:49.208+0000] {dag.py:2941} INFO - Sync 1 DAGs
[2026-07-10T15:37:49.357+0000] {logging_mixin.py:151} INFO - [2026-07-10T15:37:49.356+0000] {dag.py:3722} INFO - Setting next_dagrun for pipeline_ingestion_suivi to 2026-07-10T15:00:00+00:00, run_after=2026-07-10T16:00:00+00:00
[2026-07-10T15:37:49.481+0000] {processor.py:179} INFO - Processing /opt/airflow/dags/dag_suivi.py took 0.900 seconds
[2026-07-10T15:38:20.453+0000] {processor.py:157} INFO - Started process (PID=10273) to work on /opt/airflow/dags/dag_suivi.py
[2026-07-10T15:38:20.458+0000] {processor.py:829} INFO - Processing file /opt/airflow/dags/dag_suivi.py for tasks to queue
[2026-07-10T15:38:20.472+0000] {logging_mixin.py:151} INFO - [2026-07-10T15:38:20.469+0000] {dagbag.py:536} INFO - Filling up the DagBag from /opt/airflow/dags/dag_suivi.py
[2026-07-10T15:38:20.691+0000] {processor.py:839} INFO - DAG(s) dict_keys(['pipeline_ingestion_suivi']) retrieved from /opt/airflow/dags/dag_suivi.py
[2026-07-10T15:38:20.942+0000] {logging_mixin.py:151} INFO - [2026-07-10T15:38:20.941+0000] {dag.py:2941} INFO - Sync 1 DAGs
[2026-07-10T15:38:21.171+0000] {logging_mixin.py:151} INFO - [2026-07-10T15:38:21.170+0000] {dag.py:3722} INFO - Setting next_dagrun for pipeline_ingestion_suivi to 2026-07-10T15:00:00+00:00, run_after=2026-07-10T16:00:00+00:00
[2026-07-10T15:38:21.352+0000] {processor.py:179} INFO - Processing /opt/airflow/dags/dag_suivi.py took 1.093 seconds
[2026-07-10T15:38:51.789+0000] {processor.py:157} INFO - Started process (PID=10278) to work on /opt/airflow/dags/dag_suivi.py
[2026-07-10T15:38:51.796+0000] {processor.py:829} INFO - Processing file /opt/airflow/dags/dag_suivi.py for tasks to queue
[2026-07-10T15:38:51.806+0000] {logging_mixin.py:151} INFO - [2026-07-10T15:38:51.804+0000] {dagbag.py:536} INFO - Filling up the DagBag from /opt/airflow/dags/dag_suivi.py
[2026-07-10T15:38:52.025+0000] {processor.py:839} INFO - DAG(s) dict_keys(['pipeline_ingestion_suivi']) retrieved from /opt/airflow/dags/dag_suivi.py
[2026-07-10T15:38:52.312+0000] {logging_mixin.py:151} INFO - [2026-07-10T15:38:52.311+0000] {dag.py:2941} INFO - Sync 1 DAGs
[2026-07-10T15:38:52.473+0000] {logging_mixin.py:151} INFO - [2026-07-10T15:38:52.473+0000] {dag.py:3722} INFO - Setting next_dagrun for pipeline_ingestion_suivi to 2026-07-10T15:00:00+00:00, run_after=2026-07-10T16:00:00+00:00
[2026-07-10T15:38:52.612+0000] {processor.py:179} INFO - Processing /opt/airflow/dags/dag_suivi.py took 0.856 seconds
[2026-07-10T15:39:23.320+0000] {processor.py:157} INFO - Started process (PID=10283) to work on /opt/airflow/dags/dag_suivi.py
[2026-07-10T15:39:23.323+0000] {processor.py:829} INFO - Processing file /opt/airflow/dags/dag_suivi.py for tasks to queue
[2026-07-10T15:39:23.326+0000] {logging_mixin.py:151} INFO - [2026-07-10T15:39:23.325+0000] {dagbag.py:536} INFO - Filling up the DagBag from /opt/airflow/dags/dag_suivi.py
[2026-07-10T15:39:23.459+0000] {processor.py:839} INFO - DAG(s) dict_keys(['pipeline_ingestion_suivi']) retrieved from /opt/airflow/dags/dag_suivi.py
[2026-07-10T15:39:23.595+0000] {logging_mixin.py:151} INFO - [2026-07-10T15:39:23.595+0000] {dag.py:2941} INFO - Sync 1 DAGs
[2026-07-10T15:39:23.710+0000] {logging_mixin.py:151} INFO - [2026-07-10T15:39:23.708+0000] {dag.py:3722} INFO - Setting next_dagrun for pipeline_ingestion_suivi to 2026-07-10T15:00:00+00:00, run_after=2026-07-10T16:00:00+00:00
[2026-07-10T15:39:23.825+0000] {processor.py:179} INFO - Processing /opt/airflow/dags/dag_suivi.py took 0.521 seconds
[2026-07-10T15:39:54.432+0000] {processor.py:157} INFO - Started process (PID=10288) to work on /opt/airflow/dags/dag_suivi.py
[2026-07-10T15:39:54.435+0000] {processor.py:829} INFO - Processing file /opt/airflow/dags/dag_suivi.py for tasks to queue
[2026-07-10T15:39:54.442+0000] {logging_mixin.py:151} INFO - [2026-07-10T15:39:54.441+0000] {dagbag.py:536} INFO - Filling up the DagBag from /opt/airflow/dags/dag_suivi.py
[2026-07-10T15:39:54.536+0000] {processor.py:839} INFO - DAG(s) dict_keys(['pipeline_ingestion_suivi']) retrieved from /opt/airflow/dags/dag_suivi.py
[2026-07-10T15:39:54.659+0000] {logging_mixin.py:151} INFO - [2026-07-10T15:39:54.658+0000] {dag.py:2941} INFO - Sync 1 DAGs
[2026-07-10T15:39:54.764+0000] {logging_mixin.py:151} INFO - [2026-07-10T15:39:54.764+0000] {dag.py:3722} INFO - Setting next_dagrun for pipeline_ingestion_suivi to 2026-07-10T15:00:00+00:00, run_after=2026-07-10T16:00:00+00:00
[2026-07-10T15:39:54.932+0000] {processor.py:179} INFO - Processing /opt/airflow/dags/dag_suivi.py took 0.512 seconds
[2026-07-10T15:40:25.610+0000] {processor.py:157} INFO - Started process (PID=10293) to work on /opt/airflow/dags/dag_suivi.py
[2026-07-10T15:40:25.613+0000] {processor.py:829} INFO - Processing file /opt/airflow/dags/dag_suivi.py for tasks to queue
[2026-07-10T15:40:25.618+0000] {logging_mixin.py:151} INFO - [2026-07-10T15:40:25.616+0000] {dagbag.py:536} INFO - Filling up the DagBag from /opt/airflow/dags/dag_suivi.py
[2026-07-10T15:40:25.766+0000] {processor.py:839} INFO - DAG(s) dict_keys(['pipeline_ingestion_suivi']) retrieved from /opt/airflow/dags/dag_suivi.py
[2026-07-10T15:40:25.892+0000] {logging_mixin.py:151} INFO - [2026-07-10T15:40:25.892+0000] {dag.py:2941} INFO - Sync 1 DAGs
[2026-07-10T15:40:25.985+0000] {logging_mixin.py:151} INFO - [2026-07-10T15:40:25.984+0000] {dag.py:3722} INFO - Setting next_dagrun for pipeline_ingestion_suivi to 2026-07-10T15:00:00+00:00, run_after=2026-07-10T16:00:00+00:00
[2026-07-10T15:40:26.060+0000] {processor.py:179} INFO - Processing /opt/airflow/dags/dag_suivi.py took 0.469 seconds
[2026-07-10T15:40:56.734+0000] {processor.py:157} INFO - Started process (PID=10298) to work on /opt/airflow/dags/dag_suivi.py
[2026-07-10T15:40:56.738+0000] {processor.py:829} INFO - Processing file /opt/airflow/dags/dag_suivi.py for tasks to queue
[2026-07-10T15:40:56.744+0000] {logging_mixin.py:151} INFO - [2026-07-10T15:40:56.742+0000] {dagbag.py:536} INFO - Filling up the DagBag from /opt/airflow/dags/dag_suivi.py
[2026-07-10T15:40:56.852+0000] {processor.py:839} INFO - DAG(s) dict_keys(['pipeline_ingestion_suivi']) retrieved from /opt/airflow/dags/dag_suivi.py
[2026-07-10T15:40:56.952+0000] {logging_mixin.py:151} INFO - [2026-07-10T15:40:56.951+0000] {dag.py:2941} INFO - Sync 1 DAGs
[2026-07-10T15:40:57.175+0000] {logging_mixin.py:151} INFO - [2026-07-10T15:40:57.174+0000] {dag.py:3722} INFO - Setting next_dagrun for pipeline_ingestion_suivi to 2026-07-10T15:00:00+00:00, run_after=2026-07-10T16:00:00+00:00
[2026-07-10T15:40:57.292+0000] {processor.py:179} INFO - Processing /opt/airflow/dags/dag_suivi.py took 0.576 seconds
[2026-07-10T15:41:27.859+0000] {processor.py:157} INFO - Started process (PID=10303) to work on /opt/airflow/dags/dag_suivi.py
[2026-07-10T15:41:27.872+0000] {processor.py:829} INFO - Processing file /opt/airflow/dags/dag_suivi.py for tasks to queue
[2026-07-10T15:41:27.885+0000] {logging_mixin.py:151} INFO - [2026-07-10T15:41:27.882+0000] {dagbag.py:536} INFO - Filling up the DagBag from /opt/airflow/dags/dag_suivi.py
[2026-07-10T15:41:28.052+0000] {processor.py:839} INFO - DAG(s) dict_keys(['pipeline_ingestion_suivi']) retrieved from /opt/airflow/dags/dag_suivi.py
[2026-07-10T15:41:28.266+0000] {logging_mixin.py:151} INFO - [2026-07-10T15:41:28.264+0000] {dag.py:2941} INFO - Sync 1 DAGs
[2026-07-10T15:41:28.456+0000] {logging_mixin.py:151} INFO - [2026-07-10T15:41:28.455+0000] {dag.py:3722} INFO - Setting next_dagrun for pipeline_ingestion_suivi to 2026-07-10T15:00:00+00:00, run_after=2026-07-10T16:00:00+00:00
[2026-07-10T15:41:28.584+0000] {processor.py:179} INFO - Processing /opt/airflow/dags/dag_suivi.py took 0.757 seconds
[2026-07-10T15:41:59.303+0000] {processor.py:157} INFO - Started process (PID=10308) to work on /opt/airflow/dags/dag_suivi.py
[2026-07-10T15:41:59.357+0000] {processor.py:829} INFO - Processing file /opt/airflow/dags/dag_suivi.py for tasks to queue
[2026-07-10T15:41:59.413+0000] {logging_mixin.py:151} INFO - [2026-07-10T15:41:59.411+0000] {dagbag.py:536} INFO - Filling up the DagBag from /opt/airflow/dags/dag_suivi.py
[2026-07-10T15:41:59.615+0000] {processor.py:839} INFO - DAG(s) dict_keys(['pipeline_ingestion_suivi']) retrieved from /opt/airflow/dags/dag_suivi.py
[2026-07-10T15:41:59.729+0000] {logging_mixin.py:151} INFO - [2026-07-10T15:41:59.728+0000] {dag.py:2941} INFO - Sync 1 DAGs
[2026-07-10T15:41:59.819+0000] {logging_mixin.py:151} INFO - [2026-07-10T15:41:59.818+0000] {dag.py:3722} INFO - Setting next_dagrun for pipeline_ingestion_suivi to 2026-07-10T15:00:00+00:00, run_after=2026-07-10T16:00:00+00:00
[2026-07-10T15:41:59.910+0000] {processor.py:179} INFO - Processing /opt/airflow/dags/dag_suivi.py took 0.637 seconds
[2026-07-10T15:42:30.532+0000] {processor.py:157} INFO - Started process (PID=10313) to work on /opt/airflow/dags/dag_suivi.py
[2026-07-10T15:42:30.535+0000] {processor.py:829} INFO - Processing file /opt/airflow/dags/dag_suivi.py for tasks to queue
[2026-07-10T15:42:30.539+0000] {logging_mixin.py:151} INFO - [2026-07-10T15:42:30.538+0000] {dagbag.py:536} INFO - Filling up the DagBag from /opt/airflow/dags/dag_suivi.py
[2026-07-10T15:42:30.636+0000] {processor.py:839} INFO - DAG(s) dict_keys(['pipeline_ingestion_suivi']) retrieved from /opt/airflow/dags/dag_suivi.py
[2026-07-10T15:42:30.794+0000] {logging_mixin.py:151} INFO - [2026-07-10T15:42:30.793+0000] {dag.py:2941} INFO - Sync 1 DAGs
[2026-07-10T15:42:30.885+0000] {logging_mixin.py:151} INFO - [2026-07-10T15:42:30.885+0000] {dag.py:3722} INFO - Setting next_dagrun for pipeline_ingestion_suivi to 2026-07-10T15:00:00+00:00, run_after=2026-07-10T16:00:00+00:00
[2026-07-10T15:42:30.978+0000] {processor.py:179} INFO - Processing /opt/airflow/dags/dag_suivi.py took 0.460 seconds
[2026-07-10T15:43:01.647+0000] {processor.py:157} INFO - Started process (PID=10318) to work on /opt/airflow/dags/dag_suivi.py
[2026-07-10T15:43:01.651+0000] {processor.py:829} INFO - Processing file /opt/airflow/dags/dag_suivi.py for tasks to queue
[2026-07-10T15:43:01.657+0000] {logging_mixin.py:151} INFO - [2026-07-10T15:43:01.655+0000] {dagbag.py:536} INFO - Filling up the DagBag from /opt/airflow/dags/dag_suivi.py
[2026-07-10T15:43:01.796+0000] {processor.py:839} INFO - DAG(s) dict_keys(['pipeline_ingestion_suivi']) retrieved from /opt/airflow/dags/dag_suivi.py
[2026-07-10T15:43:01.921+0000] {logging_mixin.py:151} INFO - [2026-07-10T15:43:01.920+0000] {dag.py:2941} INFO - Sync 1 DAGs
[2026-07-10T15:43:02.039+0000] {logging_mixin.py:151} INFO - [2026-07-10T15:43:02.038+0000] {dag.py:3722} INFO - Setting next_dagrun for pipeline_ingestion_suivi to 2026-07-10T15:00:00+00:00, run_after=2026-07-10T16:00:00+00:00
[2026-07-10T15:43:02.134+0000] {processor.py:179} INFO - Processing /opt/airflow/dags/dag_suivi.py took 0.509 seconds
[2026-07-10T15:43:32.854+0000] {processor.py:157} INFO - Started process (PID=10323) to work on /opt/airflow/dags/dag_suivi.py
[2026-07-10T15:43:32.857+0000] {processor.py:829} INFO - Processing file /opt/airflow/dags/dag_suivi.py for tasks to queue
[2026-07-10T15:43:32.859+0000] {logging_mixin.py:151} INFO - [2026-07-10T15:43:32.858+0000] {dagbag.py:536} INFO - Filling up the DagBag from /opt/airflow/dags/dag_suivi.py
[2026-07-10T15:43:32.930+0000] {processor.py:839} INFO - DAG(s) dict_keys(['pipeline_ingestion_suivi']) retrieved from /opt/airflow/dags/dag_suivi.py
[2026-07-10T15:43:33.050+0000] {logging_mixin.py:151} INFO - [2026-07-10T15:43:33.049+0000] {dag.py:2941} INFO - Sync 1 DAGs
[2026-07-10T15:43:33.131+0000] {logging_mixin.py:151} INFO - [2026-07-10T15:43:33.130+0000] {dag.py:3722} INFO - Setting next_dagrun for pipeline_ingestion_suivi to 2026-07-10T15:00:00+00:00, run_after=2026-07-10T16:00:00+00:00
[2026-07-10T15:43:33.213+0000] {processor.py:179} INFO - Processing /opt/airflow/dags/dag_suivi.py took 0.369 seconds
[2026-07-10T15:44:03.931+0000] {processor.py:157} INFO - Started process (PID=10328) to work on /opt/airflow/dags/dag_suivi.py
[2026-07-10T15:44:03.936+0000] {processor.py:829} INFO - Processing file /opt/airflow/dags/dag_suivi.py for tasks to queue
[2026-07-10T15:44:03.946+0000] {logging_mixin.py:151} INFO - [2026-07-10T15:44:03.940+0000] {dagbag.py:536} INFO - Filling up the DagBag from /opt/airflow/dags/dag_suivi.py
[2026-07-10T15:44:04.110+0000] {processor.py:839} INFO - DAG(s) dict_keys(['pipeline_ingestion_suivi']) retrieved from /opt/airflow/dags/dag_suivi.py
[2026-07-10T15:44:04.361+0000] {logging_mixin.py:151} INFO - [2026-07-10T15:44:04.360+0000] {dag.py:2941} INFO - Sync 1 DAGs
[2026-07-10T15:44:04.562+0000] {logging_mixin.py:151} INFO - [2026-07-10T15:44:04.561+0000] {dag.py:3722} INFO - Setting next_dagrun for pipeline_ingestion_suivi to 2026-07-10T15:00:00+00:00, run_after=2026-07-10T16:00:00+00:00
[2026-07-10T15:44:04.733+0000] {processor.py:179} INFO - Processing /opt/airflow/dags/dag_suivi.py took 0.822 seconds
[2026-07-10T15:44:35.677+0000] {processor.py:157} INFO - Started process (PID=10333) to work on /opt/airflow/dags/dag_suivi.py
[2026-07-10T15:44:35.680+0000] {processor.py:829} INFO - Processing file /opt/airflow/dags/dag_suivi.py for tasks to queue
[2026-07-10T15:44:35.685+0000] {logging_mixin.py:151} INFO - [2026-07-10T15:44:35.684+0000] {dagbag.py:536} INFO - Filling up the DagBag from /opt/airflow/dags/dag_suivi.py
[2026-07-10T15:44:35.801+0000] {processor.py:839} INFO - DAG(s) dict_keys(['pipeline_ingestion_suivi']) retrieved from /opt/airflow/dags/dag_suivi.py
[2026-07-10T15:44:35.946+0000] {logging_mixin.py:151} INFO - [2026-07-10T15:44:35.944+0000] {dag.py:2941} INFO - Sync 1 DAGs
[2026-07-10T15:44:36.057+0000] {logging_mixin.py:151} INFO - [2026-07-10T15:44:36.056+0000] {dag.py:3722} INFO - Setting next_dagrun for pipeline_ingestion_suivi to 2026-07-10T15:00:00+00:00, run_after=2026-07-10T16:00:00+00:00
[2026-07-10T15:44:36.153+0000] {processor.py:179} INFO - Processing /opt/airflow/dags/dag_suivi.py took 0.493 seconds
[2026-07-10T15:45:06.817+0000] {processor.py:157} INFO - Started process (PID=10338) to work on /opt/airflow/dags/dag_suivi.py
[2026-07-10T15:45:06.821+0000] {processor.py:829} INFO - Processing file /opt/airflow/dags/dag_suivi.py for tasks to queue
[2026-07-10T15:45:06.828+0000] {logging_mixin.py:151} INFO - [2026-07-10T15:45:06.826+0000] {dagbag.py:536} INFO - Filling up the DagBag from /opt/airflow/dags/dag_suivi.py
[2026-07-10T15:45:06.944+0000] {processor.py:839} INFO - DAG(s) dict_keys(['pipeline_ingestion_suivi']) retrieved from /opt/airflow/dags/dag_suivi.py
[2026-07-10T15:45:07.065+0000] {logging_mixin.py:151} INFO - [2026-07-10T15:45:07.064+0000] {dag.py:2941} INFO - Sync 1 DAGs
[2026-07-10T15:45:07.148+0000] {logging_mixin.py:151} INFO - [2026-07-10T15:45:07.148+0000] {dag.py:3722} INFO - Setting next_dagrun for pipeline_ingestion_suivi to 2026-07-10T15:00:00+00:00, run_after=2026-07-10T16:00:00+00:00
[2026-07-10T15:45:07.255+0000] {processor.py:179} INFO - Processing /opt/airflow/dags/dag_suivi.py took 0.456 seconds
[2026-07-10T15:45:37.904+0000] {processor.py:157} INFO - Started process (PID=10343) to work on /opt/airflow/dags/dag_suivi.py
[2026-07-10T15:45:37.908+0000] {processor.py:829} INFO - Processing file /opt/airflow/dags/dag_suivi.py for tasks to queue
[2026-07-10T15:45:37.914+0000] {logging_mixin.py:151} INFO - [2026-07-10T15:45:37.912+0000] {dagbag.py:536} INFO - Filling up the DagBag from /opt/airflow/dags/dag_suivi.py
[2026-07-10T15:45:38.049+0000] {processor.py:839} INFO - DAG(s) dict_keys(['pipeline_ingestion_suivi']) retrieved from /opt/airflow/dags/dag_suivi.py
[2026-07-10T15:45:38.198+0000] {logging_mixin.py:151} INFO - [2026-07-10T15:45:38.198+0000] {dag.py:2941} INFO - Sync 1 DAGs
[2026-07-10T15:45:38.338+0000] {logging_mixin.py:151} INFO - [2026-07-10T15:45:38.337+0000] {dag.py:3722} INFO - Setting next_dagrun for pipeline_ingestion_suivi to 2026-07-10T15:00:00+00:00, run_after=2026-07-10T16:00:00+00:00
[2026-07-10T15:45:38.472+0000] {processor.py:179} INFO - Processing /opt/airflow/dags/dag_suivi.py took 0.585 seconds
[2026-07-10T15:46:09.325+0000] {processor.py:157} INFO - Started process (PID=10348) to work on /opt/airflow/dags/dag_suivi.py
[2026-07-10T15:46:09.333+0000] {processor.py:829} INFO - Processing file /opt/airflow/dags/dag_suivi.py for tasks to queue
[2026-07-10T15:46:09.342+0000] {logging_mixin.py:151} INFO - [2026-07-10T15:46:09.340+0000] {dagbag.py:536} INFO - Filling up the DagBag from /opt/airflow/dags/dag_suivi.py
[2026-07-10T15:46:09.549+0000] {processor.py:839} INFO - DAG(s) dict_keys(['pipeline_ingestion_suivi']) retrieved from /opt/airflow/dags/dag_suivi.py
[2026-07-10T15:46:09.775+0000] {logging_mixin.py:151} INFO - [2026-07-10T15:46:09.775+0000] {dag.py:2941} INFO - Sync 1 DAGs
[2026-07-10T15:46:09.890+0000] {logging_mixin.py:151} INFO - [2026-07-10T15:46:09.889+0000] {dag.py:3722} INFO - Setting next_dagrun for pipeline_ingestion_suivi to 2026-07-10T15:00:00+00:00, run_after=2026-07-10T16:00:00+00:00
[2026-07-10T15:46:09.979+0000] {processor.py:179} INFO - Processing /opt/airflow/dags/dag_suivi.py took 0.684 seconds
[2026-07-10T15:46:40.545+0000] {processor.py:157} INFO - Started process (PID=10353) to work on /opt/airflow/dags/dag_suivi.py
[2026-07-10T15:46:40.548+0000] {processor.py:829} INFO - Processing file /opt/airflow/dags/dag_suivi.py for tasks to queue
[2026-07-10T15:46:40.553+0000] {logging_mixin.py:151} INFO - [2026-07-10T15:46:40.552+0000] {dagbag.py:536} INFO - Filling up the DagBag from /opt/airflow/dags/dag_suivi.py
[2026-07-10T15:46:40.662+0000] {processor.py:839} INFO - DAG(s) dict_keys(['pipeline_ingestion_suivi']) retrieved from /opt/airflow/dags/dag_suivi.py
[2026-07-10T15:46:40.788+0000] {logging_mixin.py:151} INFO - [2026-07-10T15:46:40.787+0000] {dag.py:2941} INFO - Sync 1 DAGs
[2026-07-10T15:46:40.886+0000] {logging_mixin.py:151} INFO - [2026-07-10T15:46:40.885+0000] {dag.py:3722} INFO - Setting next_dagrun for pipeline_ingestion_suivi to 2026-07-10T15:00:00+00:00, run_after=2026-07-10T16:00:00+00:00
[2026-07-10T15:46:41.016+0000] {processor.py:179} INFO - Processing /opt/airflow/dags/dag_suivi.py took 0.484 seconds
[2026-07-10T15:47:11.490+0000] {processor.py:157} INFO - Started process (PID=10358) to work on /opt/airflow/dags/dag_suivi.py
[2026-07-10T15:47:11.494+0000] {processor.py:829} INFO - Processing file /opt/airflow/dags/dag_suivi.py for tasks to queue
[2026-07-10T15:47:11.497+0000] {logging_mixin.py:151} INFO - [2026-07-10T15:47:11.496+0000] {dagbag.py:536} INFO - Filling up the DagBag from /opt/airflow/dags/dag_suivi.py
[2026-07-10T15:47:11.573+0000] {processor.py:839} INFO - DAG(s) dict_keys(['pipeline_ingestion_suivi']) retrieved from /opt/airflow/dags/dag_suivi.py
[2026-07-10T15:47:11.676+0000] {logging_mixin.py:151} INFO - [2026-07-10T15:47:11.675+0000] {dag.py:2941} INFO - Sync 1 DAGs
[2026-07-10T15:47:11.772+0000] {logging_mixin.py:151} INFO - [2026-07-10T15:47:11.771+0000] {dag.py:3722} INFO - Setting next_dagrun for pipeline_ingestion_suivi to 2026-07-10T15:00:00+00:00, run_after=2026-07-10T16:00:00+00:00
[2026-07-10T15:47:11.894+0000] {processor.py:179} INFO - Processing /opt/airflow/dags/dag_suivi.py took 0.415 seconds
[2026-07-10T15:47:42.202+0000] {processor.py:157} INFO - Started process (PID=10363) to work on /opt/airflow/dags/dag_suivi.py
[2026-07-10T15:47:42.205+0000] {processor.py:829} INFO - Processing file /opt/airflow/dags/dag_suivi.py for tasks to queue
[2026-07-10T15:47:42.208+0000] {logging_mixin.py:151} INFO - [2026-07-10T15:47:42.207+0000] {dagbag.py:536} INFO - Filling up the DagBag from /opt/airflow/dags/dag_suivi.py
[2026-07-10T15:47:42.296+0000] {processor.py:839} INFO - DAG(s) dict_keys(['pipeline_ingestion_suivi']) retrieved from /opt/airflow/dags/dag_suivi.py
[2026-07-10T15:47:42.442+0000] {logging_mixin.py:151} INFO - [2026-07-10T15:47:42.441+0000] {dag.py:2941} INFO - Sync 1 DAGs
[2026-07-10T15:47:42.599+0000] {logging_mixin.py:151} INFO - [2026-07-10T15:47:42.598+0000] {dag.py:3722} INFO - Setting next_dagrun for pipeline_ingestion_suivi to 2026-07-10T15:00:00+00:00, run_after=2026-07-10T16:00:00+00:00
[2026-07-10T15:47:42.695+0000] {processor.py:179} INFO - Processing /opt/airflow/dags/dag_suivi.py took 0.509 seconds
[2026-07-10T15:48:12.993+0000] {processor.py:157} INFO - Started process (PID=10368) to work on /opt/airflow/dags/dag_suivi.py
[2026-07-10T15:48:12.995+0000] {processor.py:829} INFO - Processing file /opt/airflow/dags/dag_suivi.py for tasks to queue
[2026-07-10T15:48:12.999+0000] {logging_mixin.py:151} INFO - [2026-07-10T15:48:12.998+0000] {dagbag.py:536} INFO - Filling up the DagBag from /opt/airflow/dags/dag_suivi.py
[2026-07-10T15:48:13.076+0000] {processor.py:839} INFO - DAG(s) dict_keys(['pipeline_ingestion_suivi']) retrieved from /opt/airflow/dags/dag_suivi.py
[2026-07-10T15:48:13.183+0000] {logging_mixin.py:151} INFO - [2026-07-10T15:48:13.183+0000] {dag.py:2941} INFO - Sync 1 DAGs
[2026-07-10T15:48:13.250+0000] {logging_mixin.py:151} INFO - [2026-07-10T15:48:13.250+0000] {dag.py:3722} INFO - Setting next_dagrun for pipeline_ingestion_suivi to 2026-07-10T15:00:00+00:00, run_after=2026-07-10T16:00:00+00:00
[2026-07-10T15:48:13.317+0000] {processor.py:179} INFO - Processing /opt/airflow/dags/dag_suivi.py took 0.336 seconds
[2026-07-10T15:48:43.916+0000] {processor.py:157} INFO - Started process (PID=10373) to work on /opt/airflow/dags/dag_suivi.py
[2026-07-10T15:48:43.918+0000] {processor.py:829} INFO - Processing file /opt/airflow/dags/dag_suivi.py for tasks to queue
[2026-07-10T15:48:43.923+0000] {logging_mixin.py:151} INFO - [2026-07-10T15:48:43.921+0000] {dagbag.py:536} INFO - Filling up the DagBag from /opt/airflow/dags/dag_suivi.py
[2026-07-10T15:48:44.010+0000] {processor.py:839} INFO - DAG(s) dict_keys(['pipeline_ingestion_suivi']) retrieved from /opt/airflow/dags/dag_suivi.py
[2026-07-10T15:48:44.126+0000] {logging_mixin.py:151} INFO - [2026-07-10T15:48:44.126+0000] {dag.py:2941} INFO - Sync 1 DAGs
[2026-07-10T15:48:44.271+0000] {logging_mixin.py:151} INFO - [2026-07-10T15:48:44.270+0000] {dag.py:3722} INFO - Setting next_dagrun for pipeline_ingestion_suivi to 2026-07-10T15:00:00+00:00, run_after=2026-07-10T16:00:00+00:00
[2026-07-10T15:48:44.393+0000] {processor.py:179} INFO - Processing /opt/airflow/dags/dag_suivi.py took 0.488 seconds
[2026-07-10T15:49:15.102+0000] {processor.py:157} INFO - Started process (PID=10378) to work on /opt/airflow/dags/dag_suivi.py
[2026-07-10T15:49:15.105+0000] {processor.py:829} INFO - Processing file /opt/airflow/dags/dag_suivi.py for tasks to queue
[2026-07-10T15:49:15.111+0000] {logging_mixin.py:151} INFO - [2026-07-10T15:49:15.110+0000] {dagbag.py:536} INFO - Filling up the DagBag from /opt/airflow/dags/dag_suivi.py
[2026-07-10T15:49:15.201+0000] {processor.py:839} INFO - DAG(s) dict_keys(['pipeline_ingestion_suivi']) retrieved from /opt/airflow/dags/dag_suivi.py
[2026-07-10T15:49:15.298+0000] {logging_mixin.py:151} INFO - [2026-07-10T15:49:15.298+0000] {dag.py:2941} INFO - Sync 1 DAGs
[2026-07-10T15:49:15.367+0000] {logging_mixin.py:151} INFO - [2026-07-10T15:49:15.367+0000] {dag.py:3722} INFO - Setting next_dagrun for pipeline_ingestion_suivi to 2026-07-10T15:00:00+00:00, run_after=2026-07-10T16:00:00+00:00
[2026-07-10T15:49:15.443+0000] {processor.py:179} INFO - Processing /opt/airflow/dags/dag_suivi.py took 0.357 seconds
[2026-07-10T15:49:45.983+0000] {processor.py:157} INFO - Started process (PID=10383) to work on /opt/airflow/dags/dag_suivi.py
[2026-07-10T15:49:45.986+0000] {processor.py:829} INFO - Processing file /opt/airflow/dags/dag_suivi.py for tasks to queue
[2026-07-10T15:49:45.991+0000] {logging_mixin.py:151} INFO - [2026-07-10T15:49:45.989+0000] {dagbag.py:536} INFO - Filling up the DagBag from /opt/airflow/dags/dag_suivi.py
[2026-07-10T15:49:46.076+0000] {processor.py:839} INFO - DAG(s) dict_keys(['pipeline_ingestion_suivi']) retrieved from /opt/airflow/dags/dag_suivi.py
[2026-07-10T15:49:46.163+0000] {logging_mixin.py:151} INFO - [2026-07-10T15:49:46.162+0000] {dag.py:2941} INFO - Sync 1 DAGs
[2026-07-10T15:49:46.238+0000] {logging_mixin.py:151} INFO - [2026-07-10T15:49:46.238+0000] {dag.py:3722} INFO - Setting next_dagrun for pipeline_ingestion_suivi to 2026-07-10T15:00:00+00:00, run_after=2026-07-10T16:00:00+00:00
[2026-07-10T15:49:46.319+0000] {processor.py:179} INFO - Processing /opt/airflow/dags/dag_suivi.py took 0.347 seconds
[2026-07-10T15:50:16.490+0000] {processor.py:157} INFO - Started process (PID=10388) to work on /opt/airflow/dags/dag_suivi.py
[2026-07-10T15:50:16.493+0000] {processor.py:829} INFO - Processing file /opt/airflow/dags/dag_suivi.py for tasks to queue
[2026-07-10T15:50:16.497+0000] {logging_mixin.py:151} INFO - [2026-07-10T15:50:16.496+0000] {dagbag.py:536} INFO - Filling up the DagBag from /opt/airflow/dags/dag_suivi.py
[2026-07-10T15:50:16.603+0000] {processor.py:839} INFO - DAG(s) dict_keys(['pipeline_ingestion_suivi']) retrieved from /opt/airflow/dags/dag_suivi.py
[2026-07-10T15:50:16.688+0000] {logging_mixin.py:151} INFO - [2026-07-10T15:50:16.687+0000] {dag.py:2941} INFO - Sync 1 DAGs
[2026-07-10T15:50:16.774+0000] {logging_mixin.py:151} INFO - [2026-07-10T15:50:16.773+0000] {dag.py:3722} INFO - Setting next_dagrun for pipeline_ingestion_suivi to 2026-07-10T15:00:00+00:00, run_after=2026-07-10T16:00:00+00:00
[2026-07-10T15:50:16.862+0000] {processor.py:179} INFO - Processing /opt/airflow/dags/dag_suivi.py took 0.383 seconds
[2026-07-10T15:50:47.350+0000] {processor.py:157} INFO - Started process (PID=10393) to work on /opt/airflow/dags/dag_suivi.py
[2026-07-10T15:50:47.354+0000] {processor.py:829} INFO - Processing file /opt/airflow/dags/dag_suivi.py for tasks to queue
[2026-07-10T15:50:47.358+0000] {logging_mixin.py:151} INFO - [2026-07-10T15:50:47.357+0000] {dagbag.py:536} INFO - Filling up the DagBag from /opt/airflow/dags/dag_suivi.py
[2026-07-10T15:50:47.477+0000] {processor.py:839} INFO - DAG(s) dict_keys(['pipeline_ingestion_suivi']) retrieved from /opt/airflow/dags/dag_suivi.py
[2026-07-10T15:50:47.588+0000] {logging_mixin.py:151} INFO - [2026-07-10T15:50:47.587+0000] {dag.py:2941} INFO - Sync 1 DAGs
[2026-07-10T15:50:47.680+0000] {logging_mixin.py:151} INFO - [2026-07-10T15:50:47.679+0000] {dag.py:3722} INFO - Setting next_dagrun for pipeline_ingestion_suivi to 2026-07-10T15:00:00+00:00, run_after=2026-07-10T16:00:00+00:00
[2026-07-10T15:50:47.752+0000] {processor.py:179} INFO - Processing /opt/airflow/dags/dag_suivi.py took 0.413 seconds
[2026-07-10T15:51:18.124+0000] {processor.py:157} INFO - Started process (PID=10398) to work on /opt/airflow/dags/dag_suivi.py
[2026-07-10T15:51:18.128+0000] {processor.py:829} INFO - Processing file /opt/airflow/dags/dag_suivi.py for tasks to queue
[2026-07-10T15:51:18.133+0000] {logging_mixin.py:151} INFO - [2026-07-10T15:51:18.132+0000] {dagbag.py:536} INFO - Filling up the DagBag from /opt/airflow/dags/dag_suivi.py
[2026-07-10T15:51:18.281+0000] {processor.py:839} INFO - DAG(s) dict_keys(['pipeline_ingestion_suivi']) retrieved from /opt/airflow/dags/dag_suivi.py
[2026-07-10T15:51:18.457+0000] {logging_mixin.py:151} INFO - [2026-07-10T15:51:18.456+0000] {dag.py:2941} INFO - Sync 1 DAGs
[2026-07-10T15:51:18.643+0000] {logging_mixin.py:151} INFO - [2026-07-10T15:51:18.642+0000] {dag.py:3722} INFO - Setting next_dagrun for pipeline_ingestion_suivi to 2026-07-10T15:00:00+00:00, run_after=2026-07-10T16:00:00+00:00
[2026-07-10T15:51:18.790+0000] {processor.py:179} INFO - Processing /opt/airflow/dags/dag_suivi.py took 0.678 seconds
[2026-07-10T15:51:49.198+0000] {processor.py:157} INFO - Started process (PID=10403) to work on /opt/airflow/dags/dag_suivi.py
[2026-07-10T15:51:49.204+0000] {processor.py:829} INFO - Processing file /opt/airflow/dags/dag_suivi.py for tasks to queue
[2026-07-10T15:51:49.219+0000] {logging_mixin.py:151} INFO - [2026-07-10T15:51:49.213+0000] {dagbag.py:536} INFO - Filling up the DagBag from /opt/airflow/dags/dag_suivi.py
[2026-07-10T15:51:49.447+0000] {processor.py:839} INFO - DAG(s) dict_keys(['pipeline_ingestion_suivi']) retrieved from /opt/airflow/dags/dag_suivi.py
[2026-07-10T15:51:49.695+0000] {logging_mixin.py:151} INFO - [2026-07-10T15:51:49.686+0000] {dag.py:2941} INFO - Sync 1 DAGs
[2026-07-10T15:51:50.074+0000] {logging_mixin.py:151} INFO - [2026-07-10T15:51:50.073+0000] {dag.py:3722} INFO - Setting next_dagrun for pipeline_ingestion_suivi to 2026-07-10T15:00:00+00:00, run_after=2026-07-10T16:00:00+00:00
[2026-07-10T15:51:50.278+0000] {processor.py:179} INFO - Processing /opt/airflow/dags/dag_suivi.py took 1.113 seconds
[2026-07-10T15:52:20.766+0000] {processor.py:157} INFO - Started process (PID=10408) to work on /opt/airflow/dags/dag_suivi.py
[2026-07-10T15:52:20.769+0000] {processor.py:829} INFO - Processing file /opt/airflow/dags/dag_suivi.py for tasks to queue
[2026-07-10T15:52:20.772+0000] {logging_mixin.py:151} INFO - [2026-07-10T15:52:20.771+0000] {dagbag.py:536} INFO - Filling up the DagBag from /opt/airflow/dags/dag_suivi.py
[2026-07-10T15:52:20.837+0000] {processor.py:839} INFO - DAG(s) dict_keys(['pipeline_ingestion_suivi']) retrieved from /opt/airflow/dags/dag_suivi.py
[2026-07-10T15:52:20.935+0000] {logging_mixin.py:151} INFO - [2026-07-10T15:52:20.935+0000] {dag.py:2941} INFO - Sync 1 DAGs
[2026-07-10T15:52:21.018+0000] {logging_mixin.py:151} INFO - [2026-07-10T15:52:21.018+0000] {dag.py:3722} INFO - Setting next_dagrun for pipeline_ingestion_suivi to 2026-07-10T15:00:00+00:00, run_after=2026-07-10T16:00:00+00:00
[2026-07-10T15:52:21.092+0000] {processor.py:179} INFO - Processing /opt/airflow/dags/dag_suivi.py took 0.336 seconds
[2026-07-10T15:52:51.566+0000] {processor.py:157} INFO - Started process (PID=10413) to work on /opt/airflow/dags/dag_suivi.py
[2026-07-10T15:52:51.569+0000] {processor.py:829} INFO - Processing file /opt/airflow/dags/dag_suivi.py for tasks to queue
[2026-07-10T15:52:51.574+0000] {logging_mixin.py:151} INFO - [2026-07-10T15:52:51.572+0000] {dagbag.py:536} INFO - Filling up the DagBag from /opt/airflow/dags/dag_suivi.py
[2026-07-10T15:52:51.675+0000] {processor.py:839} INFO - DAG(s) dict_keys(['pipeline_ingestion_suivi']) retrieved from /opt/airflow/dags/dag_suivi.py
[2026-07-10T15:52:51.774+0000] {logging_mixin.py:151} INFO - [2026-07-10T15:52:51.774+0000] {dag.py:2941} INFO - Sync 1 DAGs
[2026-07-10T15:52:51.869+0000] {logging_mixin.py:151} INFO - [2026-07-10T15:52:51.868+0000] {dag.py:3722} INFO - Setting next_dagrun for pipeline_ingestion_suivi to 2026-07-10T15:00:00+00:00, run_after=2026-07-10T16:00:00+00:00
[2026-07-10T15:52:51.950+0000] {processor.py:179} INFO - Processing /opt/airflow/dags/dag_suivi.py took 0.397 seconds
[2026-07-10T15:53:22.391+0000] {processor.py:157} INFO - Started process (PID=10418) to work on /opt/airflow/dags/dag_suivi.py
[2026-07-10T15:53:22.395+0000] {processor.py:829} INFO - Processing file /opt/airflow/dags/dag_suivi.py for tasks to queue
[2026-07-10T15:53:22.399+0000] {logging_mixin.py:151} INFO - [2026-07-10T15:53:22.398+0000] {dagbag.py:536} INFO - Filling up the DagBag from /opt/airflow/dags/dag_suivi.py
[2026-07-10T15:53:22.495+0000] {processor.py:839} INFO - DAG(s) dict_keys(['pipeline_ingestion_suivi']) retrieved from /opt/airflow/dags/dag_suivi.py
[2026-07-10T15:53:22.652+0000] {logging_mixin.py:151} INFO - [2026-07-10T15:53:22.651+0000] {dag.py:2941} INFO - Sync 1 DAGs
[2026-07-10T15:53:22.729+0000] {logging_mixin.py:151} INFO - [2026-07-10T15:53:22.729+0000] {dag.py:3722} INFO - Setting next_dagrun for pipeline_ingestion_suivi to 2026-07-10T15:00:00+00:00, run_after=2026-07-10T16:00:00+00:00
[2026-07-10T15:53:22.816+0000] {processor.py:179} INFO - Processing /opt/airflow/dags/dag_suivi.py took 0.437 seconds
[2026-07-10T15:53:53.607+0000] {processor.py:157} INFO - Started process (PID=10423) to work on /opt/airflow/dags/dag_suivi.py
[2026-07-10T15:53:53.611+0000] {processor.py:829} INFO - Processing file /opt/airflow/dags/dag_suivi.py for tasks to queue
[2026-07-10T15:53:53.617+0000] {logging_mixin.py:151} INFO - [2026-07-10T15:53:53.615+0000] {dagbag.py:536} INFO - Filling up the DagBag from /opt/airflow/dags/dag_suivi.py
[2026-07-10T15:53:53.725+0000] {processor.py:839} INFO - DAG(s) dict_keys(['pipeline_ingestion_suivi']) retrieved from /opt/airflow/dags/dag_suivi.py
[2026-07-10T15:53:53.862+0000] {logging_mixin.py:151} INFO - [2026-07-10T15:53:53.861+0000] {dag.py:2941} INFO - Sync 1 DAGs
[2026-07-10T15:53:53.955+0000] {logging_mixin.py:151} INFO - [2026-07-10T15:53:53.955+0000] {dag.py:3722} INFO - Setting next_dagrun for pipeline_ingestion_suivi to 2026-07-10T15:00:00+00:00, run_after=2026-07-10T16:00:00+00:00
[2026-07-10T15:53:54.047+0000] {processor.py:179} INFO - Processing /opt/airflow/dags/dag_suivi.py took 0.463 seconds
[2026-07-10T15:54:24.813+0000] {processor.py:157} INFO - Started process (PID=10428) to work on /opt/airflow/dags/dag_suivi.py
[2026-07-10T15:54:24.817+0000] {processor.py:829} INFO - Processing file /opt/airflow/dags/dag_suivi.py for tasks to queue
[2026-07-10T15:54:24.826+0000] {logging_mixin.py:151} INFO - [2026-07-10T15:54:24.824+0000] {dagbag.py:536} INFO - Filling up the DagBag from /opt/airflow/dags/dag_suivi.py
[2026-07-10T15:54:24.981+0000] {processor.py:839} INFO - DAG(s) dict_keys(['pipeline_ingestion_suivi']) retrieved from /opt/airflow/dags/dag_suivi.py
[2026-07-10T15:54:25.124+0000] {logging_mixin.py:151} INFO - [2026-07-10T15:54:25.124+0000] {dag.py:2941} INFO - Sync 1 DAGs
[2026-07-10T15:54:25.279+0000] {logging_mixin.py:151} INFO - [2026-07-10T15:54:25.278+0000] {dag.py:3722} INFO - Setting next_dagrun for pipeline_ingestion_suivi to 2026-07-10T15:00:00+00:00, run_after=2026-07-10T16:00:00+00:00
[2026-07-10T15:54:25.411+0000] {processor.py:179} INFO - Processing /opt/airflow/dags/dag_suivi.py took 0.624 seconds
[2026-07-10T15:54:55.666+0000] {processor.py:157} INFO - Started process (PID=10433) to work on /opt/airflow/dags/dag_suivi.py
[2026-07-10T15:54:55.670+0000] {processor.py:829} INFO - Processing file /opt/airflow/dags/dag_suivi.py for tasks to queue
[2026-07-10T15:54:55.676+0000] {logging_mixin.py:151} INFO - [2026-07-10T15:54:55.674+0000] {dagbag.py:536} INFO - Filling up the DagBag from /opt/airflow/dags/dag_suivi.py
[2026-07-10T15:54:55.789+0000] {processor.py:839} INFO - DAG(s) dict_keys(['pipeline_ingestion_suivi']) retrieved from /opt/airflow/dags/dag_suivi.py
[2026-07-10T15:54:55.898+0000] {logging_mixin.py:151} INFO - [2026-07-10T15:54:55.897+0000] {dag.py:2941} INFO - Sync 1 DAGs
[2026-07-10T15:54:56.004+0000] {logging_mixin.py:151} INFO - [2026-07-10T15:54:56.003+0000] {dag.py:3722} INFO - Setting next_dagrun for pipeline_ingestion_suivi to 2026-07-10T15:00:00+00:00, run_after=2026-07-10T16:00:00+00:00
[2026-07-10T15:54:56.085+0000] {processor.py:179} INFO - Processing /opt/airflow/dags/dag_suivi.py took 0.434 seconds
[2026-07-10T15:55:26.544+0000] {processor.py:157} INFO - Started process (PID=10438) to work on /opt/airflow/dags/dag_suivi.py
[2026-07-10T15:55:26.547+0000] {processor.py:829} INFO - Processing file /opt/airflow/dags/dag_suivi.py for tasks to queue
[2026-07-10T15:55:26.552+0000] {logging_mixin.py:151} INFO - [2026-07-10T15:55:26.551+0000] {dagbag.py:536} INFO - Filling up the DagBag from /opt/airflow/dags/dag_suivi.py
[2026-07-10T15:55:26.640+0000] {processor.py:839} INFO - DAG(s) dict_keys(['pipeline_ingestion_suivi']) retrieved from /opt/airflow/dags/dag_suivi.py
[2026-07-10T15:55:26.719+0000] {logging_mixin.py:151} INFO - [2026-07-10T15:55:26.719+0000] {dag.py:2941} INFO - Sync 1 DAGs
[2026-07-10T15:55:26.803+0000] {logging_mixin.py:151} INFO - [2026-07-10T15:55:26.803+0000] {dag.py:3722} INFO - Setting next_dagrun for pipeline_ingestion_suivi to 2026-07-10T15:00:00+00:00, run_after=2026-07-10T16:00:00+00:00
[2026-07-10T15:55:26.878+0000] {processor.py:179} INFO - Processing /opt/airflow/dags/dag_suivi.py took 0.354 seconds
[2026-07-10T15:55:57.194+0000] {processor.py:157} INFO - Started process (PID=10443) to work on /opt/airflow/dags/dag_suivi.py
[2026-07-10T15:55:57.200+0000] {processor.py:829} INFO - Processing file /opt/airflow/dags/dag_suivi.py for tasks to queue
[2026-07-10T15:55:57.211+0000] {logging_mixin.py:151} INFO - [2026-07-10T15:55:57.205+0000] {dagbag.py:536} INFO - Filling up the DagBag from /opt/airflow/dags/dag_suivi.py
[2026-07-10T15:55:57.360+0000] {processor.py:839} INFO - DAG(s) dict_keys(['pipeline_ingestion_suivi']) retrieved from /opt/airflow/dags/dag_suivi.py
[2026-07-10T15:55:57.524+0000] {logging_mixin.py:151} INFO - [2026-07-10T15:55:57.523+0000] {dag.py:2941} INFO - Sync 1 DAGs
[2026-07-10T15:55:57.668+0000] {logging_mixin.py:151} INFO - [2026-07-10T15:55:57.668+0000] {dag.py:3722} INFO - Setting next_dagrun for pipeline_ingestion_suivi to 2026-07-10T15:00:00+00:00, run_after=2026-07-10T16:00:00+00:00
[2026-07-10T15:55:57.771+0000] {processor.py:179} INFO - Processing /opt/airflow/dags/dag_suivi.py took 0.605 seconds
[2026-07-10T15:56:28.184+0000] {processor.py:157} INFO - Started process (PID=10448) to work on /opt/airflow/dags/dag_suivi.py
[2026-07-10T15:56:28.187+0000] {processor.py:829} INFO - Processing file /opt/airflow/dags/dag_suivi.py for tasks to queue
[2026-07-10T15:56:28.192+0000] {logging_mixin.py:151} INFO - [2026-07-10T15:56:28.190+0000] {dagbag.py:536} INFO - Filling up the DagBag from /opt/airflow/dags/dag_suivi.py
[2026-07-10T15:56:28.302+0000] {processor.py:839} INFO - DAG(s) dict_keys(['pipeline_ingestion_suivi']) retrieved from /opt/airflow/dags/dag_suivi.py
[2026-07-10T15:56:28.424+0000] {logging_mixin.py:151} INFO - [2026-07-10T15:56:28.423+0000] {dag.py:2941} INFO - Sync 1 DAGs
[2026-07-10T15:56:28.551+0000] {logging_mixin.py:151} INFO - [2026-07-10T15:56:28.550+0000] {dag.py:3722} INFO - Setting next_dagrun for pipeline_ingestion_suivi to 2026-07-10T15:00:00+00:00, run_after=2026-07-10T16:00:00+00:00
[2026-07-10T15:56:28.681+0000] {processor.py:179} INFO - Processing /opt/airflow/dags/dag_suivi.py took 0.517 seconds
[2026-07-10T15:56:58.938+0000] {processor.py:157} INFO - Started process (PID=10453) to work on /opt/airflow/dags/dag_suivi.py
[2026-07-10T15:56:58.942+0000] {processor.py:829} INFO - Processing file /opt/airflow/dags/dag_suivi.py for tasks to queue
[2026-07-10T15:56:58.949+0000] {logging_mixin.py:151} INFO - [2026-07-10T15:56:58.945+0000] {dagbag.py:536} INFO - Filling up the DagBag from /opt/airflow/dags/dag_suivi.py
[2026-07-10T15:56:59.050+0000] {processor.py:839} INFO - DAG(s) dict_keys(['pipeline_ingestion_suivi']) retrieved from /opt/airflow/dags/dag_suivi.py
[2026-07-10T15:56:59.186+0000] {logging_mixin.py:151} INFO - [2026-07-10T15:56:59.186+0000] {dag.py:2941} INFO - Sync 1 DAGs
[2026-07-10T15:56:59.320+0000] {logging_mixin.py:151} INFO - [2026-07-10T15:56:59.319+0000] {dag.py:3722} INFO - Setting next_dagrun for pipeline_ingestion_suivi to 2026-07-10T15:00:00+00:00, run_after=2026-07-10T16:00:00+00:00
[2026-07-10T15:56:59.474+0000] {processor.py:179} INFO - Processing /opt/airflow/dags/dag_suivi.py took 0.553 seconds
[2026-07-10T15:57:29.987+0000] {processor.py:157} INFO - Started process (PID=10458) to work on /opt/airflow/dags/dag_suivi.py
[2026-07-10T15:57:29.990+0000] {processor.py:829} INFO - Processing file /opt/airflow/dags/dag_suivi.py for tasks to queue
[2026-07-10T15:57:29.993+0000] {logging_mixin.py:151} INFO - [2026-07-10T15:57:29.992+0000] {dagbag.py:536} INFO - Filling up the DagBag from /opt/airflow/dags/dag_suivi.py
[2026-07-10T15:57:30.096+0000] {processor.py:839} INFO - DAG(s) dict_keys(['pipeline_ingestion_suivi']) retrieved from /opt/airflow/dags/dag_suivi.py
[2026-07-10T15:57:30.187+0000] {logging_mixin.py:151} INFO - [2026-07-10T15:57:30.187+0000] {dag.py:2941} INFO - Sync 1 DAGs
[2026-07-10T15:57:30.270+0000] {logging_mixin.py:151} INFO - [2026-07-10T15:57:30.270+0000] {dag.py:3722} INFO - Setting next_dagrun for pipeline_ingestion_suivi to 2026-07-10T15:00:00+00:00, run_after=2026-07-10T16:00:00+00:00
[2026-07-10T15:57:30.374+0000] {processor.py:179} INFO - Processing /opt/airflow/dags/dag_suivi.py took 0.400 seconds
[2026-07-10T15:58:00.911+0000] {processor.py:157} INFO - Started process (PID=10463) to work on /opt/airflow/dags/dag_suivi.py
[2026-07-10T15:58:00.916+0000] {processor.py:829} INFO - Processing file /opt/airflow/dags/dag_suivi.py for tasks to queue
[2026-07-10T15:58:00.921+0000] {logging_mixin.py:151} INFO - [2026-07-10T15:58:00.920+0000] {dagbag.py:536} INFO - Filling up the DagBag from /opt/airflow/dags/dag_suivi.py
[2026-07-10T15:58:01.042+0000] {processor.py:839} INFO - DAG(s) dict_keys(['pipeline_ingestion_suivi']) retrieved from /opt/airflow/dags/dag_suivi.py
[2026-07-10T15:58:01.197+0000] {logging_mixin.py:151} INFO - [2026-07-10T15:58:01.196+0000] {dag.py:2941} INFO - Sync 1 DAGs
[2026-07-10T15:58:01.327+0000] {logging_mixin.py:151} INFO - [2026-07-10T15:58:01.327+0000] {dag.py:3722} INFO - Setting next_dagrun for pipeline_ingestion_suivi to 2026-07-10T15:00:00+00:00, run_after=2026-07-10T16:00:00+00:00
[2026-07-10T15:58:01.416+0000] {processor.py:179} INFO - Processing /opt/airflow/dags/dag_suivi.py took 0.523 seconds
[2026-07-10T15:58:32.044+0000] {processor.py:157} INFO - Started process (PID=10468) to work on /opt/airflow/dags/dag_suivi.py
[2026-07-10T15:58:32.047+0000] {processor.py:829} INFO - Processing file /opt/airflow/dags/dag_suivi.py for tasks to queue
[2026-07-10T15:58:32.052+0000] {logging_mixin.py:151} INFO - [2026-07-10T15:58:32.051+0000] {dagbag.py:536} INFO - Filling up the DagBag from /opt/airflow/dags/dag_suivi.py
[2026-07-10T15:58:32.162+0000] {processor.py:839} INFO - DAG(s) dict_keys(['pipeline_ingestion_suivi']) retrieved from /opt/airflow/dags/dag_suivi.py
[2026-07-10T15:58:32.296+0000] {logging_mixin.py:151} INFO - [2026-07-10T15:58:32.295+0000] {dag.py:2941} INFO - Sync 1 DAGs
[2026-07-10T15:58:32.414+0000] {logging_mixin.py:151} INFO - [2026-07-10T15:58:32.413+0000] {dag.py:3722} INFO - Setting next_dagrun for pipeline_ingestion_suivi to 2026-07-10T15:00:00+00:00, run_after=2026-07-10T16:00:00+00:00
[2026-07-10T15:58:32.515+0000] {processor.py:179} INFO - Processing /opt/airflow/dags/dag_suivi.py took 0.484 seconds
[2026-07-10T15:59:02.804+0000] {processor.py:157} INFO - Started process (PID=10473) to work on /opt/airflow/dags/dag_suivi.py
[2026-07-10T15:59:02.806+0000] {processor.py:829} INFO - Processing file /opt/airflow/dags/dag_suivi.py for tasks to queue
[2026-07-10T15:59:02.810+0000] {logging_mixin.py:151} INFO - [2026-07-10T15:59:02.809+0000] {dagbag.py:536} INFO - Filling up the DagBag from /opt/airflow/dags/dag_suivi.py
[2026-07-10T15:59:02.881+0000] {processor.py:839} INFO - DAG(s) dict_keys(['pipeline_ingestion_suivi']) retrieved from /opt/airflow/dags/dag_suivi.py
[2026-07-10T15:59:02.988+0000] {logging_mixin.py:151} INFO - [2026-07-10T15:59:02.987+0000] {dag.py:2941} INFO - Sync 1 DAGs
[2026-07-10T15:59:03.093+0000] {logging_mixin.py:151} INFO - [2026-07-10T15:59:03.092+0000] {dag.py:3722} INFO - Setting next_dagrun for pipeline_ingestion_suivi to 2026-07-10T15:00:00+00:00, run_after=2026-07-10T16:00:00+00:00
[2026-07-10T15:59:03.194+0000] {processor.py:179} INFO - Processing /opt/airflow/dags/dag_suivi.py took 0.401 seconds
[2026-07-10T15:59:33.719+0000] {processor.py:157} INFO - Started process (PID=10478) to work on /opt/airflow/dags/dag_suivi.py
[2026-07-10T15:59:33.722+0000] {processor.py:829} INFO - Processing file /opt/airflow/dags/dag_suivi.py for tasks to queue
[2026-07-10T15:59:33.729+0000] {logging_mixin.py:151} INFO - [2026-07-10T15:59:33.727+0000] {dagbag.py:536} INFO - Filling up the DagBag from /opt/airflow/dags/dag_suivi.py
[2026-07-10T15:59:33.816+0000] {processor.py:839} INFO - DAG(s) dict_keys(['pipeline_ingestion_suivi']) retrieved from /opt/airflow/dags/dag_suivi.py
[2026-07-10T15:59:33.900+0000] {logging_mixin.py:151} INFO - [2026-07-10T15:59:33.899+0000] {dag.py:2941} INFO - Sync 1 DAGs
[2026-07-10T15:59:34.034+0000] {logging_mixin.py:151} INFO - [2026-07-10T15:59:34.032+0000] {dag.py:3722} INFO - Setting next_dagrun for pipeline_ingestion_suivi to 2026-07-10T15:00:00+00:00, run_after=2026-07-10T16:00:00+00:00
[2026-07-10T15:59:34.159+0000] {processor.py:179} INFO - Processing /opt/airflow/dags/dag_suivi.py took 0.450 seconds
[2026-07-10T16:00:05.048+0000] {processor.py:157} INFO - Started process (PID=10485) to work on /opt/airflow/dags/dag_suivi.py
[2026-07-10T16:00:05.062+0000] {processor.py:829} INFO - Processing file /opt/airflow/dags/dag_suivi.py for tasks to queue
[2026-07-10T16:00:05.069+0000] {logging_mixin.py:151} INFO - [2026-07-10T16:00:05.067+0000] {dagbag.py:536} INFO - Filling up the DagBag from /opt/airflow/dags/dag_suivi.py
[2026-07-10T16:00:05.591+0000] {processor.py:839} INFO - DAG(s) dict_keys(['pipeline_ingestion_suivi']) retrieved from /opt/airflow/dags/dag_suivi.py
[2026-07-10T16:00:05.955+0000] {logging_mixin.py:151} INFO - [2026-07-10T16:00:05.952+0000] {dag.py:2941} INFO - Sync 1 DAGs
[2026-07-10T16:00:06.247+0000] {logging_mixin.py:151} INFO - [2026-07-10T16:00:06.246+0000] {dag.py:3722} INFO - Setting next_dagrun for pipeline_ingestion_suivi to 2026-07-10T16:00:00+00:00, run_after=2026-07-10T17:00:00+00:00
[2026-07-10T16:00:06.465+0000] {processor.py:179} INFO - Processing /opt/airflow/dags/dag_suivi.py took 1.458 seconds
[2026-07-10T16:00:37.272+0000] {processor.py:157} INFO - Started process (PID=10490) to work on /opt/airflow/dags/dag_suivi.py
[2026-07-10T16:00:37.277+0000] {processor.py:829} INFO - Processing file /opt/airflow/dags/dag_suivi.py for tasks to queue
[2026-07-10T16:00:37.282+0000] {logging_mixin.py:151} INFO - [2026-07-10T16:00:37.281+0000] {dagbag.py:536} INFO - Filling up the DagBag from /opt/airflow/dags/dag_suivi.py
[2026-07-10T16:00:37.401+0000] {processor.py:839} INFO - DAG(s) dict_keys(['pipeline_ingestion_suivi']) retrieved from /opt/airflow/dags/dag_suivi.py
[2026-07-10T16:00:37.576+0000] {logging_mixin.py:151} INFO - [2026-07-10T16:00:37.575+0000] {dag.py:2941} INFO - Sync 1 DAGs
[2026-07-10T16:00:37.714+0000] {logging_mixin.py:151} INFO - [2026-07-10T16:00:37.713+0000] {dag.py:3722} INFO - Setting next_dagrun for pipeline_ingestion_suivi to 2026-07-10T16:00:00+00:00, run_after=2026-07-10T17:00:00+00:00
[2026-07-10T16:00:37.840+0000] {processor.py:179} INFO - Processing /opt/airflow/dags/dag_suivi.py took 0.590 seconds
[2026-07-10T16:01:09.484+0000] {processor.py:157} INFO - Started process (PID=10495) to work on /opt/airflow/dags/dag_suivi.py
[2026-07-10T16:01:09.490+0000] {processor.py:829} INFO - Processing file /opt/airflow/dags/dag_suivi.py for tasks to queue
[2026-07-10T16:01:09.504+0000] {logging_mixin.py:151} INFO - [2026-07-10T16:01:09.502+0000] {dagbag.py:536} INFO - Filling up the DagBag from /opt/airflow/dags/dag_suivi.py
[2026-07-10T16:01:10.797+0000] {processor.py:839} INFO - DAG(s) dict_keys(['pipeline_ingestion_suivi']) retrieved from /opt/airflow/dags/dag_suivi.py
[2026-07-10T16:01:11.215+0000] {logging_mixin.py:151} INFO - [2026-07-10T16:01:11.214+0000] {dag.py:2941} INFO - Sync 1 DAGs
[2026-07-10T16:01:11.547+0000] {logging_mixin.py:151} INFO - [2026-07-10T16:01:11.546+0000] {dag.py:3722} INFO - Setting next_dagrun for pipeline_ingestion_suivi to 2026-07-10T16:00:00+00:00, run_after=2026-07-10T17:00:00+00:00
[2026-07-10T16:01:11.688+0000] {processor.py:179} INFO - Processing /opt/airflow/dags/dag_suivi.py took 2.231 seconds
[2026-07-10T16:01:42.253+0000] {processor.py:157} INFO - Started process (PID=10500) to work on /opt/airflow/dags/dag_suivi.py
[2026-07-10T16:01:42.259+0000] {processor.py:829} INFO - Processing file /opt/airflow/dags/dag_suivi.py for tasks to queue
[2026-07-10T16:01:42.265+0000] {logging_mixin.py:151} INFO - [2026-07-10T16:01:42.263+0000] {dagbag.py:536} INFO - Filling up the DagBag from /opt/airflow/dags/dag_suivi.py
[2026-07-10T16:01:42.395+0000] {processor.py:839} INFO - DAG(s) dict_keys(['pipeline_ingestion_suivi']) retrieved from /opt/airflow/dags/dag_suivi.py
[2026-07-10T16:01:42.533+0000] {logging_mixin.py:151} INFO - [2026-07-10T16:01:42.533+0000] {dag.py:2941} INFO - Sync 1 DAGs
[2026-07-10T16:01:42.633+0000] {logging_mixin.py:151} INFO - [2026-07-10T16:01:42.632+0000] {dag.py:3722} INFO - Setting next_dagrun for pipeline_ingestion_suivi to 2026-07-10T16:00:00+00:00, run_after=2026-07-10T17:00:00+00:00
[2026-07-10T16:01:42.729+0000] {processor.py:179} INFO - Processing /opt/airflow/dags/dag_suivi.py took 0.497 seconds
[2026-07-10T16:02:13.206+0000] {processor.py:157} INFO - Started process (PID=10505) to work on /opt/airflow/dags/dag_suivi.py
[2026-07-10T16:02:13.211+0000] {processor.py:829} INFO - Processing file /opt/airflow/dags/dag_suivi.py for tasks to queue
[2026-07-10T16:02:13.217+0000] {logging_mixin.py:151} INFO - [2026-07-10T16:02:13.215+0000] {dagbag.py:536} INFO - Filling up the DagBag from /opt/airflow/dags/dag_suivi.py
[2026-07-10T16:02:13.355+0000] {processor.py:839} INFO - DAG(s) dict_keys(['pipeline_ingestion_suivi']) retrieved from /opt/airflow/dags/dag_suivi.py
[2026-07-10T16:02:13.523+0000] {logging_mixin.py:151} INFO - [2026-07-10T16:02:13.522+0000] {dag.py:2941} INFO - Sync 1 DAGs
[2026-07-10T16:02:13.690+0000] {logging_mixin.py:151} INFO - [2026-07-10T16:02:13.689+0000] {dag.py:3722} INFO - Setting next_dagrun for pipeline_ingestion_suivi to 2026-07-10T16:00:00+00:00, run_after=2026-07-10T17:00:00+00:00
[2026-07-10T16:02:13.810+0000] {processor.py:179} INFO - Processing /opt/airflow/dags/dag_suivi.py took 0.634 seconds
[2026-07-10T16:02:44.564+0000] {processor.py:157} INFO - Started process (PID=10510) to work on /opt/airflow/dags/dag_suivi.py
[2026-07-10T16:02:44.569+0000] {processor.py:829} INFO - Processing file /opt/airflow/dags/dag_suivi.py for tasks to queue
[2026-07-10T16:02:44.576+0000] {logging_mixin.py:151} INFO - [2026-07-10T16:02:44.574+0000] {dagbag.py:536} INFO - Filling up the DagBag from /opt/airflow/dags/dag_suivi.py
[2026-07-10T16:02:44.737+0000] {processor.py:839} INFO - DAG(s) dict_keys(['pipeline_ingestion_suivi']) retrieved from /opt/airflow/dags/dag_suivi.py
[2026-07-10T16:02:44.896+0000] {logging_mixin.py:151} INFO - [2026-07-10T16:02:44.895+0000] {dag.py:2941} INFO - Sync 1 DAGs
[2026-07-10T16:02:45.014+0000] {logging_mixin.py:151} INFO - [2026-07-10T16:02:45.013+0000] {dag.py:3722} INFO - Setting next_dagrun for pipeline_ingestion_suivi to 2026-07-10T16:00:00+00:00, run_after=2026-07-10T17:00:00+00:00
[2026-07-10T16:02:45.108+0000] {processor.py:179} INFO - Processing /opt/airflow/dags/dag_suivi.py took 0.571 seconds
[2026-07-10T16:03:15.665+0000] {processor.py:157} INFO - Started process (PID=10515) to work on /opt/airflow/dags/dag_suivi.py
[2026-07-10T16:03:15.668+0000] {processor.py:829} INFO - Processing file /opt/airflow/dags/dag_suivi.py for tasks to queue
[2026-07-10T16:03:15.673+0000] {logging_mixin.py:151} INFO - [2026-07-10T16:03:15.672+0000] {dagbag.py:536} INFO - Filling up the DagBag from /opt/airflow/dags/dag_suivi.py
[2026-07-10T16:03:15.782+0000] {processor.py:839} INFO - DAG(s) dict_keys(['pipeline_ingestion_suivi']) retrieved from /opt/airflow/dags/dag_suivi.py
[2026-07-10T16:03:15.899+0000] {logging_mixin.py:151} INFO - [2026-07-10T16:03:15.899+0000] {dag.py:2941} INFO - Sync 1 DAGs
[2026-07-10T16:03:16.049+0000] {logging_mixin.py:151} INFO - [2026-07-10T16:03:16.049+0000] {dag.py:3722} INFO - Setting next_dagrun for pipeline_ingestion_suivi to 2026-07-10T16:00:00+00:00, run_after=2026-07-10T17:00:00+00:00
[2026-07-10T16:03:16.264+0000] {processor.py:179} INFO - Processing /opt/airflow/dags/dag_suivi.py took 0.614 seconds
[2026-07-10T16:03:46.619+0000] {processor.py:157} INFO - Started process (PID=10520) to work on /opt/airflow/dags/dag_suivi.py
[2026-07-10T16:03:46.623+0000] {processor.py:829} INFO - Processing file /opt/airflow/dags/dag_suivi.py for tasks to queue
[2026-07-10T16:03:46.628+0000] {logging_mixin.py:151} INFO - [2026-07-10T16:03:46.627+0000] {dagbag.py:536} INFO - Filling up the DagBag from /opt/airflow/dags/dag_suivi.py
[2026-07-10T16:03:46.732+0000] {processor.py:839} INFO - DAG(s) dict_keys(['pipeline_ingestion_suivi']) retrieved from /opt/airflow/dags/dag_suivi.py
[2026-07-10T16:03:46.821+0000] {logging_mixin.py:151} INFO - [2026-07-10T16:03:46.821+0000] {dag.py:2941} INFO - Sync 1 DAGs
[2026-07-10T16:03:46.893+0000] {logging_mixin.py:151} INFO - [2026-07-10T16:03:46.892+0000] {dag.py:3722} INFO - Setting next_dagrun for pipeline_ingestion_suivi to 2026-07-10T16:00:00+00:00, run_after=2026-07-10T17:00:00+00:00
[2026-07-10T16:03:46.975+0000] {processor.py:179} INFO - Processing /opt/airflow/dags/dag_suivi.py took 0.373 seconds
[2026-07-10T16:04:17.156+0000] {processor.py:157} INFO - Started process (PID=10525) to work on /opt/airflow/dags/dag_suivi.py
[2026-07-10T16:04:17.159+0000] {processor.py:829} INFO - Processing file /opt/airflow/dags/dag_suivi.py for tasks to queue
[2026-07-10T16:04:17.163+0000] {logging_mixin.py:151} INFO - [2026-07-10T16:04:17.162+0000] {dagbag.py:536} INFO - Filling up the DagBag from /opt/airflow/dags/dag_suivi.py
[2026-07-10T16:04:17.258+0000] {processor.py:839} INFO - DAG(s) dict_keys(['pipeline_ingestion_suivi']) retrieved from /opt/airflow/dags/dag_suivi.py
[2026-07-10T16:04:17.349+0000] {logging_mixin.py:151} INFO - [2026-07-10T16:04:17.348+0000] {dag.py:2941} INFO - Sync 1 DAGs
[2026-07-10T16:04:17.422+0000] {logging_mixin.py:151} INFO - [2026-07-10T16:04:17.422+0000] {dag.py:3722} INFO - Setting next_dagrun for pipeline_ingestion_suivi to 2026-07-10T16:00:00+00:00, run_after=2026-07-10T17:00:00+00:00
[2026-07-10T16:04:17.494+0000] {processor.py:179} INFO - Processing /opt/airflow/dags/dag_suivi.py took 0.356 seconds
[2026-07-10T16:04:47.723+0000] {processor.py:157} INFO - Started process (PID=10530) to work on /opt/airflow/dags/dag_suivi.py
[2026-07-10T16:04:47.728+0000] {processor.py:829} INFO - Processing file /opt/airflow/dags/dag_suivi.py for tasks to queue
[2026-07-10T16:04:47.731+0000] {logging_mixin.py:151} INFO - [2026-07-10T16:04:47.731+0000] {dagbag.py:536} INFO - Filling up the DagBag from /opt/airflow/dags/dag_suivi.py
[2026-07-10T16:04:47.900+0000] {processor.py:839} INFO - DAG(s) dict_keys(['pipeline_ingestion_suivi']) retrieved from /opt/airflow/dags/dag_suivi.py
[2026-07-10T16:04:48.042+0000] {logging_mixin.py:151} INFO - [2026-07-10T16:04:48.042+0000] {dag.py:2941} INFO - Sync 1 DAGs
[2026-07-10T16:04:48.149+0000] {logging_mixin.py:151} INFO - [2026-07-10T16:04:48.149+0000] {dag.py:3722} INFO - Setting next_dagrun for pipeline_ingestion_suivi to 2026-07-10T16:00:00+00:00, run_after=2026-07-10T17:00:00+00:00
[2026-07-10T16:04:48.256+0000] {processor.py:179} INFO - Processing /opt/airflow/dags/dag_suivi.py took 0.554 seconds
[2026-07-10T16:05:19.122+0000] {processor.py:157} INFO - Started process (PID=10535) to work on /opt/airflow/dags/dag_suivi.py
[2026-07-10T16:05:19.125+0000] {processor.py:829} INFO - Processing file /opt/airflow/dags/dag_suivi.py for tasks to queue
[2026-07-10T16:05:19.129+0000] {logging_mixin.py:151} INFO - [2026-07-10T16:05:19.128+0000] {dagbag.py:536} INFO - Filling up the DagBag from /opt/airflow/dags/dag_suivi.py
[2026-07-10T16:05:19.223+0000] {processor.py:839} INFO - DAG(s) dict_keys(['pipeline_ingestion_suivi']) retrieved from /opt/airflow/dags/dag_suivi.py
[2026-07-10T16:05:19.310+0000] {logging_mixin.py:151} INFO - [2026-07-10T16:05:19.309+0000] {dag.py:2941} INFO - Sync 1 DAGs
[2026-07-10T16:05:19.383+0000] {logging_mixin.py:151} INFO - [2026-07-10T16:05:19.382+0000] {dag.py:3722} INFO - Setting next_dagrun for pipeline_ingestion_suivi to 2026-07-10T16:00:00+00:00, run_after=2026-07-10T17:00:00+00:00
[2026-07-10T16:05:19.444+0000] {processor.py:179} INFO - Processing /opt/airflow/dags/dag_suivi.py took 0.333 seconds
[2026-07-10T16:05:49.757+0000] {processor.py:157} INFO - Started process (PID=10540) to work on /opt/airflow/dags/dag_suivi.py
[2026-07-10T16:05:49.761+0000] {processor.py:829} INFO - Processing file /opt/airflow/dags/dag_suivi.py for tasks to queue
[2026-07-10T16:05:49.765+0000] {logging_mixin.py:151} INFO - [2026-07-10T16:05:49.764+0000] {dagbag.py:536} INFO - Filling up the DagBag from /opt/airflow/dags/dag_suivi.py
[2026-07-10T16:05:49.898+0000] {processor.py:839} INFO - DAG(s) dict_keys(['pipeline_ingestion_suivi']) retrieved from /opt/airflow/dags/dag_suivi.py
[2026-07-10T16:05:50.046+0000] {logging_mixin.py:151} INFO - [2026-07-10T16:05:50.046+0000] {dag.py:2941} INFO - Sync 1 DAGs
[2026-07-10T16:05:50.160+0000] {logging_mixin.py:151} INFO - [2026-07-10T16:05:50.160+0000] {dag.py:3722} INFO - Setting next_dagrun for pipeline_ingestion_suivi to 2026-07-10T16:00:00+00:00, run_after=2026-07-10T17:00:00+00:00
[2026-07-10T16:05:50.277+0000] {processor.py:179} INFO - Processing /opt/airflow/dags/dag_suivi.py took 0.539 seconds
[2026-07-10T16:06:20.799+0000] {processor.py:157} INFO - Started process (PID=10545) to work on /opt/airflow/dags/dag_suivi.py
[2026-07-10T16:06:20.805+0000] {processor.py:829} INFO - Processing file /opt/airflow/dags/dag_suivi.py for tasks to queue
[2026-07-10T16:06:20.812+0000] {logging_mixin.py:151} INFO - [2026-07-10T16:06:20.810+0000] {dagbag.py:536} INFO - Filling up the DagBag from /opt/airflow/dags/dag_suivi.py
[2026-07-10T16:06:21.033+0000] {processor.py:839} INFO - DAG(s) dict_keys(['pipeline_ingestion_suivi']) retrieved from /opt/airflow/dags/dag_suivi.py
[2026-07-10T16:06:21.257+0000] {logging_mixin.py:151} INFO - [2026-07-10T16:06:21.255+0000] {dag.py:2941} INFO - Sync 1 DAGs
[2026-07-10T16:06:21.523+0000] {logging_mixin.py:151} INFO - [2026-07-10T16:06:21.522+0000] {dag.py:3722} INFO - Setting next_dagrun for pipeline_ingestion_suivi to 2026-07-10T16:00:00+00:00, run_after=2026-07-10T17:00:00+00:00
[2026-07-10T16:06:21.652+0000] {processor.py:179} INFO - Processing /opt/airflow/dags/dag_suivi.py took 0.890 seconds
[2026-07-10T16:06:52.218+0000] {processor.py:157} INFO - Started process (PID=10550) to work on /opt/airflow/dags/dag_suivi.py
[2026-07-10T16:06:52.222+0000] {processor.py:829} INFO - Processing file /opt/airflow/dags/dag_suivi.py for tasks to queue
[2026-07-10T16:06:52.227+0000] {logging_mixin.py:151} INFO - [2026-07-10T16:06:52.225+0000] {dagbag.py:536} INFO - Filling up the DagBag from /opt/airflow/dags/dag_suivi.py
[2026-07-10T16:06:52.315+0000] {processor.py:839} INFO - DAG(s) dict_keys(['pipeline_ingestion_suivi']) retrieved from /opt/airflow/dags/dag_suivi.py
[2026-07-10T16:06:52.405+0000] {logging_mixin.py:151} INFO - [2026-07-10T16:06:52.405+0000] {dag.py:2941} INFO - Sync 1 DAGs
[2026-07-10T16:06:52.473+0000] {logging_mixin.py:151} INFO - [2026-07-10T16:06:52.472+0000] {dag.py:3722} INFO - Setting next_dagrun for pipeline_ingestion_suivi to 2026-07-10T16:00:00+00:00, run_after=2026-07-10T17:00:00+00:00
[2026-07-10T16:06:52.552+0000] {processor.py:179} INFO - Processing /opt/airflow/dags/dag_suivi.py took 0.347 seconds
[2026-07-10T16:07:22.850+0000] {processor.py:157} INFO - Started process (PID=10555) to work on /opt/airflow/dags/dag_suivi.py
[2026-07-10T16:07:22.852+0000] {processor.py:829} INFO - Processing file /opt/airflow/dags/dag_suivi.py for tasks to queue
[2026-07-10T16:07:22.854+0000] {logging_mixin.py:151} INFO - [2026-07-10T16:07:22.854+0000] {dagbag.py:536} INFO - Filling up the DagBag from /opt/airflow/dags/dag_suivi.py
[2026-07-10T16:07:22.936+0000] {processor.py:839} INFO - DAG(s) dict_keys(['pipeline_ingestion_suivi']) retrieved from /opt/airflow/dags/dag_suivi.py
[2026-07-10T16:07:23.046+0000] {logging_mixin.py:151} INFO - [2026-07-10T16:07:23.044+0000] {dag.py:2941} INFO - Sync 1 DAGs
[2026-07-10T16:07:23.196+0000] {logging_mixin.py:151} INFO - [2026-07-10T16:07:23.194+0000] {dag.py:3722} INFO - Setting next_dagrun for pipeline_ingestion_suivi to 2026-07-10T16:00:00+00:00, run_after=2026-07-10T17:00:00+00:00
[2026-07-10T16:07:23.298+0000] {processor.py:179} INFO - Processing /opt/airflow/dags/dag_suivi.py took 0.460 seconds
[2026-07-10T16:07:53.580+0000] {processor.py:157} INFO - Started process (PID=10560) to work on /opt/airflow/dags/dag_suivi.py
[2026-07-10T16:07:53.583+0000] {processor.py:829} INFO - Processing file /opt/airflow/dags/dag_suivi.py for tasks to queue
[2026-07-10T16:07:53.587+0000] {logging_mixin.py:151} INFO - [2026-07-10T16:07:53.586+0000] {dagbag.py:536} INFO - Filling up the DagBag from /opt/airflow/dags/dag_suivi.py
[2026-07-10T16:07:53.667+0000] {processor.py:839} INFO - DAG(s) dict_keys(['pipeline_ingestion_suivi']) retrieved from /opt/airflow/dags/dag_suivi.py
[2026-07-10T16:07:53.766+0000] {logging_mixin.py:151} INFO - [2026-07-10T16:07:53.765+0000] {dag.py:2941} INFO - Sync 1 DAGs
[2026-07-10T16:07:53.864+0000] {logging_mixin.py:151} INFO - [2026-07-10T16:07:53.863+0000] {dag.py:3722} INFO - Setting next_dagrun for pipeline_ingestion_suivi to 2026-07-10T16:00:00+00:00, run_after=2026-07-10T17:00:00+00:00
[2026-07-10T16:07:53.950+0000] {processor.py:179} INFO - Processing /opt/airflow/dags/dag_suivi.py took 0.382 seconds
[2026-07-10T16:08:24.368+0000] {processor.py:157} INFO - Started process (PID=10565) to work on /opt/airflow/dags/dag_suivi.py
[2026-07-10T16:08:24.371+0000] {processor.py:829} INFO - Processing file /opt/airflow/dags/dag_suivi.py for tasks to queue
[2026-07-10T16:08:24.374+0000] {logging_mixin.py:151} INFO - [2026-07-10T16:08:24.374+0000] {dagbag.py:536} INFO - Filling up the DagBag from /opt/airflow/dags/dag_suivi.py
[2026-07-10T16:08:24.474+0000] {processor.py:839} INFO - DAG(s) dict_keys(['pipeline_ingestion_suivi']) retrieved from /opt/airflow/dags/dag_suivi.py
[2026-07-10T16:08:24.611+0000] {logging_mixin.py:151} INFO - [2026-07-10T16:08:24.610+0000] {dag.py:2941} INFO - Sync 1 DAGs
[2026-07-10T16:08:24.811+0000] {logging_mixin.py:151} INFO - [2026-07-10T16:08:24.810+0000] {dag.py:3722} INFO - Setting next_dagrun for pipeline_ingestion_suivi to 2026-07-10T16:00:00+00:00, run_after=2026-07-10T17:00:00+00:00
[2026-07-10T16:08:24.960+0000] {processor.py:179} INFO - Processing /opt/airflow/dags/dag_suivi.py took 0.604 seconds
[2026-07-10T16:08:55.831+0000] {processor.py:157} INFO - Started process (PID=10570) to work on /opt/airflow/dags/dag_suivi.py
[2026-07-10T16:08:55.835+0000] {processor.py:829} INFO - Processing file /opt/airflow/dags/dag_suivi.py for tasks to queue
[2026-07-10T16:08:55.839+0000] {logging_mixin.py:151} INFO - [2026-07-10T16:08:55.838+0000] {dagbag.py:536} INFO - Filling up the DagBag from /opt/airflow/dags/dag_suivi.py
[2026-07-10T16:08:55.952+0000] {processor.py:839} INFO - DAG(s) dict_keys(['pipeline_ingestion_suivi']) retrieved from /opt/airflow/dags/dag_suivi.py
[2026-07-10T16:08:56.072+0000] {logging_mixin.py:151} INFO - [2026-07-10T16:08:56.071+0000] {dag.py:2941} INFO - Sync 1 DAGs
[2026-07-10T16:08:56.197+0000] {logging_mixin.py:151} INFO - [2026-07-10T16:08:56.196+0000] {dag.py:3722} INFO - Setting next_dagrun for pipeline_ingestion_suivi to 2026-07-10T16:00:00+00:00, run_after=2026-07-10T17:00:00+00:00
[2026-07-10T16:08:56.299+0000] {processor.py:179} INFO - Processing /opt/airflow/dags/dag_suivi.py took 0.486 seconds
[2026-07-10T16:09:26.870+0000] {processor.py:157} INFO - Started process (PID=10575) to work on /opt/airflow/dags/dag_suivi.py
[2026-07-10T16:09:26.873+0000] {processor.py:829} INFO - Processing file /opt/airflow/dags/dag_suivi.py for tasks to queue
[2026-07-10T16:09:26.877+0000] {logging_mixin.py:151} INFO - [2026-07-10T16:09:26.876+0000] {dagbag.py:536} INFO - Filling up the DagBag from /opt/airflow/dags/dag_suivi.py
[2026-07-10T16:09:26.958+0000] {processor.py:839} INFO - DAG(s) dict_keys(['pipeline_ingestion_suivi']) retrieved from /opt/airflow/dags/dag_suivi.py
[2026-07-10T16:09:27.044+0000] {logging_mixin.py:151} INFO - [2026-07-10T16:09:27.043+0000] {dag.py:2941} INFO - Sync 1 DAGs
[2026-07-10T16:09:27.163+0000] {logging_mixin.py:151} INFO - [2026-07-10T16:09:27.162+0000] {dag.py:3722} INFO - Setting next_dagrun for pipeline_ingestion_suivi to 2026-07-10T16:00:00+00:00, run_after=2026-07-10T17:00:00+00:00
[2026-07-10T16:09:27.281+0000] {processor.py:179} INFO - Processing /opt/airflow/dags/dag_suivi.py took 0.422 seconds
[2026-07-10T16:09:57.849+0000] {processor.py:157} INFO - Started process (PID=10580) to work on /opt/airflow/dags/dag_suivi.py
[2026-07-10T16:09:57.851+0000] {processor.py:829} INFO - Processing file /opt/airflow/dags/dag_suivi.py for tasks to queue
[2026-07-10T16:09:57.854+0000] {logging_mixin.py:151} INFO - [2026-07-10T16:09:57.853+0000] {dagbag.py:536} INFO - Filling up the DagBag from /opt/airflow/dags/dag_suivi.py
[2026-07-10T16:09:57.956+0000] {processor.py:839} INFO - DAG(s) dict_keys(['pipeline_ingestion_suivi']) retrieved from /opt/airflow/dags/dag_suivi.py
[2026-07-10T16:09:58.059+0000] {logging_mixin.py:151} INFO - [2026-07-10T16:09:58.058+0000] {dag.py:2941} INFO - Sync 1 DAGs
[2026-07-10T16:09:58.127+0000] {logging_mixin.py:151} INFO - [2026-07-10T16:09:58.127+0000] {dag.py:3722} INFO - Setting next_dagrun for pipeline_ingestion_suivi to 2026-07-10T16:00:00+00:00, run_after=2026-07-10T17:00:00+00:00
[2026-07-10T16:09:58.200+0000] {processor.py:179} INFO - Processing /opt/airflow/dags/dag_suivi.py took 0.363 seconds
[2026-07-10T16:10:28.453+0000] {processor.py:157} INFO - Started process (PID=10585) to work on /opt/airflow/dags/dag_suivi.py
[2026-07-10T16:10:28.456+0000] {processor.py:829} INFO - Processing file /opt/airflow/dags/dag_suivi.py for tasks to queue
[2026-07-10T16:10:28.460+0000] {logging_mixin.py:151} INFO - [2026-07-10T16:10:28.459+0000] {dagbag.py:536} INFO - Filling up the DagBag from /opt/airflow/dags/dag_suivi.py
[2026-07-10T16:10:28.561+0000] {processor.py:839} INFO - DAG(s) dict_keys(['pipeline_ingestion_suivi']) retrieved from /opt/airflow/dags/dag_suivi.py
[2026-07-10T16:10:28.689+0000] {logging_mixin.py:151} INFO - [2026-07-10T16:10:28.688+0000] {dag.py:2941} INFO - Sync 1 DAGs
[2026-07-10T16:10:28.804+0000] {logging_mixin.py:151} INFO - [2026-07-10T16:10:28.803+0000] {dag.py:3722} INFO - Setting next_dagrun for pipeline_ingestion_suivi to 2026-07-10T16:00:00+00:00, run_after=2026-07-10T17:00:00+00:00
[2026-07-10T16:10:28.891+0000] {processor.py:179} INFO - Processing /opt/airflow/dags/dag_suivi.py took 0.454 seconds
[2026-07-10T16:10:59.379+0000] {processor.py:157} INFO - Started process (PID=10590) to work on /opt/airflow/dags/dag_suivi.py
[2026-07-10T16:10:59.382+0000] {processor.py:829} INFO - Processing file /opt/airflow/dags/dag_suivi.py for tasks to queue
[2026-07-10T16:10:59.386+0000] {logging_mixin.py:151} INFO - [2026-07-10T16:10:59.385+0000] {dagbag.py:536} INFO - Filling up the DagBag from /opt/airflow/dags/dag_suivi.py
[2026-07-10T16:10:59.474+0000] {processor.py:839} INFO - DAG(s) dict_keys(['pipeline_ingestion_suivi']) retrieved from /opt/airflow/dags/dag_suivi.py
[2026-07-10T16:10:59.552+0000] {logging_mixin.py:151} INFO - [2026-07-10T16:10:59.552+0000] {dag.py:2941} INFO - Sync 1 DAGs
[2026-07-10T16:10:59.617+0000] {logging_mixin.py:151} INFO - [2026-07-10T16:10:59.617+0000] {dag.py:3722} INFO - Setting next_dagrun for pipeline_ingestion_suivi to 2026-07-10T16:00:00+00:00, run_after=2026-07-10T17:00:00+00:00
[2026-07-10T16:10:59.689+0000] {processor.py:179} INFO - Processing /opt/airflow/dags/dag_suivi.py took 0.325 seconds
[2026-07-10T16:11:30.117+0000] {processor.py:157} INFO - Started process (PID=10595) to work on /opt/airflow/dags/dag_suivi.py
[2026-07-10T16:11:30.120+0000] {processor.py:829} INFO - Processing file /opt/airflow/dags/dag_suivi.py for tasks to queue
[2026-07-10T16:11:30.123+0000] {logging_mixin.py:151} INFO - [2026-07-10T16:11:30.122+0000] {dagbag.py:536} INFO - Filling up the DagBag from /opt/airflow/dags/dag_suivi.py
[2026-07-10T16:11:30.206+0000] {processor.py:839} INFO - DAG(s) dict_keys(['pipeline_ingestion_suivi']) retrieved from /opt/airflow/dags/dag_suivi.py
[2026-07-10T16:11:30.298+0000] {logging_mixin.py:151} INFO - [2026-07-10T16:11:30.297+0000] {dag.py:2941} INFO - Sync 1 DAGs
[2026-07-10T16:11:30.401+0000] {logging_mixin.py:151} INFO - [2026-07-10T16:11:30.401+0000] {dag.py:3722} INFO - Setting next_dagrun for pipeline_ingestion_suivi to 2026-07-10T16:00:00+00:00, run_after=2026-07-10T17:00:00+00:00
[2026-07-10T16:11:30.507+0000] {processor.py:179} INFO - Processing /opt/airflow/dags/dag_suivi.py took 0.401 seconds
[2026-07-10T16:12:00.996+0000] {processor.py:157} INFO - Started process (PID=10600) to work on /opt/airflow/dags/dag_suivi.py
[2026-07-10T16:12:01.001+0000] {processor.py:829} INFO - Processing file /opt/airflow/dags/dag_suivi.py for tasks to queue
[2026-07-10T16:12:01.009+0000] {logging_mixin.py:151} INFO - [2026-07-10T16:12:01.007+0000] {dagbag.py:536} INFO - Filling up the DagBag from /opt/airflow/dags/dag_suivi.py
[2026-07-10T16:12:01.154+0000] {processor.py:839} INFO - DAG(s) dict_keys(['pipeline_ingestion_suivi']) retrieved from /opt/airflow/dags/dag_suivi.py
[2026-07-10T16:12:01.324+0000] {logging_mixin.py:151} INFO - [2026-07-10T16:12:01.323+0000] {dag.py:2941} INFO - Sync 1 DAGs
[2026-07-10T16:12:01.473+0000] {logging_mixin.py:151} INFO - [2026-07-10T16:12:01.472+0000] {dag.py:3722} INFO - Setting next_dagrun for pipeline_ingestion_suivi to 2026-07-10T16:00:00+00:00, run_after=2026-07-10T17:00:00+00:00
[2026-07-10T16:12:01.653+0000] {processor.py:179} INFO - Processing /opt/airflow/dags/dag_suivi.py took 0.683 seconds
[2026-07-10T16:12:32.244+0000] {processor.py:157} INFO - Started process (PID=10605) to work on /opt/airflow/dags/dag_suivi.py
[2026-07-10T16:12:32.250+0000] {processor.py:829} INFO - Processing file /opt/airflow/dags/dag_suivi.py for tasks to queue
[2026-07-10T16:12:32.256+0000] {logging_mixin.py:151} INFO - [2026-07-10T16:12:32.255+0000] {dagbag.py:536} INFO - Filling up the DagBag from /opt/airflow/dags/dag_suivi.py
[2026-07-10T16:12:32.372+0000] {processor.py:839} INFO - DAG(s) dict_keys(['pipeline_ingestion_suivi']) retrieved from /opt/airflow/dags/dag_suivi.py
[2026-07-10T16:12:32.498+0000] {logging_mixin.py:151} INFO - [2026-07-10T16:12:32.498+0000] {dag.py:2941} INFO - Sync 1 DAGs
[2026-07-10T16:12:32.620+0000] {logging_mixin.py:151} INFO - [2026-07-10T16:12:32.619+0000] {dag.py:3722} INFO - Setting next_dagrun for pipeline_ingestion_suivi to 2026-07-10T16:00:00+00:00, run_after=2026-07-10T17:00:00+00:00
[2026-07-10T16:12:32.697+0000] {processor.py:179} INFO - Processing /opt/airflow/dags/dag_suivi.py took 0.475 seconds
[2026-07-10T16:13:03.514+0000] {processor.py:157} INFO - Started process (PID=10610) to work on /opt/airflow/dags/dag_suivi.py
[2026-07-10T16:13:03.517+0000] {processor.py:829} INFO - Processing file /opt/airflow/dags/dag_suivi.py for tasks to queue
[2026-07-10T16:13:03.522+0000] {logging_mixin.py:151} INFO - [2026-07-10T16:13:03.521+0000] {dagbag.py:536} INFO - Filling up the DagBag from /opt/airflow/dags/dag_suivi.py
[2026-07-10T16:13:03.619+0000] {processor.py:839} INFO - DAG(s) dict_keys(['pipeline_ingestion_suivi']) retrieved from /opt/airflow/dags/dag_suivi.py
[2026-07-10T16:13:03.687+0000] {logging_mixin.py:151} INFO - [2026-07-10T16:13:03.687+0000] {dag.py:2941} INFO - Sync 1 DAGs
[2026-07-10T16:13:03.749+0000] {logging_mixin.py:151} INFO - [2026-07-10T16:13:03.748+0000] {dag.py:3722} INFO - Setting next_dagrun for pipeline_ingestion_suivi to 2026-07-10T16:00:00+00:00, run_after=2026-07-10T17:00:00+00:00
[2026-07-10T16:13:03.819+0000] {processor.py:179} INFO - Processing /opt/airflow/dags/dag_suivi.py took 0.321 seconds
[2026-07-10T16:13:34.097+0000] {processor.py:157} INFO - Started process (PID=10615) to work on /opt/airflow/dags/dag_suivi.py
[2026-07-10T16:13:34.100+0000] {processor.py:829} INFO - Processing file /opt/airflow/dags/dag_suivi.py for tasks to queue
[2026-07-10T16:13:34.104+0000] {logging_mixin.py:151} INFO - [2026-07-10T16:13:34.103+0000] {dagbag.py:536} INFO - Filling up the DagBag from /opt/airflow/dags/dag_suivi.py
[2026-07-10T16:13:34.180+0000] {processor.py:839} INFO - DAG(s) dict_keys(['pipeline_ingestion_suivi']) retrieved from /opt/airflow/dags/dag_suivi.py
[2026-07-10T16:13:34.281+0000] {logging_mixin.py:151} INFO - [2026-07-10T16:13:34.281+0000] {dag.py:2941} INFO - Sync 1 DAGs
[2026-07-10T16:13:34.349+0000] {logging_mixin.py:151} INFO - [2026-07-10T16:13:34.349+0000] {dag.py:3722} INFO - Setting next_dagrun for pipeline_ingestion_suivi to 2026-07-10T16:00:00+00:00, run_after=2026-07-10T17:00:00+00:00
[2026-07-10T16:13:34.458+0000] {processor.py:179} INFO - Processing /opt/airflow/dags/dag_suivi.py took 0.371 seconds
[2026-07-10T16:14:04.734+0000] {processor.py:157} INFO - Started process (PID=10620) to work on /opt/airflow/dags/dag_suivi.py
[2026-07-10T16:14:04.737+0000] {processor.py:829} INFO - Processing file /opt/airflow/dags/dag_suivi.py for tasks to queue
[2026-07-10T16:14:04.742+0000] {logging_mixin.py:151} INFO - [2026-07-10T16:14:04.741+0000] {dagbag.py:536} INFO - Filling up the DagBag from /opt/airflow/dags/dag_suivi.py
[2026-07-10T16:14:04.820+0000] {processor.py:839} INFO - DAG(s) dict_keys(['pipeline_ingestion_suivi']) retrieved from /opt/airflow/dags/dag_suivi.py
[2026-07-10T16:14:04.926+0000] {logging_mixin.py:151} INFO - [2026-07-10T16:14:04.925+0000] {dag.py:2941} INFO - Sync 1 DAGs
[2026-07-10T16:14:04.998+0000] {logging_mixin.py:151} INFO - [2026-07-10T16:14:04.997+0000] {dag.py:3722} INFO - Setting next_dagrun for pipeline_ingestion_suivi to 2026-07-10T16:00:00+00:00, run_after=2026-07-10T17:00:00+00:00
[2026-07-10T16:14:05.057+0000] {processor.py:179} INFO - Processing /opt/airflow/dags/dag_suivi.py took 0.336 seconds
[2026-07-10T16:14:35.446+0000] {processor.py:157} INFO - Started process (PID=10625) to work on /opt/airflow/dags/dag_suivi.py
[2026-07-10T16:14:35.448+0000] {processor.py:829} INFO - Processing file /opt/airflow/dags/dag_suivi.py for tasks to queue
[2026-07-10T16:14:35.450+0000] {logging_mixin.py:151} INFO - [2026-07-10T16:14:35.450+0000] {dagbag.py:536} INFO - Filling up the DagBag from /opt/airflow/dags/dag_suivi.py
[2026-07-10T16:14:35.516+0000] {processor.py:839} INFO - DAG(s) dict_keys(['pipeline_ingestion_suivi']) retrieved from /opt/airflow/dags/dag_suivi.py
[2026-07-10T16:14:35.588+0000] {logging_mixin.py:151} INFO - [2026-07-10T16:14:35.587+0000] {dag.py:2941} INFO - Sync 1 DAGs
[2026-07-10T16:14:35.654+0000] {logging_mixin.py:151} INFO - [2026-07-10T16:14:35.654+0000] {dag.py:3722} INFO - Setting next_dagrun for pipeline_ingestion_suivi to 2026-07-10T16:00:00+00:00, run_after=2026-07-10T17:00:00+00:00
[2026-07-10T16:14:35.716+0000] {processor.py:179} INFO - Processing /opt/airflow/dags/dag_suivi.py took 0.281 seconds
[2026-07-10T16:15:05.934+0000] {processor.py:157} INFO - Started process (PID=10630) to work on /opt/airflow/dags/dag_suivi.py
[2026-07-10T16:15:05.936+0000] {processor.py:829} INFO - Processing file /opt/airflow/dags/dag_suivi.py for tasks to queue
[2026-07-10T16:15:05.938+0000] {logging_mixin.py:151} INFO - [2026-07-10T16:15:05.938+0000] {dagbag.py:536} INFO - Filling up the DagBag from /opt/airflow/dags/dag_suivi.py
[2026-07-10T16:15:05.999+0000] {processor.py:839} INFO - DAG(s) dict_keys(['pipeline_ingestion_suivi']) retrieved from /opt/airflow/dags/dag_suivi.py
[2026-07-10T16:15:06.068+0000] {logging_mixin.py:151} INFO - [2026-07-10T16:15:06.068+0000] {dag.py:2941} INFO - Sync 1 DAGs
[2026-07-10T16:15:06.127+0000] {logging_mixin.py:151} INFO - [2026-07-10T16:15:06.126+0000] {dag.py:3722} INFO - Setting next_dagrun for pipeline_ingestion_suivi to 2026-07-10T16:00:00+00:00, run_after=2026-07-10T17:00:00+00:00
[2026-07-10T16:15:06.182+0000] {processor.py:179} INFO - Processing /opt/airflow/dags/dag_suivi.py took 0.256 seconds
[2026-07-10T16:15:36.508+0000] {processor.py:157} INFO - Started process (PID=10635) to work on /opt/airflow/dags/dag_suivi.py
[2026-07-10T16:15:36.512+0000] {processor.py:829} INFO - Processing file /opt/airflow/dags/dag_suivi.py for tasks to queue
[2026-07-10T16:15:36.514+0000] {logging_mixin.py:151} INFO - [2026-07-10T16:15:36.514+0000] {dagbag.py:536} INFO - Filling up the DagBag from /opt/airflow/dags/dag_suivi.py
[2026-07-10T16:15:36.586+0000] {processor.py:839} INFO - DAG(s) dict_keys(['pipeline_ingestion_suivi']) retrieved from /opt/airflow/dags/dag_suivi.py
[2026-07-10T16:15:36.658+0000] {logging_mixin.py:151} INFO - [2026-07-10T16:15:36.658+0000] {dag.py:2941} INFO - Sync 1 DAGs
[2026-07-10T16:15:36.717+0000] {logging_mixin.py:151} INFO - [2026-07-10T16:15:36.716+0000] {dag.py:3722} INFO - Setting next_dagrun for pipeline_ingestion_suivi to 2026-07-10T16:00:00+00:00, run_after=2026-07-10T17:00:00+00:00
[2026-07-10T16:15:36.776+0000] {processor.py:179} INFO - Processing /opt/airflow/dags/dag_suivi.py took 0.275 seconds
[2026-07-10T16:16:07.021+0000] {processor.py:157} INFO - Started process (PID=10640) to work on /opt/airflow/dags/dag_suivi.py
[2026-07-10T16:16:07.024+0000] {processor.py:829} INFO - Processing file /opt/airflow/dags/dag_suivi.py for tasks to queue
[2026-07-10T16:16:07.026+0000] {logging_mixin.py:151} INFO - [2026-07-10T16:16:07.026+0000] {dagbag.py:536} INFO - Filling up the DagBag from /opt/airflow/dags/dag_suivi.py
[2026-07-10T16:16:07.106+0000] {processor.py:839} INFO - DAG(s) dict_keys(['pipeline_ingestion_suivi']) retrieved from /opt/airflow/dags/dag_suivi.py
[2026-07-10T16:16:07.234+0000] {logging_mixin.py:151} INFO - [2026-07-10T16:16:07.233+0000] {dag.py:2941} INFO - Sync 1 DAGs
[2026-07-10T16:16:07.325+0000] {logging_mixin.py:151} INFO - [2026-07-10T16:16:07.325+0000] {dag.py:3722} INFO - Setting next_dagrun for pipeline_ingestion_suivi to 2026-07-10T16:00:00+00:00, run_after=2026-07-10T17:00:00+00:00
[2026-07-10T16:16:07.392+0000] {processor.py:179} INFO - Processing /opt/airflow/dags/dag_suivi.py took 0.383 seconds
[2026-07-10T16:16:37.581+0000] {processor.py:157} INFO - Started process (PID=10645) to work on /opt/airflow/dags/dag_suivi.py
[2026-07-10T16:16:37.584+0000] {processor.py:829} INFO - Processing file /opt/airflow/dags/dag_suivi.py for tasks to queue
[2026-07-10T16:16:37.586+0000] {logging_mixin.py:151} INFO - [2026-07-10T16:16:37.586+0000] {dagbag.py:536} INFO - Filling up the DagBag from /opt/airflow/dags/dag_suivi.py
[2026-07-10T16:16:37.659+0000] {processor.py:839} INFO - DAG(s) dict_keys(['pipeline_ingestion_suivi']) retrieved from /opt/airflow/dags/dag_suivi.py
[2026-07-10T16:16:37.802+0000] {logging_mixin.py:151} INFO - [2026-07-10T16:16:37.801+0000] {dag.py:2941} INFO - Sync 1 DAGs
[2026-07-10T16:16:37.928+0000] {logging_mixin.py:151} INFO - [2026-07-10T16:16:37.927+0000] {dag.py:3722} INFO - Setting next_dagrun for pipeline_ingestion_suivi to 2026-07-10T16:00:00+00:00, run_after=2026-07-10T17:00:00+00:00
[2026-07-10T16:16:38.015+0000] {processor.py:179} INFO - Processing /opt/airflow/dags/dag_suivi.py took 0.442 seconds
[2026-07-10T16:17:08.227+0000] {processor.py:157} INFO - Started process (PID=10650) to work on /opt/airflow/dags/dag_suivi.py
[2026-07-10T16:17:08.230+0000] {processor.py:829} INFO - Processing file /opt/airflow/dags/dag_suivi.py for tasks to queue
[2026-07-10T16:17:08.233+0000] {logging_mixin.py:151} INFO - [2026-07-10T16:17:08.232+0000] {dagbag.py:536} INFO - Filling up the DagBag from /opt/airflow/dags/dag_suivi.py
[2026-07-10T16:17:08.328+0000] {processor.py:839} INFO - DAG(s) dict_keys(['pipeline_ingestion_suivi']) retrieved from /opt/airflow/dags/dag_suivi.py
[2026-07-10T16:17:08.403+0000] {logging_mixin.py:151} INFO - [2026-07-10T16:17:08.403+0000] {dag.py:2941} INFO - Sync 1 DAGs
[2026-07-10T16:17:08.467+0000] {logging_mixin.py:151} INFO - [2026-07-10T16:17:08.467+0000] {dag.py:3722} INFO - Setting next_dagrun for pipeline_ingestion_suivi to 2026-07-10T16:00:00+00:00, run_after=2026-07-10T17:00:00+00:00
[2026-07-10T16:17:08.524+0000] {processor.py:179} INFO - Processing /opt/airflow/dags/dag_suivi.py took 0.311 seconds
[2026-07-10T16:17:38.893+0000] {processor.py:157} INFO - Started process (PID=10655) to work on /opt/airflow/dags/dag_suivi.py
[2026-07-10T16:17:38.895+0000] {processor.py:829} INFO - Processing file /opt/airflow/dags/dag_suivi.py for tasks to queue
[2026-07-10T16:17:38.897+0000] {logging_mixin.py:151} INFO - [2026-07-10T16:17:38.897+0000] {dagbag.py:536} INFO - Filling up the DagBag from /opt/airflow/dags/dag_suivi.py
[2026-07-10T16:17:38.953+0000] {processor.py:839} INFO - DAG(s) dict_keys(['pipeline_ingestion_suivi']) retrieved from /opt/airflow/dags/dag_suivi.py
[2026-07-10T16:17:39.018+0000] {logging_mixin.py:151} INFO - [2026-07-10T16:17:39.018+0000] {dag.py:2941} INFO - Sync 1 DAGs
[2026-07-10T16:17:39.081+0000] {logging_mixin.py:151} INFO - [2026-07-10T16:17:39.080+0000] {dag.py:3722} INFO - Setting next_dagrun for pipeline_ingestion_suivi to 2026-07-10T16:00:00+00:00, run_after=2026-07-10T17:00:00+00:00
[2026-07-10T16:17:39.140+0000] {processor.py:179} INFO - Processing /opt/airflow/dags/dag_suivi.py took 0.261 seconds
[2026-07-10T16:18:09.386+0000] {processor.py:157} INFO - Started process (PID=10660) to work on /opt/airflow/dags/dag_suivi.py
[2026-07-10T16:18:09.389+0000] {processor.py:829} INFO - Processing file /opt/airflow/dags/dag_suivi.py for tasks to queue
[2026-07-10T16:18:09.392+0000] {logging_mixin.py:151} INFO - [2026-07-10T16:18:09.391+0000] {dagbag.py:536} INFO - Filling up the DagBag from /opt/airflow/dags/dag_suivi.py
[2026-07-10T16:18:09.487+0000] {processor.py:839} INFO - DAG(s) dict_keys(['pipeline_ingestion_suivi']) retrieved from /opt/airflow/dags/dag_suivi.py
[2026-07-10T16:18:09.596+0000] {logging_mixin.py:151} INFO - [2026-07-10T16:18:09.596+0000] {dag.py:2941} INFO - Sync 1 DAGs
[2026-07-10T16:18:09.666+0000] {logging_mixin.py:151} INFO - [2026-07-10T16:18:09.665+0000] {dag.py:3722} INFO - Setting next_dagrun for pipeline_ingestion_suivi to 2026-07-10T16:00:00+00:00, run_after=2026-07-10T17:00:00+00:00
[2026-07-10T16:18:09.732+0000] {processor.py:179} INFO - Processing /opt/airflow/dags/dag_suivi.py took 0.363 seconds
[2026-07-10T16:18:40.136+0000] {processor.py:157} INFO - Started process (PID=10665) to work on /opt/airflow/dags/dag_suivi.py
[2026-07-10T16:18:40.138+0000] {processor.py:829} INFO - Processing file /opt/airflow/dags/dag_suivi.py for tasks to queue
[2026-07-10T16:18:40.140+0000] {logging_mixin.py:151} INFO - [2026-07-10T16:18:40.140+0000] {dagbag.py:536} INFO - Filling up the DagBag from /opt/airflow/dags/dag_suivi.py
[2026-07-10T16:18:40.206+0000] {processor.py:839} INFO - DAG(s) dict_keys(['pipeline_ingestion_suivi']) retrieved from /opt/airflow/dags/dag_suivi.py
[2026-07-10T16:18:40.279+0000] {logging_mixin.py:151} INFO - [2026-07-10T16:18:40.279+0000] {dag.py:2941} INFO - Sync 1 DAGs
[2026-07-10T16:18:40.352+0000] {logging_mixin.py:151} INFO - [2026-07-10T16:18:40.351+0000] {dag.py:3722} INFO - Setting next_dagrun for pipeline_ingestion_suivi to 2026-07-10T16:00:00+00:00, run_after=2026-07-10T17:00:00+00:00
[2026-07-10T16:18:40.426+0000] {processor.py:179} INFO - Processing /opt/airflow/dags/dag_suivi.py took 0.298 seconds
[2026-07-10T16:19:10.662+0000] {processor.py:157} INFO - Started process (PID=10670) to work on /opt/airflow/dags/dag_suivi.py
[2026-07-10T16:19:10.668+0000] {processor.py:829} INFO - Processing file /opt/airflow/dags/dag_suivi.py for tasks to queue
[2026-07-10T16:19:10.674+0000] {logging_mixin.py:151} INFO - [2026-07-10T16:19:10.672+0000] {dagbag.py:536} INFO - Filling up the DagBag from /opt/airflow/dags/dag_suivi.py
[2026-07-10T16:19:10.832+0000] {processor.py:839} INFO - DAG(s) dict_keys(['pipeline_ingestion_suivi']) retrieved from /opt/airflow/dags/dag_suivi.py
[2026-07-10T16:19:11.025+0000] {logging_mixin.py:151} INFO - [2026-07-10T16:19:11.024+0000] {dag.py:2941} INFO - Sync 1 DAGs
[2026-07-10T16:19:11.198+0000] {logging_mixin.py:151} INFO - [2026-07-10T16:19:11.195+0000] {dag.py:3722} INFO - Setting next_dagrun for pipeline_ingestion_suivi to 2026-07-10T16:00:00+00:00, run_after=2026-07-10T17:00:00+00:00
[2026-07-10T16:19:11.340+0000] {processor.py:179} INFO - Processing /opt/airflow/dags/dag_suivi.py took 0.700 seconds
[2026-07-10T16:19:41.904+0000] {processor.py:157} INFO - Started process (PID=10675) to work on /opt/airflow/dags/dag_suivi.py
[2026-07-10T16:19:41.907+0000] {processor.py:829} INFO - Processing file /opt/airflow/dags/dag_suivi.py for tasks to queue
[2026-07-10T16:19:41.910+0000] {logging_mixin.py:151} INFO - [2026-07-10T16:19:41.909+0000] {dagbag.py:536} INFO - Filling up the DagBag from /opt/airflow/dags/dag_suivi.py
[2026-07-10T16:19:41.988+0000] {processor.py:839} INFO - DAG(s) dict_keys(['pipeline_ingestion_suivi']) retrieved from /opt/airflow/dags/dag_suivi.py
[2026-07-10T16:19:42.069+0000] {logging_mixin.py:151} INFO - [2026-07-10T16:19:42.068+0000] {dag.py:2941} INFO - Sync 1 DAGs
[2026-07-10T16:19:42.138+0000] {logging_mixin.py:151} INFO - [2026-07-10T16:19:42.137+0000] {dag.py:3722} INFO - Setting next_dagrun for pipeline_ingestion_suivi to 2026-07-10T16:00:00+00:00, run_after=2026-07-10T17:00:00+00:00
[2026-07-10T16:19:42.211+0000] {processor.py:179} INFO - Processing /opt/airflow/dags/dag_suivi.py took 0.320 seconds
[2026-07-10T16:20:12.765+0000] {processor.py:157} INFO - Started process (PID=10680) to work on /opt/airflow/dags/dag_suivi.py
[2026-07-10T16:20:12.771+0000] {processor.py:829} INFO - Processing file /opt/airflow/dags/dag_suivi.py for tasks to queue
[2026-07-10T16:20:12.775+0000] {logging_mixin.py:151} INFO - [2026-07-10T16:20:12.774+0000] {dagbag.py:536} INFO - Filling up the DagBag from /opt/airflow/dags/dag_suivi.py
[2026-07-10T16:20:12.945+0000] {processor.py:839} INFO - DAG(s) dict_keys(['pipeline_ingestion_suivi']) retrieved from /opt/airflow/dags/dag_suivi.py
[2026-07-10T16:20:13.127+0000] {logging_mixin.py:151} INFO - [2026-07-10T16:20:13.126+0000] {dag.py:2941} INFO - Sync 1 DAGs
[2026-07-10T16:20:13.271+0000] {logging_mixin.py:151} INFO - [2026-07-10T16:20:13.269+0000] {dag.py:3722} INFO - Setting next_dagrun for pipeline_ingestion_suivi to 2026-07-10T16:00:00+00:00, run_after=2026-07-10T17:00:00+00:00
[2026-07-10T16:20:13.407+0000] {processor.py:179} INFO - Processing /opt/airflow/dags/dag_suivi.py took 0.660 seconds
[2026-07-10T16:20:43.759+0000] {processor.py:157} INFO - Started process (PID=10685) to work on /opt/airflow/dags/dag_suivi.py
[2026-07-10T16:20:43.762+0000] {processor.py:829} INFO - Processing file /opt/airflow/dags/dag_suivi.py for tasks to queue
[2026-07-10T16:20:43.767+0000] {logging_mixin.py:151} INFO - [2026-07-10T16:20:43.766+0000] {dagbag.py:536} INFO - Filling up the DagBag from /opt/airflow/dags/dag_suivi.py
[2026-07-10T16:20:43.866+0000] {processor.py:839} INFO - DAG(s) dict_keys(['pipeline_ingestion_suivi']) retrieved from /opt/airflow/dags/dag_suivi.py
[2026-07-10T16:20:43.946+0000] {logging_mixin.py:151} INFO - [2026-07-10T16:20:43.946+0000] {dag.py:2941} INFO - Sync 1 DAGs
[2026-07-10T16:20:44.038+0000] {logging_mixin.py:151} INFO - [2026-07-10T16:20:44.037+0000] {dag.py:3722} INFO - Setting next_dagrun for pipeline_ingestion_suivi to 2026-07-10T16:00:00+00:00, run_after=2026-07-10T17:00:00+00:00
[2026-07-10T16:20:44.097+0000] {processor.py:179} INFO - Processing /opt/airflow/dags/dag_suivi.py took 0.350 seconds
[2026-07-10T16:21:14.500+0000] {processor.py:157} INFO - Started process (PID=10690) to work on /opt/airflow/dags/dag_suivi.py
[2026-07-10T16:21:14.502+0000] {processor.py:829} INFO - Processing file /opt/airflow/dags/dag_suivi.py for tasks to queue
[2026-07-10T16:21:14.505+0000] {logging_mixin.py:151} INFO - [2026-07-10T16:21:14.504+0000] {dagbag.py:536} INFO - Filling up the DagBag from /opt/airflow/dags/dag_suivi.py
[2026-07-10T16:21:14.577+0000] {processor.py:839} INFO - DAG(s) dict_keys(['pipeline_ingestion_suivi']) retrieved from /opt/airflow/dags/dag_suivi.py
[2026-07-10T16:21:14.693+0000] {logging_mixin.py:151} INFO - [2026-07-10T16:21:14.692+0000] {dag.py:2941} INFO - Sync 1 DAGs
[2026-07-10T16:21:14.763+0000] {logging_mixin.py:151} INFO - [2026-07-10T16:21:14.763+0000] {dag.py:3722} INFO - Setting next_dagrun for pipeline_ingestion_suivi to 2026-07-10T16:00:00+00:00, run_after=2026-07-10T17:00:00+00:00
[2026-07-10T16:21:14.829+0000] {processor.py:179} INFO - Processing /opt/airflow/dags/dag_suivi.py took 0.342 seconds
[2026-07-10T16:21:45.057+0000] {processor.py:157} INFO - Started process (PID=10695) to work on /opt/airflow/dags/dag_suivi.py
[2026-07-10T16:21:45.059+0000] {processor.py:829} INFO - Processing file /opt/airflow/dags/dag_suivi.py for tasks to queue
[2026-07-10T16:21:45.062+0000] {logging_mixin.py:151} INFO - [2026-07-10T16:21:45.061+0000] {dagbag.py:536} INFO - Filling up the DagBag from /opt/airflow/dags/dag_suivi.py
[2026-07-10T16:21:45.124+0000] {processor.py:839} INFO - DAG(s) dict_keys(['pipeline_ingestion_suivi']) retrieved from /opt/airflow/dags/dag_suivi.py
[2026-07-10T16:21:45.214+0000] {logging_mixin.py:151} INFO - [2026-07-10T16:21:45.213+0000] {dag.py:2941} INFO - Sync 1 DAGs
[2026-07-10T16:21:45.276+0000] {logging_mixin.py:151} INFO - [2026-07-10T16:21:45.276+0000] {dag.py:3722} INFO - Setting next_dagrun for pipeline_ingestion_suivi to 2026-07-10T16:00:00+00:00, run_after=2026-07-10T17:00:00+00:00
[2026-07-10T16:21:45.336+0000] {processor.py:179} INFO - Processing /opt/airflow/dags/dag_suivi.py took 0.292 seconds
[2026-07-10T16:22:15.710+0000] {processor.py:157} INFO - Started process (PID=10700) to work on /opt/airflow/dags/dag_suivi.py
[2026-07-10T16:22:15.716+0000] {processor.py:829} INFO - Processing file /opt/airflow/dags/dag_suivi.py for tasks to queue
[2026-07-10T16:22:15.724+0000] {logging_mixin.py:151} INFO - [2026-07-10T16:22:15.723+0000] {dagbag.py:536} INFO - Filling up the DagBag from /opt/airflow/dags/dag_suivi.py
[2026-07-10T16:22:15.833+0000] {processor.py:839} INFO - DAG(s) dict_keys(['pipeline_ingestion_suivi']) retrieved from /opt/airflow/dags/dag_suivi.py
[2026-07-10T16:22:15.940+0000] {logging_mixin.py:151} INFO - [2026-07-10T16:22:15.940+0000] {dag.py:2941} INFO - Sync 1 DAGs
[2026-07-10T16:22:16.007+0000] {logging_mixin.py:151} INFO - [2026-07-10T16:22:16.006+0000] {dag.py:3722} INFO - Setting next_dagrun for pipeline_ingestion_suivi to 2026-07-10T16:00:00+00:00, run_after=2026-07-10T17:00:00+00:00
[2026-07-10T16:22:16.074+0000] {processor.py:179} INFO - Processing /opt/airflow/dags/dag_suivi.py took 0.378 seconds
[2026-07-10T16:22:46.639+0000] {processor.py:157} INFO - Started process (PID=10705) to work on /opt/airflow/dags/dag_suivi.py
[2026-07-10T16:22:46.642+0000] {processor.py:829} INFO - Processing file /opt/airflow/dags/dag_suivi.py for tasks to queue
[2026-07-10T16:22:46.646+0000] {logging_mixin.py:151} INFO - [2026-07-10T16:22:46.645+0000] {dagbag.py:536} INFO - Filling up the DagBag from /opt/airflow/dags/dag_suivi.py
[2026-07-10T16:22:46.713+0000] {processor.py:839} INFO - DAG(s) dict_keys(['pipeline_ingestion_suivi']) retrieved from /opt/airflow/dags/dag_suivi.py
[2026-07-10T16:22:46.794+0000] {logging_mixin.py:151} INFO - [2026-07-10T16:22:46.793+0000] {dag.py:2941} INFO - Sync 1 DAGs
[2026-07-10T16:22:46.852+0000] {logging_mixin.py:151} INFO - [2026-07-10T16:22:46.851+0000] {dag.py:3722} INFO - Setting next_dagrun for pipeline_ingestion_suivi to 2026-07-10T16:00:00+00:00, run_after=2026-07-10T17:00:00+00:00
[2026-07-10T16:22:46.915+0000] {processor.py:179} INFO - Processing /opt/airflow/dags/dag_suivi.py took 0.292 seconds
[2026-07-10T16:23:17.045+0000] {processor.py:157} INFO - Started process (PID=10710) to work on /opt/airflow/dags/dag_suivi.py
[2026-07-10T16:23:17.049+0000] {processor.py:829} INFO - Processing file /opt/airflow/dags/dag_suivi.py for tasks to queue
[2026-07-10T16:23:17.053+0000] {logging_mixin.py:151} INFO - [2026-07-10T16:23:17.051+0000] {dagbag.py:536} INFO - Filling up the DagBag from /opt/airflow/dags/dag_suivi.py
[2026-07-10T16:23:17.117+0000] {processor.py:839} INFO - DAG(s) dict_keys(['pipeline_ingestion_suivi']) retrieved from /opt/airflow/dags/dag_suivi.py
[2026-07-10T16:23:17.236+0000] {logging_mixin.py:151} INFO - [2026-07-10T16:23:17.235+0000] {dag.py:2941} INFO - Sync 1 DAGs
[2026-07-10T16:23:17.309+0000] {logging_mixin.py:151} INFO - [2026-07-10T16:23:17.309+0000] {dag.py:3722} INFO - Setting next_dagrun for pipeline_ingestion_suivi to 2026-07-10T16:00:00+00:00, run_after=2026-07-10T17:00:00+00:00
[2026-07-10T16:23:17.375+0000] {processor.py:179} INFO - Processing /opt/airflow/dags/dag_suivi.py took 0.340 seconds
[2026-07-10T16:23:47.870+0000] {processor.py:157} INFO - Started process (PID=10715) to work on /opt/airflow/dags/dag_suivi.py
[2026-07-10T16:23:47.872+0000] {processor.py:829} INFO - Processing file /opt/airflow/dags/dag_suivi.py for tasks to queue
[2026-07-10T16:23:47.874+0000] {logging_mixin.py:151} INFO - [2026-07-10T16:23:47.873+0000] {dagbag.py:536} INFO - Filling up the DagBag from /opt/airflow/dags/dag_suivi.py
[2026-07-10T16:23:47.956+0000] {processor.py:839} INFO - DAG(s) dict_keys(['pipeline_ingestion_suivi']) retrieved from /opt/airflow/dags/dag_suivi.py
[2026-07-10T16:23:48.041+0000] {logging_mixin.py:151} INFO - [2026-07-10T16:23:48.040+0000] {dag.py:2941} INFO - Sync 1 DAGs
[2026-07-10T16:23:48.110+0000] {logging_mixin.py:151} INFO - [2026-07-10T16:23:48.109+0000] {dag.py:3722} INFO - Setting next_dagrun for pipeline_ingestion_suivi to 2026-07-10T16:00:00+00:00, run_after=2026-07-10T17:00:00+00:00
[2026-07-10T16:23:48.179+0000] {processor.py:179} INFO - Processing /opt/airflow/dags/dag_suivi.py took 0.317 seconds
[2026-07-10T16:24:18.635+0000] {processor.py:157} INFO - Started process (PID=10720) to work on /opt/airflow/dags/dag_suivi.py
[2026-07-10T16:24:18.638+0000] {processor.py:829} INFO - Processing file /opt/airflow/dags/dag_suivi.py for tasks to queue
[2026-07-10T16:24:18.642+0000] {logging_mixin.py:151} INFO - [2026-07-10T16:24:18.641+0000] {dagbag.py:536} INFO - Filling up the DagBag from /opt/airflow/dags/dag_suivi.py
[2026-07-10T16:24:18.734+0000] {processor.py:839} INFO - DAG(s) dict_keys(['pipeline_ingestion_suivi']) retrieved from /opt/airflow/dags/dag_suivi.py
[2026-07-10T16:24:18.820+0000] {logging_mixin.py:151} INFO - [2026-07-10T16:24:18.819+0000] {dag.py:2941} INFO - Sync 1 DAGs
[2026-07-10T16:24:18.888+0000] {logging_mixin.py:151} INFO - [2026-07-10T16:24:18.887+0000] {dag.py:3722} INFO - Setting next_dagrun for pipeline_ingestion_suivi to 2026-07-10T16:00:00+00:00, run_after=2026-07-10T17:00:00+00:00
[2026-07-10T16:24:18.947+0000] {processor.py:179} INFO - Processing /opt/airflow/dags/dag_suivi.py took 0.321 seconds
[2026-07-10T16:24:49.073+0000] {processor.py:157} INFO - Started process (PID=10725) to work on /opt/airflow/dags/dag_suivi.py
[2026-07-10T16:24:49.075+0000] {processor.py:829} INFO - Processing file /opt/airflow/dags/dag_suivi.py for tasks to queue
[2026-07-10T16:24:49.078+0000] {logging_mixin.py:151} INFO - [2026-07-10T16:24:49.077+0000] {dagbag.py:536} INFO - Filling up the DagBag from /opt/airflow/dags/dag_suivi.py
[2026-07-10T16:24:49.150+0000] {processor.py:839} INFO - DAG(s) dict_keys(['pipeline_ingestion_suivi']) retrieved from /opt/airflow/dags/dag_suivi.py
[2026-07-10T16:24:49.240+0000] {logging_mixin.py:151} INFO - [2026-07-10T16:24:49.239+0000] {dag.py:2941} INFO - Sync 1 DAGs
[2026-07-10T16:24:49.327+0000] {logging_mixin.py:151} INFO - [2026-07-10T16:24:49.327+0000] {dag.py:3722} INFO - Setting next_dagrun for pipeline_ingestion_suivi to 2026-07-10T16:00:00+00:00, run_after=2026-07-10T17:00:00+00:00
[2026-07-10T16:24:49.396+0000] {processor.py:179} INFO - Processing /opt/airflow/dags/dag_suivi.py took 0.333 seconds
[2026-07-10T16:25:19.887+0000] {processor.py:157} INFO - Started process (PID=10730) to work on /opt/airflow/dags/dag_suivi.py
[2026-07-10T16:25:19.891+0000] {processor.py:829} INFO - Processing file /opt/airflow/dags/dag_suivi.py for tasks to queue
[2026-07-10T16:25:19.894+0000] {logging_mixin.py:151} INFO - [2026-07-10T16:25:19.893+0000] {dagbag.py:536} INFO - Filling up the DagBag from /opt/airflow/dags/dag_suivi.py
[2026-07-10T16:25:20.014+0000] {processor.py:839} INFO - DAG(s) dict_keys(['pipeline_ingestion_suivi']) retrieved from /opt/airflow/dags/dag_suivi.py
[2026-07-10T16:25:20.133+0000] {logging_mixin.py:151} INFO - [2026-07-10T16:25:20.132+0000] {dag.py:2941} INFO - Sync 1 DAGs
[2026-07-10T16:25:20.232+0000] {logging_mixin.py:151} INFO - [2026-07-10T16:25:20.232+0000] {dag.py:3722} INFO - Setting next_dagrun for pipeline_ingestion_suivi to 2026-07-10T16:00:00+00:00, run_after=2026-07-10T17:00:00+00:00
[2026-07-10T16:25:20.320+0000] {processor.py:179} INFO - Processing /opt/airflow/dags/dag_suivi.py took 0.449 seconds
[2026-07-10T16:25:51.061+0000] {processor.py:157} INFO - Started process (PID=10735) to work on /opt/airflow/dags/dag_suivi.py
[2026-07-10T16:25:51.064+0000] {processor.py:829} INFO - Processing file /opt/airflow/dags/dag_suivi.py for tasks to queue
[2026-07-10T16:25:51.071+0000] {logging_mixin.py:151} INFO - [2026-07-10T16:25:51.068+0000] {dagbag.py:536} INFO - Filling up the DagBag from /opt/airflow/dags/dag_suivi.py
[2026-07-10T16:25:51.201+0000] {processor.py:839} INFO - DAG(s) dict_keys(['pipeline_ingestion_suivi']) retrieved from /opt/airflow/dags/dag_suivi.py
[2026-07-10T16:25:51.519+0000] {logging_mixin.py:151} INFO - [2026-07-10T16:25:51.508+0000] {dag.py:2941} INFO - Sync 1 DAGs
[2026-07-10T16:25:51.708+0000] {logging_mixin.py:151} INFO - [2026-07-10T16:25:51.707+0000] {dag.py:3722} INFO - Setting next_dagrun for pipeline_ingestion_suivi to 2026-07-10T16:00:00+00:00, run_after=2026-07-10T17:00:00+00:00
[2026-07-10T16:25:51.869+0000] {processor.py:179} INFO - Processing /opt/airflow/dags/dag_suivi.py took 0.821 seconds
[2026-07-10T16:26:22.714+0000] {processor.py:157} INFO - Started process (PID=10740) to work on /opt/airflow/dags/dag_suivi.py
[2026-07-10T16:26:22.717+0000] {processor.py:829} INFO - Processing file /opt/airflow/dags/dag_suivi.py for tasks to queue
[2026-07-10T16:26:22.720+0000] {logging_mixin.py:151} INFO - [2026-07-10T16:26:22.719+0000] {dagbag.py:536} INFO - Filling up the DagBag from /opt/airflow/dags/dag_suivi.py
[2026-07-10T16:26:22.793+0000] {processor.py:839} INFO - DAG(s) dict_keys(['pipeline_ingestion_suivi']) retrieved from /opt/airflow/dags/dag_suivi.py
[2026-07-10T16:26:22.945+0000] {logging_mixin.py:151} INFO - [2026-07-10T16:26:22.944+0000] {dag.py:2941} INFO - Sync 1 DAGs
[2026-07-10T16:26:23.081+0000] {logging_mixin.py:151} INFO - [2026-07-10T16:26:23.079+0000] {dag.py:3722} INFO - Setting next_dagrun for pipeline_ingestion_suivi to 2026-07-10T16:00:00+00:00, run_after=2026-07-10T17:00:00+00:00
[2026-07-10T16:26:23.166+0000] {processor.py:179} INFO - Processing /opt/airflow/dags/dag_suivi.py took 0.467 seconds
[2026-07-10T16:26:53.764+0000] {processor.py:157} INFO - Started process (PID=10745) to work on /opt/airflow/dags/dag_suivi.py
[2026-07-10T16:26:53.765+0000] {processor.py:829} INFO - Processing file /opt/airflow/dags/dag_suivi.py for tasks to queue
[2026-07-10T16:26:53.765+0000] {logging_mixin.py:151} INFO - [2026-07-10T16:26:53.765+0000] {dagbag.py:536} INFO - Filling up the DagBag from /opt/airflow/dags/dag_suivi.py
[2026-07-10T16:26:53.785+0000] {processor.py:839} INFO - DAG(s) dict_keys(['pipeline_ingestion_suivi']) retrieved from /opt/airflow/dags/dag_suivi.py
[2026-07-10T16:26:53.818+0000] {logging_mixin.py:151} INFO - [2026-07-10T16:26:53.817+0000] {dag.py:2941} INFO - Sync 1 DAGs
[2026-07-10T16:26:53.844+0000] {logging_mixin.py:151} INFO - [2026-07-10T16:26:53.844+0000] {dag.py:3722} INFO - Setting next_dagrun for pipeline_ingestion_suivi to 2026-07-10T16:00:00+00:00, run_after=2026-07-10T17:00:00+00:00
[2026-07-10T16:26:53.882+0000] {processor.py:179} INFO - Processing /opt/airflow/dags/dag_suivi.py took 0.122 seconds
[2026-07-10T16:27:23.995+0000] {processor.py:157} INFO - Started process (PID=10750) to work on /opt/airflow/dags/dag_suivi.py
[2026-07-10T16:27:23.995+0000] {processor.py:829} INFO - Processing file /opt/airflow/dags/dag_suivi.py for tasks to queue
[2026-07-10T16:27:23.996+0000] {logging_mixin.py:151} INFO - [2026-07-10T16:27:23.996+0000] {dagbag.py:536} INFO - Filling up the DagBag from /opt/airflow/dags/dag_suivi.py
[2026-07-10T16:27:24.013+0000] {processor.py:839} INFO - DAG(s) dict_keys(['pipeline_ingestion_suivi']) retrieved from /opt/airflow/dags/dag_suivi.py
[2026-07-10T16:27:24.037+0000] {logging_mixin.py:151} INFO - [2026-07-10T16:27:24.036+0000] {dag.py:2941} INFO - Sync 1 DAGs
[2026-07-10T16:27:24.054+0000] {logging_mixin.py:151} INFO - [2026-07-10T16:27:24.054+0000] {dag.py:3722} INFO - Setting next_dagrun for pipeline_ingestion_suivi to 2026-07-10T16:00:00+00:00, run_after=2026-07-10T17:00:00+00:00
[2026-07-10T16:27:24.072+0000] {processor.py:179} INFO - Processing /opt/airflow/dags/dag_suivi.py took 0.080 seconds
[2026-07-10T16:27:54.219+0000] {processor.py:157} INFO - Started process (PID=10755) to work on /opt/airflow/dags/dag_suivi.py
[2026-07-10T16:27:54.219+0000] {processor.py:829} INFO - Processing file /opt/airflow/dags/dag_suivi.py for tasks to queue
[2026-07-10T16:27:54.220+0000] {logging_mixin.py:151} INFO - [2026-07-10T16:27:54.220+0000] {dagbag.py:536} INFO - Filling up the DagBag from /opt/airflow/dags/dag_suivi.py
[2026-07-10T16:27:54.237+0000] {processor.py:839} INFO - DAG(s) dict_keys(['pipeline_ingestion_suivi']) retrieved from /opt/airflow/dags/dag_suivi.py
[2026-07-10T16:27:54.260+0000] {logging_mixin.py:151} INFO - [2026-07-10T16:27:54.260+0000] {dag.py:2941} INFO - Sync 1 DAGs
[2026-07-10T16:27:54.277+0000] {logging_mixin.py:151} INFO - [2026-07-10T16:27:54.277+0000] {dag.py:3722} INFO - Setting next_dagrun for pipeline_ingestion_suivi to 2026-07-10T16:00:00+00:00, run_after=2026-07-10T17:00:00+00:00
[2026-07-10T16:27:54.294+0000] {processor.py:179} INFO - Processing /opt/airflow/dags/dag_suivi.py took 0.078 seconds
[2026-07-10T16:28:24.487+0000] {processor.py:157} INFO - Started process (PID=10760) to work on /opt/airflow/dags/dag_suivi.py
[2026-07-10T16:28:24.487+0000] {processor.py:829} INFO - Processing file /opt/airflow/dags/dag_suivi.py for tasks to queue
[2026-07-10T16:28:24.488+0000] {logging_mixin.py:151} INFO - [2026-07-10T16:28:24.488+0000] {dagbag.py:536} INFO - Filling up the DagBag from /opt/airflow/dags/dag_suivi.py
[2026-07-10T16:28:24.504+0000] {processor.py:839} INFO - DAG(s) dict_keys(['pipeline_ingestion_suivi']) retrieved from /opt/airflow/dags/dag_suivi.py
[2026-07-10T16:28:24.526+0000] {logging_mixin.py:151} INFO - [2026-07-10T16:28:24.526+0000] {dag.py:2941} INFO - Sync 1 DAGs
[2026-07-10T16:28:24.543+0000] {logging_mixin.py:151} INFO - [2026-07-10T16:28:24.543+0000] {dag.py:3722} INFO - Setting next_dagrun for pipeline_ingestion_suivi to 2026-07-10T16:00:00+00:00, run_after=2026-07-10T17:00:00+00:00
[2026-07-10T16:28:24.560+0000] {processor.py:179} INFO - Processing /opt/airflow/dags/dag_suivi.py took 0.077 seconds
[2026-07-10T16:28:54.799+0000] {processor.py:157} INFO - Started process (PID=10765) to work on /opt/airflow/dags/dag_suivi.py
[2026-07-10T16:28:54.800+0000] {processor.py:829} INFO - Processing file /opt/airflow/dags/dag_suivi.py for tasks to queue
[2026-07-10T16:28:54.800+0000] {logging_mixin.py:151} INFO - [2026-07-10T16:28:54.800+0000] {dagbag.py:536} INFO - Filling up the DagBag from /opt/airflow/dags/dag_suivi.py
[2026-07-10T16:28:54.822+0000] {processor.py:839} INFO - DAG(s) dict_keys(['pipeline_ingestion_suivi']) retrieved from /opt/airflow/dags/dag_suivi.py
[2026-07-10T16:28:54.845+0000] {logging_mixin.py:151} INFO - [2026-07-10T16:28:54.845+0000] {dag.py:2941} INFO - Sync 1 DAGs
[2026-07-10T16:28:54.864+0000] {logging_mixin.py:151} INFO - [2026-07-10T16:28:54.863+0000] {dag.py:3722} INFO - Setting next_dagrun for pipeline_ingestion_suivi to 2026-07-10T16:00:00+00:00, run_after=2026-07-10T17:00:00+00:00
[2026-07-10T16:28:54.883+0000] {processor.py:179} INFO - Processing /opt/airflow/dags/dag_suivi.py took 0.087 seconds
[2026-07-10T16:29:25.075+0000] {processor.py:157} INFO - Started process (PID=10770) to work on /opt/airflow/dags/dag_suivi.py
[2026-07-10T16:29:25.076+0000] {processor.py:829} INFO - Processing file /opt/airflow/dags/dag_suivi.py for tasks to queue
[2026-07-10T16:29:25.077+0000] {logging_mixin.py:151} INFO - [2026-07-10T16:29:25.076+0000] {dagbag.py:536} INFO - Filling up the DagBag from /opt/airflow/dags/dag_suivi.py
[2026-07-10T16:29:25.095+0000] {processor.py:839} INFO - DAG(s) dict_keys(['pipeline_ingestion_suivi']) retrieved from /opt/airflow/dags/dag_suivi.py
[2026-07-10T16:29:25.119+0000] {logging_mixin.py:151} INFO - [2026-07-10T16:29:25.118+0000] {dag.py:2941} INFO - Sync 1 DAGs
[2026-07-10T16:29:25.135+0000] {logging_mixin.py:151} INFO - [2026-07-10T16:29:25.135+0000] {dag.py:3722} INFO - Setting next_dagrun for pipeline_ingestion_suivi to 2026-07-10T16:00:00+00:00, run_after=2026-07-10T17:00:00+00:00
[2026-07-10T16:29:25.161+0000] {processor.py:179} INFO - Processing /opt/airflow/dags/dag_suivi.py took 0.089 seconds
[2026-07-10T16:29:55.314+0000] {processor.py:157} INFO - Started process (PID=10775) to work on /opt/airflow/dags/dag_suivi.py
[2026-07-10T16:29:55.315+0000] {processor.py:829} INFO - Processing file /opt/airflow/dags/dag_suivi.py for tasks to queue
[2026-07-10T16:29:55.316+0000] {logging_mixin.py:151} INFO - [2026-07-10T16:29:55.316+0000] {dagbag.py:536} INFO - Filling up the DagBag from /opt/airflow/dags/dag_suivi.py
[2026-07-10T16:29:55.333+0000] {processor.py:839} INFO - DAG(s) dict_keys(['pipeline_ingestion_suivi']) retrieved from /opt/airflow/dags/dag_suivi.py
[2026-07-10T16:29:55.366+0000] {logging_mixin.py:151} INFO - [2026-07-10T16:29:55.366+0000] {dag.py:2941} INFO - Sync 1 DAGs
[2026-07-10T16:29:55.384+0000] {logging_mixin.py:151} INFO - [2026-07-10T16:29:55.383+0000] {dag.py:3722} INFO - Setting next_dagrun for pipeline_ingestion_suivi to 2026-07-10T16:00:00+00:00, run_after=2026-07-10T17:00:00+00:00
[2026-07-10T16:29:55.402+0000] {processor.py:179} INFO - Processing /opt/airflow/dags/dag_suivi.py took 0.090 seconds
[2026-07-10T16:30:25.560+0000] {processor.py:157} INFO - Started process (PID=10780) to work on /opt/airflow/dags/dag_suivi.py
[2026-07-10T16:30:25.561+0000] {processor.py:829} INFO - Processing file /opt/airflow/dags/dag_suivi.py for tasks to queue
[2026-07-10T16:30:25.562+0000] {logging_mixin.py:151} INFO - [2026-07-10T16:30:25.562+0000] {dagbag.py:536} INFO - Filling up the DagBag from /opt/airflow/dags/dag_suivi.py
[2026-07-10T16:30:25.580+0000] {processor.py:839} INFO - DAG(s) dict_keys(['pipeline_ingestion_suivi']) retrieved from /opt/airflow/dags/dag_suivi.py
[2026-07-10T16:30:25.602+0000] {logging_mixin.py:151} INFO - [2026-07-10T16:30:25.602+0000] {dag.py:2941} INFO - Sync 1 DAGs
[2026-07-10T16:30:25.619+0000] {logging_mixin.py:151} INFO - [2026-07-10T16:30:25.618+0000] {dag.py:3722} INFO - Setting next_dagrun for pipeline_ingestion_suivi to 2026-07-10T16:00:00+00:00, run_after=2026-07-10T17:00:00+00:00
[2026-07-10T16:30:25.637+0000] {processor.py:179} INFO - Processing /opt/airflow/dags/dag_suivi.py took 0.079 seconds
[2026-07-10T16:30:55.788+0000] {processor.py:157} INFO - Started process (PID=10785) to work on /opt/airflow/dags/dag_suivi.py
[2026-07-10T16:30:55.788+0000] {processor.py:829} INFO - Processing file /opt/airflow/dags/dag_suivi.py for tasks to queue
[2026-07-10T16:30:55.789+0000] {logging_mixin.py:151} INFO - [2026-07-10T16:30:55.789+0000] {dagbag.py:536} INFO - Filling up the DagBag from /opt/airflow/dags/dag_suivi.py
[2026-07-10T16:30:55.807+0000] {processor.py:839} INFO - DAG(s) dict_keys(['pipeline_ingestion_suivi']) retrieved from /opt/airflow/dags/dag_suivi.py
[2026-07-10T16:30:55.830+0000] {logging_mixin.py:151} INFO - [2026-07-10T16:30:55.830+0000] {dag.py:2941} INFO - Sync 1 DAGs
[2026-07-10T16:30:55.847+0000] {logging_mixin.py:151} INFO - [2026-07-10T16:30:55.847+0000] {dag.py:3722} INFO - Setting next_dagrun for pipeline_ingestion_suivi to 2026-07-10T16:00:00+00:00, run_after=2026-07-10T17:00:00+00:00
[2026-07-10T16:30:55.869+0000] {processor.py:179} INFO - Processing /opt/airflow/dags/dag_suivi.py took 0.084 seconds
[2026-07-10T16:31:26.075+0000] {processor.py:157} INFO - Started process (PID=10790) to work on /opt/airflow/dags/dag_suivi.py
[2026-07-10T16:31:26.075+0000] {processor.py:829} INFO - Processing file /opt/airflow/dags/dag_suivi.py for tasks to queue
[2026-07-10T16:31:26.076+0000] {logging_mixin.py:151} INFO - [2026-07-10T16:31:26.076+0000] {dagbag.py:536} INFO - Filling up the DagBag from /opt/airflow/dags/dag_suivi.py
[2026-07-10T16:31:26.094+0000] {processor.py:839} INFO - DAG(s) dict_keys(['pipeline_ingestion_suivi']) retrieved from /opt/airflow/dags/dag_suivi.py
[2026-07-10T16:31:26.116+0000] {logging_mixin.py:151} INFO - [2026-07-10T16:31:26.116+0000] {dag.py:2941} INFO - Sync 1 DAGs
[2026-07-10T16:31:26.131+0000] {logging_mixin.py:151} INFO - [2026-07-10T16:31:26.131+0000] {dag.py:3722} INFO - Setting next_dagrun for pipeline_ingestion_suivi to 2026-07-10T16:00:00+00:00, run_after=2026-07-10T17:00:00+00:00
[2026-07-10T16:31:26.149+0000] {processor.py:179} INFO - Processing /opt/airflow/dags/dag_suivi.py took 0.076 seconds
[2026-07-10T16:31:56.315+0000] {processor.py:157} INFO - Started process (PID=10795) to work on /opt/airflow/dags/dag_suivi.py
[2026-07-10T16:31:56.316+0000] {processor.py:829} INFO - Processing file /opt/airflow/dags/dag_suivi.py for tasks to queue
[2026-07-10T16:31:56.317+0000] {logging_mixin.py:151} INFO - [2026-07-10T16:31:56.317+0000] {dagbag.py:536} INFO - Filling up the DagBag from /opt/airflow/dags/dag_suivi.py
[2026-07-10T16:31:56.336+0000] {processor.py:839} INFO - DAG(s) dict_keys(['pipeline_ingestion_suivi']) retrieved from /opt/airflow/dags/dag_suivi.py
[2026-07-10T16:31:56.358+0000] {logging_mixin.py:151} INFO - [2026-07-10T16:31:56.358+0000] {dag.py:2941} INFO - Sync 1 DAGs
[2026-07-10T16:31:56.375+0000] {logging_mixin.py:151} INFO - [2026-07-10T16:31:56.375+0000] {dag.py:3722} INFO - Setting next_dagrun for pipeline_ingestion_suivi to 2026-07-10T16:00:00+00:00, run_after=2026-07-10T17:00:00+00:00
[2026-07-10T16:31:56.391+0000] {processor.py:179} INFO - Processing /opt/airflow/dags/dag_suivi.py took 0.079 seconds
[2026-07-10T16:32:26.553+0000] {processor.py:157} INFO - Started process (PID=10800) to work on /opt/airflow/dags/dag_suivi.py
[2026-07-10T16:32:26.554+0000] {processor.py:829} INFO - Processing file /opt/airflow/dags/dag_suivi.py for tasks to queue
[2026-07-10T16:32:26.555+0000] {logging_mixin.py:151} INFO - [2026-07-10T16:32:26.554+0000] {dagbag.py:536} INFO - Filling up the DagBag from /opt/airflow/dags/dag_suivi.py
[2026-07-10T16:32:26.574+0000] {processor.py:839} INFO - DAG(s) dict_keys(['pipeline_ingestion_suivi']) retrieved from /opt/airflow/dags/dag_suivi.py
[2026-07-10T16:32:26.596+0000] {logging_mixin.py:151} INFO - [2026-07-10T16:32:26.596+0000] {dag.py:2941} INFO - Sync 1 DAGs
[2026-07-10T16:32:26.620+0000] {logging_mixin.py:151} INFO - [2026-07-10T16:32:26.619+0000] {dag.py:3722} INFO - Setting next_dagrun for pipeline_ingestion_suivi to 2026-07-10T16:00:00+00:00, run_after=2026-07-10T17:00:00+00:00
[2026-07-10T16:32:26.640+0000] {processor.py:179} INFO - Processing /opt/airflow/dags/dag_suivi.py took 0.090 seconds
[2026-07-10T16:32:56.805+0000] {processor.py:157} INFO - Started process (PID=10805) to work on /opt/airflow/dags/dag_suivi.py
[2026-07-10T16:32:56.805+0000] {processor.py:829} INFO - Processing file /opt/airflow/dags/dag_suivi.py for tasks to queue
[2026-07-10T16:32:56.806+0000] {logging_mixin.py:151} INFO - [2026-07-10T16:32:56.806+0000] {dagbag.py:536} INFO - Filling up the DagBag from /opt/airflow/dags/dag_suivi.py
[2026-07-10T16:32:56.824+0000] {processor.py:839} INFO - DAG(s) dict_keys(['pipeline_ingestion_suivi']) retrieved from /opt/airflow/dags/dag_suivi.py
[2026-07-10T16:32:56.848+0000] {logging_mixin.py:151} INFO - [2026-07-10T16:32:56.847+0000] {dag.py:2941} INFO - Sync 1 DAGs
[2026-07-10T16:32:56.872+0000] {logging_mixin.py:151} INFO - [2026-07-10T16:32:56.871+0000] {dag.py:3722} INFO - Setting next_dagrun for pipeline_ingestion_suivi to 2026-07-10T16:00:00+00:00, run_after=2026-07-10T17:00:00+00:00
[2026-07-10T16:32:56.893+0000] {processor.py:179} INFO - Processing /opt/airflow/dags/dag_suivi.py took 0.091 seconds
[2026-07-10T16:33:27.063+0000] {processor.py:157} INFO - Started process (PID=10810) to work on /opt/airflow/dags/dag_suivi.py
[2026-07-10T16:33:27.063+0000] {processor.py:829} INFO - Processing file /opt/airflow/dags/dag_suivi.py for tasks to queue
[2026-07-10T16:33:27.064+0000] {logging_mixin.py:151} INFO - [2026-07-10T16:33:27.064+0000] {dagbag.py:536} INFO - Filling up the DagBag from /opt/airflow/dags/dag_suivi.py
[2026-07-10T16:33:27.082+0000] {processor.py:839} INFO - DAG(s) dict_keys(['pipeline_ingestion_suivi']) retrieved from /opt/airflow/dags/dag_suivi.py
[2026-07-10T16:33:27.104+0000] {logging_mixin.py:151} INFO - [2026-07-10T16:33:27.104+0000] {dag.py:2941} INFO - Sync 1 DAGs
[2026-07-10T16:33:27.125+0000] {logging_mixin.py:151} INFO - [2026-07-10T16:33:27.125+0000] {dag.py:3722} INFO - Setting next_dagrun for pipeline_ingestion_suivi to 2026-07-10T16:00:00+00:00, run_after=2026-07-10T17:00:00+00:00
[2026-07-10T16:33:27.142+0000] {processor.py:179} INFO - Processing /opt/airflow/dags/dag_suivi.py took 0.082 seconds
[2026-07-10T16:33:57.347+0000] {processor.py:157} INFO - Started process (PID=10815) to work on /opt/airflow/dags/dag_suivi.py
[2026-07-10T16:33:57.348+0000] {processor.py:829} INFO - Processing file /opt/airflow/dags/dag_suivi.py for tasks to queue
[2026-07-10T16:33:57.348+0000] {logging_mixin.py:151} INFO - [2026-07-10T16:33:57.348+0000] {dagbag.py:536} INFO - Filling up the DagBag from /opt/airflow/dags/dag_suivi.py
[2026-07-10T16:33:57.366+0000] {processor.py:839} INFO - DAG(s) dict_keys(['pipeline_ingestion_suivi']) retrieved from /opt/airflow/dags/dag_suivi.py
[2026-07-10T16:33:57.389+0000] {logging_mixin.py:151} INFO - [2026-07-10T16:33:57.389+0000] {dag.py:2941} INFO - Sync 1 DAGs
[2026-07-10T16:33:57.408+0000] {logging_mixin.py:151} INFO - [2026-07-10T16:33:57.408+0000] {dag.py:3722} INFO - Setting next_dagrun for pipeline_ingestion_suivi to 2026-07-10T16:00:00+00:00, run_after=2026-07-10T17:00:00+00:00
[2026-07-10T16:33:57.434+0000] {processor.py:179} INFO - Processing /opt/airflow/dags/dag_suivi.py took 0.090 seconds
[2026-07-10T16:34:27.591+0000] {processor.py:157} INFO - Started process (PID=10820) to work on /opt/airflow/dags/dag_suivi.py
[2026-07-10T16:34:27.591+0000] {processor.py:829} INFO - Processing file /opt/airflow/dags/dag_suivi.py for tasks to queue
[2026-07-10T16:34:27.592+0000] {logging_mixin.py:151} INFO - [2026-07-10T16:34:27.592+0000] {dagbag.py:536} INFO - Filling up the DagBag from /opt/airflow/dags/dag_suivi.py
[2026-07-10T16:34:27.610+0000] {processor.py:839} INFO - DAG(s) dict_keys(['pipeline_ingestion_suivi']) retrieved from /opt/airflow/dags/dag_suivi.py
[2026-07-10T16:34:27.631+0000] {logging_mixin.py:151} INFO - [2026-07-10T16:34:27.631+0000] {dag.py:2941} INFO - Sync 1 DAGs
[2026-07-10T16:34:27.648+0000] {logging_mixin.py:151} INFO - [2026-07-10T16:34:27.648+0000] {dag.py:3722} INFO - Setting next_dagrun for pipeline_ingestion_suivi to 2026-07-10T16:00:00+00:00, run_after=2026-07-10T17:00:00+00:00
[2026-07-10T16:34:27.667+0000] {processor.py:179} INFO - Processing /opt/airflow/dags/dag_suivi.py took 0.081 seconds
[2026-07-10T16:34:57.905+0000] {processor.py:157} INFO - Started process (PID=10825) to work on /opt/airflow/dags/dag_suivi.py
[2026-07-10T16:34:57.906+0000] {processor.py:829} INFO - Processing file /opt/airflow/dags/dag_suivi.py for tasks to queue
[2026-07-10T16:34:57.907+0000] {logging_mixin.py:151} INFO - [2026-07-10T16:34:57.907+0000] {dagbag.py:536} INFO - Filling up the DagBag from /opt/airflow/dags/dag_suivi.py
[2026-07-10T16:34:57.927+0000] {processor.py:839} INFO - DAG(s) dict_keys(['pipeline_ingestion_suivi']) retrieved from /opt/airflow/dags/dag_suivi.py
[2026-07-10T16:34:57.954+0000] {logging_mixin.py:151} INFO - [2026-07-10T16:34:57.954+0000] {dag.py:2941} INFO - Sync 1 DAGs
[2026-07-10T16:34:57.977+0000] {logging_mixin.py:151} INFO - [2026-07-10T16:34:57.977+0000] {dag.py:3722} INFO - Setting next_dagrun for pipeline_ingestion_suivi to 2026-07-10T16:00:00+00:00, run_after=2026-07-10T17:00:00+00:00
[2026-07-10T16:34:58.005+0000] {processor.py:179} INFO - Processing /opt/airflow/dags/dag_suivi.py took 0.102 seconds
[2026-07-10T16:35:28.135+0000] {processor.py:157} INFO - Started process (PID=10830) to work on /opt/airflow/dags/dag_suivi.py
[2026-07-10T16:35:28.136+0000] {processor.py:829} INFO - Processing file /opt/airflow/dags/dag_suivi.py for tasks to queue
[2026-07-10T16:35:28.137+0000] {logging_mixin.py:151} INFO - [2026-07-10T16:35:28.137+0000] {dagbag.py:536} INFO - Filling up the DagBag from /opt/airflow/dags/dag_suivi.py
[2026-07-10T16:35:28.154+0000] {processor.py:839} INFO - DAG(s) dict_keys(['pipeline_ingestion_suivi']) retrieved from /opt/airflow/dags/dag_suivi.py
[2026-07-10T16:35:28.177+0000] {logging_mixin.py:151} INFO - [2026-07-10T16:35:28.177+0000] {dag.py:2941} INFO - Sync 1 DAGs
[2026-07-10T16:35:28.194+0000] {logging_mixin.py:151} INFO - [2026-07-10T16:35:28.194+0000] {dag.py:3722} INFO - Setting next_dagrun for pipeline_ingestion_suivi to 2026-07-10T16:00:00+00:00, run_after=2026-07-10T17:00:00+00:00
[2026-07-10T16:35:28.214+0000] {processor.py:179} INFO - Processing /opt/airflow/dags/dag_suivi.py took 0.081 seconds
[2026-07-10T16:35:58.435+0000] {processor.py:157} INFO - Started process (PID=10835) to work on /opt/airflow/dags/dag_suivi.py
[2026-07-10T16:35:58.435+0000] {processor.py:829} INFO - Processing file /opt/airflow/dags/dag_suivi.py for tasks to queue
[2026-07-10T16:35:58.436+0000] {logging_mixin.py:151} INFO - [2026-07-10T16:35:58.436+0000] {dagbag.py:536} INFO - Filling up the DagBag from /opt/airflow/dags/dag_suivi.py
[2026-07-10T16:35:58.452+0000] {processor.py:839} INFO - DAG(s) dict_keys(['pipeline_ingestion_suivi']) retrieved from /opt/airflow/dags/dag_suivi.py
[2026-07-10T16:35:58.473+0000] {logging_mixin.py:151} INFO - [2026-07-10T16:35:58.473+0000] {dag.py:2941} INFO - Sync 1 DAGs
[2026-07-10T16:35:58.490+0000] {logging_mixin.py:151} INFO - [2026-07-10T16:35:58.490+0000] {dag.py:3722} INFO - Setting next_dagrun for pipeline_ingestion_suivi to 2026-07-10T16:00:00+00:00, run_after=2026-07-10T17:00:00+00:00
[2026-07-10T16:35:58.508+0000] {processor.py:179} INFO - Processing /opt/airflow/dags/dag_suivi.py took 0.076 seconds
[2026-07-10T16:36:28.647+0000] {processor.py:157} INFO - Started process (PID=10840) to work on /opt/airflow/dags/dag_suivi.py
[2026-07-10T16:36:28.648+0000] {processor.py:829} INFO - Processing file /opt/airflow/dags/dag_suivi.py for tasks to queue
[2026-07-10T16:36:28.649+0000] {logging_mixin.py:151} INFO - [2026-07-10T16:36:28.649+0000] {dagbag.py:536} INFO - Filling up the DagBag from /opt/airflow/dags/dag_suivi.py
[2026-07-10T16:36:28.668+0000] {processor.py:839} INFO - DAG(s) dict_keys(['pipeline_ingestion_suivi']) retrieved from /opt/airflow/dags/dag_suivi.py
[2026-07-10T16:36:28.692+0000] {logging_mixin.py:151} INFO - [2026-07-10T16:36:28.692+0000] {dag.py:2941} INFO - Sync 1 DAGs
[2026-07-10T16:36:28.710+0000] {logging_mixin.py:151} INFO - [2026-07-10T16:36:28.710+0000] {dag.py:3722} INFO - Setting next_dagrun for pipeline_ingestion_suivi to 2026-07-10T16:00:00+00:00, run_after=2026-07-10T17:00:00+00:00
[2026-07-10T16:36:28.731+0000] {processor.py:179} INFO - Processing /opt/airflow/dags/dag_suivi.py took 0.087 seconds
[2026-07-10T16:36:58.926+0000] {processor.py:157} INFO - Started process (PID=10845) to work on /opt/airflow/dags/dag_suivi.py
[2026-07-10T16:36:58.926+0000] {processor.py:829} INFO - Processing file /opt/airflow/dags/dag_suivi.py for tasks to queue
[2026-07-10T16:36:58.927+0000] {logging_mixin.py:151} INFO - [2026-07-10T16:36:58.927+0000] {dagbag.py:536} INFO - Filling up the DagBag from /opt/airflow/dags/dag_suivi.py
[2026-07-10T16:36:58.945+0000] {processor.py:839} INFO - DAG(s) dict_keys(['pipeline_ingestion_suivi']) retrieved from /opt/airflow/dags/dag_suivi.py
[2026-07-10T16:36:58.967+0000] {logging_mixin.py:151} INFO - [2026-07-10T16:36:58.967+0000] {dag.py:2941} INFO - Sync 1 DAGs
[2026-07-10T16:36:58.983+0000] {logging_mixin.py:151} INFO - [2026-07-10T16:36:58.983+0000] {dag.py:3722} INFO - Setting next_dagrun for pipeline_ingestion_suivi to 2026-07-10T16:00:00+00:00, run_after=2026-07-10T17:00:00+00:00
[2026-07-10T16:36:59.000+0000] {processor.py:179} INFO - Processing /opt/airflow/dags/dag_suivi.py took 0.077 seconds
[2026-07-10T16:37:29.150+0000] {processor.py:157} INFO - Started process (PID=10850) to work on /opt/airflow/dags/dag_suivi.py
[2026-07-10T16:37:29.150+0000] {processor.py:829} INFO - Processing file /opt/airflow/dags/dag_suivi.py for tasks to queue
[2026-07-10T16:37:29.152+0000] {logging_mixin.py:151} INFO - [2026-07-10T16:37:29.151+0000] {dagbag.py:536} INFO - Filling up the DagBag from /opt/airflow/dags/dag_suivi.py
[2026-07-10T16:37:29.173+0000] {processor.py:839} INFO - DAG(s) dict_keys(['pipeline_ingestion_suivi']) retrieved from /opt/airflow/dags/dag_suivi.py
[2026-07-10T16:37:29.209+0000] {logging_mixin.py:151} INFO - [2026-07-10T16:37:29.208+0000] {dag.py:2941} INFO - Sync 1 DAGs
[2026-07-10T16:37:29.248+0000] {logging_mixin.py:151} INFO - [2026-07-10T16:37:29.247+0000] {dag.py:3722} INFO - Setting next_dagrun for pipeline_ingestion_suivi to 2026-07-10T16:00:00+00:00, run_after=2026-07-10T17:00:00+00:00
[2026-07-10T16:37:29.279+0000] {processor.py:179} INFO - Processing /opt/airflow/dags/dag_suivi.py took 0.133 seconds
[2026-07-10T16:37:59.397+0000] {processor.py:157} INFO - Started process (PID=10855) to work on /opt/airflow/dags/dag_suivi.py
[2026-07-10T16:37:59.397+0000] {processor.py:829} INFO - Processing file /opt/airflow/dags/dag_suivi.py for tasks to queue
[2026-07-10T16:37:59.398+0000] {logging_mixin.py:151} INFO - [2026-07-10T16:37:59.398+0000] {dagbag.py:536} INFO - Filling up the DagBag from /opt/airflow/dags/dag_suivi.py
[2026-07-10T16:37:59.415+0000] {processor.py:839} INFO - DAG(s) dict_keys(['pipeline_ingestion_suivi']) retrieved from /opt/airflow/dags/dag_suivi.py
[2026-07-10T16:37:59.437+0000] {logging_mixin.py:151} INFO - [2026-07-10T16:37:59.437+0000] {dag.py:2941} INFO - Sync 1 DAGs
[2026-07-10T16:37:59.453+0000] {logging_mixin.py:151} INFO - [2026-07-10T16:37:59.453+0000] {dag.py:3722} INFO - Setting next_dagrun for pipeline_ingestion_suivi to 2026-07-10T16:00:00+00:00, run_after=2026-07-10T17:00:00+00:00
[2026-07-10T16:37:59.474+0000] {processor.py:179} INFO - Processing /opt/airflow/dags/dag_suivi.py took 0.080 seconds
[2026-07-10T16:38:29.678+0000] {processor.py:157} INFO - Started process (PID=10860) to work on /opt/airflow/dags/dag_suivi.py
[2026-07-10T16:38:29.679+0000] {processor.py:829} INFO - Processing file /opt/airflow/dags/dag_suivi.py for tasks to queue
[2026-07-10T16:38:29.680+0000] {logging_mixin.py:151} INFO - [2026-07-10T16:38:29.679+0000] {dagbag.py:536} INFO - Filling up the DagBag from /opt/airflow/dags/dag_suivi.py
[2026-07-10T16:38:29.701+0000] {processor.py:839} INFO - DAG(s) dict_keys(['pipeline_ingestion_suivi']) retrieved from /opt/airflow/dags/dag_suivi.py
[2026-07-10T16:38:29.728+0000] {logging_mixin.py:151} INFO - [2026-07-10T16:38:29.728+0000] {dag.py:2941} INFO - Sync 1 DAGs
[2026-07-10T16:38:29.745+0000] {logging_mixin.py:151} INFO - [2026-07-10T16:38:29.745+0000] {dag.py:3722} INFO - Setting next_dagrun for pipeline_ingestion_suivi to 2026-07-10T16:00:00+00:00, run_after=2026-07-10T17:00:00+00:00
[2026-07-10T16:38:29.762+0000] {processor.py:179} INFO - Processing /opt/airflow/dags/dag_suivi.py took 0.087 seconds
[2026-07-10T16:38:59.912+0000] {processor.py:157} INFO - Started process (PID=10865) to work on /opt/airflow/dags/dag_suivi.py
[2026-07-10T16:38:59.913+0000] {processor.py:829} INFO - Processing file /opt/airflow/dags/dag_suivi.py for tasks to queue
[2026-07-10T16:38:59.915+0000] {logging_mixin.py:151} INFO - [2026-07-10T16:38:59.915+0000] {dagbag.py:536} INFO - Filling up the DagBag from /opt/airflow/dags/dag_suivi.py
[2026-07-10T16:38:59.942+0000] {processor.py:839} INFO - DAG(s) dict_keys(['pipeline_ingestion_suivi']) retrieved from /opt/airflow/dags/dag_suivi.py
[2026-07-10T16:38:59.968+0000] {logging_mixin.py:151} INFO - [2026-07-10T16:38:59.968+0000] {dag.py:2941} INFO - Sync 1 DAGs
[2026-07-10T16:38:59.987+0000] {logging_mixin.py:151} INFO - [2026-07-10T16:38:59.987+0000] {dag.py:3722} INFO - Setting next_dagrun for pipeline_ingestion_suivi to 2026-07-10T16:00:00+00:00, run_after=2026-07-10T17:00:00+00:00
[2026-07-10T16:39:00.021+0000] {processor.py:179} INFO - Processing /opt/airflow/dags/dag_suivi.py took 0.114 seconds
[2026-07-10T16:39:30.191+0000] {processor.py:157} INFO - Started process (PID=10870) to work on /opt/airflow/dags/dag_suivi.py
[2026-07-10T16:39:30.192+0000] {processor.py:829} INFO - Processing file /opt/airflow/dags/dag_suivi.py for tasks to queue
[2026-07-10T16:39:30.193+0000] {logging_mixin.py:151} INFO - [2026-07-10T16:39:30.192+0000] {dagbag.py:536} INFO - Filling up the DagBag from /opt/airflow/dags/dag_suivi.py
[2026-07-10T16:39:30.211+0000] {processor.py:839} INFO - DAG(s) dict_keys(['pipeline_ingestion_suivi']) retrieved from /opt/airflow/dags/dag_suivi.py
[2026-07-10T16:39:30.232+0000] {logging_mixin.py:151} INFO - [2026-07-10T16:39:30.232+0000] {dag.py:2941} INFO - Sync 1 DAGs
[2026-07-10T16:39:30.249+0000] {logging_mixin.py:151} INFO - [2026-07-10T16:39:30.248+0000] {dag.py:3722} INFO - Setting next_dagrun for pipeline_ingestion_suivi to 2026-07-10T16:00:00+00:00, run_after=2026-07-10T17:00:00+00:00
[2026-07-10T16:39:30.276+0000] {processor.py:179} INFO - Processing /opt/airflow/dags/dag_suivi.py took 0.088 seconds
[2026-07-10T16:40:00.467+0000] {processor.py:157} INFO - Started process (PID=10875) to work on /opt/airflow/dags/dag_suivi.py
[2026-07-10T16:40:00.468+0000] {processor.py:829} INFO - Processing file /opt/airflow/dags/dag_suivi.py for tasks to queue
[2026-07-10T16:40:00.469+0000] {logging_mixin.py:151} INFO - [2026-07-10T16:40:00.469+0000] {dagbag.py:536} INFO - Filling up the DagBag from /opt/airflow/dags/dag_suivi.py
[2026-07-10T16:40:00.489+0000] {processor.py:839} INFO - DAG(s) dict_keys(['pipeline_ingestion_suivi']) retrieved from /opt/airflow/dags/dag_suivi.py
[2026-07-10T16:40:00.513+0000] {logging_mixin.py:151} INFO - [2026-07-10T16:40:00.512+0000] {dag.py:2941} INFO - Sync 1 DAGs
[2026-07-10T16:40:00.530+0000] {logging_mixin.py:151} INFO - [2026-07-10T16:40:00.530+0000] {dag.py:3722} INFO - Setting next_dagrun for pipeline_ingestion_suivi to 2026-07-10T16:00:00+00:00, run_after=2026-07-10T17:00:00+00:00
[2026-07-10T16:40:00.548+0000] {processor.py:179} INFO - Processing /opt/airflow/dags/dag_suivi.py took 0.083 seconds
[2026-07-10T16:40:30.715+0000] {processor.py:157} INFO - Started process (PID=10880) to work on /opt/airflow/dags/dag_suivi.py
[2026-07-10T16:40:30.716+0000] {processor.py:829} INFO - Processing file /opt/airflow/dags/dag_suivi.py for tasks to queue
[2026-07-10T16:40:30.717+0000] {logging_mixin.py:151} INFO - [2026-07-10T16:40:30.717+0000] {dagbag.py:536} INFO - Filling up the DagBag from /opt/airflow/dags/dag_suivi.py
[2026-07-10T16:40:30.737+0000] {processor.py:839} INFO - DAG(s) dict_keys(['pipeline_ingestion_suivi']) retrieved from /opt/airflow/dags/dag_suivi.py
[2026-07-10T16:40:30.766+0000] {logging_mixin.py:151} INFO - [2026-07-10T16:40:30.766+0000] {dag.py:2941} INFO - Sync 1 DAGs
[2026-07-10T16:40:30.785+0000] {logging_mixin.py:151} INFO - [2026-07-10T16:40:30.785+0000] {dag.py:3722} INFO - Setting next_dagrun for pipeline_ingestion_suivi to 2026-07-10T16:00:00+00:00, run_after=2026-07-10T17:00:00+00:00
[2026-07-10T16:40:30.805+0000] {processor.py:179} INFO - Processing /opt/airflow/dags/dag_suivi.py took 0.093 seconds
[2026-07-10T16:41:01.010+0000] {processor.py:157} INFO - Started process (PID=10885) to work on /opt/airflow/dags/dag_suivi.py
[2026-07-10T16:41:01.010+0000] {processor.py:829} INFO - Processing file /opt/airflow/dags/dag_suivi.py for tasks to queue
[2026-07-10T16:41:01.011+0000] {logging_mixin.py:151} INFO - [2026-07-10T16:41:01.011+0000] {dagbag.py:536} INFO - Filling up the DagBag from /opt/airflow/dags/dag_suivi.py
[2026-07-10T16:41:01.030+0000] {processor.py:839} INFO - DAG(s) dict_keys(['pipeline_ingestion_suivi']) retrieved from /opt/airflow/dags/dag_suivi.py
[2026-07-10T16:41:01.050+0000] {logging_mixin.py:151} INFO - [2026-07-10T16:41:01.050+0000] {dag.py:2941} INFO - Sync 1 DAGs
[2026-07-10T16:41:01.066+0000] {logging_mixin.py:151} INFO - [2026-07-10T16:41:01.065+0000] {dag.py:3722} INFO - Setting next_dagrun for pipeline_ingestion_suivi to 2026-07-10T16:00:00+00:00, run_after=2026-07-10T17:00:00+00:00
[2026-07-10T16:41:01.091+0000] {processor.py:179} INFO - Processing /opt/airflow/dags/dag_suivi.py took 0.084 seconds
[2026-07-10T16:41:31.249+0000] {processor.py:157} INFO - Started process (PID=10890) to work on /opt/airflow/dags/dag_suivi.py
[2026-07-10T16:41:31.249+0000] {processor.py:829} INFO - Processing file /opt/airflow/dags/dag_suivi.py for tasks to queue
[2026-07-10T16:41:31.250+0000] {logging_mixin.py:151} INFO - [2026-07-10T16:41:31.250+0000] {dagbag.py:536} INFO - Filling up the DagBag from /opt/airflow/dags/dag_suivi.py
[2026-07-10T16:41:31.272+0000] {processor.py:839} INFO - DAG(s) dict_keys(['pipeline_ingestion_suivi']) retrieved from /opt/airflow/dags/dag_suivi.py
[2026-07-10T16:41:31.294+0000] {logging_mixin.py:151} INFO - [2026-07-10T16:41:31.294+0000] {dag.py:2941} INFO - Sync 1 DAGs
[2026-07-10T16:41:31.313+0000] {logging_mixin.py:151} INFO - [2026-07-10T16:41:31.312+0000] {dag.py:3722} INFO - Setting next_dagrun for pipeline_ingestion_suivi to 2026-07-10T16:00:00+00:00, run_after=2026-07-10T17:00:00+00:00
[2026-07-10T16:41:31.328+0000] {processor.py:179} INFO - Processing /opt/airflow/dags/dag_suivi.py took 0.082 seconds
[2026-07-10T16:42:01.523+0000] {processor.py:157} INFO - Started process (PID=10895) to work on /opt/airflow/dags/dag_suivi.py
[2026-07-10T16:42:01.523+0000] {processor.py:829} INFO - Processing file /opt/airflow/dags/dag_suivi.py for tasks to queue
[2026-07-10T16:42:01.524+0000] {logging_mixin.py:151} INFO - [2026-07-10T16:42:01.524+0000] {dagbag.py:536} INFO - Filling up the DagBag from /opt/airflow/dags/dag_suivi.py
[2026-07-10T16:42:01.549+0000] {processor.py:839} INFO - DAG(s) dict_keys(['pipeline_ingestion_suivi']) retrieved from /opt/airflow/dags/dag_suivi.py
[2026-07-10T16:42:01.583+0000] {logging_mixin.py:151} INFO - [2026-07-10T16:42:01.583+0000] {dag.py:2941} INFO - Sync 1 DAGs
[2026-07-10T16:42:01.610+0000] {logging_mixin.py:151} INFO - [2026-07-10T16:42:01.610+0000] {dag.py:3722} INFO - Setting next_dagrun for pipeline_ingestion_suivi to 2026-07-10T16:00:00+00:00, run_after=2026-07-10T17:00:00+00:00
[2026-07-10T16:42:01.635+0000] {processor.py:179} INFO - Processing /opt/airflow/dags/dag_suivi.py took 0.115 seconds
[2026-07-10T16:42:31.797+0000] {processor.py:157} INFO - Started process (PID=10900) to work on /opt/airflow/dags/dag_suivi.py
[2026-07-10T16:42:31.798+0000] {processor.py:829} INFO - Processing file /opt/airflow/dags/dag_suivi.py for tasks to queue
[2026-07-10T16:42:31.799+0000] {logging_mixin.py:151} INFO - [2026-07-10T16:42:31.798+0000] {dagbag.py:536} INFO - Filling up the DagBag from /opt/airflow/dags/dag_suivi.py
[2026-07-10T16:42:31.817+0000] {processor.py:839} INFO - DAG(s) dict_keys(['pipeline_ingestion_suivi']) retrieved from /opt/airflow/dags/dag_suivi.py
[2026-07-10T16:42:31.841+0000] {logging_mixin.py:151} INFO - [2026-07-10T16:42:31.840+0000] {dag.py:2941} INFO - Sync 1 DAGs
[2026-07-10T16:42:31.860+0000] {logging_mixin.py:151} INFO - [2026-07-10T16:42:31.860+0000] {dag.py:3722} INFO - Setting next_dagrun for pipeline_ingestion_suivi to 2026-07-10T16:00:00+00:00, run_after=2026-07-10T17:00:00+00:00
[2026-07-10T16:42:31.879+0000] {processor.py:179} INFO - Processing /opt/airflow/dags/dag_suivi.py took 0.085 seconds
[2026-07-10T16:43:02.103+0000] {processor.py:157} INFO - Started process (PID=10905) to work on /opt/airflow/dags/dag_suivi.py
[2026-07-10T16:43:02.103+0000] {processor.py:829} INFO - Processing file /opt/airflow/dags/dag_suivi.py for tasks to queue
[2026-07-10T16:43:02.104+0000] {logging_mixin.py:151} INFO - [2026-07-10T16:43:02.104+0000] {dagbag.py:536} INFO - Filling up the DagBag from /opt/airflow/dags/dag_suivi.py
[2026-07-10T16:43:02.121+0000] {processor.py:839} INFO - DAG(s) dict_keys(['pipeline_ingestion_suivi']) retrieved from /opt/airflow/dags/dag_suivi.py
[2026-07-10T16:43:02.144+0000] {logging_mixin.py:151} INFO - [2026-07-10T16:43:02.144+0000] {dag.py:2941} INFO - Sync 1 DAGs
[2026-07-10T16:43:02.159+0000] {logging_mixin.py:151} INFO - [2026-07-10T16:43:02.159+0000] {dag.py:3722} INFO - Setting next_dagrun for pipeline_ingestion_suivi to 2026-07-10T16:00:00+00:00, run_after=2026-07-10T17:00:00+00:00
[2026-07-10T16:43:02.175+0000] {processor.py:179} INFO - Processing /opt/airflow/dags/dag_suivi.py took 0.075 seconds
[2026-07-10T16:43:32.387+0000] {processor.py:157} INFO - Started process (PID=10910) to work on /opt/airflow/dags/dag_suivi.py
[2026-07-10T16:43:32.388+0000] {processor.py:829} INFO - Processing file /opt/airflow/dags/dag_suivi.py for tasks to queue
[2026-07-10T16:43:32.388+0000] {logging_mixin.py:151} INFO - [2026-07-10T16:43:32.388+0000] {dagbag.py:536} INFO - Filling up the DagBag from /opt/airflow/dags/dag_suivi.py
[2026-07-10T16:43:32.407+0000] {processor.py:839} INFO - DAG(s) dict_keys(['pipeline_ingestion_suivi']) retrieved from /opt/airflow/dags/dag_suivi.py
[2026-07-10T16:43:32.427+0000] {logging_mixin.py:151} INFO - [2026-07-10T16:43:32.426+0000] {dag.py:2941} INFO - Sync 1 DAGs
[2026-07-10T16:43:32.442+0000] {logging_mixin.py:151} INFO - [2026-07-10T16:43:32.441+0000] {dag.py:3722} INFO - Setting next_dagrun for pipeline_ingestion_suivi to 2026-07-10T16:00:00+00:00, run_after=2026-07-10T17:00:00+00:00
[2026-07-10T16:43:32.457+0000] {processor.py:179} INFO - Processing /opt/airflow/dags/dag_suivi.py took 0.072 seconds
[2026-07-10T16:44:02.671+0000] {processor.py:157} INFO - Started process (PID=10915) to work on /opt/airflow/dags/dag_suivi.py
[2026-07-10T16:44:02.672+0000] {processor.py:829} INFO - Processing file /opt/airflow/dags/dag_suivi.py for tasks to queue
[2026-07-10T16:44:02.672+0000] {logging_mixin.py:151} INFO - [2026-07-10T16:44:02.672+0000] {dagbag.py:536} INFO - Filling up the DagBag from /opt/airflow/dags/dag_suivi.py
[2026-07-10T16:44:02.691+0000] {processor.py:839} INFO - DAG(s) dict_keys(['pipeline_ingestion_suivi']) retrieved from /opt/airflow/dags/dag_suivi.py
[2026-07-10T16:44:02.712+0000] {logging_mixin.py:151} INFO - [2026-07-10T16:44:02.712+0000] {dag.py:2941} INFO - Sync 1 DAGs
[2026-07-10T16:44:02.729+0000] {logging_mixin.py:151} INFO - [2026-07-10T16:44:02.729+0000] {dag.py:3722} INFO - Setting next_dagrun for pipeline_ingestion_suivi to 2026-07-10T16:00:00+00:00, run_after=2026-07-10T17:00:00+00:00
[2026-07-10T16:44:02.747+0000] {processor.py:179} INFO - Processing /opt/airflow/dags/dag_suivi.py took 0.079 seconds
[2026-07-10T16:44:32.963+0000] {processor.py:157} INFO - Started process (PID=10920) to work on /opt/airflow/dags/dag_suivi.py
[2026-07-10T16:44:32.963+0000] {processor.py:829} INFO - Processing file /opt/airflow/dags/dag_suivi.py for tasks to queue
[2026-07-10T16:44:32.964+0000] {logging_mixin.py:151} INFO - [2026-07-10T16:44:32.964+0000] {dagbag.py:536} INFO - Filling up the DagBag from /opt/airflow/dags/dag_suivi.py
[2026-07-10T16:44:32.982+0000] {processor.py:839} INFO - DAG(s) dict_keys(['pipeline_ingestion_suivi']) retrieved from /opt/airflow/dags/dag_suivi.py
[2026-07-10T16:44:33.002+0000] {logging_mixin.py:151} INFO - [2026-07-10T16:44:33.002+0000] {dag.py:2941} INFO - Sync 1 DAGs
[2026-07-10T16:44:33.018+0000] {logging_mixin.py:151} INFO - [2026-07-10T16:44:33.018+0000] {dag.py:3722} INFO - Setting next_dagrun for pipeline_ingestion_suivi to 2026-07-10T16:00:00+00:00, run_after=2026-07-10T17:00:00+00:00
[2026-07-10T16:44:33.044+0000] {processor.py:179} INFO - Processing /opt/airflow/dags/dag_suivi.py took 0.084 seconds
[2026-07-10T16:45:03.234+0000] {processor.py:157} INFO - Started process (PID=10925) to work on /opt/airflow/dags/dag_suivi.py
[2026-07-10T16:45:03.234+0000] {processor.py:829} INFO - Processing file /opt/airflow/dags/dag_suivi.py for tasks to queue
[2026-07-10T16:45:03.235+0000] {logging_mixin.py:151} INFO - [2026-07-10T16:45:03.235+0000] {dagbag.py:536} INFO - Filling up the DagBag from /opt/airflow/dags/dag_suivi.py
[2026-07-10T16:45:03.255+0000] {processor.py:839} INFO - DAG(s) dict_keys(['pipeline_ingestion_suivi']) retrieved from /opt/airflow/dags/dag_suivi.py
[2026-07-10T16:45:03.278+0000] {logging_mixin.py:151} INFO - [2026-07-10T16:45:03.278+0000] {dag.py:2941} INFO - Sync 1 DAGs
[2026-07-10T16:45:03.294+0000] {logging_mixin.py:151} INFO - [2026-07-10T16:45:03.294+0000] {dag.py:3722} INFO - Setting next_dagrun for pipeline_ingestion_suivi to 2026-07-10T16:00:00+00:00, run_after=2026-07-10T17:00:00+00:00
[2026-07-10T16:45:03.311+0000] {processor.py:179} INFO - Processing /opt/airflow/dags/dag_suivi.py took 0.080 seconds
[2026-07-10T16:45:33.522+0000] {processor.py:157} INFO - Started process (PID=10930) to work on /opt/airflow/dags/dag_suivi.py
[2026-07-10T16:45:33.523+0000] {processor.py:829} INFO - Processing file /opt/airflow/dags/dag_suivi.py for tasks to queue
[2026-07-10T16:45:33.523+0000] {logging_mixin.py:151} INFO - [2026-07-10T16:45:33.523+0000] {dagbag.py:536} INFO - Filling up the DagBag from /opt/airflow/dags/dag_suivi.py
[2026-07-10T16:45:33.542+0000] {processor.py:839} INFO - DAG(s) dict_keys(['pipeline_ingestion_suivi']) retrieved from /opt/airflow/dags/dag_suivi.py
[2026-07-10T16:45:33.564+0000] {logging_mixin.py:151} INFO - [2026-07-10T16:45:33.564+0000] {dag.py:2941} INFO - Sync 1 DAGs
[2026-07-10T16:45:33.580+0000] {logging_mixin.py:151} INFO - [2026-07-10T16:45:33.579+0000] {dag.py:3722} INFO - Setting next_dagrun for pipeline_ingestion_suivi to 2026-07-10T16:00:00+00:00, run_after=2026-07-10T17:00:00+00:00
[2026-07-10T16:45:33.596+0000] {processor.py:179} INFO - Processing /opt/airflow/dags/dag_suivi.py took 0.076 seconds
[2026-07-10T16:46:03.787+0000] {processor.py:157} INFO - Started process (PID=10935) to work on /opt/airflow/dags/dag_suivi.py
[2026-07-10T16:46:03.788+0000] {processor.py:829} INFO - Processing file /opt/airflow/dags/dag_suivi.py for tasks to queue
[2026-07-10T16:46:03.789+0000] {logging_mixin.py:151} INFO - [2026-07-10T16:46:03.789+0000] {dagbag.py:536} INFO - Filling up the DagBag from /opt/airflow/dags/dag_suivi.py
[2026-07-10T16:46:03.810+0000] {processor.py:839} INFO - DAG(s) dict_keys(['pipeline_ingestion_suivi']) retrieved from /opt/airflow/dags/dag_suivi.py
[2026-07-10T16:46:03.833+0000] {logging_mixin.py:151} INFO - [2026-07-10T16:46:03.833+0000] {dag.py:2941} INFO - Sync 1 DAGs
[2026-07-10T16:46:03.848+0000] {logging_mixin.py:151} INFO - [2026-07-10T16:46:03.848+0000] {dag.py:3722} INFO - Setting next_dagrun for pipeline_ingestion_suivi to 2026-07-10T16:00:00+00:00, run_after=2026-07-10T17:00:00+00:00
[2026-07-10T16:46:03.865+0000] {processor.py:179} INFO - Processing /opt/airflow/dags/dag_suivi.py took 0.081 seconds
[2026-07-10T16:46:34.109+0000] {processor.py:157} INFO - Started process (PID=10940) to work on /opt/airflow/dags/dag_suivi.py
[2026-07-10T16:46:34.110+0000] {processor.py:829} INFO - Processing file /opt/airflow/dags/dag_suivi.py for tasks to queue
[2026-07-10T16:46:34.110+0000] {logging_mixin.py:151} INFO - [2026-07-10T16:46:34.110+0000] {dagbag.py:536} INFO - Filling up the DagBag from /opt/airflow/dags/dag_suivi.py
[2026-07-10T16:46:34.129+0000] {processor.py:839} INFO - DAG(s) dict_keys(['pipeline_ingestion_suivi']) retrieved from /opt/airflow/dags/dag_suivi.py
[2026-07-10T16:46:34.149+0000] {logging_mixin.py:151} INFO - [2026-07-10T16:46:34.149+0000] {dag.py:2941} INFO - Sync 1 DAGs
[2026-07-10T16:46:34.167+0000] {logging_mixin.py:151} INFO - [2026-07-10T16:46:34.167+0000] {dag.py:3722} INFO - Setting next_dagrun for pipeline_ingestion_suivi to 2026-07-10T16:00:00+00:00, run_after=2026-07-10T17:00:00+00:00
[2026-07-10T16:46:34.200+0000] {processor.py:179} INFO - Processing /opt/airflow/dags/dag_suivi.py took 0.094 seconds
[2026-07-10T16:47:04.384+0000] {processor.py:157} INFO - Started process (PID=10945) to work on /opt/airflow/dags/dag_suivi.py
[2026-07-10T16:47:04.385+0000] {processor.py:829} INFO - Processing file /opt/airflow/dags/dag_suivi.py for tasks to queue
[2026-07-10T16:47:04.386+0000] {logging_mixin.py:151} INFO - [2026-07-10T16:47:04.385+0000] {dagbag.py:536} INFO - Filling up the DagBag from /opt/airflow/dags/dag_suivi.py
[2026-07-10T16:47:04.406+0000] {processor.py:839} INFO - DAG(s) dict_keys(['pipeline_ingestion_suivi']) retrieved from /opt/airflow/dags/dag_suivi.py
[2026-07-10T16:47:04.429+0000] {logging_mixin.py:151} INFO - [2026-07-10T16:47:04.428+0000] {dag.py:2941} INFO - Sync 1 DAGs
[2026-07-10T16:47:04.443+0000] {logging_mixin.py:151} INFO - [2026-07-10T16:47:04.443+0000] {dag.py:3722} INFO - Setting next_dagrun for pipeline_ingestion_suivi to 2026-07-10T16:00:00+00:00, run_after=2026-07-10T17:00:00+00:00
[2026-07-10T16:47:04.462+0000] {processor.py:179} INFO - Processing /opt/airflow/dags/dag_suivi.py took 0.080 seconds
[2026-07-10T16:47:34.728+0000] {processor.py:157} INFO - Started process (PID=10950) to work on /opt/airflow/dags/dag_suivi.py
[2026-07-10T16:47:34.729+0000] {processor.py:829} INFO - Processing file /opt/airflow/dags/dag_suivi.py for tasks to queue
[2026-07-10T16:47:34.729+0000] {logging_mixin.py:151} INFO - [2026-07-10T16:47:34.729+0000] {dagbag.py:536} INFO - Filling up the DagBag from /opt/airflow/dags/dag_suivi.py
[2026-07-10T16:47:34.748+0000] {processor.py:839} INFO - DAG(s) dict_keys(['pipeline_ingestion_suivi']) retrieved from /opt/airflow/dags/dag_suivi.py
[2026-07-10T16:47:34.769+0000] {logging_mixin.py:151} INFO - [2026-07-10T16:47:34.769+0000] {dag.py:2941} INFO - Sync 1 DAGs
[2026-07-10T16:47:34.785+0000] {logging_mixin.py:151} INFO - [2026-07-10T16:47:34.784+0000] {dag.py:3722} INFO - Setting next_dagrun for pipeline_ingestion_suivi to 2026-07-10T16:00:00+00:00, run_after=2026-07-10T17:00:00+00:00
[2026-07-10T16:47:34.801+0000] {processor.py:179} INFO - Processing /opt/airflow/dags/dag_suivi.py took 0.076 seconds
[2026-07-10T16:48:04.994+0000] {processor.py:157} INFO - Started process (PID=10955) to work on /opt/airflow/dags/dag_suivi.py
[2026-07-10T16:48:04.995+0000] {processor.py:829} INFO - Processing file /opt/airflow/dags/dag_suivi.py for tasks to queue
[2026-07-10T16:48:04.996+0000] {logging_mixin.py:151} INFO - [2026-07-10T16:48:04.995+0000] {dagbag.py:536} INFO - Filling up the DagBag from /opt/airflow/dags/dag_suivi.py
[2026-07-10T16:48:05.020+0000] {processor.py:839} INFO - DAG(s) dict_keys(['pipeline_ingestion_suivi']) retrieved from /opt/airflow/dags/dag_suivi.py
[2026-07-10T16:48:05.050+0000] {logging_mixin.py:151} INFO - [2026-07-10T16:48:05.049+0000] {dag.py:2941} INFO - Sync 1 DAGs
[2026-07-10T16:48:05.072+0000] {logging_mixin.py:151} INFO - [2026-07-10T16:48:05.072+0000] {dag.py:3722} INFO - Setting next_dagrun for pipeline_ingestion_suivi to 2026-07-10T16:00:00+00:00, run_after=2026-07-10T17:00:00+00:00
[2026-07-10T16:48:05.089+0000] {processor.py:179} INFO - Processing /opt/airflow/dags/dag_suivi.py took 0.098 seconds
[2026-07-10T16:48:35.316+0000] {processor.py:157} INFO - Started process (PID=10960) to work on /opt/airflow/dags/dag_suivi.py
[2026-07-10T16:48:35.317+0000] {processor.py:829} INFO - Processing file /opt/airflow/dags/dag_suivi.py for tasks to queue
[2026-07-10T16:48:35.318+0000] {logging_mixin.py:151} INFO - [2026-07-10T16:48:35.317+0000] {dagbag.py:536} INFO - Filling up the DagBag from /opt/airflow/dags/dag_suivi.py
[2026-07-10T16:48:35.336+0000] {processor.py:839} INFO - DAG(s) dict_keys(['pipeline_ingestion_suivi']) retrieved from /opt/airflow/dags/dag_suivi.py
[2026-07-10T16:48:35.357+0000] {logging_mixin.py:151} INFO - [2026-07-10T16:48:35.357+0000] {dag.py:2941} INFO - Sync 1 DAGs
[2026-07-10T16:48:35.372+0000] {logging_mixin.py:151} INFO - [2026-07-10T16:48:35.372+0000] {dag.py:3722} INFO - Setting next_dagrun for pipeline_ingestion_suivi to 2026-07-10T16:00:00+00:00, run_after=2026-07-10T17:00:00+00:00
[2026-07-10T16:48:35.400+0000] {processor.py:179} INFO - Processing /opt/airflow/dags/dag_suivi.py took 0.086 seconds
[2026-07-10T16:49:05.615+0000] {processor.py:157} INFO - Started process (PID=10965) to work on /opt/airflow/dags/dag_suivi.py
[2026-07-10T16:49:05.616+0000] {processor.py:829} INFO - Processing file /opt/airflow/dags/dag_suivi.py for tasks to queue
[2026-07-10T16:49:05.616+0000] {logging_mixin.py:151} INFO - [2026-07-10T16:49:05.616+0000] {dagbag.py:536} INFO - Filling up the DagBag from /opt/airflow/dags/dag_suivi.py
[2026-07-10T16:49:05.635+0000] {processor.py:839} INFO - DAG(s) dict_keys(['pipeline_ingestion_suivi']) retrieved from /opt/airflow/dags/dag_suivi.py
[2026-07-10T16:49:05.657+0000] {logging_mixin.py:151} INFO - [2026-07-10T16:49:05.657+0000] {dag.py:2941} INFO - Sync 1 DAGs
[2026-07-10T16:49:05.674+0000] {logging_mixin.py:151} INFO - [2026-07-10T16:49:05.674+0000] {dag.py:3722} INFO - Setting next_dagrun for pipeline_ingestion_suivi to 2026-07-10T16:00:00+00:00, run_after=2026-07-10T17:00:00+00:00
[2026-07-10T16:49:05.690+0000] {processor.py:179} INFO - Processing /opt/airflow/dags/dag_suivi.py took 0.077 seconds
[2026-07-10T16:49:35.872+0000] {processor.py:157} INFO - Started process (PID=10970) to work on /opt/airflow/dags/dag_suivi.py
[2026-07-10T16:49:35.872+0000] {processor.py:829} INFO - Processing file /opt/airflow/dags/dag_suivi.py for tasks to queue
[2026-07-10T16:49:35.873+0000] {logging_mixin.py:151} INFO - [2026-07-10T16:49:35.873+0000] {dagbag.py:536} INFO - Filling up the DagBag from /opt/airflow/dags/dag_suivi.py
[2026-07-10T16:49:35.892+0000] {processor.py:839} INFO - DAG(s) dict_keys(['pipeline_ingestion_suivi']) retrieved from /opt/airflow/dags/dag_suivi.py
[2026-07-10T16:49:35.915+0000] {logging_mixin.py:151} INFO - [2026-07-10T16:49:35.915+0000] {dag.py:2941} INFO - Sync 1 DAGs
[2026-07-10T16:49:35.931+0000] {logging_mixin.py:151} INFO - [2026-07-10T16:49:35.931+0000] {dag.py:3722} INFO - Setting next_dagrun for pipeline_ingestion_suivi to 2026-07-10T16:00:00+00:00, run_after=2026-07-10T17:00:00+00:00
[2026-07-10T16:49:35.947+0000] {processor.py:179} INFO - Processing /opt/airflow/dags/dag_suivi.py took 0.079 seconds
[2026-07-10T16:50:06.175+0000] {processor.py:157} INFO - Started process (PID=10975) to work on /opt/airflow/dags/dag_suivi.py
[2026-07-10T16:50:06.175+0000] {processor.py:829} INFO - Processing file /opt/airflow/dags/dag_suivi.py for tasks to queue
[2026-07-10T16:50:06.176+0000] {logging_mixin.py:151} INFO - [2026-07-10T16:50:06.176+0000] {dagbag.py:536} INFO - Filling up the DagBag from /opt/airflow/dags/dag_suivi.py
[2026-07-10T16:50:06.195+0000] {processor.py:839} INFO - DAG(s) dict_keys(['pipeline_ingestion_suivi']) retrieved from /opt/airflow/dags/dag_suivi.py
[2026-07-10T16:50:06.216+0000] {logging_mixin.py:151} INFO - [2026-07-10T16:50:06.216+0000] {dag.py:2941} INFO - Sync 1 DAGs
[2026-07-10T16:50:06.232+0000] {logging_mixin.py:151} INFO - [2026-07-10T16:50:06.232+0000] {dag.py:3722} INFO - Setting next_dagrun for pipeline_ingestion_suivi to 2026-07-10T16:00:00+00:00, run_after=2026-07-10T17:00:00+00:00
[2026-07-10T16:50:06.253+0000] {processor.py:179} INFO - Processing /opt/airflow/dags/dag_suivi.py took 0.081 seconds
[2026-07-10T16:50:36.453+0000] {processor.py:157} INFO - Started process (PID=10980) to work on /opt/airflow/dags/dag_suivi.py
[2026-07-10T16:50:36.454+0000] {processor.py:829} INFO - Processing file /opt/airflow/dags/dag_suivi.py for tasks to queue
[2026-07-10T16:50:36.455+0000] {logging_mixin.py:151} INFO - [2026-07-10T16:50:36.455+0000] {dagbag.py:536} INFO - Filling up the DagBag from /opt/airflow/dags/dag_suivi.py
[2026-07-10T16:50:36.473+0000] {processor.py:839} INFO - DAG(s) dict_keys(['pipeline_ingestion_suivi']) retrieved from /opt/airflow/dags/dag_suivi.py
[2026-07-10T16:50:36.495+0000] {logging_mixin.py:151} INFO - [2026-07-10T16:50:36.495+0000] {dag.py:2941} INFO - Sync 1 DAGs
[2026-07-10T16:50:36.511+0000] {logging_mixin.py:151} INFO - [2026-07-10T16:50:36.511+0000] {dag.py:3722} INFO - Setting next_dagrun for pipeline_ingestion_suivi to 2026-07-10T16:00:00+00:00, run_after=2026-07-10T17:00:00+00:00
[2026-07-10T16:50:36.542+0000] {processor.py:179} INFO - Processing /opt/airflow/dags/dag_suivi.py took 0.092 seconds
[2026-07-10T16:51:06.757+0000] {processor.py:157} INFO - Started process (PID=10985) to work on /opt/airflow/dags/dag_suivi.py
[2026-07-10T16:51:06.758+0000] {processor.py:829} INFO - Processing file /opt/airflow/dags/dag_suivi.py for tasks to queue
[2026-07-10T16:51:06.759+0000] {logging_mixin.py:151} INFO - [2026-07-10T16:51:06.758+0000] {dagbag.py:536} INFO - Filling up the DagBag from /opt/airflow/dags/dag_suivi.py
[2026-07-10T16:51:06.777+0000] {processor.py:839} INFO - DAG(s) dict_keys(['pipeline_ingestion_suivi']) retrieved from /opt/airflow/dags/dag_suivi.py
[2026-07-10T16:51:06.797+0000] {logging_mixin.py:151} INFO - [2026-07-10T16:51:06.797+0000] {dag.py:2941} INFO - Sync 1 DAGs
[2026-07-10T16:51:06.814+0000] {logging_mixin.py:151} INFO - [2026-07-10T16:51:06.813+0000] {dag.py:3722} INFO - Setting next_dagrun for pipeline_ingestion_suivi to 2026-07-10T16:00:00+00:00, run_after=2026-07-10T17:00:00+00:00
[2026-07-10T16:51:06.831+0000] {processor.py:179} INFO - Processing /opt/airflow/dags/dag_suivi.py took 0.077 seconds
[2026-07-10T16:51:37.021+0000] {processor.py:157} INFO - Started process (PID=10990) to work on /opt/airflow/dags/dag_suivi.py
[2026-07-10T16:51:37.022+0000] {processor.py:829} INFO - Processing file /opt/airflow/dags/dag_suivi.py for tasks to queue
[2026-07-10T16:51:37.023+0000] {logging_mixin.py:151} INFO - [2026-07-10T16:51:37.023+0000] {dagbag.py:536} INFO - Filling up the DagBag from /opt/airflow/dags/dag_suivi.py
[2026-07-10T16:51:37.042+0000] {processor.py:839} INFO - DAG(s) dict_keys(['pipeline_ingestion_suivi']) retrieved from /opt/airflow/dags/dag_suivi.py
[2026-07-10T16:51:37.063+0000] {logging_mixin.py:151} INFO - [2026-07-10T16:51:37.063+0000] {dag.py:2941} INFO - Sync 1 DAGs
[2026-07-10T16:51:37.078+0000] {logging_mixin.py:151} INFO - [2026-07-10T16:51:37.078+0000] {dag.py:3722} INFO - Setting next_dagrun for pipeline_ingestion_suivi to 2026-07-10T16:00:00+00:00, run_after=2026-07-10T17:00:00+00:00
[2026-07-10T16:51:37.095+0000] {processor.py:179} INFO - Processing /opt/airflow/dags/dag_suivi.py took 0.077 seconds
[2026-07-10T16:52:07.285+0000] {processor.py:157} INFO - Started process (PID=10995) to work on /opt/airflow/dags/dag_suivi.py
[2026-07-10T16:52:07.285+0000] {processor.py:829} INFO - Processing file /opt/airflow/dags/dag_suivi.py for tasks to queue
[2026-07-10T16:52:07.286+0000] {logging_mixin.py:151} INFO - [2026-07-10T16:52:07.286+0000] {dagbag.py:536} INFO - Filling up the DagBag from /opt/airflow/dags/dag_suivi.py
[2026-07-10T16:52:07.305+0000] {processor.py:839} INFO - DAG(s) dict_keys(['pipeline_ingestion_suivi']) retrieved from /opt/airflow/dags/dag_suivi.py
[2026-07-10T16:52:07.328+0000] {logging_mixin.py:151} INFO - [2026-07-10T16:52:07.328+0000] {dag.py:2941} INFO - Sync 1 DAGs
[2026-07-10T16:52:07.348+0000] {logging_mixin.py:151} INFO - [2026-07-10T16:52:07.348+0000] {dag.py:3722} INFO - Setting next_dagrun for pipeline_ingestion_suivi to 2026-07-10T16:00:00+00:00, run_after=2026-07-10T17:00:00+00:00
[2026-07-10T16:52:07.365+0000] {processor.py:179} INFO - Processing /opt/airflow/dags/dag_suivi.py took 0.083 seconds
[2026-07-10T16:52:37.605+0000] {processor.py:157} INFO - Started process (PID=11000) to work on /opt/airflow/dags/dag_suivi.py
[2026-07-10T16:52:37.606+0000] {processor.py:829} INFO - Processing file /opt/airflow/dags/dag_suivi.py for tasks to queue
[2026-07-10T16:52:37.607+0000] {logging_mixin.py:151} INFO - [2026-07-10T16:52:37.606+0000] {dagbag.py:536} INFO - Filling up the DagBag from /opt/airflow/dags/dag_suivi.py
[2026-07-10T16:52:37.625+0000] {processor.py:839} INFO - DAG(s) dict_keys(['pipeline_ingestion_suivi']) retrieved from /opt/airflow/dags/dag_suivi.py
[2026-07-10T16:52:37.647+0000] {logging_mixin.py:151} INFO - [2026-07-10T16:52:37.646+0000] {dag.py:2941} INFO - Sync 1 DAGs
[2026-07-10T16:52:37.667+0000] {logging_mixin.py:151} INFO - [2026-07-10T16:52:37.667+0000] {dag.py:3722} INFO - Setting next_dagrun for pipeline_ingestion_suivi to 2026-07-10T16:00:00+00:00, run_after=2026-07-10T17:00:00+00:00
[2026-07-10T16:52:37.685+0000] {processor.py:179} INFO - Processing /opt/airflow/dags/dag_suivi.py took 0.082 seconds
[2026-07-10T16:53:07.839+0000] {processor.py:157} INFO - Started process (PID=11005) to work on /opt/airflow/dags/dag_suivi.py
[2026-07-10T16:53:07.839+0000] {processor.py:829} INFO - Processing file /opt/airflow/dags/dag_suivi.py for tasks to queue
[2026-07-10T16:53:07.840+0000] {logging_mixin.py:151} INFO - [2026-07-10T16:53:07.840+0000] {dagbag.py:536} INFO - Filling up the DagBag from /opt/airflow/dags/dag_suivi.py
[2026-07-10T16:53:07.859+0000] {processor.py:839} INFO - DAG(s) dict_keys(['pipeline_ingestion_suivi']) retrieved from /opt/airflow/dags/dag_suivi.py
[2026-07-10T16:53:07.882+0000] {logging_mixin.py:151} INFO - [2026-07-10T16:53:07.882+0000] {dag.py:2941} INFO - Sync 1 DAGs
[2026-07-10T16:53:07.901+0000] {logging_mixin.py:151} INFO - [2026-07-10T16:53:07.900+0000] {dag.py:3722} INFO - Setting next_dagrun for pipeline_ingestion_suivi to 2026-07-10T16:00:00+00:00, run_after=2026-07-10T17:00:00+00:00
[2026-07-10T16:53:07.928+0000] {processor.py:179} INFO - Processing /opt/airflow/dags/dag_suivi.py took 0.093 seconds
[2026-07-10T16:53:38.129+0000] {processor.py:157} INFO - Started process (PID=11010) to work on /opt/airflow/dags/dag_suivi.py
[2026-07-10T16:53:38.129+0000] {processor.py:829} INFO - Processing file /opt/airflow/dags/dag_suivi.py for tasks to queue
[2026-07-10T16:53:38.130+0000] {logging_mixin.py:151} INFO - [2026-07-10T16:53:38.130+0000] {dagbag.py:536} INFO - Filling up the DagBag from /opt/airflow/dags/dag_suivi.py
[2026-07-10T16:53:38.152+0000] {processor.py:839} INFO - DAG(s) dict_keys(['pipeline_ingestion_suivi']) retrieved from /opt/airflow/dags/dag_suivi.py
[2026-07-10T16:53:38.178+0000] {logging_mixin.py:151} INFO - [2026-07-10T16:53:38.178+0000] {dag.py:2941} INFO - Sync 1 DAGs
[2026-07-10T16:53:38.198+0000] {logging_mixin.py:151} INFO - [2026-07-10T16:53:38.198+0000] {dag.py:3722} INFO - Setting next_dagrun for pipeline_ingestion_suivi to 2026-07-10T16:00:00+00:00, run_after=2026-07-10T17:00:00+00:00
[2026-07-10T16:53:38.215+0000] {processor.py:179} INFO - Processing /opt/airflow/dags/dag_suivi.py took 0.089 seconds
[2026-07-10T16:54:08.398+0000] {processor.py:157} INFO - Started process (PID=11015) to work on /opt/airflow/dags/dag_suivi.py
[2026-07-10T16:54:08.398+0000] {processor.py:829} INFO - Processing file /opt/airflow/dags/dag_suivi.py for tasks to queue
[2026-07-10T16:54:08.399+0000] {logging_mixin.py:151} INFO - [2026-07-10T16:54:08.399+0000] {dagbag.py:536} INFO - Filling up the DagBag from /opt/airflow/dags/dag_suivi.py
[2026-07-10T16:54:08.417+0000] {processor.py:839} INFO - DAG(s) dict_keys(['pipeline_ingestion_suivi']) retrieved from /opt/airflow/dags/dag_suivi.py
[2026-07-10T16:54:08.439+0000] {logging_mixin.py:151} INFO - [2026-07-10T16:54:08.439+0000] {dag.py:2941} INFO - Sync 1 DAGs
[2026-07-10T16:54:08.454+0000] {logging_mixin.py:151} INFO - [2026-07-10T16:54:08.454+0000] {dag.py:3722} INFO - Setting next_dagrun for pipeline_ingestion_suivi to 2026-07-10T16:00:00+00:00, run_after=2026-07-10T17:00:00+00:00
[2026-07-10T16:54:08.480+0000] {processor.py:179} INFO - Processing /opt/airflow/dags/dag_suivi.py took 0.085 seconds
[2026-07-10T16:54:38.687+0000] {processor.py:157} INFO - Started process (PID=11020) to work on /opt/airflow/dags/dag_suivi.py
[2026-07-10T16:54:38.687+0000] {processor.py:829} INFO - Processing file /opt/airflow/dags/dag_suivi.py for tasks to queue
[2026-07-10T16:54:38.688+0000] {logging_mixin.py:151} INFO - [2026-07-10T16:54:38.688+0000] {dagbag.py:536} INFO - Filling up the DagBag from /opt/airflow/dags/dag_suivi.py
[2026-07-10T16:54:38.706+0000] {processor.py:839} INFO - DAG(s) dict_keys(['pipeline_ingestion_suivi']) retrieved from /opt/airflow/dags/dag_suivi.py
[2026-07-10T16:54:38.728+0000] {logging_mixin.py:151} INFO - [2026-07-10T16:54:38.728+0000] {dag.py:2941} INFO - Sync 1 DAGs
[2026-07-10T16:54:38.744+0000] {logging_mixin.py:151} INFO - [2026-07-10T16:54:38.744+0000] {dag.py:3722} INFO - Setting next_dagrun for pipeline_ingestion_suivi to 2026-07-10T16:00:00+00:00, run_after=2026-07-10T17:00:00+00:00
[2026-07-10T16:54:38.762+0000] {processor.py:179} INFO - Processing /opt/airflow/dags/dag_suivi.py took 0.078 seconds
[2026-07-10T16:55:08.966+0000] {processor.py:157} INFO - Started process (PID=11025) to work on /opt/airflow/dags/dag_suivi.py
[2026-07-10T16:55:08.966+0000] {processor.py:829} INFO - Processing file /opt/airflow/dags/dag_suivi.py for tasks to queue
[2026-07-10T16:55:08.967+0000] {logging_mixin.py:151} INFO - [2026-07-10T16:55:08.967+0000] {dagbag.py:536} INFO - Filling up the DagBag from /opt/airflow/dags/dag_suivi.py
[2026-07-10T16:55:08.984+0000] {processor.py:839} INFO - DAG(s) dict_keys(['pipeline_ingestion_suivi']) retrieved from /opt/airflow/dags/dag_suivi.py
[2026-07-10T16:55:09.005+0000] {logging_mixin.py:151} INFO - [2026-07-10T16:55:09.005+0000] {dag.py:2941} INFO - Sync 1 DAGs
[2026-07-10T16:55:09.021+0000] {logging_mixin.py:151} INFO - [2026-07-10T16:55:09.021+0000] {dag.py:3722} INFO - Setting next_dagrun for pipeline_ingestion_suivi to 2026-07-10T16:00:00+00:00, run_after=2026-07-10T17:00:00+00:00
[2026-07-10T16:55:09.038+0000] {processor.py:179} INFO - Processing /opt/airflow/dags/dag_suivi.py took 0.076 seconds
[2026-07-10T16:55:39.198+0000] {processor.py:157} INFO - Started process (PID=11030) to work on /opt/airflow/dags/dag_suivi.py
[2026-07-10T16:55:39.198+0000] {processor.py:829} INFO - Processing file /opt/airflow/dags/dag_suivi.py for tasks to queue
[2026-07-10T16:55:39.199+0000] {logging_mixin.py:151} INFO - [2026-07-10T16:55:39.199+0000] {dagbag.py:536} INFO - Filling up the DagBag from /opt/airflow/dags/dag_suivi.py
[2026-07-10T16:55:39.214+0000] {processor.py:839} INFO - DAG(s) dict_keys(['pipeline_ingestion_suivi']) retrieved from /opt/airflow/dags/dag_suivi.py
[2026-07-10T16:55:39.236+0000] {logging_mixin.py:151} INFO - [2026-07-10T16:55:39.236+0000] {dag.py:2941} INFO - Sync 1 DAGs
[2026-07-10T16:55:39.253+0000] {logging_mixin.py:151} INFO - [2026-07-10T16:55:39.252+0000] {dag.py:3722} INFO - Setting next_dagrun for pipeline_ingestion_suivi to 2026-07-10T16:00:00+00:00, run_after=2026-07-10T17:00:00+00:00
[2026-07-10T16:55:39.270+0000] {processor.py:179} INFO - Processing /opt/airflow/dags/dag_suivi.py took 0.075 seconds
[2026-07-10T16:56:09.530+0000] {processor.py:157} INFO - Started process (PID=11035) to work on /opt/airflow/dags/dag_suivi.py
[2026-07-10T16:56:09.531+0000] {processor.py:829} INFO - Processing file /opt/airflow/dags/dag_suivi.py for tasks to queue
[2026-07-10T16:56:09.532+0000] {logging_mixin.py:151} INFO - [2026-07-10T16:56:09.532+0000] {dagbag.py:536} INFO - Filling up the DagBag from /opt/airflow/dags/dag_suivi.py
[2026-07-10T16:56:09.551+0000] {processor.py:839} INFO - DAG(s) dict_keys(['pipeline_ingestion_suivi']) retrieved from /opt/airflow/dags/dag_suivi.py
[2026-07-10T16:56:09.572+0000] {logging_mixin.py:151} INFO - [2026-07-10T16:56:09.572+0000] {dag.py:2941} INFO - Sync 1 DAGs
[2026-07-10T16:56:09.588+0000] {logging_mixin.py:151} INFO - [2026-07-10T16:56:09.588+0000] {dag.py:3722} INFO - Setting next_dagrun for pipeline_ingestion_suivi to 2026-07-10T16:00:00+00:00, run_after=2026-07-10T17:00:00+00:00
[2026-07-10T16:56:09.615+0000] {processor.py:179} INFO - Processing /opt/airflow/dags/dag_suivi.py took 0.087 seconds
[2026-07-10T16:56:39.792+0000] {processor.py:157} INFO - Started process (PID=11040) to work on /opt/airflow/dags/dag_suivi.py
[2026-07-10T16:56:39.793+0000] {processor.py:829} INFO - Processing file /opt/airflow/dags/dag_suivi.py for tasks to queue
[2026-07-10T16:56:39.793+0000] {logging_mixin.py:151} INFO - [2026-07-10T16:56:39.793+0000] {dagbag.py:536} INFO - Filling up the DagBag from /opt/airflow/dags/dag_suivi.py
[2026-07-10T16:56:39.812+0000] {processor.py:839} INFO - DAG(s) dict_keys(['pipeline_ingestion_suivi']) retrieved from /opt/airflow/dags/dag_suivi.py
[2026-07-10T16:56:39.833+0000] {logging_mixin.py:151} INFO - [2026-07-10T16:56:39.833+0000] {dag.py:2941} INFO - Sync 1 DAGs
[2026-07-10T16:56:39.850+0000] {logging_mixin.py:151} INFO - [2026-07-10T16:56:39.850+0000] {dag.py:3722} INFO - Setting next_dagrun for pipeline_ingestion_suivi to 2026-07-10T16:00:00+00:00, run_after=2026-07-10T17:00:00+00:00
[2026-07-10T16:56:39.868+0000] {processor.py:179} INFO - Processing /opt/airflow/dags/dag_suivi.py took 0.079 seconds
[2026-07-10T16:57:10.121+0000] {processor.py:157} INFO - Started process (PID=11045) to work on /opt/airflow/dags/dag_suivi.py
[2026-07-10T16:57:10.121+0000] {processor.py:829} INFO - Processing file /opt/airflow/dags/dag_suivi.py for tasks to queue
[2026-07-10T16:57:10.123+0000] {logging_mixin.py:151} INFO - [2026-07-10T16:57:10.122+0000] {dagbag.py:536} INFO - Filling up the DagBag from /opt/airflow/dags/dag_suivi.py
[2026-07-10T16:57:10.140+0000] {processor.py:839} INFO - DAG(s) dict_keys(['pipeline_ingestion_suivi']) retrieved from /opt/airflow/dags/dag_suivi.py
[2026-07-10T16:57:10.162+0000] {logging_mixin.py:151} INFO - [2026-07-10T16:57:10.162+0000] {dag.py:2941} INFO - Sync 1 DAGs
[2026-07-10T16:57:10.178+0000] {logging_mixin.py:151} INFO - [2026-07-10T16:57:10.178+0000] {dag.py:3722} INFO - Setting next_dagrun for pipeline_ingestion_suivi to 2026-07-10T16:00:00+00:00, run_after=2026-07-10T17:00:00+00:00
[2026-07-10T16:57:10.199+0000] {processor.py:179} INFO - Processing /opt/airflow/dags/dag_suivi.py took 0.081 seconds
[2026-07-10T16:57:40.373+0000] {processor.py:157} INFO - Started process (PID=11050) to work on /opt/airflow/dags/dag_suivi.py
[2026-07-10T16:57:40.374+0000] {processor.py:829} INFO - Processing file /opt/airflow/dags/dag_suivi.py for tasks to queue
[2026-07-10T16:57:40.375+0000] {logging_mixin.py:151} INFO - [2026-07-10T16:57:40.375+0000] {dagbag.py:536} INFO - Filling up the DagBag from /opt/airflow/dags/dag_suivi.py
[2026-07-10T16:57:40.395+0000] {processor.py:839} INFO - DAG(s) dict_keys(['pipeline_ingestion_suivi']) retrieved from /opt/airflow/dags/dag_suivi.py
[2026-07-10T16:57:40.420+0000] {logging_mixin.py:151} INFO - [2026-07-10T16:57:40.420+0000] {dag.py:2941} INFO - Sync 1 DAGs
[2026-07-10T16:57:40.440+0000] {logging_mixin.py:151} INFO - [2026-07-10T16:57:40.440+0000] {dag.py:3722} INFO - Setting next_dagrun for pipeline_ingestion_suivi to 2026-07-10T16:00:00+00:00, run_after=2026-07-10T17:00:00+00:00
[2026-07-10T16:57:40.456+0000] {processor.py:179} INFO - Processing /opt/airflow/dags/dag_suivi.py took 0.086 seconds
[2026-07-10T16:58:10.681+0000] {processor.py:157} INFO - Started process (PID=11055) to work on /opt/airflow/dags/dag_suivi.py
[2026-07-10T16:58:10.681+0000] {processor.py:829} INFO - Processing file /opt/airflow/dags/dag_suivi.py for tasks to queue
[2026-07-10T16:58:10.682+0000] {logging_mixin.py:151} INFO - [2026-07-10T16:58:10.682+0000] {dagbag.py:536} INFO - Filling up the DagBag from /opt/airflow/dags/dag_suivi.py
[2026-07-10T16:58:10.701+0000] {processor.py:839} INFO - DAG(s) dict_keys(['pipeline_ingestion_suivi']) retrieved from /opt/airflow/dags/dag_suivi.py
[2026-07-10T16:58:10.722+0000] {logging_mixin.py:151} INFO - [2026-07-10T16:58:10.722+0000] {dag.py:2941} INFO - Sync 1 DAGs
[2026-07-10T16:58:10.738+0000] {logging_mixin.py:151} INFO - [2026-07-10T16:58:10.738+0000] {dag.py:3722} INFO - Setting next_dagrun for pipeline_ingestion_suivi to 2026-07-10T16:00:00+00:00, run_after=2026-07-10T17:00:00+00:00
[2026-07-10T16:58:10.763+0000] {processor.py:179} INFO - Processing /opt/airflow/dags/dag_suivi.py took 0.085 seconds
[2026-07-10T16:58:40.939+0000] {processor.py:157} INFO - Started process (PID=11060) to work on /opt/airflow/dags/dag_suivi.py
[2026-07-10T16:58:40.940+0000] {processor.py:829} INFO - Processing file /opt/airflow/dags/dag_suivi.py for tasks to queue
[2026-07-10T16:58:40.941+0000] {logging_mixin.py:151} INFO - [2026-07-10T16:58:40.941+0000] {dagbag.py:536} INFO - Filling up the DagBag from /opt/airflow/dags/dag_suivi.py
[2026-07-10T16:58:40.960+0000] {processor.py:839} INFO - DAG(s) dict_keys(['pipeline_ingestion_suivi']) retrieved from /opt/airflow/dags/dag_suivi.py
[2026-07-10T16:58:40.985+0000] {logging_mixin.py:151} INFO - [2026-07-10T16:58:40.985+0000] {dag.py:2941} INFO - Sync 1 DAGs
[2026-07-10T16:58:41.002+0000] {logging_mixin.py:151} INFO - [2026-07-10T16:58:41.002+0000] {dag.py:3722} INFO - Setting next_dagrun for pipeline_ingestion_suivi to 2026-07-10T16:00:00+00:00, run_after=2026-07-10T17:00:00+00:00
[2026-07-10T16:58:41.023+0000] {processor.py:179} INFO - Processing /opt/airflow/dags/dag_suivi.py took 0.088 seconds
[2026-07-10T16:59:11.292+0000] {processor.py:157} INFO - Started process (PID=11065) to work on /opt/airflow/dags/dag_suivi.py
[2026-07-10T16:59:11.292+0000] {processor.py:829} INFO - Processing file /opt/airflow/dags/dag_suivi.py for tasks to queue
[2026-07-10T16:59:11.293+0000] {logging_mixin.py:151} INFO - [2026-07-10T16:59:11.293+0000] {dagbag.py:536} INFO - Filling up the DagBag from /opt/airflow/dags/dag_suivi.py
[2026-07-10T16:59:11.311+0000] {processor.py:839} INFO - DAG(s) dict_keys(['pipeline_ingestion_suivi']) retrieved from /opt/airflow/dags/dag_suivi.py
[2026-07-10T16:59:11.334+0000] {logging_mixin.py:151} INFO - [2026-07-10T16:59:11.334+0000] {dag.py:2941} INFO - Sync 1 DAGs
[2026-07-10T16:59:11.351+0000] {logging_mixin.py:151} INFO - [2026-07-10T16:59:11.351+0000] {dag.py:3722} INFO - Setting next_dagrun for pipeline_ingestion_suivi to 2026-07-10T16:00:00+00:00, run_after=2026-07-10T17:00:00+00:00
[2026-07-10T16:59:11.378+0000] {processor.py:179} INFO - Processing /opt/airflow/dags/dag_suivi.py took 0.089 seconds
[2026-07-10T16:59:41.571+0000] {processor.py:157} INFO - Started process (PID=11070) to work on /opt/airflow/dags/dag_suivi.py
[2026-07-10T16:59:41.571+0000] {processor.py:829} INFO - Processing file /opt/airflow/dags/dag_suivi.py for tasks to queue
[2026-07-10T16:59:41.572+0000] {logging_mixin.py:151} INFO - [2026-07-10T16:59:41.572+0000] {dagbag.py:536} INFO - Filling up the DagBag from /opt/airflow/dags/dag_suivi.py
[2026-07-10T16:59:41.592+0000] {processor.py:839} INFO - DAG(s) dict_keys(['pipeline_ingestion_suivi']) retrieved from /opt/airflow/dags/dag_suivi.py
[2026-07-10T16:59:41.614+0000] {logging_mixin.py:151} INFO - [2026-07-10T16:59:41.613+0000] {dag.py:2941} INFO - Sync 1 DAGs
[2026-07-10T16:59:41.630+0000] {logging_mixin.py:151} INFO - [2026-07-10T16:59:41.630+0000] {dag.py:3722} INFO - Setting next_dagrun for pipeline_ingestion_suivi to 2026-07-10T16:00:00+00:00, run_after=2026-07-10T17:00:00+00:00
[2026-07-10T16:59:41.649+0000] {processor.py:179} INFO - Processing /opt/airflow/dags/dag_suivi.py took 0.081 seconds
[2026-07-10T17:00:11.885+0000] {processor.py:157} INFO - Started process (PID=11077) to work on /opt/airflow/dags/dag_suivi.py
[2026-07-10T17:00:11.885+0000] {processor.py:829} INFO - Processing file /opt/airflow/dags/dag_suivi.py for tasks to queue
[2026-07-10T17:00:11.886+0000] {logging_mixin.py:151} INFO - [2026-07-10T17:00:11.886+0000] {dagbag.py:536} INFO - Filling up the DagBag from /opt/airflow/dags/dag_suivi.py
[2026-07-10T17:00:11.903+0000] {processor.py:839} INFO - DAG(s) dict_keys(['pipeline_ingestion_suivi']) retrieved from /opt/airflow/dags/dag_suivi.py
[2026-07-10T17:00:11.925+0000] {logging_mixin.py:151} INFO - [2026-07-10T17:00:11.925+0000] {dag.py:2941} INFO - Sync 1 DAGs
[2026-07-10T17:00:11.940+0000] {logging_mixin.py:151} INFO - [2026-07-10T17:00:11.939+0000] {dag.py:3722} INFO - Setting next_dagrun for pipeline_ingestion_suivi to 2026-07-10T17:00:00+00:00, run_after=2026-07-10T18:00:00+00:00
[2026-07-10T17:00:11.965+0000] {processor.py:179} INFO - Processing /opt/airflow/dags/dag_suivi.py took 0.083 seconds
[2026-07-10T17:00:42.159+0000] {processor.py:157} INFO - Started process (PID=11082) to work on /opt/airflow/dags/dag_suivi.py
[2026-07-10T17:00:42.160+0000] {processor.py:829} INFO - Processing file /opt/airflow/dags/dag_suivi.py for tasks to queue
[2026-07-10T17:00:42.161+0000] {logging_mixin.py:151} INFO - [2026-07-10T17:00:42.161+0000] {dagbag.py:536} INFO - Filling up the DagBag from /opt/airflow/dags/dag_suivi.py
[2026-07-10T17:00:42.184+0000] {processor.py:839} INFO - DAG(s) dict_keys(['pipeline_ingestion_suivi']) retrieved from /opt/airflow/dags/dag_suivi.py
[2026-07-10T17:00:42.219+0000] {logging_mixin.py:151} INFO - [2026-07-10T17:00:42.219+0000] {dag.py:2941} INFO - Sync 1 DAGs
[2026-07-10T17:00:42.243+0000] {logging_mixin.py:151} INFO - [2026-07-10T17:00:42.243+0000] {dag.py:3722} INFO - Setting next_dagrun for pipeline_ingestion_suivi to 2026-07-10T17:00:00+00:00, run_after=2026-07-10T18:00:00+00:00
[2026-07-10T17:00:42.275+0000] {processor.py:179} INFO - Processing /opt/airflow/dags/dag_suivi.py took 0.119 seconds
[2026-07-10T17:01:12.528+0000] {processor.py:157} INFO - Started process (PID=11087) to work on /opt/airflow/dags/dag_suivi.py
[2026-07-10T17:01:12.528+0000] {processor.py:829} INFO - Processing file /opt/airflow/dags/dag_suivi.py for tasks to queue
[2026-07-10T17:01:12.529+0000] {logging_mixin.py:151} INFO - [2026-07-10T17:01:12.529+0000] {dagbag.py:536} INFO - Filling up the DagBag from /opt/airflow/dags/dag_suivi.py
[2026-07-10T17:01:12.548+0000] {processor.py:839} INFO - DAG(s) dict_keys(['pipeline_ingestion_suivi']) retrieved from /opt/airflow/dags/dag_suivi.py
[2026-07-10T17:01:12.569+0000] {logging_mixin.py:151} INFO - [2026-07-10T17:01:12.569+0000] {dag.py:2941} INFO - Sync 1 DAGs
[2026-07-10T17:01:12.584+0000] {logging_mixin.py:151} INFO - [2026-07-10T17:01:12.584+0000] {dag.py:3722} INFO - Setting next_dagrun for pipeline_ingestion_suivi to 2026-07-10T17:00:00+00:00, run_after=2026-07-10T18:00:00+00:00
[2026-07-10T17:01:12.610+0000] {processor.py:179} INFO - Processing /opt/airflow/dags/dag_suivi.py took 0.085 seconds
[2026-07-10T17:01:42.829+0000] {processor.py:157} INFO - Started process (PID=11092) to work on /opt/airflow/dags/dag_suivi.py
[2026-07-10T17:01:42.830+0000] {processor.py:829} INFO - Processing file /opt/airflow/dags/dag_suivi.py for tasks to queue
[2026-07-10T17:01:42.833+0000] {logging_mixin.py:151} INFO - [2026-07-10T17:01:42.832+0000] {dagbag.py:536} INFO - Filling up the DagBag from /opt/airflow/dags/dag_suivi.py
[2026-07-10T17:01:42.859+0000] {processor.py:839} INFO - DAG(s) dict_keys(['pipeline_ingestion_suivi']) retrieved from /opt/airflow/dags/dag_suivi.py
[2026-07-10T17:01:42.891+0000] {logging_mixin.py:151} INFO - [2026-07-10T17:01:42.891+0000] {dag.py:2941} INFO - Sync 1 DAGs
[2026-07-10T17:01:42.917+0000] {logging_mixin.py:151} INFO - [2026-07-10T17:01:42.917+0000] {dag.py:3722} INFO - Setting next_dagrun for pipeline_ingestion_suivi to 2026-07-10T17:00:00+00:00, run_after=2026-07-10T18:00:00+00:00
[2026-07-10T17:01:42.936+0000] {processor.py:179} INFO - Processing /opt/airflow/dags/dag_suivi.py took 0.124 seconds
[2026-07-10T17:02:13.128+0000] {processor.py:157} INFO - Started process (PID=11097) to work on /opt/airflow/dags/dag_suivi.py
[2026-07-10T17:02:13.129+0000] {processor.py:829} INFO - Processing file /opt/airflow/dags/dag_suivi.py for tasks to queue
[2026-07-10T17:02:13.129+0000] {logging_mixin.py:151} INFO - [2026-07-10T17:02:13.129+0000] {dagbag.py:536} INFO - Filling up the DagBag from /opt/airflow/dags/dag_suivi.py
[2026-07-10T17:02:13.149+0000] {processor.py:839} INFO - DAG(s) dict_keys(['pipeline_ingestion_suivi']) retrieved from /opt/airflow/dags/dag_suivi.py
[2026-07-10T17:02:13.177+0000] {logging_mixin.py:151} INFO - [2026-07-10T17:02:13.177+0000] {dag.py:2941} INFO - Sync 1 DAGs
[2026-07-10T17:02:13.195+0000] {logging_mixin.py:151} INFO - [2026-07-10T17:02:13.195+0000] {dag.py:3722} INFO - Setting next_dagrun for pipeline_ingestion_suivi to 2026-07-10T17:00:00+00:00, run_after=2026-07-10T18:00:00+00:00
[2026-07-10T17:02:13.216+0000] {processor.py:179} INFO - Processing /opt/airflow/dags/dag_suivi.py took 0.091 seconds
[2026-07-10T17:02:43.431+0000] {processor.py:157} INFO - Started process (PID=11102) to work on /opt/airflow/dags/dag_suivi.py
[2026-07-10T17:02:43.432+0000] {processor.py:829} INFO - Processing file /opt/airflow/dags/dag_suivi.py for tasks to queue
[2026-07-10T17:02:43.433+0000] {logging_mixin.py:151} INFO - [2026-07-10T17:02:43.433+0000] {dagbag.py:536} INFO - Filling up the DagBag from /opt/airflow/dags/dag_suivi.py
[2026-07-10T17:02:43.451+0000] {processor.py:839} INFO - DAG(s) dict_keys(['pipeline_ingestion_suivi']) retrieved from /opt/airflow/dags/dag_suivi.py
[2026-07-10T17:02:43.474+0000] {logging_mixin.py:151} INFO - [2026-07-10T17:02:43.474+0000] {dag.py:2941} INFO - Sync 1 DAGs
[2026-07-10T17:02:43.491+0000] {logging_mixin.py:151} INFO - [2026-07-10T17:02:43.491+0000] {dag.py:3722} INFO - Setting next_dagrun for pipeline_ingestion_suivi to 2026-07-10T17:00:00+00:00, run_after=2026-07-10T18:00:00+00:00
[2026-07-10T17:02:43.518+0000] {processor.py:179} INFO - Processing /opt/airflow/dags/dag_suivi.py took 0.090 seconds
[2026-07-10T17:03:13.725+0000] {processor.py:157} INFO - Started process (PID=11107) to work on /opt/airflow/dags/dag_suivi.py
[2026-07-10T17:03:13.726+0000] {processor.py:829} INFO - Processing file /opt/airflow/dags/dag_suivi.py for tasks to queue
[2026-07-10T17:03:13.726+0000] {logging_mixin.py:151} INFO - [2026-07-10T17:03:13.726+0000] {dagbag.py:536} INFO - Filling up the DagBag from /opt/airflow/dags/dag_suivi.py
[2026-07-10T17:03:13.744+0000] {processor.py:839} INFO - DAG(s) dict_keys(['pipeline_ingestion_suivi']) retrieved from /opt/airflow/dags/dag_suivi.py
[2026-07-10T17:03:13.767+0000] {logging_mixin.py:151} INFO - [2026-07-10T17:03:13.767+0000] {dag.py:2941} INFO - Sync 1 DAGs
[2026-07-10T17:03:13.784+0000] {logging_mixin.py:151} INFO - [2026-07-10T17:03:13.784+0000] {dag.py:3722} INFO - Setting next_dagrun for pipeline_ingestion_suivi to 2026-07-10T17:00:00+00:00, run_after=2026-07-10T18:00:00+00:00
[2026-07-10T17:03:13.800+0000] {processor.py:179} INFO - Processing /opt/airflow/dags/dag_suivi.py took 0.078 seconds
[2026-07-10T17:03:44.040+0000] {processor.py:157} INFO - Started process (PID=11112) to work on /opt/airflow/dags/dag_suivi.py
[2026-07-10T17:03:44.041+0000] {processor.py:829} INFO - Processing file /opt/airflow/dags/dag_suivi.py for tasks to queue
[2026-07-10T17:03:44.042+0000] {logging_mixin.py:151} INFO - [2026-07-10T17:03:44.042+0000] {dagbag.py:536} INFO - Filling up the DagBag from /opt/airflow/dags/dag_suivi.py
[2026-07-10T17:03:44.060+0000] {processor.py:839} INFO - DAG(s) dict_keys(['pipeline_ingestion_suivi']) retrieved from /opt/airflow/dags/dag_suivi.py
[2026-07-10T17:03:44.083+0000] {logging_mixin.py:151} INFO - [2026-07-10T17:03:44.083+0000] {dag.py:2941} INFO - Sync 1 DAGs
[2026-07-10T17:03:44.099+0000] {logging_mixin.py:151} INFO - [2026-07-10T17:03:44.099+0000] {dag.py:3722} INFO - Setting next_dagrun for pipeline_ingestion_suivi to 2026-07-10T17:00:00+00:00, run_after=2026-07-10T18:00:00+00:00
[2026-07-10T17:03:44.117+0000] {processor.py:179} INFO - Processing /opt/airflow/dags/dag_suivi.py took 0.079 seconds
[2026-07-10T17:04:14.322+0000] {processor.py:157} INFO - Started process (PID=11117) to work on /opt/airflow/dags/dag_suivi.py
[2026-07-10T17:04:14.323+0000] {processor.py:829} INFO - Processing file /opt/airflow/dags/dag_suivi.py for tasks to queue
[2026-07-10T17:04:14.324+0000] {logging_mixin.py:151} INFO - [2026-07-10T17:04:14.324+0000] {dagbag.py:536} INFO - Filling up the DagBag from /opt/airflow/dags/dag_suivi.py
[2026-07-10T17:04:14.342+0000] {processor.py:839} INFO - DAG(s) dict_keys(['pipeline_ingestion_suivi']) retrieved from /opt/airflow/dags/dag_suivi.py
[2026-07-10T17:04:14.365+0000] {logging_mixin.py:151} INFO - [2026-07-10T17:04:14.365+0000] {dag.py:2941} INFO - Sync 1 DAGs
[2026-07-10T17:04:14.381+0000] {logging_mixin.py:151} INFO - [2026-07-10T17:04:14.381+0000] {dag.py:3722} INFO - Setting next_dagrun for pipeline_ingestion_suivi to 2026-07-10T17:00:00+00:00, run_after=2026-07-10T18:00:00+00:00
[2026-07-10T17:04:14.401+0000] {processor.py:179} INFO - Processing /opt/airflow/dags/dag_suivi.py took 0.081 seconds
[2026-07-10T17:04:44.597+0000] {processor.py:157} INFO - Started process (PID=11122) to work on /opt/airflow/dags/dag_suivi.py
[2026-07-10T17:04:44.597+0000] {processor.py:829} INFO - Processing file /opt/airflow/dags/dag_suivi.py for tasks to queue
[2026-07-10T17:04:44.598+0000] {logging_mixin.py:151} INFO - [2026-07-10T17:04:44.598+0000] {dagbag.py:536} INFO - Filling up the DagBag from /opt/airflow/dags/dag_suivi.py
[2026-07-10T17:04:44.617+0000] {processor.py:839} INFO - DAG(s) dict_keys(['pipeline_ingestion_suivi']) retrieved from /opt/airflow/dags/dag_suivi.py
[2026-07-10T17:04:44.638+0000] {logging_mixin.py:151} INFO - [2026-07-10T17:04:44.638+0000] {dag.py:2941} INFO - Sync 1 DAGs
[2026-07-10T17:04:44.656+0000] {logging_mixin.py:151} INFO - [2026-07-10T17:04:44.656+0000] {dag.py:3722} INFO - Setting next_dagrun for pipeline_ingestion_suivi to 2026-07-10T17:00:00+00:00, run_after=2026-07-10T18:00:00+00:00
[2026-07-10T17:04:44.682+0000] {processor.py:179} INFO - Processing /opt/airflow/dags/dag_suivi.py took 0.088 seconds
[2026-07-10T17:05:14.914+0000] {processor.py:157} INFO - Started process (PID=11127) to work on /opt/airflow/dags/dag_suivi.py
[2026-07-10T17:05:14.915+0000] {processor.py:829} INFO - Processing file /opt/airflow/dags/dag_suivi.py for tasks to queue
[2026-07-10T17:05:14.916+0000] {logging_mixin.py:151} INFO - [2026-07-10T17:05:14.916+0000] {dagbag.py:536} INFO - Filling up the DagBag from /opt/airflow/dags/dag_suivi.py
[2026-07-10T17:05:14.934+0000] {processor.py:839} INFO - DAG(s) dict_keys(['pipeline_ingestion_suivi']) retrieved from /opt/airflow/dags/dag_suivi.py
[2026-07-10T17:05:14.957+0000] {logging_mixin.py:151} INFO - [2026-07-10T17:05:14.957+0000] {dag.py:2941} INFO - Sync 1 DAGs
[2026-07-10T17:05:14.975+0000] {logging_mixin.py:151} INFO - [2026-07-10T17:05:14.975+0000] {dag.py:3722} INFO - Setting next_dagrun for pipeline_ingestion_suivi to 2026-07-10T17:00:00+00:00, run_after=2026-07-10T18:00:00+00:00
[2026-07-10T17:05:14.994+0000] {processor.py:179} INFO - Processing /opt/airflow/dags/dag_suivi.py took 0.083 seconds
[2026-07-10T17:05:45.199+0000] {processor.py:157} INFO - Started process (PID=11132) to work on /opt/airflow/dags/dag_suivi.py
[2026-07-10T17:05:45.200+0000] {processor.py:829} INFO - Processing file /opt/airflow/dags/dag_suivi.py for tasks to queue
[2026-07-10T17:05:45.201+0000] {logging_mixin.py:151} INFO - [2026-07-10T17:05:45.201+0000] {dagbag.py:536} INFO - Filling up the DagBag from /opt/airflow/dags/dag_suivi.py
[2026-07-10T17:05:45.220+0000] {processor.py:839} INFO - DAG(s) dict_keys(['pipeline_ingestion_suivi']) retrieved from /opt/airflow/dags/dag_suivi.py
[2026-07-10T17:05:45.242+0000] {logging_mixin.py:151} INFO - [2026-07-10T17:05:45.242+0000] {dag.py:2941} INFO - Sync 1 DAGs
[2026-07-10T17:05:45.258+0000] {logging_mixin.py:151} INFO - [2026-07-10T17:05:45.258+0000] {dag.py:3722} INFO - Setting next_dagrun for pipeline_ingestion_suivi to 2026-07-10T17:00:00+00:00, run_after=2026-07-10T18:00:00+00:00
[2026-07-10T17:05:45.283+0000] {processor.py:179} INFO - Processing /opt/airflow/dags/dag_suivi.py took 0.088 seconds
[2026-07-10T17:06:15.459+0000] {processor.py:157} INFO - Started process (PID=11137) to work on /opt/airflow/dags/dag_suivi.py
[2026-07-10T17:06:15.460+0000] {processor.py:829} INFO - Processing file /opt/airflow/dags/dag_suivi.py for tasks to queue
[2026-07-10T17:06:15.461+0000] {logging_mixin.py:151} INFO - [2026-07-10T17:06:15.461+0000] {dagbag.py:536} INFO - Filling up the DagBag from /opt/airflow/dags/dag_suivi.py
[2026-07-10T17:06:15.485+0000] {processor.py:839} INFO - DAG(s) dict_keys(['pipeline_ingestion_suivi']) retrieved from /opt/airflow/dags/dag_suivi.py
[2026-07-10T17:06:15.512+0000] {logging_mixin.py:151} INFO - [2026-07-10T17:06:15.512+0000] {dag.py:2941} INFO - Sync 1 DAGs
[2026-07-10T17:06:15.531+0000] {logging_mixin.py:151} INFO - [2026-07-10T17:06:15.531+0000] {dag.py:3722} INFO - Setting next_dagrun for pipeline_ingestion_suivi to 2026-07-10T17:00:00+00:00, run_after=2026-07-10T18:00:00+00:00
[2026-07-10T17:06:15.549+0000] {processor.py:179} INFO - Processing /opt/airflow/dags/dag_suivi.py took 0.094 seconds
[2026-07-10T22:45:57.606+0000] {processor.py:157} INFO - Started process (PID=11146) to work on /opt/airflow/dags/dag_suivi.py
[2026-07-10T22:45:57.640+0000] {processor.py:829} INFO - Processing file /opt/airflow/dags/dag_suivi.py for tasks to queue
[2026-07-10T22:45:57.652+0000] {logging_mixin.py:151} INFO - [2026-07-10T22:45:57.651+0000] {dagbag.py:536} INFO - Filling up the DagBag from /opt/airflow/dags/dag_suivi.py
[2026-07-10T22:45:57.788+0000] {processor.py:839} INFO - DAG(s) dict_keys(['pipeline_ingestion_suivi']) retrieved from /opt/airflow/dags/dag_suivi.py
[2026-07-10T22:45:57.899+0000] {logging_mixin.py:151} INFO - [2026-07-10T22:45:57.899+0000] {dag.py:2941} INFO - Sync 1 DAGs
[2026-07-10T22:45:58.002+0000] {logging_mixin.py:151} INFO - [2026-07-10T22:45:58.002+0000] {dag.py:3722} INFO - Setting next_dagrun for pipeline_ingestion_suivi to 2026-07-10T22:00:00+00:00, run_after=2026-07-10T23:00:00+00:00
[2026-07-10T22:45:58.056+0000] {processor.py:179} INFO - Processing /opt/airflow/dags/dag_suivi.py took 0.459 seconds
