[2026-07-20T08:51:50.664+0000] {processor.py:157} INFO - Started process (PID=2987) to work on /opt/airflow/dags/dag_suivi.py
[2026-07-20T08:51:50.677+0000] {processor.py:829} INFO - Processing file /opt/airflow/dags/dag_suivi.py for tasks to queue
[2026-07-20T08:51:50.734+0000] {logging_mixin.py:151} INFO - [2026-07-20T08:51:50.704+0000] {dagbag.py:536} INFO - Filling up the DagBag from /opt/airflow/dags/dag_suivi.py
[2026-07-20T08:51:52.650+0000] {processor.py:839} INFO - DAG(s) dict_keys(['pipeline_ingestion_suivi']) retrieved from /opt/airflow/dags/dag_suivi.py
[2026-07-20T08:51:53.206+0000] {logging_mixin.py:151} INFO - [2026-07-20T08:51:53.205+0000] {dag.py:2941} INFO - Sync 1 DAGs
[2026-07-20T08:51:53.371+0000] {logging_mixin.py:151} INFO - [2026-07-20T08:51:53.370+0000] {dag.py:3722} INFO - Setting next_dagrun for pipeline_ingestion_suivi to 2026-07-20T08:00:00+00:00, run_after=2026-07-20T09:00:00+00:00
[2026-07-20T08:51:53.903+0000] {processor.py:179} INFO - Processing /opt/airflow/dags/dag_suivi.py took 3.269 seconds
[2026-07-20T08:52:24.934+0000] {processor.py:157} INFO - Started process (PID=2994) to work on /opt/airflow/dags/dag_suivi.py
[2026-07-20T08:52:24.937+0000] {processor.py:829} INFO - Processing file /opt/airflow/dags/dag_suivi.py for tasks to queue
[2026-07-20T08:52:24.950+0000] {logging_mixin.py:151} INFO - [2026-07-20T08:52:24.948+0000] {dagbag.py:536} INFO - Filling up the DagBag from /opt/airflow/dags/dag_suivi.py
[2026-07-20T08:52:25.113+0000] {processor.py:839} INFO - DAG(s) dict_keys(['pipeline_ingestion_suivi']) retrieved from /opt/airflow/dags/dag_suivi.py
[2026-07-20T08:52:25.279+0000] {logging_mixin.py:151} INFO - [2026-07-20T08:52:25.278+0000] {taskinstance.py:1939} ERROR - {'DAG Id': 'pipeline_ingestion_suivi', 'Task Id': 'execution_pipeline_etl', 'Run Id': 'scheduled__2026-07-17T17:00:00+00:00', 'Hostname': 'c972ca765562'}
[2026-07-20T08:52:25.413+0000] {logging_mixin.py:151} INFO - [2026-07-20T08:52:25.413+0000] {taskinstance.py:1400} INFO - Marking task as FAILED. dag_id=pipeline_ingestion_suivi, task_id=execution_pipeline_etl, execution_date=20260717T170000, start_date=20260717T194302, end_date=20260720T085225
[2026-07-20T08:52:25.480+0000] {processor.py:790} INFO - Executed failure callback for <TaskInstance: pipeline_ingestion_suivi.execution_pipeline_etl scheduled__2026-07-17T17:00:00+00:00 [failed]> in state failed
[2026-07-20T08:52:25.506+0000] {logging_mixin.py:151} INFO - [2026-07-20T08:52:25.506+0000] {taskinstance.py:1939} ERROR - {'DAG Id': 'pipeline_ingestion_suivi', 'Task Id': 'execution_pipeline_etl', 'Run Id': 'scheduled__2026-07-17T18:00:00+00:00', 'Hostname': 'c972ca765562'}
[2026-07-20T08:52:25.540+0000] {logging_mixin.py:151} INFO - [2026-07-20T08:52:25.539+0000] {taskinstance.py:1400} INFO - Marking task as FAILED. dag_id=pipeline_ingestion_suivi, task_id=execution_pipeline_etl, execution_date=20260717T180000, start_date=20260717T194301, end_date=20260720T085225
[2026-07-20T08:52:25.546+0000] {processor.py:790} INFO - Executed failure callback for <TaskInstance: pipeline_ingestion_suivi.execution_pipeline_etl scheduled__2026-07-17T18:00:00+00:00 [failed]> in state failed
[2026-07-20T08:52:25.623+0000] {logging_mixin.py:151} INFO - [2026-07-20T08:52:25.623+0000] {dag.py:2941} INFO - Sync 1 DAGs
[2026-07-20T08:52:25.696+0000] {logging_mixin.py:151} INFO - [2026-07-20T08:52:25.695+0000] {dag.py:3722} INFO - Setting next_dagrun for pipeline_ingestion_suivi to 2026-07-20T08:00:00+00:00, run_after=2026-07-20T09:00:00+00:00
[2026-07-20T08:52:25.796+0000] {processor.py:179} INFO - Processing /opt/airflow/dags/dag_suivi.py took 0.877 seconds
[2026-07-20T08:52:56.053+0000] {processor.py:157} INFO - Started process (PID=2999) to work on /opt/airflow/dags/dag_suivi.py
[2026-07-20T08:52:56.054+0000] {processor.py:829} INFO - Processing file /opt/airflow/dags/dag_suivi.py for tasks to queue
[2026-07-20T08:52:56.055+0000] {logging_mixin.py:151} INFO - [2026-07-20T08:52:56.055+0000] {dagbag.py:536} INFO - Filling up the DagBag from /opt/airflow/dags/dag_suivi.py
[2026-07-20T08:52:56.074+0000] {processor.py:839} INFO - DAG(s) dict_keys(['pipeline_ingestion_suivi']) retrieved from /opt/airflow/dags/dag_suivi.py
[2026-07-20T08:52:56.098+0000] {logging_mixin.py:151} INFO - [2026-07-20T08:52:56.098+0000] {dag.py:2941} INFO - Sync 1 DAGs
[2026-07-20T08:52:56.118+0000] {logging_mixin.py:151} INFO - [2026-07-20T08:52:56.118+0000] {dag.py:3722} INFO - Setting next_dagrun for pipeline_ingestion_suivi to 2026-07-20T08:00:00+00:00, run_after=2026-07-20T09:00:00+00:00
[2026-07-20T08:52:56.138+0000] {processor.py:179} INFO - Processing /opt/airflow/dags/dag_suivi.py took 0.089 seconds
[2026-07-20T08:53:26.302+0000] {processor.py:157} INFO - Started process (PID=3004) to work on /opt/airflow/dags/dag_suivi.py
[2026-07-20T08:53:26.303+0000] {processor.py:829} INFO - Processing file /opt/airflow/dags/dag_suivi.py for tasks to queue
[2026-07-20T08:53:26.304+0000] {logging_mixin.py:151} INFO - [2026-07-20T08:53:26.304+0000] {dagbag.py:536} INFO - Filling up the DagBag from /opt/airflow/dags/dag_suivi.py
[2026-07-20T08:53:26.323+0000] {processor.py:839} INFO - DAG(s) dict_keys(['pipeline_ingestion_suivi']) retrieved from /opt/airflow/dags/dag_suivi.py
[2026-07-20T08:53:26.349+0000] {logging_mixin.py:151} INFO - [2026-07-20T08:53:26.349+0000] {dag.py:2941} INFO - Sync 1 DAGs
[2026-07-20T08:53:26.367+0000] {logging_mixin.py:151} INFO - [2026-07-20T08:53:26.367+0000] {dag.py:3722} INFO - Setting next_dagrun for pipeline_ingestion_suivi to 2026-07-20T08:00:00+00:00, run_after=2026-07-20T09:00:00+00:00
[2026-07-20T08:53:26.383+0000] {processor.py:179} INFO - Processing /opt/airflow/dags/dag_suivi.py took 0.084 seconds
[2026-07-20T08:53:56.596+0000] {processor.py:157} INFO - Started process (PID=3009) to work on /opt/airflow/dags/dag_suivi.py
[2026-07-20T08:53:56.597+0000] {processor.py:829} INFO - Processing file /opt/airflow/dags/dag_suivi.py for tasks to queue
[2026-07-20T08:53:56.598+0000] {logging_mixin.py:151} INFO - [2026-07-20T08:53:56.597+0000] {dagbag.py:536} INFO - Filling up the DagBag from /opt/airflow/dags/dag_suivi.py
[2026-07-20T08:53:56.616+0000] {processor.py:839} INFO - DAG(s) dict_keys(['pipeline_ingestion_suivi']) retrieved from /opt/airflow/dags/dag_suivi.py
[2026-07-20T08:53:56.636+0000] {logging_mixin.py:151} INFO - [2026-07-20T08:53:56.636+0000] {dag.py:2941} INFO - Sync 1 DAGs
[2026-07-20T08:53:56.653+0000] {logging_mixin.py:151} INFO - [2026-07-20T08:53:56.653+0000] {dag.py:3722} INFO - Setting next_dagrun for pipeline_ingestion_suivi to 2026-07-20T08:00:00+00:00, run_after=2026-07-20T09:00:00+00:00
[2026-07-20T08:53:56.669+0000] {processor.py:179} INFO - Processing /opt/airflow/dags/dag_suivi.py took 0.076 seconds
[2026-07-20T08:54:26.856+0000] {processor.py:157} INFO - Started process (PID=3014) to work on /opt/airflow/dags/dag_suivi.py
[2026-07-20T08:54:26.857+0000] {processor.py:829} INFO - Processing file /opt/airflow/dags/dag_suivi.py for tasks to queue
[2026-07-20T08:54:26.858+0000] {logging_mixin.py:151} INFO - [2026-07-20T08:54:26.857+0000] {dagbag.py:536} INFO - Filling up the DagBag from /opt/airflow/dags/dag_suivi.py
[2026-07-20T08:54:26.874+0000] {processor.py:839} INFO - DAG(s) dict_keys(['pipeline_ingestion_suivi']) retrieved from /opt/airflow/dags/dag_suivi.py
[2026-07-20T08:54:26.895+0000] {logging_mixin.py:151} INFO - [2026-07-20T08:54:26.895+0000] {dag.py:2941} INFO - Sync 1 DAGs
[2026-07-20T08:54:26.912+0000] {logging_mixin.py:151} INFO - [2026-07-20T08:54:26.912+0000] {dag.py:3722} INFO - Setting next_dagrun for pipeline_ingestion_suivi to 2026-07-20T08:00:00+00:00, run_after=2026-07-20T09:00:00+00:00
[2026-07-20T08:54:26.928+0000] {processor.py:179} INFO - Processing /opt/airflow/dags/dag_suivi.py took 0.075 seconds
[2026-07-20T08:54:57.125+0000] {processor.py:157} INFO - Started process (PID=3019) to work on /opt/airflow/dags/dag_suivi.py
[2026-07-20T08:54:57.126+0000] {processor.py:829} INFO - Processing file /opt/airflow/dags/dag_suivi.py for tasks to queue
[2026-07-20T08:54:57.127+0000] {logging_mixin.py:151} INFO - [2026-07-20T08:54:57.127+0000] {dagbag.py:536} INFO - Filling up the DagBag from /opt/airflow/dags/dag_suivi.py
[2026-07-20T08:54:57.146+0000] {processor.py:839} INFO - DAG(s) dict_keys(['pipeline_ingestion_suivi']) retrieved from /opt/airflow/dags/dag_suivi.py
[2026-07-20T08:54:57.169+0000] {logging_mixin.py:151} INFO - [2026-07-20T08:54:57.168+0000] {dag.py:2941} INFO - Sync 1 DAGs
[2026-07-20T08:54:57.186+0000] {logging_mixin.py:151} INFO - [2026-07-20T08:54:57.186+0000] {dag.py:3722} INFO - Setting next_dagrun for pipeline_ingestion_suivi to 2026-07-20T08:00:00+00:00, run_after=2026-07-20T09:00:00+00:00
[2026-07-20T08:54:57.207+0000] {processor.py:179} INFO - Processing /opt/airflow/dags/dag_suivi.py took 0.085 seconds
[2026-07-20T08:55:27.434+0000] {processor.py:157} INFO - Started process (PID=3024) to work on /opt/airflow/dags/dag_suivi.py
[2026-07-20T08:55:27.434+0000] {processor.py:829} INFO - Processing file /opt/airflow/dags/dag_suivi.py for tasks to queue
[2026-07-20T08:55:27.435+0000] {logging_mixin.py:151} INFO - [2026-07-20T08:55:27.435+0000] {dagbag.py:536} INFO - Filling up the DagBag from /opt/airflow/dags/dag_suivi.py
[2026-07-20T08:55:27.456+0000] {processor.py:839} INFO - DAG(s) dict_keys(['pipeline_ingestion_suivi']) retrieved from /opt/airflow/dags/dag_suivi.py
[2026-07-20T08:55:27.478+0000] {logging_mixin.py:151} INFO - [2026-07-20T08:55:27.478+0000] {dag.py:2941} INFO - Sync 1 DAGs
[2026-07-20T08:55:27.495+0000] {logging_mixin.py:151} INFO - [2026-07-20T08:55:27.495+0000] {dag.py:3722} INFO - Setting next_dagrun for pipeline_ingestion_suivi to 2026-07-20T08:00:00+00:00, run_after=2026-07-20T09:00:00+00:00
[2026-07-20T08:55:27.521+0000] {processor.py:179} INFO - Processing /opt/airflow/dags/dag_suivi.py took 0.089 seconds
[2026-07-20T08:55:57.702+0000] {processor.py:157} INFO - Started process (PID=3029) to work on /opt/airflow/dags/dag_suivi.py
[2026-07-20T08:55:57.703+0000] {processor.py:829} INFO - Processing file /opt/airflow/dags/dag_suivi.py for tasks to queue
[2026-07-20T08:55:57.704+0000] {logging_mixin.py:151} INFO - [2026-07-20T08:55:57.704+0000] {dagbag.py:536} INFO - Filling up the DagBag from /opt/airflow/dags/dag_suivi.py
[2026-07-20T08:55:57.730+0000] {processor.py:839} INFO - DAG(s) dict_keys(['pipeline_ingestion_suivi']) retrieved from /opt/airflow/dags/dag_suivi.py
[2026-07-20T08:55:57.765+0000] {logging_mixin.py:151} INFO - [2026-07-20T08:55:57.765+0000] {dag.py:2941} INFO - Sync 1 DAGs
[2026-07-20T08:55:57.782+0000] {logging_mixin.py:151} INFO - [2026-07-20T08:55:57.782+0000] {dag.py:3722} INFO - Setting next_dagrun for pipeline_ingestion_suivi to 2026-07-20T08:00:00+00:00, run_after=2026-07-20T09:00:00+00:00
[2026-07-20T08:55:57.799+0000] {processor.py:179} INFO - Processing /opt/airflow/dags/dag_suivi.py took 0.101 seconds
[2026-07-20T08:56:28.024+0000] {processor.py:157} INFO - Started process (PID=3034) to work on /opt/airflow/dags/dag_suivi.py
[2026-07-20T08:56:28.024+0000] {processor.py:829} INFO - Processing file /opt/airflow/dags/dag_suivi.py for tasks to queue
[2026-07-20T08:56:28.025+0000] {logging_mixin.py:151} INFO - [2026-07-20T08:56:28.025+0000] {dagbag.py:536} INFO - Filling up the DagBag from /opt/airflow/dags/dag_suivi.py
[2026-07-20T08:56:28.042+0000] {processor.py:839} INFO - DAG(s) dict_keys(['pipeline_ingestion_suivi']) retrieved from /opt/airflow/dags/dag_suivi.py
[2026-07-20T08:56:28.063+0000] {logging_mixin.py:151} INFO - [2026-07-20T08:56:28.063+0000] {dag.py:2941} INFO - Sync 1 DAGs
[2026-07-20T08:56:28.080+0000] {logging_mixin.py:151} INFO - [2026-07-20T08:56:28.079+0000] {dag.py:3722} INFO - Setting next_dagrun for pipeline_ingestion_suivi to 2026-07-20T08:00:00+00:00, run_after=2026-07-20T09:00:00+00:00
[2026-07-20T08:56:28.096+0000] {processor.py:179} INFO - Processing /opt/airflow/dags/dag_suivi.py took 0.075 seconds
[2026-07-20T08:56:58.252+0000] {processor.py:157} INFO - Started process (PID=3039) to work on /opt/airflow/dags/dag_suivi.py
[2026-07-20T08:56:58.253+0000] {processor.py:829} INFO - Processing file /opt/airflow/dags/dag_suivi.py for tasks to queue
[2026-07-20T08:56:58.254+0000] {logging_mixin.py:151} INFO - [2026-07-20T08:56:58.253+0000] {dagbag.py:536} INFO - Filling up the DagBag from /opt/airflow/dags/dag_suivi.py
[2026-07-20T08:56:58.273+0000] {processor.py:839} INFO - DAG(s) dict_keys(['pipeline_ingestion_suivi']) retrieved from /opt/airflow/dags/dag_suivi.py
[2026-07-20T08:56:58.297+0000] {logging_mixin.py:151} INFO - [2026-07-20T08:56:58.297+0000] {dag.py:2941} INFO - Sync 1 DAGs
[2026-07-20T08:56:58.320+0000] {logging_mixin.py:151} INFO - [2026-07-20T08:56:58.320+0000] {dag.py:3722} INFO - Setting next_dagrun for pipeline_ingestion_suivi to 2026-07-20T08:00:00+00:00, run_after=2026-07-20T09:00:00+00:00
[2026-07-20T08:56:58.339+0000] {processor.py:179} INFO - Processing /opt/airflow/dags/dag_suivi.py took 0.091 seconds
[2026-07-20T08:57:28.559+0000] {processor.py:157} INFO - Started process (PID=3044) to work on /opt/airflow/dags/dag_suivi.py
[2026-07-20T08:57:28.560+0000] {processor.py:829} INFO - Processing file /opt/airflow/dags/dag_suivi.py for tasks to queue
[2026-07-20T08:57:28.560+0000] {logging_mixin.py:151} INFO - [2026-07-20T08:57:28.560+0000] {dagbag.py:536} INFO - Filling up the DagBag from /opt/airflow/dags/dag_suivi.py
[2026-07-20T08:57:28.579+0000] {processor.py:839} INFO - DAG(s) dict_keys(['pipeline_ingestion_suivi']) retrieved from /opt/airflow/dags/dag_suivi.py
[2026-07-20T08:57:28.604+0000] {logging_mixin.py:151} INFO - [2026-07-20T08:57:28.604+0000] {dag.py:2941} INFO - Sync 1 DAGs
[2026-07-20T08:57:28.623+0000] {logging_mixin.py:151} INFO - [2026-07-20T08:57:28.622+0000] {dag.py:3722} INFO - Setting next_dagrun for pipeline_ingestion_suivi to 2026-07-20T08:00:00+00:00, run_after=2026-07-20T09:00:00+00:00
[2026-07-20T08:57:28.644+0000] {processor.py:179} INFO - Processing /opt/airflow/dags/dag_suivi.py took 0.087 seconds
[2026-07-20T08:57:58.932+0000] {processor.py:157} INFO - Started process (PID=3049) to work on /opt/airflow/dags/dag_suivi.py
[2026-07-20T08:57:58.933+0000] {processor.py:829} INFO - Processing file /opt/airflow/dags/dag_suivi.py for tasks to queue
[2026-07-20T08:57:58.934+0000] {logging_mixin.py:151} INFO - [2026-07-20T08:57:58.934+0000] {dagbag.py:536} INFO - Filling up the DagBag from /opt/airflow/dags/dag_suivi.py
[2026-07-20T08:57:58.955+0000] {processor.py:839} INFO - DAG(s) dict_keys(['pipeline_ingestion_suivi']) retrieved from /opt/airflow/dags/dag_suivi.py
[2026-07-20T08:57:58.995+0000] {logging_mixin.py:151} INFO - [2026-07-20T08:57:58.995+0000] {dag.py:2941} INFO - Sync 1 DAGs
[2026-07-20T08:57:59.018+0000] {logging_mixin.py:151} INFO - [2026-07-20T08:57:59.017+0000] {dag.py:3722} INFO - Setting next_dagrun for pipeline_ingestion_suivi to 2026-07-20T08:00:00+00:00, run_after=2026-07-20T09:00:00+00:00
[2026-07-20T08:57:59.040+0000] {processor.py:179} INFO - Processing /opt/airflow/dags/dag_suivi.py took 0.111 seconds
[2026-07-20T08:58:29.224+0000] {processor.py:157} INFO - Started process (PID=3054) to work on /opt/airflow/dags/dag_suivi.py
[2026-07-20T08:58:29.225+0000] {processor.py:829} INFO - Processing file /opt/airflow/dags/dag_suivi.py for tasks to queue
[2026-07-20T08:58:29.227+0000] {logging_mixin.py:151} INFO - [2026-07-20T08:58:29.226+0000] {dagbag.py:536} INFO - Filling up the DagBag from /opt/airflow/dags/dag_suivi.py
[2026-07-20T08:58:29.251+0000] {processor.py:839} INFO - DAG(s) dict_keys(['pipeline_ingestion_suivi']) retrieved from /opt/airflow/dags/dag_suivi.py
[2026-07-20T08:58:29.277+0000] {logging_mixin.py:151} INFO - [2026-07-20T08:58:29.276+0000] {dag.py:2941} INFO - Sync 1 DAGs
[2026-07-20T08:58:29.297+0000] {logging_mixin.py:151} INFO - [2026-07-20T08:58:29.296+0000] {dag.py:3722} INFO - Setting next_dagrun for pipeline_ingestion_suivi to 2026-07-20T08:00:00+00:00, run_after=2026-07-20T09:00:00+00:00
[2026-07-20T08:58:29.315+0000] {processor.py:179} INFO - Processing /opt/airflow/dags/dag_suivi.py took 0.094 seconds
[2026-07-20T08:58:59.480+0000] {processor.py:157} INFO - Started process (PID=3059) to work on /opt/airflow/dags/dag_suivi.py
[2026-07-20T08:58:59.481+0000] {processor.py:829} INFO - Processing file /opt/airflow/dags/dag_suivi.py for tasks to queue
[2026-07-20T08:58:59.483+0000] {logging_mixin.py:151} INFO - [2026-07-20T08:58:59.482+0000] {dagbag.py:536} INFO - Filling up the DagBag from /opt/airflow/dags/dag_suivi.py
[2026-07-20T08:58:59.527+0000] {processor.py:839} INFO - DAG(s) dict_keys(['pipeline_ingestion_suivi']) retrieved from /opt/airflow/dags/dag_suivi.py
[2026-07-20T08:58:59.590+0000] {logging_mixin.py:151} INFO - [2026-07-20T08:58:59.589+0000] {dag.py:2941} INFO - Sync 1 DAGs
[2026-07-20T08:58:59.634+0000] {logging_mixin.py:151} INFO - [2026-07-20T08:58:59.634+0000] {dag.py:3722} INFO - Setting next_dagrun for pipeline_ingestion_suivi to 2026-07-20T08:00:00+00:00, run_after=2026-07-20T09:00:00+00:00
[2026-07-20T08:58:59.674+0000] {processor.py:179} INFO - Processing /opt/airflow/dags/dag_suivi.py took 0.200 seconds
[2026-07-20T08:59:29.782+0000] {processor.py:157} INFO - Started process (PID=3064) to work on /opt/airflow/dags/dag_suivi.py
[2026-07-20T08:59:29.784+0000] {processor.py:829} INFO - Processing file /opt/airflow/dags/dag_suivi.py for tasks to queue
[2026-07-20T08:59:29.785+0000] {logging_mixin.py:151} INFO - [2026-07-20T08:59:29.785+0000] {dagbag.py:536} INFO - Filling up the DagBag from /opt/airflow/dags/dag_suivi.py
[2026-07-20T08:59:29.808+0000] {processor.py:839} INFO - DAG(s) dict_keys(['pipeline_ingestion_suivi']) retrieved from /opt/airflow/dags/dag_suivi.py
[2026-07-20T08:59:29.839+0000] {logging_mixin.py:151} INFO - [2026-07-20T08:59:29.839+0000] {dag.py:2941} INFO - Sync 1 DAGs
[2026-07-20T08:59:29.863+0000] {logging_mixin.py:151} INFO - [2026-07-20T08:59:29.862+0000] {dag.py:3722} INFO - Setting next_dagrun for pipeline_ingestion_suivi to 2026-07-20T08:00:00+00:00, run_after=2026-07-20T09:00:00+00:00
[2026-07-20T08:59:29.883+0000] {processor.py:179} INFO - Processing /opt/airflow/dags/dag_suivi.py took 0.106 seconds
[2026-07-20T09:00:00.242+0000] {processor.py:157} INFO - Started process (PID=3069) to work on /opt/airflow/dags/dag_suivi.py
[2026-07-20T09:00:00.245+0000] {processor.py:829} INFO - Processing file /opt/airflow/dags/dag_suivi.py for tasks to queue
[2026-07-20T09:00:00.246+0000] {logging_mixin.py:151} INFO - [2026-07-20T09:00:00.246+0000] {dagbag.py:536} INFO - Filling up the DagBag from /opt/airflow/dags/dag_suivi.py
[2026-07-20T09:00:00.361+0000] {processor.py:839} INFO - DAG(s) dict_keys(['pipeline_ingestion_suivi']) retrieved from /opt/airflow/dags/dag_suivi.py
[2026-07-20T09:00:00.461+0000] {logging_mixin.py:151} INFO - [2026-07-20T09:00:00.461+0000] {dag.py:2941} INFO - Sync 1 DAGs
[2026-07-20T09:00:00.579+0000] {logging_mixin.py:151} INFO - [2026-07-20T09:00:00.579+0000] {dag.py:3722} INFO - Setting next_dagrun for pipeline_ingestion_suivi to 2026-07-20T08:00:00+00:00, run_after=2026-07-20T09:00:00+00:00
[2026-07-20T09:00:00.658+0000] {processor.py:179} INFO - Processing /opt/airflow/dags/dag_suivi.py took 0.425 seconds
[2026-07-20T09:00:30.928+0000] {processor.py:157} INFO - Started process (PID=3076) to work on /opt/airflow/dags/dag_suivi.py
[2026-07-20T09:00:30.929+0000] {processor.py:829} INFO - Processing file /opt/airflow/dags/dag_suivi.py for tasks to queue
[2026-07-20T09:00:30.930+0000] {logging_mixin.py:151} INFO - [2026-07-20T09:00:30.930+0000] {dagbag.py:536} INFO - Filling up the DagBag from /opt/airflow/dags/dag_suivi.py
[2026-07-20T09:00:30.949+0000] {processor.py:839} INFO - DAG(s) dict_keys(['pipeline_ingestion_suivi']) retrieved from /opt/airflow/dags/dag_suivi.py
[2026-07-20T09:00:30.974+0000] {logging_mixin.py:151} INFO - [2026-07-20T09:00:30.974+0000] {dag.py:2941} INFO - Sync 1 DAGs
[2026-07-20T09:00:30.993+0000] {logging_mixin.py:151} INFO - [2026-07-20T09:00:30.992+0000] {dag.py:3722} INFO - Setting next_dagrun for pipeline_ingestion_suivi to 2026-07-20T09:00:00+00:00, run_after=2026-07-20T10:00:00+00:00
[2026-07-20T09:00:31.011+0000] {processor.py:179} INFO - Processing /opt/airflow/dags/dag_suivi.py took 0.087 seconds
[2026-07-20T09:01:01.114+0000] {processor.py:157} INFO - Started process (PID=3081) to work on /opt/airflow/dags/dag_suivi.py
[2026-07-20T09:01:01.114+0000] {processor.py:829} INFO - Processing file /opt/airflow/dags/dag_suivi.py for tasks to queue
[2026-07-20T09:01:01.115+0000] {logging_mixin.py:151} INFO - [2026-07-20T09:01:01.115+0000] {dagbag.py:536} INFO - Filling up the DagBag from /opt/airflow/dags/dag_suivi.py
[2026-07-20T09:01:01.136+0000] {processor.py:839} INFO - DAG(s) dict_keys(['pipeline_ingestion_suivi']) retrieved from /opt/airflow/dags/dag_suivi.py
[2026-07-20T09:01:01.161+0000] {logging_mixin.py:151} INFO - [2026-07-20T09:01:01.160+0000] {dag.py:2941} INFO - Sync 1 DAGs
[2026-07-20T09:01:01.179+0000] {logging_mixin.py:151} INFO - [2026-07-20T09:01:01.179+0000] {dag.py:3722} INFO - Setting next_dagrun for pipeline_ingestion_suivi to 2026-07-20T09:00:00+00:00, run_after=2026-07-20T10:00:00+00:00
[2026-07-20T09:01:01.196+0000] {processor.py:179} INFO - Processing /opt/airflow/dags/dag_suivi.py took 0.085 seconds
[2026-07-20T09:01:31.409+0000] {processor.py:157} INFO - Started process (PID=3086) to work on /opt/airflow/dags/dag_suivi.py
[2026-07-20T09:01:31.410+0000] {processor.py:829} INFO - Processing file /opt/airflow/dags/dag_suivi.py for tasks to queue
[2026-07-20T09:01:31.411+0000] {logging_mixin.py:151} INFO - [2026-07-20T09:01:31.410+0000] {dagbag.py:536} INFO - Filling up the DagBag from /opt/airflow/dags/dag_suivi.py
[2026-07-20T09:01:31.436+0000] {processor.py:839} INFO - DAG(s) dict_keys(['pipeline_ingestion_suivi']) retrieved from /opt/airflow/dags/dag_suivi.py
[2026-07-20T09:01:31.464+0000] {logging_mixin.py:151} INFO - [2026-07-20T09:01:31.464+0000] {dag.py:2941} INFO - Sync 1 DAGs
[2026-07-20T09:01:31.488+0000] {logging_mixin.py:151} INFO - [2026-07-20T09:01:31.488+0000] {dag.py:3722} INFO - Setting next_dagrun for pipeline_ingestion_suivi to 2026-07-20T09:00:00+00:00, run_after=2026-07-20T10:00:00+00:00
[2026-07-20T09:01:31.509+0000] {processor.py:179} INFO - Processing /opt/airflow/dags/dag_suivi.py took 0.104 seconds
[2026-07-20T09:02:01.702+0000] {processor.py:157} INFO - Started process (PID=3091) to work on /opt/airflow/dags/dag_suivi.py
[2026-07-20T09:02:01.703+0000] {processor.py:829} INFO - Processing file /opt/airflow/dags/dag_suivi.py for tasks to queue
[2026-07-20T09:02:01.704+0000] {logging_mixin.py:151} INFO - [2026-07-20T09:02:01.704+0000] {dagbag.py:536} INFO - Filling up the DagBag from /opt/airflow/dags/dag_suivi.py
[2026-07-20T09:02:01.728+0000] {processor.py:839} INFO - DAG(s) dict_keys(['pipeline_ingestion_suivi']) retrieved from /opt/airflow/dags/dag_suivi.py
[2026-07-20T09:02:01.754+0000] {logging_mixin.py:151} INFO - [2026-07-20T09:02:01.753+0000] {dag.py:2941} INFO - Sync 1 DAGs
[2026-07-20T09:02:01.776+0000] {logging_mixin.py:151} INFO - [2026-07-20T09:02:01.775+0000] {dag.py:3722} INFO - Setting next_dagrun for pipeline_ingestion_suivi to 2026-07-20T09:00:00+00:00, run_after=2026-07-20T10:00:00+00:00
[2026-07-20T09:02:01.794+0000] {processor.py:179} INFO - Processing /opt/airflow/dags/dag_suivi.py took 0.095 seconds
[2026-07-20T09:02:31.981+0000] {processor.py:157} INFO - Started process (PID=3096) to work on /opt/airflow/dags/dag_suivi.py
[2026-07-20T09:02:31.982+0000] {processor.py:829} INFO - Processing file /opt/airflow/dags/dag_suivi.py for tasks to queue
[2026-07-20T09:02:31.983+0000] {logging_mixin.py:151} INFO - [2026-07-20T09:02:31.982+0000] {dagbag.py:536} INFO - Filling up the DagBag from /opt/airflow/dags/dag_suivi.py
[2026-07-20T09:02:31.998+0000] {processor.py:839} INFO - DAG(s) dict_keys(['pipeline_ingestion_suivi']) retrieved from /opt/airflow/dags/dag_suivi.py
[2026-07-20T09:02:32.020+0000] {logging_mixin.py:151} INFO - [2026-07-20T09:02:32.019+0000] {dag.py:2941} INFO - Sync 1 DAGs
[2026-07-20T09:02:32.036+0000] {logging_mixin.py:151} INFO - [2026-07-20T09:02:32.036+0000] {dag.py:3722} INFO - Setting next_dagrun for pipeline_ingestion_suivi to 2026-07-20T09:00:00+00:00, run_after=2026-07-20T10:00:00+00:00
[2026-07-20T09:02:32.054+0000] {processor.py:179} INFO - Processing /opt/airflow/dags/dag_suivi.py took 0.076 seconds
[2026-07-20T09:03:02.221+0000] {processor.py:157} INFO - Started process (PID=3101) to work on /opt/airflow/dags/dag_suivi.py
[2026-07-20T09:03:02.222+0000] {processor.py:829} INFO - Processing file /opt/airflow/dags/dag_suivi.py for tasks to queue
[2026-07-20T09:03:02.223+0000] {logging_mixin.py:151} INFO - [2026-07-20T09:03:02.222+0000] {dagbag.py:536} INFO - Filling up the DagBag from /opt/airflow/dags/dag_suivi.py
[2026-07-20T09:03:02.240+0000] {processor.py:839} INFO - DAG(s) dict_keys(['pipeline_ingestion_suivi']) retrieved from /opt/airflow/dags/dag_suivi.py
[2026-07-20T09:03:02.263+0000] {logging_mixin.py:151} INFO - [2026-07-20T09:03:02.263+0000] {dag.py:2941} INFO - Sync 1 DAGs
[2026-07-20T09:03:02.288+0000] {logging_mixin.py:151} INFO - [2026-07-20T09:03:02.288+0000] {dag.py:3722} INFO - Setting next_dagrun for pipeline_ingestion_suivi to 2026-07-20T09:00:00+00:00, run_after=2026-07-20T10:00:00+00:00
[2026-07-20T09:03:02.317+0000] {processor.py:179} INFO - Processing /opt/airflow/dags/dag_suivi.py took 0.099 seconds
[2026-07-20T09:03:32.502+0000] {processor.py:157} INFO - Started process (PID=3106) to work on /opt/airflow/dags/dag_suivi.py
[2026-07-20T09:03:32.503+0000] {processor.py:829} INFO - Processing file /opt/airflow/dags/dag_suivi.py for tasks to queue
[2026-07-20T09:03:32.503+0000] {logging_mixin.py:151} INFO - [2026-07-20T09:03:32.503+0000] {dagbag.py:536} INFO - Filling up the DagBag from /opt/airflow/dags/dag_suivi.py
[2026-07-20T09:03:32.521+0000] {processor.py:839} INFO - DAG(s) dict_keys(['pipeline_ingestion_suivi']) retrieved from /opt/airflow/dags/dag_suivi.py
[2026-07-20T09:03:32.543+0000] {logging_mixin.py:151} INFO - [2026-07-20T09:03:32.543+0000] {dag.py:2941} INFO - Sync 1 DAGs
[2026-07-20T09:03:32.559+0000] {logging_mixin.py:151} INFO - [2026-07-20T09:03:32.559+0000] {dag.py:3722} INFO - Setting next_dagrun for pipeline_ingestion_suivi to 2026-07-20T09:00:00+00:00, run_after=2026-07-20T10:00:00+00:00
[2026-07-20T09:03:32.576+0000] {processor.py:179} INFO - Processing /opt/airflow/dags/dag_suivi.py took 0.077 seconds
[2026-07-20T09:04:02.787+0000] {processor.py:157} INFO - Started process (PID=3111) to work on /opt/airflow/dags/dag_suivi.py
[2026-07-20T09:04:02.787+0000] {processor.py:829} INFO - Processing file /opt/airflow/dags/dag_suivi.py for tasks to queue
[2026-07-20T09:04:02.788+0000] {logging_mixin.py:151} INFO - [2026-07-20T09:04:02.788+0000] {dagbag.py:536} INFO - Filling up the DagBag from /opt/airflow/dags/dag_suivi.py
[2026-07-20T09:04:02.805+0000] {processor.py:839} INFO - DAG(s) dict_keys(['pipeline_ingestion_suivi']) retrieved from /opt/airflow/dags/dag_suivi.py
[2026-07-20T09:04:02.838+0000] {logging_mixin.py:151} INFO - [2026-07-20T09:04:02.838+0000] {dag.py:2941} INFO - Sync 1 DAGs
[2026-07-20T09:04:02.856+0000] {logging_mixin.py:151} INFO - [2026-07-20T09:04:02.855+0000] {dag.py:3722} INFO - Setting next_dagrun for pipeline_ingestion_suivi to 2026-07-20T09:00:00+00:00, run_after=2026-07-20T10:00:00+00:00
[2026-07-20T09:04:02.873+0000] {processor.py:179} INFO - Processing /opt/airflow/dags/dag_suivi.py took 0.088 seconds
[2026-07-20T09:04:33.063+0000] {processor.py:157} INFO - Started process (PID=3116) to work on /opt/airflow/dags/dag_suivi.py
[2026-07-20T09:04:33.064+0000] {processor.py:829} INFO - Processing file /opt/airflow/dags/dag_suivi.py for tasks to queue
[2026-07-20T09:04:33.065+0000] {logging_mixin.py:151} INFO - [2026-07-20T09:04:33.065+0000] {dagbag.py:536} INFO - Filling up the DagBag from /opt/airflow/dags/dag_suivi.py
[2026-07-20T09:04:33.083+0000] {processor.py:839} INFO - DAG(s) dict_keys(['pipeline_ingestion_suivi']) retrieved from /opt/airflow/dags/dag_suivi.py
[2026-07-20T09:04:33.105+0000] {logging_mixin.py:151} INFO - [2026-07-20T09:04:33.105+0000] {dag.py:2941} INFO - Sync 1 DAGs
[2026-07-20T09:04:33.121+0000] {logging_mixin.py:151} INFO - [2026-07-20T09:04:33.121+0000] {dag.py:3722} INFO - Setting next_dagrun for pipeline_ingestion_suivi to 2026-07-20T09:00:00+00:00, run_after=2026-07-20T10:00:00+00:00
[2026-07-20T09:04:33.151+0000] {processor.py:179} INFO - Processing /opt/airflow/dags/dag_suivi.py took 0.091 seconds
[2026-07-20T09:05:03.376+0000] {processor.py:157} INFO - Started process (PID=3121) to work on /opt/airflow/dags/dag_suivi.py
[2026-07-20T09:05:03.376+0000] {processor.py:829} INFO - Processing file /opt/airflow/dags/dag_suivi.py for tasks to queue
[2026-07-20T09:05:03.377+0000] {logging_mixin.py:151} INFO - [2026-07-20T09:05:03.377+0000] {dagbag.py:536} INFO - Filling up the DagBag from /opt/airflow/dags/dag_suivi.py
[2026-07-20T09:05:03.393+0000] {processor.py:839} INFO - DAG(s) dict_keys(['pipeline_ingestion_suivi']) retrieved from /opt/airflow/dags/dag_suivi.py
[2026-07-20T09:05:03.414+0000] {logging_mixin.py:151} INFO - [2026-07-20T09:05:03.414+0000] {dag.py:2941} INFO - Sync 1 DAGs
[2026-07-20T09:05:03.430+0000] {logging_mixin.py:151} INFO - [2026-07-20T09:05:03.430+0000] {dag.py:3722} INFO - Setting next_dagrun for pipeline_ingestion_suivi to 2026-07-20T09:00:00+00:00, run_after=2026-07-20T10:00:00+00:00
[2026-07-20T09:05:03.448+0000] {processor.py:179} INFO - Processing /opt/airflow/dags/dag_suivi.py took 0.075 seconds
[2026-07-20T09:05:33.606+0000] {processor.py:157} INFO - Started process (PID=3126) to work on /opt/airflow/dags/dag_suivi.py
[2026-07-20T09:05:33.606+0000] {processor.py:829} INFO - Processing file /opt/airflow/dags/dag_suivi.py for tasks to queue
[2026-07-20T09:05:33.607+0000] {logging_mixin.py:151} INFO - [2026-07-20T09:05:33.607+0000] {dagbag.py:536} INFO - Filling up the DagBag from /opt/airflow/dags/dag_suivi.py
[2026-07-20T09:05:33.624+0000] {processor.py:839} INFO - DAG(s) dict_keys(['pipeline_ingestion_suivi']) retrieved from /opt/airflow/dags/dag_suivi.py
[2026-07-20T09:05:33.646+0000] {logging_mixin.py:151} INFO - [2026-07-20T09:05:33.646+0000] {dag.py:2941} INFO - Sync 1 DAGs
[2026-07-20T09:05:33.663+0000] {logging_mixin.py:151} INFO - [2026-07-20T09:05:33.663+0000] {dag.py:3722} INFO - Setting next_dagrun for pipeline_ingestion_suivi to 2026-07-20T09:00:00+00:00, run_after=2026-07-20T10:00:00+00:00
[2026-07-20T09:05:33.679+0000] {processor.py:179} INFO - Processing /opt/airflow/dags/dag_suivi.py took 0.076 seconds
[2026-07-20T09:06:03.956+0000] {processor.py:157} INFO - Started process (PID=3131) to work on /opt/airflow/dags/dag_suivi.py
[2026-07-20T09:06:03.956+0000] {processor.py:829} INFO - Processing file /opt/airflow/dags/dag_suivi.py for tasks to queue
[2026-07-20T09:06:03.958+0000] {logging_mixin.py:151} INFO - [2026-07-20T09:06:03.957+0000] {dagbag.py:536} INFO - Filling up the DagBag from /opt/airflow/dags/dag_suivi.py
[2026-07-20T09:06:03.986+0000] {processor.py:839} INFO - DAG(s) dict_keys(['pipeline_ingestion_suivi']) retrieved from /opt/airflow/dags/dag_suivi.py
[2026-07-20T09:06:04.022+0000] {logging_mixin.py:151} INFO - [2026-07-20T09:06:04.022+0000] {dag.py:2941} INFO - Sync 1 DAGs
[2026-07-20T09:06:04.047+0000] {logging_mixin.py:151} INFO - [2026-07-20T09:06:04.046+0000] {dag.py:3722} INFO - Setting next_dagrun for pipeline_ingestion_suivi to 2026-07-20T09:00:00+00:00, run_after=2026-07-20T10:00:00+00:00
[2026-07-20T09:06:04.067+0000] {processor.py:179} INFO - Processing /opt/airflow/dags/dag_suivi.py took 0.115 seconds
[2026-07-20T09:06:34.236+0000] {processor.py:157} INFO - Started process (PID=3136) to work on /opt/airflow/dags/dag_suivi.py
[2026-07-20T09:06:34.236+0000] {processor.py:829} INFO - Processing file /opt/airflow/dags/dag_suivi.py for tasks to queue
[2026-07-20T09:06:34.237+0000] {logging_mixin.py:151} INFO - [2026-07-20T09:06:34.237+0000] {dagbag.py:536} INFO - Filling up the DagBag from /opt/airflow/dags/dag_suivi.py
[2026-07-20T09:06:34.256+0000] {processor.py:839} INFO - DAG(s) dict_keys(['pipeline_ingestion_suivi']) retrieved from /opt/airflow/dags/dag_suivi.py
[2026-07-20T09:06:34.279+0000] {logging_mixin.py:151} INFO - [2026-07-20T09:06:34.279+0000] {dag.py:2941} INFO - Sync 1 DAGs
[2026-07-20T09:06:34.297+0000] {logging_mixin.py:151} INFO - [2026-07-20T09:06:34.297+0000] {dag.py:3722} INFO - Setting next_dagrun for pipeline_ingestion_suivi to 2026-07-20T09:00:00+00:00, run_after=2026-07-20T10:00:00+00:00
[2026-07-20T09:06:34.315+0000] {processor.py:179} INFO - Processing /opt/airflow/dags/dag_suivi.py took 0.082 seconds
[2026-07-20T09:07:04.550+0000] {processor.py:157} INFO - Started process (PID=3141) to work on /opt/airflow/dags/dag_suivi.py
[2026-07-20T09:07:04.551+0000] {processor.py:829} INFO - Processing file /opt/airflow/dags/dag_suivi.py for tasks to queue
[2026-07-20T09:07:04.551+0000] {logging_mixin.py:151} INFO - [2026-07-20T09:07:04.551+0000] {dagbag.py:536} INFO - Filling up the DagBag from /opt/airflow/dags/dag_suivi.py
[2026-07-20T09:07:04.568+0000] {processor.py:839} INFO - DAG(s) dict_keys(['pipeline_ingestion_suivi']) retrieved from /opt/airflow/dags/dag_suivi.py
[2026-07-20T09:07:04.591+0000] {logging_mixin.py:151} INFO - [2026-07-20T09:07:04.590+0000] {dag.py:2941} INFO - Sync 1 DAGs
[2026-07-20T09:07:04.608+0000] {logging_mixin.py:151} INFO - [2026-07-20T09:07:04.608+0000] {dag.py:3722} INFO - Setting next_dagrun for pipeline_ingestion_suivi to 2026-07-20T09:00:00+00:00, run_after=2026-07-20T10:00:00+00:00
[2026-07-20T09:07:04.626+0000] {processor.py:179} INFO - Processing /opt/airflow/dags/dag_suivi.py took 0.078 seconds
[2026-07-20T09:07:34.766+0000] {processor.py:157} INFO - Started process (PID=3146) to work on /opt/airflow/dags/dag_suivi.py
[2026-07-20T09:07:34.767+0000] {processor.py:829} INFO - Processing file /opt/airflow/dags/dag_suivi.py for tasks to queue
[2026-07-20T09:07:34.767+0000] {logging_mixin.py:151} INFO - [2026-07-20T09:07:34.767+0000] {dagbag.py:536} INFO - Filling up the DagBag from /opt/airflow/dags/dag_suivi.py
[2026-07-20T09:07:34.784+0000] {processor.py:839} INFO - DAG(s) dict_keys(['pipeline_ingestion_suivi']) retrieved from /opt/airflow/dags/dag_suivi.py
[2026-07-20T09:07:34.811+0000] {logging_mixin.py:151} INFO - [2026-07-20T09:07:34.811+0000] {dag.py:2941} INFO - Sync 1 DAGs
[2026-07-20T09:07:34.831+0000] {logging_mixin.py:151} INFO - [2026-07-20T09:07:34.831+0000] {dag.py:3722} INFO - Setting next_dagrun for pipeline_ingestion_suivi to 2026-07-20T09:00:00+00:00, run_after=2026-07-20T10:00:00+00:00
[2026-07-20T09:07:34.847+0000] {processor.py:179} INFO - Processing /opt/airflow/dags/dag_suivi.py took 0.085 seconds
[2026-07-20T09:08:05.073+0000] {processor.py:157} INFO - Started process (PID=3151) to work on /opt/airflow/dags/dag_suivi.py
[2026-07-20T09:08:05.074+0000] {processor.py:829} INFO - Processing file /opt/airflow/dags/dag_suivi.py for tasks to queue
[2026-07-20T09:08:05.075+0000] {logging_mixin.py:151} INFO - [2026-07-20T09:08:05.075+0000] {dagbag.py:536} INFO - Filling up the DagBag from /opt/airflow/dags/dag_suivi.py
[2026-07-20T09:08:05.092+0000] {processor.py:839} INFO - DAG(s) dict_keys(['pipeline_ingestion_suivi']) retrieved from /opt/airflow/dags/dag_suivi.py
[2026-07-20T09:08:05.115+0000] {logging_mixin.py:151} INFO - [2026-07-20T09:08:05.115+0000] {dag.py:2941} INFO - Sync 1 DAGs
[2026-07-20T09:08:05.133+0000] {logging_mixin.py:151} INFO - [2026-07-20T09:08:05.133+0000] {dag.py:3722} INFO - Setting next_dagrun for pipeline_ingestion_suivi to 2026-07-20T09:00:00+00:00, run_after=2026-07-20T10:00:00+00:00
[2026-07-20T09:08:05.150+0000] {processor.py:179} INFO - Processing /opt/airflow/dags/dag_suivi.py took 0.079 seconds
[2026-07-20T09:08:35.350+0000] {processor.py:157} INFO - Started process (PID=3156) to work on /opt/airflow/dags/dag_suivi.py
[2026-07-20T09:08:35.351+0000] {processor.py:829} INFO - Processing file /opt/airflow/dags/dag_suivi.py for tasks to queue
[2026-07-20T09:08:35.352+0000] {logging_mixin.py:151} INFO - [2026-07-20T09:08:35.351+0000] {dagbag.py:536} INFO - Filling up the DagBag from /opt/airflow/dags/dag_suivi.py
[2026-07-20T09:08:35.370+0000] {processor.py:839} INFO - DAG(s) dict_keys(['pipeline_ingestion_suivi']) retrieved from /opt/airflow/dags/dag_suivi.py
[2026-07-20T09:08:35.395+0000] {logging_mixin.py:151} INFO - [2026-07-20T09:08:35.395+0000] {dag.py:2941} INFO - Sync 1 DAGs
[2026-07-20T09:08:35.412+0000] {logging_mixin.py:151} INFO - [2026-07-20T09:08:35.412+0000] {dag.py:3722} INFO - Setting next_dagrun for pipeline_ingestion_suivi to 2026-07-20T09:00:00+00:00, run_after=2026-07-20T10:00:00+00:00
[2026-07-20T09:08:35.437+0000] {processor.py:179} INFO - Processing /opt/airflow/dags/dag_suivi.py took 0.090 seconds
[2026-07-20T09:09:05.627+0000] {processor.py:157} INFO - Started process (PID=3161) to work on /opt/airflow/dags/dag_suivi.py
[2026-07-20T09:09:05.627+0000] {processor.py:829} INFO - Processing file /opt/airflow/dags/dag_suivi.py for tasks to queue
[2026-07-20T09:09:05.628+0000] {logging_mixin.py:151} INFO - [2026-07-20T09:09:05.628+0000] {dagbag.py:536} INFO - Filling up the DagBag from /opt/airflow/dags/dag_suivi.py
[2026-07-20T09:09:05.649+0000] {processor.py:839} INFO - DAG(s) dict_keys(['pipeline_ingestion_suivi']) retrieved from /opt/airflow/dags/dag_suivi.py
[2026-07-20T09:09:05.672+0000] {logging_mixin.py:151} INFO - [2026-07-20T09:09:05.672+0000] {dag.py:2941} INFO - Sync 1 DAGs
[2026-07-20T09:09:05.691+0000] {logging_mixin.py:151} INFO - [2026-07-20T09:09:05.691+0000] {dag.py:3722} INFO - Setting next_dagrun for pipeline_ingestion_suivi to 2026-07-20T09:00:00+00:00, run_after=2026-07-20T10:00:00+00:00
[2026-07-20T09:09:05.711+0000] {processor.py:179} INFO - Processing /opt/airflow/dags/dag_suivi.py took 0.088 seconds
[2026-07-20T09:09:35.885+0000] {processor.py:157} INFO - Started process (PID=3166) to work on /opt/airflow/dags/dag_suivi.py
[2026-07-20T09:09:35.885+0000] {processor.py:829} INFO - Processing file /opt/airflow/dags/dag_suivi.py for tasks to queue
[2026-07-20T09:09:35.886+0000] {logging_mixin.py:151} INFO - [2026-07-20T09:09:35.886+0000] {dagbag.py:536} INFO - Filling up the DagBag from /opt/airflow/dags/dag_suivi.py
[2026-07-20T09:09:35.906+0000] {processor.py:839} INFO - DAG(s) dict_keys(['pipeline_ingestion_suivi']) retrieved from /opt/airflow/dags/dag_suivi.py
[2026-07-20T09:09:35.931+0000] {logging_mixin.py:151} INFO - [2026-07-20T09:09:35.931+0000] {dag.py:2941} INFO - Sync 1 DAGs
[2026-07-20T09:09:35.956+0000] {logging_mixin.py:151} INFO - [2026-07-20T09:09:35.955+0000] {dag.py:3722} INFO - Setting next_dagrun for pipeline_ingestion_suivi to 2026-07-20T09:00:00+00:00, run_after=2026-07-20T10:00:00+00:00
[2026-07-20T09:09:35.973+0000] {processor.py:179} INFO - Processing /opt/airflow/dags/dag_suivi.py took 0.091 seconds
[2026-07-20T09:10:06.235+0000] {processor.py:157} INFO - Started process (PID=3171) to work on /opt/airflow/dags/dag_suivi.py
[2026-07-20T09:10:06.236+0000] {processor.py:829} INFO - Processing file /opt/airflow/dags/dag_suivi.py for tasks to queue
[2026-07-20T09:10:06.236+0000] {logging_mixin.py:151} INFO - [2026-07-20T09:10:06.236+0000] {dagbag.py:536} INFO - Filling up the DagBag from /opt/airflow/dags/dag_suivi.py
[2026-07-20T09:10:06.253+0000] {processor.py:839} INFO - DAG(s) dict_keys(['pipeline_ingestion_suivi']) retrieved from /opt/airflow/dags/dag_suivi.py
[2026-07-20T09:10:06.276+0000] {logging_mixin.py:151} INFO - [2026-07-20T09:10:06.276+0000] {dag.py:2941} INFO - Sync 1 DAGs
[2026-07-20T09:10:06.294+0000] {logging_mixin.py:151} INFO - [2026-07-20T09:10:06.294+0000] {dag.py:3722} INFO - Setting next_dagrun for pipeline_ingestion_suivi to 2026-07-20T09:00:00+00:00, run_after=2026-07-20T10:00:00+00:00
[2026-07-20T09:10:06.322+0000] {processor.py:179} INFO - Processing /opt/airflow/dags/dag_suivi.py took 0.090 seconds
[2026-07-20T09:10:36.487+0000] {processor.py:157} INFO - Started process (PID=3176) to work on /opt/airflow/dags/dag_suivi.py
[2026-07-20T09:10:36.488+0000] {processor.py:829} INFO - Processing file /opt/airflow/dags/dag_suivi.py for tasks to queue
[2026-07-20T09:10:36.488+0000] {logging_mixin.py:151} INFO - [2026-07-20T09:10:36.488+0000] {dagbag.py:536} INFO - Filling up the DagBag from /opt/airflow/dags/dag_suivi.py
[2026-07-20T09:10:36.506+0000] {processor.py:839} INFO - DAG(s) dict_keys(['pipeline_ingestion_suivi']) retrieved from /opt/airflow/dags/dag_suivi.py
[2026-07-20T09:10:36.530+0000] {logging_mixin.py:151} INFO - [2026-07-20T09:10:36.530+0000] {dag.py:2941} INFO - Sync 1 DAGs
[2026-07-20T09:10:36.548+0000] {logging_mixin.py:151} INFO - [2026-07-20T09:10:36.548+0000] {dag.py:3722} INFO - Setting next_dagrun for pipeline_ingestion_suivi to 2026-07-20T09:00:00+00:00, run_after=2026-07-20T10:00:00+00:00
[2026-07-20T09:10:36.565+0000] {processor.py:179} INFO - Processing /opt/airflow/dags/dag_suivi.py took 0.081 seconds
[2026-07-20T09:11:06.752+0000] {processor.py:157} INFO - Started process (PID=3181) to work on /opt/airflow/dags/dag_suivi.py
[2026-07-20T09:11:06.753+0000] {processor.py:829} INFO - Processing file /opt/airflow/dags/dag_suivi.py for tasks to queue
[2026-07-20T09:11:06.754+0000] {logging_mixin.py:151} INFO - [2026-07-20T09:11:06.754+0000] {dagbag.py:536} INFO - Filling up the DagBag from /opt/airflow/dags/dag_suivi.py
[2026-07-20T09:11:06.770+0000] {processor.py:839} INFO - DAG(s) dict_keys(['pipeline_ingestion_suivi']) retrieved from /opt/airflow/dags/dag_suivi.py
[2026-07-20T09:11:06.793+0000] {logging_mixin.py:151} INFO - [2026-07-20T09:11:06.793+0000] {dag.py:2941} INFO - Sync 1 DAGs
[2026-07-20T09:11:06.812+0000] {logging_mixin.py:151} INFO - [2026-07-20T09:11:06.812+0000] {dag.py:3722} INFO - Setting next_dagrun for pipeline_ingestion_suivi to 2026-07-20T09:00:00+00:00, run_after=2026-07-20T10:00:00+00:00
[2026-07-20T09:11:06.830+0000] {processor.py:179} INFO - Processing /opt/airflow/dags/dag_suivi.py took 0.080 seconds
[2026-07-20T09:11:37.010+0000] {processor.py:157} INFO - Started process (PID=3186) to work on /opt/airflow/dags/dag_suivi.py
[2026-07-20T09:11:37.011+0000] {processor.py:829} INFO - Processing file /opt/airflow/dags/dag_suivi.py for tasks to queue
[2026-07-20T09:11:37.011+0000] {logging_mixin.py:151} INFO - [2026-07-20T09:11:37.011+0000] {dagbag.py:536} INFO - Filling up the DagBag from /opt/airflow/dags/dag_suivi.py
[2026-07-20T09:11:37.028+0000] {processor.py:839} INFO - DAG(s) dict_keys(['pipeline_ingestion_suivi']) retrieved from /opt/airflow/dags/dag_suivi.py
[2026-07-20T09:11:37.053+0000] {logging_mixin.py:151} INFO - [2026-07-20T09:11:37.053+0000] {dag.py:2941} INFO - Sync 1 DAGs
[2026-07-20T09:11:37.071+0000] {logging_mixin.py:151} INFO - [2026-07-20T09:11:37.070+0000] {dag.py:3722} INFO - Setting next_dagrun for pipeline_ingestion_suivi to 2026-07-20T09:00:00+00:00, run_after=2026-07-20T10:00:00+00:00
[2026-07-20T09:11:37.091+0000] {processor.py:179} INFO - Processing /opt/airflow/dags/dag_suivi.py took 0.084 seconds
[2026-07-20T09:12:07.370+0000] {processor.py:157} INFO - Started process (PID=3191) to work on /opt/airflow/dags/dag_suivi.py
[2026-07-20T09:12:07.371+0000] {processor.py:829} INFO - Processing file /opt/airflow/dags/dag_suivi.py for tasks to queue
[2026-07-20T09:12:07.372+0000] {logging_mixin.py:151} INFO - [2026-07-20T09:12:07.371+0000] {dagbag.py:536} INFO - Filling up the DagBag from /opt/airflow/dags/dag_suivi.py
[2026-07-20T09:12:07.388+0000] {processor.py:839} INFO - DAG(s) dict_keys(['pipeline_ingestion_suivi']) retrieved from /opt/airflow/dags/dag_suivi.py
[2026-07-20T09:12:07.411+0000] {logging_mixin.py:151} INFO - [2026-07-20T09:12:07.410+0000] {dag.py:2941} INFO - Sync 1 DAGs
[2026-07-20T09:12:07.429+0000] {logging_mixin.py:151} INFO - [2026-07-20T09:12:07.429+0000] {dag.py:3722} INFO - Setting next_dagrun for pipeline_ingestion_suivi to 2026-07-20T09:00:00+00:00, run_after=2026-07-20T10:00:00+00:00
[2026-07-20T09:12:07.446+0000] {processor.py:179} INFO - Processing /opt/airflow/dags/dag_suivi.py took 0.078 seconds
[2026-07-20T09:12:37.643+0000] {processor.py:157} INFO - Started process (PID=3196) to work on /opt/airflow/dags/dag_suivi.py
[2026-07-20T09:12:37.643+0000] {processor.py:829} INFO - Processing file /opt/airflow/dags/dag_suivi.py for tasks to queue
[2026-07-20T09:12:37.644+0000] {logging_mixin.py:151} INFO - [2026-07-20T09:12:37.644+0000] {dagbag.py:536} INFO - Filling up the DagBag from /opt/airflow/dags/dag_suivi.py
[2026-07-20T09:12:37.663+0000] {processor.py:839} INFO - DAG(s) dict_keys(['pipeline_ingestion_suivi']) retrieved from /opt/airflow/dags/dag_suivi.py
[2026-07-20T09:12:37.688+0000] {logging_mixin.py:151} INFO - [2026-07-20T09:12:37.688+0000] {dag.py:2941} INFO - Sync 1 DAGs
[2026-07-20T09:12:37.706+0000] {logging_mixin.py:151} INFO - [2026-07-20T09:12:37.706+0000] {dag.py:3722} INFO - Setting next_dagrun for pipeline_ingestion_suivi to 2026-07-20T09:00:00+00:00, run_after=2026-07-20T10:00:00+00:00
[2026-07-20T09:12:37.723+0000] {processor.py:179} INFO - Processing /opt/airflow/dags/dag_suivi.py took 0.084 seconds
[2026-07-20T09:13:07.933+0000] {processor.py:157} INFO - Started process (PID=3201) to work on /opt/airflow/dags/dag_suivi.py
[2026-07-20T09:13:07.934+0000] {processor.py:829} INFO - Processing file /opt/airflow/dags/dag_suivi.py for tasks to queue
[2026-07-20T09:13:07.935+0000] {logging_mixin.py:151} INFO - [2026-07-20T09:13:07.935+0000] {dagbag.py:536} INFO - Filling up the DagBag from /opt/airflow/dags/dag_suivi.py
[2026-07-20T09:13:07.956+0000] {processor.py:839} INFO - DAG(s) dict_keys(['pipeline_ingestion_suivi']) retrieved from /opt/airflow/dags/dag_suivi.py
[2026-07-20T09:13:07.981+0000] {logging_mixin.py:151} INFO - [2026-07-20T09:13:07.981+0000] {dag.py:2941} INFO - Sync 1 DAGs
[2026-07-20T09:13:08.001+0000] {logging_mixin.py:151} INFO - [2026-07-20T09:13:08.001+0000] {dag.py:3722} INFO - Setting next_dagrun for pipeline_ingestion_suivi to 2026-07-20T09:00:00+00:00, run_after=2026-07-20T10:00:00+00:00
[2026-07-20T09:13:08.020+0000] {processor.py:179} INFO - Processing /opt/airflow/dags/dag_suivi.py took 0.090 seconds
[2026-07-20T09:13:38.191+0000] {processor.py:157} INFO - Started process (PID=3206) to work on /opt/airflow/dags/dag_suivi.py
[2026-07-20T09:13:38.191+0000] {processor.py:829} INFO - Processing file /opt/airflow/dags/dag_suivi.py for tasks to queue
[2026-07-20T09:13:38.192+0000] {logging_mixin.py:151} INFO - [2026-07-20T09:13:38.192+0000] {dagbag.py:536} INFO - Filling up the DagBag from /opt/airflow/dags/dag_suivi.py
[2026-07-20T09:13:38.212+0000] {processor.py:839} INFO - DAG(s) dict_keys(['pipeline_ingestion_suivi']) retrieved from /opt/airflow/dags/dag_suivi.py
[2026-07-20T09:13:38.236+0000] {logging_mixin.py:151} INFO - [2026-07-20T09:13:38.236+0000] {dag.py:2941} INFO - Sync 1 DAGs
[2026-07-20T09:13:38.259+0000] {logging_mixin.py:151} INFO - [2026-07-20T09:13:38.259+0000] {dag.py:3722} INFO - Setting next_dagrun for pipeline_ingestion_suivi to 2026-07-20T09:00:00+00:00, run_after=2026-07-20T10:00:00+00:00
[2026-07-20T09:13:38.278+0000] {processor.py:179} INFO - Processing /opt/airflow/dags/dag_suivi.py took 0.090 seconds
[2026-07-20T09:14:08.517+0000] {processor.py:157} INFO - Started process (PID=3211) to work on /opt/airflow/dags/dag_suivi.py
[2026-07-20T09:14:08.517+0000] {processor.py:829} INFO - Processing file /opt/airflow/dags/dag_suivi.py for tasks to queue
[2026-07-20T09:14:08.518+0000] {logging_mixin.py:151} INFO - [2026-07-20T09:14:08.518+0000] {dagbag.py:536} INFO - Filling up the DagBag from /opt/airflow/dags/dag_suivi.py
[2026-07-20T09:14:08.548+0000] {processor.py:839} INFO - DAG(s) dict_keys(['pipeline_ingestion_suivi']) retrieved from /opt/airflow/dags/dag_suivi.py
[2026-07-20T09:14:08.579+0000] {logging_mixin.py:151} INFO - [2026-07-20T09:14:08.579+0000] {dag.py:2941} INFO - Sync 1 DAGs
[2026-07-20T09:14:08.599+0000] {logging_mixin.py:151} INFO - [2026-07-20T09:14:08.599+0000] {dag.py:3722} INFO - Setting next_dagrun for pipeline_ingestion_suivi to 2026-07-20T09:00:00+00:00, run_after=2026-07-20T10:00:00+00:00
[2026-07-20T09:14:08.618+0000] {processor.py:179} INFO - Processing /opt/airflow/dags/dag_suivi.py took 0.105 seconds
[2026-07-20T09:14:38.730+0000] {processor.py:157} INFO - Started process (PID=3216) to work on /opt/airflow/dags/dag_suivi.py
[2026-07-20T09:14:38.731+0000] {processor.py:829} INFO - Processing file /opt/airflow/dags/dag_suivi.py for tasks to queue
[2026-07-20T09:14:38.732+0000] {logging_mixin.py:151} INFO - [2026-07-20T09:14:38.732+0000] {dagbag.py:536} INFO - Filling up the DagBag from /opt/airflow/dags/dag_suivi.py
[2026-07-20T09:14:38.768+0000] {processor.py:839} INFO - DAG(s) dict_keys(['pipeline_ingestion_suivi']) retrieved from /opt/airflow/dags/dag_suivi.py
[2026-07-20T09:14:38.802+0000] {logging_mixin.py:151} INFO - [2026-07-20T09:14:38.802+0000] {dag.py:2941} INFO - Sync 1 DAGs
[2026-07-20T09:14:38.825+0000] {logging_mixin.py:151} INFO - [2026-07-20T09:14:38.825+0000] {dag.py:3722} INFO - Setting next_dagrun for pipeline_ingestion_suivi to 2026-07-20T09:00:00+00:00, run_after=2026-07-20T10:00:00+00:00
[2026-07-20T09:14:38.848+0000] {processor.py:179} INFO - Processing /opt/airflow/dags/dag_suivi.py took 0.121 seconds
[2026-07-20T09:15:09.027+0000] {processor.py:157} INFO - Started process (PID=3221) to work on /opt/airflow/dags/dag_suivi.py
[2026-07-20T09:15:09.028+0000] {processor.py:829} INFO - Processing file /opt/airflow/dags/dag_suivi.py for tasks to queue
[2026-07-20T09:15:09.029+0000] {logging_mixin.py:151} INFO - [2026-07-20T09:15:09.029+0000] {dagbag.py:536} INFO - Filling up the DagBag from /opt/airflow/dags/dag_suivi.py
[2026-07-20T09:15:09.053+0000] {processor.py:839} INFO - DAG(s) dict_keys(['pipeline_ingestion_suivi']) retrieved from /opt/airflow/dags/dag_suivi.py
[2026-07-20T09:15:09.079+0000] {logging_mixin.py:151} INFO - [2026-07-20T09:15:09.079+0000] {dag.py:2941} INFO - Sync 1 DAGs
[2026-07-20T09:15:09.101+0000] {logging_mixin.py:151} INFO - [2026-07-20T09:15:09.101+0000] {dag.py:3722} INFO - Setting next_dagrun for pipeline_ingestion_suivi to 2026-07-20T09:00:00+00:00, run_after=2026-07-20T10:00:00+00:00
[2026-07-20T09:15:09.121+0000] {processor.py:179} INFO - Processing /opt/airflow/dags/dag_suivi.py took 0.098 seconds
[2026-07-20T09:15:39.269+0000] {processor.py:157} INFO - Started process (PID=3226) to work on /opt/airflow/dags/dag_suivi.py
[2026-07-20T09:15:39.270+0000] {processor.py:829} INFO - Processing file /opt/airflow/dags/dag_suivi.py for tasks to queue
[2026-07-20T09:15:39.271+0000] {logging_mixin.py:151} INFO - [2026-07-20T09:15:39.271+0000] {dagbag.py:536} INFO - Filling up the DagBag from /opt/airflow/dags/dag_suivi.py
[2026-07-20T09:15:39.289+0000] {processor.py:839} INFO - DAG(s) dict_keys(['pipeline_ingestion_suivi']) retrieved from /opt/airflow/dags/dag_suivi.py
[2026-07-20T09:15:39.316+0000] {logging_mixin.py:151} INFO - [2026-07-20T09:15:39.316+0000] {dag.py:2941} INFO - Sync 1 DAGs
[2026-07-20T09:15:39.335+0000] {logging_mixin.py:151} INFO - [2026-07-20T09:15:39.335+0000] {dag.py:3722} INFO - Setting next_dagrun for pipeline_ingestion_suivi to 2026-07-20T09:00:00+00:00, run_after=2026-07-20T10:00:00+00:00
[2026-07-20T09:15:39.353+0000] {processor.py:179} INFO - Processing /opt/airflow/dags/dag_suivi.py took 0.087 seconds
[2026-07-20T09:16:09.576+0000] {processor.py:157} INFO - Started process (PID=3231) to work on /opt/airflow/dags/dag_suivi.py
[2026-07-20T09:16:09.576+0000] {processor.py:829} INFO - Processing file /opt/airflow/dags/dag_suivi.py for tasks to queue
[2026-07-20T09:16:09.577+0000] {logging_mixin.py:151} INFO - [2026-07-20T09:16:09.577+0000] {dagbag.py:536} INFO - Filling up the DagBag from /opt/airflow/dags/dag_suivi.py
[2026-07-20T09:16:09.595+0000] {processor.py:839} INFO - DAG(s) dict_keys(['pipeline_ingestion_suivi']) retrieved from /opt/airflow/dags/dag_suivi.py
[2026-07-20T09:16:09.617+0000] {logging_mixin.py:151} INFO - [2026-07-20T09:16:09.617+0000] {dag.py:2941} INFO - Sync 1 DAGs
[2026-07-20T09:16:09.636+0000] {logging_mixin.py:151} INFO - [2026-07-20T09:16:09.635+0000] {dag.py:3722} INFO - Setting next_dagrun for pipeline_ingestion_suivi to 2026-07-20T09:00:00+00:00, run_after=2026-07-20T10:00:00+00:00
[2026-07-20T09:16:09.654+0000] {processor.py:179} INFO - Processing /opt/airflow/dags/dag_suivi.py took 0.081 seconds
[2026-07-20T09:16:39.822+0000] {processor.py:157} INFO - Started process (PID=3236) to work on /opt/airflow/dags/dag_suivi.py
[2026-07-20T09:16:39.823+0000] {processor.py:829} INFO - Processing file /opt/airflow/dags/dag_suivi.py for tasks to queue
[2026-07-20T09:16:39.824+0000] {logging_mixin.py:151} INFO - [2026-07-20T09:16:39.824+0000] {dagbag.py:536} INFO - Filling up the DagBag from /opt/airflow/dags/dag_suivi.py
[2026-07-20T09:16:39.842+0000] {processor.py:839} INFO - DAG(s) dict_keys(['pipeline_ingestion_suivi']) retrieved from /opt/airflow/dags/dag_suivi.py
[2026-07-20T09:16:39.865+0000] {logging_mixin.py:151} INFO - [2026-07-20T09:16:39.865+0000] {dag.py:2941} INFO - Sync 1 DAGs
[2026-07-20T09:16:39.883+0000] {logging_mixin.py:151} INFO - [2026-07-20T09:16:39.883+0000] {dag.py:3722} INFO - Setting next_dagrun for pipeline_ingestion_suivi to 2026-07-20T09:00:00+00:00, run_after=2026-07-20T10:00:00+00:00
[2026-07-20T09:16:39.902+0000] {processor.py:179} INFO - Processing /opt/airflow/dags/dag_suivi.py took 0.083 seconds
[2026-07-20T09:17:10.112+0000] {processor.py:157} INFO - Started process (PID=3241) to work on /opt/airflow/dags/dag_suivi.py
[2026-07-20T09:17:10.113+0000] {processor.py:829} INFO - Processing file /opt/airflow/dags/dag_suivi.py for tasks to queue
[2026-07-20T09:17:10.114+0000] {logging_mixin.py:151} INFO - [2026-07-20T09:17:10.114+0000] {dagbag.py:536} INFO - Filling up the DagBag from /opt/airflow/dags/dag_suivi.py
[2026-07-20T09:17:10.130+0000] {processor.py:839} INFO - DAG(s) dict_keys(['pipeline_ingestion_suivi']) retrieved from /opt/airflow/dags/dag_suivi.py
[2026-07-20T09:17:10.154+0000] {logging_mixin.py:151} INFO - [2026-07-20T09:17:10.154+0000] {dag.py:2941} INFO - Sync 1 DAGs
[2026-07-20T09:17:10.171+0000] {logging_mixin.py:151} INFO - [2026-07-20T09:17:10.171+0000] {dag.py:3722} INFO - Setting next_dagrun for pipeline_ingestion_suivi to 2026-07-20T09:00:00+00:00, run_after=2026-07-20T10:00:00+00:00
[2026-07-20T09:17:10.189+0000] {processor.py:179} INFO - Processing /opt/airflow/dags/dag_suivi.py took 0.079 seconds
[2026-07-20T09:17:40.361+0000] {processor.py:157} INFO - Started process (PID=3246) to work on /opt/airflow/dags/dag_suivi.py
[2026-07-20T09:17:40.362+0000] {processor.py:829} INFO - Processing file /opt/airflow/dags/dag_suivi.py for tasks to queue
[2026-07-20T09:17:40.362+0000] {logging_mixin.py:151} INFO - [2026-07-20T09:17:40.362+0000] {dagbag.py:536} INFO - Filling up the DagBag from /opt/airflow/dags/dag_suivi.py
[2026-07-20T09:17:40.380+0000] {processor.py:839} INFO - DAG(s) dict_keys(['pipeline_ingestion_suivi']) retrieved from /opt/airflow/dags/dag_suivi.py
[2026-07-20T09:17:40.414+0000] {logging_mixin.py:151} INFO - [2026-07-20T09:17:40.414+0000] {dag.py:2941} INFO - Sync 1 DAGs
[2026-07-20T09:17:40.431+0000] {logging_mixin.py:151} INFO - [2026-07-20T09:17:40.431+0000] {dag.py:3722} INFO - Setting next_dagrun for pipeline_ingestion_suivi to 2026-07-20T09:00:00+00:00, run_after=2026-07-20T10:00:00+00:00
[2026-07-20T09:17:40.448+0000] {processor.py:179} INFO - Processing /opt/airflow/dags/dag_suivi.py took 0.089 seconds
[2026-07-20T09:18:10.697+0000] {processor.py:157} INFO - Started process (PID=3251) to work on /opt/airflow/dags/dag_suivi.py
[2026-07-20T09:18:10.698+0000] {processor.py:829} INFO - Processing file /opt/airflow/dags/dag_suivi.py for tasks to queue
[2026-07-20T09:18:10.699+0000] {logging_mixin.py:151} INFO - [2026-07-20T09:18:10.698+0000] {dagbag.py:536} INFO - Filling up the DagBag from /opt/airflow/dags/dag_suivi.py
[2026-07-20T09:18:10.716+0000] {processor.py:839} INFO - DAG(s) dict_keys(['pipeline_ingestion_suivi']) retrieved from /opt/airflow/dags/dag_suivi.py
[2026-07-20T09:18:10.740+0000] {logging_mixin.py:151} INFO - [2026-07-20T09:18:10.739+0000] {dag.py:2941} INFO - Sync 1 DAGs
[2026-07-20T09:18:10.757+0000] {logging_mixin.py:151} INFO - [2026-07-20T09:18:10.757+0000] {dag.py:3722} INFO - Setting next_dagrun for pipeline_ingestion_suivi to 2026-07-20T09:00:00+00:00, run_after=2026-07-20T10:00:00+00:00
[2026-07-20T09:18:10.774+0000] {processor.py:179} INFO - Processing /opt/airflow/dags/dag_suivi.py took 0.079 seconds
[2026-07-20T09:18:40.938+0000] {processor.py:157} INFO - Started process (PID=3256) to work on /opt/airflow/dags/dag_suivi.py
[2026-07-20T09:18:40.939+0000] {processor.py:829} INFO - Processing file /opt/airflow/dags/dag_suivi.py for tasks to queue
[2026-07-20T09:18:40.940+0000] {logging_mixin.py:151} INFO - [2026-07-20T09:18:40.940+0000] {dagbag.py:536} INFO - Filling up the DagBag from /opt/airflow/dags/dag_suivi.py
[2026-07-20T09:18:40.971+0000] {processor.py:839} INFO - DAG(s) dict_keys(['pipeline_ingestion_suivi']) retrieved from /opt/airflow/dags/dag_suivi.py
[2026-07-20T09:18:41.011+0000] {logging_mixin.py:151} INFO - [2026-07-20T09:18:41.011+0000] {dag.py:2941} INFO - Sync 1 DAGs
[2026-07-20T09:18:41.055+0000] {logging_mixin.py:151} INFO - [2026-07-20T09:18:41.055+0000] {dag.py:3722} INFO - Setting next_dagrun for pipeline_ingestion_suivi to 2026-07-20T09:00:00+00:00, run_after=2026-07-20T10:00:00+00:00
[2026-07-20T09:18:41.111+0000] {processor.py:179} INFO - Processing /opt/airflow/dags/dag_suivi.py took 0.178 seconds
[2026-07-20T09:19:11.186+0000] {processor.py:157} INFO - Started process (PID=3261) to work on /opt/airflow/dags/dag_suivi.py
[2026-07-20T09:19:11.187+0000] {processor.py:829} INFO - Processing file /opt/airflow/dags/dag_suivi.py for tasks to queue
[2026-07-20T09:19:11.188+0000] {logging_mixin.py:151} INFO - [2026-07-20T09:19:11.188+0000] {dagbag.py:536} INFO - Filling up the DagBag from /opt/airflow/dags/dag_suivi.py
[2026-07-20T09:19:11.210+0000] {processor.py:839} INFO - DAG(s) dict_keys(['pipeline_ingestion_suivi']) retrieved from /opt/airflow/dags/dag_suivi.py
[2026-07-20T09:19:11.243+0000] {logging_mixin.py:151} INFO - [2026-07-20T09:19:11.242+0000] {dag.py:2941} INFO - Sync 1 DAGs
[2026-07-20T09:19:11.261+0000] {logging_mixin.py:151} INFO - [2026-07-20T09:19:11.261+0000] {dag.py:3722} INFO - Setting next_dagrun for pipeline_ingestion_suivi to 2026-07-20T09:00:00+00:00, run_after=2026-07-20T10:00:00+00:00
[2026-07-20T09:19:11.280+0000] {processor.py:179} INFO - Processing /opt/airflow/dags/dag_suivi.py took 0.097 seconds
[2026-07-20T09:19:41.458+0000] {processor.py:157} INFO - Started process (PID=3266) to work on /opt/airflow/dags/dag_suivi.py
[2026-07-20T09:19:41.458+0000] {processor.py:829} INFO - Processing file /opt/airflow/dags/dag_suivi.py for tasks to queue
[2026-07-20T09:19:41.459+0000] {logging_mixin.py:151} INFO - [2026-07-20T09:19:41.459+0000] {dagbag.py:536} INFO - Filling up the DagBag from /opt/airflow/dags/dag_suivi.py
[2026-07-20T09:19:41.479+0000] {processor.py:839} INFO - DAG(s) dict_keys(['pipeline_ingestion_suivi']) retrieved from /opt/airflow/dags/dag_suivi.py
[2026-07-20T09:19:41.503+0000] {logging_mixin.py:151} INFO - [2026-07-20T09:19:41.503+0000] {dag.py:2941} INFO - Sync 1 DAGs
[2026-07-20T09:19:41.521+0000] {logging_mixin.py:151} INFO - [2026-07-20T09:19:41.521+0000] {dag.py:3722} INFO - Setting next_dagrun for pipeline_ingestion_suivi to 2026-07-20T09:00:00+00:00, run_after=2026-07-20T10:00:00+00:00
[2026-07-20T09:19:41.537+0000] {processor.py:179} INFO - Processing /opt/airflow/dags/dag_suivi.py took 0.083 seconds
[2026-07-20T09:20:11.772+0000] {processor.py:157} INFO - Started process (PID=3271) to work on /opt/airflow/dags/dag_suivi.py
[2026-07-20T09:20:11.773+0000] {processor.py:829} INFO - Processing file /opt/airflow/dags/dag_suivi.py for tasks to queue
[2026-07-20T09:20:11.774+0000] {logging_mixin.py:151} INFO - [2026-07-20T09:20:11.773+0000] {dagbag.py:536} INFO - Filling up the DagBag from /opt/airflow/dags/dag_suivi.py
[2026-07-20T09:20:11.790+0000] {processor.py:839} INFO - DAG(s) dict_keys(['pipeline_ingestion_suivi']) retrieved from /opt/airflow/dags/dag_suivi.py
[2026-07-20T09:20:11.813+0000] {logging_mixin.py:151} INFO - [2026-07-20T09:20:11.813+0000] {dag.py:2941} INFO - Sync 1 DAGs
[2026-07-20T09:20:11.830+0000] {logging_mixin.py:151} INFO - [2026-07-20T09:20:11.830+0000] {dag.py:3722} INFO - Setting next_dagrun for pipeline_ingestion_suivi to 2026-07-20T09:00:00+00:00, run_after=2026-07-20T10:00:00+00:00
[2026-07-20T09:20:11.850+0000] {processor.py:179} INFO - Processing /opt/airflow/dags/dag_suivi.py took 0.080 seconds
[2026-07-20T09:20:42.018+0000] {processor.py:157} INFO - Started process (PID=3276) to work on /opt/airflow/dags/dag_suivi.py
[2026-07-20T09:20:42.019+0000] {processor.py:829} INFO - Processing file /opt/airflow/dags/dag_suivi.py for tasks to queue
[2026-07-20T09:20:42.020+0000] {logging_mixin.py:151} INFO - [2026-07-20T09:20:42.019+0000] {dagbag.py:536} INFO - Filling up the DagBag from /opt/airflow/dags/dag_suivi.py
[2026-07-20T09:20:42.035+0000] {processor.py:839} INFO - DAG(s) dict_keys(['pipeline_ingestion_suivi']) retrieved from /opt/airflow/dags/dag_suivi.py
[2026-07-20T09:20:42.060+0000] {logging_mixin.py:151} INFO - [2026-07-20T09:20:42.060+0000] {dag.py:2941} INFO - Sync 1 DAGs
[2026-07-20T09:20:42.081+0000] {logging_mixin.py:151} INFO - [2026-07-20T09:20:42.081+0000] {dag.py:3722} INFO - Setting next_dagrun for pipeline_ingestion_suivi to 2026-07-20T09:00:00+00:00, run_after=2026-07-20T10:00:00+00:00
[2026-07-20T09:20:42.099+0000] {processor.py:179} INFO - Processing /opt/airflow/dags/dag_suivi.py took 0.086 seconds
[2026-07-20T09:21:12.321+0000] {processor.py:157} INFO - Started process (PID=3281) to work on /opt/airflow/dags/dag_suivi.py
[2026-07-20T09:21:12.321+0000] {processor.py:829} INFO - Processing file /opt/airflow/dags/dag_suivi.py for tasks to queue
[2026-07-20T09:21:12.322+0000] {logging_mixin.py:151} INFO - [2026-07-20T09:21:12.322+0000] {dagbag.py:536} INFO - Filling up the DagBag from /opt/airflow/dags/dag_suivi.py
[2026-07-20T09:21:12.342+0000] {processor.py:839} INFO - DAG(s) dict_keys(['pipeline_ingestion_suivi']) retrieved from /opt/airflow/dags/dag_suivi.py
[2026-07-20T09:21:12.365+0000] {logging_mixin.py:151} INFO - [2026-07-20T09:21:12.365+0000] {dag.py:2941} INFO - Sync 1 DAGs
[2026-07-20T09:21:12.384+0000] {logging_mixin.py:151} INFO - [2026-07-20T09:21:12.383+0000] {dag.py:3722} INFO - Setting next_dagrun for pipeline_ingestion_suivi to 2026-07-20T09:00:00+00:00, run_after=2026-07-20T10:00:00+00:00
[2026-07-20T09:21:12.401+0000] {processor.py:179} INFO - Processing /opt/airflow/dags/dag_suivi.py took 0.083 seconds
[2026-07-20T09:21:42.571+0000] {processor.py:157} INFO - Started process (PID=3286) to work on /opt/airflow/dags/dag_suivi.py
[2026-07-20T09:21:42.572+0000] {processor.py:829} INFO - Processing file /opt/airflow/dags/dag_suivi.py for tasks to queue
[2026-07-20T09:21:42.573+0000] {logging_mixin.py:151} INFO - [2026-07-20T09:21:42.573+0000] {dagbag.py:536} INFO - Filling up the DagBag from /opt/airflow/dags/dag_suivi.py
[2026-07-20T09:21:42.598+0000] {processor.py:839} INFO - DAG(s) dict_keys(['pipeline_ingestion_suivi']) retrieved from /opt/airflow/dags/dag_suivi.py
[2026-07-20T09:21:42.628+0000] {logging_mixin.py:151} INFO - [2026-07-20T09:21:42.628+0000] {dag.py:2941} INFO - Sync 1 DAGs
[2026-07-20T09:21:42.650+0000] {logging_mixin.py:151} INFO - [2026-07-20T09:21:42.650+0000] {dag.py:3722} INFO - Setting next_dagrun for pipeline_ingestion_suivi to 2026-07-20T09:00:00+00:00, run_after=2026-07-20T10:00:00+00:00
[2026-07-20T09:21:42.673+0000] {processor.py:179} INFO - Processing /opt/airflow/dags/dag_suivi.py took 0.105 seconds
[2026-07-20T09:22:12.918+0000] {processor.py:157} INFO - Started process (PID=3291) to work on /opt/airflow/dags/dag_suivi.py
[2026-07-20T09:22:12.919+0000] {processor.py:829} INFO - Processing file /opt/airflow/dags/dag_suivi.py for tasks to queue
[2026-07-20T09:22:12.920+0000] {logging_mixin.py:151} INFO - [2026-07-20T09:22:12.920+0000] {dagbag.py:536} INFO - Filling up the DagBag from /opt/airflow/dags/dag_suivi.py
[2026-07-20T09:22:12.939+0000] {processor.py:839} INFO - DAG(s) dict_keys(['pipeline_ingestion_suivi']) retrieved from /opt/airflow/dags/dag_suivi.py
[2026-07-20T09:22:12.963+0000] {logging_mixin.py:151} INFO - [2026-07-20T09:22:12.963+0000] {dag.py:2941} INFO - Sync 1 DAGs
[2026-07-20T09:22:12.981+0000] {logging_mixin.py:151} INFO - [2026-07-20T09:22:12.981+0000] {dag.py:3722} INFO - Setting next_dagrun for pipeline_ingestion_suivi to 2026-07-20T09:00:00+00:00, run_after=2026-07-20T10:00:00+00:00
[2026-07-20T09:22:12.998+0000] {processor.py:179} INFO - Processing /opt/airflow/dags/dag_suivi.py took 0.082 seconds
[2026-07-20T09:22:43.199+0000] {processor.py:157} INFO - Started process (PID=3296) to work on /opt/airflow/dags/dag_suivi.py
[2026-07-20T09:22:43.200+0000] {processor.py:829} INFO - Processing file /opt/airflow/dags/dag_suivi.py for tasks to queue
[2026-07-20T09:22:43.201+0000] {logging_mixin.py:151} INFO - [2026-07-20T09:22:43.201+0000] {dagbag.py:536} INFO - Filling up the DagBag from /opt/airflow/dags/dag_suivi.py
[2026-07-20T09:22:43.220+0000] {processor.py:839} INFO - DAG(s) dict_keys(['pipeline_ingestion_suivi']) retrieved from /opt/airflow/dags/dag_suivi.py
[2026-07-20T09:22:43.253+0000] {logging_mixin.py:151} INFO - [2026-07-20T09:22:43.252+0000] {dag.py:2941} INFO - Sync 1 DAGs
[2026-07-20T09:22:43.273+0000] {logging_mixin.py:151} INFO - [2026-07-20T09:22:43.273+0000] {dag.py:3722} INFO - Setting next_dagrun for pipeline_ingestion_suivi to 2026-07-20T09:00:00+00:00, run_after=2026-07-20T10:00:00+00:00
[2026-07-20T09:22:43.292+0000] {processor.py:179} INFO - Processing /opt/airflow/dags/dag_suivi.py took 0.095 seconds
[2026-07-20T09:23:13.482+0000] {processor.py:157} INFO - Started process (PID=3301) to work on /opt/airflow/dags/dag_suivi.py
[2026-07-20T09:23:13.483+0000] {processor.py:829} INFO - Processing file /opt/airflow/dags/dag_suivi.py for tasks to queue
[2026-07-20T09:23:13.484+0000] {logging_mixin.py:151} INFO - [2026-07-20T09:23:13.483+0000] {dagbag.py:536} INFO - Filling up the DagBag from /opt/airflow/dags/dag_suivi.py
[2026-07-20T09:23:13.502+0000] {processor.py:839} INFO - DAG(s) dict_keys(['pipeline_ingestion_suivi']) retrieved from /opt/airflow/dags/dag_suivi.py
[2026-07-20T09:23:13.527+0000] {logging_mixin.py:151} INFO - [2026-07-20T09:23:13.527+0000] {dag.py:2941} INFO - Sync 1 DAGs
[2026-07-20T09:23:13.544+0000] {logging_mixin.py:151} INFO - [2026-07-20T09:23:13.544+0000] {dag.py:3722} INFO - Setting next_dagrun for pipeline_ingestion_suivi to 2026-07-20T09:00:00+00:00, run_after=2026-07-20T10:00:00+00:00
[2026-07-20T09:23:13.562+0000] {processor.py:179} INFO - Processing /opt/airflow/dags/dag_suivi.py took 0.083 seconds
[2026-07-20T09:23:43.791+0000] {processor.py:157} INFO - Started process (PID=3306) to work on /opt/airflow/dags/dag_suivi.py
[2026-07-20T09:23:43.792+0000] {processor.py:829} INFO - Processing file /opt/airflow/dags/dag_suivi.py for tasks to queue
[2026-07-20T09:23:43.792+0000] {logging_mixin.py:151} INFO - [2026-07-20T09:23:43.792+0000] {dagbag.py:536} INFO - Filling up the DagBag from /opt/airflow/dags/dag_suivi.py
[2026-07-20T09:23:43.808+0000] {processor.py:839} INFO - DAG(s) dict_keys(['pipeline_ingestion_suivi']) retrieved from /opt/airflow/dags/dag_suivi.py
[2026-07-20T09:23:43.831+0000] {logging_mixin.py:151} INFO - [2026-07-20T09:23:43.830+0000] {dag.py:2941} INFO - Sync 1 DAGs
[2026-07-20T09:23:43.847+0000] {logging_mixin.py:151} INFO - [2026-07-20T09:23:43.847+0000] {dag.py:3722} INFO - Setting next_dagrun for pipeline_ingestion_suivi to 2026-07-20T09:00:00+00:00, run_after=2026-07-20T10:00:00+00:00
[2026-07-20T09:23:43.864+0000] {processor.py:179} INFO - Processing /opt/airflow/dags/dag_suivi.py took 0.075 seconds
[2026-07-20T09:24:14.069+0000] {processor.py:157} INFO - Started process (PID=3311) to work on /opt/airflow/dags/dag_suivi.py
[2026-07-20T09:24:14.071+0000] {processor.py:829} INFO - Processing file /opt/airflow/dags/dag_suivi.py for tasks to queue
[2026-07-20T09:24:14.072+0000] {logging_mixin.py:151} INFO - [2026-07-20T09:24:14.071+0000] {dagbag.py:536} INFO - Filling up the DagBag from /opt/airflow/dags/dag_suivi.py
[2026-07-20T09:24:14.094+0000] {processor.py:839} INFO - DAG(s) dict_keys(['pipeline_ingestion_suivi']) retrieved from /opt/airflow/dags/dag_suivi.py
[2026-07-20T09:24:14.122+0000] {logging_mixin.py:151} INFO - [2026-07-20T09:24:14.122+0000] {dag.py:2941} INFO - Sync 1 DAGs
[2026-07-20T09:24:14.143+0000] {logging_mixin.py:151} INFO - [2026-07-20T09:24:14.143+0000] {dag.py:3722} INFO - Setting next_dagrun for pipeline_ingestion_suivi to 2026-07-20T09:00:00+00:00, run_after=2026-07-20T10:00:00+00:00
[2026-07-20T09:24:14.160+0000] {processor.py:179} INFO - Processing /opt/airflow/dags/dag_suivi.py took 0.094 seconds
[2026-07-20T09:24:44.319+0000] {processor.py:157} INFO - Started process (PID=3316) to work on /opt/airflow/dags/dag_suivi.py
[2026-07-20T09:24:44.320+0000] {processor.py:829} INFO - Processing file /opt/airflow/dags/dag_suivi.py for tasks to queue
[2026-07-20T09:24:44.320+0000] {logging_mixin.py:151} INFO - [2026-07-20T09:24:44.320+0000] {dagbag.py:536} INFO - Filling up the DagBag from /opt/airflow/dags/dag_suivi.py
[2026-07-20T09:24:44.340+0000] {processor.py:839} INFO - DAG(s) dict_keys(['pipeline_ingestion_suivi']) retrieved from /opt/airflow/dags/dag_suivi.py
[2026-07-20T09:24:44.365+0000] {logging_mixin.py:151} INFO - [2026-07-20T09:24:44.365+0000] {dag.py:2941} INFO - Sync 1 DAGs
[2026-07-20T09:24:44.384+0000] {logging_mixin.py:151} INFO - [2026-07-20T09:24:44.384+0000] {dag.py:3722} INFO - Setting next_dagrun for pipeline_ingestion_suivi to 2026-07-20T09:00:00+00:00, run_after=2026-07-20T10:00:00+00:00
[2026-07-20T09:24:44.410+0000] {processor.py:179} INFO - Processing /opt/airflow/dags/dag_suivi.py took 0.094 seconds
[2026-07-20T09:25:14.617+0000] {processor.py:157} INFO - Started process (PID=3321) to work on /opt/airflow/dags/dag_suivi.py
[2026-07-20T09:25:14.618+0000] {processor.py:829} INFO - Processing file /opt/airflow/dags/dag_suivi.py for tasks to queue
[2026-07-20T09:25:14.619+0000] {logging_mixin.py:151} INFO - [2026-07-20T09:25:14.619+0000] {dagbag.py:536} INFO - Filling up the DagBag from /opt/airflow/dags/dag_suivi.py
[2026-07-20T09:25:14.637+0000] {processor.py:839} INFO - DAG(s) dict_keys(['pipeline_ingestion_suivi']) retrieved from /opt/airflow/dags/dag_suivi.py
[2026-07-20T09:25:14.660+0000] {logging_mixin.py:151} INFO - [2026-07-20T09:25:14.660+0000] {dag.py:2941} INFO - Sync 1 DAGs
[2026-07-20T09:25:14.678+0000] {logging_mixin.py:151} INFO - [2026-07-20T09:25:14.678+0000] {dag.py:3722} INFO - Setting next_dagrun for pipeline_ingestion_suivi to 2026-07-20T09:00:00+00:00, run_after=2026-07-20T10:00:00+00:00
[2026-07-20T09:25:14.704+0000] {processor.py:179} INFO - Processing /opt/airflow/dags/dag_suivi.py took 0.090 seconds
[2026-07-20T09:25:44.882+0000] {processor.py:157} INFO - Started process (PID=3326) to work on /opt/airflow/dags/dag_suivi.py
[2026-07-20T09:25:44.883+0000] {processor.py:829} INFO - Processing file /opt/airflow/dags/dag_suivi.py for tasks to queue
[2026-07-20T09:25:44.884+0000] {logging_mixin.py:151} INFO - [2026-07-20T09:25:44.884+0000] {dagbag.py:536} INFO - Filling up the DagBag from /opt/airflow/dags/dag_suivi.py
[2026-07-20T09:25:44.902+0000] {processor.py:839} INFO - DAG(s) dict_keys(['pipeline_ingestion_suivi']) retrieved from /opt/airflow/dags/dag_suivi.py
[2026-07-20T09:25:44.925+0000] {logging_mixin.py:151} INFO - [2026-07-20T09:25:44.925+0000] {dag.py:2941} INFO - Sync 1 DAGs
[2026-07-20T09:25:44.943+0000] {logging_mixin.py:151} INFO - [2026-07-20T09:25:44.942+0000] {dag.py:3722} INFO - Setting next_dagrun for pipeline_ingestion_suivi to 2026-07-20T09:00:00+00:00, run_after=2026-07-20T10:00:00+00:00
[2026-07-20T09:25:44.960+0000] {processor.py:179} INFO - Processing /opt/airflow/dags/dag_suivi.py took 0.080 seconds
[2026-07-20T09:26:15.201+0000] {processor.py:157} INFO - Started process (PID=3331) to work on /opt/airflow/dags/dag_suivi.py
[2026-07-20T09:26:15.202+0000] {processor.py:829} INFO - Processing file /opt/airflow/dags/dag_suivi.py for tasks to queue
[2026-07-20T09:26:15.203+0000] {logging_mixin.py:151} INFO - [2026-07-20T09:26:15.202+0000] {dagbag.py:536} INFO - Filling up the DagBag from /opt/airflow/dags/dag_suivi.py
[2026-07-20T09:26:15.221+0000] {processor.py:839} INFO - DAG(s) dict_keys(['pipeline_ingestion_suivi']) retrieved from /opt/airflow/dags/dag_suivi.py
[2026-07-20T09:26:15.244+0000] {logging_mixin.py:151} INFO - [2026-07-20T09:26:15.244+0000] {dag.py:2941} INFO - Sync 1 DAGs
[2026-07-20T09:26:15.262+0000] {logging_mixin.py:151} INFO - [2026-07-20T09:26:15.262+0000] {dag.py:3722} INFO - Setting next_dagrun for pipeline_ingestion_suivi to 2026-07-20T09:00:00+00:00, run_after=2026-07-20T10:00:00+00:00
[2026-07-20T09:26:15.281+0000] {processor.py:179} INFO - Processing /opt/airflow/dags/dag_suivi.py took 0.083 seconds
[2026-07-20T09:26:45.524+0000] {processor.py:157} INFO - Started process (PID=3336) to work on /opt/airflow/dags/dag_suivi.py
[2026-07-20T09:26:45.525+0000] {processor.py:829} INFO - Processing file /opt/airflow/dags/dag_suivi.py for tasks to queue
[2026-07-20T09:26:45.525+0000] {logging_mixin.py:151} INFO - [2026-07-20T09:26:45.525+0000] {dagbag.py:536} INFO - Filling up the DagBag from /opt/airflow/dags/dag_suivi.py
[2026-07-20T09:26:45.543+0000] {processor.py:839} INFO - DAG(s) dict_keys(['pipeline_ingestion_suivi']) retrieved from /opt/airflow/dags/dag_suivi.py
[2026-07-20T09:26:45.567+0000] {logging_mixin.py:151} INFO - [2026-07-20T09:26:45.567+0000] {dag.py:2941} INFO - Sync 1 DAGs
[2026-07-20T09:26:45.586+0000] {logging_mixin.py:151} INFO - [2026-07-20T09:26:45.586+0000] {dag.py:3722} INFO - Setting next_dagrun for pipeline_ingestion_suivi to 2026-07-20T09:00:00+00:00, run_after=2026-07-20T10:00:00+00:00
[2026-07-20T09:26:45.604+0000] {processor.py:179} INFO - Processing /opt/airflow/dags/dag_suivi.py took 0.083 seconds
[2026-07-20T09:27:15.780+0000] {processor.py:157} INFO - Started process (PID=3341) to work on /opt/airflow/dags/dag_suivi.py
[2026-07-20T09:27:15.781+0000] {processor.py:829} INFO - Processing file /opt/airflow/dags/dag_suivi.py for tasks to queue
[2026-07-20T09:27:15.782+0000] {logging_mixin.py:151} INFO - [2026-07-20T09:27:15.781+0000] {dagbag.py:536} INFO - Filling up the DagBag from /opt/airflow/dags/dag_suivi.py
[2026-07-20T09:27:15.798+0000] {processor.py:839} INFO - DAG(s) dict_keys(['pipeline_ingestion_suivi']) retrieved from /opt/airflow/dags/dag_suivi.py
[2026-07-20T09:27:15.821+0000] {logging_mixin.py:151} INFO - [2026-07-20T09:27:15.821+0000] {dag.py:2941} INFO - Sync 1 DAGs
[2026-07-20T09:27:15.841+0000] {logging_mixin.py:151} INFO - [2026-07-20T09:27:15.841+0000] {dag.py:3722} INFO - Setting next_dagrun for pipeline_ingestion_suivi to 2026-07-20T09:00:00+00:00, run_after=2026-07-20T10:00:00+00:00
[2026-07-20T09:27:15.860+0000] {processor.py:179} INFO - Processing /opt/airflow/dags/dag_suivi.py took 0.082 seconds
[2026-07-20T09:27:46.121+0000] {processor.py:157} INFO - Started process (PID=3346) to work on /opt/airflow/dags/dag_suivi.py
[2026-07-20T09:27:46.122+0000] {processor.py:829} INFO - Processing file /opt/airflow/dags/dag_suivi.py for tasks to queue
[2026-07-20T09:27:46.122+0000] {logging_mixin.py:151} INFO - [2026-07-20T09:27:46.122+0000] {dagbag.py:536} INFO - Filling up the DagBag from /opt/airflow/dags/dag_suivi.py
[2026-07-20T09:27:46.145+0000] {processor.py:839} INFO - DAG(s) dict_keys(['pipeline_ingestion_suivi']) retrieved from /opt/airflow/dags/dag_suivi.py
[2026-07-20T09:27:46.179+0000] {logging_mixin.py:151} INFO - [2026-07-20T09:27:46.178+0000] {dag.py:2941} INFO - Sync 1 DAGs
[2026-07-20T09:27:46.200+0000] {logging_mixin.py:151} INFO - [2026-07-20T09:27:46.200+0000] {dag.py:3722} INFO - Setting next_dagrun for pipeline_ingestion_suivi to 2026-07-20T09:00:00+00:00, run_after=2026-07-20T10:00:00+00:00
[2026-07-20T09:27:46.216+0000] {processor.py:179} INFO - Processing /opt/airflow/dags/dag_suivi.py took 0.098 seconds
[2026-07-20T09:28:16.384+0000] {processor.py:157} INFO - Started process (PID=3351) to work on /opt/airflow/dags/dag_suivi.py
[2026-07-20T09:28:16.385+0000] {processor.py:829} INFO - Processing file /opt/airflow/dags/dag_suivi.py for tasks to queue
[2026-07-20T09:28:16.386+0000] {logging_mixin.py:151} INFO - [2026-07-20T09:28:16.386+0000] {dagbag.py:536} INFO - Filling up the DagBag from /opt/airflow/dags/dag_suivi.py
[2026-07-20T09:28:16.409+0000] {processor.py:839} INFO - DAG(s) dict_keys(['pipeline_ingestion_suivi']) retrieved from /opt/airflow/dags/dag_suivi.py
[2026-07-20T09:28:16.455+0000] {logging_mixin.py:151} INFO - [2026-07-20T09:28:16.455+0000] {dag.py:2941} INFO - Sync 1 DAGs
[2026-07-20T09:28:16.490+0000] {logging_mixin.py:151} INFO - [2026-07-20T09:28:16.489+0000] {dag.py:3722} INFO - Setting next_dagrun for pipeline_ingestion_suivi to 2026-07-20T09:00:00+00:00, run_after=2026-07-20T10:00:00+00:00
[2026-07-20T09:28:16.524+0000] {processor.py:179} INFO - Processing /opt/airflow/dags/dag_suivi.py took 0.144 seconds
[2026-07-20T09:28:46.702+0000] {processor.py:157} INFO - Started process (PID=3356) to work on /opt/airflow/dags/dag_suivi.py
[2026-07-20T09:28:46.703+0000] {processor.py:829} INFO - Processing file /opt/airflow/dags/dag_suivi.py for tasks to queue
[2026-07-20T09:28:46.704+0000] {logging_mixin.py:151} INFO - [2026-07-20T09:28:46.704+0000] {dagbag.py:536} INFO - Filling up the DagBag from /opt/airflow/dags/dag_suivi.py
[2026-07-20T09:28:46.726+0000] {processor.py:839} INFO - DAG(s) dict_keys(['pipeline_ingestion_suivi']) retrieved from /opt/airflow/dags/dag_suivi.py
[2026-07-20T09:28:46.754+0000] {logging_mixin.py:151} INFO - [2026-07-20T09:28:46.753+0000] {dag.py:2941} INFO - Sync 1 DAGs
[2026-07-20T09:28:46.776+0000] {logging_mixin.py:151} INFO - [2026-07-20T09:28:46.776+0000] {dag.py:3722} INFO - Setting next_dagrun for pipeline_ingestion_suivi to 2026-07-20T09:00:00+00:00, run_after=2026-07-20T10:00:00+00:00
[2026-07-20T09:28:46.795+0000] {processor.py:179} INFO - Processing /opt/airflow/dags/dag_suivi.py took 0.097 seconds
[2026-07-20T09:29:17.021+0000] {processor.py:157} INFO - Started process (PID=3361) to work on /opt/airflow/dags/dag_suivi.py
[2026-07-20T09:29:17.022+0000] {processor.py:829} INFO - Processing file /opt/airflow/dags/dag_suivi.py for tasks to queue
[2026-07-20T09:29:17.023+0000] {logging_mixin.py:151} INFO - [2026-07-20T09:29:17.023+0000] {dagbag.py:536} INFO - Filling up the DagBag from /opt/airflow/dags/dag_suivi.py
[2026-07-20T09:29:17.043+0000] {processor.py:839} INFO - DAG(s) dict_keys(['pipeline_ingestion_suivi']) retrieved from /opt/airflow/dags/dag_suivi.py
[2026-07-20T09:29:17.069+0000] {logging_mixin.py:151} INFO - [2026-07-20T09:29:17.069+0000] {dag.py:2941} INFO - Sync 1 DAGs
[2026-07-20T09:29:17.089+0000] {logging_mixin.py:151} INFO - [2026-07-20T09:29:17.089+0000] {dag.py:3722} INFO - Setting next_dagrun for pipeline_ingestion_suivi to 2026-07-20T09:00:00+00:00, run_after=2026-07-20T10:00:00+00:00
[2026-07-20T09:29:17.108+0000] {processor.py:179} INFO - Processing /opt/airflow/dags/dag_suivi.py took 0.089 seconds
[2026-07-20T09:29:47.261+0000] {processor.py:157} INFO - Started process (PID=3366) to work on /opt/airflow/dags/dag_suivi.py
[2026-07-20T09:29:47.262+0000] {processor.py:829} INFO - Processing file /opt/airflow/dags/dag_suivi.py for tasks to queue
[2026-07-20T09:29:47.262+0000] {logging_mixin.py:151} INFO - [2026-07-20T09:29:47.262+0000] {dagbag.py:536} INFO - Filling up the DagBag from /opt/airflow/dags/dag_suivi.py
[2026-07-20T09:29:47.281+0000] {processor.py:839} INFO - DAG(s) dict_keys(['pipeline_ingestion_suivi']) retrieved from /opt/airflow/dags/dag_suivi.py
[2026-07-20T09:29:47.306+0000] {logging_mixin.py:151} INFO - [2026-07-20T09:29:47.305+0000] {dag.py:2941} INFO - Sync 1 DAGs
[2026-07-20T09:29:47.326+0000] {logging_mixin.py:151} INFO - [2026-07-20T09:29:47.326+0000] {dag.py:3722} INFO - Setting next_dagrun for pipeline_ingestion_suivi to 2026-07-20T09:00:00+00:00, run_after=2026-07-20T10:00:00+00:00
[2026-07-20T09:29:47.353+0000] {processor.py:179} INFO - Processing /opt/airflow/dags/dag_suivi.py took 0.095 seconds
[2026-07-20T09:30:17.578+0000] {processor.py:157} INFO - Started process (PID=3371) to work on /opt/airflow/dags/dag_suivi.py
[2026-07-20T09:30:17.579+0000] {processor.py:829} INFO - Processing file /opt/airflow/dags/dag_suivi.py for tasks to queue
[2026-07-20T09:30:17.579+0000] {logging_mixin.py:151} INFO - [2026-07-20T09:30:17.579+0000] {dagbag.py:536} INFO - Filling up the DagBag from /opt/airflow/dags/dag_suivi.py
[2026-07-20T09:30:17.601+0000] {processor.py:839} INFO - DAG(s) dict_keys(['pipeline_ingestion_suivi']) retrieved from /opt/airflow/dags/dag_suivi.py
[2026-07-20T09:30:17.635+0000] {logging_mixin.py:151} INFO - [2026-07-20T09:30:17.635+0000] {dag.py:2941} INFO - Sync 1 DAGs
[2026-07-20T09:30:17.661+0000] {logging_mixin.py:151} INFO - [2026-07-20T09:30:17.661+0000] {dag.py:3722} INFO - Setting next_dagrun for pipeline_ingestion_suivi to 2026-07-20T09:00:00+00:00, run_after=2026-07-20T10:00:00+00:00
[2026-07-20T09:30:17.681+0000] {processor.py:179} INFO - Processing /opt/airflow/dags/dag_suivi.py took 0.106 seconds
[2026-07-20T09:30:47.857+0000] {processor.py:157} INFO - Started process (PID=3376) to work on /opt/airflow/dags/dag_suivi.py
[2026-07-20T09:30:47.858+0000] {processor.py:829} INFO - Processing file /opt/airflow/dags/dag_suivi.py for tasks to queue
[2026-07-20T09:30:47.859+0000] {logging_mixin.py:151} INFO - [2026-07-20T09:30:47.859+0000] {dagbag.py:536} INFO - Filling up the DagBag from /opt/airflow/dags/dag_suivi.py
[2026-07-20T09:30:47.879+0000] {processor.py:839} INFO - DAG(s) dict_keys(['pipeline_ingestion_suivi']) retrieved from /opt/airflow/dags/dag_suivi.py
[2026-07-20T09:30:47.908+0000] {logging_mixin.py:151} INFO - [2026-07-20T09:30:47.908+0000] {dag.py:2941} INFO - Sync 1 DAGs
[2026-07-20T09:30:47.929+0000] {logging_mixin.py:151} INFO - [2026-07-20T09:30:47.929+0000] {dag.py:3722} INFO - Setting next_dagrun for pipeline_ingestion_suivi to 2026-07-20T09:00:00+00:00, run_after=2026-07-20T10:00:00+00:00
[2026-07-20T09:30:47.947+0000] {processor.py:179} INFO - Processing /opt/airflow/dags/dag_suivi.py took 0.095 seconds
[2026-07-20T09:31:18.256+0000] {processor.py:157} INFO - Started process (PID=3381) to work on /opt/airflow/dags/dag_suivi.py
[2026-07-20T09:31:18.258+0000] {processor.py:829} INFO - Processing file /opt/airflow/dags/dag_suivi.py for tasks to queue
[2026-07-20T09:31:18.259+0000] {logging_mixin.py:151} INFO - [2026-07-20T09:31:18.259+0000] {dagbag.py:536} INFO - Filling up the DagBag from /opt/airflow/dags/dag_suivi.py
[2026-07-20T09:31:18.280+0000] {processor.py:839} INFO - DAG(s) dict_keys(['pipeline_ingestion_suivi']) retrieved from /opt/airflow/dags/dag_suivi.py
[2026-07-20T09:31:18.308+0000] {logging_mixin.py:151} INFO - [2026-07-20T09:31:18.308+0000] {dag.py:2941} INFO - Sync 1 DAGs
[2026-07-20T09:31:18.330+0000] {logging_mixin.py:151} INFO - [2026-07-20T09:31:18.330+0000] {dag.py:3722} INFO - Setting next_dagrun for pipeline_ingestion_suivi to 2026-07-20T09:00:00+00:00, run_after=2026-07-20T10:00:00+00:00
[2026-07-20T09:31:18.359+0000] {processor.py:179} INFO - Processing /opt/airflow/dags/dag_suivi.py took 0.106 seconds
[2026-07-20T09:31:48.544+0000] {processor.py:157} INFO - Started process (PID=3386) to work on /opt/airflow/dags/dag_suivi.py
[2026-07-20T09:31:48.545+0000] {processor.py:829} INFO - Processing file /opt/airflow/dags/dag_suivi.py for tasks to queue
[2026-07-20T09:31:48.546+0000] {logging_mixin.py:151} INFO - [2026-07-20T09:31:48.546+0000] {dagbag.py:536} INFO - Filling up the DagBag from /opt/airflow/dags/dag_suivi.py
[2026-07-20T09:31:48.565+0000] {processor.py:839} INFO - DAG(s) dict_keys(['pipeline_ingestion_suivi']) retrieved from /opt/airflow/dags/dag_suivi.py
[2026-07-20T09:31:48.590+0000] {logging_mixin.py:151} INFO - [2026-07-20T09:31:48.590+0000] {dag.py:2941} INFO - Sync 1 DAGs
[2026-07-20T09:31:48.608+0000] {logging_mixin.py:151} INFO - [2026-07-20T09:31:48.608+0000] {dag.py:3722} INFO - Setting next_dagrun for pipeline_ingestion_suivi to 2026-07-20T09:00:00+00:00, run_after=2026-07-20T10:00:00+00:00
[2026-07-20T09:31:48.633+0000] {processor.py:179} INFO - Processing /opt/airflow/dags/dag_suivi.py took 0.091 seconds
[2026-07-20T09:32:18.810+0000] {processor.py:157} INFO - Started process (PID=3391) to work on /opt/airflow/dags/dag_suivi.py
[2026-07-20T09:32:18.811+0000] {processor.py:829} INFO - Processing file /opt/airflow/dags/dag_suivi.py for tasks to queue
[2026-07-20T09:32:18.811+0000] {logging_mixin.py:151} INFO - [2026-07-20T09:32:18.811+0000] {dagbag.py:536} INFO - Filling up the DagBag from /opt/airflow/dags/dag_suivi.py
[2026-07-20T09:32:18.829+0000] {processor.py:839} INFO - DAG(s) dict_keys(['pipeline_ingestion_suivi']) retrieved from /opt/airflow/dags/dag_suivi.py
[2026-07-20T09:32:18.855+0000] {logging_mixin.py:151} INFO - [2026-07-20T09:32:18.855+0000] {dag.py:2941} INFO - Sync 1 DAGs
[2026-07-20T09:32:18.876+0000] {logging_mixin.py:151} INFO - [2026-07-20T09:32:18.876+0000] {dag.py:3722} INFO - Setting next_dagrun for pipeline_ingestion_suivi to 2026-07-20T09:00:00+00:00, run_after=2026-07-20T10:00:00+00:00
[2026-07-20T09:32:18.894+0000] {processor.py:179} INFO - Processing /opt/airflow/dags/dag_suivi.py took 0.087 seconds
[2026-07-20T09:32:49.106+0000] {processor.py:157} INFO - Started process (PID=3396) to work on /opt/airflow/dags/dag_suivi.py
[2026-07-20T09:32:49.107+0000] {processor.py:829} INFO - Processing file /opt/airflow/dags/dag_suivi.py for tasks to queue
[2026-07-20T09:32:49.108+0000] {logging_mixin.py:151} INFO - [2026-07-20T09:32:49.108+0000] {dagbag.py:536} INFO - Filling up the DagBag from /opt/airflow/dags/dag_suivi.py
[2026-07-20T09:32:49.127+0000] {processor.py:839} INFO - DAG(s) dict_keys(['pipeline_ingestion_suivi']) retrieved from /opt/airflow/dags/dag_suivi.py
[2026-07-20T09:32:49.151+0000] {logging_mixin.py:151} INFO - [2026-07-20T09:32:49.151+0000] {dag.py:2941} INFO - Sync 1 DAGs
[2026-07-20T09:32:49.169+0000] {logging_mixin.py:151} INFO - [2026-07-20T09:32:49.169+0000] {dag.py:3722} INFO - Setting next_dagrun for pipeline_ingestion_suivi to 2026-07-20T09:00:00+00:00, run_after=2026-07-20T10:00:00+00:00
[2026-07-20T09:32:49.197+0000] {processor.py:179} INFO - Processing /opt/airflow/dags/dag_suivi.py took 0.095 seconds
[2026-07-20T09:33:19.377+0000] {processor.py:157} INFO - Started process (PID=3401) to work on /opt/airflow/dags/dag_suivi.py
[2026-07-20T09:33:19.378+0000] {processor.py:829} INFO - Processing file /opt/airflow/dags/dag_suivi.py for tasks to queue
[2026-07-20T09:33:19.380+0000] {logging_mixin.py:151} INFO - [2026-07-20T09:33:19.380+0000] {dagbag.py:536} INFO - Filling up the DagBag from /opt/airflow/dags/dag_suivi.py
[2026-07-20T09:33:19.403+0000] {processor.py:839} INFO - DAG(s) dict_keys(['pipeline_ingestion_suivi']) retrieved from /opt/airflow/dags/dag_suivi.py
[2026-07-20T09:33:19.426+0000] {logging_mixin.py:151} INFO - [2026-07-20T09:33:19.426+0000] {dag.py:2941} INFO - Sync 1 DAGs
[2026-07-20T09:33:19.444+0000] {logging_mixin.py:151} INFO - [2026-07-20T09:33:19.444+0000] {dag.py:3722} INFO - Setting next_dagrun for pipeline_ingestion_suivi to 2026-07-20T09:00:00+00:00, run_after=2026-07-20T10:00:00+00:00
[2026-07-20T09:33:19.461+0000] {processor.py:179} INFO - Processing /opt/airflow/dags/dag_suivi.py took 0.087 seconds
[2026-07-20T09:33:49.707+0000] {processor.py:157} INFO - Started process (PID=3406) to work on /opt/airflow/dags/dag_suivi.py
[2026-07-20T09:33:49.708+0000] {processor.py:829} INFO - Processing file /opt/airflow/dags/dag_suivi.py for tasks to queue
[2026-07-20T09:33:49.709+0000] {logging_mixin.py:151} INFO - [2026-07-20T09:33:49.709+0000] {dagbag.py:536} INFO - Filling up the DagBag from /opt/airflow/dags/dag_suivi.py
[2026-07-20T09:33:49.729+0000] {processor.py:839} INFO - DAG(s) dict_keys(['pipeline_ingestion_suivi']) retrieved from /opt/airflow/dags/dag_suivi.py
[2026-07-20T09:33:49.761+0000] {logging_mixin.py:151} INFO - [2026-07-20T09:33:49.761+0000] {dag.py:2941} INFO - Sync 1 DAGs
[2026-07-20T09:33:49.787+0000] {logging_mixin.py:151} INFO - [2026-07-20T09:33:49.787+0000] {dag.py:3722} INFO - Setting next_dagrun for pipeline_ingestion_suivi to 2026-07-20T09:00:00+00:00, run_after=2026-07-20T10:00:00+00:00
[2026-07-20T09:33:49.805+0000] {processor.py:179} INFO - Processing /opt/airflow/dags/dag_suivi.py took 0.100 seconds
[2026-07-20T09:34:19.963+0000] {processor.py:157} INFO - Started process (PID=3411) to work on /opt/airflow/dags/dag_suivi.py
[2026-07-20T09:34:19.964+0000] {processor.py:829} INFO - Processing file /opt/airflow/dags/dag_suivi.py for tasks to queue
[2026-07-20T09:34:19.965+0000] {logging_mixin.py:151} INFO - [2026-07-20T09:34:19.965+0000] {dagbag.py:536} INFO - Filling up the DagBag from /opt/airflow/dags/dag_suivi.py
[2026-07-20T09:34:19.982+0000] {processor.py:839} INFO - DAG(s) dict_keys(['pipeline_ingestion_suivi']) retrieved from /opt/airflow/dags/dag_suivi.py
[2026-07-20T09:34:20.006+0000] {logging_mixin.py:151} INFO - [2026-07-20T09:34:20.006+0000] {dag.py:2941} INFO - Sync 1 DAGs
[2026-07-20T09:34:20.024+0000] {logging_mixin.py:151} INFO - [2026-07-20T09:34:20.024+0000] {dag.py:3722} INFO - Setting next_dagrun for pipeline_ingestion_suivi to 2026-07-20T09:00:00+00:00, run_after=2026-07-20T10:00:00+00:00
[2026-07-20T09:34:20.041+0000] {processor.py:179} INFO - Processing /opt/airflow/dags/dag_suivi.py took 0.080 seconds
[2026-07-20T09:34:50.343+0000] {processor.py:157} INFO - Started process (PID=3416) to work on /opt/airflow/dags/dag_suivi.py
[2026-07-20T09:34:50.344+0000] {processor.py:829} INFO - Processing file /opt/airflow/dags/dag_suivi.py for tasks to queue
[2026-07-20T09:34:50.345+0000] {logging_mixin.py:151} INFO - [2026-07-20T09:34:50.345+0000] {dagbag.py:536} INFO - Filling up the DagBag from /opt/airflow/dags/dag_suivi.py
[2026-07-20T09:34:50.365+0000] {processor.py:839} INFO - DAG(s) dict_keys(['pipeline_ingestion_suivi']) retrieved from /opt/airflow/dags/dag_suivi.py
[2026-07-20T09:34:50.388+0000] {logging_mixin.py:151} INFO - [2026-07-20T09:34:50.388+0000] {dag.py:2941} INFO - Sync 1 DAGs
[2026-07-20T09:34:50.405+0000] {logging_mixin.py:151} INFO - [2026-07-20T09:34:50.405+0000] {dag.py:3722} INFO - Setting next_dagrun for pipeline_ingestion_suivi to 2026-07-20T09:00:00+00:00, run_after=2026-07-20T10:00:00+00:00
[2026-07-20T09:34:50.426+0000] {processor.py:179} INFO - Processing /opt/airflow/dags/dag_suivi.py took 0.085 seconds
[2026-07-20T09:35:20.621+0000] {processor.py:157} INFO - Started process (PID=3421) to work on /opt/airflow/dags/dag_suivi.py
[2026-07-20T09:35:20.622+0000] {processor.py:829} INFO - Processing file /opt/airflow/dags/dag_suivi.py for tasks to queue
[2026-07-20T09:35:20.623+0000] {logging_mixin.py:151} INFO - [2026-07-20T09:35:20.622+0000] {dagbag.py:536} INFO - Filling up the DagBag from /opt/airflow/dags/dag_suivi.py
[2026-07-20T09:35:20.641+0000] {processor.py:839} INFO - DAG(s) dict_keys(['pipeline_ingestion_suivi']) retrieved from /opt/airflow/dags/dag_suivi.py
[2026-07-20T09:35:20.664+0000] {logging_mixin.py:151} INFO - [2026-07-20T09:35:20.664+0000] {dag.py:2941} INFO - Sync 1 DAGs
[2026-07-20T09:35:20.681+0000] {logging_mixin.py:151} INFO - [2026-07-20T09:35:20.681+0000] {dag.py:3722} INFO - Setting next_dagrun for pipeline_ingestion_suivi to 2026-07-20T09:00:00+00:00, run_after=2026-07-20T10:00:00+00:00
[2026-07-20T09:35:20.703+0000] {processor.py:179} INFO - Processing /opt/airflow/dags/dag_suivi.py took 0.085 seconds
[2026-07-20T09:35:50.879+0000] {processor.py:157} INFO - Started process (PID=3426) to work on /opt/airflow/dags/dag_suivi.py
[2026-07-20T09:35:50.880+0000] {processor.py:829} INFO - Processing file /opt/airflow/dags/dag_suivi.py for tasks to queue
[2026-07-20T09:35:50.881+0000] {logging_mixin.py:151} INFO - [2026-07-20T09:35:50.880+0000] {dagbag.py:536} INFO - Filling up the DagBag from /opt/airflow/dags/dag_suivi.py
[2026-07-20T09:35:50.897+0000] {processor.py:839} INFO - DAG(s) dict_keys(['pipeline_ingestion_suivi']) retrieved from /opt/airflow/dags/dag_suivi.py
[2026-07-20T09:35:50.921+0000] {logging_mixin.py:151} INFO - [2026-07-20T09:35:50.921+0000] {dag.py:2941} INFO - Sync 1 DAGs
[2026-07-20T09:35:50.938+0000] {logging_mixin.py:151} INFO - [2026-07-20T09:35:50.937+0000] {dag.py:3722} INFO - Setting next_dagrun for pipeline_ingestion_suivi to 2026-07-20T09:00:00+00:00, run_after=2026-07-20T10:00:00+00:00
[2026-07-20T09:35:50.964+0000] {processor.py:179} INFO - Processing /opt/airflow/dags/dag_suivi.py took 0.088 seconds
[2026-07-20T09:36:21.167+0000] {processor.py:157} INFO - Started process (PID=3431) to work on /opt/airflow/dags/dag_suivi.py
[2026-07-20T09:36:21.168+0000] {processor.py:829} INFO - Processing file /opt/airflow/dags/dag_suivi.py for tasks to queue
[2026-07-20T09:36:21.169+0000] {logging_mixin.py:151} INFO - [2026-07-20T09:36:21.169+0000] {dagbag.py:536} INFO - Filling up the DagBag from /opt/airflow/dags/dag_suivi.py
[2026-07-20T09:36:21.190+0000] {processor.py:839} INFO - DAG(s) dict_keys(['pipeline_ingestion_suivi']) retrieved from /opt/airflow/dags/dag_suivi.py
[2026-07-20T09:36:21.213+0000] {logging_mixin.py:151} INFO - [2026-07-20T09:36:21.213+0000] {dag.py:2941} INFO - Sync 1 DAGs
[2026-07-20T09:36:21.230+0000] {logging_mixin.py:151} INFO - [2026-07-20T09:36:21.230+0000] {dag.py:3722} INFO - Setting next_dagrun for pipeline_ingestion_suivi to 2026-07-20T09:00:00+00:00, run_after=2026-07-20T10:00:00+00:00
[2026-07-20T09:36:21.248+0000] {processor.py:179} INFO - Processing /opt/airflow/dags/dag_suivi.py took 0.083 seconds
[2026-07-20T09:36:51.501+0000] {processor.py:157} INFO - Started process (PID=3436) to work on /opt/airflow/dags/dag_suivi.py
[2026-07-20T09:36:51.502+0000] {processor.py:829} INFO - Processing file /opt/airflow/dags/dag_suivi.py for tasks to queue
[2026-07-20T09:36:51.503+0000] {logging_mixin.py:151} INFO - [2026-07-20T09:36:51.503+0000] {dagbag.py:536} INFO - Filling up the DagBag from /opt/airflow/dags/dag_suivi.py
[2026-07-20T09:36:51.525+0000] {processor.py:839} INFO - DAG(s) dict_keys(['pipeline_ingestion_suivi']) retrieved from /opt/airflow/dags/dag_suivi.py
[2026-07-20T09:36:51.555+0000] {logging_mixin.py:151} INFO - [2026-07-20T09:36:51.554+0000] {dag.py:2941} INFO - Sync 1 DAGs
[2026-07-20T09:36:51.588+0000] {logging_mixin.py:151} INFO - [2026-07-20T09:36:51.587+0000] {dag.py:3722} INFO - Setting next_dagrun for pipeline_ingestion_suivi to 2026-07-20T09:00:00+00:00, run_after=2026-07-20T10:00:00+00:00
[2026-07-20T09:36:51.617+0000] {processor.py:179} INFO - Processing /opt/airflow/dags/dag_suivi.py took 0.119 seconds
[2026-07-20T09:37:21.754+0000] {processor.py:157} INFO - Started process (PID=3441) to work on /opt/airflow/dags/dag_suivi.py
[2026-07-20T09:37:21.754+0000] {processor.py:829} INFO - Processing file /opt/airflow/dags/dag_suivi.py for tasks to queue
[2026-07-20T09:37:21.755+0000] {logging_mixin.py:151} INFO - [2026-07-20T09:37:21.755+0000] {dagbag.py:536} INFO - Filling up the DagBag from /opt/airflow/dags/dag_suivi.py
[2026-07-20T09:37:21.782+0000] {processor.py:839} INFO - DAG(s) dict_keys(['pipeline_ingestion_suivi']) retrieved from /opt/airflow/dags/dag_suivi.py
[2026-07-20T09:37:21.817+0000] {logging_mixin.py:151} INFO - [2026-07-20T09:37:21.816+0000] {dag.py:2941} INFO - Sync 1 DAGs
[2026-07-20T09:37:21.845+0000] {logging_mixin.py:151} INFO - [2026-07-20T09:37:21.844+0000] {dag.py:3722} INFO - Setting next_dagrun for pipeline_ingestion_suivi to 2026-07-20T09:00:00+00:00, run_after=2026-07-20T10:00:00+00:00
[2026-07-20T09:37:21.868+0000] {processor.py:179} INFO - Processing /opt/airflow/dags/dag_suivi.py took 0.118 seconds
[2026-07-20T09:37:52.117+0000] {processor.py:157} INFO - Started process (PID=3446) to work on /opt/airflow/dags/dag_suivi.py
[2026-07-20T09:37:52.118+0000] {processor.py:829} INFO - Processing file /opt/airflow/dags/dag_suivi.py for tasks to queue
[2026-07-20T09:37:52.119+0000] {logging_mixin.py:151} INFO - [2026-07-20T09:37:52.119+0000] {dagbag.py:536} INFO - Filling up the DagBag from /opt/airflow/dags/dag_suivi.py
[2026-07-20T09:37:52.138+0000] {processor.py:839} INFO - DAG(s) dict_keys(['pipeline_ingestion_suivi']) retrieved from /opt/airflow/dags/dag_suivi.py
[2026-07-20T09:37:52.163+0000] {logging_mixin.py:151} INFO - [2026-07-20T09:37:52.163+0000] {dag.py:2941} INFO - Sync 1 DAGs
[2026-07-20T09:37:52.181+0000] {logging_mixin.py:151} INFO - [2026-07-20T09:37:52.181+0000] {dag.py:3722} INFO - Setting next_dagrun for pipeline_ingestion_suivi to 2026-07-20T09:00:00+00:00, run_after=2026-07-20T10:00:00+00:00
[2026-07-20T09:37:52.200+0000] {processor.py:179} INFO - Processing /opt/airflow/dags/dag_suivi.py took 0.085 seconds
[2026-07-20T09:38:22.358+0000] {processor.py:157} INFO - Started process (PID=3451) to work on /opt/airflow/dags/dag_suivi.py
[2026-07-20T09:38:22.359+0000] {processor.py:829} INFO - Processing file /opt/airflow/dags/dag_suivi.py for tasks to queue
[2026-07-20T09:38:22.360+0000] {logging_mixin.py:151} INFO - [2026-07-20T09:38:22.360+0000] {dagbag.py:536} INFO - Filling up the DagBag from /opt/airflow/dags/dag_suivi.py
[2026-07-20T09:38:22.379+0000] {processor.py:839} INFO - DAG(s) dict_keys(['pipeline_ingestion_suivi']) retrieved from /opt/airflow/dags/dag_suivi.py
[2026-07-20T09:38:22.405+0000] {logging_mixin.py:151} INFO - [2026-07-20T09:38:22.405+0000] {dag.py:2941} INFO - Sync 1 DAGs
[2026-07-20T09:38:22.423+0000] {logging_mixin.py:151} INFO - [2026-07-20T09:38:22.423+0000] {dag.py:3722} INFO - Setting next_dagrun for pipeline_ingestion_suivi to 2026-07-20T09:00:00+00:00, run_after=2026-07-20T10:00:00+00:00
[2026-07-20T09:38:22.440+0000] {processor.py:179} INFO - Processing /opt/airflow/dags/dag_suivi.py took 0.084 seconds
[2026-07-20T09:38:52.664+0000] {processor.py:157} INFO - Started process (PID=3456) to work on /opt/airflow/dags/dag_suivi.py
[2026-07-20T09:38:52.665+0000] {processor.py:829} INFO - Processing file /opt/airflow/dags/dag_suivi.py for tasks to queue
[2026-07-20T09:38:52.666+0000] {logging_mixin.py:151} INFO - [2026-07-20T09:38:52.666+0000] {dagbag.py:536} INFO - Filling up the DagBag from /opt/airflow/dags/dag_suivi.py
[2026-07-20T09:38:52.686+0000] {processor.py:839} INFO - DAG(s) dict_keys(['pipeline_ingestion_suivi']) retrieved from /opt/airflow/dags/dag_suivi.py
[2026-07-20T09:38:52.710+0000] {logging_mixin.py:151} INFO - [2026-07-20T09:38:52.710+0000] {dag.py:2941} INFO - Sync 1 DAGs
[2026-07-20T09:38:52.727+0000] {logging_mixin.py:151} INFO - [2026-07-20T09:38:52.727+0000] {dag.py:3722} INFO - Setting next_dagrun for pipeline_ingestion_suivi to 2026-07-20T09:00:00+00:00, run_after=2026-07-20T10:00:00+00:00
[2026-07-20T09:38:52.745+0000] {processor.py:179} INFO - Processing /opt/airflow/dags/dag_suivi.py took 0.083 seconds
[2026-07-20T09:39:22.903+0000] {processor.py:157} INFO - Started process (PID=3461) to work on /opt/airflow/dags/dag_suivi.py
[2026-07-20T09:39:22.903+0000] {processor.py:829} INFO - Processing file /opt/airflow/dags/dag_suivi.py for tasks to queue
[2026-07-20T09:39:22.904+0000] {logging_mixin.py:151} INFO - [2026-07-20T09:39:22.904+0000] {dagbag.py:536} INFO - Filling up the DagBag from /opt/airflow/dags/dag_suivi.py
[2026-07-20T09:39:22.921+0000] {processor.py:839} INFO - DAG(s) dict_keys(['pipeline_ingestion_suivi']) retrieved from /opt/airflow/dags/dag_suivi.py
[2026-07-20T09:39:22.946+0000] {logging_mixin.py:151} INFO - [2026-07-20T09:39:22.946+0000] {dag.py:2941} INFO - Sync 1 DAGs
[2026-07-20T09:39:22.966+0000] {logging_mixin.py:151} INFO - [2026-07-20T09:39:22.966+0000] {dag.py:3722} INFO - Setting next_dagrun for pipeline_ingestion_suivi to 2026-07-20T09:00:00+00:00, run_after=2026-07-20T10:00:00+00:00
[2026-07-20T09:39:22.984+0000] {processor.py:179} INFO - Processing /opt/airflow/dags/dag_suivi.py took 0.085 seconds
[2026-07-20T09:39:53.201+0000] {processor.py:157} INFO - Started process (PID=3466) to work on /opt/airflow/dags/dag_suivi.py
[2026-07-20T09:39:53.201+0000] {processor.py:829} INFO - Processing file /opt/airflow/dags/dag_suivi.py for tasks to queue
[2026-07-20T09:39:53.202+0000] {logging_mixin.py:151} INFO - [2026-07-20T09:39:53.202+0000] {dagbag.py:536} INFO - Filling up the DagBag from /opt/airflow/dags/dag_suivi.py
[2026-07-20T09:39:53.220+0000] {processor.py:839} INFO - DAG(s) dict_keys(['pipeline_ingestion_suivi']) retrieved from /opt/airflow/dags/dag_suivi.py
[2026-07-20T09:39:53.244+0000] {logging_mixin.py:151} INFO - [2026-07-20T09:39:53.244+0000] {dag.py:2941} INFO - Sync 1 DAGs
[2026-07-20T09:39:53.264+0000] {logging_mixin.py:151} INFO - [2026-07-20T09:39:53.264+0000] {dag.py:3722} INFO - Setting next_dagrun for pipeline_ingestion_suivi to 2026-07-20T09:00:00+00:00, run_after=2026-07-20T10:00:00+00:00
[2026-07-20T09:39:53.292+0000] {processor.py:179} INFO - Processing /opt/airflow/dags/dag_suivi.py took 0.094 seconds
[2026-07-20T09:40:23.502+0000] {processor.py:157} INFO - Started process (PID=3471) to work on /opt/airflow/dags/dag_suivi.py
[2026-07-20T09:40:23.502+0000] {processor.py:829} INFO - Processing file /opt/airflow/dags/dag_suivi.py for tasks to queue
[2026-07-20T09:40:23.503+0000] {logging_mixin.py:151} INFO - [2026-07-20T09:40:23.503+0000] {dagbag.py:536} INFO - Filling up the DagBag from /opt/airflow/dags/dag_suivi.py
[2026-07-20T09:40:23.523+0000] {processor.py:839} INFO - DAG(s) dict_keys(['pipeline_ingestion_suivi']) retrieved from /opt/airflow/dags/dag_suivi.py
[2026-07-20T09:40:23.546+0000] {logging_mixin.py:151} INFO - [2026-07-20T09:40:23.546+0000] {dag.py:2941} INFO - Sync 1 DAGs
[2026-07-20T09:40:23.564+0000] {logging_mixin.py:151} INFO - [2026-07-20T09:40:23.563+0000] {dag.py:3722} INFO - Setting next_dagrun for pipeline_ingestion_suivi to 2026-07-20T09:00:00+00:00, run_after=2026-07-20T10:00:00+00:00
[2026-07-20T09:40:23.596+0000] {processor.py:179} INFO - Processing /opt/airflow/dags/dag_suivi.py took 0.097 seconds
[2026-07-20T09:40:53.779+0000] {processor.py:157} INFO - Started process (PID=3476) to work on /opt/airflow/dags/dag_suivi.py
[2026-07-20T09:40:53.779+0000] {processor.py:829} INFO - Processing file /opt/airflow/dags/dag_suivi.py for tasks to queue
[2026-07-20T09:40:53.780+0000] {logging_mixin.py:151} INFO - [2026-07-20T09:40:53.780+0000] {dagbag.py:536} INFO - Filling up the DagBag from /opt/airflow/dags/dag_suivi.py
[2026-07-20T09:40:53.797+0000] {processor.py:839} INFO - DAG(s) dict_keys(['pipeline_ingestion_suivi']) retrieved from /opt/airflow/dags/dag_suivi.py
[2026-07-20T09:40:53.820+0000] {logging_mixin.py:151} INFO - [2026-07-20T09:40:53.820+0000] {dag.py:2941} INFO - Sync 1 DAGs
[2026-07-20T09:40:53.837+0000] {logging_mixin.py:151} INFO - [2026-07-20T09:40:53.837+0000] {dag.py:3722} INFO - Setting next_dagrun for pipeline_ingestion_suivi to 2026-07-20T09:00:00+00:00, run_after=2026-07-20T10:00:00+00:00
[2026-07-20T09:40:53.869+0000] {processor.py:179} INFO - Processing /opt/airflow/dags/dag_suivi.py took 0.093 seconds
[2026-07-20T09:41:24.055+0000] {processor.py:157} INFO - Started process (PID=3481) to work on /opt/airflow/dags/dag_suivi.py
[2026-07-20T09:41:24.056+0000] {processor.py:829} INFO - Processing file /opt/airflow/dags/dag_suivi.py for tasks to queue
[2026-07-20T09:41:24.057+0000] {logging_mixin.py:151} INFO - [2026-07-20T09:41:24.056+0000] {dagbag.py:536} INFO - Filling up the DagBag from /opt/airflow/dags/dag_suivi.py
[2026-07-20T09:41:24.073+0000] {processor.py:839} INFO - DAG(s) dict_keys(['pipeline_ingestion_suivi']) retrieved from /opt/airflow/dags/dag_suivi.py
[2026-07-20T09:41:24.097+0000] {logging_mixin.py:151} INFO - [2026-07-20T09:41:24.097+0000] {dag.py:2941} INFO - Sync 1 DAGs
[2026-07-20T09:41:24.115+0000] {logging_mixin.py:151} INFO - [2026-07-20T09:41:24.115+0000] {dag.py:3722} INFO - Setting next_dagrun for pipeline_ingestion_suivi to 2026-07-20T09:00:00+00:00, run_after=2026-07-20T10:00:00+00:00
[2026-07-20T09:41:24.136+0000] {processor.py:179} INFO - Processing /opt/airflow/dags/dag_suivi.py took 0.083 seconds
[2026-07-20T09:41:54.384+0000] {processor.py:157} INFO - Started process (PID=3486) to work on /opt/airflow/dags/dag_suivi.py
[2026-07-20T09:41:54.385+0000] {processor.py:829} INFO - Processing file /opt/airflow/dags/dag_suivi.py for tasks to queue
[2026-07-20T09:41:54.387+0000] {logging_mixin.py:151} INFO - [2026-07-20T09:41:54.386+0000] {dagbag.py:536} INFO - Filling up the DagBag from /opt/airflow/dags/dag_suivi.py
[2026-07-20T09:41:54.410+0000] {processor.py:839} INFO - DAG(s) dict_keys(['pipeline_ingestion_suivi']) retrieved from /opt/airflow/dags/dag_suivi.py
[2026-07-20T09:41:54.435+0000] {logging_mixin.py:151} INFO - [2026-07-20T09:41:54.435+0000] {dag.py:2941} INFO - Sync 1 DAGs
[2026-07-20T09:41:54.454+0000] {logging_mixin.py:151} INFO - [2026-07-20T09:41:54.454+0000] {dag.py:3722} INFO - Setting next_dagrun for pipeline_ingestion_suivi to 2026-07-20T09:00:00+00:00, run_after=2026-07-20T10:00:00+00:00
[2026-07-20T09:41:54.471+0000] {processor.py:179} INFO - Processing /opt/airflow/dags/dag_suivi.py took 0.092 seconds
[2026-07-20T09:42:24.643+0000] {processor.py:157} INFO - Started process (PID=3491) to work on /opt/airflow/dags/dag_suivi.py
[2026-07-20T09:42:24.644+0000] {processor.py:829} INFO - Processing file /opt/airflow/dags/dag_suivi.py for tasks to queue
[2026-07-20T09:42:24.645+0000] {logging_mixin.py:151} INFO - [2026-07-20T09:42:24.645+0000] {dagbag.py:536} INFO - Filling up the DagBag from /opt/airflow/dags/dag_suivi.py
[2026-07-20T09:42:24.665+0000] {processor.py:839} INFO - DAG(s) dict_keys(['pipeline_ingestion_suivi']) retrieved from /opt/airflow/dags/dag_suivi.py
[2026-07-20T09:42:24.691+0000] {logging_mixin.py:151} INFO - [2026-07-20T09:42:24.691+0000] {dag.py:2941} INFO - Sync 1 DAGs
[2026-07-20T09:42:24.710+0000] {logging_mixin.py:151} INFO - [2026-07-20T09:42:24.709+0000] {dag.py:3722} INFO - Setting next_dagrun for pipeline_ingestion_suivi to 2026-07-20T09:00:00+00:00, run_after=2026-07-20T10:00:00+00:00
[2026-07-20T09:42:24.732+0000] {processor.py:179} INFO - Processing /opt/airflow/dags/dag_suivi.py took 0.092 seconds
[2026-07-20T09:42:54.910+0000] {processor.py:157} INFO - Started process (PID=3496) to work on /opt/airflow/dags/dag_suivi.py
[2026-07-20T09:42:54.911+0000] {processor.py:829} INFO - Processing file /opt/airflow/dags/dag_suivi.py for tasks to queue
[2026-07-20T09:42:54.912+0000] {logging_mixin.py:151} INFO - [2026-07-20T09:42:54.912+0000] {dagbag.py:536} INFO - Filling up the DagBag from /opt/airflow/dags/dag_suivi.py
[2026-07-20T09:42:54.930+0000] {processor.py:839} INFO - DAG(s) dict_keys(['pipeline_ingestion_suivi']) retrieved from /opt/airflow/dags/dag_suivi.py
[2026-07-20T09:42:54.955+0000] {logging_mixin.py:151} INFO - [2026-07-20T09:42:54.955+0000] {dag.py:2941} INFO - Sync 1 DAGs
[2026-07-20T09:42:54.973+0000] {logging_mixin.py:151} INFO - [2026-07-20T09:42:54.973+0000] {dag.py:3722} INFO - Setting next_dagrun for pipeline_ingestion_suivi to 2026-07-20T09:00:00+00:00, run_after=2026-07-20T10:00:00+00:00
[2026-07-20T09:42:54.989+0000] {processor.py:179} INFO - Processing /opt/airflow/dags/dag_suivi.py took 0.082 seconds
[2026-07-20T09:43:25.187+0000] {processor.py:157} INFO - Started process (PID=3501) to work on /opt/airflow/dags/dag_suivi.py
[2026-07-20T09:43:25.187+0000] {processor.py:829} INFO - Processing file /opt/airflow/dags/dag_suivi.py for tasks to queue
[2026-07-20T09:43:25.188+0000] {logging_mixin.py:151} INFO - [2026-07-20T09:43:25.188+0000] {dagbag.py:536} INFO - Filling up the DagBag from /opt/airflow/dags/dag_suivi.py
[2026-07-20T09:43:25.208+0000] {processor.py:839} INFO - DAG(s) dict_keys(['pipeline_ingestion_suivi']) retrieved from /opt/airflow/dags/dag_suivi.py
[2026-07-20T09:43:25.232+0000] {logging_mixin.py:151} INFO - [2026-07-20T09:43:25.232+0000] {dag.py:2941} INFO - Sync 1 DAGs
[2026-07-20T09:43:25.250+0000] {logging_mixin.py:151} INFO - [2026-07-20T09:43:25.250+0000] {dag.py:3722} INFO - Setting next_dagrun for pipeline_ingestion_suivi to 2026-07-20T09:00:00+00:00, run_after=2026-07-20T10:00:00+00:00
[2026-07-20T09:43:25.266+0000] {processor.py:179} INFO - Processing /opt/airflow/dags/dag_suivi.py took 0.082 seconds
[2026-07-20T09:43:55.468+0000] {processor.py:157} INFO - Started process (PID=3506) to work on /opt/airflow/dags/dag_suivi.py
[2026-07-20T09:43:55.469+0000] {processor.py:829} INFO - Processing file /opt/airflow/dags/dag_suivi.py for tasks to queue
[2026-07-20T09:43:55.470+0000] {logging_mixin.py:151} INFO - [2026-07-20T09:43:55.469+0000] {dagbag.py:536} INFO - Filling up the DagBag from /opt/airflow/dags/dag_suivi.py
[2026-07-20T09:43:55.487+0000] {processor.py:839} INFO - DAG(s) dict_keys(['pipeline_ingestion_suivi']) retrieved from /opt/airflow/dags/dag_suivi.py
[2026-07-20T09:43:55.513+0000] {logging_mixin.py:151} INFO - [2026-07-20T09:43:55.512+0000] {dag.py:2941} INFO - Sync 1 DAGs
[2026-07-20T09:43:55.530+0000] {logging_mixin.py:151} INFO - [2026-07-20T09:43:55.530+0000] {dag.py:3722} INFO - Setting next_dagrun for pipeline_ingestion_suivi to 2026-07-20T09:00:00+00:00, run_after=2026-07-20T10:00:00+00:00
[2026-07-20T09:43:55.548+0000] {processor.py:179} INFO - Processing /opt/airflow/dags/dag_suivi.py took 0.083 seconds
[2026-07-20T09:44:25.744+0000] {processor.py:157} INFO - Started process (PID=3511) to work on /opt/airflow/dags/dag_suivi.py
[2026-07-20T09:44:25.745+0000] {processor.py:829} INFO - Processing file /opt/airflow/dags/dag_suivi.py for tasks to queue
[2026-07-20T09:44:25.746+0000] {logging_mixin.py:151} INFO - [2026-07-20T09:44:25.745+0000] {dagbag.py:536} INFO - Filling up the DagBag from /opt/airflow/dags/dag_suivi.py
[2026-07-20T09:44:25.764+0000] {processor.py:839} INFO - DAG(s) dict_keys(['pipeline_ingestion_suivi']) retrieved from /opt/airflow/dags/dag_suivi.py
[2026-07-20T09:44:25.789+0000] {logging_mixin.py:151} INFO - [2026-07-20T09:44:25.789+0000] {dag.py:2941} INFO - Sync 1 DAGs
[2026-07-20T09:44:25.806+0000] {logging_mixin.py:151} INFO - [2026-07-20T09:44:25.806+0000] {dag.py:3722} INFO - Setting next_dagrun for pipeline_ingestion_suivi to 2026-07-20T09:00:00+00:00, run_after=2026-07-20T10:00:00+00:00
[2026-07-20T09:44:25.826+0000] {processor.py:179} INFO - Processing /opt/airflow/dags/dag_suivi.py took 0.084 seconds
[2026-07-20T09:44:56.010+0000] {processor.py:157} INFO - Started process (PID=3516) to work on /opt/airflow/dags/dag_suivi.py
[2026-07-20T09:44:56.011+0000] {processor.py:829} INFO - Processing file /opt/airflow/dags/dag_suivi.py for tasks to queue
[2026-07-20T09:44:56.012+0000] {logging_mixin.py:151} INFO - [2026-07-20T09:44:56.012+0000] {dagbag.py:536} INFO - Filling up the DagBag from /opt/airflow/dags/dag_suivi.py
[2026-07-20T09:44:56.039+0000] {processor.py:839} INFO - DAG(s) dict_keys(['pipeline_ingestion_suivi']) retrieved from /opt/airflow/dags/dag_suivi.py
[2026-07-20T09:44:56.071+0000] {logging_mixin.py:151} INFO - [2026-07-20T09:44:56.071+0000] {dag.py:2941} INFO - Sync 1 DAGs
[2026-07-20T09:44:56.093+0000] {logging_mixin.py:151} INFO - [2026-07-20T09:44:56.093+0000] {dag.py:3722} INFO - Setting next_dagrun for pipeline_ingestion_suivi to 2026-07-20T09:00:00+00:00, run_after=2026-07-20T10:00:00+00:00
[2026-07-20T09:44:56.110+0000] {processor.py:179} INFO - Processing /opt/airflow/dags/dag_suivi.py took 0.103 seconds
[2026-07-20T09:45:26.286+0000] {processor.py:157} INFO - Started process (PID=3521) to work on /opt/airflow/dags/dag_suivi.py
[2026-07-20T09:45:26.287+0000] {processor.py:829} INFO - Processing file /opt/airflow/dags/dag_suivi.py for tasks to queue
[2026-07-20T09:45:26.288+0000] {logging_mixin.py:151} INFO - [2026-07-20T09:45:26.287+0000] {dagbag.py:536} INFO - Filling up the DagBag from /opt/airflow/dags/dag_suivi.py
[2026-07-20T09:45:26.309+0000] {processor.py:839} INFO - DAG(s) dict_keys(['pipeline_ingestion_suivi']) retrieved from /opt/airflow/dags/dag_suivi.py
[2026-07-20T09:45:26.336+0000] {logging_mixin.py:151} INFO - [2026-07-20T09:45:26.336+0000] {dag.py:2941} INFO - Sync 1 DAGs
[2026-07-20T09:45:26.361+0000] {logging_mixin.py:151} INFO - [2026-07-20T09:45:26.360+0000] {dag.py:3722} INFO - Setting next_dagrun for pipeline_ingestion_suivi to 2026-07-20T09:00:00+00:00, run_after=2026-07-20T10:00:00+00:00
[2026-07-20T09:45:26.382+0000] {processor.py:179} INFO - Processing /opt/airflow/dags/dag_suivi.py took 0.099 seconds
[2026-07-20T09:45:56.531+0000] {processor.py:157} INFO - Started process (PID=3526) to work on /opt/airflow/dags/dag_suivi.py
[2026-07-20T09:45:56.532+0000] {processor.py:829} INFO - Processing file /opt/airflow/dags/dag_suivi.py for tasks to queue
[2026-07-20T09:45:56.533+0000] {logging_mixin.py:151} INFO - [2026-07-20T09:45:56.533+0000] {dagbag.py:536} INFO - Filling up the DagBag from /opt/airflow/dags/dag_suivi.py
[2026-07-20T09:45:56.552+0000] {processor.py:839} INFO - DAG(s) dict_keys(['pipeline_ingestion_suivi']) retrieved from /opt/airflow/dags/dag_suivi.py
[2026-07-20T09:45:56.577+0000] {logging_mixin.py:151} INFO - [2026-07-20T09:45:56.577+0000] {dag.py:2941} INFO - Sync 1 DAGs
[2026-07-20T09:45:56.594+0000] {logging_mixin.py:151} INFO - [2026-07-20T09:45:56.593+0000] {dag.py:3722} INFO - Setting next_dagrun for pipeline_ingestion_suivi to 2026-07-20T09:00:00+00:00, run_after=2026-07-20T10:00:00+00:00
[2026-07-20T09:45:56.620+0000] {processor.py:179} INFO - Processing /opt/airflow/dags/dag_suivi.py took 0.092 seconds
[2026-07-20T09:46:26.790+0000] {processor.py:157} INFO - Started process (PID=3531) to work on /opt/airflow/dags/dag_suivi.py
[2026-07-20T09:46:26.791+0000] {processor.py:829} INFO - Processing file /opt/airflow/dags/dag_suivi.py for tasks to queue
[2026-07-20T09:46:26.793+0000] {logging_mixin.py:151} INFO - [2026-07-20T09:46:26.792+0000] {dagbag.py:536} INFO - Filling up the DagBag from /opt/airflow/dags/dag_suivi.py
[2026-07-20T09:46:26.822+0000] {processor.py:839} INFO - DAG(s) dict_keys(['pipeline_ingestion_suivi']) retrieved from /opt/airflow/dags/dag_suivi.py
[2026-07-20T09:46:26.854+0000] {logging_mixin.py:151} INFO - [2026-07-20T09:46:26.854+0000] {dag.py:2941} INFO - Sync 1 DAGs
[2026-07-20T09:46:26.872+0000] {logging_mixin.py:151} INFO - [2026-07-20T09:46:26.872+0000] {dag.py:3722} INFO - Setting next_dagrun for pipeline_ingestion_suivi to 2026-07-20T09:00:00+00:00, run_after=2026-07-20T10:00:00+00:00
[2026-07-20T09:46:26.890+0000] {processor.py:179} INFO - Processing /opt/airflow/dags/dag_suivi.py took 0.103 seconds
[2026-07-20T09:46:57.083+0000] {processor.py:157} INFO - Started process (PID=3536) to work on /opt/airflow/dags/dag_suivi.py
[2026-07-20T09:46:57.084+0000] {processor.py:829} INFO - Processing file /opt/airflow/dags/dag_suivi.py for tasks to queue
[2026-07-20T09:46:57.085+0000] {logging_mixin.py:151} INFO - [2026-07-20T09:46:57.084+0000] {dagbag.py:536} INFO - Filling up the DagBag from /opt/airflow/dags/dag_suivi.py
[2026-07-20T09:46:57.107+0000] {processor.py:839} INFO - DAG(s) dict_keys(['pipeline_ingestion_suivi']) retrieved from /opt/airflow/dags/dag_suivi.py
[2026-07-20T09:46:57.143+0000] {logging_mixin.py:151} INFO - [2026-07-20T09:46:57.143+0000] {dag.py:2941} INFO - Sync 1 DAGs
[2026-07-20T09:46:57.163+0000] {logging_mixin.py:151} INFO - [2026-07-20T09:46:57.163+0000] {dag.py:3722} INFO - Setting next_dagrun for pipeline_ingestion_suivi to 2026-07-20T09:00:00+00:00, run_after=2026-07-20T10:00:00+00:00
[2026-07-20T09:46:57.180+0000] {processor.py:179} INFO - Processing /opt/airflow/dags/dag_suivi.py took 0.102 seconds
[2026-07-20T09:47:27.321+0000] {processor.py:157} INFO - Started process (PID=3541) to work on /opt/airflow/dags/dag_suivi.py
[2026-07-20T09:47:27.321+0000] {processor.py:829} INFO - Processing file /opt/airflow/dags/dag_suivi.py for tasks to queue
[2026-07-20T09:47:27.322+0000] {logging_mixin.py:151} INFO - [2026-07-20T09:47:27.322+0000] {dagbag.py:536} INFO - Filling up the DagBag from /opt/airflow/dags/dag_suivi.py
[2026-07-20T09:47:27.340+0000] {processor.py:839} INFO - DAG(s) dict_keys(['pipeline_ingestion_suivi']) retrieved from /opt/airflow/dags/dag_suivi.py
[2026-07-20T09:47:27.365+0000] {logging_mixin.py:151} INFO - [2026-07-20T09:47:27.364+0000] {dag.py:2941} INFO - Sync 1 DAGs
[2026-07-20T09:47:27.384+0000] {logging_mixin.py:151} INFO - [2026-07-20T09:47:27.384+0000] {dag.py:3722} INFO - Setting next_dagrun for pipeline_ingestion_suivi to 2026-07-20T09:00:00+00:00, run_after=2026-07-20T10:00:00+00:00
[2026-07-20T09:47:27.402+0000] {processor.py:179} INFO - Processing /opt/airflow/dags/dag_suivi.py took 0.085 seconds
[2026-07-20T09:47:57.658+0000] {processor.py:157} INFO - Started process (PID=3546) to work on /opt/airflow/dags/dag_suivi.py
[2026-07-20T09:47:57.659+0000] {processor.py:829} INFO - Processing file /opt/airflow/dags/dag_suivi.py for tasks to queue
[2026-07-20T09:47:57.659+0000] {logging_mixin.py:151} INFO - [2026-07-20T09:47:57.659+0000] {dagbag.py:536} INFO - Filling up the DagBag from /opt/airflow/dags/dag_suivi.py
[2026-07-20T09:47:57.680+0000] {processor.py:839} INFO - DAG(s) dict_keys(['pipeline_ingestion_suivi']) retrieved from /opt/airflow/dags/dag_suivi.py
[2026-07-20T09:47:57.705+0000] {logging_mixin.py:151} INFO - [2026-07-20T09:47:57.705+0000] {dag.py:2941} INFO - Sync 1 DAGs
[2026-07-20T09:47:57.729+0000] {logging_mixin.py:151} INFO - [2026-07-20T09:47:57.729+0000] {dag.py:3722} INFO - Setting next_dagrun for pipeline_ingestion_suivi to 2026-07-20T09:00:00+00:00, run_after=2026-07-20T10:00:00+00:00
[2026-07-20T09:47:57.748+0000] {processor.py:179} INFO - Processing /opt/airflow/dags/dag_suivi.py took 0.093 seconds
[2026-07-20T09:48:27.914+0000] {processor.py:157} INFO - Started process (PID=3551) to work on /opt/airflow/dags/dag_suivi.py
[2026-07-20T09:48:27.914+0000] {processor.py:829} INFO - Processing file /opt/airflow/dags/dag_suivi.py for tasks to queue
[2026-07-20T09:48:27.915+0000] {logging_mixin.py:151} INFO - [2026-07-20T09:48:27.915+0000] {dagbag.py:536} INFO - Filling up the DagBag from /opt/airflow/dags/dag_suivi.py
[2026-07-20T09:48:27.934+0000] {processor.py:839} INFO - DAG(s) dict_keys(['pipeline_ingestion_suivi']) retrieved from /opt/airflow/dags/dag_suivi.py
[2026-07-20T09:48:27.958+0000] {logging_mixin.py:151} INFO - [2026-07-20T09:48:27.958+0000] {dag.py:2941} INFO - Sync 1 DAGs
[2026-07-20T09:48:27.976+0000] {logging_mixin.py:151} INFO - [2026-07-20T09:48:27.976+0000] {dag.py:3722} INFO - Setting next_dagrun for pipeline_ingestion_suivi to 2026-07-20T09:00:00+00:00, run_after=2026-07-20T10:00:00+00:00
[2026-07-20T09:48:27.996+0000] {processor.py:179} INFO - Processing /opt/airflow/dags/dag_suivi.py took 0.085 seconds
[2026-07-20T09:48:58.198+0000] {processor.py:157} INFO - Started process (PID=3556) to work on /opt/airflow/dags/dag_suivi.py
[2026-07-20T09:48:58.199+0000] {processor.py:829} INFO - Processing file /opt/airflow/dags/dag_suivi.py for tasks to queue
[2026-07-20T09:48:58.200+0000] {logging_mixin.py:151} INFO - [2026-07-20T09:48:58.199+0000] {dagbag.py:536} INFO - Filling up the DagBag from /opt/airflow/dags/dag_suivi.py
[2026-07-20T09:48:58.218+0000] {processor.py:839} INFO - DAG(s) dict_keys(['pipeline_ingestion_suivi']) retrieved from /opt/airflow/dags/dag_suivi.py
[2026-07-20T09:48:58.244+0000] {logging_mixin.py:151} INFO - [2026-07-20T09:48:58.243+0000] {dag.py:2941} INFO - Sync 1 DAGs
[2026-07-20T09:48:58.263+0000] {logging_mixin.py:151} INFO - [2026-07-20T09:48:58.263+0000] {dag.py:3722} INFO - Setting next_dagrun for pipeline_ingestion_suivi to 2026-07-20T09:00:00+00:00, run_after=2026-07-20T10:00:00+00:00
[2026-07-20T09:48:58.285+0000] {processor.py:179} INFO - Processing /opt/airflow/dags/dag_suivi.py took 0.089 seconds
[2026-07-20T09:49:28.418+0000] {processor.py:157} INFO - Started process (PID=3561) to work on /opt/airflow/dags/dag_suivi.py
[2026-07-20T09:49:28.419+0000] {processor.py:829} INFO - Processing file /opt/airflow/dags/dag_suivi.py for tasks to queue
[2026-07-20T09:49:28.420+0000] {logging_mixin.py:151} INFO - [2026-07-20T09:49:28.419+0000] {dagbag.py:536} INFO - Filling up the DagBag from /opt/airflow/dags/dag_suivi.py
[2026-07-20T09:49:28.439+0000] {processor.py:839} INFO - DAG(s) dict_keys(['pipeline_ingestion_suivi']) retrieved from /opt/airflow/dags/dag_suivi.py
[2026-07-20T09:49:28.465+0000] {logging_mixin.py:151} INFO - [2026-07-20T09:49:28.465+0000] {dag.py:2941} INFO - Sync 1 DAGs
[2026-07-20T09:49:28.484+0000] {logging_mixin.py:151} INFO - [2026-07-20T09:49:28.484+0000] {dag.py:3722} INFO - Setting next_dagrun for pipeline_ingestion_suivi to 2026-07-20T09:00:00+00:00, run_after=2026-07-20T10:00:00+00:00
[2026-07-20T09:49:28.503+0000] {processor.py:179} INFO - Processing /opt/airflow/dags/dag_suivi.py took 0.088 seconds
[2026-07-20T09:49:58.747+0000] {processor.py:157} INFO - Started process (PID=3566) to work on /opt/airflow/dags/dag_suivi.py
[2026-07-20T09:49:58.747+0000] {processor.py:829} INFO - Processing file /opt/airflow/dags/dag_suivi.py for tasks to queue
[2026-07-20T09:49:58.748+0000] {logging_mixin.py:151} INFO - [2026-07-20T09:49:58.748+0000] {dagbag.py:536} INFO - Filling up the DagBag from /opt/airflow/dags/dag_suivi.py
[2026-07-20T09:49:58.767+0000] {processor.py:839} INFO - DAG(s) dict_keys(['pipeline_ingestion_suivi']) retrieved from /opt/airflow/dags/dag_suivi.py
[2026-07-20T09:49:58.794+0000] {logging_mixin.py:151} INFO - [2026-07-20T09:49:58.794+0000] {dag.py:2941} INFO - Sync 1 DAGs
[2026-07-20T09:49:58.812+0000] {logging_mixin.py:151} INFO - [2026-07-20T09:49:58.812+0000] {dag.py:3722} INFO - Setting next_dagrun for pipeline_ingestion_suivi to 2026-07-20T09:00:00+00:00, run_after=2026-07-20T10:00:00+00:00
[2026-07-20T09:49:58.830+0000] {processor.py:179} INFO - Processing /opt/airflow/dags/dag_suivi.py took 0.085 seconds
[2026-07-20T09:50:29.009+0000] {processor.py:157} INFO - Started process (PID=3571) to work on /opt/airflow/dags/dag_suivi.py
[2026-07-20T09:50:29.010+0000] {processor.py:829} INFO - Processing file /opt/airflow/dags/dag_suivi.py for tasks to queue
[2026-07-20T09:50:29.011+0000] {logging_mixin.py:151} INFO - [2026-07-20T09:50:29.011+0000] {dagbag.py:536} INFO - Filling up the DagBag from /opt/airflow/dags/dag_suivi.py
[2026-07-20T09:50:29.030+0000] {processor.py:839} INFO - DAG(s) dict_keys(['pipeline_ingestion_suivi']) retrieved from /opt/airflow/dags/dag_suivi.py
[2026-07-20T09:50:29.055+0000] {logging_mixin.py:151} INFO - [2026-07-20T09:50:29.054+0000] {dag.py:2941} INFO - Sync 1 DAGs
[2026-07-20T09:50:29.073+0000] {logging_mixin.py:151} INFO - [2026-07-20T09:50:29.073+0000] {dag.py:3722} INFO - Setting next_dagrun for pipeline_ingestion_suivi to 2026-07-20T09:00:00+00:00, run_after=2026-07-20T10:00:00+00:00
[2026-07-20T09:50:29.101+0000] {processor.py:179} INFO - Processing /opt/airflow/dags/dag_suivi.py took 0.095 seconds
[2026-07-20T09:50:59.259+0000] {processor.py:157} INFO - Started process (PID=3576) to work on /opt/airflow/dags/dag_suivi.py
[2026-07-20T09:50:59.260+0000] {processor.py:829} INFO - Processing file /opt/airflow/dags/dag_suivi.py for tasks to queue
[2026-07-20T09:50:59.261+0000] {logging_mixin.py:151} INFO - [2026-07-20T09:50:59.261+0000] {dagbag.py:536} INFO - Filling up the DagBag from /opt/airflow/dags/dag_suivi.py
[2026-07-20T09:50:59.280+0000] {processor.py:839} INFO - DAG(s) dict_keys(['pipeline_ingestion_suivi']) retrieved from /opt/airflow/dags/dag_suivi.py
[2026-07-20T09:50:59.305+0000] {logging_mixin.py:151} INFO - [2026-07-20T09:50:59.305+0000] {dag.py:2941} INFO - Sync 1 DAGs
[2026-07-20T09:50:59.324+0000] {logging_mixin.py:151} INFO - [2026-07-20T09:50:59.324+0000] {dag.py:3722} INFO - Setting next_dagrun for pipeline_ingestion_suivi to 2026-07-20T09:00:00+00:00, run_after=2026-07-20T10:00:00+00:00
[2026-07-20T09:50:59.351+0000] {processor.py:179} INFO - Processing /opt/airflow/dags/dag_suivi.py took 0.096 seconds
[2026-07-20T09:51:29.533+0000] {processor.py:157} INFO - Started process (PID=3581) to work on /opt/airflow/dags/dag_suivi.py
[2026-07-20T09:51:29.534+0000] {processor.py:829} INFO - Processing file /opt/airflow/dags/dag_suivi.py for tasks to queue
[2026-07-20T09:51:29.535+0000] {logging_mixin.py:151} INFO - [2026-07-20T09:51:29.535+0000] {dagbag.py:536} INFO - Filling up the DagBag from /opt/airflow/dags/dag_suivi.py
[2026-07-20T09:51:29.553+0000] {processor.py:839} INFO - DAG(s) dict_keys(['pipeline_ingestion_suivi']) retrieved from /opt/airflow/dags/dag_suivi.py
[2026-07-20T09:51:29.577+0000] {logging_mixin.py:151} INFO - [2026-07-20T09:51:29.577+0000] {dag.py:2941} INFO - Sync 1 DAGs
[2026-07-20T09:51:29.597+0000] {logging_mixin.py:151} INFO - [2026-07-20T09:51:29.596+0000] {dag.py:3722} INFO - Setting next_dagrun for pipeline_ingestion_suivi to 2026-07-20T09:00:00+00:00, run_after=2026-07-20T10:00:00+00:00
[2026-07-20T09:51:29.624+0000] {processor.py:179} INFO - Processing /opt/airflow/dags/dag_suivi.py took 0.094 seconds
[2026-07-20T09:51:59.819+0000] {processor.py:157} INFO - Started process (PID=3586) to work on /opt/airflow/dags/dag_suivi.py
[2026-07-20T09:51:59.820+0000] {processor.py:829} INFO - Processing file /opt/airflow/dags/dag_suivi.py for tasks to queue
[2026-07-20T09:51:59.821+0000] {logging_mixin.py:151} INFO - [2026-07-20T09:51:59.821+0000] {dagbag.py:536} INFO - Filling up the DagBag from /opt/airflow/dags/dag_suivi.py
[2026-07-20T09:51:59.856+0000] {processor.py:839} INFO - DAG(s) dict_keys(['pipeline_ingestion_suivi']) retrieved from /opt/airflow/dags/dag_suivi.py
[2026-07-20T09:51:59.896+0000] {logging_mixin.py:151} INFO - [2026-07-20T09:51:59.895+0000] {dag.py:2941} INFO - Sync 1 DAGs
[2026-07-20T09:51:59.922+0000] {logging_mixin.py:151} INFO - [2026-07-20T09:51:59.922+0000] {dag.py:3722} INFO - Setting next_dagrun for pipeline_ingestion_suivi to 2026-07-20T09:00:00+00:00, run_after=2026-07-20T10:00:00+00:00
[2026-07-20T09:51:59.942+0000] {processor.py:179} INFO - Processing /opt/airflow/dags/dag_suivi.py took 0.128 seconds
[2026-07-20T09:52:30.090+0000] {processor.py:157} INFO - Started process (PID=3591) to work on /opt/airflow/dags/dag_suivi.py
[2026-07-20T09:52:30.091+0000] {processor.py:829} INFO - Processing file /opt/airflow/dags/dag_suivi.py for tasks to queue
[2026-07-20T09:52:30.092+0000] {logging_mixin.py:151} INFO - [2026-07-20T09:52:30.091+0000] {dagbag.py:536} INFO - Filling up the DagBag from /opt/airflow/dags/dag_suivi.py
[2026-07-20T09:52:30.113+0000] {processor.py:839} INFO - DAG(s) dict_keys(['pipeline_ingestion_suivi']) retrieved from /opt/airflow/dags/dag_suivi.py
[2026-07-20T09:52:30.140+0000] {logging_mixin.py:151} INFO - [2026-07-20T09:52:30.140+0000] {dag.py:2941} INFO - Sync 1 DAGs
[2026-07-20T09:52:30.159+0000] {logging_mixin.py:151} INFO - [2026-07-20T09:52:30.159+0000] {dag.py:3722} INFO - Setting next_dagrun for pipeline_ingestion_suivi to 2026-07-20T09:00:00+00:00, run_after=2026-07-20T10:00:00+00:00
[2026-07-20T09:52:30.177+0000] {processor.py:179} INFO - Processing /opt/airflow/dags/dag_suivi.py took 0.090 seconds
[2026-07-20T09:53:00.368+0000] {processor.py:157} INFO - Started process (PID=3596) to work on /opt/airflow/dags/dag_suivi.py
[2026-07-20T09:53:00.369+0000] {processor.py:829} INFO - Processing file /opt/airflow/dags/dag_suivi.py for tasks to queue
[2026-07-20T09:53:00.370+0000] {logging_mixin.py:151} INFO - [2026-07-20T09:53:00.369+0000] {dagbag.py:536} INFO - Filling up the DagBag from /opt/airflow/dags/dag_suivi.py
[2026-07-20T09:53:00.392+0000] {processor.py:839} INFO - DAG(s) dict_keys(['pipeline_ingestion_suivi']) retrieved from /opt/airflow/dags/dag_suivi.py
[2026-07-20T09:53:00.420+0000] {logging_mixin.py:151} INFO - [2026-07-20T09:53:00.420+0000] {dag.py:2941} INFO - Sync 1 DAGs
[2026-07-20T09:53:00.441+0000] {logging_mixin.py:151} INFO - [2026-07-20T09:53:00.441+0000] {dag.py:3722} INFO - Setting next_dagrun for pipeline_ingestion_suivi to 2026-07-20T09:00:00+00:00, run_after=2026-07-20T10:00:00+00:00
[2026-07-20T09:53:00.462+0000] {processor.py:179} INFO - Processing /opt/airflow/dags/dag_suivi.py took 0.097 seconds
[2026-07-20T09:53:30.582+0000] {processor.py:157} INFO - Started process (PID=3601) to work on /opt/airflow/dags/dag_suivi.py
[2026-07-20T09:53:30.582+0000] {processor.py:829} INFO - Processing file /opt/airflow/dags/dag_suivi.py for tasks to queue
[2026-07-20T09:53:30.583+0000] {logging_mixin.py:151} INFO - [2026-07-20T09:53:30.583+0000] {dagbag.py:536} INFO - Filling up the DagBag from /opt/airflow/dags/dag_suivi.py
[2026-07-20T09:53:30.605+0000] {processor.py:839} INFO - DAG(s) dict_keys(['pipeline_ingestion_suivi']) retrieved from /opt/airflow/dags/dag_suivi.py
[2026-07-20T09:53:30.634+0000] {logging_mixin.py:151} INFO - [2026-07-20T09:53:30.634+0000] {dag.py:2941} INFO - Sync 1 DAGs
[2026-07-20T09:53:30.659+0000] {logging_mixin.py:151} INFO - [2026-07-20T09:53:30.659+0000] {dag.py:3722} INFO - Setting next_dagrun for pipeline_ingestion_suivi to 2026-07-20T09:00:00+00:00, run_after=2026-07-20T10:00:00+00:00
[2026-07-20T09:53:30.680+0000] {processor.py:179} INFO - Processing /opt/airflow/dags/dag_suivi.py took 0.101 seconds
[2026-07-20T09:54:00.853+0000] {processor.py:157} INFO - Started process (PID=3606) to work on /opt/airflow/dags/dag_suivi.py
[2026-07-20T09:54:00.854+0000] {processor.py:829} INFO - Processing file /opt/airflow/dags/dag_suivi.py for tasks to queue
[2026-07-20T09:54:00.855+0000] {logging_mixin.py:151} INFO - [2026-07-20T09:54:00.855+0000] {dagbag.py:536} INFO - Filling up the DagBag from /opt/airflow/dags/dag_suivi.py
[2026-07-20T09:54:00.878+0000] {processor.py:839} INFO - DAG(s) dict_keys(['pipeline_ingestion_suivi']) retrieved from /opt/airflow/dags/dag_suivi.py
[2026-07-20T09:54:00.902+0000] {logging_mixin.py:151} INFO - [2026-07-20T09:54:00.901+0000] {dag.py:2941} INFO - Sync 1 DAGs
[2026-07-20T09:54:00.919+0000] {logging_mixin.py:151} INFO - [2026-07-20T09:54:00.919+0000] {dag.py:3722} INFO - Setting next_dagrun for pipeline_ingestion_suivi to 2026-07-20T09:00:00+00:00, run_after=2026-07-20T10:00:00+00:00
[2026-07-20T09:54:00.945+0000] {processor.py:179} INFO - Processing /opt/airflow/dags/dag_suivi.py took 0.095 seconds
[2026-07-20T09:54:31.105+0000] {processor.py:157} INFO - Started process (PID=3611) to work on /opt/airflow/dags/dag_suivi.py
[2026-07-20T09:54:31.105+0000] {processor.py:829} INFO - Processing file /opt/airflow/dags/dag_suivi.py for tasks to queue
[2026-07-20T09:54:31.106+0000] {logging_mixin.py:151} INFO - [2026-07-20T09:54:31.106+0000] {dagbag.py:536} INFO - Filling up the DagBag from /opt/airflow/dags/dag_suivi.py
[2026-07-20T09:54:31.123+0000] {processor.py:839} INFO - DAG(s) dict_keys(['pipeline_ingestion_suivi']) retrieved from /opt/airflow/dags/dag_suivi.py
[2026-07-20T09:54:31.148+0000] {logging_mixin.py:151} INFO - [2026-07-20T09:54:31.148+0000] {dag.py:2941} INFO - Sync 1 DAGs
[2026-07-20T09:54:31.169+0000] {logging_mixin.py:151} INFO - [2026-07-20T09:54:31.169+0000] {dag.py:3722} INFO - Setting next_dagrun for pipeline_ingestion_suivi to 2026-07-20T09:00:00+00:00, run_after=2026-07-20T10:00:00+00:00
[2026-07-20T09:54:31.189+0000] {processor.py:179} INFO - Processing /opt/airflow/dags/dag_suivi.py took 0.087 seconds
[2026-07-20T09:55:01.346+0000] {processor.py:157} INFO - Started process (PID=3616) to work on /opt/airflow/dags/dag_suivi.py
[2026-07-20T09:55:01.347+0000] {processor.py:829} INFO - Processing file /opt/airflow/dags/dag_suivi.py for tasks to queue
[2026-07-20T09:55:01.348+0000] {logging_mixin.py:151} INFO - [2026-07-20T09:55:01.347+0000] {dagbag.py:536} INFO - Filling up the DagBag from /opt/airflow/dags/dag_suivi.py
[2026-07-20T09:55:01.363+0000] {processor.py:839} INFO - DAG(s) dict_keys(['pipeline_ingestion_suivi']) retrieved from /opt/airflow/dags/dag_suivi.py
[2026-07-20T09:55:01.391+0000] {logging_mixin.py:151} INFO - [2026-07-20T09:55:01.391+0000] {dag.py:2941} INFO - Sync 1 DAGs
[2026-07-20T09:55:01.408+0000] {logging_mixin.py:151} INFO - [2026-07-20T09:55:01.408+0000] {dag.py:3722} INFO - Setting next_dagrun for pipeline_ingestion_suivi to 2026-07-20T09:00:00+00:00, run_after=2026-07-20T10:00:00+00:00
[2026-07-20T09:55:01.424+0000] {processor.py:179} INFO - Processing /opt/airflow/dags/dag_suivi.py took 0.081 seconds
[2026-07-20T09:55:31.615+0000] {processor.py:157} INFO - Started process (PID=3621) to work on /opt/airflow/dags/dag_suivi.py
[2026-07-20T09:55:31.615+0000] {processor.py:829} INFO - Processing file /opt/airflow/dags/dag_suivi.py for tasks to queue
[2026-07-20T09:55:31.616+0000] {logging_mixin.py:151} INFO - [2026-07-20T09:55:31.616+0000] {dagbag.py:536} INFO - Filling up the DagBag from /opt/airflow/dags/dag_suivi.py
[2026-07-20T09:55:31.636+0000] {processor.py:839} INFO - DAG(s) dict_keys(['pipeline_ingestion_suivi']) retrieved from /opt/airflow/dags/dag_suivi.py
[2026-07-20T09:55:31.665+0000] {logging_mixin.py:151} INFO - [2026-07-20T09:55:31.664+0000] {dag.py:2941} INFO - Sync 1 DAGs
[2026-07-20T09:55:31.686+0000] {logging_mixin.py:151} INFO - [2026-07-20T09:55:31.686+0000] {dag.py:3722} INFO - Setting next_dagrun for pipeline_ingestion_suivi to 2026-07-20T09:00:00+00:00, run_after=2026-07-20T10:00:00+00:00
[2026-07-20T09:55:31.718+0000] {processor.py:179} INFO - Processing /opt/airflow/dags/dag_suivi.py took 0.106 seconds
[2026-07-20T09:56:01.824+0000] {processor.py:157} INFO - Started process (PID=3626) to work on /opt/airflow/dags/dag_suivi.py
[2026-07-20T09:56:01.825+0000] {processor.py:829} INFO - Processing file /opt/airflow/dags/dag_suivi.py for tasks to queue
[2026-07-20T09:56:01.825+0000] {logging_mixin.py:151} INFO - [2026-07-20T09:56:01.825+0000] {dagbag.py:536} INFO - Filling up the DagBag from /opt/airflow/dags/dag_suivi.py
[2026-07-20T09:56:01.844+0000] {processor.py:839} INFO - DAG(s) dict_keys(['pipeline_ingestion_suivi']) retrieved from /opt/airflow/dags/dag_suivi.py
[2026-07-20T09:56:01.874+0000] {logging_mixin.py:151} INFO - [2026-07-20T09:56:01.873+0000] {dag.py:2941} INFO - Sync 1 DAGs
[2026-07-20T09:56:01.895+0000] {logging_mixin.py:151} INFO - [2026-07-20T09:56:01.895+0000] {dag.py:3722} INFO - Setting next_dagrun for pipeline_ingestion_suivi to 2026-07-20T09:00:00+00:00, run_after=2026-07-20T10:00:00+00:00
[2026-07-20T09:56:01.923+0000] {processor.py:179} INFO - Processing /opt/airflow/dags/dag_suivi.py took 0.102 seconds
[2026-07-20T09:56:32.172+0000] {processor.py:157} INFO - Started process (PID=3631) to work on /opt/airflow/dags/dag_suivi.py
[2026-07-20T09:56:32.173+0000] {processor.py:829} INFO - Processing file /opt/airflow/dags/dag_suivi.py for tasks to queue
[2026-07-20T09:56:32.173+0000] {logging_mixin.py:151} INFO - [2026-07-20T09:56:32.173+0000] {dagbag.py:536} INFO - Filling up the DagBag from /opt/airflow/dags/dag_suivi.py
[2026-07-20T09:56:32.191+0000] {processor.py:839} INFO - DAG(s) dict_keys(['pipeline_ingestion_suivi']) retrieved from /opt/airflow/dags/dag_suivi.py
[2026-07-20T09:56:32.214+0000] {logging_mixin.py:151} INFO - [2026-07-20T09:56:32.214+0000] {dag.py:2941} INFO - Sync 1 DAGs
[2026-07-20T09:56:32.232+0000] {logging_mixin.py:151} INFO - [2026-07-20T09:56:32.232+0000] {dag.py:3722} INFO - Setting next_dagrun for pipeline_ingestion_suivi to 2026-07-20T09:00:00+00:00, run_after=2026-07-20T10:00:00+00:00
[2026-07-20T09:56:32.251+0000] {processor.py:179} INFO - Processing /opt/airflow/dags/dag_suivi.py took 0.081 seconds
[2026-07-20T09:57:02.448+0000] {processor.py:157} INFO - Started process (PID=3636) to work on /opt/airflow/dags/dag_suivi.py
[2026-07-20T09:57:02.450+0000] {processor.py:829} INFO - Processing file /opt/airflow/dags/dag_suivi.py for tasks to queue
[2026-07-20T09:57:02.452+0000] {logging_mixin.py:151} INFO - [2026-07-20T09:57:02.451+0000] {dagbag.py:536} INFO - Filling up the DagBag from /opt/airflow/dags/dag_suivi.py
[2026-07-20T09:57:02.495+0000] {processor.py:839} INFO - DAG(s) dict_keys(['pipeline_ingestion_suivi']) retrieved from /opt/airflow/dags/dag_suivi.py
[2026-07-20T09:57:02.528+0000] {logging_mixin.py:151} INFO - [2026-07-20T09:57:02.528+0000] {dag.py:2941} INFO - Sync 1 DAGs
[2026-07-20T09:57:02.572+0000] {logging_mixin.py:151} INFO - [2026-07-20T09:57:02.571+0000] {dag.py:3722} INFO - Setting next_dagrun for pipeline_ingestion_suivi to 2026-07-20T09:00:00+00:00, run_after=2026-07-20T10:00:00+00:00
[2026-07-20T09:57:02.618+0000] {processor.py:179} INFO - Processing /opt/airflow/dags/dag_suivi.py took 0.174 seconds
[2026-07-20T09:57:32.680+0000] {processor.py:157} INFO - Started process (PID=3641) to work on /opt/airflow/dags/dag_suivi.py
[2026-07-20T09:57:32.684+0000] {processor.py:829} INFO - Processing file /opt/airflow/dags/dag_suivi.py for tasks to queue
[2026-07-20T09:57:32.686+0000] {logging_mixin.py:151} INFO - [2026-07-20T09:57:32.685+0000] {dagbag.py:536} INFO - Filling up the DagBag from /opt/airflow/dags/dag_suivi.py
[2026-07-20T09:57:32.710+0000] {processor.py:839} INFO - DAG(s) dict_keys(['pipeline_ingestion_suivi']) retrieved from /opt/airflow/dags/dag_suivi.py
[2026-07-20T09:57:32.734+0000] {logging_mixin.py:151} INFO - [2026-07-20T09:57:32.734+0000] {dag.py:2941} INFO - Sync 1 DAGs
[2026-07-20T09:57:32.757+0000] {logging_mixin.py:151} INFO - [2026-07-20T09:57:32.757+0000] {dag.py:3722} INFO - Setting next_dagrun for pipeline_ingestion_suivi to 2026-07-20T09:00:00+00:00, run_after=2026-07-20T10:00:00+00:00
[2026-07-20T09:57:32.792+0000] {processor.py:179} INFO - Processing /opt/airflow/dags/dag_suivi.py took 0.116 seconds
[2026-07-20T09:58:02.930+0000] {processor.py:157} INFO - Started process (PID=3646) to work on /opt/airflow/dags/dag_suivi.py
[2026-07-20T09:58:02.931+0000] {processor.py:829} INFO - Processing file /opt/airflow/dags/dag_suivi.py for tasks to queue
[2026-07-20T09:58:02.932+0000] {logging_mixin.py:151} INFO - [2026-07-20T09:58:02.932+0000] {dagbag.py:536} INFO - Filling up the DagBag from /opt/airflow/dags/dag_suivi.py
[2026-07-20T09:58:02.950+0000] {processor.py:839} INFO - DAG(s) dict_keys(['pipeline_ingestion_suivi']) retrieved from /opt/airflow/dags/dag_suivi.py
[2026-07-20T09:58:02.976+0000] {logging_mixin.py:151} INFO - [2026-07-20T09:58:02.976+0000] {dag.py:2941} INFO - Sync 1 DAGs
[2026-07-20T09:58:02.995+0000] {logging_mixin.py:151} INFO - [2026-07-20T09:58:02.994+0000] {dag.py:3722} INFO - Setting next_dagrun for pipeline_ingestion_suivi to 2026-07-20T09:00:00+00:00, run_after=2026-07-20T10:00:00+00:00
[2026-07-20T09:58:03.014+0000] {processor.py:179} INFO - Processing /opt/airflow/dags/dag_suivi.py took 0.087 seconds
[2026-07-20T09:58:33.294+0000] {processor.py:157} INFO - Started process (PID=3651) to work on /opt/airflow/dags/dag_suivi.py
[2026-07-20T09:58:33.294+0000] {processor.py:829} INFO - Processing file /opt/airflow/dags/dag_suivi.py for tasks to queue
[2026-07-20T09:58:33.295+0000] {logging_mixin.py:151} INFO - [2026-07-20T09:58:33.295+0000] {dagbag.py:536} INFO - Filling up the DagBag from /opt/airflow/dags/dag_suivi.py
[2026-07-20T09:58:33.314+0000] {processor.py:839} INFO - DAG(s) dict_keys(['pipeline_ingestion_suivi']) retrieved from /opt/airflow/dags/dag_suivi.py
[2026-07-20T09:58:33.343+0000] {logging_mixin.py:151} INFO - [2026-07-20T09:58:33.343+0000] {dag.py:2941} INFO - Sync 1 DAGs
[2026-07-20T09:58:33.369+0000] {logging_mixin.py:151} INFO - [2026-07-20T09:58:33.368+0000] {dag.py:3722} INFO - Setting next_dagrun for pipeline_ingestion_suivi to 2026-07-20T09:00:00+00:00, run_after=2026-07-20T10:00:00+00:00
[2026-07-20T09:58:33.401+0000] {processor.py:179} INFO - Processing /opt/airflow/dags/dag_suivi.py took 0.110 seconds
[2026-07-20T09:59:03.563+0000] {processor.py:157} INFO - Started process (PID=3656) to work on /opt/airflow/dags/dag_suivi.py
[2026-07-20T09:59:03.564+0000] {processor.py:829} INFO - Processing file /opt/airflow/dags/dag_suivi.py for tasks to queue
[2026-07-20T09:59:03.565+0000] {logging_mixin.py:151} INFO - [2026-07-20T09:59:03.565+0000] {dagbag.py:536} INFO - Filling up the DagBag from /opt/airflow/dags/dag_suivi.py
[2026-07-20T09:59:03.584+0000] {processor.py:839} INFO - DAG(s) dict_keys(['pipeline_ingestion_suivi']) retrieved from /opt/airflow/dags/dag_suivi.py
[2026-07-20T09:59:03.606+0000] {logging_mixin.py:151} INFO - [2026-07-20T09:59:03.606+0000] {dag.py:2941} INFO - Sync 1 DAGs
[2026-07-20T09:59:03.629+0000] {logging_mixin.py:151} INFO - [2026-07-20T09:59:03.628+0000] {dag.py:3722} INFO - Setting next_dagrun for pipeline_ingestion_suivi to 2026-07-20T09:00:00+00:00, run_after=2026-07-20T10:00:00+00:00
[2026-07-20T09:59:03.646+0000] {processor.py:179} INFO - Processing /opt/airflow/dags/dag_suivi.py took 0.085 seconds
[2026-07-20T09:59:33.842+0000] {processor.py:157} INFO - Started process (PID=3661) to work on /opt/airflow/dags/dag_suivi.py
[2026-07-20T09:59:33.843+0000] {processor.py:829} INFO - Processing file /opt/airflow/dags/dag_suivi.py for tasks to queue
[2026-07-20T09:59:33.844+0000] {logging_mixin.py:151} INFO - [2026-07-20T09:59:33.843+0000] {dagbag.py:536} INFO - Filling up the DagBag from /opt/airflow/dags/dag_suivi.py
[2026-07-20T09:59:33.860+0000] {processor.py:839} INFO - DAG(s) dict_keys(['pipeline_ingestion_suivi']) retrieved from /opt/airflow/dags/dag_suivi.py
[2026-07-20T09:59:33.882+0000] {logging_mixin.py:151} INFO - [2026-07-20T09:59:33.882+0000] {dag.py:2941} INFO - Sync 1 DAGs
[2026-07-20T09:59:33.900+0000] {logging_mixin.py:151} INFO - [2026-07-20T09:59:33.900+0000] {dag.py:3722} INFO - Setting next_dagrun for pipeline_ingestion_suivi to 2026-07-20T09:00:00+00:00, run_after=2026-07-20T10:00:00+00:00
[2026-07-20T09:59:33.917+0000] {processor.py:179} INFO - Processing /opt/airflow/dags/dag_suivi.py took 0.077 seconds
[2026-07-20T10:00:04.143+0000] {processor.py:157} INFO - Started process (PID=3668) to work on /opt/airflow/dags/dag_suivi.py
[2026-07-20T10:00:04.144+0000] {processor.py:829} INFO - Processing file /opt/airflow/dags/dag_suivi.py for tasks to queue
[2026-07-20T10:00:04.146+0000] {logging_mixin.py:151} INFO - [2026-07-20T10:00:04.145+0000] {dagbag.py:536} INFO - Filling up the DagBag from /opt/airflow/dags/dag_suivi.py
[2026-07-20T10:00:04.171+0000] {processor.py:839} INFO - DAG(s) dict_keys(['pipeline_ingestion_suivi']) retrieved from /opt/airflow/dags/dag_suivi.py
[2026-07-20T10:00:04.200+0000] {logging_mixin.py:151} INFO - [2026-07-20T10:00:04.200+0000] {dag.py:2941} INFO - Sync 1 DAGs
[2026-07-20T10:00:04.224+0000] {logging_mixin.py:151} INFO - [2026-07-20T10:00:04.224+0000] {dag.py:3722} INFO - Setting next_dagrun for pipeline_ingestion_suivi to 2026-07-20T10:00:00+00:00, run_after=2026-07-20T11:00:00+00:00
[2026-07-20T10:00:04.244+0000] {processor.py:179} INFO - Processing /opt/airflow/dags/dag_suivi.py took 0.106 seconds
[2026-07-20T10:00:34.409+0000] {processor.py:157} INFO - Started process (PID=3673) to work on /opt/airflow/dags/dag_suivi.py
[2026-07-20T10:00:34.410+0000] {processor.py:829} INFO - Processing file /opt/airflow/dags/dag_suivi.py for tasks to queue
[2026-07-20T10:00:34.411+0000] {logging_mixin.py:151} INFO - [2026-07-20T10:00:34.411+0000] {dagbag.py:536} INFO - Filling up the DagBag from /opt/airflow/dags/dag_suivi.py
[2026-07-20T10:00:34.429+0000] {processor.py:839} INFO - DAG(s) dict_keys(['pipeline_ingestion_suivi']) retrieved from /opt/airflow/dags/dag_suivi.py
[2026-07-20T10:00:34.453+0000] {logging_mixin.py:151} INFO - [2026-07-20T10:00:34.453+0000] {dag.py:2941} INFO - Sync 1 DAGs
[2026-07-20T10:00:34.471+0000] {logging_mixin.py:151} INFO - [2026-07-20T10:00:34.471+0000] {dag.py:3722} INFO - Setting next_dagrun for pipeline_ingestion_suivi to 2026-07-20T10:00:00+00:00, run_after=2026-07-20T11:00:00+00:00
[2026-07-20T10:00:34.497+0000] {processor.py:179} INFO - Processing /opt/airflow/dags/dag_suivi.py took 0.091 seconds
[2026-07-20T10:01:04.725+0000] {processor.py:157} INFO - Started process (PID=3678) to work on /opt/airflow/dags/dag_suivi.py
[2026-07-20T10:01:04.726+0000] {processor.py:829} INFO - Processing file /opt/airflow/dags/dag_suivi.py for tasks to queue
[2026-07-20T10:01:04.727+0000] {logging_mixin.py:151} INFO - [2026-07-20T10:01:04.727+0000] {dagbag.py:536} INFO - Filling up the DagBag from /opt/airflow/dags/dag_suivi.py
[2026-07-20T10:01:04.746+0000] {processor.py:839} INFO - DAG(s) dict_keys(['pipeline_ingestion_suivi']) retrieved from /opt/airflow/dags/dag_suivi.py
[2026-07-20T10:01:04.769+0000] {logging_mixin.py:151} INFO - [2026-07-20T10:01:04.769+0000] {dag.py:2941} INFO - Sync 1 DAGs
[2026-07-20T10:01:04.795+0000] {logging_mixin.py:151} INFO - [2026-07-20T10:01:04.794+0000] {dag.py:3722} INFO - Setting next_dagrun for pipeline_ingestion_suivi to 2026-07-20T10:00:00+00:00, run_after=2026-07-20T11:00:00+00:00
[2026-07-20T10:01:04.826+0000] {processor.py:179} INFO - Processing /opt/airflow/dags/dag_suivi.py took 0.103 seconds
[2026-07-20T10:01:35.047+0000] {processor.py:157} INFO - Started process (PID=3683) to work on /opt/airflow/dags/dag_suivi.py
[2026-07-20T10:01:35.048+0000] {processor.py:829} INFO - Processing file /opt/airflow/dags/dag_suivi.py for tasks to queue
[2026-07-20T10:01:35.049+0000] {logging_mixin.py:151} INFO - [2026-07-20T10:01:35.049+0000] {dagbag.py:536} INFO - Filling up the DagBag from /opt/airflow/dags/dag_suivi.py
[2026-07-20T10:01:35.067+0000] {processor.py:839} INFO - DAG(s) dict_keys(['pipeline_ingestion_suivi']) retrieved from /opt/airflow/dags/dag_suivi.py
[2026-07-20T10:01:35.108+0000] {logging_mixin.py:151} INFO - [2026-07-20T10:01:35.107+0000] {dag.py:2941} INFO - Sync 1 DAGs
[2026-07-20T10:01:35.169+0000] {logging_mixin.py:151} INFO - [2026-07-20T10:01:35.168+0000] {dag.py:3722} INFO - Setting next_dagrun for pipeline_ingestion_suivi to 2026-07-20T10:00:00+00:00, run_after=2026-07-20T11:00:00+00:00
[2026-07-20T10:01:35.211+0000] {processor.py:179} INFO - Processing /opt/airflow/dags/dag_suivi.py took 0.167 seconds
[2026-07-20T10:02:05.286+0000] {processor.py:157} INFO - Started process (PID=3688) to work on /opt/airflow/dags/dag_suivi.py
[2026-07-20T10:02:05.287+0000] {processor.py:829} INFO - Processing file /opt/airflow/dags/dag_suivi.py for tasks to queue
[2026-07-20T10:02:05.288+0000] {logging_mixin.py:151} INFO - [2026-07-20T10:02:05.288+0000] {dagbag.py:536} INFO - Filling up the DagBag from /opt/airflow/dags/dag_suivi.py
[2026-07-20T10:02:05.306+0000] {processor.py:839} INFO - DAG(s) dict_keys(['pipeline_ingestion_suivi']) retrieved from /opt/airflow/dags/dag_suivi.py
[2026-07-20T10:02:05.329+0000] {logging_mixin.py:151} INFO - [2026-07-20T10:02:05.328+0000] {dag.py:2941} INFO - Sync 1 DAGs
[2026-07-20T10:02:05.347+0000] {logging_mixin.py:151} INFO - [2026-07-20T10:02:05.347+0000] {dag.py:3722} INFO - Setting next_dagrun for pipeline_ingestion_suivi to 2026-07-20T10:00:00+00:00, run_after=2026-07-20T11:00:00+00:00
[2026-07-20T10:02:05.375+0000] {processor.py:179} INFO - Processing /opt/airflow/dags/dag_suivi.py took 0.091 seconds
[2026-07-20T10:02:35.533+0000] {processor.py:157} INFO - Started process (PID=3693) to work on /opt/airflow/dags/dag_suivi.py
[2026-07-20T10:02:35.534+0000] {processor.py:829} INFO - Processing file /opt/airflow/dags/dag_suivi.py for tasks to queue
[2026-07-20T10:02:35.535+0000] {logging_mixin.py:151} INFO - [2026-07-20T10:02:35.534+0000] {dagbag.py:536} INFO - Filling up the DagBag from /opt/airflow/dags/dag_suivi.py
[2026-07-20T10:02:35.552+0000] {processor.py:839} INFO - DAG(s) dict_keys(['pipeline_ingestion_suivi']) retrieved from /opt/airflow/dags/dag_suivi.py
[2026-07-20T10:02:35.578+0000] {logging_mixin.py:151} INFO - [2026-07-20T10:02:35.578+0000] {dag.py:2941} INFO - Sync 1 DAGs
[2026-07-20T10:02:35.597+0000] {logging_mixin.py:151} INFO - [2026-07-20T10:02:35.596+0000] {dag.py:3722} INFO - Setting next_dagrun for pipeline_ingestion_suivi to 2026-07-20T10:00:00+00:00, run_after=2026-07-20T11:00:00+00:00
[2026-07-20T10:02:35.623+0000] {processor.py:179} INFO - Processing /opt/airflow/dags/dag_suivi.py took 0.093 seconds
[2026-07-20T10:03:05.830+0000] {processor.py:157} INFO - Started process (PID=3698) to work on /opt/airflow/dags/dag_suivi.py
[2026-07-20T10:03:05.831+0000] {processor.py:829} INFO - Processing file /opt/airflow/dags/dag_suivi.py for tasks to queue
[2026-07-20T10:03:05.832+0000] {logging_mixin.py:151} INFO - [2026-07-20T10:03:05.831+0000] {dagbag.py:536} INFO - Filling up the DagBag from /opt/airflow/dags/dag_suivi.py
[2026-07-20T10:03:05.850+0000] {processor.py:839} INFO - DAG(s) dict_keys(['pipeline_ingestion_suivi']) retrieved from /opt/airflow/dags/dag_suivi.py
[2026-07-20T10:03:05.875+0000] {logging_mixin.py:151} INFO - [2026-07-20T10:03:05.875+0000] {dag.py:2941} INFO - Sync 1 DAGs
[2026-07-20T10:03:05.892+0000] {logging_mixin.py:151} INFO - [2026-07-20T10:03:05.892+0000] {dag.py:3722} INFO - Setting next_dagrun for pipeline_ingestion_suivi to 2026-07-20T10:00:00+00:00, run_after=2026-07-20T11:00:00+00:00
[2026-07-20T10:03:05.921+0000] {processor.py:179} INFO - Processing /opt/airflow/dags/dag_suivi.py took 0.093 seconds
[2026-07-20T10:03:36.093+0000] {processor.py:157} INFO - Started process (PID=3703) to work on /opt/airflow/dags/dag_suivi.py
[2026-07-20T10:03:36.094+0000] {processor.py:829} INFO - Processing file /opt/airflow/dags/dag_suivi.py for tasks to queue
[2026-07-20T10:03:36.094+0000] {logging_mixin.py:151} INFO - [2026-07-20T10:03:36.094+0000] {dagbag.py:536} INFO - Filling up the DagBag from /opt/airflow/dags/dag_suivi.py
[2026-07-20T10:03:36.114+0000] {processor.py:839} INFO - DAG(s) dict_keys(['pipeline_ingestion_suivi']) retrieved from /opt/airflow/dags/dag_suivi.py
[2026-07-20T10:03:36.138+0000] {logging_mixin.py:151} INFO - [2026-07-20T10:03:36.138+0000] {dag.py:2941} INFO - Sync 1 DAGs
[2026-07-20T10:03:36.158+0000] {logging_mixin.py:151} INFO - [2026-07-20T10:03:36.158+0000] {dag.py:3722} INFO - Setting next_dagrun for pipeline_ingestion_suivi to 2026-07-20T10:00:00+00:00, run_after=2026-07-20T11:00:00+00:00
[2026-07-20T10:03:36.176+0000] {processor.py:179} INFO - Processing /opt/airflow/dags/dag_suivi.py took 0.086 seconds
[2026-07-20T10:04:06.409+0000] {processor.py:157} INFO - Started process (PID=3708) to work on /opt/airflow/dags/dag_suivi.py
[2026-07-20T10:04:06.410+0000] {processor.py:829} INFO - Processing file /opt/airflow/dags/dag_suivi.py for tasks to queue
[2026-07-20T10:04:06.411+0000] {logging_mixin.py:151} INFO - [2026-07-20T10:04:06.410+0000] {dagbag.py:536} INFO - Filling up the DagBag from /opt/airflow/dags/dag_suivi.py
[2026-07-20T10:04:06.436+0000] {processor.py:839} INFO - DAG(s) dict_keys(['pipeline_ingestion_suivi']) retrieved from /opt/airflow/dags/dag_suivi.py
[2026-07-20T10:04:06.461+0000] {logging_mixin.py:151} INFO - [2026-07-20T10:04:06.461+0000] {dag.py:2941} INFO - Sync 1 DAGs
[2026-07-20T10:04:06.482+0000] {logging_mixin.py:151} INFO - [2026-07-20T10:04:06.482+0000] {dag.py:3722} INFO - Setting next_dagrun for pipeline_ingestion_suivi to 2026-07-20T10:00:00+00:00, run_after=2026-07-20T11:00:00+00:00
[2026-07-20T10:04:06.502+0000] {processor.py:179} INFO - Processing /opt/airflow/dags/dag_suivi.py took 0.096 seconds
[2026-07-20T10:04:36.623+0000] {processor.py:157} INFO - Started process (PID=3713) to work on /opt/airflow/dags/dag_suivi.py
[2026-07-20T10:04:36.625+0000] {processor.py:829} INFO - Processing file /opt/airflow/dags/dag_suivi.py for tasks to queue
[2026-07-20T10:04:36.628+0000] {logging_mixin.py:151} INFO - [2026-07-20T10:04:36.627+0000] {dagbag.py:536} INFO - Filling up the DagBag from /opt/airflow/dags/dag_suivi.py
[2026-07-20T10:04:36.660+0000] {processor.py:839} INFO - DAG(s) dict_keys(['pipeline_ingestion_suivi']) retrieved from /opt/airflow/dags/dag_suivi.py
[2026-07-20T10:04:36.693+0000] {logging_mixin.py:151} INFO - [2026-07-20T10:04:36.693+0000] {dag.py:2941} INFO - Sync 1 DAGs
[2026-07-20T10:04:36.716+0000] {logging_mixin.py:151} INFO - [2026-07-20T10:04:36.716+0000] {dag.py:3722} INFO - Setting next_dagrun for pipeline_ingestion_suivi to 2026-07-20T10:00:00+00:00, run_after=2026-07-20T11:00:00+00:00
[2026-07-20T10:04:36.751+0000] {processor.py:179} INFO - Processing /opt/airflow/dags/dag_suivi.py took 0.132 seconds
[2026-07-20T10:05:06.862+0000] {processor.py:157} INFO - Started process (PID=3718) to work on /opt/airflow/dags/dag_suivi.py
[2026-07-20T10:05:06.863+0000] {processor.py:829} INFO - Processing file /opt/airflow/dags/dag_suivi.py for tasks to queue
[2026-07-20T10:05:06.864+0000] {logging_mixin.py:151} INFO - [2026-07-20T10:05:06.864+0000] {dagbag.py:536} INFO - Filling up the DagBag from /opt/airflow/dags/dag_suivi.py
[2026-07-20T10:05:06.884+0000] {processor.py:839} INFO - DAG(s) dict_keys(['pipeline_ingestion_suivi']) retrieved from /opt/airflow/dags/dag_suivi.py
[2026-07-20T10:05:06.910+0000] {logging_mixin.py:151} INFO - [2026-07-20T10:05:06.910+0000] {dag.py:2941} INFO - Sync 1 DAGs
[2026-07-20T10:05:06.936+0000] {logging_mixin.py:151} INFO - [2026-07-20T10:05:06.936+0000] {dag.py:3722} INFO - Setting next_dagrun for pipeline_ingestion_suivi to 2026-07-20T10:00:00+00:00, run_after=2026-07-20T11:00:00+00:00
[2026-07-20T10:05:06.965+0000] {processor.py:179} INFO - Processing /opt/airflow/dags/dag_suivi.py took 0.106 seconds
[2026-07-20T10:05:37.163+0000] {processor.py:157} INFO - Started process (PID=3723) to work on /opt/airflow/dags/dag_suivi.py
[2026-07-20T10:05:37.164+0000] {processor.py:829} INFO - Processing file /opt/airflow/dags/dag_suivi.py for tasks to queue
[2026-07-20T10:05:37.165+0000] {logging_mixin.py:151} INFO - [2026-07-20T10:05:37.165+0000] {dagbag.py:536} INFO - Filling up the DagBag from /opt/airflow/dags/dag_suivi.py
[2026-07-20T10:05:37.191+0000] {processor.py:839} INFO - DAG(s) dict_keys(['pipeline_ingestion_suivi']) retrieved from /opt/airflow/dags/dag_suivi.py
[2026-07-20T10:05:37.218+0000] {logging_mixin.py:151} INFO - [2026-07-20T10:05:37.217+0000] {dag.py:2941} INFO - Sync 1 DAGs
[2026-07-20T10:05:37.238+0000] {logging_mixin.py:151} INFO - [2026-07-20T10:05:37.238+0000] {dag.py:3722} INFO - Setting next_dagrun for pipeline_ingestion_suivi to 2026-07-20T10:00:00+00:00, run_after=2026-07-20T11:00:00+00:00
[2026-07-20T10:05:37.254+0000] {processor.py:179} INFO - Processing /opt/airflow/dags/dag_suivi.py took 0.094 seconds
[2026-07-20T10:06:07.399+0000] {processor.py:157} INFO - Started process (PID=3728) to work on /opt/airflow/dags/dag_suivi.py
[2026-07-20T10:06:07.400+0000] {processor.py:829} INFO - Processing file /opt/airflow/dags/dag_suivi.py for tasks to queue
[2026-07-20T10:06:07.401+0000] {logging_mixin.py:151} INFO - [2026-07-20T10:06:07.401+0000] {dagbag.py:536} INFO - Filling up the DagBag from /opt/airflow/dags/dag_suivi.py
[2026-07-20T10:06:07.424+0000] {processor.py:839} INFO - DAG(s) dict_keys(['pipeline_ingestion_suivi']) retrieved from /opt/airflow/dags/dag_suivi.py
[2026-07-20T10:06:07.449+0000] {logging_mixin.py:151} INFO - [2026-07-20T10:06:07.449+0000] {dag.py:2941} INFO - Sync 1 DAGs
[2026-07-20T10:06:07.467+0000] {logging_mixin.py:151} INFO - [2026-07-20T10:06:07.467+0000] {dag.py:3722} INFO - Setting next_dagrun for pipeline_ingestion_suivi to 2026-07-20T10:00:00+00:00, run_after=2026-07-20T11:00:00+00:00
[2026-07-20T10:06:07.486+0000] {processor.py:179} INFO - Processing /opt/airflow/dags/dag_suivi.py took 0.090 seconds
[2026-07-20T10:06:37.679+0000] {processor.py:157} INFO - Started process (PID=3733) to work on /opt/airflow/dags/dag_suivi.py
[2026-07-20T10:06:37.680+0000] {processor.py:829} INFO - Processing file /opt/airflow/dags/dag_suivi.py for tasks to queue
[2026-07-20T10:06:37.680+0000] {logging_mixin.py:151} INFO - [2026-07-20T10:06:37.680+0000] {dagbag.py:536} INFO - Filling up the DagBag from /opt/airflow/dags/dag_suivi.py
[2026-07-20T10:06:37.711+0000] {processor.py:839} INFO - DAG(s) dict_keys(['pipeline_ingestion_suivi']) retrieved from /opt/airflow/dags/dag_suivi.py
[2026-07-20T10:06:37.757+0000] {logging_mixin.py:151} INFO - [2026-07-20T10:06:37.756+0000] {dag.py:2941} INFO - Sync 1 DAGs
[2026-07-20T10:06:37.785+0000] {logging_mixin.py:151} INFO - [2026-07-20T10:06:37.785+0000] {dag.py:3722} INFO - Setting next_dagrun for pipeline_ingestion_suivi to 2026-07-20T10:00:00+00:00, run_after=2026-07-20T11:00:00+00:00
[2026-07-20T10:06:37.811+0000] {processor.py:179} INFO - Processing /opt/airflow/dags/dag_suivi.py took 0.135 seconds
[2026-07-20T10:07:08.033+0000] {processor.py:157} INFO - Started process (PID=3738) to work on /opt/airflow/dags/dag_suivi.py
[2026-07-20T10:07:08.034+0000] {processor.py:829} INFO - Processing file /opt/airflow/dags/dag_suivi.py for tasks to queue
[2026-07-20T10:07:08.035+0000] {logging_mixin.py:151} INFO - [2026-07-20T10:07:08.035+0000] {dagbag.py:536} INFO - Filling up the DagBag from /opt/airflow/dags/dag_suivi.py
[2026-07-20T10:07:08.057+0000] {processor.py:839} INFO - DAG(s) dict_keys(['pipeline_ingestion_suivi']) retrieved from /opt/airflow/dags/dag_suivi.py
[2026-07-20T10:07:08.085+0000] {logging_mixin.py:151} INFO - [2026-07-20T10:07:08.085+0000] {dag.py:2941} INFO - Sync 1 DAGs
[2026-07-20T10:07:08.104+0000] {logging_mixin.py:151} INFO - [2026-07-20T10:07:08.104+0000] {dag.py:3722} INFO - Setting next_dagrun for pipeline_ingestion_suivi to 2026-07-20T10:00:00+00:00, run_after=2026-07-20T11:00:00+00:00
[2026-07-20T10:07:08.123+0000] {processor.py:179} INFO - Processing /opt/airflow/dags/dag_suivi.py took 0.093 seconds
[2026-07-20T10:07:38.311+0000] {processor.py:157} INFO - Started process (PID=3743) to work on /opt/airflow/dags/dag_suivi.py
[2026-07-20T10:07:38.312+0000] {processor.py:829} INFO - Processing file /opt/airflow/dags/dag_suivi.py for tasks to queue
[2026-07-20T10:07:38.313+0000] {logging_mixin.py:151} INFO - [2026-07-20T10:07:38.313+0000] {dagbag.py:536} INFO - Filling up the DagBag from /opt/airflow/dags/dag_suivi.py
[2026-07-20T10:07:38.349+0000] {processor.py:839} INFO - DAG(s) dict_keys(['pipeline_ingestion_suivi']) retrieved from /opt/airflow/dags/dag_suivi.py
[2026-07-20T10:07:38.388+0000] {logging_mixin.py:151} INFO - [2026-07-20T10:07:38.387+0000] {dag.py:2941} INFO - Sync 1 DAGs
[2026-07-20T10:07:38.421+0000] {logging_mixin.py:151} INFO - [2026-07-20T10:07:38.420+0000] {dag.py:3722} INFO - Setting next_dagrun for pipeline_ingestion_suivi to 2026-07-20T10:00:00+00:00, run_after=2026-07-20T11:00:00+00:00
[2026-07-20T10:07:38.453+0000] {processor.py:179} INFO - Processing /opt/airflow/dags/dag_suivi.py took 0.145 seconds
[2026-07-20T10:08:08.531+0000] {processor.py:157} INFO - Started process (PID=3748) to work on /opt/airflow/dags/dag_suivi.py
[2026-07-20T10:08:08.532+0000] {processor.py:829} INFO - Processing file /opt/airflow/dags/dag_suivi.py for tasks to queue
[2026-07-20T10:08:08.533+0000] {logging_mixin.py:151} INFO - [2026-07-20T10:08:08.533+0000] {dagbag.py:536} INFO - Filling up the DagBag from /opt/airflow/dags/dag_suivi.py
[2026-07-20T10:08:08.557+0000] {processor.py:839} INFO - DAG(s) dict_keys(['pipeline_ingestion_suivi']) retrieved from /opt/airflow/dags/dag_suivi.py
[2026-07-20T10:08:08.588+0000] {logging_mixin.py:151} INFO - [2026-07-20T10:08:08.588+0000] {dag.py:2941} INFO - Sync 1 DAGs
[2026-07-20T10:08:08.609+0000] {logging_mixin.py:151} INFO - [2026-07-20T10:08:08.608+0000] {dag.py:3722} INFO - Setting next_dagrun for pipeline_ingestion_suivi to 2026-07-20T10:00:00+00:00, run_after=2026-07-20T11:00:00+00:00
[2026-07-20T10:08:08.626+0000] {processor.py:179} INFO - Processing /opt/airflow/dags/dag_suivi.py took 0.098 seconds
[2026-07-20T10:08:38.726+0000] {processor.py:157} INFO - Started process (PID=3753) to work on /opt/airflow/dags/dag_suivi.py
[2026-07-20T10:08:38.727+0000] {processor.py:829} INFO - Processing file /opt/airflow/dags/dag_suivi.py for tasks to queue
[2026-07-20T10:08:38.728+0000] {logging_mixin.py:151} INFO - [2026-07-20T10:08:38.728+0000] {dagbag.py:536} INFO - Filling up the DagBag from /opt/airflow/dags/dag_suivi.py
[2026-07-20T10:08:38.750+0000] {processor.py:839} INFO - DAG(s) dict_keys(['pipeline_ingestion_suivi']) retrieved from /opt/airflow/dags/dag_suivi.py
[2026-07-20T10:08:38.776+0000] {logging_mixin.py:151} INFO - [2026-07-20T10:08:38.776+0000] {dag.py:2941} INFO - Sync 1 DAGs
[2026-07-20T10:08:38.794+0000] {logging_mixin.py:151} INFO - [2026-07-20T10:08:38.794+0000] {dag.py:3722} INFO - Setting next_dagrun for pipeline_ingestion_suivi to 2026-07-20T10:00:00+00:00, run_after=2026-07-20T11:00:00+00:00
[2026-07-20T10:08:38.822+0000] {processor.py:179} INFO - Processing /opt/airflow/dags/dag_suivi.py took 0.098 seconds
[2026-07-20T10:09:09.031+0000] {processor.py:157} INFO - Started process (PID=3758) to work on /opt/airflow/dags/dag_suivi.py
[2026-07-20T10:09:09.032+0000] {processor.py:829} INFO - Processing file /opt/airflow/dags/dag_suivi.py for tasks to queue
[2026-07-20T10:09:09.033+0000] {logging_mixin.py:151} INFO - [2026-07-20T10:09:09.033+0000] {dagbag.py:536} INFO - Filling up the DagBag from /opt/airflow/dags/dag_suivi.py
[2026-07-20T10:09:09.058+0000] {processor.py:839} INFO - DAG(s) dict_keys(['pipeline_ingestion_suivi']) retrieved from /opt/airflow/dags/dag_suivi.py
[2026-07-20T10:09:09.083+0000] {logging_mixin.py:151} INFO - [2026-07-20T10:09:09.083+0000] {dag.py:2941} INFO - Sync 1 DAGs
[2026-07-20T10:09:09.105+0000] {logging_mixin.py:151} INFO - [2026-07-20T10:09:09.105+0000] {dag.py:3722} INFO - Setting next_dagrun for pipeline_ingestion_suivi to 2026-07-20T10:00:00+00:00, run_after=2026-07-20T11:00:00+00:00
[2026-07-20T10:09:09.125+0000] {processor.py:179} INFO - Processing /opt/airflow/dags/dag_suivi.py took 0.096 seconds
[2026-07-20T10:09:39.318+0000] {processor.py:157} INFO - Started process (PID=3763) to work on /opt/airflow/dags/dag_suivi.py
[2026-07-20T10:09:39.321+0000] {processor.py:829} INFO - Processing file /opt/airflow/dags/dag_suivi.py for tasks to queue
[2026-07-20T10:09:39.324+0000] {logging_mixin.py:151} INFO - [2026-07-20T10:09:39.323+0000] {dagbag.py:536} INFO - Filling up the DagBag from /opt/airflow/dags/dag_suivi.py
[2026-07-20T10:09:39.361+0000] {processor.py:839} INFO - DAG(s) dict_keys(['pipeline_ingestion_suivi']) retrieved from /opt/airflow/dags/dag_suivi.py
[2026-07-20T10:09:39.401+0000] {logging_mixin.py:151} INFO - [2026-07-20T10:09:39.400+0000] {dag.py:2941} INFO - Sync 1 DAGs
[2026-07-20T10:09:39.431+0000] {logging_mixin.py:151} INFO - [2026-07-20T10:09:39.431+0000] {dag.py:3722} INFO - Setting next_dagrun for pipeline_ingestion_suivi to 2026-07-20T10:00:00+00:00, run_after=2026-07-20T11:00:00+00:00
[2026-07-20T10:09:39.467+0000] {processor.py:179} INFO - Processing /opt/airflow/dags/dag_suivi.py took 0.153 seconds
[2026-07-20T10:10:09.530+0000] {processor.py:157} INFO - Started process (PID=3768) to work on /opt/airflow/dags/dag_suivi.py
[2026-07-20T10:10:09.531+0000] {processor.py:829} INFO - Processing file /opt/airflow/dags/dag_suivi.py for tasks to queue
[2026-07-20T10:10:09.532+0000] {logging_mixin.py:151} INFO - [2026-07-20T10:10:09.532+0000] {dagbag.py:536} INFO - Filling up the DagBag from /opt/airflow/dags/dag_suivi.py
[2026-07-20T10:10:09.555+0000] {processor.py:839} INFO - DAG(s) dict_keys(['pipeline_ingestion_suivi']) retrieved from /opt/airflow/dags/dag_suivi.py
[2026-07-20T10:10:09.584+0000] {logging_mixin.py:151} INFO - [2026-07-20T10:10:09.584+0000] {dag.py:2941} INFO - Sync 1 DAGs
[2026-07-20T10:10:09.604+0000] {logging_mixin.py:151} INFO - [2026-07-20T10:10:09.604+0000] {dag.py:3722} INFO - Setting next_dagrun for pipeline_ingestion_suivi to 2026-07-20T10:00:00+00:00, run_after=2026-07-20T11:00:00+00:00
[2026-07-20T10:10:09.634+0000] {processor.py:179} INFO - Processing /opt/airflow/dags/dag_suivi.py took 0.107 seconds
[2026-07-20T10:10:39.731+0000] {processor.py:157} INFO - Started process (PID=3773) to work on /opt/airflow/dags/dag_suivi.py
[2026-07-20T10:10:39.732+0000] {processor.py:829} INFO - Processing file /opt/airflow/dags/dag_suivi.py for tasks to queue
[2026-07-20T10:10:39.733+0000] {logging_mixin.py:151} INFO - [2026-07-20T10:10:39.733+0000] {dagbag.py:536} INFO - Filling up the DagBag from /opt/airflow/dags/dag_suivi.py
[2026-07-20T10:10:39.759+0000] {processor.py:839} INFO - DAG(s) dict_keys(['pipeline_ingestion_suivi']) retrieved from /opt/airflow/dags/dag_suivi.py
[2026-07-20T10:10:39.789+0000] {logging_mixin.py:151} INFO - [2026-07-20T10:10:39.788+0000] {dag.py:2941} INFO - Sync 1 DAGs
[2026-07-20T10:10:39.811+0000] {logging_mixin.py:151} INFO - [2026-07-20T10:10:39.811+0000] {dag.py:3722} INFO - Setting next_dagrun for pipeline_ingestion_suivi to 2026-07-20T10:00:00+00:00, run_after=2026-07-20T11:00:00+00:00
[2026-07-20T10:10:39.840+0000] {processor.py:179} INFO - Processing /opt/airflow/dags/dag_suivi.py took 0.113 seconds
[2026-07-20T10:11:10.024+0000] {processor.py:157} INFO - Started process (PID=3778) to work on /opt/airflow/dags/dag_suivi.py
[2026-07-20T10:11:10.025+0000] {processor.py:829} INFO - Processing file /opt/airflow/dags/dag_suivi.py for tasks to queue
[2026-07-20T10:11:10.026+0000] {logging_mixin.py:151} INFO - [2026-07-20T10:11:10.026+0000] {dagbag.py:536} INFO - Filling up the DagBag from /opt/airflow/dags/dag_suivi.py
[2026-07-20T10:11:10.053+0000] {processor.py:839} INFO - DAG(s) dict_keys(['pipeline_ingestion_suivi']) retrieved from /opt/airflow/dags/dag_suivi.py
[2026-07-20T10:11:10.098+0000] {logging_mixin.py:151} INFO - [2026-07-20T10:11:10.098+0000] {dag.py:2941} INFO - Sync 1 DAGs
[2026-07-20T10:11:10.123+0000] {logging_mixin.py:151} INFO - [2026-07-20T10:11:10.123+0000] {dag.py:3722} INFO - Setting next_dagrun for pipeline_ingestion_suivi to 2026-07-20T10:00:00+00:00, run_after=2026-07-20T11:00:00+00:00
[2026-07-20T10:11:10.158+0000] {processor.py:179} INFO - Processing /opt/airflow/dags/dag_suivi.py took 0.137 seconds
[2026-07-20T10:11:40.317+0000] {processor.py:157} INFO - Started process (PID=3783) to work on /opt/airflow/dags/dag_suivi.py
[2026-07-20T10:11:40.318+0000] {processor.py:829} INFO - Processing file /opt/airflow/dags/dag_suivi.py for tasks to queue
[2026-07-20T10:11:40.320+0000] {logging_mixin.py:151} INFO - [2026-07-20T10:11:40.319+0000] {dagbag.py:536} INFO - Filling up the DagBag from /opt/airflow/dags/dag_suivi.py
[2026-07-20T10:11:40.344+0000] {processor.py:839} INFO - DAG(s) dict_keys(['pipeline_ingestion_suivi']) retrieved from /opt/airflow/dags/dag_suivi.py
[2026-07-20T10:11:40.374+0000] {logging_mixin.py:151} INFO - [2026-07-20T10:11:40.374+0000] {dag.py:2941} INFO - Sync 1 DAGs
[2026-07-20T10:11:40.396+0000] {logging_mixin.py:151} INFO - [2026-07-20T10:11:40.396+0000] {dag.py:3722} INFO - Setting next_dagrun for pipeline_ingestion_suivi to 2026-07-20T10:00:00+00:00, run_after=2026-07-20T11:00:00+00:00
[2026-07-20T10:11:40.428+0000] {processor.py:179} INFO - Processing /opt/airflow/dags/dag_suivi.py took 0.115 seconds
[2026-07-20T10:12:10.588+0000] {processor.py:157} INFO - Started process (PID=3788) to work on /opt/airflow/dags/dag_suivi.py
[2026-07-20T10:12:10.589+0000] {processor.py:829} INFO - Processing file /opt/airflow/dags/dag_suivi.py for tasks to queue
[2026-07-20T10:12:10.590+0000] {logging_mixin.py:151} INFO - [2026-07-20T10:12:10.590+0000] {dagbag.py:536} INFO - Filling up the DagBag from /opt/airflow/dags/dag_suivi.py
[2026-07-20T10:12:10.616+0000] {processor.py:839} INFO - DAG(s) dict_keys(['pipeline_ingestion_suivi']) retrieved from /opt/airflow/dags/dag_suivi.py
[2026-07-20T10:12:10.645+0000] {logging_mixin.py:151} INFO - [2026-07-20T10:12:10.645+0000] {dag.py:2941} INFO - Sync 1 DAGs
[2026-07-20T10:12:10.668+0000] {logging_mixin.py:151} INFO - [2026-07-20T10:12:10.668+0000] {dag.py:3722} INFO - Setting next_dagrun for pipeline_ingestion_suivi to 2026-07-20T10:00:00+00:00, run_after=2026-07-20T11:00:00+00:00
[2026-07-20T10:12:10.691+0000] {processor.py:179} INFO - Processing /opt/airflow/dags/dag_suivi.py took 0.106 seconds
[2026-07-20T10:12:40.822+0000] {processor.py:157} INFO - Started process (PID=3793) to work on /opt/airflow/dags/dag_suivi.py
[2026-07-20T10:12:40.823+0000] {processor.py:829} INFO - Processing file /opt/airflow/dags/dag_suivi.py for tasks to queue
[2026-07-20T10:12:40.824+0000] {logging_mixin.py:151} INFO - [2026-07-20T10:12:40.824+0000] {dagbag.py:536} INFO - Filling up the DagBag from /opt/airflow/dags/dag_suivi.py
[2026-07-20T10:12:40.851+0000] {processor.py:839} INFO - DAG(s) dict_keys(['pipeline_ingestion_suivi']) retrieved from /opt/airflow/dags/dag_suivi.py
[2026-07-20T10:12:40.890+0000] {logging_mixin.py:151} INFO - [2026-07-20T10:12:40.890+0000] {dag.py:2941} INFO - Sync 1 DAGs
[2026-07-20T10:12:40.910+0000] {logging_mixin.py:151} INFO - [2026-07-20T10:12:40.910+0000] {dag.py:3722} INFO - Setting next_dagrun for pipeline_ingestion_suivi to 2026-07-20T10:00:00+00:00, run_after=2026-07-20T11:00:00+00:00
[2026-07-20T10:12:40.930+0000] {processor.py:179} INFO - Processing /opt/airflow/dags/dag_suivi.py took 0.111 seconds
[2026-07-20T10:13:11.092+0000] {processor.py:157} INFO - Started process (PID=3798) to work on /opt/airflow/dags/dag_suivi.py
[2026-07-20T10:13:11.093+0000] {processor.py:829} INFO - Processing file /opt/airflow/dags/dag_suivi.py for tasks to queue
[2026-07-20T10:13:11.094+0000] {logging_mixin.py:151} INFO - [2026-07-20T10:13:11.094+0000] {dagbag.py:536} INFO - Filling up the DagBag from /opt/airflow/dags/dag_suivi.py
[2026-07-20T10:13:11.127+0000] {processor.py:839} INFO - DAG(s) dict_keys(['pipeline_ingestion_suivi']) retrieved from /opt/airflow/dags/dag_suivi.py
[2026-07-20T10:13:11.156+0000] {logging_mixin.py:151} INFO - [2026-07-20T10:13:11.156+0000] {dag.py:2941} INFO - Sync 1 DAGs
[2026-07-20T10:13:11.177+0000] {logging_mixin.py:151} INFO - [2026-07-20T10:13:11.177+0000] {dag.py:3722} INFO - Setting next_dagrun for pipeline_ingestion_suivi to 2026-07-20T10:00:00+00:00, run_after=2026-07-20T11:00:00+00:00
[2026-07-20T10:13:11.209+0000] {processor.py:179} INFO - Processing /opt/airflow/dags/dag_suivi.py took 0.120 seconds
[2026-07-20T10:13:41.329+0000] {processor.py:157} INFO - Started process (PID=3803) to work on /opt/airflow/dags/dag_suivi.py
[2026-07-20T10:13:41.330+0000] {processor.py:829} INFO - Processing file /opt/airflow/dags/dag_suivi.py for tasks to queue
[2026-07-20T10:13:41.332+0000] {logging_mixin.py:151} INFO - [2026-07-20T10:13:41.331+0000] {dagbag.py:536} INFO - Filling up the DagBag from /opt/airflow/dags/dag_suivi.py
[2026-07-20T10:13:41.365+0000] {processor.py:839} INFO - DAG(s) dict_keys(['pipeline_ingestion_suivi']) retrieved from /opt/airflow/dags/dag_suivi.py
[2026-07-20T10:13:41.400+0000] {logging_mixin.py:151} INFO - [2026-07-20T10:13:41.400+0000] {dag.py:2941} INFO - Sync 1 DAGs
[2026-07-20T10:13:41.426+0000] {logging_mixin.py:151} INFO - [2026-07-20T10:13:41.426+0000] {dag.py:3722} INFO - Setting next_dagrun for pipeline_ingestion_suivi to 2026-07-20T10:00:00+00:00, run_after=2026-07-20T11:00:00+00:00
[2026-07-20T10:13:41.448+0000] {processor.py:179} INFO - Processing /opt/airflow/dags/dag_suivi.py took 0.124 seconds
[2026-07-20T10:14:11.595+0000] {processor.py:157} INFO - Started process (PID=3808) to work on /opt/airflow/dags/dag_suivi.py
[2026-07-20T10:14:11.596+0000] {processor.py:829} INFO - Processing file /opt/airflow/dags/dag_suivi.py for tasks to queue
[2026-07-20T10:14:11.596+0000] {logging_mixin.py:151} INFO - [2026-07-20T10:14:11.596+0000] {dagbag.py:536} INFO - Filling up the DagBag from /opt/airflow/dags/dag_suivi.py
[2026-07-20T10:14:11.622+0000] {processor.py:839} INFO - DAG(s) dict_keys(['pipeline_ingestion_suivi']) retrieved from /opt/airflow/dags/dag_suivi.py
[2026-07-20T10:14:11.654+0000] {logging_mixin.py:151} INFO - [2026-07-20T10:14:11.653+0000] {dag.py:2941} INFO - Sync 1 DAGs
[2026-07-20T10:14:11.673+0000] {logging_mixin.py:151} INFO - [2026-07-20T10:14:11.673+0000] {dag.py:3722} INFO - Setting next_dagrun for pipeline_ingestion_suivi to 2026-07-20T10:00:00+00:00, run_after=2026-07-20T11:00:00+00:00
[2026-07-20T10:14:11.701+0000] {processor.py:179} INFO - Processing /opt/airflow/dags/dag_suivi.py took 0.109 seconds
[2026-07-20T10:14:41.840+0000] {processor.py:157} INFO - Started process (PID=3813) to work on /opt/airflow/dags/dag_suivi.py
[2026-07-20T10:14:41.842+0000] {processor.py:829} INFO - Processing file /opt/airflow/dags/dag_suivi.py for tasks to queue
[2026-07-20T10:14:41.843+0000] {logging_mixin.py:151} INFO - [2026-07-20T10:14:41.843+0000] {dagbag.py:536} INFO - Filling up the DagBag from /opt/airflow/dags/dag_suivi.py
[2026-07-20T10:14:41.868+0000] {processor.py:839} INFO - DAG(s) dict_keys(['pipeline_ingestion_suivi']) retrieved from /opt/airflow/dags/dag_suivi.py
[2026-07-20T10:14:41.895+0000] {logging_mixin.py:151} INFO - [2026-07-20T10:14:41.895+0000] {dag.py:2941} INFO - Sync 1 DAGs
[2026-07-20T10:14:41.914+0000] {logging_mixin.py:151} INFO - [2026-07-20T10:14:41.914+0000] {dag.py:3722} INFO - Setting next_dagrun for pipeline_ingestion_suivi to 2026-07-20T10:00:00+00:00, run_after=2026-07-20T11:00:00+00:00
[2026-07-20T10:14:41.942+0000] {processor.py:179} INFO - Processing /opt/airflow/dags/dag_suivi.py took 0.104 seconds
[2026-07-20T10:15:12.067+0000] {processor.py:157} INFO - Started process (PID=3818) to work on /opt/airflow/dags/dag_suivi.py
[2026-07-20T10:15:12.068+0000] {processor.py:829} INFO - Processing file /opt/airflow/dags/dag_suivi.py for tasks to queue
[2026-07-20T10:15:12.069+0000] {logging_mixin.py:151} INFO - [2026-07-20T10:15:12.069+0000] {dagbag.py:536} INFO - Filling up the DagBag from /opt/airflow/dags/dag_suivi.py
[2026-07-20T10:15:12.099+0000] {processor.py:839} INFO - DAG(s) dict_keys(['pipeline_ingestion_suivi']) retrieved from /opt/airflow/dags/dag_suivi.py
[2026-07-20T10:15:12.126+0000] {logging_mixin.py:151} INFO - [2026-07-20T10:15:12.126+0000] {dag.py:2941} INFO - Sync 1 DAGs
[2026-07-20T10:15:12.149+0000] {logging_mixin.py:151} INFO - [2026-07-20T10:15:12.148+0000] {dag.py:3722} INFO - Setting next_dagrun for pipeline_ingestion_suivi to 2026-07-20T10:00:00+00:00, run_after=2026-07-20T11:00:00+00:00
[2026-07-20T10:15:12.170+0000] {processor.py:179} INFO - Processing /opt/airflow/dags/dag_suivi.py took 0.106 seconds
[2026-07-20T10:15:42.309+0000] {processor.py:157} INFO - Started process (PID=3823) to work on /opt/airflow/dags/dag_suivi.py
[2026-07-20T10:15:42.310+0000] {processor.py:829} INFO - Processing file /opt/airflow/dags/dag_suivi.py for tasks to queue
[2026-07-20T10:15:42.311+0000] {logging_mixin.py:151} INFO - [2026-07-20T10:15:42.311+0000] {dagbag.py:536} INFO - Filling up the DagBag from /opt/airflow/dags/dag_suivi.py
[2026-07-20T10:15:42.337+0000] {processor.py:839} INFO - DAG(s) dict_keys(['pipeline_ingestion_suivi']) retrieved from /opt/airflow/dags/dag_suivi.py
[2026-07-20T10:15:42.361+0000] {logging_mixin.py:151} INFO - [2026-07-20T10:15:42.361+0000] {dag.py:2941} INFO - Sync 1 DAGs
[2026-07-20T10:15:42.386+0000] {logging_mixin.py:151} INFO - [2026-07-20T10:15:42.385+0000] {dag.py:3722} INFO - Setting next_dagrun for pipeline_ingestion_suivi to 2026-07-20T10:00:00+00:00, run_after=2026-07-20T11:00:00+00:00
[2026-07-20T10:15:42.405+0000] {processor.py:179} INFO - Processing /opt/airflow/dags/dag_suivi.py took 0.099 seconds
[2026-07-20T10:16:12.536+0000] {processor.py:157} INFO - Started process (PID=3828) to work on /opt/airflow/dags/dag_suivi.py
[2026-07-20T10:16:12.537+0000] {processor.py:829} INFO - Processing file /opt/airflow/dags/dag_suivi.py for tasks to queue
[2026-07-20T10:16:12.538+0000] {logging_mixin.py:151} INFO - [2026-07-20T10:16:12.537+0000] {dagbag.py:536} INFO - Filling up the DagBag from /opt/airflow/dags/dag_suivi.py
[2026-07-20T10:16:12.573+0000] {processor.py:839} INFO - DAG(s) dict_keys(['pipeline_ingestion_suivi']) retrieved from /opt/airflow/dags/dag_suivi.py
[2026-07-20T10:16:12.599+0000] {logging_mixin.py:151} INFO - [2026-07-20T10:16:12.599+0000] {dag.py:2941} INFO - Sync 1 DAGs
[2026-07-20T10:16:12.625+0000] {logging_mixin.py:151} INFO - [2026-07-20T10:16:12.625+0000] {dag.py:3722} INFO - Setting next_dagrun for pipeline_ingestion_suivi to 2026-07-20T10:00:00+00:00, run_after=2026-07-20T11:00:00+00:00
[2026-07-20T10:16:12.651+0000] {processor.py:179} INFO - Processing /opt/airflow/dags/dag_suivi.py took 0.119 seconds
[2026-07-20T10:16:42.795+0000] {processor.py:157} INFO - Started process (PID=3833) to work on /opt/airflow/dags/dag_suivi.py
[2026-07-20T10:16:42.797+0000] {processor.py:829} INFO - Processing file /opt/airflow/dags/dag_suivi.py for tasks to queue
[2026-07-20T10:16:42.798+0000] {logging_mixin.py:151} INFO - [2026-07-20T10:16:42.798+0000] {dagbag.py:536} INFO - Filling up the DagBag from /opt/airflow/dags/dag_suivi.py
[2026-07-20T10:16:42.828+0000] {processor.py:839} INFO - DAG(s) dict_keys(['pipeline_ingestion_suivi']) retrieved from /opt/airflow/dags/dag_suivi.py
[2026-07-20T10:16:42.857+0000] {logging_mixin.py:151} INFO - [2026-07-20T10:16:42.857+0000] {dag.py:2941} INFO - Sync 1 DAGs
[2026-07-20T10:16:42.883+0000] {logging_mixin.py:151} INFO - [2026-07-20T10:16:42.883+0000] {dag.py:3722} INFO - Setting next_dagrun for pipeline_ingestion_suivi to 2026-07-20T10:00:00+00:00, run_after=2026-07-20T11:00:00+00:00
[2026-07-20T10:16:42.907+0000] {processor.py:179} INFO - Processing /opt/airflow/dags/dag_suivi.py took 0.114 seconds
[2026-07-20T10:17:13.122+0000] {processor.py:157} INFO - Started process (PID=3838) to work on /opt/airflow/dags/dag_suivi.py
[2026-07-20T10:17:13.123+0000] {processor.py:829} INFO - Processing file /opt/airflow/dags/dag_suivi.py for tasks to queue
[2026-07-20T10:17:13.124+0000] {logging_mixin.py:151} INFO - [2026-07-20T10:17:13.124+0000] {dagbag.py:536} INFO - Filling up the DagBag from /opt/airflow/dags/dag_suivi.py
[2026-07-20T10:17:13.156+0000] {processor.py:839} INFO - DAG(s) dict_keys(['pipeline_ingestion_suivi']) retrieved from /opt/airflow/dags/dag_suivi.py
[2026-07-20T10:17:13.188+0000] {logging_mixin.py:151} INFO - [2026-07-20T10:17:13.187+0000] {dag.py:2941} INFO - Sync 1 DAGs
[2026-07-20T10:17:13.213+0000] {logging_mixin.py:151} INFO - [2026-07-20T10:17:13.213+0000] {dag.py:3722} INFO - Setting next_dagrun for pipeline_ingestion_suivi to 2026-07-20T10:00:00+00:00, run_after=2026-07-20T11:00:00+00:00
[2026-07-20T10:17:13.240+0000] {processor.py:179} INFO - Processing /opt/airflow/dags/dag_suivi.py took 0.121 seconds
[2026-07-20T10:17:43.351+0000] {processor.py:157} INFO - Started process (PID=3843) to work on /opt/airflow/dags/dag_suivi.py
[2026-07-20T10:17:43.353+0000] {processor.py:829} INFO - Processing file /opt/airflow/dags/dag_suivi.py for tasks to queue
[2026-07-20T10:17:43.354+0000] {logging_mixin.py:151} INFO - [2026-07-20T10:17:43.354+0000] {dagbag.py:536} INFO - Filling up the DagBag from /opt/airflow/dags/dag_suivi.py
[2026-07-20T10:17:43.388+0000] {processor.py:839} INFO - DAG(s) dict_keys(['pipeline_ingestion_suivi']) retrieved from /opt/airflow/dags/dag_suivi.py
[2026-07-20T10:17:43.444+0000] {logging_mixin.py:151} INFO - [2026-07-20T10:17:43.443+0000] {dag.py:2941} INFO - Sync 1 DAGs
[2026-07-20T10:17:43.478+0000] {logging_mixin.py:151} INFO - [2026-07-20T10:17:43.477+0000] {dag.py:3722} INFO - Setting next_dagrun for pipeline_ingestion_suivi to 2026-07-20T10:00:00+00:00, run_after=2026-07-20T11:00:00+00:00
[2026-07-20T10:17:43.508+0000] {processor.py:179} INFO - Processing /opt/airflow/dags/dag_suivi.py took 0.161 seconds
[2026-07-20T10:18:13.652+0000] {processor.py:157} INFO - Started process (PID=3848) to work on /opt/airflow/dags/dag_suivi.py
[2026-07-20T10:18:13.653+0000] {processor.py:829} INFO - Processing file /opt/airflow/dags/dag_suivi.py for tasks to queue
[2026-07-20T10:18:13.655+0000] {logging_mixin.py:151} INFO - [2026-07-20T10:18:13.654+0000] {dagbag.py:536} INFO - Filling up the DagBag from /opt/airflow/dags/dag_suivi.py
[2026-07-20T10:18:13.681+0000] {processor.py:839} INFO - DAG(s) dict_keys(['pipeline_ingestion_suivi']) retrieved from /opt/airflow/dags/dag_suivi.py
[2026-07-20T10:18:13.711+0000] {logging_mixin.py:151} INFO - [2026-07-20T10:18:13.711+0000] {dag.py:2941} INFO - Sync 1 DAGs
[2026-07-20T10:18:13.731+0000] {logging_mixin.py:151} INFO - [2026-07-20T10:18:13.730+0000] {dag.py:3722} INFO - Setting next_dagrun for pipeline_ingestion_suivi to 2026-07-20T10:00:00+00:00, run_after=2026-07-20T11:00:00+00:00
[2026-07-20T10:18:13.758+0000] {processor.py:179} INFO - Processing /opt/airflow/dags/dag_suivi.py took 0.110 seconds
[2026-07-20T10:18:43.907+0000] {processor.py:157} INFO - Started process (PID=3853) to work on /opt/airflow/dags/dag_suivi.py
[2026-07-20T10:18:43.908+0000] {processor.py:829} INFO - Processing file /opt/airflow/dags/dag_suivi.py for tasks to queue
[2026-07-20T10:18:43.910+0000] {logging_mixin.py:151} INFO - [2026-07-20T10:18:43.910+0000] {dagbag.py:536} INFO - Filling up the DagBag from /opt/airflow/dags/dag_suivi.py
[2026-07-20T10:18:43.933+0000] {processor.py:839} INFO - DAG(s) dict_keys(['pipeline_ingestion_suivi']) retrieved from /opt/airflow/dags/dag_suivi.py
[2026-07-20T10:18:43.958+0000] {logging_mixin.py:151} INFO - [2026-07-20T10:18:43.958+0000] {dag.py:2941} INFO - Sync 1 DAGs
[2026-07-20T10:18:43.976+0000] {logging_mixin.py:151} INFO - [2026-07-20T10:18:43.976+0000] {dag.py:3722} INFO - Setting next_dagrun for pipeline_ingestion_suivi to 2026-07-20T10:00:00+00:00, run_after=2026-07-20T11:00:00+00:00
[2026-07-20T10:18:43.993+0000] {processor.py:179} INFO - Processing /opt/airflow/dags/dag_suivi.py took 0.089 seconds
[2026-07-20T10:19:14.161+0000] {processor.py:157} INFO - Started process (PID=3858) to work on /opt/airflow/dags/dag_suivi.py
[2026-07-20T10:19:14.162+0000] {processor.py:829} INFO - Processing file /opt/airflow/dags/dag_suivi.py for tasks to queue
[2026-07-20T10:19:14.163+0000] {logging_mixin.py:151} INFO - [2026-07-20T10:19:14.163+0000] {dagbag.py:536} INFO - Filling up the DagBag from /opt/airflow/dags/dag_suivi.py
[2026-07-20T10:19:14.188+0000] {processor.py:839} INFO - DAG(s) dict_keys(['pipeline_ingestion_suivi']) retrieved from /opt/airflow/dags/dag_suivi.py
[2026-07-20T10:19:14.212+0000] {logging_mixin.py:151} INFO - [2026-07-20T10:19:14.211+0000] {dag.py:2941} INFO - Sync 1 DAGs
[2026-07-20T10:19:14.231+0000] {logging_mixin.py:151} INFO - [2026-07-20T10:19:14.231+0000] {dag.py:3722} INFO - Setting next_dagrun for pipeline_ingestion_suivi to 2026-07-20T10:00:00+00:00, run_after=2026-07-20T11:00:00+00:00
[2026-07-20T10:19:14.251+0000] {processor.py:179} INFO - Processing /opt/airflow/dags/dag_suivi.py took 0.092 seconds
[2026-07-20T10:19:44.379+0000] {processor.py:157} INFO - Started process (PID=3863) to work on /opt/airflow/dags/dag_suivi.py
[2026-07-20T10:19:44.380+0000] {processor.py:829} INFO - Processing file /opt/airflow/dags/dag_suivi.py for tasks to queue
[2026-07-20T10:19:44.382+0000] {logging_mixin.py:151} INFO - [2026-07-20T10:19:44.381+0000] {dagbag.py:536} INFO - Filling up the DagBag from /opt/airflow/dags/dag_suivi.py
[2026-07-20T10:19:44.407+0000] {processor.py:839} INFO - DAG(s) dict_keys(['pipeline_ingestion_suivi']) retrieved from /opt/airflow/dags/dag_suivi.py
[2026-07-20T10:19:44.433+0000] {logging_mixin.py:151} INFO - [2026-07-20T10:19:44.433+0000] {dag.py:2941} INFO - Sync 1 DAGs
[2026-07-20T10:19:44.453+0000] {logging_mixin.py:151} INFO - [2026-07-20T10:19:44.453+0000] {dag.py:3722} INFO - Setting next_dagrun for pipeline_ingestion_suivi to 2026-07-20T10:00:00+00:00, run_after=2026-07-20T11:00:00+00:00
[2026-07-20T10:19:44.472+0000] {processor.py:179} INFO - Processing /opt/airflow/dags/dag_suivi.py took 0.095 seconds
[2026-07-20T10:20:14.638+0000] {processor.py:157} INFO - Started process (PID=3868) to work on /opt/airflow/dags/dag_suivi.py
[2026-07-20T10:20:14.640+0000] {processor.py:829} INFO - Processing file /opt/airflow/dags/dag_suivi.py for tasks to queue
[2026-07-20T10:20:14.641+0000] {logging_mixin.py:151} INFO - [2026-07-20T10:20:14.640+0000] {dagbag.py:536} INFO - Filling up the DagBag from /opt/airflow/dags/dag_suivi.py
[2026-07-20T10:20:14.676+0000] {processor.py:839} INFO - DAG(s) dict_keys(['pipeline_ingestion_suivi']) retrieved from /opt/airflow/dags/dag_suivi.py
[2026-07-20T10:20:14.715+0000] {logging_mixin.py:151} INFO - [2026-07-20T10:20:14.715+0000] {dag.py:2941} INFO - Sync 1 DAGs
[2026-07-20T10:20:14.745+0000] {logging_mixin.py:151} INFO - [2026-07-20T10:20:14.745+0000] {dag.py:3722} INFO - Setting next_dagrun for pipeline_ingestion_suivi to 2026-07-20T10:00:00+00:00, run_after=2026-07-20T11:00:00+00:00
[2026-07-20T10:20:14.770+0000] {processor.py:179} INFO - Processing /opt/airflow/dags/dag_suivi.py took 0.135 seconds
[2026-07-20T10:20:44.890+0000] {processor.py:157} INFO - Started process (PID=3873) to work on /opt/airflow/dags/dag_suivi.py
[2026-07-20T10:20:44.891+0000] {processor.py:829} INFO - Processing file /opt/airflow/dags/dag_suivi.py for tasks to queue
[2026-07-20T10:20:44.893+0000] {logging_mixin.py:151} INFO - [2026-07-20T10:20:44.892+0000] {dagbag.py:536} INFO - Filling up the DagBag from /opt/airflow/dags/dag_suivi.py
[2026-07-20T10:20:44.927+0000] {processor.py:839} INFO - DAG(s) dict_keys(['pipeline_ingestion_suivi']) retrieved from /opt/airflow/dags/dag_suivi.py
[2026-07-20T10:20:44.964+0000] {logging_mixin.py:151} INFO - [2026-07-20T10:20:44.964+0000] {dag.py:2941} INFO - Sync 1 DAGs
[2026-07-20T10:20:44.988+0000] {logging_mixin.py:151} INFO - [2026-07-20T10:20:44.988+0000] {dag.py:3722} INFO - Setting next_dagrun for pipeline_ingestion_suivi to 2026-07-20T10:00:00+00:00, run_after=2026-07-20T11:00:00+00:00
[2026-07-20T10:20:45.018+0000] {processor.py:179} INFO - Processing /opt/airflow/dags/dag_suivi.py took 0.131 seconds
[2026-07-20T10:21:15.191+0000] {processor.py:157} INFO - Started process (PID=3878) to work on /opt/airflow/dags/dag_suivi.py
[2026-07-20T10:21:15.192+0000] {processor.py:829} INFO - Processing file /opt/airflow/dags/dag_suivi.py for tasks to queue
[2026-07-20T10:21:15.193+0000] {logging_mixin.py:151} INFO - [2026-07-20T10:21:15.193+0000] {dagbag.py:536} INFO - Filling up the DagBag from /opt/airflow/dags/dag_suivi.py
[2026-07-20T10:21:15.217+0000] {processor.py:839} INFO - DAG(s) dict_keys(['pipeline_ingestion_suivi']) retrieved from /opt/airflow/dags/dag_suivi.py
[2026-07-20T10:21:15.242+0000] {logging_mixin.py:151} INFO - [2026-07-20T10:21:15.242+0000] {dag.py:2941} INFO - Sync 1 DAGs
[2026-07-20T10:21:15.261+0000] {logging_mixin.py:151} INFO - [2026-07-20T10:21:15.260+0000] {dag.py:3722} INFO - Setting next_dagrun for pipeline_ingestion_suivi to 2026-07-20T10:00:00+00:00, run_after=2026-07-20T11:00:00+00:00
[2026-07-20T10:21:15.289+0000] {processor.py:179} INFO - Processing /opt/airflow/dags/dag_suivi.py took 0.101 seconds
[2026-07-20T10:21:45.461+0000] {processor.py:157} INFO - Started process (PID=3883) to work on /opt/airflow/dags/dag_suivi.py
[2026-07-20T10:21:45.462+0000] {processor.py:829} INFO - Processing file /opt/airflow/dags/dag_suivi.py for tasks to queue
[2026-07-20T10:21:45.464+0000] {logging_mixin.py:151} INFO - [2026-07-20T10:21:45.463+0000] {dagbag.py:536} INFO - Filling up the DagBag from /opt/airflow/dags/dag_suivi.py
[2026-07-20T10:21:45.509+0000] {processor.py:839} INFO - DAG(s) dict_keys(['pipeline_ingestion_suivi']) retrieved from /opt/airflow/dags/dag_suivi.py
[2026-07-20T10:21:45.541+0000] {logging_mixin.py:151} INFO - [2026-07-20T10:21:45.541+0000] {dag.py:2941} INFO - Sync 1 DAGs
[2026-07-20T10:21:45.576+0000] {logging_mixin.py:151} INFO - [2026-07-20T10:21:45.576+0000] {dag.py:3722} INFO - Setting next_dagrun for pipeline_ingestion_suivi to 2026-07-20T10:00:00+00:00, run_after=2026-07-20T11:00:00+00:00
[2026-07-20T10:21:45.607+0000] {processor.py:179} INFO - Processing /opt/airflow/dags/dag_suivi.py took 0.151 seconds
[2026-07-20T10:22:15.762+0000] {processor.py:157} INFO - Started process (PID=3888) to work on /opt/airflow/dags/dag_suivi.py
[2026-07-20T10:22:15.763+0000] {processor.py:829} INFO - Processing file /opt/airflow/dags/dag_suivi.py for tasks to queue
[2026-07-20T10:22:15.765+0000] {logging_mixin.py:151} INFO - [2026-07-20T10:22:15.764+0000] {dagbag.py:536} INFO - Filling up the DagBag from /opt/airflow/dags/dag_suivi.py
[2026-07-20T10:22:15.796+0000] {processor.py:839} INFO - DAG(s) dict_keys(['pipeline_ingestion_suivi']) retrieved from /opt/airflow/dags/dag_suivi.py
[2026-07-20T10:22:15.826+0000] {logging_mixin.py:151} INFO - [2026-07-20T10:22:15.825+0000] {dag.py:2941} INFO - Sync 1 DAGs
[2026-07-20T10:22:15.846+0000] {logging_mixin.py:151} INFO - [2026-07-20T10:22:15.846+0000] {dag.py:3722} INFO - Setting next_dagrun for pipeline_ingestion_suivi to 2026-07-20T10:00:00+00:00, run_after=2026-07-20T11:00:00+00:00
[2026-07-20T10:22:15.873+0000] {processor.py:179} INFO - Processing /opt/airflow/dags/dag_suivi.py took 0.114 seconds
[2026-07-20T10:22:46.022+0000] {processor.py:157} INFO - Started process (PID=3893) to work on /opt/airflow/dags/dag_suivi.py
[2026-07-20T10:22:46.023+0000] {processor.py:829} INFO - Processing file /opt/airflow/dags/dag_suivi.py for tasks to queue
[2026-07-20T10:22:46.024+0000] {logging_mixin.py:151} INFO - [2026-07-20T10:22:46.023+0000] {dagbag.py:536} INFO - Filling up the DagBag from /opt/airflow/dags/dag_suivi.py
[2026-07-20T10:22:46.044+0000] {processor.py:839} INFO - DAG(s) dict_keys(['pipeline_ingestion_suivi']) retrieved from /opt/airflow/dags/dag_suivi.py
[2026-07-20T10:22:46.072+0000] {logging_mixin.py:151} INFO - [2026-07-20T10:22:46.071+0000] {dag.py:2941} INFO - Sync 1 DAGs
[2026-07-20T10:22:46.092+0000] {logging_mixin.py:151} INFO - [2026-07-20T10:22:46.091+0000] {dag.py:3722} INFO - Setting next_dagrun for pipeline_ingestion_suivi to 2026-07-20T10:00:00+00:00, run_after=2026-07-20T11:00:00+00:00
[2026-07-20T10:22:46.119+0000] {processor.py:179} INFO - Processing /opt/airflow/dags/dag_suivi.py took 0.100 seconds
[2026-07-20T10:23:16.276+0000] {processor.py:157} INFO - Started process (PID=3898) to work on /opt/airflow/dags/dag_suivi.py
[2026-07-20T10:23:16.277+0000] {processor.py:829} INFO - Processing file /opt/airflow/dags/dag_suivi.py for tasks to queue
[2026-07-20T10:23:16.278+0000] {logging_mixin.py:151} INFO - [2026-07-20T10:23:16.278+0000] {dagbag.py:536} INFO - Filling up the DagBag from /opt/airflow/dags/dag_suivi.py
[2026-07-20T10:23:16.299+0000] {processor.py:839} INFO - DAG(s) dict_keys(['pipeline_ingestion_suivi']) retrieved from /opt/airflow/dags/dag_suivi.py
[2026-07-20T10:23:16.327+0000] {logging_mixin.py:151} INFO - [2026-07-20T10:23:16.327+0000] {dag.py:2941} INFO - Sync 1 DAGs
[2026-07-20T10:23:16.349+0000] {logging_mixin.py:151} INFO - [2026-07-20T10:23:16.349+0000] {dag.py:3722} INFO - Setting next_dagrun for pipeline_ingestion_suivi to 2026-07-20T10:00:00+00:00, run_after=2026-07-20T11:00:00+00:00
[2026-07-20T10:23:16.368+0000] {processor.py:179} INFO - Processing /opt/airflow/dags/dag_suivi.py took 0.094 seconds
[2026-07-20T10:23:46.526+0000] {processor.py:157} INFO - Started process (PID=3903) to work on /opt/airflow/dags/dag_suivi.py
[2026-07-20T10:23:46.527+0000] {processor.py:829} INFO - Processing file /opt/airflow/dags/dag_suivi.py for tasks to queue
[2026-07-20T10:23:46.528+0000] {logging_mixin.py:151} INFO - [2026-07-20T10:23:46.527+0000] {dagbag.py:536} INFO - Filling up the DagBag from /opt/airflow/dags/dag_suivi.py
[2026-07-20T10:23:46.553+0000] {processor.py:839} INFO - DAG(s) dict_keys(['pipeline_ingestion_suivi']) retrieved from /opt/airflow/dags/dag_suivi.py
[2026-07-20T10:23:46.576+0000] {logging_mixin.py:151} INFO - [2026-07-20T10:23:46.576+0000] {dag.py:2941} INFO - Sync 1 DAGs
[2026-07-20T10:23:46.596+0000] {logging_mixin.py:151} INFO - [2026-07-20T10:23:46.595+0000] {dag.py:3722} INFO - Setting next_dagrun for pipeline_ingestion_suivi to 2026-07-20T10:00:00+00:00, run_after=2026-07-20T11:00:00+00:00
[2026-07-20T10:23:46.623+0000] {processor.py:179} INFO - Processing /opt/airflow/dags/dag_suivi.py took 0.101 seconds
[2026-07-20T10:24:16.738+0000] {processor.py:157} INFO - Started process (PID=3908) to work on /opt/airflow/dags/dag_suivi.py
[2026-07-20T10:24:16.740+0000] {processor.py:829} INFO - Processing file /opt/airflow/dags/dag_suivi.py for tasks to queue
[2026-07-20T10:24:16.741+0000] {logging_mixin.py:151} INFO - [2026-07-20T10:24:16.741+0000] {dagbag.py:536} INFO - Filling up the DagBag from /opt/airflow/dags/dag_suivi.py
[2026-07-20T10:24:16.766+0000] {processor.py:839} INFO - DAG(s) dict_keys(['pipeline_ingestion_suivi']) retrieved from /opt/airflow/dags/dag_suivi.py
[2026-07-20T10:24:16.801+0000] {logging_mixin.py:151} INFO - [2026-07-20T10:24:16.801+0000] {dag.py:2941} INFO - Sync 1 DAGs
[2026-07-20T10:24:16.825+0000] {logging_mixin.py:151} INFO - [2026-07-20T10:24:16.825+0000] {dag.py:3722} INFO - Setting next_dagrun for pipeline_ingestion_suivi to 2026-07-20T10:00:00+00:00, run_after=2026-07-20T11:00:00+00:00
[2026-07-20T10:24:16.847+0000] {processor.py:179} INFO - Processing /opt/airflow/dags/dag_suivi.py took 0.111 seconds
[2026-07-20T10:24:47.049+0000] {processor.py:157} INFO - Started process (PID=3913) to work on /opt/airflow/dags/dag_suivi.py
[2026-07-20T10:24:47.050+0000] {processor.py:829} INFO - Processing file /opt/airflow/dags/dag_suivi.py for tasks to queue
[2026-07-20T10:24:47.051+0000] {logging_mixin.py:151} INFO - [2026-07-20T10:24:47.051+0000] {dagbag.py:536} INFO - Filling up the DagBag from /opt/airflow/dags/dag_suivi.py
[2026-07-20T10:24:47.074+0000] {processor.py:839} INFO - DAG(s) dict_keys(['pipeline_ingestion_suivi']) retrieved from /opt/airflow/dags/dag_suivi.py
[2026-07-20T10:24:47.099+0000] {logging_mixin.py:151} INFO - [2026-07-20T10:24:47.098+0000] {dag.py:2941} INFO - Sync 1 DAGs
[2026-07-20T10:24:47.118+0000] {logging_mixin.py:151} INFO - [2026-07-20T10:24:47.118+0000] {dag.py:3722} INFO - Setting next_dagrun for pipeline_ingestion_suivi to 2026-07-20T10:00:00+00:00, run_after=2026-07-20T11:00:00+00:00
[2026-07-20T10:24:47.147+0000] {processor.py:179} INFO - Processing /opt/airflow/dags/dag_suivi.py took 0.101 seconds
[2026-07-20T10:25:17.286+0000] {processor.py:157} INFO - Started process (PID=3918) to work on /opt/airflow/dags/dag_suivi.py
[2026-07-20T10:25:17.287+0000] {processor.py:829} INFO - Processing file /opt/airflow/dags/dag_suivi.py for tasks to queue
[2026-07-20T10:25:17.288+0000] {logging_mixin.py:151} INFO - [2026-07-20T10:25:17.288+0000] {dagbag.py:536} INFO - Filling up the DagBag from /opt/airflow/dags/dag_suivi.py
[2026-07-20T10:25:17.310+0000] {processor.py:839} INFO - DAG(s) dict_keys(['pipeline_ingestion_suivi']) retrieved from /opt/airflow/dags/dag_suivi.py
[2026-07-20T10:25:17.336+0000] {logging_mixin.py:151} INFO - [2026-07-20T10:25:17.335+0000] {dag.py:2941} INFO - Sync 1 DAGs
[2026-07-20T10:25:17.355+0000] {logging_mixin.py:151} INFO - [2026-07-20T10:25:17.355+0000] {dag.py:3722} INFO - Setting next_dagrun for pipeline_ingestion_suivi to 2026-07-20T10:00:00+00:00, run_after=2026-07-20T11:00:00+00:00
[2026-07-20T10:25:17.377+0000] {processor.py:179} INFO - Processing /opt/airflow/dags/dag_suivi.py took 0.093 seconds
[2026-07-20T10:25:47.562+0000] {processor.py:157} INFO - Started process (PID=3923) to work on /opt/airflow/dags/dag_suivi.py
[2026-07-20T10:25:47.563+0000] {processor.py:829} INFO - Processing file /opt/airflow/dags/dag_suivi.py for tasks to queue
[2026-07-20T10:25:47.564+0000] {logging_mixin.py:151} INFO - [2026-07-20T10:25:47.563+0000] {dagbag.py:536} INFO - Filling up the DagBag from /opt/airflow/dags/dag_suivi.py
[2026-07-20T10:25:47.584+0000] {processor.py:839} INFO - DAG(s) dict_keys(['pipeline_ingestion_suivi']) retrieved from /opt/airflow/dags/dag_suivi.py
[2026-07-20T10:25:47.609+0000] {logging_mixin.py:151} INFO - [2026-07-20T10:25:47.609+0000] {dag.py:2941} INFO - Sync 1 DAGs
[2026-07-20T10:25:47.635+0000] {logging_mixin.py:151} INFO - [2026-07-20T10:25:47.635+0000] {dag.py:3722} INFO - Setting next_dagrun for pipeline_ingestion_suivi to 2026-07-20T10:00:00+00:00, run_after=2026-07-20T11:00:00+00:00
[2026-07-20T10:25:47.665+0000] {processor.py:179} INFO - Processing /opt/airflow/dags/dag_suivi.py took 0.106 seconds
[2026-07-20T10:26:17.769+0000] {processor.py:157} INFO - Started process (PID=3928) to work on /opt/airflow/dags/dag_suivi.py
[2026-07-20T10:26:17.770+0000] {processor.py:829} INFO - Processing file /opt/airflow/dags/dag_suivi.py for tasks to queue
[2026-07-20T10:26:17.771+0000] {logging_mixin.py:151} INFO - [2026-07-20T10:26:17.771+0000] {dagbag.py:536} INFO - Filling up the DagBag from /opt/airflow/dags/dag_suivi.py
[2026-07-20T10:26:17.795+0000] {processor.py:839} INFO - DAG(s) dict_keys(['pipeline_ingestion_suivi']) retrieved from /opt/airflow/dags/dag_suivi.py
[2026-07-20T10:26:17.822+0000] {logging_mixin.py:151} INFO - [2026-07-20T10:26:17.822+0000] {dag.py:2941} INFO - Sync 1 DAGs
[2026-07-20T10:26:17.843+0000] {logging_mixin.py:151} INFO - [2026-07-20T10:26:17.842+0000] {dag.py:3722} INFO - Setting next_dagrun for pipeline_ingestion_suivi to 2026-07-20T10:00:00+00:00, run_after=2026-07-20T11:00:00+00:00
[2026-07-20T10:26:17.872+0000] {processor.py:179} INFO - Processing /opt/airflow/dags/dag_suivi.py took 0.107 seconds
[2026-07-20T10:26:48.070+0000] {processor.py:157} INFO - Started process (PID=3933) to work on /opt/airflow/dags/dag_suivi.py
[2026-07-20T10:26:48.071+0000] {processor.py:829} INFO - Processing file /opt/airflow/dags/dag_suivi.py for tasks to queue
[2026-07-20T10:26:48.072+0000] {logging_mixin.py:151} INFO - [2026-07-20T10:26:48.072+0000] {dagbag.py:536} INFO - Filling up the DagBag from /opt/airflow/dags/dag_suivi.py
[2026-07-20T10:26:48.099+0000] {processor.py:839} INFO - DAG(s) dict_keys(['pipeline_ingestion_suivi']) retrieved from /opt/airflow/dags/dag_suivi.py
[2026-07-20T10:26:48.125+0000] {logging_mixin.py:151} INFO - [2026-07-20T10:26:48.125+0000] {dag.py:2941} INFO - Sync 1 DAGs
[2026-07-20T10:26:48.145+0000] {logging_mixin.py:151} INFO - [2026-07-20T10:26:48.145+0000] {dag.py:3722} INFO - Setting next_dagrun for pipeline_ingestion_suivi to 2026-07-20T10:00:00+00:00, run_after=2026-07-20T11:00:00+00:00
[2026-07-20T10:26:48.177+0000] {processor.py:179} INFO - Processing /opt/airflow/dags/dag_suivi.py took 0.110 seconds
[2026-07-20T10:27:18.319+0000] {processor.py:157} INFO - Started process (PID=3938) to work on /opt/airflow/dags/dag_suivi.py
[2026-07-20T10:27:18.320+0000] {processor.py:829} INFO - Processing file /opt/airflow/dags/dag_suivi.py for tasks to queue
[2026-07-20T10:27:18.322+0000] {logging_mixin.py:151} INFO - [2026-07-20T10:27:18.321+0000] {dagbag.py:536} INFO - Filling up the DagBag from /opt/airflow/dags/dag_suivi.py
[2026-07-20T10:27:18.345+0000] {processor.py:839} INFO - DAG(s) dict_keys(['pipeline_ingestion_suivi']) retrieved from /opt/airflow/dags/dag_suivi.py
[2026-07-20T10:27:18.371+0000] {logging_mixin.py:151} INFO - [2026-07-20T10:27:18.371+0000] {dag.py:2941} INFO - Sync 1 DAGs
[2026-07-20T10:27:18.390+0000] {logging_mixin.py:151} INFO - [2026-07-20T10:27:18.390+0000] {dag.py:3722} INFO - Setting next_dagrun for pipeline_ingestion_suivi to 2026-07-20T10:00:00+00:00, run_after=2026-07-20T11:00:00+00:00
[2026-07-20T10:27:18.408+0000] {processor.py:179} INFO - Processing /opt/airflow/dags/dag_suivi.py took 0.093 seconds
[2026-07-20T10:27:48.603+0000] {processor.py:157} INFO - Started process (PID=3943) to work on /opt/airflow/dags/dag_suivi.py
[2026-07-20T10:27:48.604+0000] {processor.py:829} INFO - Processing file /opt/airflow/dags/dag_suivi.py for tasks to queue
[2026-07-20T10:27:48.605+0000] {logging_mixin.py:151} INFO - [2026-07-20T10:27:48.605+0000] {dagbag.py:536} INFO - Filling up the DagBag from /opt/airflow/dags/dag_suivi.py
[2026-07-20T10:27:48.628+0000] {processor.py:839} INFO - DAG(s) dict_keys(['pipeline_ingestion_suivi']) retrieved from /opt/airflow/dags/dag_suivi.py
[2026-07-20T10:27:48.664+0000] {logging_mixin.py:151} INFO - [2026-07-20T10:27:48.664+0000] {dag.py:2941} INFO - Sync 1 DAGs
[2026-07-20T10:27:48.689+0000] {logging_mixin.py:151} INFO - [2026-07-20T10:27:48.689+0000] {dag.py:3722} INFO - Setting next_dagrun for pipeline_ingestion_suivi to 2026-07-20T10:00:00+00:00, run_after=2026-07-20T11:00:00+00:00
[2026-07-20T10:27:48.719+0000] {processor.py:179} INFO - Processing /opt/airflow/dags/dag_suivi.py took 0.119 seconds
[2026-07-20T10:28:18.835+0000] {processor.py:157} INFO - Started process (PID=3948) to work on /opt/airflow/dags/dag_suivi.py
[2026-07-20T10:28:18.836+0000] {processor.py:829} INFO - Processing file /opt/airflow/dags/dag_suivi.py for tasks to queue
[2026-07-20T10:28:18.837+0000] {logging_mixin.py:151} INFO - [2026-07-20T10:28:18.837+0000] {dagbag.py:536} INFO - Filling up the DagBag from /opt/airflow/dags/dag_suivi.py
[2026-07-20T10:28:18.883+0000] {processor.py:839} INFO - DAG(s) dict_keys(['pipeline_ingestion_suivi']) retrieved from /opt/airflow/dags/dag_suivi.py
[2026-07-20T10:28:18.931+0000] {logging_mixin.py:151} INFO - [2026-07-20T10:28:18.930+0000] {dag.py:2941} INFO - Sync 1 DAGs
[2026-07-20T10:28:18.968+0000] {logging_mixin.py:151} INFO - [2026-07-20T10:28:18.968+0000] {dag.py:3722} INFO - Setting next_dagrun for pipeline_ingestion_suivi to 2026-07-20T10:00:00+00:00, run_after=2026-07-20T11:00:00+00:00
[2026-07-20T10:28:19.001+0000] {processor.py:179} INFO - Processing /opt/airflow/dags/dag_suivi.py took 0.177 seconds
[2026-07-20T10:28:49.122+0000] {processor.py:157} INFO - Started process (PID=3953) to work on /opt/airflow/dags/dag_suivi.py
[2026-07-20T10:28:49.123+0000] {processor.py:829} INFO - Processing file /opt/airflow/dags/dag_suivi.py for tasks to queue
[2026-07-20T10:28:49.124+0000] {logging_mixin.py:151} INFO - [2026-07-20T10:28:49.124+0000] {dagbag.py:536} INFO - Filling up the DagBag from /opt/airflow/dags/dag_suivi.py
[2026-07-20T10:28:49.144+0000] {processor.py:839} INFO - DAG(s) dict_keys(['pipeline_ingestion_suivi']) retrieved from /opt/airflow/dags/dag_suivi.py
[2026-07-20T10:28:49.172+0000] {logging_mixin.py:151} INFO - [2026-07-20T10:28:49.172+0000] {dag.py:2941} INFO - Sync 1 DAGs
[2026-07-20T10:28:49.191+0000] {logging_mixin.py:151} INFO - [2026-07-20T10:28:49.191+0000] {dag.py:3722} INFO - Setting next_dagrun for pipeline_ingestion_suivi to 2026-07-20T10:00:00+00:00, run_after=2026-07-20T11:00:00+00:00
[2026-07-20T10:28:49.218+0000] {processor.py:179} INFO - Processing /opt/airflow/dags/dag_suivi.py took 0.098 seconds
[2026-07-20T10:29:19.397+0000] {processor.py:157} INFO - Started process (PID=3958) to work on /opt/airflow/dags/dag_suivi.py
[2026-07-20T10:29:19.398+0000] {processor.py:829} INFO - Processing file /opt/airflow/dags/dag_suivi.py for tasks to queue
[2026-07-20T10:29:19.399+0000] {logging_mixin.py:151} INFO - [2026-07-20T10:29:19.399+0000] {dagbag.py:536} INFO - Filling up the DagBag from /opt/airflow/dags/dag_suivi.py
[2026-07-20T10:29:19.416+0000] {processor.py:839} INFO - DAG(s) dict_keys(['pipeline_ingestion_suivi']) retrieved from /opt/airflow/dags/dag_suivi.py
[2026-07-20T10:29:19.440+0000] {logging_mixin.py:151} INFO - [2026-07-20T10:29:19.439+0000] {dag.py:2941} INFO - Sync 1 DAGs
[2026-07-20T10:29:19.459+0000] {logging_mixin.py:151} INFO - [2026-07-20T10:29:19.459+0000] {dag.py:3722} INFO - Setting next_dagrun for pipeline_ingestion_suivi to 2026-07-20T10:00:00+00:00, run_after=2026-07-20T11:00:00+00:00
[2026-07-20T10:29:19.485+0000] {processor.py:179} INFO - Processing /opt/airflow/dags/dag_suivi.py took 0.090 seconds
[2026-07-20T10:29:49.618+0000] {processor.py:157} INFO - Started process (PID=3963) to work on /opt/airflow/dags/dag_suivi.py
[2026-07-20T10:29:49.618+0000] {processor.py:829} INFO - Processing file /opt/airflow/dags/dag_suivi.py for tasks to queue
[2026-07-20T10:29:49.619+0000] {logging_mixin.py:151} INFO - [2026-07-20T10:29:49.619+0000] {dagbag.py:536} INFO - Filling up the DagBag from /opt/airflow/dags/dag_suivi.py
[2026-07-20T10:29:49.637+0000] {processor.py:839} INFO - DAG(s) dict_keys(['pipeline_ingestion_suivi']) retrieved from /opt/airflow/dags/dag_suivi.py
[2026-07-20T10:29:49.663+0000] {logging_mixin.py:151} INFO - [2026-07-20T10:29:49.662+0000] {dag.py:2941} INFO - Sync 1 DAGs
[2026-07-20T10:29:49.686+0000] {logging_mixin.py:151} INFO - [2026-07-20T10:29:49.686+0000] {dag.py:3722} INFO - Setting next_dagrun for pipeline_ingestion_suivi to 2026-07-20T10:00:00+00:00, run_after=2026-07-20T11:00:00+00:00
[2026-07-20T10:29:49.714+0000] {processor.py:179} INFO - Processing /opt/airflow/dags/dag_suivi.py took 0.099 seconds
[2026-07-20T10:30:19.899+0000] {processor.py:157} INFO - Started process (PID=3968) to work on /opt/airflow/dags/dag_suivi.py
[2026-07-20T10:30:19.900+0000] {processor.py:829} INFO - Processing file /opt/airflow/dags/dag_suivi.py for tasks to queue
[2026-07-20T10:30:19.901+0000] {logging_mixin.py:151} INFO - [2026-07-20T10:30:19.901+0000] {dagbag.py:536} INFO - Filling up the DagBag from /opt/airflow/dags/dag_suivi.py
[2026-07-20T10:30:19.923+0000] {processor.py:839} INFO - DAG(s) dict_keys(['pipeline_ingestion_suivi']) retrieved from /opt/airflow/dags/dag_suivi.py
[2026-07-20T10:30:19.953+0000] {logging_mixin.py:151} INFO - [2026-07-20T10:30:19.953+0000] {dag.py:2941} INFO - Sync 1 DAGs
[2026-07-20T10:30:19.973+0000] {logging_mixin.py:151} INFO - [2026-07-20T10:30:19.973+0000] {dag.py:3722} INFO - Setting next_dagrun for pipeline_ingestion_suivi to 2026-07-20T10:00:00+00:00, run_after=2026-07-20T11:00:00+00:00
[2026-07-20T10:30:20.003+0000] {processor.py:179} INFO - Processing /opt/airflow/dags/dag_suivi.py took 0.106 seconds
[2026-07-20T10:30:50.124+0000] {processor.py:157} INFO - Started process (PID=3973) to work on /opt/airflow/dags/dag_suivi.py
[2026-07-20T10:30:50.125+0000] {processor.py:829} INFO - Processing file /opt/airflow/dags/dag_suivi.py for tasks to queue
[2026-07-20T10:30:50.127+0000] {logging_mixin.py:151} INFO - [2026-07-20T10:30:50.126+0000] {dagbag.py:536} INFO - Filling up the DagBag from /opt/airflow/dags/dag_suivi.py
[2026-07-20T10:30:50.156+0000] {processor.py:839} INFO - DAG(s) dict_keys(['pipeline_ingestion_suivi']) retrieved from /opt/airflow/dags/dag_suivi.py
[2026-07-20T10:30:50.188+0000] {logging_mixin.py:151} INFO - [2026-07-20T10:30:50.188+0000] {dag.py:2941} INFO - Sync 1 DAGs
[2026-07-20T10:30:50.213+0000] {logging_mixin.py:151} INFO - [2026-07-20T10:30:50.213+0000] {dag.py:3722} INFO - Setting next_dagrun for pipeline_ingestion_suivi to 2026-07-20T10:00:00+00:00, run_after=2026-07-20T11:00:00+00:00
[2026-07-20T10:30:50.232+0000] {processor.py:179} INFO - Processing /opt/airflow/dags/dag_suivi.py took 0.111 seconds
[2026-07-20T10:31:20.369+0000] {processor.py:157} INFO - Started process (PID=3978) to work on /opt/airflow/dags/dag_suivi.py
[2026-07-20T10:31:20.370+0000] {processor.py:829} INFO - Processing file /opt/airflow/dags/dag_suivi.py for tasks to queue
[2026-07-20T10:31:20.371+0000] {logging_mixin.py:151} INFO - [2026-07-20T10:31:20.370+0000] {dagbag.py:536} INFO - Filling up the DagBag from /opt/airflow/dags/dag_suivi.py
[2026-07-20T10:31:20.392+0000] {processor.py:839} INFO - DAG(s) dict_keys(['pipeline_ingestion_suivi']) retrieved from /opt/airflow/dags/dag_suivi.py
[2026-07-20T10:31:20.421+0000] {logging_mixin.py:151} INFO - [2026-07-20T10:31:20.421+0000] {dag.py:2941} INFO - Sync 1 DAGs
[2026-07-20T10:31:20.442+0000] {logging_mixin.py:151} INFO - [2026-07-20T10:31:20.442+0000] {dag.py:3722} INFO - Setting next_dagrun for pipeline_ingestion_suivi to 2026-07-20T10:00:00+00:00, run_after=2026-07-20T11:00:00+00:00
[2026-07-20T10:31:20.463+0000] {processor.py:179} INFO - Processing /opt/airflow/dags/dag_suivi.py took 0.097 seconds
[2026-07-20T10:31:50.659+0000] {processor.py:157} INFO - Started process (PID=3983) to work on /opt/airflow/dags/dag_suivi.py
[2026-07-20T10:31:50.660+0000] {processor.py:829} INFO - Processing file /opt/airflow/dags/dag_suivi.py for tasks to queue
[2026-07-20T10:31:50.661+0000] {logging_mixin.py:151} INFO - [2026-07-20T10:31:50.661+0000] {dagbag.py:536} INFO - Filling up the DagBag from /opt/airflow/dags/dag_suivi.py
[2026-07-20T10:31:50.695+0000] {processor.py:839} INFO - DAG(s) dict_keys(['pipeline_ingestion_suivi']) retrieved from /opt/airflow/dags/dag_suivi.py
[2026-07-20T10:31:50.735+0000] {logging_mixin.py:151} INFO - [2026-07-20T10:31:50.735+0000] {dag.py:2941} INFO - Sync 1 DAGs
[2026-07-20T10:31:50.770+0000] {logging_mixin.py:151} INFO - [2026-07-20T10:31:50.770+0000] {dag.py:3722} INFO - Setting next_dagrun for pipeline_ingestion_suivi to 2026-07-20T10:00:00+00:00, run_after=2026-07-20T11:00:00+00:00
[2026-07-20T10:31:50.799+0000] {processor.py:179} INFO - Processing /opt/airflow/dags/dag_suivi.py took 0.142 seconds
[2026-07-20T10:32:20.864+0000] {processor.py:157} INFO - Started process (PID=3988) to work on /opt/airflow/dags/dag_suivi.py
[2026-07-20T10:32:20.865+0000] {processor.py:829} INFO - Processing file /opt/airflow/dags/dag_suivi.py for tasks to queue
[2026-07-20T10:32:20.866+0000] {logging_mixin.py:151} INFO - [2026-07-20T10:32:20.866+0000] {dagbag.py:536} INFO - Filling up the DagBag from /opt/airflow/dags/dag_suivi.py
[2026-07-20T10:32:20.890+0000] {processor.py:839} INFO - DAG(s) dict_keys(['pipeline_ingestion_suivi']) retrieved from /opt/airflow/dags/dag_suivi.py
[2026-07-20T10:32:20.915+0000] {logging_mixin.py:151} INFO - [2026-07-20T10:32:20.915+0000] {dag.py:2941} INFO - Sync 1 DAGs
[2026-07-20T10:32:20.934+0000] {logging_mixin.py:151} INFO - [2026-07-20T10:32:20.934+0000] {dag.py:3722} INFO - Setting next_dagrun for pipeline_ingestion_suivi to 2026-07-20T10:00:00+00:00, run_after=2026-07-20T11:00:00+00:00
[2026-07-20T10:32:20.952+0000] {processor.py:179} INFO - Processing /opt/airflow/dags/dag_suivi.py took 0.092 seconds
[2026-07-20T10:32:51.075+0000] {processor.py:157} INFO - Started process (PID=3993) to work on /opt/airflow/dags/dag_suivi.py
[2026-07-20T10:32:51.078+0000] {processor.py:829} INFO - Processing file /opt/airflow/dags/dag_suivi.py for tasks to queue
[2026-07-20T10:32:51.080+0000] {logging_mixin.py:151} INFO - [2026-07-20T10:32:51.080+0000] {dagbag.py:536} INFO - Filling up the DagBag from /opt/airflow/dags/dag_suivi.py
[2026-07-20T10:32:51.106+0000] {processor.py:839} INFO - DAG(s) dict_keys(['pipeline_ingestion_suivi']) retrieved from /opt/airflow/dags/dag_suivi.py
[2026-07-20T10:32:51.132+0000] {logging_mixin.py:151} INFO - [2026-07-20T10:32:51.132+0000] {dag.py:2941} INFO - Sync 1 DAGs
[2026-07-20T10:32:51.152+0000] {logging_mixin.py:151} INFO - [2026-07-20T10:32:51.152+0000] {dag.py:3722} INFO - Setting next_dagrun for pipeline_ingestion_suivi to 2026-07-20T10:00:00+00:00, run_after=2026-07-20T11:00:00+00:00
[2026-07-20T10:32:51.173+0000] {processor.py:179} INFO - Processing /opt/airflow/dags/dag_suivi.py took 0.104 seconds
[2026-07-20T10:33:21.332+0000] {processor.py:157} INFO - Started process (PID=3998) to work on /opt/airflow/dags/dag_suivi.py
[2026-07-20T10:33:21.332+0000] {processor.py:829} INFO - Processing file /opt/airflow/dags/dag_suivi.py for tasks to queue
[2026-07-20T10:33:21.334+0000] {logging_mixin.py:151} INFO - [2026-07-20T10:33:21.333+0000] {dagbag.py:536} INFO - Filling up the DagBag from /opt/airflow/dags/dag_suivi.py
[2026-07-20T10:33:21.354+0000] {processor.py:839} INFO - DAG(s) dict_keys(['pipeline_ingestion_suivi']) retrieved from /opt/airflow/dags/dag_suivi.py
[2026-07-20T10:33:21.384+0000] {logging_mixin.py:151} INFO - [2026-07-20T10:33:21.384+0000] {dag.py:2941} INFO - Sync 1 DAGs
[2026-07-20T10:33:21.406+0000] {logging_mixin.py:151} INFO - [2026-07-20T10:33:21.406+0000] {dag.py:3722} INFO - Setting next_dagrun for pipeline_ingestion_suivi to 2026-07-20T10:00:00+00:00, run_after=2026-07-20T11:00:00+00:00
[2026-07-20T10:33:21.438+0000] {processor.py:179} INFO - Processing /opt/airflow/dags/dag_suivi.py took 0.110 seconds
[2026-07-20T10:33:51.549+0000] {processor.py:157} INFO - Started process (PID=4003) to work on /opt/airflow/dags/dag_suivi.py
[2026-07-20T10:33:51.550+0000] {processor.py:829} INFO - Processing file /opt/airflow/dags/dag_suivi.py for tasks to queue
[2026-07-20T10:33:51.551+0000] {logging_mixin.py:151} INFO - [2026-07-20T10:33:51.551+0000] {dagbag.py:536} INFO - Filling up the DagBag from /opt/airflow/dags/dag_suivi.py
[2026-07-20T10:33:51.574+0000] {processor.py:839} INFO - DAG(s) dict_keys(['pipeline_ingestion_suivi']) retrieved from /opt/airflow/dags/dag_suivi.py
[2026-07-20T10:33:51.599+0000] {logging_mixin.py:151} INFO - [2026-07-20T10:33:51.599+0000] {dag.py:2941} INFO - Sync 1 DAGs
[2026-07-20T10:33:51.623+0000] {logging_mixin.py:151} INFO - [2026-07-20T10:33:51.622+0000] {dag.py:3722} INFO - Setting next_dagrun for pipeline_ingestion_suivi to 2026-07-20T10:00:00+00:00, run_after=2026-07-20T11:00:00+00:00
[2026-07-20T10:33:51.643+0000] {processor.py:179} INFO - Processing /opt/airflow/dags/dag_suivi.py took 0.097 seconds
[2026-07-20T10:34:21.830+0000] {processor.py:157} INFO - Started process (PID=4008) to work on /opt/airflow/dags/dag_suivi.py
[2026-07-20T10:34:21.831+0000] {processor.py:829} INFO - Processing file /opt/airflow/dags/dag_suivi.py for tasks to queue
[2026-07-20T10:34:21.832+0000] {logging_mixin.py:151} INFO - [2026-07-20T10:34:21.832+0000] {dagbag.py:536} INFO - Filling up the DagBag from /opt/airflow/dags/dag_suivi.py
[2026-07-20T10:34:21.854+0000] {processor.py:839} INFO - DAG(s) dict_keys(['pipeline_ingestion_suivi']) retrieved from /opt/airflow/dags/dag_suivi.py
[2026-07-20T10:34:21.880+0000] {logging_mixin.py:151} INFO - [2026-07-20T10:34:21.880+0000] {dag.py:2941} INFO - Sync 1 DAGs
[2026-07-20T10:34:21.915+0000] {logging_mixin.py:151} INFO - [2026-07-20T10:34:21.915+0000] {dag.py:3722} INFO - Setting next_dagrun for pipeline_ingestion_suivi to 2026-07-20T10:00:00+00:00, run_after=2026-07-20T11:00:00+00:00
[2026-07-20T10:34:21.944+0000] {processor.py:179} INFO - Processing /opt/airflow/dags/dag_suivi.py took 0.117 seconds
[2026-07-20T10:34:52.035+0000] {processor.py:157} INFO - Started process (PID=4013) to work on /opt/airflow/dags/dag_suivi.py
[2026-07-20T10:34:52.037+0000] {processor.py:829} INFO - Processing file /opt/airflow/dags/dag_suivi.py for tasks to queue
[2026-07-20T10:34:52.038+0000] {logging_mixin.py:151} INFO - [2026-07-20T10:34:52.037+0000] {dagbag.py:536} INFO - Filling up the DagBag from /opt/airflow/dags/dag_suivi.py
[2026-07-20T10:34:52.059+0000] {processor.py:839} INFO - DAG(s) dict_keys(['pipeline_ingestion_suivi']) retrieved from /opt/airflow/dags/dag_suivi.py
[2026-07-20T10:34:52.083+0000] {logging_mixin.py:151} INFO - [2026-07-20T10:34:52.082+0000] {dag.py:2941} INFO - Sync 1 DAGs
[2026-07-20T10:34:52.101+0000] {logging_mixin.py:151} INFO - [2026-07-20T10:34:52.101+0000] {dag.py:3722} INFO - Setting next_dagrun for pipeline_ingestion_suivi to 2026-07-20T10:00:00+00:00, run_after=2026-07-20T11:00:00+00:00
[2026-07-20T10:34:52.120+0000] {processor.py:179} INFO - Processing /opt/airflow/dags/dag_suivi.py took 0.088 seconds
[2026-07-20T10:35:22.231+0000] {processor.py:157} INFO - Started process (PID=4018) to work on /opt/airflow/dags/dag_suivi.py
[2026-07-20T10:35:22.232+0000] {processor.py:829} INFO - Processing file /opt/airflow/dags/dag_suivi.py for tasks to queue
[2026-07-20T10:35:22.233+0000] {logging_mixin.py:151} INFO - [2026-07-20T10:35:22.233+0000] {dagbag.py:536} INFO - Filling up the DagBag from /opt/airflow/dags/dag_suivi.py
[2026-07-20T10:35:22.252+0000] {processor.py:839} INFO - DAG(s) dict_keys(['pipeline_ingestion_suivi']) retrieved from /opt/airflow/dags/dag_suivi.py
[2026-07-20T10:35:22.277+0000] {logging_mixin.py:151} INFO - [2026-07-20T10:35:22.277+0000] {dag.py:2941} INFO - Sync 1 DAGs
[2026-07-20T10:35:22.303+0000] {logging_mixin.py:151} INFO - [2026-07-20T10:35:22.303+0000] {dag.py:3722} INFO - Setting next_dagrun for pipeline_ingestion_suivi to 2026-07-20T10:00:00+00:00, run_after=2026-07-20T11:00:00+00:00
[2026-07-20T10:35:22.320+0000] {processor.py:179} INFO - Processing /opt/airflow/dags/dag_suivi.py took 0.092 seconds
[2026-07-20T10:35:52.541+0000] {processor.py:157} INFO - Started process (PID=4023) to work on /opt/airflow/dags/dag_suivi.py
[2026-07-20T10:35:52.542+0000] {processor.py:829} INFO - Processing file /opt/airflow/dags/dag_suivi.py for tasks to queue
[2026-07-20T10:35:52.544+0000] {logging_mixin.py:151} INFO - [2026-07-20T10:35:52.543+0000] {dagbag.py:536} INFO - Filling up the DagBag from /opt/airflow/dags/dag_suivi.py
[2026-07-20T10:35:52.569+0000] {processor.py:839} INFO - DAG(s) dict_keys(['pipeline_ingestion_suivi']) retrieved from /opt/airflow/dags/dag_suivi.py
[2026-07-20T10:35:52.605+0000] {logging_mixin.py:151} INFO - [2026-07-20T10:35:52.604+0000] {dag.py:2941} INFO - Sync 1 DAGs
[2026-07-20T10:35:52.639+0000] {logging_mixin.py:151} INFO - [2026-07-20T10:35:52.639+0000] {dag.py:3722} INFO - Setting next_dagrun for pipeline_ingestion_suivi to 2026-07-20T10:00:00+00:00, run_after=2026-07-20T11:00:00+00:00
[2026-07-20T10:35:52.668+0000] {processor.py:179} INFO - Processing /opt/airflow/dags/dag_suivi.py took 0.129 seconds
[2026-07-20T10:36:22.756+0000] {processor.py:157} INFO - Started process (PID=4028) to work on /opt/airflow/dags/dag_suivi.py
[2026-07-20T10:36:22.758+0000] {processor.py:829} INFO - Processing file /opt/airflow/dags/dag_suivi.py for tasks to queue
[2026-07-20T10:36:22.759+0000] {logging_mixin.py:151} INFO - [2026-07-20T10:36:22.758+0000] {dagbag.py:536} INFO - Filling up the DagBag from /opt/airflow/dags/dag_suivi.py
[2026-07-20T10:36:22.784+0000] {processor.py:839} INFO - DAG(s) dict_keys(['pipeline_ingestion_suivi']) retrieved from /opt/airflow/dags/dag_suivi.py
[2026-07-20T10:36:22.814+0000] {logging_mixin.py:151} INFO - [2026-07-20T10:36:22.814+0000] {dag.py:2941} INFO - Sync 1 DAGs
[2026-07-20T10:36:22.837+0000] {logging_mixin.py:151} INFO - [2026-07-20T10:36:22.837+0000] {dag.py:3722} INFO - Setting next_dagrun for pipeline_ingestion_suivi to 2026-07-20T10:00:00+00:00, run_after=2026-07-20T11:00:00+00:00
[2026-07-20T10:36:22.867+0000] {processor.py:179} INFO - Processing /opt/airflow/dags/dag_suivi.py took 0.113 seconds
[2026-07-20T10:36:53.064+0000] {processor.py:157} INFO - Started process (PID=4033) to work on /opt/airflow/dags/dag_suivi.py
[2026-07-20T10:36:53.065+0000] {processor.py:829} INFO - Processing file /opt/airflow/dags/dag_suivi.py for tasks to queue
[2026-07-20T10:36:53.067+0000] {logging_mixin.py:151} INFO - [2026-07-20T10:36:53.066+0000] {dagbag.py:536} INFO - Filling up the DagBag from /opt/airflow/dags/dag_suivi.py
[2026-07-20T10:36:53.087+0000] {processor.py:839} INFO - DAG(s) dict_keys(['pipeline_ingestion_suivi']) retrieved from /opt/airflow/dags/dag_suivi.py
[2026-07-20T10:36:53.110+0000] {logging_mixin.py:151} INFO - [2026-07-20T10:36:53.110+0000] {dag.py:2941} INFO - Sync 1 DAGs
[2026-07-20T10:36:53.130+0000] {logging_mixin.py:151} INFO - [2026-07-20T10:36:53.130+0000] {dag.py:3722} INFO - Setting next_dagrun for pipeline_ingestion_suivi to 2026-07-20T10:00:00+00:00, run_after=2026-07-20T11:00:00+00:00
[2026-07-20T10:36:53.158+0000] {processor.py:179} INFO - Processing /opt/airflow/dags/dag_suivi.py took 0.096 seconds
[2026-07-20T10:37:23.322+0000] {processor.py:157} INFO - Started process (PID=4038) to work on /opt/airflow/dags/dag_suivi.py
[2026-07-20T10:37:23.324+0000] {processor.py:829} INFO - Processing file /opt/airflow/dags/dag_suivi.py for tasks to queue
[2026-07-20T10:37:23.327+0000] {logging_mixin.py:151} INFO - [2026-07-20T10:37:23.326+0000] {dagbag.py:536} INFO - Filling up the DagBag from /opt/airflow/dags/dag_suivi.py
[2026-07-20T10:37:23.357+0000] {processor.py:839} INFO - DAG(s) dict_keys(['pipeline_ingestion_suivi']) retrieved from /opt/airflow/dags/dag_suivi.py
[2026-07-20T10:37:23.387+0000] {logging_mixin.py:151} INFO - [2026-07-20T10:37:23.386+0000] {dag.py:2941} INFO - Sync 1 DAGs
[2026-07-20T10:37:23.408+0000] {logging_mixin.py:151} INFO - [2026-07-20T10:37:23.408+0000] {dag.py:3722} INFO - Setting next_dagrun for pipeline_ingestion_suivi to 2026-07-20T10:00:00+00:00, run_after=2026-07-20T11:00:00+00:00
[2026-07-20T10:37:23.430+0000] {processor.py:179} INFO - Processing /opt/airflow/dags/dag_suivi.py took 0.113 seconds
[2026-07-20T10:37:53.560+0000] {processor.py:157} INFO - Started process (PID=4043) to work on /opt/airflow/dags/dag_suivi.py
[2026-07-20T10:37:53.562+0000] {processor.py:829} INFO - Processing file /opt/airflow/dags/dag_suivi.py for tasks to queue
[2026-07-20T10:37:53.562+0000] {logging_mixin.py:151} INFO - [2026-07-20T10:37:53.562+0000] {dagbag.py:536} INFO - Filling up the DagBag from /opt/airflow/dags/dag_suivi.py
[2026-07-20T10:37:53.581+0000] {processor.py:839} INFO - DAG(s) dict_keys(['pipeline_ingestion_suivi']) retrieved from /opt/airflow/dags/dag_suivi.py
[2026-07-20T10:37:53.607+0000] {logging_mixin.py:151} INFO - [2026-07-20T10:37:53.607+0000] {dag.py:2941} INFO - Sync 1 DAGs
[2026-07-20T10:37:53.628+0000] {logging_mixin.py:151} INFO - [2026-07-20T10:37:53.627+0000] {dag.py:3722} INFO - Setting next_dagrun for pipeline_ingestion_suivi to 2026-07-20T10:00:00+00:00, run_after=2026-07-20T11:00:00+00:00
[2026-07-20T10:37:53.653+0000] {processor.py:179} INFO - Processing /opt/airflow/dags/dag_suivi.py took 0.095 seconds
[2026-07-20T10:38:23.847+0000] {processor.py:157} INFO - Started process (PID=4048) to work on /opt/airflow/dags/dag_suivi.py
[2026-07-20T10:38:23.848+0000] {processor.py:829} INFO - Processing file /opt/airflow/dags/dag_suivi.py for tasks to queue
[2026-07-20T10:38:23.849+0000] {logging_mixin.py:151} INFO - [2026-07-20T10:38:23.848+0000] {dagbag.py:536} INFO - Filling up the DagBag from /opt/airflow/dags/dag_suivi.py
[2026-07-20T10:38:23.875+0000] {processor.py:839} INFO - DAG(s) dict_keys(['pipeline_ingestion_suivi']) retrieved from /opt/airflow/dags/dag_suivi.py
[2026-07-20T10:38:23.898+0000] {logging_mixin.py:151} INFO - [2026-07-20T10:38:23.898+0000] {dag.py:2941} INFO - Sync 1 DAGs
[2026-07-20T10:38:23.915+0000] {logging_mixin.py:151} INFO - [2026-07-20T10:38:23.915+0000] {dag.py:3722} INFO - Setting next_dagrun for pipeline_ingestion_suivi to 2026-07-20T10:00:00+00:00, run_after=2026-07-20T11:00:00+00:00
[2026-07-20T10:38:23.933+0000] {processor.py:179} INFO - Processing /opt/airflow/dags/dag_suivi.py took 0.088 seconds
[2026-07-20T10:38:54.083+0000] {processor.py:157} INFO - Started process (PID=4053) to work on /opt/airflow/dags/dag_suivi.py
[2026-07-20T10:38:54.084+0000] {processor.py:829} INFO - Processing file /opt/airflow/dags/dag_suivi.py for tasks to queue
[2026-07-20T10:38:54.085+0000] {logging_mixin.py:151} INFO - [2026-07-20T10:38:54.085+0000] {dagbag.py:536} INFO - Filling up the DagBag from /opt/airflow/dags/dag_suivi.py
[2026-07-20T10:38:54.104+0000] {processor.py:839} INFO - DAG(s) dict_keys(['pipeline_ingestion_suivi']) retrieved from /opt/airflow/dags/dag_suivi.py
[2026-07-20T10:38:54.132+0000] {logging_mixin.py:151} INFO - [2026-07-20T10:38:54.132+0000] {dag.py:2941} INFO - Sync 1 DAGs
[2026-07-20T10:38:54.152+0000] {logging_mixin.py:151} INFO - [2026-07-20T10:38:54.152+0000] {dag.py:3722} INFO - Setting next_dagrun for pipeline_ingestion_suivi to 2026-07-20T10:00:00+00:00, run_after=2026-07-20T11:00:00+00:00
[2026-07-20T10:38:54.181+0000] {processor.py:179} INFO - Processing /opt/airflow/dags/dag_suivi.py took 0.101 seconds
[2026-07-20T10:39:24.383+0000] {processor.py:157} INFO - Started process (PID=4058) to work on /opt/airflow/dags/dag_suivi.py
[2026-07-20T10:39:24.384+0000] {processor.py:829} INFO - Processing file /opt/airflow/dags/dag_suivi.py for tasks to queue
[2026-07-20T10:39:24.386+0000] {logging_mixin.py:151} INFO - [2026-07-20T10:39:24.385+0000] {dagbag.py:536} INFO - Filling up the DagBag from /opt/airflow/dags/dag_suivi.py
[2026-07-20T10:39:24.419+0000] {processor.py:839} INFO - DAG(s) dict_keys(['pipeline_ingestion_suivi']) retrieved from /opt/airflow/dags/dag_suivi.py
[2026-07-20T10:39:24.444+0000] {logging_mixin.py:151} INFO - [2026-07-20T10:39:24.444+0000] {dag.py:2941} INFO - Sync 1 DAGs
[2026-07-20T10:39:24.473+0000] {logging_mixin.py:151} INFO - [2026-07-20T10:39:24.473+0000] {dag.py:3722} INFO - Setting next_dagrun for pipeline_ingestion_suivi to 2026-07-20T10:00:00+00:00, run_after=2026-07-20T11:00:00+00:00
[2026-07-20T10:39:24.507+0000] {processor.py:179} INFO - Processing /opt/airflow/dags/dag_suivi.py took 0.127 seconds
[2026-07-20T10:39:54.590+0000] {processor.py:157} INFO - Started process (PID=4063) to work on /opt/airflow/dags/dag_suivi.py
[2026-07-20T10:39:54.591+0000] {processor.py:829} INFO - Processing file /opt/airflow/dags/dag_suivi.py for tasks to queue
[2026-07-20T10:39:54.592+0000] {logging_mixin.py:151} INFO - [2026-07-20T10:39:54.592+0000] {dagbag.py:536} INFO - Filling up the DagBag from /opt/airflow/dags/dag_suivi.py
[2026-07-20T10:39:54.616+0000] {processor.py:839} INFO - DAG(s) dict_keys(['pipeline_ingestion_suivi']) retrieved from /opt/airflow/dags/dag_suivi.py
[2026-07-20T10:39:54.640+0000] {logging_mixin.py:151} INFO - [2026-07-20T10:39:54.640+0000] {dag.py:2941} INFO - Sync 1 DAGs
[2026-07-20T10:39:54.662+0000] {logging_mixin.py:151} INFO - [2026-07-20T10:39:54.661+0000] {dag.py:3722} INFO - Setting next_dagrun for pipeline_ingestion_suivi to 2026-07-20T10:00:00+00:00, run_after=2026-07-20T11:00:00+00:00
[2026-07-20T10:39:54.682+0000] {processor.py:179} INFO - Processing /opt/airflow/dags/dag_suivi.py took 0.095 seconds
[2026-07-20T10:40:24.820+0000] {processor.py:157} INFO - Started process (PID=4068) to work on /opt/airflow/dags/dag_suivi.py
[2026-07-20T10:40:24.821+0000] {processor.py:829} INFO - Processing file /opt/airflow/dags/dag_suivi.py for tasks to queue
[2026-07-20T10:40:24.822+0000] {logging_mixin.py:151} INFO - [2026-07-20T10:40:24.821+0000] {dagbag.py:536} INFO - Filling up the DagBag from /opt/airflow/dags/dag_suivi.py
[2026-07-20T10:40:24.843+0000] {processor.py:839} INFO - DAG(s) dict_keys(['pipeline_ingestion_suivi']) retrieved from /opt/airflow/dags/dag_suivi.py
[2026-07-20T10:40:24.865+0000] {logging_mixin.py:151} INFO - [2026-07-20T10:40:24.865+0000] {dag.py:2941} INFO - Sync 1 DAGs
[2026-07-20T10:40:24.885+0000] {logging_mixin.py:151} INFO - [2026-07-20T10:40:24.885+0000] {dag.py:3722} INFO - Setting next_dagrun for pipeline_ingestion_suivi to 2026-07-20T10:00:00+00:00, run_after=2026-07-20T11:00:00+00:00
[2026-07-20T10:40:24.903+0000] {processor.py:179} INFO - Processing /opt/airflow/dags/dag_suivi.py took 0.087 seconds
[2026-07-20T10:40:55.122+0000] {processor.py:157} INFO - Started process (PID=4073) to work on /opt/airflow/dags/dag_suivi.py
[2026-07-20T10:40:55.123+0000] {processor.py:829} INFO - Processing file /opt/airflow/dags/dag_suivi.py for tasks to queue
[2026-07-20T10:40:55.124+0000] {logging_mixin.py:151} INFO - [2026-07-20T10:40:55.124+0000] {dagbag.py:536} INFO - Filling up the DagBag from /opt/airflow/dags/dag_suivi.py
[2026-07-20T10:40:55.146+0000] {processor.py:839} INFO - DAG(s) dict_keys(['pipeline_ingestion_suivi']) retrieved from /opt/airflow/dags/dag_suivi.py
[2026-07-20T10:40:55.167+0000] {logging_mixin.py:151} INFO - [2026-07-20T10:40:55.167+0000] {dag.py:2941} INFO - Sync 1 DAGs
[2026-07-20T10:40:55.186+0000] {logging_mixin.py:151} INFO - [2026-07-20T10:40:55.186+0000] {dag.py:3722} INFO - Setting next_dagrun for pipeline_ingestion_suivi to 2026-07-20T10:00:00+00:00, run_after=2026-07-20T11:00:00+00:00
[2026-07-20T10:40:55.213+0000] {processor.py:179} INFO - Processing /opt/airflow/dags/dag_suivi.py took 0.093 seconds
[2026-07-20T10:41:25.322+0000] {processor.py:157} INFO - Started process (PID=4078) to work on /opt/airflow/dags/dag_suivi.py
[2026-07-20T10:41:25.323+0000] {processor.py:829} INFO - Processing file /opt/airflow/dags/dag_suivi.py for tasks to queue
[2026-07-20T10:41:25.323+0000] {logging_mixin.py:151} INFO - [2026-07-20T10:41:25.323+0000] {dagbag.py:536} INFO - Filling up the DagBag from /opt/airflow/dags/dag_suivi.py
[2026-07-20T10:41:25.345+0000] {processor.py:839} INFO - DAG(s) dict_keys(['pipeline_ingestion_suivi']) retrieved from /opt/airflow/dags/dag_suivi.py
[2026-07-20T10:41:25.375+0000] {logging_mixin.py:151} INFO - [2026-07-20T10:41:25.375+0000] {dag.py:2941} INFO - Sync 1 DAGs
[2026-07-20T10:41:25.396+0000] {logging_mixin.py:151} INFO - [2026-07-20T10:41:25.396+0000] {dag.py:3722} INFO - Setting next_dagrun for pipeline_ingestion_suivi to 2026-07-20T10:00:00+00:00, run_after=2026-07-20T11:00:00+00:00
[2026-07-20T10:41:25.413+0000] {processor.py:179} INFO - Processing /opt/airflow/dags/dag_suivi.py took 0.094 seconds
[2026-07-20T10:41:55.645+0000] {processor.py:157} INFO - Started process (PID=4083) to work on /opt/airflow/dags/dag_suivi.py
[2026-07-20T10:41:55.645+0000] {processor.py:829} INFO - Processing file /opt/airflow/dags/dag_suivi.py for tasks to queue
[2026-07-20T10:41:55.646+0000] {logging_mixin.py:151} INFO - [2026-07-20T10:41:55.646+0000] {dagbag.py:536} INFO - Filling up the DagBag from /opt/airflow/dags/dag_suivi.py
[2026-07-20T10:41:55.664+0000] {processor.py:839} INFO - DAG(s) dict_keys(['pipeline_ingestion_suivi']) retrieved from /opt/airflow/dags/dag_suivi.py
[2026-07-20T10:41:55.688+0000] {logging_mixin.py:151} INFO - [2026-07-20T10:41:55.688+0000] {dag.py:2941} INFO - Sync 1 DAGs
[2026-07-20T10:41:55.706+0000] {logging_mixin.py:151} INFO - [2026-07-20T10:41:55.706+0000] {dag.py:3722} INFO - Setting next_dagrun for pipeline_ingestion_suivi to 2026-07-20T10:00:00+00:00, run_after=2026-07-20T11:00:00+00:00
[2026-07-20T10:41:55.735+0000] {processor.py:179} INFO - Processing /opt/airflow/dags/dag_suivi.py took 0.093 seconds
[2026-07-20T10:42:25.860+0000] {processor.py:157} INFO - Started process (PID=4088) to work on /opt/airflow/dags/dag_suivi.py
[2026-07-20T10:42:25.861+0000] {processor.py:829} INFO - Processing file /opt/airflow/dags/dag_suivi.py for tasks to queue
[2026-07-20T10:42:25.862+0000] {logging_mixin.py:151} INFO - [2026-07-20T10:42:25.862+0000] {dagbag.py:536} INFO - Filling up the DagBag from /opt/airflow/dags/dag_suivi.py
[2026-07-20T10:42:25.880+0000] {processor.py:839} INFO - DAG(s) dict_keys(['pipeline_ingestion_suivi']) retrieved from /opt/airflow/dags/dag_suivi.py
[2026-07-20T10:42:25.906+0000] {logging_mixin.py:151} INFO - [2026-07-20T10:42:25.906+0000] {dag.py:2941} INFO - Sync 1 DAGs
[2026-07-20T10:42:25.930+0000] {logging_mixin.py:151} INFO - [2026-07-20T10:42:25.930+0000] {dag.py:3722} INFO - Setting next_dagrun for pipeline_ingestion_suivi to 2026-07-20T10:00:00+00:00, run_after=2026-07-20T11:00:00+00:00
[2026-07-20T10:42:25.961+0000] {processor.py:179} INFO - Processing /opt/airflow/dags/dag_suivi.py took 0.104 seconds
[2026-07-20T10:42:56.184+0000] {processor.py:157} INFO - Started process (PID=4093) to work on /opt/airflow/dags/dag_suivi.py
[2026-07-20T10:42:56.185+0000] {processor.py:829} INFO - Processing file /opt/airflow/dags/dag_suivi.py for tasks to queue
[2026-07-20T10:42:56.185+0000] {logging_mixin.py:151} INFO - [2026-07-20T10:42:56.185+0000] {dagbag.py:536} INFO - Filling up the DagBag from /opt/airflow/dags/dag_suivi.py
[2026-07-20T10:42:56.211+0000] {processor.py:839} INFO - DAG(s) dict_keys(['pipeline_ingestion_suivi']) retrieved from /opt/airflow/dags/dag_suivi.py
[2026-07-20T10:42:56.246+0000] {logging_mixin.py:151} INFO - [2026-07-20T10:42:56.246+0000] {dag.py:2941} INFO - Sync 1 DAGs
[2026-07-20T10:42:56.270+0000] {logging_mixin.py:151} INFO - [2026-07-20T10:42:56.270+0000] {dag.py:3722} INFO - Setting next_dagrun for pipeline_ingestion_suivi to 2026-07-20T10:00:00+00:00, run_after=2026-07-20T11:00:00+00:00
[2026-07-20T10:42:56.300+0000] {processor.py:179} INFO - Processing /opt/airflow/dags/dag_suivi.py took 0.119 seconds
[2026-07-20T10:43:26.409+0000] {processor.py:157} INFO - Started process (PID=4098) to work on /opt/airflow/dags/dag_suivi.py
[2026-07-20T10:43:26.410+0000] {processor.py:829} INFO - Processing file /opt/airflow/dags/dag_suivi.py for tasks to queue
[2026-07-20T10:43:26.411+0000] {logging_mixin.py:151} INFO - [2026-07-20T10:43:26.411+0000] {dagbag.py:536} INFO - Filling up the DagBag from /opt/airflow/dags/dag_suivi.py
[2026-07-20T10:43:26.436+0000] {processor.py:839} INFO - DAG(s) dict_keys(['pipeline_ingestion_suivi']) retrieved from /opt/airflow/dags/dag_suivi.py
[2026-07-20T10:43:26.458+0000] {logging_mixin.py:151} INFO - [2026-07-20T10:43:26.458+0000] {dag.py:2941} INFO - Sync 1 DAGs
[2026-07-20T10:43:26.476+0000] {logging_mixin.py:151} INFO - [2026-07-20T10:43:26.476+0000] {dag.py:3722} INFO - Setting next_dagrun for pipeline_ingestion_suivi to 2026-07-20T10:00:00+00:00, run_after=2026-07-20T11:00:00+00:00
[2026-07-20T10:43:26.502+0000] {processor.py:179} INFO - Processing /opt/airflow/dags/dag_suivi.py took 0.097 seconds
[2026-07-20T10:43:56.718+0000] {processor.py:157} INFO - Started process (PID=4103) to work on /opt/airflow/dags/dag_suivi.py
[2026-07-20T10:43:56.719+0000] {processor.py:829} INFO - Processing file /opt/airflow/dags/dag_suivi.py for tasks to queue
[2026-07-20T10:43:56.720+0000] {logging_mixin.py:151} INFO - [2026-07-20T10:43:56.719+0000] {dagbag.py:536} INFO - Filling up the DagBag from /opt/airflow/dags/dag_suivi.py
[2026-07-20T10:43:56.742+0000] {processor.py:839} INFO - DAG(s) dict_keys(['pipeline_ingestion_suivi']) retrieved from /opt/airflow/dags/dag_suivi.py
[2026-07-20T10:43:56.779+0000] {logging_mixin.py:151} INFO - [2026-07-20T10:43:56.779+0000] {dag.py:2941} INFO - Sync 1 DAGs
[2026-07-20T10:43:56.798+0000] {logging_mixin.py:151} INFO - [2026-07-20T10:43:56.798+0000] {dag.py:3722} INFO - Setting next_dagrun for pipeline_ingestion_suivi to 2026-07-20T10:00:00+00:00, run_after=2026-07-20T11:00:00+00:00
[2026-07-20T10:43:56.815+0000] {processor.py:179} INFO - Processing /opt/airflow/dags/dag_suivi.py took 0.099 seconds
[2026-07-20T10:44:26.960+0000] {processor.py:157} INFO - Started process (PID=4108) to work on /opt/airflow/dags/dag_suivi.py
[2026-07-20T10:44:26.961+0000] {processor.py:829} INFO - Processing file /opt/airflow/dags/dag_suivi.py for tasks to queue
[2026-07-20T10:44:26.962+0000] {logging_mixin.py:151} INFO - [2026-07-20T10:44:26.961+0000] {dagbag.py:536} INFO - Filling up the DagBag from /opt/airflow/dags/dag_suivi.py
[2026-07-20T10:44:26.984+0000] {processor.py:839} INFO - DAG(s) dict_keys(['pipeline_ingestion_suivi']) retrieved from /opt/airflow/dags/dag_suivi.py
[2026-07-20T10:44:27.006+0000] {logging_mixin.py:151} INFO - [2026-07-20T10:44:27.006+0000] {dag.py:2941} INFO - Sync 1 DAGs
[2026-07-20T10:44:27.024+0000] {logging_mixin.py:151} INFO - [2026-07-20T10:44:27.024+0000] {dag.py:3722} INFO - Setting next_dagrun for pipeline_ingestion_suivi to 2026-07-20T10:00:00+00:00, run_after=2026-07-20T11:00:00+00:00
[2026-07-20T10:44:27.050+0000] {processor.py:179} INFO - Processing /opt/airflow/dags/dag_suivi.py took 0.093 seconds
[2026-07-20T10:44:57.232+0000] {processor.py:157} INFO - Started process (PID=4113) to work on /opt/airflow/dags/dag_suivi.py
[2026-07-20T10:44:57.233+0000] {processor.py:829} INFO - Processing file /opt/airflow/dags/dag_suivi.py for tasks to queue
[2026-07-20T10:44:57.233+0000] {logging_mixin.py:151} INFO - [2026-07-20T10:44:57.233+0000] {dagbag.py:536} INFO - Filling up the DagBag from /opt/airflow/dags/dag_suivi.py
[2026-07-20T10:44:57.254+0000] {processor.py:839} INFO - DAG(s) dict_keys(['pipeline_ingestion_suivi']) retrieved from /opt/airflow/dags/dag_suivi.py
[2026-07-20T10:44:57.278+0000] {logging_mixin.py:151} INFO - [2026-07-20T10:44:57.277+0000] {dag.py:2941} INFO - Sync 1 DAGs
[2026-07-20T10:44:57.297+0000] {logging_mixin.py:151} INFO - [2026-07-20T10:44:57.297+0000] {dag.py:3722} INFO - Setting next_dagrun for pipeline_ingestion_suivi to 2026-07-20T10:00:00+00:00, run_after=2026-07-20T11:00:00+00:00
[2026-07-20T10:44:57.315+0000] {processor.py:179} INFO - Processing /opt/airflow/dags/dag_suivi.py took 0.086 seconds
[2026-07-20T10:45:27.479+0000] {processor.py:157} INFO - Started process (PID=4118) to work on /opt/airflow/dags/dag_suivi.py
[2026-07-20T10:45:27.480+0000] {processor.py:829} INFO - Processing file /opt/airflow/dags/dag_suivi.py for tasks to queue
[2026-07-20T10:45:27.481+0000] {logging_mixin.py:151} INFO - [2026-07-20T10:45:27.481+0000] {dagbag.py:536} INFO - Filling up the DagBag from /opt/airflow/dags/dag_suivi.py
[2026-07-20T10:45:27.502+0000] {processor.py:839} INFO - DAG(s) dict_keys(['pipeline_ingestion_suivi']) retrieved from /opt/airflow/dags/dag_suivi.py
[2026-07-20T10:45:27.523+0000] {logging_mixin.py:151} INFO - [2026-07-20T10:45:27.523+0000] {dag.py:2941} INFO - Sync 1 DAGs
[2026-07-20T10:45:27.542+0000] {logging_mixin.py:151} INFO - [2026-07-20T10:45:27.541+0000] {dag.py:3722} INFO - Setting next_dagrun for pipeline_ingestion_suivi to 2026-07-20T10:00:00+00:00, run_after=2026-07-20T11:00:00+00:00
[2026-07-20T10:45:27.559+0000] {processor.py:179} INFO - Processing /opt/airflow/dags/dag_suivi.py took 0.082 seconds
[2026-07-20T10:45:57.703+0000] {processor.py:157} INFO - Started process (PID=4123) to work on /opt/airflow/dags/dag_suivi.py
[2026-07-20T10:45:57.704+0000] {processor.py:829} INFO - Processing file /opt/airflow/dags/dag_suivi.py for tasks to queue
[2026-07-20T10:45:57.705+0000] {logging_mixin.py:151} INFO - [2026-07-20T10:45:57.705+0000] {dagbag.py:536} INFO - Filling up the DagBag from /opt/airflow/dags/dag_suivi.py
[2026-07-20T10:45:57.732+0000] {processor.py:839} INFO - DAG(s) dict_keys(['pipeline_ingestion_suivi']) retrieved from /opt/airflow/dags/dag_suivi.py
[2026-07-20T10:45:57.762+0000] {logging_mixin.py:151} INFO - [2026-07-20T10:45:57.762+0000] {dag.py:2941} INFO - Sync 1 DAGs
[2026-07-20T10:45:57.784+0000] {logging_mixin.py:151} INFO - [2026-07-20T10:45:57.784+0000] {dag.py:3722} INFO - Setting next_dagrun for pipeline_ingestion_suivi to 2026-07-20T10:00:00+00:00, run_after=2026-07-20T11:00:00+00:00
[2026-07-20T10:45:57.813+0000] {processor.py:179} INFO - Processing /opt/airflow/dags/dag_suivi.py took 0.114 seconds
[2026-07-20T10:46:27.960+0000] {processor.py:157} INFO - Started process (PID=4128) to work on /opt/airflow/dags/dag_suivi.py
[2026-07-20T10:46:27.961+0000] {processor.py:829} INFO - Processing file /opt/airflow/dags/dag_suivi.py for tasks to queue
[2026-07-20T10:46:27.962+0000] {logging_mixin.py:151} INFO - [2026-07-20T10:46:27.961+0000] {dagbag.py:536} INFO - Filling up the DagBag from /opt/airflow/dags/dag_suivi.py
[2026-07-20T10:46:27.987+0000] {processor.py:839} INFO - DAG(s) dict_keys(['pipeline_ingestion_suivi']) retrieved from /opt/airflow/dags/dag_suivi.py
[2026-07-20T10:46:28.014+0000] {logging_mixin.py:151} INFO - [2026-07-20T10:46:28.014+0000] {dag.py:2941} INFO - Sync 1 DAGs
[2026-07-20T10:46:28.033+0000] {logging_mixin.py:151} INFO - [2026-07-20T10:46:28.033+0000] {dag.py:3722} INFO - Setting next_dagrun for pipeline_ingestion_suivi to 2026-07-20T10:00:00+00:00, run_after=2026-07-20T11:00:00+00:00
[2026-07-20T10:46:28.056+0000] {processor.py:179} INFO - Processing /opt/airflow/dags/dag_suivi.py took 0.099 seconds
[2026-07-20T10:46:58.260+0000] {processor.py:157} INFO - Started process (PID=4133) to work on /opt/airflow/dags/dag_suivi.py
[2026-07-20T10:46:58.260+0000] {processor.py:829} INFO - Processing file /opt/airflow/dags/dag_suivi.py for tasks to queue
[2026-07-20T10:46:58.261+0000] {logging_mixin.py:151} INFO - [2026-07-20T10:46:58.261+0000] {dagbag.py:536} INFO - Filling up the DagBag from /opt/airflow/dags/dag_suivi.py
[2026-07-20T10:46:58.289+0000] {processor.py:839} INFO - DAG(s) dict_keys(['pipeline_ingestion_suivi']) retrieved from /opt/airflow/dags/dag_suivi.py
[2026-07-20T10:46:58.318+0000] {logging_mixin.py:151} INFO - [2026-07-20T10:46:58.318+0000] {dag.py:2941} INFO - Sync 1 DAGs
[2026-07-20T10:46:58.340+0000] {logging_mixin.py:151} INFO - [2026-07-20T10:46:58.340+0000] {dag.py:3722} INFO - Setting next_dagrun for pipeline_ingestion_suivi to 2026-07-20T10:00:00+00:00, run_after=2026-07-20T11:00:00+00:00
[2026-07-20T10:46:58.357+0000] {processor.py:179} INFO - Processing /opt/airflow/dags/dag_suivi.py took 0.101 seconds
[2026-07-20T10:47:28.492+0000] {processor.py:157} INFO - Started process (PID=4138) to work on /opt/airflow/dags/dag_suivi.py
[2026-07-20T10:47:28.493+0000] {processor.py:829} INFO - Processing file /opt/airflow/dags/dag_suivi.py for tasks to queue
[2026-07-20T10:47:28.494+0000] {logging_mixin.py:151} INFO - [2026-07-20T10:47:28.494+0000] {dagbag.py:536} INFO - Filling up the DagBag from /opt/airflow/dags/dag_suivi.py
[2026-07-20T10:47:28.520+0000] {processor.py:839} INFO - DAG(s) dict_keys(['pipeline_ingestion_suivi']) retrieved from /opt/airflow/dags/dag_suivi.py
[2026-07-20T10:47:28.548+0000] {logging_mixin.py:151} INFO - [2026-07-20T10:47:28.548+0000] {dag.py:2941} INFO - Sync 1 DAGs
[2026-07-20T10:47:28.569+0000] {logging_mixin.py:151} INFO - [2026-07-20T10:47:28.568+0000] {dag.py:3722} INFO - Setting next_dagrun for pipeline_ingestion_suivi to 2026-07-20T10:00:00+00:00, run_after=2026-07-20T11:00:00+00:00
[2026-07-20T10:47:28.589+0000] {processor.py:179} INFO - Processing /opt/airflow/dags/dag_suivi.py took 0.102 seconds
[2026-07-20T10:47:58.732+0000] {processor.py:157} INFO - Started process (PID=4143) to work on /opt/airflow/dags/dag_suivi.py
[2026-07-20T10:47:58.733+0000] {processor.py:829} INFO - Processing file /opt/airflow/dags/dag_suivi.py for tasks to queue
[2026-07-20T10:47:58.734+0000] {logging_mixin.py:151} INFO - [2026-07-20T10:47:58.734+0000] {dagbag.py:536} INFO - Filling up the DagBag from /opt/airflow/dags/dag_suivi.py
[2026-07-20T10:47:58.761+0000] {processor.py:839} INFO - DAG(s) dict_keys(['pipeline_ingestion_suivi']) retrieved from /opt/airflow/dags/dag_suivi.py
[2026-07-20T10:47:58.786+0000] {logging_mixin.py:151} INFO - [2026-07-20T10:47:58.786+0000] {dag.py:2941} INFO - Sync 1 DAGs
[2026-07-20T10:47:58.808+0000] {logging_mixin.py:151} INFO - [2026-07-20T10:47:58.808+0000] {dag.py:3722} INFO - Setting next_dagrun for pipeline_ingestion_suivi to 2026-07-20T10:00:00+00:00, run_after=2026-07-20T11:00:00+00:00
[2026-07-20T10:47:58.828+0000] {processor.py:179} INFO - Processing /opt/airflow/dags/dag_suivi.py took 0.098 seconds
[2026-07-20T10:48:28.970+0000] {processor.py:157} INFO - Started process (PID=4148) to work on /opt/airflow/dags/dag_suivi.py
[2026-07-20T10:48:28.971+0000] {processor.py:829} INFO - Processing file /opt/airflow/dags/dag_suivi.py for tasks to queue
[2026-07-20T10:48:28.972+0000] {logging_mixin.py:151} INFO - [2026-07-20T10:48:28.972+0000] {dagbag.py:536} INFO - Filling up the DagBag from /opt/airflow/dags/dag_suivi.py
[2026-07-20T10:48:28.997+0000] {processor.py:839} INFO - DAG(s) dict_keys(['pipeline_ingestion_suivi']) retrieved from /opt/airflow/dags/dag_suivi.py
[2026-07-20T10:48:29.026+0000] {logging_mixin.py:151} INFO - [2026-07-20T10:48:29.025+0000] {dag.py:2941} INFO - Sync 1 DAGs
[2026-07-20T10:48:29.047+0000] {logging_mixin.py:151} INFO - [2026-07-20T10:48:29.047+0000] {dag.py:3722} INFO - Setting next_dagrun for pipeline_ingestion_suivi to 2026-07-20T10:00:00+00:00, run_after=2026-07-20T11:00:00+00:00
[2026-07-20T10:48:29.074+0000] {processor.py:179} INFO - Processing /opt/airflow/dags/dag_suivi.py took 0.108 seconds
[2026-07-20T10:48:59.232+0000] {processor.py:157} INFO - Started process (PID=4153) to work on /opt/airflow/dags/dag_suivi.py
[2026-07-20T10:48:59.233+0000] {processor.py:829} INFO - Processing file /opt/airflow/dags/dag_suivi.py for tasks to queue
[2026-07-20T10:48:59.234+0000] {logging_mixin.py:151} INFO - [2026-07-20T10:48:59.234+0000] {dagbag.py:536} INFO - Filling up the DagBag from /opt/airflow/dags/dag_suivi.py
[2026-07-20T10:48:59.256+0000] {processor.py:839} INFO - DAG(s) dict_keys(['pipeline_ingestion_suivi']) retrieved from /opt/airflow/dags/dag_suivi.py
[2026-07-20T10:48:59.280+0000] {logging_mixin.py:151} INFO - [2026-07-20T10:48:59.280+0000] {dag.py:2941} INFO - Sync 1 DAGs
[2026-07-20T10:48:59.299+0000] {logging_mixin.py:151} INFO - [2026-07-20T10:48:59.299+0000] {dag.py:3722} INFO - Setting next_dagrun for pipeline_ingestion_suivi to 2026-07-20T10:00:00+00:00, run_after=2026-07-20T11:00:00+00:00
[2026-07-20T10:48:59.325+0000] {processor.py:179} INFO - Processing /opt/airflow/dags/dag_suivi.py took 0.097 seconds
[2026-07-20T10:49:29.487+0000] {processor.py:157} INFO - Started process (PID=4158) to work on /opt/airflow/dags/dag_suivi.py
[2026-07-20T10:49:29.488+0000] {processor.py:829} INFO - Processing file /opt/airflow/dags/dag_suivi.py for tasks to queue
[2026-07-20T10:49:29.489+0000] {logging_mixin.py:151} INFO - [2026-07-20T10:49:29.489+0000] {dagbag.py:536} INFO - Filling up the DagBag from /opt/airflow/dags/dag_suivi.py
[2026-07-20T10:49:29.509+0000] {processor.py:839} INFO - DAG(s) dict_keys(['pipeline_ingestion_suivi']) retrieved from /opt/airflow/dags/dag_suivi.py
[2026-07-20T10:49:29.534+0000] {logging_mixin.py:151} INFO - [2026-07-20T10:49:29.534+0000] {dag.py:2941} INFO - Sync 1 DAGs
[2026-07-20T10:49:29.552+0000] {logging_mixin.py:151} INFO - [2026-07-20T10:49:29.552+0000] {dag.py:3722} INFO - Setting next_dagrun for pipeline_ingestion_suivi to 2026-07-20T10:00:00+00:00, run_after=2026-07-20T11:00:00+00:00
[2026-07-20T10:49:29.580+0000] {processor.py:179} INFO - Processing /opt/airflow/dags/dag_suivi.py took 0.095 seconds
[2026-07-20T10:49:59.759+0000] {processor.py:157} INFO - Started process (PID=4163) to work on /opt/airflow/dags/dag_suivi.py
[2026-07-20T10:49:59.760+0000] {processor.py:829} INFO - Processing file /opt/airflow/dags/dag_suivi.py for tasks to queue
[2026-07-20T10:49:59.761+0000] {logging_mixin.py:151} INFO - [2026-07-20T10:49:59.761+0000] {dagbag.py:536} INFO - Filling up the DagBag from /opt/airflow/dags/dag_suivi.py
[2026-07-20T10:49:59.792+0000] {processor.py:839} INFO - DAG(s) dict_keys(['pipeline_ingestion_suivi']) retrieved from /opt/airflow/dags/dag_suivi.py
[2026-07-20T10:49:59.826+0000] {logging_mixin.py:151} INFO - [2026-07-20T10:49:59.826+0000] {dag.py:2941} INFO - Sync 1 DAGs
[2026-07-20T10:49:59.856+0000] {logging_mixin.py:151} INFO - [2026-07-20T10:49:59.856+0000] {dag.py:3722} INFO - Setting next_dagrun for pipeline_ingestion_suivi to 2026-07-20T10:00:00+00:00, run_after=2026-07-20T11:00:00+00:00
[2026-07-20T10:49:59.880+0000] {processor.py:179} INFO - Processing /opt/airflow/dags/dag_suivi.py took 0.125 seconds
[2026-07-20T10:50:29.996+0000] {processor.py:157} INFO - Started process (PID=4168) to work on /opt/airflow/dags/dag_suivi.py
[2026-07-20T10:50:29.997+0000] {processor.py:829} INFO - Processing file /opt/airflow/dags/dag_suivi.py for tasks to queue
[2026-07-20T10:50:29.998+0000] {logging_mixin.py:151} INFO - [2026-07-20T10:50:29.998+0000] {dagbag.py:536} INFO - Filling up the DagBag from /opt/airflow/dags/dag_suivi.py
[2026-07-20T10:50:30.022+0000] {processor.py:839} INFO - DAG(s) dict_keys(['pipeline_ingestion_suivi']) retrieved from /opt/airflow/dags/dag_suivi.py
[2026-07-20T10:50:30.047+0000] {logging_mixin.py:151} INFO - [2026-07-20T10:50:30.047+0000] {dag.py:2941} INFO - Sync 1 DAGs
[2026-07-20T10:50:30.066+0000] {logging_mixin.py:151} INFO - [2026-07-20T10:50:30.066+0000] {dag.py:3722} INFO - Setting next_dagrun for pipeline_ingestion_suivi to 2026-07-20T10:00:00+00:00, run_after=2026-07-20T11:00:00+00:00
[2026-07-20T10:50:30.091+0000] {processor.py:179} INFO - Processing /opt/airflow/dags/dag_suivi.py took 0.099 seconds
[2026-07-20T10:51:00.304+0000] {processor.py:157} INFO - Started process (PID=4173) to work on /opt/airflow/dags/dag_suivi.py
[2026-07-20T10:51:00.305+0000] {processor.py:829} INFO - Processing file /opt/airflow/dags/dag_suivi.py for tasks to queue
[2026-07-20T10:51:00.306+0000] {logging_mixin.py:151} INFO - [2026-07-20T10:51:00.305+0000] {dagbag.py:536} INFO - Filling up the DagBag from /opt/airflow/dags/dag_suivi.py
[2026-07-20T10:51:00.325+0000] {processor.py:839} INFO - DAG(s) dict_keys(['pipeline_ingestion_suivi']) retrieved from /opt/airflow/dags/dag_suivi.py
[2026-07-20T10:51:00.347+0000] {logging_mixin.py:151} INFO - [2026-07-20T10:51:00.347+0000] {dag.py:2941} INFO - Sync 1 DAGs
[2026-07-20T10:51:00.372+0000] {logging_mixin.py:151} INFO - [2026-07-20T10:51:00.372+0000] {dag.py:3722} INFO - Setting next_dagrun for pipeline_ingestion_suivi to 2026-07-20T10:00:00+00:00, run_after=2026-07-20T11:00:00+00:00
[2026-07-20T10:51:00.402+0000] {processor.py:179} INFO - Processing /opt/airflow/dags/dag_suivi.py took 0.100 seconds
[2026-07-20T10:51:30.524+0000] {processor.py:157} INFO - Started process (PID=4178) to work on /opt/airflow/dags/dag_suivi.py
[2026-07-20T10:51:30.525+0000] {processor.py:829} INFO - Processing file /opt/airflow/dags/dag_suivi.py for tasks to queue
[2026-07-20T10:51:30.527+0000] {logging_mixin.py:151} INFO - [2026-07-20T10:51:30.527+0000] {dagbag.py:536} INFO - Filling up the DagBag from /opt/airflow/dags/dag_suivi.py
[2026-07-20T10:51:30.566+0000] {processor.py:839} INFO - DAG(s) dict_keys(['pipeline_ingestion_suivi']) retrieved from /opt/airflow/dags/dag_suivi.py
[2026-07-20T10:51:30.599+0000] {logging_mixin.py:151} INFO - [2026-07-20T10:51:30.599+0000] {dag.py:2941} INFO - Sync 1 DAGs
[2026-07-20T10:51:30.619+0000] {logging_mixin.py:151} INFO - [2026-07-20T10:51:30.618+0000] {dag.py:3722} INFO - Setting next_dagrun for pipeline_ingestion_suivi to 2026-07-20T10:00:00+00:00, run_after=2026-07-20T11:00:00+00:00
[2026-07-20T10:51:30.637+0000] {processor.py:179} INFO - Processing /opt/airflow/dags/dag_suivi.py took 0.117 seconds
[2026-07-20T10:52:00.873+0000] {processor.py:157} INFO - Started process (PID=4183) to work on /opt/airflow/dags/dag_suivi.py
[2026-07-20T10:52:00.875+0000] {processor.py:829} INFO - Processing file /opt/airflow/dags/dag_suivi.py for tasks to queue
[2026-07-20T10:52:00.877+0000] {logging_mixin.py:151} INFO - [2026-07-20T10:52:00.876+0000] {dagbag.py:536} INFO - Filling up the DagBag from /opt/airflow/dags/dag_suivi.py
[2026-07-20T10:52:00.904+0000] {processor.py:839} INFO - DAG(s) dict_keys(['pipeline_ingestion_suivi']) retrieved from /opt/airflow/dags/dag_suivi.py
[2026-07-20T10:52:00.927+0000] {logging_mixin.py:151} INFO - [2026-07-20T10:52:00.927+0000] {dag.py:2941} INFO - Sync 1 DAGs
[2026-07-20T10:52:00.952+0000] {logging_mixin.py:151} INFO - [2026-07-20T10:52:00.952+0000] {dag.py:3722} INFO - Setting next_dagrun for pipeline_ingestion_suivi to 2026-07-20T10:00:00+00:00, run_after=2026-07-20T11:00:00+00:00
[2026-07-20T10:52:00.976+0000] {processor.py:179} INFO - Processing /opt/airflow/dags/dag_suivi.py took 0.107 seconds
[2026-07-20T10:52:31.070+0000] {processor.py:157} INFO - Started process (PID=4188) to work on /opt/airflow/dags/dag_suivi.py
[2026-07-20T10:52:31.071+0000] {processor.py:829} INFO - Processing file /opt/airflow/dags/dag_suivi.py for tasks to queue
[2026-07-20T10:52:31.072+0000] {logging_mixin.py:151} INFO - [2026-07-20T10:52:31.071+0000] {dagbag.py:536} INFO - Filling up the DagBag from /opt/airflow/dags/dag_suivi.py
[2026-07-20T10:52:31.097+0000] {processor.py:839} INFO - DAG(s) dict_keys(['pipeline_ingestion_suivi']) retrieved from /opt/airflow/dags/dag_suivi.py
[2026-07-20T10:52:31.128+0000] {logging_mixin.py:151} INFO - [2026-07-20T10:52:31.127+0000] {dag.py:2941} INFO - Sync 1 DAGs
[2026-07-20T10:52:31.152+0000] {logging_mixin.py:151} INFO - [2026-07-20T10:52:31.152+0000] {dag.py:3722} INFO - Setting next_dagrun for pipeline_ingestion_suivi to 2026-07-20T10:00:00+00:00, run_after=2026-07-20T11:00:00+00:00
[2026-07-20T10:52:31.174+0000] {processor.py:179} INFO - Processing /opt/airflow/dags/dag_suivi.py took 0.107 seconds
[2026-07-20T10:53:01.348+0000] {processor.py:157} INFO - Started process (PID=4193) to work on /opt/airflow/dags/dag_suivi.py
[2026-07-20T10:53:01.349+0000] {processor.py:829} INFO - Processing file /opt/airflow/dags/dag_suivi.py for tasks to queue
[2026-07-20T10:53:01.350+0000] {logging_mixin.py:151} INFO - [2026-07-20T10:53:01.350+0000] {dagbag.py:536} INFO - Filling up the DagBag from /opt/airflow/dags/dag_suivi.py
[2026-07-20T10:53:01.375+0000] {processor.py:839} INFO - DAG(s) dict_keys(['pipeline_ingestion_suivi']) retrieved from /opt/airflow/dags/dag_suivi.py
[2026-07-20T10:53:01.404+0000] {logging_mixin.py:151} INFO - [2026-07-20T10:53:01.403+0000] {dag.py:2941} INFO - Sync 1 DAGs
[2026-07-20T10:53:01.430+0000] {logging_mixin.py:151} INFO - [2026-07-20T10:53:01.430+0000] {dag.py:3722} INFO - Setting next_dagrun for pipeline_ingestion_suivi to 2026-07-20T10:00:00+00:00, run_after=2026-07-20T11:00:00+00:00
[2026-07-20T10:53:01.452+0000] {processor.py:179} INFO - Processing /opt/airflow/dags/dag_suivi.py took 0.107 seconds
[2026-07-20T10:53:31.545+0000] {processor.py:157} INFO - Started process (PID=4198) to work on /opt/airflow/dags/dag_suivi.py
[2026-07-20T10:53:31.546+0000] {processor.py:829} INFO - Processing file /opt/airflow/dags/dag_suivi.py for tasks to queue
[2026-07-20T10:53:31.547+0000] {logging_mixin.py:151} INFO - [2026-07-20T10:53:31.547+0000] {dagbag.py:536} INFO - Filling up the DagBag from /opt/airflow/dags/dag_suivi.py
[2026-07-20T10:53:31.571+0000] {processor.py:839} INFO - DAG(s) dict_keys(['pipeline_ingestion_suivi']) retrieved from /opt/airflow/dags/dag_suivi.py
[2026-07-20T10:53:31.598+0000] {logging_mixin.py:151} INFO - [2026-07-20T10:53:31.598+0000] {dag.py:2941} INFO - Sync 1 DAGs
[2026-07-20T10:53:31.621+0000] {logging_mixin.py:151} INFO - [2026-07-20T10:53:31.621+0000] {dag.py:3722} INFO - Setting next_dagrun for pipeline_ingestion_suivi to 2026-07-20T10:00:00+00:00, run_after=2026-07-20T11:00:00+00:00
[2026-07-20T10:53:31.652+0000] {processor.py:179} INFO - Processing /opt/airflow/dags/dag_suivi.py took 0.110 seconds
[2026-07-20T10:54:01.830+0000] {processor.py:157} INFO - Started process (PID=4203) to work on /opt/airflow/dags/dag_suivi.py
[2026-07-20T10:54:01.831+0000] {processor.py:829} INFO - Processing file /opt/airflow/dags/dag_suivi.py for tasks to queue
[2026-07-20T10:54:01.832+0000] {logging_mixin.py:151} INFO - [2026-07-20T10:54:01.832+0000] {dagbag.py:536} INFO - Filling up the DagBag from /opt/airflow/dags/dag_suivi.py
[2026-07-20T10:54:01.865+0000] {processor.py:839} INFO - DAG(s) dict_keys(['pipeline_ingestion_suivi']) retrieved from /opt/airflow/dags/dag_suivi.py
[2026-07-20T10:54:01.894+0000] {logging_mixin.py:151} INFO - [2026-07-20T10:54:01.894+0000] {dag.py:2941} INFO - Sync 1 DAGs
[2026-07-20T10:54:01.930+0000] {logging_mixin.py:151} INFO - [2026-07-20T10:54:01.929+0000] {dag.py:3722} INFO - Setting next_dagrun for pipeline_ingestion_suivi to 2026-07-20T10:00:00+00:00, run_after=2026-07-20T11:00:00+00:00
[2026-07-20T10:54:01.952+0000] {processor.py:179} INFO - Processing /opt/airflow/dags/dag_suivi.py took 0.126 seconds
[2026-07-20T10:54:32.095+0000] {processor.py:157} INFO - Started process (PID=4208) to work on /opt/airflow/dags/dag_suivi.py
[2026-07-20T10:54:32.096+0000] {processor.py:829} INFO - Processing file /opt/airflow/dags/dag_suivi.py for tasks to queue
[2026-07-20T10:54:32.097+0000] {logging_mixin.py:151} INFO - [2026-07-20T10:54:32.097+0000] {dagbag.py:536} INFO - Filling up the DagBag from /opt/airflow/dags/dag_suivi.py
[2026-07-20T10:54:32.132+0000] {processor.py:839} INFO - DAG(s) dict_keys(['pipeline_ingestion_suivi']) retrieved from /opt/airflow/dags/dag_suivi.py
[2026-07-20T10:54:32.159+0000] {logging_mixin.py:151} INFO - [2026-07-20T10:54:32.159+0000] {dag.py:2941} INFO - Sync 1 DAGs
[2026-07-20T10:54:32.185+0000] {logging_mixin.py:151} INFO - [2026-07-20T10:54:32.185+0000] {dag.py:3722} INFO - Setting next_dagrun for pipeline_ingestion_suivi to 2026-07-20T10:00:00+00:00, run_after=2026-07-20T11:00:00+00:00
[2026-07-20T10:54:32.215+0000] {processor.py:179} INFO - Processing /opt/airflow/dags/dag_suivi.py took 0.123 seconds
[2026-07-20T10:55:02.360+0000] {processor.py:157} INFO - Started process (PID=4213) to work on /opt/airflow/dags/dag_suivi.py
[2026-07-20T10:55:02.361+0000] {processor.py:829} INFO - Processing file /opt/airflow/dags/dag_suivi.py for tasks to queue
[2026-07-20T10:55:02.362+0000] {logging_mixin.py:151} INFO - [2026-07-20T10:55:02.362+0000] {dagbag.py:536} INFO - Filling up the DagBag from /opt/airflow/dags/dag_suivi.py
[2026-07-20T10:55:02.390+0000] {processor.py:839} INFO - DAG(s) dict_keys(['pipeline_ingestion_suivi']) retrieved from /opt/airflow/dags/dag_suivi.py
[2026-07-20T10:55:02.419+0000] {logging_mixin.py:151} INFO - [2026-07-20T10:55:02.419+0000] {dag.py:2941} INFO - Sync 1 DAGs
[2026-07-20T10:55:02.443+0000] {logging_mixin.py:151} INFO - [2026-07-20T10:55:02.443+0000] {dag.py:3722} INFO - Setting next_dagrun for pipeline_ingestion_suivi to 2026-07-20T10:00:00+00:00, run_after=2026-07-20T11:00:00+00:00
[2026-07-20T10:55:02.465+0000] {processor.py:179} INFO - Processing /opt/airflow/dags/dag_suivi.py took 0.107 seconds
[2026-07-20T10:55:32.607+0000] {processor.py:157} INFO - Started process (PID=4218) to work on /opt/airflow/dags/dag_suivi.py
[2026-07-20T10:55:32.608+0000] {processor.py:829} INFO - Processing file /opt/airflow/dags/dag_suivi.py for tasks to queue
[2026-07-20T10:55:32.609+0000] {logging_mixin.py:151} INFO - [2026-07-20T10:55:32.608+0000] {dagbag.py:536} INFO - Filling up the DagBag from /opt/airflow/dags/dag_suivi.py
[2026-07-20T10:55:32.635+0000] {processor.py:839} INFO - DAG(s) dict_keys(['pipeline_ingestion_suivi']) retrieved from /opt/airflow/dags/dag_suivi.py
[2026-07-20T10:55:32.665+0000] {logging_mixin.py:151} INFO - [2026-07-20T10:55:32.665+0000] {dag.py:2941} INFO - Sync 1 DAGs
[2026-07-20T10:55:32.689+0000] {logging_mixin.py:151} INFO - [2026-07-20T10:55:32.689+0000] {dag.py:3722} INFO - Setting next_dagrun for pipeline_ingestion_suivi to 2026-07-20T10:00:00+00:00, run_after=2026-07-20T11:00:00+00:00
[2026-07-20T10:55:32.710+0000] {processor.py:179} INFO - Processing /opt/airflow/dags/dag_suivi.py took 0.107 seconds
[2026-07-20T10:56:02.841+0000] {processor.py:157} INFO - Started process (PID=4223) to work on /opt/airflow/dags/dag_suivi.py
[2026-07-20T10:56:02.842+0000] {processor.py:829} INFO - Processing file /opt/airflow/dags/dag_suivi.py for tasks to queue
[2026-07-20T10:56:02.843+0000] {logging_mixin.py:151} INFO - [2026-07-20T10:56:02.843+0000] {dagbag.py:536} INFO - Filling up the DagBag from /opt/airflow/dags/dag_suivi.py
[2026-07-20T10:56:02.874+0000] {processor.py:839} INFO - DAG(s) dict_keys(['pipeline_ingestion_suivi']) retrieved from /opt/airflow/dags/dag_suivi.py
[2026-07-20T10:56:02.901+0000] {logging_mixin.py:151} INFO - [2026-07-20T10:56:02.901+0000] {dag.py:2941} INFO - Sync 1 DAGs
[2026-07-20T10:56:02.921+0000] {logging_mixin.py:151} INFO - [2026-07-20T10:56:02.921+0000] {dag.py:3722} INFO - Setting next_dagrun for pipeline_ingestion_suivi to 2026-07-20T10:00:00+00:00, run_after=2026-07-20T11:00:00+00:00
[2026-07-20T10:56:02.955+0000] {processor.py:179} INFO - Processing /opt/airflow/dags/dag_suivi.py took 0.118 seconds
[2026-07-20T10:56:33.107+0000] {processor.py:157} INFO - Started process (PID=4228) to work on /opt/airflow/dags/dag_suivi.py
[2026-07-20T10:56:33.108+0000] {processor.py:829} INFO - Processing file /opt/airflow/dags/dag_suivi.py for tasks to queue
[2026-07-20T10:56:33.109+0000] {logging_mixin.py:151} INFO - [2026-07-20T10:56:33.108+0000] {dagbag.py:536} INFO - Filling up the DagBag from /opt/airflow/dags/dag_suivi.py
[2026-07-20T10:56:33.128+0000] {processor.py:839} INFO - DAG(s) dict_keys(['pipeline_ingestion_suivi']) retrieved from /opt/airflow/dags/dag_suivi.py
[2026-07-20T10:56:33.155+0000] {logging_mixin.py:151} INFO - [2026-07-20T10:56:33.155+0000] {dag.py:2941} INFO - Sync 1 DAGs
[2026-07-20T10:56:33.174+0000] {logging_mixin.py:151} INFO - [2026-07-20T10:56:33.174+0000] {dag.py:3722} INFO - Setting next_dagrun for pipeline_ingestion_suivi to 2026-07-20T10:00:00+00:00, run_after=2026-07-20T11:00:00+00:00
[2026-07-20T10:56:33.199+0000] {processor.py:179} INFO - Processing /opt/airflow/dags/dag_suivi.py took 0.095 seconds
[2026-07-20T10:57:03.429+0000] {processor.py:157} INFO - Started process (PID=4233) to work on /opt/airflow/dags/dag_suivi.py
[2026-07-20T10:57:03.430+0000] {processor.py:829} INFO - Processing file /opt/airflow/dags/dag_suivi.py for tasks to queue
[2026-07-20T10:57:03.431+0000] {logging_mixin.py:151} INFO - [2026-07-20T10:57:03.431+0000] {dagbag.py:536} INFO - Filling up the DagBag from /opt/airflow/dags/dag_suivi.py
[2026-07-20T10:57:03.466+0000] {processor.py:839} INFO - DAG(s) dict_keys(['pipeline_ingestion_suivi']) retrieved from /opt/airflow/dags/dag_suivi.py
[2026-07-20T10:57:03.491+0000] {logging_mixin.py:151} INFO - [2026-07-20T10:57:03.490+0000] {dag.py:2941} INFO - Sync 1 DAGs
[2026-07-20T10:57:03.509+0000] {logging_mixin.py:151} INFO - [2026-07-20T10:57:03.509+0000] {dag.py:3722} INFO - Setting next_dagrun for pipeline_ingestion_suivi to 2026-07-20T10:00:00+00:00, run_after=2026-07-20T11:00:00+00:00
[2026-07-20T10:57:03.527+0000] {processor.py:179} INFO - Processing /opt/airflow/dags/dag_suivi.py took 0.100 seconds
[2026-07-20T10:57:33.662+0000] {processor.py:157} INFO - Started process (PID=4238) to work on /opt/airflow/dags/dag_suivi.py
[2026-07-20T10:57:33.663+0000] {processor.py:829} INFO - Processing file /opt/airflow/dags/dag_suivi.py for tasks to queue
[2026-07-20T10:57:33.664+0000] {logging_mixin.py:151} INFO - [2026-07-20T10:57:33.664+0000] {dagbag.py:536} INFO - Filling up the DagBag from /opt/airflow/dags/dag_suivi.py
[2026-07-20T10:57:33.684+0000] {processor.py:839} INFO - DAG(s) dict_keys(['pipeline_ingestion_suivi']) retrieved from /opt/airflow/dags/dag_suivi.py
[2026-07-20T10:57:33.712+0000] {logging_mixin.py:151} INFO - [2026-07-20T10:57:33.711+0000] {dag.py:2941} INFO - Sync 1 DAGs
[2026-07-20T10:57:33.730+0000] {logging_mixin.py:151} INFO - [2026-07-20T10:57:33.730+0000] {dag.py:3722} INFO - Setting next_dagrun for pipeline_ingestion_suivi to 2026-07-20T10:00:00+00:00, run_after=2026-07-20T11:00:00+00:00
[2026-07-20T10:57:33.747+0000] {processor.py:179} INFO - Processing /opt/airflow/dags/dag_suivi.py took 0.088 seconds
[2026-07-20T10:58:03.965+0000] {processor.py:157} INFO - Started process (PID=4243) to work on /opt/airflow/dags/dag_suivi.py
[2026-07-20T10:58:03.966+0000] {processor.py:829} INFO - Processing file /opt/airflow/dags/dag_suivi.py for tasks to queue
[2026-07-20T10:58:03.966+0000] {logging_mixin.py:151} INFO - [2026-07-20T10:58:03.966+0000] {dagbag.py:536} INFO - Filling up the DagBag from /opt/airflow/dags/dag_suivi.py
[2026-07-20T10:58:03.985+0000] {processor.py:839} INFO - DAG(s) dict_keys(['pipeline_ingestion_suivi']) retrieved from /opt/airflow/dags/dag_suivi.py
[2026-07-20T10:58:04.009+0000] {logging_mixin.py:151} INFO - [2026-07-20T10:58:04.009+0000] {dag.py:2941} INFO - Sync 1 DAGs
[2026-07-20T10:58:04.029+0000] {logging_mixin.py:151} INFO - [2026-07-20T10:58:04.029+0000] {dag.py:3722} INFO - Setting next_dagrun for pipeline_ingestion_suivi to 2026-07-20T10:00:00+00:00, run_after=2026-07-20T11:00:00+00:00
[2026-07-20T10:58:04.047+0000] {processor.py:179} INFO - Processing /opt/airflow/dags/dag_suivi.py took 0.084 seconds
[2026-07-20T10:58:34.179+0000] {processor.py:157} INFO - Started process (PID=4248) to work on /opt/airflow/dags/dag_suivi.py
[2026-07-20T10:58:34.181+0000] {processor.py:829} INFO - Processing file /opt/airflow/dags/dag_suivi.py for tasks to queue
[2026-07-20T10:58:34.182+0000] {logging_mixin.py:151} INFO - [2026-07-20T10:58:34.181+0000] {dagbag.py:536} INFO - Filling up the DagBag from /opt/airflow/dags/dag_suivi.py
[2026-07-20T10:58:34.205+0000] {processor.py:839} INFO - DAG(s) dict_keys(['pipeline_ingestion_suivi']) retrieved from /opt/airflow/dags/dag_suivi.py
[2026-07-20T10:58:34.233+0000] {logging_mixin.py:151} INFO - [2026-07-20T10:58:34.233+0000] {dag.py:2941} INFO - Sync 1 DAGs
[2026-07-20T10:58:34.253+0000] {logging_mixin.py:151} INFO - [2026-07-20T10:58:34.253+0000] {dag.py:3722} INFO - Setting next_dagrun for pipeline_ingestion_suivi to 2026-07-20T10:00:00+00:00, run_after=2026-07-20T11:00:00+00:00
[2026-07-20T10:58:34.279+0000] {processor.py:179} INFO - Processing /opt/airflow/dags/dag_suivi.py took 0.104 seconds
[2026-07-20T10:59:04.449+0000] {processor.py:157} INFO - Started process (PID=4253) to work on /opt/airflow/dags/dag_suivi.py
[2026-07-20T10:59:04.450+0000] {processor.py:829} INFO - Processing file /opt/airflow/dags/dag_suivi.py for tasks to queue
[2026-07-20T10:59:04.451+0000] {logging_mixin.py:151} INFO - [2026-07-20T10:59:04.451+0000] {dagbag.py:536} INFO - Filling up the DagBag from /opt/airflow/dags/dag_suivi.py
[2026-07-20T10:59:04.474+0000] {processor.py:839} INFO - DAG(s) dict_keys(['pipeline_ingestion_suivi']) retrieved from /opt/airflow/dags/dag_suivi.py
[2026-07-20T10:59:04.505+0000] {logging_mixin.py:151} INFO - [2026-07-20T10:59:04.504+0000] {dag.py:2941} INFO - Sync 1 DAGs
[2026-07-20T10:59:04.530+0000] {logging_mixin.py:151} INFO - [2026-07-20T10:59:04.530+0000] {dag.py:3722} INFO - Setting next_dagrun for pipeline_ingestion_suivi to 2026-07-20T10:00:00+00:00, run_after=2026-07-20T11:00:00+00:00
[2026-07-20T10:59:04.555+0000] {processor.py:179} INFO - Processing /opt/airflow/dags/dag_suivi.py took 0.109 seconds
[2026-07-20T10:59:34.645+0000] {processor.py:157} INFO - Started process (PID=4258) to work on /opt/airflow/dags/dag_suivi.py
[2026-07-20T10:59:34.646+0000] {processor.py:829} INFO - Processing file /opt/airflow/dags/dag_suivi.py for tasks to queue
[2026-07-20T10:59:34.647+0000] {logging_mixin.py:151} INFO - [2026-07-20T10:59:34.647+0000] {dagbag.py:536} INFO - Filling up the DagBag from /opt/airflow/dags/dag_suivi.py
[2026-07-20T10:59:34.670+0000] {processor.py:839} INFO - DAG(s) dict_keys(['pipeline_ingestion_suivi']) retrieved from /opt/airflow/dags/dag_suivi.py
[2026-07-20T10:59:34.696+0000] {logging_mixin.py:151} INFO - [2026-07-20T10:59:34.696+0000] {dag.py:2941} INFO - Sync 1 DAGs
[2026-07-20T10:59:34.717+0000] {logging_mixin.py:151} INFO - [2026-07-20T10:59:34.717+0000] {dag.py:3722} INFO - Setting next_dagrun for pipeline_ingestion_suivi to 2026-07-20T10:00:00+00:00, run_after=2026-07-20T11:00:00+00:00
[2026-07-20T10:59:34.744+0000] {processor.py:179} INFO - Processing /opt/airflow/dags/dag_suivi.py took 0.102 seconds
[2026-07-20T11:00:04.926+0000] {processor.py:157} INFO - Started process (PID=4265) to work on /opt/airflow/dags/dag_suivi.py
[2026-07-20T11:00:04.927+0000] {processor.py:829} INFO - Processing file /opt/airflow/dags/dag_suivi.py for tasks to queue
[2026-07-20T11:00:04.928+0000] {logging_mixin.py:151} INFO - [2026-07-20T11:00:04.928+0000] {dagbag.py:536} INFO - Filling up the DagBag from /opt/airflow/dags/dag_suivi.py
[2026-07-20T11:00:04.955+0000] {processor.py:839} INFO - DAG(s) dict_keys(['pipeline_ingestion_suivi']) retrieved from /opt/airflow/dags/dag_suivi.py
[2026-07-20T11:00:04.982+0000] {logging_mixin.py:151} INFO - [2026-07-20T11:00:04.982+0000] {dag.py:2941} INFO - Sync 1 DAGs
[2026-07-20T11:00:05.009+0000] {logging_mixin.py:151} INFO - [2026-07-20T11:00:05.009+0000] {dag.py:3722} INFO - Setting next_dagrun for pipeline_ingestion_suivi to 2026-07-20T11:00:00+00:00, run_after=2026-07-20T12:00:00+00:00
[2026-07-20T11:00:05.038+0000] {processor.py:179} INFO - Processing /opt/airflow/dags/dag_suivi.py took 0.115 seconds
[2026-07-20T11:00:35.141+0000] {processor.py:157} INFO - Started process (PID=4270) to work on /opt/airflow/dags/dag_suivi.py
[2026-07-20T11:00:35.142+0000] {processor.py:829} INFO - Processing file /opt/airflow/dags/dag_suivi.py for tasks to queue
[2026-07-20T11:00:35.143+0000] {logging_mixin.py:151} INFO - [2026-07-20T11:00:35.142+0000] {dagbag.py:536} INFO - Filling up the DagBag from /opt/airflow/dags/dag_suivi.py
[2026-07-20T11:00:35.161+0000] {processor.py:839} INFO - DAG(s) dict_keys(['pipeline_ingestion_suivi']) retrieved from /opt/airflow/dags/dag_suivi.py
[2026-07-20T11:00:35.185+0000] {logging_mixin.py:151} INFO - [2026-07-20T11:00:35.185+0000] {dag.py:2941} INFO - Sync 1 DAGs
[2026-07-20T11:00:35.211+0000] {logging_mixin.py:151} INFO - [2026-07-20T11:00:35.210+0000] {dag.py:3722} INFO - Setting next_dagrun for pipeline_ingestion_suivi to 2026-07-20T11:00:00+00:00, run_after=2026-07-20T12:00:00+00:00
[2026-07-20T11:00:35.241+0000] {processor.py:179} INFO - Processing /opt/airflow/dags/dag_suivi.py took 0.104 seconds
[2026-07-20T11:01:05.465+0000] {processor.py:157} INFO - Started process (PID=4275) to work on /opt/airflow/dags/dag_suivi.py
[2026-07-20T11:01:05.466+0000] {processor.py:829} INFO - Processing file /opt/airflow/dags/dag_suivi.py for tasks to queue
[2026-07-20T11:01:05.467+0000] {logging_mixin.py:151} INFO - [2026-07-20T11:01:05.467+0000] {dagbag.py:536} INFO - Filling up the DagBag from /opt/airflow/dags/dag_suivi.py
[2026-07-20T11:01:05.500+0000] {processor.py:839} INFO - DAG(s) dict_keys(['pipeline_ingestion_suivi']) retrieved from /opt/airflow/dags/dag_suivi.py
[2026-07-20T11:01:05.533+0000] {logging_mixin.py:151} INFO - [2026-07-20T11:01:05.533+0000] {dag.py:2941} INFO - Sync 1 DAGs
[2026-07-20T11:01:05.563+0000] {logging_mixin.py:151} INFO - [2026-07-20T11:01:05.562+0000] {dag.py:3722} INFO - Setting next_dagrun for pipeline_ingestion_suivi to 2026-07-20T11:00:00+00:00, run_after=2026-07-20T12:00:00+00:00
[2026-07-20T11:01:05.585+0000] {processor.py:179} INFO - Processing /opt/airflow/dags/dag_suivi.py took 0.123 seconds
[2026-07-20T11:01:35.862+0000] {processor.py:157} INFO - Started process (PID=4280) to work on /opt/airflow/dags/dag_suivi.py
[2026-07-20T11:01:35.873+0000] {processor.py:829} INFO - Processing file /opt/airflow/dags/dag_suivi.py for tasks to queue
[2026-07-20T11:01:35.879+0000] {logging_mixin.py:151} INFO - [2026-07-20T11:01:35.879+0000] {dagbag.py:536} INFO - Filling up the DagBag from /opt/airflow/dags/dag_suivi.py
[2026-07-20T11:01:36.094+0000] {processor.py:839} INFO - DAG(s) dict_keys(['pipeline_ingestion_suivi']) retrieved from /opt/airflow/dags/dag_suivi.py
[2026-07-20T11:01:36.175+0000] {logging_mixin.py:151} INFO - [2026-07-20T11:01:36.174+0000] {dag.py:2941} INFO - Sync 1 DAGs
[2026-07-20T11:01:36.245+0000] {logging_mixin.py:151} INFO - [2026-07-20T11:01:36.244+0000] {dag.py:3722} INFO - Setting next_dagrun for pipeline_ingestion_suivi to 2026-07-20T11:00:00+00:00, run_after=2026-07-20T12:00:00+00:00
[2026-07-20T11:01:36.284+0000] {processor.py:179} INFO - Processing /opt/airflow/dags/dag_suivi.py took 0.432 seconds
[2026-07-20T11:02:06.525+0000] {processor.py:157} INFO - Started process (PID=4285) to work on /opt/airflow/dags/dag_suivi.py
[2026-07-20T11:02:06.526+0000] {processor.py:829} INFO - Processing file /opt/airflow/dags/dag_suivi.py for tasks to queue
[2026-07-20T11:02:06.528+0000] {logging_mixin.py:151} INFO - [2026-07-20T11:02:06.527+0000] {dagbag.py:536} INFO - Filling up the DagBag from /opt/airflow/dags/dag_suivi.py
[2026-07-20T11:02:06.560+0000] {processor.py:839} INFO - DAG(s) dict_keys(['pipeline_ingestion_suivi']) retrieved from /opt/airflow/dags/dag_suivi.py
[2026-07-20T11:02:06.592+0000] {logging_mixin.py:151} INFO - [2026-07-20T11:02:06.591+0000] {dag.py:2941} INFO - Sync 1 DAGs
[2026-07-20T11:02:06.614+0000] {logging_mixin.py:151} INFO - [2026-07-20T11:02:06.614+0000] {dag.py:3722} INFO - Setting next_dagrun for pipeline_ingestion_suivi to 2026-07-20T11:00:00+00:00, run_after=2026-07-20T12:00:00+00:00
[2026-07-20T11:02:06.647+0000] {processor.py:179} INFO - Processing /opt/airflow/dags/dag_suivi.py took 0.126 seconds
[2026-07-20T11:02:36.703+0000] {processor.py:157} INFO - Started process (PID=4290) to work on /opt/airflow/dags/dag_suivi.py
[2026-07-20T11:02:36.704+0000] {processor.py:829} INFO - Processing file /opt/airflow/dags/dag_suivi.py for tasks to queue
[2026-07-20T11:02:36.705+0000] {logging_mixin.py:151} INFO - [2026-07-20T11:02:36.705+0000] {dagbag.py:536} INFO - Filling up the DagBag from /opt/airflow/dags/dag_suivi.py
[2026-07-20T11:02:36.732+0000] {processor.py:839} INFO - DAG(s) dict_keys(['pipeline_ingestion_suivi']) retrieved from /opt/airflow/dags/dag_suivi.py
[2026-07-20T11:02:36.778+0000] {logging_mixin.py:151} INFO - [2026-07-20T11:02:36.778+0000] {dag.py:2941} INFO - Sync 1 DAGs
[2026-07-20T11:02:36.803+0000] {logging_mixin.py:151} INFO - [2026-07-20T11:02:36.803+0000] {dag.py:3722} INFO - Setting next_dagrun for pipeline_ingestion_suivi to 2026-07-20T11:00:00+00:00, run_after=2026-07-20T12:00:00+00:00
[2026-07-20T11:02:36.837+0000] {processor.py:179} INFO - Processing /opt/airflow/dags/dag_suivi.py took 0.137 seconds
[2026-07-20T11:03:07.024+0000] {processor.py:157} INFO - Started process (PID=4295) to work on /opt/airflow/dags/dag_suivi.py
[2026-07-20T11:03:07.025+0000] {processor.py:829} INFO - Processing file /opt/airflow/dags/dag_suivi.py for tasks to queue
[2026-07-20T11:03:07.026+0000] {logging_mixin.py:151} INFO - [2026-07-20T11:03:07.025+0000] {dagbag.py:536} INFO - Filling up the DagBag from /opt/airflow/dags/dag_suivi.py
[2026-07-20T11:03:07.055+0000] {processor.py:839} INFO - DAG(s) dict_keys(['pipeline_ingestion_suivi']) retrieved from /opt/airflow/dags/dag_suivi.py
[2026-07-20T11:03:07.084+0000] {logging_mixin.py:151} INFO - [2026-07-20T11:03:07.083+0000] {dag.py:2941} INFO - Sync 1 DAGs
[2026-07-20T11:03:07.104+0000] {logging_mixin.py:151} INFO - [2026-07-20T11:03:07.104+0000] {dag.py:3722} INFO - Setting next_dagrun for pipeline_ingestion_suivi to 2026-07-20T11:00:00+00:00, run_after=2026-07-20T12:00:00+00:00
[2026-07-20T11:03:07.135+0000] {processor.py:179} INFO - Processing /opt/airflow/dags/dag_suivi.py took 0.115 seconds
[2026-07-20T11:03:37.229+0000] {processor.py:157} INFO - Started process (PID=4300) to work on /opt/airflow/dags/dag_suivi.py
[2026-07-20T11:03:37.230+0000] {processor.py:829} INFO - Processing file /opt/airflow/dags/dag_suivi.py for tasks to queue
[2026-07-20T11:03:37.231+0000] {logging_mixin.py:151} INFO - [2026-07-20T11:03:37.231+0000] {dagbag.py:536} INFO - Filling up the DagBag from /opt/airflow/dags/dag_suivi.py
[2026-07-20T11:03:37.260+0000] {processor.py:839} INFO - DAG(s) dict_keys(['pipeline_ingestion_suivi']) retrieved from /opt/airflow/dags/dag_suivi.py
[2026-07-20T11:03:37.287+0000] {logging_mixin.py:151} INFO - [2026-07-20T11:03:37.287+0000] {dag.py:2941} INFO - Sync 1 DAGs
[2026-07-20T11:03:37.307+0000] {logging_mixin.py:151} INFO - [2026-07-20T11:03:37.307+0000] {dag.py:3722} INFO - Setting next_dagrun for pipeline_ingestion_suivi to 2026-07-20T11:00:00+00:00, run_after=2026-07-20T12:00:00+00:00
[2026-07-20T11:03:37.334+0000] {processor.py:179} INFO - Processing /opt/airflow/dags/dag_suivi.py took 0.108 seconds
[2026-07-20T11:04:07.503+0000] {processor.py:157} INFO - Started process (PID=4305) to work on /opt/airflow/dags/dag_suivi.py
[2026-07-20T11:04:07.504+0000] {processor.py:829} INFO - Processing file /opt/airflow/dags/dag_suivi.py for tasks to queue
[2026-07-20T11:04:07.505+0000] {logging_mixin.py:151} INFO - [2026-07-20T11:04:07.505+0000] {dagbag.py:536} INFO - Filling up the DagBag from /opt/airflow/dags/dag_suivi.py
[2026-07-20T11:04:07.526+0000] {processor.py:839} INFO - DAG(s) dict_keys(['pipeline_ingestion_suivi']) retrieved from /opt/airflow/dags/dag_suivi.py
[2026-07-20T11:04:07.569+0000] {logging_mixin.py:151} INFO - [2026-07-20T11:04:07.568+0000] {dag.py:2941} INFO - Sync 1 DAGs
[2026-07-20T11:04:07.595+0000] {logging_mixin.py:151} INFO - [2026-07-20T11:04:07.595+0000] {dag.py:3722} INFO - Setting next_dagrun for pipeline_ingestion_suivi to 2026-07-20T11:00:00+00:00, run_after=2026-07-20T12:00:00+00:00
[2026-07-20T11:04:07.627+0000] {processor.py:179} INFO - Processing /opt/airflow/dags/dag_suivi.py took 0.127 seconds
[2026-07-20T11:04:37.705+0000] {processor.py:157} INFO - Started process (PID=4310) to work on /opt/airflow/dags/dag_suivi.py
[2026-07-20T11:04:37.706+0000] {processor.py:829} INFO - Processing file /opt/airflow/dags/dag_suivi.py for tasks to queue
[2026-07-20T11:04:37.707+0000] {logging_mixin.py:151} INFO - [2026-07-20T11:04:37.707+0000] {dagbag.py:536} INFO - Filling up the DagBag from /opt/airflow/dags/dag_suivi.py
[2026-07-20T11:04:37.734+0000] {processor.py:839} INFO - DAG(s) dict_keys(['pipeline_ingestion_suivi']) retrieved from /opt/airflow/dags/dag_suivi.py
[2026-07-20T11:04:37.759+0000] {logging_mixin.py:151} INFO - [2026-07-20T11:04:37.759+0000] {dag.py:2941} INFO - Sync 1 DAGs
[2026-07-20T11:04:37.777+0000] {logging_mixin.py:151} INFO - [2026-07-20T11:04:37.777+0000] {dag.py:3722} INFO - Setting next_dagrun for pipeline_ingestion_suivi to 2026-07-20T11:00:00+00:00, run_after=2026-07-20T12:00:00+00:00
[2026-07-20T11:04:37.798+0000] {processor.py:179} INFO - Processing /opt/airflow/dags/dag_suivi.py took 0.096 seconds
[2026-07-20T11:05:08.011+0000] {processor.py:157} INFO - Started process (PID=4315) to work on /opt/airflow/dags/dag_suivi.py
[2026-07-20T11:05:08.012+0000] {processor.py:829} INFO - Processing file /opt/airflow/dags/dag_suivi.py for tasks to queue
[2026-07-20T11:05:08.013+0000] {logging_mixin.py:151} INFO - [2026-07-20T11:05:08.013+0000] {dagbag.py:536} INFO - Filling up the DagBag from /opt/airflow/dags/dag_suivi.py
[2026-07-20T11:05:08.037+0000] {processor.py:839} INFO - DAG(s) dict_keys(['pipeline_ingestion_suivi']) retrieved from /opt/airflow/dags/dag_suivi.py
[2026-07-20T11:05:08.066+0000] {logging_mixin.py:151} INFO - [2026-07-20T11:05:08.066+0000] {dag.py:2941} INFO - Sync 1 DAGs
[2026-07-20T11:05:08.088+0000] {logging_mixin.py:151} INFO - [2026-07-20T11:05:08.088+0000] {dag.py:3722} INFO - Setting next_dagrun for pipeline_ingestion_suivi to 2026-07-20T11:00:00+00:00, run_after=2026-07-20T12:00:00+00:00
[2026-07-20T11:05:08.116+0000] {processor.py:179} INFO - Processing /opt/airflow/dags/dag_suivi.py took 0.108 seconds
[2026-07-20T11:05:38.197+0000] {processor.py:157} INFO - Started process (PID=4320) to work on /opt/airflow/dags/dag_suivi.py
[2026-07-20T11:05:38.198+0000] {processor.py:829} INFO - Processing file /opt/airflow/dags/dag_suivi.py for tasks to queue
[2026-07-20T11:05:38.200+0000] {logging_mixin.py:151} INFO - [2026-07-20T11:05:38.200+0000] {dagbag.py:536} INFO - Filling up the DagBag from /opt/airflow/dags/dag_suivi.py
[2026-07-20T11:05:38.227+0000] {processor.py:839} INFO - DAG(s) dict_keys(['pipeline_ingestion_suivi']) retrieved from /opt/airflow/dags/dag_suivi.py
[2026-07-20T11:05:38.259+0000] {logging_mixin.py:151} INFO - [2026-07-20T11:05:38.259+0000] {dag.py:2941} INFO - Sync 1 DAGs
[2026-07-20T11:05:38.287+0000] {logging_mixin.py:151} INFO - [2026-07-20T11:05:38.287+0000] {dag.py:3722} INFO - Setting next_dagrun for pipeline_ingestion_suivi to 2026-07-20T11:00:00+00:00, run_after=2026-07-20T12:00:00+00:00
[2026-07-20T11:05:38.319+0000] {processor.py:179} INFO - Processing /opt/airflow/dags/dag_suivi.py took 0.125 seconds
[2026-07-20T11:06:08.490+0000] {processor.py:157} INFO - Started process (PID=4325) to work on /opt/airflow/dags/dag_suivi.py
[2026-07-20T11:06:08.491+0000] {processor.py:829} INFO - Processing file /opt/airflow/dags/dag_suivi.py for tasks to queue
[2026-07-20T11:06:08.492+0000] {logging_mixin.py:151} INFO - [2026-07-20T11:06:08.492+0000] {dagbag.py:536} INFO - Filling up the DagBag from /opt/airflow/dags/dag_suivi.py
[2026-07-20T11:06:08.517+0000] {processor.py:839} INFO - DAG(s) dict_keys(['pipeline_ingestion_suivi']) retrieved from /opt/airflow/dags/dag_suivi.py
[2026-07-20T11:06:08.543+0000] {logging_mixin.py:151} INFO - [2026-07-20T11:06:08.542+0000] {dag.py:2941} INFO - Sync 1 DAGs
[2026-07-20T11:06:08.561+0000] {logging_mixin.py:151} INFO - [2026-07-20T11:06:08.561+0000] {dag.py:3722} INFO - Setting next_dagrun for pipeline_ingestion_suivi to 2026-07-20T11:00:00+00:00, run_after=2026-07-20T12:00:00+00:00
[2026-07-20T11:06:08.592+0000] {processor.py:179} INFO - Processing /opt/airflow/dags/dag_suivi.py took 0.105 seconds
[2026-07-20T11:06:38.679+0000] {processor.py:157} INFO - Started process (PID=4330) to work on /opt/airflow/dags/dag_suivi.py
[2026-07-20T11:06:38.680+0000] {processor.py:829} INFO - Processing file /opt/airflow/dags/dag_suivi.py for tasks to queue
[2026-07-20T11:06:38.681+0000] {logging_mixin.py:151} INFO - [2026-07-20T11:06:38.681+0000] {dagbag.py:536} INFO - Filling up the DagBag from /opt/airflow/dags/dag_suivi.py
[2026-07-20T11:06:38.705+0000] {processor.py:839} INFO - DAG(s) dict_keys(['pipeline_ingestion_suivi']) retrieved from /opt/airflow/dags/dag_suivi.py
[2026-07-20T11:06:38.733+0000] {logging_mixin.py:151} INFO - [2026-07-20T11:06:38.733+0000] {dag.py:2941} INFO - Sync 1 DAGs
[2026-07-20T11:06:38.752+0000] {logging_mixin.py:151} INFO - [2026-07-20T11:06:38.752+0000] {dag.py:3722} INFO - Setting next_dagrun for pipeline_ingestion_suivi to 2026-07-20T11:00:00+00:00, run_after=2026-07-20T12:00:00+00:00
[2026-07-20T11:06:38.780+0000] {processor.py:179} INFO - Processing /opt/airflow/dags/dag_suivi.py took 0.104 seconds
[2026-07-20T11:07:09.027+0000] {processor.py:157} INFO - Started process (PID=4335) to work on /opt/airflow/dags/dag_suivi.py
[2026-07-20T11:07:09.029+0000] {processor.py:829} INFO - Processing file /opt/airflow/dags/dag_suivi.py for tasks to queue
[2026-07-20T11:07:09.030+0000] {logging_mixin.py:151} INFO - [2026-07-20T11:07:09.030+0000] {dagbag.py:536} INFO - Filling up the DagBag from /opt/airflow/dags/dag_suivi.py
[2026-07-20T11:07:09.056+0000] {processor.py:839} INFO - DAG(s) dict_keys(['pipeline_ingestion_suivi']) retrieved from /opt/airflow/dags/dag_suivi.py
[2026-07-20T11:07:09.082+0000] {logging_mixin.py:151} INFO - [2026-07-20T11:07:09.081+0000] {dag.py:2941} INFO - Sync 1 DAGs
[2026-07-20T11:07:09.104+0000] {logging_mixin.py:151} INFO - [2026-07-20T11:07:09.104+0000] {dag.py:3722} INFO - Setting next_dagrun for pipeline_ingestion_suivi to 2026-07-20T11:00:00+00:00, run_after=2026-07-20T12:00:00+00:00
[2026-07-20T11:07:09.133+0000] {processor.py:179} INFO - Processing /opt/airflow/dags/dag_suivi.py took 0.109 seconds
[2026-07-20T11:07:39.219+0000] {processor.py:157} INFO - Started process (PID=4340) to work on /opt/airflow/dags/dag_suivi.py
[2026-07-20T11:07:39.220+0000] {processor.py:829} INFO - Processing file /opt/airflow/dags/dag_suivi.py for tasks to queue
[2026-07-20T11:07:39.221+0000] {logging_mixin.py:151} INFO - [2026-07-20T11:07:39.221+0000] {dagbag.py:536} INFO - Filling up the DagBag from /opt/airflow/dags/dag_suivi.py
[2026-07-20T11:07:39.253+0000] {processor.py:839} INFO - DAG(s) dict_keys(['pipeline_ingestion_suivi']) retrieved from /opt/airflow/dags/dag_suivi.py
[2026-07-20T11:07:39.284+0000] {logging_mixin.py:151} INFO - [2026-07-20T11:07:39.283+0000] {dag.py:2941} INFO - Sync 1 DAGs
[2026-07-20T11:07:39.306+0000] {logging_mixin.py:151} INFO - [2026-07-20T11:07:39.306+0000] {dag.py:3722} INFO - Setting next_dagrun for pipeline_ingestion_suivi to 2026-07-20T11:00:00+00:00, run_after=2026-07-20T12:00:00+00:00
[2026-07-20T11:07:39.335+0000] {processor.py:179} INFO - Processing /opt/airflow/dags/dag_suivi.py took 0.119 seconds
[2026-07-20T11:08:09.515+0000] {processor.py:157} INFO - Started process (PID=4345) to work on /opt/airflow/dags/dag_suivi.py
[2026-07-20T11:08:09.516+0000] {processor.py:829} INFO - Processing file /opt/airflow/dags/dag_suivi.py for tasks to queue
[2026-07-20T11:08:09.517+0000] {logging_mixin.py:151} INFO - [2026-07-20T11:08:09.517+0000] {dagbag.py:536} INFO - Filling up the DagBag from /opt/airflow/dags/dag_suivi.py
[2026-07-20T11:08:09.541+0000] {processor.py:839} INFO - DAG(s) dict_keys(['pipeline_ingestion_suivi']) retrieved from /opt/airflow/dags/dag_suivi.py
[2026-07-20T11:08:09.568+0000] {logging_mixin.py:151} INFO - [2026-07-20T11:08:09.568+0000] {dag.py:2941} INFO - Sync 1 DAGs
[2026-07-20T11:08:09.588+0000] {logging_mixin.py:151} INFO - [2026-07-20T11:08:09.588+0000] {dag.py:3722} INFO - Setting next_dagrun for pipeline_ingestion_suivi to 2026-07-20T11:00:00+00:00, run_after=2026-07-20T12:00:00+00:00
[2026-07-20T11:08:09.607+0000] {processor.py:179} INFO - Processing /opt/airflow/dags/dag_suivi.py took 0.096 seconds
[2026-07-20T11:08:39.693+0000] {processor.py:157} INFO - Started process (PID=4350) to work on /opt/airflow/dags/dag_suivi.py
[2026-07-20T11:08:39.694+0000] {processor.py:829} INFO - Processing file /opt/airflow/dags/dag_suivi.py for tasks to queue
[2026-07-20T11:08:39.695+0000] {logging_mixin.py:151} INFO - [2026-07-20T11:08:39.695+0000] {dagbag.py:536} INFO - Filling up the DagBag from /opt/airflow/dags/dag_suivi.py
[2026-07-20T11:08:39.721+0000] {processor.py:839} INFO - DAG(s) dict_keys(['pipeline_ingestion_suivi']) retrieved from /opt/airflow/dags/dag_suivi.py
[2026-07-20T11:08:39.754+0000] {logging_mixin.py:151} INFO - [2026-07-20T11:08:39.753+0000] {dag.py:2941} INFO - Sync 1 DAGs
[2026-07-20T11:08:39.777+0000] {logging_mixin.py:151} INFO - [2026-07-20T11:08:39.777+0000] {dag.py:3722} INFO - Setting next_dagrun for pipeline_ingestion_suivi to 2026-07-20T11:00:00+00:00, run_after=2026-07-20T12:00:00+00:00
[2026-07-20T11:08:39.804+0000] {processor.py:179} INFO - Processing /opt/airflow/dags/dag_suivi.py took 0.113 seconds
[2026-07-20T11:09:09.981+0000] {processor.py:157} INFO - Started process (PID=4355) to work on /opt/airflow/dags/dag_suivi.py
[2026-07-20T11:09:09.982+0000] {processor.py:829} INFO - Processing file /opt/airflow/dags/dag_suivi.py for tasks to queue
[2026-07-20T11:09:09.983+0000] {logging_mixin.py:151} INFO - [2026-07-20T11:09:09.983+0000] {dagbag.py:536} INFO - Filling up the DagBag from /opt/airflow/dags/dag_suivi.py
[2026-07-20T11:09:10.008+0000] {processor.py:839} INFO - DAG(s) dict_keys(['pipeline_ingestion_suivi']) retrieved from /opt/airflow/dags/dag_suivi.py
[2026-07-20T11:09:10.039+0000] {logging_mixin.py:151} INFO - [2026-07-20T11:09:10.039+0000] {dag.py:2941} INFO - Sync 1 DAGs
[2026-07-20T11:09:10.063+0000] {logging_mixin.py:151} INFO - [2026-07-20T11:09:10.063+0000] {dag.py:3722} INFO - Setting next_dagrun for pipeline_ingestion_suivi to 2026-07-20T11:00:00+00:00, run_after=2026-07-20T12:00:00+00:00
[2026-07-20T11:09:10.101+0000] {processor.py:179} INFO - Processing /opt/airflow/dags/dag_suivi.py took 0.124 seconds
[2026-07-20T11:09:40.163+0000] {processor.py:157} INFO - Started process (PID=4360) to work on /opt/airflow/dags/dag_suivi.py
[2026-07-20T11:09:40.164+0000] {processor.py:829} INFO - Processing file /opt/airflow/dags/dag_suivi.py for tasks to queue
[2026-07-20T11:09:40.165+0000] {logging_mixin.py:151} INFO - [2026-07-20T11:09:40.164+0000] {dagbag.py:536} INFO - Filling up the DagBag from /opt/airflow/dags/dag_suivi.py
[2026-07-20T11:09:40.187+0000] {processor.py:839} INFO - DAG(s) dict_keys(['pipeline_ingestion_suivi']) retrieved from /opt/airflow/dags/dag_suivi.py
[2026-07-20T11:09:40.214+0000] {logging_mixin.py:151} INFO - [2026-07-20T11:09:40.213+0000] {dag.py:2941} INFO - Sync 1 DAGs
[2026-07-20T11:09:40.234+0000] {logging_mixin.py:151} INFO - [2026-07-20T11:09:40.233+0000] {dag.py:3722} INFO - Setting next_dagrun for pipeline_ingestion_suivi to 2026-07-20T11:00:00+00:00, run_after=2026-07-20T12:00:00+00:00
[2026-07-20T11:09:40.260+0000] {processor.py:179} INFO - Processing /opt/airflow/dags/dag_suivi.py took 0.100 seconds
[2026-07-20T11:10:10.369+0000] {processor.py:157} INFO - Started process (PID=4365) to work on /opt/airflow/dags/dag_suivi.py
[2026-07-20T11:10:10.370+0000] {processor.py:829} INFO - Processing file /opt/airflow/dags/dag_suivi.py for tasks to queue
[2026-07-20T11:10:10.371+0000] {logging_mixin.py:151} INFO - [2026-07-20T11:10:10.371+0000] {dagbag.py:536} INFO - Filling up the DagBag from /opt/airflow/dags/dag_suivi.py
[2026-07-20T11:10:10.397+0000] {processor.py:839} INFO - DAG(s) dict_keys(['pipeline_ingestion_suivi']) retrieved from /opt/airflow/dags/dag_suivi.py
[2026-07-20T11:10:10.424+0000] {logging_mixin.py:151} INFO - [2026-07-20T11:10:10.424+0000] {dag.py:2941} INFO - Sync 1 DAGs
[2026-07-20T11:10:10.448+0000] {logging_mixin.py:151} INFO - [2026-07-20T11:10:10.448+0000] {dag.py:3722} INFO - Setting next_dagrun for pipeline_ingestion_suivi to 2026-07-20T11:00:00+00:00, run_after=2026-07-20T12:00:00+00:00
[2026-07-20T11:10:10.470+0000] {processor.py:179} INFO - Processing /opt/airflow/dags/dag_suivi.py took 0.105 seconds
[2026-07-20T11:10:40.655+0000] {processor.py:157} INFO - Started process (PID=4370) to work on /opt/airflow/dags/dag_suivi.py
[2026-07-20T11:10:40.656+0000] {processor.py:829} INFO - Processing file /opt/airflow/dags/dag_suivi.py for tasks to queue
[2026-07-20T11:10:40.658+0000] {logging_mixin.py:151} INFO - [2026-07-20T11:10:40.658+0000] {dagbag.py:536} INFO - Filling up the DagBag from /opt/airflow/dags/dag_suivi.py
[2026-07-20T11:10:40.691+0000] {processor.py:839} INFO - DAG(s) dict_keys(['pipeline_ingestion_suivi']) retrieved from /opt/airflow/dags/dag_suivi.py
[2026-07-20T11:10:40.729+0000] {logging_mixin.py:151} INFO - [2026-07-20T11:10:40.728+0000] {dag.py:2941} INFO - Sync 1 DAGs
[2026-07-20T11:10:40.762+0000] {logging_mixin.py:151} INFO - [2026-07-20T11:10:40.762+0000] {dag.py:3722} INFO - Setting next_dagrun for pipeline_ingestion_suivi to 2026-07-20T11:00:00+00:00, run_after=2026-07-20T12:00:00+00:00
[2026-07-20T11:10:40.802+0000] {processor.py:179} INFO - Processing /opt/airflow/dags/dag_suivi.py took 0.151 seconds
[2026-07-20T11:11:10.877+0000] {processor.py:157} INFO - Started process (PID=4375) to work on /opt/airflow/dags/dag_suivi.py
[2026-07-20T11:11:10.878+0000] {processor.py:829} INFO - Processing file /opt/airflow/dags/dag_suivi.py for tasks to queue
[2026-07-20T11:11:10.880+0000] {logging_mixin.py:151} INFO - [2026-07-20T11:11:10.879+0000] {dagbag.py:536} INFO - Filling up the DagBag from /opt/airflow/dags/dag_suivi.py
[2026-07-20T11:11:10.911+0000] {processor.py:839} INFO - DAG(s) dict_keys(['pipeline_ingestion_suivi']) retrieved from /opt/airflow/dags/dag_suivi.py
[2026-07-20T11:11:10.940+0000] {logging_mixin.py:151} INFO - [2026-07-20T11:11:10.939+0000] {dag.py:2941} INFO - Sync 1 DAGs
[2026-07-20T11:11:10.961+0000] {logging_mixin.py:151} INFO - [2026-07-20T11:11:10.961+0000] {dag.py:3722} INFO - Setting next_dagrun for pipeline_ingestion_suivi to 2026-07-20T11:00:00+00:00, run_after=2026-07-20T12:00:00+00:00
[2026-07-20T11:11:10.981+0000] {processor.py:179} INFO - Processing /opt/airflow/dags/dag_suivi.py took 0.108 seconds
[2026-07-20T11:11:41.196+0000] {processor.py:157} INFO - Started process (PID=4380) to work on /opt/airflow/dags/dag_suivi.py
[2026-07-20T11:11:41.197+0000] {processor.py:829} INFO - Processing file /opt/airflow/dags/dag_suivi.py for tasks to queue
[2026-07-20T11:11:41.198+0000] {logging_mixin.py:151} INFO - [2026-07-20T11:11:41.198+0000] {dagbag.py:536} INFO - Filling up the DagBag from /opt/airflow/dags/dag_suivi.py
[2026-07-20T11:11:41.225+0000] {processor.py:839} INFO - DAG(s) dict_keys(['pipeline_ingestion_suivi']) retrieved from /opt/airflow/dags/dag_suivi.py
[2026-07-20T11:11:41.255+0000] {logging_mixin.py:151} INFO - [2026-07-20T11:11:41.255+0000] {dag.py:2941} INFO - Sync 1 DAGs
[2026-07-20T11:11:41.277+0000] {logging_mixin.py:151} INFO - [2026-07-20T11:11:41.277+0000] {dag.py:3722} INFO - Setting next_dagrun for pipeline_ingestion_suivi to 2026-07-20T11:00:00+00:00, run_after=2026-07-20T12:00:00+00:00
[2026-07-20T11:11:41.310+0000] {processor.py:179} INFO - Processing /opt/airflow/dags/dag_suivi.py took 0.117 seconds
[2026-07-20T11:12:11.414+0000] {processor.py:157} INFO - Started process (PID=4385) to work on /opt/airflow/dags/dag_suivi.py
[2026-07-20T11:12:11.415+0000] {processor.py:829} INFO - Processing file /opt/airflow/dags/dag_suivi.py for tasks to queue
[2026-07-20T11:12:11.415+0000] {logging_mixin.py:151} INFO - [2026-07-20T11:12:11.415+0000] {dagbag.py:536} INFO - Filling up the DagBag from /opt/airflow/dags/dag_suivi.py
[2026-07-20T11:12:11.452+0000] {processor.py:839} INFO - DAG(s) dict_keys(['pipeline_ingestion_suivi']) retrieved from /opt/airflow/dags/dag_suivi.py
[2026-07-20T11:12:11.484+0000] {logging_mixin.py:151} INFO - [2026-07-20T11:12:11.484+0000] {dag.py:2941} INFO - Sync 1 DAGs
[2026-07-20T11:12:11.506+0000] {logging_mixin.py:151} INFO - [2026-07-20T11:12:11.506+0000] {dag.py:3722} INFO - Setting next_dagrun for pipeline_ingestion_suivi to 2026-07-20T11:00:00+00:00, run_after=2026-07-20T12:00:00+00:00
[2026-07-20T11:12:11.525+0000] {processor.py:179} INFO - Processing /opt/airflow/dags/dag_suivi.py took 0.114 seconds
[2026-07-20T11:12:41.722+0000] {processor.py:157} INFO - Started process (PID=4390) to work on /opt/airflow/dags/dag_suivi.py
[2026-07-20T11:12:41.723+0000] {processor.py:829} INFO - Processing file /opt/airflow/dags/dag_suivi.py for tasks to queue
[2026-07-20T11:12:41.724+0000] {logging_mixin.py:151} INFO - [2026-07-20T11:12:41.724+0000] {dagbag.py:536} INFO - Filling up the DagBag from /opt/airflow/dags/dag_suivi.py
[2026-07-20T11:12:41.755+0000] {processor.py:839} INFO - DAG(s) dict_keys(['pipeline_ingestion_suivi']) retrieved from /opt/airflow/dags/dag_suivi.py
[2026-07-20T11:12:41.779+0000] {logging_mixin.py:151} INFO - [2026-07-20T11:12:41.779+0000] {dag.py:2941} INFO - Sync 1 DAGs
[2026-07-20T11:12:41.801+0000] {logging_mixin.py:151} INFO - [2026-07-20T11:12:41.800+0000] {dag.py:3722} INFO - Setting next_dagrun for pipeline_ingestion_suivi to 2026-07-20T11:00:00+00:00, run_after=2026-07-20T12:00:00+00:00
[2026-07-20T11:12:41.829+0000] {processor.py:179} INFO - Processing /opt/airflow/dags/dag_suivi.py took 0.110 seconds
[2026-07-20T11:13:11.982+0000] {processor.py:157} INFO - Started process (PID=4395) to work on /opt/airflow/dags/dag_suivi.py
[2026-07-20T11:13:11.983+0000] {processor.py:829} INFO - Processing file /opt/airflow/dags/dag_suivi.py for tasks to queue
[2026-07-20T11:13:11.984+0000] {logging_mixin.py:151} INFO - [2026-07-20T11:13:11.984+0000] {dagbag.py:536} INFO - Filling up the DagBag from /opt/airflow/dags/dag_suivi.py
[2026-07-20T11:13:12.010+0000] {processor.py:839} INFO - DAG(s) dict_keys(['pipeline_ingestion_suivi']) retrieved from /opt/airflow/dags/dag_suivi.py
[2026-07-20T11:13:12.039+0000] {logging_mixin.py:151} INFO - [2026-07-20T11:13:12.038+0000] {dag.py:2941} INFO - Sync 1 DAGs
[2026-07-20T11:13:12.056+0000] {logging_mixin.py:151} INFO - [2026-07-20T11:13:12.056+0000] {dag.py:3722} INFO - Setting next_dagrun for pipeline_ingestion_suivi to 2026-07-20T11:00:00+00:00, run_after=2026-07-20T12:00:00+00:00
[2026-07-20T11:13:12.077+0000] {processor.py:179} INFO - Processing /opt/airflow/dags/dag_suivi.py took 0.098 seconds
[2026-07-20T11:13:42.270+0000] {processor.py:157} INFO - Started process (PID=4400) to work on /opt/airflow/dags/dag_suivi.py
[2026-07-20T11:13:42.271+0000] {processor.py:829} INFO - Processing file /opt/airflow/dags/dag_suivi.py for tasks to queue
[2026-07-20T11:13:42.272+0000] {logging_mixin.py:151} INFO - [2026-07-20T11:13:42.272+0000] {dagbag.py:536} INFO - Filling up the DagBag from /opt/airflow/dags/dag_suivi.py
[2026-07-20T11:13:42.296+0000] {processor.py:839} INFO - DAG(s) dict_keys(['pipeline_ingestion_suivi']) retrieved from /opt/airflow/dags/dag_suivi.py
[2026-07-20T11:13:42.322+0000] {logging_mixin.py:151} INFO - [2026-07-20T11:13:42.322+0000] {dag.py:2941} INFO - Sync 1 DAGs
[2026-07-20T11:13:42.344+0000] {logging_mixin.py:151} INFO - [2026-07-20T11:13:42.344+0000] {dag.py:3722} INFO - Setting next_dagrun for pipeline_ingestion_suivi to 2026-07-20T11:00:00+00:00, run_after=2026-07-20T12:00:00+00:00
[2026-07-20T11:13:42.361+0000] {processor.py:179} INFO - Processing /opt/airflow/dags/dag_suivi.py took 0.094 seconds
[2026-07-20T11:14:12.482+0000] {processor.py:157} INFO - Started process (PID=4405) to work on /opt/airflow/dags/dag_suivi.py
[2026-07-20T11:14:12.483+0000] {processor.py:829} INFO - Processing file /opt/airflow/dags/dag_suivi.py for tasks to queue
[2026-07-20T11:14:12.483+0000] {logging_mixin.py:151} INFO - [2026-07-20T11:14:12.483+0000] {dagbag.py:536} INFO - Filling up the DagBag from /opt/airflow/dags/dag_suivi.py
[2026-07-20T11:14:12.504+0000] {processor.py:839} INFO - DAG(s) dict_keys(['pipeline_ingestion_suivi']) retrieved from /opt/airflow/dags/dag_suivi.py
[2026-07-20T11:14:12.538+0000] {logging_mixin.py:151} INFO - [2026-07-20T11:14:12.538+0000] {dag.py:2941} INFO - Sync 1 DAGs
[2026-07-20T11:14:12.562+0000] {logging_mixin.py:151} INFO - [2026-07-20T11:14:12.562+0000] {dag.py:3722} INFO - Setting next_dagrun for pipeline_ingestion_suivi to 2026-07-20T11:00:00+00:00, run_after=2026-07-20T12:00:00+00:00
[2026-07-20T11:14:12.590+0000] {processor.py:179} INFO - Processing /opt/airflow/dags/dag_suivi.py took 0.111 seconds
[2026-07-20T11:14:42.805+0000] {processor.py:157} INFO - Started process (PID=4410) to work on /opt/airflow/dags/dag_suivi.py
[2026-07-20T11:14:42.806+0000] {processor.py:829} INFO - Processing file /opt/airflow/dags/dag_suivi.py for tasks to queue
[2026-07-20T11:14:42.807+0000] {logging_mixin.py:151} INFO - [2026-07-20T11:14:42.807+0000] {dagbag.py:536} INFO - Filling up the DagBag from /opt/airflow/dags/dag_suivi.py
[2026-07-20T11:14:42.831+0000] {processor.py:839} INFO - DAG(s) dict_keys(['pipeline_ingestion_suivi']) retrieved from /opt/airflow/dags/dag_suivi.py
[2026-07-20T11:14:42.859+0000] {logging_mixin.py:151} INFO - [2026-07-20T11:14:42.859+0000] {dag.py:2941} INFO - Sync 1 DAGs
[2026-07-20T11:14:42.881+0000] {logging_mixin.py:151} INFO - [2026-07-20T11:14:42.881+0000] {dag.py:3722} INFO - Setting next_dagrun for pipeline_ingestion_suivi to 2026-07-20T11:00:00+00:00, run_after=2026-07-20T12:00:00+00:00
[2026-07-20T11:14:42.910+0000] {processor.py:179} INFO - Processing /opt/airflow/dags/dag_suivi.py took 0.108 seconds
[2026-07-20T11:15:13.021+0000] {processor.py:157} INFO - Started process (PID=4415) to work on /opt/airflow/dags/dag_suivi.py
[2026-07-20T11:15:13.022+0000] {processor.py:829} INFO - Processing file /opt/airflow/dags/dag_suivi.py for tasks to queue
[2026-07-20T11:15:13.022+0000] {logging_mixin.py:151} INFO - [2026-07-20T11:15:13.022+0000] {dagbag.py:536} INFO - Filling up the DagBag from /opt/airflow/dags/dag_suivi.py
[2026-07-20T11:15:13.048+0000] {processor.py:839} INFO - DAG(s) dict_keys(['pipeline_ingestion_suivi']) retrieved from /opt/airflow/dags/dag_suivi.py
[2026-07-20T11:15:13.091+0000] {logging_mixin.py:151} INFO - [2026-07-20T11:15:13.090+0000] {dag.py:2941} INFO - Sync 1 DAGs
[2026-07-20T11:15:13.112+0000] {logging_mixin.py:151} INFO - [2026-07-20T11:15:13.112+0000] {dag.py:3722} INFO - Setting next_dagrun for pipeline_ingestion_suivi to 2026-07-20T11:00:00+00:00, run_after=2026-07-20T12:00:00+00:00
[2026-07-20T11:15:13.131+0000] {processor.py:179} INFO - Processing /opt/airflow/dags/dag_suivi.py took 0.114 seconds
[2026-07-20T11:15:43.353+0000] {processor.py:157} INFO - Started process (PID=4420) to work on /opt/airflow/dags/dag_suivi.py
[2026-07-20T11:15:43.354+0000] {processor.py:829} INFO - Processing file /opt/airflow/dags/dag_suivi.py for tasks to queue
[2026-07-20T11:15:43.356+0000] {logging_mixin.py:151} INFO - [2026-07-20T11:15:43.356+0000] {dagbag.py:536} INFO - Filling up the DagBag from /opt/airflow/dags/dag_suivi.py
[2026-07-20T11:15:43.383+0000] {processor.py:839} INFO - DAG(s) dict_keys(['pipeline_ingestion_suivi']) retrieved from /opt/airflow/dags/dag_suivi.py
[2026-07-20T11:15:43.409+0000] {logging_mixin.py:151} INFO - [2026-07-20T11:15:43.409+0000] {dag.py:2941} INFO - Sync 1 DAGs
[2026-07-20T11:15:43.433+0000] {logging_mixin.py:151} INFO - [2026-07-20T11:15:43.433+0000] {dag.py:3722} INFO - Setting next_dagrun for pipeline_ingestion_suivi to 2026-07-20T11:00:00+00:00, run_after=2026-07-20T12:00:00+00:00
[2026-07-20T11:15:43.462+0000] {processor.py:179} INFO - Processing /opt/airflow/dags/dag_suivi.py took 0.112 seconds
[2026-07-20T11:16:13.603+0000] {processor.py:157} INFO - Started process (PID=4425) to work on /opt/airflow/dags/dag_suivi.py
[2026-07-20T11:16:13.604+0000] {processor.py:829} INFO - Processing file /opt/airflow/dags/dag_suivi.py for tasks to queue
[2026-07-20T11:16:13.605+0000] {logging_mixin.py:151} INFO - [2026-07-20T11:16:13.605+0000] {dagbag.py:536} INFO - Filling up the DagBag from /opt/airflow/dags/dag_suivi.py
[2026-07-20T11:16:13.632+0000] {processor.py:839} INFO - DAG(s) dict_keys(['pipeline_ingestion_suivi']) retrieved from /opt/airflow/dags/dag_suivi.py
[2026-07-20T11:16:13.663+0000] {logging_mixin.py:151} INFO - [2026-07-20T11:16:13.662+0000] {dag.py:2941} INFO - Sync 1 DAGs
[2026-07-20T11:16:13.687+0000] {logging_mixin.py:151} INFO - [2026-07-20T11:16:13.687+0000] {dag.py:3722} INFO - Setting next_dagrun for pipeline_ingestion_suivi to 2026-07-20T11:00:00+00:00, run_after=2026-07-20T12:00:00+00:00
[2026-07-20T11:16:13.718+0000] {processor.py:179} INFO - Processing /opt/airflow/dags/dag_suivi.py took 0.120 seconds
[2026-07-20T11:16:43.889+0000] {processor.py:157} INFO - Started process (PID=4430) to work on /opt/airflow/dags/dag_suivi.py
[2026-07-20T11:16:43.889+0000] {processor.py:829} INFO - Processing file /opt/airflow/dags/dag_suivi.py for tasks to queue
[2026-07-20T11:16:43.890+0000] {logging_mixin.py:151} INFO - [2026-07-20T11:16:43.890+0000] {dagbag.py:536} INFO - Filling up the DagBag from /opt/airflow/dags/dag_suivi.py
[2026-07-20T11:16:43.914+0000] {processor.py:839} INFO - DAG(s) dict_keys(['pipeline_ingestion_suivi']) retrieved from /opt/airflow/dags/dag_suivi.py
[2026-07-20T11:16:43.937+0000] {logging_mixin.py:151} INFO - [2026-07-20T11:16:43.937+0000] {dag.py:2941} INFO - Sync 1 DAGs
[2026-07-20T11:16:43.958+0000] {logging_mixin.py:151} INFO - [2026-07-20T11:16:43.958+0000] {dag.py:3722} INFO - Setting next_dagrun for pipeline_ingestion_suivi to 2026-07-20T11:00:00+00:00, run_after=2026-07-20T12:00:00+00:00
[2026-07-20T11:16:43.977+0000] {processor.py:179} INFO - Processing /opt/airflow/dags/dag_suivi.py took 0.091 seconds
[2026-07-20T11:17:14.149+0000] {processor.py:157} INFO - Started process (PID=4435) to work on /opt/airflow/dags/dag_suivi.py
[2026-07-20T11:17:14.150+0000] {processor.py:829} INFO - Processing file /opt/airflow/dags/dag_suivi.py for tasks to queue
[2026-07-20T11:17:14.151+0000] {logging_mixin.py:151} INFO - [2026-07-20T11:17:14.151+0000] {dagbag.py:536} INFO - Filling up the DagBag from /opt/airflow/dags/dag_suivi.py
[2026-07-20T11:17:14.180+0000] {processor.py:839} INFO - DAG(s) dict_keys(['pipeline_ingestion_suivi']) retrieved from /opt/airflow/dags/dag_suivi.py
[2026-07-20T11:17:14.209+0000] {logging_mixin.py:151} INFO - [2026-07-20T11:17:14.209+0000] {dag.py:2941} INFO - Sync 1 DAGs
[2026-07-20T11:17:14.231+0000] {logging_mixin.py:151} INFO - [2026-07-20T11:17:14.230+0000] {dag.py:3722} INFO - Setting next_dagrun for pipeline_ingestion_suivi to 2026-07-20T11:00:00+00:00, run_after=2026-07-20T12:00:00+00:00
[2026-07-20T11:17:14.259+0000] {processor.py:179} INFO - Processing /opt/airflow/dags/dag_suivi.py took 0.113 seconds
[2026-07-20T11:17:44.399+0000] {processor.py:157} INFO - Started process (PID=4440) to work on /opt/airflow/dags/dag_suivi.py
[2026-07-20T11:17:44.401+0000] {processor.py:829} INFO - Processing file /opt/airflow/dags/dag_suivi.py for tasks to queue
[2026-07-20T11:17:44.401+0000] {logging_mixin.py:151} INFO - [2026-07-20T11:17:44.401+0000] {dagbag.py:536} INFO - Filling up the DagBag from /opt/airflow/dags/dag_suivi.py
[2026-07-20T11:17:44.426+0000] {processor.py:839} INFO - DAG(s) dict_keys(['pipeline_ingestion_suivi']) retrieved from /opt/airflow/dags/dag_suivi.py
[2026-07-20T11:17:44.457+0000] {logging_mixin.py:151} INFO - [2026-07-20T11:17:44.457+0000] {dag.py:2941} INFO - Sync 1 DAGs
[2026-07-20T11:17:44.477+0000] {logging_mixin.py:151} INFO - [2026-07-20T11:17:44.477+0000] {dag.py:3722} INFO - Setting next_dagrun for pipeline_ingestion_suivi to 2026-07-20T11:00:00+00:00, run_after=2026-07-20T12:00:00+00:00
[2026-07-20T11:17:44.496+0000] {processor.py:179} INFO - Processing /opt/airflow/dags/dag_suivi.py took 0.099 seconds
[2026-07-20T11:18:14.696+0000] {processor.py:157} INFO - Started process (PID=4445) to work on /opt/airflow/dags/dag_suivi.py
[2026-07-20T11:18:14.697+0000] {processor.py:829} INFO - Processing file /opt/airflow/dags/dag_suivi.py for tasks to queue
[2026-07-20T11:18:14.698+0000] {logging_mixin.py:151} INFO - [2026-07-20T11:18:14.698+0000] {dagbag.py:536} INFO - Filling up the DagBag from /opt/airflow/dags/dag_suivi.py
[2026-07-20T11:18:14.722+0000] {processor.py:839} INFO - DAG(s) dict_keys(['pipeline_ingestion_suivi']) retrieved from /opt/airflow/dags/dag_suivi.py
[2026-07-20T11:18:14.751+0000] {logging_mixin.py:151} INFO - [2026-07-20T11:18:14.751+0000] {dag.py:2941} INFO - Sync 1 DAGs
[2026-07-20T11:18:14.770+0000] {logging_mixin.py:151} INFO - [2026-07-20T11:18:14.770+0000] {dag.py:3722} INFO - Setting next_dagrun for pipeline_ingestion_suivi to 2026-07-20T11:00:00+00:00, run_after=2026-07-20T12:00:00+00:00
[2026-07-20T11:18:14.789+0000] {processor.py:179} INFO - Processing /opt/airflow/dags/dag_suivi.py took 0.096 seconds
[2026-07-20T11:18:44.931+0000] {processor.py:157} INFO - Started process (PID=4450) to work on /opt/airflow/dags/dag_suivi.py
[2026-07-20T11:18:44.934+0000] {processor.py:829} INFO - Processing file /opt/airflow/dags/dag_suivi.py for tasks to queue
[2026-07-20T11:18:44.935+0000] {logging_mixin.py:151} INFO - [2026-07-20T11:18:44.935+0000] {dagbag.py:536} INFO - Filling up the DagBag from /opt/airflow/dags/dag_suivi.py
[2026-07-20T11:18:44.960+0000] {processor.py:839} INFO - DAG(s) dict_keys(['pipeline_ingestion_suivi']) retrieved from /opt/airflow/dags/dag_suivi.py
[2026-07-20T11:18:44.989+0000] {logging_mixin.py:151} INFO - [2026-07-20T11:18:44.989+0000] {dag.py:2941} INFO - Sync 1 DAGs
[2026-07-20T11:18:45.012+0000] {logging_mixin.py:151} INFO - [2026-07-20T11:18:45.011+0000] {dag.py:3722} INFO - Setting next_dagrun for pipeline_ingestion_suivi to 2026-07-20T11:00:00+00:00, run_after=2026-07-20T12:00:00+00:00
[2026-07-20T11:18:45.034+0000] {processor.py:179} INFO - Processing /opt/airflow/dags/dag_suivi.py took 0.106 seconds
[2026-07-20T11:19:15.212+0000] {processor.py:157} INFO - Started process (PID=4455) to work on /opt/airflow/dags/dag_suivi.py
[2026-07-20T11:19:15.213+0000] {processor.py:829} INFO - Processing file /opt/airflow/dags/dag_suivi.py for tasks to queue
[2026-07-20T11:19:15.214+0000] {logging_mixin.py:151} INFO - [2026-07-20T11:19:15.214+0000] {dagbag.py:536} INFO - Filling up the DagBag from /opt/airflow/dags/dag_suivi.py
[2026-07-20T11:19:15.240+0000] {processor.py:839} INFO - DAG(s) dict_keys(['pipeline_ingestion_suivi']) retrieved from /opt/airflow/dags/dag_suivi.py
[2026-07-20T11:19:15.271+0000] {logging_mixin.py:151} INFO - [2026-07-20T11:19:15.270+0000] {dag.py:2941} INFO - Sync 1 DAGs
[2026-07-20T11:19:15.296+0000] {logging_mixin.py:151} INFO - [2026-07-20T11:19:15.296+0000] {dag.py:3722} INFO - Setting next_dagrun for pipeline_ingestion_suivi to 2026-07-20T11:00:00+00:00, run_after=2026-07-20T12:00:00+00:00
[2026-07-20T11:19:15.313+0000] {processor.py:179} INFO - Processing /opt/airflow/dags/dag_suivi.py took 0.106 seconds
[2026-07-20T11:19:45.417+0000] {processor.py:157} INFO - Started process (PID=4460) to work on /opt/airflow/dags/dag_suivi.py
[2026-07-20T11:19:45.418+0000] {processor.py:829} INFO - Processing file /opt/airflow/dags/dag_suivi.py for tasks to queue
[2026-07-20T11:19:45.419+0000] {logging_mixin.py:151} INFO - [2026-07-20T11:19:45.419+0000] {dagbag.py:536} INFO - Filling up the DagBag from /opt/airflow/dags/dag_suivi.py
[2026-07-20T11:19:45.445+0000] {processor.py:839} INFO - DAG(s) dict_keys(['pipeline_ingestion_suivi']) retrieved from /opt/airflow/dags/dag_suivi.py
[2026-07-20T11:19:45.487+0000] {logging_mixin.py:151} INFO - [2026-07-20T11:19:45.487+0000] {dag.py:2941} INFO - Sync 1 DAGs
[2026-07-20T11:19:45.515+0000] {logging_mixin.py:151} INFO - [2026-07-20T11:19:45.515+0000] {dag.py:3722} INFO - Setting next_dagrun for pipeline_ingestion_suivi to 2026-07-20T11:00:00+00:00, run_after=2026-07-20T12:00:00+00:00
[2026-07-20T11:19:45.533+0000] {processor.py:179} INFO - Processing /opt/airflow/dags/dag_suivi.py took 0.120 seconds
[2026-07-20T11:20:15.705+0000] {processor.py:157} INFO - Started process (PID=4465) to work on /opt/airflow/dags/dag_suivi.py
[2026-07-20T11:20:15.706+0000] {processor.py:829} INFO - Processing file /opt/airflow/dags/dag_suivi.py for tasks to queue
[2026-07-20T11:20:15.708+0000] {logging_mixin.py:151} INFO - [2026-07-20T11:20:15.707+0000] {dagbag.py:536} INFO - Filling up the DagBag from /opt/airflow/dags/dag_suivi.py
[2026-07-20T11:20:15.739+0000] {processor.py:839} INFO - DAG(s) dict_keys(['pipeline_ingestion_suivi']) retrieved from /opt/airflow/dags/dag_suivi.py
[2026-07-20T11:20:15.766+0000] {logging_mixin.py:151} INFO - [2026-07-20T11:20:15.765+0000] {dag.py:2941} INFO - Sync 1 DAGs
[2026-07-20T11:20:15.787+0000] {logging_mixin.py:151} INFO - [2026-07-20T11:20:15.787+0000] {dag.py:3722} INFO - Setting next_dagrun for pipeline_ingestion_suivi to 2026-07-20T11:00:00+00:00, run_after=2026-07-20T12:00:00+00:00
[2026-07-20T11:20:15.805+0000] {processor.py:179} INFO - Processing /opt/airflow/dags/dag_suivi.py took 0.103 seconds
[2026-07-20T11:20:45.924+0000] {processor.py:157} INFO - Started process (PID=4470) to work on /opt/airflow/dags/dag_suivi.py
[2026-07-20T11:20:45.925+0000] {processor.py:829} INFO - Processing file /opt/airflow/dags/dag_suivi.py for tasks to queue
[2026-07-20T11:20:45.926+0000] {logging_mixin.py:151} INFO - [2026-07-20T11:20:45.926+0000] {dagbag.py:536} INFO - Filling up the DagBag from /opt/airflow/dags/dag_suivi.py
[2026-07-20T11:20:45.949+0000] {processor.py:839} INFO - DAG(s) dict_keys(['pipeline_ingestion_suivi']) retrieved from /opt/airflow/dags/dag_suivi.py
[2026-07-20T11:20:45.974+0000] {logging_mixin.py:151} INFO - [2026-07-20T11:20:45.974+0000] {dag.py:2941} INFO - Sync 1 DAGs
[2026-07-20T11:20:45.994+0000] {logging_mixin.py:151} INFO - [2026-07-20T11:20:45.994+0000] {dag.py:3722} INFO - Setting next_dagrun for pipeline_ingestion_suivi to 2026-07-20T11:00:00+00:00, run_after=2026-07-20T12:00:00+00:00
[2026-07-20T11:20:46.014+0000] {processor.py:179} INFO - Processing /opt/airflow/dags/dag_suivi.py took 0.094 seconds
[2026-07-20T11:21:16.237+0000] {processor.py:157} INFO - Started process (PID=4475) to work on /opt/airflow/dags/dag_suivi.py
[2026-07-20T11:21:16.238+0000] {processor.py:829} INFO - Processing file /opt/airflow/dags/dag_suivi.py for tasks to queue
[2026-07-20T11:21:16.239+0000] {logging_mixin.py:151} INFO - [2026-07-20T11:21:16.239+0000] {dagbag.py:536} INFO - Filling up the DagBag from /opt/airflow/dags/dag_suivi.py
[2026-07-20T11:21:16.272+0000] {processor.py:839} INFO - DAG(s) dict_keys(['pipeline_ingestion_suivi']) retrieved from /opt/airflow/dags/dag_suivi.py
[2026-07-20T11:21:16.309+0000] {logging_mixin.py:151} INFO - [2026-07-20T11:21:16.309+0000] {dag.py:2941} INFO - Sync 1 DAGs
[2026-07-20T11:21:16.348+0000] {logging_mixin.py:151} INFO - [2026-07-20T11:21:16.348+0000] {dag.py:3722} INFO - Setting next_dagrun for pipeline_ingestion_suivi to 2026-07-20T11:00:00+00:00, run_after=2026-07-20T12:00:00+00:00
[2026-07-20T11:21:16.389+0000] {processor.py:179} INFO - Processing /opt/airflow/dags/dag_suivi.py took 0.156 seconds
[2026-07-20T11:21:46.455+0000] {processor.py:157} INFO - Started process (PID=4480) to work on /opt/airflow/dags/dag_suivi.py
[2026-07-20T11:21:46.456+0000] {processor.py:829} INFO - Processing file /opt/airflow/dags/dag_suivi.py for tasks to queue
[2026-07-20T11:21:46.458+0000] {logging_mixin.py:151} INFO - [2026-07-20T11:21:46.457+0000] {dagbag.py:536} INFO - Filling up the DagBag from /opt/airflow/dags/dag_suivi.py
[2026-07-20T11:21:46.491+0000] {processor.py:839} INFO - DAG(s) dict_keys(['pipeline_ingestion_suivi']) retrieved from /opt/airflow/dags/dag_suivi.py
[2026-07-20T11:21:46.520+0000] {logging_mixin.py:151} INFO - [2026-07-20T11:21:46.519+0000] {dag.py:2941} INFO - Sync 1 DAGs
[2026-07-20T11:21:46.546+0000] {logging_mixin.py:151} INFO - [2026-07-20T11:21:46.546+0000] {dag.py:3722} INFO - Setting next_dagrun for pipeline_ingestion_suivi to 2026-07-20T11:00:00+00:00, run_after=2026-07-20T12:00:00+00:00
[2026-07-20T11:21:46.570+0000] {processor.py:179} INFO - Processing /opt/airflow/dags/dag_suivi.py took 0.118 seconds
[2026-07-20T11:22:16.688+0000] {processor.py:157} INFO - Started process (PID=4485) to work on /opt/airflow/dags/dag_suivi.py
[2026-07-20T11:22:16.691+0000] {processor.py:829} INFO - Processing file /opt/airflow/dags/dag_suivi.py for tasks to queue
[2026-07-20T11:22:16.692+0000] {logging_mixin.py:151} INFO - [2026-07-20T11:22:16.692+0000] {dagbag.py:536} INFO - Filling up the DagBag from /opt/airflow/dags/dag_suivi.py
[2026-07-20T11:22:16.711+0000] {processor.py:839} INFO - DAG(s) dict_keys(['pipeline_ingestion_suivi']) retrieved from /opt/airflow/dags/dag_suivi.py
[2026-07-20T11:22:16.744+0000] {logging_mixin.py:151} INFO - [2026-07-20T11:22:16.744+0000] {dag.py:2941} INFO - Sync 1 DAGs
[2026-07-20T11:22:16.766+0000] {logging_mixin.py:151} INFO - [2026-07-20T11:22:16.766+0000] {dag.py:3722} INFO - Setting next_dagrun for pipeline_ingestion_suivi to 2026-07-20T11:00:00+00:00, run_after=2026-07-20T12:00:00+00:00
[2026-07-20T11:22:16.783+0000] {processor.py:179} INFO - Processing /opt/airflow/dags/dag_suivi.py took 0.099 seconds
[2026-07-20T11:22:46.988+0000] {processor.py:157} INFO - Started process (PID=4490) to work on /opt/airflow/dags/dag_suivi.py
[2026-07-20T11:22:46.989+0000] {processor.py:829} INFO - Processing file /opt/airflow/dags/dag_suivi.py for tasks to queue
[2026-07-20T11:22:46.990+0000] {logging_mixin.py:151} INFO - [2026-07-20T11:22:46.990+0000] {dagbag.py:536} INFO - Filling up the DagBag from /opt/airflow/dags/dag_suivi.py
[2026-07-20T11:22:47.017+0000] {processor.py:839} INFO - DAG(s) dict_keys(['pipeline_ingestion_suivi']) retrieved from /opt/airflow/dags/dag_suivi.py
[2026-07-20T11:22:47.042+0000] {logging_mixin.py:151} INFO - [2026-07-20T11:22:47.042+0000] {dag.py:2941} INFO - Sync 1 DAGs
[2026-07-20T11:22:47.066+0000] {logging_mixin.py:151} INFO - [2026-07-20T11:22:47.066+0000] {dag.py:3722} INFO - Setting next_dagrun for pipeline_ingestion_suivi to 2026-07-20T11:00:00+00:00, run_after=2026-07-20T12:00:00+00:00
[2026-07-20T11:22:47.084+0000] {processor.py:179} INFO - Processing /opt/airflow/dags/dag_suivi.py took 0.099 seconds
[2026-07-20T11:23:17.214+0000] {processor.py:157} INFO - Started process (PID=4495) to work on /opt/airflow/dags/dag_suivi.py
[2026-07-20T11:23:17.215+0000] {processor.py:829} INFO - Processing file /opt/airflow/dags/dag_suivi.py for tasks to queue
[2026-07-20T11:23:17.216+0000] {logging_mixin.py:151} INFO - [2026-07-20T11:23:17.216+0000] {dagbag.py:536} INFO - Filling up the DagBag from /opt/airflow/dags/dag_suivi.py
[2026-07-20T11:23:17.240+0000] {processor.py:839} INFO - DAG(s) dict_keys(['pipeline_ingestion_suivi']) retrieved from /opt/airflow/dags/dag_suivi.py
[2026-07-20T11:23:17.267+0000] {logging_mixin.py:151} INFO - [2026-07-20T11:23:17.267+0000] {dag.py:2941} INFO - Sync 1 DAGs
[2026-07-20T11:23:17.286+0000] {logging_mixin.py:151} INFO - [2026-07-20T11:23:17.285+0000] {dag.py:3722} INFO - Setting next_dagrun for pipeline_ingestion_suivi to 2026-07-20T11:00:00+00:00, run_after=2026-07-20T12:00:00+00:00
[2026-07-20T11:23:17.304+0000] {processor.py:179} INFO - Processing /opt/airflow/dags/dag_suivi.py took 0.092 seconds
[2026-07-20T11:23:47.482+0000] {processor.py:157} INFO - Started process (PID=4500) to work on /opt/airflow/dags/dag_suivi.py
[2026-07-20T11:23:47.483+0000] {processor.py:829} INFO - Processing file /opt/airflow/dags/dag_suivi.py for tasks to queue
[2026-07-20T11:23:47.484+0000] {logging_mixin.py:151} INFO - [2026-07-20T11:23:47.484+0000] {dagbag.py:536} INFO - Filling up the DagBag from /opt/airflow/dags/dag_suivi.py
[2026-07-20T11:23:47.508+0000] {processor.py:839} INFO - DAG(s) dict_keys(['pipeline_ingestion_suivi']) retrieved from /opt/airflow/dags/dag_suivi.py
[2026-07-20T11:23:47.532+0000] {logging_mixin.py:151} INFO - [2026-07-20T11:23:47.532+0000] {dag.py:2941} INFO - Sync 1 DAGs
[2026-07-20T11:23:47.555+0000] {logging_mixin.py:151} INFO - [2026-07-20T11:23:47.555+0000] {dag.py:3722} INFO - Setting next_dagrun for pipeline_ingestion_suivi to 2026-07-20T11:00:00+00:00, run_after=2026-07-20T12:00:00+00:00
[2026-07-20T11:23:47.574+0000] {processor.py:179} INFO - Processing /opt/airflow/dags/dag_suivi.py took 0.096 seconds
[2026-07-20T11:24:17.683+0000] {processor.py:157} INFO - Started process (PID=4505) to work on /opt/airflow/dags/dag_suivi.py
[2026-07-20T11:24:17.684+0000] {processor.py:829} INFO - Processing file /opt/airflow/dags/dag_suivi.py for tasks to queue
[2026-07-20T11:24:17.685+0000] {logging_mixin.py:151} INFO - [2026-07-20T11:24:17.684+0000] {dagbag.py:536} INFO - Filling up the DagBag from /opt/airflow/dags/dag_suivi.py
[2026-07-20T11:24:17.707+0000] {processor.py:839} INFO - DAG(s) dict_keys(['pipeline_ingestion_suivi']) retrieved from /opt/airflow/dags/dag_suivi.py
[2026-07-20T11:24:17.733+0000] {logging_mixin.py:151} INFO - [2026-07-20T11:24:17.733+0000] {dag.py:2941} INFO - Sync 1 DAGs
[2026-07-20T11:24:17.752+0000] {logging_mixin.py:151} INFO - [2026-07-20T11:24:17.752+0000] {dag.py:3722} INFO - Setting next_dagrun for pipeline_ingestion_suivi to 2026-07-20T11:00:00+00:00, run_after=2026-07-20T12:00:00+00:00
[2026-07-20T11:24:17.781+0000] {processor.py:179} INFO - Processing /opt/airflow/dags/dag_suivi.py took 0.100 seconds
[2026-07-20T11:24:47.965+0000] {processor.py:157} INFO - Started process (PID=4510) to work on /opt/airflow/dags/dag_suivi.py
[2026-07-20T11:24:47.966+0000] {processor.py:829} INFO - Processing file /opt/airflow/dags/dag_suivi.py for tasks to queue
[2026-07-20T11:24:47.967+0000] {logging_mixin.py:151} INFO - [2026-07-20T11:24:47.967+0000] {dagbag.py:536} INFO - Filling up the DagBag from /opt/airflow/dags/dag_suivi.py
[2026-07-20T11:24:47.991+0000] {processor.py:839} INFO - DAG(s) dict_keys(['pipeline_ingestion_suivi']) retrieved from /opt/airflow/dags/dag_suivi.py
[2026-07-20T11:24:48.018+0000] {logging_mixin.py:151} INFO - [2026-07-20T11:24:48.017+0000] {dag.py:2941} INFO - Sync 1 DAGs
[2026-07-20T11:24:48.039+0000] {logging_mixin.py:151} INFO - [2026-07-20T11:24:48.038+0000] {dag.py:3722} INFO - Setting next_dagrun for pipeline_ingestion_suivi to 2026-07-20T11:00:00+00:00, run_after=2026-07-20T12:00:00+00:00
[2026-07-20T11:24:48.068+0000] {processor.py:179} INFO - Processing /opt/airflow/dags/dag_suivi.py took 0.107 seconds
[2026-07-20T11:25:18.165+0000] {processor.py:157} INFO - Started process (PID=4515) to work on /opt/airflow/dags/dag_suivi.py
[2026-07-20T11:25:18.166+0000] {processor.py:829} INFO - Processing file /opt/airflow/dags/dag_suivi.py for tasks to queue
[2026-07-20T11:25:18.168+0000] {logging_mixin.py:151} INFO - [2026-07-20T11:25:18.167+0000] {dagbag.py:536} INFO - Filling up the DagBag from /opt/airflow/dags/dag_suivi.py
[2026-07-20T11:25:18.195+0000] {processor.py:839} INFO - DAG(s) dict_keys(['pipeline_ingestion_suivi']) retrieved from /opt/airflow/dags/dag_suivi.py
[2026-07-20T11:25:18.219+0000] {logging_mixin.py:151} INFO - [2026-07-20T11:25:18.219+0000] {dag.py:2941} INFO - Sync 1 DAGs
[2026-07-20T11:25:18.240+0000] {logging_mixin.py:151} INFO - [2026-07-20T11:25:18.240+0000] {dag.py:3722} INFO - Setting next_dagrun for pipeline_ingestion_suivi to 2026-07-20T11:00:00+00:00, run_after=2026-07-20T12:00:00+00:00
[2026-07-20T11:25:18.259+0000] {processor.py:179} INFO - Processing /opt/airflow/dags/dag_suivi.py took 0.098 seconds
[2026-07-20T11:25:48.465+0000] {processor.py:157} INFO - Started process (PID=4520) to work on /opt/airflow/dags/dag_suivi.py
[2026-07-20T11:25:48.466+0000] {processor.py:829} INFO - Processing file /opt/airflow/dags/dag_suivi.py for tasks to queue
[2026-07-20T11:25:48.467+0000] {logging_mixin.py:151} INFO - [2026-07-20T11:25:48.466+0000] {dagbag.py:536} INFO - Filling up the DagBag from /opt/airflow/dags/dag_suivi.py
[2026-07-20T11:25:48.492+0000] {processor.py:839} INFO - DAG(s) dict_keys(['pipeline_ingestion_suivi']) retrieved from /opt/airflow/dags/dag_suivi.py
[2026-07-20T11:25:48.515+0000] {logging_mixin.py:151} INFO - [2026-07-20T11:25:48.515+0000] {dag.py:2941} INFO - Sync 1 DAGs
[2026-07-20T11:25:48.533+0000] {logging_mixin.py:151} INFO - [2026-07-20T11:25:48.533+0000] {dag.py:3722} INFO - Setting next_dagrun for pipeline_ingestion_suivi to 2026-07-20T11:00:00+00:00, run_after=2026-07-20T12:00:00+00:00
[2026-07-20T11:25:48.551+0000] {processor.py:179} INFO - Processing /opt/airflow/dags/dag_suivi.py took 0.089 seconds
[2026-07-20T11:26:18.694+0000] {processor.py:157} INFO - Started process (PID=4525) to work on /opt/airflow/dags/dag_suivi.py
[2026-07-20T11:26:18.695+0000] {processor.py:829} INFO - Processing file /opt/airflow/dags/dag_suivi.py for tasks to queue
[2026-07-20T11:26:18.697+0000] {logging_mixin.py:151} INFO - [2026-07-20T11:26:18.696+0000] {dagbag.py:536} INFO - Filling up the DagBag from /opt/airflow/dags/dag_suivi.py
[2026-07-20T11:26:18.724+0000] {processor.py:839} INFO - DAG(s) dict_keys(['pipeline_ingestion_suivi']) retrieved from /opt/airflow/dags/dag_suivi.py
[2026-07-20T11:26:18.749+0000] {logging_mixin.py:151} INFO - [2026-07-20T11:26:18.749+0000] {dag.py:2941} INFO - Sync 1 DAGs
[2026-07-20T11:26:18.770+0000] {logging_mixin.py:151} INFO - [2026-07-20T11:26:18.770+0000] {dag.py:3722} INFO - Setting next_dagrun for pipeline_ingestion_suivi to 2026-07-20T11:00:00+00:00, run_after=2026-07-20T12:00:00+00:00
[2026-07-20T11:26:18.793+0000] {processor.py:179} INFO - Processing /opt/airflow/dags/dag_suivi.py took 0.103 seconds
[2026-07-20T11:26:48.952+0000] {processor.py:157} INFO - Started process (PID=4530) to work on /opt/airflow/dags/dag_suivi.py
[2026-07-20T11:26:48.953+0000] {processor.py:829} INFO - Processing file /opt/airflow/dags/dag_suivi.py for tasks to queue
[2026-07-20T11:26:48.954+0000] {logging_mixin.py:151} INFO - [2026-07-20T11:26:48.953+0000] {dagbag.py:536} INFO - Filling up the DagBag from /opt/airflow/dags/dag_suivi.py
[2026-07-20T11:26:48.980+0000] {processor.py:839} INFO - DAG(s) dict_keys(['pipeline_ingestion_suivi']) retrieved from /opt/airflow/dags/dag_suivi.py
[2026-07-20T11:26:49.003+0000] {logging_mixin.py:151} INFO - [2026-07-20T11:26:49.003+0000] {dag.py:2941} INFO - Sync 1 DAGs
[2026-07-20T11:26:49.023+0000] {logging_mixin.py:151} INFO - [2026-07-20T11:26:49.023+0000] {dag.py:3722} INFO - Setting next_dagrun for pipeline_ingestion_suivi to 2026-07-20T11:00:00+00:00, run_after=2026-07-20T12:00:00+00:00
[2026-07-20T11:26:49.049+0000] {processor.py:179} INFO - Processing /opt/airflow/dags/dag_suivi.py took 0.101 seconds
[2026-07-20T11:27:19.209+0000] {processor.py:157} INFO - Started process (PID=4535) to work on /opt/airflow/dags/dag_suivi.py
[2026-07-20T11:27:19.210+0000] {processor.py:829} INFO - Processing file /opt/airflow/dags/dag_suivi.py for tasks to queue
[2026-07-20T11:27:19.211+0000] {logging_mixin.py:151} INFO - [2026-07-20T11:27:19.211+0000] {dagbag.py:536} INFO - Filling up the DagBag from /opt/airflow/dags/dag_suivi.py
[2026-07-20T11:27:19.235+0000] {processor.py:839} INFO - DAG(s) dict_keys(['pipeline_ingestion_suivi']) retrieved from /opt/airflow/dags/dag_suivi.py
[2026-07-20T11:27:19.260+0000] {logging_mixin.py:151} INFO - [2026-07-20T11:27:19.260+0000] {dag.py:2941} INFO - Sync 1 DAGs
[2026-07-20T11:27:19.278+0000] {logging_mixin.py:151} INFO - [2026-07-20T11:27:19.277+0000] {dag.py:3722} INFO - Setting next_dagrun for pipeline_ingestion_suivi to 2026-07-20T11:00:00+00:00, run_after=2026-07-20T12:00:00+00:00
[2026-07-20T11:27:19.309+0000] {processor.py:179} INFO - Processing /opt/airflow/dags/dag_suivi.py took 0.105 seconds
[2026-07-20T11:27:49.455+0000] {processor.py:157} INFO - Started process (PID=4540) to work on /opt/airflow/dags/dag_suivi.py
[2026-07-20T11:27:49.456+0000] {processor.py:829} INFO - Processing file /opt/airflow/dags/dag_suivi.py for tasks to queue
[2026-07-20T11:27:49.457+0000] {logging_mixin.py:151} INFO - [2026-07-20T11:27:49.456+0000] {dagbag.py:536} INFO - Filling up the DagBag from /opt/airflow/dags/dag_suivi.py
[2026-07-20T11:27:49.480+0000] {processor.py:839} INFO - DAG(s) dict_keys(['pipeline_ingestion_suivi']) retrieved from /opt/airflow/dags/dag_suivi.py
[2026-07-20T11:27:49.506+0000] {logging_mixin.py:151} INFO - [2026-07-20T11:27:49.506+0000] {dag.py:2941} INFO - Sync 1 DAGs
[2026-07-20T11:27:49.525+0000] {logging_mixin.py:151} INFO - [2026-07-20T11:27:49.525+0000] {dag.py:3722} INFO - Setting next_dagrun for pipeline_ingestion_suivi to 2026-07-20T11:00:00+00:00, run_after=2026-07-20T12:00:00+00:00
[2026-07-20T11:27:49.551+0000] {processor.py:179} INFO - Processing /opt/airflow/dags/dag_suivi.py took 0.099 seconds
[2026-07-20T11:28:19.719+0000] {processor.py:157} INFO - Started process (PID=4545) to work on /opt/airflow/dags/dag_suivi.py
[2026-07-20T11:28:19.720+0000] {processor.py:829} INFO - Processing file /opt/airflow/dags/dag_suivi.py for tasks to queue
[2026-07-20T11:28:19.721+0000] {logging_mixin.py:151} INFO - [2026-07-20T11:28:19.720+0000] {dagbag.py:536} INFO - Filling up the DagBag from /opt/airflow/dags/dag_suivi.py
[2026-07-20T11:28:19.745+0000] {processor.py:839} INFO - DAG(s) dict_keys(['pipeline_ingestion_suivi']) retrieved from /opt/airflow/dags/dag_suivi.py
[2026-07-20T11:28:19.775+0000] {logging_mixin.py:151} INFO - [2026-07-20T11:28:19.775+0000] {dag.py:2941} INFO - Sync 1 DAGs
[2026-07-20T11:28:19.801+0000] {logging_mixin.py:151} INFO - [2026-07-20T11:28:19.801+0000] {dag.py:3722} INFO - Setting next_dagrun for pipeline_ingestion_suivi to 2026-07-20T11:00:00+00:00, run_after=2026-07-20T12:00:00+00:00
[2026-07-20T11:28:19.824+0000] {processor.py:179} INFO - Processing /opt/airflow/dags/dag_suivi.py took 0.108 seconds
[2026-07-20T11:28:49.956+0000] {processor.py:157} INFO - Started process (PID=4550) to work on /opt/airflow/dags/dag_suivi.py
[2026-07-20T11:28:49.957+0000] {processor.py:829} INFO - Processing file /opt/airflow/dags/dag_suivi.py for tasks to queue
[2026-07-20T11:28:49.958+0000] {logging_mixin.py:151} INFO - [2026-07-20T11:28:49.957+0000] {dagbag.py:536} INFO - Filling up the DagBag from /opt/airflow/dags/dag_suivi.py
[2026-07-20T11:28:49.979+0000] {processor.py:839} INFO - DAG(s) dict_keys(['pipeline_ingestion_suivi']) retrieved from /opt/airflow/dags/dag_suivi.py
[2026-07-20T11:28:50.005+0000] {logging_mixin.py:151} INFO - [2026-07-20T11:28:50.005+0000] {dag.py:2941} INFO - Sync 1 DAGs
[2026-07-20T11:28:50.027+0000] {logging_mixin.py:151} INFO - [2026-07-20T11:28:50.026+0000] {dag.py:3722} INFO - Setting next_dagrun for pipeline_ingestion_suivi to 2026-07-20T11:00:00+00:00, run_after=2026-07-20T12:00:00+00:00
[2026-07-20T11:28:50.042+0000] {processor.py:179} INFO - Processing /opt/airflow/dags/dag_suivi.py took 0.089 seconds
[2026-07-20T11:29:20.344+0000] {processor.py:157} INFO - Started process (PID=4555) to work on /opt/airflow/dags/dag_suivi.py
[2026-07-20T11:29:20.345+0000] {processor.py:829} INFO - Processing file /opt/airflow/dags/dag_suivi.py for tasks to queue
[2026-07-20T11:29:20.346+0000] {logging_mixin.py:151} INFO - [2026-07-20T11:29:20.346+0000] {dagbag.py:536} INFO - Filling up the DagBag from /opt/airflow/dags/dag_suivi.py
[2026-07-20T11:29:20.381+0000] {processor.py:839} INFO - DAG(s) dict_keys(['pipeline_ingestion_suivi']) retrieved from /opt/airflow/dags/dag_suivi.py
[2026-07-20T11:29:20.417+0000] {logging_mixin.py:151} INFO - [2026-07-20T11:29:20.417+0000] {dag.py:2941} INFO - Sync 1 DAGs
[2026-07-20T11:29:20.445+0000] {logging_mixin.py:151} INFO - [2026-07-20T11:29:20.444+0000] {dag.py:3722} INFO - Setting next_dagrun for pipeline_ingestion_suivi to 2026-07-20T11:00:00+00:00, run_after=2026-07-20T12:00:00+00:00
[2026-07-20T11:29:20.478+0000] {processor.py:179} INFO - Processing /opt/airflow/dags/dag_suivi.py took 0.138 seconds
[2026-07-20T11:29:50.646+0000] {processor.py:157} INFO - Started process (PID=4560) to work on /opt/airflow/dags/dag_suivi.py
[2026-07-20T11:29:50.647+0000] {processor.py:829} INFO - Processing file /opt/airflow/dags/dag_suivi.py for tasks to queue
[2026-07-20T11:29:50.649+0000] {logging_mixin.py:151} INFO - [2026-07-20T11:29:50.648+0000] {dagbag.py:536} INFO - Filling up the DagBag from /opt/airflow/dags/dag_suivi.py
[2026-07-20T11:29:50.681+0000] {processor.py:839} INFO - DAG(s) dict_keys(['pipeline_ingestion_suivi']) retrieved from /opt/airflow/dags/dag_suivi.py
[2026-07-20T11:29:50.723+0000] {logging_mixin.py:151} INFO - [2026-07-20T11:29:50.722+0000] {dag.py:2941} INFO - Sync 1 DAGs
[2026-07-20T11:29:50.752+0000] {logging_mixin.py:151} INFO - [2026-07-20T11:29:50.752+0000] {dag.py:3722} INFO - Setting next_dagrun for pipeline_ingestion_suivi to 2026-07-20T11:00:00+00:00, run_after=2026-07-20T12:00:00+00:00
[2026-07-20T11:29:50.775+0000] {processor.py:179} INFO - Processing /opt/airflow/dags/dag_suivi.py took 0.136 seconds
[2026-07-20T11:30:21.053+0000] {processor.py:157} INFO - Started process (PID=4565) to work on /opt/airflow/dags/dag_suivi.py
[2026-07-20T11:30:21.055+0000] {processor.py:829} INFO - Processing file /opt/airflow/dags/dag_suivi.py for tasks to queue
[2026-07-20T11:30:21.056+0000] {logging_mixin.py:151} INFO - [2026-07-20T11:30:21.056+0000] {dagbag.py:536} INFO - Filling up the DagBag from /opt/airflow/dags/dag_suivi.py
[2026-07-20T11:30:21.086+0000] {processor.py:839} INFO - DAG(s) dict_keys(['pipeline_ingestion_suivi']) retrieved from /opt/airflow/dags/dag_suivi.py
[2026-07-20T11:30:21.121+0000] {logging_mixin.py:151} INFO - [2026-07-20T11:30:21.121+0000] {dag.py:2941} INFO - Sync 1 DAGs
[2026-07-20T11:30:21.149+0000] {logging_mixin.py:151} INFO - [2026-07-20T11:30:21.149+0000] {dag.py:3722} INFO - Setting next_dagrun for pipeline_ingestion_suivi to 2026-07-20T11:00:00+00:00, run_after=2026-07-20T12:00:00+00:00
[2026-07-20T11:30:21.185+0000] {processor.py:179} INFO - Processing /opt/airflow/dags/dag_suivi.py took 0.137 seconds
[2026-07-20T11:30:51.365+0000] {processor.py:157} INFO - Started process (PID=4570) to work on /opt/airflow/dags/dag_suivi.py
[2026-07-20T11:30:51.366+0000] {processor.py:829} INFO - Processing file /opt/airflow/dags/dag_suivi.py for tasks to queue
[2026-07-20T11:30:51.368+0000] {logging_mixin.py:151} INFO - [2026-07-20T11:30:51.367+0000] {dagbag.py:536} INFO - Filling up the DagBag from /opt/airflow/dags/dag_suivi.py
[2026-07-20T11:30:51.400+0000] {processor.py:839} INFO - DAG(s) dict_keys(['pipeline_ingestion_suivi']) retrieved from /opt/airflow/dags/dag_suivi.py
[2026-07-20T11:30:51.448+0000] {logging_mixin.py:151} INFO - [2026-07-20T11:30:51.448+0000] {dag.py:2941} INFO - Sync 1 DAGs
[2026-07-20T11:30:51.477+0000] {logging_mixin.py:151} INFO - [2026-07-20T11:30:51.477+0000] {dag.py:3722} INFO - Setting next_dagrun for pipeline_ingestion_suivi to 2026-07-20T11:00:00+00:00, run_after=2026-07-20T12:00:00+00:00
[2026-07-20T11:30:51.518+0000] {processor.py:179} INFO - Processing /opt/airflow/dags/dag_suivi.py took 0.158 seconds
[2026-07-20T11:31:21.786+0000] {processor.py:157} INFO - Started process (PID=4575) to work on /opt/airflow/dags/dag_suivi.py
[2026-07-20T11:31:21.787+0000] {processor.py:829} INFO - Processing file /opt/airflow/dags/dag_suivi.py for tasks to queue
[2026-07-20T11:31:21.788+0000] {logging_mixin.py:151} INFO - [2026-07-20T11:31:21.788+0000] {dagbag.py:536} INFO - Filling up the DagBag from /opt/airflow/dags/dag_suivi.py
[2026-07-20T11:31:21.839+0000] {processor.py:839} INFO - DAG(s) dict_keys(['pipeline_ingestion_suivi']) retrieved from /opt/airflow/dags/dag_suivi.py
[2026-07-20T11:31:21.872+0000] {logging_mixin.py:151} INFO - [2026-07-20T11:31:21.872+0000] {dag.py:2941} INFO - Sync 1 DAGs
[2026-07-20T11:31:21.899+0000] {logging_mixin.py:151} INFO - [2026-07-20T11:31:21.899+0000] {dag.py:3722} INFO - Setting next_dagrun for pipeline_ingestion_suivi to 2026-07-20T11:00:00+00:00, run_after=2026-07-20T12:00:00+00:00
[2026-07-20T11:31:21.923+0000] {processor.py:179} INFO - Processing /opt/airflow/dags/dag_suivi.py took 0.142 seconds
[2026-07-20T11:31:52.176+0000] {processor.py:157} INFO - Started process (PID=4580) to work on /opt/airflow/dags/dag_suivi.py
[2026-07-20T11:31:52.178+0000] {processor.py:829} INFO - Processing file /opt/airflow/dags/dag_suivi.py for tasks to queue
[2026-07-20T11:31:52.180+0000] {logging_mixin.py:151} INFO - [2026-07-20T11:31:52.179+0000] {dagbag.py:536} INFO - Filling up the DagBag from /opt/airflow/dags/dag_suivi.py
[2026-07-20T11:31:52.217+0000] {processor.py:839} INFO - DAG(s) dict_keys(['pipeline_ingestion_suivi']) retrieved from /opt/airflow/dags/dag_suivi.py
[2026-07-20T11:31:52.254+0000] {logging_mixin.py:151} INFO - [2026-07-20T11:31:52.254+0000] {dag.py:2941} INFO - Sync 1 DAGs
[2026-07-20T11:31:52.280+0000] {logging_mixin.py:151} INFO - [2026-07-20T11:31:52.279+0000] {dag.py:3722} INFO - Setting next_dagrun for pipeline_ingestion_suivi to 2026-07-20T11:00:00+00:00, run_after=2026-07-20T12:00:00+00:00
[2026-07-20T11:31:52.314+0000] {processor.py:179} INFO - Processing /opt/airflow/dags/dag_suivi.py took 0.144 seconds
[2026-07-20T11:32:22.616+0000] {processor.py:157} INFO - Started process (PID=4585) to work on /opt/airflow/dags/dag_suivi.py
[2026-07-20T11:32:22.617+0000] {processor.py:829} INFO - Processing file /opt/airflow/dags/dag_suivi.py for tasks to queue
[2026-07-20T11:32:22.618+0000] {logging_mixin.py:151} INFO - [2026-07-20T11:32:22.618+0000] {dagbag.py:536} INFO - Filling up the DagBag from /opt/airflow/dags/dag_suivi.py
[2026-07-20T11:32:22.654+0000] {processor.py:839} INFO - DAG(s) dict_keys(['pipeline_ingestion_suivi']) retrieved from /opt/airflow/dags/dag_suivi.py
[2026-07-20T11:32:22.687+0000] {logging_mixin.py:151} INFO - [2026-07-20T11:32:22.687+0000] {dag.py:2941} INFO - Sync 1 DAGs
[2026-07-20T11:32:22.714+0000] {logging_mixin.py:151} INFO - [2026-07-20T11:32:22.714+0000] {dag.py:3722} INFO - Setting next_dagrun for pipeline_ingestion_suivi to 2026-07-20T11:00:00+00:00, run_after=2026-07-20T12:00:00+00:00
[2026-07-20T11:32:22.751+0000] {processor.py:179} INFO - Processing /opt/airflow/dags/dag_suivi.py took 0.140 seconds
[2026-07-20T11:32:52.918+0000] {processor.py:157} INFO - Started process (PID=4590) to work on /opt/airflow/dags/dag_suivi.py
[2026-07-20T11:32:52.920+0000] {processor.py:829} INFO - Processing file /opt/airflow/dags/dag_suivi.py for tasks to queue
[2026-07-20T11:32:52.921+0000] {logging_mixin.py:151} INFO - [2026-07-20T11:32:52.921+0000] {dagbag.py:536} INFO - Filling up the DagBag from /opt/airflow/dags/dag_suivi.py
[2026-07-20T11:32:52.954+0000] {processor.py:839} INFO - DAG(s) dict_keys(['pipeline_ingestion_suivi']) retrieved from /opt/airflow/dags/dag_suivi.py
[2026-07-20T11:32:52.994+0000] {logging_mixin.py:151} INFO - [2026-07-20T11:32:52.994+0000] {dag.py:2941} INFO - Sync 1 DAGs
[2026-07-20T11:32:53.021+0000] {logging_mixin.py:151} INFO - [2026-07-20T11:32:53.021+0000] {dag.py:3722} INFO - Setting next_dagrun for pipeline_ingestion_suivi to 2026-07-20T11:00:00+00:00, run_after=2026-07-20T12:00:00+00:00
[2026-07-20T11:32:53.053+0000] {processor.py:179} INFO - Processing /opt/airflow/dags/dag_suivi.py took 0.139 seconds
[2026-07-20T11:33:23.319+0000] {processor.py:157} INFO - Started process (PID=4595) to work on /opt/airflow/dags/dag_suivi.py
[2026-07-20T11:33:23.320+0000] {processor.py:829} INFO - Processing file /opt/airflow/dags/dag_suivi.py for tasks to queue
[2026-07-20T11:33:23.322+0000] {logging_mixin.py:151} INFO - [2026-07-20T11:33:23.321+0000] {dagbag.py:536} INFO - Filling up the DagBag from /opt/airflow/dags/dag_suivi.py
[2026-07-20T11:33:23.353+0000] {processor.py:839} INFO - DAG(s) dict_keys(['pipeline_ingestion_suivi']) retrieved from /opt/airflow/dags/dag_suivi.py
[2026-07-20T11:33:23.385+0000] {logging_mixin.py:151} INFO - [2026-07-20T11:33:23.385+0000] {dag.py:2941} INFO - Sync 1 DAGs
[2026-07-20T11:33:23.411+0000] {logging_mixin.py:151} INFO - [2026-07-20T11:33:23.411+0000] {dag.py:3722} INFO - Setting next_dagrun for pipeline_ingestion_suivi to 2026-07-20T11:00:00+00:00, run_after=2026-07-20T12:00:00+00:00
[2026-07-20T11:33:23.446+0000] {processor.py:179} INFO - Processing /opt/airflow/dags/dag_suivi.py took 0.132 seconds
[2026-07-20T11:33:53.646+0000] {processor.py:157} INFO - Started process (PID=4600) to work on /opt/airflow/dags/dag_suivi.py
[2026-07-20T11:33:53.648+0000] {processor.py:829} INFO - Processing file /opt/airflow/dags/dag_suivi.py for tasks to queue
[2026-07-20T11:33:53.649+0000] {logging_mixin.py:151} INFO - [2026-07-20T11:33:53.649+0000] {dagbag.py:536} INFO - Filling up the DagBag from /opt/airflow/dags/dag_suivi.py
[2026-07-20T11:33:53.683+0000] {processor.py:839} INFO - DAG(s) dict_keys(['pipeline_ingestion_suivi']) retrieved from /opt/airflow/dags/dag_suivi.py
[2026-07-20T11:33:53.720+0000] {logging_mixin.py:151} INFO - [2026-07-20T11:33:53.720+0000] {dag.py:2941} INFO - Sync 1 DAGs
[2026-07-20T11:33:53.747+0000] {logging_mixin.py:151} INFO - [2026-07-20T11:33:53.747+0000] {dag.py:3722} INFO - Setting next_dagrun for pipeline_ingestion_suivi to 2026-07-20T11:00:00+00:00, run_after=2026-07-20T12:00:00+00:00
[2026-07-20T11:33:53.785+0000] {processor.py:179} INFO - Processing /opt/airflow/dags/dag_suivi.py took 0.142 seconds
[2026-07-20T11:34:24.003+0000] {processor.py:157} INFO - Started process (PID=4605) to work on /opt/airflow/dags/dag_suivi.py
[2026-07-20T11:34:24.004+0000] {processor.py:829} INFO - Processing file /opt/airflow/dags/dag_suivi.py for tasks to queue
[2026-07-20T11:34:24.005+0000] {logging_mixin.py:151} INFO - [2026-07-20T11:34:24.005+0000] {dagbag.py:536} INFO - Filling up the DagBag from /opt/airflow/dags/dag_suivi.py
[2026-07-20T11:34:24.044+0000] {processor.py:839} INFO - DAG(s) dict_keys(['pipeline_ingestion_suivi']) retrieved from /opt/airflow/dags/dag_suivi.py
[2026-07-20T11:34:24.091+0000] {logging_mixin.py:151} INFO - [2026-07-20T11:34:24.091+0000] {dag.py:2941} INFO - Sync 1 DAGs
[2026-07-20T11:34:24.129+0000] {logging_mixin.py:151} INFO - [2026-07-20T11:34:24.129+0000] {dag.py:3722} INFO - Setting next_dagrun for pipeline_ingestion_suivi to 2026-07-20T11:00:00+00:00, run_after=2026-07-20T12:00:00+00:00
[2026-07-20T11:34:24.173+0000] {processor.py:179} INFO - Processing /opt/airflow/dags/dag_suivi.py took 0.175 seconds
[2026-07-20T11:34:54.335+0000] {processor.py:157} INFO - Started process (PID=4610) to work on /opt/airflow/dags/dag_suivi.py
[2026-07-20T11:34:54.337+0000] {processor.py:829} INFO - Processing file /opt/airflow/dags/dag_suivi.py for tasks to queue
[2026-07-20T11:34:54.339+0000] {logging_mixin.py:151} INFO - [2026-07-20T11:34:54.338+0000] {dagbag.py:536} INFO - Filling up the DagBag from /opt/airflow/dags/dag_suivi.py
[2026-07-20T11:34:54.386+0000] {processor.py:839} INFO - DAG(s) dict_keys(['pipeline_ingestion_suivi']) retrieved from /opt/airflow/dags/dag_suivi.py
[2026-07-20T11:34:54.438+0000] {logging_mixin.py:151} INFO - [2026-07-20T11:34:54.438+0000] {dag.py:2941} INFO - Sync 1 DAGs
[2026-07-20T11:34:54.479+0000] {logging_mixin.py:151} INFO - [2026-07-20T11:34:54.478+0000] {dag.py:3722} INFO - Setting next_dagrun for pipeline_ingestion_suivi to 2026-07-20T11:00:00+00:00, run_after=2026-07-20T12:00:00+00:00
[2026-07-20T11:34:54.521+0000] {processor.py:179} INFO - Processing /opt/airflow/dags/dag_suivi.py took 0.193 seconds
[2026-07-20T11:35:24.703+0000] {processor.py:157} INFO - Started process (PID=4615) to work on /opt/airflow/dags/dag_suivi.py
[2026-07-20T11:35:24.704+0000] {processor.py:829} INFO - Processing file /opt/airflow/dags/dag_suivi.py for tasks to queue
[2026-07-20T11:35:24.706+0000] {logging_mixin.py:151} INFO - [2026-07-20T11:35:24.706+0000] {dagbag.py:536} INFO - Filling up the DagBag from /opt/airflow/dags/dag_suivi.py
[2026-07-20T11:35:24.748+0000] {processor.py:839} INFO - DAG(s) dict_keys(['pipeline_ingestion_suivi']) retrieved from /opt/airflow/dags/dag_suivi.py
[2026-07-20T11:35:24.791+0000] {logging_mixin.py:151} INFO - [2026-07-20T11:35:24.791+0000] {dag.py:2941} INFO - Sync 1 DAGs
[2026-07-20T11:35:24.834+0000] {logging_mixin.py:151} INFO - [2026-07-20T11:35:24.834+0000] {dag.py:3722} INFO - Setting next_dagrun for pipeline_ingestion_suivi to 2026-07-20T11:00:00+00:00, run_after=2026-07-20T12:00:00+00:00
[2026-07-20T11:35:24.870+0000] {processor.py:179} INFO - Processing /opt/airflow/dags/dag_suivi.py took 0.173 seconds
[2026-07-20T11:35:55.055+0000] {processor.py:157} INFO - Started process (PID=4620) to work on /opt/airflow/dags/dag_suivi.py
[2026-07-20T11:35:55.056+0000] {processor.py:829} INFO - Processing file /opt/airflow/dags/dag_suivi.py for tasks to queue
[2026-07-20T11:35:55.057+0000] {logging_mixin.py:151} INFO - [2026-07-20T11:35:55.057+0000] {dagbag.py:536} INFO - Filling up the DagBag from /opt/airflow/dags/dag_suivi.py
[2026-07-20T11:35:55.089+0000] {processor.py:839} INFO - DAG(s) dict_keys(['pipeline_ingestion_suivi']) retrieved from /opt/airflow/dags/dag_suivi.py
[2026-07-20T11:35:55.129+0000] {logging_mixin.py:151} INFO - [2026-07-20T11:35:55.128+0000] {dag.py:2941} INFO - Sync 1 DAGs
[2026-07-20T11:35:55.158+0000] {logging_mixin.py:151} INFO - [2026-07-20T11:35:55.158+0000] {dag.py:3722} INFO - Setting next_dagrun for pipeline_ingestion_suivi to 2026-07-20T11:00:00+00:00, run_after=2026-07-20T12:00:00+00:00
[2026-07-20T11:35:55.183+0000] {processor.py:179} INFO - Processing /opt/airflow/dags/dag_suivi.py took 0.134 seconds
[2026-07-20T11:36:25.438+0000] {processor.py:157} INFO - Started process (PID=4625) to work on /opt/airflow/dags/dag_suivi.py
[2026-07-20T11:36:25.440+0000] {processor.py:829} INFO - Processing file /opt/airflow/dags/dag_suivi.py for tasks to queue
[2026-07-20T11:36:25.441+0000] {logging_mixin.py:151} INFO - [2026-07-20T11:36:25.440+0000] {dagbag.py:536} INFO - Filling up the DagBag from /opt/airflow/dags/dag_suivi.py
[2026-07-20T11:36:25.479+0000] {processor.py:839} INFO - DAG(s) dict_keys(['pipeline_ingestion_suivi']) retrieved from /opt/airflow/dags/dag_suivi.py
[2026-07-20T11:36:25.520+0000] {logging_mixin.py:151} INFO - [2026-07-20T11:36:25.520+0000] {dag.py:2941} INFO - Sync 1 DAGs
[2026-07-20T11:36:25.552+0000] {logging_mixin.py:151} INFO - [2026-07-20T11:36:25.552+0000] {dag.py:3722} INFO - Setting next_dagrun for pipeline_ingestion_suivi to 2026-07-20T11:00:00+00:00, run_after=2026-07-20T12:00:00+00:00
[2026-07-20T11:36:25.579+0000] {processor.py:179} INFO - Processing /opt/airflow/dags/dag_suivi.py took 0.145 seconds
[2026-07-20T11:36:55.754+0000] {processor.py:157} INFO - Started process (PID=4630) to work on /opt/airflow/dags/dag_suivi.py
[2026-07-20T11:36:55.756+0000] {processor.py:829} INFO - Processing file /opt/airflow/dags/dag_suivi.py for tasks to queue
[2026-07-20T11:36:55.757+0000] {logging_mixin.py:151} INFO - [2026-07-20T11:36:55.757+0000] {dagbag.py:536} INFO - Filling up the DagBag from /opt/airflow/dags/dag_suivi.py
[2026-07-20T11:36:55.795+0000] {processor.py:839} INFO - DAG(s) dict_keys(['pipeline_ingestion_suivi']) retrieved from /opt/airflow/dags/dag_suivi.py
[2026-07-20T11:36:55.836+0000] {logging_mixin.py:151} INFO - [2026-07-20T11:36:55.836+0000] {dag.py:2941} INFO - Sync 1 DAGs
[2026-07-20T11:36:55.869+0000] {logging_mixin.py:151} INFO - [2026-07-20T11:36:55.869+0000] {dag.py:3722} INFO - Setting next_dagrun for pipeline_ingestion_suivi to 2026-07-20T11:00:00+00:00, run_after=2026-07-20T12:00:00+00:00
[2026-07-20T11:36:55.903+0000] {processor.py:179} INFO - Processing /opt/airflow/dags/dag_suivi.py took 0.153 seconds
[2026-07-20T11:37:26.167+0000] {processor.py:157} INFO - Started process (PID=4635) to work on /opt/airflow/dags/dag_suivi.py
[2026-07-20T11:37:26.168+0000] {processor.py:829} INFO - Processing file /opt/airflow/dags/dag_suivi.py for tasks to queue
[2026-07-20T11:37:26.169+0000] {logging_mixin.py:151} INFO - [2026-07-20T11:37:26.169+0000] {dagbag.py:536} INFO - Filling up the DagBag from /opt/airflow/dags/dag_suivi.py
[2026-07-20T11:37:26.205+0000] {processor.py:839} INFO - DAG(s) dict_keys(['pipeline_ingestion_suivi']) retrieved from /opt/airflow/dags/dag_suivi.py
[2026-07-20T11:37:26.245+0000] {logging_mixin.py:151} INFO - [2026-07-20T11:37:26.245+0000] {dag.py:2941} INFO - Sync 1 DAGs
[2026-07-20T11:37:26.279+0000] {logging_mixin.py:151} INFO - [2026-07-20T11:37:26.278+0000] {dag.py:3722} INFO - Setting next_dagrun for pipeline_ingestion_suivi to 2026-07-20T11:00:00+00:00, run_after=2026-07-20T12:00:00+00:00
[2026-07-20T11:37:26.310+0000] {processor.py:179} INFO - Processing /opt/airflow/dags/dag_suivi.py took 0.149 seconds
[2026-07-20T11:37:56.460+0000] {processor.py:157} INFO - Started process (PID=4640) to work on /opt/airflow/dags/dag_suivi.py
[2026-07-20T11:37:56.462+0000] {processor.py:829} INFO - Processing file /opt/airflow/dags/dag_suivi.py for tasks to queue
[2026-07-20T11:37:56.463+0000] {logging_mixin.py:151} INFO - [2026-07-20T11:37:56.463+0000] {dagbag.py:536} INFO - Filling up the DagBag from /opt/airflow/dags/dag_suivi.py
[2026-07-20T11:37:56.507+0000] {processor.py:839} INFO - DAG(s) dict_keys(['pipeline_ingestion_suivi']) retrieved from /opt/airflow/dags/dag_suivi.py
[2026-07-20T11:37:56.546+0000] {logging_mixin.py:151} INFO - [2026-07-20T11:37:56.546+0000] {dag.py:2941} INFO - Sync 1 DAGs
[2026-07-20T11:37:56.578+0000] {logging_mixin.py:151} INFO - [2026-07-20T11:37:56.578+0000] {dag.py:3722} INFO - Setting next_dagrun for pipeline_ingestion_suivi to 2026-07-20T11:00:00+00:00, run_after=2026-07-20T12:00:00+00:00
[2026-07-20T11:37:56.617+0000] {processor.py:179} INFO - Processing /opt/airflow/dags/dag_suivi.py took 0.162 seconds
[2026-07-20T11:38:26.877+0000] {processor.py:157} INFO - Started process (PID=4645) to work on /opt/airflow/dags/dag_suivi.py
[2026-07-20T11:38:26.878+0000] {processor.py:829} INFO - Processing file /opt/airflow/dags/dag_suivi.py for tasks to queue
[2026-07-20T11:38:26.880+0000] {logging_mixin.py:151} INFO - [2026-07-20T11:38:26.879+0000] {dagbag.py:536} INFO - Filling up the DagBag from /opt/airflow/dags/dag_suivi.py
[2026-07-20T11:38:26.920+0000] {processor.py:839} INFO - DAG(s) dict_keys(['pipeline_ingestion_suivi']) retrieved from /opt/airflow/dags/dag_suivi.py
[2026-07-20T11:38:26.965+0000] {logging_mixin.py:151} INFO - [2026-07-20T11:38:26.964+0000] {dag.py:2941} INFO - Sync 1 DAGs
[2026-07-20T11:38:27.018+0000] {logging_mixin.py:151} INFO - [2026-07-20T11:38:27.018+0000] {dag.py:3722} INFO - Setting next_dagrun for pipeline_ingestion_suivi to 2026-07-20T11:00:00+00:00, run_after=2026-07-20T12:00:00+00:00
[2026-07-20T11:38:27.070+0000] {processor.py:179} INFO - Processing /opt/airflow/dags/dag_suivi.py took 0.197 seconds
[2026-07-20T11:38:57.178+0000] {processor.py:157} INFO - Started process (PID=4650) to work on /opt/airflow/dags/dag_suivi.py
[2026-07-20T11:38:57.180+0000] {processor.py:829} INFO - Processing file /opt/airflow/dags/dag_suivi.py for tasks to queue
[2026-07-20T11:38:57.183+0000] {logging_mixin.py:151} INFO - [2026-07-20T11:38:57.182+0000] {dagbag.py:536} INFO - Filling up the DagBag from /opt/airflow/dags/dag_suivi.py
[2026-07-20T11:38:57.243+0000] {processor.py:839} INFO - DAG(s) dict_keys(['pipeline_ingestion_suivi']) retrieved from /opt/airflow/dags/dag_suivi.py
[2026-07-20T11:38:57.291+0000] {logging_mixin.py:151} INFO - [2026-07-20T11:38:57.290+0000] {dag.py:2941} INFO - Sync 1 DAGs
[2026-07-20T11:38:57.334+0000] {logging_mixin.py:151} INFO - [2026-07-20T11:38:57.334+0000] {dag.py:3722} INFO - Setting next_dagrun for pipeline_ingestion_suivi to 2026-07-20T11:00:00+00:00, run_after=2026-07-20T12:00:00+00:00
[2026-07-20T11:38:57.381+0000] {processor.py:179} INFO - Processing /opt/airflow/dags/dag_suivi.py took 0.209 seconds
[2026-07-20T11:39:27.645+0000] {processor.py:157} INFO - Started process (PID=4655) to work on /opt/airflow/dags/dag_suivi.py
[2026-07-20T11:39:27.647+0000] {processor.py:829} INFO - Processing file /opt/airflow/dags/dag_suivi.py for tasks to queue
[2026-07-20T11:39:27.648+0000] {logging_mixin.py:151} INFO - [2026-07-20T11:39:27.648+0000] {dagbag.py:536} INFO - Filling up the DagBag from /opt/airflow/dags/dag_suivi.py
[2026-07-20T11:39:27.688+0000] {processor.py:839} INFO - DAG(s) dict_keys(['pipeline_ingestion_suivi']) retrieved from /opt/airflow/dags/dag_suivi.py
[2026-07-20T11:39:27.732+0000] {logging_mixin.py:151} INFO - [2026-07-20T11:39:27.732+0000] {dag.py:2941} INFO - Sync 1 DAGs
[2026-07-20T11:39:27.765+0000] {logging_mixin.py:151} INFO - [2026-07-20T11:39:27.765+0000] {dag.py:3722} INFO - Setting next_dagrun for pipeline_ingestion_suivi to 2026-07-20T11:00:00+00:00, run_after=2026-07-20T12:00:00+00:00
[2026-07-20T11:39:27.802+0000] {processor.py:179} INFO - Processing /opt/airflow/dags/dag_suivi.py took 0.163 seconds
[2026-07-20T11:39:57.973+0000] {processor.py:157} INFO - Started process (PID=4660) to work on /opt/airflow/dags/dag_suivi.py
[2026-07-20T11:39:57.974+0000] {processor.py:829} INFO - Processing file /opt/airflow/dags/dag_suivi.py for tasks to queue
[2026-07-20T11:39:57.976+0000] {logging_mixin.py:151} INFO - [2026-07-20T11:39:57.975+0000] {dagbag.py:536} INFO - Filling up the DagBag from /opt/airflow/dags/dag_suivi.py
[2026-07-20T11:39:58.013+0000] {processor.py:839} INFO - DAG(s) dict_keys(['pipeline_ingestion_suivi']) retrieved from /opt/airflow/dags/dag_suivi.py
[2026-07-20T11:39:58.048+0000] {logging_mixin.py:151} INFO - [2026-07-20T11:39:58.048+0000] {dag.py:2941} INFO - Sync 1 DAGs
[2026-07-20T11:39:58.077+0000] {logging_mixin.py:151} INFO - [2026-07-20T11:39:58.077+0000] {dag.py:3722} INFO - Setting next_dagrun for pipeline_ingestion_suivi to 2026-07-20T11:00:00+00:00, run_after=2026-07-20T12:00:00+00:00
[2026-07-20T11:39:58.101+0000] {processor.py:179} INFO - Processing /opt/airflow/dags/dag_suivi.py took 0.132 seconds
[2026-07-20T11:40:28.342+0000] {processor.py:157} INFO - Started process (PID=4665) to work on /opt/airflow/dags/dag_suivi.py
[2026-07-20T11:40:28.343+0000] {processor.py:829} INFO - Processing file /opt/airflow/dags/dag_suivi.py for tasks to queue
[2026-07-20T11:40:28.345+0000] {logging_mixin.py:151} INFO - [2026-07-20T11:40:28.344+0000] {dagbag.py:536} INFO - Filling up the DagBag from /opt/airflow/dags/dag_suivi.py
[2026-07-20T11:40:28.379+0000] {processor.py:839} INFO - DAG(s) dict_keys(['pipeline_ingestion_suivi']) retrieved from /opt/airflow/dags/dag_suivi.py
[2026-07-20T11:40:28.415+0000] {logging_mixin.py:151} INFO - [2026-07-20T11:40:28.414+0000] {dag.py:2941} INFO - Sync 1 DAGs
[2026-07-20T11:40:28.442+0000] {logging_mixin.py:151} INFO - [2026-07-20T11:40:28.442+0000] {dag.py:3722} INFO - Setting next_dagrun for pipeline_ingestion_suivi to 2026-07-20T11:00:00+00:00, run_after=2026-07-20T12:00:00+00:00
[2026-07-20T11:40:28.483+0000] {processor.py:179} INFO - Processing /opt/airflow/dags/dag_suivi.py took 0.147 seconds
[2026-07-20T11:40:58.644+0000] {processor.py:157} INFO - Started process (PID=4670) to work on /opt/airflow/dags/dag_suivi.py
[2026-07-20T11:40:58.645+0000] {processor.py:829} INFO - Processing file /opt/airflow/dags/dag_suivi.py for tasks to queue
[2026-07-20T11:40:58.647+0000] {logging_mixin.py:151} INFO - [2026-07-20T11:40:58.647+0000] {dagbag.py:536} INFO - Filling up the DagBag from /opt/airflow/dags/dag_suivi.py
[2026-07-20T11:40:58.685+0000] {processor.py:839} INFO - DAG(s) dict_keys(['pipeline_ingestion_suivi']) retrieved from /opt/airflow/dags/dag_suivi.py
[2026-07-20T11:40:58.732+0000] {logging_mixin.py:151} INFO - [2026-07-20T11:40:58.732+0000] {dag.py:2941} INFO - Sync 1 DAGs
[2026-07-20T11:40:58.767+0000] {logging_mixin.py:151} INFO - [2026-07-20T11:40:58.767+0000] {dag.py:3722} INFO - Setting next_dagrun for pipeline_ingestion_suivi to 2026-07-20T11:00:00+00:00, run_after=2026-07-20T12:00:00+00:00
[2026-07-20T11:40:58.808+0000] {processor.py:179} INFO - Processing /opt/airflow/dags/dag_suivi.py took 0.169 seconds
[2026-07-20T11:41:29.049+0000] {processor.py:157} INFO - Started process (PID=4675) to work on /opt/airflow/dags/dag_suivi.py
[2026-07-20T11:41:29.050+0000] {processor.py:829} INFO - Processing file /opt/airflow/dags/dag_suivi.py for tasks to queue
[2026-07-20T11:41:29.052+0000] {logging_mixin.py:151} INFO - [2026-07-20T11:41:29.052+0000] {dagbag.py:536} INFO - Filling up the DagBag from /opt/airflow/dags/dag_suivi.py
[2026-07-20T11:41:29.088+0000] {processor.py:839} INFO - DAG(s) dict_keys(['pipeline_ingestion_suivi']) retrieved from /opt/airflow/dags/dag_suivi.py
[2026-07-20T11:41:29.126+0000] {logging_mixin.py:151} INFO - [2026-07-20T11:41:29.125+0000] {dag.py:2941} INFO - Sync 1 DAGs
[2026-07-20T11:41:29.154+0000] {logging_mixin.py:151} INFO - [2026-07-20T11:41:29.154+0000] {dag.py:3722} INFO - Setting next_dagrun for pipeline_ingestion_suivi to 2026-07-20T11:00:00+00:00, run_after=2026-07-20T12:00:00+00:00
[2026-07-20T11:41:29.190+0000] {processor.py:179} INFO - Processing /opt/airflow/dags/dag_suivi.py took 0.146 seconds
[2026-07-20T11:41:59.466+0000] {processor.py:157} INFO - Started process (PID=4680) to work on /opt/airflow/dags/dag_suivi.py
[2026-07-20T11:41:59.468+0000] {processor.py:829} INFO - Processing file /opt/airflow/dags/dag_suivi.py for tasks to queue
[2026-07-20T11:41:59.469+0000] {logging_mixin.py:151} INFO - [2026-07-20T11:41:59.469+0000] {dagbag.py:536} INFO - Filling up the DagBag from /opt/airflow/dags/dag_suivi.py
[2026-07-20T11:41:59.505+0000] {processor.py:839} INFO - DAG(s) dict_keys(['pipeline_ingestion_suivi']) retrieved from /opt/airflow/dags/dag_suivi.py
[2026-07-20T11:41:59.539+0000] {logging_mixin.py:151} INFO - [2026-07-20T11:41:59.539+0000] {dag.py:2941} INFO - Sync 1 DAGs
[2026-07-20T11:41:59.578+0000] {logging_mixin.py:151} INFO - [2026-07-20T11:41:59.578+0000] {dag.py:3722} INFO - Setting next_dagrun for pipeline_ingestion_suivi to 2026-07-20T11:00:00+00:00, run_after=2026-07-20T12:00:00+00:00
[2026-07-20T11:41:59.627+0000] {processor.py:179} INFO - Processing /opt/airflow/dags/dag_suivi.py took 0.167 seconds
[2026-07-20T11:42:29.773+0000] {processor.py:157} INFO - Started process (PID=4685) to work on /opt/airflow/dags/dag_suivi.py
[2026-07-20T11:42:29.774+0000] {processor.py:829} INFO - Processing file /opt/airflow/dags/dag_suivi.py for tasks to queue
[2026-07-20T11:42:29.776+0000] {logging_mixin.py:151} INFO - [2026-07-20T11:42:29.776+0000] {dagbag.py:536} INFO - Filling up the DagBag from /opt/airflow/dags/dag_suivi.py
[2026-07-20T11:42:29.815+0000] {processor.py:839} INFO - DAG(s) dict_keys(['pipeline_ingestion_suivi']) retrieved from /opt/airflow/dags/dag_suivi.py
[2026-07-20T11:42:29.852+0000] {logging_mixin.py:151} INFO - [2026-07-20T11:42:29.851+0000] {dag.py:2941} INFO - Sync 1 DAGs
[2026-07-20T11:42:29.882+0000] {logging_mixin.py:151} INFO - [2026-07-20T11:42:29.882+0000] {dag.py:3722} INFO - Setting next_dagrun for pipeline_ingestion_suivi to 2026-07-20T11:00:00+00:00, run_after=2026-07-20T12:00:00+00:00
[2026-07-20T11:42:29.915+0000] {processor.py:179} INFO - Processing /opt/airflow/dags/dag_suivi.py took 0.147 seconds
[2026-07-20T11:43:00.186+0000] {processor.py:157} INFO - Started process (PID=4690) to work on /opt/airflow/dags/dag_suivi.py
[2026-07-20T11:43:00.188+0000] {processor.py:829} INFO - Processing file /opt/airflow/dags/dag_suivi.py for tasks to queue
[2026-07-20T11:43:00.189+0000] {logging_mixin.py:151} INFO - [2026-07-20T11:43:00.189+0000] {dagbag.py:536} INFO - Filling up the DagBag from /opt/airflow/dags/dag_suivi.py
[2026-07-20T11:43:00.224+0000] {processor.py:839} INFO - DAG(s) dict_keys(['pipeline_ingestion_suivi']) retrieved from /opt/airflow/dags/dag_suivi.py
[2026-07-20T11:43:00.257+0000] {logging_mixin.py:151} INFO - [2026-07-20T11:43:00.257+0000] {dag.py:2941} INFO - Sync 1 DAGs
[2026-07-20T11:43:00.290+0000] {logging_mixin.py:151} INFO - [2026-07-20T11:43:00.290+0000] {dag.py:3722} INFO - Setting next_dagrun for pipeline_ingestion_suivi to 2026-07-20T11:00:00+00:00, run_after=2026-07-20T12:00:00+00:00
[2026-07-20T11:43:00.330+0000] {processor.py:179} INFO - Processing /opt/airflow/dags/dag_suivi.py took 0.149 seconds
[2026-07-20T11:43:30.482+0000] {processor.py:157} INFO - Started process (PID=4695) to work on /opt/airflow/dags/dag_suivi.py
[2026-07-20T11:43:30.484+0000] {processor.py:829} INFO - Processing file /opt/airflow/dags/dag_suivi.py for tasks to queue
[2026-07-20T11:43:30.485+0000] {logging_mixin.py:151} INFO - [2026-07-20T11:43:30.485+0000] {dagbag.py:536} INFO - Filling up the DagBag from /opt/airflow/dags/dag_suivi.py
[2026-07-20T11:43:30.519+0000] {processor.py:839} INFO - DAG(s) dict_keys(['pipeline_ingestion_suivi']) retrieved from /opt/airflow/dags/dag_suivi.py
[2026-07-20T11:43:30.560+0000] {logging_mixin.py:151} INFO - [2026-07-20T11:43:30.560+0000] {dag.py:2941} INFO - Sync 1 DAGs
[2026-07-20T11:43:30.597+0000] {logging_mixin.py:151} INFO - [2026-07-20T11:43:30.597+0000] {dag.py:3722} INFO - Setting next_dagrun for pipeline_ingestion_suivi to 2026-07-20T11:00:00+00:00, run_after=2026-07-20T12:00:00+00:00
[2026-07-20T11:43:30.630+0000] {processor.py:179} INFO - Processing /opt/airflow/dags/dag_suivi.py took 0.151 seconds
[2026-07-20T11:44:00.923+0000] {processor.py:157} INFO - Started process (PID=4700) to work on /opt/airflow/dags/dag_suivi.py
[2026-07-20T11:44:00.925+0000] {processor.py:829} INFO - Processing file /opt/airflow/dags/dag_suivi.py for tasks to queue
[2026-07-20T11:44:00.926+0000] {logging_mixin.py:151} INFO - [2026-07-20T11:44:00.926+0000] {dagbag.py:536} INFO - Filling up the DagBag from /opt/airflow/dags/dag_suivi.py
[2026-07-20T11:44:00.967+0000] {processor.py:839} INFO - DAG(s) dict_keys(['pipeline_ingestion_suivi']) retrieved from /opt/airflow/dags/dag_suivi.py
[2026-07-20T11:44:01.010+0000] {logging_mixin.py:151} INFO - [2026-07-20T11:44:01.010+0000] {dag.py:2941} INFO - Sync 1 DAGs
[2026-07-20T11:44:01.045+0000] {logging_mixin.py:151} INFO - [2026-07-20T11:44:01.045+0000] {dag.py:3722} INFO - Setting next_dagrun for pipeline_ingestion_suivi to 2026-07-20T11:00:00+00:00, run_after=2026-07-20T12:00:00+00:00
[2026-07-20T11:44:01.078+0000] {processor.py:179} INFO - Processing /opt/airflow/dags/dag_suivi.py took 0.158 seconds
[2026-07-20T11:44:31.240+0000] {processor.py:157} INFO - Started process (PID=4705) to work on /opt/airflow/dags/dag_suivi.py
[2026-07-20T11:44:31.241+0000] {processor.py:829} INFO - Processing file /opt/airflow/dags/dag_suivi.py for tasks to queue
[2026-07-20T11:44:31.242+0000] {logging_mixin.py:151} INFO - [2026-07-20T11:44:31.242+0000] {dagbag.py:536} INFO - Filling up the DagBag from /opt/airflow/dags/dag_suivi.py
[2026-07-20T11:44:31.275+0000] {processor.py:839} INFO - DAG(s) dict_keys(['pipeline_ingestion_suivi']) retrieved from /opt/airflow/dags/dag_suivi.py
[2026-07-20T11:44:31.322+0000] {logging_mixin.py:151} INFO - [2026-07-20T11:44:31.322+0000] {dag.py:2941} INFO - Sync 1 DAGs
[2026-07-20T11:44:31.356+0000] {logging_mixin.py:151} INFO - [2026-07-20T11:44:31.356+0000] {dag.py:3722} INFO - Setting next_dagrun for pipeline_ingestion_suivi to 2026-07-20T11:00:00+00:00, run_after=2026-07-20T12:00:00+00:00
[2026-07-20T11:44:31.408+0000] {processor.py:179} INFO - Processing /opt/airflow/dags/dag_suivi.py took 0.171 seconds
[2026-07-20T11:45:01.654+0000] {processor.py:157} INFO - Started process (PID=4710) to work on /opt/airflow/dags/dag_suivi.py
[2026-07-20T11:45:01.655+0000] {processor.py:829} INFO - Processing file /opt/airflow/dags/dag_suivi.py for tasks to queue
[2026-07-20T11:45:01.662+0000] {logging_mixin.py:151} INFO - [2026-07-20T11:45:01.660+0000] {dagbag.py:536} INFO - Filling up the DagBag from /opt/airflow/dags/dag_suivi.py
[2026-07-20T11:45:01.693+0000] {processor.py:839} INFO - DAG(s) dict_keys(['pipeline_ingestion_suivi']) retrieved from /opt/airflow/dags/dag_suivi.py
[2026-07-20T11:45:01.731+0000] {logging_mixin.py:151} INFO - [2026-07-20T11:45:01.731+0000] {dag.py:2941} INFO - Sync 1 DAGs
[2026-07-20T11:45:01.761+0000] {logging_mixin.py:151} INFO - [2026-07-20T11:45:01.761+0000] {dag.py:3722} INFO - Setting next_dagrun for pipeline_ingestion_suivi to 2026-07-20T11:00:00+00:00, run_after=2026-07-20T12:00:00+00:00
[2026-07-20T11:45:01.803+0000] {processor.py:179} INFO - Processing /opt/airflow/dags/dag_suivi.py took 0.153 seconds
[2026-07-20T11:45:32.010+0000] {processor.py:157} INFO - Started process (PID=4715) to work on /opt/airflow/dags/dag_suivi.py
[2026-07-20T11:45:32.011+0000] {processor.py:829} INFO - Processing file /opt/airflow/dags/dag_suivi.py for tasks to queue
[2026-07-20T11:45:32.013+0000] {logging_mixin.py:151} INFO - [2026-07-20T11:45:32.012+0000] {dagbag.py:536} INFO - Filling up the DagBag from /opt/airflow/dags/dag_suivi.py
[2026-07-20T11:45:32.047+0000] {processor.py:839} INFO - DAG(s) dict_keys(['pipeline_ingestion_suivi']) retrieved from /opt/airflow/dags/dag_suivi.py
[2026-07-20T11:45:32.087+0000] {logging_mixin.py:151} INFO - [2026-07-20T11:45:32.087+0000] {dag.py:2941} INFO - Sync 1 DAGs
[2026-07-20T11:45:32.120+0000] {logging_mixin.py:151} INFO - [2026-07-20T11:45:32.120+0000] {dag.py:3722} INFO - Setting next_dagrun for pipeline_ingestion_suivi to 2026-07-20T11:00:00+00:00, run_after=2026-07-20T12:00:00+00:00
[2026-07-20T11:45:32.143+0000] {processor.py:179} INFO - Processing /opt/airflow/dags/dag_suivi.py took 0.140 seconds
[2026-07-20T11:46:02.415+0000] {processor.py:157} INFO - Started process (PID=4720) to work on /opt/airflow/dags/dag_suivi.py
[2026-07-20T11:46:02.421+0000] {processor.py:829} INFO - Processing file /opt/airflow/dags/dag_suivi.py for tasks to queue
[2026-07-20T11:46:02.423+0000] {logging_mixin.py:151} INFO - [2026-07-20T11:46:02.422+0000] {dagbag.py:536} INFO - Filling up the DagBag from /opt/airflow/dags/dag_suivi.py
[2026-07-20T11:46:02.462+0000] {processor.py:839} INFO - DAG(s) dict_keys(['pipeline_ingestion_suivi']) retrieved from /opt/airflow/dags/dag_suivi.py
[2026-07-20T11:46:02.510+0000] {logging_mixin.py:151} INFO - [2026-07-20T11:46:02.510+0000] {dag.py:2941} INFO - Sync 1 DAGs
[2026-07-20T11:46:02.558+0000] {logging_mixin.py:151} INFO - [2026-07-20T11:46:02.558+0000] {dag.py:3722} INFO - Setting next_dagrun for pipeline_ingestion_suivi to 2026-07-20T11:00:00+00:00, run_after=2026-07-20T12:00:00+00:00
[2026-07-20T11:46:02.607+0000] {processor.py:179} INFO - Processing /opt/airflow/dags/dag_suivi.py took 0.199 seconds
[2026-07-20T11:46:32.694+0000] {processor.py:157} INFO - Started process (PID=4725) to work on /opt/airflow/dags/dag_suivi.py
[2026-07-20T11:46:32.696+0000] {processor.py:829} INFO - Processing file /opt/airflow/dags/dag_suivi.py for tasks to queue
[2026-07-20T11:46:32.698+0000] {logging_mixin.py:151} INFO - [2026-07-20T11:46:32.697+0000] {dagbag.py:536} INFO - Filling up the DagBag from /opt/airflow/dags/dag_suivi.py
[2026-07-20T11:46:32.742+0000] {processor.py:839} INFO - DAG(s) dict_keys(['pipeline_ingestion_suivi']) retrieved from /opt/airflow/dags/dag_suivi.py
[2026-07-20T11:46:32.784+0000] {logging_mixin.py:151} INFO - [2026-07-20T11:46:32.783+0000] {dag.py:2941} INFO - Sync 1 DAGs
[2026-07-20T11:46:32.819+0000] {logging_mixin.py:151} INFO - [2026-07-20T11:46:32.818+0000] {dag.py:3722} INFO - Setting next_dagrun for pipeline_ingestion_suivi to 2026-07-20T11:00:00+00:00, run_after=2026-07-20T12:00:00+00:00
[2026-07-20T11:46:32.851+0000] {processor.py:179} INFO - Processing /opt/airflow/dags/dag_suivi.py took 0.161 seconds
[2026-07-20T11:47:03.221+0000] {processor.py:157} INFO - Started process (PID=4730) to work on /opt/airflow/dags/dag_suivi.py
[2026-07-20T11:47:03.222+0000] {processor.py:829} INFO - Processing file /opt/airflow/dags/dag_suivi.py for tasks to queue
[2026-07-20T11:47:03.224+0000] {logging_mixin.py:151} INFO - [2026-07-20T11:47:03.223+0000] {dagbag.py:536} INFO - Filling up the DagBag from /opt/airflow/dags/dag_suivi.py
[2026-07-20T11:47:03.265+0000] {processor.py:839} INFO - DAG(s) dict_keys(['pipeline_ingestion_suivi']) retrieved from /opt/airflow/dags/dag_suivi.py
[2026-07-20T11:47:03.317+0000] {logging_mixin.py:151} INFO - [2026-07-20T11:47:03.316+0000] {dag.py:2941} INFO - Sync 1 DAGs
[2026-07-20T11:47:03.348+0000] {logging_mixin.py:151} INFO - [2026-07-20T11:47:03.348+0000] {dag.py:3722} INFO - Setting next_dagrun for pipeline_ingestion_suivi to 2026-07-20T11:00:00+00:00, run_after=2026-07-20T12:00:00+00:00
[2026-07-20T11:47:03.378+0000] {processor.py:179} INFO - Processing /opt/airflow/dags/dag_suivi.py took 0.163 seconds
[2026-07-20T11:47:33.478+0000] {processor.py:157} INFO - Started process (PID=4735) to work on /opt/airflow/dags/dag_suivi.py
[2026-07-20T11:47:33.479+0000] {processor.py:829} INFO - Processing file /opt/airflow/dags/dag_suivi.py for tasks to queue
[2026-07-20T11:47:33.481+0000] {logging_mixin.py:151} INFO - [2026-07-20T11:47:33.480+0000] {dagbag.py:536} INFO - Filling up the DagBag from /opt/airflow/dags/dag_suivi.py
[2026-07-20T11:47:33.515+0000] {processor.py:839} INFO - DAG(s) dict_keys(['pipeline_ingestion_suivi']) retrieved from /opt/airflow/dags/dag_suivi.py
[2026-07-20T11:47:33.562+0000] {logging_mixin.py:151} INFO - [2026-07-20T11:47:33.562+0000] {dag.py:2941} INFO - Sync 1 DAGs
[2026-07-20T11:47:33.593+0000] {logging_mixin.py:151} INFO - [2026-07-20T11:47:33.592+0000] {dag.py:3722} INFO - Setting next_dagrun for pipeline_ingestion_suivi to 2026-07-20T11:00:00+00:00, run_after=2026-07-20T12:00:00+00:00
[2026-07-20T11:47:33.632+0000] {processor.py:179} INFO - Processing /opt/airflow/dags/dag_suivi.py took 0.160 seconds
[2026-07-20T11:48:03.906+0000] {processor.py:157} INFO - Started process (PID=4740) to work on /opt/airflow/dags/dag_suivi.py
[2026-07-20T11:48:03.907+0000] {processor.py:829} INFO - Processing file /opt/airflow/dags/dag_suivi.py for tasks to queue
[2026-07-20T11:48:03.908+0000] {logging_mixin.py:151} INFO - [2026-07-20T11:48:03.908+0000] {dagbag.py:536} INFO - Filling up the DagBag from /opt/airflow/dags/dag_suivi.py
[2026-07-20T11:48:03.949+0000] {processor.py:839} INFO - DAG(s) dict_keys(['pipeline_ingestion_suivi']) retrieved from /opt/airflow/dags/dag_suivi.py
[2026-07-20T11:48:03.993+0000] {logging_mixin.py:151} INFO - [2026-07-20T11:48:03.992+0000] {dag.py:2941} INFO - Sync 1 DAGs
[2026-07-20T11:48:04.037+0000] {logging_mixin.py:151} INFO - [2026-07-20T11:48:04.037+0000] {dag.py:3722} INFO - Setting next_dagrun for pipeline_ingestion_suivi to 2026-07-20T11:00:00+00:00, run_after=2026-07-20T12:00:00+00:00
[2026-07-20T11:48:04.067+0000] {processor.py:179} INFO - Processing /opt/airflow/dags/dag_suivi.py took 0.166 seconds
[2026-07-20T11:48:34.267+0000] {processor.py:157} INFO - Started process (PID=4745) to work on /opt/airflow/dags/dag_suivi.py
[2026-07-20T11:48:34.268+0000] {processor.py:829} INFO - Processing file /opt/airflow/dags/dag_suivi.py for tasks to queue
[2026-07-20T11:48:34.269+0000] {logging_mixin.py:151} INFO - [2026-07-20T11:48:34.269+0000] {dagbag.py:536} INFO - Filling up the DagBag from /opt/airflow/dags/dag_suivi.py
[2026-07-20T11:48:34.305+0000] {processor.py:839} INFO - DAG(s) dict_keys(['pipeline_ingestion_suivi']) retrieved from /opt/airflow/dags/dag_suivi.py
[2026-07-20T11:48:34.348+0000] {logging_mixin.py:151} INFO - [2026-07-20T11:48:34.347+0000] {dag.py:2941} INFO - Sync 1 DAGs
[2026-07-20T11:48:34.379+0000] {logging_mixin.py:151} INFO - [2026-07-20T11:48:34.379+0000] {dag.py:3722} INFO - Setting next_dagrun for pipeline_ingestion_suivi to 2026-07-20T11:00:00+00:00, run_after=2026-07-20T12:00:00+00:00
[2026-07-20T11:48:34.417+0000] {processor.py:179} INFO - Processing /opt/airflow/dags/dag_suivi.py took 0.156 seconds
[2026-07-20T11:49:04.644+0000] {processor.py:157} INFO - Started process (PID=4750) to work on /opt/airflow/dags/dag_suivi.py
[2026-07-20T11:49:04.646+0000] {processor.py:829} INFO - Processing file /opt/airflow/dags/dag_suivi.py for tasks to queue
[2026-07-20T11:49:04.647+0000] {logging_mixin.py:151} INFO - [2026-07-20T11:49:04.647+0000] {dagbag.py:536} INFO - Filling up the DagBag from /opt/airflow/dags/dag_suivi.py
[2026-07-20T11:49:04.690+0000] {processor.py:839} INFO - DAG(s) dict_keys(['pipeline_ingestion_suivi']) retrieved from /opt/airflow/dags/dag_suivi.py
[2026-07-20T11:49:04.728+0000] {logging_mixin.py:151} INFO - [2026-07-20T11:49:04.728+0000] {dag.py:2941} INFO - Sync 1 DAGs
[2026-07-20T11:49:04.759+0000] {logging_mixin.py:151} INFO - [2026-07-20T11:49:04.759+0000] {dag.py:3722} INFO - Setting next_dagrun for pipeline_ingestion_suivi to 2026-07-20T11:00:00+00:00, run_after=2026-07-20T12:00:00+00:00
[2026-07-20T11:49:04.794+0000] {processor.py:179} INFO - Processing /opt/airflow/dags/dag_suivi.py took 0.154 seconds
[2026-07-20T11:49:34.969+0000] {processor.py:157} INFO - Started process (PID=4755) to work on /opt/airflow/dags/dag_suivi.py
[2026-07-20T11:49:34.971+0000] {processor.py:829} INFO - Processing file /opt/airflow/dags/dag_suivi.py for tasks to queue
[2026-07-20T11:49:34.973+0000] {logging_mixin.py:151} INFO - [2026-07-20T11:49:34.973+0000] {dagbag.py:536} INFO - Filling up the DagBag from /opt/airflow/dags/dag_suivi.py
[2026-07-20T11:49:35.005+0000] {processor.py:839} INFO - DAG(s) dict_keys(['pipeline_ingestion_suivi']) retrieved from /opt/airflow/dags/dag_suivi.py
[2026-07-20T11:49:35.049+0000] {logging_mixin.py:151} INFO - [2026-07-20T11:49:35.049+0000] {dag.py:2941} INFO - Sync 1 DAGs
[2026-07-20T11:49:35.079+0000] {logging_mixin.py:151} INFO - [2026-07-20T11:49:35.079+0000] {dag.py:3722} INFO - Setting next_dagrun for pipeline_ingestion_suivi to 2026-07-20T11:00:00+00:00, run_after=2026-07-20T12:00:00+00:00
[2026-07-20T11:49:35.117+0000] {processor.py:179} INFO - Processing /opt/airflow/dags/dag_suivi.py took 0.154 seconds
[2026-07-20T11:50:05.341+0000] {processor.py:157} INFO - Started process (PID=4760) to work on /opt/airflow/dags/dag_suivi.py
[2026-07-20T11:50:05.342+0000] {processor.py:829} INFO - Processing file /opt/airflow/dags/dag_suivi.py for tasks to queue
[2026-07-20T11:50:05.346+0000] {logging_mixin.py:151} INFO - [2026-07-20T11:50:05.345+0000] {dagbag.py:536} INFO - Filling up the DagBag from /opt/airflow/dags/dag_suivi.py
[2026-07-20T11:50:05.381+0000] {processor.py:839} INFO - DAG(s) dict_keys(['pipeline_ingestion_suivi']) retrieved from /opt/airflow/dags/dag_suivi.py
[2026-07-20T11:50:05.418+0000] {logging_mixin.py:151} INFO - [2026-07-20T11:50:05.418+0000] {dag.py:2941} INFO - Sync 1 DAGs
[2026-07-20T11:50:05.448+0000] {logging_mixin.py:151} INFO - [2026-07-20T11:50:05.448+0000] {dag.py:3722} INFO - Setting next_dagrun for pipeline_ingestion_suivi to 2026-07-20T11:00:00+00:00, run_after=2026-07-20T12:00:00+00:00
[2026-07-20T11:50:05.486+0000] {processor.py:179} INFO - Processing /opt/airflow/dags/dag_suivi.py took 0.150 seconds
[2026-07-20T11:50:35.658+0000] {processor.py:157} INFO - Started process (PID=4765) to work on /opt/airflow/dags/dag_suivi.py
[2026-07-20T11:50:35.660+0000] {processor.py:829} INFO - Processing file /opt/airflow/dags/dag_suivi.py for tasks to queue
[2026-07-20T11:50:35.662+0000] {logging_mixin.py:151} INFO - [2026-07-20T11:50:35.661+0000] {dagbag.py:536} INFO - Filling up the DagBag from /opt/airflow/dags/dag_suivi.py
[2026-07-20T11:50:35.702+0000] {processor.py:839} INFO - DAG(s) dict_keys(['pipeline_ingestion_suivi']) retrieved from /opt/airflow/dags/dag_suivi.py
[2026-07-20T11:50:35.743+0000] {logging_mixin.py:151} INFO - [2026-07-20T11:50:35.742+0000] {dag.py:2941} INFO - Sync 1 DAGs
[2026-07-20T11:50:35.777+0000] {logging_mixin.py:151} INFO - [2026-07-20T11:50:35.777+0000] {dag.py:3722} INFO - Setting next_dagrun for pipeline_ingestion_suivi to 2026-07-20T11:00:00+00:00, run_after=2026-07-20T12:00:00+00:00
[2026-07-20T11:50:36.840+0000] {processor.py:179} INFO - Processing /opt/airflow/dags/dag_suivi.py took 1.186 seconds
[2026-07-20T11:51:07.054+0000] {processor.py:157} INFO - Started process (PID=4770) to work on /opt/airflow/dags/dag_suivi.py
[2026-07-20T11:51:07.056+0000] {processor.py:829} INFO - Processing file /opt/airflow/dags/dag_suivi.py for tasks to queue
[2026-07-20T11:51:07.057+0000] {logging_mixin.py:151} INFO - [2026-07-20T11:51:07.056+0000] {dagbag.py:536} INFO - Filling up the DagBag from /opt/airflow/dags/dag_suivi.py
[2026-07-20T11:51:07.089+0000] {processor.py:839} INFO - DAG(s) dict_keys(['pipeline_ingestion_suivi']) retrieved from /opt/airflow/dags/dag_suivi.py
[2026-07-20T11:51:07.122+0000] {logging_mixin.py:151} INFO - [2026-07-20T11:51:07.121+0000] {dag.py:2941} INFO - Sync 1 DAGs
[2026-07-20T11:51:07.147+0000] {logging_mixin.py:151} INFO - [2026-07-20T11:51:07.147+0000] {dag.py:3722} INFO - Setting next_dagrun for pipeline_ingestion_suivi to 2026-07-20T11:00:00+00:00, run_after=2026-07-20T12:00:00+00:00
[2026-07-20T11:51:07.179+0000] {processor.py:179} INFO - Processing /opt/airflow/dags/dag_suivi.py took 0.129 seconds
[2026-07-20T11:51:37.559+0000] {processor.py:157} INFO - Started process (PID=4775) to work on /opt/airflow/dags/dag_suivi.py
[2026-07-20T11:51:37.561+0000] {processor.py:829} INFO - Processing file /opt/airflow/dags/dag_suivi.py for tasks to queue
[2026-07-20T11:51:37.565+0000] {logging_mixin.py:151} INFO - [2026-07-20T11:51:37.565+0000] {dagbag.py:536} INFO - Filling up the DagBag from /opt/airflow/dags/dag_suivi.py
[2026-07-20T11:51:37.712+0000] {processor.py:839} INFO - DAG(s) dict_keys(['pipeline_ingestion_suivi']) retrieved from /opt/airflow/dags/dag_suivi.py
[2026-07-20T11:51:37.812+0000] {logging_mixin.py:151} INFO - [2026-07-20T11:51:37.812+0000] {dag.py:2941} INFO - Sync 1 DAGs
[2026-07-20T11:51:37.972+0000] {logging_mixin.py:151} INFO - [2026-07-20T11:51:37.972+0000] {dag.py:3722} INFO - Setting next_dagrun for pipeline_ingestion_suivi to 2026-07-20T11:00:00+00:00, run_after=2026-07-20T12:00:00+00:00
[2026-07-20T11:51:38.018+0000] {processor.py:179} INFO - Processing /opt/airflow/dags/dag_suivi.py took 0.464 seconds
[2026-07-20T11:52:08.441+0000] {processor.py:157} INFO - Started process (PID=4780) to work on /opt/airflow/dags/dag_suivi.py
[2026-07-20T11:52:08.442+0000] {processor.py:829} INFO - Processing file /opt/airflow/dags/dag_suivi.py for tasks to queue
[2026-07-20T11:52:08.444+0000] {logging_mixin.py:151} INFO - [2026-07-20T11:52:08.443+0000] {dagbag.py:536} INFO - Filling up the DagBag from /opt/airflow/dags/dag_suivi.py
[2026-07-20T11:52:08.479+0000] {processor.py:839} INFO - DAG(s) dict_keys(['pipeline_ingestion_suivi']) retrieved from /opt/airflow/dags/dag_suivi.py
[2026-07-20T11:52:08.514+0000] {logging_mixin.py:151} INFO - [2026-07-20T11:52:08.514+0000] {dag.py:2941} INFO - Sync 1 DAGs
[2026-07-20T11:52:08.539+0000] {logging_mixin.py:151} INFO - [2026-07-20T11:52:08.539+0000] {dag.py:3722} INFO - Setting next_dagrun for pipeline_ingestion_suivi to 2026-07-20T11:00:00+00:00, run_after=2026-07-20T12:00:00+00:00
[2026-07-20T11:52:08.576+0000] {processor.py:179} INFO - Processing /opt/airflow/dags/dag_suivi.py took 0.139 seconds
[2026-07-20T11:52:38.730+0000] {processor.py:157} INFO - Started process (PID=4785) to work on /opt/airflow/dags/dag_suivi.py
[2026-07-20T11:52:38.731+0000] {processor.py:829} INFO - Processing file /opt/airflow/dags/dag_suivi.py for tasks to queue
[2026-07-20T11:52:38.733+0000] {logging_mixin.py:151} INFO - [2026-07-20T11:52:38.732+0000] {dagbag.py:536} INFO - Filling up the DagBag from /opt/airflow/dags/dag_suivi.py
[2026-07-20T11:52:38.770+0000] {processor.py:839} INFO - DAG(s) dict_keys(['pipeline_ingestion_suivi']) retrieved from /opt/airflow/dags/dag_suivi.py
[2026-07-20T11:52:38.805+0000] {logging_mixin.py:151} INFO - [2026-07-20T11:52:38.804+0000] {dag.py:2941} INFO - Sync 1 DAGs
[2026-07-20T11:52:38.830+0000] {logging_mixin.py:151} INFO - [2026-07-20T11:52:38.830+0000] {dag.py:3722} INFO - Setting next_dagrun for pipeline_ingestion_suivi to 2026-07-20T11:00:00+00:00, run_after=2026-07-20T12:00:00+00:00
[2026-07-20T11:52:38.866+0000] {processor.py:179} INFO - Processing /opt/airflow/dags/dag_suivi.py took 0.140 seconds
[2026-07-20T11:53:09.143+0000] {processor.py:157} INFO - Started process (PID=4790) to work on /opt/airflow/dags/dag_suivi.py
[2026-07-20T11:53:09.144+0000] {processor.py:829} INFO - Processing file /opt/airflow/dags/dag_suivi.py for tasks to queue
[2026-07-20T11:53:09.146+0000] {logging_mixin.py:151} INFO - [2026-07-20T11:53:09.145+0000] {dagbag.py:536} INFO - Filling up the DagBag from /opt/airflow/dags/dag_suivi.py
[2026-07-20T11:53:09.176+0000] {processor.py:839} INFO - DAG(s) dict_keys(['pipeline_ingestion_suivi']) retrieved from /opt/airflow/dags/dag_suivi.py
[2026-07-20T11:53:09.213+0000] {logging_mixin.py:151} INFO - [2026-07-20T11:53:09.213+0000] {dag.py:2941} INFO - Sync 1 DAGs
[2026-07-20T11:53:09.238+0000] {logging_mixin.py:151} INFO - [2026-07-20T11:53:09.238+0000] {dag.py:3722} INFO - Setting next_dagrun for pipeline_ingestion_suivi to 2026-07-20T11:00:00+00:00, run_after=2026-07-20T12:00:00+00:00
[2026-07-20T11:53:09.261+0000] {processor.py:179} INFO - Processing /opt/airflow/dags/dag_suivi.py took 0.121 seconds
[2026-07-20T11:53:39.468+0000] {processor.py:157} INFO - Started process (PID=4795) to work on /opt/airflow/dags/dag_suivi.py
[2026-07-20T11:53:39.469+0000] {processor.py:829} INFO - Processing file /opt/airflow/dags/dag_suivi.py for tasks to queue
[2026-07-20T11:53:39.470+0000] {logging_mixin.py:151} INFO - [2026-07-20T11:53:39.470+0000] {dagbag.py:536} INFO - Filling up the DagBag from /opt/airflow/dags/dag_suivi.py
[2026-07-20T11:53:39.503+0000] {processor.py:839} INFO - DAG(s) dict_keys(['pipeline_ingestion_suivi']) retrieved from /opt/airflow/dags/dag_suivi.py
[2026-07-20T11:53:39.539+0000] {logging_mixin.py:151} INFO - [2026-07-20T11:53:39.539+0000] {dag.py:2941} INFO - Sync 1 DAGs
[2026-07-20T11:53:39.566+0000] {logging_mixin.py:151} INFO - [2026-07-20T11:53:39.566+0000] {dag.py:3722} INFO - Setting next_dagrun for pipeline_ingestion_suivi to 2026-07-20T11:00:00+00:00, run_after=2026-07-20T12:00:00+00:00
[2026-07-20T11:53:39.760+0000] {processor.py:179} INFO - Processing /opt/airflow/dags/dag_suivi.py took 0.296 seconds
[2026-07-20T11:54:09.863+0000] {processor.py:157} INFO - Started process (PID=4800) to work on /opt/airflow/dags/dag_suivi.py
[2026-07-20T11:54:09.865+0000] {processor.py:829} INFO - Processing file /opt/airflow/dags/dag_suivi.py for tasks to queue
[2026-07-20T11:54:09.867+0000] {logging_mixin.py:151} INFO - [2026-07-20T11:54:09.866+0000] {dagbag.py:536} INFO - Filling up the DagBag from /opt/airflow/dags/dag_suivi.py
[2026-07-20T11:54:09.905+0000] {processor.py:839} INFO - DAG(s) dict_keys(['pipeline_ingestion_suivi']) retrieved from /opt/airflow/dags/dag_suivi.py
[2026-07-20T11:54:09.942+0000] {logging_mixin.py:151} INFO - [2026-07-20T11:54:09.942+0000] {dag.py:2941} INFO - Sync 1 DAGs
[2026-07-20T11:54:09.989+0000] {logging_mixin.py:151} INFO - [2026-07-20T11:54:09.989+0000] {dag.py:3722} INFO - Setting next_dagrun for pipeline_ingestion_suivi to 2026-07-20T11:00:00+00:00, run_after=2026-07-20T12:00:00+00:00
[2026-07-20T11:54:10.015+0000] {processor.py:179} INFO - Processing /opt/airflow/dags/dag_suivi.py took 0.156 seconds
[2026-07-20T11:54:40.340+0000] {processor.py:157} INFO - Started process (PID=4805) to work on /opt/airflow/dags/dag_suivi.py
[2026-07-20T11:54:40.341+0000] {processor.py:829} INFO - Processing file /opt/airflow/dags/dag_suivi.py for tasks to queue
[2026-07-20T11:54:40.342+0000] {logging_mixin.py:151} INFO - [2026-07-20T11:54:40.342+0000] {dagbag.py:536} INFO - Filling up the DagBag from /opt/airflow/dags/dag_suivi.py
[2026-07-20T11:54:40.374+0000] {processor.py:839} INFO - DAG(s) dict_keys(['pipeline_ingestion_suivi']) retrieved from /opt/airflow/dags/dag_suivi.py
[2026-07-20T11:54:40.409+0000] {logging_mixin.py:151} INFO - [2026-07-20T11:54:40.409+0000] {dag.py:2941} INFO - Sync 1 DAGs
[2026-07-20T11:54:40.435+0000] {logging_mixin.py:151} INFO - [2026-07-20T11:54:40.435+0000] {dag.py:3722} INFO - Setting next_dagrun for pipeline_ingestion_suivi to 2026-07-20T11:00:00+00:00, run_after=2026-07-20T12:00:00+00:00
[2026-07-20T11:54:40.476+0000] {processor.py:179} INFO - Processing /opt/airflow/dags/dag_suivi.py took 0.140 seconds
[2026-07-20T11:55:10.636+0000] {processor.py:157} INFO - Started process (PID=4810) to work on /opt/airflow/dags/dag_suivi.py
[2026-07-20T11:55:10.637+0000] {processor.py:829} INFO - Processing file /opt/airflow/dags/dag_suivi.py for tasks to queue
[2026-07-20T11:55:10.639+0000] {logging_mixin.py:151} INFO - [2026-07-20T11:55:10.638+0000] {dagbag.py:536} INFO - Filling up the DagBag from /opt/airflow/dags/dag_suivi.py
[2026-07-20T11:55:10.677+0000] {processor.py:839} INFO - DAG(s) dict_keys(['pipeline_ingestion_suivi']) retrieved from /opt/airflow/dags/dag_suivi.py
[2026-07-20T11:55:10.712+0000] {logging_mixin.py:151} INFO - [2026-07-20T11:55:10.712+0000] {dag.py:2941} INFO - Sync 1 DAGs
[2026-07-20T11:55:10.738+0000] {logging_mixin.py:151} INFO - [2026-07-20T11:55:10.738+0000] {dag.py:3722} INFO - Setting next_dagrun for pipeline_ingestion_suivi to 2026-07-20T11:00:00+00:00, run_after=2026-07-20T12:00:00+00:00
[2026-07-20T11:55:10.773+0000] {processor.py:179} INFO - Processing /opt/airflow/dags/dag_suivi.py took 0.141 seconds
[2026-07-20T11:55:41.052+0000] {processor.py:157} INFO - Started process (PID=4815) to work on /opt/airflow/dags/dag_suivi.py
[2026-07-20T11:55:41.053+0000] {processor.py:829} INFO - Processing file /opt/airflow/dags/dag_suivi.py for tasks to queue
[2026-07-20T11:55:41.055+0000] {logging_mixin.py:151} INFO - [2026-07-20T11:55:41.054+0000] {dagbag.py:536} INFO - Filling up the DagBag from /opt/airflow/dags/dag_suivi.py
[2026-07-20T11:55:41.091+0000] {processor.py:839} INFO - DAG(s) dict_keys(['pipeline_ingestion_suivi']) retrieved from /opt/airflow/dags/dag_suivi.py
[2026-07-20T11:55:41.136+0000] {logging_mixin.py:151} INFO - [2026-07-20T11:55:41.135+0000] {dag.py:2941} INFO - Sync 1 DAGs
[2026-07-20T11:55:41.168+0000] {logging_mixin.py:151} INFO - [2026-07-20T11:55:41.168+0000] {dag.py:3722} INFO - Setting next_dagrun for pipeline_ingestion_suivi to 2026-07-20T11:00:00+00:00, run_after=2026-07-20T12:00:00+00:00
[2026-07-20T11:55:41.195+0000] {processor.py:179} INFO - Processing /opt/airflow/dags/dag_suivi.py took 0.147 seconds
[2026-07-20T11:56:11.361+0000] {processor.py:157} INFO - Started process (PID=4820) to work on /opt/airflow/dags/dag_suivi.py
[2026-07-20T11:56:11.362+0000] {processor.py:829} INFO - Processing file /opt/airflow/dags/dag_suivi.py for tasks to queue
[2026-07-20T11:56:11.364+0000] {logging_mixin.py:151} INFO - [2026-07-20T11:56:11.363+0000] {dagbag.py:536} INFO - Filling up the DagBag from /opt/airflow/dags/dag_suivi.py
[2026-07-20T11:56:11.397+0000] {processor.py:839} INFO - DAG(s) dict_keys(['pipeline_ingestion_suivi']) retrieved from /opt/airflow/dags/dag_suivi.py
[2026-07-20T11:56:11.433+0000] {logging_mixin.py:151} INFO - [2026-07-20T11:56:11.433+0000] {dag.py:2941} INFO - Sync 1 DAGs
[2026-07-20T11:56:11.459+0000] {logging_mixin.py:151} INFO - [2026-07-20T11:56:11.459+0000] {dag.py:3722} INFO - Setting next_dagrun for pipeline_ingestion_suivi to 2026-07-20T11:00:00+00:00, run_after=2026-07-20T12:00:00+00:00
[2026-07-20T11:56:11.485+0000] {processor.py:179} INFO - Processing /opt/airflow/dags/dag_suivi.py took 0.129 seconds
[2026-07-20T11:56:41.789+0000] {processor.py:157} INFO - Started process (PID=4825) to work on /opt/airflow/dags/dag_suivi.py
[2026-07-20T11:56:41.790+0000] {processor.py:829} INFO - Processing file /opt/airflow/dags/dag_suivi.py for tasks to queue
[2026-07-20T11:56:41.792+0000] {logging_mixin.py:151} INFO - [2026-07-20T11:56:41.791+0000] {dagbag.py:536} INFO - Filling up the DagBag from /opt/airflow/dags/dag_suivi.py
[2026-07-20T11:56:41.823+0000] {processor.py:839} INFO - DAG(s) dict_keys(['pipeline_ingestion_suivi']) retrieved from /opt/airflow/dags/dag_suivi.py
[2026-07-20T11:56:41.859+0000] {logging_mixin.py:151} INFO - [2026-07-20T11:56:41.859+0000] {dag.py:2941} INFO - Sync 1 DAGs
[2026-07-20T11:56:41.888+0000] {logging_mixin.py:151} INFO - [2026-07-20T11:56:41.888+0000] {dag.py:3722} INFO - Setting next_dagrun for pipeline_ingestion_suivi to 2026-07-20T11:00:00+00:00, run_after=2026-07-20T12:00:00+00:00
[2026-07-20T11:56:41.934+0000] {processor.py:179} INFO - Processing /opt/airflow/dags/dag_suivi.py took 0.151 seconds
[2026-07-20T11:57:12.164+0000] {processor.py:157} INFO - Started process (PID=4830) to work on /opt/airflow/dags/dag_suivi.py
[2026-07-20T11:57:12.165+0000] {processor.py:829} INFO - Processing file /opt/airflow/dags/dag_suivi.py for tasks to queue
[2026-07-20T11:57:12.167+0000] {logging_mixin.py:151} INFO - [2026-07-20T11:57:12.166+0000] {dagbag.py:536} INFO - Filling up the DagBag from /opt/airflow/dags/dag_suivi.py
[2026-07-20T11:57:12.202+0000] {processor.py:839} INFO - DAG(s) dict_keys(['pipeline_ingestion_suivi']) retrieved from /opt/airflow/dags/dag_suivi.py
[2026-07-20T11:57:12.236+0000] {logging_mixin.py:151} INFO - [2026-07-20T11:57:12.236+0000] {dag.py:2941} INFO - Sync 1 DAGs
[2026-07-20T11:57:12.263+0000] {logging_mixin.py:151} INFO - [2026-07-20T11:57:12.262+0000] {dag.py:3722} INFO - Setting next_dagrun for pipeline_ingestion_suivi to 2026-07-20T11:00:00+00:00, run_after=2026-07-20T12:00:00+00:00
[2026-07-20T11:57:12.299+0000] {processor.py:179} INFO - Processing /opt/airflow/dags/dag_suivi.py took 0.139 seconds
[2026-07-20T11:57:42.511+0000] {processor.py:157} INFO - Started process (PID=4835) to work on /opt/airflow/dags/dag_suivi.py
[2026-07-20T11:57:42.512+0000] {processor.py:829} INFO - Processing file /opt/airflow/dags/dag_suivi.py for tasks to queue
[2026-07-20T11:57:42.514+0000] {logging_mixin.py:151} INFO - [2026-07-20T11:57:42.513+0000] {dagbag.py:536} INFO - Filling up the DagBag from /opt/airflow/dags/dag_suivi.py
[2026-07-20T11:57:42.545+0000] {processor.py:839} INFO - DAG(s) dict_keys(['pipeline_ingestion_suivi']) retrieved from /opt/airflow/dags/dag_suivi.py
[2026-07-20T11:57:42.585+0000] {logging_mixin.py:151} INFO - [2026-07-20T11:57:42.585+0000] {dag.py:2941} INFO - Sync 1 DAGs
[2026-07-20T11:57:42.611+0000] {logging_mixin.py:151} INFO - [2026-07-20T11:57:42.611+0000] {dag.py:3722} INFO - Setting next_dagrun for pipeline_ingestion_suivi to 2026-07-20T11:00:00+00:00, run_after=2026-07-20T12:00:00+00:00
[2026-07-20T11:57:42.648+0000] {processor.py:179} INFO - Processing /opt/airflow/dags/dag_suivi.py took 0.141 seconds
[2026-07-20T11:58:12.886+0000] {processor.py:157} INFO - Started process (PID=4840) to work on /opt/airflow/dags/dag_suivi.py
[2026-07-20T11:58:12.888+0000] {processor.py:829} INFO - Processing file /opt/airflow/dags/dag_suivi.py for tasks to queue
[2026-07-20T11:58:12.890+0000] {logging_mixin.py:151} INFO - [2026-07-20T11:58:12.890+0000] {dagbag.py:536} INFO - Filling up the DagBag from /opt/airflow/dags/dag_suivi.py
[2026-07-20T11:58:12.941+0000] {processor.py:839} INFO - DAG(s) dict_keys(['pipeline_ingestion_suivi']) retrieved from /opt/airflow/dags/dag_suivi.py
[2026-07-20T11:58:12.994+0000] {logging_mixin.py:151} INFO - [2026-07-20T11:58:12.993+0000] {dag.py:2941} INFO - Sync 1 DAGs
[2026-07-20T11:58:13.038+0000] {logging_mixin.py:151} INFO - [2026-07-20T11:58:13.038+0000] {dag.py:3722} INFO - Setting next_dagrun for pipeline_ingestion_suivi to 2026-07-20T11:00:00+00:00, run_after=2026-07-20T12:00:00+00:00
[2026-07-20T11:58:13.074+0000] {processor.py:179} INFO - Processing /opt/airflow/dags/dag_suivi.py took 0.194 seconds
[2026-07-20T11:58:43.229+0000] {processor.py:157} INFO - Started process (PID=4845) to work on /opt/airflow/dags/dag_suivi.py
[2026-07-20T11:58:43.230+0000] {processor.py:829} INFO - Processing file /opt/airflow/dags/dag_suivi.py for tasks to queue
[2026-07-20T11:58:43.232+0000] {logging_mixin.py:151} INFO - [2026-07-20T11:58:43.231+0000] {dagbag.py:536} INFO - Filling up the DagBag from /opt/airflow/dags/dag_suivi.py
[2026-07-20T11:58:43.275+0000] {processor.py:839} INFO - DAG(s) dict_keys(['pipeline_ingestion_suivi']) retrieved from /opt/airflow/dags/dag_suivi.py
[2026-07-20T11:58:43.326+0000] {logging_mixin.py:151} INFO - [2026-07-20T11:58:43.325+0000] {dag.py:2941} INFO - Sync 1 DAGs
[2026-07-20T11:58:43.365+0000] {logging_mixin.py:151} INFO - [2026-07-20T11:58:43.365+0000] {dag.py:3722} INFO - Setting next_dagrun for pipeline_ingestion_suivi to 2026-07-20T11:00:00+00:00, run_after=2026-07-20T12:00:00+00:00
[2026-07-20T11:58:43.410+0000] {processor.py:179} INFO - Processing /opt/airflow/dags/dag_suivi.py took 0.186 seconds
[2026-07-20T11:59:13.639+0000] {processor.py:157} INFO - Started process (PID=4850) to work on /opt/airflow/dags/dag_suivi.py
[2026-07-20T11:59:13.640+0000] {processor.py:829} INFO - Processing file /opt/airflow/dags/dag_suivi.py for tasks to queue
[2026-07-20T11:59:13.642+0000] {logging_mixin.py:151} INFO - [2026-07-20T11:59:13.641+0000] {dagbag.py:536} INFO - Filling up the DagBag from /opt/airflow/dags/dag_suivi.py
[2026-07-20T11:59:13.673+0000] {processor.py:839} INFO - DAG(s) dict_keys(['pipeline_ingestion_suivi']) retrieved from /opt/airflow/dags/dag_suivi.py
[2026-07-20T11:59:13.709+0000] {logging_mixin.py:151} INFO - [2026-07-20T11:59:13.708+0000] {dag.py:2941} INFO - Sync 1 DAGs
[2026-07-20T11:59:13.737+0000] {logging_mixin.py:151} INFO - [2026-07-20T11:59:13.737+0000] {dag.py:3722} INFO - Setting next_dagrun for pipeline_ingestion_suivi to 2026-07-20T11:00:00+00:00, run_after=2026-07-20T12:00:00+00:00
[2026-07-20T11:59:13.934+0000] {processor.py:179} INFO - Processing /opt/airflow/dags/dag_suivi.py took 0.299 seconds
[2026-07-20T11:59:44.244+0000] {processor.py:157} INFO - Started process (PID=4855) to work on /opt/airflow/dags/dag_suivi.py
[2026-07-20T11:59:44.246+0000] {processor.py:829} INFO - Processing file /opt/airflow/dags/dag_suivi.py for tasks to queue
[2026-07-20T11:59:44.248+0000] {logging_mixin.py:151} INFO - [2026-07-20T11:59:44.247+0000] {dagbag.py:536} INFO - Filling up the DagBag from /opt/airflow/dags/dag_suivi.py
[2026-07-20T11:59:44.282+0000] {processor.py:839} INFO - DAG(s) dict_keys(['pipeline_ingestion_suivi']) retrieved from /opt/airflow/dags/dag_suivi.py
[2026-07-20T11:59:44.318+0000] {logging_mixin.py:151} INFO - [2026-07-20T11:59:44.317+0000] {dag.py:2941} INFO - Sync 1 DAGs
[2026-07-20T11:59:44.344+0000] {logging_mixin.py:151} INFO - [2026-07-20T11:59:44.344+0000] {dag.py:3722} INFO - Setting next_dagrun for pipeline_ingestion_suivi to 2026-07-20T11:00:00+00:00, run_after=2026-07-20T12:00:00+00:00
[2026-07-20T11:59:44.377+0000] {processor.py:179} INFO - Processing /opt/airflow/dags/dag_suivi.py took 0.138 seconds
[2026-07-20T12:00:14.512+0000] {processor.py:157} INFO - Started process (PID=4862) to work on /opt/airflow/dags/dag_suivi.py
[2026-07-20T12:00:14.514+0000] {processor.py:829} INFO - Processing file /opt/airflow/dags/dag_suivi.py for tasks to queue
[2026-07-20T12:00:14.515+0000] {logging_mixin.py:151} INFO - [2026-07-20T12:00:14.515+0000] {dagbag.py:536} INFO - Filling up the DagBag from /opt/airflow/dags/dag_suivi.py
[2026-07-20T12:00:14.548+0000] {processor.py:839} INFO - DAG(s) dict_keys(['pipeline_ingestion_suivi']) retrieved from /opt/airflow/dags/dag_suivi.py
[2026-07-20T12:00:14.581+0000] {logging_mixin.py:151} INFO - [2026-07-20T12:00:14.581+0000] {dag.py:2941} INFO - Sync 1 DAGs
[2026-07-20T12:00:14.606+0000] {logging_mixin.py:151} INFO - [2026-07-20T12:00:14.606+0000] {dag.py:3722} INFO - Setting next_dagrun for pipeline_ingestion_suivi to 2026-07-20T12:00:00+00:00, run_after=2026-07-20T13:00:00+00:00
[2026-07-20T12:00:14.640+0000] {processor.py:179} INFO - Processing /opt/airflow/dags/dag_suivi.py took 0.131 seconds
[2026-07-20T12:00:44.959+0000] {processor.py:157} INFO - Started process (PID=4867) to work on /opt/airflow/dags/dag_suivi.py
[2026-07-20T12:00:44.960+0000] {processor.py:829} INFO - Processing file /opt/airflow/dags/dag_suivi.py for tasks to queue
[2026-07-20T12:00:44.961+0000] {logging_mixin.py:151} INFO - [2026-07-20T12:00:44.961+0000] {dagbag.py:536} INFO - Filling up the DagBag from /opt/airflow/dags/dag_suivi.py
[2026-07-20T12:00:44.995+0000] {processor.py:839} INFO - DAG(s) dict_keys(['pipeline_ingestion_suivi']) retrieved from /opt/airflow/dags/dag_suivi.py
[2026-07-20T12:00:45.028+0000] {logging_mixin.py:151} INFO - [2026-07-20T12:00:45.028+0000] {dag.py:2941} INFO - Sync 1 DAGs
[2026-07-20T12:00:45.054+0000] {logging_mixin.py:151} INFO - [2026-07-20T12:00:45.054+0000] {dag.py:3722} INFO - Setting next_dagrun for pipeline_ingestion_suivi to 2026-07-20T12:00:00+00:00, run_after=2026-07-20T13:00:00+00:00
[2026-07-20T12:00:45.089+0000] {processor.py:179} INFO - Processing /opt/airflow/dags/dag_suivi.py took 0.134 seconds
[2026-07-20T12:01:15.258+0000] {processor.py:157} INFO - Started process (PID=4872) to work on /opt/airflow/dags/dag_suivi.py
[2026-07-20T12:01:15.260+0000] {processor.py:829} INFO - Processing file /opt/airflow/dags/dag_suivi.py for tasks to queue
[2026-07-20T12:01:15.261+0000] {logging_mixin.py:151} INFO - [2026-07-20T12:01:15.261+0000] {dagbag.py:536} INFO - Filling up the DagBag from /opt/airflow/dags/dag_suivi.py
[2026-07-20T12:01:15.305+0000] {processor.py:839} INFO - DAG(s) dict_keys(['pipeline_ingestion_suivi']) retrieved from /opt/airflow/dags/dag_suivi.py
[2026-07-20T12:01:15.357+0000] {logging_mixin.py:151} INFO - [2026-07-20T12:01:15.356+0000] {dag.py:2941} INFO - Sync 1 DAGs
[2026-07-20T12:01:15.404+0000] {logging_mixin.py:151} INFO - [2026-07-20T12:01:15.404+0000] {dag.py:3722} INFO - Setting next_dagrun for pipeline_ingestion_suivi to 2026-07-20T12:00:00+00:00, run_after=2026-07-20T13:00:00+00:00
[2026-07-20T12:01:15.449+0000] {processor.py:179} INFO - Processing /opt/airflow/dags/dag_suivi.py took 0.195 seconds
[2026-07-20T12:01:45.681+0000] {processor.py:157} INFO - Started process (PID=4877) to work on /opt/airflow/dags/dag_suivi.py
[2026-07-20T12:01:45.682+0000] {processor.py:829} INFO - Processing file /opt/airflow/dags/dag_suivi.py for tasks to queue
[2026-07-20T12:01:45.684+0000] {logging_mixin.py:151} INFO - [2026-07-20T12:01:45.684+0000] {dagbag.py:536} INFO - Filling up the DagBag from /opt/airflow/dags/dag_suivi.py
[2026-07-20T12:01:45.721+0000] {processor.py:839} INFO - DAG(s) dict_keys(['pipeline_ingestion_suivi']) retrieved from /opt/airflow/dags/dag_suivi.py
[2026-07-20T12:01:45.764+0000] {logging_mixin.py:151} INFO - [2026-07-20T12:01:45.764+0000] {dag.py:2941} INFO - Sync 1 DAGs
[2026-07-20T12:01:45.797+0000] {logging_mixin.py:151} INFO - [2026-07-20T12:01:45.797+0000] {dag.py:3722} INFO - Setting next_dagrun for pipeline_ingestion_suivi to 2026-07-20T12:00:00+00:00, run_after=2026-07-20T13:00:00+00:00
[2026-07-20T12:01:45.842+0000] {processor.py:179} INFO - Processing /opt/airflow/dags/dag_suivi.py took 0.166 seconds
[2026-07-20T12:02:16.011+0000] {processor.py:157} INFO - Started process (PID=4882) to work on /opt/airflow/dags/dag_suivi.py
[2026-07-20T12:02:16.012+0000] {processor.py:829} INFO - Processing file /opt/airflow/dags/dag_suivi.py for tasks to queue
[2026-07-20T12:02:16.014+0000] {logging_mixin.py:151} INFO - [2026-07-20T12:02:16.013+0000] {dagbag.py:536} INFO - Filling up the DagBag from /opt/airflow/dags/dag_suivi.py
[2026-07-20T12:02:16.046+0000] {processor.py:839} INFO - DAG(s) dict_keys(['pipeline_ingestion_suivi']) retrieved from /opt/airflow/dags/dag_suivi.py
[2026-07-20T12:02:16.082+0000] {logging_mixin.py:151} INFO - [2026-07-20T12:02:16.082+0000] {dag.py:2941} INFO - Sync 1 DAGs
[2026-07-20T12:02:16.111+0000] {logging_mixin.py:151} INFO - [2026-07-20T12:02:16.111+0000] {dag.py:3722} INFO - Setting next_dagrun for pipeline_ingestion_suivi to 2026-07-20T12:00:00+00:00, run_after=2026-07-20T13:00:00+00:00
[2026-07-20T12:02:16.386+0000] {processor.py:179} INFO - Processing /opt/airflow/dags/dag_suivi.py took 0.380 seconds
[2026-07-20T12:02:46.697+0000] {processor.py:157} INFO - Started process (PID=4887) to work on /opt/airflow/dags/dag_suivi.py
[2026-07-20T12:02:46.699+0000] {processor.py:829} INFO - Processing file /opt/airflow/dags/dag_suivi.py for tasks to queue
[2026-07-20T12:02:46.701+0000] {logging_mixin.py:151} INFO - [2026-07-20T12:02:46.700+0000] {dagbag.py:536} INFO - Filling up the DagBag from /opt/airflow/dags/dag_suivi.py
[2026-07-20T12:02:46.735+0000] {processor.py:839} INFO - DAG(s) dict_keys(['pipeline_ingestion_suivi']) retrieved from /opt/airflow/dags/dag_suivi.py
[2026-07-20T12:02:46.775+0000] {logging_mixin.py:151} INFO - [2026-07-20T12:02:46.774+0000] {dag.py:2941} INFO - Sync 1 DAGs
[2026-07-20T12:02:46.804+0000] {logging_mixin.py:151} INFO - [2026-07-20T12:02:46.804+0000] {dag.py:3722} INFO - Setting next_dagrun for pipeline_ingestion_suivi to 2026-07-20T12:00:00+00:00, run_after=2026-07-20T13:00:00+00:00
[2026-07-20T12:02:46.840+0000] {processor.py:179} INFO - Processing /opt/airflow/dags/dag_suivi.py took 0.149 seconds
[2026-07-20T12:03:16.986+0000] {processor.py:157} INFO - Started process (PID=4892) to work on /opt/airflow/dags/dag_suivi.py
[2026-07-20T12:03:16.987+0000] {processor.py:829} INFO - Processing file /opt/airflow/dags/dag_suivi.py for tasks to queue
[2026-07-20T12:03:16.988+0000] {logging_mixin.py:151} INFO - [2026-07-20T12:03:16.988+0000] {dagbag.py:536} INFO - Filling up the DagBag from /opt/airflow/dags/dag_suivi.py
[2026-07-20T12:03:17.025+0000] {processor.py:839} INFO - DAG(s) dict_keys(['pipeline_ingestion_suivi']) retrieved from /opt/airflow/dags/dag_suivi.py
[2026-07-20T12:03:17.062+0000] {logging_mixin.py:151} INFO - [2026-07-20T12:03:17.061+0000] {dag.py:2941} INFO - Sync 1 DAGs
[2026-07-20T12:03:17.087+0000] {logging_mixin.py:151} INFO - [2026-07-20T12:03:17.086+0000] {dag.py:3722} INFO - Setting next_dagrun for pipeline_ingestion_suivi to 2026-07-20T12:00:00+00:00, run_after=2026-07-20T13:00:00+00:00
[2026-07-20T12:03:17.122+0000] {processor.py:179} INFO - Processing /opt/airflow/dags/dag_suivi.py took 0.140 seconds
[2026-07-20T12:03:47.426+0000] {processor.py:157} INFO - Started process (PID=4897) to work on /opt/airflow/dags/dag_suivi.py
[2026-07-20T12:03:47.427+0000] {processor.py:829} INFO - Processing file /opt/airflow/dags/dag_suivi.py for tasks to queue
[2026-07-20T12:03:47.429+0000] {logging_mixin.py:151} INFO - [2026-07-20T12:03:47.428+0000] {dagbag.py:536} INFO - Filling up the DagBag from /opt/airflow/dags/dag_suivi.py
[2026-07-20T12:03:47.464+0000] {processor.py:839} INFO - DAG(s) dict_keys(['pipeline_ingestion_suivi']) retrieved from /opt/airflow/dags/dag_suivi.py
[2026-07-20T12:03:47.500+0000] {logging_mixin.py:151} INFO - [2026-07-20T12:03:47.500+0000] {dag.py:2941} INFO - Sync 1 DAGs
[2026-07-20T12:03:47.529+0000] {logging_mixin.py:151} INFO - [2026-07-20T12:03:47.529+0000] {dag.py:3722} INFO - Setting next_dagrun for pipeline_ingestion_suivi to 2026-07-20T12:00:00+00:00, run_after=2026-07-20T13:00:00+00:00
[2026-07-20T12:03:47.564+0000] {processor.py:179} INFO - Processing /opt/airflow/dags/dag_suivi.py took 0.142 seconds
[2026-07-20T12:04:17.699+0000] {processor.py:157} INFO - Started process (PID=4902) to work on /opt/airflow/dags/dag_suivi.py
[2026-07-20T12:04:17.701+0000] {processor.py:829} INFO - Processing file /opt/airflow/dags/dag_suivi.py for tasks to queue
[2026-07-20T12:04:17.703+0000] {logging_mixin.py:151} INFO - [2026-07-20T12:04:17.702+0000] {dagbag.py:536} INFO - Filling up the DagBag from /opt/airflow/dags/dag_suivi.py
[2026-07-20T12:04:17.739+0000] {processor.py:839} INFO - DAG(s) dict_keys(['pipeline_ingestion_suivi']) retrieved from /opt/airflow/dags/dag_suivi.py
[2026-07-20T12:04:17.786+0000] {logging_mixin.py:151} INFO - [2026-07-20T12:04:17.786+0000] {dag.py:2941} INFO - Sync 1 DAGs
[2026-07-20T12:04:17.822+0000] {logging_mixin.py:151} INFO - [2026-07-20T12:04:17.822+0000] {dag.py:3722} INFO - Setting next_dagrun for pipeline_ingestion_suivi to 2026-07-20T12:00:00+00:00, run_after=2026-07-20T13:00:00+00:00
[2026-07-20T12:04:17.858+0000] {processor.py:179} INFO - Processing /opt/airflow/dags/dag_suivi.py took 0.164 seconds
[2026-07-20T12:04:48.060+0000] {processor.py:157} INFO - Started process (PID=4907) to work on /opt/airflow/dags/dag_suivi.py
[2026-07-20T12:04:48.063+0000] {processor.py:829} INFO - Processing file /opt/airflow/dags/dag_suivi.py for tasks to queue
[2026-07-20T12:04:48.066+0000] {logging_mixin.py:151} INFO - [2026-07-20T12:04:48.066+0000] {dagbag.py:536} INFO - Filling up the DagBag from /opt/airflow/dags/dag_suivi.py
[2026-07-20T12:04:48.103+0000] {processor.py:839} INFO - DAG(s) dict_keys(['pipeline_ingestion_suivi']) retrieved from /opt/airflow/dags/dag_suivi.py
[2026-07-20T12:04:48.166+0000] {logging_mixin.py:151} INFO - [2026-07-20T12:04:48.165+0000] {dag.py:2941} INFO - Sync 1 DAGs
[2026-07-20T12:04:48.220+0000] {logging_mixin.py:151} INFO - [2026-07-20T12:04:48.220+0000] {dag.py:3722} INFO - Setting next_dagrun for pipeline_ingestion_suivi to 2026-07-20T12:00:00+00:00, run_after=2026-07-20T13:00:00+00:00
[2026-07-20T12:04:48.261+0000] {processor.py:179} INFO - Processing /opt/airflow/dags/dag_suivi.py took 0.207 seconds
[2026-07-20T17:07:01.796+0000] {processor.py:157} INFO - Started process (PID=169) to work on /opt/airflow/dags/dag_suivi.py
[2026-07-20T17:07:01.807+0000] {processor.py:829} INFO - Processing file /opt/airflow/dags/dag_suivi.py for tasks to queue
[2026-07-20T17:07:01.816+0000] {logging_mixin.py:151} INFO - [2026-07-20T17:07:01.813+0000] {dagbag.py:536} INFO - Filling up the DagBag from /opt/airflow/dags/dag_suivi.py
[2026-07-20T17:07:01.913+0000] {processor.py:839} INFO - DAG(s) dict_keys(['pipeline_ingestion_suivi']) retrieved from /opt/airflow/dags/dag_suivi.py
[2026-07-20T17:07:02.007+0000] {logging_mixin.py:151} INFO - [2026-07-20T17:07:02.007+0000] {dag.py:2941} INFO - Sync 1 DAGs
[2026-07-20T17:07:02.114+0000] {logging_mixin.py:151} INFO - [2026-07-20T17:07:02.113+0000] {dag.py:3722} INFO - Setting next_dagrun for pipeline_ingestion_suivi to 2026-07-20T17:00:00+00:00, run_after=2026-07-20T18:00:00+00:00
[2026-07-20T17:07:02.173+0000] {processor.py:179} INFO - Processing /opt/airflow/dags/dag_suivi.py took 0.422 seconds
[2026-07-20T19:25:07.288+0000] {processor.py:157} INFO - Started process (PID=182) to work on /opt/airflow/dags/dag_suivi.py
[2026-07-20T19:25:07.307+0000] {processor.py:829} INFO - Processing file /opt/airflow/dags/dag_suivi.py for tasks to queue
[2026-07-20T19:25:07.322+0000] {logging_mixin.py:151} INFO - [2026-07-20T19:25:07.321+0000] {dagbag.py:536} INFO - Filling up the DagBag from /opt/airflow/dags/dag_suivi.py
[2026-07-20T19:25:07.677+0000] {processor.py:839} INFO - DAG(s) dict_keys(['pipeline_ingestion_suivi']) retrieved from /opt/airflow/dags/dag_suivi.py
[2026-07-20T19:25:07.846+0000] {logging_mixin.py:151} INFO - [2026-07-20T19:25:07.845+0000] {dag.py:2941} INFO - Sync 1 DAGs
[2026-07-20T19:25:07.967+0000] {logging_mixin.py:151} INFO - [2026-07-20T19:25:07.967+0000] {dag.py:3722} INFO - Setting next_dagrun for pipeline_ingestion_suivi to 2026-07-20T19:00:00+00:00, run_after=2026-07-20T20:00:00+00:00
[2026-07-20T19:25:08.083+0000] {processor.py:179} INFO - Processing /opt/airflow/dags/dag_suivi.py took 0.810 seconds
