[2026-07-27T09:32:24.519+0000] {processor.py:157} INFO - Started process (PID=168) to work on /opt/airflow/dags/dag_suivi.py
[2026-07-27T09:32:24.521+0000] {processor.py:829} INFO - Processing file /opt/airflow/dags/dag_suivi.py for tasks to queue
[2026-07-27T09:32:24.529+0000] {logging_mixin.py:151} INFO - [2026-07-27T09:32:24.528+0000] {dagbag.py:536} INFO - Filling up the DagBag from /opt/airflow/dags/dag_suivi.py
[2026-07-27T09:32:24.583+0000] {processor.py:839} INFO - DAG(s) dict_keys(['pipeline_ingestion_suivi']) retrieved from /opt/airflow/dags/dag_suivi.py
[2026-07-27T09:32:24.647+0000] {logging_mixin.py:151} INFO - [2026-07-27T09:32:24.647+0000] {dag.py:2941} INFO - Sync 1 DAGs
[2026-07-27T09:32:24.696+0000] {logging_mixin.py:151} INFO - [2026-07-27T09:32:24.696+0000] {dag.py:3722} INFO - Setting next_dagrun for pipeline_ingestion_suivi to 2026-07-27T09:00:00+00:00, run_after=2026-07-27T10:00:00+00:00
[2026-07-27T09:32:24.736+0000] {processor.py:179} INFO - Processing /opt/airflow/dags/dag_suivi.py took 0.224 seconds
[2026-07-27T09:32:54.864+0000] {processor.py:157} INFO - Started process (PID=176) to work on /opt/airflow/dags/dag_suivi.py
[2026-07-27T09:32:54.865+0000] {processor.py:829} INFO - Processing file /opt/airflow/dags/dag_suivi.py for tasks to queue
[2026-07-27T09:32:54.867+0000] {logging_mixin.py:151} INFO - [2026-07-27T09:32:54.866+0000] {dagbag.py:536} INFO - Filling up the DagBag from /opt/airflow/dags/dag_suivi.py
[2026-07-27T09:32:54.905+0000] {processor.py:839} INFO - DAG(s) dict_keys(['pipeline_ingestion_suivi']) retrieved from /opt/airflow/dags/dag_suivi.py
[2026-07-27T09:32:54.949+0000] {logging_mixin.py:151} INFO - [2026-07-27T09:32:54.948+0000] {dag.py:2941} INFO - Sync 1 DAGs
[2026-07-27T09:32:54.991+0000] {logging_mixin.py:151} INFO - [2026-07-27T09:32:54.991+0000] {dag.py:3722} INFO - Setting next_dagrun for pipeline_ingestion_suivi to 2026-07-27T09:00:00+00:00, run_after=2026-07-27T10:00:00+00:00
[2026-07-27T09:32:55.024+0000] {processor.py:179} INFO - Processing /opt/airflow/dags/dag_suivi.py took 0.167 seconds
[2026-07-27T09:33:25.251+0000] {processor.py:157} INFO - Started process (PID=181) to work on /opt/airflow/dags/dag_suivi.py
[2026-07-27T09:33:25.252+0000] {processor.py:829} INFO - Processing file /opt/airflow/dags/dag_suivi.py for tasks to queue
[2026-07-27T09:33:25.253+0000] {logging_mixin.py:151} INFO - [2026-07-27T09:33:25.253+0000] {dagbag.py:536} INFO - Filling up the DagBag from /opt/airflow/dags/dag_suivi.py
[2026-07-27T09:33:25.280+0000] {processor.py:839} INFO - DAG(s) dict_keys(['pipeline_ingestion_suivi']) retrieved from /opt/airflow/dags/dag_suivi.py
[2026-07-27T09:33:25.308+0000] {logging_mixin.py:151} INFO - [2026-07-27T09:33:25.308+0000] {dag.py:2941} INFO - Sync 1 DAGs
[2026-07-27T09:33:25.328+0000] {logging_mixin.py:151} INFO - [2026-07-27T09:33:25.327+0000] {dag.py:3722} INFO - Setting next_dagrun for pipeline_ingestion_suivi to 2026-07-27T09:00:00+00:00, run_after=2026-07-27T10:00:00+00:00
[2026-07-27T09:33:25.353+0000] {processor.py:179} INFO - Processing /opt/airflow/dags/dag_suivi.py took 0.107 seconds
[2026-07-27T09:33:55.471+0000] {processor.py:157} INFO - Started process (PID=186) to work on /opt/airflow/dags/dag_suivi.py
[2026-07-27T09:33:55.472+0000] {processor.py:829} INFO - Processing file /opt/airflow/dags/dag_suivi.py for tasks to queue
[2026-07-27T09:33:55.472+0000] {logging_mixin.py:151} INFO - [2026-07-27T09:33:55.472+0000] {dagbag.py:536} INFO - Filling up the DagBag from /opt/airflow/dags/dag_suivi.py
[2026-07-27T09:33:55.491+0000] {processor.py:839} INFO - DAG(s) dict_keys(['pipeline_ingestion_suivi']) retrieved from /opt/airflow/dags/dag_suivi.py
[2026-07-27T09:33:55.517+0000] {logging_mixin.py:151} INFO - [2026-07-27T09:33:55.517+0000] {dag.py:2941} INFO - Sync 1 DAGs
[2026-07-27T09:33:55.536+0000] {logging_mixin.py:151} INFO - [2026-07-27T09:33:55.536+0000] {dag.py:3722} INFO - Setting next_dagrun for pipeline_ingestion_suivi to 2026-07-27T09:00:00+00:00, run_after=2026-07-27T10:00:00+00:00
[2026-07-27T09:33:55.554+0000] {processor.py:179} INFO - Processing /opt/airflow/dags/dag_suivi.py took 0.086 seconds
[2026-07-27T09:34:25.724+0000] {processor.py:157} INFO - Started process (PID=191) to work on /opt/airflow/dags/dag_suivi.py
[2026-07-27T09:34:25.725+0000] {processor.py:829} INFO - Processing file /opt/airflow/dags/dag_suivi.py for tasks to queue
[2026-07-27T09:34:25.726+0000] {logging_mixin.py:151} INFO - [2026-07-27T09:34:25.726+0000] {dagbag.py:536} INFO - Filling up the DagBag from /opt/airflow/dags/dag_suivi.py
[2026-07-27T09:34:25.743+0000] {processor.py:839} INFO - DAG(s) dict_keys(['pipeline_ingestion_suivi']) retrieved from /opt/airflow/dags/dag_suivi.py
[2026-07-27T09:34:25.770+0000] {logging_mixin.py:151} INFO - [2026-07-27T09:34:25.770+0000] {dag.py:2941} INFO - Sync 1 DAGs
[2026-07-27T09:34:25.790+0000] {logging_mixin.py:151} INFO - [2026-07-27T09:34:25.790+0000] {dag.py:3722} INFO - Setting next_dagrun for pipeline_ingestion_suivi to 2026-07-27T09:00:00+00:00, run_after=2026-07-27T10:00:00+00:00
[2026-07-27T09:34:25.810+0000] {processor.py:179} INFO - Processing /opt/airflow/dags/dag_suivi.py took 0.088 seconds
[2026-07-27T09:34:55.934+0000] {processor.py:157} INFO - Started process (PID=196) to work on /opt/airflow/dags/dag_suivi.py
[2026-07-27T09:34:55.935+0000] {processor.py:829} INFO - Processing file /opt/airflow/dags/dag_suivi.py for tasks to queue
[2026-07-27T09:34:55.936+0000] {logging_mixin.py:151} INFO - [2026-07-27T09:34:55.936+0000] {dagbag.py:536} INFO - Filling up the DagBag from /opt/airflow/dags/dag_suivi.py
[2026-07-27T09:34:55.958+0000] {processor.py:839} INFO - DAG(s) dict_keys(['pipeline_ingestion_suivi']) retrieved from /opt/airflow/dags/dag_suivi.py
[2026-07-27T09:34:55.985+0000] {logging_mixin.py:151} INFO - [2026-07-27T09:34:55.985+0000] {dag.py:2941} INFO - Sync 1 DAGs
[2026-07-27T09:34:56.005+0000] {logging_mixin.py:151} INFO - [2026-07-27T09:34:56.005+0000] {dag.py:3722} INFO - Setting next_dagrun for pipeline_ingestion_suivi to 2026-07-27T09:00:00+00:00, run_after=2026-07-27T10:00:00+00:00
[2026-07-27T09:34:56.034+0000] {processor.py:179} INFO - Processing /opt/airflow/dags/dag_suivi.py took 0.104 seconds
[2026-07-27T09:35:26.162+0000] {processor.py:157} INFO - Started process (PID=201) to work on /opt/airflow/dags/dag_suivi.py
[2026-07-27T09:35:26.163+0000] {processor.py:829} INFO - Processing file /opt/airflow/dags/dag_suivi.py for tasks to queue
[2026-07-27T09:35:26.164+0000] {logging_mixin.py:151} INFO - [2026-07-27T09:35:26.164+0000] {dagbag.py:536} INFO - Filling up the DagBag from /opt/airflow/dags/dag_suivi.py
[2026-07-27T09:35:26.182+0000] {processor.py:839} INFO - DAG(s) dict_keys(['pipeline_ingestion_suivi']) retrieved from /opt/airflow/dags/dag_suivi.py
[2026-07-27T09:35:26.222+0000] {logging_mixin.py:151} INFO - [2026-07-27T09:35:26.222+0000] {dag.py:2941} INFO - Sync 1 DAGs
[2026-07-27T09:35:26.249+0000] {logging_mixin.py:151} INFO - [2026-07-27T09:35:26.249+0000] {dag.py:3722} INFO - Setting next_dagrun for pipeline_ingestion_suivi to 2026-07-27T09:00:00+00:00, run_after=2026-07-27T10:00:00+00:00
[2026-07-27T09:35:26.272+0000] {processor.py:179} INFO - Processing /opt/airflow/dags/dag_suivi.py took 0.112 seconds
[2026-07-27T09:35:56.398+0000] {processor.py:157} INFO - Started process (PID=206) to work on /opt/airflow/dags/dag_suivi.py
[2026-07-27T09:35:56.400+0000] {processor.py:829} INFO - Processing file /opt/airflow/dags/dag_suivi.py for tasks to queue
[2026-07-27T09:35:56.401+0000] {logging_mixin.py:151} INFO - [2026-07-27T09:35:56.400+0000] {dagbag.py:536} INFO - Filling up the DagBag from /opt/airflow/dags/dag_suivi.py
[2026-07-27T09:35:56.431+0000] {processor.py:839} INFO - DAG(s) dict_keys(['pipeline_ingestion_suivi']) retrieved from /opt/airflow/dags/dag_suivi.py
[2026-07-27T09:35:56.457+0000] {logging_mixin.py:151} INFO - [2026-07-27T09:35:56.457+0000] {dag.py:2941} INFO - Sync 1 DAGs
[2026-07-27T09:35:56.478+0000] {logging_mixin.py:151} INFO - [2026-07-27T09:35:56.478+0000] {dag.py:3722} INFO - Setting next_dagrun for pipeline_ingestion_suivi to 2026-07-27T09:00:00+00:00, run_after=2026-07-27T10:00:00+00:00
[2026-07-27T09:35:56.510+0000] {processor.py:179} INFO - Processing /opt/airflow/dags/dag_suivi.py took 0.115 seconds
[2026-07-27T09:36:26.652+0000] {processor.py:157} INFO - Started process (PID=211) to work on /opt/airflow/dags/dag_suivi.py
[2026-07-27T09:36:26.654+0000] {processor.py:829} INFO - Processing file /opt/airflow/dags/dag_suivi.py for tasks to queue
[2026-07-27T09:36:26.655+0000] {logging_mixin.py:151} INFO - [2026-07-27T09:36:26.655+0000] {dagbag.py:536} INFO - Filling up the DagBag from /opt/airflow/dags/dag_suivi.py
[2026-07-27T09:36:26.678+0000] {processor.py:839} INFO - DAG(s) dict_keys(['pipeline_ingestion_suivi']) retrieved from /opt/airflow/dags/dag_suivi.py
[2026-07-27T09:36:26.706+0000] {logging_mixin.py:151} INFO - [2026-07-27T09:36:26.705+0000] {dag.py:2941} INFO - Sync 1 DAGs
[2026-07-27T09:36:26.728+0000] {logging_mixin.py:151} INFO - [2026-07-27T09:36:26.728+0000] {dag.py:3722} INFO - Setting next_dagrun for pipeline_ingestion_suivi to 2026-07-27T09:00:00+00:00, run_after=2026-07-27T10:00:00+00:00
[2026-07-27T09:36:26.749+0000] {processor.py:179} INFO - Processing /opt/airflow/dags/dag_suivi.py took 0.100 seconds
[2026-07-27T09:36:56.868+0000] {processor.py:157} INFO - Started process (PID=216) to work on /opt/airflow/dags/dag_suivi.py
[2026-07-27T09:36:56.869+0000] {processor.py:829} INFO - Processing file /opt/airflow/dags/dag_suivi.py for tasks to queue
[2026-07-27T09:36:56.869+0000] {logging_mixin.py:151} INFO - [2026-07-27T09:36:56.869+0000] {dagbag.py:536} INFO - Filling up the DagBag from /opt/airflow/dags/dag_suivi.py
[2026-07-27T09:36:56.886+0000] {processor.py:839} INFO - DAG(s) dict_keys(['pipeline_ingestion_suivi']) retrieved from /opt/airflow/dags/dag_suivi.py
[2026-07-27T09:36:56.912+0000] {logging_mixin.py:151} INFO - [2026-07-27T09:36:56.912+0000] {dag.py:2941} INFO - Sync 1 DAGs
[2026-07-27T09:36:56.931+0000] {logging_mixin.py:151} INFO - [2026-07-27T09:36:56.931+0000] {dag.py:3722} INFO - Setting next_dagrun for pipeline_ingestion_suivi to 2026-07-27T09:00:00+00:00, run_after=2026-07-27T10:00:00+00:00
[2026-07-27T09:36:56.964+0000] {processor.py:179} INFO - Processing /opt/airflow/dags/dag_suivi.py took 0.098 seconds
[2026-07-27T09:37:27.187+0000] {processor.py:157} INFO - Started process (PID=221) to work on /opt/airflow/dags/dag_suivi.py
[2026-07-27T09:37:27.188+0000] {processor.py:829} INFO - Processing file /opt/airflow/dags/dag_suivi.py for tasks to queue
[2026-07-27T09:37:27.189+0000] {logging_mixin.py:151} INFO - [2026-07-27T09:37:27.189+0000] {dagbag.py:536} INFO - Filling up the DagBag from /opt/airflow/dags/dag_suivi.py
[2026-07-27T09:37:27.237+0000] {processor.py:839} INFO - DAG(s) dict_keys(['pipeline_ingestion_suivi']) retrieved from /opt/airflow/dags/dag_suivi.py
[2026-07-27T09:37:27.276+0000] {logging_mixin.py:151} INFO - [2026-07-27T09:37:27.276+0000] {dag.py:2941} INFO - Sync 1 DAGs
[2026-07-27T09:37:27.307+0000] {logging_mixin.py:151} INFO - [2026-07-27T09:37:27.306+0000] {dag.py:3722} INFO - Setting next_dagrun for pipeline_ingestion_suivi to 2026-07-27T09:00:00+00:00, run_after=2026-07-27T10:00:00+00:00
[2026-07-27T09:37:27.336+0000] {processor.py:179} INFO - Processing /opt/airflow/dags/dag_suivi.py took 0.154 seconds
[2026-07-27T09:37:57.416+0000] {processor.py:157} INFO - Started process (PID=226) to work on /opt/airflow/dags/dag_suivi.py
[2026-07-27T09:37:57.417+0000] {processor.py:829} INFO - Processing file /opt/airflow/dags/dag_suivi.py for tasks to queue
[2026-07-27T09:37:57.419+0000] {logging_mixin.py:151} INFO - [2026-07-27T09:37:57.418+0000] {dagbag.py:536} INFO - Filling up the DagBag from /opt/airflow/dags/dag_suivi.py
[2026-07-27T09:37:57.457+0000] {processor.py:839} INFO - DAG(s) dict_keys(['pipeline_ingestion_suivi']) retrieved from /opt/airflow/dags/dag_suivi.py
[2026-07-27T09:37:57.514+0000] {logging_mixin.py:151} INFO - [2026-07-27T09:37:57.514+0000] {dag.py:2941} INFO - Sync 1 DAGs
[2026-07-27T09:37:57.544+0000] {logging_mixin.py:151} INFO - [2026-07-27T09:37:57.543+0000] {dag.py:3722} INFO - Setting next_dagrun for pipeline_ingestion_suivi to 2026-07-27T09:00:00+00:00, run_after=2026-07-27T10:00:00+00:00
[2026-07-27T09:37:57.569+0000] {processor.py:179} INFO - Processing /opt/airflow/dags/dag_suivi.py took 0.162 seconds
[2026-07-27T09:38:27.729+0000] {processor.py:157} INFO - Started process (PID=231) to work on /opt/airflow/dags/dag_suivi.py
[2026-07-27T09:38:27.729+0000] {processor.py:829} INFO - Processing file /opt/airflow/dags/dag_suivi.py for tasks to queue
[2026-07-27T09:38:27.731+0000] {logging_mixin.py:151} INFO - [2026-07-27T09:38:27.731+0000] {dagbag.py:536} INFO - Filling up the DagBag from /opt/airflow/dags/dag_suivi.py
[2026-07-27T09:38:27.755+0000] {processor.py:839} INFO - DAG(s) dict_keys(['pipeline_ingestion_suivi']) retrieved from /opt/airflow/dags/dag_suivi.py
[2026-07-27T09:38:27.786+0000] {logging_mixin.py:151} INFO - [2026-07-27T09:38:27.786+0000] {dag.py:2941} INFO - Sync 1 DAGs
[2026-07-27T09:38:27.809+0000] {logging_mixin.py:151} INFO - [2026-07-27T09:38:27.808+0000] {dag.py:3722} INFO - Setting next_dagrun for pipeline_ingestion_suivi to 2026-07-27T09:00:00+00:00, run_after=2026-07-27T10:00:00+00:00
[2026-07-27T09:38:27.837+0000] {processor.py:179} INFO - Processing /opt/airflow/dags/dag_suivi.py took 0.112 seconds
[2026-07-27T09:38:57.969+0000] {processor.py:157} INFO - Started process (PID=236) to work on /opt/airflow/dags/dag_suivi.py
[2026-07-27T09:38:57.969+0000] {processor.py:829} INFO - Processing file /opt/airflow/dags/dag_suivi.py for tasks to queue
[2026-07-27T09:38:57.970+0000] {logging_mixin.py:151} INFO - [2026-07-27T09:38:57.970+0000] {dagbag.py:536} INFO - Filling up the DagBag from /opt/airflow/dags/dag_suivi.py
[2026-07-27T09:38:57.988+0000] {processor.py:839} INFO - DAG(s) dict_keys(['pipeline_ingestion_suivi']) retrieved from /opt/airflow/dags/dag_suivi.py
[2026-07-27T09:38:58.014+0000] {logging_mixin.py:151} INFO - [2026-07-27T09:38:58.013+0000] {dag.py:2941} INFO - Sync 1 DAGs
[2026-07-27T09:38:58.034+0000] {logging_mixin.py:151} INFO - [2026-07-27T09:38:58.034+0000] {dag.py:3722} INFO - Setting next_dagrun for pipeline_ingestion_suivi to 2026-07-27T09:00:00+00:00, run_after=2026-07-27T10:00:00+00:00
[2026-07-27T09:38:58.053+0000] {processor.py:179} INFO - Processing /opt/airflow/dags/dag_suivi.py took 0.087 seconds
[2026-07-27T09:39:28.222+0000] {processor.py:157} INFO - Started process (PID=241) to work on /opt/airflow/dags/dag_suivi.py
[2026-07-27T09:39:28.223+0000] {processor.py:829} INFO - Processing file /opt/airflow/dags/dag_suivi.py for tasks to queue
[2026-07-27T09:39:28.224+0000] {logging_mixin.py:151} INFO - [2026-07-27T09:39:28.223+0000] {dagbag.py:536} INFO - Filling up the DagBag from /opt/airflow/dags/dag_suivi.py
[2026-07-27T09:39:28.242+0000] {processor.py:839} INFO - DAG(s) dict_keys(['pipeline_ingestion_suivi']) retrieved from /opt/airflow/dags/dag_suivi.py
[2026-07-27T09:39:28.267+0000] {logging_mixin.py:151} INFO - [2026-07-27T09:39:28.267+0000] {dag.py:2941} INFO - Sync 1 DAGs
[2026-07-27T09:39:28.288+0000] {logging_mixin.py:151} INFO - [2026-07-27T09:39:28.287+0000] {dag.py:3722} INFO - Setting next_dagrun for pipeline_ingestion_suivi to 2026-07-27T09:00:00+00:00, run_after=2026-07-27T10:00:00+00:00
[2026-07-27T09:39:28.307+0000] {processor.py:179} INFO - Processing /opt/airflow/dags/dag_suivi.py took 0.087 seconds
[2026-07-27T09:39:58.413+0000] {processor.py:157} INFO - Started process (PID=246) to work on /opt/airflow/dags/dag_suivi.py
[2026-07-27T09:39:58.413+0000] {processor.py:829} INFO - Processing file /opt/airflow/dags/dag_suivi.py for tasks to queue
[2026-07-27T09:39:58.414+0000] {logging_mixin.py:151} INFO - [2026-07-27T09:39:58.414+0000] {dagbag.py:536} INFO - Filling up the DagBag from /opt/airflow/dags/dag_suivi.py
[2026-07-27T09:39:58.431+0000] {processor.py:839} INFO - DAG(s) dict_keys(['pipeline_ingestion_suivi']) retrieved from /opt/airflow/dags/dag_suivi.py
[2026-07-27T09:39:58.484+0000] {logging_mixin.py:151} INFO - [2026-07-27T09:39:58.484+0000] {dag.py:2941} INFO - Sync 1 DAGs
[2026-07-27T09:39:58.510+0000] {logging_mixin.py:151} INFO - [2026-07-27T09:39:58.510+0000] {dag.py:3722} INFO - Setting next_dagrun for pipeline_ingestion_suivi to 2026-07-27T09:00:00+00:00, run_after=2026-07-27T10:00:00+00:00
[2026-07-27T09:39:58.533+0000] {processor.py:179} INFO - Processing /opt/airflow/dags/dag_suivi.py took 0.123 seconds
[2026-07-27T09:40:28.708+0000] {processor.py:157} INFO - Started process (PID=251) to work on /opt/airflow/dags/dag_suivi.py
[2026-07-27T09:40:28.709+0000] {processor.py:829} INFO - Processing file /opt/airflow/dags/dag_suivi.py for tasks to queue
[2026-07-27T09:40:28.710+0000] {logging_mixin.py:151} INFO - [2026-07-27T09:40:28.710+0000] {dagbag.py:536} INFO - Filling up the DagBag from /opt/airflow/dags/dag_suivi.py
[2026-07-27T09:40:28.729+0000] {processor.py:839} INFO - DAG(s) dict_keys(['pipeline_ingestion_suivi']) retrieved from /opt/airflow/dags/dag_suivi.py
[2026-07-27T09:40:28.758+0000] {logging_mixin.py:151} INFO - [2026-07-27T09:40:28.758+0000] {dag.py:2941} INFO - Sync 1 DAGs
[2026-07-27T09:40:28.780+0000] {logging_mixin.py:151} INFO - [2026-07-27T09:40:28.780+0000] {dag.py:3722} INFO - Setting next_dagrun for pipeline_ingestion_suivi to 2026-07-27T09:00:00+00:00, run_after=2026-07-27T10:00:00+00:00
[2026-07-27T09:40:28.800+0000] {processor.py:179} INFO - Processing /opt/airflow/dags/dag_suivi.py took 0.094 seconds
[2026-07-27T09:40:58.903+0000] {processor.py:157} INFO - Started process (PID=256) to work on /opt/airflow/dags/dag_suivi.py
[2026-07-27T09:40:58.904+0000] {processor.py:829} INFO - Processing file /opt/airflow/dags/dag_suivi.py for tasks to queue
[2026-07-27T09:40:58.904+0000] {logging_mixin.py:151} INFO - [2026-07-27T09:40:58.904+0000] {dagbag.py:536} INFO - Filling up the DagBag from /opt/airflow/dags/dag_suivi.py
[2026-07-27T09:40:58.921+0000] {processor.py:839} INFO - DAG(s) dict_keys(['pipeline_ingestion_suivi']) retrieved from /opt/airflow/dags/dag_suivi.py
[2026-07-27T09:40:58.946+0000] {logging_mixin.py:151} INFO - [2026-07-27T09:40:58.946+0000] {dag.py:2941} INFO - Sync 1 DAGs
[2026-07-27T09:40:58.965+0000] {logging_mixin.py:151} INFO - [2026-07-27T09:40:58.965+0000] {dag.py:3722} INFO - Setting next_dagrun for pipeline_ingestion_suivi to 2026-07-27T09:00:00+00:00, run_after=2026-07-27T10:00:00+00:00
[2026-07-27T09:40:58.982+0000] {processor.py:179} INFO - Processing /opt/airflow/dags/dag_suivi.py took 0.082 seconds
[2026-07-27T09:41:29.189+0000] {processor.py:157} INFO - Started process (PID=261) to work on /opt/airflow/dags/dag_suivi.py
[2026-07-27T09:41:29.190+0000] {processor.py:829} INFO - Processing file /opt/airflow/dags/dag_suivi.py for tasks to queue
[2026-07-27T09:41:29.190+0000] {logging_mixin.py:151} INFO - [2026-07-27T09:41:29.190+0000] {dagbag.py:536} INFO - Filling up the DagBag from /opt/airflow/dags/dag_suivi.py
[2026-07-27T09:41:29.208+0000] {processor.py:839} INFO - DAG(s) dict_keys(['pipeline_ingestion_suivi']) retrieved from /opt/airflow/dags/dag_suivi.py
[2026-07-27T09:41:29.233+0000] {logging_mixin.py:151} INFO - [2026-07-27T09:41:29.232+0000] {dag.py:2941} INFO - Sync 1 DAGs
[2026-07-27T09:41:29.254+0000] {logging_mixin.py:151} INFO - [2026-07-27T09:41:29.254+0000] {dag.py:3722} INFO - Setting next_dagrun for pipeline_ingestion_suivi to 2026-07-27T09:00:00+00:00, run_after=2026-07-27T10:00:00+00:00
[2026-07-27T09:41:29.276+0000] {processor.py:179} INFO - Processing /opt/airflow/dags/dag_suivi.py took 0.090 seconds
[2026-07-27T09:41:59.514+0000] {processor.py:157} INFO - Started process (PID=266) to work on /opt/airflow/dags/dag_suivi.py
[2026-07-27T09:41:59.515+0000] {processor.py:829} INFO - Processing file /opt/airflow/dags/dag_suivi.py for tasks to queue
[2026-07-27T09:41:59.516+0000] {logging_mixin.py:151} INFO - [2026-07-27T09:41:59.516+0000] {dagbag.py:536} INFO - Filling up the DagBag from /opt/airflow/dags/dag_suivi.py
[2026-07-27T09:41:59.570+0000] {processor.py:839} INFO - DAG(s) dict_keys(['pipeline_ingestion_suivi']) retrieved from /opt/airflow/dags/dag_suivi.py
[2026-07-27T09:41:59.618+0000] {logging_mixin.py:151} INFO - [2026-07-27T09:41:59.618+0000] {dag.py:2941} INFO - Sync 1 DAGs
[2026-07-27T09:41:59.658+0000] {logging_mixin.py:151} INFO - [2026-07-27T09:41:59.658+0000] {dag.py:3722} INFO - Setting next_dagrun for pipeline_ingestion_suivi to 2026-07-27T09:00:00+00:00, run_after=2026-07-27T10:00:00+00:00
[2026-07-27T09:41:59.693+0000] {processor.py:179} INFO - Processing /opt/airflow/dags/dag_suivi.py took 0.183 seconds
[2026-07-27T09:42:29.906+0000] {processor.py:157} INFO - Started process (PID=271) to work on /opt/airflow/dags/dag_suivi.py
[2026-07-27T09:42:29.906+0000] {processor.py:829} INFO - Processing file /opt/airflow/dags/dag_suivi.py for tasks to queue
[2026-07-27T09:42:29.907+0000] {logging_mixin.py:151} INFO - [2026-07-27T09:42:29.907+0000] {dagbag.py:536} INFO - Filling up the DagBag from /opt/airflow/dags/dag_suivi.py
[2026-07-27T09:42:29.926+0000] {processor.py:839} INFO - DAG(s) dict_keys(['pipeline_ingestion_suivi']) retrieved from /opt/airflow/dags/dag_suivi.py
[2026-07-27T09:42:29.956+0000] {logging_mixin.py:151} INFO - [2026-07-27T09:42:29.956+0000] {dag.py:2941} INFO - Sync 1 DAGs
[2026-07-27T09:42:29.980+0000] {logging_mixin.py:151} INFO - [2026-07-27T09:42:29.980+0000] {dag.py:3722} INFO - Setting next_dagrun for pipeline_ingestion_suivi to 2026-07-27T09:00:00+00:00, run_after=2026-07-27T10:00:00+00:00
[2026-07-27T09:42:29.998+0000] {processor.py:179} INFO - Processing /opt/airflow/dags/dag_suivi.py took 0.095 seconds
[2026-07-27T09:43:00.126+0000] {processor.py:157} INFO - Started process (PID=276) to work on /opt/airflow/dags/dag_suivi.py
[2026-07-27T09:43:00.127+0000] {processor.py:829} INFO - Processing file /opt/airflow/dags/dag_suivi.py for tasks to queue
[2026-07-27T09:43:00.129+0000] {logging_mixin.py:151} INFO - [2026-07-27T09:43:00.128+0000] {dagbag.py:536} INFO - Filling up the DagBag from /opt/airflow/dags/dag_suivi.py
[2026-07-27T09:43:00.152+0000] {processor.py:839} INFO - DAG(s) dict_keys(['pipeline_ingestion_suivi']) retrieved from /opt/airflow/dags/dag_suivi.py
[2026-07-27T09:43:00.179+0000] {logging_mixin.py:151} INFO - [2026-07-27T09:43:00.179+0000] {dag.py:2941} INFO - Sync 1 DAGs
[2026-07-27T09:43:00.199+0000] {logging_mixin.py:151} INFO - [2026-07-27T09:43:00.199+0000] {dag.py:3722} INFO - Setting next_dagrun for pipeline_ingestion_suivi to 2026-07-27T09:00:00+00:00, run_after=2026-07-27T10:00:00+00:00
[2026-07-27T09:43:00.216+0000] {processor.py:179} INFO - Processing /opt/airflow/dags/dag_suivi.py took 0.093 seconds
[2026-07-27T09:43:30.386+0000] {processor.py:157} INFO - Started process (PID=281) to work on /opt/airflow/dags/dag_suivi.py
[2026-07-27T09:43:30.386+0000] {processor.py:829} INFO - Processing file /opt/airflow/dags/dag_suivi.py for tasks to queue
[2026-07-27T09:43:30.387+0000] {logging_mixin.py:151} INFO - [2026-07-27T09:43:30.387+0000] {dagbag.py:536} INFO - Filling up the DagBag from /opt/airflow/dags/dag_suivi.py
[2026-07-27T09:43:30.406+0000] {processor.py:839} INFO - DAG(s) dict_keys(['pipeline_ingestion_suivi']) retrieved from /opt/airflow/dags/dag_suivi.py
[2026-07-27T09:43:30.431+0000] {logging_mixin.py:151} INFO - [2026-07-27T09:43:30.431+0000] {dag.py:2941} INFO - Sync 1 DAGs
[2026-07-27T09:43:30.451+0000] {logging_mixin.py:151} INFO - [2026-07-27T09:43:30.451+0000] {dag.py:3722} INFO - Setting next_dagrun for pipeline_ingestion_suivi to 2026-07-27T09:00:00+00:00, run_after=2026-07-27T10:00:00+00:00
[2026-07-27T09:43:30.469+0000] {processor.py:179} INFO - Processing /opt/airflow/dags/dag_suivi.py took 0.086 seconds
[2026-07-27T09:44:00.581+0000] {processor.py:157} INFO - Started process (PID=286) to work on /opt/airflow/dags/dag_suivi.py
[2026-07-27T09:44:00.582+0000] {processor.py:829} INFO - Processing file /opt/airflow/dags/dag_suivi.py for tasks to queue
[2026-07-27T09:44:00.582+0000] {logging_mixin.py:151} INFO - [2026-07-27T09:44:00.582+0000] {dagbag.py:536} INFO - Filling up the DagBag from /opt/airflow/dags/dag_suivi.py
[2026-07-27T09:44:00.605+0000] {processor.py:839} INFO - DAG(s) dict_keys(['pipeline_ingestion_suivi']) retrieved from /opt/airflow/dags/dag_suivi.py
[2026-07-27T09:44:00.641+0000] {logging_mixin.py:151} INFO - [2026-07-27T09:44:00.640+0000] {dag.py:2941} INFO - Sync 1 DAGs
[2026-07-27T09:44:00.660+0000] {logging_mixin.py:151} INFO - [2026-07-27T09:44:00.660+0000] {dag.py:3722} INFO - Setting next_dagrun for pipeline_ingestion_suivi to 2026-07-27T09:00:00+00:00, run_after=2026-07-27T10:00:00+00:00
[2026-07-27T09:44:00.679+0000] {processor.py:179} INFO - Processing /opt/airflow/dags/dag_suivi.py took 0.102 seconds
[2026-07-27T09:44:30.884+0000] {processor.py:157} INFO - Started process (PID=291) to work on /opt/airflow/dags/dag_suivi.py
[2026-07-27T09:44:30.886+0000] {processor.py:829} INFO - Processing file /opt/airflow/dags/dag_suivi.py for tasks to queue
[2026-07-27T09:44:30.890+0000] {logging_mixin.py:151} INFO - [2026-07-27T09:44:30.889+0000] {dagbag.py:536} INFO - Filling up the DagBag from /opt/airflow/dags/dag_suivi.py
[2026-07-27T09:44:30.924+0000] {processor.py:839} INFO - DAG(s) dict_keys(['pipeline_ingestion_suivi']) retrieved from /opt/airflow/dags/dag_suivi.py
[2026-07-27T09:44:30.958+0000] {logging_mixin.py:151} INFO - [2026-07-27T09:44:30.958+0000] {dag.py:2941} INFO - Sync 1 DAGs
[2026-07-27T09:44:30.983+0000] {logging_mixin.py:151} INFO - [2026-07-27T09:44:30.982+0000] {dag.py:3722} INFO - Setting next_dagrun for pipeline_ingestion_suivi to 2026-07-27T09:00:00+00:00, run_after=2026-07-27T10:00:00+00:00
[2026-07-27T09:44:31.008+0000] {processor.py:179} INFO - Processing /opt/airflow/dags/dag_suivi.py took 0.130 seconds
[2026-07-27T09:45:01.060+0000] {processor.py:157} INFO - Started process (PID=296) to work on /opt/airflow/dags/dag_suivi.py
[2026-07-27T09:45:01.061+0000] {processor.py:829} INFO - Processing file /opt/airflow/dags/dag_suivi.py for tasks to queue
[2026-07-27T09:45:01.062+0000] {logging_mixin.py:151} INFO - [2026-07-27T09:45:01.062+0000] {dagbag.py:536} INFO - Filling up the DagBag from /opt/airflow/dags/dag_suivi.py
[2026-07-27T09:45:01.083+0000] {processor.py:839} INFO - DAG(s) dict_keys(['pipeline_ingestion_suivi']) retrieved from /opt/airflow/dags/dag_suivi.py
[2026-07-27T09:45:01.109+0000] {logging_mixin.py:151} INFO - [2026-07-27T09:45:01.108+0000] {dag.py:2941} INFO - Sync 1 DAGs
[2026-07-27T09:45:01.127+0000] {logging_mixin.py:151} INFO - [2026-07-27T09:45:01.127+0000] {dag.py:3722} INFO - Setting next_dagrun for pipeline_ingestion_suivi to 2026-07-27T09:00:00+00:00, run_after=2026-07-27T10:00:00+00:00
[2026-07-27T09:45:01.157+0000] {processor.py:179} INFO - Processing /opt/airflow/dags/dag_suivi.py took 0.099 seconds
[2026-07-27T09:45:31.251+0000] {processor.py:157} INFO - Started process (PID=301) to work on /opt/airflow/dags/dag_suivi.py
[2026-07-27T09:45:31.252+0000] {processor.py:829} INFO - Processing file /opt/airflow/dags/dag_suivi.py for tasks to queue
[2026-07-27T09:45:31.253+0000] {logging_mixin.py:151} INFO - [2026-07-27T09:45:31.252+0000] {dagbag.py:536} INFO - Filling up the DagBag from /opt/airflow/dags/dag_suivi.py
[2026-07-27T09:45:31.269+0000] {processor.py:839} INFO - DAG(s) dict_keys(['pipeline_ingestion_suivi']) retrieved from /opt/airflow/dags/dag_suivi.py
[2026-07-27T09:45:31.296+0000] {logging_mixin.py:151} INFO - [2026-07-27T09:45:31.296+0000] {dag.py:2941} INFO - Sync 1 DAGs
[2026-07-27T09:45:31.317+0000] {logging_mixin.py:151} INFO - [2026-07-27T09:45:31.317+0000] {dag.py:3722} INFO - Setting next_dagrun for pipeline_ingestion_suivi to 2026-07-27T09:00:00+00:00, run_after=2026-07-27T10:00:00+00:00
[2026-07-27T09:45:31.338+0000] {processor.py:179} INFO - Processing /opt/airflow/dags/dag_suivi.py took 0.089 seconds
[2026-07-27T09:46:01.537+0000] {processor.py:157} INFO - Started process (PID=306) to work on /opt/airflow/dags/dag_suivi.py
[2026-07-27T09:46:01.538+0000] {processor.py:829} INFO - Processing file /opt/airflow/dags/dag_suivi.py for tasks to queue
[2026-07-27T09:46:01.539+0000] {logging_mixin.py:151} INFO - [2026-07-27T09:46:01.539+0000] {dagbag.py:536} INFO - Filling up the DagBag from /opt/airflow/dags/dag_suivi.py
[2026-07-27T09:46:01.576+0000] {processor.py:839} INFO - DAG(s) dict_keys(['pipeline_ingestion_suivi']) retrieved from /opt/airflow/dags/dag_suivi.py
[2026-07-27T09:46:01.618+0000] {logging_mixin.py:151} INFO - [2026-07-27T09:46:01.618+0000] {dag.py:2941} INFO - Sync 1 DAGs
[2026-07-27T09:46:01.657+0000] {logging_mixin.py:151} INFO - [2026-07-27T09:46:01.657+0000] {dag.py:3722} INFO - Setting next_dagrun for pipeline_ingestion_suivi to 2026-07-27T09:00:00+00:00, run_after=2026-07-27T10:00:00+00:00
[2026-07-27T09:46:01.687+0000] {processor.py:179} INFO - Processing /opt/airflow/dags/dag_suivi.py took 0.154 seconds
[2026-07-27T09:46:31.742+0000] {processor.py:157} INFO - Started process (PID=311) to work on /opt/airflow/dags/dag_suivi.py
[2026-07-27T09:46:31.743+0000] {processor.py:829} INFO - Processing file /opt/airflow/dags/dag_suivi.py for tasks to queue
[2026-07-27T09:46:31.744+0000] {logging_mixin.py:151} INFO - [2026-07-27T09:46:31.744+0000] {dagbag.py:536} INFO - Filling up the DagBag from /opt/airflow/dags/dag_suivi.py
[2026-07-27T09:46:31.764+0000] {processor.py:839} INFO - DAG(s) dict_keys(['pipeline_ingestion_suivi']) retrieved from /opt/airflow/dags/dag_suivi.py
[2026-07-27T09:46:31.794+0000] {logging_mixin.py:151} INFO - [2026-07-27T09:46:31.794+0000] {dag.py:2941} INFO - Sync 1 DAGs
[2026-07-27T09:46:31.815+0000] {logging_mixin.py:151} INFO - [2026-07-27T09:46:31.815+0000] {dag.py:3722} INFO - Setting next_dagrun for pipeline_ingestion_suivi to 2026-07-27T09:00:00+00:00, run_after=2026-07-27T10:00:00+00:00
[2026-07-27T09:46:31.834+0000] {processor.py:179} INFO - Processing /opt/airflow/dags/dag_suivi.py took 0.094 seconds
[2026-07-27T09:47:01.925+0000] {processor.py:157} INFO - Started process (PID=316) to work on /opt/airflow/dags/dag_suivi.py
[2026-07-27T09:47:01.926+0000] {processor.py:829} INFO - Processing file /opt/airflow/dags/dag_suivi.py for tasks to queue
[2026-07-27T09:47:01.926+0000] {logging_mixin.py:151} INFO - [2026-07-27T09:47:01.926+0000] {dagbag.py:536} INFO - Filling up the DagBag from /opt/airflow/dags/dag_suivi.py
[2026-07-27T09:47:01.944+0000] {processor.py:839} INFO - DAG(s) dict_keys(['pipeline_ingestion_suivi']) retrieved from /opt/airflow/dags/dag_suivi.py
[2026-07-27T09:47:01.973+0000] {logging_mixin.py:151} INFO - [2026-07-27T09:47:01.972+0000] {dag.py:2941} INFO - Sync 1 DAGs
[2026-07-27T09:47:01.994+0000] {logging_mixin.py:151} INFO - [2026-07-27T09:47:01.994+0000] {dag.py:3722} INFO - Setting next_dagrun for pipeline_ingestion_suivi to 2026-07-27T09:00:00+00:00, run_after=2026-07-27T10:00:00+00:00
[2026-07-27T09:47:02.013+0000] {processor.py:179} INFO - Processing /opt/airflow/dags/dag_suivi.py took 0.092 seconds
[2026-07-27T09:47:32.251+0000] {processor.py:157} INFO - Started process (PID=321) to work on /opt/airflow/dags/dag_suivi.py
[2026-07-27T09:47:32.252+0000] {processor.py:829} INFO - Processing file /opt/airflow/dags/dag_suivi.py for tasks to queue
[2026-07-27T09:47:32.253+0000] {logging_mixin.py:151} INFO - [2026-07-27T09:47:32.252+0000] {dagbag.py:536} INFO - Filling up the DagBag from /opt/airflow/dags/dag_suivi.py
[2026-07-27T09:47:32.270+0000] {processor.py:839} INFO - DAG(s) dict_keys(['pipeline_ingestion_suivi']) retrieved from /opt/airflow/dags/dag_suivi.py
[2026-07-27T09:47:32.294+0000] {logging_mixin.py:151} INFO - [2026-07-27T09:47:32.294+0000] {dag.py:2941} INFO - Sync 1 DAGs
[2026-07-27T09:47:32.314+0000] {logging_mixin.py:151} INFO - [2026-07-27T09:47:32.313+0000] {dag.py:3722} INFO - Setting next_dagrun for pipeline_ingestion_suivi to 2026-07-27T09:00:00+00:00, run_after=2026-07-27T10:00:00+00:00
[2026-07-27T09:47:32.332+0000] {processor.py:179} INFO - Processing /opt/airflow/dags/dag_suivi.py took 0.083 seconds
[2026-07-27T09:48:02.478+0000] {processor.py:157} INFO - Started process (PID=326) to work on /opt/airflow/dags/dag_suivi.py
[2026-07-27T09:48:02.479+0000] {processor.py:829} INFO - Processing file /opt/airflow/dags/dag_suivi.py for tasks to queue
[2026-07-27T09:48:02.480+0000] {logging_mixin.py:151} INFO - [2026-07-27T09:48:02.479+0000] {dagbag.py:536} INFO - Filling up the DagBag from /opt/airflow/dags/dag_suivi.py
[2026-07-27T09:48:02.497+0000] {processor.py:839} INFO - DAG(s) dict_keys(['pipeline_ingestion_suivi']) retrieved from /opt/airflow/dags/dag_suivi.py
[2026-07-27T09:48:02.525+0000] {logging_mixin.py:151} INFO - [2026-07-27T09:48:02.525+0000] {dag.py:2941} INFO - Sync 1 DAGs
[2026-07-27T09:48:02.543+0000] {logging_mixin.py:151} INFO - [2026-07-27T09:48:02.543+0000] {dag.py:3722} INFO - Setting next_dagrun for pipeline_ingestion_suivi to 2026-07-27T09:00:00+00:00, run_after=2026-07-27T10:00:00+00:00
[2026-07-27T09:48:02.560+0000] {processor.py:179} INFO - Processing /opt/airflow/dags/dag_suivi.py took 0.084 seconds
[2026-07-27T09:48:32.720+0000] {processor.py:157} INFO - Started process (PID=331) to work on /opt/airflow/dags/dag_suivi.py
[2026-07-27T09:48:32.721+0000] {processor.py:829} INFO - Processing file /opt/airflow/dags/dag_suivi.py for tasks to queue
[2026-07-27T09:48:32.722+0000] {logging_mixin.py:151} INFO - [2026-07-27T09:48:32.722+0000] {dagbag.py:536} INFO - Filling up the DagBag from /opt/airflow/dags/dag_suivi.py
[2026-07-27T09:48:32.741+0000] {processor.py:839} INFO - DAG(s) dict_keys(['pipeline_ingestion_suivi']) retrieved from /opt/airflow/dags/dag_suivi.py
[2026-07-27T09:48:32.766+0000] {logging_mixin.py:151} INFO - [2026-07-27T09:48:32.766+0000] {dag.py:2941} INFO - Sync 1 DAGs
[2026-07-27T09:48:32.788+0000] {logging_mixin.py:151} INFO - [2026-07-27T09:48:32.787+0000] {dag.py:3722} INFO - Setting next_dagrun for pipeline_ingestion_suivi to 2026-07-27T09:00:00+00:00, run_after=2026-07-27T10:00:00+00:00
[2026-07-27T09:48:32.817+0000] {processor.py:179} INFO - Processing /opt/airflow/dags/dag_suivi.py took 0.099 seconds
[2026-07-27T09:49:02.936+0000] {processor.py:157} INFO - Started process (PID=336) to work on /opt/airflow/dags/dag_suivi.py
[2026-07-27T09:49:02.937+0000] {processor.py:829} INFO - Processing file /opt/airflow/dags/dag_suivi.py for tasks to queue
[2026-07-27T09:49:02.938+0000] {logging_mixin.py:151} INFO - [2026-07-27T09:49:02.938+0000] {dagbag.py:536} INFO - Filling up the DagBag from /opt/airflow/dags/dag_suivi.py
[2026-07-27T09:49:02.955+0000] {processor.py:839} INFO - DAG(s) dict_keys(['pipeline_ingestion_suivi']) retrieved from /opt/airflow/dags/dag_suivi.py
[2026-07-27T09:49:02.980+0000] {logging_mixin.py:151} INFO - [2026-07-27T09:49:02.980+0000] {dag.py:2941} INFO - Sync 1 DAGs
[2026-07-27T09:49:02.999+0000] {logging_mixin.py:151} INFO - [2026-07-27T09:49:02.999+0000] {dag.py:3722} INFO - Setting next_dagrun for pipeline_ingestion_suivi to 2026-07-27T09:00:00+00:00, run_after=2026-07-27T10:00:00+00:00
[2026-07-27T09:49:03.026+0000] {processor.py:179} INFO - Processing /opt/airflow/dags/dag_suivi.py took 0.093 seconds
[2026-07-27T09:49:33.181+0000] {processor.py:157} INFO - Started process (PID=341) to work on /opt/airflow/dags/dag_suivi.py
[2026-07-27T09:49:33.182+0000] {processor.py:829} INFO - Processing file /opt/airflow/dags/dag_suivi.py for tasks to queue
[2026-07-27T09:49:33.183+0000] {logging_mixin.py:151} INFO - [2026-07-27T09:49:33.183+0000] {dagbag.py:536} INFO - Filling up the DagBag from /opt/airflow/dags/dag_suivi.py
[2026-07-27T09:49:33.203+0000] {processor.py:839} INFO - DAG(s) dict_keys(['pipeline_ingestion_suivi']) retrieved from /opt/airflow/dags/dag_suivi.py
[2026-07-27T09:49:33.230+0000] {logging_mixin.py:151} INFO - [2026-07-27T09:49:33.230+0000] {dag.py:2941} INFO - Sync 1 DAGs
[2026-07-27T09:49:33.253+0000] {logging_mixin.py:151} INFO - [2026-07-27T09:49:33.253+0000] {dag.py:3722} INFO - Setting next_dagrun for pipeline_ingestion_suivi to 2026-07-27T09:00:00+00:00, run_after=2026-07-27T10:00:00+00:00
[2026-07-27T09:49:33.275+0000] {processor.py:179} INFO - Processing /opt/airflow/dags/dag_suivi.py took 0.097 seconds
[2026-07-27T09:50:03.397+0000] {processor.py:157} INFO - Started process (PID=346) to work on /opt/airflow/dags/dag_suivi.py
[2026-07-27T09:50:03.397+0000] {processor.py:829} INFO - Processing file /opt/airflow/dags/dag_suivi.py for tasks to queue
[2026-07-27T09:50:03.398+0000] {logging_mixin.py:151} INFO - [2026-07-27T09:50:03.398+0000] {dagbag.py:536} INFO - Filling up the DagBag from /opt/airflow/dags/dag_suivi.py
[2026-07-27T09:50:03.416+0000] {processor.py:839} INFO - DAG(s) dict_keys(['pipeline_ingestion_suivi']) retrieved from /opt/airflow/dags/dag_suivi.py
[2026-07-27T09:50:03.442+0000] {logging_mixin.py:151} INFO - [2026-07-27T09:50:03.442+0000] {dag.py:2941} INFO - Sync 1 DAGs
[2026-07-27T09:50:03.464+0000] {logging_mixin.py:151} INFO - [2026-07-27T09:50:03.464+0000] {dag.py:3722} INFO - Setting next_dagrun for pipeline_ingestion_suivi to 2026-07-27T09:00:00+00:00, run_after=2026-07-27T10:00:00+00:00
[2026-07-27T09:50:03.495+0000] {processor.py:179} INFO - Processing /opt/airflow/dags/dag_suivi.py took 0.101 seconds
[2026-07-27T09:50:33.666+0000] {processor.py:157} INFO - Started process (PID=351) to work on /opt/airflow/dags/dag_suivi.py
[2026-07-27T09:50:33.666+0000] {processor.py:829} INFO - Processing file /opt/airflow/dags/dag_suivi.py for tasks to queue
[2026-07-27T09:50:33.667+0000] {logging_mixin.py:151} INFO - [2026-07-27T09:50:33.667+0000] {dagbag.py:536} INFO - Filling up the DagBag from /opt/airflow/dags/dag_suivi.py
[2026-07-27T09:50:33.683+0000] {processor.py:839} INFO - DAG(s) dict_keys(['pipeline_ingestion_suivi']) retrieved from /opt/airflow/dags/dag_suivi.py
[2026-07-27T09:50:33.706+0000] {logging_mixin.py:151} INFO - [2026-07-27T09:50:33.706+0000] {dag.py:2941} INFO - Sync 1 DAGs
[2026-07-27T09:50:33.723+0000] {logging_mixin.py:151} INFO - [2026-07-27T09:50:33.723+0000] {dag.py:3722} INFO - Setting next_dagrun for pipeline_ingestion_suivi to 2026-07-27T09:00:00+00:00, run_after=2026-07-27T10:00:00+00:00
[2026-07-27T09:50:33.751+0000] {processor.py:179} INFO - Processing /opt/airflow/dags/dag_suivi.py took 0.088 seconds
[2026-07-27T09:51:03.902+0000] {processor.py:157} INFO - Started process (PID=356) to work on /opt/airflow/dags/dag_suivi.py
[2026-07-27T09:51:03.903+0000] {processor.py:829} INFO - Processing file /opt/airflow/dags/dag_suivi.py for tasks to queue
[2026-07-27T09:51:03.904+0000] {logging_mixin.py:151} INFO - [2026-07-27T09:51:03.904+0000] {dagbag.py:536} INFO - Filling up the DagBag from /opt/airflow/dags/dag_suivi.py
[2026-07-27T09:51:03.920+0000] {processor.py:839} INFO - DAG(s) dict_keys(['pipeline_ingestion_suivi']) retrieved from /opt/airflow/dags/dag_suivi.py
[2026-07-27T09:51:03.942+0000] {logging_mixin.py:151} INFO - [2026-07-27T09:51:03.942+0000] {dag.py:2941} INFO - Sync 1 DAGs
[2026-07-27T09:51:03.961+0000] {logging_mixin.py:151} INFO - [2026-07-27T09:51:03.961+0000] {dag.py:3722} INFO - Setting next_dagrun for pipeline_ingestion_suivi to 2026-07-27T09:00:00+00:00, run_after=2026-07-27T10:00:00+00:00
[2026-07-27T09:51:03.978+0000] {processor.py:179} INFO - Processing /opt/airflow/dags/dag_suivi.py took 0.078 seconds
[2026-07-27T09:51:34.223+0000] {processor.py:157} INFO - Started process (PID=361) to work on /opt/airflow/dags/dag_suivi.py
[2026-07-27T09:51:34.224+0000] {processor.py:829} INFO - Processing file /opt/airflow/dags/dag_suivi.py for tasks to queue
[2026-07-27T09:51:34.225+0000] {logging_mixin.py:151} INFO - [2026-07-27T09:51:34.225+0000] {dagbag.py:536} INFO - Filling up the DagBag from /opt/airflow/dags/dag_suivi.py
[2026-07-27T09:51:34.256+0000] {processor.py:839} INFO - DAG(s) dict_keys(['pipeline_ingestion_suivi']) retrieved from /opt/airflow/dags/dag_suivi.py
[2026-07-27T09:51:34.288+0000] {logging_mixin.py:151} INFO - [2026-07-27T09:51:34.288+0000] {dag.py:2941} INFO - Sync 1 DAGs
[2026-07-27T09:51:34.312+0000] {logging_mixin.py:151} INFO - [2026-07-27T09:51:34.311+0000] {dag.py:3722} INFO - Setting next_dagrun for pipeline_ingestion_suivi to 2026-07-27T09:00:00+00:00, run_after=2026-07-27T10:00:00+00:00
[2026-07-27T09:51:34.329+0000] {processor.py:179} INFO - Processing /opt/airflow/dags/dag_suivi.py took 0.109 seconds
[2026-07-27T09:52:04.471+0000] {processor.py:157} INFO - Started process (PID=366) to work on /opt/airflow/dags/dag_suivi.py
[2026-07-27T09:52:04.472+0000] {processor.py:829} INFO - Processing file /opt/airflow/dags/dag_suivi.py for tasks to queue
[2026-07-27T09:52:04.473+0000] {logging_mixin.py:151} INFO - [2026-07-27T09:52:04.472+0000] {dagbag.py:536} INFO - Filling up the DagBag from /opt/airflow/dags/dag_suivi.py
[2026-07-27T09:52:04.490+0000] {processor.py:839} INFO - DAG(s) dict_keys(['pipeline_ingestion_suivi']) retrieved from /opt/airflow/dags/dag_suivi.py
[2026-07-27T09:52:04.513+0000] {logging_mixin.py:151} INFO - [2026-07-27T09:52:04.513+0000] {dag.py:2941} INFO - Sync 1 DAGs
[2026-07-27T09:52:04.531+0000] {logging_mixin.py:151} INFO - [2026-07-27T09:52:04.530+0000] {dag.py:3722} INFO - Setting next_dagrun for pipeline_ingestion_suivi to 2026-07-27T09:00:00+00:00, run_after=2026-07-27T10:00:00+00:00
[2026-07-27T09:52:04.561+0000] {processor.py:179} INFO - Processing /opt/airflow/dags/dag_suivi.py took 0.092 seconds
[2026-07-27T09:52:34.823+0000] {processor.py:157} INFO - Started process (PID=371) to work on /opt/airflow/dags/dag_suivi.py
[2026-07-27T09:52:34.824+0000] {processor.py:829} INFO - Processing file /opt/airflow/dags/dag_suivi.py for tasks to queue
[2026-07-27T09:52:34.825+0000] {logging_mixin.py:151} INFO - [2026-07-27T09:52:34.825+0000] {dagbag.py:536} INFO - Filling up the DagBag from /opt/airflow/dags/dag_suivi.py
[2026-07-27T09:52:34.842+0000] {processor.py:839} INFO - DAG(s) dict_keys(['pipeline_ingestion_suivi']) retrieved from /opt/airflow/dags/dag_suivi.py
[2026-07-27T09:52:34.866+0000] {logging_mixin.py:151} INFO - [2026-07-27T09:52:34.866+0000] {dag.py:2941} INFO - Sync 1 DAGs
[2026-07-27T09:52:34.886+0000] {logging_mixin.py:151} INFO - [2026-07-27T09:52:34.886+0000] {dag.py:3722} INFO - Setting next_dagrun for pipeline_ingestion_suivi to 2026-07-27T09:00:00+00:00, run_after=2026-07-27T10:00:00+00:00
[2026-07-27T09:52:34.913+0000] {processor.py:179} INFO - Processing /opt/airflow/dags/dag_suivi.py took 0.095 seconds
[2026-07-27T09:53:05.057+0000] {processor.py:157} INFO - Started process (PID=376) to work on /opt/airflow/dags/dag_suivi.py
[2026-07-27T09:53:05.058+0000] {processor.py:829} INFO - Processing file /opt/airflow/dags/dag_suivi.py for tasks to queue
[2026-07-27T09:53:05.059+0000] {logging_mixin.py:151} INFO - [2026-07-27T09:53:05.059+0000] {dagbag.py:536} INFO - Filling up the DagBag from /opt/airflow/dags/dag_suivi.py
[2026-07-27T09:53:05.076+0000] {processor.py:839} INFO - DAG(s) dict_keys(['pipeline_ingestion_suivi']) retrieved from /opt/airflow/dags/dag_suivi.py
[2026-07-27T09:53:05.101+0000] {logging_mixin.py:151} INFO - [2026-07-27T09:53:05.101+0000] {dag.py:2941} INFO - Sync 1 DAGs
[2026-07-27T09:53:05.129+0000] {logging_mixin.py:151} INFO - [2026-07-27T09:53:05.129+0000] {dag.py:3722} INFO - Setting next_dagrun for pipeline_ingestion_suivi to 2026-07-27T09:00:00+00:00, run_after=2026-07-27T10:00:00+00:00
[2026-07-27T09:53:05.146+0000] {processor.py:179} INFO - Processing /opt/airflow/dags/dag_suivi.py took 0.092 seconds
[2026-07-27T09:53:35.386+0000] {processor.py:157} INFO - Started process (PID=381) to work on /opt/airflow/dags/dag_suivi.py
[2026-07-27T09:53:35.387+0000] {processor.py:829} INFO - Processing file /opt/airflow/dags/dag_suivi.py for tasks to queue
[2026-07-27T09:53:35.388+0000] {logging_mixin.py:151} INFO - [2026-07-27T09:53:35.387+0000] {dagbag.py:536} INFO - Filling up the DagBag from /opt/airflow/dags/dag_suivi.py
[2026-07-27T09:53:35.405+0000] {processor.py:839} INFO - DAG(s) dict_keys(['pipeline_ingestion_suivi']) retrieved from /opt/airflow/dags/dag_suivi.py
[2026-07-27T09:53:35.432+0000] {logging_mixin.py:151} INFO - [2026-07-27T09:53:35.432+0000] {dag.py:2941} INFO - Sync 1 DAGs
[2026-07-27T09:53:35.450+0000] {logging_mixin.py:151} INFO - [2026-07-27T09:53:35.450+0000] {dag.py:3722} INFO - Setting next_dagrun for pipeline_ingestion_suivi to 2026-07-27T09:00:00+00:00, run_after=2026-07-27T10:00:00+00:00
[2026-07-27T09:53:35.469+0000] {processor.py:179} INFO - Processing /opt/airflow/dags/dag_suivi.py took 0.085 seconds
[2026-07-27T09:54:05.651+0000] {processor.py:157} INFO - Started process (PID=386) to work on /opt/airflow/dags/dag_suivi.py
[2026-07-27T09:54:05.652+0000] {processor.py:829} INFO - Processing file /opt/airflow/dags/dag_suivi.py for tasks to queue
[2026-07-27T09:54:05.653+0000] {logging_mixin.py:151} INFO - [2026-07-27T09:54:05.653+0000] {dagbag.py:536} INFO - Filling up the DagBag from /opt/airflow/dags/dag_suivi.py
[2026-07-27T09:54:05.670+0000] {processor.py:839} INFO - DAG(s) dict_keys(['pipeline_ingestion_suivi']) retrieved from /opt/airflow/dags/dag_suivi.py
[2026-07-27T09:54:05.694+0000] {logging_mixin.py:151} INFO - [2026-07-27T09:54:05.694+0000] {dag.py:2941} INFO - Sync 1 DAGs
[2026-07-27T09:54:05.712+0000] {logging_mixin.py:151} INFO - [2026-07-27T09:54:05.712+0000] {dag.py:3722} INFO - Setting next_dagrun for pipeline_ingestion_suivi to 2026-07-27T09:00:00+00:00, run_after=2026-07-27T10:00:00+00:00
[2026-07-27T09:54:05.739+0000] {processor.py:179} INFO - Processing /opt/airflow/dags/dag_suivi.py took 0.090 seconds
[2026-07-27T09:54:35.922+0000] {processor.py:157} INFO - Started process (PID=391) to work on /opt/airflow/dags/dag_suivi.py
[2026-07-27T09:54:35.923+0000] {processor.py:829} INFO - Processing file /opt/airflow/dags/dag_suivi.py for tasks to queue
[2026-07-27T09:54:35.924+0000] {logging_mixin.py:151} INFO - [2026-07-27T09:54:35.923+0000] {dagbag.py:536} INFO - Filling up the DagBag from /opt/airflow/dags/dag_suivi.py
[2026-07-27T09:54:35.942+0000] {processor.py:839} INFO - DAG(s) dict_keys(['pipeline_ingestion_suivi']) retrieved from /opt/airflow/dags/dag_suivi.py
[2026-07-27T09:54:35.965+0000] {logging_mixin.py:151} INFO - [2026-07-27T09:54:35.965+0000] {dag.py:2941} INFO - Sync 1 DAGs
[2026-07-27T09:54:35.984+0000] {logging_mixin.py:151} INFO - [2026-07-27T09:54:35.983+0000] {dag.py:3722} INFO - Setting next_dagrun for pipeline_ingestion_suivi to 2026-07-27T09:00:00+00:00, run_after=2026-07-27T10:00:00+00:00
[2026-07-27T09:54:36.010+0000] {processor.py:179} INFO - Processing /opt/airflow/dags/dag_suivi.py took 0.091 seconds
[2026-07-27T09:55:06.182+0000] {processor.py:157} INFO - Started process (PID=396) to work on /opt/airflow/dags/dag_suivi.py
[2026-07-27T09:55:06.183+0000] {processor.py:829} INFO - Processing file /opt/airflow/dags/dag_suivi.py for tasks to queue
[2026-07-27T09:55:06.184+0000] {logging_mixin.py:151} INFO - [2026-07-27T09:55:06.184+0000] {dagbag.py:536} INFO - Filling up the DagBag from /opt/airflow/dags/dag_suivi.py
[2026-07-27T09:55:06.205+0000] {processor.py:839} INFO - DAG(s) dict_keys(['pipeline_ingestion_suivi']) retrieved from /opt/airflow/dags/dag_suivi.py
[2026-07-27T09:55:06.233+0000] {logging_mixin.py:151} INFO - [2026-07-27T09:55:06.232+0000] {dag.py:2941} INFO - Sync 1 DAGs
[2026-07-27T09:55:06.251+0000] {logging_mixin.py:151} INFO - [2026-07-27T09:55:06.251+0000] {dag.py:3722} INFO - Setting next_dagrun for pipeline_ingestion_suivi to 2026-07-27T09:00:00+00:00, run_after=2026-07-27T10:00:00+00:00
[2026-07-27T09:55:06.277+0000] {processor.py:179} INFO - Processing /opt/airflow/dags/dag_suivi.py took 0.099 seconds
[2026-07-27T09:55:36.493+0000] {processor.py:157} INFO - Started process (PID=401) to work on /opt/airflow/dags/dag_suivi.py
[2026-07-27T09:55:36.493+0000] {processor.py:829} INFO - Processing file /opt/airflow/dags/dag_suivi.py for tasks to queue
[2026-07-27T09:55:36.494+0000] {logging_mixin.py:151} INFO - [2026-07-27T09:55:36.494+0000] {dagbag.py:536} INFO - Filling up the DagBag from /opt/airflow/dags/dag_suivi.py
[2026-07-27T09:55:36.510+0000] {processor.py:839} INFO - DAG(s) dict_keys(['pipeline_ingestion_suivi']) retrieved from /opt/airflow/dags/dag_suivi.py
[2026-07-27T09:55:36.531+0000] {logging_mixin.py:151} INFO - [2026-07-27T09:55:36.531+0000] {dag.py:2941} INFO - Sync 1 DAGs
[2026-07-27T09:55:36.549+0000] {logging_mixin.py:151} INFO - [2026-07-27T09:55:36.549+0000] {dag.py:3722} INFO - Setting next_dagrun for pipeline_ingestion_suivi to 2026-07-27T09:00:00+00:00, run_after=2026-07-27T10:00:00+00:00
[2026-07-27T09:55:36.566+0000] {processor.py:179} INFO - Processing /opt/airflow/dags/dag_suivi.py took 0.075 seconds
[2026-07-27T09:56:06.695+0000] {processor.py:157} INFO - Started process (PID=406) to work on /opt/airflow/dags/dag_suivi.py
[2026-07-27T09:56:06.696+0000] {processor.py:829} INFO - Processing file /opt/airflow/dags/dag_suivi.py for tasks to queue
[2026-07-27T09:56:06.697+0000] {logging_mixin.py:151} INFO - [2026-07-27T09:56:06.697+0000] {dagbag.py:536} INFO - Filling up the DagBag from /opt/airflow/dags/dag_suivi.py
[2026-07-27T09:56:06.714+0000] {processor.py:839} INFO - DAG(s) dict_keys(['pipeline_ingestion_suivi']) retrieved from /opt/airflow/dags/dag_suivi.py
[2026-07-27T09:56:06.737+0000] {logging_mixin.py:151} INFO - [2026-07-27T09:56:06.737+0000] {dag.py:2941} INFO - Sync 1 DAGs
[2026-07-27T09:56:06.755+0000] {logging_mixin.py:151} INFO - [2026-07-27T09:56:06.755+0000] {dag.py:3722} INFO - Setting next_dagrun for pipeline_ingestion_suivi to 2026-07-27T09:00:00+00:00, run_after=2026-07-27T10:00:00+00:00
[2026-07-27T09:56:06.782+0000] {processor.py:179} INFO - Processing /opt/airflow/dags/dag_suivi.py took 0.089 seconds
[2026-07-27T09:56:36.978+0000] {processor.py:157} INFO - Started process (PID=411) to work on /opt/airflow/dags/dag_suivi.py
[2026-07-27T09:56:36.979+0000] {processor.py:829} INFO - Processing file /opt/airflow/dags/dag_suivi.py for tasks to queue
[2026-07-27T09:56:36.980+0000] {logging_mixin.py:151} INFO - [2026-07-27T09:56:36.980+0000] {dagbag.py:536} INFO - Filling up the DagBag from /opt/airflow/dags/dag_suivi.py
[2026-07-27T09:56:37.011+0000] {processor.py:839} INFO - DAG(s) dict_keys(['pipeline_ingestion_suivi']) retrieved from /opt/airflow/dags/dag_suivi.py
[2026-07-27T09:56:37.040+0000] {logging_mixin.py:151} INFO - [2026-07-27T09:56:37.040+0000] {dag.py:2941} INFO - Sync 1 DAGs
[2026-07-27T09:56:37.063+0000] {logging_mixin.py:151} INFO - [2026-07-27T09:56:37.063+0000] {dag.py:3722} INFO - Setting next_dagrun for pipeline_ingestion_suivi to 2026-07-27T09:00:00+00:00, run_after=2026-07-27T10:00:00+00:00
[2026-07-27T09:56:37.095+0000] {processor.py:179} INFO - Processing /opt/airflow/dags/dag_suivi.py took 0.120 seconds
[2026-07-27T09:57:07.168+0000] {processor.py:157} INFO - Started process (PID=416) to work on /opt/airflow/dags/dag_suivi.py
[2026-07-27T09:57:07.169+0000] {processor.py:829} INFO - Processing file /opt/airflow/dags/dag_suivi.py for tasks to queue
[2026-07-27T09:57:07.170+0000] {logging_mixin.py:151} INFO - [2026-07-27T09:57:07.169+0000] {dagbag.py:536} INFO - Filling up the DagBag from /opt/airflow/dags/dag_suivi.py
[2026-07-27T09:57:07.189+0000] {processor.py:839} INFO - DAG(s) dict_keys(['pipeline_ingestion_suivi']) retrieved from /opt/airflow/dags/dag_suivi.py
[2026-07-27T09:57:07.216+0000] {logging_mixin.py:151} INFO - [2026-07-27T09:57:07.215+0000] {dag.py:2941} INFO - Sync 1 DAGs
[2026-07-27T09:57:07.236+0000] {logging_mixin.py:151} INFO - [2026-07-27T09:57:07.235+0000] {dag.py:3722} INFO - Setting next_dagrun for pipeline_ingestion_suivi to 2026-07-27T09:00:00+00:00, run_after=2026-07-27T10:00:00+00:00
[2026-07-27T09:57:07.264+0000] {processor.py:179} INFO - Processing /opt/airflow/dags/dag_suivi.py took 0.099 seconds
[2026-07-27T09:57:37.476+0000] {processor.py:157} INFO - Started process (PID=421) to work on /opt/airflow/dags/dag_suivi.py
[2026-07-27T09:57:37.477+0000] {processor.py:829} INFO - Processing file /opt/airflow/dags/dag_suivi.py for tasks to queue
[2026-07-27T09:57:37.479+0000] {logging_mixin.py:151} INFO - [2026-07-27T09:57:37.478+0000] {dagbag.py:536} INFO - Filling up the DagBag from /opt/airflow/dags/dag_suivi.py
[2026-07-27T09:57:37.498+0000] {processor.py:839} INFO - DAG(s) dict_keys(['pipeline_ingestion_suivi']) retrieved from /opt/airflow/dags/dag_suivi.py
[2026-07-27T09:57:37.526+0000] {logging_mixin.py:151} INFO - [2026-07-27T09:57:37.525+0000] {dag.py:2941} INFO - Sync 1 DAGs
[2026-07-27T09:57:37.555+0000] {logging_mixin.py:151} INFO - [2026-07-27T09:57:37.555+0000] {dag.py:3722} INFO - Setting next_dagrun for pipeline_ingestion_suivi to 2026-07-27T09:00:00+00:00, run_after=2026-07-27T10:00:00+00:00
[2026-07-27T09:57:37.589+0000] {processor.py:179} INFO - Processing /opt/airflow/dags/dag_suivi.py took 0.116 seconds
[2026-07-27T09:58:07.671+0000] {processor.py:157} INFO - Started process (PID=426) to work on /opt/airflow/dags/dag_suivi.py
[2026-07-27T09:58:07.671+0000] {processor.py:829} INFO - Processing file /opt/airflow/dags/dag_suivi.py for tasks to queue
[2026-07-27T09:58:07.672+0000] {logging_mixin.py:151} INFO - [2026-07-27T09:58:07.672+0000] {dagbag.py:536} INFO - Filling up the DagBag from /opt/airflow/dags/dag_suivi.py
[2026-07-27T09:58:07.689+0000] {processor.py:839} INFO - DAG(s) dict_keys(['pipeline_ingestion_suivi']) retrieved from /opt/airflow/dags/dag_suivi.py
[2026-07-27T09:58:07.715+0000] {logging_mixin.py:151} INFO - [2026-07-27T09:58:07.715+0000] {dag.py:2941} INFO - Sync 1 DAGs
[2026-07-27T09:58:07.734+0000] {logging_mixin.py:151} INFO - [2026-07-27T09:58:07.734+0000] {dag.py:3722} INFO - Setting next_dagrun for pipeline_ingestion_suivi to 2026-07-27T09:00:00+00:00, run_after=2026-07-27T10:00:00+00:00
[2026-07-27T09:58:07.752+0000] {processor.py:179} INFO - Processing /opt/airflow/dags/dag_suivi.py took 0.084 seconds
[2026-07-27T09:58:37.904+0000] {processor.py:157} INFO - Started process (PID=431) to work on /opt/airflow/dags/dag_suivi.py
[2026-07-27T09:58:37.905+0000] {processor.py:829} INFO - Processing file /opt/airflow/dags/dag_suivi.py for tasks to queue
[2026-07-27T09:58:37.907+0000] {logging_mixin.py:151} INFO - [2026-07-27T09:58:37.906+0000] {dagbag.py:536} INFO - Filling up the DagBag from /opt/airflow/dags/dag_suivi.py
[2026-07-27T09:58:37.942+0000] {processor.py:839} INFO - DAG(s) dict_keys(['pipeline_ingestion_suivi']) retrieved from /opt/airflow/dags/dag_suivi.py
[2026-07-27T09:58:37.982+0000] {logging_mixin.py:151} INFO - [2026-07-27T09:58:37.981+0000] {dag.py:2941} INFO - Sync 1 DAGs
[2026-07-27T09:58:38.025+0000] {logging_mixin.py:151} INFO - [2026-07-27T09:58:38.024+0000] {dag.py:3722} INFO - Setting next_dagrun for pipeline_ingestion_suivi to 2026-07-27T09:00:00+00:00, run_after=2026-07-27T10:00:00+00:00
[2026-07-27T09:58:38.056+0000] {processor.py:179} INFO - Processing /opt/airflow/dags/dag_suivi.py took 0.157 seconds
[2026-07-27T09:59:08.138+0000] {processor.py:157} INFO - Started process (PID=436) to work on /opt/airflow/dags/dag_suivi.py
[2026-07-27T09:59:08.139+0000] {processor.py:829} INFO - Processing file /opt/airflow/dags/dag_suivi.py for tasks to queue
[2026-07-27T09:59:08.140+0000] {logging_mixin.py:151} INFO - [2026-07-27T09:59:08.140+0000] {dagbag.py:536} INFO - Filling up the DagBag from /opt/airflow/dags/dag_suivi.py
[2026-07-27T09:59:08.175+0000] {processor.py:839} INFO - DAG(s) dict_keys(['pipeline_ingestion_suivi']) retrieved from /opt/airflow/dags/dag_suivi.py
[2026-07-27T09:59:08.217+0000] {logging_mixin.py:151} INFO - [2026-07-27T09:59:08.217+0000] {dag.py:2941} INFO - Sync 1 DAGs
[2026-07-27T09:59:08.248+0000] {logging_mixin.py:151} INFO - [2026-07-27T09:59:08.248+0000] {dag.py:3722} INFO - Setting next_dagrun for pipeline_ingestion_suivi to 2026-07-27T09:00:00+00:00, run_after=2026-07-27T10:00:00+00:00
[2026-07-27T09:59:08.272+0000] {processor.py:179} INFO - Processing /opt/airflow/dags/dag_suivi.py took 0.139 seconds
[2026-07-27T09:59:38.530+0000] {processor.py:157} INFO - Started process (PID=441) to work on /opt/airflow/dags/dag_suivi.py
[2026-07-27T09:59:38.531+0000] {processor.py:829} INFO - Processing file /opt/airflow/dags/dag_suivi.py for tasks to queue
[2026-07-27T09:59:38.532+0000] {logging_mixin.py:151} INFO - [2026-07-27T09:59:38.532+0000] {dagbag.py:536} INFO - Filling up the DagBag from /opt/airflow/dags/dag_suivi.py
[2026-07-27T09:59:38.548+0000] {processor.py:839} INFO - DAG(s) dict_keys(['pipeline_ingestion_suivi']) retrieved from /opt/airflow/dags/dag_suivi.py
[2026-07-27T09:59:38.572+0000] {logging_mixin.py:151} INFO - [2026-07-27T09:59:38.572+0000] {dag.py:2941} INFO - Sync 1 DAGs
[2026-07-27T09:59:38.591+0000] {logging_mixin.py:151} INFO - [2026-07-27T09:59:38.591+0000] {dag.py:3722} INFO - Setting next_dagrun for pipeline_ingestion_suivi to 2026-07-27T09:00:00+00:00, run_after=2026-07-27T10:00:00+00:00
[2026-07-27T09:59:38.618+0000] {processor.py:179} INFO - Processing /opt/airflow/dags/dag_suivi.py took 0.091 seconds
[2026-07-27T10:00:08.742+0000] {processor.py:157} INFO - Started process (PID=448) to work on /opt/airflow/dags/dag_suivi.py
[2026-07-27T10:00:08.743+0000] {processor.py:829} INFO - Processing file /opt/airflow/dags/dag_suivi.py for tasks to queue
[2026-07-27T10:00:08.744+0000] {logging_mixin.py:151} INFO - [2026-07-27T10:00:08.744+0000] {dagbag.py:536} INFO - Filling up the DagBag from /opt/airflow/dags/dag_suivi.py
[2026-07-27T10:00:08.774+0000] {processor.py:839} INFO - DAG(s) dict_keys(['pipeline_ingestion_suivi']) retrieved from /opt/airflow/dags/dag_suivi.py
[2026-07-27T10:00:08.824+0000] {logging_mixin.py:151} INFO - [2026-07-27T10:00:08.824+0000] {dag.py:2941} INFO - Sync 1 DAGs
[2026-07-27T10:00:08.854+0000] {logging_mixin.py:151} INFO - [2026-07-27T10:00:08.854+0000] {dag.py:3722} INFO - Setting next_dagrun for pipeline_ingestion_suivi to 2026-07-27T10:00:00+00:00, run_after=2026-07-27T11:00:00+00:00
[2026-07-27T10:00:08.881+0000] {processor.py:179} INFO - Processing /opt/airflow/dags/dag_suivi.py took 0.144 seconds
[2026-07-27T10:00:39.041+0000] {processor.py:157} INFO - Started process (PID=453) to work on /opt/airflow/dags/dag_suivi.py
[2026-07-27T10:00:39.042+0000] {processor.py:829} INFO - Processing file /opt/airflow/dags/dag_suivi.py for tasks to queue
[2026-07-27T10:00:39.043+0000] {logging_mixin.py:151} INFO - [2026-07-27T10:00:39.043+0000] {dagbag.py:536} INFO - Filling up the DagBag from /opt/airflow/dags/dag_suivi.py
[2026-07-27T10:00:39.060+0000] {processor.py:839} INFO - DAG(s) dict_keys(['pipeline_ingestion_suivi']) retrieved from /opt/airflow/dags/dag_suivi.py
[2026-07-27T10:00:39.081+0000] {logging_mixin.py:151} INFO - [2026-07-27T10:00:39.080+0000] {dag.py:2941} INFO - Sync 1 DAGs
[2026-07-27T10:00:39.099+0000] {logging_mixin.py:151} INFO - [2026-07-27T10:00:39.099+0000] {dag.py:3722} INFO - Setting next_dagrun for pipeline_ingestion_suivi to 2026-07-27T10:00:00+00:00, run_after=2026-07-27T11:00:00+00:00
[2026-07-27T10:00:39.116+0000] {processor.py:179} INFO - Processing /opt/airflow/dags/dag_suivi.py took 0.077 seconds
[2026-07-27T10:01:09.282+0000] {processor.py:157} INFO - Started process (PID=458) to work on /opt/airflow/dags/dag_suivi.py
[2026-07-27T10:01:09.283+0000] {processor.py:829} INFO - Processing file /opt/airflow/dags/dag_suivi.py for tasks to queue
[2026-07-27T10:01:09.284+0000] {logging_mixin.py:151} INFO - [2026-07-27T10:01:09.283+0000] {dagbag.py:536} INFO - Filling up the DagBag from /opt/airflow/dags/dag_suivi.py
[2026-07-27T10:01:09.303+0000] {processor.py:839} INFO - DAG(s) dict_keys(['pipeline_ingestion_suivi']) retrieved from /opt/airflow/dags/dag_suivi.py
[2026-07-27T10:01:09.329+0000] {logging_mixin.py:151} INFO - [2026-07-27T10:01:09.329+0000] {dag.py:2941} INFO - Sync 1 DAGs
[2026-07-27T10:01:09.349+0000] {logging_mixin.py:151} INFO - [2026-07-27T10:01:09.349+0000] {dag.py:3722} INFO - Setting next_dagrun for pipeline_ingestion_suivi to 2026-07-27T10:00:00+00:00, run_after=2026-07-27T11:00:00+00:00
[2026-07-27T10:01:09.367+0000] {processor.py:179} INFO - Processing /opt/airflow/dags/dag_suivi.py took 0.089 seconds
[2026-07-27T10:01:39.482+0000] {processor.py:157} INFO - Started process (PID=463) to work on /opt/airflow/dags/dag_suivi.py
[2026-07-27T10:01:39.483+0000] {processor.py:829} INFO - Processing file /opt/airflow/dags/dag_suivi.py for tasks to queue
[2026-07-27T10:01:39.484+0000] {logging_mixin.py:151} INFO - [2026-07-27T10:01:39.484+0000] {dagbag.py:536} INFO - Filling up the DagBag from /opt/airflow/dags/dag_suivi.py
[2026-07-27T10:01:39.505+0000] {processor.py:839} INFO - DAG(s) dict_keys(['pipeline_ingestion_suivi']) retrieved from /opt/airflow/dags/dag_suivi.py
[2026-07-27T10:01:39.530+0000] {logging_mixin.py:151} INFO - [2026-07-27T10:01:39.530+0000] {dag.py:2941} INFO - Sync 1 DAGs
[2026-07-27T10:01:39.549+0000] {logging_mixin.py:151} INFO - [2026-07-27T10:01:39.549+0000] {dag.py:3722} INFO - Setting next_dagrun for pipeline_ingestion_suivi to 2026-07-27T10:00:00+00:00, run_after=2026-07-27T11:00:00+00:00
[2026-07-27T10:01:39.572+0000] {processor.py:179} INFO - Processing /opt/airflow/dags/dag_suivi.py took 0.093 seconds
[2026-07-27T10:02:09.760+0000] {processor.py:157} INFO - Started process (PID=468) to work on /opt/airflow/dags/dag_suivi.py
[2026-07-27T10:02:09.761+0000] {processor.py:829} INFO - Processing file /opt/airflow/dags/dag_suivi.py for tasks to queue
[2026-07-27T10:02:09.762+0000] {logging_mixin.py:151} INFO - [2026-07-27T10:02:09.762+0000] {dagbag.py:536} INFO - Filling up the DagBag from /opt/airflow/dags/dag_suivi.py
[2026-07-27T10:02:09.784+0000] {processor.py:839} INFO - DAG(s) dict_keys(['pipeline_ingestion_suivi']) retrieved from /opt/airflow/dags/dag_suivi.py
[2026-07-27T10:02:09.815+0000] {logging_mixin.py:151} INFO - [2026-07-27T10:02:09.815+0000] {dag.py:2941} INFO - Sync 1 DAGs
[2026-07-27T10:02:09.835+0000] {logging_mixin.py:151} INFO - [2026-07-27T10:02:09.835+0000] {dag.py:3722} INFO - Setting next_dagrun for pipeline_ingestion_suivi to 2026-07-27T10:00:00+00:00, run_after=2026-07-27T11:00:00+00:00
[2026-07-27T10:02:09.854+0000] {processor.py:179} INFO - Processing /opt/airflow/dags/dag_suivi.py took 0.097 seconds
[2026-07-27T10:02:39.995+0000] {processor.py:157} INFO - Started process (PID=473) to work on /opt/airflow/dags/dag_suivi.py
[2026-07-27T10:02:39.996+0000] {processor.py:829} INFO - Processing file /opt/airflow/dags/dag_suivi.py for tasks to queue
[2026-07-27T10:02:39.997+0000] {logging_mixin.py:151} INFO - [2026-07-27T10:02:39.997+0000] {dagbag.py:536} INFO - Filling up the DagBag from /opt/airflow/dags/dag_suivi.py
[2026-07-27T10:02:40.016+0000] {processor.py:839} INFO - DAG(s) dict_keys(['pipeline_ingestion_suivi']) retrieved from /opt/airflow/dags/dag_suivi.py
[2026-07-27T10:02:40.043+0000] {logging_mixin.py:151} INFO - [2026-07-27T10:02:40.042+0000] {dag.py:2941} INFO - Sync 1 DAGs
[2026-07-27T10:02:40.066+0000] {logging_mixin.py:151} INFO - [2026-07-27T10:02:40.066+0000] {dag.py:3722} INFO - Setting next_dagrun for pipeline_ingestion_suivi to 2026-07-27T10:00:00+00:00, run_after=2026-07-27T11:00:00+00:00
[2026-07-27T10:02:40.087+0000] {processor.py:179} INFO - Processing /opt/airflow/dags/dag_suivi.py took 0.095 seconds
[2026-07-27T10:03:10.245+0000] {processor.py:157} INFO - Started process (PID=478) to work on /opt/airflow/dags/dag_suivi.py
[2026-07-27T10:03:10.246+0000] {processor.py:829} INFO - Processing file /opt/airflow/dags/dag_suivi.py for tasks to queue
[2026-07-27T10:03:10.247+0000] {logging_mixin.py:151} INFO - [2026-07-27T10:03:10.247+0000] {dagbag.py:536} INFO - Filling up the DagBag from /opt/airflow/dags/dag_suivi.py
[2026-07-27T10:03:10.267+0000] {processor.py:839} INFO - DAG(s) dict_keys(['pipeline_ingestion_suivi']) retrieved from /opt/airflow/dags/dag_suivi.py
[2026-07-27T10:03:10.295+0000] {logging_mixin.py:151} INFO - [2026-07-27T10:03:10.294+0000] {dag.py:2941} INFO - Sync 1 DAGs
[2026-07-27T10:03:10.314+0000] {logging_mixin.py:151} INFO - [2026-07-27T10:03:10.313+0000] {dag.py:3722} INFO - Setting next_dagrun for pipeline_ingestion_suivi to 2026-07-27T10:00:00+00:00, run_after=2026-07-27T11:00:00+00:00
[2026-07-27T10:03:10.333+0000] {processor.py:179} INFO - Processing /opt/airflow/dags/dag_suivi.py took 0.091 seconds
[2026-07-27T10:03:40.494+0000] {processor.py:157} INFO - Started process (PID=483) to work on /opt/airflow/dags/dag_suivi.py
[2026-07-27T10:03:40.495+0000] {processor.py:829} INFO - Processing file /opt/airflow/dags/dag_suivi.py for tasks to queue
[2026-07-27T10:03:40.496+0000] {logging_mixin.py:151} INFO - [2026-07-27T10:03:40.496+0000] {dagbag.py:536} INFO - Filling up the DagBag from /opt/airflow/dags/dag_suivi.py
[2026-07-27T10:03:40.519+0000] {processor.py:839} INFO - DAG(s) dict_keys(['pipeline_ingestion_suivi']) retrieved from /opt/airflow/dags/dag_suivi.py
[2026-07-27T10:03:40.545+0000] {logging_mixin.py:151} INFO - [2026-07-27T10:03:40.545+0000] {dag.py:2941} INFO - Sync 1 DAGs
[2026-07-27T10:03:40.563+0000] {logging_mixin.py:151} INFO - [2026-07-27T10:03:40.563+0000] {dag.py:3722} INFO - Setting next_dagrun for pipeline_ingestion_suivi to 2026-07-27T10:00:00+00:00, run_after=2026-07-27T11:00:00+00:00
[2026-07-27T10:03:40.586+0000] {processor.py:179} INFO - Processing /opt/airflow/dags/dag_suivi.py took 0.096 seconds
[2026-07-27T10:04:10.729+0000] {processor.py:157} INFO - Started process (PID=488) to work on /opt/airflow/dags/dag_suivi.py
[2026-07-27T10:04:10.729+0000] {processor.py:829} INFO - Processing file /opt/airflow/dags/dag_suivi.py for tasks to queue
[2026-07-27T10:04:10.730+0000] {logging_mixin.py:151} INFO - [2026-07-27T10:04:10.730+0000] {dagbag.py:536} INFO - Filling up the DagBag from /opt/airflow/dags/dag_suivi.py
[2026-07-27T10:04:10.754+0000] {processor.py:839} INFO - DAG(s) dict_keys(['pipeline_ingestion_suivi']) retrieved from /opt/airflow/dags/dag_suivi.py
[2026-07-27T10:04:10.805+0000] {logging_mixin.py:151} INFO - [2026-07-27T10:04:10.805+0000] {dag.py:2941} INFO - Sync 1 DAGs
[2026-07-27T10:04:10.830+0000] {logging_mixin.py:151} INFO - [2026-07-27T10:04:10.830+0000] {dag.py:3722} INFO - Setting next_dagrun for pipeline_ingestion_suivi to 2026-07-27T10:00:00+00:00, run_after=2026-07-27T11:00:00+00:00
[2026-07-27T10:04:10.856+0000] {processor.py:179} INFO - Processing /opt/airflow/dags/dag_suivi.py took 0.130 seconds
[2026-07-27T10:04:41.010+0000] {processor.py:157} INFO - Started process (PID=493) to work on /opt/airflow/dags/dag_suivi.py
[2026-07-27T10:04:41.011+0000] {processor.py:829} INFO - Processing file /opt/airflow/dags/dag_suivi.py for tasks to queue
[2026-07-27T10:04:41.012+0000] {logging_mixin.py:151} INFO - [2026-07-27T10:04:41.012+0000] {dagbag.py:536} INFO - Filling up the DagBag from /opt/airflow/dags/dag_suivi.py
[2026-07-27T10:04:41.033+0000] {processor.py:839} INFO - DAG(s) dict_keys(['pipeline_ingestion_suivi']) retrieved from /opt/airflow/dags/dag_suivi.py
[2026-07-27T10:04:41.063+0000] {logging_mixin.py:151} INFO - [2026-07-27T10:04:41.062+0000] {dag.py:2941} INFO - Sync 1 DAGs
[2026-07-27T10:04:41.082+0000] {logging_mixin.py:151} INFO - [2026-07-27T10:04:41.082+0000] {dag.py:3722} INFO - Setting next_dagrun for pipeline_ingestion_suivi to 2026-07-27T10:00:00+00:00, run_after=2026-07-27T11:00:00+00:00
[2026-07-27T10:04:41.100+0000] {processor.py:179} INFO - Processing /opt/airflow/dags/dag_suivi.py took 0.093 seconds
[2026-07-27T10:05:11.233+0000] {processor.py:157} INFO - Started process (PID=498) to work on /opt/airflow/dags/dag_suivi.py
[2026-07-27T10:05:11.234+0000] {processor.py:829} INFO - Processing file /opt/airflow/dags/dag_suivi.py for tasks to queue
[2026-07-27T10:05:11.235+0000] {logging_mixin.py:151} INFO - [2026-07-27T10:05:11.235+0000] {dagbag.py:536} INFO - Filling up the DagBag from /opt/airflow/dags/dag_suivi.py
[2026-07-27T10:05:11.254+0000] {processor.py:839} INFO - DAG(s) dict_keys(['pipeline_ingestion_suivi']) retrieved from /opt/airflow/dags/dag_suivi.py
[2026-07-27T10:05:11.282+0000] {logging_mixin.py:151} INFO - [2026-07-27T10:05:11.282+0000] {dag.py:2941} INFO - Sync 1 DAGs
[2026-07-27T10:05:11.305+0000] {logging_mixin.py:151} INFO - [2026-07-27T10:05:11.304+0000] {dag.py:3722} INFO - Setting next_dagrun for pipeline_ingestion_suivi to 2026-07-27T10:00:00+00:00, run_after=2026-07-27T11:00:00+00:00
[2026-07-27T10:05:11.324+0000] {processor.py:179} INFO - Processing /opt/airflow/dags/dag_suivi.py took 0.094 seconds
[2026-07-27T10:05:41.467+0000] {processor.py:157} INFO - Started process (PID=503) to work on /opt/airflow/dags/dag_suivi.py
[2026-07-27T10:05:41.468+0000] {processor.py:829} INFO - Processing file /opt/airflow/dags/dag_suivi.py for tasks to queue
[2026-07-27T10:05:41.469+0000] {logging_mixin.py:151} INFO - [2026-07-27T10:05:41.469+0000] {dagbag.py:536} INFO - Filling up the DagBag from /opt/airflow/dags/dag_suivi.py
[2026-07-27T10:05:41.487+0000] {processor.py:839} INFO - DAG(s) dict_keys(['pipeline_ingestion_suivi']) retrieved from /opt/airflow/dags/dag_suivi.py
[2026-07-27T10:05:41.512+0000] {logging_mixin.py:151} INFO - [2026-07-27T10:05:41.512+0000] {dag.py:2941} INFO - Sync 1 DAGs
[2026-07-27T10:05:41.532+0000] {logging_mixin.py:151} INFO - [2026-07-27T10:05:41.532+0000] {dag.py:3722} INFO - Setting next_dagrun for pipeline_ingestion_suivi to 2026-07-27T10:00:00+00:00, run_after=2026-07-27T11:00:00+00:00
[2026-07-27T10:05:41.564+0000] {processor.py:179} INFO - Processing /opt/airflow/dags/dag_suivi.py took 0.099 seconds
[2026-07-27T10:06:11.672+0000] {processor.py:157} INFO - Started process (PID=508) to work on /opt/airflow/dags/dag_suivi.py
[2026-07-27T10:06:11.673+0000] {processor.py:829} INFO - Processing file /opt/airflow/dags/dag_suivi.py for tasks to queue
[2026-07-27T10:06:11.674+0000] {logging_mixin.py:151} INFO - [2026-07-27T10:06:11.673+0000] {dagbag.py:536} INFO - Filling up the DagBag from /opt/airflow/dags/dag_suivi.py
[2026-07-27T10:06:11.691+0000] {processor.py:839} INFO - DAG(s) dict_keys(['pipeline_ingestion_suivi']) retrieved from /opt/airflow/dags/dag_suivi.py
[2026-07-27T10:06:11.717+0000] {logging_mixin.py:151} INFO - [2026-07-27T10:06:11.716+0000] {dag.py:2941} INFO - Sync 1 DAGs
[2026-07-27T10:06:11.737+0000] {logging_mixin.py:151} INFO - [2026-07-27T10:06:11.736+0000] {dag.py:3722} INFO - Setting next_dagrun for pipeline_ingestion_suivi to 2026-07-27T10:00:00+00:00, run_after=2026-07-27T11:00:00+00:00
[2026-07-27T10:06:11.757+0000] {processor.py:179} INFO - Processing /opt/airflow/dags/dag_suivi.py took 0.088 seconds
[2026-07-27T10:06:41.918+0000] {processor.py:157} INFO - Started process (PID=513) to work on /opt/airflow/dags/dag_suivi.py
[2026-07-27T10:06:41.919+0000] {processor.py:829} INFO - Processing file /opt/airflow/dags/dag_suivi.py for tasks to queue
[2026-07-27T10:06:41.920+0000] {logging_mixin.py:151} INFO - [2026-07-27T10:06:41.919+0000] {dagbag.py:536} INFO - Filling up the DagBag from /opt/airflow/dags/dag_suivi.py
[2026-07-27T10:06:41.937+0000] {processor.py:839} INFO - DAG(s) dict_keys(['pipeline_ingestion_suivi']) retrieved from /opt/airflow/dags/dag_suivi.py
[2026-07-27T10:06:41.961+0000] {logging_mixin.py:151} INFO - [2026-07-27T10:06:41.960+0000] {dag.py:2941} INFO - Sync 1 DAGs
[2026-07-27T10:06:41.981+0000] {logging_mixin.py:151} INFO - [2026-07-27T10:06:41.981+0000] {dag.py:3722} INFO - Setting next_dagrun for pipeline_ingestion_suivi to 2026-07-27T10:00:00+00:00, run_after=2026-07-27T11:00:00+00:00
[2026-07-27T10:06:42.008+0000] {processor.py:179} INFO - Processing /opt/airflow/dags/dag_suivi.py took 0.092 seconds
[2026-07-27T10:07:12.103+0000] {processor.py:157} INFO - Started process (PID=518) to work on /opt/airflow/dags/dag_suivi.py
[2026-07-27T10:07:12.103+0000] {processor.py:829} INFO - Processing file /opt/airflow/dags/dag_suivi.py for tasks to queue
[2026-07-27T10:07:12.104+0000] {logging_mixin.py:151} INFO - [2026-07-27T10:07:12.104+0000] {dagbag.py:536} INFO - Filling up the DagBag from /opt/airflow/dags/dag_suivi.py
[2026-07-27T10:07:12.123+0000] {processor.py:839} INFO - DAG(s) dict_keys(['pipeline_ingestion_suivi']) retrieved from /opt/airflow/dags/dag_suivi.py
[2026-07-27T10:07:12.151+0000] {logging_mixin.py:151} INFO - [2026-07-27T10:07:12.151+0000] {dag.py:2941} INFO - Sync 1 DAGs
[2026-07-27T10:07:12.171+0000] {logging_mixin.py:151} INFO - [2026-07-27T10:07:12.171+0000] {dag.py:3722} INFO - Setting next_dagrun for pipeline_ingestion_suivi to 2026-07-27T10:00:00+00:00, run_after=2026-07-27T11:00:00+00:00
[2026-07-27T10:07:12.196+0000] {processor.py:179} INFO - Processing /opt/airflow/dags/dag_suivi.py took 0.096 seconds
[2026-07-27T10:07:42.352+0000] {processor.py:157} INFO - Started process (PID=523) to work on /opt/airflow/dags/dag_suivi.py
[2026-07-27T10:07:42.353+0000] {processor.py:829} INFO - Processing file /opt/airflow/dags/dag_suivi.py for tasks to queue
[2026-07-27T10:07:42.354+0000] {logging_mixin.py:151} INFO - [2026-07-27T10:07:42.354+0000] {dagbag.py:536} INFO - Filling up the DagBag from /opt/airflow/dags/dag_suivi.py
[2026-07-27T10:07:42.372+0000] {processor.py:839} INFO - DAG(s) dict_keys(['pipeline_ingestion_suivi']) retrieved from /opt/airflow/dags/dag_suivi.py
[2026-07-27T10:07:42.395+0000] {logging_mixin.py:151} INFO - [2026-07-27T10:07:42.395+0000] {dag.py:2941} INFO - Sync 1 DAGs
[2026-07-27T10:07:42.416+0000] {logging_mixin.py:151} INFO - [2026-07-27T10:07:42.415+0000] {dag.py:3722} INFO - Setting next_dagrun for pipeline_ingestion_suivi to 2026-07-27T10:00:00+00:00, run_after=2026-07-27T11:00:00+00:00
[2026-07-27T10:07:42.442+0000] {processor.py:179} INFO - Processing /opt/airflow/dags/dag_suivi.py took 0.092 seconds
[2026-07-27T10:08:12.528+0000] {processor.py:157} INFO - Started process (PID=528) to work on /opt/airflow/dags/dag_suivi.py
[2026-07-27T10:08:12.529+0000] {processor.py:829} INFO - Processing file /opt/airflow/dags/dag_suivi.py for tasks to queue
[2026-07-27T10:08:12.530+0000] {logging_mixin.py:151} INFO - [2026-07-27T10:08:12.530+0000] {dagbag.py:536} INFO - Filling up the DagBag from /opt/airflow/dags/dag_suivi.py
[2026-07-27T10:08:12.547+0000] {processor.py:839} INFO - DAG(s) dict_keys(['pipeline_ingestion_suivi']) retrieved from /opt/airflow/dags/dag_suivi.py
[2026-07-27T10:08:12.570+0000] {logging_mixin.py:151} INFO - [2026-07-27T10:08:12.570+0000] {dag.py:2941} INFO - Sync 1 DAGs
[2026-07-27T10:08:12.587+0000] {logging_mixin.py:151} INFO - [2026-07-27T10:08:12.587+0000] {dag.py:3722} INFO - Setting next_dagrun for pipeline_ingestion_suivi to 2026-07-27T10:00:00+00:00, run_after=2026-07-27T11:00:00+00:00
[2026-07-27T10:08:12.614+0000] {processor.py:179} INFO - Processing /opt/airflow/dags/dag_suivi.py took 0.089 seconds
[2026-07-27T10:08:42.789+0000] {processor.py:157} INFO - Started process (PID=533) to work on /opt/airflow/dags/dag_suivi.py
[2026-07-27T10:08:42.789+0000] {processor.py:829} INFO - Processing file /opt/airflow/dags/dag_suivi.py for tasks to queue
[2026-07-27T10:08:42.790+0000] {logging_mixin.py:151} INFO - [2026-07-27T10:08:42.790+0000] {dagbag.py:536} INFO - Filling up the DagBag from /opt/airflow/dags/dag_suivi.py
[2026-07-27T10:08:42.806+0000] {processor.py:839} INFO - DAG(s) dict_keys(['pipeline_ingestion_suivi']) retrieved from /opt/airflow/dags/dag_suivi.py
[2026-07-27T10:08:42.829+0000] {logging_mixin.py:151} INFO - [2026-07-27T10:08:42.829+0000] {dag.py:2941} INFO - Sync 1 DAGs
[2026-07-27T10:08:42.847+0000] {logging_mixin.py:151} INFO - [2026-07-27T10:08:42.847+0000] {dag.py:3722} INFO - Setting next_dagrun for pipeline_ingestion_suivi to 2026-07-27T10:00:00+00:00, run_after=2026-07-27T11:00:00+00:00
[2026-07-27T10:08:42.878+0000] {processor.py:179} INFO - Processing /opt/airflow/dags/dag_suivi.py took 0.091 seconds
[2026-07-27T10:09:12.991+0000] {processor.py:157} INFO - Started process (PID=538) to work on /opt/airflow/dags/dag_suivi.py
[2026-07-27T10:09:12.992+0000] {processor.py:829} INFO - Processing file /opt/airflow/dags/dag_suivi.py for tasks to queue
[2026-07-27T10:09:12.992+0000] {logging_mixin.py:151} INFO - [2026-07-27T10:09:12.992+0000] {dagbag.py:536} INFO - Filling up the DagBag from /opt/airflow/dags/dag_suivi.py
[2026-07-27T10:09:13.010+0000] {processor.py:839} INFO - DAG(s) dict_keys(['pipeline_ingestion_suivi']) retrieved from /opt/airflow/dags/dag_suivi.py
[2026-07-27T10:09:13.031+0000] {logging_mixin.py:151} INFO - [2026-07-27T10:09:13.031+0000] {dag.py:2941} INFO - Sync 1 DAGs
[2026-07-27T10:09:13.049+0000] {logging_mixin.py:151} INFO - [2026-07-27T10:09:13.049+0000] {dag.py:3722} INFO - Setting next_dagrun for pipeline_ingestion_suivi to 2026-07-27T10:00:00+00:00, run_after=2026-07-27T11:00:00+00:00
[2026-07-27T10:09:13.068+0000] {processor.py:179} INFO - Processing /opt/airflow/dags/dag_suivi.py took 0.080 seconds
[2026-07-27T10:09:43.251+0000] {processor.py:157} INFO - Started process (PID=543) to work on /opt/airflow/dags/dag_suivi.py
[2026-07-27T10:09:43.252+0000] {processor.py:829} INFO - Processing file /opt/airflow/dags/dag_suivi.py for tasks to queue
[2026-07-27T10:09:43.254+0000] {logging_mixin.py:151} INFO - [2026-07-27T10:09:43.253+0000] {dagbag.py:536} INFO - Filling up the DagBag from /opt/airflow/dags/dag_suivi.py
[2026-07-27T10:09:43.276+0000] {processor.py:839} INFO - DAG(s) dict_keys(['pipeline_ingestion_suivi']) retrieved from /opt/airflow/dags/dag_suivi.py
[2026-07-27T10:09:43.304+0000] {logging_mixin.py:151} INFO - [2026-07-27T10:09:43.303+0000] {dag.py:2941} INFO - Sync 1 DAGs
[2026-07-27T10:09:43.327+0000] {logging_mixin.py:151} INFO - [2026-07-27T10:09:43.326+0000] {dag.py:3722} INFO - Setting next_dagrun for pipeline_ingestion_suivi to 2026-07-27T10:00:00+00:00, run_after=2026-07-27T11:00:00+00:00
[2026-07-27T10:09:43.358+0000] {processor.py:179} INFO - Processing /opt/airflow/dags/dag_suivi.py took 0.110 seconds
[2026-07-27T10:10:13.446+0000] {processor.py:157} INFO - Started process (PID=548) to work on /opt/airflow/dags/dag_suivi.py
[2026-07-27T10:10:13.446+0000] {processor.py:829} INFO - Processing file /opt/airflow/dags/dag_suivi.py for tasks to queue
[2026-07-27T10:10:13.447+0000] {logging_mixin.py:151} INFO - [2026-07-27T10:10:13.447+0000] {dagbag.py:536} INFO - Filling up the DagBag from /opt/airflow/dags/dag_suivi.py
[2026-07-27T10:10:13.465+0000] {processor.py:839} INFO - DAG(s) dict_keys(['pipeline_ingestion_suivi']) retrieved from /opt/airflow/dags/dag_suivi.py
[2026-07-27T10:10:13.489+0000] {logging_mixin.py:151} INFO - [2026-07-27T10:10:13.489+0000] {dag.py:2941} INFO - Sync 1 DAGs
[2026-07-27T10:10:13.508+0000] {logging_mixin.py:151} INFO - [2026-07-27T10:10:13.507+0000] {dag.py:3722} INFO - Setting next_dagrun for pipeline_ingestion_suivi to 2026-07-27T10:00:00+00:00, run_after=2026-07-27T11:00:00+00:00
[2026-07-27T10:10:13.534+0000] {processor.py:179} INFO - Processing /opt/airflow/dags/dag_suivi.py took 0.092 seconds
[2026-07-27T10:10:43.745+0000] {processor.py:157} INFO - Started process (PID=553) to work on /opt/airflow/dags/dag_suivi.py
[2026-07-27T10:10:43.746+0000] {processor.py:829} INFO - Processing file /opt/airflow/dags/dag_suivi.py for tasks to queue
[2026-07-27T10:10:43.747+0000] {logging_mixin.py:151} INFO - [2026-07-27T10:10:43.747+0000] {dagbag.py:536} INFO - Filling up the DagBag from /opt/airflow/dags/dag_suivi.py
[2026-07-27T10:10:43.766+0000] {processor.py:839} INFO - DAG(s) dict_keys(['pipeline_ingestion_suivi']) retrieved from /opt/airflow/dags/dag_suivi.py
[2026-07-27T10:10:43.789+0000] {logging_mixin.py:151} INFO - [2026-07-27T10:10:43.789+0000] {dag.py:2941} INFO - Sync 1 DAGs
[2026-07-27T10:10:43.808+0000] {logging_mixin.py:151} INFO - [2026-07-27T10:10:43.808+0000] {dag.py:3722} INFO - Setting next_dagrun for pipeline_ingestion_suivi to 2026-07-27T10:00:00+00:00, run_after=2026-07-27T11:00:00+00:00
[2026-07-27T10:10:43.837+0000] {processor.py:179} INFO - Processing /opt/airflow/dags/dag_suivi.py took 0.094 seconds
[2026-07-27T10:11:13.929+0000] {processor.py:157} INFO - Started process (PID=558) to work on /opt/airflow/dags/dag_suivi.py
[2026-07-27T10:11:13.930+0000] {processor.py:829} INFO - Processing file /opt/airflow/dags/dag_suivi.py for tasks to queue
[2026-07-27T10:11:13.930+0000] {logging_mixin.py:151} INFO - [2026-07-27T10:11:13.930+0000] {dagbag.py:536} INFO - Filling up the DagBag from /opt/airflow/dags/dag_suivi.py
[2026-07-27T10:11:13.947+0000] {processor.py:839} INFO - DAG(s) dict_keys(['pipeline_ingestion_suivi']) retrieved from /opt/airflow/dags/dag_suivi.py
[2026-07-27T10:11:13.972+0000] {logging_mixin.py:151} INFO - [2026-07-27T10:11:13.972+0000] {dag.py:2941} INFO - Sync 1 DAGs
[2026-07-27T10:11:13.995+0000] {logging_mixin.py:151} INFO - [2026-07-27T10:11:13.995+0000] {dag.py:3722} INFO - Setting next_dagrun for pipeline_ingestion_suivi to 2026-07-27T10:00:00+00:00, run_after=2026-07-27T11:00:00+00:00
[2026-07-27T10:11:14.022+0000] {processor.py:179} INFO - Processing /opt/airflow/dags/dag_suivi.py took 0.096 seconds
[2026-07-27T10:11:44.204+0000] {processor.py:157} INFO - Started process (PID=563) to work on /opt/airflow/dags/dag_suivi.py
[2026-07-27T10:11:44.204+0000] {processor.py:829} INFO - Processing file /opt/airflow/dags/dag_suivi.py for tasks to queue
[2026-07-27T10:11:44.205+0000] {logging_mixin.py:151} INFO - [2026-07-27T10:11:44.205+0000] {dagbag.py:536} INFO - Filling up the DagBag from /opt/airflow/dags/dag_suivi.py
[2026-07-27T10:11:44.223+0000] {processor.py:839} INFO - DAG(s) dict_keys(['pipeline_ingestion_suivi']) retrieved from /opt/airflow/dags/dag_suivi.py
[2026-07-27T10:11:44.248+0000] {logging_mixin.py:151} INFO - [2026-07-27T10:11:44.248+0000] {dag.py:2941} INFO - Sync 1 DAGs
[2026-07-27T10:11:44.266+0000] {logging_mixin.py:151} INFO - [2026-07-27T10:11:44.266+0000] {dag.py:3722} INFO - Setting next_dagrun for pipeline_ingestion_suivi to 2026-07-27T10:00:00+00:00, run_after=2026-07-27T11:00:00+00:00
[2026-07-27T10:11:44.294+0000] {processor.py:179} INFO - Processing /opt/airflow/dags/dag_suivi.py took 0.093 seconds
[2026-07-27T10:12:14.401+0000] {processor.py:157} INFO - Started process (PID=568) to work on /opt/airflow/dags/dag_suivi.py
[2026-07-27T10:12:14.402+0000] {processor.py:829} INFO - Processing file /opt/airflow/dags/dag_suivi.py for tasks to queue
[2026-07-27T10:12:14.403+0000] {logging_mixin.py:151} INFO - [2026-07-27T10:12:14.403+0000] {dagbag.py:536} INFO - Filling up the DagBag from /opt/airflow/dags/dag_suivi.py
[2026-07-27T10:12:14.422+0000] {processor.py:839} INFO - DAG(s) dict_keys(['pipeline_ingestion_suivi']) retrieved from /opt/airflow/dags/dag_suivi.py
[2026-07-27T10:12:14.450+0000] {logging_mixin.py:151} INFO - [2026-07-27T10:12:14.450+0000] {dag.py:2941} INFO - Sync 1 DAGs
[2026-07-27T10:12:14.469+0000] {logging_mixin.py:151} INFO - [2026-07-27T10:12:14.469+0000] {dag.py:3722} INFO - Setting next_dagrun for pipeline_ingestion_suivi to 2026-07-27T10:00:00+00:00, run_after=2026-07-27T11:00:00+00:00
[2026-07-27T10:12:14.500+0000] {processor.py:179} INFO - Processing /opt/airflow/dags/dag_suivi.py took 0.101 seconds
[2026-07-27T10:12:44.680+0000] {processor.py:157} INFO - Started process (PID=573) to work on /opt/airflow/dags/dag_suivi.py
[2026-07-27T10:12:44.680+0000] {processor.py:829} INFO - Processing file /opt/airflow/dags/dag_suivi.py for tasks to queue
[2026-07-27T10:12:44.681+0000] {logging_mixin.py:151} INFO - [2026-07-27T10:12:44.681+0000] {dagbag.py:536} INFO - Filling up the DagBag from /opt/airflow/dags/dag_suivi.py
[2026-07-27T10:12:44.699+0000] {processor.py:839} INFO - DAG(s) dict_keys(['pipeline_ingestion_suivi']) retrieved from /opt/airflow/dags/dag_suivi.py
[2026-07-27T10:12:44.723+0000] {logging_mixin.py:151} INFO - [2026-07-27T10:12:44.722+0000] {dag.py:2941} INFO - Sync 1 DAGs
[2026-07-27T10:12:44.740+0000] {logging_mixin.py:151} INFO - [2026-07-27T10:12:44.740+0000] {dag.py:3722} INFO - Setting next_dagrun for pipeline_ingestion_suivi to 2026-07-27T10:00:00+00:00, run_after=2026-07-27T11:00:00+00:00
[2026-07-27T10:12:44.769+0000] {processor.py:179} INFO - Processing /opt/airflow/dags/dag_suivi.py took 0.092 seconds
[2026-07-27T10:13:14.868+0000] {processor.py:157} INFO - Started process (PID=578) to work on /opt/airflow/dags/dag_suivi.py
[2026-07-27T10:13:14.868+0000] {processor.py:829} INFO - Processing file /opt/airflow/dags/dag_suivi.py for tasks to queue
[2026-07-27T10:13:14.869+0000] {logging_mixin.py:151} INFO - [2026-07-27T10:13:14.869+0000] {dagbag.py:536} INFO - Filling up the DagBag from /opt/airflow/dags/dag_suivi.py
[2026-07-27T10:13:14.886+0000] {processor.py:839} INFO - DAG(s) dict_keys(['pipeline_ingestion_suivi']) retrieved from /opt/airflow/dags/dag_suivi.py
[2026-07-27T10:13:14.909+0000] {logging_mixin.py:151} INFO - [2026-07-27T10:13:14.909+0000] {dag.py:2941} INFO - Sync 1 DAGs
[2026-07-27T10:13:14.927+0000] {logging_mixin.py:151} INFO - [2026-07-27T10:13:14.927+0000] {dag.py:3722} INFO - Setting next_dagrun for pipeline_ingestion_suivi to 2026-07-27T10:00:00+00:00, run_after=2026-07-27T11:00:00+00:00
[2026-07-27T10:13:14.957+0000] {processor.py:179} INFO - Processing /opt/airflow/dags/dag_suivi.py took 0.092 seconds
[2026-07-27T10:13:45.098+0000] {processor.py:157} INFO - Started process (PID=583) to work on /opt/airflow/dags/dag_suivi.py
[2026-07-27T10:13:45.099+0000] {processor.py:829} INFO - Processing file /opt/airflow/dags/dag_suivi.py for tasks to queue
[2026-07-27T10:13:45.100+0000] {logging_mixin.py:151} INFO - [2026-07-27T10:13:45.099+0000] {dagbag.py:536} INFO - Filling up the DagBag from /opt/airflow/dags/dag_suivi.py
[2026-07-27T10:13:45.119+0000] {processor.py:839} INFO - DAG(s) dict_keys(['pipeline_ingestion_suivi']) retrieved from /opt/airflow/dags/dag_suivi.py
[2026-07-27T10:13:45.143+0000] {logging_mixin.py:151} INFO - [2026-07-27T10:13:45.143+0000] {dag.py:2941} INFO - Sync 1 DAGs
[2026-07-27T10:13:45.163+0000] {logging_mixin.py:151} INFO - [2026-07-27T10:13:45.163+0000] {dag.py:3722} INFO - Setting next_dagrun for pipeline_ingestion_suivi to 2026-07-27T10:00:00+00:00, run_after=2026-07-27T11:00:00+00:00
[2026-07-27T10:13:45.187+0000] {processor.py:179} INFO - Processing /opt/airflow/dags/dag_suivi.py took 0.092 seconds
[2026-07-27T10:14:15.268+0000] {processor.py:157} INFO - Started process (PID=588) to work on /opt/airflow/dags/dag_suivi.py
[2026-07-27T10:14:15.269+0000] {processor.py:829} INFO - Processing file /opt/airflow/dags/dag_suivi.py for tasks to queue
[2026-07-27T10:14:15.270+0000] {logging_mixin.py:151} INFO - [2026-07-27T10:14:15.270+0000] {dagbag.py:536} INFO - Filling up the DagBag from /opt/airflow/dags/dag_suivi.py
[2026-07-27T10:14:15.288+0000] {processor.py:839} INFO - DAG(s) dict_keys(['pipeline_ingestion_suivi']) retrieved from /opt/airflow/dags/dag_suivi.py
[2026-07-27T10:14:15.311+0000] {logging_mixin.py:151} INFO - [2026-07-27T10:14:15.311+0000] {dag.py:2941} INFO - Sync 1 DAGs
[2026-07-27T10:14:15.332+0000] {logging_mixin.py:151} INFO - [2026-07-27T10:14:15.332+0000] {dag.py:3722} INFO - Setting next_dagrun for pipeline_ingestion_suivi to 2026-07-27T10:00:00+00:00, run_after=2026-07-27T11:00:00+00:00
[2026-07-27T10:14:15.354+0000] {processor.py:179} INFO - Processing /opt/airflow/dags/dag_suivi.py took 0.090 seconds
[2026-07-27T10:14:45.530+0000] {processor.py:157} INFO - Started process (PID=593) to work on /opt/airflow/dags/dag_suivi.py
[2026-07-27T10:14:45.531+0000] {processor.py:829} INFO - Processing file /opt/airflow/dags/dag_suivi.py for tasks to queue
[2026-07-27T10:14:45.532+0000] {logging_mixin.py:151} INFO - [2026-07-27T10:14:45.532+0000] {dagbag.py:536} INFO - Filling up the DagBag from /opt/airflow/dags/dag_suivi.py
[2026-07-27T10:14:45.561+0000] {processor.py:839} INFO - DAG(s) dict_keys(['pipeline_ingestion_suivi']) retrieved from /opt/airflow/dags/dag_suivi.py
[2026-07-27T10:14:45.596+0000] {logging_mixin.py:151} INFO - [2026-07-27T10:14:45.595+0000] {dag.py:2941} INFO - Sync 1 DAGs
[2026-07-27T10:14:45.627+0000] {logging_mixin.py:151} INFO - [2026-07-27T10:14:45.627+0000] {dag.py:3722} INFO - Setting next_dagrun for pipeline_ingestion_suivi to 2026-07-27T10:00:00+00:00, run_after=2026-07-27T11:00:00+00:00
[2026-07-27T10:14:45.656+0000] {processor.py:179} INFO - Processing /opt/airflow/dags/dag_suivi.py took 0.129 seconds
[2026-07-27T10:15:15.698+0000] {processor.py:157} INFO - Started process (PID=598) to work on /opt/airflow/dags/dag_suivi.py
[2026-07-27T10:15:15.698+0000] {processor.py:829} INFO - Processing file /opt/airflow/dags/dag_suivi.py for tasks to queue
[2026-07-27T10:15:15.699+0000] {logging_mixin.py:151} INFO - [2026-07-27T10:15:15.699+0000] {dagbag.py:536} INFO - Filling up the DagBag from /opt/airflow/dags/dag_suivi.py
[2026-07-27T10:15:15.717+0000] {processor.py:839} INFO - DAG(s) dict_keys(['pipeline_ingestion_suivi']) retrieved from /opt/airflow/dags/dag_suivi.py
[2026-07-27T10:15:15.742+0000] {logging_mixin.py:151} INFO - [2026-07-27T10:15:15.742+0000] {dag.py:2941} INFO - Sync 1 DAGs
[2026-07-27T10:15:15.763+0000] {logging_mixin.py:151} INFO - [2026-07-27T10:15:15.763+0000] {dag.py:3722} INFO - Setting next_dagrun for pipeline_ingestion_suivi to 2026-07-27T10:00:00+00:00, run_after=2026-07-27T11:00:00+00:00
[2026-07-27T10:15:15.786+0000] {processor.py:179} INFO - Processing /opt/airflow/dags/dag_suivi.py took 0.091 seconds
[2026-07-27T10:15:45.885+0000] {processor.py:157} INFO - Started process (PID=603) to work on /opt/airflow/dags/dag_suivi.py
[2026-07-27T10:15:45.886+0000] {processor.py:829} INFO - Processing file /opt/airflow/dags/dag_suivi.py for tasks to queue
[2026-07-27T10:15:45.887+0000] {logging_mixin.py:151} INFO - [2026-07-27T10:15:45.887+0000] {dagbag.py:536} INFO - Filling up the DagBag from /opt/airflow/dags/dag_suivi.py
[2026-07-27T10:15:45.913+0000] {processor.py:839} INFO - DAG(s) dict_keys(['pipeline_ingestion_suivi']) retrieved from /opt/airflow/dags/dag_suivi.py
[2026-07-27T10:15:45.943+0000] {logging_mixin.py:151} INFO - [2026-07-27T10:15:45.943+0000] {dag.py:2941} INFO - Sync 1 DAGs
[2026-07-27T10:15:45.964+0000] {logging_mixin.py:151} INFO - [2026-07-27T10:15:45.963+0000] {dag.py:3722} INFO - Setting next_dagrun for pipeline_ingestion_suivi to 2026-07-27T10:00:00+00:00, run_after=2026-07-27T11:00:00+00:00
[2026-07-27T10:15:45.991+0000] {processor.py:179} INFO - Processing /opt/airflow/dags/dag_suivi.py took 0.110 seconds
[2026-07-27T10:16:16.125+0000] {processor.py:157} INFO - Started process (PID=608) to work on /opt/airflow/dags/dag_suivi.py
[2026-07-27T10:16:16.126+0000] {processor.py:829} INFO - Processing file /opt/airflow/dags/dag_suivi.py for tasks to queue
[2026-07-27T10:16:16.127+0000] {logging_mixin.py:151} INFO - [2026-07-27T10:16:16.127+0000] {dagbag.py:536} INFO - Filling up the DagBag from /opt/airflow/dags/dag_suivi.py
[2026-07-27T10:16:16.145+0000] {processor.py:839} INFO - DAG(s) dict_keys(['pipeline_ingestion_suivi']) retrieved from /opt/airflow/dags/dag_suivi.py
[2026-07-27T10:16:16.169+0000] {logging_mixin.py:151} INFO - [2026-07-27T10:16:16.169+0000] {dag.py:2941} INFO - Sync 1 DAGs
[2026-07-27T10:16:16.189+0000] {logging_mixin.py:151} INFO - [2026-07-27T10:16:16.189+0000] {dag.py:3722} INFO - Setting next_dagrun for pipeline_ingestion_suivi to 2026-07-27T10:00:00+00:00, run_after=2026-07-27T11:00:00+00:00
[2026-07-27T10:16:16.211+0000] {processor.py:179} INFO - Processing /opt/airflow/dags/dag_suivi.py took 0.089 seconds
[2026-07-27T10:16:46.305+0000] {processor.py:157} INFO - Started process (PID=613) to work on /opt/airflow/dags/dag_suivi.py
[2026-07-27T10:16:46.306+0000] {processor.py:829} INFO - Processing file /opt/airflow/dags/dag_suivi.py for tasks to queue
[2026-07-27T10:16:46.306+0000] {logging_mixin.py:151} INFO - [2026-07-27T10:16:46.306+0000] {dagbag.py:536} INFO - Filling up the DagBag from /opt/airflow/dags/dag_suivi.py
[2026-07-27T10:16:46.326+0000] {processor.py:839} INFO - DAG(s) dict_keys(['pipeline_ingestion_suivi']) retrieved from /opt/airflow/dags/dag_suivi.py
[2026-07-27T10:16:46.352+0000] {logging_mixin.py:151} INFO - [2026-07-27T10:16:46.351+0000] {dag.py:2941} INFO - Sync 1 DAGs
[2026-07-27T10:16:46.372+0000] {logging_mixin.py:151} INFO - [2026-07-27T10:16:46.372+0000] {dag.py:3722} INFO - Setting next_dagrun for pipeline_ingestion_suivi to 2026-07-27T10:00:00+00:00, run_after=2026-07-27T11:00:00+00:00
[2026-07-27T10:16:46.391+0000] {processor.py:179} INFO - Processing /opt/airflow/dags/dag_suivi.py took 0.088 seconds
[2026-07-27T10:17:16.556+0000] {processor.py:157} INFO - Started process (PID=618) to work on /opt/airflow/dags/dag_suivi.py
[2026-07-27T10:17:16.556+0000] {processor.py:829} INFO - Processing file /opt/airflow/dags/dag_suivi.py for tasks to queue
[2026-07-27T10:17:16.557+0000] {logging_mixin.py:151} INFO - [2026-07-27T10:17:16.557+0000] {dagbag.py:536} INFO - Filling up the DagBag from /opt/airflow/dags/dag_suivi.py
[2026-07-27T10:17:16.580+0000] {processor.py:839} INFO - DAG(s) dict_keys(['pipeline_ingestion_suivi']) retrieved from /opt/airflow/dags/dag_suivi.py
[2026-07-27T10:17:16.604+0000] {logging_mixin.py:151} INFO - [2026-07-27T10:17:16.603+0000] {dag.py:2941} INFO - Sync 1 DAGs
[2026-07-27T10:17:16.625+0000] {logging_mixin.py:151} INFO - [2026-07-27T10:17:16.625+0000] {dag.py:3722} INFO - Setting next_dagrun for pipeline_ingestion_suivi to 2026-07-27T10:00:00+00:00, run_after=2026-07-27T11:00:00+00:00
[2026-07-27T10:17:16.650+0000] {processor.py:179} INFO - Processing /opt/airflow/dags/dag_suivi.py took 0.096 seconds
[2026-07-27T10:17:46.760+0000] {processor.py:157} INFO - Started process (PID=623) to work on /opt/airflow/dags/dag_suivi.py
[2026-07-27T10:17:46.761+0000] {processor.py:829} INFO - Processing file /opt/airflow/dags/dag_suivi.py for tasks to queue
[2026-07-27T10:17:46.762+0000] {logging_mixin.py:151} INFO - [2026-07-27T10:17:46.761+0000] {dagbag.py:536} INFO - Filling up the DagBag from /opt/airflow/dags/dag_suivi.py
[2026-07-27T10:17:46.779+0000] {processor.py:839} INFO - DAG(s) dict_keys(['pipeline_ingestion_suivi']) retrieved from /opt/airflow/dags/dag_suivi.py
[2026-07-27T10:17:46.803+0000] {logging_mixin.py:151} INFO - [2026-07-27T10:17:46.803+0000] {dag.py:2941} INFO - Sync 1 DAGs
[2026-07-27T10:17:46.823+0000] {logging_mixin.py:151} INFO - [2026-07-27T10:17:46.822+0000] {dag.py:3722} INFO - Setting next_dagrun for pipeline_ingestion_suivi to 2026-07-27T10:00:00+00:00, run_after=2026-07-27T11:00:00+00:00
[2026-07-27T10:17:46.853+0000] {processor.py:179} INFO - Processing /opt/airflow/dags/dag_suivi.py took 0.096 seconds
[2026-07-27T10:18:16.990+0000] {processor.py:157} INFO - Started process (PID=628) to work on /opt/airflow/dags/dag_suivi.py
[2026-07-27T10:18:16.991+0000] {processor.py:829} INFO - Processing file /opt/airflow/dags/dag_suivi.py for tasks to queue
[2026-07-27T10:18:16.992+0000] {logging_mixin.py:151} INFO - [2026-07-27T10:18:16.992+0000] {dagbag.py:536} INFO - Filling up the DagBag from /opt/airflow/dags/dag_suivi.py
[2026-07-27T10:18:17.013+0000] {processor.py:839} INFO - DAG(s) dict_keys(['pipeline_ingestion_suivi']) retrieved from /opt/airflow/dags/dag_suivi.py
[2026-07-27T10:18:17.039+0000] {logging_mixin.py:151} INFO - [2026-07-27T10:18:17.039+0000] {dag.py:2941} INFO - Sync 1 DAGs
[2026-07-27T10:18:17.059+0000] {logging_mixin.py:151} INFO - [2026-07-27T10:18:17.059+0000] {dag.py:3722} INFO - Setting next_dagrun for pipeline_ingestion_suivi to 2026-07-27T10:00:00+00:00, run_after=2026-07-27T11:00:00+00:00
[2026-07-27T10:18:17.078+0000] {processor.py:179} INFO - Processing /opt/airflow/dags/dag_suivi.py took 0.092 seconds
[2026-07-27T10:18:47.193+0000] {processor.py:157} INFO - Started process (PID=633) to work on /opt/airflow/dags/dag_suivi.py
[2026-07-27T10:18:47.194+0000] {processor.py:829} INFO - Processing file /opt/airflow/dags/dag_suivi.py for tasks to queue
[2026-07-27T10:18:47.195+0000] {logging_mixin.py:151} INFO - [2026-07-27T10:18:47.194+0000] {dagbag.py:536} INFO - Filling up the DagBag from /opt/airflow/dags/dag_suivi.py
[2026-07-27T10:18:47.213+0000] {processor.py:839} INFO - DAG(s) dict_keys(['pipeline_ingestion_suivi']) retrieved from /opt/airflow/dags/dag_suivi.py
[2026-07-27T10:18:47.239+0000] {logging_mixin.py:151} INFO - [2026-07-27T10:18:47.239+0000] {dag.py:2941} INFO - Sync 1 DAGs
[2026-07-27T10:18:47.256+0000] {logging_mixin.py:151} INFO - [2026-07-27T10:18:47.256+0000] {dag.py:3722} INFO - Setting next_dagrun for pipeline_ingestion_suivi to 2026-07-27T10:00:00+00:00, run_after=2026-07-27T11:00:00+00:00
[2026-07-27T10:18:47.274+0000] {processor.py:179} INFO - Processing /opt/airflow/dags/dag_suivi.py took 0.084 seconds
[2026-07-27T10:19:17.434+0000] {processor.py:157} INFO - Started process (PID=638) to work on /opt/airflow/dags/dag_suivi.py
[2026-07-27T10:19:17.435+0000] {processor.py:829} INFO - Processing file /opt/airflow/dags/dag_suivi.py for tasks to queue
[2026-07-27T10:19:17.436+0000] {logging_mixin.py:151} INFO - [2026-07-27T10:19:17.436+0000] {dagbag.py:536} INFO - Filling up the DagBag from /opt/airflow/dags/dag_suivi.py
[2026-07-27T10:19:17.458+0000] {processor.py:839} INFO - DAG(s) dict_keys(['pipeline_ingestion_suivi']) retrieved from /opt/airflow/dags/dag_suivi.py
[2026-07-27T10:19:17.486+0000] {logging_mixin.py:151} INFO - [2026-07-27T10:19:17.486+0000] {dag.py:2941} INFO - Sync 1 DAGs
[2026-07-27T10:19:17.508+0000] {logging_mixin.py:151} INFO - [2026-07-27T10:19:17.508+0000] {dag.py:3722} INFO - Setting next_dagrun for pipeline_ingestion_suivi to 2026-07-27T10:00:00+00:00, run_after=2026-07-27T11:00:00+00:00
[2026-07-27T10:19:17.535+0000] {processor.py:179} INFO - Processing /opt/airflow/dags/dag_suivi.py took 0.104 seconds
[2026-07-27T10:19:47.637+0000] {processor.py:157} INFO - Started process (PID=643) to work on /opt/airflow/dags/dag_suivi.py
[2026-07-27T10:19:47.639+0000] {processor.py:829} INFO - Processing file /opt/airflow/dags/dag_suivi.py for tasks to queue
[2026-07-27T10:19:47.640+0000] {logging_mixin.py:151} INFO - [2026-07-27T10:19:47.639+0000] {dagbag.py:536} INFO - Filling up the DagBag from /opt/airflow/dags/dag_suivi.py
[2026-07-27T10:19:47.659+0000] {processor.py:839} INFO - DAG(s) dict_keys(['pipeline_ingestion_suivi']) retrieved from /opt/airflow/dags/dag_suivi.py
[2026-07-27T10:19:47.687+0000] {logging_mixin.py:151} INFO - [2026-07-27T10:19:47.687+0000] {dag.py:2941} INFO - Sync 1 DAGs
[2026-07-27T10:19:47.713+0000] {logging_mixin.py:151} INFO - [2026-07-27T10:19:47.713+0000] {dag.py:3722} INFO - Setting next_dagrun for pipeline_ingestion_suivi to 2026-07-27T10:00:00+00:00, run_after=2026-07-27T11:00:00+00:00
[2026-07-27T10:19:47.735+0000] {processor.py:179} INFO - Processing /opt/airflow/dags/dag_suivi.py took 0.101 seconds
[2026-07-27T10:20:17.933+0000] {processor.py:157} INFO - Started process (PID=648) to work on /opt/airflow/dags/dag_suivi.py
[2026-07-27T10:20:17.934+0000] {processor.py:829} INFO - Processing file /opt/airflow/dags/dag_suivi.py for tasks to queue
[2026-07-27T10:20:17.935+0000] {logging_mixin.py:151} INFO - [2026-07-27T10:20:17.935+0000] {dagbag.py:536} INFO - Filling up the DagBag from /opt/airflow/dags/dag_suivi.py
[2026-07-27T10:20:17.952+0000] {processor.py:839} INFO - DAG(s) dict_keys(['pipeline_ingestion_suivi']) retrieved from /opt/airflow/dags/dag_suivi.py
[2026-07-27T10:20:17.973+0000] {logging_mixin.py:151} INFO - [2026-07-27T10:20:17.973+0000] {dag.py:2941} INFO - Sync 1 DAGs
[2026-07-27T10:20:17.992+0000] {logging_mixin.py:151} INFO - [2026-07-27T10:20:17.991+0000] {dag.py:3722} INFO - Setting next_dagrun for pipeline_ingestion_suivi to 2026-07-27T10:00:00+00:00, run_after=2026-07-27T11:00:00+00:00
[2026-07-27T10:20:18.009+0000] {processor.py:179} INFO - Processing /opt/airflow/dags/dag_suivi.py took 0.078 seconds
[2026-07-27T10:20:48.144+0000] {processor.py:157} INFO - Started process (PID=653) to work on /opt/airflow/dags/dag_suivi.py
[2026-07-27T10:20:48.144+0000] {processor.py:829} INFO - Processing file /opt/airflow/dags/dag_suivi.py for tasks to queue
[2026-07-27T10:20:48.145+0000] {logging_mixin.py:151} INFO - [2026-07-27T10:20:48.145+0000] {dagbag.py:536} INFO - Filling up the DagBag from /opt/airflow/dags/dag_suivi.py
[2026-07-27T10:20:48.166+0000] {processor.py:839} INFO - DAG(s) dict_keys(['pipeline_ingestion_suivi']) retrieved from /opt/airflow/dags/dag_suivi.py
[2026-07-27T10:20:48.190+0000] {logging_mixin.py:151} INFO - [2026-07-27T10:20:48.190+0000] {dag.py:2941} INFO - Sync 1 DAGs
[2026-07-27T10:20:48.210+0000] {logging_mixin.py:151} INFO - [2026-07-27T10:20:48.209+0000] {dag.py:3722} INFO - Setting next_dagrun for pipeline_ingestion_suivi to 2026-07-27T10:00:00+00:00, run_after=2026-07-27T11:00:00+00:00
[2026-07-27T10:20:48.229+0000] {processor.py:179} INFO - Processing /opt/airflow/dags/dag_suivi.py took 0.089 seconds
[2026-07-27T10:21:18.382+0000] {processor.py:157} INFO - Started process (PID=658) to work on /opt/airflow/dags/dag_suivi.py
[2026-07-27T10:21:18.383+0000] {processor.py:829} INFO - Processing file /opt/airflow/dags/dag_suivi.py for tasks to queue
[2026-07-27T10:21:18.384+0000] {logging_mixin.py:151} INFO - [2026-07-27T10:21:18.383+0000] {dagbag.py:536} INFO - Filling up the DagBag from /opt/airflow/dags/dag_suivi.py
[2026-07-27T10:21:18.400+0000] {processor.py:839} INFO - DAG(s) dict_keys(['pipeline_ingestion_suivi']) retrieved from /opt/airflow/dags/dag_suivi.py
[2026-07-27T10:21:18.422+0000] {logging_mixin.py:151} INFO - [2026-07-27T10:21:18.421+0000] {dag.py:2941} INFO - Sync 1 DAGs
[2026-07-27T10:21:18.439+0000] {logging_mixin.py:151} INFO - [2026-07-27T10:21:18.439+0000] {dag.py:3722} INFO - Setting next_dagrun for pipeline_ingestion_suivi to 2026-07-27T10:00:00+00:00, run_after=2026-07-27T11:00:00+00:00
[2026-07-27T10:21:18.457+0000] {processor.py:179} INFO - Processing /opt/airflow/dags/dag_suivi.py took 0.077 seconds
[2026-07-27T10:21:48.614+0000] {processor.py:157} INFO - Started process (PID=663) to work on /opt/airflow/dags/dag_suivi.py
[2026-07-27T10:21:48.614+0000] {processor.py:829} INFO - Processing file /opt/airflow/dags/dag_suivi.py for tasks to queue
[2026-07-27T10:21:48.615+0000] {logging_mixin.py:151} INFO - [2026-07-27T10:21:48.615+0000] {dagbag.py:536} INFO - Filling up the DagBag from /opt/airflow/dags/dag_suivi.py
[2026-07-27T10:21:48.634+0000] {processor.py:839} INFO - DAG(s) dict_keys(['pipeline_ingestion_suivi']) retrieved from /opt/airflow/dags/dag_suivi.py
[2026-07-27T10:21:48.657+0000] {logging_mixin.py:151} INFO - [2026-07-27T10:21:48.656+0000] {dag.py:2941} INFO - Sync 1 DAGs
[2026-07-27T10:21:48.677+0000] {logging_mixin.py:151} INFO - [2026-07-27T10:21:48.677+0000] {dag.py:3722} INFO - Setting next_dagrun for pipeline_ingestion_suivi to 2026-07-27T10:00:00+00:00, run_after=2026-07-27T11:00:00+00:00
[2026-07-27T10:21:48.703+0000] {processor.py:179} INFO - Processing /opt/airflow/dags/dag_suivi.py took 0.093 seconds
[2026-07-27T10:22:18.853+0000] {processor.py:157} INFO - Started process (PID=668) to work on /opt/airflow/dags/dag_suivi.py
[2026-07-27T10:22:18.853+0000] {processor.py:829} INFO - Processing file /opt/airflow/dags/dag_suivi.py for tasks to queue
[2026-07-27T10:22:18.854+0000] {logging_mixin.py:151} INFO - [2026-07-27T10:22:18.854+0000] {dagbag.py:536} INFO - Filling up the DagBag from /opt/airflow/dags/dag_suivi.py
[2026-07-27T10:22:18.874+0000] {processor.py:839} INFO - DAG(s) dict_keys(['pipeline_ingestion_suivi']) retrieved from /opt/airflow/dags/dag_suivi.py
[2026-07-27T10:22:18.899+0000] {logging_mixin.py:151} INFO - [2026-07-27T10:22:18.899+0000] {dag.py:2941} INFO - Sync 1 DAGs
[2026-07-27T10:22:18.921+0000] {logging_mixin.py:151} INFO - [2026-07-27T10:22:18.921+0000] {dag.py:3722} INFO - Setting next_dagrun for pipeline_ingestion_suivi to 2026-07-27T10:00:00+00:00, run_after=2026-07-27T11:00:00+00:00
[2026-07-27T10:22:18.957+0000] {processor.py:179} INFO - Processing /opt/airflow/dags/dag_suivi.py took 0.107 seconds
[2026-07-27T10:22:49.174+0000] {processor.py:157} INFO - Started process (PID=673) to work on /opt/airflow/dags/dag_suivi.py
[2026-07-27T10:22:49.175+0000] {processor.py:829} INFO - Processing file /opt/airflow/dags/dag_suivi.py for tasks to queue
[2026-07-27T10:22:49.176+0000] {logging_mixin.py:151} INFO - [2026-07-27T10:22:49.176+0000] {dagbag.py:536} INFO - Filling up the DagBag from /opt/airflow/dags/dag_suivi.py
[2026-07-27T10:22:49.211+0000] {processor.py:839} INFO - DAG(s) dict_keys(['pipeline_ingestion_suivi']) retrieved from /opt/airflow/dags/dag_suivi.py
[2026-07-27T10:22:49.256+0000] {logging_mixin.py:151} INFO - [2026-07-27T10:22:49.256+0000] {dag.py:2941} INFO - Sync 1 DAGs
[2026-07-27T10:22:49.289+0000] {logging_mixin.py:151} INFO - [2026-07-27T10:22:49.289+0000] {dag.py:3722} INFO - Setting next_dagrun for pipeline_ingestion_suivi to 2026-07-27T10:00:00+00:00, run_after=2026-07-27T11:00:00+00:00
[2026-07-27T10:22:49.315+0000] {processor.py:179} INFO - Processing /opt/airflow/dags/dag_suivi.py took 0.145 seconds
[2026-07-27T10:23:19.373+0000] {processor.py:157} INFO - Started process (PID=678) to work on /opt/airflow/dags/dag_suivi.py
[2026-07-27T10:23:19.374+0000] {processor.py:829} INFO - Processing file /opt/airflow/dags/dag_suivi.py for tasks to queue
[2026-07-27T10:23:19.374+0000] {logging_mixin.py:151} INFO - [2026-07-27T10:23:19.374+0000] {dagbag.py:536} INFO - Filling up the DagBag from /opt/airflow/dags/dag_suivi.py
[2026-07-27T10:23:19.391+0000] {processor.py:839} INFO - DAG(s) dict_keys(['pipeline_ingestion_suivi']) retrieved from /opt/airflow/dags/dag_suivi.py
[2026-07-27T10:23:19.413+0000] {logging_mixin.py:151} INFO - [2026-07-27T10:23:19.412+0000] {dag.py:2941} INFO - Sync 1 DAGs
[2026-07-27T10:23:19.434+0000] {logging_mixin.py:151} INFO - [2026-07-27T10:23:19.433+0000] {dag.py:3722} INFO - Setting next_dagrun for pipeline_ingestion_suivi to 2026-07-27T10:00:00+00:00, run_after=2026-07-27T11:00:00+00:00
[2026-07-27T10:23:19.460+0000] {processor.py:179} INFO - Processing /opt/airflow/dags/dag_suivi.py took 0.090 seconds
[2026-07-27T10:23:49.607+0000] {processor.py:157} INFO - Started process (PID=683) to work on /opt/airflow/dags/dag_suivi.py
[2026-07-27T10:23:49.608+0000] {processor.py:829} INFO - Processing file /opt/airflow/dags/dag_suivi.py for tasks to queue
[2026-07-27T10:23:49.609+0000] {logging_mixin.py:151} INFO - [2026-07-27T10:23:49.608+0000] {dagbag.py:536} INFO - Filling up the DagBag from /opt/airflow/dags/dag_suivi.py
[2026-07-27T10:23:49.624+0000] {processor.py:839} INFO - DAG(s) dict_keys(['pipeline_ingestion_suivi']) retrieved from /opt/airflow/dags/dag_suivi.py
[2026-07-27T10:23:49.646+0000] {logging_mixin.py:151} INFO - [2026-07-27T10:23:49.646+0000] {dag.py:2941} INFO - Sync 1 DAGs
[2026-07-27T10:23:49.663+0000] {logging_mixin.py:151} INFO - [2026-07-27T10:23:49.663+0000] {dag.py:3722} INFO - Setting next_dagrun for pipeline_ingestion_suivi to 2026-07-27T10:00:00+00:00, run_after=2026-07-27T11:00:00+00:00
[2026-07-27T10:23:49.680+0000] {processor.py:179} INFO - Processing /opt/airflow/dags/dag_suivi.py took 0.076 seconds
[2026-07-27T10:24:19.891+0000] {processor.py:157} INFO - Started process (PID=688) to work on /opt/airflow/dags/dag_suivi.py
[2026-07-27T10:24:19.891+0000] {processor.py:829} INFO - Processing file /opt/airflow/dags/dag_suivi.py for tasks to queue
[2026-07-27T10:24:19.892+0000] {logging_mixin.py:151} INFO - [2026-07-27T10:24:19.892+0000] {dagbag.py:536} INFO - Filling up the DagBag from /opt/airflow/dags/dag_suivi.py
[2026-07-27T10:24:19.908+0000] {processor.py:839} INFO - DAG(s) dict_keys(['pipeline_ingestion_suivi']) retrieved from /opt/airflow/dags/dag_suivi.py
[2026-07-27T10:24:19.930+0000] {logging_mixin.py:151} INFO - [2026-07-27T10:24:19.930+0000] {dag.py:2941} INFO - Sync 1 DAGs
[2026-07-27T10:24:19.948+0000] {logging_mixin.py:151} INFO - [2026-07-27T10:24:19.948+0000] {dag.py:3722} INFO - Setting next_dagrun for pipeline_ingestion_suivi to 2026-07-27T10:00:00+00:00, run_after=2026-07-27T11:00:00+00:00
[2026-07-27T10:24:19.964+0000] {processor.py:179} INFO - Processing /opt/airflow/dags/dag_suivi.py took 0.076 seconds
[2026-07-27T10:24:50.123+0000] {processor.py:157} INFO - Started process (PID=693) to work on /opt/airflow/dags/dag_suivi.py
[2026-07-27T10:24:50.124+0000] {processor.py:829} INFO - Processing file /opt/airflow/dags/dag_suivi.py for tasks to queue
[2026-07-27T10:24:50.124+0000] {logging_mixin.py:151} INFO - [2026-07-27T10:24:50.124+0000] {dagbag.py:536} INFO - Filling up the DagBag from /opt/airflow/dags/dag_suivi.py
[2026-07-27T10:24:50.142+0000] {processor.py:839} INFO - DAG(s) dict_keys(['pipeline_ingestion_suivi']) retrieved from /opt/airflow/dags/dag_suivi.py
[2026-07-27T10:24:50.165+0000] {logging_mixin.py:151} INFO - [2026-07-27T10:24:50.164+0000] {dag.py:2941} INFO - Sync 1 DAGs
[2026-07-27T10:24:50.187+0000] {logging_mixin.py:151} INFO - [2026-07-27T10:24:50.187+0000] {dag.py:3722} INFO - Setting next_dagrun for pipeline_ingestion_suivi to 2026-07-27T10:00:00+00:00, run_after=2026-07-27T11:00:00+00:00
[2026-07-27T10:24:50.217+0000] {processor.py:179} INFO - Processing /opt/airflow/dags/dag_suivi.py took 0.097 seconds
[2026-07-27T10:25:20.370+0000] {processor.py:157} INFO - Started process (PID=698) to work on /opt/airflow/dags/dag_suivi.py
[2026-07-27T10:25:20.371+0000] {processor.py:829} INFO - Processing file /opt/airflow/dags/dag_suivi.py for tasks to queue
[2026-07-27T10:25:20.372+0000] {logging_mixin.py:151} INFO - [2026-07-27T10:25:20.372+0000] {dagbag.py:536} INFO - Filling up the DagBag from /opt/airflow/dags/dag_suivi.py
[2026-07-27T10:25:20.389+0000] {processor.py:839} INFO - DAG(s) dict_keys(['pipeline_ingestion_suivi']) retrieved from /opt/airflow/dags/dag_suivi.py
[2026-07-27T10:25:20.411+0000] {logging_mixin.py:151} INFO - [2026-07-27T10:25:20.411+0000] {dag.py:2941} INFO - Sync 1 DAGs
[2026-07-27T10:25:20.428+0000] {logging_mixin.py:151} INFO - [2026-07-27T10:25:20.428+0000] {dag.py:3722} INFO - Setting next_dagrun for pipeline_ingestion_suivi to 2026-07-27T10:00:00+00:00, run_after=2026-07-27T11:00:00+00:00
[2026-07-27T10:25:20.446+0000] {processor.py:179} INFO - Processing /opt/airflow/dags/dag_suivi.py took 0.078 seconds
[2026-07-27T10:25:50.648+0000] {processor.py:157} INFO - Started process (PID=703) to work on /opt/airflow/dags/dag_suivi.py
[2026-07-27T10:25:50.649+0000] {processor.py:829} INFO - Processing file /opt/airflow/dags/dag_suivi.py for tasks to queue
[2026-07-27T10:25:50.650+0000] {logging_mixin.py:151} INFO - [2026-07-27T10:25:50.650+0000] {dagbag.py:536} INFO - Filling up the DagBag from /opt/airflow/dags/dag_suivi.py
[2026-07-27T10:25:50.670+0000] {processor.py:839} INFO - DAG(s) dict_keys(['pipeline_ingestion_suivi']) retrieved from /opt/airflow/dags/dag_suivi.py
[2026-07-27T10:25:50.695+0000] {logging_mixin.py:151} INFO - [2026-07-27T10:25:50.695+0000] {dag.py:2941} INFO - Sync 1 DAGs
[2026-07-27T10:25:50.717+0000] {logging_mixin.py:151} INFO - [2026-07-27T10:25:50.717+0000] {dag.py:3722} INFO - Setting next_dagrun for pipeline_ingestion_suivi to 2026-07-27T10:00:00+00:00, run_after=2026-07-27T11:00:00+00:00
[2026-07-27T10:25:50.742+0000] {processor.py:179} INFO - Processing /opt/airflow/dags/dag_suivi.py took 0.097 seconds
[2026-07-27T10:26:20.877+0000] {processor.py:157} INFO - Started process (PID=708) to work on /opt/airflow/dags/dag_suivi.py
[2026-07-27T10:26:20.878+0000] {processor.py:829} INFO - Processing file /opt/airflow/dags/dag_suivi.py for tasks to queue
[2026-07-27T10:26:20.879+0000] {logging_mixin.py:151} INFO - [2026-07-27T10:26:20.879+0000] {dagbag.py:536} INFO - Filling up the DagBag from /opt/airflow/dags/dag_suivi.py
[2026-07-27T10:26:20.903+0000] {processor.py:839} INFO - DAG(s) dict_keys(['pipeline_ingestion_suivi']) retrieved from /opt/airflow/dags/dag_suivi.py
[2026-07-27T10:26:20.929+0000] {logging_mixin.py:151} INFO - [2026-07-27T10:26:20.929+0000] {dag.py:2941} INFO - Sync 1 DAGs
[2026-07-27T10:26:20.949+0000] {logging_mixin.py:151} INFO - [2026-07-27T10:26:20.949+0000] {dag.py:3722} INFO - Setting next_dagrun for pipeline_ingestion_suivi to 2026-07-27T10:00:00+00:00, run_after=2026-07-27T11:00:00+00:00
[2026-07-27T10:26:20.968+0000] {processor.py:179} INFO - Processing /opt/airflow/dags/dag_suivi.py took 0.095 seconds
[2026-07-27T10:26:51.118+0000] {processor.py:157} INFO - Started process (PID=713) to work on /opt/airflow/dags/dag_suivi.py
[2026-07-27T10:26:51.118+0000] {processor.py:829} INFO - Processing file /opt/airflow/dags/dag_suivi.py for tasks to queue
[2026-07-27T10:26:51.119+0000] {logging_mixin.py:151} INFO - [2026-07-27T10:26:51.119+0000] {dagbag.py:536} INFO - Filling up the DagBag from /opt/airflow/dags/dag_suivi.py
[2026-07-27T10:26:51.137+0000] {processor.py:839} INFO - DAG(s) dict_keys(['pipeline_ingestion_suivi']) retrieved from /opt/airflow/dags/dag_suivi.py
[2026-07-27T10:26:51.160+0000] {logging_mixin.py:151} INFO - [2026-07-27T10:26:51.160+0000] {dag.py:2941} INFO - Sync 1 DAGs
[2026-07-27T10:26:51.182+0000] {logging_mixin.py:151} INFO - [2026-07-27T10:26:51.182+0000] {dag.py:3722} INFO - Setting next_dagrun for pipeline_ingestion_suivi to 2026-07-27T10:00:00+00:00, run_after=2026-07-27T11:00:00+00:00
[2026-07-27T10:26:51.212+0000] {processor.py:179} INFO - Processing /opt/airflow/dags/dag_suivi.py took 0.097 seconds
[2026-07-27T10:27:21.340+0000] {processor.py:157} INFO - Started process (PID=718) to work on /opt/airflow/dags/dag_suivi.py
[2026-07-27T10:27:21.341+0000] {processor.py:829} INFO - Processing file /opt/airflow/dags/dag_suivi.py for tasks to queue
[2026-07-27T10:27:21.342+0000] {logging_mixin.py:151} INFO - [2026-07-27T10:27:21.341+0000] {dagbag.py:536} INFO - Filling up the DagBag from /opt/airflow/dags/dag_suivi.py
[2026-07-27T10:27:21.360+0000] {processor.py:839} INFO - DAG(s) dict_keys(['pipeline_ingestion_suivi']) retrieved from /opt/airflow/dags/dag_suivi.py
[2026-07-27T10:27:21.396+0000] {logging_mixin.py:151} INFO - [2026-07-27T10:27:21.396+0000] {dag.py:2941} INFO - Sync 1 DAGs
[2026-07-27T10:27:21.417+0000] {logging_mixin.py:151} INFO - [2026-07-27T10:27:21.417+0000] {dag.py:3722} INFO - Setting next_dagrun for pipeline_ingestion_suivi to 2026-07-27T10:00:00+00:00, run_after=2026-07-27T11:00:00+00:00
[2026-07-27T10:27:21.436+0000] {processor.py:179} INFO - Processing /opt/airflow/dags/dag_suivi.py took 0.099 seconds
[2026-07-27T10:27:51.639+0000] {processor.py:157} INFO - Started process (PID=723) to work on /opt/airflow/dags/dag_suivi.py
[2026-07-27T10:27:51.640+0000] {processor.py:829} INFO - Processing file /opt/airflow/dags/dag_suivi.py for tasks to queue
[2026-07-27T10:27:51.641+0000] {logging_mixin.py:151} INFO - [2026-07-27T10:27:51.641+0000] {dagbag.py:536} INFO - Filling up the DagBag from /opt/airflow/dags/dag_suivi.py
[2026-07-27T10:27:51.668+0000] {processor.py:839} INFO - DAG(s) dict_keys(['pipeline_ingestion_suivi']) retrieved from /opt/airflow/dags/dag_suivi.py
[2026-07-27T10:27:51.703+0000] {logging_mixin.py:151} INFO - [2026-07-27T10:27:51.703+0000] {dag.py:2941} INFO - Sync 1 DAGs
[2026-07-27T10:27:51.755+0000] {logging_mixin.py:151} INFO - [2026-07-27T10:27:51.754+0000] {dag.py:3722} INFO - Setting next_dagrun for pipeline_ingestion_suivi to 2026-07-27T10:00:00+00:00, run_after=2026-07-27T11:00:00+00:00
[2026-07-27T10:27:51.790+0000] {processor.py:179} INFO - Processing /opt/airflow/dags/dag_suivi.py took 0.154 seconds
[2026-07-27T10:28:21.859+0000] {processor.py:157} INFO - Started process (PID=728) to work on /opt/airflow/dags/dag_suivi.py
[2026-07-27T10:28:21.860+0000] {processor.py:829} INFO - Processing file /opt/airflow/dags/dag_suivi.py for tasks to queue
[2026-07-27T10:28:21.861+0000] {logging_mixin.py:151} INFO - [2026-07-27T10:28:21.860+0000] {dagbag.py:536} INFO - Filling up the DagBag from /opt/airflow/dags/dag_suivi.py
[2026-07-27T10:28:21.880+0000] {processor.py:839} INFO - DAG(s) dict_keys(['pipeline_ingestion_suivi']) retrieved from /opt/airflow/dags/dag_suivi.py
[2026-07-27T10:28:21.906+0000] {logging_mixin.py:151} INFO - [2026-07-27T10:28:21.906+0000] {dag.py:2941} INFO - Sync 1 DAGs
[2026-07-27T10:28:21.927+0000] {logging_mixin.py:151} INFO - [2026-07-27T10:28:21.927+0000] {dag.py:3722} INFO - Setting next_dagrun for pipeline_ingestion_suivi to 2026-07-27T10:00:00+00:00, run_after=2026-07-27T11:00:00+00:00
[2026-07-27T10:28:21.948+0000] {processor.py:179} INFO - Processing /opt/airflow/dags/dag_suivi.py took 0.092 seconds
[2026-07-27T10:28:52.062+0000] {processor.py:157} INFO - Started process (PID=733) to work on /opt/airflow/dags/dag_suivi.py
[2026-07-27T10:28:52.063+0000] {processor.py:829} INFO - Processing file /opt/airflow/dags/dag_suivi.py for tasks to queue
[2026-07-27T10:28:52.063+0000] {logging_mixin.py:151} INFO - [2026-07-27T10:28:52.063+0000] {dagbag.py:536} INFO - Filling up the DagBag from /opt/airflow/dags/dag_suivi.py
[2026-07-27T10:28:52.080+0000] {processor.py:839} INFO - DAG(s) dict_keys(['pipeline_ingestion_suivi']) retrieved from /opt/airflow/dags/dag_suivi.py
[2026-07-27T10:28:52.103+0000] {logging_mixin.py:151} INFO - [2026-07-27T10:28:52.102+0000] {dag.py:2941} INFO - Sync 1 DAGs
[2026-07-27T10:28:52.126+0000] {logging_mixin.py:151} INFO - [2026-07-27T10:28:52.126+0000] {dag.py:3722} INFO - Setting next_dagrun for pipeline_ingestion_suivi to 2026-07-27T10:00:00+00:00, run_after=2026-07-27T11:00:00+00:00
[2026-07-27T10:28:52.152+0000] {processor.py:179} INFO - Processing /opt/airflow/dags/dag_suivi.py took 0.093 seconds
[2026-07-27T10:29:22.326+0000] {processor.py:157} INFO - Started process (PID=738) to work on /opt/airflow/dags/dag_suivi.py
[2026-07-27T10:29:22.327+0000] {processor.py:829} INFO - Processing file /opt/airflow/dags/dag_suivi.py for tasks to queue
[2026-07-27T10:29:22.327+0000] {logging_mixin.py:151} INFO - [2026-07-27T10:29:22.327+0000] {dagbag.py:536} INFO - Filling up the DagBag from /opt/airflow/dags/dag_suivi.py
[2026-07-27T10:29:22.344+0000] {processor.py:839} INFO - DAG(s) dict_keys(['pipeline_ingestion_suivi']) retrieved from /opt/airflow/dags/dag_suivi.py
[2026-07-27T10:29:22.366+0000] {logging_mixin.py:151} INFO - [2026-07-27T10:29:22.366+0000] {dag.py:2941} INFO - Sync 1 DAGs
[2026-07-27T10:29:22.384+0000] {logging_mixin.py:151} INFO - [2026-07-27T10:29:22.384+0000] {dag.py:3722} INFO - Setting next_dagrun for pipeline_ingestion_suivi to 2026-07-27T10:00:00+00:00, run_after=2026-07-27T11:00:00+00:00
[2026-07-27T10:29:22.404+0000] {processor.py:179} INFO - Processing /opt/airflow/dags/dag_suivi.py took 0.080 seconds
[2026-07-27T10:34:35.362+0000] {processor.py:157} INFO - Started process (PID=170) to work on /opt/airflow/dags/dag_suivi.py
[2026-07-27T10:34:35.363+0000] {processor.py:829} INFO - Processing file /opt/airflow/dags/dag_suivi.py for tasks to queue
[2026-07-27T10:34:35.365+0000] {logging_mixin.py:151} INFO - [2026-07-27T10:34:35.365+0000] {dagbag.py:536} INFO - Filling up the DagBag from /opt/airflow/dags/dag_suivi.py
[2026-07-27T10:34:35.408+0000] {processor.py:839} INFO - DAG(s) dict_keys(['pipeline_ingestion_suivi']) retrieved from /opt/airflow/dags/dag_suivi.py
[2026-07-27T10:34:35.451+0000] {logging_mixin.py:151} INFO - [2026-07-27T10:34:35.451+0000] {dag.py:2941} INFO - Sync 1 DAGs
[2026-07-27T10:34:35.493+0000] {logging_mixin.py:151} INFO - [2026-07-27T10:34:35.493+0000] {dag.py:3722} INFO - Setting next_dagrun for pipeline_ingestion_suivi to 2026-07-27T10:00:00+00:00, run_after=2026-07-27T11:00:00+00:00
[2026-07-27T10:34:35.523+0000] {processor.py:179} INFO - Processing /opt/airflow/dags/dag_suivi.py took 0.168 seconds
[2026-07-27T10:35:05.618+0000] {processor.py:157} INFO - Started process (PID=175) to work on /opt/airflow/dags/dag_suivi.py
[2026-07-27T10:35:05.620+0000] {processor.py:829} INFO - Processing file /opt/airflow/dags/dag_suivi.py for tasks to queue
[2026-07-27T10:35:05.621+0000] {logging_mixin.py:151} INFO - [2026-07-27T10:35:05.620+0000] {dagbag.py:536} INFO - Filling up the DagBag from /opt/airflow/dags/dag_suivi.py
[2026-07-27T10:35:05.659+0000] {processor.py:839} INFO - DAG(s) dict_keys(['pipeline_ingestion_suivi']) retrieved from /opt/airflow/dags/dag_suivi.py
[2026-07-27T10:35:05.703+0000] {logging_mixin.py:151} INFO - [2026-07-27T10:35:05.703+0000] {dag.py:2941} INFO - Sync 1 DAGs
[2026-07-27T10:35:05.748+0000] {logging_mixin.py:151} INFO - [2026-07-27T10:35:05.748+0000] {dag.py:3722} INFO - Setting next_dagrun for pipeline_ingestion_suivi to 2026-07-27T10:00:00+00:00, run_after=2026-07-27T11:00:00+00:00
[2026-07-27T10:35:05.779+0000] {processor.py:179} INFO - Processing /opt/airflow/dags/dag_suivi.py took 0.165 seconds
[2026-07-27T10:35:35.907+0000] {processor.py:157} INFO - Started process (PID=180) to work on /opt/airflow/dags/dag_suivi.py
[2026-07-27T10:35:35.908+0000] {processor.py:829} INFO - Processing file /opt/airflow/dags/dag_suivi.py for tasks to queue
[2026-07-27T10:35:35.908+0000] {logging_mixin.py:151} INFO - [2026-07-27T10:35:35.908+0000] {dagbag.py:536} INFO - Filling up the DagBag from /opt/airflow/dags/dag_suivi.py
[2026-07-27T10:35:35.928+0000] {processor.py:839} INFO - DAG(s) dict_keys(['pipeline_ingestion_suivi']) retrieved from /opt/airflow/dags/dag_suivi.py
[2026-07-27T10:35:35.953+0000] {logging_mixin.py:151} INFO - [2026-07-27T10:35:35.953+0000] {dag.py:2941} INFO - Sync 1 DAGs
[2026-07-27T10:35:35.973+0000] {logging_mixin.py:151} INFO - [2026-07-27T10:35:35.973+0000] {dag.py:3722} INFO - Setting next_dagrun for pipeline_ingestion_suivi to 2026-07-27T10:00:00+00:00, run_after=2026-07-27T11:00:00+00:00
[2026-07-27T10:35:36.002+0000] {processor.py:179} INFO - Processing /opt/airflow/dags/dag_suivi.py took 0.099 seconds
[2026-07-27T10:36:06.170+0000] {processor.py:157} INFO - Started process (PID=185) to work on /opt/airflow/dags/dag_suivi.py
[2026-07-27T10:36:06.170+0000] {processor.py:829} INFO - Processing file /opt/airflow/dags/dag_suivi.py for tasks to queue
[2026-07-27T10:36:06.171+0000] {logging_mixin.py:151} INFO - [2026-07-27T10:36:06.171+0000] {dagbag.py:536} INFO - Filling up the DagBag from /opt/airflow/dags/dag_suivi.py
[2026-07-27T10:36:06.191+0000] {processor.py:839} INFO - DAG(s) dict_keys(['pipeline_ingestion_suivi']) retrieved from /opt/airflow/dags/dag_suivi.py
[2026-07-27T10:36:06.217+0000] {logging_mixin.py:151} INFO - [2026-07-27T10:36:06.217+0000] {dag.py:2941} INFO - Sync 1 DAGs
[2026-07-27T10:36:06.237+0000] {logging_mixin.py:151} INFO - [2026-07-27T10:36:06.236+0000] {dag.py:3722} INFO - Setting next_dagrun for pipeline_ingestion_suivi to 2026-07-27T10:00:00+00:00, run_after=2026-07-27T11:00:00+00:00
[2026-07-27T10:36:06.263+0000] {processor.py:179} INFO - Processing /opt/airflow/dags/dag_suivi.py took 0.097 seconds
[2026-07-27T10:36:36.397+0000] {processor.py:157} INFO - Started process (PID=190) to work on /opt/airflow/dags/dag_suivi.py
[2026-07-27T10:36:36.398+0000] {processor.py:829} INFO - Processing file /opt/airflow/dags/dag_suivi.py for tasks to queue
[2026-07-27T10:36:36.400+0000] {logging_mixin.py:151} INFO - [2026-07-27T10:36:36.399+0000] {dagbag.py:536} INFO - Filling up the DagBag from /opt/airflow/dags/dag_suivi.py
[2026-07-27T10:36:36.417+0000] {processor.py:839} INFO - DAG(s) dict_keys(['pipeline_ingestion_suivi']) retrieved from /opt/airflow/dags/dag_suivi.py
[2026-07-27T10:36:36.445+0000] {logging_mixin.py:151} INFO - [2026-07-27T10:36:36.444+0000] {dag.py:2941} INFO - Sync 1 DAGs
[2026-07-27T10:36:36.467+0000] {logging_mixin.py:151} INFO - [2026-07-27T10:36:36.467+0000] {dag.py:3722} INFO - Setting next_dagrun for pipeline_ingestion_suivi to 2026-07-27T10:00:00+00:00, run_after=2026-07-27T11:00:00+00:00
[2026-07-27T10:36:36.489+0000] {processor.py:179} INFO - Processing /opt/airflow/dags/dag_suivi.py took 0.095 seconds
[2026-07-27T10:37:06.680+0000] {processor.py:157} INFO - Started process (PID=195) to work on /opt/airflow/dags/dag_suivi.py
[2026-07-27T10:37:06.680+0000] {processor.py:829} INFO - Processing file /opt/airflow/dags/dag_suivi.py for tasks to queue
[2026-07-27T10:37:06.681+0000] {logging_mixin.py:151} INFO - [2026-07-27T10:37:06.681+0000] {dagbag.py:536} INFO - Filling up the DagBag from /opt/airflow/dags/dag_suivi.py
[2026-07-27T10:37:06.701+0000] {processor.py:839} INFO - DAG(s) dict_keys(['pipeline_ingestion_suivi']) retrieved from /opt/airflow/dags/dag_suivi.py
[2026-07-27T10:37:06.724+0000] {logging_mixin.py:151} INFO - [2026-07-27T10:37:06.724+0000] {dag.py:2941} INFO - Sync 1 DAGs
[2026-07-27T10:37:06.742+0000] {logging_mixin.py:151} INFO - [2026-07-27T10:37:06.742+0000] {dag.py:3722} INFO - Setting next_dagrun for pipeline_ingestion_suivi to 2026-07-27T10:00:00+00:00, run_after=2026-07-27T11:00:00+00:00
[2026-07-27T10:37:06.768+0000] {processor.py:179} INFO - Processing /opt/airflow/dags/dag_suivi.py took 0.091 seconds
[2026-07-27T10:37:36.911+0000] {processor.py:157} INFO - Started process (PID=200) to work on /opt/airflow/dags/dag_suivi.py
[2026-07-27T10:37:36.912+0000] {processor.py:829} INFO - Processing file /opt/airflow/dags/dag_suivi.py for tasks to queue
[2026-07-27T10:37:36.913+0000] {logging_mixin.py:151} INFO - [2026-07-27T10:37:36.913+0000] {dagbag.py:536} INFO - Filling up the DagBag from /opt/airflow/dags/dag_suivi.py
[2026-07-27T10:37:36.933+0000] {processor.py:839} INFO - DAG(s) dict_keys(['pipeline_ingestion_suivi']) retrieved from /opt/airflow/dags/dag_suivi.py
[2026-07-27T10:37:36.964+0000] {logging_mixin.py:151} INFO - [2026-07-27T10:37:36.963+0000] {dag.py:2941} INFO - Sync 1 DAGs
[2026-07-27T10:37:36.986+0000] {logging_mixin.py:151} INFO - [2026-07-27T10:37:36.986+0000] {dag.py:3722} INFO - Setting next_dagrun for pipeline_ingestion_suivi to 2026-07-27T10:00:00+00:00, run_after=2026-07-27T11:00:00+00:00
[2026-07-27T10:37:37.004+0000] {processor.py:179} INFO - Processing /opt/airflow/dags/dag_suivi.py took 0.096 seconds
[2026-07-27T10:38:07.240+0000] {processor.py:157} INFO - Started process (PID=205) to work on /opt/airflow/dags/dag_suivi.py
[2026-07-27T10:38:07.240+0000] {processor.py:829} INFO - Processing file /opt/airflow/dags/dag_suivi.py for tasks to queue
[2026-07-27T10:38:07.241+0000] {logging_mixin.py:151} INFO - [2026-07-27T10:38:07.241+0000] {dagbag.py:536} INFO - Filling up the DagBag from /opt/airflow/dags/dag_suivi.py
[2026-07-27T10:38:07.260+0000] {processor.py:839} INFO - DAG(s) dict_keys(['pipeline_ingestion_suivi']) retrieved from /opt/airflow/dags/dag_suivi.py
[2026-07-27T10:38:07.285+0000] {logging_mixin.py:151} INFO - [2026-07-27T10:38:07.284+0000] {dag.py:2941} INFO - Sync 1 DAGs
[2026-07-27T10:38:07.346+0000] {logging_mixin.py:151} INFO - [2026-07-27T10:38:07.346+0000] {dag.py:3722} INFO - Setting next_dagrun for pipeline_ingestion_suivi to 2026-07-27T10:00:00+00:00, run_after=2026-07-27T11:00:00+00:00
[2026-07-27T10:38:07.376+0000] {processor.py:179} INFO - Processing /opt/airflow/dags/dag_suivi.py took 0.138 seconds
[2026-07-27T10:38:37.463+0000] {processor.py:157} INFO - Started process (PID=210) to work on /opt/airflow/dags/dag_suivi.py
[2026-07-27T10:38:37.463+0000] {processor.py:829} INFO - Processing file /opt/airflow/dags/dag_suivi.py for tasks to queue
[2026-07-27T10:38:37.464+0000] {logging_mixin.py:151} INFO - [2026-07-27T10:38:37.464+0000] {dagbag.py:536} INFO - Filling up the DagBag from /opt/airflow/dags/dag_suivi.py
[2026-07-27T10:38:37.483+0000] {processor.py:839} INFO - DAG(s) dict_keys(['pipeline_ingestion_suivi']) retrieved from /opt/airflow/dags/dag_suivi.py
[2026-07-27T10:38:37.508+0000] {logging_mixin.py:151} INFO - [2026-07-27T10:38:37.508+0000] {dag.py:2941} INFO - Sync 1 DAGs
[2026-07-27T10:38:37.527+0000] {logging_mixin.py:151} INFO - [2026-07-27T10:38:37.527+0000] {dag.py:3722} INFO - Setting next_dagrun for pipeline_ingestion_suivi to 2026-07-27T10:00:00+00:00, run_after=2026-07-27T11:00:00+00:00
[2026-07-27T10:38:37.549+0000] {processor.py:179} INFO - Processing /opt/airflow/dags/dag_suivi.py took 0.089 seconds
[2026-07-27T10:39:07.704+0000] {processor.py:157} INFO - Started process (PID=215) to work on /opt/airflow/dags/dag_suivi.py
[2026-07-27T10:39:07.705+0000] {processor.py:829} INFO - Processing file /opt/airflow/dags/dag_suivi.py for tasks to queue
[2026-07-27T10:39:07.706+0000] {logging_mixin.py:151} INFO - [2026-07-27T10:39:07.706+0000] {dagbag.py:536} INFO - Filling up the DagBag from /opt/airflow/dags/dag_suivi.py
[2026-07-27T10:39:07.724+0000] {processor.py:839} INFO - DAG(s) dict_keys(['pipeline_ingestion_suivi']) retrieved from /opt/airflow/dags/dag_suivi.py
[2026-07-27T10:39:07.749+0000] {logging_mixin.py:151} INFO - [2026-07-27T10:39:07.748+0000] {dag.py:2941} INFO - Sync 1 DAGs
[2026-07-27T10:39:07.767+0000] {logging_mixin.py:151} INFO - [2026-07-27T10:39:07.767+0000] {dag.py:3722} INFO - Setting next_dagrun for pipeline_ingestion_suivi to 2026-07-27T10:00:00+00:00, run_after=2026-07-27T11:00:00+00:00
[2026-07-27T10:39:07.786+0000] {processor.py:179} INFO - Processing /opt/airflow/dags/dag_suivi.py took 0.084 seconds
[2026-07-27T10:45:15.436+0000] {processor.py:157} INFO - Started process (PID=169) to work on /opt/airflow/dags/dag_suivi.py
[2026-07-27T10:45:15.437+0000] {processor.py:829} INFO - Processing file /opt/airflow/dags/dag_suivi.py for tasks to queue
[2026-07-27T10:45:15.438+0000] {logging_mixin.py:151} INFO - [2026-07-27T10:45:15.438+0000] {dagbag.py:536} INFO - Filling up the DagBag from /opt/airflow/dags/dag_suivi.py
[2026-07-27T10:45:15.504+0000] {processor.py:839} INFO - DAG(s) dict_keys(['pipeline_ingestion_suivi']) retrieved from /opt/airflow/dags/dag_suivi.py
[2026-07-27T10:45:15.544+0000] {logging_mixin.py:151} INFO - [2026-07-27T10:45:15.543+0000] {dag.py:2941} INFO - Sync 1 DAGs
[2026-07-27T10:45:15.584+0000] {logging_mixin.py:151} INFO - [2026-07-27T10:45:15.583+0000] {dag.py:3722} INFO - Setting next_dagrun for pipeline_ingestion_suivi to 2026-07-27T10:00:00+00:00, run_after=2026-07-27T11:00:00+00:00
[2026-07-27T10:45:15.612+0000] {processor.py:179} INFO - Processing /opt/airflow/dags/dag_suivi.py took 0.181 seconds
[2026-07-27T10:45:45.704+0000] {processor.py:157} INFO - Started process (PID=174) to work on /opt/airflow/dags/dag_suivi.py
[2026-07-27T10:45:45.704+0000] {processor.py:829} INFO - Processing file /opt/airflow/dags/dag_suivi.py for tasks to queue
[2026-07-27T10:45:45.705+0000] {logging_mixin.py:151} INFO - [2026-07-27T10:45:45.705+0000] {dagbag.py:536} INFO - Filling up the DagBag from /opt/airflow/dags/dag_suivi.py
[2026-07-27T10:45:45.727+0000] {processor.py:839} INFO - DAG(s) dict_keys(['pipeline_ingestion_suivi']) retrieved from /opt/airflow/dags/dag_suivi.py
[2026-07-27T10:45:45.752+0000] {logging_mixin.py:151} INFO - [2026-07-27T10:45:45.752+0000] {dag.py:2941} INFO - Sync 1 DAGs
[2026-07-27T10:45:45.771+0000] {logging_mixin.py:151} INFO - [2026-07-27T10:45:45.770+0000] {dag.py:3722} INFO - Setting next_dagrun for pipeline_ingestion_suivi to 2026-07-27T10:00:00+00:00, run_after=2026-07-27T11:00:00+00:00
[2026-07-27T10:45:45.797+0000] {processor.py:179} INFO - Processing /opt/airflow/dags/dag_suivi.py took 0.096 seconds
[2026-07-27T10:46:16.023+0000] {processor.py:157} INFO - Started process (PID=179) to work on /opt/airflow/dags/dag_suivi.py
[2026-07-27T10:46:16.024+0000] {processor.py:829} INFO - Processing file /opt/airflow/dags/dag_suivi.py for tasks to queue
[2026-07-27T10:46:16.025+0000] {logging_mixin.py:151} INFO - [2026-07-27T10:46:16.024+0000] {dagbag.py:536} INFO - Filling up the DagBag from /opt/airflow/dags/dag_suivi.py
[2026-07-27T10:46:16.040+0000] {processor.py:839} INFO - DAG(s) dict_keys(['pipeline_ingestion_suivi']) retrieved from /opt/airflow/dags/dag_suivi.py
[2026-07-27T10:46:16.062+0000] {logging_mixin.py:151} INFO - [2026-07-27T10:46:16.062+0000] {dag.py:2941} INFO - Sync 1 DAGs
[2026-07-27T10:46:16.080+0000] {logging_mixin.py:151} INFO - [2026-07-27T10:46:16.080+0000] {dag.py:3722} INFO - Setting next_dagrun for pipeline_ingestion_suivi to 2026-07-27T10:00:00+00:00, run_after=2026-07-27T11:00:00+00:00
[2026-07-27T10:46:16.099+0000] {processor.py:179} INFO - Processing /opt/airflow/dags/dag_suivi.py took 0.078 seconds
[2026-07-27T10:46:46.287+0000] {processor.py:157} INFO - Started process (PID=184) to work on /opt/airflow/dags/dag_suivi.py
[2026-07-27T10:46:46.288+0000] {processor.py:829} INFO - Processing file /opt/airflow/dags/dag_suivi.py for tasks to queue
[2026-07-27T10:46:46.289+0000] {logging_mixin.py:151} INFO - [2026-07-27T10:46:46.288+0000] {dagbag.py:536} INFO - Filling up the DagBag from /opt/airflow/dags/dag_suivi.py
[2026-07-27T10:46:46.307+0000] {processor.py:839} INFO - DAG(s) dict_keys(['pipeline_ingestion_suivi']) retrieved from /opt/airflow/dags/dag_suivi.py
[2026-07-27T10:46:46.331+0000] {logging_mixin.py:151} INFO - [2026-07-27T10:46:46.331+0000] {dag.py:2941} INFO - Sync 1 DAGs
[2026-07-27T10:46:46.360+0000] {logging_mixin.py:151} INFO - [2026-07-27T10:46:46.360+0000] {dag.py:3722} INFO - Setting next_dagrun for pipeline_ingestion_suivi to 2026-07-27T10:00:00+00:00, run_after=2026-07-27T11:00:00+00:00
[2026-07-27T10:46:46.396+0000] {processor.py:179} INFO - Processing /opt/airflow/dags/dag_suivi.py took 0.112 seconds
[2026-07-27T10:47:16.535+0000] {processor.py:157} INFO - Started process (PID=189) to work on /opt/airflow/dags/dag_suivi.py
[2026-07-27T10:47:16.536+0000] {processor.py:829} INFO - Processing file /opt/airflow/dags/dag_suivi.py for tasks to queue
[2026-07-27T10:47:16.537+0000] {logging_mixin.py:151} INFO - [2026-07-27T10:47:16.537+0000] {dagbag.py:536} INFO - Filling up the DagBag from /opt/airflow/dags/dag_suivi.py
[2026-07-27T10:47:16.554+0000] {processor.py:839} INFO - DAG(s) dict_keys(['pipeline_ingestion_suivi']) retrieved from /opt/airflow/dags/dag_suivi.py
[2026-07-27T10:47:16.576+0000] {logging_mixin.py:151} INFO - [2026-07-27T10:47:16.576+0000] {dag.py:2941} INFO - Sync 1 DAGs
[2026-07-27T10:47:16.595+0000] {logging_mixin.py:151} INFO - [2026-07-27T10:47:16.594+0000] {dag.py:3722} INFO - Setting next_dagrun for pipeline_ingestion_suivi to 2026-07-27T10:00:00+00:00, run_after=2026-07-27T11:00:00+00:00
[2026-07-27T10:47:16.622+0000] {processor.py:179} INFO - Processing /opt/airflow/dags/dag_suivi.py took 0.089 seconds
[2026-07-27T10:47:46.844+0000] {processor.py:157} INFO - Started process (PID=194) to work on /opt/airflow/dags/dag_suivi.py
[2026-07-27T10:47:46.845+0000] {processor.py:829} INFO - Processing file /opt/airflow/dags/dag_suivi.py for tasks to queue
[2026-07-27T10:47:46.845+0000] {logging_mixin.py:151} INFO - [2026-07-27T10:47:46.845+0000] {dagbag.py:536} INFO - Filling up the DagBag from /opt/airflow/dags/dag_suivi.py
[2026-07-27T10:47:46.861+0000] {processor.py:839} INFO - DAG(s) dict_keys(['pipeline_ingestion_suivi']) retrieved from /opt/airflow/dags/dag_suivi.py
[2026-07-27T10:47:46.882+0000] {logging_mixin.py:151} INFO - [2026-07-27T10:47:46.882+0000] {dag.py:2941} INFO - Sync 1 DAGs
[2026-07-27T10:47:46.898+0000] {logging_mixin.py:151} INFO - [2026-07-27T10:47:46.898+0000] {dag.py:3722} INFO - Setting next_dagrun for pipeline_ingestion_suivi to 2026-07-27T10:00:00+00:00, run_after=2026-07-27T11:00:00+00:00
[2026-07-27T10:47:46.925+0000] {processor.py:179} INFO - Processing /opt/airflow/dags/dag_suivi.py took 0.083 seconds
[2026-07-27T10:48:17.108+0000] {processor.py:157} INFO - Started process (PID=199) to work on /opt/airflow/dags/dag_suivi.py
[2026-07-27T10:48:17.109+0000] {processor.py:829} INFO - Processing file /opt/airflow/dags/dag_suivi.py for tasks to queue
[2026-07-27T10:48:17.109+0000] {logging_mixin.py:151} INFO - [2026-07-27T10:48:17.109+0000] {dagbag.py:536} INFO - Filling up the DagBag from /opt/airflow/dags/dag_suivi.py
[2026-07-27T10:48:17.127+0000] {processor.py:839} INFO - DAG(s) dict_keys(['pipeline_ingestion_suivi']) retrieved from /opt/airflow/dags/dag_suivi.py
[2026-07-27T10:48:17.154+0000] {logging_mixin.py:151} INFO - [2026-07-27T10:48:17.154+0000] {dag.py:2941} INFO - Sync 1 DAGs
[2026-07-27T10:48:17.173+0000] {logging_mixin.py:151} INFO - [2026-07-27T10:48:17.173+0000] {dag.py:3722} INFO - Setting next_dagrun for pipeline_ingestion_suivi to 2026-07-27T10:00:00+00:00, run_after=2026-07-27T11:00:00+00:00
[2026-07-27T10:48:17.192+0000] {processor.py:179} INFO - Processing /opt/airflow/dags/dag_suivi.py took 0.086 seconds
[2026-07-27T10:48:47.404+0000] {processor.py:157} INFO - Started process (PID=204) to work on /opt/airflow/dags/dag_suivi.py
[2026-07-27T10:48:47.405+0000] {processor.py:829} INFO - Processing file /opt/airflow/dags/dag_suivi.py for tasks to queue
[2026-07-27T10:48:47.406+0000] {logging_mixin.py:151} INFO - [2026-07-27T10:48:47.406+0000] {dagbag.py:536} INFO - Filling up the DagBag from /opt/airflow/dags/dag_suivi.py
[2026-07-27T10:48:47.422+0000] {processor.py:839} INFO - DAG(s) dict_keys(['pipeline_ingestion_suivi']) retrieved from /opt/airflow/dags/dag_suivi.py
[2026-07-27T10:48:47.447+0000] {logging_mixin.py:151} INFO - [2026-07-27T10:48:47.447+0000] {dag.py:2941} INFO - Sync 1 DAGs
[2026-07-27T10:48:47.465+0000] {logging_mixin.py:151} INFO - [2026-07-27T10:48:47.465+0000] {dag.py:3722} INFO - Setting next_dagrun for pipeline_ingestion_suivi to 2026-07-27T10:00:00+00:00, run_after=2026-07-27T11:00:00+00:00
[2026-07-27T10:48:47.485+0000] {processor.py:179} INFO - Processing /opt/airflow/dags/dag_suivi.py took 0.084 seconds
[2026-07-27T10:49:17.663+0000] {processor.py:157} INFO - Started process (PID=209) to work on /opt/airflow/dags/dag_suivi.py
[2026-07-27T10:49:17.663+0000] {processor.py:829} INFO - Processing file /opt/airflow/dags/dag_suivi.py for tasks to queue
[2026-07-27T10:49:17.664+0000] {logging_mixin.py:151} INFO - [2026-07-27T10:49:17.664+0000] {dagbag.py:536} INFO - Filling up the DagBag from /opt/airflow/dags/dag_suivi.py
[2026-07-27T10:49:17.680+0000] {processor.py:839} INFO - DAG(s) dict_keys(['pipeline_ingestion_suivi']) retrieved from /opt/airflow/dags/dag_suivi.py
[2026-07-27T10:49:17.704+0000] {logging_mixin.py:151} INFO - [2026-07-27T10:49:17.704+0000] {dag.py:2941} INFO - Sync 1 DAGs
[2026-07-27T10:49:17.724+0000] {logging_mixin.py:151} INFO - [2026-07-27T10:49:17.724+0000] {dag.py:3722} INFO - Setting next_dagrun for pipeline_ingestion_suivi to 2026-07-27T10:00:00+00:00, run_after=2026-07-27T11:00:00+00:00
[2026-07-27T10:49:17.743+0000] {processor.py:179} INFO - Processing /opt/airflow/dags/dag_suivi.py took 0.083 seconds
[2026-07-27T10:49:47.934+0000] {processor.py:157} INFO - Started process (PID=214) to work on /opt/airflow/dags/dag_suivi.py
[2026-07-27T10:49:47.935+0000] {processor.py:829} INFO - Processing file /opt/airflow/dags/dag_suivi.py for tasks to queue
[2026-07-27T10:49:47.935+0000] {logging_mixin.py:151} INFO - [2026-07-27T10:49:47.935+0000] {dagbag.py:536} INFO - Filling up the DagBag from /opt/airflow/dags/dag_suivi.py
[2026-07-27T10:49:47.955+0000] {processor.py:839} INFO - DAG(s) dict_keys(['pipeline_ingestion_suivi']) retrieved from /opt/airflow/dags/dag_suivi.py
[2026-07-27T10:49:47.982+0000] {logging_mixin.py:151} INFO - [2026-07-27T10:49:47.981+0000] {dag.py:2941} INFO - Sync 1 DAGs
[2026-07-27T10:49:48.001+0000] {logging_mixin.py:151} INFO - [2026-07-27T10:49:48.001+0000] {dag.py:3722} INFO - Setting next_dagrun for pipeline_ingestion_suivi to 2026-07-27T10:00:00+00:00, run_after=2026-07-27T11:00:00+00:00
[2026-07-27T10:49:48.031+0000] {processor.py:179} INFO - Processing /opt/airflow/dags/dag_suivi.py took 0.099 seconds
[2026-07-27T10:50:18.185+0000] {processor.py:157} INFO - Started process (PID=219) to work on /opt/airflow/dags/dag_suivi.py
[2026-07-27T10:50:18.186+0000] {processor.py:829} INFO - Processing file /opt/airflow/dags/dag_suivi.py for tasks to queue
[2026-07-27T10:50:18.187+0000] {logging_mixin.py:151} INFO - [2026-07-27T10:50:18.187+0000] {dagbag.py:536} INFO - Filling up the DagBag from /opt/airflow/dags/dag_suivi.py
[2026-07-27T10:50:18.205+0000] {processor.py:839} INFO - DAG(s) dict_keys(['pipeline_ingestion_suivi']) retrieved from /opt/airflow/dags/dag_suivi.py
[2026-07-27T10:50:18.230+0000] {logging_mixin.py:151} INFO - [2026-07-27T10:50:18.230+0000] {dag.py:2941} INFO - Sync 1 DAGs
[2026-07-27T10:50:18.249+0000] {logging_mixin.py:151} INFO - [2026-07-27T10:50:18.249+0000] {dag.py:3722} INFO - Setting next_dagrun for pipeline_ingestion_suivi to 2026-07-27T10:00:00+00:00, run_after=2026-07-27T11:00:00+00:00
[2026-07-27T10:50:18.277+0000] {processor.py:179} INFO - Processing /opt/airflow/dags/dag_suivi.py took 0.095 seconds
[2026-07-27T10:50:48.420+0000] {processor.py:157} INFO - Started process (PID=224) to work on /opt/airflow/dags/dag_suivi.py
[2026-07-27T10:50:48.420+0000] {processor.py:829} INFO - Processing file /opt/airflow/dags/dag_suivi.py for tasks to queue
[2026-07-27T10:50:48.421+0000] {logging_mixin.py:151} INFO - [2026-07-27T10:50:48.421+0000] {dagbag.py:536} INFO - Filling up the DagBag from /opt/airflow/dags/dag_suivi.py
[2026-07-27T10:50:48.441+0000] {processor.py:839} INFO - DAG(s) dict_keys(['pipeline_ingestion_suivi']) retrieved from /opt/airflow/dags/dag_suivi.py
[2026-07-27T10:50:48.467+0000] {logging_mixin.py:151} INFO - [2026-07-27T10:50:48.467+0000] {dag.py:2941} INFO - Sync 1 DAGs
[2026-07-27T10:50:48.488+0000] {logging_mixin.py:151} INFO - [2026-07-27T10:50:48.488+0000] {dag.py:3722} INFO - Setting next_dagrun for pipeline_ingestion_suivi to 2026-07-27T10:00:00+00:00, run_after=2026-07-27T11:00:00+00:00
[2026-07-27T10:50:48.516+0000] {processor.py:179} INFO - Processing /opt/airflow/dags/dag_suivi.py took 0.099 seconds
[2026-07-27T10:51:18.628+0000] {processor.py:157} INFO - Started process (PID=229) to work on /opt/airflow/dags/dag_suivi.py
[2026-07-27T10:51:18.629+0000] {processor.py:829} INFO - Processing file /opt/airflow/dags/dag_suivi.py for tasks to queue
[2026-07-27T10:51:18.630+0000] {logging_mixin.py:151} INFO - [2026-07-27T10:51:18.630+0000] {dagbag.py:536} INFO - Filling up the DagBag from /opt/airflow/dags/dag_suivi.py
[2026-07-27T10:51:18.646+0000] {processor.py:839} INFO - DAG(s) dict_keys(['pipeline_ingestion_suivi']) retrieved from /opt/airflow/dags/dag_suivi.py
[2026-07-27T10:51:18.672+0000] {logging_mixin.py:151} INFO - [2026-07-27T10:51:18.672+0000] {dag.py:2941} INFO - Sync 1 DAGs
[2026-07-27T10:51:18.691+0000] {logging_mixin.py:151} INFO - [2026-07-27T10:51:18.690+0000] {dag.py:3722} INFO - Setting next_dagrun for pipeline_ingestion_suivi to 2026-07-27T10:00:00+00:00, run_after=2026-07-27T11:00:00+00:00
[2026-07-27T10:51:18.718+0000] {processor.py:179} INFO - Processing /opt/airflow/dags/dag_suivi.py took 0.093 seconds
[2026-07-27T10:51:48.849+0000] {processor.py:157} INFO - Started process (PID=234) to work on /opt/airflow/dags/dag_suivi.py
[2026-07-27T10:51:48.850+0000] {processor.py:829} INFO - Processing file /opt/airflow/dags/dag_suivi.py for tasks to queue
[2026-07-27T10:51:48.851+0000] {logging_mixin.py:151} INFO - [2026-07-27T10:51:48.851+0000] {dagbag.py:536} INFO - Filling up the DagBag from /opt/airflow/dags/dag_suivi.py
[2026-07-27T10:51:48.867+0000] {processor.py:839} INFO - DAG(s) dict_keys(['pipeline_ingestion_suivi']) retrieved from /opt/airflow/dags/dag_suivi.py
[2026-07-27T10:51:48.891+0000] {logging_mixin.py:151} INFO - [2026-07-27T10:51:48.890+0000] {dag.py:2941} INFO - Sync 1 DAGs
[2026-07-27T10:51:48.909+0000] {logging_mixin.py:151} INFO - [2026-07-27T10:51:48.909+0000] {dag.py:3722} INFO - Setting next_dagrun for pipeline_ingestion_suivi to 2026-07-27T10:00:00+00:00, run_after=2026-07-27T11:00:00+00:00
[2026-07-27T10:51:48.937+0000] {processor.py:179} INFO - Processing /opt/airflow/dags/dag_suivi.py took 0.090 seconds
[2026-07-27T10:52:19.059+0000] {processor.py:157} INFO - Started process (PID=239) to work on /opt/airflow/dags/dag_suivi.py
[2026-07-27T10:52:19.060+0000] {processor.py:829} INFO - Processing file /opt/airflow/dags/dag_suivi.py for tasks to queue
[2026-07-27T10:52:19.061+0000] {logging_mixin.py:151} INFO - [2026-07-27T10:52:19.060+0000] {dagbag.py:536} INFO - Filling up the DagBag from /opt/airflow/dags/dag_suivi.py
[2026-07-27T10:52:19.078+0000] {processor.py:839} INFO - DAG(s) dict_keys(['pipeline_ingestion_suivi']) retrieved from /opt/airflow/dags/dag_suivi.py
[2026-07-27T10:52:19.105+0000] {logging_mixin.py:151} INFO - [2026-07-27T10:52:19.105+0000] {dag.py:2941} INFO - Sync 1 DAGs
[2026-07-27T10:52:19.124+0000] {logging_mixin.py:151} INFO - [2026-07-27T10:52:19.124+0000] {dag.py:3722} INFO - Setting next_dagrun for pipeline_ingestion_suivi to 2026-07-27T10:00:00+00:00, run_after=2026-07-27T11:00:00+00:00
[2026-07-27T10:52:19.142+0000] {processor.py:179} INFO - Processing /opt/airflow/dags/dag_suivi.py took 0.086 seconds
[2026-07-27T10:52:49.280+0000] {processor.py:157} INFO - Started process (PID=244) to work on /opt/airflow/dags/dag_suivi.py
[2026-07-27T10:52:49.281+0000] {processor.py:829} INFO - Processing file /opt/airflow/dags/dag_suivi.py for tasks to queue
[2026-07-27T10:52:49.282+0000] {logging_mixin.py:151} INFO - [2026-07-27T10:52:49.282+0000] {dagbag.py:536} INFO - Filling up the DagBag from /opt/airflow/dags/dag_suivi.py
[2026-07-27T10:52:49.304+0000] {processor.py:839} INFO - DAG(s) dict_keys(['pipeline_ingestion_suivi']) retrieved from /opt/airflow/dags/dag_suivi.py
[2026-07-27T10:52:49.332+0000] {logging_mixin.py:151} INFO - [2026-07-27T10:52:49.332+0000] {dag.py:2941} INFO - Sync 1 DAGs
[2026-07-27T10:52:49.353+0000] {logging_mixin.py:151} INFO - [2026-07-27T10:52:49.353+0000] {dag.py:3722} INFO - Setting next_dagrun for pipeline_ingestion_suivi to 2026-07-27T10:00:00+00:00, run_after=2026-07-27T11:00:00+00:00
[2026-07-27T10:52:49.374+0000] {processor.py:179} INFO - Processing /opt/airflow/dags/dag_suivi.py took 0.096 seconds
[2026-07-27T10:53:19.463+0000] {processor.py:157} INFO - Started process (PID=249) to work on /opt/airflow/dags/dag_suivi.py
[2026-07-27T10:53:19.463+0000] {processor.py:829} INFO - Processing file /opt/airflow/dags/dag_suivi.py for tasks to queue
[2026-07-27T10:53:19.464+0000] {logging_mixin.py:151} INFO - [2026-07-27T10:53:19.464+0000] {dagbag.py:536} INFO - Filling up the DagBag from /opt/airflow/dags/dag_suivi.py
[2026-07-27T10:53:19.483+0000] {processor.py:839} INFO - DAG(s) dict_keys(['pipeline_ingestion_suivi']) retrieved from /opt/airflow/dags/dag_suivi.py
[2026-07-27T10:53:19.509+0000] {logging_mixin.py:151} INFO - [2026-07-27T10:53:19.509+0000] {dag.py:2941} INFO - Sync 1 DAGs
[2026-07-27T10:53:19.528+0000] {logging_mixin.py:151} INFO - [2026-07-27T10:53:19.528+0000] {dag.py:3722} INFO - Setting next_dagrun for pipeline_ingestion_suivi to 2026-07-27T10:00:00+00:00, run_after=2026-07-27T11:00:00+00:00
[2026-07-27T10:53:19.547+0000] {processor.py:179} INFO - Processing /opt/airflow/dags/dag_suivi.py took 0.087 seconds
[2026-07-27T10:53:49.700+0000] {processor.py:157} INFO - Started process (PID=254) to work on /opt/airflow/dags/dag_suivi.py
[2026-07-27T10:53:49.701+0000] {processor.py:829} INFO - Processing file /opt/airflow/dags/dag_suivi.py for tasks to queue
[2026-07-27T10:53:49.702+0000] {logging_mixin.py:151} INFO - [2026-07-27T10:53:49.701+0000] {dagbag.py:536} INFO - Filling up the DagBag from /opt/airflow/dags/dag_suivi.py
[2026-07-27T10:53:49.721+0000] {processor.py:839} INFO - DAG(s) dict_keys(['pipeline_ingestion_suivi']) retrieved from /opt/airflow/dags/dag_suivi.py
[2026-07-27T10:53:49.745+0000] {logging_mixin.py:151} INFO - [2026-07-27T10:53:49.745+0000] {dag.py:2941} INFO - Sync 1 DAGs
[2026-07-27T10:53:49.764+0000] {logging_mixin.py:151} INFO - [2026-07-27T10:53:49.764+0000] {dag.py:3722} INFO - Setting next_dagrun for pipeline_ingestion_suivi to 2026-07-27T10:00:00+00:00, run_after=2026-07-27T11:00:00+00:00
[2026-07-27T10:53:49.783+0000] {processor.py:179} INFO - Processing /opt/airflow/dags/dag_suivi.py took 0.085 seconds
[2026-07-27T10:54:19.898+0000] {processor.py:157} INFO - Started process (PID=259) to work on /opt/airflow/dags/dag_suivi.py
[2026-07-27T10:54:19.899+0000] {processor.py:829} INFO - Processing file /opt/airflow/dags/dag_suivi.py for tasks to queue
[2026-07-27T10:54:19.900+0000] {logging_mixin.py:151} INFO - [2026-07-27T10:54:19.900+0000] {dagbag.py:536} INFO - Filling up the DagBag from /opt/airflow/dags/dag_suivi.py
[2026-07-27T10:54:19.921+0000] {processor.py:839} INFO - DAG(s) dict_keys(['pipeline_ingestion_suivi']) retrieved from /opt/airflow/dags/dag_suivi.py
[2026-07-27T10:54:19.948+0000] {logging_mixin.py:151} INFO - [2026-07-27T10:54:19.948+0000] {dag.py:2941} INFO - Sync 1 DAGs
[2026-07-27T10:54:19.968+0000] {logging_mixin.py:151} INFO - [2026-07-27T10:54:19.967+0000] {dag.py:3722} INFO - Setting next_dagrun for pipeline_ingestion_suivi to 2026-07-27T10:00:00+00:00, run_after=2026-07-27T11:00:00+00:00
[2026-07-27T10:54:19.986+0000] {processor.py:179} INFO - Processing /opt/airflow/dags/dag_suivi.py took 0.091 seconds
[2026-07-27T10:54:50.152+0000] {processor.py:157} INFO - Started process (PID=264) to work on /opt/airflow/dags/dag_suivi.py
[2026-07-27T10:54:50.152+0000] {processor.py:829} INFO - Processing file /opt/airflow/dags/dag_suivi.py for tasks to queue
[2026-07-27T10:54:50.153+0000] {logging_mixin.py:151} INFO - [2026-07-27T10:54:50.153+0000] {dagbag.py:536} INFO - Filling up the DagBag from /opt/airflow/dags/dag_suivi.py
[2026-07-27T10:54:50.170+0000] {processor.py:839} INFO - DAG(s) dict_keys(['pipeline_ingestion_suivi']) retrieved from /opt/airflow/dags/dag_suivi.py
[2026-07-27T10:54:50.196+0000] {logging_mixin.py:151} INFO - [2026-07-27T10:54:50.196+0000] {dag.py:2941} INFO - Sync 1 DAGs
[2026-07-27T10:54:50.214+0000] {logging_mixin.py:151} INFO - [2026-07-27T10:54:50.214+0000] {dag.py:3722} INFO - Setting next_dagrun for pipeline_ingestion_suivi to 2026-07-27T10:00:00+00:00, run_after=2026-07-27T11:00:00+00:00
[2026-07-27T10:54:50.237+0000] {processor.py:179} INFO - Processing /opt/airflow/dags/dag_suivi.py took 0.088 seconds
[2026-07-27T10:55:20.358+0000] {processor.py:157} INFO - Started process (PID=269) to work on /opt/airflow/dags/dag_suivi.py
[2026-07-27T10:55:20.359+0000] {processor.py:829} INFO - Processing file /opt/airflow/dags/dag_suivi.py for tasks to queue
[2026-07-27T10:55:20.360+0000] {logging_mixin.py:151} INFO - [2026-07-27T10:55:20.360+0000] {dagbag.py:536} INFO - Filling up the DagBag from /opt/airflow/dags/dag_suivi.py
[2026-07-27T10:55:20.379+0000] {processor.py:839} INFO - DAG(s) dict_keys(['pipeline_ingestion_suivi']) retrieved from /opt/airflow/dags/dag_suivi.py
[2026-07-27T10:55:20.403+0000] {logging_mixin.py:151} INFO - [2026-07-27T10:55:20.403+0000] {dag.py:2941} INFO - Sync 1 DAGs
[2026-07-27T10:55:20.423+0000] {logging_mixin.py:151} INFO - [2026-07-27T10:55:20.422+0000] {dag.py:3722} INFO - Setting next_dagrun for pipeline_ingestion_suivi to 2026-07-27T10:00:00+00:00, run_after=2026-07-27T11:00:00+00:00
[2026-07-27T10:55:20.442+0000] {processor.py:179} INFO - Processing /opt/airflow/dags/dag_suivi.py took 0.087 seconds
[2026-07-27T10:55:50.554+0000] {processor.py:157} INFO - Started process (PID=274) to work on /opt/airflow/dags/dag_suivi.py
[2026-07-27T10:55:50.555+0000] {processor.py:829} INFO - Processing file /opt/airflow/dags/dag_suivi.py for tasks to queue
[2026-07-27T10:55:50.556+0000] {logging_mixin.py:151} INFO - [2026-07-27T10:55:50.555+0000] {dagbag.py:536} INFO - Filling up the DagBag from /opt/airflow/dags/dag_suivi.py
[2026-07-27T10:55:50.573+0000] {processor.py:839} INFO - DAG(s) dict_keys(['pipeline_ingestion_suivi']) retrieved from /opt/airflow/dags/dag_suivi.py
[2026-07-27T10:55:50.600+0000] {logging_mixin.py:151} INFO - [2026-07-27T10:55:50.600+0000] {dag.py:2941} INFO - Sync 1 DAGs
[2026-07-27T10:55:50.621+0000] {logging_mixin.py:151} INFO - [2026-07-27T10:55:50.620+0000] {dag.py:3722} INFO - Setting next_dagrun for pipeline_ingestion_suivi to 2026-07-27T10:00:00+00:00, run_after=2026-07-27T11:00:00+00:00
[2026-07-27T10:55:50.651+0000] {processor.py:179} INFO - Processing /opt/airflow/dags/dag_suivi.py took 0.099 seconds
[2026-07-27T10:56:20.768+0000] {processor.py:157} INFO - Started process (PID=279) to work on /opt/airflow/dags/dag_suivi.py
[2026-07-27T10:56:20.769+0000] {processor.py:829} INFO - Processing file /opt/airflow/dags/dag_suivi.py for tasks to queue
[2026-07-27T10:56:20.770+0000] {logging_mixin.py:151} INFO - [2026-07-27T10:56:20.770+0000] {dagbag.py:536} INFO - Filling up the DagBag from /opt/airflow/dags/dag_suivi.py
[2026-07-27T10:56:20.790+0000] {processor.py:839} INFO - DAG(s) dict_keys(['pipeline_ingestion_suivi']) retrieved from /opt/airflow/dags/dag_suivi.py
[2026-07-27T10:56:20.815+0000] {logging_mixin.py:151} INFO - [2026-07-27T10:56:20.815+0000] {dag.py:2941} INFO - Sync 1 DAGs
[2026-07-27T10:56:20.837+0000] {logging_mixin.py:151} INFO - [2026-07-27T10:56:20.836+0000] {dag.py:3722} INFO - Setting next_dagrun for pipeline_ingestion_suivi to 2026-07-27T10:00:00+00:00, run_after=2026-07-27T11:00:00+00:00
[2026-07-27T10:56:20.862+0000] {processor.py:179} INFO - Processing /opt/airflow/dags/dag_suivi.py took 0.096 seconds
[2026-07-27T10:56:50.997+0000] {processor.py:157} INFO - Started process (PID=284) to work on /opt/airflow/dags/dag_suivi.py
[2026-07-27T10:56:50.999+0000] {processor.py:829} INFO - Processing file /opt/airflow/dags/dag_suivi.py for tasks to queue
[2026-07-27T10:56:51.000+0000] {logging_mixin.py:151} INFO - [2026-07-27T10:56:50.999+0000] {dagbag.py:536} INFO - Filling up the DagBag from /opt/airflow/dags/dag_suivi.py
[2026-07-27T10:56:51.035+0000] {processor.py:839} INFO - DAG(s) dict_keys(['pipeline_ingestion_suivi']) retrieved from /opt/airflow/dags/dag_suivi.py
[2026-07-27T10:56:51.075+0000] {logging_mixin.py:151} INFO - [2026-07-27T10:56:51.075+0000] {dag.py:2941} INFO - Sync 1 DAGs
[2026-07-27T10:56:51.100+0000] {logging_mixin.py:151} INFO - [2026-07-27T10:56:51.100+0000] {dag.py:3722} INFO - Setting next_dagrun for pipeline_ingestion_suivi to 2026-07-27T10:00:00+00:00, run_after=2026-07-27T11:00:00+00:00
[2026-07-27T10:56:51.120+0000] {processor.py:179} INFO - Processing /opt/airflow/dags/dag_suivi.py took 0.129 seconds
[2026-07-27T10:57:21.202+0000] {processor.py:157} INFO - Started process (PID=289) to work on /opt/airflow/dags/dag_suivi.py
[2026-07-27T10:57:21.203+0000] {processor.py:829} INFO - Processing file /opt/airflow/dags/dag_suivi.py for tasks to queue
[2026-07-27T10:57:21.204+0000] {logging_mixin.py:151} INFO - [2026-07-27T10:57:21.203+0000] {dagbag.py:536} INFO - Filling up the DagBag from /opt/airflow/dags/dag_suivi.py
[2026-07-27T10:57:21.222+0000] {processor.py:839} INFO - DAG(s) dict_keys(['pipeline_ingestion_suivi']) retrieved from /opt/airflow/dags/dag_suivi.py
[2026-07-27T10:57:21.248+0000] {logging_mixin.py:151} INFO - [2026-07-27T10:57:21.247+0000] {dag.py:2941} INFO - Sync 1 DAGs
[2026-07-27T10:57:21.268+0000] {logging_mixin.py:151} INFO - [2026-07-27T10:57:21.268+0000] {dag.py:3722} INFO - Setting next_dagrun for pipeline_ingestion_suivi to 2026-07-27T10:00:00+00:00, run_after=2026-07-27T11:00:00+00:00
[2026-07-27T10:57:21.287+0000] {processor.py:179} INFO - Processing /opt/airflow/dags/dag_suivi.py took 0.088 seconds
[2026-07-27T10:57:51.449+0000] {processor.py:157} INFO - Started process (PID=294) to work on /opt/airflow/dags/dag_suivi.py
[2026-07-27T10:57:51.450+0000] {processor.py:829} INFO - Processing file /opt/airflow/dags/dag_suivi.py for tasks to queue
[2026-07-27T10:57:51.451+0000] {logging_mixin.py:151} INFO - [2026-07-27T10:57:51.451+0000] {dagbag.py:536} INFO - Filling up the DagBag from /opt/airflow/dags/dag_suivi.py
[2026-07-27T10:57:51.472+0000] {processor.py:839} INFO - DAG(s) dict_keys(['pipeline_ingestion_suivi']) retrieved from /opt/airflow/dags/dag_suivi.py
[2026-07-27T10:57:51.497+0000] {logging_mixin.py:151} INFO - [2026-07-27T10:57:51.497+0000] {dag.py:2941} INFO - Sync 1 DAGs
[2026-07-27T10:57:51.519+0000] {logging_mixin.py:151} INFO - [2026-07-27T10:57:51.519+0000] {dag.py:3722} INFO - Setting next_dagrun for pipeline_ingestion_suivi to 2026-07-27T10:00:00+00:00, run_after=2026-07-27T11:00:00+00:00
[2026-07-27T10:57:51.547+0000] {processor.py:179} INFO - Processing /opt/airflow/dags/dag_suivi.py took 0.100 seconds
[2026-07-27T10:58:21.626+0000] {processor.py:157} INFO - Started process (PID=299) to work on /opt/airflow/dags/dag_suivi.py
[2026-07-27T10:58:21.627+0000] {processor.py:829} INFO - Processing file /opt/airflow/dags/dag_suivi.py for tasks to queue
[2026-07-27T10:58:21.627+0000] {logging_mixin.py:151} INFO - [2026-07-27T10:58:21.627+0000] {dagbag.py:536} INFO - Filling up the DagBag from /opt/airflow/dags/dag_suivi.py
[2026-07-27T10:58:21.646+0000] {processor.py:839} INFO - DAG(s) dict_keys(['pipeline_ingestion_suivi']) retrieved from /opt/airflow/dags/dag_suivi.py
[2026-07-27T10:58:21.673+0000] {logging_mixin.py:151} INFO - [2026-07-27T10:58:21.673+0000] {dag.py:2941} INFO - Sync 1 DAGs
[2026-07-27T10:58:21.694+0000] {logging_mixin.py:151} INFO - [2026-07-27T10:58:21.694+0000] {dag.py:3722} INFO - Setting next_dagrun for pipeline_ingestion_suivi to 2026-07-27T10:00:00+00:00, run_after=2026-07-27T11:00:00+00:00
[2026-07-27T10:58:21.715+0000] {processor.py:179} INFO - Processing /opt/airflow/dags/dag_suivi.py took 0.092 seconds
[2026-07-27T10:58:51.862+0000] {processor.py:157} INFO - Started process (PID=304) to work on /opt/airflow/dags/dag_suivi.py
[2026-07-27T10:58:51.863+0000] {processor.py:829} INFO - Processing file /opt/airflow/dags/dag_suivi.py for tasks to queue
[2026-07-27T10:58:51.864+0000] {logging_mixin.py:151} INFO - [2026-07-27T10:58:51.864+0000] {dagbag.py:536} INFO - Filling up the DagBag from /opt/airflow/dags/dag_suivi.py
[2026-07-27T10:58:51.881+0000] {processor.py:839} INFO - DAG(s) dict_keys(['pipeline_ingestion_suivi']) retrieved from /opt/airflow/dags/dag_suivi.py
[2026-07-27T10:58:51.908+0000] {logging_mixin.py:151} INFO - [2026-07-27T10:58:51.907+0000] {dag.py:2941} INFO - Sync 1 DAGs
[2026-07-27T10:58:51.929+0000] {logging_mixin.py:151} INFO - [2026-07-27T10:58:51.928+0000] {dag.py:3722} INFO - Setting next_dagrun for pipeline_ingestion_suivi to 2026-07-27T10:00:00+00:00, run_after=2026-07-27T11:00:00+00:00
[2026-07-27T10:58:51.957+0000] {processor.py:179} INFO - Processing /opt/airflow/dags/dag_suivi.py took 0.096 seconds
[2026-07-27T10:59:22.040+0000] {processor.py:157} INFO - Started process (PID=309) to work on /opt/airflow/dags/dag_suivi.py
[2026-07-27T10:59:22.041+0000] {processor.py:829} INFO - Processing file /opt/airflow/dags/dag_suivi.py for tasks to queue
[2026-07-27T10:59:22.042+0000] {logging_mixin.py:151} INFO - [2026-07-27T10:59:22.042+0000] {dagbag.py:536} INFO - Filling up the DagBag from /opt/airflow/dags/dag_suivi.py
[2026-07-27T10:59:22.061+0000] {processor.py:839} INFO - DAG(s) dict_keys(['pipeline_ingestion_suivi']) retrieved from /opt/airflow/dags/dag_suivi.py
[2026-07-27T10:59:22.089+0000] {logging_mixin.py:151} INFO - [2026-07-27T10:59:22.088+0000] {dag.py:2941} INFO - Sync 1 DAGs
[2026-07-27T10:59:22.111+0000] {logging_mixin.py:151} INFO - [2026-07-27T10:59:22.111+0000] {dag.py:3722} INFO - Setting next_dagrun for pipeline_ingestion_suivi to 2026-07-27T10:00:00+00:00, run_after=2026-07-27T11:00:00+00:00
[2026-07-27T10:59:22.135+0000] {processor.py:179} INFO - Processing /opt/airflow/dags/dag_suivi.py took 0.098 seconds
[2026-07-27T10:59:52.283+0000] {processor.py:157} INFO - Started process (PID=314) to work on /opt/airflow/dags/dag_suivi.py
[2026-07-27T10:59:52.284+0000] {processor.py:829} INFO - Processing file /opt/airflow/dags/dag_suivi.py for tasks to queue
[2026-07-27T10:59:52.285+0000] {logging_mixin.py:151} INFO - [2026-07-27T10:59:52.285+0000] {dagbag.py:536} INFO - Filling up the DagBag from /opt/airflow/dags/dag_suivi.py
[2026-07-27T10:59:52.305+0000] {processor.py:839} INFO - DAG(s) dict_keys(['pipeline_ingestion_suivi']) retrieved from /opt/airflow/dags/dag_suivi.py
[2026-07-27T10:59:52.332+0000] {logging_mixin.py:151} INFO - [2026-07-27T10:59:52.332+0000] {dag.py:2941} INFO - Sync 1 DAGs
[2026-07-27T10:59:52.353+0000] {logging_mixin.py:151} INFO - [2026-07-27T10:59:52.353+0000] {dag.py:3722} INFO - Setting next_dagrun for pipeline_ingestion_suivi to 2026-07-27T10:00:00+00:00, run_after=2026-07-27T11:00:00+00:00
[2026-07-27T10:59:52.384+0000] {processor.py:179} INFO - Processing /opt/airflow/dags/dag_suivi.py took 0.104 seconds
[2026-07-27T11:00:22.505+0000] {processor.py:157} INFO - Started process (PID=321) to work on /opt/airflow/dags/dag_suivi.py
[2026-07-27T11:00:22.505+0000] {processor.py:829} INFO - Processing file /opt/airflow/dags/dag_suivi.py for tasks to queue
[2026-07-27T11:00:22.506+0000] {logging_mixin.py:151} INFO - [2026-07-27T11:00:22.506+0000] {dagbag.py:536} INFO - Filling up the DagBag from /opt/airflow/dags/dag_suivi.py
[2026-07-27T11:00:22.525+0000] {processor.py:839} INFO - DAG(s) dict_keys(['pipeline_ingestion_suivi']) retrieved from /opt/airflow/dags/dag_suivi.py
[2026-07-27T11:00:22.548+0000] {logging_mixin.py:151} INFO - [2026-07-27T11:00:22.548+0000] {dag.py:2941} INFO - Sync 1 DAGs
[2026-07-27T11:00:22.566+0000] {logging_mixin.py:151} INFO - [2026-07-27T11:00:22.566+0000] {dag.py:3722} INFO - Setting next_dagrun for pipeline_ingestion_suivi to 2026-07-27T11:00:00+00:00, run_after=2026-07-27T12:00:00+00:00
[2026-07-27T11:00:22.593+0000] {processor.py:179} INFO - Processing /opt/airflow/dags/dag_suivi.py took 0.092 seconds
[2026-07-27T11:00:52.749+0000] {processor.py:157} INFO - Started process (PID=326) to work on /opt/airflow/dags/dag_suivi.py
[2026-07-27T11:00:52.750+0000] {processor.py:829} INFO - Processing file /opt/airflow/dags/dag_suivi.py for tasks to queue
[2026-07-27T11:00:52.751+0000] {logging_mixin.py:151} INFO - [2026-07-27T11:00:52.750+0000] {dagbag.py:536} INFO - Filling up the DagBag from /opt/airflow/dags/dag_suivi.py
[2026-07-27T11:00:52.769+0000] {processor.py:839} INFO - DAG(s) dict_keys(['pipeline_ingestion_suivi']) retrieved from /opt/airflow/dags/dag_suivi.py
[2026-07-27T11:00:52.795+0000] {logging_mixin.py:151} INFO - [2026-07-27T11:00:52.795+0000] {dag.py:2941} INFO - Sync 1 DAGs
[2026-07-27T11:00:52.815+0000] {logging_mixin.py:151} INFO - [2026-07-27T11:00:52.814+0000] {dag.py:3722} INFO - Setting next_dagrun for pipeline_ingestion_suivi to 2026-07-27T11:00:00+00:00, run_after=2026-07-27T12:00:00+00:00
[2026-07-27T11:00:52.842+0000] {processor.py:179} INFO - Processing /opt/airflow/dags/dag_suivi.py took 0.096 seconds
[2026-07-27T11:01:22.954+0000] {processor.py:157} INFO - Started process (PID=331) to work on /opt/airflow/dags/dag_suivi.py
[2026-07-27T11:01:22.954+0000] {processor.py:829} INFO - Processing file /opt/airflow/dags/dag_suivi.py for tasks to queue
[2026-07-27T11:01:22.955+0000] {logging_mixin.py:151} INFO - [2026-07-27T11:01:22.955+0000] {dagbag.py:536} INFO - Filling up the DagBag from /opt/airflow/dags/dag_suivi.py
[2026-07-27T11:01:22.971+0000] {processor.py:839} INFO - DAG(s) dict_keys(['pipeline_ingestion_suivi']) retrieved from /opt/airflow/dags/dag_suivi.py
[2026-07-27T11:01:22.999+0000] {logging_mixin.py:151} INFO - [2026-07-27T11:01:22.998+0000] {dag.py:2941} INFO - Sync 1 DAGs
[2026-07-27T11:01:23.016+0000] {logging_mixin.py:151} INFO - [2026-07-27T11:01:23.016+0000] {dag.py:3722} INFO - Setting next_dagrun for pipeline_ingestion_suivi to 2026-07-27T11:00:00+00:00, run_after=2026-07-27T12:00:00+00:00
[2026-07-27T11:01:23.036+0000] {processor.py:179} INFO - Processing /opt/airflow/dags/dag_suivi.py took 0.085 seconds
[2026-07-27T11:01:53.259+0000] {processor.py:157} INFO - Started process (PID=336) to work on /opt/airflow/dags/dag_suivi.py
[2026-07-27T11:01:53.260+0000] {processor.py:829} INFO - Processing file /opt/airflow/dags/dag_suivi.py for tasks to queue
[2026-07-27T11:01:53.261+0000] {logging_mixin.py:151} INFO - [2026-07-27T11:01:53.261+0000] {dagbag.py:536} INFO - Filling up the DagBag from /opt/airflow/dags/dag_suivi.py
[2026-07-27T11:01:53.279+0000] {processor.py:839} INFO - DAG(s) dict_keys(['pipeline_ingestion_suivi']) retrieved from /opt/airflow/dags/dag_suivi.py
[2026-07-27T11:01:53.306+0000] {logging_mixin.py:151} INFO - [2026-07-27T11:01:53.306+0000] {dag.py:2941} INFO - Sync 1 DAGs
[2026-07-27T11:01:53.328+0000] {logging_mixin.py:151} INFO - [2026-07-27T11:01:53.328+0000] {dag.py:3722} INFO - Setting next_dagrun for pipeline_ingestion_suivi to 2026-07-27T11:00:00+00:00, run_after=2026-07-27T12:00:00+00:00
[2026-07-27T11:01:53.348+0000] {processor.py:179} INFO - Processing /opt/airflow/dags/dag_suivi.py took 0.091 seconds
[2026-07-27T12:01:21.802+0000] {processor.py:157} INFO - Started process (PID=169) to work on /opt/airflow/dags/dag_suivi.py
[2026-07-27T12:01:21.804+0000] {processor.py:829} INFO - Processing file /opt/airflow/dags/dag_suivi.py for tasks to queue
[2026-07-27T12:01:21.806+0000] {logging_mixin.py:151} INFO - [2026-07-27T12:01:21.805+0000] {dagbag.py:536} INFO - Filling up the DagBag from /opt/airflow/dags/dag_suivi.py
[2026-07-27T12:01:21.844+0000] {processor.py:839} INFO - DAG(s) dict_keys(['pipeline_ingestion_suivi']) retrieved from /opt/airflow/dags/dag_suivi.py
[2026-07-27T12:01:21.894+0000] {logging_mixin.py:151} INFO - [2026-07-27T12:01:21.893+0000] {dag.py:2941} INFO - Sync 1 DAGs
[2026-07-27T12:01:21.954+0000] {logging_mixin.py:151} INFO - [2026-07-27T12:01:21.954+0000] {dag.py:3722} INFO - Setting next_dagrun for pipeline_ingestion_suivi to 2026-07-27T12:00:00+00:00, run_after=2026-07-27T13:00:00+00:00
[2026-07-27T12:01:22.011+0000] {processor.py:179} INFO - Processing /opt/airflow/dags/dag_suivi.py took 0.217 seconds
[2026-07-27T12:01:52.236+0000] {processor.py:157} INFO - Started process (PID=176) to work on /opt/airflow/dags/dag_suivi.py
[2026-07-27T12:01:52.236+0000] {processor.py:829} INFO - Processing file /opt/airflow/dags/dag_suivi.py for tasks to queue
[2026-07-27T12:01:52.237+0000] {logging_mixin.py:151} INFO - [2026-07-27T12:01:52.237+0000] {dagbag.py:536} INFO - Filling up the DagBag from /opt/airflow/dags/dag_suivi.py
[2026-07-27T12:01:52.260+0000] {processor.py:839} INFO - DAG(s) dict_keys(['pipeline_ingestion_suivi']) retrieved from /opt/airflow/dags/dag_suivi.py
[2026-07-27T12:01:52.286+0000] {logging_mixin.py:151} INFO - [2026-07-27T12:01:52.286+0000] {dag.py:2941} INFO - Sync 1 DAGs
[2026-07-27T12:01:52.306+0000] {logging_mixin.py:151} INFO - [2026-07-27T12:01:52.306+0000] {dag.py:3722} INFO - Setting next_dagrun for pipeline_ingestion_suivi to 2026-07-27T12:00:00+00:00, run_after=2026-07-27T13:00:00+00:00
[2026-07-27T12:01:52.336+0000] {processor.py:179} INFO - Processing /opt/airflow/dags/dag_suivi.py took 0.104 seconds
[2026-07-27T12:02:22.452+0000] {processor.py:157} INFO - Started process (PID=181) to work on /opt/airflow/dags/dag_suivi.py
[2026-07-27T12:02:22.453+0000] {processor.py:829} INFO - Processing file /opt/airflow/dags/dag_suivi.py for tasks to queue
[2026-07-27T12:02:22.454+0000] {logging_mixin.py:151} INFO - [2026-07-27T12:02:22.453+0000] {dagbag.py:536} INFO - Filling up the DagBag from /opt/airflow/dags/dag_suivi.py
[2026-07-27T12:02:22.472+0000] {processor.py:839} INFO - DAG(s) dict_keys(['pipeline_ingestion_suivi']) retrieved from /opt/airflow/dags/dag_suivi.py
[2026-07-27T12:02:22.497+0000] {logging_mixin.py:151} INFO - [2026-07-27T12:02:22.497+0000] {dag.py:2941} INFO - Sync 1 DAGs
[2026-07-27T12:02:22.515+0000] {logging_mixin.py:151} INFO - [2026-07-27T12:02:22.515+0000] {dag.py:3722} INFO - Setting next_dagrun for pipeline_ingestion_suivi to 2026-07-27T12:00:00+00:00, run_after=2026-07-27T13:00:00+00:00
[2026-07-27T12:02:22.543+0000] {processor.py:179} INFO - Processing /opt/airflow/dags/dag_suivi.py took 0.093 seconds
[2026-07-27T12:02:52.768+0000] {processor.py:157} INFO - Started process (PID=186) to work on /opt/airflow/dags/dag_suivi.py
[2026-07-27T12:02:52.769+0000] {processor.py:829} INFO - Processing file /opt/airflow/dags/dag_suivi.py for tasks to queue
[2026-07-27T12:02:52.770+0000] {logging_mixin.py:151} INFO - [2026-07-27T12:02:52.770+0000] {dagbag.py:536} INFO - Filling up the DagBag from /opt/airflow/dags/dag_suivi.py
[2026-07-27T12:02:52.794+0000] {processor.py:839} INFO - DAG(s) dict_keys(['pipeline_ingestion_suivi']) retrieved from /opt/airflow/dags/dag_suivi.py
[2026-07-27T12:02:52.821+0000] {logging_mixin.py:151} INFO - [2026-07-27T12:02:52.821+0000] {dag.py:2941} INFO - Sync 1 DAGs
[2026-07-27T12:02:52.840+0000] {logging_mixin.py:151} INFO - [2026-07-27T12:02:52.839+0000] {dag.py:3722} INFO - Setting next_dagrun for pipeline_ingestion_suivi to 2026-07-27T12:00:00+00:00, run_after=2026-07-27T13:00:00+00:00
[2026-07-27T12:02:52.862+0000] {processor.py:179} INFO - Processing /opt/airflow/dags/dag_suivi.py took 0.096 seconds
[2026-07-27T12:03:22.979+0000] {processor.py:157} INFO - Started process (PID=191) to work on /opt/airflow/dags/dag_suivi.py
[2026-07-27T12:03:22.980+0000] {processor.py:829} INFO - Processing file /opt/airflow/dags/dag_suivi.py for tasks to queue
[2026-07-27T12:03:22.981+0000] {logging_mixin.py:151} INFO - [2026-07-27T12:03:22.981+0000] {dagbag.py:536} INFO - Filling up the DagBag from /opt/airflow/dags/dag_suivi.py
[2026-07-27T12:03:23.001+0000] {processor.py:839} INFO - DAG(s) dict_keys(['pipeline_ingestion_suivi']) retrieved from /opt/airflow/dags/dag_suivi.py
[2026-07-27T12:03:23.028+0000] {logging_mixin.py:151} INFO - [2026-07-27T12:03:23.027+0000] {dag.py:2941} INFO - Sync 1 DAGs
[2026-07-27T12:03:23.051+0000] {logging_mixin.py:151} INFO - [2026-07-27T12:03:23.051+0000] {dag.py:3722} INFO - Setting next_dagrun for pipeline_ingestion_suivi to 2026-07-27T12:00:00+00:00, run_after=2026-07-27T13:00:00+00:00
[2026-07-27T12:03:23.079+0000] {processor.py:179} INFO - Processing /opt/airflow/dags/dag_suivi.py took 0.102 seconds
[2026-07-27T12:03:53.256+0000] {processor.py:157} INFO - Started process (PID=196) to work on /opt/airflow/dags/dag_suivi.py
[2026-07-27T12:03:53.257+0000] {processor.py:829} INFO - Processing file /opt/airflow/dags/dag_suivi.py for tasks to queue
[2026-07-27T12:03:53.258+0000] {logging_mixin.py:151} INFO - [2026-07-27T12:03:53.257+0000] {dagbag.py:536} INFO - Filling up the DagBag from /opt/airflow/dags/dag_suivi.py
[2026-07-27T12:03:53.276+0000] {processor.py:839} INFO - DAG(s) dict_keys(['pipeline_ingestion_suivi']) retrieved from /opt/airflow/dags/dag_suivi.py
[2026-07-27T12:03:53.299+0000] {logging_mixin.py:151} INFO - [2026-07-27T12:03:53.299+0000] {dag.py:2941} INFO - Sync 1 DAGs
[2026-07-27T12:03:53.317+0000] {logging_mixin.py:151} INFO - [2026-07-27T12:03:53.317+0000] {dag.py:3722} INFO - Setting next_dagrun for pipeline_ingestion_suivi to 2026-07-27T12:00:00+00:00, run_after=2026-07-27T13:00:00+00:00
[2026-07-27T12:03:53.345+0000] {processor.py:179} INFO - Processing /opt/airflow/dags/dag_suivi.py took 0.092 seconds
[2026-07-27T12:04:23.493+0000] {processor.py:157} INFO - Started process (PID=201) to work on /opt/airflow/dags/dag_suivi.py
[2026-07-27T12:04:23.494+0000] {processor.py:829} INFO - Processing file /opt/airflow/dags/dag_suivi.py for tasks to queue
[2026-07-27T12:04:23.495+0000] {logging_mixin.py:151} INFO - [2026-07-27T12:04:23.495+0000] {dagbag.py:536} INFO - Filling up the DagBag from /opt/airflow/dags/dag_suivi.py
[2026-07-27T12:04:23.513+0000] {processor.py:839} INFO - DAG(s) dict_keys(['pipeline_ingestion_suivi']) retrieved from /opt/airflow/dags/dag_suivi.py
[2026-07-27T12:04:23.539+0000] {logging_mixin.py:151} INFO - [2026-07-27T12:04:23.538+0000] {dag.py:2941} INFO - Sync 1 DAGs
[2026-07-27T12:04:23.557+0000] {logging_mixin.py:151} INFO - [2026-07-27T12:04:23.557+0000] {dag.py:3722} INFO - Setting next_dagrun for pipeline_ingestion_suivi to 2026-07-27T12:00:00+00:00, run_after=2026-07-27T13:00:00+00:00
[2026-07-27T12:04:23.586+0000] {processor.py:179} INFO - Processing /opt/airflow/dags/dag_suivi.py took 0.095 seconds
[2026-07-27T12:04:53.788+0000] {processor.py:157} INFO - Started process (PID=206) to work on /opt/airflow/dags/dag_suivi.py
[2026-07-27T12:04:53.789+0000] {processor.py:829} INFO - Processing file /opt/airflow/dags/dag_suivi.py for tasks to queue
[2026-07-27T12:04:53.790+0000] {logging_mixin.py:151} INFO - [2026-07-27T12:04:53.790+0000] {dagbag.py:536} INFO - Filling up the DagBag from /opt/airflow/dags/dag_suivi.py
[2026-07-27T12:04:53.808+0000] {processor.py:839} INFO - DAG(s) dict_keys(['pipeline_ingestion_suivi']) retrieved from /opt/airflow/dags/dag_suivi.py
[2026-07-27T12:04:53.831+0000] {logging_mixin.py:151} INFO - [2026-07-27T12:04:53.831+0000] {dag.py:2941} INFO - Sync 1 DAGs
[2026-07-27T12:04:53.850+0000] {logging_mixin.py:151} INFO - [2026-07-27T12:04:53.849+0000] {dag.py:3722} INFO - Setting next_dagrun for pipeline_ingestion_suivi to 2026-07-27T12:00:00+00:00, run_after=2026-07-27T13:00:00+00:00
[2026-07-27T12:04:53.878+0000] {processor.py:179} INFO - Processing /opt/airflow/dags/dag_suivi.py took 0.093 seconds
[2026-07-27T12:05:23.988+0000] {processor.py:157} INFO - Started process (PID=211) to work on /opt/airflow/dags/dag_suivi.py
[2026-07-27T12:05:23.989+0000] {processor.py:829} INFO - Processing file /opt/airflow/dags/dag_suivi.py for tasks to queue
[2026-07-27T12:05:23.990+0000] {logging_mixin.py:151} INFO - [2026-07-27T12:05:23.990+0000] {dagbag.py:536} INFO - Filling up the DagBag from /opt/airflow/dags/dag_suivi.py
[2026-07-27T12:05:24.011+0000] {processor.py:839} INFO - DAG(s) dict_keys(['pipeline_ingestion_suivi']) retrieved from /opt/airflow/dags/dag_suivi.py
[2026-07-27T12:05:24.037+0000] {logging_mixin.py:151} INFO - [2026-07-27T12:05:24.037+0000] {dag.py:2941} INFO - Sync 1 DAGs
[2026-07-27T12:05:24.058+0000] {logging_mixin.py:151} INFO - [2026-07-27T12:05:24.058+0000] {dag.py:3722} INFO - Setting next_dagrun for pipeline_ingestion_suivi to 2026-07-27T12:00:00+00:00, run_after=2026-07-27T13:00:00+00:00
[2026-07-27T12:05:24.086+0000] {processor.py:179} INFO - Processing /opt/airflow/dags/dag_suivi.py took 0.101 seconds
[2026-07-27T12:05:54.248+0000] {processor.py:157} INFO - Started process (PID=216) to work on /opt/airflow/dags/dag_suivi.py
[2026-07-27T12:05:54.249+0000] {processor.py:829} INFO - Processing file /opt/airflow/dags/dag_suivi.py for tasks to queue
[2026-07-27T12:05:54.249+0000] {logging_mixin.py:151} INFO - [2026-07-27T12:05:54.249+0000] {dagbag.py:536} INFO - Filling up the DagBag from /opt/airflow/dags/dag_suivi.py
[2026-07-27T12:05:54.267+0000] {processor.py:839} INFO - DAG(s) dict_keys(['pipeline_ingestion_suivi']) retrieved from /opt/airflow/dags/dag_suivi.py
[2026-07-27T12:05:54.292+0000] {logging_mixin.py:151} INFO - [2026-07-27T12:05:54.292+0000] {dag.py:2941} INFO - Sync 1 DAGs
[2026-07-27T12:05:54.313+0000] {logging_mixin.py:151} INFO - [2026-07-27T12:05:54.313+0000] {dag.py:3722} INFO - Setting next_dagrun for pipeline_ingestion_suivi to 2026-07-27T12:00:00+00:00, run_after=2026-07-27T13:00:00+00:00
[2026-07-27T12:05:54.340+0000] {processor.py:179} INFO - Processing /opt/airflow/dags/dag_suivi.py took 0.094 seconds
[2026-07-27T12:06:24.501+0000] {processor.py:157} INFO - Started process (PID=221) to work on /opt/airflow/dags/dag_suivi.py
[2026-07-27T12:06:24.502+0000] {processor.py:829} INFO - Processing file /opt/airflow/dags/dag_suivi.py for tasks to queue
[2026-07-27T12:06:24.502+0000] {logging_mixin.py:151} INFO - [2026-07-27T12:06:24.502+0000] {dagbag.py:536} INFO - Filling up the DagBag from /opt/airflow/dags/dag_suivi.py
[2026-07-27T12:06:24.520+0000] {processor.py:839} INFO - DAG(s) dict_keys(['pipeline_ingestion_suivi']) retrieved from /opt/airflow/dags/dag_suivi.py
[2026-07-27T12:06:24.547+0000] {logging_mixin.py:151} INFO - [2026-07-27T12:06:24.547+0000] {dag.py:2941} INFO - Sync 1 DAGs
[2026-07-27T12:06:24.566+0000] {logging_mixin.py:151} INFO - [2026-07-27T12:06:24.566+0000] {dag.py:3722} INFO - Setting next_dagrun for pipeline_ingestion_suivi to 2026-07-27T12:00:00+00:00, run_after=2026-07-27T13:00:00+00:00
[2026-07-27T12:06:24.583+0000] {processor.py:179} INFO - Processing /opt/airflow/dags/dag_suivi.py took 0.085 seconds
[2026-07-27T12:06:54.787+0000] {processor.py:157} INFO - Started process (PID=226) to work on /opt/airflow/dags/dag_suivi.py
[2026-07-27T12:06:54.787+0000] {processor.py:829} INFO - Processing file /opt/airflow/dags/dag_suivi.py for tasks to queue
[2026-07-27T12:06:54.788+0000] {logging_mixin.py:151} INFO - [2026-07-27T12:06:54.788+0000] {dagbag.py:536} INFO - Filling up the DagBag from /opt/airflow/dags/dag_suivi.py
[2026-07-27T12:06:54.805+0000] {processor.py:839} INFO - DAG(s) dict_keys(['pipeline_ingestion_suivi']) retrieved from /opt/airflow/dags/dag_suivi.py
[2026-07-27T12:06:54.830+0000] {logging_mixin.py:151} INFO - [2026-07-27T12:06:54.829+0000] {dag.py:2941} INFO - Sync 1 DAGs
[2026-07-27T12:06:54.852+0000] {logging_mixin.py:151} INFO - [2026-07-27T12:06:54.851+0000] {dag.py:3722} INFO - Setting next_dagrun for pipeline_ingestion_suivi to 2026-07-27T12:00:00+00:00, run_after=2026-07-27T13:00:00+00:00
[2026-07-27T12:06:54.881+0000] {processor.py:179} INFO - Processing /opt/airflow/dags/dag_suivi.py took 0.096 seconds
[2026-07-27T12:07:25.006+0000] {processor.py:157} INFO - Started process (PID=231) to work on /opt/airflow/dags/dag_suivi.py
[2026-07-27T12:07:25.007+0000] {processor.py:829} INFO - Processing file /opt/airflow/dags/dag_suivi.py for tasks to queue
[2026-07-27T12:07:25.009+0000] {logging_mixin.py:151} INFO - [2026-07-27T12:07:25.008+0000] {dagbag.py:536} INFO - Filling up the DagBag from /opt/airflow/dags/dag_suivi.py
[2026-07-27T12:07:25.061+0000] {processor.py:839} INFO - DAG(s) dict_keys(['pipeline_ingestion_suivi']) retrieved from /opt/airflow/dags/dag_suivi.py
[2026-07-27T12:07:25.111+0000] {logging_mixin.py:151} INFO - [2026-07-27T12:07:25.111+0000] {dag.py:2941} INFO - Sync 1 DAGs
[2026-07-27T12:07:25.144+0000] {logging_mixin.py:151} INFO - [2026-07-27T12:07:25.143+0000] {dag.py:3722} INFO - Setting next_dagrun for pipeline_ingestion_suivi to 2026-07-27T12:00:00+00:00, run_after=2026-07-27T13:00:00+00:00
[2026-07-27T12:07:25.169+0000] {processor.py:179} INFO - Processing /opt/airflow/dags/dag_suivi.py took 0.167 seconds
[2026-07-27T12:07:55.237+0000] {processor.py:157} INFO - Started process (PID=236) to work on /opt/airflow/dags/dag_suivi.py
[2026-07-27T12:07:55.237+0000] {processor.py:829} INFO - Processing file /opt/airflow/dags/dag_suivi.py for tasks to queue
[2026-07-27T12:07:55.238+0000] {logging_mixin.py:151} INFO - [2026-07-27T12:07:55.238+0000] {dagbag.py:536} INFO - Filling up the DagBag from /opt/airflow/dags/dag_suivi.py
[2026-07-27T12:07:55.254+0000] {processor.py:839} INFO - DAG(s) dict_keys(['pipeline_ingestion_suivi']) retrieved from /opt/airflow/dags/dag_suivi.py
[2026-07-27T12:07:55.281+0000] {logging_mixin.py:151} INFO - [2026-07-27T12:07:55.281+0000] {dag.py:2941} INFO - Sync 1 DAGs
[2026-07-27T12:07:55.301+0000] {logging_mixin.py:151} INFO - [2026-07-27T12:07:55.301+0000] {dag.py:3722} INFO - Setting next_dagrun for pipeline_ingestion_suivi to 2026-07-27T12:00:00+00:00, run_after=2026-07-27T13:00:00+00:00
[2026-07-27T12:07:55.320+0000] {processor.py:179} INFO - Processing /opt/airflow/dags/dag_suivi.py took 0.086 seconds
[2026-07-27T12:08:25.431+0000] {processor.py:157} INFO - Started process (PID=241) to work on /opt/airflow/dags/dag_suivi.py
[2026-07-27T12:08:25.432+0000] {processor.py:829} INFO - Processing file /opt/airflow/dags/dag_suivi.py for tasks to queue
[2026-07-27T12:08:25.433+0000] {logging_mixin.py:151} INFO - [2026-07-27T12:08:25.432+0000] {dagbag.py:536} INFO - Filling up the DagBag from /opt/airflow/dags/dag_suivi.py
[2026-07-27T12:08:25.450+0000] {processor.py:839} INFO - DAG(s) dict_keys(['pipeline_ingestion_suivi']) retrieved from /opt/airflow/dags/dag_suivi.py
[2026-07-27T12:08:25.476+0000] {logging_mixin.py:151} INFO - [2026-07-27T12:08:25.476+0000] {dag.py:2941} INFO - Sync 1 DAGs
[2026-07-27T12:08:25.496+0000] {logging_mixin.py:151} INFO - [2026-07-27T12:08:25.496+0000] {dag.py:3722} INFO - Setting next_dagrun for pipeline_ingestion_suivi to 2026-07-27T12:00:00+00:00, run_after=2026-07-27T13:00:00+00:00
[2026-07-27T12:08:25.515+0000] {processor.py:179} INFO - Processing /opt/airflow/dags/dag_suivi.py took 0.087 seconds
[2026-07-27T12:08:55.699+0000] {processor.py:157} INFO - Started process (PID=246) to work on /opt/airflow/dags/dag_suivi.py
[2026-07-27T12:08:55.699+0000] {processor.py:829} INFO - Processing file /opt/airflow/dags/dag_suivi.py for tasks to queue
[2026-07-27T12:08:55.700+0000] {logging_mixin.py:151} INFO - [2026-07-27T12:08:55.700+0000] {dagbag.py:536} INFO - Filling up the DagBag from /opt/airflow/dags/dag_suivi.py
[2026-07-27T12:08:55.718+0000] {processor.py:839} INFO - DAG(s) dict_keys(['pipeline_ingestion_suivi']) retrieved from /opt/airflow/dags/dag_suivi.py
[2026-07-27T12:08:55.742+0000] {logging_mixin.py:151} INFO - [2026-07-27T12:08:55.742+0000] {dag.py:2941} INFO - Sync 1 DAGs
[2026-07-27T12:08:55.762+0000] {logging_mixin.py:151} INFO - [2026-07-27T12:08:55.762+0000] {dag.py:3722} INFO - Setting next_dagrun for pipeline_ingestion_suivi to 2026-07-27T12:00:00+00:00, run_after=2026-07-27T13:00:00+00:00
[2026-07-27T12:08:55.784+0000] {processor.py:179} INFO - Processing /opt/airflow/dags/dag_suivi.py took 0.088 seconds
[2026-07-27T12:09:25.904+0000] {processor.py:157} INFO - Started process (PID=251) to work on /opt/airflow/dags/dag_suivi.py
[2026-07-27T12:09:25.905+0000] {processor.py:829} INFO - Processing file /opt/airflow/dags/dag_suivi.py for tasks to queue
[2026-07-27T12:09:25.906+0000] {logging_mixin.py:151} INFO - [2026-07-27T12:09:25.906+0000] {dagbag.py:536} INFO - Filling up the DagBag from /opt/airflow/dags/dag_suivi.py
[2026-07-27T12:09:25.925+0000] {processor.py:839} INFO - DAG(s) dict_keys(['pipeline_ingestion_suivi']) retrieved from /opt/airflow/dags/dag_suivi.py
[2026-07-27T12:09:25.950+0000] {logging_mixin.py:151} INFO - [2026-07-27T12:09:25.950+0000] {dag.py:2941} INFO - Sync 1 DAGs
[2026-07-27T12:09:25.967+0000] {logging_mixin.py:151} INFO - [2026-07-27T12:09:25.967+0000] {dag.py:3722} INFO - Setting next_dagrun for pipeline_ingestion_suivi to 2026-07-27T12:00:00+00:00, run_after=2026-07-27T13:00:00+00:00
[2026-07-27T12:09:25.985+0000] {processor.py:179} INFO - Processing /opt/airflow/dags/dag_suivi.py took 0.083 seconds
[2026-07-27T12:09:56.146+0000] {processor.py:157} INFO - Started process (PID=256) to work on /opt/airflow/dags/dag_suivi.py
[2026-07-27T12:09:56.147+0000] {processor.py:829} INFO - Processing file /opt/airflow/dags/dag_suivi.py for tasks to queue
[2026-07-27T12:09:56.148+0000] {logging_mixin.py:151} INFO - [2026-07-27T12:09:56.148+0000] {dagbag.py:536} INFO - Filling up the DagBag from /opt/airflow/dags/dag_suivi.py
[2026-07-27T12:09:56.182+0000] {processor.py:839} INFO - DAG(s) dict_keys(['pipeline_ingestion_suivi']) retrieved from /opt/airflow/dags/dag_suivi.py
[2026-07-27T12:09:56.214+0000] {logging_mixin.py:151} INFO - [2026-07-27T12:09:56.214+0000] {dag.py:2941} INFO - Sync 1 DAGs
[2026-07-27T12:09:56.236+0000] {logging_mixin.py:151} INFO - [2026-07-27T12:09:56.236+0000] {dag.py:3722} INFO - Setting next_dagrun for pipeline_ingestion_suivi to 2026-07-27T12:00:00+00:00, run_after=2026-07-27T13:00:00+00:00
[2026-07-27T12:09:56.256+0000] {processor.py:179} INFO - Processing /opt/airflow/dags/dag_suivi.py took 0.113 seconds
[2026-07-27T12:10:26.418+0000] {processor.py:157} INFO - Started process (PID=261) to work on /opt/airflow/dags/dag_suivi.py
[2026-07-27T12:10:26.418+0000] {processor.py:829} INFO - Processing file /opt/airflow/dags/dag_suivi.py for tasks to queue
[2026-07-27T12:10:26.419+0000] {logging_mixin.py:151} INFO - [2026-07-27T12:10:26.419+0000] {dagbag.py:536} INFO - Filling up the DagBag from /opt/airflow/dags/dag_suivi.py
[2026-07-27T12:10:26.438+0000] {processor.py:839} INFO - DAG(s) dict_keys(['pipeline_ingestion_suivi']) retrieved from /opt/airflow/dags/dag_suivi.py
[2026-07-27T12:10:26.463+0000] {logging_mixin.py:151} INFO - [2026-07-27T12:10:26.463+0000] {dag.py:2941} INFO - Sync 1 DAGs
[2026-07-27T12:10:26.481+0000] {logging_mixin.py:151} INFO - [2026-07-27T12:10:26.481+0000] {dag.py:3722} INFO - Setting next_dagrun for pipeline_ingestion_suivi to 2026-07-27T12:00:00+00:00, run_after=2026-07-27T13:00:00+00:00
[2026-07-27T12:10:26.498+0000] {processor.py:179} INFO - Processing /opt/airflow/dags/dag_suivi.py took 0.083 seconds
[2026-07-27T12:10:56.615+0000] {processor.py:157} INFO - Started process (PID=266) to work on /opt/airflow/dags/dag_suivi.py
[2026-07-27T12:10:56.615+0000] {processor.py:829} INFO - Processing file /opt/airflow/dags/dag_suivi.py for tasks to queue
[2026-07-27T12:10:56.616+0000] {logging_mixin.py:151} INFO - [2026-07-27T12:10:56.616+0000] {dagbag.py:536} INFO - Filling up the DagBag from /opt/airflow/dags/dag_suivi.py
[2026-07-27T12:10:56.637+0000] {processor.py:839} INFO - DAG(s) dict_keys(['pipeline_ingestion_suivi']) retrieved from /opt/airflow/dags/dag_suivi.py
[2026-07-27T12:10:56.664+0000] {logging_mixin.py:151} INFO - [2026-07-27T12:10:56.664+0000] {dag.py:2941} INFO - Sync 1 DAGs
[2026-07-27T12:10:56.683+0000] {logging_mixin.py:151} INFO - [2026-07-27T12:10:56.682+0000] {dag.py:3722} INFO - Setting next_dagrun for pipeline_ingestion_suivi to 2026-07-27T12:00:00+00:00, run_after=2026-07-27T13:00:00+00:00
[2026-07-27T12:10:56.713+0000] {processor.py:179} INFO - Processing /opt/airflow/dags/dag_suivi.py took 0.102 seconds
[2026-07-27T12:11:26.912+0000] {processor.py:157} INFO - Started process (PID=271) to work on /opt/airflow/dags/dag_suivi.py
[2026-07-27T12:11:26.913+0000] {processor.py:829} INFO - Processing file /opt/airflow/dags/dag_suivi.py for tasks to queue
[2026-07-27T12:11:26.913+0000] {logging_mixin.py:151} INFO - [2026-07-27T12:11:26.913+0000] {dagbag.py:536} INFO - Filling up the DagBag from /opt/airflow/dags/dag_suivi.py
[2026-07-27T12:11:26.932+0000] {processor.py:839} INFO - DAG(s) dict_keys(['pipeline_ingestion_suivi']) retrieved from /opt/airflow/dags/dag_suivi.py
[2026-07-27T12:11:26.957+0000] {logging_mixin.py:151} INFO - [2026-07-27T12:11:26.957+0000] {dag.py:2941} INFO - Sync 1 DAGs
[2026-07-27T12:11:26.978+0000] {logging_mixin.py:151} INFO - [2026-07-27T12:11:26.978+0000] {dag.py:3722} INFO - Setting next_dagrun for pipeline_ingestion_suivi to 2026-07-27T12:00:00+00:00, run_after=2026-07-27T13:00:00+00:00
[2026-07-27T12:11:26.997+0000] {processor.py:179} INFO - Processing /opt/airflow/dags/dag_suivi.py took 0.088 seconds
[2026-07-27T12:11:57.115+0000] {processor.py:157} INFO - Started process (PID=276) to work on /opt/airflow/dags/dag_suivi.py
[2026-07-27T12:11:57.117+0000] {processor.py:829} INFO - Processing file /opt/airflow/dags/dag_suivi.py for tasks to queue
[2026-07-27T12:11:57.117+0000] {logging_mixin.py:151} INFO - [2026-07-27T12:11:57.117+0000] {dagbag.py:536} INFO - Filling up the DagBag from /opt/airflow/dags/dag_suivi.py
[2026-07-27T12:11:57.139+0000] {processor.py:839} INFO - DAG(s) dict_keys(['pipeline_ingestion_suivi']) retrieved from /opt/airflow/dags/dag_suivi.py
[2026-07-27T12:11:57.170+0000] {logging_mixin.py:151} INFO - [2026-07-27T12:11:57.170+0000] {dag.py:2941} INFO - Sync 1 DAGs
[2026-07-27T12:11:57.190+0000] {logging_mixin.py:151} INFO - [2026-07-27T12:11:57.190+0000] {dag.py:3722} INFO - Setting next_dagrun for pipeline_ingestion_suivi to 2026-07-27T12:00:00+00:00, run_after=2026-07-27T13:00:00+00:00
[2026-07-27T12:11:57.210+0000] {processor.py:179} INFO - Processing /opt/airflow/dags/dag_suivi.py took 0.098 seconds
[2026-07-27T12:12:27.354+0000] {processor.py:157} INFO - Started process (PID=281) to work on /opt/airflow/dags/dag_suivi.py
[2026-07-27T12:12:27.355+0000] {processor.py:829} INFO - Processing file /opt/airflow/dags/dag_suivi.py for tasks to queue
[2026-07-27T12:12:27.356+0000] {logging_mixin.py:151} INFO - [2026-07-27T12:12:27.356+0000] {dagbag.py:536} INFO - Filling up the DagBag from /opt/airflow/dags/dag_suivi.py
[2026-07-27T12:12:27.374+0000] {processor.py:839} INFO - DAG(s) dict_keys(['pipeline_ingestion_suivi']) retrieved from /opt/airflow/dags/dag_suivi.py
[2026-07-27T12:12:27.406+0000] {logging_mixin.py:151} INFO - [2026-07-27T12:12:27.406+0000] {dag.py:2941} INFO - Sync 1 DAGs
[2026-07-27T12:12:27.427+0000] {logging_mixin.py:151} INFO - [2026-07-27T12:12:27.426+0000] {dag.py:3722} INFO - Setting next_dagrun for pipeline_ingestion_suivi to 2026-07-27T12:00:00+00:00, run_after=2026-07-27T13:00:00+00:00
[2026-07-27T12:12:27.456+0000] {processor.py:179} INFO - Processing /opt/airflow/dags/dag_suivi.py took 0.105 seconds
[2026-07-27T12:12:57.569+0000] {processor.py:157} INFO - Started process (PID=286) to work on /opt/airflow/dags/dag_suivi.py
[2026-07-27T12:12:57.570+0000] {processor.py:829} INFO - Processing file /opt/airflow/dags/dag_suivi.py for tasks to queue
[2026-07-27T12:12:57.570+0000] {logging_mixin.py:151} INFO - [2026-07-27T12:12:57.570+0000] {dagbag.py:536} INFO - Filling up the DagBag from /opt/airflow/dags/dag_suivi.py
[2026-07-27T12:12:57.589+0000] {processor.py:839} INFO - DAG(s) dict_keys(['pipeline_ingestion_suivi']) retrieved from /opt/airflow/dags/dag_suivi.py
[2026-07-27T12:12:57.617+0000] {logging_mixin.py:151} INFO - [2026-07-27T12:12:57.616+0000] {dag.py:2941} INFO - Sync 1 DAGs
[2026-07-27T12:12:57.636+0000] {logging_mixin.py:151} INFO - [2026-07-27T12:12:57.636+0000] {dag.py:3722} INFO - Setting next_dagrun for pipeline_ingestion_suivi to 2026-07-27T12:00:00+00:00, run_after=2026-07-27T13:00:00+00:00
[2026-07-27T12:12:57.655+0000] {processor.py:179} INFO - Processing /opt/airflow/dags/dag_suivi.py took 0.089 seconds
[2026-07-27T12:13:27.835+0000] {processor.py:157} INFO - Started process (PID=291) to work on /opt/airflow/dags/dag_suivi.py
[2026-07-27T12:13:27.835+0000] {processor.py:829} INFO - Processing file /opt/airflow/dags/dag_suivi.py for tasks to queue
[2026-07-27T12:13:27.836+0000] {logging_mixin.py:151} INFO - [2026-07-27T12:13:27.836+0000] {dagbag.py:536} INFO - Filling up the DagBag from /opt/airflow/dags/dag_suivi.py
[2026-07-27T12:13:27.858+0000] {processor.py:839} INFO - DAG(s) dict_keys(['pipeline_ingestion_suivi']) retrieved from /opt/airflow/dags/dag_suivi.py
[2026-07-27T12:13:27.884+0000] {logging_mixin.py:151} INFO - [2026-07-27T12:13:27.884+0000] {dag.py:2941} INFO - Sync 1 DAGs
[2026-07-27T12:13:27.904+0000] {logging_mixin.py:151} INFO - [2026-07-27T12:13:27.904+0000] {dag.py:3722} INFO - Setting next_dagrun for pipeline_ingestion_suivi to 2026-07-27T12:00:00+00:00, run_after=2026-07-27T13:00:00+00:00
[2026-07-27T12:13:27.934+0000] {processor.py:179} INFO - Processing /opt/airflow/dags/dag_suivi.py took 0.102 seconds
[2026-07-27T12:13:58.036+0000] {processor.py:157} INFO - Started process (PID=296) to work on /opt/airflow/dags/dag_suivi.py
[2026-07-27T12:13:58.037+0000] {processor.py:829} INFO - Processing file /opt/airflow/dags/dag_suivi.py for tasks to queue
[2026-07-27T12:13:58.038+0000] {logging_mixin.py:151} INFO - [2026-07-27T12:13:58.038+0000] {dagbag.py:536} INFO - Filling up the DagBag from /opt/airflow/dags/dag_suivi.py
[2026-07-27T12:13:58.059+0000] {processor.py:839} INFO - DAG(s) dict_keys(['pipeline_ingestion_suivi']) retrieved from /opt/airflow/dags/dag_suivi.py
[2026-07-27T12:13:58.086+0000] {logging_mixin.py:151} INFO - [2026-07-27T12:13:58.085+0000] {dag.py:2941} INFO - Sync 1 DAGs
[2026-07-27T12:13:58.107+0000] {logging_mixin.py:151} INFO - [2026-07-27T12:13:58.107+0000] {dag.py:3722} INFO - Setting next_dagrun for pipeline_ingestion_suivi to 2026-07-27T12:00:00+00:00, run_after=2026-07-27T13:00:00+00:00
[2026-07-27T12:13:58.127+0000] {processor.py:179} INFO - Processing /opt/airflow/dags/dag_suivi.py took 0.093 seconds
[2026-07-27T12:14:28.304+0000] {processor.py:157} INFO - Started process (PID=301) to work on /opt/airflow/dags/dag_suivi.py
[2026-07-27T12:14:28.305+0000] {processor.py:829} INFO - Processing file /opt/airflow/dags/dag_suivi.py for tasks to queue
[2026-07-27T12:14:28.305+0000] {logging_mixin.py:151} INFO - [2026-07-27T12:14:28.305+0000] {dagbag.py:536} INFO - Filling up the DagBag from /opt/airflow/dags/dag_suivi.py
[2026-07-27T12:14:28.324+0000] {processor.py:839} INFO - DAG(s) dict_keys(['pipeline_ingestion_suivi']) retrieved from /opt/airflow/dags/dag_suivi.py
[2026-07-27T12:14:28.351+0000] {logging_mixin.py:151} INFO - [2026-07-27T12:14:28.351+0000] {dag.py:2941} INFO - Sync 1 DAGs
[2026-07-27T12:14:28.370+0000] {logging_mixin.py:151} INFO - [2026-07-27T12:14:28.370+0000] {dag.py:3722} INFO - Setting next_dagrun for pipeline_ingestion_suivi to 2026-07-27T12:00:00+00:00, run_after=2026-07-27T13:00:00+00:00
[2026-07-27T12:14:28.400+0000] {processor.py:179} INFO - Processing /opt/airflow/dags/dag_suivi.py took 0.098 seconds
[2026-07-27T12:14:58.521+0000] {processor.py:157} INFO - Started process (PID=306) to work on /opt/airflow/dags/dag_suivi.py
[2026-07-27T12:14:58.521+0000] {processor.py:829} INFO - Processing file /opt/airflow/dags/dag_suivi.py for tasks to queue
[2026-07-27T12:14:58.522+0000] {logging_mixin.py:151} INFO - [2026-07-27T12:14:58.522+0000] {dagbag.py:536} INFO - Filling up the DagBag from /opt/airflow/dags/dag_suivi.py
[2026-07-27T12:14:58.542+0000] {processor.py:839} INFO - DAG(s) dict_keys(['pipeline_ingestion_suivi']) retrieved from /opt/airflow/dags/dag_suivi.py
[2026-07-27T12:14:58.567+0000] {logging_mixin.py:151} INFO - [2026-07-27T12:14:58.567+0000] {dag.py:2941} INFO - Sync 1 DAGs
[2026-07-27T12:14:58.588+0000] {logging_mixin.py:151} INFO - [2026-07-27T12:14:58.588+0000] {dag.py:3722} INFO - Setting next_dagrun for pipeline_ingestion_suivi to 2026-07-27T12:00:00+00:00, run_after=2026-07-27T13:00:00+00:00
[2026-07-27T12:14:58.616+0000] {processor.py:179} INFO - Processing /opt/airflow/dags/dag_suivi.py took 0.098 seconds
[2026-07-27T12:15:28.784+0000] {processor.py:157} INFO - Started process (PID=311) to work on /opt/airflow/dags/dag_suivi.py
[2026-07-27T12:15:28.784+0000] {processor.py:829} INFO - Processing file /opt/airflow/dags/dag_suivi.py for tasks to queue
[2026-07-27T12:15:28.785+0000] {logging_mixin.py:151} INFO - [2026-07-27T12:15:28.785+0000] {dagbag.py:536} INFO - Filling up the DagBag from /opt/airflow/dags/dag_suivi.py
[2026-07-27T12:15:28.804+0000] {processor.py:839} INFO - DAG(s) dict_keys(['pipeline_ingestion_suivi']) retrieved from /opt/airflow/dags/dag_suivi.py
[2026-07-27T12:15:28.829+0000] {logging_mixin.py:151} INFO - [2026-07-27T12:15:28.829+0000] {dag.py:2941} INFO - Sync 1 DAGs
[2026-07-27T12:15:28.848+0000] {logging_mixin.py:151} INFO - [2026-07-27T12:15:28.847+0000] {dag.py:3722} INFO - Setting next_dagrun for pipeline_ingestion_suivi to 2026-07-27T12:00:00+00:00, run_after=2026-07-27T13:00:00+00:00
[2026-07-27T12:15:28.875+0000] {processor.py:179} INFO - Processing /opt/airflow/dags/dag_suivi.py took 0.094 seconds
[2026-07-27T12:15:58.989+0000] {processor.py:157} INFO - Started process (PID=316) to work on /opt/airflow/dags/dag_suivi.py
[2026-07-27T12:15:58.990+0000] {processor.py:829} INFO - Processing file /opt/airflow/dags/dag_suivi.py for tasks to queue
[2026-07-27T12:15:58.990+0000] {logging_mixin.py:151} INFO - [2026-07-27T12:15:58.990+0000] {dagbag.py:536} INFO - Filling up the DagBag from /opt/airflow/dags/dag_suivi.py
[2026-07-27T12:15:59.009+0000] {processor.py:839} INFO - DAG(s) dict_keys(['pipeline_ingestion_suivi']) retrieved from /opt/airflow/dags/dag_suivi.py
[2026-07-27T12:15:59.035+0000] {logging_mixin.py:151} INFO - [2026-07-27T12:15:59.034+0000] {dag.py:2941} INFO - Sync 1 DAGs
[2026-07-27T12:15:59.054+0000] {logging_mixin.py:151} INFO - [2026-07-27T12:15:59.054+0000] {dag.py:3722} INFO - Setting next_dagrun for pipeline_ingestion_suivi to 2026-07-27T12:00:00+00:00, run_after=2026-07-27T13:00:00+00:00
[2026-07-27T12:15:59.072+0000] {processor.py:179} INFO - Processing /opt/airflow/dags/dag_suivi.py took 0.085 seconds
[2026-07-27T12:16:29.276+0000] {processor.py:157} INFO - Started process (PID=321) to work on /opt/airflow/dags/dag_suivi.py
[2026-07-27T12:16:29.276+0000] {processor.py:829} INFO - Processing file /opt/airflow/dags/dag_suivi.py for tasks to queue
[2026-07-27T12:16:29.277+0000] {logging_mixin.py:151} INFO - [2026-07-27T12:16:29.277+0000] {dagbag.py:536} INFO - Filling up the DagBag from /opt/airflow/dags/dag_suivi.py
[2026-07-27T12:16:29.294+0000] {processor.py:839} INFO - DAG(s) dict_keys(['pipeline_ingestion_suivi']) retrieved from /opt/airflow/dags/dag_suivi.py
[2026-07-27T12:16:29.319+0000] {logging_mixin.py:151} INFO - [2026-07-27T12:16:29.319+0000] {dag.py:2941} INFO - Sync 1 DAGs
[2026-07-27T12:16:29.341+0000] {logging_mixin.py:151} INFO - [2026-07-27T12:16:29.341+0000] {dag.py:3722} INFO - Setting next_dagrun for pipeline_ingestion_suivi to 2026-07-27T12:00:00+00:00, run_after=2026-07-27T13:00:00+00:00
[2026-07-27T12:16:29.359+0000] {processor.py:179} INFO - Processing /opt/airflow/dags/dag_suivi.py took 0.085 seconds
[2026-07-27T12:16:59.477+0000] {processor.py:157} INFO - Started process (PID=326) to work on /opt/airflow/dags/dag_suivi.py
[2026-07-27T12:16:59.478+0000] {processor.py:829} INFO - Processing file /opt/airflow/dags/dag_suivi.py for tasks to queue
[2026-07-27T12:16:59.479+0000] {logging_mixin.py:151} INFO - [2026-07-27T12:16:59.479+0000] {dagbag.py:536} INFO - Filling up the DagBag from /opt/airflow/dags/dag_suivi.py
[2026-07-27T12:16:59.497+0000] {processor.py:839} INFO - DAG(s) dict_keys(['pipeline_ingestion_suivi']) retrieved from /opt/airflow/dags/dag_suivi.py
[2026-07-27T12:16:59.524+0000] {logging_mixin.py:151} INFO - [2026-07-27T12:16:59.523+0000] {dag.py:2941} INFO - Sync 1 DAGs
[2026-07-27T12:16:59.543+0000] {logging_mixin.py:151} INFO - [2026-07-27T12:16:59.543+0000] {dag.py:3722} INFO - Setting next_dagrun for pipeline_ingestion_suivi to 2026-07-27T12:00:00+00:00, run_after=2026-07-27T13:00:00+00:00
[2026-07-27T12:16:59.561+0000] {processor.py:179} INFO - Processing /opt/airflow/dags/dag_suivi.py took 0.087 seconds
[2026-07-27T12:17:29.741+0000] {processor.py:157} INFO - Started process (PID=331) to work on /opt/airflow/dags/dag_suivi.py
[2026-07-27T12:17:29.742+0000] {processor.py:829} INFO - Processing file /opt/airflow/dags/dag_suivi.py for tasks to queue
[2026-07-27T12:17:29.743+0000] {logging_mixin.py:151} INFO - [2026-07-27T12:17:29.743+0000] {dagbag.py:536} INFO - Filling up the DagBag from /opt/airflow/dags/dag_suivi.py
[2026-07-27T12:17:29.762+0000] {processor.py:839} INFO - DAG(s) dict_keys(['pipeline_ingestion_suivi']) retrieved from /opt/airflow/dags/dag_suivi.py
[2026-07-27T12:17:29.789+0000] {logging_mixin.py:151} INFO - [2026-07-27T12:17:29.788+0000] {dag.py:2941} INFO - Sync 1 DAGs
[2026-07-27T12:17:29.808+0000] {logging_mixin.py:151} INFO - [2026-07-27T12:17:29.808+0000] {dag.py:3722} INFO - Setting next_dagrun for pipeline_ingestion_suivi to 2026-07-27T12:00:00+00:00, run_after=2026-07-27T13:00:00+00:00
[2026-07-27T12:17:29.827+0000] {processor.py:179} INFO - Processing /opt/airflow/dags/dag_suivi.py took 0.089 seconds
[2026-07-27T12:18:00.036+0000] {processor.py:157} INFO - Started process (PID=336) to work on /opt/airflow/dags/dag_suivi.py
[2026-07-27T12:18:00.036+0000] {processor.py:829} INFO - Processing file /opt/airflow/dags/dag_suivi.py for tasks to queue
[2026-07-27T12:18:00.037+0000] {logging_mixin.py:151} INFO - [2026-07-27T12:18:00.037+0000] {dagbag.py:536} INFO - Filling up the DagBag from /opt/airflow/dags/dag_suivi.py
[2026-07-27T12:18:00.056+0000] {processor.py:839} INFO - DAG(s) dict_keys(['pipeline_ingestion_suivi']) retrieved from /opt/airflow/dags/dag_suivi.py
[2026-07-27T12:18:00.080+0000] {logging_mixin.py:151} INFO - [2026-07-27T12:18:00.080+0000] {dag.py:2941} INFO - Sync 1 DAGs
[2026-07-27T12:18:00.100+0000] {logging_mixin.py:151} INFO - [2026-07-27T12:18:00.100+0000] {dag.py:3722} INFO - Setting next_dagrun for pipeline_ingestion_suivi to 2026-07-27T12:00:00+00:00, run_after=2026-07-27T13:00:00+00:00
[2026-07-27T12:18:00.129+0000] {processor.py:179} INFO - Processing /opt/airflow/dags/dag_suivi.py took 0.096 seconds
[2026-07-27T12:18:30.227+0000] {processor.py:157} INFO - Started process (PID=341) to work on /opt/airflow/dags/dag_suivi.py
[2026-07-27T12:18:30.228+0000] {processor.py:829} INFO - Processing file /opt/airflow/dags/dag_suivi.py for tasks to queue
[2026-07-27T12:18:30.229+0000] {logging_mixin.py:151} INFO - [2026-07-27T12:18:30.229+0000] {dagbag.py:536} INFO - Filling up the DagBag from /opt/airflow/dags/dag_suivi.py
[2026-07-27T12:18:30.248+0000] {processor.py:839} INFO - DAG(s) dict_keys(['pipeline_ingestion_suivi']) retrieved from /opt/airflow/dags/dag_suivi.py
[2026-07-27T12:18:30.275+0000] {logging_mixin.py:151} INFO - [2026-07-27T12:18:30.274+0000] {dag.py:2941} INFO - Sync 1 DAGs
[2026-07-27T12:18:30.295+0000] {logging_mixin.py:151} INFO - [2026-07-27T12:18:30.295+0000] {dag.py:3722} INFO - Setting next_dagrun for pipeline_ingestion_suivi to 2026-07-27T12:00:00+00:00, run_after=2026-07-27T13:00:00+00:00
[2026-07-27T12:18:30.322+0000] {processor.py:179} INFO - Processing /opt/airflow/dags/dag_suivi.py took 0.098 seconds
[2026-07-27T12:19:00.515+0000] {processor.py:157} INFO - Started process (PID=346) to work on /opt/airflow/dags/dag_suivi.py
[2026-07-27T12:19:00.516+0000] {processor.py:829} INFO - Processing file /opt/airflow/dags/dag_suivi.py for tasks to queue
[2026-07-27T12:19:00.517+0000] {logging_mixin.py:151} INFO - [2026-07-27T12:19:00.517+0000] {dagbag.py:536} INFO - Filling up the DagBag from /opt/airflow/dags/dag_suivi.py
[2026-07-27T12:19:00.536+0000] {processor.py:839} INFO - DAG(s) dict_keys(['pipeline_ingestion_suivi']) retrieved from /opt/airflow/dags/dag_suivi.py
[2026-07-27T12:19:00.562+0000] {logging_mixin.py:151} INFO - [2026-07-27T12:19:00.562+0000] {dag.py:2941} INFO - Sync 1 DAGs
[2026-07-27T12:19:00.581+0000] {logging_mixin.py:151} INFO - [2026-07-27T12:19:00.581+0000] {dag.py:3722} INFO - Setting next_dagrun for pipeline_ingestion_suivi to 2026-07-27T12:00:00+00:00, run_after=2026-07-27T13:00:00+00:00
[2026-07-27T12:19:00.612+0000] {processor.py:179} INFO - Processing /opt/airflow/dags/dag_suivi.py took 0.100 seconds
[2026-07-27T12:19:30.721+0000] {processor.py:157} INFO - Started process (PID=351) to work on /opt/airflow/dags/dag_suivi.py
[2026-07-27T12:19:30.722+0000] {processor.py:829} INFO - Processing file /opt/airflow/dags/dag_suivi.py for tasks to queue
[2026-07-27T12:19:30.722+0000] {logging_mixin.py:151} INFO - [2026-07-27T12:19:30.722+0000] {dagbag.py:536} INFO - Filling up the DagBag from /opt/airflow/dags/dag_suivi.py
[2026-07-27T12:19:30.743+0000] {processor.py:839} INFO - DAG(s) dict_keys(['pipeline_ingestion_suivi']) retrieved from /opt/airflow/dags/dag_suivi.py
[2026-07-27T12:19:30.769+0000] {logging_mixin.py:151} INFO - [2026-07-27T12:19:30.769+0000] {dag.py:2941} INFO - Sync 1 DAGs
[2026-07-27T12:19:30.791+0000] {logging_mixin.py:151} INFO - [2026-07-27T12:19:30.791+0000] {dag.py:3722} INFO - Setting next_dagrun for pipeline_ingestion_suivi to 2026-07-27T12:00:00+00:00, run_after=2026-07-27T13:00:00+00:00
[2026-07-27T12:19:30.813+0000] {processor.py:179} INFO - Processing /opt/airflow/dags/dag_suivi.py took 0.095 seconds
[2026-07-27T12:20:00.981+0000] {processor.py:157} INFO - Started process (PID=356) to work on /opt/airflow/dags/dag_suivi.py
[2026-07-27T12:20:00.982+0000] {processor.py:829} INFO - Processing file /opt/airflow/dags/dag_suivi.py for tasks to queue
[2026-07-27T12:20:00.983+0000] {logging_mixin.py:151} INFO - [2026-07-27T12:20:00.983+0000] {dagbag.py:536} INFO - Filling up the DagBag from /opt/airflow/dags/dag_suivi.py
[2026-07-27T12:20:01.002+0000] {processor.py:839} INFO - DAG(s) dict_keys(['pipeline_ingestion_suivi']) retrieved from /opt/airflow/dags/dag_suivi.py
[2026-07-27T12:20:01.027+0000] {logging_mixin.py:151} INFO - [2026-07-27T12:20:01.027+0000] {dag.py:2941} INFO - Sync 1 DAGs
[2026-07-27T12:20:01.049+0000] {logging_mixin.py:151} INFO - [2026-07-27T12:20:01.048+0000] {dag.py:3722} INFO - Setting next_dagrun for pipeline_ingestion_suivi to 2026-07-27T12:00:00+00:00, run_after=2026-07-27T13:00:00+00:00
[2026-07-27T12:20:01.076+0000] {processor.py:179} INFO - Processing /opt/airflow/dags/dag_suivi.py took 0.097 seconds
[2026-07-27T12:20:31.182+0000] {processor.py:157} INFO - Started process (PID=361) to work on /opt/airflow/dags/dag_suivi.py
[2026-07-27T12:20:31.183+0000] {processor.py:829} INFO - Processing file /opt/airflow/dags/dag_suivi.py for tasks to queue
[2026-07-27T12:20:31.184+0000] {logging_mixin.py:151} INFO - [2026-07-27T12:20:31.184+0000] {dagbag.py:536} INFO - Filling up the DagBag from /opt/airflow/dags/dag_suivi.py
[2026-07-27T12:20:31.207+0000] {processor.py:839} INFO - DAG(s) dict_keys(['pipeline_ingestion_suivi']) retrieved from /opt/airflow/dags/dag_suivi.py
[2026-07-27T12:20:31.245+0000] {logging_mixin.py:151} INFO - [2026-07-27T12:20:31.244+0000] {dag.py:2941} INFO - Sync 1 DAGs
[2026-07-27T12:20:31.288+0000] {logging_mixin.py:151} INFO - [2026-07-27T12:20:31.287+0000] {dag.py:3722} INFO - Setting next_dagrun for pipeline_ingestion_suivi to 2026-07-27T12:00:00+00:00, run_after=2026-07-27T13:00:00+00:00
[2026-07-27T12:20:31.318+0000] {processor.py:179} INFO - Processing /opt/airflow/dags/dag_suivi.py took 0.140 seconds
[2026-07-27T12:21:01.452+0000] {processor.py:157} INFO - Started process (PID=366) to work on /opt/airflow/dags/dag_suivi.py
[2026-07-27T12:21:01.452+0000] {processor.py:829} INFO - Processing file /opt/airflow/dags/dag_suivi.py for tasks to queue
[2026-07-27T12:21:01.453+0000] {logging_mixin.py:151} INFO - [2026-07-27T12:21:01.453+0000] {dagbag.py:536} INFO - Filling up the DagBag from /opt/airflow/dags/dag_suivi.py
[2026-07-27T12:21:01.469+0000] {processor.py:839} INFO - DAG(s) dict_keys(['pipeline_ingestion_suivi']) retrieved from /opt/airflow/dags/dag_suivi.py
[2026-07-27T12:21:01.495+0000] {logging_mixin.py:151} INFO - [2026-07-27T12:21:01.495+0000] {dag.py:2941} INFO - Sync 1 DAGs
[2026-07-27T12:21:01.515+0000] {logging_mixin.py:151} INFO - [2026-07-27T12:21:01.515+0000] {dag.py:3722} INFO - Setting next_dagrun for pipeline_ingestion_suivi to 2026-07-27T12:00:00+00:00, run_after=2026-07-27T13:00:00+00:00
[2026-07-27T12:21:01.537+0000] {processor.py:179} INFO - Processing /opt/airflow/dags/dag_suivi.py took 0.088 seconds
[2026-07-27T12:21:31.719+0000] {processor.py:157} INFO - Started process (PID=371) to work on /opt/airflow/dags/dag_suivi.py
[2026-07-27T12:21:31.720+0000] {processor.py:829} INFO - Processing file /opt/airflow/dags/dag_suivi.py for tasks to queue
[2026-07-27T12:21:31.721+0000] {logging_mixin.py:151} INFO - [2026-07-27T12:21:31.721+0000] {dagbag.py:536} INFO - Filling up the DagBag from /opt/airflow/dags/dag_suivi.py
[2026-07-27T12:21:31.744+0000] {processor.py:839} INFO - DAG(s) dict_keys(['pipeline_ingestion_suivi']) retrieved from /opt/airflow/dags/dag_suivi.py
[2026-07-27T12:21:31.773+0000] {logging_mixin.py:151} INFO - [2026-07-27T12:21:31.773+0000] {dag.py:2941} INFO - Sync 1 DAGs
[2026-07-27T12:21:31.796+0000] {logging_mixin.py:151} INFO - [2026-07-27T12:21:31.795+0000] {dag.py:3722} INFO - Setting next_dagrun for pipeline_ingestion_suivi to 2026-07-27T12:00:00+00:00, run_after=2026-07-27T13:00:00+00:00
[2026-07-27T12:21:31.817+0000] {processor.py:179} INFO - Processing /opt/airflow/dags/dag_suivi.py took 0.101 seconds
[2026-07-27T12:22:01.909+0000] {processor.py:157} INFO - Started process (PID=376) to work on /opt/airflow/dags/dag_suivi.py
[2026-07-27T12:22:01.910+0000] {processor.py:829} INFO - Processing file /opt/airflow/dags/dag_suivi.py for tasks to queue
[2026-07-27T12:22:01.911+0000] {logging_mixin.py:151} INFO - [2026-07-27T12:22:01.911+0000] {dagbag.py:536} INFO - Filling up the DagBag from /opt/airflow/dags/dag_suivi.py
[2026-07-27T12:22:01.931+0000] {processor.py:839} INFO - DAG(s) dict_keys(['pipeline_ingestion_suivi']) retrieved from /opt/airflow/dags/dag_suivi.py
[2026-07-27T12:22:01.959+0000] {logging_mixin.py:151} INFO - [2026-07-27T12:22:01.958+0000] {dag.py:2941} INFO - Sync 1 DAGs
[2026-07-27T12:22:01.978+0000] {logging_mixin.py:151} INFO - [2026-07-27T12:22:01.978+0000] {dag.py:3722} INFO - Setting next_dagrun for pipeline_ingestion_suivi to 2026-07-27T12:00:00+00:00, run_after=2026-07-27T13:00:00+00:00
[2026-07-27T12:22:02.009+0000] {processor.py:179} INFO - Processing /opt/airflow/dags/dag_suivi.py took 0.103 seconds
[2026-07-27T12:22:32.168+0000] {processor.py:157} INFO - Started process (PID=381) to work on /opt/airflow/dags/dag_suivi.py
[2026-07-27T12:22:32.169+0000] {processor.py:829} INFO - Processing file /opt/airflow/dags/dag_suivi.py for tasks to queue
[2026-07-27T12:22:32.170+0000] {logging_mixin.py:151} INFO - [2026-07-27T12:22:32.170+0000] {dagbag.py:536} INFO - Filling up the DagBag from /opt/airflow/dags/dag_suivi.py
[2026-07-27T12:22:32.192+0000] {processor.py:839} INFO - DAG(s) dict_keys(['pipeline_ingestion_suivi']) retrieved from /opt/airflow/dags/dag_suivi.py
[2026-07-27T12:22:32.221+0000] {logging_mixin.py:151} INFO - [2026-07-27T12:22:32.221+0000] {dag.py:2941} INFO - Sync 1 DAGs
[2026-07-27T12:22:32.243+0000] {logging_mixin.py:151} INFO - [2026-07-27T12:22:32.242+0000] {dag.py:3722} INFO - Setting next_dagrun for pipeline_ingestion_suivi to 2026-07-27T12:00:00+00:00, run_after=2026-07-27T13:00:00+00:00
[2026-07-27T12:22:32.268+0000] {processor.py:179} INFO - Processing /opt/airflow/dags/dag_suivi.py took 0.102 seconds
[2026-07-27T12:23:02.357+0000] {processor.py:157} INFO - Started process (PID=386) to work on /opt/airflow/dags/dag_suivi.py
[2026-07-27T12:23:02.357+0000] {processor.py:829} INFO - Processing file /opt/airflow/dags/dag_suivi.py for tasks to queue
[2026-07-27T12:23:02.358+0000] {logging_mixin.py:151} INFO - [2026-07-27T12:23:02.358+0000] {dagbag.py:536} INFO - Filling up the DagBag from /opt/airflow/dags/dag_suivi.py
[2026-07-27T12:23:02.378+0000] {processor.py:839} INFO - DAG(s) dict_keys(['pipeline_ingestion_suivi']) retrieved from /opt/airflow/dags/dag_suivi.py
[2026-07-27T12:23:02.403+0000] {logging_mixin.py:151} INFO - [2026-07-27T12:23:02.402+0000] {dag.py:2941} INFO - Sync 1 DAGs
[2026-07-27T12:23:02.423+0000] {logging_mixin.py:151} INFO - [2026-07-27T12:23:02.423+0000] {dag.py:3722} INFO - Setting next_dagrun for pipeline_ingestion_suivi to 2026-07-27T12:00:00+00:00, run_after=2026-07-27T13:00:00+00:00
[2026-07-27T12:23:02.453+0000] {processor.py:179} INFO - Processing /opt/airflow/dags/dag_suivi.py took 0.100 seconds
[2026-07-27T12:23:32.622+0000] {processor.py:157} INFO - Started process (PID=391) to work on /opt/airflow/dags/dag_suivi.py
[2026-07-27T12:23:32.622+0000] {processor.py:829} INFO - Processing file /opt/airflow/dags/dag_suivi.py for tasks to queue
[2026-07-27T12:23:32.623+0000] {logging_mixin.py:151} INFO - [2026-07-27T12:23:32.623+0000] {dagbag.py:536} INFO - Filling up the DagBag from /opt/airflow/dags/dag_suivi.py
[2026-07-27T12:23:32.642+0000] {processor.py:839} INFO - DAG(s) dict_keys(['pipeline_ingestion_suivi']) retrieved from /opt/airflow/dags/dag_suivi.py
[2026-07-27T12:23:32.666+0000] {logging_mixin.py:151} INFO - [2026-07-27T12:23:32.666+0000] {dag.py:2941} INFO - Sync 1 DAGs
[2026-07-27T12:23:32.685+0000] {logging_mixin.py:151} INFO - [2026-07-27T12:23:32.685+0000] {dag.py:3722} INFO - Setting next_dagrun for pipeline_ingestion_suivi to 2026-07-27T12:00:00+00:00, run_after=2026-07-27T13:00:00+00:00
[2026-07-27T12:23:32.704+0000] {processor.py:179} INFO - Processing /opt/airflow/dags/dag_suivi.py took 0.085 seconds
[2026-07-27T12:24:03.335+0000] {processor.py:157} INFO - Started process (PID=396) to work on /opt/airflow/dags/dag_suivi.py
[2026-07-27T12:24:03.363+0000] {processor.py:829} INFO - Processing file /opt/airflow/dags/dag_suivi.py for tasks to queue
[2026-07-27T12:24:03.375+0000] {logging_mixin.py:151} INFO - [2026-07-27T12:24:03.375+0000] {dagbag.py:536} INFO - Filling up the DagBag from /opt/airflow/dags/dag_suivi.py
[2026-07-27T12:24:03.927+0000] {processor.py:839} INFO - DAG(s) dict_keys(['pipeline_ingestion_suivi']) retrieved from /opt/airflow/dags/dag_suivi.py
[2026-07-27T12:24:04.236+0000] {logging_mixin.py:151} INFO - [2026-07-27T12:24:04.235+0000] {dag.py:2941} INFO - Sync 1 DAGs
[2026-07-27T12:24:04.414+0000] {logging_mixin.py:151} INFO - [2026-07-27T12:24:04.413+0000] {dag.py:3722} INFO - Setting next_dagrun for pipeline_ingestion_suivi to 2026-07-27T12:00:00+00:00, run_after=2026-07-27T13:00:00+00:00
[2026-07-27T12:24:04.604+0000] {processor.py:179} INFO - Processing /opt/airflow/dags/dag_suivi.py took 1.336 seconds
[2026-07-27T12:24:34.756+0000] {processor.py:157} INFO - Started process (PID=401) to work on /opt/airflow/dags/dag_suivi.py
[2026-07-27T12:24:34.757+0000] {processor.py:829} INFO - Processing file /opt/airflow/dags/dag_suivi.py for tasks to queue
[2026-07-27T12:24:34.758+0000] {logging_mixin.py:151} INFO - [2026-07-27T12:24:34.757+0000] {dagbag.py:536} INFO - Filling up the DagBag from /opt/airflow/dags/dag_suivi.py
[2026-07-27T12:24:34.787+0000] {processor.py:839} INFO - DAG(s) dict_keys(['pipeline_ingestion_suivi']) retrieved from /opt/airflow/dags/dag_suivi.py
[2026-07-27T12:24:34.823+0000] {logging_mixin.py:151} INFO - [2026-07-27T12:24:34.823+0000] {dag.py:2941} INFO - Sync 1 DAGs
[2026-07-27T12:24:34.859+0000] {logging_mixin.py:151} INFO - [2026-07-27T12:24:34.859+0000] {dag.py:3722} INFO - Setting next_dagrun for pipeline_ingestion_suivi to 2026-07-27T12:00:00+00:00, run_after=2026-07-27T13:00:00+00:00
[2026-07-27T12:24:34.886+0000] {processor.py:179} INFO - Processing /opt/airflow/dags/dag_suivi.py took 0.134 seconds
[2026-07-27T12:25:04.959+0000] {processor.py:157} INFO - Started process (PID=406) to work on /opt/airflow/dags/dag_suivi.py
[2026-07-27T12:25:04.959+0000] {processor.py:829} INFO - Processing file /opt/airflow/dags/dag_suivi.py for tasks to queue
[2026-07-27T12:25:04.960+0000] {logging_mixin.py:151} INFO - [2026-07-27T12:25:04.960+0000] {dagbag.py:536} INFO - Filling up the DagBag from /opt/airflow/dags/dag_suivi.py
[2026-07-27T12:25:04.979+0000] {processor.py:839} INFO - DAG(s) dict_keys(['pipeline_ingestion_suivi']) retrieved from /opt/airflow/dags/dag_suivi.py
[2026-07-27T12:25:05.014+0000] {logging_mixin.py:151} INFO - [2026-07-27T12:25:05.014+0000] {dag.py:2941} INFO - Sync 1 DAGs
[2026-07-27T12:25:05.033+0000] {logging_mixin.py:151} INFO - [2026-07-27T12:25:05.033+0000] {dag.py:3722} INFO - Setting next_dagrun for pipeline_ingestion_suivi to 2026-07-27T12:00:00+00:00, run_after=2026-07-27T13:00:00+00:00
[2026-07-27T12:25:05.063+0000] {processor.py:179} INFO - Processing /opt/airflow/dags/dag_suivi.py took 0.108 seconds
[2026-07-27T12:25:35.152+0000] {processor.py:157} INFO - Started process (PID=411) to work on /opt/airflow/dags/dag_suivi.py
[2026-07-27T12:25:35.153+0000] {processor.py:829} INFO - Processing file /opt/airflow/dags/dag_suivi.py for tasks to queue
[2026-07-27T12:25:35.154+0000] {logging_mixin.py:151} INFO - [2026-07-27T12:25:35.154+0000] {dagbag.py:536} INFO - Filling up the DagBag from /opt/airflow/dags/dag_suivi.py
[2026-07-27T12:25:35.184+0000] {processor.py:839} INFO - DAG(s) dict_keys(['pipeline_ingestion_suivi']) retrieved from /opt/airflow/dags/dag_suivi.py
[2026-07-27T12:25:35.218+0000] {logging_mixin.py:151} INFO - [2026-07-27T12:25:35.218+0000] {dag.py:2941} INFO - Sync 1 DAGs
[2026-07-27T12:25:35.252+0000] {logging_mixin.py:151} INFO - [2026-07-27T12:25:35.252+0000] {dag.py:3722} INFO - Setting next_dagrun for pipeline_ingestion_suivi to 2026-07-27T12:00:00+00:00, run_after=2026-07-27T13:00:00+00:00
[2026-07-27T12:25:35.272+0000] {processor.py:179} INFO - Processing /opt/airflow/dags/dag_suivi.py took 0.124 seconds
[2026-07-27T12:26:05.447+0000] {processor.py:157} INFO - Started process (PID=416) to work on /opt/airflow/dags/dag_suivi.py
[2026-07-27T12:26:05.447+0000] {processor.py:829} INFO - Processing file /opt/airflow/dags/dag_suivi.py for tasks to queue
[2026-07-27T12:26:05.448+0000] {logging_mixin.py:151} INFO - [2026-07-27T12:26:05.448+0000] {dagbag.py:536} INFO - Filling up the DagBag from /opt/airflow/dags/dag_suivi.py
[2026-07-27T12:26:05.465+0000] {processor.py:839} INFO - DAG(s) dict_keys(['pipeline_ingestion_suivi']) retrieved from /opt/airflow/dags/dag_suivi.py
[2026-07-27T12:26:05.491+0000] {logging_mixin.py:151} INFO - [2026-07-27T12:26:05.491+0000] {dag.py:2941} INFO - Sync 1 DAGs
[2026-07-27T12:26:05.511+0000] {logging_mixin.py:151} INFO - [2026-07-27T12:26:05.511+0000] {dag.py:3722} INFO - Setting next_dagrun for pipeline_ingestion_suivi to 2026-07-27T12:00:00+00:00, run_after=2026-07-27T13:00:00+00:00
[2026-07-27T12:26:05.531+0000] {processor.py:179} INFO - Processing /opt/airflow/dags/dag_suivi.py took 0.086 seconds
[2026-07-27T12:26:35.639+0000] {processor.py:157} INFO - Started process (PID=421) to work on /opt/airflow/dags/dag_suivi.py
[2026-07-27T12:26:35.639+0000] {processor.py:829} INFO - Processing file /opt/airflow/dags/dag_suivi.py for tasks to queue
[2026-07-27T12:26:35.640+0000] {logging_mixin.py:151} INFO - [2026-07-27T12:26:35.640+0000] {dagbag.py:536} INFO - Filling up the DagBag from /opt/airflow/dags/dag_suivi.py
[2026-07-27T12:26:35.660+0000] {processor.py:839} INFO - DAG(s) dict_keys(['pipeline_ingestion_suivi']) retrieved from /opt/airflow/dags/dag_suivi.py
[2026-07-27T12:26:35.690+0000] {logging_mixin.py:151} INFO - [2026-07-27T12:26:35.689+0000] {dag.py:2941} INFO - Sync 1 DAGs
[2026-07-27T12:26:35.713+0000] {logging_mixin.py:151} INFO - [2026-07-27T12:26:35.713+0000] {dag.py:3722} INFO - Setting next_dagrun for pipeline_ingestion_suivi to 2026-07-27T12:00:00+00:00, run_after=2026-07-27T13:00:00+00:00
[2026-07-27T12:26:35.735+0000] {processor.py:179} INFO - Processing /opt/airflow/dags/dag_suivi.py took 0.099 seconds
[2026-07-27T12:27:06.248+0000] {processor.py:157} INFO - Started process (PID=426) to work on /opt/airflow/dags/dag_suivi.py
[2026-07-27T12:27:06.252+0000] {processor.py:829} INFO - Processing file /opt/airflow/dags/dag_suivi.py for tasks to queue
[2026-07-27T12:27:06.258+0000] {logging_mixin.py:151} INFO - [2026-07-27T12:27:06.255+0000] {dagbag.py:536} INFO - Filling up the DagBag from /opt/airflow/dags/dag_suivi.py
[2026-07-27T12:27:06.422+0000] {processor.py:839} INFO - DAG(s) dict_keys(['pipeline_ingestion_suivi']) retrieved from /opt/airflow/dags/dag_suivi.py
[2026-07-27T12:27:06.604+0000] {logging_mixin.py:151} INFO - [2026-07-27T12:27:06.603+0000] {dag.py:2941} INFO - Sync 1 DAGs
[2026-07-27T12:27:06.808+0000] {logging_mixin.py:151} INFO - [2026-07-27T12:27:06.807+0000] {dag.py:3722} INFO - Setting next_dagrun for pipeline_ingestion_suivi to 2026-07-27T12:00:00+00:00, run_after=2026-07-27T13:00:00+00:00
[2026-07-27T12:27:06.991+0000] {processor.py:179} INFO - Processing /opt/airflow/dags/dag_suivi.py took 0.781 seconds
[2026-07-27T12:27:37.377+0000] {processor.py:157} INFO - Started process (PID=431) to work on /opt/airflow/dags/dag_suivi.py
[2026-07-27T12:27:37.378+0000] {processor.py:829} INFO - Processing file /opt/airflow/dags/dag_suivi.py for tasks to queue
[2026-07-27T12:27:37.379+0000] {logging_mixin.py:151} INFO - [2026-07-27T12:27:37.379+0000] {dagbag.py:536} INFO - Filling up the DagBag from /opt/airflow/dags/dag_suivi.py
[2026-07-27T12:27:37.406+0000] {processor.py:839} INFO - DAG(s) dict_keys(['pipeline_ingestion_suivi']) retrieved from /opt/airflow/dags/dag_suivi.py
[2026-07-27T12:27:37.441+0000] {logging_mixin.py:151} INFO - [2026-07-27T12:27:37.441+0000] {dag.py:2941} INFO - Sync 1 DAGs
[2026-07-27T12:27:37.470+0000] {logging_mixin.py:151} INFO - [2026-07-27T12:27:37.470+0000] {dag.py:3722} INFO - Setting next_dagrun for pipeline_ingestion_suivi to 2026-07-27T12:00:00+00:00, run_after=2026-07-27T13:00:00+00:00
[2026-07-27T12:27:37.496+0000] {processor.py:179} INFO - Processing /opt/airflow/dags/dag_suivi.py took 0.123 seconds
[2026-07-27T12:28:08.043+0000] {processor.py:157} INFO - Started process (PID=436) to work on /opt/airflow/dags/dag_suivi.py
[2026-07-27T12:28:08.044+0000] {processor.py:829} INFO - Processing file /opt/airflow/dags/dag_suivi.py for tasks to queue
[2026-07-27T12:28:08.045+0000] {logging_mixin.py:151} INFO - [2026-07-27T12:28:08.045+0000] {dagbag.py:536} INFO - Filling up the DagBag from /opt/airflow/dags/dag_suivi.py
[2026-07-27T12:28:08.067+0000] {processor.py:839} INFO - DAG(s) dict_keys(['pipeline_ingestion_suivi']) retrieved from /opt/airflow/dags/dag_suivi.py
[2026-07-27T12:28:08.098+0000] {logging_mixin.py:151} INFO - [2026-07-27T12:28:08.098+0000] {dag.py:2941} INFO - Sync 1 DAGs
[2026-07-27T12:28:08.120+0000] {logging_mixin.py:151} INFO - [2026-07-27T12:28:08.119+0000] {dag.py:3722} INFO - Setting next_dagrun for pipeline_ingestion_suivi to 2026-07-27T12:00:00+00:00, run_after=2026-07-27T13:00:00+00:00
[2026-07-27T12:28:08.141+0000] {processor.py:179} INFO - Processing /opt/airflow/dags/dag_suivi.py took 0.101 seconds
[2026-07-27T12:28:38.236+0000] {processor.py:157} INFO - Started process (PID=441) to work on /opt/airflow/dags/dag_suivi.py
[2026-07-27T12:28:38.237+0000] {processor.py:829} INFO - Processing file /opt/airflow/dags/dag_suivi.py for tasks to queue
[2026-07-27T12:28:38.238+0000] {logging_mixin.py:151} INFO - [2026-07-27T12:28:38.238+0000] {dagbag.py:536} INFO - Filling up the DagBag from /opt/airflow/dags/dag_suivi.py
[2026-07-27T12:28:38.256+0000] {processor.py:839} INFO - DAG(s) dict_keys(['pipeline_ingestion_suivi']) retrieved from /opt/airflow/dags/dag_suivi.py
[2026-07-27T12:28:38.294+0000] {logging_mixin.py:151} INFO - [2026-07-27T12:28:38.294+0000] {dag.py:2941} INFO - Sync 1 DAGs
[2026-07-27T12:28:38.314+0000] {logging_mixin.py:151} INFO - [2026-07-27T12:28:38.314+0000] {dag.py:3722} INFO - Setting next_dagrun for pipeline_ingestion_suivi to 2026-07-27T12:00:00+00:00, run_after=2026-07-27T13:00:00+00:00
[2026-07-27T12:28:38.332+0000] {processor.py:179} INFO - Processing /opt/airflow/dags/dag_suivi.py took 0.099 seconds
[2026-07-27T12:29:08.554+0000] {processor.py:157} INFO - Started process (PID=446) to work on /opt/airflow/dags/dag_suivi.py
[2026-07-27T12:29:08.555+0000] {processor.py:829} INFO - Processing file /opt/airflow/dags/dag_suivi.py for tasks to queue
[2026-07-27T12:29:08.556+0000] {logging_mixin.py:151} INFO - [2026-07-27T12:29:08.556+0000] {dagbag.py:536} INFO - Filling up the DagBag from /opt/airflow/dags/dag_suivi.py
[2026-07-27T12:29:08.574+0000] {processor.py:839} INFO - DAG(s) dict_keys(['pipeline_ingestion_suivi']) retrieved from /opt/airflow/dags/dag_suivi.py
[2026-07-27T12:29:08.598+0000] {logging_mixin.py:151} INFO - [2026-07-27T12:29:08.597+0000] {dag.py:2941} INFO - Sync 1 DAGs
[2026-07-27T12:29:08.617+0000] {logging_mixin.py:151} INFO - [2026-07-27T12:29:08.617+0000] {dag.py:3722} INFO - Setting next_dagrun for pipeline_ingestion_suivi to 2026-07-27T12:00:00+00:00, run_after=2026-07-27T13:00:00+00:00
[2026-07-27T12:29:08.636+0000] {processor.py:179} INFO - Processing /opt/airflow/dags/dag_suivi.py took 0.084 seconds
[2026-07-27T12:29:38.736+0000] {processor.py:157} INFO - Started process (PID=451) to work on /opt/airflow/dags/dag_suivi.py
[2026-07-27T12:29:38.737+0000] {processor.py:829} INFO - Processing file /opt/airflow/dags/dag_suivi.py for tasks to queue
[2026-07-27T12:29:38.739+0000] {logging_mixin.py:151} INFO - [2026-07-27T12:29:38.738+0000] {dagbag.py:536} INFO - Filling up the DagBag from /opt/airflow/dags/dag_suivi.py
[2026-07-27T12:29:38.760+0000] {processor.py:839} INFO - DAG(s) dict_keys(['pipeline_ingestion_suivi']) retrieved from /opt/airflow/dags/dag_suivi.py
[2026-07-27T12:29:38.794+0000] {logging_mixin.py:151} INFO - [2026-07-27T12:29:38.794+0000] {dag.py:2941} INFO - Sync 1 DAGs
[2026-07-27T12:29:38.818+0000] {logging_mixin.py:151} INFO - [2026-07-27T12:29:38.818+0000] {dag.py:3722} INFO - Setting next_dagrun for pipeline_ingestion_suivi to 2026-07-27T12:00:00+00:00, run_after=2026-07-27T13:00:00+00:00
[2026-07-27T12:29:38.837+0000] {processor.py:179} INFO - Processing /opt/airflow/dags/dag_suivi.py took 0.103 seconds
[2026-07-27T12:30:09.004+0000] {processor.py:157} INFO - Started process (PID=456) to work on /opt/airflow/dags/dag_suivi.py
[2026-07-27T12:30:09.005+0000] {processor.py:829} INFO - Processing file /opt/airflow/dags/dag_suivi.py for tasks to queue
[2026-07-27T12:30:09.006+0000] {logging_mixin.py:151} INFO - [2026-07-27T12:30:09.006+0000] {dagbag.py:536} INFO - Filling up the DagBag from /opt/airflow/dags/dag_suivi.py
[2026-07-27T12:30:09.026+0000] {processor.py:839} INFO - DAG(s) dict_keys(['pipeline_ingestion_suivi']) retrieved from /opt/airflow/dags/dag_suivi.py
[2026-07-27T12:30:09.052+0000] {logging_mixin.py:151} INFO - [2026-07-27T12:30:09.052+0000] {dag.py:2941} INFO - Sync 1 DAGs
[2026-07-27T12:30:09.072+0000] {logging_mixin.py:151} INFO - [2026-07-27T12:30:09.071+0000] {dag.py:3722} INFO - Setting next_dagrun for pipeline_ingestion_suivi to 2026-07-27T12:00:00+00:00, run_after=2026-07-27T13:00:00+00:00
[2026-07-27T12:30:09.091+0000] {processor.py:179} INFO - Processing /opt/airflow/dags/dag_suivi.py took 0.090 seconds
[2026-07-27T12:30:39.196+0000] {processor.py:157} INFO - Started process (PID=461) to work on /opt/airflow/dags/dag_suivi.py
[2026-07-27T12:30:39.197+0000] {processor.py:829} INFO - Processing file /opt/airflow/dags/dag_suivi.py for tasks to queue
[2026-07-27T12:30:39.198+0000] {logging_mixin.py:151} INFO - [2026-07-27T12:30:39.197+0000] {dagbag.py:536} INFO - Filling up the DagBag from /opt/airflow/dags/dag_suivi.py
[2026-07-27T12:30:39.216+0000] {processor.py:839} INFO - DAG(s) dict_keys(['pipeline_ingestion_suivi']) retrieved from /opt/airflow/dags/dag_suivi.py
[2026-07-27T12:30:39.243+0000] {logging_mixin.py:151} INFO - [2026-07-27T12:30:39.243+0000] {dag.py:2941} INFO - Sync 1 DAGs
[2026-07-27T12:30:39.263+0000] {logging_mixin.py:151} INFO - [2026-07-27T12:30:39.263+0000] {dag.py:3722} INFO - Setting next_dagrun for pipeline_ingestion_suivi to 2026-07-27T12:00:00+00:00, run_after=2026-07-27T13:00:00+00:00
[2026-07-27T12:30:39.281+0000] {processor.py:179} INFO - Processing /opt/airflow/dags/dag_suivi.py took 0.088 seconds
[2026-07-27T12:31:09.456+0000] {processor.py:157} INFO - Started process (PID=466) to work on /opt/airflow/dags/dag_suivi.py
[2026-07-27T12:31:09.456+0000] {processor.py:829} INFO - Processing file /opt/airflow/dags/dag_suivi.py for tasks to queue
[2026-07-27T12:31:09.457+0000] {logging_mixin.py:151} INFO - [2026-07-27T12:31:09.457+0000] {dagbag.py:536} INFO - Filling up the DagBag from /opt/airflow/dags/dag_suivi.py
[2026-07-27T12:31:09.473+0000] {processor.py:839} INFO - DAG(s) dict_keys(['pipeline_ingestion_suivi']) retrieved from /opt/airflow/dags/dag_suivi.py
[2026-07-27T12:31:09.497+0000] {logging_mixin.py:151} INFO - [2026-07-27T12:31:09.497+0000] {dag.py:2941} INFO - Sync 1 DAGs
[2026-07-27T12:31:09.515+0000] {logging_mixin.py:151} INFO - [2026-07-27T12:31:09.515+0000] {dag.py:3722} INFO - Setting next_dagrun for pipeline_ingestion_suivi to 2026-07-27T12:00:00+00:00, run_after=2026-07-27T13:00:00+00:00
[2026-07-27T12:31:09.536+0000] {processor.py:179} INFO - Processing /opt/airflow/dags/dag_suivi.py took 0.082 seconds
[2026-07-27T12:31:39.665+0000] {processor.py:157} INFO - Started process (PID=471) to work on /opt/airflow/dags/dag_suivi.py
[2026-07-27T12:31:39.666+0000] {processor.py:829} INFO - Processing file /opt/airflow/dags/dag_suivi.py for tasks to queue
[2026-07-27T12:31:39.666+0000] {logging_mixin.py:151} INFO - [2026-07-27T12:31:39.666+0000] {dagbag.py:536} INFO - Filling up the DagBag from /opt/airflow/dags/dag_suivi.py
[2026-07-27T12:31:39.688+0000] {processor.py:839} INFO - DAG(s) dict_keys(['pipeline_ingestion_suivi']) retrieved from /opt/airflow/dags/dag_suivi.py
[2026-07-27T12:31:39.730+0000] {logging_mixin.py:151} INFO - [2026-07-27T12:31:39.729+0000] {dag.py:2941} INFO - Sync 1 DAGs
[2026-07-27T12:31:39.754+0000] {logging_mixin.py:151} INFO - [2026-07-27T12:31:39.754+0000] {dag.py:3722} INFO - Setting next_dagrun for pipeline_ingestion_suivi to 2026-07-27T12:00:00+00:00, run_after=2026-07-27T13:00:00+00:00
[2026-07-27T12:31:39.773+0000] {processor.py:179} INFO - Processing /opt/airflow/dags/dag_suivi.py took 0.112 seconds
[2026-07-27T12:32:09.957+0000] {processor.py:157} INFO - Started process (PID=476) to work on /opt/airflow/dags/dag_suivi.py
[2026-07-27T12:32:09.958+0000] {processor.py:829} INFO - Processing file /opt/airflow/dags/dag_suivi.py for tasks to queue
[2026-07-27T12:32:09.958+0000] {logging_mixin.py:151} INFO - [2026-07-27T12:32:09.958+0000] {dagbag.py:536} INFO - Filling up the DagBag from /opt/airflow/dags/dag_suivi.py
[2026-07-27T12:32:09.977+0000] {processor.py:839} INFO - DAG(s) dict_keys(['pipeline_ingestion_suivi']) retrieved from /opt/airflow/dags/dag_suivi.py
[2026-07-27T12:32:10.002+0000] {logging_mixin.py:151} INFO - [2026-07-27T12:32:10.002+0000] {dag.py:2941} INFO - Sync 1 DAGs
[2026-07-27T12:32:10.023+0000] {logging_mixin.py:151} INFO - [2026-07-27T12:32:10.023+0000] {dag.py:3722} INFO - Setting next_dagrun for pipeline_ingestion_suivi to 2026-07-27T12:00:00+00:00, run_after=2026-07-27T13:00:00+00:00
[2026-07-27T12:32:10.040+0000] {processor.py:179} INFO - Processing /opt/airflow/dags/dag_suivi.py took 0.086 seconds
[2026-07-27T12:32:40.165+0000] {processor.py:157} INFO - Started process (PID=481) to work on /opt/airflow/dags/dag_suivi.py
[2026-07-27T12:32:40.166+0000] {processor.py:829} INFO - Processing file /opt/airflow/dags/dag_suivi.py for tasks to queue
[2026-07-27T12:32:40.167+0000] {logging_mixin.py:151} INFO - [2026-07-27T12:32:40.166+0000] {dagbag.py:536} INFO - Filling up the DagBag from /opt/airflow/dags/dag_suivi.py
[2026-07-27T12:32:40.188+0000] {processor.py:839} INFO - DAG(s) dict_keys(['pipeline_ingestion_suivi']) retrieved from /opt/airflow/dags/dag_suivi.py
[2026-07-27T12:32:40.217+0000] {logging_mixin.py:151} INFO - [2026-07-27T12:32:40.217+0000] {dag.py:2941} INFO - Sync 1 DAGs
[2026-07-27T12:32:40.237+0000] {logging_mixin.py:151} INFO - [2026-07-27T12:32:40.236+0000] {dag.py:3722} INFO - Setting next_dagrun for pipeline_ingestion_suivi to 2026-07-27T12:00:00+00:00, run_after=2026-07-27T13:00:00+00:00
[2026-07-27T12:32:40.263+0000] {processor.py:179} INFO - Processing /opt/airflow/dags/dag_suivi.py took 0.102 seconds
[2026-07-27T12:33:10.423+0000] {processor.py:157} INFO - Started process (PID=486) to work on /opt/airflow/dags/dag_suivi.py
[2026-07-27T12:33:10.423+0000] {processor.py:829} INFO - Processing file /opt/airflow/dags/dag_suivi.py for tasks to queue
[2026-07-27T12:33:10.424+0000] {logging_mixin.py:151} INFO - [2026-07-27T12:33:10.424+0000] {dagbag.py:536} INFO - Filling up the DagBag from /opt/airflow/dags/dag_suivi.py
[2026-07-27T12:33:10.444+0000] {processor.py:839} INFO - DAG(s) dict_keys(['pipeline_ingestion_suivi']) retrieved from /opt/airflow/dags/dag_suivi.py
[2026-07-27T12:33:10.471+0000] {logging_mixin.py:151} INFO - [2026-07-27T12:33:10.470+0000] {dag.py:2941} INFO - Sync 1 DAGs
[2026-07-27T12:33:10.491+0000] {logging_mixin.py:151} INFO - [2026-07-27T12:33:10.491+0000] {dag.py:3722} INFO - Setting next_dagrun for pipeline_ingestion_suivi to 2026-07-27T12:00:00+00:00, run_after=2026-07-27T13:00:00+00:00
[2026-07-27T12:33:10.519+0000] {processor.py:179} INFO - Processing /opt/airflow/dags/dag_suivi.py took 0.099 seconds
[2026-07-27T12:33:40.643+0000] {processor.py:157} INFO - Started process (PID=491) to work on /opt/airflow/dags/dag_suivi.py
[2026-07-27T12:33:40.644+0000] {processor.py:829} INFO - Processing file /opt/airflow/dags/dag_suivi.py for tasks to queue
[2026-07-27T12:33:40.645+0000] {logging_mixin.py:151} INFO - [2026-07-27T12:33:40.645+0000] {dagbag.py:536} INFO - Filling up the DagBag from /opt/airflow/dags/dag_suivi.py
[2026-07-27T12:33:40.663+0000] {processor.py:839} INFO - DAG(s) dict_keys(['pipeline_ingestion_suivi']) retrieved from /opt/airflow/dags/dag_suivi.py
[2026-07-27T12:33:40.690+0000] {logging_mixin.py:151} INFO - [2026-07-27T12:33:40.690+0000] {dag.py:2941} INFO - Sync 1 DAGs
[2026-07-27T12:33:40.710+0000] {logging_mixin.py:151} INFO - [2026-07-27T12:33:40.710+0000] {dag.py:3722} INFO - Setting next_dagrun for pipeline_ingestion_suivi to 2026-07-27T12:00:00+00:00, run_after=2026-07-27T13:00:00+00:00
[2026-07-27T12:33:40.736+0000] {processor.py:179} INFO - Processing /opt/airflow/dags/dag_suivi.py took 0.096 seconds
[2026-07-27T12:34:10.905+0000] {processor.py:157} INFO - Started process (PID=496) to work on /opt/airflow/dags/dag_suivi.py
[2026-07-27T12:34:10.905+0000] {processor.py:829} INFO - Processing file /opt/airflow/dags/dag_suivi.py for tasks to queue
[2026-07-27T12:34:10.906+0000] {logging_mixin.py:151} INFO - [2026-07-27T12:34:10.906+0000] {dagbag.py:536} INFO - Filling up the DagBag from /opt/airflow/dags/dag_suivi.py
[2026-07-27T12:34:10.924+0000] {processor.py:839} INFO - DAG(s) dict_keys(['pipeline_ingestion_suivi']) retrieved from /opt/airflow/dags/dag_suivi.py
[2026-07-27T12:34:10.949+0000] {logging_mixin.py:151} INFO - [2026-07-27T12:34:10.949+0000] {dag.py:2941} INFO - Sync 1 DAGs
[2026-07-27T12:34:10.970+0000] {logging_mixin.py:151} INFO - [2026-07-27T12:34:10.970+0000] {dag.py:3722} INFO - Setting next_dagrun for pipeline_ingestion_suivi to 2026-07-27T12:00:00+00:00, run_after=2026-07-27T13:00:00+00:00
[2026-07-27T12:34:11.003+0000] {processor.py:179} INFO - Processing /opt/airflow/dags/dag_suivi.py took 0.101 seconds
[2026-07-27T12:34:41.110+0000] {processor.py:157} INFO - Started process (PID=501) to work on /opt/airflow/dags/dag_suivi.py
[2026-07-27T12:34:41.113+0000] {processor.py:829} INFO - Processing file /opt/airflow/dags/dag_suivi.py for tasks to queue
[2026-07-27T12:34:41.114+0000] {logging_mixin.py:151} INFO - [2026-07-27T12:34:41.114+0000] {dagbag.py:536} INFO - Filling up the DagBag from /opt/airflow/dags/dag_suivi.py
[2026-07-27T12:34:41.137+0000] {processor.py:839} INFO - DAG(s) dict_keys(['pipeline_ingestion_suivi']) retrieved from /opt/airflow/dags/dag_suivi.py
[2026-07-27T12:34:41.170+0000] {logging_mixin.py:151} INFO - [2026-07-27T12:34:41.170+0000] {dag.py:2941} INFO - Sync 1 DAGs
[2026-07-27T12:34:41.196+0000] {logging_mixin.py:151} INFO - [2026-07-27T12:34:41.196+0000] {dag.py:3722} INFO - Setting next_dagrun for pipeline_ingestion_suivi to 2026-07-27T12:00:00+00:00, run_after=2026-07-27T13:00:00+00:00
[2026-07-27T12:34:41.233+0000] {processor.py:179} INFO - Processing /opt/airflow/dags/dag_suivi.py took 0.129 seconds
[2026-07-27T12:35:11.356+0000] {processor.py:157} INFO - Started process (PID=506) to work on /opt/airflow/dags/dag_suivi.py
[2026-07-27T12:35:11.357+0000] {processor.py:829} INFO - Processing file /opt/airflow/dags/dag_suivi.py for tasks to queue
[2026-07-27T12:35:11.358+0000] {logging_mixin.py:151} INFO - [2026-07-27T12:35:11.358+0000] {dagbag.py:536} INFO - Filling up the DagBag from /opt/airflow/dags/dag_suivi.py
[2026-07-27T12:35:11.376+0000] {processor.py:839} INFO - DAG(s) dict_keys(['pipeline_ingestion_suivi']) retrieved from /opt/airflow/dags/dag_suivi.py
[2026-07-27T12:35:11.404+0000] {logging_mixin.py:151} INFO - [2026-07-27T12:35:11.403+0000] {dag.py:2941} INFO - Sync 1 DAGs
[2026-07-27T12:35:11.423+0000] {logging_mixin.py:151} INFO - [2026-07-27T12:35:11.422+0000] {dag.py:3722} INFO - Setting next_dagrun for pipeline_ingestion_suivi to 2026-07-27T12:00:00+00:00, run_after=2026-07-27T13:00:00+00:00
[2026-07-27T12:35:11.442+0000] {processor.py:179} INFO - Processing /opt/airflow/dags/dag_suivi.py took 0.089 seconds
[2026-07-27T12:35:41.634+0000] {processor.py:157} INFO - Started process (PID=511) to work on /opt/airflow/dags/dag_suivi.py
[2026-07-27T12:35:41.634+0000] {processor.py:829} INFO - Processing file /opt/airflow/dags/dag_suivi.py for tasks to queue
[2026-07-27T12:35:41.635+0000] {logging_mixin.py:151} INFO - [2026-07-27T12:35:41.635+0000] {dagbag.py:536} INFO - Filling up the DagBag from /opt/airflow/dags/dag_suivi.py
[2026-07-27T12:35:41.653+0000] {processor.py:839} INFO - DAG(s) dict_keys(['pipeline_ingestion_suivi']) retrieved from /opt/airflow/dags/dag_suivi.py
[2026-07-27T12:35:41.679+0000] {logging_mixin.py:151} INFO - [2026-07-27T12:35:41.678+0000] {dag.py:2941} INFO - Sync 1 DAGs
[2026-07-27T12:35:41.697+0000] {logging_mixin.py:151} INFO - [2026-07-27T12:35:41.697+0000] {dag.py:3722} INFO - Setting next_dagrun for pipeline_ingestion_suivi to 2026-07-27T12:00:00+00:00, run_after=2026-07-27T13:00:00+00:00
[2026-07-27T12:35:41.727+0000] {processor.py:179} INFO - Processing /opt/airflow/dags/dag_suivi.py took 0.097 seconds
[2026-07-27T12:36:11.829+0000] {processor.py:157} INFO - Started process (PID=516) to work on /opt/airflow/dags/dag_suivi.py
[2026-07-27T12:36:11.830+0000] {processor.py:829} INFO - Processing file /opt/airflow/dags/dag_suivi.py for tasks to queue
[2026-07-27T12:36:11.831+0000] {logging_mixin.py:151} INFO - [2026-07-27T12:36:11.831+0000] {dagbag.py:536} INFO - Filling up the DagBag from /opt/airflow/dags/dag_suivi.py
[2026-07-27T12:36:11.853+0000] {processor.py:839} INFO - DAG(s) dict_keys(['pipeline_ingestion_suivi']) retrieved from /opt/airflow/dags/dag_suivi.py
[2026-07-27T12:36:11.880+0000] {logging_mixin.py:151} INFO - [2026-07-27T12:36:11.880+0000] {dag.py:2941} INFO - Sync 1 DAGs
[2026-07-27T12:36:11.901+0000] {logging_mixin.py:151} INFO - [2026-07-27T12:36:11.901+0000] {dag.py:3722} INFO - Setting next_dagrun for pipeline_ingestion_suivi to 2026-07-27T12:00:00+00:00, run_after=2026-07-27T13:00:00+00:00
[2026-07-27T12:36:11.928+0000] {processor.py:179} INFO - Processing /opt/airflow/dags/dag_suivi.py took 0.102 seconds
[2026-07-27T12:36:42.121+0000] {processor.py:157} INFO - Started process (PID=521) to work on /opt/airflow/dags/dag_suivi.py
[2026-07-27T12:36:42.121+0000] {processor.py:829} INFO - Processing file /opt/airflow/dags/dag_suivi.py for tasks to queue
[2026-07-27T12:36:42.122+0000] {logging_mixin.py:151} INFO - [2026-07-27T12:36:42.122+0000] {dagbag.py:536} INFO - Filling up the DagBag from /opt/airflow/dags/dag_suivi.py
[2026-07-27T12:36:42.143+0000] {processor.py:839} INFO - DAG(s) dict_keys(['pipeline_ingestion_suivi']) retrieved from /opt/airflow/dags/dag_suivi.py
[2026-07-27T12:36:42.167+0000] {logging_mixin.py:151} INFO - [2026-07-27T12:36:42.167+0000] {dag.py:2941} INFO - Sync 1 DAGs
[2026-07-27T12:36:42.187+0000] {logging_mixin.py:151} INFO - [2026-07-27T12:36:42.187+0000] {dag.py:3722} INFO - Setting next_dagrun for pipeline_ingestion_suivi to 2026-07-27T12:00:00+00:00, run_after=2026-07-27T13:00:00+00:00
[2026-07-27T12:36:42.206+0000] {processor.py:179} INFO - Processing /opt/airflow/dags/dag_suivi.py took 0.089 seconds
[2026-07-27T12:37:12.315+0000] {processor.py:157} INFO - Started process (PID=526) to work on /opt/airflow/dags/dag_suivi.py
[2026-07-27T12:37:12.316+0000] {processor.py:829} INFO - Processing file /opt/airflow/dags/dag_suivi.py for tasks to queue
[2026-07-27T12:37:12.316+0000] {logging_mixin.py:151} INFO - [2026-07-27T12:37:12.316+0000] {dagbag.py:536} INFO - Filling up the DagBag from /opt/airflow/dags/dag_suivi.py
[2026-07-27T12:37:12.336+0000] {processor.py:839} INFO - DAG(s) dict_keys(['pipeline_ingestion_suivi']) retrieved from /opt/airflow/dags/dag_suivi.py
[2026-07-27T12:37:12.362+0000] {logging_mixin.py:151} INFO - [2026-07-27T12:37:12.362+0000] {dag.py:2941} INFO - Sync 1 DAGs
[2026-07-27T12:37:12.381+0000] {logging_mixin.py:151} INFO - [2026-07-27T12:37:12.380+0000] {dag.py:3722} INFO - Setting next_dagrun for pipeline_ingestion_suivi to 2026-07-27T12:00:00+00:00, run_after=2026-07-27T13:00:00+00:00
[2026-07-27T12:37:12.400+0000] {processor.py:179} INFO - Processing /opt/airflow/dags/dag_suivi.py took 0.088 seconds
[2026-07-27T12:37:42.581+0000] {processor.py:157} INFO - Started process (PID=531) to work on /opt/airflow/dags/dag_suivi.py
[2026-07-27T12:37:42.582+0000] {processor.py:829} INFO - Processing file /opt/airflow/dags/dag_suivi.py for tasks to queue
[2026-07-27T12:37:42.583+0000] {logging_mixin.py:151} INFO - [2026-07-27T12:37:42.583+0000] {dagbag.py:536} INFO - Filling up the DagBag from /opt/airflow/dags/dag_suivi.py
[2026-07-27T12:37:42.602+0000] {processor.py:839} INFO - DAG(s) dict_keys(['pipeline_ingestion_suivi']) retrieved from /opt/airflow/dags/dag_suivi.py
[2026-07-27T12:37:42.626+0000] {logging_mixin.py:151} INFO - [2026-07-27T12:37:42.626+0000] {dag.py:2941} INFO - Sync 1 DAGs
[2026-07-27T12:37:42.646+0000] {logging_mixin.py:151} INFO - [2026-07-27T12:37:42.645+0000] {dag.py:3722} INFO - Setting next_dagrun for pipeline_ingestion_suivi to 2026-07-27T12:00:00+00:00, run_after=2026-07-27T13:00:00+00:00
[2026-07-27T12:37:42.663+0000] {processor.py:179} INFO - Processing /opt/airflow/dags/dag_suivi.py took 0.084 seconds
[2026-07-27T12:38:12.771+0000] {processor.py:157} INFO - Started process (PID=536) to work on /opt/airflow/dags/dag_suivi.py
[2026-07-27T12:38:12.771+0000] {processor.py:829} INFO - Processing file /opt/airflow/dags/dag_suivi.py for tasks to queue
[2026-07-27T12:38:12.772+0000] {logging_mixin.py:151} INFO - [2026-07-27T12:38:12.772+0000] {dagbag.py:536} INFO - Filling up the DagBag from /opt/airflow/dags/dag_suivi.py
[2026-07-27T12:38:12.792+0000] {processor.py:839} INFO - DAG(s) dict_keys(['pipeline_ingestion_suivi']) retrieved from /opt/airflow/dags/dag_suivi.py
[2026-07-27T12:38:12.818+0000] {logging_mixin.py:151} INFO - [2026-07-27T12:38:12.818+0000] {dag.py:2941} INFO - Sync 1 DAGs
[2026-07-27T12:38:12.839+0000] {logging_mixin.py:151} INFO - [2026-07-27T12:38:12.838+0000] {dag.py:3722} INFO - Setting next_dagrun for pipeline_ingestion_suivi to 2026-07-27T12:00:00+00:00, run_after=2026-07-27T13:00:00+00:00
[2026-07-27T12:38:12.857+0000] {processor.py:179} INFO - Processing /opt/airflow/dags/dag_suivi.py took 0.090 seconds
[2026-07-27T12:38:43.038+0000] {processor.py:157} INFO - Started process (PID=541) to work on /opt/airflow/dags/dag_suivi.py
[2026-07-27T12:38:43.038+0000] {processor.py:829} INFO - Processing file /opt/airflow/dags/dag_suivi.py for tasks to queue
[2026-07-27T12:38:43.039+0000] {logging_mixin.py:151} INFO - [2026-07-27T12:38:43.039+0000] {dagbag.py:536} INFO - Filling up the DagBag from /opt/airflow/dags/dag_suivi.py
[2026-07-27T12:38:43.059+0000] {processor.py:839} INFO - DAG(s) dict_keys(['pipeline_ingestion_suivi']) retrieved from /opt/airflow/dags/dag_suivi.py
[2026-07-27T12:38:43.082+0000] {logging_mixin.py:151} INFO - [2026-07-27T12:38:43.082+0000] {dag.py:2941} INFO - Sync 1 DAGs
[2026-07-27T12:38:43.102+0000] {logging_mixin.py:151} INFO - [2026-07-27T12:38:43.102+0000] {dag.py:3722} INFO - Setting next_dagrun for pipeline_ingestion_suivi to 2026-07-27T12:00:00+00:00, run_after=2026-07-27T13:00:00+00:00
[2026-07-27T12:38:43.123+0000] {processor.py:179} INFO - Processing /opt/airflow/dags/dag_suivi.py took 0.088 seconds
[2026-07-27T12:39:13.227+0000] {processor.py:157} INFO - Started process (PID=546) to work on /opt/airflow/dags/dag_suivi.py
[2026-07-27T12:39:13.228+0000] {processor.py:829} INFO - Processing file /opt/airflow/dags/dag_suivi.py for tasks to queue
[2026-07-27T12:39:13.229+0000] {logging_mixin.py:151} INFO - [2026-07-27T12:39:13.229+0000] {dagbag.py:536} INFO - Filling up the DagBag from /opt/airflow/dags/dag_suivi.py
[2026-07-27T12:39:13.248+0000] {processor.py:839} INFO - DAG(s) dict_keys(['pipeline_ingestion_suivi']) retrieved from /opt/airflow/dags/dag_suivi.py
[2026-07-27T12:39:13.284+0000] {logging_mixin.py:151} INFO - [2026-07-27T12:39:13.283+0000] {dag.py:2941} INFO - Sync 1 DAGs
[2026-07-27T12:39:13.304+0000] {logging_mixin.py:151} INFO - [2026-07-27T12:39:13.304+0000] {dag.py:3722} INFO - Setting next_dagrun for pipeline_ingestion_suivi to 2026-07-27T12:00:00+00:00, run_after=2026-07-27T13:00:00+00:00
[2026-07-27T12:39:13.327+0000] {processor.py:179} INFO - Processing /opt/airflow/dags/dag_suivi.py took 0.104 seconds
[2026-07-27T12:39:43.502+0000] {processor.py:157} INFO - Started process (PID=551) to work on /opt/airflow/dags/dag_suivi.py
[2026-07-27T12:39:43.503+0000] {processor.py:829} INFO - Processing file /opt/airflow/dags/dag_suivi.py for tasks to queue
[2026-07-27T12:39:43.504+0000] {logging_mixin.py:151} INFO - [2026-07-27T12:39:43.504+0000] {dagbag.py:536} INFO - Filling up the DagBag from /opt/airflow/dags/dag_suivi.py
[2026-07-27T12:39:43.524+0000] {processor.py:839} INFO - DAG(s) dict_keys(['pipeline_ingestion_suivi']) retrieved from /opt/airflow/dags/dag_suivi.py
[2026-07-27T12:39:43.551+0000] {logging_mixin.py:151} INFO - [2026-07-27T12:39:43.551+0000] {dag.py:2941} INFO - Sync 1 DAGs
[2026-07-27T12:39:43.575+0000] {logging_mixin.py:151} INFO - [2026-07-27T12:39:43.575+0000] {dag.py:3722} INFO - Setting next_dagrun for pipeline_ingestion_suivi to 2026-07-27T12:00:00+00:00, run_after=2026-07-27T13:00:00+00:00
[2026-07-27T12:39:43.605+0000] {processor.py:179} INFO - Processing /opt/airflow/dags/dag_suivi.py took 0.106 seconds
[2026-07-27T12:40:13.720+0000] {processor.py:157} INFO - Started process (PID=556) to work on /opt/airflow/dags/dag_suivi.py
[2026-07-27T12:40:13.721+0000] {processor.py:829} INFO - Processing file /opt/airflow/dags/dag_suivi.py for tasks to queue
[2026-07-27T12:40:13.722+0000] {logging_mixin.py:151} INFO - [2026-07-27T12:40:13.722+0000] {dagbag.py:536} INFO - Filling up the DagBag from /opt/airflow/dags/dag_suivi.py
[2026-07-27T12:40:13.740+0000] {processor.py:839} INFO - DAG(s) dict_keys(['pipeline_ingestion_suivi']) retrieved from /opt/airflow/dags/dag_suivi.py
[2026-07-27T12:40:13.766+0000] {logging_mixin.py:151} INFO - [2026-07-27T12:40:13.766+0000] {dag.py:2941} INFO - Sync 1 DAGs
[2026-07-27T12:40:13.785+0000] {logging_mixin.py:151} INFO - [2026-07-27T12:40:13.785+0000] {dag.py:3722} INFO - Setting next_dagrun for pipeline_ingestion_suivi to 2026-07-27T12:00:00+00:00, run_after=2026-07-27T13:00:00+00:00
[2026-07-27T12:40:13.803+0000] {processor.py:179} INFO - Processing /opt/airflow/dags/dag_suivi.py took 0.086 seconds
[2026-07-27T12:40:43.990+0000] {processor.py:157} INFO - Started process (PID=561) to work on /opt/airflow/dags/dag_suivi.py
[2026-07-27T12:40:43.991+0000] {processor.py:829} INFO - Processing file /opt/airflow/dags/dag_suivi.py for tasks to queue
[2026-07-27T12:40:43.992+0000] {logging_mixin.py:151} INFO - [2026-07-27T12:40:43.992+0000] {dagbag.py:536} INFO - Filling up the DagBag from /opt/airflow/dags/dag_suivi.py
[2026-07-27T12:40:44.011+0000] {processor.py:839} INFO - DAG(s) dict_keys(['pipeline_ingestion_suivi']) retrieved from /opt/airflow/dags/dag_suivi.py
[2026-07-27T12:40:44.037+0000] {logging_mixin.py:151} INFO - [2026-07-27T12:40:44.037+0000] {dag.py:2941} INFO - Sync 1 DAGs
[2026-07-27T12:40:44.056+0000] {logging_mixin.py:151} INFO - [2026-07-27T12:40:44.056+0000] {dag.py:3722} INFO - Setting next_dagrun for pipeline_ingestion_suivi to 2026-07-27T12:00:00+00:00, run_after=2026-07-27T13:00:00+00:00
[2026-07-27T12:40:44.075+0000] {processor.py:179} INFO - Processing /opt/airflow/dags/dag_suivi.py took 0.088 seconds
[2026-07-27T12:41:14.172+0000] {processor.py:157} INFO - Started process (PID=566) to work on /opt/airflow/dags/dag_suivi.py
[2026-07-27T12:41:14.173+0000] {processor.py:829} INFO - Processing file /opt/airflow/dags/dag_suivi.py for tasks to queue
[2026-07-27T12:41:14.173+0000] {logging_mixin.py:151} INFO - [2026-07-27T12:41:14.173+0000] {dagbag.py:536} INFO - Filling up the DagBag from /opt/airflow/dags/dag_suivi.py
[2026-07-27T12:41:14.192+0000] {processor.py:839} INFO - DAG(s) dict_keys(['pipeline_ingestion_suivi']) retrieved from /opt/airflow/dags/dag_suivi.py
[2026-07-27T12:41:14.219+0000] {logging_mixin.py:151} INFO - [2026-07-27T12:41:14.218+0000] {dag.py:2941} INFO - Sync 1 DAGs
[2026-07-27T12:41:14.238+0000] {logging_mixin.py:151} INFO - [2026-07-27T12:41:14.238+0000] {dag.py:3722} INFO - Setting next_dagrun for pipeline_ingestion_suivi to 2026-07-27T12:00:00+00:00, run_after=2026-07-27T13:00:00+00:00
[2026-07-27T12:41:14.266+0000] {processor.py:179} INFO - Processing /opt/airflow/dags/dag_suivi.py took 0.097 seconds
[2026-07-27T12:41:44.546+0000] {processor.py:157} INFO - Started process (PID=571) to work on /opt/airflow/dags/dag_suivi.py
[2026-07-27T12:41:44.547+0000] {processor.py:829} INFO - Processing file /opt/airflow/dags/dag_suivi.py for tasks to queue
[2026-07-27T12:41:44.548+0000] {logging_mixin.py:151} INFO - [2026-07-27T12:41:44.547+0000] {dagbag.py:536} INFO - Filling up the DagBag from /opt/airflow/dags/dag_suivi.py
[2026-07-27T12:41:44.565+0000] {processor.py:839} INFO - DAG(s) dict_keys(['pipeline_ingestion_suivi']) retrieved from /opt/airflow/dags/dag_suivi.py
[2026-07-27T12:41:44.590+0000] {logging_mixin.py:151} INFO - [2026-07-27T12:41:44.590+0000] {dag.py:2941} INFO - Sync 1 DAGs
[2026-07-27T12:41:44.608+0000] {logging_mixin.py:151} INFO - [2026-07-27T12:41:44.608+0000] {dag.py:3722} INFO - Setting next_dagrun for pipeline_ingestion_suivi to 2026-07-27T12:00:00+00:00, run_after=2026-07-27T13:00:00+00:00
[2026-07-27T12:41:44.628+0000] {processor.py:179} INFO - Processing /opt/airflow/dags/dag_suivi.py took 0.084 seconds
[2026-07-27T12:42:14.758+0000] {processor.py:157} INFO - Started process (PID=576) to work on /opt/airflow/dags/dag_suivi.py
[2026-07-27T12:42:14.759+0000] {processor.py:829} INFO - Processing file /opt/airflow/dags/dag_suivi.py for tasks to queue
[2026-07-27T12:42:14.759+0000] {logging_mixin.py:151} INFO - [2026-07-27T12:42:14.759+0000] {dagbag.py:536} INFO - Filling up the DagBag from /opt/airflow/dags/dag_suivi.py
[2026-07-27T12:42:14.776+0000] {processor.py:839} INFO - DAG(s) dict_keys(['pipeline_ingestion_suivi']) retrieved from /opt/airflow/dags/dag_suivi.py
[2026-07-27T12:42:14.801+0000] {logging_mixin.py:151} INFO - [2026-07-27T12:42:14.801+0000] {dag.py:2941} INFO - Sync 1 DAGs
[2026-07-27T12:42:14.821+0000] {logging_mixin.py:151} INFO - [2026-07-27T12:42:14.820+0000] {dag.py:3722} INFO - Setting next_dagrun for pipeline_ingestion_suivi to 2026-07-27T12:00:00+00:00, run_after=2026-07-27T13:00:00+00:00
[2026-07-27T12:42:14.848+0000] {processor.py:179} INFO - Processing /opt/airflow/dags/dag_suivi.py took 0.093 seconds
[2026-07-27T12:42:45.005+0000] {processor.py:157} INFO - Started process (PID=581) to work on /opt/airflow/dags/dag_suivi.py
[2026-07-27T12:42:45.006+0000] {processor.py:829} INFO - Processing file /opt/airflow/dags/dag_suivi.py for tasks to queue
[2026-07-27T12:42:45.006+0000] {logging_mixin.py:151} INFO - [2026-07-27T12:42:45.006+0000] {dagbag.py:536} INFO - Filling up the DagBag from /opt/airflow/dags/dag_suivi.py
[2026-07-27T12:42:45.024+0000] {processor.py:839} INFO - DAG(s) dict_keys(['pipeline_ingestion_suivi']) retrieved from /opt/airflow/dags/dag_suivi.py
[2026-07-27T12:42:45.051+0000] {logging_mixin.py:151} INFO - [2026-07-27T12:42:45.051+0000] {dag.py:2941} INFO - Sync 1 DAGs
[2026-07-27T12:42:45.089+0000] {logging_mixin.py:151} INFO - [2026-07-27T12:42:45.089+0000] {dag.py:3722} INFO - Setting next_dagrun for pipeline_ingestion_suivi to 2026-07-27T12:00:00+00:00, run_after=2026-07-27T13:00:00+00:00
[2026-07-27T12:42:45.111+0000] {processor.py:179} INFO - Processing /opt/airflow/dags/dag_suivi.py took 0.110 seconds
[2026-07-27T12:43:15.215+0000] {processor.py:157} INFO - Started process (PID=586) to work on /opt/airflow/dags/dag_suivi.py
[2026-07-27T12:43:15.216+0000] {processor.py:829} INFO - Processing file /opt/airflow/dags/dag_suivi.py for tasks to queue
[2026-07-27T12:43:15.218+0000] {logging_mixin.py:151} INFO - [2026-07-27T12:43:15.217+0000] {dagbag.py:536} INFO - Filling up the DagBag from /opt/airflow/dags/dag_suivi.py
[2026-07-27T12:43:15.246+0000] {processor.py:839} INFO - DAG(s) dict_keys(['pipeline_ingestion_suivi']) retrieved from /opt/airflow/dags/dag_suivi.py
[2026-07-27T12:43:15.281+0000] {logging_mixin.py:151} INFO - [2026-07-27T12:43:15.280+0000] {dag.py:2941} INFO - Sync 1 DAGs
[2026-07-27T12:43:15.316+0000] {logging_mixin.py:151} INFO - [2026-07-27T12:43:15.316+0000] {dag.py:3722} INFO - Setting next_dagrun for pipeline_ingestion_suivi to 2026-07-27T12:00:00+00:00, run_after=2026-07-27T13:00:00+00:00
[2026-07-27T12:43:15.332+0000] {processor.py:179} INFO - Processing /opt/airflow/dags/dag_suivi.py took 0.121 seconds
[2026-07-27T12:43:45.514+0000] {processor.py:157} INFO - Started process (PID=591) to work on /opt/airflow/dags/dag_suivi.py
[2026-07-27T12:43:45.515+0000] {processor.py:829} INFO - Processing file /opt/airflow/dags/dag_suivi.py for tasks to queue
[2026-07-27T12:43:45.516+0000] {logging_mixin.py:151} INFO - [2026-07-27T12:43:45.515+0000] {dagbag.py:536} INFO - Filling up the DagBag from /opt/airflow/dags/dag_suivi.py
[2026-07-27T12:43:45.533+0000] {processor.py:839} INFO - DAG(s) dict_keys(['pipeline_ingestion_suivi']) retrieved from /opt/airflow/dags/dag_suivi.py
[2026-07-27T12:43:45.558+0000] {logging_mixin.py:151} INFO - [2026-07-27T12:43:45.558+0000] {dag.py:2941} INFO - Sync 1 DAGs
[2026-07-27T12:43:45.577+0000] {logging_mixin.py:151} INFO - [2026-07-27T12:43:45.577+0000] {dag.py:3722} INFO - Setting next_dagrun for pipeline_ingestion_suivi to 2026-07-27T12:00:00+00:00, run_after=2026-07-27T13:00:00+00:00
[2026-07-27T12:43:45.606+0000] {processor.py:179} INFO - Processing /opt/airflow/dags/dag_suivi.py took 0.094 seconds
[2026-07-27T12:44:15.716+0000] {processor.py:157} INFO - Started process (PID=596) to work on /opt/airflow/dags/dag_suivi.py
[2026-07-27T12:44:15.716+0000] {processor.py:829} INFO - Processing file /opt/airflow/dags/dag_suivi.py for tasks to queue
[2026-07-27T12:44:15.717+0000] {logging_mixin.py:151} INFO - [2026-07-27T12:44:15.717+0000] {dagbag.py:536} INFO - Filling up the DagBag from /opt/airflow/dags/dag_suivi.py
[2026-07-27T12:44:15.735+0000] {processor.py:839} INFO - DAG(s) dict_keys(['pipeline_ingestion_suivi']) retrieved from /opt/airflow/dags/dag_suivi.py
[2026-07-27T12:44:15.760+0000] {logging_mixin.py:151} INFO - [2026-07-27T12:44:15.760+0000] {dag.py:2941} INFO - Sync 1 DAGs
[2026-07-27T12:44:15.778+0000] {logging_mixin.py:151} INFO - [2026-07-27T12:44:15.778+0000] {dag.py:3722} INFO - Setting next_dagrun for pipeline_ingestion_suivi to 2026-07-27T12:00:00+00:00, run_after=2026-07-27T13:00:00+00:00
[2026-07-27T12:44:15.797+0000] {processor.py:179} INFO - Processing /opt/airflow/dags/dag_suivi.py took 0.085 seconds
[2026-07-27T12:44:45.997+0000] {processor.py:157} INFO - Started process (PID=601) to work on /opt/airflow/dags/dag_suivi.py
[2026-07-27T12:44:45.998+0000] {processor.py:829} INFO - Processing file /opt/airflow/dags/dag_suivi.py for tasks to queue
[2026-07-27T12:44:45.999+0000] {logging_mixin.py:151} INFO - [2026-07-27T12:44:45.998+0000] {dagbag.py:536} INFO - Filling up the DagBag from /opt/airflow/dags/dag_suivi.py
[2026-07-27T12:44:46.018+0000] {processor.py:839} INFO - DAG(s) dict_keys(['pipeline_ingestion_suivi']) retrieved from /opt/airflow/dags/dag_suivi.py
[2026-07-27T12:44:46.043+0000] {logging_mixin.py:151} INFO - [2026-07-27T12:44:46.043+0000] {dag.py:2941} INFO - Sync 1 DAGs
[2026-07-27T12:44:46.063+0000] {logging_mixin.py:151} INFO - [2026-07-27T12:44:46.063+0000] {dag.py:3722} INFO - Setting next_dagrun for pipeline_ingestion_suivi to 2026-07-27T12:00:00+00:00, run_after=2026-07-27T13:00:00+00:00
[2026-07-27T12:44:46.082+0000] {processor.py:179} INFO - Processing /opt/airflow/dags/dag_suivi.py took 0.087 seconds
[2026-07-27T12:45:16.195+0000] {processor.py:157} INFO - Started process (PID=606) to work on /opt/airflow/dags/dag_suivi.py
[2026-07-27T12:45:16.196+0000] {processor.py:829} INFO - Processing file /opt/airflow/dags/dag_suivi.py for tasks to queue
[2026-07-27T12:45:16.198+0000] {logging_mixin.py:151} INFO - [2026-07-27T12:45:16.197+0000] {dagbag.py:536} INFO - Filling up the DagBag from /opt/airflow/dags/dag_suivi.py
[2026-07-27T12:45:16.217+0000] {processor.py:839} INFO - DAG(s) dict_keys(['pipeline_ingestion_suivi']) retrieved from /opt/airflow/dags/dag_suivi.py
[2026-07-27T12:45:16.244+0000] {logging_mixin.py:151} INFO - [2026-07-27T12:45:16.244+0000] {dag.py:2941} INFO - Sync 1 DAGs
[2026-07-27T12:45:16.264+0000] {logging_mixin.py:151} INFO - [2026-07-27T12:45:16.264+0000] {dag.py:3722} INFO - Setting next_dagrun for pipeline_ingestion_suivi to 2026-07-27T12:00:00+00:00, run_after=2026-07-27T13:00:00+00:00
[2026-07-27T12:45:16.283+0000] {processor.py:179} INFO - Processing /opt/airflow/dags/dag_suivi.py took 0.091 seconds
[2026-07-27T12:45:46.492+0000] {processor.py:157} INFO - Started process (PID=611) to work on /opt/airflow/dags/dag_suivi.py
[2026-07-27T12:45:46.493+0000] {processor.py:829} INFO - Processing file /opt/airflow/dags/dag_suivi.py for tasks to queue
[2026-07-27T12:45:46.493+0000] {logging_mixin.py:151} INFO - [2026-07-27T12:45:46.493+0000] {dagbag.py:536} INFO - Filling up the DagBag from /opt/airflow/dags/dag_suivi.py
[2026-07-27T12:45:46.512+0000] {processor.py:839} INFO - DAG(s) dict_keys(['pipeline_ingestion_suivi']) retrieved from /opt/airflow/dags/dag_suivi.py
[2026-07-27T12:45:46.538+0000] {logging_mixin.py:151} INFO - [2026-07-27T12:45:46.538+0000] {dag.py:2941} INFO - Sync 1 DAGs
[2026-07-27T12:45:46.565+0000] {logging_mixin.py:151} INFO - [2026-07-27T12:45:46.565+0000] {dag.py:3722} INFO - Setting next_dagrun for pipeline_ingestion_suivi to 2026-07-27T12:00:00+00:00, run_after=2026-07-27T13:00:00+00:00
[2026-07-27T12:45:46.587+0000] {processor.py:179} INFO - Processing /opt/airflow/dags/dag_suivi.py took 0.097 seconds
[2026-07-27T12:46:16.725+0000] {processor.py:157} INFO - Started process (PID=616) to work on /opt/airflow/dags/dag_suivi.py
[2026-07-27T12:46:16.725+0000] {processor.py:829} INFO - Processing file /opt/airflow/dags/dag_suivi.py for tasks to queue
[2026-07-27T12:46:16.727+0000] {logging_mixin.py:151} INFO - [2026-07-27T12:46:16.726+0000] {dagbag.py:536} INFO - Filling up the DagBag from /opt/airflow/dags/dag_suivi.py
[2026-07-27T12:46:16.760+0000] {processor.py:839} INFO - DAG(s) dict_keys(['pipeline_ingestion_suivi']) retrieved from /opt/airflow/dags/dag_suivi.py
[2026-07-27T12:46:16.798+0000] {logging_mixin.py:151} INFO - [2026-07-27T12:46:16.798+0000] {dag.py:2941} INFO - Sync 1 DAGs
[2026-07-27T12:46:16.824+0000] {logging_mixin.py:151} INFO - [2026-07-27T12:46:16.824+0000] {dag.py:3722} INFO - Setting next_dagrun for pipeline_ingestion_suivi to 2026-07-27T12:00:00+00:00, run_after=2026-07-27T13:00:00+00:00
[2026-07-27T12:46:16.843+0000] {processor.py:179} INFO - Processing /opt/airflow/dags/dag_suivi.py took 0.123 seconds
[2026-07-27T12:46:46.957+0000] {processor.py:157} INFO - Started process (PID=621) to work on /opt/airflow/dags/dag_suivi.py
[2026-07-27T12:46:46.957+0000] {processor.py:829} INFO - Processing file /opt/airflow/dags/dag_suivi.py for tasks to queue
[2026-07-27T12:46:46.958+0000] {logging_mixin.py:151} INFO - [2026-07-27T12:46:46.958+0000] {dagbag.py:536} INFO - Filling up the DagBag from /opt/airflow/dags/dag_suivi.py
[2026-07-27T12:46:46.978+0000] {processor.py:839} INFO - DAG(s) dict_keys(['pipeline_ingestion_suivi']) retrieved from /opt/airflow/dags/dag_suivi.py
[2026-07-27T12:46:47.003+0000] {logging_mixin.py:151} INFO - [2026-07-27T12:46:47.003+0000] {dag.py:2941} INFO - Sync 1 DAGs
[2026-07-27T12:46:47.022+0000] {logging_mixin.py:151} INFO - [2026-07-27T12:46:47.021+0000] {dag.py:3722} INFO - Setting next_dagrun for pipeline_ingestion_suivi to 2026-07-27T12:00:00+00:00, run_after=2026-07-27T13:00:00+00:00
[2026-07-27T12:46:47.040+0000] {processor.py:179} INFO - Processing /opt/airflow/dags/dag_suivi.py took 0.086 seconds
[2026-07-27T12:47:17.181+0000] {processor.py:157} INFO - Started process (PID=626) to work on /opt/airflow/dags/dag_suivi.py
[2026-07-27T12:47:17.181+0000] {processor.py:829} INFO - Processing file /opt/airflow/dags/dag_suivi.py for tasks to queue
[2026-07-27T12:47:17.182+0000] {logging_mixin.py:151} INFO - [2026-07-27T12:47:17.182+0000] {dagbag.py:536} INFO - Filling up the DagBag from /opt/airflow/dags/dag_suivi.py
[2026-07-27T12:47:17.200+0000] {processor.py:839} INFO - DAG(s) dict_keys(['pipeline_ingestion_suivi']) retrieved from /opt/airflow/dags/dag_suivi.py
[2026-07-27T12:47:17.223+0000] {logging_mixin.py:151} INFO - [2026-07-27T12:47:17.223+0000] {dag.py:2941} INFO - Sync 1 DAGs
[2026-07-27T12:47:17.243+0000] {logging_mixin.py:151} INFO - [2026-07-27T12:47:17.243+0000] {dag.py:3722} INFO - Setting next_dagrun for pipeline_ingestion_suivi to 2026-07-27T12:00:00+00:00, run_after=2026-07-27T13:00:00+00:00
[2026-07-27T12:47:17.273+0000] {processor.py:179} INFO - Processing /opt/airflow/dags/dag_suivi.py took 0.095 seconds
[2026-07-27T12:47:47.406+0000] {processor.py:157} INFO - Started process (PID=631) to work on /opt/airflow/dags/dag_suivi.py
[2026-07-27T12:47:47.407+0000] {processor.py:829} INFO - Processing file /opt/airflow/dags/dag_suivi.py for tasks to queue
[2026-07-27T12:47:47.408+0000] {logging_mixin.py:151} INFO - [2026-07-27T12:47:47.407+0000] {dagbag.py:536} INFO - Filling up the DagBag from /opt/airflow/dags/dag_suivi.py
[2026-07-27T12:47:47.430+0000] {processor.py:839} INFO - DAG(s) dict_keys(['pipeline_ingestion_suivi']) retrieved from /opt/airflow/dags/dag_suivi.py
[2026-07-27T12:47:47.458+0000] {logging_mixin.py:151} INFO - [2026-07-27T12:47:47.457+0000] {dag.py:2941} INFO - Sync 1 DAGs
[2026-07-27T12:47:47.476+0000] {logging_mixin.py:151} INFO - [2026-07-27T12:47:47.476+0000] {dag.py:3722} INFO - Setting next_dagrun for pipeline_ingestion_suivi to 2026-07-27T12:00:00+00:00, run_after=2026-07-27T13:00:00+00:00
[2026-07-27T12:47:47.495+0000] {processor.py:179} INFO - Processing /opt/airflow/dags/dag_suivi.py took 0.093 seconds
[2026-07-27T12:48:17.641+0000] {processor.py:157} INFO - Started process (PID=636) to work on /opt/airflow/dags/dag_suivi.py
[2026-07-27T12:48:17.642+0000] {processor.py:829} INFO - Processing file /opt/airflow/dags/dag_suivi.py for tasks to queue
[2026-07-27T12:48:17.643+0000] {logging_mixin.py:151} INFO - [2026-07-27T12:48:17.643+0000] {dagbag.py:536} INFO - Filling up the DagBag from /opt/airflow/dags/dag_suivi.py
[2026-07-27T12:48:17.662+0000] {processor.py:839} INFO - DAG(s) dict_keys(['pipeline_ingestion_suivi']) retrieved from /opt/airflow/dags/dag_suivi.py
[2026-07-27T12:48:17.687+0000] {logging_mixin.py:151} INFO - [2026-07-27T12:48:17.687+0000] {dag.py:2941} INFO - Sync 1 DAGs
[2026-07-27T12:48:17.707+0000] {logging_mixin.py:151} INFO - [2026-07-27T12:48:17.707+0000] {dag.py:3722} INFO - Setting next_dagrun for pipeline_ingestion_suivi to 2026-07-27T12:00:00+00:00, run_after=2026-07-27T13:00:00+00:00
[2026-07-27T12:48:17.736+0000] {processor.py:179} INFO - Processing /opt/airflow/dags/dag_suivi.py took 0.097 seconds
[2026-07-27T12:48:47.867+0000] {processor.py:157} INFO - Started process (PID=641) to work on /opt/airflow/dags/dag_suivi.py
[2026-07-27T12:48:47.868+0000] {processor.py:829} INFO - Processing file /opt/airflow/dags/dag_suivi.py for tasks to queue
[2026-07-27T12:48:47.869+0000] {logging_mixin.py:151} INFO - [2026-07-27T12:48:47.869+0000] {dagbag.py:536} INFO - Filling up the DagBag from /opt/airflow/dags/dag_suivi.py
[2026-07-27T12:48:47.887+0000] {processor.py:839} INFO - DAG(s) dict_keys(['pipeline_ingestion_suivi']) retrieved from /opt/airflow/dags/dag_suivi.py
[2026-07-27T12:48:47.913+0000] {logging_mixin.py:151} INFO - [2026-07-27T12:48:47.913+0000] {dag.py:2941} INFO - Sync 1 DAGs
[2026-07-27T12:48:47.933+0000] {logging_mixin.py:151} INFO - [2026-07-27T12:48:47.933+0000] {dag.py:3722} INFO - Setting next_dagrun for pipeline_ingestion_suivi to 2026-07-27T12:00:00+00:00, run_after=2026-07-27T13:00:00+00:00
[2026-07-27T12:48:47.953+0000] {processor.py:179} INFO - Processing /opt/airflow/dags/dag_suivi.py took 0.089 seconds
[2026-07-27T12:49:18.097+0000] {processor.py:157} INFO - Started process (PID=646) to work on /opt/airflow/dags/dag_suivi.py
[2026-07-27T12:49:18.098+0000] {processor.py:829} INFO - Processing file /opt/airflow/dags/dag_suivi.py for tasks to queue
[2026-07-27T12:49:18.099+0000] {logging_mixin.py:151} INFO - [2026-07-27T12:49:18.099+0000] {dagbag.py:536} INFO - Filling up the DagBag from /opt/airflow/dags/dag_suivi.py
[2026-07-27T12:49:18.124+0000] {processor.py:839} INFO - DAG(s) dict_keys(['pipeline_ingestion_suivi']) retrieved from /opt/airflow/dags/dag_suivi.py
[2026-07-27T12:49:18.153+0000] {logging_mixin.py:151} INFO - [2026-07-27T12:49:18.153+0000] {dag.py:2941} INFO - Sync 1 DAGs
[2026-07-27T12:49:18.177+0000] {logging_mixin.py:151} INFO - [2026-07-27T12:49:18.177+0000] {dag.py:3722} INFO - Setting next_dagrun for pipeline_ingestion_suivi to 2026-07-27T12:00:00+00:00, run_after=2026-07-27T13:00:00+00:00
[2026-07-27T12:49:18.202+0000] {processor.py:179} INFO - Processing /opt/airflow/dags/dag_suivi.py took 0.109 seconds
[2026-07-27T12:49:48.287+0000] {processor.py:157} INFO - Started process (PID=651) to work on /opt/airflow/dags/dag_suivi.py
[2026-07-27T12:49:48.288+0000] {processor.py:829} INFO - Processing file /opt/airflow/dags/dag_suivi.py for tasks to queue
[2026-07-27T12:49:48.288+0000] {logging_mixin.py:151} INFO - [2026-07-27T12:49:48.288+0000] {dagbag.py:536} INFO - Filling up the DagBag from /opt/airflow/dags/dag_suivi.py
[2026-07-27T12:49:48.308+0000] {processor.py:839} INFO - DAG(s) dict_keys(['pipeline_ingestion_suivi']) retrieved from /opt/airflow/dags/dag_suivi.py
[2026-07-27T12:49:48.334+0000] {logging_mixin.py:151} INFO - [2026-07-27T12:49:48.334+0000] {dag.py:2941} INFO - Sync 1 DAGs
[2026-07-27T12:49:48.354+0000] {logging_mixin.py:151} INFO - [2026-07-27T12:49:48.354+0000] {dag.py:3722} INFO - Setting next_dagrun for pipeline_ingestion_suivi to 2026-07-27T12:00:00+00:00, run_after=2026-07-27T13:00:00+00:00
[2026-07-27T12:49:48.375+0000] {processor.py:179} INFO - Processing /opt/airflow/dags/dag_suivi.py took 0.091 seconds
[2026-07-27T12:50:18.570+0000] {processor.py:157} INFO - Started process (PID=656) to work on /opt/airflow/dags/dag_suivi.py
[2026-07-27T12:50:18.571+0000] {processor.py:829} INFO - Processing file /opt/airflow/dags/dag_suivi.py for tasks to queue
[2026-07-27T12:50:18.572+0000] {logging_mixin.py:151} INFO - [2026-07-27T12:50:18.572+0000] {dagbag.py:536} INFO - Filling up the DagBag from /opt/airflow/dags/dag_suivi.py
[2026-07-27T12:50:18.593+0000] {processor.py:839} INFO - DAG(s) dict_keys(['pipeline_ingestion_suivi']) retrieved from /opt/airflow/dags/dag_suivi.py
[2026-07-27T12:50:18.619+0000] {logging_mixin.py:151} INFO - [2026-07-27T12:50:18.619+0000] {dag.py:2941} INFO - Sync 1 DAGs
[2026-07-27T12:50:18.640+0000] {logging_mixin.py:151} INFO - [2026-07-27T12:50:18.640+0000] {dag.py:3722} INFO - Setting next_dagrun for pipeline_ingestion_suivi to 2026-07-27T12:00:00+00:00, run_after=2026-07-27T13:00:00+00:00
[2026-07-27T12:50:18.658+0000] {processor.py:179} INFO - Processing /opt/airflow/dags/dag_suivi.py took 0.092 seconds
[2026-07-27T12:50:48.757+0000] {processor.py:157} INFO - Started process (PID=661) to work on /opt/airflow/dags/dag_suivi.py
[2026-07-27T12:50:48.758+0000] {processor.py:829} INFO - Processing file /opt/airflow/dags/dag_suivi.py for tasks to queue
[2026-07-27T12:50:48.759+0000] {logging_mixin.py:151} INFO - [2026-07-27T12:50:48.759+0000] {dagbag.py:536} INFO - Filling up the DagBag from /opt/airflow/dags/dag_suivi.py
[2026-07-27T12:50:48.779+0000] {processor.py:839} INFO - DAG(s) dict_keys(['pipeline_ingestion_suivi']) retrieved from /opt/airflow/dags/dag_suivi.py
[2026-07-27T12:50:48.805+0000] {logging_mixin.py:151} INFO - [2026-07-27T12:50:48.805+0000] {dag.py:2941} INFO - Sync 1 DAGs
[2026-07-27T12:50:48.826+0000] {logging_mixin.py:151} INFO - [2026-07-27T12:50:48.825+0000] {dag.py:3722} INFO - Setting next_dagrun for pipeline_ingestion_suivi to 2026-07-27T12:00:00+00:00, run_after=2026-07-27T13:00:00+00:00
[2026-07-27T12:50:48.844+0000] {processor.py:179} INFO - Processing /opt/airflow/dags/dag_suivi.py took 0.090 seconds
[2026-07-27T12:51:19.019+0000] {processor.py:157} INFO - Started process (PID=666) to work on /opt/airflow/dags/dag_suivi.py
[2026-07-27T12:51:19.020+0000] {processor.py:829} INFO - Processing file /opt/airflow/dags/dag_suivi.py for tasks to queue
[2026-07-27T12:51:19.021+0000] {logging_mixin.py:151} INFO - [2026-07-27T12:51:19.020+0000] {dagbag.py:536} INFO - Filling up the DagBag from /opt/airflow/dags/dag_suivi.py
[2026-07-27T12:51:19.041+0000] {processor.py:839} INFO - DAG(s) dict_keys(['pipeline_ingestion_suivi']) retrieved from /opt/airflow/dags/dag_suivi.py
[2026-07-27T12:51:19.065+0000] {logging_mixin.py:151} INFO - [2026-07-27T12:51:19.065+0000] {dag.py:2941} INFO - Sync 1 DAGs
[2026-07-27T12:51:19.084+0000] {logging_mixin.py:151} INFO - [2026-07-27T12:51:19.084+0000] {dag.py:3722} INFO - Setting next_dagrun for pipeline_ingestion_suivi to 2026-07-27T12:00:00+00:00, run_after=2026-07-27T13:00:00+00:00
[2026-07-27T12:51:19.104+0000] {processor.py:179} INFO - Processing /opt/airflow/dags/dag_suivi.py took 0.087 seconds
[2026-07-27T12:51:49.228+0000] {processor.py:157} INFO - Started process (PID=671) to work on /opt/airflow/dags/dag_suivi.py
[2026-07-27T12:51:49.230+0000] {processor.py:829} INFO - Processing file /opt/airflow/dags/dag_suivi.py for tasks to queue
[2026-07-27T12:51:49.231+0000] {logging_mixin.py:151} INFO - [2026-07-27T12:51:49.230+0000] {dagbag.py:536} INFO - Filling up the DagBag from /opt/airflow/dags/dag_suivi.py
[2026-07-27T12:51:49.250+0000] {processor.py:839} INFO - DAG(s) dict_keys(['pipeline_ingestion_suivi']) retrieved from /opt/airflow/dags/dag_suivi.py
[2026-07-27T12:51:49.278+0000] {logging_mixin.py:151} INFO - [2026-07-27T12:51:49.278+0000] {dag.py:2941} INFO - Sync 1 DAGs
[2026-07-27T12:51:49.301+0000] {logging_mixin.py:151} INFO - [2026-07-27T12:51:49.301+0000] {dag.py:3722} INFO - Setting next_dagrun for pipeline_ingestion_suivi to 2026-07-27T12:00:00+00:00, run_after=2026-07-27T13:00:00+00:00
[2026-07-27T12:51:49.319+0000] {processor.py:179} INFO - Processing /opt/airflow/dags/dag_suivi.py took 0.094 seconds
[2026-07-27T12:52:19.444+0000] {processor.py:157} INFO - Started process (PID=676) to work on /opt/airflow/dags/dag_suivi.py
[2026-07-27T12:52:19.445+0000] {processor.py:829} INFO - Processing file /opt/airflow/dags/dag_suivi.py for tasks to queue
[2026-07-27T12:52:19.446+0000] {logging_mixin.py:151} INFO - [2026-07-27T12:52:19.446+0000] {dagbag.py:536} INFO - Filling up the DagBag from /opt/airflow/dags/dag_suivi.py
[2026-07-27T12:52:19.465+0000] {processor.py:839} INFO - DAG(s) dict_keys(['pipeline_ingestion_suivi']) retrieved from /opt/airflow/dags/dag_suivi.py
[2026-07-27T12:52:19.490+0000] {logging_mixin.py:151} INFO - [2026-07-27T12:52:19.490+0000] {dag.py:2941} INFO - Sync 1 DAGs
[2026-07-27T12:52:19.511+0000] {logging_mixin.py:151} INFO - [2026-07-27T12:52:19.511+0000] {dag.py:3722} INFO - Setting next_dagrun for pipeline_ingestion_suivi to 2026-07-27T12:00:00+00:00, run_after=2026-07-27T13:00:00+00:00
[2026-07-27T12:52:19.532+0000] {processor.py:179} INFO - Processing /opt/airflow/dags/dag_suivi.py took 0.091 seconds
[2026-07-27T12:52:49.686+0000] {processor.py:157} INFO - Started process (PID=681) to work on /opt/airflow/dags/dag_suivi.py
[2026-07-27T12:52:49.686+0000] {processor.py:829} INFO - Processing file /opt/airflow/dags/dag_suivi.py for tasks to queue
[2026-07-27T12:52:49.688+0000] {logging_mixin.py:151} INFO - [2026-07-27T12:52:49.687+0000] {dagbag.py:536} INFO - Filling up the DagBag from /opt/airflow/dags/dag_suivi.py
[2026-07-27T12:52:49.707+0000] {processor.py:839} INFO - DAG(s) dict_keys(['pipeline_ingestion_suivi']) retrieved from /opt/airflow/dags/dag_suivi.py
[2026-07-27T12:52:49.731+0000] {logging_mixin.py:151} INFO - [2026-07-27T12:52:49.731+0000] {dag.py:2941} INFO - Sync 1 DAGs
[2026-07-27T12:52:49.750+0000] {logging_mixin.py:151} INFO - [2026-07-27T12:52:49.750+0000] {dag.py:3722} INFO - Setting next_dagrun for pipeline_ingestion_suivi to 2026-07-27T12:00:00+00:00, run_after=2026-07-27T13:00:00+00:00
[2026-07-27T12:52:49.771+0000] {processor.py:179} INFO - Processing /opt/airflow/dags/dag_suivi.py took 0.089 seconds
[2026-07-27T12:53:19.895+0000] {processor.py:157} INFO - Started process (PID=686) to work on /opt/airflow/dags/dag_suivi.py
[2026-07-27T12:53:19.896+0000] {processor.py:829} INFO - Processing file /opt/airflow/dags/dag_suivi.py for tasks to queue
[2026-07-27T12:53:19.897+0000] {logging_mixin.py:151} INFO - [2026-07-27T12:53:19.897+0000] {dagbag.py:536} INFO - Filling up the DagBag from /opt/airflow/dags/dag_suivi.py
[2026-07-27T12:53:19.917+0000] {processor.py:839} INFO - DAG(s) dict_keys(['pipeline_ingestion_suivi']) retrieved from /opt/airflow/dags/dag_suivi.py
[2026-07-27T12:53:19.942+0000] {logging_mixin.py:151} INFO - [2026-07-27T12:53:19.942+0000] {dag.py:2941} INFO - Sync 1 DAGs
[2026-07-27T12:53:19.961+0000] {logging_mixin.py:151} INFO - [2026-07-27T12:53:19.961+0000] {dag.py:3722} INFO - Setting next_dagrun for pipeline_ingestion_suivi to 2026-07-27T12:00:00+00:00, run_after=2026-07-27T13:00:00+00:00
[2026-07-27T12:53:19.981+0000] {processor.py:179} INFO - Processing /opt/airflow/dags/dag_suivi.py took 0.091 seconds
[2026-07-27T12:53:50.127+0000] {processor.py:157} INFO - Started process (PID=691) to work on /opt/airflow/dags/dag_suivi.py
[2026-07-27T12:53:50.128+0000] {processor.py:829} INFO - Processing file /opt/airflow/dags/dag_suivi.py for tasks to queue
[2026-07-27T12:53:50.128+0000] {logging_mixin.py:151} INFO - [2026-07-27T12:53:50.128+0000] {dagbag.py:536} INFO - Filling up the DagBag from /opt/airflow/dags/dag_suivi.py
[2026-07-27T12:53:50.148+0000] {processor.py:839} INFO - DAG(s) dict_keys(['pipeline_ingestion_suivi']) retrieved from /opt/airflow/dags/dag_suivi.py
[2026-07-27T12:53:50.176+0000] {logging_mixin.py:151} INFO - [2026-07-27T12:53:50.175+0000] {dag.py:2941} INFO - Sync 1 DAGs
[2026-07-27T12:53:50.199+0000] {logging_mixin.py:151} INFO - [2026-07-27T12:53:50.199+0000] {dag.py:3722} INFO - Setting next_dagrun for pipeline_ingestion_suivi to 2026-07-27T12:00:00+00:00, run_after=2026-07-27T13:00:00+00:00
[2026-07-27T12:53:50.221+0000] {processor.py:179} INFO - Processing /opt/airflow/dags/dag_suivi.py took 0.096 seconds
[2026-07-27T12:54:20.335+0000] {processor.py:157} INFO - Started process (PID=696) to work on /opt/airflow/dags/dag_suivi.py
[2026-07-27T12:54:20.336+0000] {processor.py:829} INFO - Processing file /opt/airflow/dags/dag_suivi.py for tasks to queue
[2026-07-27T12:54:20.336+0000] {logging_mixin.py:151} INFO - [2026-07-27T12:54:20.336+0000] {dagbag.py:536} INFO - Filling up the DagBag from /opt/airflow/dags/dag_suivi.py
[2026-07-27T12:54:20.353+0000] {processor.py:839} INFO - DAG(s) dict_keys(['pipeline_ingestion_suivi']) retrieved from /opt/airflow/dags/dag_suivi.py
[2026-07-27T12:54:20.380+0000] {logging_mixin.py:151} INFO - [2026-07-27T12:54:20.380+0000] {dag.py:2941} INFO - Sync 1 DAGs
[2026-07-27T12:54:20.400+0000] {logging_mixin.py:151} INFO - [2026-07-27T12:54:20.399+0000] {dag.py:3722} INFO - Setting next_dagrun for pipeline_ingestion_suivi to 2026-07-27T12:00:00+00:00, run_after=2026-07-27T13:00:00+00:00
[2026-07-27T12:54:20.432+0000] {processor.py:179} INFO - Processing /opt/airflow/dags/dag_suivi.py took 0.099 seconds
[2026-07-27T12:54:50.587+0000] {processor.py:157} INFO - Started process (PID=701) to work on /opt/airflow/dags/dag_suivi.py
[2026-07-27T12:54:50.588+0000] {processor.py:829} INFO - Processing file /opt/airflow/dags/dag_suivi.py for tasks to queue
[2026-07-27T12:54:50.589+0000] {logging_mixin.py:151} INFO - [2026-07-27T12:54:50.588+0000] {dagbag.py:536} INFO - Filling up the DagBag from /opt/airflow/dags/dag_suivi.py
[2026-07-27T12:54:50.607+0000] {processor.py:839} INFO - DAG(s) dict_keys(['pipeline_ingestion_suivi']) retrieved from /opt/airflow/dags/dag_suivi.py
[2026-07-27T12:54:50.632+0000] {logging_mixin.py:151} INFO - [2026-07-27T12:54:50.631+0000] {dag.py:2941} INFO - Sync 1 DAGs
[2026-07-27T12:54:50.651+0000] {logging_mixin.py:151} INFO - [2026-07-27T12:54:50.651+0000] {dag.py:3722} INFO - Setting next_dagrun for pipeline_ingestion_suivi to 2026-07-27T12:00:00+00:00, run_after=2026-07-27T13:00:00+00:00
[2026-07-27T12:54:50.670+0000] {processor.py:179} INFO - Processing /opt/airflow/dags/dag_suivi.py took 0.085 seconds
[2026-07-27T12:55:20.800+0000] {processor.py:157} INFO - Started process (PID=706) to work on /opt/airflow/dags/dag_suivi.py
[2026-07-27T12:55:20.801+0000] {processor.py:829} INFO - Processing file /opt/airflow/dags/dag_suivi.py for tasks to queue
[2026-07-27T12:55:20.802+0000] {logging_mixin.py:151} INFO - [2026-07-27T12:55:20.802+0000] {dagbag.py:536} INFO - Filling up the DagBag from /opt/airflow/dags/dag_suivi.py
[2026-07-27T12:55:20.821+0000] {processor.py:839} INFO - DAG(s) dict_keys(['pipeline_ingestion_suivi']) retrieved from /opt/airflow/dags/dag_suivi.py
[2026-07-27T12:55:20.848+0000] {logging_mixin.py:151} INFO - [2026-07-27T12:55:20.848+0000] {dag.py:2941} INFO - Sync 1 DAGs
[2026-07-27T12:55:20.868+0000] {logging_mixin.py:151} INFO - [2026-07-27T12:55:20.868+0000] {dag.py:3722} INFO - Setting next_dagrun for pipeline_ingestion_suivi to 2026-07-27T12:00:00+00:00, run_after=2026-07-27T13:00:00+00:00
[2026-07-27T12:55:20.886+0000] {processor.py:179} INFO - Processing /opt/airflow/dags/dag_suivi.py took 0.089 seconds
[2026-07-27T12:55:51.036+0000] {processor.py:157} INFO - Started process (PID=711) to work on /opt/airflow/dags/dag_suivi.py
[2026-07-27T12:55:51.036+0000] {processor.py:829} INFO - Processing file /opt/airflow/dags/dag_suivi.py for tasks to queue
[2026-07-27T12:55:51.037+0000] {logging_mixin.py:151} INFO - [2026-07-27T12:55:51.037+0000] {dagbag.py:536} INFO - Filling up the DagBag from /opt/airflow/dags/dag_suivi.py
[2026-07-27T12:55:51.056+0000] {processor.py:839} INFO - DAG(s) dict_keys(['pipeline_ingestion_suivi']) retrieved from /opt/airflow/dags/dag_suivi.py
[2026-07-27T12:55:51.083+0000] {logging_mixin.py:151} INFO - [2026-07-27T12:55:51.083+0000] {dag.py:2941} INFO - Sync 1 DAGs
[2026-07-27T12:55:51.105+0000] {logging_mixin.py:151} INFO - [2026-07-27T12:55:51.105+0000] {dag.py:3722} INFO - Setting next_dagrun for pipeline_ingestion_suivi to 2026-07-27T12:00:00+00:00, run_after=2026-07-27T13:00:00+00:00
[2026-07-27T12:55:51.125+0000] {processor.py:179} INFO - Processing /opt/airflow/dags/dag_suivi.py took 0.092 seconds
[2026-07-27T12:56:21.217+0000] {processor.py:157} INFO - Started process (PID=716) to work on /opt/airflow/dags/dag_suivi.py
[2026-07-27T12:56:21.217+0000] {processor.py:829} INFO - Processing file /opt/airflow/dags/dag_suivi.py for tasks to queue
[2026-07-27T12:56:21.218+0000] {logging_mixin.py:151} INFO - [2026-07-27T12:56:21.218+0000] {dagbag.py:536} INFO - Filling up the DagBag from /opt/airflow/dags/dag_suivi.py
[2026-07-27T12:56:21.237+0000] {processor.py:839} INFO - DAG(s) dict_keys(['pipeline_ingestion_suivi']) retrieved from /opt/airflow/dags/dag_suivi.py
[2026-07-27T12:56:21.263+0000] {logging_mixin.py:151} INFO - [2026-07-27T12:56:21.263+0000] {dag.py:2941} INFO - Sync 1 DAGs
[2026-07-27T12:56:21.283+0000] {logging_mixin.py:151} INFO - [2026-07-27T12:56:21.283+0000] {dag.py:3722} INFO - Setting next_dagrun for pipeline_ingestion_suivi to 2026-07-27T12:00:00+00:00, run_after=2026-07-27T13:00:00+00:00
[2026-07-27T12:56:21.303+0000] {processor.py:179} INFO - Processing /opt/airflow/dags/dag_suivi.py took 0.089 seconds
[2026-07-27T12:56:51.540+0000] {processor.py:157} INFO - Started process (PID=721) to work on /opt/airflow/dags/dag_suivi.py
[2026-07-27T12:56:51.540+0000] {processor.py:829} INFO - Processing file /opt/airflow/dags/dag_suivi.py for tasks to queue
[2026-07-27T12:56:51.541+0000] {logging_mixin.py:151} INFO - [2026-07-27T12:56:51.541+0000] {dagbag.py:536} INFO - Filling up the DagBag from /opt/airflow/dags/dag_suivi.py
[2026-07-27T12:56:51.562+0000] {processor.py:839} INFO - DAG(s) dict_keys(['pipeline_ingestion_suivi']) retrieved from /opt/airflow/dags/dag_suivi.py
[2026-07-27T12:56:51.587+0000] {logging_mixin.py:151} INFO - [2026-07-27T12:56:51.587+0000] {dag.py:2941} INFO - Sync 1 DAGs
[2026-07-27T12:56:51.605+0000] {logging_mixin.py:151} INFO - [2026-07-27T12:56:51.605+0000] {dag.py:3722} INFO - Setting next_dagrun for pipeline_ingestion_suivi to 2026-07-27T12:00:00+00:00, run_after=2026-07-27T13:00:00+00:00
[2026-07-27T12:56:51.635+0000] {processor.py:179} INFO - Processing /opt/airflow/dags/dag_suivi.py took 0.098 seconds
[2026-07-27T12:57:21.742+0000] {processor.py:157} INFO - Started process (PID=726) to work on /opt/airflow/dags/dag_suivi.py
[2026-07-27T12:57:21.743+0000] {processor.py:829} INFO - Processing file /opt/airflow/dags/dag_suivi.py for tasks to queue
[2026-07-27T12:57:21.744+0000] {logging_mixin.py:151} INFO - [2026-07-27T12:57:21.743+0000] {dagbag.py:536} INFO - Filling up the DagBag from /opt/airflow/dags/dag_suivi.py
[2026-07-27T12:57:21.764+0000] {processor.py:839} INFO - DAG(s) dict_keys(['pipeline_ingestion_suivi']) retrieved from /opt/airflow/dags/dag_suivi.py
[2026-07-27T12:57:21.792+0000] {logging_mixin.py:151} INFO - [2026-07-27T12:57:21.791+0000] {dag.py:2941} INFO - Sync 1 DAGs
[2026-07-27T12:57:21.812+0000] {logging_mixin.py:151} INFO - [2026-07-27T12:57:21.812+0000] {dag.py:3722} INFO - Setting next_dagrun for pipeline_ingestion_suivi to 2026-07-27T12:00:00+00:00, run_after=2026-07-27T13:00:00+00:00
[2026-07-27T12:57:21.837+0000] {processor.py:179} INFO - Processing /opt/airflow/dags/dag_suivi.py took 0.099 seconds
[2026-07-27T12:57:51.999+0000] {processor.py:157} INFO - Started process (PID=731) to work on /opt/airflow/dags/dag_suivi.py
[2026-07-27T12:57:52.000+0000] {processor.py:829} INFO - Processing file /opt/airflow/dags/dag_suivi.py for tasks to queue
[2026-07-27T12:57:52.000+0000] {logging_mixin.py:151} INFO - [2026-07-27T12:57:52.000+0000] {dagbag.py:536} INFO - Filling up the DagBag from /opt/airflow/dags/dag_suivi.py
[2026-07-27T12:57:52.020+0000] {processor.py:839} INFO - DAG(s) dict_keys(['pipeline_ingestion_suivi']) retrieved from /opt/airflow/dags/dag_suivi.py
[2026-07-27T12:57:52.045+0000] {logging_mixin.py:151} INFO - [2026-07-27T12:57:52.044+0000] {dag.py:2941} INFO - Sync 1 DAGs
[2026-07-27T12:57:52.065+0000] {logging_mixin.py:151} INFO - [2026-07-27T12:57:52.065+0000] {dag.py:3722} INFO - Setting next_dagrun for pipeline_ingestion_suivi to 2026-07-27T12:00:00+00:00, run_after=2026-07-27T13:00:00+00:00
[2026-07-27T12:57:52.093+0000] {processor.py:179} INFO - Processing /opt/airflow/dags/dag_suivi.py took 0.097 seconds
[2026-07-27T12:58:22.198+0000] {processor.py:157} INFO - Started process (PID=736) to work on /opt/airflow/dags/dag_suivi.py
[2026-07-27T12:58:22.198+0000] {processor.py:829} INFO - Processing file /opt/airflow/dags/dag_suivi.py for tasks to queue
[2026-07-27T12:58:22.199+0000] {logging_mixin.py:151} INFO - [2026-07-27T12:58:22.199+0000] {dagbag.py:536} INFO - Filling up the DagBag from /opt/airflow/dags/dag_suivi.py
[2026-07-27T12:58:22.218+0000] {processor.py:839} INFO - DAG(s) dict_keys(['pipeline_ingestion_suivi']) retrieved from /opt/airflow/dags/dag_suivi.py
[2026-07-27T12:58:22.244+0000] {logging_mixin.py:151} INFO - [2026-07-27T12:58:22.244+0000] {dag.py:2941} INFO - Sync 1 DAGs
[2026-07-27T12:58:22.264+0000] {logging_mixin.py:151} INFO - [2026-07-27T12:58:22.264+0000] {dag.py:3722} INFO - Setting next_dagrun for pipeline_ingestion_suivi to 2026-07-27T12:00:00+00:00, run_after=2026-07-27T13:00:00+00:00
[2026-07-27T12:58:22.284+0000] {processor.py:179} INFO - Processing /opt/airflow/dags/dag_suivi.py took 0.089 seconds
[2026-07-27T12:58:52.471+0000] {processor.py:157} INFO - Started process (PID=741) to work on /opt/airflow/dags/dag_suivi.py
[2026-07-27T12:58:52.472+0000] {processor.py:829} INFO - Processing file /opt/airflow/dags/dag_suivi.py for tasks to queue
[2026-07-27T12:58:52.473+0000] {logging_mixin.py:151} INFO - [2026-07-27T12:58:52.473+0000] {dagbag.py:536} INFO - Filling up the DagBag from /opt/airflow/dags/dag_suivi.py
[2026-07-27T12:58:52.492+0000] {processor.py:839} INFO - DAG(s) dict_keys(['pipeline_ingestion_suivi']) retrieved from /opt/airflow/dags/dag_suivi.py
[2026-07-27T12:58:52.517+0000] {logging_mixin.py:151} INFO - [2026-07-27T12:58:52.517+0000] {dag.py:2941} INFO - Sync 1 DAGs
[2026-07-27T12:58:52.537+0000] {logging_mixin.py:151} INFO - [2026-07-27T12:58:52.537+0000] {dag.py:3722} INFO - Setting next_dagrun for pipeline_ingestion_suivi to 2026-07-27T12:00:00+00:00, run_after=2026-07-27T13:00:00+00:00
[2026-07-27T12:58:52.564+0000] {processor.py:179} INFO - Processing /opt/airflow/dags/dag_suivi.py took 0.096 seconds
[2026-07-27T12:59:22.661+0000] {processor.py:157} INFO - Started process (PID=746) to work on /opt/airflow/dags/dag_suivi.py
[2026-07-27T12:59:22.662+0000] {processor.py:829} INFO - Processing file /opt/airflow/dags/dag_suivi.py for tasks to queue
[2026-07-27T12:59:22.662+0000] {logging_mixin.py:151} INFO - [2026-07-27T12:59:22.662+0000] {dagbag.py:536} INFO - Filling up the DagBag from /opt/airflow/dags/dag_suivi.py
[2026-07-27T12:59:22.681+0000] {processor.py:839} INFO - DAG(s) dict_keys(['pipeline_ingestion_suivi']) retrieved from /opt/airflow/dags/dag_suivi.py
[2026-07-27T12:59:22.707+0000] {logging_mixin.py:151} INFO - [2026-07-27T12:59:22.707+0000] {dag.py:2941} INFO - Sync 1 DAGs
[2026-07-27T12:59:22.726+0000] {logging_mixin.py:151} INFO - [2026-07-27T12:59:22.726+0000] {dag.py:3722} INFO - Setting next_dagrun for pipeline_ingestion_suivi to 2026-07-27T12:00:00+00:00, run_after=2026-07-27T13:00:00+00:00
[2026-07-27T12:59:22.746+0000] {processor.py:179} INFO - Processing /opt/airflow/dags/dag_suivi.py took 0.088 seconds
[2026-07-27T12:59:52.927+0000] {processor.py:157} INFO - Started process (PID=751) to work on /opt/airflow/dags/dag_suivi.py
[2026-07-27T12:59:52.928+0000] {processor.py:829} INFO - Processing file /opt/airflow/dags/dag_suivi.py for tasks to queue
[2026-07-27T12:59:52.929+0000] {logging_mixin.py:151} INFO - [2026-07-27T12:59:52.929+0000] {dagbag.py:536} INFO - Filling up the DagBag from /opt/airflow/dags/dag_suivi.py
[2026-07-27T12:59:52.947+0000] {processor.py:839} INFO - DAG(s) dict_keys(['pipeline_ingestion_suivi']) retrieved from /opt/airflow/dags/dag_suivi.py
[2026-07-27T12:59:52.974+0000] {logging_mixin.py:151} INFO - [2026-07-27T12:59:52.973+0000] {dag.py:2941} INFO - Sync 1 DAGs
[2026-07-27T12:59:52.996+0000] {logging_mixin.py:151} INFO - [2026-07-27T12:59:52.996+0000] {dag.py:3722} INFO - Setting next_dagrun for pipeline_ingestion_suivi to 2026-07-27T12:00:00+00:00, run_after=2026-07-27T13:00:00+00:00
[2026-07-27T12:59:53.015+0000] {processor.py:179} INFO - Processing /opt/airflow/dags/dag_suivi.py took 0.090 seconds
[2026-07-27T13:00:23.129+0000] {processor.py:157} INFO - Started process (PID=758) to work on /opt/airflow/dags/dag_suivi.py
[2026-07-27T13:00:23.131+0000] {processor.py:829} INFO - Processing file /opt/airflow/dags/dag_suivi.py for tasks to queue
[2026-07-27T13:00:23.132+0000] {logging_mixin.py:151} INFO - [2026-07-27T13:00:23.132+0000] {dagbag.py:536} INFO - Filling up the DagBag from /opt/airflow/dags/dag_suivi.py
[2026-07-27T13:00:23.150+0000] {processor.py:839} INFO - DAG(s) dict_keys(['pipeline_ingestion_suivi']) retrieved from /opt/airflow/dags/dag_suivi.py
[2026-07-27T13:00:23.176+0000] {logging_mixin.py:151} INFO - [2026-07-27T13:00:23.176+0000] {dag.py:2941} INFO - Sync 1 DAGs
[2026-07-27T13:00:23.194+0000] {logging_mixin.py:151} INFO - [2026-07-27T13:00:23.194+0000] {dag.py:3722} INFO - Setting next_dagrun for pipeline_ingestion_suivi to 2026-07-27T13:00:00+00:00, run_after=2026-07-27T14:00:00+00:00
[2026-07-27T13:00:23.213+0000] {processor.py:179} INFO - Processing /opt/airflow/dags/dag_suivi.py took 0.087 seconds
[2026-07-27T13:00:53.303+0000] {processor.py:157} INFO - Started process (PID=763) to work on /opt/airflow/dags/dag_suivi.py
[2026-07-27T13:00:53.304+0000] {processor.py:829} INFO - Processing file /opt/airflow/dags/dag_suivi.py for tasks to queue
[2026-07-27T13:00:53.305+0000] {logging_mixin.py:151} INFO - [2026-07-27T13:00:53.305+0000] {dagbag.py:536} INFO - Filling up the DagBag from /opt/airflow/dags/dag_suivi.py
[2026-07-27T13:00:53.322+0000] {processor.py:839} INFO - DAG(s) dict_keys(['pipeline_ingestion_suivi']) retrieved from /opt/airflow/dags/dag_suivi.py
[2026-07-27T13:00:53.350+0000] {logging_mixin.py:151} INFO - [2026-07-27T13:00:53.350+0000] {dag.py:2941} INFO - Sync 1 DAGs
[2026-07-27T13:00:53.370+0000] {logging_mixin.py:151} INFO - [2026-07-27T13:00:53.370+0000] {dag.py:3722} INFO - Setting next_dagrun for pipeline_ingestion_suivi to 2026-07-27T13:00:00+00:00, run_after=2026-07-27T14:00:00+00:00
[2026-07-27T13:00:53.389+0000] {processor.py:179} INFO - Processing /opt/airflow/dags/dag_suivi.py took 0.089 seconds
[2026-07-27T13:01:23.597+0000] {processor.py:157} INFO - Started process (PID=768) to work on /opt/airflow/dags/dag_suivi.py
[2026-07-27T13:01:23.597+0000] {processor.py:829} INFO - Processing file /opt/airflow/dags/dag_suivi.py for tasks to queue
[2026-07-27T13:01:23.598+0000] {logging_mixin.py:151} INFO - [2026-07-27T13:01:23.598+0000] {dagbag.py:536} INFO - Filling up the DagBag from /opt/airflow/dags/dag_suivi.py
[2026-07-27T13:01:23.619+0000] {processor.py:839} INFO - DAG(s) dict_keys(['pipeline_ingestion_suivi']) retrieved from /opt/airflow/dags/dag_suivi.py
[2026-07-27T13:01:23.651+0000] {logging_mixin.py:151} INFO - [2026-07-27T13:01:23.651+0000] {dag.py:2941} INFO - Sync 1 DAGs
[2026-07-27T13:01:23.680+0000] {logging_mixin.py:151} INFO - [2026-07-27T13:01:23.680+0000] {dag.py:3722} INFO - Setting next_dagrun for pipeline_ingestion_suivi to 2026-07-27T13:00:00+00:00, run_after=2026-07-27T14:00:00+00:00
[2026-07-27T13:01:23.701+0000] {processor.py:179} INFO - Processing /opt/airflow/dags/dag_suivi.py took 0.108 seconds
[2026-07-27T13:01:53.810+0000] {processor.py:157} INFO - Started process (PID=773) to work on /opt/airflow/dags/dag_suivi.py
[2026-07-27T13:01:53.811+0000] {processor.py:829} INFO - Processing file /opt/airflow/dags/dag_suivi.py for tasks to queue
[2026-07-27T13:01:53.812+0000] {logging_mixin.py:151} INFO - [2026-07-27T13:01:53.811+0000] {dagbag.py:536} INFO - Filling up the DagBag from /opt/airflow/dags/dag_suivi.py
[2026-07-27T13:01:53.830+0000] {processor.py:839} INFO - DAG(s) dict_keys(['pipeline_ingestion_suivi']) retrieved from /opt/airflow/dags/dag_suivi.py
[2026-07-27T13:01:53.860+0000] {logging_mixin.py:151} INFO - [2026-07-27T13:01:53.860+0000] {dag.py:2941} INFO - Sync 1 DAGs
[2026-07-27T13:01:53.883+0000] {logging_mixin.py:151} INFO - [2026-07-27T13:01:53.883+0000] {dag.py:3722} INFO - Setting next_dagrun for pipeline_ingestion_suivi to 2026-07-27T13:00:00+00:00, run_after=2026-07-27T14:00:00+00:00
[2026-07-27T13:01:53.902+0000] {processor.py:179} INFO - Processing /opt/airflow/dags/dag_suivi.py took 0.095 seconds
[2026-07-27T13:02:24.068+0000] {processor.py:157} INFO - Started process (PID=778) to work on /opt/airflow/dags/dag_suivi.py
[2026-07-27T13:02:24.069+0000] {processor.py:829} INFO - Processing file /opt/airflow/dags/dag_suivi.py for tasks to queue
[2026-07-27T13:02:24.070+0000] {logging_mixin.py:151} INFO - [2026-07-27T13:02:24.069+0000] {dagbag.py:536} INFO - Filling up the DagBag from /opt/airflow/dags/dag_suivi.py
[2026-07-27T13:02:24.088+0000] {processor.py:839} INFO - DAG(s) dict_keys(['pipeline_ingestion_suivi']) retrieved from /opt/airflow/dags/dag_suivi.py
[2026-07-27T13:02:24.118+0000] {logging_mixin.py:151} INFO - [2026-07-27T13:02:24.118+0000] {dag.py:2941} INFO - Sync 1 DAGs
[2026-07-27T13:02:24.138+0000] {logging_mixin.py:151} INFO - [2026-07-27T13:02:24.138+0000] {dag.py:3722} INFO - Setting next_dagrun for pipeline_ingestion_suivi to 2026-07-27T13:00:00+00:00, run_after=2026-07-27T14:00:00+00:00
[2026-07-27T13:02:24.166+0000] {processor.py:179} INFO - Processing /opt/airflow/dags/dag_suivi.py took 0.101 seconds
[2026-07-27T13:02:54.250+0000] {processor.py:157} INFO - Started process (PID=783) to work on /opt/airflow/dags/dag_suivi.py
[2026-07-27T13:02:54.251+0000] {processor.py:829} INFO - Processing file /opt/airflow/dags/dag_suivi.py for tasks to queue
[2026-07-27T13:02:54.252+0000] {logging_mixin.py:151} INFO - [2026-07-27T13:02:54.251+0000] {dagbag.py:536} INFO - Filling up the DagBag from /opt/airflow/dags/dag_suivi.py
[2026-07-27T13:02:54.271+0000] {processor.py:839} INFO - DAG(s) dict_keys(['pipeline_ingestion_suivi']) retrieved from /opt/airflow/dags/dag_suivi.py
[2026-07-27T13:02:54.301+0000] {logging_mixin.py:151} INFO - [2026-07-27T13:02:54.301+0000] {dag.py:2941} INFO - Sync 1 DAGs
[2026-07-27T13:02:54.320+0000] {logging_mixin.py:151} INFO - [2026-07-27T13:02:54.320+0000] {dag.py:3722} INFO - Setting next_dagrun for pipeline_ingestion_suivi to 2026-07-27T13:00:00+00:00, run_after=2026-07-27T14:00:00+00:00
[2026-07-27T13:02:54.351+0000] {processor.py:179} INFO - Processing /opt/airflow/dags/dag_suivi.py took 0.104 seconds
[2026-07-27T13:03:24.517+0000] {processor.py:157} INFO - Started process (PID=788) to work on /opt/airflow/dags/dag_suivi.py
[2026-07-27T13:03:24.518+0000] {processor.py:829} INFO - Processing file /opt/airflow/dags/dag_suivi.py for tasks to queue
[2026-07-27T13:03:24.519+0000] {logging_mixin.py:151} INFO - [2026-07-27T13:03:24.518+0000] {dagbag.py:536} INFO - Filling up the DagBag from /opt/airflow/dags/dag_suivi.py
[2026-07-27T13:03:24.538+0000] {processor.py:839} INFO - DAG(s) dict_keys(['pipeline_ingestion_suivi']) retrieved from /opt/airflow/dags/dag_suivi.py
[2026-07-27T13:03:24.566+0000] {logging_mixin.py:151} INFO - [2026-07-27T13:03:24.566+0000] {dag.py:2941} INFO - Sync 1 DAGs
[2026-07-27T13:03:24.586+0000] {logging_mixin.py:151} INFO - [2026-07-27T13:03:24.586+0000] {dag.py:3722} INFO - Setting next_dagrun for pipeline_ingestion_suivi to 2026-07-27T13:00:00+00:00, run_after=2026-07-27T14:00:00+00:00
[2026-07-27T13:03:24.605+0000] {processor.py:179} INFO - Processing /opt/airflow/dags/dag_suivi.py took 0.091 seconds
[2026-07-27T13:03:54.731+0000] {processor.py:157} INFO - Started process (PID=793) to work on /opt/airflow/dags/dag_suivi.py
[2026-07-27T13:03:54.732+0000] {processor.py:829} INFO - Processing file /opt/airflow/dags/dag_suivi.py for tasks to queue
[2026-07-27T13:03:54.733+0000] {logging_mixin.py:151} INFO - [2026-07-27T13:03:54.733+0000] {dagbag.py:536} INFO - Filling up the DagBag from /opt/airflow/dags/dag_suivi.py
[2026-07-27T13:03:54.756+0000] {processor.py:839} INFO - DAG(s) dict_keys(['pipeline_ingestion_suivi']) retrieved from /opt/airflow/dags/dag_suivi.py
[2026-07-27T13:03:54.788+0000] {logging_mixin.py:151} INFO - [2026-07-27T13:03:54.788+0000] {dag.py:2941} INFO - Sync 1 DAGs
[2026-07-27T13:03:54.810+0000] {logging_mixin.py:151} INFO - [2026-07-27T13:03:54.810+0000] {dag.py:3722} INFO - Setting next_dagrun for pipeline_ingestion_suivi to 2026-07-27T13:00:00+00:00, run_after=2026-07-27T14:00:00+00:00
[2026-07-27T13:03:54.830+0000] {processor.py:179} INFO - Processing /opt/airflow/dags/dag_suivi.py took 0.101 seconds
[2026-07-27T13:04:24.955+0000] {processor.py:157} INFO - Started process (PID=798) to work on /opt/airflow/dags/dag_suivi.py
[2026-07-27T13:04:24.956+0000] {processor.py:829} INFO - Processing file /opt/airflow/dags/dag_suivi.py for tasks to queue
[2026-07-27T13:04:24.957+0000] {logging_mixin.py:151} INFO - [2026-07-27T13:04:24.957+0000] {dagbag.py:536} INFO - Filling up the DagBag from /opt/airflow/dags/dag_suivi.py
[2026-07-27T13:04:24.977+0000] {processor.py:839} INFO - DAG(s) dict_keys(['pipeline_ingestion_suivi']) retrieved from /opt/airflow/dags/dag_suivi.py
[2026-07-27T13:04:25.008+0000] {logging_mixin.py:151} INFO - [2026-07-27T13:04:25.008+0000] {dag.py:2941} INFO - Sync 1 DAGs
[2026-07-27T13:04:25.029+0000] {logging_mixin.py:151} INFO - [2026-07-27T13:04:25.028+0000] {dag.py:3722} INFO - Setting next_dagrun for pipeline_ingestion_suivi to 2026-07-27T13:00:00+00:00, run_after=2026-07-27T14:00:00+00:00
[2026-07-27T13:04:25.046+0000] {processor.py:179} INFO - Processing /opt/airflow/dags/dag_suivi.py took 0.094 seconds
[2026-07-27T13:04:55.186+0000] {processor.py:157} INFO - Started process (PID=803) to work on /opt/airflow/dags/dag_suivi.py
[2026-07-27T13:04:55.187+0000] {processor.py:829} INFO - Processing file /opt/airflow/dags/dag_suivi.py for tasks to queue
[2026-07-27T13:04:55.188+0000] {logging_mixin.py:151} INFO - [2026-07-27T13:04:55.188+0000] {dagbag.py:536} INFO - Filling up the DagBag from /opt/airflow/dags/dag_suivi.py
[2026-07-27T13:04:55.209+0000] {processor.py:839} INFO - DAG(s) dict_keys(['pipeline_ingestion_suivi']) retrieved from /opt/airflow/dags/dag_suivi.py
[2026-07-27T13:04:55.243+0000] {logging_mixin.py:151} INFO - [2026-07-27T13:04:55.243+0000] {dag.py:2941} INFO - Sync 1 DAGs
[2026-07-27T13:04:55.273+0000] {logging_mixin.py:151} INFO - [2026-07-27T13:04:55.273+0000] {dag.py:3722} INFO - Setting next_dagrun for pipeline_ingestion_suivi to 2026-07-27T13:00:00+00:00, run_after=2026-07-27T14:00:00+00:00
[2026-07-27T13:04:55.300+0000] {processor.py:179} INFO - Processing /opt/airflow/dags/dag_suivi.py took 0.118 seconds
[2026-07-27T13:05:25.402+0000] {processor.py:157} INFO - Started process (PID=808) to work on /opt/airflow/dags/dag_suivi.py
[2026-07-27T13:05:25.403+0000] {processor.py:829} INFO - Processing file /opt/airflow/dags/dag_suivi.py for tasks to queue
[2026-07-27T13:05:25.405+0000] {logging_mixin.py:151} INFO - [2026-07-27T13:05:25.404+0000] {dagbag.py:536} INFO - Filling up the DagBag from /opt/airflow/dags/dag_suivi.py
[2026-07-27T13:05:25.427+0000] {processor.py:839} INFO - DAG(s) dict_keys(['pipeline_ingestion_suivi']) retrieved from /opt/airflow/dags/dag_suivi.py
[2026-07-27T13:05:25.457+0000] {logging_mixin.py:151} INFO - [2026-07-27T13:05:25.457+0000] {dag.py:2941} INFO - Sync 1 DAGs
[2026-07-27T13:05:25.479+0000] {logging_mixin.py:151} INFO - [2026-07-27T13:05:25.479+0000] {dag.py:3722} INFO - Setting next_dagrun for pipeline_ingestion_suivi to 2026-07-27T13:00:00+00:00, run_after=2026-07-27T14:00:00+00:00
[2026-07-27T13:05:25.503+0000] {processor.py:179} INFO - Processing /opt/airflow/dags/dag_suivi.py took 0.108 seconds
[2026-07-27T13:05:55.691+0000] {processor.py:157} INFO - Started process (PID=813) to work on /opt/airflow/dags/dag_suivi.py
[2026-07-27T13:05:55.692+0000] {processor.py:829} INFO - Processing file /opt/airflow/dags/dag_suivi.py for tasks to queue
[2026-07-27T13:05:55.692+0000] {logging_mixin.py:151} INFO - [2026-07-27T13:05:55.692+0000] {dagbag.py:536} INFO - Filling up the DagBag from /opt/airflow/dags/dag_suivi.py
[2026-07-27T13:05:55.713+0000] {processor.py:839} INFO - DAG(s) dict_keys(['pipeline_ingestion_suivi']) retrieved from /opt/airflow/dags/dag_suivi.py
[2026-07-27T13:05:55.742+0000] {logging_mixin.py:151} INFO - [2026-07-27T13:05:55.742+0000] {dag.py:2941} INFO - Sync 1 DAGs
[2026-07-27T13:05:55.763+0000] {logging_mixin.py:151} INFO - [2026-07-27T13:05:55.762+0000] {dag.py:3722} INFO - Setting next_dagrun for pipeline_ingestion_suivi to 2026-07-27T13:00:00+00:00, run_after=2026-07-27T14:00:00+00:00
[2026-07-27T13:05:55.783+0000] {processor.py:179} INFO - Processing /opt/airflow/dags/dag_suivi.py took 0.094 seconds
[2026-07-27T13:06:25.889+0000] {processor.py:157} INFO - Started process (PID=818) to work on /opt/airflow/dags/dag_suivi.py
[2026-07-27T13:06:25.890+0000] {processor.py:829} INFO - Processing file /opt/airflow/dags/dag_suivi.py for tasks to queue
[2026-07-27T13:06:25.891+0000] {logging_mixin.py:151} INFO - [2026-07-27T13:06:25.890+0000] {dagbag.py:536} INFO - Filling up the DagBag from /opt/airflow/dags/dag_suivi.py
[2026-07-27T13:06:25.910+0000] {processor.py:839} INFO - DAG(s) dict_keys(['pipeline_ingestion_suivi']) retrieved from /opt/airflow/dags/dag_suivi.py
[2026-07-27T13:06:25.940+0000] {logging_mixin.py:151} INFO - [2026-07-27T13:06:25.940+0000] {dag.py:2941} INFO - Sync 1 DAGs
[2026-07-27T13:06:25.960+0000] {logging_mixin.py:151} INFO - [2026-07-27T13:06:25.960+0000] {dag.py:3722} INFO - Setting next_dagrun for pipeline_ingestion_suivi to 2026-07-27T13:00:00+00:00, run_after=2026-07-27T14:00:00+00:00
[2026-07-27T13:06:25.981+0000] {processor.py:179} INFO - Processing /opt/airflow/dags/dag_suivi.py took 0.094 seconds
[2026-07-27T13:06:56.076+0000] {processor.py:157} INFO - Started process (PID=823) to work on /opt/airflow/dags/dag_suivi.py
[2026-07-27T13:06:56.077+0000] {processor.py:829} INFO - Processing file /opt/airflow/dags/dag_suivi.py for tasks to queue
[2026-07-27T13:06:56.078+0000] {logging_mixin.py:151} INFO - [2026-07-27T13:06:56.078+0000] {dagbag.py:536} INFO - Filling up the DagBag from /opt/airflow/dags/dag_suivi.py
[2026-07-27T13:06:56.098+0000] {processor.py:839} INFO - DAG(s) dict_keys(['pipeline_ingestion_suivi']) retrieved from /opt/airflow/dags/dag_suivi.py
[2026-07-27T13:06:56.128+0000] {logging_mixin.py:151} INFO - [2026-07-27T13:06:56.128+0000] {dag.py:2941} INFO - Sync 1 DAGs
[2026-07-27T13:06:56.151+0000] {logging_mixin.py:151} INFO - [2026-07-27T13:06:56.151+0000] {dag.py:3722} INFO - Setting next_dagrun for pipeline_ingestion_suivi to 2026-07-27T13:00:00+00:00, run_after=2026-07-27T14:00:00+00:00
[2026-07-27T13:06:56.172+0000] {processor.py:179} INFO - Processing /opt/airflow/dags/dag_suivi.py took 0.098 seconds
[2026-07-27T13:07:26.348+0000] {processor.py:157} INFO - Started process (PID=828) to work on /opt/airflow/dags/dag_suivi.py
[2026-07-27T13:07:26.348+0000] {processor.py:829} INFO - Processing file /opt/airflow/dags/dag_suivi.py for tasks to queue
[2026-07-27T13:07:26.349+0000] {logging_mixin.py:151} INFO - [2026-07-27T13:07:26.349+0000] {dagbag.py:536} INFO - Filling up the DagBag from /opt/airflow/dags/dag_suivi.py
[2026-07-27T13:07:26.368+0000] {processor.py:839} INFO - DAG(s) dict_keys(['pipeline_ingestion_suivi']) retrieved from /opt/airflow/dags/dag_suivi.py
[2026-07-27T13:07:26.396+0000] {logging_mixin.py:151} INFO - [2026-07-27T13:07:26.396+0000] {dag.py:2941} INFO - Sync 1 DAGs
[2026-07-27T13:07:26.416+0000] {logging_mixin.py:151} INFO - [2026-07-27T13:07:26.416+0000] {dag.py:3722} INFO - Setting next_dagrun for pipeline_ingestion_suivi to 2026-07-27T13:00:00+00:00, run_after=2026-07-27T14:00:00+00:00
[2026-07-27T13:07:26.436+0000] {processor.py:179} INFO - Processing /opt/airflow/dags/dag_suivi.py took 0.091 seconds
[2026-07-27T13:07:56.560+0000] {processor.py:157} INFO - Started process (PID=833) to work on /opt/airflow/dags/dag_suivi.py
[2026-07-27T13:07:56.561+0000] {processor.py:829} INFO - Processing file /opt/airflow/dags/dag_suivi.py for tasks to queue
[2026-07-27T13:07:56.561+0000] {logging_mixin.py:151} INFO - [2026-07-27T13:07:56.561+0000] {dagbag.py:536} INFO - Filling up the DagBag from /opt/airflow/dags/dag_suivi.py
[2026-07-27T13:07:56.580+0000] {processor.py:839} INFO - DAG(s) dict_keys(['pipeline_ingestion_suivi']) retrieved from /opt/airflow/dags/dag_suivi.py
[2026-07-27T13:07:56.610+0000] {logging_mixin.py:151} INFO - [2026-07-27T13:07:56.610+0000] {dag.py:2941} INFO - Sync 1 DAGs
[2026-07-27T13:07:56.630+0000] {logging_mixin.py:151} INFO - [2026-07-27T13:07:56.630+0000] {dag.py:3722} INFO - Setting next_dagrun for pipeline_ingestion_suivi to 2026-07-27T13:00:00+00:00, run_after=2026-07-27T14:00:00+00:00
[2026-07-27T13:07:56.656+0000] {processor.py:179} INFO - Processing /opt/airflow/dags/dag_suivi.py took 0.099 seconds
[2026-07-27T13:08:26.818+0000] {processor.py:157} INFO - Started process (PID=838) to work on /opt/airflow/dags/dag_suivi.py
[2026-07-27T13:08:26.819+0000] {processor.py:829} INFO - Processing file /opt/airflow/dags/dag_suivi.py for tasks to queue
[2026-07-27T13:08:26.820+0000] {logging_mixin.py:151} INFO - [2026-07-27T13:08:26.819+0000] {dagbag.py:536} INFO - Filling up the DagBag from /opt/airflow/dags/dag_suivi.py
[2026-07-27T13:08:26.839+0000] {processor.py:839} INFO - DAG(s) dict_keys(['pipeline_ingestion_suivi']) retrieved from /opt/airflow/dags/dag_suivi.py
[2026-07-27T13:08:26.866+0000] {logging_mixin.py:151} INFO - [2026-07-27T13:08:26.866+0000] {dag.py:2941} INFO - Sync 1 DAGs
[2026-07-27T13:08:26.886+0000] {logging_mixin.py:151} INFO - [2026-07-27T13:08:26.886+0000] {dag.py:3722} INFO - Setting next_dagrun for pipeline_ingestion_suivi to 2026-07-27T13:00:00+00:00, run_after=2026-07-27T14:00:00+00:00
[2026-07-27T13:08:26.906+0000] {processor.py:179} INFO - Processing /opt/airflow/dags/dag_suivi.py took 0.090 seconds
[2026-07-27T13:08:57.078+0000] {processor.py:157} INFO - Started process (PID=843) to work on /opt/airflow/dags/dag_suivi.py
[2026-07-27T13:08:57.079+0000] {processor.py:829} INFO - Processing file /opt/airflow/dags/dag_suivi.py for tasks to queue
[2026-07-27T13:08:57.080+0000] {logging_mixin.py:151} INFO - [2026-07-27T13:08:57.079+0000] {dagbag.py:536} INFO - Filling up the DagBag from /opt/airflow/dags/dag_suivi.py
[2026-07-27T13:08:57.106+0000] {processor.py:839} INFO - DAG(s) dict_keys(['pipeline_ingestion_suivi']) retrieved from /opt/airflow/dags/dag_suivi.py
[2026-07-27T13:08:57.132+0000] {logging_mixin.py:151} INFO - [2026-07-27T13:08:57.131+0000] {dag.py:2941} INFO - Sync 1 DAGs
[2026-07-27T13:08:57.151+0000] {logging_mixin.py:151} INFO - [2026-07-27T13:08:57.151+0000] {dag.py:3722} INFO - Setting next_dagrun for pipeline_ingestion_suivi to 2026-07-27T13:00:00+00:00, run_after=2026-07-27T14:00:00+00:00
[2026-07-27T13:08:57.171+0000] {processor.py:179} INFO - Processing /opt/airflow/dags/dag_suivi.py took 0.096 seconds
[2026-07-27T13:09:27.275+0000] {processor.py:157} INFO - Started process (PID=848) to work on /opt/airflow/dags/dag_suivi.py
[2026-07-27T13:09:27.276+0000] {processor.py:829} INFO - Processing file /opt/airflow/dags/dag_suivi.py for tasks to queue
[2026-07-27T13:09:27.277+0000] {logging_mixin.py:151} INFO - [2026-07-27T13:09:27.277+0000] {dagbag.py:536} INFO - Filling up the DagBag from /opt/airflow/dags/dag_suivi.py
[2026-07-27T13:09:27.301+0000] {processor.py:839} INFO - DAG(s) dict_keys(['pipeline_ingestion_suivi']) retrieved from /opt/airflow/dags/dag_suivi.py
[2026-07-27T13:09:27.328+0000] {logging_mixin.py:151} INFO - [2026-07-27T13:09:27.328+0000] {dag.py:2941} INFO - Sync 1 DAGs
[2026-07-27T13:09:27.348+0000] {logging_mixin.py:151} INFO - [2026-07-27T13:09:27.348+0000] {dag.py:3722} INFO - Setting next_dagrun for pipeline_ingestion_suivi to 2026-07-27T13:00:00+00:00, run_after=2026-07-27T14:00:00+00:00
[2026-07-27T13:09:27.376+0000] {processor.py:179} INFO - Processing /opt/airflow/dags/dag_suivi.py took 0.104 seconds
[2026-07-27T13:09:57.541+0000] {processor.py:157} INFO - Started process (PID=853) to work on /opt/airflow/dags/dag_suivi.py
[2026-07-27T13:09:57.542+0000] {processor.py:829} INFO - Processing file /opt/airflow/dags/dag_suivi.py for tasks to queue
[2026-07-27T13:09:57.543+0000] {logging_mixin.py:151} INFO - [2026-07-27T13:09:57.543+0000] {dagbag.py:536} INFO - Filling up the DagBag from /opt/airflow/dags/dag_suivi.py
[2026-07-27T13:09:57.565+0000] {processor.py:839} INFO - DAG(s) dict_keys(['pipeline_ingestion_suivi']) retrieved from /opt/airflow/dags/dag_suivi.py
[2026-07-27T13:09:57.594+0000] {logging_mixin.py:151} INFO - [2026-07-27T13:09:57.593+0000] {dag.py:2941} INFO - Sync 1 DAGs
[2026-07-27T13:09:57.617+0000] {logging_mixin.py:151} INFO - [2026-07-27T13:09:57.616+0000] {dag.py:3722} INFO - Setting next_dagrun for pipeline_ingestion_suivi to 2026-07-27T13:00:00+00:00, run_after=2026-07-27T14:00:00+00:00
[2026-07-27T13:09:57.644+0000] {processor.py:179} INFO - Processing /opt/airflow/dags/dag_suivi.py took 0.106 seconds
[2026-07-27T13:10:27.747+0000] {processor.py:157} INFO - Started process (PID=858) to work on /opt/airflow/dags/dag_suivi.py
[2026-07-27T13:10:27.747+0000] {processor.py:829} INFO - Processing file /opt/airflow/dags/dag_suivi.py for tasks to queue
[2026-07-27T13:10:27.748+0000] {logging_mixin.py:151} INFO - [2026-07-27T13:10:27.748+0000] {dagbag.py:536} INFO - Filling up the DagBag from /opt/airflow/dags/dag_suivi.py
[2026-07-27T13:10:27.769+0000] {processor.py:839} INFO - DAG(s) dict_keys(['pipeline_ingestion_suivi']) retrieved from /opt/airflow/dags/dag_suivi.py
[2026-07-27T13:10:27.797+0000] {logging_mixin.py:151} INFO - [2026-07-27T13:10:27.797+0000] {dag.py:2941} INFO - Sync 1 DAGs
[2026-07-27T13:10:27.817+0000] {logging_mixin.py:151} INFO - [2026-07-27T13:10:27.817+0000] {dag.py:3722} INFO - Setting next_dagrun for pipeline_ingestion_suivi to 2026-07-27T13:00:00+00:00, run_after=2026-07-27T14:00:00+00:00
[2026-07-27T13:10:27.837+0000] {processor.py:179} INFO - Processing /opt/airflow/dags/dag_suivi.py took 0.093 seconds
[2026-07-27T13:10:58.001+0000] {processor.py:157} INFO - Started process (PID=863) to work on /opt/airflow/dags/dag_suivi.py
[2026-07-27T13:10:58.002+0000] {processor.py:829} INFO - Processing file /opt/airflow/dags/dag_suivi.py for tasks to queue
[2026-07-27T13:10:58.002+0000] {logging_mixin.py:151} INFO - [2026-07-27T13:10:58.002+0000] {dagbag.py:536} INFO - Filling up the DagBag from /opt/airflow/dags/dag_suivi.py
[2026-07-27T13:10:58.028+0000] {processor.py:839} INFO - DAG(s) dict_keys(['pipeline_ingestion_suivi']) retrieved from /opt/airflow/dags/dag_suivi.py
[2026-07-27T13:10:58.056+0000] {logging_mixin.py:151} INFO - [2026-07-27T13:10:58.055+0000] {dag.py:2941} INFO - Sync 1 DAGs
[2026-07-27T13:10:58.077+0000] {logging_mixin.py:151} INFO - [2026-07-27T13:10:58.077+0000] {dag.py:3722} INFO - Setting next_dagrun for pipeline_ingestion_suivi to 2026-07-27T13:00:00+00:00, run_after=2026-07-27T14:00:00+00:00
[2026-07-27T13:10:58.096+0000] {processor.py:179} INFO - Processing /opt/airflow/dags/dag_suivi.py took 0.098 seconds
[2026-07-27T13:11:28.204+0000] {processor.py:157} INFO - Started process (PID=868) to work on /opt/airflow/dags/dag_suivi.py
[2026-07-27T13:11:28.205+0000] {processor.py:829} INFO - Processing file /opt/airflow/dags/dag_suivi.py for tasks to queue
[2026-07-27T13:11:28.206+0000] {logging_mixin.py:151} INFO - [2026-07-27T13:11:28.205+0000] {dagbag.py:536} INFO - Filling up the DagBag from /opt/airflow/dags/dag_suivi.py
[2026-07-27T13:11:28.227+0000] {processor.py:839} INFO - DAG(s) dict_keys(['pipeline_ingestion_suivi']) retrieved from /opt/airflow/dags/dag_suivi.py
[2026-07-27T13:11:28.256+0000] {logging_mixin.py:151} INFO - [2026-07-27T13:11:28.256+0000] {dag.py:2941} INFO - Sync 1 DAGs
[2026-07-27T13:11:28.278+0000] {logging_mixin.py:151} INFO - [2026-07-27T13:11:28.278+0000] {dag.py:3722} INFO - Setting next_dagrun for pipeline_ingestion_suivi to 2026-07-27T13:00:00+00:00, run_after=2026-07-27T14:00:00+00:00
[2026-07-27T13:11:28.298+0000] {processor.py:179} INFO - Processing /opt/airflow/dags/dag_suivi.py took 0.098 seconds
[2026-07-27T13:11:58.448+0000] {processor.py:157} INFO - Started process (PID=873) to work on /opt/airflow/dags/dag_suivi.py
[2026-07-27T13:11:58.449+0000] {processor.py:829} INFO - Processing file /opt/airflow/dags/dag_suivi.py for tasks to queue
[2026-07-27T13:11:58.450+0000] {logging_mixin.py:151} INFO - [2026-07-27T13:11:58.450+0000] {dagbag.py:536} INFO - Filling up the DagBag from /opt/airflow/dags/dag_suivi.py
[2026-07-27T13:11:58.479+0000] {processor.py:839} INFO - DAG(s) dict_keys(['pipeline_ingestion_suivi']) retrieved from /opt/airflow/dags/dag_suivi.py
[2026-07-27T13:11:58.512+0000] {logging_mixin.py:151} INFO - [2026-07-27T13:11:58.511+0000] {dag.py:2941} INFO - Sync 1 DAGs
[2026-07-27T13:11:58.541+0000] {logging_mixin.py:151} INFO - [2026-07-27T13:11:58.541+0000] {dag.py:3722} INFO - Setting next_dagrun for pipeline_ingestion_suivi to 2026-07-27T13:00:00+00:00, run_after=2026-07-27T14:00:00+00:00
[2026-07-27T13:11:58.578+0000] {processor.py:179} INFO - Processing /opt/airflow/dags/dag_suivi.py took 0.134 seconds
[2026-07-27T13:12:28.651+0000] {processor.py:157} INFO - Started process (PID=878) to work on /opt/airflow/dags/dag_suivi.py
[2026-07-27T13:12:28.652+0000] {processor.py:829} INFO - Processing file /opt/airflow/dags/dag_suivi.py for tasks to queue
[2026-07-27T13:12:28.653+0000] {logging_mixin.py:151} INFO - [2026-07-27T13:12:28.652+0000] {dagbag.py:536} INFO - Filling up the DagBag from /opt/airflow/dags/dag_suivi.py
[2026-07-27T13:12:28.675+0000] {processor.py:839} INFO - DAG(s) dict_keys(['pipeline_ingestion_suivi']) retrieved from /opt/airflow/dags/dag_suivi.py
[2026-07-27T13:12:28.702+0000] {logging_mixin.py:151} INFO - [2026-07-27T13:12:28.702+0000] {dag.py:2941} INFO - Sync 1 DAGs
[2026-07-27T13:12:28.724+0000] {logging_mixin.py:151} INFO - [2026-07-27T13:12:28.723+0000] {dag.py:3722} INFO - Setting next_dagrun for pipeline_ingestion_suivi to 2026-07-27T13:00:00+00:00, run_after=2026-07-27T14:00:00+00:00
[2026-07-27T13:12:28.743+0000] {processor.py:179} INFO - Processing /opt/airflow/dags/dag_suivi.py took 0.095 seconds
[2026-07-27T13:12:58.918+0000] {processor.py:157} INFO - Started process (PID=883) to work on /opt/airflow/dags/dag_suivi.py
[2026-07-27T13:12:58.918+0000] {processor.py:829} INFO - Processing file /opt/airflow/dags/dag_suivi.py for tasks to queue
[2026-07-27T13:12:58.919+0000] {logging_mixin.py:151} INFO - [2026-07-27T13:12:58.919+0000] {dagbag.py:536} INFO - Filling up the DagBag from /opt/airflow/dags/dag_suivi.py
[2026-07-27T13:12:58.943+0000] {processor.py:839} INFO - DAG(s) dict_keys(['pipeline_ingestion_suivi']) retrieved from /opt/airflow/dags/dag_suivi.py
[2026-07-27T13:12:58.968+0000] {logging_mixin.py:151} INFO - [2026-07-27T13:12:58.968+0000] {dag.py:2941} INFO - Sync 1 DAGs
[2026-07-27T13:12:58.987+0000] {logging_mixin.py:151} INFO - [2026-07-27T13:12:58.987+0000] {dag.py:3722} INFO - Setting next_dagrun for pipeline_ingestion_suivi to 2026-07-27T13:00:00+00:00, run_after=2026-07-27T14:00:00+00:00
[2026-07-27T13:12:59.009+0000] {processor.py:179} INFO - Processing /opt/airflow/dags/dag_suivi.py took 0.095 seconds
[2026-07-27T13:13:29.095+0000] {processor.py:157} INFO - Started process (PID=888) to work on /opt/airflow/dags/dag_suivi.py
[2026-07-27T13:13:29.096+0000] {processor.py:829} INFO - Processing file /opt/airflow/dags/dag_suivi.py for tasks to queue
[2026-07-27T13:13:29.097+0000] {logging_mixin.py:151} INFO - [2026-07-27T13:13:29.097+0000] {dagbag.py:536} INFO - Filling up the DagBag from /opt/airflow/dags/dag_suivi.py
[2026-07-27T13:13:29.125+0000] {processor.py:839} INFO - DAG(s) dict_keys(['pipeline_ingestion_suivi']) retrieved from /opt/airflow/dags/dag_suivi.py
[2026-07-27T13:13:29.155+0000] {logging_mixin.py:151} INFO - [2026-07-27T13:13:29.155+0000] {dag.py:2941} INFO - Sync 1 DAGs
[2026-07-27T13:13:29.177+0000] {logging_mixin.py:151} INFO - [2026-07-27T13:13:29.177+0000] {dag.py:3722} INFO - Setting next_dagrun for pipeline_ingestion_suivi to 2026-07-27T13:00:00+00:00, run_after=2026-07-27T14:00:00+00:00
[2026-07-27T13:13:29.197+0000] {processor.py:179} INFO - Processing /opt/airflow/dags/dag_suivi.py took 0.105 seconds
[2026-07-27T13:13:59.351+0000] {processor.py:157} INFO - Started process (PID=893) to work on /opt/airflow/dags/dag_suivi.py
[2026-07-27T13:13:59.351+0000] {processor.py:829} INFO - Processing file /opt/airflow/dags/dag_suivi.py for tasks to queue
[2026-07-27T13:13:59.352+0000] {logging_mixin.py:151} INFO - [2026-07-27T13:13:59.352+0000] {dagbag.py:536} INFO - Filling up the DagBag from /opt/airflow/dags/dag_suivi.py
[2026-07-27T13:13:59.374+0000] {processor.py:839} INFO - DAG(s) dict_keys(['pipeline_ingestion_suivi']) retrieved from /opt/airflow/dags/dag_suivi.py
[2026-07-27T13:13:59.400+0000] {logging_mixin.py:151} INFO - [2026-07-27T13:13:59.399+0000] {dag.py:2941} INFO - Sync 1 DAGs
[2026-07-27T13:13:59.418+0000] {logging_mixin.py:151} INFO - [2026-07-27T13:13:59.418+0000] {dag.py:3722} INFO - Setting next_dagrun for pipeline_ingestion_suivi to 2026-07-27T13:00:00+00:00, run_after=2026-07-27T14:00:00+00:00
[2026-07-27T13:13:59.449+0000] {processor.py:179} INFO - Processing /opt/airflow/dags/dag_suivi.py took 0.101 seconds
[2026-07-27T13:14:29.532+0000] {processor.py:157} INFO - Started process (PID=898) to work on /opt/airflow/dags/dag_suivi.py
[2026-07-27T13:14:29.533+0000] {processor.py:829} INFO - Processing file /opt/airflow/dags/dag_suivi.py for tasks to queue
[2026-07-27T13:14:29.534+0000] {logging_mixin.py:151} INFO - [2026-07-27T13:14:29.534+0000] {dagbag.py:536} INFO - Filling up the DagBag from /opt/airflow/dags/dag_suivi.py
[2026-07-27T13:14:29.558+0000] {processor.py:839} INFO - DAG(s) dict_keys(['pipeline_ingestion_suivi']) retrieved from /opt/airflow/dags/dag_suivi.py
[2026-07-27T13:14:29.586+0000] {logging_mixin.py:151} INFO - [2026-07-27T13:14:29.585+0000] {dag.py:2941} INFO - Sync 1 DAGs
[2026-07-27T13:14:29.611+0000] {logging_mixin.py:151} INFO - [2026-07-27T13:14:29.610+0000] {dag.py:3722} INFO - Setting next_dagrun for pipeline_ingestion_suivi to 2026-07-27T13:00:00+00:00, run_after=2026-07-27T14:00:00+00:00
[2026-07-27T13:14:29.630+0000] {processor.py:179} INFO - Processing /opt/airflow/dags/dag_suivi.py took 0.101 seconds
[2026-07-27T13:14:59.825+0000] {processor.py:157} INFO - Started process (PID=903) to work on /opt/airflow/dags/dag_suivi.py
[2026-07-27T13:14:59.826+0000] {processor.py:829} INFO - Processing file /opt/airflow/dags/dag_suivi.py for tasks to queue
[2026-07-27T13:14:59.827+0000] {logging_mixin.py:151} INFO - [2026-07-27T13:14:59.826+0000] {dagbag.py:536} INFO - Filling up the DagBag from /opt/airflow/dags/dag_suivi.py
[2026-07-27T13:14:59.849+0000] {processor.py:839} INFO - DAG(s) dict_keys(['pipeline_ingestion_suivi']) retrieved from /opt/airflow/dags/dag_suivi.py
[2026-07-27T13:14:59.874+0000] {logging_mixin.py:151} INFO - [2026-07-27T13:14:59.874+0000] {dag.py:2941} INFO - Sync 1 DAGs
[2026-07-27T13:14:59.895+0000] {logging_mixin.py:151} INFO - [2026-07-27T13:14:59.895+0000] {dag.py:3722} INFO - Setting next_dagrun for pipeline_ingestion_suivi to 2026-07-27T13:00:00+00:00, run_after=2026-07-27T14:00:00+00:00
[2026-07-27T13:14:59.922+0000] {processor.py:179} INFO - Processing /opt/airflow/dags/dag_suivi.py took 0.099 seconds
[2026-07-27T13:15:30.024+0000] {processor.py:157} INFO - Started process (PID=908) to work on /opt/airflow/dags/dag_suivi.py
[2026-07-27T13:15:30.025+0000] {processor.py:829} INFO - Processing file /opt/airflow/dags/dag_suivi.py for tasks to queue
[2026-07-27T13:15:30.025+0000] {logging_mixin.py:151} INFO - [2026-07-27T13:15:30.025+0000] {dagbag.py:536} INFO - Filling up the DagBag from /opt/airflow/dags/dag_suivi.py
[2026-07-27T13:15:30.052+0000] {processor.py:839} INFO - DAG(s) dict_keys(['pipeline_ingestion_suivi']) retrieved from /opt/airflow/dags/dag_suivi.py
[2026-07-27T13:15:30.079+0000] {logging_mixin.py:151} INFO - [2026-07-27T13:15:30.079+0000] {dag.py:2941} INFO - Sync 1 DAGs
[2026-07-27T13:15:30.099+0000] {logging_mixin.py:151} INFO - [2026-07-27T13:15:30.098+0000] {dag.py:3722} INFO - Setting next_dagrun for pipeline_ingestion_suivi to 2026-07-27T13:00:00+00:00, run_after=2026-07-27T14:00:00+00:00
[2026-07-27T13:15:30.118+0000] {processor.py:179} INFO - Processing /opt/airflow/dags/dag_suivi.py took 0.099 seconds
[2026-07-27T13:16:00.280+0000] {processor.py:157} INFO - Started process (PID=913) to work on /opt/airflow/dags/dag_suivi.py
[2026-07-27T13:16:00.280+0000] {processor.py:829} INFO - Processing file /opt/airflow/dags/dag_suivi.py for tasks to queue
[2026-07-27T13:16:00.281+0000] {logging_mixin.py:151} INFO - [2026-07-27T13:16:00.281+0000] {dagbag.py:536} INFO - Filling up the DagBag from /opt/airflow/dags/dag_suivi.py
[2026-07-27T13:16:00.305+0000] {processor.py:839} INFO - DAG(s) dict_keys(['pipeline_ingestion_suivi']) retrieved from /opt/airflow/dags/dag_suivi.py
[2026-07-27T13:16:00.330+0000] {logging_mixin.py:151} INFO - [2026-07-27T13:16:00.330+0000] {dag.py:2941} INFO - Sync 1 DAGs
[2026-07-27T13:16:00.350+0000] {logging_mixin.py:151} INFO - [2026-07-27T13:16:00.350+0000] {dag.py:3722} INFO - Setting next_dagrun for pipeline_ingestion_suivi to 2026-07-27T13:00:00+00:00, run_after=2026-07-27T14:00:00+00:00
[2026-07-27T13:16:00.370+0000] {processor.py:179} INFO - Processing /opt/airflow/dags/dag_suivi.py took 0.094 seconds
[2026-07-27T13:16:30.494+0000] {processor.py:157} INFO - Started process (PID=918) to work on /opt/airflow/dags/dag_suivi.py
[2026-07-27T13:16:30.494+0000] {processor.py:829} INFO - Processing file /opt/airflow/dags/dag_suivi.py for tasks to queue
[2026-07-27T13:16:30.495+0000] {logging_mixin.py:151} INFO - [2026-07-27T13:16:30.495+0000] {dagbag.py:536} INFO - Filling up the DagBag from /opt/airflow/dags/dag_suivi.py
[2026-07-27T13:16:30.521+0000] {processor.py:839} INFO - DAG(s) dict_keys(['pipeline_ingestion_suivi']) retrieved from /opt/airflow/dags/dag_suivi.py
[2026-07-27T13:16:30.545+0000] {logging_mixin.py:151} INFO - [2026-07-27T13:16:30.545+0000] {dag.py:2941} INFO - Sync 1 DAGs
[2026-07-27T13:16:30.565+0000] {logging_mixin.py:151} INFO - [2026-07-27T13:16:30.564+0000] {dag.py:3722} INFO - Setting next_dagrun for pipeline_ingestion_suivi to 2026-07-27T13:00:00+00:00, run_after=2026-07-27T14:00:00+00:00
[2026-07-27T13:16:30.585+0000] {processor.py:179} INFO - Processing /opt/airflow/dags/dag_suivi.py took 0.094 seconds
[2026-07-27T13:17:00.703+0000] {processor.py:157} INFO - Started process (PID=923) to work on /opt/airflow/dags/dag_suivi.py
[2026-07-27T13:17:00.703+0000] {processor.py:829} INFO - Processing file /opt/airflow/dags/dag_suivi.py for tasks to queue
[2026-07-27T13:17:00.704+0000] {logging_mixin.py:151} INFO - [2026-07-27T13:17:00.704+0000] {dagbag.py:536} INFO - Filling up the DagBag from /opt/airflow/dags/dag_suivi.py
[2026-07-27T13:17:00.731+0000] {processor.py:839} INFO - DAG(s) dict_keys(['pipeline_ingestion_suivi']) retrieved from /opt/airflow/dags/dag_suivi.py
[2026-07-27T13:17:00.755+0000] {logging_mixin.py:151} INFO - [2026-07-27T13:17:00.755+0000] {dag.py:2941} INFO - Sync 1 DAGs
[2026-07-27T13:17:00.774+0000] {logging_mixin.py:151} INFO - [2026-07-27T13:17:00.774+0000] {dag.py:3722} INFO - Setting next_dagrun for pipeline_ingestion_suivi to 2026-07-27T13:00:00+00:00, run_after=2026-07-27T14:00:00+00:00
[2026-07-27T13:17:00.795+0000] {processor.py:179} INFO - Processing /opt/airflow/dags/dag_suivi.py took 0.095 seconds
[2026-07-27T13:17:30.988+0000] {processor.py:157} INFO - Started process (PID=928) to work on /opt/airflow/dags/dag_suivi.py
[2026-07-27T13:17:30.990+0000] {processor.py:829} INFO - Processing file /opt/airflow/dags/dag_suivi.py for tasks to queue
[2026-07-27T13:17:30.994+0000] {logging_mixin.py:151} INFO - [2026-07-27T13:17:30.992+0000] {dagbag.py:536} INFO - Filling up the DagBag from /opt/airflow/dags/dag_suivi.py
[2026-07-27T13:17:31.058+0000] {processor.py:839} INFO - DAG(s) dict_keys(['pipeline_ingestion_suivi']) retrieved from /opt/airflow/dags/dag_suivi.py
[2026-07-27T13:17:31.128+0000] {logging_mixin.py:151} INFO - [2026-07-27T13:17:31.127+0000] {dag.py:2941} INFO - Sync 1 DAGs
[2026-07-27T13:17:31.180+0000] {logging_mixin.py:151} INFO - [2026-07-27T13:17:31.179+0000] {dag.py:3722} INFO - Setting next_dagrun for pipeline_ingestion_suivi to 2026-07-27T13:00:00+00:00, run_after=2026-07-27T14:00:00+00:00
[2026-07-27T13:17:31.221+0000] {processor.py:179} INFO - Processing /opt/airflow/dags/dag_suivi.py took 0.241 seconds
[2026-07-27T13:19:00.566+0000] {processor.py:157} INFO - Started process (PID=169) to work on /opt/airflow/dags/dag_suivi.py
[2026-07-27T13:19:00.569+0000] {processor.py:829} INFO - Processing file /opt/airflow/dags/dag_suivi.py for tasks to queue
[2026-07-27T13:19:00.572+0000] {logging_mixin.py:151} INFO - [2026-07-27T13:19:00.570+0000] {dagbag.py:536} INFO - Filling up the DagBag from /opt/airflow/dags/dag_suivi.py
[2026-07-27T13:19:00.630+0000] {processor.py:839} INFO - DAG(s) dict_keys(['pipeline_ingestion_suivi']) retrieved from /opt/airflow/dags/dag_suivi.py
[2026-07-27T13:19:00.705+0000] {logging_mixin.py:151} INFO - [2026-07-27T13:19:00.704+0000] {dag.py:2941} INFO - Sync 1 DAGs
[2026-07-27T13:19:00.764+0000] {logging_mixin.py:151} INFO - [2026-07-27T13:19:00.764+0000] {dag.py:3722} INFO - Setting next_dagrun for pipeline_ingestion_suivi to 2026-07-27T13:00:00+00:00, run_after=2026-07-27T14:00:00+00:00
[2026-07-27T13:19:00.812+0000] {processor.py:179} INFO - Processing /opt/airflow/dags/dag_suivi.py took 0.254 seconds
[2026-07-27T13:19:31.015+0000] {processor.py:157} INFO - Started process (PID=174) to work on /opt/airflow/dags/dag_suivi.py
[2026-07-27T13:19:31.016+0000] {processor.py:829} INFO - Processing file /opt/airflow/dags/dag_suivi.py for tasks to queue
[2026-07-27T13:19:31.017+0000] {logging_mixin.py:151} INFO - [2026-07-27T13:19:31.017+0000] {dagbag.py:536} INFO - Filling up the DagBag from /opt/airflow/dags/dag_suivi.py
[2026-07-27T13:19:31.037+0000] {processor.py:839} INFO - DAG(s) dict_keys(['pipeline_ingestion_suivi']) retrieved from /opt/airflow/dags/dag_suivi.py
[2026-07-27T13:19:31.063+0000] {logging_mixin.py:151} INFO - [2026-07-27T13:19:31.063+0000] {dag.py:2941} INFO - Sync 1 DAGs
[2026-07-27T13:19:31.082+0000] {logging_mixin.py:151} INFO - [2026-07-27T13:19:31.082+0000] {dag.py:3722} INFO - Setting next_dagrun for pipeline_ingestion_suivi to 2026-07-27T13:00:00+00:00, run_after=2026-07-27T14:00:00+00:00
[2026-07-27T13:19:31.102+0000] {processor.py:179} INFO - Processing /opt/airflow/dags/dag_suivi.py took 0.089 seconds
[2026-07-27T13:20:01.193+0000] {processor.py:157} INFO - Started process (PID=179) to work on /opt/airflow/dags/dag_suivi.py
[2026-07-27T13:20:01.194+0000] {processor.py:829} INFO - Processing file /opt/airflow/dags/dag_suivi.py for tasks to queue
[2026-07-27T13:20:01.195+0000] {logging_mixin.py:151} INFO - [2026-07-27T13:20:01.195+0000] {dagbag.py:536} INFO - Filling up the DagBag from /opt/airflow/dags/dag_suivi.py
[2026-07-27T13:20:01.216+0000] {processor.py:839} INFO - DAG(s) dict_keys(['pipeline_ingestion_suivi']) retrieved from /opt/airflow/dags/dag_suivi.py
[2026-07-27T13:20:01.244+0000] {logging_mixin.py:151} INFO - [2026-07-27T13:20:01.244+0000] {dag.py:2941} INFO - Sync 1 DAGs
[2026-07-27T13:20:01.270+0000] {logging_mixin.py:151} INFO - [2026-07-27T13:20:01.270+0000] {dag.py:3722} INFO - Setting next_dagrun for pipeline_ingestion_suivi to 2026-07-27T13:00:00+00:00, run_after=2026-07-27T14:00:00+00:00
[2026-07-27T13:20:01.306+0000] {processor.py:179} INFO - Processing /opt/airflow/dags/dag_suivi.py took 0.117 seconds
[2026-07-27T13:20:31.452+0000] {processor.py:157} INFO - Started process (PID=184) to work on /opt/airflow/dags/dag_suivi.py
[2026-07-27T13:20:31.453+0000] {processor.py:829} INFO - Processing file /opt/airflow/dags/dag_suivi.py for tasks to queue
[2026-07-27T13:20:31.454+0000] {logging_mixin.py:151} INFO - [2026-07-27T13:20:31.453+0000] {dagbag.py:536} INFO - Filling up the DagBag from /opt/airflow/dags/dag_suivi.py
[2026-07-27T13:20:31.472+0000] {processor.py:839} INFO - DAG(s) dict_keys(['pipeline_ingestion_suivi']) retrieved from /opt/airflow/dags/dag_suivi.py
[2026-07-27T13:20:31.498+0000] {logging_mixin.py:151} INFO - [2026-07-27T13:20:31.497+0000] {dag.py:2941} INFO - Sync 1 DAGs
[2026-07-27T13:20:31.518+0000] {logging_mixin.py:151} INFO - [2026-07-27T13:20:31.518+0000] {dag.py:3722} INFO - Setting next_dagrun for pipeline_ingestion_suivi to 2026-07-27T13:00:00+00:00, run_after=2026-07-27T14:00:00+00:00
[2026-07-27T13:20:31.547+0000] {processor.py:179} INFO - Processing /opt/airflow/dags/dag_suivi.py took 0.098 seconds
[2026-07-27T13:21:01.660+0000] {processor.py:157} INFO - Started process (PID=189) to work on /opt/airflow/dags/dag_suivi.py
[2026-07-27T13:21:01.660+0000] {processor.py:829} INFO - Processing file /opt/airflow/dags/dag_suivi.py for tasks to queue
[2026-07-27T13:21:01.661+0000] {logging_mixin.py:151} INFO - [2026-07-27T13:21:01.661+0000] {dagbag.py:536} INFO - Filling up the DagBag from /opt/airflow/dags/dag_suivi.py
[2026-07-27T13:21:01.687+0000] {processor.py:839} INFO - DAG(s) dict_keys(['pipeline_ingestion_suivi']) retrieved from /opt/airflow/dags/dag_suivi.py
[2026-07-27T13:21:01.716+0000] {logging_mixin.py:151} INFO - [2026-07-27T13:21:01.716+0000] {dag.py:2941} INFO - Sync 1 DAGs
[2026-07-27T13:21:01.735+0000] {logging_mixin.py:151} INFO - [2026-07-27T13:21:01.735+0000] {dag.py:3722} INFO - Setting next_dagrun for pipeline_ingestion_suivi to 2026-07-27T13:00:00+00:00, run_after=2026-07-27T14:00:00+00:00
[2026-07-27T13:21:01.756+0000] {processor.py:179} INFO - Processing /opt/airflow/dags/dag_suivi.py took 0.099 seconds
[2026-07-27T13:21:31.912+0000] {processor.py:157} INFO - Started process (PID=194) to work on /opt/airflow/dags/dag_suivi.py
[2026-07-27T13:21:31.912+0000] {processor.py:829} INFO - Processing file /opt/airflow/dags/dag_suivi.py for tasks to queue
[2026-07-27T13:21:31.913+0000] {logging_mixin.py:151} INFO - [2026-07-27T13:21:31.913+0000] {dagbag.py:536} INFO - Filling up the DagBag from /opt/airflow/dags/dag_suivi.py
[2026-07-27T13:21:31.932+0000] {processor.py:839} INFO - DAG(s) dict_keys(['pipeline_ingestion_suivi']) retrieved from /opt/airflow/dags/dag_suivi.py
[2026-07-27T13:21:31.959+0000] {logging_mixin.py:151} INFO - [2026-07-27T13:21:31.959+0000] {dag.py:2941} INFO - Sync 1 DAGs
[2026-07-27T13:21:31.982+0000] {logging_mixin.py:151} INFO - [2026-07-27T13:21:31.982+0000] {dag.py:3722} INFO - Setting next_dagrun for pipeline_ingestion_suivi to 2026-07-27T13:00:00+00:00, run_after=2026-07-27T14:00:00+00:00
[2026-07-27T13:21:32.016+0000] {processor.py:179} INFO - Processing /opt/airflow/dags/dag_suivi.py took 0.107 seconds
[2026-07-27T13:22:02.088+0000] {processor.py:157} INFO - Started process (PID=199) to work on /opt/airflow/dags/dag_suivi.py
[2026-07-27T13:22:02.089+0000] {processor.py:829} INFO - Processing file /opt/airflow/dags/dag_suivi.py for tasks to queue
[2026-07-27T13:22:02.090+0000] {logging_mixin.py:151} INFO - [2026-07-27T13:22:02.090+0000] {dagbag.py:536} INFO - Filling up the DagBag from /opt/airflow/dags/dag_suivi.py
[2026-07-27T13:22:02.110+0000] {processor.py:839} INFO - DAG(s) dict_keys(['pipeline_ingestion_suivi']) retrieved from /opt/airflow/dags/dag_suivi.py
[2026-07-27T13:22:02.137+0000] {logging_mixin.py:151} INFO - [2026-07-27T13:22:02.137+0000] {dag.py:2941} INFO - Sync 1 DAGs
[2026-07-27T13:22:02.156+0000] {logging_mixin.py:151} INFO - [2026-07-27T13:22:02.156+0000] {dag.py:3722} INFO - Setting next_dagrun for pipeline_ingestion_suivi to 2026-07-27T13:00:00+00:00, run_after=2026-07-27T14:00:00+00:00
[2026-07-27T13:22:02.180+0000] {processor.py:179} INFO - Processing /opt/airflow/dags/dag_suivi.py took 0.095 seconds
[2026-07-27T13:22:32.347+0000] {processor.py:157} INFO - Started process (PID=204) to work on /opt/airflow/dags/dag_suivi.py
[2026-07-27T13:22:32.347+0000] {processor.py:829} INFO - Processing file /opt/airflow/dags/dag_suivi.py for tasks to queue
[2026-07-27T13:22:32.348+0000] {logging_mixin.py:151} INFO - [2026-07-27T13:22:32.348+0000] {dagbag.py:536} INFO - Filling up the DagBag from /opt/airflow/dags/dag_suivi.py
[2026-07-27T13:22:32.367+0000] {processor.py:839} INFO - DAG(s) dict_keys(['pipeline_ingestion_suivi']) retrieved from /opt/airflow/dags/dag_suivi.py
[2026-07-27T13:22:32.394+0000] {logging_mixin.py:151} INFO - [2026-07-27T13:22:32.393+0000] {dag.py:2941} INFO - Sync 1 DAGs
[2026-07-27T13:22:32.415+0000] {logging_mixin.py:151} INFO - [2026-07-27T13:22:32.415+0000] {dag.py:3722} INFO - Setting next_dagrun for pipeline_ingestion_suivi to 2026-07-27T13:00:00+00:00, run_after=2026-07-27T14:00:00+00:00
[2026-07-27T13:22:32.445+0000] {processor.py:179} INFO - Processing /opt/airflow/dags/dag_suivi.py took 0.101 seconds
[2026-07-27T13:23:02.563+0000] {processor.py:157} INFO - Started process (PID=209) to work on /opt/airflow/dags/dag_suivi.py
[2026-07-27T13:23:02.563+0000] {processor.py:829} INFO - Processing file /opt/airflow/dags/dag_suivi.py for tasks to queue
[2026-07-27T13:23:02.564+0000] {logging_mixin.py:151} INFO - [2026-07-27T13:23:02.564+0000] {dagbag.py:536} INFO - Filling up the DagBag from /opt/airflow/dags/dag_suivi.py
[2026-07-27T13:23:02.586+0000] {processor.py:839} INFO - DAG(s) dict_keys(['pipeline_ingestion_suivi']) retrieved from /opt/airflow/dags/dag_suivi.py
[2026-07-27T13:23:02.614+0000] {logging_mixin.py:151} INFO - [2026-07-27T13:23:02.614+0000] {dag.py:2941} INFO - Sync 1 DAGs
[2026-07-27T13:23:02.636+0000] {logging_mixin.py:151} INFO - [2026-07-27T13:23:02.636+0000] {dag.py:3722} INFO - Setting next_dagrun for pipeline_ingestion_suivi to 2026-07-27T13:00:00+00:00, run_after=2026-07-27T14:00:00+00:00
[2026-07-27T13:23:02.658+0000] {processor.py:179} INFO - Processing /opt/airflow/dags/dag_suivi.py took 0.098 seconds
[2026-07-27T13:23:32.802+0000] {processor.py:157} INFO - Started process (PID=214) to work on /opt/airflow/dags/dag_suivi.py
[2026-07-27T13:23:32.802+0000] {processor.py:829} INFO - Processing file /opt/airflow/dags/dag_suivi.py for tasks to queue
[2026-07-27T13:23:32.803+0000] {logging_mixin.py:151} INFO - [2026-07-27T13:23:32.803+0000] {dagbag.py:536} INFO - Filling up the DagBag from /opt/airflow/dags/dag_suivi.py
[2026-07-27T13:23:32.821+0000] {processor.py:839} INFO - DAG(s) dict_keys(['pipeline_ingestion_suivi']) retrieved from /opt/airflow/dags/dag_suivi.py
[2026-07-27T13:23:32.844+0000] {logging_mixin.py:151} INFO - [2026-07-27T13:23:32.844+0000] {dag.py:2941} INFO - Sync 1 DAGs
[2026-07-27T13:23:32.864+0000] {logging_mixin.py:151} INFO - [2026-07-27T13:23:32.864+0000] {dag.py:3722} INFO - Setting next_dagrun for pipeline_ingestion_suivi to 2026-07-27T13:00:00+00:00, run_after=2026-07-27T14:00:00+00:00
[2026-07-27T13:23:32.883+0000] {processor.py:179} INFO - Processing /opt/airflow/dags/dag_suivi.py took 0.084 seconds
[2026-07-27T13:24:03.038+0000] {processor.py:157} INFO - Started process (PID=219) to work on /opt/airflow/dags/dag_suivi.py
[2026-07-27T13:24:03.039+0000] {processor.py:829} INFO - Processing file /opt/airflow/dags/dag_suivi.py for tasks to queue
[2026-07-27T13:24:03.040+0000] {logging_mixin.py:151} INFO - [2026-07-27T13:24:03.039+0000] {dagbag.py:536} INFO - Filling up the DagBag from /opt/airflow/dags/dag_suivi.py
[2026-07-27T13:24:03.058+0000] {processor.py:839} INFO - DAG(s) dict_keys(['pipeline_ingestion_suivi']) retrieved from /opt/airflow/dags/dag_suivi.py
[2026-07-27T13:24:03.082+0000] {logging_mixin.py:151} INFO - [2026-07-27T13:24:03.081+0000] {dag.py:2941} INFO - Sync 1 DAGs
[2026-07-27T13:24:03.102+0000] {logging_mixin.py:151} INFO - [2026-07-27T13:24:03.102+0000] {dag.py:3722} INFO - Setting next_dagrun for pipeline_ingestion_suivi to 2026-07-27T13:00:00+00:00, run_after=2026-07-27T14:00:00+00:00
[2026-07-27T13:24:03.122+0000] {processor.py:179} INFO - Processing /opt/airflow/dags/dag_suivi.py took 0.086 seconds
[2026-07-27T13:24:33.218+0000] {processor.py:157} INFO - Started process (PID=224) to work on /opt/airflow/dags/dag_suivi.py
[2026-07-27T13:24:33.219+0000] {processor.py:829} INFO - Processing file /opt/airflow/dags/dag_suivi.py for tasks to queue
[2026-07-27T13:24:33.219+0000] {logging_mixin.py:151} INFO - [2026-07-27T13:24:33.219+0000] {dagbag.py:536} INFO - Filling up the DagBag from /opt/airflow/dags/dag_suivi.py
[2026-07-27T13:24:33.239+0000] {processor.py:839} INFO - DAG(s) dict_keys(['pipeline_ingestion_suivi']) retrieved from /opt/airflow/dags/dag_suivi.py
[2026-07-27T13:24:33.267+0000] {logging_mixin.py:151} INFO - [2026-07-27T13:24:33.267+0000] {dag.py:2941} INFO - Sync 1 DAGs
[2026-07-27T13:24:33.290+0000] {logging_mixin.py:151} INFO - [2026-07-27T13:24:33.289+0000] {dag.py:3722} INFO - Setting next_dagrun for pipeline_ingestion_suivi to 2026-07-27T13:00:00+00:00, run_after=2026-07-27T14:00:00+00:00
[2026-07-27T13:24:33.321+0000] {processor.py:179} INFO - Processing /opt/airflow/dags/dag_suivi.py took 0.106 seconds
[2026-07-27T13:25:03.476+0000] {processor.py:157} INFO - Started process (PID=229) to work on /opt/airflow/dags/dag_suivi.py
[2026-07-27T13:25:03.477+0000] {processor.py:829} INFO - Processing file /opt/airflow/dags/dag_suivi.py for tasks to queue
[2026-07-27T13:25:03.478+0000] {logging_mixin.py:151} INFO - [2026-07-27T13:25:03.477+0000] {dagbag.py:536} INFO - Filling up the DagBag from /opt/airflow/dags/dag_suivi.py
[2026-07-27T13:25:03.497+0000] {processor.py:839} INFO - DAG(s) dict_keys(['pipeline_ingestion_suivi']) retrieved from /opt/airflow/dags/dag_suivi.py
[2026-07-27T13:25:03.524+0000] {logging_mixin.py:151} INFO - [2026-07-27T13:25:03.523+0000] {dag.py:2941} INFO - Sync 1 DAGs
[2026-07-27T13:25:03.543+0000] {logging_mixin.py:151} INFO - [2026-07-27T13:25:03.543+0000] {dag.py:3722} INFO - Setting next_dagrun for pipeline_ingestion_suivi to 2026-07-27T13:00:00+00:00, run_after=2026-07-27T14:00:00+00:00
[2026-07-27T13:25:03.565+0000] {processor.py:179} INFO - Processing /opt/airflow/dags/dag_suivi.py took 0.092 seconds
[2026-07-27T13:25:33.671+0000] {processor.py:157} INFO - Started process (PID=234) to work on /opt/airflow/dags/dag_suivi.py
[2026-07-27T13:25:33.671+0000] {processor.py:829} INFO - Processing file /opt/airflow/dags/dag_suivi.py for tasks to queue
[2026-07-27T13:25:33.672+0000] {logging_mixin.py:151} INFO - [2026-07-27T13:25:33.672+0000] {dagbag.py:536} INFO - Filling up the DagBag from /opt/airflow/dags/dag_suivi.py
[2026-07-27T13:25:33.690+0000] {processor.py:839} INFO - DAG(s) dict_keys(['pipeline_ingestion_suivi']) retrieved from /opt/airflow/dags/dag_suivi.py
[2026-07-27T13:25:33.715+0000] {logging_mixin.py:151} INFO - [2026-07-27T13:25:33.715+0000] {dag.py:2941} INFO - Sync 1 DAGs
[2026-07-27T13:25:33.735+0000] {logging_mixin.py:151} INFO - [2026-07-27T13:25:33.735+0000] {dag.py:3722} INFO - Setting next_dagrun for pipeline_ingestion_suivi to 2026-07-27T13:00:00+00:00, run_after=2026-07-27T14:00:00+00:00
[2026-07-27T13:25:33.755+0000] {processor.py:179} INFO - Processing /opt/airflow/dags/dag_suivi.py took 0.087 seconds
[2026-07-27T13:26:03.934+0000] {processor.py:157} INFO - Started process (PID=239) to work on /opt/airflow/dags/dag_suivi.py
[2026-07-27T13:26:03.935+0000] {processor.py:829} INFO - Processing file /opt/airflow/dags/dag_suivi.py for tasks to queue
[2026-07-27T13:26:03.935+0000] {logging_mixin.py:151} INFO - [2026-07-27T13:26:03.935+0000] {dagbag.py:536} INFO - Filling up the DagBag from /opt/airflow/dags/dag_suivi.py
[2026-07-27T13:26:03.954+0000] {processor.py:839} INFO - DAG(s) dict_keys(['pipeline_ingestion_suivi']) retrieved from /opt/airflow/dags/dag_suivi.py
[2026-07-27T13:26:03.980+0000] {logging_mixin.py:151} INFO - [2026-07-27T13:26:03.979+0000] {dag.py:2941} INFO - Sync 1 DAGs
[2026-07-27T13:26:03.999+0000] {logging_mixin.py:151} INFO - [2026-07-27T13:26:03.999+0000] {dag.py:3722} INFO - Setting next_dagrun for pipeline_ingestion_suivi to 2026-07-27T13:00:00+00:00, run_after=2026-07-27T14:00:00+00:00
[2026-07-27T13:26:04.019+0000] {processor.py:179} INFO - Processing /opt/airflow/dags/dag_suivi.py took 0.087 seconds
[2026-07-27T13:26:34.163+0000] {processor.py:157} INFO - Started process (PID=244) to work on /opt/airflow/dags/dag_suivi.py
[2026-07-27T13:26:34.164+0000] {processor.py:829} INFO - Processing file /opt/airflow/dags/dag_suivi.py for tasks to queue
[2026-07-27T13:26:34.165+0000] {logging_mixin.py:151} INFO - [2026-07-27T13:26:34.165+0000] {dagbag.py:536} INFO - Filling up the DagBag from /opt/airflow/dags/dag_suivi.py
[2026-07-27T13:26:34.185+0000] {processor.py:839} INFO - DAG(s) dict_keys(['pipeline_ingestion_suivi']) retrieved from /opt/airflow/dags/dag_suivi.py
[2026-07-27T13:26:34.211+0000] {logging_mixin.py:151} INFO - [2026-07-27T13:26:34.211+0000] {dag.py:2941} INFO - Sync 1 DAGs
[2026-07-27T13:26:34.231+0000] {logging_mixin.py:151} INFO - [2026-07-27T13:26:34.231+0000] {dag.py:3722} INFO - Setting next_dagrun for pipeline_ingestion_suivi to 2026-07-27T13:00:00+00:00, run_after=2026-07-27T14:00:00+00:00
[2026-07-27T13:26:34.251+0000] {processor.py:179} INFO - Processing /opt/airflow/dags/dag_suivi.py took 0.090 seconds
[2026-07-27T13:27:04.395+0000] {processor.py:157} INFO - Started process (PID=249) to work on /opt/airflow/dags/dag_suivi.py
[2026-07-27T13:27:04.396+0000] {processor.py:829} INFO - Processing file /opt/airflow/dags/dag_suivi.py for tasks to queue
[2026-07-27T13:27:04.397+0000] {logging_mixin.py:151} INFO - [2026-07-27T13:27:04.397+0000] {dagbag.py:536} INFO - Filling up the DagBag from /opt/airflow/dags/dag_suivi.py
[2026-07-27T13:27:04.417+0000] {processor.py:839} INFO - DAG(s) dict_keys(['pipeline_ingestion_suivi']) retrieved from /opt/airflow/dags/dag_suivi.py
[2026-07-27T13:27:04.441+0000] {logging_mixin.py:151} INFO - [2026-07-27T13:27:04.441+0000] {dag.py:2941} INFO - Sync 1 DAGs
[2026-07-27T13:27:04.461+0000] {logging_mixin.py:151} INFO - [2026-07-27T13:27:04.461+0000] {dag.py:3722} INFO - Setting next_dagrun for pipeline_ingestion_suivi to 2026-07-27T13:00:00+00:00, run_after=2026-07-27T14:00:00+00:00
[2026-07-27T13:27:04.490+0000] {processor.py:179} INFO - Processing /opt/airflow/dags/dag_suivi.py took 0.098 seconds
[2026-07-27T13:27:34.608+0000] {processor.py:157} INFO - Started process (PID=254) to work on /opt/airflow/dags/dag_suivi.py
[2026-07-27T13:27:34.609+0000] {processor.py:829} INFO - Processing file /opt/airflow/dags/dag_suivi.py for tasks to queue
[2026-07-27T13:27:34.610+0000] {logging_mixin.py:151} INFO - [2026-07-27T13:27:34.610+0000] {dagbag.py:536} INFO - Filling up the DagBag from /opt/airflow/dags/dag_suivi.py
[2026-07-27T13:27:34.628+0000] {processor.py:839} INFO - DAG(s) dict_keys(['pipeline_ingestion_suivi']) retrieved from /opt/airflow/dags/dag_suivi.py
[2026-07-27T13:27:34.654+0000] {logging_mixin.py:151} INFO - [2026-07-27T13:27:34.653+0000] {dag.py:2941} INFO - Sync 1 DAGs
[2026-07-27T13:27:34.676+0000] {logging_mixin.py:151} INFO - [2026-07-27T13:27:34.676+0000] {dag.py:3722} INFO - Setting next_dagrun for pipeline_ingestion_suivi to 2026-07-27T13:00:00+00:00, run_after=2026-07-27T14:00:00+00:00
[2026-07-27T13:27:34.696+0000] {processor.py:179} INFO - Processing /opt/airflow/dags/dag_suivi.py took 0.091 seconds
[2026-07-27T13:28:04.850+0000] {processor.py:157} INFO - Started process (PID=259) to work on /opt/airflow/dags/dag_suivi.py
[2026-07-27T13:28:04.851+0000] {processor.py:829} INFO - Processing file /opt/airflow/dags/dag_suivi.py for tasks to queue
[2026-07-27T13:28:04.852+0000] {logging_mixin.py:151} INFO - [2026-07-27T13:28:04.851+0000] {dagbag.py:536} INFO - Filling up the DagBag from /opt/airflow/dags/dag_suivi.py
[2026-07-27T13:28:04.872+0000] {processor.py:839} INFO - DAG(s) dict_keys(['pipeline_ingestion_suivi']) retrieved from /opt/airflow/dags/dag_suivi.py
[2026-07-27T13:28:04.898+0000] {logging_mixin.py:151} INFO - [2026-07-27T13:28:04.898+0000] {dag.py:2941} INFO - Sync 1 DAGs
[2026-07-27T13:28:04.919+0000] {logging_mixin.py:151} INFO - [2026-07-27T13:28:04.919+0000] {dag.py:3722} INFO - Setting next_dagrun for pipeline_ingestion_suivi to 2026-07-27T13:00:00+00:00, run_after=2026-07-27T14:00:00+00:00
[2026-07-27T13:28:04.940+0000] {processor.py:179} INFO - Processing /opt/airflow/dags/dag_suivi.py took 0.093 seconds
[2026-07-27T13:28:35.033+0000] {processor.py:157} INFO - Started process (PID=264) to work on /opt/airflow/dags/dag_suivi.py
[2026-07-27T13:28:35.034+0000] {processor.py:829} INFO - Processing file /opt/airflow/dags/dag_suivi.py for tasks to queue
[2026-07-27T13:28:35.034+0000] {logging_mixin.py:151} INFO - [2026-07-27T13:28:35.034+0000] {dagbag.py:536} INFO - Filling up the DagBag from /opt/airflow/dags/dag_suivi.py
[2026-07-27T13:28:35.053+0000] {processor.py:839} INFO - DAG(s) dict_keys(['pipeline_ingestion_suivi']) retrieved from /opt/airflow/dags/dag_suivi.py
[2026-07-27T13:28:35.079+0000] {logging_mixin.py:151} INFO - [2026-07-27T13:28:35.078+0000] {dag.py:2941} INFO - Sync 1 DAGs
[2026-07-27T13:28:35.098+0000] {logging_mixin.py:151} INFO - [2026-07-27T13:28:35.097+0000] {dag.py:3722} INFO - Setting next_dagrun for pipeline_ingestion_suivi to 2026-07-27T13:00:00+00:00, run_after=2026-07-27T14:00:00+00:00
[2026-07-27T13:28:35.130+0000] {processor.py:179} INFO - Processing /opt/airflow/dags/dag_suivi.py took 0.100 seconds
[2026-07-27T13:29:05.321+0000] {processor.py:157} INFO - Started process (PID=269) to work on /opt/airflow/dags/dag_suivi.py
[2026-07-27T13:29:05.322+0000] {processor.py:829} INFO - Processing file /opt/airflow/dags/dag_suivi.py for tasks to queue
[2026-07-27T13:29:05.323+0000] {logging_mixin.py:151} INFO - [2026-07-27T13:29:05.323+0000] {dagbag.py:536} INFO - Filling up the DagBag from /opt/airflow/dags/dag_suivi.py
[2026-07-27T13:29:05.341+0000] {processor.py:839} INFO - DAG(s) dict_keys(['pipeline_ingestion_suivi']) retrieved from /opt/airflow/dags/dag_suivi.py
[2026-07-27T13:29:05.366+0000] {logging_mixin.py:151} INFO - [2026-07-27T13:29:05.366+0000] {dag.py:2941} INFO - Sync 1 DAGs
[2026-07-27T13:29:05.387+0000] {logging_mixin.py:151} INFO - [2026-07-27T13:29:05.386+0000] {dag.py:3722} INFO - Setting next_dagrun for pipeline_ingestion_suivi to 2026-07-27T13:00:00+00:00, run_after=2026-07-27T14:00:00+00:00
[2026-07-27T13:29:05.415+0000] {processor.py:179} INFO - Processing /opt/airflow/dags/dag_suivi.py took 0.096 seconds
[2026-07-27T13:29:35.518+0000] {processor.py:157} INFO - Started process (PID=274) to work on /opt/airflow/dags/dag_suivi.py
[2026-07-27T13:29:35.519+0000] {processor.py:829} INFO - Processing file /opt/airflow/dags/dag_suivi.py for tasks to queue
[2026-07-27T13:29:35.520+0000] {logging_mixin.py:151} INFO - [2026-07-27T13:29:35.519+0000] {dagbag.py:536} INFO - Filling up the DagBag from /opt/airflow/dags/dag_suivi.py
[2026-07-27T13:29:35.539+0000] {processor.py:839} INFO - DAG(s) dict_keys(['pipeline_ingestion_suivi']) retrieved from /opt/airflow/dags/dag_suivi.py
[2026-07-27T13:29:35.565+0000] {logging_mixin.py:151} INFO - [2026-07-27T13:29:35.565+0000] {dag.py:2941} INFO - Sync 1 DAGs
[2026-07-27T13:29:35.585+0000] {logging_mixin.py:151} INFO - [2026-07-27T13:29:35.585+0000] {dag.py:3722} INFO - Setting next_dagrun for pipeline_ingestion_suivi to 2026-07-27T13:00:00+00:00, run_after=2026-07-27T14:00:00+00:00
[2026-07-27T13:29:35.615+0000] {processor.py:179} INFO - Processing /opt/airflow/dags/dag_suivi.py took 0.100 seconds
[2026-07-27T13:30:05.751+0000] {processor.py:157} INFO - Started process (PID=279) to work on /opt/airflow/dags/dag_suivi.py
[2026-07-27T13:30:05.752+0000] {processor.py:829} INFO - Processing file /opt/airflow/dags/dag_suivi.py for tasks to queue
[2026-07-27T13:30:05.753+0000] {logging_mixin.py:151} INFO - [2026-07-27T13:30:05.753+0000] {dagbag.py:536} INFO - Filling up the DagBag from /opt/airflow/dags/dag_suivi.py
[2026-07-27T13:30:05.772+0000] {processor.py:839} INFO - DAG(s) dict_keys(['pipeline_ingestion_suivi']) retrieved from /opt/airflow/dags/dag_suivi.py
[2026-07-27T13:30:05.799+0000] {logging_mixin.py:151} INFO - [2026-07-27T13:30:05.798+0000] {dag.py:2941} INFO - Sync 1 DAGs
[2026-07-27T13:30:05.818+0000] {logging_mixin.py:151} INFO - [2026-07-27T13:30:05.818+0000] {dag.py:3722} INFO - Setting next_dagrun for pipeline_ingestion_suivi to 2026-07-27T13:00:00+00:00, run_after=2026-07-27T14:00:00+00:00
[2026-07-27T13:30:05.840+0000] {processor.py:179} INFO - Processing /opt/airflow/dags/dag_suivi.py took 0.092 seconds
[2026-07-27T13:30:35.956+0000] {processor.py:157} INFO - Started process (PID=284) to work on /opt/airflow/dags/dag_suivi.py
[2026-07-27T13:30:35.956+0000] {processor.py:829} INFO - Processing file /opt/airflow/dags/dag_suivi.py for tasks to queue
[2026-07-27T13:30:35.957+0000] {logging_mixin.py:151} INFO - [2026-07-27T13:30:35.957+0000] {dagbag.py:536} INFO - Filling up the DagBag from /opt/airflow/dags/dag_suivi.py
[2026-07-27T13:30:35.976+0000] {processor.py:839} INFO - DAG(s) dict_keys(['pipeline_ingestion_suivi']) retrieved from /opt/airflow/dags/dag_suivi.py
[2026-07-27T13:30:36.003+0000] {logging_mixin.py:151} INFO - [2026-07-27T13:30:36.003+0000] {dag.py:2941} INFO - Sync 1 DAGs
[2026-07-27T13:30:36.024+0000] {logging_mixin.py:151} INFO - [2026-07-27T13:30:36.024+0000] {dag.py:3722} INFO - Setting next_dagrun for pipeline_ingestion_suivi to 2026-07-27T13:00:00+00:00, run_after=2026-07-27T14:00:00+00:00
[2026-07-27T13:30:36.048+0000] {processor.py:179} INFO - Processing /opt/airflow/dags/dag_suivi.py took 0.095 seconds
[2026-07-27T13:31:06.168+0000] {processor.py:157} INFO - Started process (PID=289) to work on /opt/airflow/dags/dag_suivi.py
[2026-07-27T13:31:06.169+0000] {processor.py:829} INFO - Processing file /opt/airflow/dags/dag_suivi.py for tasks to queue
[2026-07-27T13:31:06.170+0000] {logging_mixin.py:151} INFO - [2026-07-27T13:31:06.170+0000] {dagbag.py:536} INFO - Filling up the DagBag from /opt/airflow/dags/dag_suivi.py
[2026-07-27T13:31:06.189+0000] {processor.py:839} INFO - DAG(s) dict_keys(['pipeline_ingestion_suivi']) retrieved from /opt/airflow/dags/dag_suivi.py
[2026-07-27T13:31:06.217+0000] {logging_mixin.py:151} INFO - [2026-07-27T13:31:06.216+0000] {dag.py:2941} INFO - Sync 1 DAGs
[2026-07-27T13:31:06.237+0000] {logging_mixin.py:151} INFO - [2026-07-27T13:31:06.237+0000] {dag.py:3722} INFO - Setting next_dagrun for pipeline_ingestion_suivi to 2026-07-27T13:00:00+00:00, run_after=2026-07-27T14:00:00+00:00
[2026-07-27T13:31:06.257+0000] {processor.py:179} INFO - Processing /opt/airflow/dags/dag_suivi.py took 0.091 seconds
[2026-07-27T13:31:36.367+0000] {processor.py:157} INFO - Started process (PID=294) to work on /opt/airflow/dags/dag_suivi.py
[2026-07-27T13:31:36.368+0000] {processor.py:829} INFO - Processing file /opt/airflow/dags/dag_suivi.py for tasks to queue
[2026-07-27T13:31:36.369+0000] {logging_mixin.py:151} INFO - [2026-07-27T13:31:36.369+0000] {dagbag.py:536} INFO - Filling up the DagBag from /opt/airflow/dags/dag_suivi.py
[2026-07-27T13:31:36.387+0000] {processor.py:839} INFO - DAG(s) dict_keys(['pipeline_ingestion_suivi']) retrieved from /opt/airflow/dags/dag_suivi.py
[2026-07-27T13:31:36.413+0000] {logging_mixin.py:151} INFO - [2026-07-27T13:31:36.413+0000] {dag.py:2941} INFO - Sync 1 DAGs
[2026-07-27T13:31:36.433+0000] {logging_mixin.py:151} INFO - [2026-07-27T13:31:36.433+0000] {dag.py:3722} INFO - Setting next_dagrun for pipeline_ingestion_suivi to 2026-07-27T13:00:00+00:00, run_after=2026-07-27T14:00:00+00:00
[2026-07-27T13:31:36.454+0000] {processor.py:179} INFO - Processing /opt/airflow/dags/dag_suivi.py took 0.090 seconds
[2026-07-27T13:32:06.586+0000] {processor.py:157} INFO - Started process (PID=299) to work on /opt/airflow/dags/dag_suivi.py
[2026-07-27T13:32:06.586+0000] {processor.py:829} INFO - Processing file /opt/airflow/dags/dag_suivi.py for tasks to queue
[2026-07-27T13:32:06.587+0000] {logging_mixin.py:151} INFO - [2026-07-27T13:32:06.587+0000] {dagbag.py:536} INFO - Filling up the DagBag from /opt/airflow/dags/dag_suivi.py
[2026-07-27T13:32:06.608+0000] {processor.py:839} INFO - DAG(s) dict_keys(['pipeline_ingestion_suivi']) retrieved from /opt/airflow/dags/dag_suivi.py
[2026-07-27T13:32:06.634+0000] {logging_mixin.py:151} INFO - [2026-07-27T13:32:06.634+0000] {dag.py:2941} INFO - Sync 1 DAGs
[2026-07-27T13:32:06.655+0000] {logging_mixin.py:151} INFO - [2026-07-27T13:32:06.655+0000] {dag.py:3722} INFO - Setting next_dagrun for pipeline_ingestion_suivi to 2026-07-27T13:00:00+00:00, run_after=2026-07-27T14:00:00+00:00
[2026-07-27T13:32:06.682+0000] {processor.py:179} INFO - Processing /opt/airflow/dags/dag_suivi.py took 0.100 seconds
[2026-07-27T13:32:36.774+0000] {processor.py:157} INFO - Started process (PID=304) to work on /opt/airflow/dags/dag_suivi.py
[2026-07-27T13:32:36.775+0000] {processor.py:829} INFO - Processing file /opt/airflow/dags/dag_suivi.py for tasks to queue
[2026-07-27T13:32:36.776+0000] {logging_mixin.py:151} INFO - [2026-07-27T13:32:36.776+0000] {dagbag.py:536} INFO - Filling up the DagBag from /opt/airflow/dags/dag_suivi.py
[2026-07-27T13:32:36.796+0000] {processor.py:839} INFO - DAG(s) dict_keys(['pipeline_ingestion_suivi']) retrieved from /opt/airflow/dags/dag_suivi.py
[2026-07-27T13:32:36.825+0000] {logging_mixin.py:151} INFO - [2026-07-27T13:32:36.825+0000] {dag.py:2941} INFO - Sync 1 DAGs
[2026-07-27T13:32:36.846+0000] {logging_mixin.py:151} INFO - [2026-07-27T13:32:36.846+0000] {dag.py:3722} INFO - Setting next_dagrun for pipeline_ingestion_suivi to 2026-07-27T13:00:00+00:00, run_after=2026-07-27T14:00:00+00:00
[2026-07-27T13:32:36.877+0000] {processor.py:179} INFO - Processing /opt/airflow/dags/dag_suivi.py took 0.106 seconds
[2026-07-27T13:33:07.034+0000] {processor.py:157} INFO - Started process (PID=309) to work on /opt/airflow/dags/dag_suivi.py
[2026-07-27T13:33:07.034+0000] {processor.py:829} INFO - Processing file /opt/airflow/dags/dag_suivi.py for tasks to queue
[2026-07-27T13:33:07.035+0000] {logging_mixin.py:151} INFO - [2026-07-27T13:33:07.035+0000] {dagbag.py:536} INFO - Filling up the DagBag from /opt/airflow/dags/dag_suivi.py
[2026-07-27T13:33:07.054+0000] {processor.py:839} INFO - DAG(s) dict_keys(['pipeline_ingestion_suivi']) retrieved from /opt/airflow/dags/dag_suivi.py
[2026-07-27T13:33:07.080+0000] {logging_mixin.py:151} INFO - [2026-07-27T13:33:07.080+0000] {dag.py:2941} INFO - Sync 1 DAGs
[2026-07-27T13:33:07.099+0000] {logging_mixin.py:151} INFO - [2026-07-27T13:33:07.099+0000] {dag.py:3722} INFO - Setting next_dagrun for pipeline_ingestion_suivi to 2026-07-27T13:00:00+00:00, run_after=2026-07-27T14:00:00+00:00
[2026-07-27T13:33:07.118+0000] {processor.py:179} INFO - Processing /opt/airflow/dags/dag_suivi.py took 0.087 seconds
[2026-07-27T13:33:37.231+0000] {processor.py:157} INFO - Started process (PID=314) to work on /opt/airflow/dags/dag_suivi.py
[2026-07-27T13:33:37.231+0000] {processor.py:829} INFO - Processing file /opt/airflow/dags/dag_suivi.py for tasks to queue
[2026-07-27T13:33:37.232+0000] {logging_mixin.py:151} INFO - [2026-07-27T13:33:37.232+0000] {dagbag.py:536} INFO - Filling up the DagBag from /opt/airflow/dags/dag_suivi.py
[2026-07-27T13:33:37.250+0000] {processor.py:839} INFO - DAG(s) dict_keys(['pipeline_ingestion_suivi']) retrieved from /opt/airflow/dags/dag_suivi.py
[2026-07-27T13:33:37.277+0000] {logging_mixin.py:151} INFO - [2026-07-27T13:33:37.276+0000] {dag.py:2941} INFO - Sync 1 DAGs
[2026-07-27T13:33:37.297+0000] {logging_mixin.py:151} INFO - [2026-07-27T13:33:37.297+0000] {dag.py:3722} INFO - Setting next_dagrun for pipeline_ingestion_suivi to 2026-07-27T13:00:00+00:00, run_after=2026-07-27T14:00:00+00:00
[2026-07-27T13:33:37.329+0000] {processor.py:179} INFO - Processing /opt/airflow/dags/dag_suivi.py took 0.101 seconds
[2026-07-27T13:34:07.489+0000] {processor.py:157} INFO - Started process (PID=319) to work on /opt/airflow/dags/dag_suivi.py
[2026-07-27T13:34:07.489+0000] {processor.py:829} INFO - Processing file /opt/airflow/dags/dag_suivi.py for tasks to queue
[2026-07-27T13:34:07.490+0000] {logging_mixin.py:151} INFO - [2026-07-27T13:34:07.490+0000] {dagbag.py:536} INFO - Filling up the DagBag from /opt/airflow/dags/dag_suivi.py
[2026-07-27T13:34:07.508+0000] {processor.py:839} INFO - DAG(s) dict_keys(['pipeline_ingestion_suivi']) retrieved from /opt/airflow/dags/dag_suivi.py
[2026-07-27T13:34:07.534+0000] {logging_mixin.py:151} INFO - [2026-07-27T13:34:07.533+0000] {dag.py:2941} INFO - Sync 1 DAGs
[2026-07-27T13:34:07.553+0000] {logging_mixin.py:151} INFO - [2026-07-27T13:34:07.553+0000] {dag.py:3722} INFO - Setting next_dagrun for pipeline_ingestion_suivi to 2026-07-27T13:00:00+00:00, run_after=2026-07-27T14:00:00+00:00
[2026-07-27T13:34:07.581+0000] {processor.py:179} INFO - Processing /opt/airflow/dags/dag_suivi.py took 0.095 seconds
[2026-07-27T13:34:37.675+0000] {processor.py:157} INFO - Started process (PID=324) to work on /opt/airflow/dags/dag_suivi.py
[2026-07-27T13:34:37.676+0000] {processor.py:829} INFO - Processing file /opt/airflow/dags/dag_suivi.py for tasks to queue
[2026-07-27T13:34:37.677+0000] {logging_mixin.py:151} INFO - [2026-07-27T13:34:37.676+0000] {dagbag.py:536} INFO - Filling up the DagBag from /opt/airflow/dags/dag_suivi.py
[2026-07-27T13:34:37.697+0000] {processor.py:839} INFO - DAG(s) dict_keys(['pipeline_ingestion_suivi']) retrieved from /opt/airflow/dags/dag_suivi.py
[2026-07-27T13:34:37.728+0000] {logging_mixin.py:151} INFO - [2026-07-27T13:34:37.728+0000] {dag.py:2941} INFO - Sync 1 DAGs
[2026-07-27T13:34:37.752+0000] {logging_mixin.py:151} INFO - [2026-07-27T13:34:37.751+0000] {dag.py:3722} INFO - Setting next_dagrun for pipeline_ingestion_suivi to 2026-07-27T13:00:00+00:00, run_after=2026-07-27T14:00:00+00:00
[2026-07-27T13:34:37.782+0000] {processor.py:179} INFO - Processing /opt/airflow/dags/dag_suivi.py took 0.109 seconds
[2026-07-27T13:35:07.953+0000] {processor.py:157} INFO - Started process (PID=329) to work on /opt/airflow/dags/dag_suivi.py
[2026-07-27T13:35:07.953+0000] {processor.py:829} INFO - Processing file /opt/airflow/dags/dag_suivi.py for tasks to queue
[2026-07-27T13:35:07.954+0000] {logging_mixin.py:151} INFO - [2026-07-27T13:35:07.954+0000] {dagbag.py:536} INFO - Filling up the DagBag from /opt/airflow/dags/dag_suivi.py
[2026-07-27T13:35:07.975+0000] {processor.py:839} INFO - DAG(s) dict_keys(['pipeline_ingestion_suivi']) retrieved from /opt/airflow/dags/dag_suivi.py
[2026-07-27T13:35:08.001+0000] {logging_mixin.py:151} INFO - [2026-07-27T13:35:08.001+0000] {dag.py:2941} INFO - Sync 1 DAGs
[2026-07-27T13:35:08.023+0000] {logging_mixin.py:151} INFO - [2026-07-27T13:35:08.023+0000] {dag.py:3722} INFO - Setting next_dagrun for pipeline_ingestion_suivi to 2026-07-27T13:00:00+00:00, run_after=2026-07-27T14:00:00+00:00
[2026-07-27T13:35:08.055+0000] {processor.py:179} INFO - Processing /opt/airflow/dags/dag_suivi.py took 0.105 seconds
[2026-07-27T13:35:38.134+0000] {processor.py:157} INFO - Started process (PID=334) to work on /opt/airflow/dags/dag_suivi.py
[2026-07-27T13:35:38.135+0000] {processor.py:829} INFO - Processing file /opt/airflow/dags/dag_suivi.py for tasks to queue
[2026-07-27T13:35:38.135+0000] {logging_mixin.py:151} INFO - [2026-07-27T13:35:38.135+0000] {dagbag.py:536} INFO - Filling up the DagBag from /opt/airflow/dags/dag_suivi.py
[2026-07-27T13:35:38.155+0000] {processor.py:839} INFO - DAG(s) dict_keys(['pipeline_ingestion_suivi']) retrieved from /opt/airflow/dags/dag_suivi.py
[2026-07-27T13:35:38.180+0000] {logging_mixin.py:151} INFO - [2026-07-27T13:35:38.180+0000] {dag.py:2941} INFO - Sync 1 DAGs
[2026-07-27T13:35:38.201+0000] {logging_mixin.py:151} INFO - [2026-07-27T13:35:38.201+0000] {dag.py:3722} INFO - Setting next_dagrun for pipeline_ingestion_suivi to 2026-07-27T13:00:00+00:00, run_after=2026-07-27T14:00:00+00:00
[2026-07-27T13:35:38.232+0000] {processor.py:179} INFO - Processing /opt/airflow/dags/dag_suivi.py took 0.101 seconds
[2026-07-27T13:36:08.402+0000] {processor.py:157} INFO - Started process (PID=339) to work on /opt/airflow/dags/dag_suivi.py
[2026-07-27T13:36:08.403+0000] {processor.py:829} INFO - Processing file /opt/airflow/dags/dag_suivi.py for tasks to queue
[2026-07-27T13:36:08.404+0000] {logging_mixin.py:151} INFO - [2026-07-27T13:36:08.404+0000] {dagbag.py:536} INFO - Filling up the DagBag from /opt/airflow/dags/dag_suivi.py
[2026-07-27T13:36:08.426+0000] {processor.py:839} INFO - DAG(s) dict_keys(['pipeline_ingestion_suivi']) retrieved from /opt/airflow/dags/dag_suivi.py
[2026-07-27T13:36:08.451+0000] {logging_mixin.py:151} INFO - [2026-07-27T13:36:08.451+0000] {dag.py:2941} INFO - Sync 1 DAGs
[2026-07-27T13:36:08.471+0000] {logging_mixin.py:151} INFO - [2026-07-27T13:36:08.471+0000] {dag.py:3722} INFO - Setting next_dagrun for pipeline_ingestion_suivi to 2026-07-27T13:00:00+00:00, run_after=2026-07-27T14:00:00+00:00
[2026-07-27T13:36:08.492+0000] {processor.py:179} INFO - Processing /opt/airflow/dags/dag_suivi.py took 0.093 seconds
[2026-07-27T13:36:38.591+0000] {processor.py:157} INFO - Started process (PID=344) to work on /opt/airflow/dags/dag_suivi.py
[2026-07-27T13:36:38.592+0000] {processor.py:829} INFO - Processing file /opt/airflow/dags/dag_suivi.py for tasks to queue
[2026-07-27T13:36:38.593+0000] {logging_mixin.py:151} INFO - [2026-07-27T13:36:38.593+0000] {dagbag.py:536} INFO - Filling up the DagBag from /opt/airflow/dags/dag_suivi.py
[2026-07-27T13:36:38.629+0000] {processor.py:839} INFO - DAG(s) dict_keys(['pipeline_ingestion_suivi']) retrieved from /opt/airflow/dags/dag_suivi.py
[2026-07-27T13:36:38.673+0000] {logging_mixin.py:151} INFO - [2026-07-27T13:36:38.673+0000] {dag.py:2941} INFO - Sync 1 DAGs
[2026-07-27T13:36:38.712+0000] {logging_mixin.py:151} INFO - [2026-07-27T13:36:38.712+0000] {dag.py:3722} INFO - Setting next_dagrun for pipeline_ingestion_suivi to 2026-07-27T13:00:00+00:00, run_after=2026-07-27T14:00:00+00:00
[2026-07-27T13:36:38.747+0000] {processor.py:179} INFO - Processing /opt/airflow/dags/dag_suivi.py took 0.160 seconds
[2026-07-27T13:37:08.829+0000] {processor.py:157} INFO - Started process (PID=349) to work on /opt/airflow/dags/dag_suivi.py
[2026-07-27T13:37:08.830+0000] {processor.py:829} INFO - Processing file /opt/airflow/dags/dag_suivi.py for tasks to queue
[2026-07-27T13:37:08.830+0000] {logging_mixin.py:151} INFO - [2026-07-27T13:37:08.830+0000] {dagbag.py:536} INFO - Filling up the DagBag from /opt/airflow/dags/dag_suivi.py
[2026-07-27T13:37:08.850+0000] {processor.py:839} INFO - DAG(s) dict_keys(['pipeline_ingestion_suivi']) retrieved from /opt/airflow/dags/dag_suivi.py
[2026-07-27T13:37:08.880+0000] {logging_mixin.py:151} INFO - [2026-07-27T13:37:08.880+0000] {dag.py:2941} INFO - Sync 1 DAGs
[2026-07-27T13:37:08.903+0000] {logging_mixin.py:151} INFO - [2026-07-27T13:37:08.902+0000] {dag.py:3722} INFO - Setting next_dagrun for pipeline_ingestion_suivi to 2026-07-27T13:00:00+00:00, run_after=2026-07-27T14:00:00+00:00
[2026-07-27T13:37:08.923+0000] {processor.py:179} INFO - Processing /opt/airflow/dags/dag_suivi.py took 0.098 seconds
[2026-07-27T13:37:39.100+0000] {processor.py:157} INFO - Started process (PID=354) to work on /opt/airflow/dags/dag_suivi.py
[2026-07-27T13:37:39.101+0000] {processor.py:829} INFO - Processing file /opt/airflow/dags/dag_suivi.py for tasks to queue
[2026-07-27T13:37:39.102+0000] {logging_mixin.py:151} INFO - [2026-07-27T13:37:39.102+0000] {dagbag.py:536} INFO - Filling up the DagBag from /opt/airflow/dags/dag_suivi.py
[2026-07-27T13:37:39.122+0000] {processor.py:839} INFO - DAG(s) dict_keys(['pipeline_ingestion_suivi']) retrieved from /opt/airflow/dags/dag_suivi.py
[2026-07-27T13:37:39.147+0000] {logging_mixin.py:151} INFO - [2026-07-27T13:37:39.146+0000] {dag.py:2941} INFO - Sync 1 DAGs
[2026-07-27T13:37:39.165+0000] {logging_mixin.py:151} INFO - [2026-07-27T13:37:39.165+0000] {dag.py:3722} INFO - Setting next_dagrun for pipeline_ingestion_suivi to 2026-07-27T13:00:00+00:00, run_after=2026-07-27T14:00:00+00:00
[2026-07-27T13:37:39.188+0000] {processor.py:179} INFO - Processing /opt/airflow/dags/dag_suivi.py took 0.091 seconds
[2026-07-27T13:38:09.275+0000] {processor.py:157} INFO - Started process (PID=359) to work on /opt/airflow/dags/dag_suivi.py
[2026-07-27T13:38:09.276+0000] {processor.py:829} INFO - Processing file /opt/airflow/dags/dag_suivi.py for tasks to queue
[2026-07-27T13:38:09.277+0000] {logging_mixin.py:151} INFO - [2026-07-27T13:38:09.276+0000] {dagbag.py:536} INFO - Filling up the DagBag from /opt/airflow/dags/dag_suivi.py
[2026-07-27T13:38:09.296+0000] {processor.py:839} INFO - DAG(s) dict_keys(['pipeline_ingestion_suivi']) retrieved from /opt/airflow/dags/dag_suivi.py
[2026-07-27T13:38:09.323+0000] {logging_mixin.py:151} INFO - [2026-07-27T13:38:09.322+0000] {dag.py:2941} INFO - Sync 1 DAGs
[2026-07-27T13:38:09.345+0000] {logging_mixin.py:151} INFO - [2026-07-27T13:38:09.344+0000] {dag.py:3722} INFO - Setting next_dagrun for pipeline_ingestion_suivi to 2026-07-27T13:00:00+00:00, run_after=2026-07-27T14:00:00+00:00
[2026-07-27T13:38:09.363+0000] {processor.py:179} INFO - Processing /opt/airflow/dags/dag_suivi.py took 0.091 seconds
[2026-07-27T13:38:39.521+0000] {processor.py:157} INFO - Started process (PID=364) to work on /opt/airflow/dags/dag_suivi.py
[2026-07-27T13:38:39.521+0000] {processor.py:829} INFO - Processing file /opt/airflow/dags/dag_suivi.py for tasks to queue
[2026-07-27T13:38:39.522+0000] {logging_mixin.py:151} INFO - [2026-07-27T13:38:39.522+0000] {dagbag.py:536} INFO - Filling up the DagBag from /opt/airflow/dags/dag_suivi.py
[2026-07-27T13:38:39.541+0000] {processor.py:839} INFO - DAG(s) dict_keys(['pipeline_ingestion_suivi']) retrieved from /opt/airflow/dags/dag_suivi.py
[2026-07-27T13:38:39.566+0000] {logging_mixin.py:151} INFO - [2026-07-27T13:38:39.566+0000] {dag.py:2941} INFO - Sync 1 DAGs
[2026-07-27T13:38:39.585+0000] {logging_mixin.py:151} INFO - [2026-07-27T13:38:39.584+0000] {dag.py:3722} INFO - Setting next_dagrun for pipeline_ingestion_suivi to 2026-07-27T13:00:00+00:00, run_after=2026-07-27T14:00:00+00:00
[2026-07-27T13:38:39.614+0000] {processor.py:179} INFO - Processing /opt/airflow/dags/dag_suivi.py took 0.096 seconds
[2026-07-27T13:39:09.731+0000] {processor.py:157} INFO - Started process (PID=369) to work on /opt/airflow/dags/dag_suivi.py
[2026-07-27T13:39:09.732+0000] {processor.py:829} INFO - Processing file /opt/airflow/dags/dag_suivi.py for tasks to queue
[2026-07-27T13:39:09.733+0000] {logging_mixin.py:151} INFO - [2026-07-27T13:39:09.733+0000] {dagbag.py:536} INFO - Filling up the DagBag from /opt/airflow/dags/dag_suivi.py
[2026-07-27T13:39:09.752+0000] {processor.py:839} INFO - DAG(s) dict_keys(['pipeline_ingestion_suivi']) retrieved from /opt/airflow/dags/dag_suivi.py
[2026-07-27T13:39:09.778+0000] {logging_mixin.py:151} INFO - [2026-07-27T13:39:09.777+0000] {dag.py:2941} INFO - Sync 1 DAGs
[2026-07-27T13:39:09.797+0000] {logging_mixin.py:151} INFO - [2026-07-27T13:39:09.797+0000] {dag.py:3722} INFO - Setting next_dagrun for pipeline_ingestion_suivi to 2026-07-27T13:00:00+00:00, run_after=2026-07-27T14:00:00+00:00
[2026-07-27T13:39:09.828+0000] {processor.py:179} INFO - Processing /opt/airflow/dags/dag_suivi.py took 0.100 seconds
[2026-07-27T13:39:39.938+0000] {processor.py:157} INFO - Started process (PID=374) to work on /opt/airflow/dags/dag_suivi.py
[2026-07-27T13:39:39.939+0000] {processor.py:829} INFO - Processing file /opt/airflow/dags/dag_suivi.py for tasks to queue
[2026-07-27T13:39:39.940+0000] {logging_mixin.py:151} INFO - [2026-07-27T13:39:39.940+0000] {dagbag.py:536} INFO - Filling up the DagBag from /opt/airflow/dags/dag_suivi.py
[2026-07-27T13:39:39.959+0000] {processor.py:839} INFO - DAG(s) dict_keys(['pipeline_ingestion_suivi']) retrieved from /opt/airflow/dags/dag_suivi.py
[2026-07-27T13:39:40.027+0000] {logging_mixin.py:151} INFO - [2026-07-27T13:39:40.027+0000] {dag.py:2941} INFO - Sync 1 DAGs
[2026-07-27T13:39:40.079+0000] {logging_mixin.py:151} INFO - [2026-07-27T13:39:40.079+0000] {dag.py:3722} INFO - Setting next_dagrun for pipeline_ingestion_suivi to 2026-07-27T13:00:00+00:00, run_after=2026-07-27T14:00:00+00:00
[2026-07-27T13:39:40.146+0000] {processor.py:179} INFO - Processing /opt/airflow/dags/dag_suivi.py took 0.211 seconds
[2026-07-27T13:40:10.339+0000] {processor.py:157} INFO - Started process (PID=379) to work on /opt/airflow/dags/dag_suivi.py
[2026-07-27T13:40:10.340+0000] {processor.py:829} INFO - Processing file /opt/airflow/dags/dag_suivi.py for tasks to queue
[2026-07-27T13:40:10.341+0000] {logging_mixin.py:151} INFO - [2026-07-27T13:40:10.341+0000] {dagbag.py:536} INFO - Filling up the DagBag from /opt/airflow/dags/dag_suivi.py
[2026-07-27T13:40:10.365+0000] {processor.py:839} INFO - DAG(s) dict_keys(['pipeline_ingestion_suivi']) retrieved from /opt/airflow/dags/dag_suivi.py
[2026-07-27T13:40:10.400+0000] {logging_mixin.py:151} INFO - [2026-07-27T13:40:10.400+0000] {dag.py:2941} INFO - Sync 1 DAGs
[2026-07-27T13:40:10.426+0000] {logging_mixin.py:151} INFO - [2026-07-27T13:40:10.426+0000] {dag.py:3722} INFO - Setting next_dagrun for pipeline_ingestion_suivi to 2026-07-27T13:00:00+00:00, run_after=2026-07-27T14:00:00+00:00
[2026-07-27T13:40:10.452+0000] {processor.py:179} INFO - Processing /opt/airflow/dags/dag_suivi.py took 0.117 seconds
[2026-07-27T13:40:40.519+0000] {processor.py:157} INFO - Started process (PID=384) to work on /opt/airflow/dags/dag_suivi.py
[2026-07-27T13:40:40.520+0000] {processor.py:829} INFO - Processing file /opt/airflow/dags/dag_suivi.py for tasks to queue
[2026-07-27T13:40:40.521+0000] {logging_mixin.py:151} INFO - [2026-07-27T13:40:40.521+0000] {dagbag.py:536} INFO - Filling up the DagBag from /opt/airflow/dags/dag_suivi.py
[2026-07-27T13:40:40.543+0000] {processor.py:839} INFO - DAG(s) dict_keys(['pipeline_ingestion_suivi']) retrieved from /opt/airflow/dags/dag_suivi.py
[2026-07-27T13:40:40.571+0000] {logging_mixin.py:151} INFO - [2026-07-27T13:40:40.571+0000] {dag.py:2941} INFO - Sync 1 DAGs
[2026-07-27T13:40:40.594+0000] {logging_mixin.py:151} INFO - [2026-07-27T13:40:40.594+0000] {dag.py:3722} INFO - Setting next_dagrun for pipeline_ingestion_suivi to 2026-07-27T13:00:00+00:00, run_after=2026-07-27T14:00:00+00:00
[2026-07-27T13:40:40.616+0000] {processor.py:179} INFO - Processing /opt/airflow/dags/dag_suivi.py took 0.101 seconds
[2026-07-27T13:41:10.812+0000] {processor.py:157} INFO - Started process (PID=389) to work on /opt/airflow/dags/dag_suivi.py
[2026-07-27T13:41:10.813+0000] {processor.py:829} INFO - Processing file /opt/airflow/dags/dag_suivi.py for tasks to queue
[2026-07-27T13:41:10.814+0000] {logging_mixin.py:151} INFO - [2026-07-27T13:41:10.813+0000] {dagbag.py:536} INFO - Filling up the DagBag from /opt/airflow/dags/dag_suivi.py
[2026-07-27T13:41:10.832+0000] {processor.py:839} INFO - DAG(s) dict_keys(['pipeline_ingestion_suivi']) retrieved from /opt/airflow/dags/dag_suivi.py
[2026-07-27T13:41:10.857+0000] {logging_mixin.py:151} INFO - [2026-07-27T13:41:10.857+0000] {dag.py:2941} INFO - Sync 1 DAGs
[2026-07-27T13:41:10.878+0000] {logging_mixin.py:151} INFO - [2026-07-27T13:41:10.878+0000] {dag.py:3722} INFO - Setting next_dagrun for pipeline_ingestion_suivi to 2026-07-27T13:00:00+00:00, run_after=2026-07-27T14:00:00+00:00
[2026-07-27T13:41:10.909+0000] {processor.py:179} INFO - Processing /opt/airflow/dags/dag_suivi.py took 0.099 seconds
[2026-07-27T13:41:40.985+0000] {processor.py:157} INFO - Started process (PID=394) to work on /opt/airflow/dags/dag_suivi.py
[2026-07-27T13:41:40.986+0000] {processor.py:829} INFO - Processing file /opt/airflow/dags/dag_suivi.py for tasks to queue
[2026-07-27T13:41:40.987+0000] {logging_mixin.py:151} INFO - [2026-07-27T13:41:40.987+0000] {dagbag.py:536} INFO - Filling up the DagBag from /opt/airflow/dags/dag_suivi.py
[2026-07-27T13:41:41.006+0000] {processor.py:839} INFO - DAG(s) dict_keys(['pipeline_ingestion_suivi']) retrieved from /opt/airflow/dags/dag_suivi.py
[2026-07-27T13:41:41.034+0000] {logging_mixin.py:151} INFO - [2026-07-27T13:41:41.034+0000] {dag.py:2941} INFO - Sync 1 DAGs
[2026-07-27T13:41:41.055+0000] {logging_mixin.py:151} INFO - [2026-07-27T13:41:41.055+0000] {dag.py:3722} INFO - Setting next_dagrun for pipeline_ingestion_suivi to 2026-07-27T13:00:00+00:00, run_after=2026-07-27T14:00:00+00:00
[2026-07-27T13:41:41.087+0000] {processor.py:179} INFO - Processing /opt/airflow/dags/dag_suivi.py took 0.105 seconds
[2026-07-27T13:42:11.257+0000] {processor.py:157} INFO - Started process (PID=399) to work on /opt/airflow/dags/dag_suivi.py
[2026-07-27T13:42:11.258+0000] {processor.py:829} INFO - Processing file /opt/airflow/dags/dag_suivi.py for tasks to queue
[2026-07-27T13:42:11.258+0000] {logging_mixin.py:151} INFO - [2026-07-27T13:42:11.258+0000] {dagbag.py:536} INFO - Filling up the DagBag from /opt/airflow/dags/dag_suivi.py
[2026-07-27T13:42:11.277+0000] {processor.py:839} INFO - DAG(s) dict_keys(['pipeline_ingestion_suivi']) retrieved from /opt/airflow/dags/dag_suivi.py
[2026-07-27T13:42:11.303+0000] {logging_mixin.py:151} INFO - [2026-07-27T13:42:11.303+0000] {dag.py:2941} INFO - Sync 1 DAGs
[2026-07-27T13:42:11.324+0000] {logging_mixin.py:151} INFO - [2026-07-27T13:42:11.323+0000] {dag.py:3722} INFO - Setting next_dagrun for pipeline_ingestion_suivi to 2026-07-27T13:00:00+00:00, run_after=2026-07-27T14:00:00+00:00
[2026-07-27T13:42:11.346+0000] {processor.py:179} INFO - Processing /opt/airflow/dags/dag_suivi.py took 0.091 seconds
[2026-07-27T13:42:41.446+0000] {processor.py:157} INFO - Started process (PID=404) to work on /opt/airflow/dags/dag_suivi.py
[2026-07-27T13:42:41.447+0000] {processor.py:829} INFO - Processing file /opt/airflow/dags/dag_suivi.py for tasks to queue
[2026-07-27T13:42:41.448+0000] {logging_mixin.py:151} INFO - [2026-07-27T13:42:41.448+0000] {dagbag.py:536} INFO - Filling up the DagBag from /opt/airflow/dags/dag_suivi.py
[2026-07-27T13:42:41.470+0000] {processor.py:839} INFO - DAG(s) dict_keys(['pipeline_ingestion_suivi']) retrieved from /opt/airflow/dags/dag_suivi.py
[2026-07-27T13:42:41.500+0000] {logging_mixin.py:151} INFO - [2026-07-27T13:42:41.500+0000] {dag.py:2941} INFO - Sync 1 DAGs
[2026-07-27T13:42:41.524+0000] {logging_mixin.py:151} INFO - [2026-07-27T13:42:41.524+0000] {dag.py:3722} INFO - Setting next_dagrun for pipeline_ingestion_suivi to 2026-07-27T13:00:00+00:00, run_after=2026-07-27T14:00:00+00:00
[2026-07-27T13:42:41.548+0000] {processor.py:179} INFO - Processing /opt/airflow/dags/dag_suivi.py took 0.105 seconds
[2026-07-27T13:43:11.680+0000] {processor.py:157} INFO - Started process (PID=409) to work on /opt/airflow/dags/dag_suivi.py
[2026-07-27T13:43:11.680+0000] {processor.py:829} INFO - Processing file /opt/airflow/dags/dag_suivi.py for tasks to queue
[2026-07-27T13:43:11.681+0000] {logging_mixin.py:151} INFO - [2026-07-27T13:43:11.681+0000] {dagbag.py:536} INFO - Filling up the DagBag from /opt/airflow/dags/dag_suivi.py
[2026-07-27T13:43:11.699+0000] {processor.py:839} INFO - DAG(s) dict_keys(['pipeline_ingestion_suivi']) retrieved from /opt/airflow/dags/dag_suivi.py
[2026-07-27T13:43:11.724+0000] {logging_mixin.py:151} INFO - [2026-07-27T13:43:11.724+0000] {dag.py:2941} INFO - Sync 1 DAGs
[2026-07-27T13:43:11.743+0000] {logging_mixin.py:151} INFO - [2026-07-27T13:43:11.743+0000] {dag.py:3722} INFO - Setting next_dagrun for pipeline_ingestion_suivi to 2026-07-27T13:00:00+00:00, run_after=2026-07-27T14:00:00+00:00
[2026-07-27T13:43:11.762+0000] {processor.py:179} INFO - Processing /opt/airflow/dags/dag_suivi.py took 0.085 seconds
[2026-07-27T13:43:41.903+0000] {processor.py:157} INFO - Started process (PID=414) to work on /opt/airflow/dags/dag_suivi.py
[2026-07-27T13:43:41.904+0000] {processor.py:829} INFO - Processing file /opt/airflow/dags/dag_suivi.py for tasks to queue
[2026-07-27T13:43:41.905+0000] {logging_mixin.py:151} INFO - [2026-07-27T13:43:41.904+0000] {dagbag.py:536} INFO - Filling up the DagBag from /opt/airflow/dags/dag_suivi.py
[2026-07-27T13:43:41.923+0000] {processor.py:839} INFO - DAG(s) dict_keys(['pipeline_ingestion_suivi']) retrieved from /opt/airflow/dags/dag_suivi.py
[2026-07-27T13:43:41.947+0000] {logging_mixin.py:151} INFO - [2026-07-27T13:43:41.947+0000] {dag.py:2941} INFO - Sync 1 DAGs
[2026-07-27T13:43:41.967+0000] {logging_mixin.py:151} INFO - [2026-07-27T13:43:41.966+0000] {dag.py:3722} INFO - Setting next_dagrun for pipeline_ingestion_suivi to 2026-07-27T13:00:00+00:00, run_after=2026-07-27T14:00:00+00:00
[2026-07-27T13:43:41.995+0000] {processor.py:179} INFO - Processing /opt/airflow/dags/dag_suivi.py took 0.095 seconds
[2026-07-27T13:44:12.134+0000] {processor.py:157} INFO - Started process (PID=419) to work on /opt/airflow/dags/dag_suivi.py
[2026-07-27T13:44:12.135+0000] {processor.py:829} INFO - Processing file /opt/airflow/dags/dag_suivi.py for tasks to queue
[2026-07-27T13:44:12.136+0000] {logging_mixin.py:151} INFO - [2026-07-27T13:44:12.136+0000] {dagbag.py:536} INFO - Filling up the DagBag from /opt/airflow/dags/dag_suivi.py
[2026-07-27T13:44:12.153+0000] {processor.py:839} INFO - DAG(s) dict_keys(['pipeline_ingestion_suivi']) retrieved from /opt/airflow/dags/dag_suivi.py
[2026-07-27T13:44:12.177+0000] {logging_mixin.py:151} INFO - [2026-07-27T13:44:12.177+0000] {dag.py:2941} INFO - Sync 1 DAGs
[2026-07-27T13:44:12.196+0000] {logging_mixin.py:151} INFO - [2026-07-27T13:44:12.196+0000] {dag.py:3722} INFO - Setting next_dagrun for pipeline_ingestion_suivi to 2026-07-27T13:00:00+00:00, run_after=2026-07-27T14:00:00+00:00
[2026-07-27T13:44:12.221+0000] {processor.py:179} INFO - Processing /opt/airflow/dags/dag_suivi.py took 0.089 seconds
[2026-07-27T13:44:42.415+0000] {processor.py:157} INFO - Started process (PID=424) to work on /opt/airflow/dags/dag_suivi.py
[2026-07-27T13:44:42.416+0000] {processor.py:829} INFO - Processing file /opt/airflow/dags/dag_suivi.py for tasks to queue
[2026-07-27T13:44:42.416+0000] {logging_mixin.py:151} INFO - [2026-07-27T13:44:42.416+0000] {dagbag.py:536} INFO - Filling up the DagBag from /opt/airflow/dags/dag_suivi.py
[2026-07-27T13:44:42.432+0000] {processor.py:839} INFO - DAG(s) dict_keys(['pipeline_ingestion_suivi']) retrieved from /opt/airflow/dags/dag_suivi.py
[2026-07-27T13:44:42.454+0000] {logging_mixin.py:151} INFO - [2026-07-27T13:44:42.454+0000] {dag.py:2941} INFO - Sync 1 DAGs
[2026-07-27T13:44:42.471+0000] {logging_mixin.py:151} INFO - [2026-07-27T13:44:42.471+0000] {dag.py:3722} INFO - Setting next_dagrun for pipeline_ingestion_suivi to 2026-07-27T13:00:00+00:00, run_after=2026-07-27T14:00:00+00:00
[2026-07-27T13:44:42.498+0000] {processor.py:179} INFO - Processing /opt/airflow/dags/dag_suivi.py took 0.085 seconds
[2026-07-27T13:45:12.662+0000] {processor.py:157} INFO - Started process (PID=429) to work on /opt/airflow/dags/dag_suivi.py
[2026-07-27T13:45:12.663+0000] {processor.py:829} INFO - Processing file /opt/airflow/dags/dag_suivi.py for tasks to queue
[2026-07-27T13:45:12.664+0000] {logging_mixin.py:151} INFO - [2026-07-27T13:45:12.664+0000] {dagbag.py:536} INFO - Filling up the DagBag from /opt/airflow/dags/dag_suivi.py
[2026-07-27T13:45:12.681+0000] {processor.py:839} INFO - DAG(s) dict_keys(['pipeline_ingestion_suivi']) retrieved from /opt/airflow/dags/dag_suivi.py
[2026-07-27T13:45:12.707+0000] {logging_mixin.py:151} INFO - [2026-07-27T13:45:12.706+0000] {dag.py:2941} INFO - Sync 1 DAGs
[2026-07-27T13:45:12.724+0000] {logging_mixin.py:151} INFO - [2026-07-27T13:45:12.723+0000] {dag.py:3722} INFO - Setting next_dagrun for pipeline_ingestion_suivi to 2026-07-27T13:00:00+00:00, run_after=2026-07-27T14:00:00+00:00
[2026-07-27T13:45:12.741+0000] {processor.py:179} INFO - Processing /opt/airflow/dags/dag_suivi.py took 0.083 seconds
[2026-07-27T13:45:42.954+0000] {processor.py:157} INFO - Started process (PID=434) to work on /opt/airflow/dags/dag_suivi.py
[2026-07-27T13:45:42.955+0000] {processor.py:829} INFO - Processing file /opt/airflow/dags/dag_suivi.py for tasks to queue
[2026-07-27T13:45:42.956+0000] {logging_mixin.py:151} INFO - [2026-07-27T13:45:42.956+0000] {dagbag.py:536} INFO - Filling up the DagBag from /opt/airflow/dags/dag_suivi.py
[2026-07-27T13:45:42.973+0000] {processor.py:839} INFO - DAG(s) dict_keys(['pipeline_ingestion_suivi']) retrieved from /opt/airflow/dags/dag_suivi.py
[2026-07-27T13:45:42.998+0000] {logging_mixin.py:151} INFO - [2026-07-27T13:45:42.998+0000] {dag.py:2941} INFO - Sync 1 DAGs
[2026-07-27T13:45:43.020+0000] {logging_mixin.py:151} INFO - [2026-07-27T13:45:43.020+0000] {dag.py:3722} INFO - Setting next_dagrun for pipeline_ingestion_suivi to 2026-07-27T13:00:00+00:00, run_after=2026-07-27T14:00:00+00:00
[2026-07-27T13:45:43.050+0000] {processor.py:179} INFO - Processing /opt/airflow/dags/dag_suivi.py took 0.099 seconds
[2026-07-27T13:46:13.246+0000] {processor.py:157} INFO - Started process (PID=439) to work on /opt/airflow/dags/dag_suivi.py
[2026-07-27T13:46:13.247+0000] {processor.py:829} INFO - Processing file /opt/airflow/dags/dag_suivi.py for tasks to queue
[2026-07-27T13:46:13.248+0000] {logging_mixin.py:151} INFO - [2026-07-27T13:46:13.247+0000] {dagbag.py:536} INFO - Filling up the DagBag from /opt/airflow/dags/dag_suivi.py
[2026-07-27T13:46:13.268+0000] {processor.py:839} INFO - DAG(s) dict_keys(['pipeline_ingestion_suivi']) retrieved from /opt/airflow/dags/dag_suivi.py
[2026-07-27T13:46:13.296+0000] {logging_mixin.py:151} INFO - [2026-07-27T13:46:13.296+0000] {dag.py:2941} INFO - Sync 1 DAGs
[2026-07-27T13:46:13.319+0000] {logging_mixin.py:151} INFO - [2026-07-27T13:46:13.319+0000] {dag.py:3722} INFO - Setting next_dagrun for pipeline_ingestion_suivi to 2026-07-27T13:00:00+00:00, run_after=2026-07-27T14:00:00+00:00
[2026-07-27T13:46:13.349+0000] {processor.py:179} INFO - Processing /opt/airflow/dags/dag_suivi.py took 0.107 seconds
[2026-07-27T13:46:43.525+0000] {processor.py:157} INFO - Started process (PID=444) to work on /opt/airflow/dags/dag_suivi.py
[2026-07-27T13:46:43.526+0000] {processor.py:829} INFO - Processing file /opt/airflow/dags/dag_suivi.py for tasks to queue
[2026-07-27T13:46:43.527+0000] {logging_mixin.py:151} INFO - [2026-07-27T13:46:43.527+0000] {dagbag.py:536} INFO - Filling up the DagBag from /opt/airflow/dags/dag_suivi.py
[2026-07-27T13:46:43.543+0000] {processor.py:839} INFO - DAG(s) dict_keys(['pipeline_ingestion_suivi']) retrieved from /opt/airflow/dags/dag_suivi.py
[2026-07-27T13:46:43.567+0000] {logging_mixin.py:151} INFO - [2026-07-27T13:46:43.567+0000] {dag.py:2941} INFO - Sync 1 DAGs
[2026-07-27T13:46:43.584+0000] {logging_mixin.py:151} INFO - [2026-07-27T13:46:43.584+0000] {dag.py:3722} INFO - Setting next_dagrun for pipeline_ingestion_suivi to 2026-07-27T13:00:00+00:00, run_after=2026-07-27T14:00:00+00:00
[2026-07-27T13:46:43.611+0000] {processor.py:179} INFO - Processing /opt/airflow/dags/dag_suivi.py took 0.088 seconds
[2026-07-27T13:47:13.825+0000] {processor.py:157} INFO - Started process (PID=449) to work on /opt/airflow/dags/dag_suivi.py
[2026-07-27T13:47:13.826+0000] {processor.py:829} INFO - Processing file /opt/airflow/dags/dag_suivi.py for tasks to queue
[2026-07-27T13:47:13.827+0000] {logging_mixin.py:151} INFO - [2026-07-27T13:47:13.827+0000] {dagbag.py:536} INFO - Filling up the DagBag from /opt/airflow/dags/dag_suivi.py
[2026-07-27T13:47:13.845+0000] {processor.py:839} INFO - DAG(s) dict_keys(['pipeline_ingestion_suivi']) retrieved from /opt/airflow/dags/dag_suivi.py
[2026-07-27T13:47:13.869+0000] {logging_mixin.py:151} INFO - [2026-07-27T13:47:13.868+0000] {dag.py:2941} INFO - Sync 1 DAGs
[2026-07-27T13:47:13.887+0000] {logging_mixin.py:151} INFO - [2026-07-27T13:47:13.887+0000] {dag.py:3722} INFO - Setting next_dagrun for pipeline_ingestion_suivi to 2026-07-27T13:00:00+00:00, run_after=2026-07-27T14:00:00+00:00
[2026-07-27T13:47:13.904+0000] {processor.py:179} INFO - Processing /opt/airflow/dags/dag_suivi.py took 0.081 seconds
[2026-07-27T13:47:44.094+0000] {processor.py:157} INFO - Started process (PID=454) to work on /opt/airflow/dags/dag_suivi.py
[2026-07-27T13:47:44.095+0000] {processor.py:829} INFO - Processing file /opt/airflow/dags/dag_suivi.py for tasks to queue
[2026-07-27T13:47:44.096+0000] {logging_mixin.py:151} INFO - [2026-07-27T13:47:44.095+0000] {dagbag.py:536} INFO - Filling up the DagBag from /opt/airflow/dags/dag_suivi.py
[2026-07-27T13:47:44.112+0000] {processor.py:839} INFO - DAG(s) dict_keys(['pipeline_ingestion_suivi']) retrieved from /opt/airflow/dags/dag_suivi.py
[2026-07-27T13:47:44.133+0000] {logging_mixin.py:151} INFO - [2026-07-27T13:47:44.133+0000] {dag.py:2941} INFO - Sync 1 DAGs
[2026-07-27T13:47:44.151+0000] {logging_mixin.py:151} INFO - [2026-07-27T13:47:44.151+0000] {dag.py:3722} INFO - Setting next_dagrun for pipeline_ingestion_suivi to 2026-07-27T13:00:00+00:00, run_after=2026-07-27T14:00:00+00:00
[2026-07-27T13:47:44.177+0000] {processor.py:179} INFO - Processing /opt/airflow/dags/dag_suivi.py took 0.086 seconds
[2026-07-27T13:48:14.396+0000] {processor.py:157} INFO - Started process (PID=459) to work on /opt/airflow/dags/dag_suivi.py
[2026-07-27T13:48:14.396+0000] {processor.py:829} INFO - Processing file /opt/airflow/dags/dag_suivi.py for tasks to queue
[2026-07-27T13:48:14.397+0000] {logging_mixin.py:151} INFO - [2026-07-27T13:48:14.397+0000] {dagbag.py:536} INFO - Filling up the DagBag from /opt/airflow/dags/dag_suivi.py
[2026-07-27T13:48:14.414+0000] {processor.py:839} INFO - DAG(s) dict_keys(['pipeline_ingestion_suivi']) retrieved from /opt/airflow/dags/dag_suivi.py
[2026-07-27T13:48:14.437+0000] {logging_mixin.py:151} INFO - [2026-07-27T13:48:14.437+0000] {dag.py:2941} INFO - Sync 1 DAGs
[2026-07-27T13:48:14.454+0000] {logging_mixin.py:151} INFO - [2026-07-27T13:48:14.454+0000] {dag.py:3722} INFO - Setting next_dagrun for pipeline_ingestion_suivi to 2026-07-27T13:00:00+00:00, run_after=2026-07-27T14:00:00+00:00
[2026-07-27T13:48:14.484+0000] {processor.py:179} INFO - Processing /opt/airflow/dags/dag_suivi.py took 0.090 seconds
[2026-07-27T13:48:44.658+0000] {processor.py:157} INFO - Started process (PID=464) to work on /opt/airflow/dags/dag_suivi.py
[2026-07-27T13:48:44.658+0000] {processor.py:829} INFO - Processing file /opt/airflow/dags/dag_suivi.py for tasks to queue
[2026-07-27T13:48:44.659+0000] {logging_mixin.py:151} INFO - [2026-07-27T13:48:44.659+0000] {dagbag.py:536} INFO - Filling up the DagBag from /opt/airflow/dags/dag_suivi.py
[2026-07-27T13:48:44.678+0000] {processor.py:839} INFO - DAG(s) dict_keys(['pipeline_ingestion_suivi']) retrieved from /opt/airflow/dags/dag_suivi.py
[2026-07-27T13:48:44.703+0000] {logging_mixin.py:151} INFO - [2026-07-27T13:48:44.702+0000] {dag.py:2941} INFO - Sync 1 DAGs
[2026-07-27T13:48:44.721+0000] {logging_mixin.py:151} INFO - [2026-07-27T13:48:44.720+0000] {dag.py:3722} INFO - Setting next_dagrun for pipeline_ingestion_suivi to 2026-07-27T13:00:00+00:00, run_after=2026-07-27T14:00:00+00:00
[2026-07-27T13:48:44.745+0000] {processor.py:179} INFO - Processing /opt/airflow/dags/dag_suivi.py took 0.090 seconds
[2026-07-27T13:49:15.027+0000] {processor.py:157} INFO - Started process (PID=469) to work on /opt/airflow/dags/dag_suivi.py
[2026-07-27T13:49:15.028+0000] {processor.py:829} INFO - Processing file /opt/airflow/dags/dag_suivi.py for tasks to queue
[2026-07-27T13:49:15.029+0000] {logging_mixin.py:151} INFO - [2026-07-27T13:49:15.029+0000] {dagbag.py:536} INFO - Filling up the DagBag from /opt/airflow/dags/dag_suivi.py
[2026-07-27T13:49:15.047+0000] {processor.py:839} INFO - DAG(s) dict_keys(['pipeline_ingestion_suivi']) retrieved from /opt/airflow/dags/dag_suivi.py
[2026-07-27T13:49:15.069+0000] {logging_mixin.py:151} INFO - [2026-07-27T13:49:15.069+0000] {dag.py:2941} INFO - Sync 1 DAGs
[2026-07-27T13:49:15.086+0000] {logging_mixin.py:151} INFO - [2026-07-27T13:49:15.086+0000] {dag.py:3722} INFO - Setting next_dagrun for pipeline_ingestion_suivi to 2026-07-27T13:00:00+00:00, run_after=2026-07-27T14:00:00+00:00
[2026-07-27T13:49:15.115+0000] {processor.py:179} INFO - Processing /opt/airflow/dags/dag_suivi.py took 0.091 seconds
[2026-07-27T13:49:45.309+0000] {processor.py:157} INFO - Started process (PID=474) to work on /opt/airflow/dags/dag_suivi.py
[2026-07-27T13:49:45.310+0000] {processor.py:829} INFO - Processing file /opt/airflow/dags/dag_suivi.py for tasks to queue
[2026-07-27T13:49:45.311+0000] {logging_mixin.py:151} INFO - [2026-07-27T13:49:45.311+0000] {dagbag.py:536} INFO - Filling up the DagBag from /opt/airflow/dags/dag_suivi.py
[2026-07-27T13:49:45.326+0000] {processor.py:839} INFO - DAG(s) dict_keys(['pipeline_ingestion_suivi']) retrieved from /opt/airflow/dags/dag_suivi.py
[2026-07-27T13:49:45.350+0000] {logging_mixin.py:151} INFO - [2026-07-27T13:49:45.350+0000] {dag.py:2941} INFO - Sync 1 DAGs
[2026-07-27T13:49:45.368+0000] {logging_mixin.py:151} INFO - [2026-07-27T13:49:45.368+0000] {dag.py:3722} INFO - Setting next_dagrun for pipeline_ingestion_suivi to 2026-07-27T13:00:00+00:00, run_after=2026-07-27T14:00:00+00:00
[2026-07-27T13:49:45.385+0000] {processor.py:179} INFO - Processing /opt/airflow/dags/dag_suivi.py took 0.079 seconds
[2026-07-27T13:50:15.637+0000] {processor.py:157} INFO - Started process (PID=479) to work on /opt/airflow/dags/dag_suivi.py
[2026-07-27T13:50:15.638+0000] {processor.py:829} INFO - Processing file /opt/airflow/dags/dag_suivi.py for tasks to queue
[2026-07-27T13:50:15.639+0000] {logging_mixin.py:151} INFO - [2026-07-27T13:50:15.639+0000] {dagbag.py:536} INFO - Filling up the DagBag from /opt/airflow/dags/dag_suivi.py
[2026-07-27T13:50:15.659+0000] {processor.py:839} INFO - DAG(s) dict_keys(['pipeline_ingestion_suivi']) retrieved from /opt/airflow/dags/dag_suivi.py
[2026-07-27T13:50:15.683+0000] {logging_mixin.py:151} INFO - [2026-07-27T13:50:15.682+0000] {dag.py:2941} INFO - Sync 1 DAGs
[2026-07-27T13:50:15.701+0000] {logging_mixin.py:151} INFO - [2026-07-27T13:50:15.701+0000] {dag.py:3722} INFO - Setting next_dagrun for pipeline_ingestion_suivi to 2026-07-27T13:00:00+00:00, run_after=2026-07-27T14:00:00+00:00
[2026-07-27T13:50:15.719+0000] {processor.py:179} INFO - Processing /opt/airflow/dags/dag_suivi.py took 0.088 seconds
[2026-07-27T13:50:45.922+0000] {processor.py:157} INFO - Started process (PID=484) to work on /opt/airflow/dags/dag_suivi.py
[2026-07-27T13:50:45.923+0000] {processor.py:829} INFO - Processing file /opt/airflow/dags/dag_suivi.py for tasks to queue
[2026-07-27T13:50:45.924+0000] {logging_mixin.py:151} INFO - [2026-07-27T13:50:45.923+0000] {dagbag.py:536} INFO - Filling up the DagBag from /opt/airflow/dags/dag_suivi.py
[2026-07-27T13:50:45.942+0000] {processor.py:839} INFO - DAG(s) dict_keys(['pipeline_ingestion_suivi']) retrieved from /opt/airflow/dags/dag_suivi.py
[2026-07-27T13:50:45.967+0000] {logging_mixin.py:151} INFO - [2026-07-27T13:50:45.967+0000] {dag.py:2941} INFO - Sync 1 DAGs
[2026-07-27T13:50:45.984+0000] {logging_mixin.py:151} INFO - [2026-07-27T13:50:45.984+0000] {dag.py:3722} INFO - Setting next_dagrun for pipeline_ingestion_suivi to 2026-07-27T13:00:00+00:00, run_after=2026-07-27T14:00:00+00:00
[2026-07-27T13:50:46.011+0000] {processor.py:179} INFO - Processing /opt/airflow/dags/dag_suivi.py took 0.092 seconds
[2026-07-27T13:51:16.234+0000] {processor.py:157} INFO - Started process (PID=489) to work on /opt/airflow/dags/dag_suivi.py
[2026-07-27T13:51:16.235+0000] {processor.py:829} INFO - Processing file /opt/airflow/dags/dag_suivi.py for tasks to queue
[2026-07-27T13:51:16.236+0000] {logging_mixin.py:151} INFO - [2026-07-27T13:51:16.235+0000] {dagbag.py:536} INFO - Filling up the DagBag from /opt/airflow/dags/dag_suivi.py
[2026-07-27T13:51:16.253+0000] {processor.py:839} INFO - DAG(s) dict_keys(['pipeline_ingestion_suivi']) retrieved from /opt/airflow/dags/dag_suivi.py
[2026-07-27T13:51:16.276+0000] {logging_mixin.py:151} INFO - [2026-07-27T13:51:16.275+0000] {dag.py:2941} INFO - Sync 1 DAGs
[2026-07-27T13:51:16.294+0000] {logging_mixin.py:151} INFO - [2026-07-27T13:51:16.294+0000] {dag.py:3722} INFO - Setting next_dagrun for pipeline_ingestion_suivi to 2026-07-27T13:00:00+00:00, run_after=2026-07-27T14:00:00+00:00
[2026-07-27T13:51:16.322+0000] {processor.py:179} INFO - Processing /opt/airflow/dags/dag_suivi.py took 0.091 seconds
[2026-07-27T13:51:46.523+0000] {processor.py:157} INFO - Started process (PID=494) to work on /opt/airflow/dags/dag_suivi.py
[2026-07-27T13:51:46.524+0000] {processor.py:829} INFO - Processing file /opt/airflow/dags/dag_suivi.py for tasks to queue
[2026-07-27T13:51:46.525+0000] {logging_mixin.py:151} INFO - [2026-07-27T13:51:46.525+0000] {dagbag.py:536} INFO - Filling up the DagBag from /opt/airflow/dags/dag_suivi.py
[2026-07-27T13:51:46.541+0000] {processor.py:839} INFO - DAG(s) dict_keys(['pipeline_ingestion_suivi']) retrieved from /opt/airflow/dags/dag_suivi.py
[2026-07-27T13:51:46.564+0000] {logging_mixin.py:151} INFO - [2026-07-27T13:51:46.564+0000] {dag.py:2941} INFO - Sync 1 DAGs
[2026-07-27T13:51:46.583+0000] {logging_mixin.py:151} INFO - [2026-07-27T13:51:46.583+0000] {dag.py:3722} INFO - Setting next_dagrun for pipeline_ingestion_suivi to 2026-07-27T13:00:00+00:00, run_after=2026-07-27T14:00:00+00:00
[2026-07-27T13:51:46.599+0000] {processor.py:179} INFO - Processing /opt/airflow/dags/dag_suivi.py took 0.079 seconds
[2026-07-27T13:52:16.823+0000] {processor.py:157} INFO - Started process (PID=499) to work on /opt/airflow/dags/dag_suivi.py
[2026-07-27T13:52:16.823+0000] {processor.py:829} INFO - Processing file /opt/airflow/dags/dag_suivi.py for tasks to queue
[2026-07-27T13:52:16.824+0000] {logging_mixin.py:151} INFO - [2026-07-27T13:52:16.824+0000] {dagbag.py:536} INFO - Filling up the DagBag from /opt/airflow/dags/dag_suivi.py
[2026-07-27T13:52:16.840+0000] {processor.py:839} INFO - DAG(s) dict_keys(['pipeline_ingestion_suivi']) retrieved from /opt/airflow/dags/dag_suivi.py
[2026-07-27T13:52:16.860+0000] {logging_mixin.py:151} INFO - [2026-07-27T13:52:16.860+0000] {dag.py:2941} INFO - Sync 1 DAGs
[2026-07-27T13:52:16.879+0000] {logging_mixin.py:151} INFO - [2026-07-27T13:52:16.879+0000] {dag.py:3722} INFO - Setting next_dagrun for pipeline_ingestion_suivi to 2026-07-27T13:00:00+00:00, run_after=2026-07-27T14:00:00+00:00
[2026-07-27T13:52:16.907+0000] {processor.py:179} INFO - Processing /opt/airflow/dags/dag_suivi.py took 0.087 seconds
[2026-07-27T13:52:47.111+0000] {processor.py:157} INFO - Started process (PID=504) to work on /opt/airflow/dags/dag_suivi.py
[2026-07-27T13:52:47.111+0000] {processor.py:829} INFO - Processing file /opt/airflow/dags/dag_suivi.py for tasks to queue
[2026-07-27T13:52:47.112+0000] {logging_mixin.py:151} INFO - [2026-07-27T13:52:47.112+0000] {dagbag.py:536} INFO - Filling up the DagBag from /opt/airflow/dags/dag_suivi.py
[2026-07-27T13:52:47.127+0000] {processor.py:839} INFO - DAG(s) dict_keys(['pipeline_ingestion_suivi']) retrieved from /opt/airflow/dags/dag_suivi.py
[2026-07-27T13:52:47.152+0000] {logging_mixin.py:151} INFO - [2026-07-27T13:52:47.151+0000] {dag.py:2941} INFO - Sync 1 DAGs
[2026-07-27T13:52:47.170+0000] {logging_mixin.py:151} INFO - [2026-07-27T13:52:47.169+0000] {dag.py:3722} INFO - Setting next_dagrun for pipeline_ingestion_suivi to 2026-07-27T13:00:00+00:00, run_after=2026-07-27T14:00:00+00:00
[2026-07-27T13:52:47.196+0000] {processor.py:179} INFO - Processing /opt/airflow/dags/dag_suivi.py took 0.088 seconds
[2026-07-27T13:53:17.387+0000] {processor.py:157} INFO - Started process (PID=509) to work on /opt/airflow/dags/dag_suivi.py
[2026-07-27T13:53:17.388+0000] {processor.py:829} INFO - Processing file /opt/airflow/dags/dag_suivi.py for tasks to queue
[2026-07-27T13:53:17.389+0000] {logging_mixin.py:151} INFO - [2026-07-27T13:53:17.388+0000] {dagbag.py:536} INFO - Filling up the DagBag from /opt/airflow/dags/dag_suivi.py
[2026-07-27T13:53:17.407+0000] {processor.py:839} INFO - DAG(s) dict_keys(['pipeline_ingestion_suivi']) retrieved from /opt/airflow/dags/dag_suivi.py
[2026-07-27T13:53:17.432+0000] {logging_mixin.py:151} INFO - [2026-07-27T13:53:17.431+0000] {dag.py:2941} INFO - Sync 1 DAGs
[2026-07-27T13:53:17.450+0000] {logging_mixin.py:151} INFO - [2026-07-27T13:53:17.449+0000] {dag.py:3722} INFO - Setting next_dagrun for pipeline_ingestion_suivi to 2026-07-27T13:00:00+00:00, run_after=2026-07-27T14:00:00+00:00
[2026-07-27T13:53:17.477+0000] {processor.py:179} INFO - Processing /opt/airflow/dags/dag_suivi.py took 0.092 seconds
[2026-07-27T13:54:13.525+0000] {processor.py:157} INFO - Started process (PID=169) to work on /opt/airflow/dags/dag_suivi.py
[2026-07-27T13:54:13.527+0000] {processor.py:829} INFO - Processing file /opt/airflow/dags/dag_suivi.py for tasks to queue
[2026-07-27T13:54:13.530+0000] {logging_mixin.py:151} INFO - [2026-07-27T13:54:13.529+0000] {dagbag.py:536} INFO - Filling up the DagBag from /opt/airflow/dags/dag_suivi.py
[2026-07-27T13:54:13.582+0000] {processor.py:839} INFO - DAG(s) dict_keys(['pipeline_ingestion_suivi']) retrieved from /opt/airflow/dags/dag_suivi.py
[2026-07-27T13:54:13.694+0000] {logging_mixin.py:151} INFO - [2026-07-27T13:54:13.693+0000] {dag.py:2941} INFO - Sync 1 DAGs
[2026-07-27T13:54:13.768+0000] {logging_mixin.py:151} INFO - [2026-07-27T13:54:13.768+0000] {dag.py:3722} INFO - Setting next_dagrun for pipeline_ingestion_suivi to 2026-07-27T13:00:00+00:00, run_after=2026-07-27T14:00:00+00:00
[2026-07-27T13:54:13.837+0000] {processor.py:179} INFO - Processing /opt/airflow/dags/dag_suivi.py took 0.317 seconds
[2026-07-27T13:54:44.126+0000] {processor.py:157} INFO - Started process (PID=174) to work on /opt/airflow/dags/dag_suivi.py
[2026-07-27T13:54:44.127+0000] {processor.py:829} INFO - Processing file /opt/airflow/dags/dag_suivi.py for tasks to queue
[2026-07-27T13:54:44.128+0000] {logging_mixin.py:151} INFO - [2026-07-27T13:54:44.128+0000] {dagbag.py:536} INFO - Filling up the DagBag from /opt/airflow/dags/dag_suivi.py
[2026-07-27T13:54:44.147+0000] {processor.py:839} INFO - DAG(s) dict_keys(['pipeline_ingestion_suivi']) retrieved from /opt/airflow/dags/dag_suivi.py
[2026-07-27T13:54:44.170+0000] {logging_mixin.py:151} INFO - [2026-07-27T13:54:44.169+0000] {dag.py:2941} INFO - Sync 1 DAGs
[2026-07-27T13:54:44.186+0000] {logging_mixin.py:151} INFO - [2026-07-27T13:54:44.186+0000] {dag.py:3722} INFO - Setting next_dagrun for pipeline_ingestion_suivi to 2026-07-27T13:00:00+00:00, run_after=2026-07-27T14:00:00+00:00
[2026-07-27T13:54:44.214+0000] {processor.py:179} INFO - Processing /opt/airflow/dags/dag_suivi.py took 0.091 seconds
[2026-07-27T13:55:14.383+0000] {processor.py:157} INFO - Started process (PID=179) to work on /opt/airflow/dags/dag_suivi.py
[2026-07-27T13:55:14.384+0000] {processor.py:829} INFO - Processing file /opt/airflow/dags/dag_suivi.py for tasks to queue
[2026-07-27T13:55:14.385+0000] {logging_mixin.py:151} INFO - [2026-07-27T13:55:14.385+0000] {dagbag.py:536} INFO - Filling up the DagBag from /opt/airflow/dags/dag_suivi.py
[2026-07-27T13:55:14.404+0000] {processor.py:839} INFO - DAG(s) dict_keys(['pipeline_ingestion_suivi']) retrieved from /opt/airflow/dags/dag_suivi.py
[2026-07-27T13:55:14.436+0000] {logging_mixin.py:151} INFO - [2026-07-27T13:55:14.436+0000] {dag.py:2941} INFO - Sync 1 DAGs
[2026-07-27T13:55:14.456+0000] {logging_mixin.py:151} INFO - [2026-07-27T13:55:14.456+0000] {dag.py:3722} INFO - Setting next_dagrun for pipeline_ingestion_suivi to 2026-07-27T13:00:00+00:00, run_after=2026-07-27T14:00:00+00:00
[2026-07-27T13:55:14.484+0000] {processor.py:179} INFO - Processing /opt/airflow/dags/dag_suivi.py took 0.103 seconds
[2026-07-27T13:55:44.693+0000] {processor.py:157} INFO - Started process (PID=184) to work on /opt/airflow/dags/dag_suivi.py
[2026-07-27T13:55:44.694+0000] {processor.py:829} INFO - Processing file /opt/airflow/dags/dag_suivi.py for tasks to queue
[2026-07-27T13:55:44.695+0000] {logging_mixin.py:151} INFO - [2026-07-27T13:55:44.695+0000] {dagbag.py:536} INFO - Filling up the DagBag from /opt/airflow/dags/dag_suivi.py
[2026-07-27T13:55:44.714+0000] {processor.py:839} INFO - DAG(s) dict_keys(['pipeline_ingestion_suivi']) retrieved from /opt/airflow/dags/dag_suivi.py
[2026-07-27T13:55:44.737+0000] {logging_mixin.py:151} INFO - [2026-07-27T13:55:44.737+0000] {dag.py:2941} INFO - Sync 1 DAGs
[2026-07-27T13:55:44.758+0000] {logging_mixin.py:151} INFO - [2026-07-27T13:55:44.758+0000] {dag.py:3722} INFO - Setting next_dagrun for pipeline_ingestion_suivi to 2026-07-27T13:00:00+00:00, run_after=2026-07-27T14:00:00+00:00
[2026-07-27T13:55:44.794+0000] {processor.py:179} INFO - Processing /opt/airflow/dags/dag_suivi.py took 0.105 seconds
[2026-07-27T13:56:14.931+0000] {processor.py:157} INFO - Started process (PID=189) to work on /opt/airflow/dags/dag_suivi.py
[2026-07-27T13:56:14.931+0000] {processor.py:829} INFO - Processing file /opt/airflow/dags/dag_suivi.py for tasks to queue
[2026-07-27T13:56:14.932+0000] {logging_mixin.py:151} INFO - [2026-07-27T13:56:14.932+0000] {dagbag.py:536} INFO - Filling up the DagBag from /opt/airflow/dags/dag_suivi.py
[2026-07-27T13:56:14.948+0000] {processor.py:839} INFO - DAG(s) dict_keys(['pipeline_ingestion_suivi']) retrieved from /opt/airflow/dags/dag_suivi.py
[2026-07-27T13:56:14.973+0000] {logging_mixin.py:151} INFO - [2026-07-27T13:56:14.972+0000] {dag.py:2941} INFO - Sync 1 DAGs
[2026-07-27T13:56:14.992+0000] {logging_mixin.py:151} INFO - [2026-07-27T13:56:14.992+0000] {dag.py:3722} INFO - Setting next_dagrun for pipeline_ingestion_suivi to 2026-07-27T13:00:00+00:00, run_after=2026-07-27T14:00:00+00:00
[2026-07-27T13:56:15.023+0000] {processor.py:179} INFO - Processing /opt/airflow/dags/dag_suivi.py took 0.095 seconds
[2026-07-27T13:56:45.254+0000] {processor.py:157} INFO - Started process (PID=194) to work on /opt/airflow/dags/dag_suivi.py
[2026-07-27T13:56:45.254+0000] {processor.py:829} INFO - Processing file /opt/airflow/dags/dag_suivi.py for tasks to queue
[2026-07-27T13:56:45.255+0000] {logging_mixin.py:151} INFO - [2026-07-27T13:56:45.255+0000] {dagbag.py:536} INFO - Filling up the DagBag from /opt/airflow/dags/dag_suivi.py
[2026-07-27T13:56:45.275+0000] {processor.py:839} INFO - DAG(s) dict_keys(['pipeline_ingestion_suivi']) retrieved from /opt/airflow/dags/dag_suivi.py
[2026-07-27T13:56:45.302+0000] {logging_mixin.py:151} INFO - [2026-07-27T13:56:45.302+0000] {dag.py:2941} INFO - Sync 1 DAGs
[2026-07-27T13:56:45.324+0000] {logging_mixin.py:151} INFO - [2026-07-27T13:56:45.324+0000] {dag.py:3722} INFO - Setting next_dagrun for pipeline_ingestion_suivi to 2026-07-27T13:00:00+00:00, run_after=2026-07-27T14:00:00+00:00
[2026-07-27T13:56:45.352+0000] {processor.py:179} INFO - Processing /opt/airflow/dags/dag_suivi.py took 0.101 seconds
