[2026-08-10T00:08:24.015+0000] {processor.py:157} INFO - Started process (PID=170) to work on /opt/airflow/dags/dag_suivi.py
[2026-08-10T00:08:24.024+0000] {processor.py:829} INFO - Processing file /opt/airflow/dags/dag_suivi.py for tasks to queue
[2026-08-10T00:08:24.029+0000] {logging_mixin.py:151} INFO - [2026-08-10T00:08:24.029+0000] {dagbag.py:536} INFO - Filling up the DagBag from /opt/airflow/dags/dag_suivi.py
[2026-08-10T00:08:24.129+0000] {processor.py:839} INFO - DAG(s) dict_keys(['pipeline_ingestion_suivi']) retrieved from /opt/airflow/dags/dag_suivi.py
[2026-08-10T00:08:24.266+0000] {logging_mixin.py:151} INFO - [2026-08-10T00:08:24.266+0000] {dag.py:2941} INFO - Sync 1 DAGs
[2026-08-10T00:08:24.384+0000] {logging_mixin.py:151} INFO - [2026-08-10T00:08:24.383+0000] {dag.py:3722} INFO - Setting next_dagrun for pipeline_ingestion_suivi to 2026-08-10T00:00:00+00:00, run_after=2026-08-10T01:00:00+00:00
[2026-08-10T00:08:24.528+0000] {processor.py:179} INFO - Processing /opt/airflow/dags/dag_suivi.py took 0.547 seconds
[2026-08-10T00:08:54.846+0000] {processor.py:157} INFO - Started process (PID=176) to work on /opt/airflow/dags/dag_suivi.py
[2026-08-10T00:08:54.847+0000] {processor.py:829} INFO - Processing file /opt/airflow/dags/dag_suivi.py for tasks to queue
[2026-08-10T00:08:54.848+0000] {logging_mixin.py:151} INFO - [2026-08-10T00:08:54.848+0000] {dagbag.py:536} INFO - Filling up the DagBag from /opt/airflow/dags/dag_suivi.py
[2026-08-10T00:08:54.867+0000] {processor.py:839} INFO - DAG(s) dict_keys(['pipeline_ingestion_suivi']) retrieved from /opt/airflow/dags/dag_suivi.py
[2026-08-10T00:08:54.889+0000] {logging_mixin.py:151} INFO - [2026-08-10T00:08:54.888+0000] {dag.py:2941} INFO - Sync 1 DAGs
[2026-08-10T00:08:54.907+0000] {logging_mixin.py:151} INFO - [2026-08-10T00:08:54.907+0000] {dag.py:3722} INFO - Setting next_dagrun for pipeline_ingestion_suivi to 2026-08-10T00:00:00+00:00, run_after=2026-08-10T01:00:00+00:00
[2026-08-10T00:08:54.925+0000] {processor.py:179} INFO - Processing /opt/airflow/dags/dag_suivi.py took 0.082 seconds
[2026-08-10T00:09:25.088+0000] {processor.py:157} INFO - Started process (PID=181) to work on /opt/airflow/dags/dag_suivi.py
[2026-08-10T00:09:25.089+0000] {processor.py:829} INFO - Processing file /opt/airflow/dags/dag_suivi.py for tasks to queue
[2026-08-10T00:09:25.089+0000] {logging_mixin.py:151} INFO - [2026-08-10T00:09:25.089+0000] {dagbag.py:536} INFO - Filling up the DagBag from /opt/airflow/dags/dag_suivi.py
[2026-08-10T00:09:25.107+0000] {processor.py:839} INFO - DAG(s) dict_keys(['pipeline_ingestion_suivi']) retrieved from /opt/airflow/dags/dag_suivi.py
[2026-08-10T00:09:25.131+0000] {logging_mixin.py:151} INFO - [2026-08-10T00:09:25.131+0000] {dag.py:2941} INFO - Sync 1 DAGs
[2026-08-10T00:09:25.149+0000] {logging_mixin.py:151} INFO - [2026-08-10T00:09:25.149+0000] {dag.py:3722} INFO - Setting next_dagrun for pipeline_ingestion_suivi to 2026-08-10T00:00:00+00:00, run_after=2026-08-10T01:00:00+00:00
[2026-08-10T00:09:25.167+0000] {processor.py:179} INFO - Processing /opt/airflow/dags/dag_suivi.py took 0.082 seconds
[2026-08-10T00:09:55.387+0000] {processor.py:157} INFO - Started process (PID=186) to work on /opt/airflow/dags/dag_suivi.py
[2026-08-10T00:09:55.388+0000] {processor.py:829} INFO - Processing file /opt/airflow/dags/dag_suivi.py for tasks to queue
[2026-08-10T00:09:55.389+0000] {logging_mixin.py:151} INFO - [2026-08-10T00:09:55.388+0000] {dagbag.py:536} INFO - Filling up the DagBag from /opt/airflow/dags/dag_suivi.py
[2026-08-10T00:09:55.410+0000] {processor.py:839} INFO - DAG(s) dict_keys(['pipeline_ingestion_suivi']) retrieved from /opt/airflow/dags/dag_suivi.py
[2026-08-10T00:09:55.434+0000] {logging_mixin.py:151} INFO - [2026-08-10T00:09:55.434+0000] {dag.py:2941} INFO - Sync 1 DAGs
[2026-08-10T00:09:55.452+0000] {logging_mixin.py:151} INFO - [2026-08-10T00:09:55.452+0000] {dag.py:3722} INFO - Setting next_dagrun for pipeline_ingestion_suivi to 2026-08-10T00:00:00+00:00, run_after=2026-08-10T01:00:00+00:00
[2026-08-10T00:09:55.479+0000] {processor.py:179} INFO - Processing /opt/airflow/dags/dag_suivi.py took 0.095 seconds
[2026-08-10T00:10:25.596+0000] {processor.py:157} INFO - Started process (PID=191) to work on /opt/airflow/dags/dag_suivi.py
[2026-08-10T00:10:25.597+0000] {processor.py:829} INFO - Processing file /opt/airflow/dags/dag_suivi.py for tasks to queue
[2026-08-10T00:10:25.598+0000] {logging_mixin.py:151} INFO - [2026-08-10T00:10:25.597+0000] {dagbag.py:536} INFO - Filling up the DagBag from /opt/airflow/dags/dag_suivi.py
[2026-08-10T00:10:25.620+0000] {processor.py:839} INFO - DAG(s) dict_keys(['pipeline_ingestion_suivi']) retrieved from /opt/airflow/dags/dag_suivi.py
[2026-08-10T00:10:25.643+0000] {logging_mixin.py:151} INFO - [2026-08-10T00:10:25.642+0000] {dag.py:2941} INFO - Sync 1 DAGs
[2026-08-10T00:10:25.660+0000] {logging_mixin.py:151} INFO - [2026-08-10T00:10:25.660+0000] {dag.py:3722} INFO - Setting next_dagrun for pipeline_ingestion_suivi to 2026-08-10T00:00:00+00:00, run_after=2026-08-10T01:00:00+00:00
[2026-08-10T00:10:25.686+0000] {processor.py:179} INFO - Processing /opt/airflow/dags/dag_suivi.py took 0.093 seconds
[2026-08-10T00:10:55.880+0000] {processor.py:157} INFO - Started process (PID=196) to work on /opt/airflow/dags/dag_suivi.py
[2026-08-10T00:10:55.881+0000] {processor.py:829} INFO - Processing file /opt/airflow/dags/dag_suivi.py for tasks to queue
[2026-08-10T00:10:55.882+0000] {logging_mixin.py:151} INFO - [2026-08-10T00:10:55.882+0000] {dagbag.py:536} INFO - Filling up the DagBag from /opt/airflow/dags/dag_suivi.py
[2026-08-10T00:10:55.903+0000] {processor.py:839} INFO - DAG(s) dict_keys(['pipeline_ingestion_suivi']) retrieved from /opt/airflow/dags/dag_suivi.py
[2026-08-10T00:10:55.932+0000] {logging_mixin.py:151} INFO - [2026-08-10T00:10:55.932+0000] {dag.py:2941} INFO - Sync 1 DAGs
[2026-08-10T00:10:55.952+0000] {logging_mixin.py:151} INFO - [2026-08-10T00:10:55.952+0000] {dag.py:3722} INFO - Setting next_dagrun for pipeline_ingestion_suivi to 2026-08-10T00:00:00+00:00, run_after=2026-08-10T01:00:00+00:00
[2026-08-10T00:10:55.973+0000] {processor.py:179} INFO - Processing /opt/airflow/dags/dag_suivi.py took 0.098 seconds
[2026-08-10T00:11:26.111+0000] {processor.py:157} INFO - Started process (PID=201) to work on /opt/airflow/dags/dag_suivi.py
[2026-08-10T00:11:26.112+0000] {processor.py:829} INFO - Processing file /opt/airflow/dags/dag_suivi.py for tasks to queue
[2026-08-10T00:11:26.113+0000] {logging_mixin.py:151} INFO - [2026-08-10T00:11:26.113+0000] {dagbag.py:536} INFO - Filling up the DagBag from /opt/airflow/dags/dag_suivi.py
[2026-08-10T00:11:26.132+0000] {processor.py:839} INFO - DAG(s) dict_keys(['pipeline_ingestion_suivi']) retrieved from /opt/airflow/dags/dag_suivi.py
[2026-08-10T00:11:26.159+0000] {logging_mixin.py:151} INFO - [2026-08-10T00:11:26.159+0000] {dag.py:2941} INFO - Sync 1 DAGs
[2026-08-10T00:11:26.178+0000] {logging_mixin.py:151} INFO - [2026-08-10T00:11:26.177+0000] {dag.py:3722} INFO - Setting next_dagrun for pipeline_ingestion_suivi to 2026-08-10T00:00:00+00:00, run_after=2026-08-10T01:00:00+00:00
[2026-08-10T00:11:26.207+0000] {processor.py:179} INFO - Processing /opt/airflow/dags/dag_suivi.py took 0.099 seconds
[2026-08-10T00:11:56.373+0000] {processor.py:157} INFO - Started process (PID=206) to work on /opt/airflow/dags/dag_suivi.py
[2026-08-10T00:11:56.374+0000] {processor.py:829} INFO - Processing file /opt/airflow/dags/dag_suivi.py for tasks to queue
[2026-08-10T00:11:56.375+0000] {logging_mixin.py:151} INFO - [2026-08-10T00:11:56.375+0000] {dagbag.py:536} INFO - Filling up the DagBag from /opt/airflow/dags/dag_suivi.py
[2026-08-10T00:11:56.394+0000] {processor.py:839} INFO - DAG(s) dict_keys(['pipeline_ingestion_suivi']) retrieved from /opt/airflow/dags/dag_suivi.py
[2026-08-10T00:11:56.419+0000] {logging_mixin.py:151} INFO - [2026-08-10T00:11:56.419+0000] {dag.py:2941} INFO - Sync 1 DAGs
[2026-08-10T00:11:56.437+0000] {logging_mixin.py:151} INFO - [2026-08-10T00:11:56.437+0000] {dag.py:3722} INFO - Setting next_dagrun for pipeline_ingestion_suivi to 2026-08-10T00:00:00+00:00, run_after=2026-08-10T01:00:00+00:00
[2026-08-10T00:11:56.454+0000] {processor.py:179} INFO - Processing /opt/airflow/dags/dag_suivi.py took 0.085 seconds
[2026-08-10T00:12:26.620+0000] {processor.py:157} INFO - Started process (PID=211) to work on /opt/airflow/dags/dag_suivi.py
[2026-08-10T00:12:26.620+0000] {processor.py:829} INFO - Processing file /opt/airflow/dags/dag_suivi.py for tasks to queue
[2026-08-10T00:12:26.621+0000] {logging_mixin.py:151} INFO - [2026-08-10T00:12:26.621+0000] {dagbag.py:536} INFO - Filling up the DagBag from /opt/airflow/dags/dag_suivi.py
[2026-08-10T00:12:26.641+0000] {processor.py:839} INFO - DAG(s) dict_keys(['pipeline_ingestion_suivi']) retrieved from /opt/airflow/dags/dag_suivi.py
[2026-08-10T00:12:26.664+0000] {logging_mixin.py:151} INFO - [2026-08-10T00:12:26.664+0000] {dag.py:2941} INFO - Sync 1 DAGs
[2026-08-10T00:12:26.682+0000] {logging_mixin.py:151} INFO - [2026-08-10T00:12:26.681+0000] {dag.py:3722} INFO - Setting next_dagrun for pipeline_ingestion_suivi to 2026-08-10T00:00:00+00:00, run_after=2026-08-10T01:00:00+00:00
[2026-08-10T00:12:26.699+0000] {processor.py:179} INFO - Processing /opt/airflow/dags/dag_suivi.py took 0.083 seconds
[2026-08-10T00:12:56.843+0000] {processor.py:157} INFO - Started process (PID=216) to work on /opt/airflow/dags/dag_suivi.py
[2026-08-10T00:12:56.843+0000] {processor.py:829} INFO - Processing file /opt/airflow/dags/dag_suivi.py for tasks to queue
[2026-08-10T00:12:56.844+0000] {logging_mixin.py:151} INFO - [2026-08-10T00:12:56.844+0000] {dagbag.py:536} INFO - Filling up the DagBag from /opt/airflow/dags/dag_suivi.py
[2026-08-10T00:12:56.868+0000] {processor.py:839} INFO - DAG(s) dict_keys(['pipeline_ingestion_suivi']) retrieved from /opt/airflow/dags/dag_suivi.py
[2026-08-10T00:12:56.894+0000] {logging_mixin.py:151} INFO - [2026-08-10T00:12:56.894+0000] {dag.py:2941} INFO - Sync 1 DAGs
[2026-08-10T00:12:56.914+0000] {logging_mixin.py:151} INFO - [2026-08-10T00:12:56.914+0000] {dag.py:3722} INFO - Setting next_dagrun for pipeline_ingestion_suivi to 2026-08-10T00:00:00+00:00, run_after=2026-08-10T01:00:00+00:00
[2026-08-10T00:12:56.942+0000] {processor.py:179} INFO - Processing /opt/airflow/dags/dag_suivi.py took 0.103 seconds
[2026-08-10T00:13:27.144+0000] {processor.py:157} INFO - Started process (PID=221) to work on /opt/airflow/dags/dag_suivi.py
[2026-08-10T00:13:27.145+0000] {processor.py:829} INFO - Processing file /opt/airflow/dags/dag_suivi.py for tasks to queue
[2026-08-10T00:13:27.146+0000] {logging_mixin.py:151} INFO - [2026-08-10T00:13:27.145+0000] {dagbag.py:536} INFO - Filling up the DagBag from /opt/airflow/dags/dag_suivi.py
[2026-08-10T00:13:27.167+0000] {processor.py:839} INFO - DAG(s) dict_keys(['pipeline_ingestion_suivi']) retrieved from /opt/airflow/dags/dag_suivi.py
[2026-08-10T00:13:27.193+0000] {logging_mixin.py:151} INFO - [2026-08-10T00:13:27.193+0000] {dag.py:2941} INFO - Sync 1 DAGs
[2026-08-10T00:13:27.212+0000] {logging_mixin.py:151} INFO - [2026-08-10T00:13:27.212+0000] {dag.py:3722} INFO - Setting next_dagrun for pipeline_ingestion_suivi to 2026-08-10T00:00:00+00:00, run_after=2026-08-10T01:00:00+00:00
[2026-08-10T00:13:27.230+0000] {processor.py:179} INFO - Processing /opt/airflow/dags/dag_suivi.py took 0.089 seconds
[2026-08-10T00:13:57.380+0000] {processor.py:157} INFO - Started process (PID=226) to work on /opt/airflow/dags/dag_suivi.py
[2026-08-10T00:13:57.380+0000] {processor.py:829} INFO - Processing file /opt/airflow/dags/dag_suivi.py for tasks to queue
[2026-08-10T00:13:57.381+0000] {logging_mixin.py:151} INFO - [2026-08-10T00:13:57.381+0000] {dagbag.py:536} INFO - Filling up the DagBag from /opt/airflow/dags/dag_suivi.py
[2026-08-10T00:13:57.404+0000] {processor.py:839} INFO - DAG(s) dict_keys(['pipeline_ingestion_suivi']) retrieved from /opt/airflow/dags/dag_suivi.py
[2026-08-10T00:13:57.430+0000] {logging_mixin.py:151} INFO - [2026-08-10T00:13:57.430+0000] {dag.py:2941} INFO - Sync 1 DAGs
[2026-08-10T00:13:57.448+0000] {logging_mixin.py:151} INFO - [2026-08-10T00:13:57.448+0000] {dag.py:3722} INFO - Setting next_dagrun for pipeline_ingestion_suivi to 2026-08-10T00:00:00+00:00, run_after=2026-08-10T01:00:00+00:00
[2026-08-10T00:13:57.475+0000] {processor.py:179} INFO - Processing /opt/airflow/dags/dag_suivi.py took 0.099 seconds
[2026-08-10T00:14:27.602+0000] {processor.py:157} INFO - Started process (PID=231) to work on /opt/airflow/dags/dag_suivi.py
[2026-08-10T00:14:27.603+0000] {processor.py:829} INFO - Processing file /opt/airflow/dags/dag_suivi.py for tasks to queue
[2026-08-10T00:14:27.603+0000] {logging_mixin.py:151} INFO - [2026-08-10T00:14:27.603+0000] {dagbag.py:536} INFO - Filling up the DagBag from /opt/airflow/dags/dag_suivi.py
[2026-08-10T00:14:27.633+0000] {processor.py:839} INFO - DAG(s) dict_keys(['pipeline_ingestion_suivi']) retrieved from /opt/airflow/dags/dag_suivi.py
[2026-08-10T00:14:27.671+0000] {logging_mixin.py:151} INFO - [2026-08-10T00:14:27.670+0000] {dag.py:2941} INFO - Sync 1 DAGs
[2026-08-10T00:14:27.702+0000] {logging_mixin.py:151} INFO - [2026-08-10T00:14:27.702+0000] {dag.py:3722} INFO - Setting next_dagrun for pipeline_ingestion_suivi to 2026-08-10T00:00:00+00:00, run_after=2026-08-10T01:00:00+00:00
[2026-08-10T00:14:27.726+0000] {processor.py:179} INFO - Processing /opt/airflow/dags/dag_suivi.py took 0.127 seconds
[2026-08-10T00:14:57.847+0000] {processor.py:157} INFO - Started process (PID=236) to work on /opt/airflow/dags/dag_suivi.py
[2026-08-10T00:14:57.848+0000] {processor.py:829} INFO - Processing file /opt/airflow/dags/dag_suivi.py for tasks to queue
[2026-08-10T00:14:57.848+0000] {logging_mixin.py:151} INFO - [2026-08-10T00:14:57.848+0000] {dagbag.py:536} INFO - Filling up the DagBag from /opt/airflow/dags/dag_suivi.py
[2026-08-10T00:14:57.878+0000] {processor.py:839} INFO - DAG(s) dict_keys(['pipeline_ingestion_suivi']) retrieved from /opt/airflow/dags/dag_suivi.py
[2026-08-10T00:14:57.908+0000] {logging_mixin.py:151} INFO - [2026-08-10T00:14:57.908+0000] {dag.py:2941} INFO - Sync 1 DAGs
[2026-08-10T00:14:57.934+0000] {logging_mixin.py:151} INFO - [2026-08-10T00:14:57.934+0000] {dag.py:3722} INFO - Setting next_dagrun for pipeline_ingestion_suivi to 2026-08-10T00:00:00+00:00, run_after=2026-08-10T01:00:00+00:00
[2026-08-10T00:14:57.957+0000] {processor.py:179} INFO - Processing /opt/airflow/dags/dag_suivi.py took 0.112 seconds
[2026-08-10T00:15:28.104+0000] {processor.py:157} INFO - Started process (PID=241) to work on /opt/airflow/dags/dag_suivi.py
[2026-08-10T00:15:28.105+0000] {processor.py:829} INFO - Processing file /opt/airflow/dags/dag_suivi.py for tasks to queue
[2026-08-10T00:15:28.106+0000] {logging_mixin.py:151} INFO - [2026-08-10T00:15:28.106+0000] {dagbag.py:536} INFO - Filling up the DagBag from /opt/airflow/dags/dag_suivi.py
[2026-08-10T00:15:28.128+0000] {processor.py:839} INFO - DAG(s) dict_keys(['pipeline_ingestion_suivi']) retrieved from /opt/airflow/dags/dag_suivi.py
[2026-08-10T00:15:28.154+0000] {logging_mixin.py:151} INFO - [2026-08-10T00:15:28.154+0000] {dag.py:2941} INFO - Sync 1 DAGs
[2026-08-10T00:15:28.172+0000] {logging_mixin.py:151} INFO - [2026-08-10T00:15:28.172+0000] {dag.py:3722} INFO - Setting next_dagrun for pipeline_ingestion_suivi to 2026-08-10T00:00:00+00:00, run_after=2026-08-10T01:00:00+00:00
[2026-08-10T00:15:28.199+0000] {processor.py:179} INFO - Processing /opt/airflow/dags/dag_suivi.py took 0.099 seconds
[2026-08-10T00:15:58.408+0000] {processor.py:157} INFO - Started process (PID=246) to work on /opt/airflow/dags/dag_suivi.py
[2026-08-10T00:15:58.409+0000] {processor.py:829} INFO - Processing file /opt/airflow/dags/dag_suivi.py for tasks to queue
[2026-08-10T00:15:58.409+0000] {logging_mixin.py:151} INFO - [2026-08-10T00:15:58.409+0000] {dagbag.py:536} INFO - Filling up the DagBag from /opt/airflow/dags/dag_suivi.py
[2026-08-10T00:15:58.428+0000] {processor.py:839} INFO - DAG(s) dict_keys(['pipeline_ingestion_suivi']) retrieved from /opt/airflow/dags/dag_suivi.py
[2026-08-10T00:15:58.451+0000] {logging_mixin.py:151} INFO - [2026-08-10T00:15:58.450+0000] {dag.py:2941} INFO - Sync 1 DAGs
[2026-08-10T00:15:58.470+0000] {logging_mixin.py:151} INFO - [2026-08-10T00:15:58.470+0000] {dag.py:3722} INFO - Setting next_dagrun for pipeline_ingestion_suivi to 2026-08-10T00:00:00+00:00, run_after=2026-08-10T01:00:00+00:00
[2026-08-10T00:15:58.488+0000] {processor.py:179} INFO - Processing /opt/airflow/dags/dag_suivi.py took 0.083 seconds
[2026-08-10T00:16:28.664+0000] {processor.py:157} INFO - Started process (PID=251) to work on /opt/airflow/dags/dag_suivi.py
[2026-08-10T00:16:28.665+0000] {processor.py:829} INFO - Processing file /opt/airflow/dags/dag_suivi.py for tasks to queue
[2026-08-10T00:16:28.666+0000] {logging_mixin.py:151} INFO - [2026-08-10T00:16:28.666+0000] {dagbag.py:536} INFO - Filling up the DagBag from /opt/airflow/dags/dag_suivi.py
[2026-08-10T00:16:28.684+0000] {processor.py:839} INFO - DAG(s) dict_keys(['pipeline_ingestion_suivi']) retrieved from /opt/airflow/dags/dag_suivi.py
[2026-08-10T00:16:28.711+0000] {logging_mixin.py:151} INFO - [2026-08-10T00:16:28.711+0000] {dag.py:2941} INFO - Sync 1 DAGs
[2026-08-10T00:16:28.731+0000] {logging_mixin.py:151} INFO - [2026-08-10T00:16:28.731+0000] {dag.py:3722} INFO - Setting next_dagrun for pipeline_ingestion_suivi to 2026-08-10T00:00:00+00:00, run_after=2026-08-10T01:00:00+00:00
[2026-08-10T00:16:28.748+0000] {processor.py:179} INFO - Processing /opt/airflow/dags/dag_suivi.py took 0.087 seconds
[2026-08-10T00:16:58.960+0000] {processor.py:157} INFO - Started process (PID=256) to work on /opt/airflow/dags/dag_suivi.py
[2026-08-10T00:16:58.961+0000] {processor.py:829} INFO - Processing file /opt/airflow/dags/dag_suivi.py for tasks to queue
[2026-08-10T00:16:58.962+0000] {logging_mixin.py:151} INFO - [2026-08-10T00:16:58.961+0000] {dagbag.py:536} INFO - Filling up the DagBag from /opt/airflow/dags/dag_suivi.py
[2026-08-10T00:16:58.986+0000] {processor.py:839} INFO - DAG(s) dict_keys(['pipeline_ingestion_suivi']) retrieved from /opt/airflow/dags/dag_suivi.py
[2026-08-10T00:16:59.017+0000] {logging_mixin.py:151} INFO - [2026-08-10T00:16:59.017+0000] {dag.py:2941} INFO - Sync 1 DAGs
[2026-08-10T00:16:59.043+0000] {logging_mixin.py:151} INFO - [2026-08-10T00:16:59.043+0000] {dag.py:3722} INFO - Setting next_dagrun for pipeline_ingestion_suivi to 2026-08-10T00:00:00+00:00, run_after=2026-08-10T01:00:00+00:00
[2026-08-10T00:16:59.064+0000] {processor.py:179} INFO - Processing /opt/airflow/dags/dag_suivi.py took 0.107 seconds
[2026-08-10T00:17:29.191+0000] {processor.py:157} INFO - Started process (PID=261) to work on /opt/airflow/dags/dag_suivi.py
[2026-08-10T00:17:29.192+0000] {processor.py:829} INFO - Processing file /opt/airflow/dags/dag_suivi.py for tasks to queue
[2026-08-10T00:17:29.193+0000] {logging_mixin.py:151} INFO - [2026-08-10T00:17:29.193+0000] {dagbag.py:536} INFO - Filling up the DagBag from /opt/airflow/dags/dag_suivi.py
[2026-08-10T00:17:29.216+0000] {processor.py:839} INFO - DAG(s) dict_keys(['pipeline_ingestion_suivi']) retrieved from /opt/airflow/dags/dag_suivi.py
[2026-08-10T00:17:29.248+0000] {logging_mixin.py:151} INFO - [2026-08-10T00:17:29.247+0000] {dag.py:2941} INFO - Sync 1 DAGs
[2026-08-10T00:17:29.270+0000] {logging_mixin.py:151} INFO - [2026-08-10T00:17:29.269+0000] {dag.py:3722} INFO - Setting next_dagrun for pipeline_ingestion_suivi to 2026-08-10T00:00:00+00:00, run_after=2026-08-10T01:00:00+00:00
[2026-08-10T00:17:29.288+0000] {processor.py:179} INFO - Processing /opt/airflow/dags/dag_suivi.py took 0.100 seconds
[2026-08-10T00:17:59.457+0000] {processor.py:157} INFO - Started process (PID=266) to work on /opt/airflow/dags/dag_suivi.py
[2026-08-10T00:17:59.458+0000] {processor.py:829} INFO - Processing file /opt/airflow/dags/dag_suivi.py for tasks to queue
[2026-08-10T00:17:59.459+0000] {logging_mixin.py:151} INFO - [2026-08-10T00:17:59.459+0000] {dagbag.py:536} INFO - Filling up the DagBag from /opt/airflow/dags/dag_suivi.py
[2026-08-10T00:17:59.477+0000] {processor.py:839} INFO - DAG(s) dict_keys(['pipeline_ingestion_suivi']) retrieved from /opt/airflow/dags/dag_suivi.py
[2026-08-10T00:17:59.502+0000] {logging_mixin.py:151} INFO - [2026-08-10T00:17:59.501+0000] {dag.py:2941} INFO - Sync 1 DAGs
[2026-08-10T00:17:59.520+0000] {logging_mixin.py:151} INFO - [2026-08-10T00:17:59.520+0000] {dag.py:3722} INFO - Setting next_dagrun for pipeline_ingestion_suivi to 2026-08-10T00:00:00+00:00, run_after=2026-08-10T01:00:00+00:00
[2026-08-10T00:17:59.538+0000] {processor.py:179} INFO - Processing /opt/airflow/dags/dag_suivi.py took 0.083 seconds
[2026-08-10T00:18:29.741+0000] {processor.py:157} INFO - Started process (PID=271) to work on /opt/airflow/dags/dag_suivi.py
[2026-08-10T00:18:29.742+0000] {processor.py:829} INFO - Processing file /opt/airflow/dags/dag_suivi.py for tasks to queue
[2026-08-10T00:18:29.744+0000] {logging_mixin.py:151} INFO - [2026-08-10T00:18:29.743+0000] {dagbag.py:536} INFO - Filling up the DagBag from /opt/airflow/dags/dag_suivi.py
[2026-08-10T00:18:29.765+0000] {processor.py:839} INFO - DAG(s) dict_keys(['pipeline_ingestion_suivi']) retrieved from /opt/airflow/dags/dag_suivi.py
[2026-08-10T00:18:29.800+0000] {logging_mixin.py:151} INFO - [2026-08-10T00:18:29.800+0000] {dag.py:2941} INFO - Sync 1 DAGs
[2026-08-10T00:18:29.821+0000] {logging_mixin.py:151} INFO - [2026-08-10T00:18:29.821+0000] {dag.py:3722} INFO - Setting next_dagrun for pipeline_ingestion_suivi to 2026-08-10T00:00:00+00:00, run_after=2026-08-10T01:00:00+00:00
[2026-08-10T00:18:29.841+0000] {processor.py:179} INFO - Processing /opt/airflow/dags/dag_suivi.py took 0.103 seconds
[2026-08-10T00:18:59.999+0000] {processor.py:157} INFO - Started process (PID=276) to work on /opt/airflow/dags/dag_suivi.py
[2026-08-10T00:19:00.000+0000] {processor.py:829} INFO - Processing file /opt/airflow/dags/dag_suivi.py for tasks to queue
[2026-08-10T00:19:00.001+0000] {logging_mixin.py:151} INFO - [2026-08-10T00:19:00.000+0000] {dagbag.py:536} INFO - Filling up the DagBag from /opt/airflow/dags/dag_suivi.py
[2026-08-10T00:19:00.022+0000] {processor.py:839} INFO - DAG(s) dict_keys(['pipeline_ingestion_suivi']) retrieved from /opt/airflow/dags/dag_suivi.py
[2026-08-10T00:19:00.047+0000] {logging_mixin.py:151} INFO - [2026-08-10T00:19:00.047+0000] {dag.py:2941} INFO - Sync 1 DAGs
[2026-08-10T00:19:00.069+0000] {logging_mixin.py:151} INFO - [2026-08-10T00:19:00.069+0000] {dag.py:3722} INFO - Setting next_dagrun for pipeline_ingestion_suivi to 2026-08-10T00:00:00+00:00, run_after=2026-08-10T01:00:00+00:00
[2026-08-10T00:19:00.087+0000] {processor.py:179} INFO - Processing /opt/airflow/dags/dag_suivi.py took 0.091 seconds
[2026-08-10T00:19:30.319+0000] {processor.py:157} INFO - Started process (PID=281) to work on /opt/airflow/dags/dag_suivi.py
[2026-08-10T00:19:30.319+0000] {processor.py:829} INFO - Processing file /opt/airflow/dags/dag_suivi.py for tasks to queue
[2026-08-10T00:19:30.320+0000] {logging_mixin.py:151} INFO - [2026-08-10T00:19:30.320+0000] {dagbag.py:536} INFO - Filling up the DagBag from /opt/airflow/dags/dag_suivi.py
[2026-08-10T00:19:30.337+0000] {processor.py:839} INFO - DAG(s) dict_keys(['pipeline_ingestion_suivi']) retrieved from /opt/airflow/dags/dag_suivi.py
[2026-08-10T00:19:30.364+0000] {logging_mixin.py:151} INFO - [2026-08-10T00:19:30.363+0000] {dag.py:2941} INFO - Sync 1 DAGs
[2026-08-10T00:19:30.382+0000] {logging_mixin.py:151} INFO - [2026-08-10T00:19:30.382+0000] {dag.py:3722} INFO - Setting next_dagrun for pipeline_ingestion_suivi to 2026-08-10T00:00:00+00:00, run_after=2026-08-10T01:00:00+00:00
[2026-08-10T00:19:30.413+0000] {processor.py:179} INFO - Processing /opt/airflow/dags/dag_suivi.py took 0.096 seconds
[2026-08-10T00:20:00.591+0000] {processor.py:157} INFO - Started process (PID=286) to work on /opt/airflow/dags/dag_suivi.py
[2026-08-10T00:20:00.591+0000] {processor.py:829} INFO - Processing file /opt/airflow/dags/dag_suivi.py for tasks to queue
[2026-08-10T00:20:00.592+0000] {logging_mixin.py:151} INFO - [2026-08-10T00:20:00.592+0000] {dagbag.py:536} INFO - Filling up the DagBag from /opt/airflow/dags/dag_suivi.py
[2026-08-10T00:20:00.612+0000] {processor.py:839} INFO - DAG(s) dict_keys(['pipeline_ingestion_suivi']) retrieved from /opt/airflow/dags/dag_suivi.py
[2026-08-10T00:20:00.637+0000] {logging_mixin.py:151} INFO - [2026-08-10T00:20:00.637+0000] {dag.py:2941} INFO - Sync 1 DAGs
[2026-08-10T00:20:00.655+0000] {logging_mixin.py:151} INFO - [2026-08-10T00:20:00.655+0000] {dag.py:3722} INFO - Setting next_dagrun for pipeline_ingestion_suivi to 2026-08-10T00:00:00+00:00, run_after=2026-08-10T01:00:00+00:00
[2026-08-10T00:20:00.673+0000] {processor.py:179} INFO - Processing /opt/airflow/dags/dag_suivi.py took 0.085 seconds
[2026-08-10T00:20:30.900+0000] {processor.py:157} INFO - Started process (PID=291) to work on /opt/airflow/dags/dag_suivi.py
[2026-08-10T00:20:30.901+0000] {processor.py:829} INFO - Processing file /opt/airflow/dags/dag_suivi.py for tasks to queue
[2026-08-10T00:20:30.902+0000] {logging_mixin.py:151} INFO - [2026-08-10T00:20:30.902+0000] {dagbag.py:536} INFO - Filling up the DagBag from /opt/airflow/dags/dag_suivi.py
[2026-08-10T00:20:30.922+0000] {processor.py:839} INFO - DAG(s) dict_keys(['pipeline_ingestion_suivi']) retrieved from /opt/airflow/dags/dag_suivi.py
[2026-08-10T00:20:30.945+0000] {logging_mixin.py:151} INFO - [2026-08-10T00:20:30.945+0000] {dag.py:2941} INFO - Sync 1 DAGs
[2026-08-10T00:20:30.964+0000] {logging_mixin.py:151} INFO - [2026-08-10T00:20:30.964+0000] {dag.py:3722} INFO - Setting next_dagrun for pipeline_ingestion_suivi to 2026-08-10T00:00:00+00:00, run_after=2026-08-10T01:00:00+00:00
[2026-08-10T00:20:30.990+0000] {processor.py:179} INFO - Processing /opt/airflow/dags/dag_suivi.py took 0.092 seconds
[2026-08-10T00:21:01.094+0000] {processor.py:157} INFO - Started process (PID=296) to work on /opt/airflow/dags/dag_suivi.py
[2026-08-10T00:21:01.095+0000] {processor.py:829} INFO - Processing file /opt/airflow/dags/dag_suivi.py for tasks to queue
[2026-08-10T00:21:01.096+0000] {logging_mixin.py:151} INFO - [2026-08-10T00:21:01.096+0000] {dagbag.py:536} INFO - Filling up the DagBag from /opt/airflow/dags/dag_suivi.py
[2026-08-10T00:21:01.118+0000] {processor.py:839} INFO - DAG(s) dict_keys(['pipeline_ingestion_suivi']) retrieved from /opt/airflow/dags/dag_suivi.py
[2026-08-10T00:21:01.156+0000] {logging_mixin.py:151} INFO - [2026-08-10T00:21:01.156+0000] {dag.py:2941} INFO - Sync 1 DAGs
[2026-08-10T00:21:01.176+0000] {logging_mixin.py:151} INFO - [2026-08-10T00:21:01.175+0000] {dag.py:3722} INFO - Setting next_dagrun for pipeline_ingestion_suivi to 2026-08-10T00:00:00+00:00, run_after=2026-08-10T01:00:00+00:00
[2026-08-10T00:21:01.193+0000] {processor.py:179} INFO - Processing /opt/airflow/dags/dag_suivi.py took 0.102 seconds
[2026-08-10T00:21:31.423+0000] {processor.py:157} INFO - Started process (PID=301) to work on /opt/airflow/dags/dag_suivi.py
[2026-08-10T00:21:31.424+0000] {processor.py:829} INFO - Processing file /opt/airflow/dags/dag_suivi.py for tasks to queue
[2026-08-10T00:21:31.424+0000] {logging_mixin.py:151} INFO - [2026-08-10T00:21:31.424+0000] {dagbag.py:536} INFO - Filling up the DagBag from /opt/airflow/dags/dag_suivi.py
[2026-08-10T00:21:31.443+0000] {processor.py:839} INFO - DAG(s) dict_keys(['pipeline_ingestion_suivi']) retrieved from /opt/airflow/dags/dag_suivi.py
[2026-08-10T00:21:31.466+0000] {logging_mixin.py:151} INFO - [2026-08-10T00:21:31.465+0000] {dag.py:2941} INFO - Sync 1 DAGs
[2026-08-10T00:21:31.484+0000] {logging_mixin.py:151} INFO - [2026-08-10T00:21:31.484+0000] {dag.py:3722} INFO - Setting next_dagrun for pipeline_ingestion_suivi to 2026-08-10T00:00:00+00:00, run_after=2026-08-10T01:00:00+00:00
[2026-08-10T00:21:31.512+0000] {processor.py:179} INFO - Processing /opt/airflow/dags/dag_suivi.py took 0.091 seconds
[2026-08-10T00:22:01.670+0000] {processor.py:157} INFO - Started process (PID=306) to work on /opt/airflow/dags/dag_suivi.py
[2026-08-10T00:22:01.671+0000] {processor.py:829} INFO - Processing file /opt/airflow/dags/dag_suivi.py for tasks to queue
[2026-08-10T00:22:01.671+0000] {logging_mixin.py:151} INFO - [2026-08-10T00:22:01.671+0000] {dagbag.py:536} INFO - Filling up the DagBag from /opt/airflow/dags/dag_suivi.py
[2026-08-10T00:22:01.699+0000] {processor.py:839} INFO - DAG(s) dict_keys(['pipeline_ingestion_suivi']) retrieved from /opt/airflow/dags/dag_suivi.py
[2026-08-10T00:22:01.726+0000] {logging_mixin.py:151} INFO - [2026-08-10T00:22:01.726+0000] {dag.py:2941} INFO - Sync 1 DAGs
[2026-08-10T00:22:01.744+0000] {logging_mixin.py:151} INFO - [2026-08-10T00:22:01.744+0000] {dag.py:3722} INFO - Setting next_dagrun for pipeline_ingestion_suivi to 2026-08-10T00:00:00+00:00, run_after=2026-08-10T01:00:00+00:00
[2026-08-10T00:22:01.770+0000] {processor.py:179} INFO - Processing /opt/airflow/dags/dag_suivi.py took 0.103 seconds
[2026-08-10T00:22:32.013+0000] {processor.py:157} INFO - Started process (PID=311) to work on /opt/airflow/dags/dag_suivi.py
[2026-08-10T00:22:32.013+0000] {processor.py:829} INFO - Processing file /opt/airflow/dags/dag_suivi.py for tasks to queue
[2026-08-10T00:22:32.014+0000] {logging_mixin.py:151} INFO - [2026-08-10T00:22:32.014+0000] {dagbag.py:536} INFO - Filling up the DagBag from /opt/airflow/dags/dag_suivi.py
[2026-08-10T00:22:32.032+0000] {processor.py:839} INFO - DAG(s) dict_keys(['pipeline_ingestion_suivi']) retrieved from /opt/airflow/dags/dag_suivi.py
[2026-08-10T00:22:32.056+0000] {logging_mixin.py:151} INFO - [2026-08-10T00:22:32.056+0000] {dag.py:2941} INFO - Sync 1 DAGs
[2026-08-10T00:22:32.074+0000] {logging_mixin.py:151} INFO - [2026-08-10T00:22:32.074+0000] {dag.py:3722} INFO - Setting next_dagrun for pipeline_ingestion_suivi to 2026-08-10T00:00:00+00:00, run_after=2026-08-10T01:00:00+00:00
[2026-08-10T00:22:32.101+0000] {processor.py:179} INFO - Processing /opt/airflow/dags/dag_suivi.py took 0.091 seconds
[2026-08-10T00:23:02.245+0000] {processor.py:157} INFO - Started process (PID=316) to work on /opt/airflow/dags/dag_suivi.py
[2026-08-10T00:23:02.246+0000] {processor.py:829} INFO - Processing file /opt/airflow/dags/dag_suivi.py for tasks to queue
[2026-08-10T00:23:02.247+0000] {logging_mixin.py:151} INFO - [2026-08-10T00:23:02.246+0000] {dagbag.py:536} INFO - Filling up the DagBag from /opt/airflow/dags/dag_suivi.py
[2026-08-10T00:23:02.263+0000] {processor.py:839} INFO - DAG(s) dict_keys(['pipeline_ingestion_suivi']) retrieved from /opt/airflow/dags/dag_suivi.py
[2026-08-10T00:23:02.289+0000] {logging_mixin.py:151} INFO - [2026-08-10T00:23:02.289+0000] {dag.py:2941} INFO - Sync 1 DAGs
[2026-08-10T00:23:02.307+0000] {logging_mixin.py:151} INFO - [2026-08-10T00:23:02.307+0000] {dag.py:3722} INFO - Setting next_dagrun for pipeline_ingestion_suivi to 2026-08-10T00:00:00+00:00, run_after=2026-08-10T01:00:00+00:00
[2026-08-10T00:23:02.329+0000] {processor.py:179} INFO - Processing /opt/airflow/dags/dag_suivi.py took 0.086 seconds
[2026-08-10T00:23:32.612+0000] {processor.py:157} INFO - Started process (PID=321) to work on /opt/airflow/dags/dag_suivi.py
[2026-08-10T00:23:32.613+0000] {processor.py:829} INFO - Processing file /opt/airflow/dags/dag_suivi.py for tasks to queue
[2026-08-10T00:23:32.614+0000] {logging_mixin.py:151} INFO - [2026-08-10T00:23:32.613+0000] {dagbag.py:536} INFO - Filling up the DagBag from /opt/airflow/dags/dag_suivi.py
[2026-08-10T00:23:32.633+0000] {processor.py:839} INFO - DAG(s) dict_keys(['pipeline_ingestion_suivi']) retrieved from /opt/airflow/dags/dag_suivi.py
[2026-08-10T00:23:32.658+0000] {logging_mixin.py:151} INFO - [2026-08-10T00:23:32.658+0000] {dag.py:2941} INFO - Sync 1 DAGs
[2026-08-10T00:23:32.676+0000] {logging_mixin.py:151} INFO - [2026-08-10T00:23:32.676+0000] {dag.py:3722} INFO - Setting next_dagrun for pipeline_ingestion_suivi to 2026-08-10T00:00:00+00:00, run_after=2026-08-10T01:00:00+00:00
[2026-08-10T00:23:32.703+0000] {processor.py:179} INFO - Processing /opt/airflow/dags/dag_suivi.py took 0.094 seconds
[2026-08-10T00:24:02.820+0000] {processor.py:157} INFO - Started process (PID=326) to work on /opt/airflow/dags/dag_suivi.py
[2026-08-10T00:24:02.821+0000] {processor.py:829} INFO - Processing file /opt/airflow/dags/dag_suivi.py for tasks to queue
[2026-08-10T00:24:02.822+0000] {logging_mixin.py:151} INFO - [2026-08-10T00:24:02.821+0000] {dagbag.py:536} INFO - Filling up the DagBag from /opt/airflow/dags/dag_suivi.py
[2026-08-10T00:24:02.841+0000] {processor.py:839} INFO - DAG(s) dict_keys(['pipeline_ingestion_suivi']) retrieved from /opt/airflow/dags/dag_suivi.py
[2026-08-10T00:24:02.867+0000] {logging_mixin.py:151} INFO - [2026-08-10T00:24:02.867+0000] {dag.py:2941} INFO - Sync 1 DAGs
[2026-08-10T00:24:02.886+0000] {logging_mixin.py:151} INFO - [2026-08-10T00:24:02.885+0000] {dag.py:3722} INFO - Setting next_dagrun for pipeline_ingestion_suivi to 2026-08-10T00:00:00+00:00, run_after=2026-08-10T01:00:00+00:00
[2026-08-10T00:24:02.913+0000] {processor.py:179} INFO - Processing /opt/airflow/dags/dag_suivi.py took 0.097 seconds
[2026-08-10T00:24:33.189+0000] {processor.py:157} INFO - Started process (PID=331) to work on /opt/airflow/dags/dag_suivi.py
[2026-08-10T00:24:33.189+0000] {processor.py:829} INFO - Processing file /opt/airflow/dags/dag_suivi.py for tasks to queue
[2026-08-10T00:24:33.190+0000] {logging_mixin.py:151} INFO - [2026-08-10T00:24:33.190+0000] {dagbag.py:536} INFO - Filling up the DagBag from /opt/airflow/dags/dag_suivi.py
[2026-08-10T00:24:33.210+0000] {processor.py:839} INFO - DAG(s) dict_keys(['pipeline_ingestion_suivi']) retrieved from /opt/airflow/dags/dag_suivi.py
[2026-08-10T00:24:33.235+0000] {logging_mixin.py:151} INFO - [2026-08-10T00:24:33.235+0000] {dag.py:2941} INFO - Sync 1 DAGs
[2026-08-10T00:24:33.254+0000] {logging_mixin.py:151} INFO - [2026-08-10T00:24:33.253+0000] {dag.py:3722} INFO - Setting next_dagrun for pipeline_ingestion_suivi to 2026-08-10T00:00:00+00:00, run_after=2026-08-10T01:00:00+00:00
[2026-08-10T00:24:33.281+0000] {processor.py:179} INFO - Processing /opt/airflow/dags/dag_suivi.py took 0.094 seconds
[2026-08-10T00:25:03.429+0000] {processor.py:157} INFO - Started process (PID=336) to work on /opt/airflow/dags/dag_suivi.py
[2026-08-10T00:25:03.430+0000] {processor.py:829} INFO - Processing file /opt/airflow/dags/dag_suivi.py for tasks to queue
[2026-08-10T00:25:03.431+0000] {logging_mixin.py:151} INFO - [2026-08-10T00:25:03.430+0000] {dagbag.py:536} INFO - Filling up the DagBag from /opt/airflow/dags/dag_suivi.py
[2026-08-10T00:25:03.451+0000] {processor.py:839} INFO - DAG(s) dict_keys(['pipeline_ingestion_suivi']) retrieved from /opt/airflow/dags/dag_suivi.py
[2026-08-10T00:25:03.478+0000] {logging_mixin.py:151} INFO - [2026-08-10T00:25:03.478+0000] {dag.py:2941} INFO - Sync 1 DAGs
[2026-08-10T00:25:03.496+0000] {logging_mixin.py:151} INFO - [2026-08-10T00:25:03.496+0000] {dag.py:3722} INFO - Setting next_dagrun for pipeline_ingestion_suivi to 2026-08-10T00:00:00+00:00, run_after=2026-08-10T01:00:00+00:00
[2026-08-10T00:25:03.526+0000] {processor.py:179} INFO - Processing /opt/airflow/dags/dag_suivi.py took 0.101 seconds
[2026-08-10T00:25:33.769+0000] {processor.py:157} INFO - Started process (PID=341) to work on /opt/airflow/dags/dag_suivi.py
[2026-08-10T00:25:33.769+0000] {processor.py:829} INFO - Processing file /opt/airflow/dags/dag_suivi.py for tasks to queue
[2026-08-10T00:25:33.770+0000] {logging_mixin.py:151} INFO - [2026-08-10T00:25:33.770+0000] {dagbag.py:536} INFO - Filling up the DagBag from /opt/airflow/dags/dag_suivi.py
[2026-08-10T00:25:33.787+0000] {processor.py:839} INFO - DAG(s) dict_keys(['pipeline_ingestion_suivi']) retrieved from /opt/airflow/dags/dag_suivi.py
[2026-08-10T00:25:33.812+0000] {logging_mixin.py:151} INFO - [2026-08-10T00:25:33.812+0000] {dag.py:2941} INFO - Sync 1 DAGs
[2026-08-10T00:25:33.833+0000] {logging_mixin.py:151} INFO - [2026-08-10T00:25:33.833+0000] {dag.py:3722} INFO - Setting next_dagrun for pipeline_ingestion_suivi to 2026-08-10T00:00:00+00:00, run_after=2026-08-10T01:00:00+00:00
[2026-08-10T00:25:33.863+0000] {processor.py:179} INFO - Processing /opt/airflow/dags/dag_suivi.py took 0.097 seconds
[2026-08-10T00:26:04.045+0000] {processor.py:157} INFO - Started process (PID=346) to work on /opt/airflow/dags/dag_suivi.py
[2026-08-10T00:26:04.046+0000] {processor.py:829} INFO - Processing file /opt/airflow/dags/dag_suivi.py for tasks to queue
[2026-08-10T00:26:04.047+0000] {logging_mixin.py:151} INFO - [2026-08-10T00:26:04.047+0000] {dagbag.py:536} INFO - Filling up the DagBag from /opt/airflow/dags/dag_suivi.py
[2026-08-10T00:26:04.064+0000] {processor.py:839} INFO - DAG(s) dict_keys(['pipeline_ingestion_suivi']) retrieved from /opt/airflow/dags/dag_suivi.py
[2026-08-10T00:26:04.089+0000] {logging_mixin.py:151} INFO - [2026-08-10T00:26:04.089+0000] {dag.py:2941} INFO - Sync 1 DAGs
[2026-08-10T00:26:04.112+0000] {logging_mixin.py:151} INFO - [2026-08-10T00:26:04.111+0000] {dag.py:3722} INFO - Setting next_dagrun for pipeline_ingestion_suivi to 2026-08-10T00:00:00+00:00, run_after=2026-08-10T01:00:00+00:00
[2026-08-10T00:26:04.140+0000] {processor.py:179} INFO - Processing /opt/airflow/dags/dag_suivi.py took 0.098 seconds
[2026-08-10T00:26:34.358+0000] {processor.py:157} INFO - Started process (PID=351) to work on /opt/airflow/dags/dag_suivi.py
[2026-08-10T00:26:34.359+0000] {processor.py:829} INFO - Processing file /opt/airflow/dags/dag_suivi.py for tasks to queue
[2026-08-10T00:26:34.360+0000] {logging_mixin.py:151} INFO - [2026-08-10T00:26:34.360+0000] {dagbag.py:536} INFO - Filling up the DagBag from /opt/airflow/dags/dag_suivi.py
[2026-08-10T00:26:34.376+0000] {processor.py:839} INFO - DAG(s) dict_keys(['pipeline_ingestion_suivi']) retrieved from /opt/airflow/dags/dag_suivi.py
[2026-08-10T00:26:34.399+0000] {logging_mixin.py:151} INFO - [2026-08-10T00:26:34.399+0000] {dag.py:2941} INFO - Sync 1 DAGs
[2026-08-10T00:26:34.416+0000] {logging_mixin.py:151} INFO - [2026-08-10T00:26:34.415+0000] {dag.py:3722} INFO - Setting next_dagrun for pipeline_ingestion_suivi to 2026-08-10T00:00:00+00:00, run_after=2026-08-10T01:00:00+00:00
[2026-08-10T00:26:34.442+0000] {processor.py:179} INFO - Processing /opt/airflow/dags/dag_suivi.py took 0.086 seconds
[2026-08-10T00:27:04.627+0000] {processor.py:157} INFO - Started process (PID=356) to work on /opt/airflow/dags/dag_suivi.py
[2026-08-10T00:27:04.628+0000] {processor.py:829} INFO - Processing file /opt/airflow/dags/dag_suivi.py for tasks to queue
[2026-08-10T00:27:04.629+0000] {logging_mixin.py:151} INFO - [2026-08-10T00:27:04.629+0000] {dagbag.py:536} INFO - Filling up the DagBag from /opt/airflow/dags/dag_suivi.py
[2026-08-10T00:27:04.646+0000] {processor.py:839} INFO - DAG(s) dict_keys(['pipeline_ingestion_suivi']) retrieved from /opt/airflow/dags/dag_suivi.py
[2026-08-10T00:27:04.670+0000] {logging_mixin.py:151} INFO - [2026-08-10T00:27:04.670+0000] {dag.py:2941} INFO - Sync 1 DAGs
[2026-08-10T00:27:04.688+0000] {logging_mixin.py:151} INFO - [2026-08-10T00:27:04.688+0000] {dag.py:3722} INFO - Setting next_dagrun for pipeline_ingestion_suivi to 2026-08-10T00:00:00+00:00, run_after=2026-08-10T01:00:00+00:00
[2026-08-10T00:27:04.715+0000] {processor.py:179} INFO - Processing /opt/airflow/dags/dag_suivi.py took 0.090 seconds
[2026-08-10T00:27:34.927+0000] {processor.py:157} INFO - Started process (PID=361) to work on /opt/airflow/dags/dag_suivi.py
[2026-08-10T00:27:34.927+0000] {processor.py:829} INFO - Processing file /opt/airflow/dags/dag_suivi.py for tasks to queue
[2026-08-10T00:27:34.928+0000] {logging_mixin.py:151} INFO - [2026-08-10T00:27:34.928+0000] {dagbag.py:536} INFO - Filling up the DagBag from /opt/airflow/dags/dag_suivi.py
[2026-08-10T00:27:34.946+0000] {processor.py:839} INFO - DAG(s) dict_keys(['pipeline_ingestion_suivi']) retrieved from /opt/airflow/dags/dag_suivi.py
[2026-08-10T00:27:34.969+0000] {logging_mixin.py:151} INFO - [2026-08-10T00:27:34.968+0000] {dag.py:2941} INFO - Sync 1 DAGs
[2026-08-10T00:27:34.986+0000] {logging_mixin.py:151} INFO - [2026-08-10T00:27:34.986+0000] {dag.py:3722} INFO - Setting next_dagrun for pipeline_ingestion_suivi to 2026-08-10T00:00:00+00:00, run_after=2026-08-10T01:00:00+00:00
[2026-08-10T00:27:35.003+0000] {processor.py:179} INFO - Processing /opt/airflow/dags/dag_suivi.py took 0.079 seconds
[2026-08-10T00:28:05.135+0000] {processor.py:157} INFO - Started process (PID=366) to work on /opt/airflow/dags/dag_suivi.py
[2026-08-10T00:28:05.135+0000] {processor.py:829} INFO - Processing file /opt/airflow/dags/dag_suivi.py for tasks to queue
[2026-08-10T00:28:05.136+0000] {logging_mixin.py:151} INFO - [2026-08-10T00:28:05.136+0000] {dagbag.py:536} INFO - Filling up the DagBag from /opt/airflow/dags/dag_suivi.py
[2026-08-10T00:28:05.152+0000] {processor.py:839} INFO - DAG(s) dict_keys(['pipeline_ingestion_suivi']) retrieved from /opt/airflow/dags/dag_suivi.py
[2026-08-10T00:28:05.177+0000] {logging_mixin.py:151} INFO - [2026-08-10T00:28:05.177+0000] {dag.py:2941} INFO - Sync 1 DAGs
[2026-08-10T00:28:05.194+0000] {logging_mixin.py:151} INFO - [2026-08-10T00:28:05.194+0000] {dag.py:3722} INFO - Setting next_dagrun for pipeline_ingestion_suivi to 2026-08-10T00:00:00+00:00, run_after=2026-08-10T01:00:00+00:00
[2026-08-10T00:28:05.220+0000] {processor.py:179} INFO - Processing /opt/airflow/dags/dag_suivi.py took 0.089 seconds
[2026-08-10T00:28:35.480+0000] {processor.py:157} INFO - Started process (PID=371) to work on /opt/airflow/dags/dag_suivi.py
[2026-08-10T00:28:35.480+0000] {processor.py:829} INFO - Processing file /opt/airflow/dags/dag_suivi.py for tasks to queue
[2026-08-10T00:28:35.481+0000] {logging_mixin.py:151} INFO - [2026-08-10T00:28:35.481+0000] {dagbag.py:536} INFO - Filling up the DagBag from /opt/airflow/dags/dag_suivi.py
[2026-08-10T00:28:35.500+0000] {processor.py:839} INFO - DAG(s) dict_keys(['pipeline_ingestion_suivi']) retrieved from /opt/airflow/dags/dag_suivi.py
[2026-08-10T00:28:35.523+0000] {logging_mixin.py:151} INFO - [2026-08-10T00:28:35.523+0000] {dag.py:2941} INFO - Sync 1 DAGs
[2026-08-10T00:28:35.541+0000] {logging_mixin.py:151} INFO - [2026-08-10T00:28:35.541+0000] {dag.py:3722} INFO - Setting next_dagrun for pipeline_ingestion_suivi to 2026-08-10T00:00:00+00:00, run_after=2026-08-10T01:00:00+00:00
[2026-08-10T00:28:35.570+0000] {processor.py:179} INFO - Processing /opt/airflow/dags/dag_suivi.py took 0.092 seconds
[2026-08-10T00:29:05.719+0000] {processor.py:157} INFO - Started process (PID=376) to work on /opt/airflow/dags/dag_suivi.py
[2026-08-10T00:29:05.720+0000] {processor.py:829} INFO - Processing file /opt/airflow/dags/dag_suivi.py for tasks to queue
[2026-08-10T00:29:05.720+0000] {logging_mixin.py:151} INFO - [2026-08-10T00:29:05.720+0000] {dagbag.py:536} INFO - Filling up the DagBag from /opt/airflow/dags/dag_suivi.py
[2026-08-10T00:29:05.736+0000] {processor.py:839} INFO - DAG(s) dict_keys(['pipeline_ingestion_suivi']) retrieved from /opt/airflow/dags/dag_suivi.py
[2026-08-10T00:29:05.761+0000] {logging_mixin.py:151} INFO - [2026-08-10T00:29:05.761+0000] {dag.py:2941} INFO - Sync 1 DAGs
[2026-08-10T00:29:05.778+0000] {logging_mixin.py:151} INFO - [2026-08-10T00:29:05.778+0000] {dag.py:3722} INFO - Setting next_dagrun for pipeline_ingestion_suivi to 2026-08-10T00:00:00+00:00, run_after=2026-08-10T01:00:00+00:00
[2026-08-10T00:29:05.796+0000] {processor.py:179} INFO - Processing /opt/airflow/dags/dag_suivi.py took 0.080 seconds
[2026-08-10T00:29:36.065+0000] {processor.py:157} INFO - Started process (PID=381) to work on /opt/airflow/dags/dag_suivi.py
[2026-08-10T00:29:36.066+0000] {processor.py:829} INFO - Processing file /opt/airflow/dags/dag_suivi.py for tasks to queue
[2026-08-10T00:29:36.067+0000] {logging_mixin.py:151} INFO - [2026-08-10T00:29:36.067+0000] {dagbag.py:536} INFO - Filling up the DagBag from /opt/airflow/dags/dag_suivi.py
[2026-08-10T00:29:36.086+0000] {processor.py:839} INFO - DAG(s) dict_keys(['pipeline_ingestion_suivi']) retrieved from /opt/airflow/dags/dag_suivi.py
[2026-08-10T00:29:36.109+0000] {logging_mixin.py:151} INFO - [2026-08-10T00:29:36.109+0000] {dag.py:2941} INFO - Sync 1 DAGs
[2026-08-10T00:29:36.126+0000] {logging_mixin.py:151} INFO - [2026-08-10T00:29:36.126+0000] {dag.py:3722} INFO - Setting next_dagrun for pipeline_ingestion_suivi to 2026-08-10T00:00:00+00:00, run_after=2026-08-10T01:00:00+00:00
[2026-08-10T00:29:36.155+0000] {processor.py:179} INFO - Processing /opt/airflow/dags/dag_suivi.py took 0.092 seconds
[2026-08-10T00:30:06.310+0000] {processor.py:157} INFO - Started process (PID=386) to work on /opt/airflow/dags/dag_suivi.py
[2026-08-10T00:30:06.310+0000] {processor.py:829} INFO - Processing file /opt/airflow/dags/dag_suivi.py for tasks to queue
[2026-08-10T00:30:06.311+0000] {logging_mixin.py:151} INFO - [2026-08-10T00:30:06.311+0000] {dagbag.py:536} INFO - Filling up the DagBag from /opt/airflow/dags/dag_suivi.py
[2026-08-10T00:30:06.328+0000] {processor.py:839} INFO - DAG(s) dict_keys(['pipeline_ingestion_suivi']) retrieved from /opt/airflow/dags/dag_suivi.py
[2026-08-10T00:30:06.353+0000] {logging_mixin.py:151} INFO - [2026-08-10T00:30:06.353+0000] {dag.py:2941} INFO - Sync 1 DAGs
[2026-08-10T00:30:06.373+0000] {logging_mixin.py:151} INFO - [2026-08-10T00:30:06.373+0000] {dag.py:3722} INFO - Setting next_dagrun for pipeline_ingestion_suivi to 2026-08-10T00:00:00+00:00, run_after=2026-08-10T01:00:00+00:00
[2026-08-10T00:30:06.401+0000] {processor.py:179} INFO - Processing /opt/airflow/dags/dag_suivi.py took 0.094 seconds
[2026-08-10T00:30:36.581+0000] {processor.py:157} INFO - Started process (PID=391) to work on /opt/airflow/dags/dag_suivi.py
[2026-08-10T00:30:36.582+0000] {processor.py:829} INFO - Processing file /opt/airflow/dags/dag_suivi.py for tasks to queue
[2026-08-10T00:30:36.582+0000] {logging_mixin.py:151} INFO - [2026-08-10T00:30:36.582+0000] {dagbag.py:536} INFO - Filling up the DagBag from /opt/airflow/dags/dag_suivi.py
[2026-08-10T00:30:36.600+0000] {processor.py:839} INFO - DAG(s) dict_keys(['pipeline_ingestion_suivi']) retrieved from /opt/airflow/dags/dag_suivi.py
[2026-08-10T00:30:36.624+0000] {logging_mixin.py:151} INFO - [2026-08-10T00:30:36.624+0000] {dag.py:2941} INFO - Sync 1 DAGs
[2026-08-10T00:30:36.643+0000] {logging_mixin.py:151} INFO - [2026-08-10T00:30:36.643+0000] {dag.py:3722} INFO - Setting next_dagrun for pipeline_ingestion_suivi to 2026-08-10T00:00:00+00:00, run_after=2026-08-10T01:00:00+00:00
[2026-08-10T00:30:36.661+0000] {processor.py:179} INFO - Processing /opt/airflow/dags/dag_suivi.py took 0.082 seconds
[2026-08-10T00:31:06.834+0000] {processor.py:157} INFO - Started process (PID=396) to work on /opt/airflow/dags/dag_suivi.py
[2026-08-10T00:31:06.834+0000] {processor.py:829} INFO - Processing file /opt/airflow/dags/dag_suivi.py for tasks to queue
[2026-08-10T00:31:06.835+0000] {logging_mixin.py:151} INFO - [2026-08-10T00:31:06.835+0000] {dagbag.py:536} INFO - Filling up the DagBag from /opt/airflow/dags/dag_suivi.py
[2026-08-10T00:31:06.852+0000] {processor.py:839} INFO - DAG(s) dict_keys(['pipeline_ingestion_suivi']) retrieved from /opt/airflow/dags/dag_suivi.py
[2026-08-10T00:31:06.877+0000] {logging_mixin.py:151} INFO - [2026-08-10T00:31:06.877+0000] {dag.py:2941} INFO - Sync 1 DAGs
[2026-08-10T00:31:06.894+0000] {logging_mixin.py:151} INFO - [2026-08-10T00:31:06.894+0000] {dag.py:3722} INFO - Setting next_dagrun for pipeline_ingestion_suivi to 2026-08-10T00:00:00+00:00, run_after=2026-08-10T01:00:00+00:00
[2026-08-10T00:31:06.919+0000] {processor.py:179} INFO - Processing /opt/airflow/dags/dag_suivi.py took 0.088 seconds
[2026-08-10T00:31:37.131+0000] {processor.py:157} INFO - Started process (PID=401) to work on /opt/airflow/dags/dag_suivi.py
[2026-08-10T00:31:37.132+0000] {processor.py:829} INFO - Processing file /opt/airflow/dags/dag_suivi.py for tasks to queue
[2026-08-10T00:31:37.133+0000] {logging_mixin.py:151} INFO - [2026-08-10T00:31:37.132+0000] {dagbag.py:536} INFO - Filling up the DagBag from /opt/airflow/dags/dag_suivi.py
[2026-08-10T00:31:37.156+0000] {processor.py:839} INFO - DAG(s) dict_keys(['pipeline_ingestion_suivi']) retrieved from /opt/airflow/dags/dag_suivi.py
[2026-08-10T00:31:37.183+0000] {logging_mixin.py:151} INFO - [2026-08-10T00:31:37.183+0000] {dag.py:2941} INFO - Sync 1 DAGs
[2026-08-10T00:31:37.201+0000] {logging_mixin.py:151} INFO - [2026-08-10T00:31:37.201+0000] {dag.py:3722} INFO - Setting next_dagrun for pipeline_ingestion_suivi to 2026-08-10T00:00:00+00:00, run_after=2026-08-10T01:00:00+00:00
[2026-08-10T00:31:37.218+0000] {processor.py:179} INFO - Processing /opt/airflow/dags/dag_suivi.py took 0.091 seconds
[2026-08-10T00:32:07.394+0000] {processor.py:157} INFO - Started process (PID=406) to work on /opt/airflow/dags/dag_suivi.py
[2026-08-10T00:32:07.394+0000] {processor.py:829} INFO - Processing file /opt/airflow/dags/dag_suivi.py for tasks to queue
[2026-08-10T00:32:07.395+0000] {logging_mixin.py:151} INFO - [2026-08-10T00:32:07.395+0000] {dagbag.py:536} INFO - Filling up the DagBag from /opt/airflow/dags/dag_suivi.py
[2026-08-10T00:32:07.413+0000] {processor.py:839} INFO - DAG(s) dict_keys(['pipeline_ingestion_suivi']) retrieved from /opt/airflow/dags/dag_suivi.py
[2026-08-10T00:32:07.437+0000] {logging_mixin.py:151} INFO - [2026-08-10T00:32:07.437+0000] {dag.py:2941} INFO - Sync 1 DAGs
[2026-08-10T00:32:07.454+0000] {logging_mixin.py:151} INFO - [2026-08-10T00:32:07.454+0000] {dag.py:3722} INFO - Setting next_dagrun for pipeline_ingestion_suivi to 2026-08-10T00:00:00+00:00, run_after=2026-08-10T01:00:00+00:00
[2026-08-10T00:32:07.474+0000] {processor.py:179} INFO - Processing /opt/airflow/dags/dag_suivi.py took 0.083 seconds
[2026-08-10T00:32:37.717+0000] {processor.py:157} INFO - Started process (PID=411) to work on /opt/airflow/dags/dag_suivi.py
[2026-08-10T00:32:37.718+0000] {processor.py:829} INFO - Processing file /opt/airflow/dags/dag_suivi.py for tasks to queue
[2026-08-10T00:32:37.720+0000] {logging_mixin.py:151} INFO - [2026-08-10T00:32:37.719+0000] {dagbag.py:536} INFO - Filling up the DagBag from /opt/airflow/dags/dag_suivi.py
[2026-08-10T00:32:37.738+0000] {processor.py:839} INFO - DAG(s) dict_keys(['pipeline_ingestion_suivi']) retrieved from /opt/airflow/dags/dag_suivi.py
[2026-08-10T00:32:37.761+0000] {logging_mixin.py:151} INFO - [2026-08-10T00:32:37.761+0000] {dag.py:2941} INFO - Sync 1 DAGs
[2026-08-10T00:32:37.779+0000] {logging_mixin.py:151} INFO - [2026-08-10T00:32:37.779+0000] {dag.py:3722} INFO - Setting next_dagrun for pipeline_ingestion_suivi to 2026-08-10T00:00:00+00:00, run_after=2026-08-10T01:00:00+00:00
[2026-08-10T00:32:37.797+0000] {processor.py:179} INFO - Processing /opt/airflow/dags/dag_suivi.py took 0.082 seconds
[2026-08-10T00:33:07.980+0000] {processor.py:157} INFO - Started process (PID=416) to work on /opt/airflow/dags/dag_suivi.py
[2026-08-10T00:33:07.981+0000] {processor.py:829} INFO - Processing file /opt/airflow/dags/dag_suivi.py for tasks to queue
[2026-08-10T00:33:07.982+0000] {logging_mixin.py:151} INFO - [2026-08-10T00:33:07.981+0000] {dagbag.py:536} INFO - Filling up the DagBag from /opt/airflow/dags/dag_suivi.py
[2026-08-10T00:33:08.001+0000] {processor.py:839} INFO - DAG(s) dict_keys(['pipeline_ingestion_suivi']) retrieved from /opt/airflow/dags/dag_suivi.py
[2026-08-10T00:33:08.025+0000] {logging_mixin.py:151} INFO - [2026-08-10T00:33:08.025+0000] {dag.py:2941} INFO - Sync 1 DAGs
[2026-08-10T00:33:08.043+0000] {logging_mixin.py:151} INFO - [2026-08-10T00:33:08.042+0000] {dag.py:3722} INFO - Setting next_dagrun for pipeline_ingestion_suivi to 2026-08-10T00:00:00+00:00, run_after=2026-08-10T01:00:00+00:00
[2026-08-10T00:33:08.070+0000] {processor.py:179} INFO - Processing /opt/airflow/dags/dag_suivi.py took 0.092 seconds
[2026-08-10T00:33:38.234+0000] {processor.py:157} INFO - Started process (PID=421) to work on /opt/airflow/dags/dag_suivi.py
[2026-08-10T00:33:38.235+0000] {processor.py:829} INFO - Processing file /opt/airflow/dags/dag_suivi.py for tasks to queue
[2026-08-10T00:33:38.236+0000] {logging_mixin.py:151} INFO - [2026-08-10T00:33:38.236+0000] {dagbag.py:536} INFO - Filling up the DagBag from /opt/airflow/dags/dag_suivi.py
[2026-08-10T00:33:38.255+0000] {processor.py:839} INFO - DAG(s) dict_keys(['pipeline_ingestion_suivi']) retrieved from /opt/airflow/dags/dag_suivi.py
[2026-08-10T00:33:38.282+0000] {logging_mixin.py:151} INFO - [2026-08-10T00:33:38.282+0000] {dag.py:2941} INFO - Sync 1 DAGs
[2026-08-10T00:33:38.303+0000] {logging_mixin.py:151} INFO - [2026-08-10T00:33:38.303+0000] {dag.py:3722} INFO - Setting next_dagrun for pipeline_ingestion_suivi to 2026-08-10T00:00:00+00:00, run_after=2026-08-10T01:00:00+00:00
[2026-08-10T00:33:38.326+0000] {processor.py:179} INFO - Processing /opt/airflow/dags/dag_suivi.py took 0.096 seconds
[2026-08-10T00:34:08.454+0000] {processor.py:157} INFO - Started process (PID=426) to work on /opt/airflow/dags/dag_suivi.py
[2026-08-10T00:34:08.454+0000] {processor.py:829} INFO - Processing file /opt/airflow/dags/dag_suivi.py for tasks to queue
[2026-08-10T00:34:08.455+0000] {logging_mixin.py:151} INFO - [2026-08-10T00:34:08.455+0000] {dagbag.py:536} INFO - Filling up the DagBag from /opt/airflow/dags/dag_suivi.py
[2026-08-10T00:34:08.476+0000] {processor.py:839} INFO - DAG(s) dict_keys(['pipeline_ingestion_suivi']) retrieved from /opt/airflow/dags/dag_suivi.py
[2026-08-10T00:34:08.509+0000] {logging_mixin.py:151} INFO - [2026-08-10T00:34:08.508+0000] {dag.py:2941} INFO - Sync 1 DAGs
[2026-08-10T00:34:08.539+0000] {logging_mixin.py:151} INFO - [2026-08-10T00:34:08.539+0000] {dag.py:3722} INFO - Setting next_dagrun for pipeline_ingestion_suivi to 2026-08-10T00:00:00+00:00, run_after=2026-08-10T01:00:00+00:00
[2026-08-10T00:34:08.576+0000] {processor.py:179} INFO - Processing /opt/airflow/dags/dag_suivi.py took 0.126 seconds
[2026-08-10T00:34:38.735+0000] {processor.py:157} INFO - Started process (PID=431) to work on /opt/airflow/dags/dag_suivi.py
[2026-08-10T00:34:38.736+0000] {processor.py:829} INFO - Processing file /opt/airflow/dags/dag_suivi.py for tasks to queue
[2026-08-10T00:34:38.736+0000] {logging_mixin.py:151} INFO - [2026-08-10T00:34:38.736+0000] {dagbag.py:536} INFO - Filling up the DagBag from /opt/airflow/dags/dag_suivi.py
[2026-08-10T00:34:38.754+0000] {processor.py:839} INFO - DAG(s) dict_keys(['pipeline_ingestion_suivi']) retrieved from /opt/airflow/dags/dag_suivi.py
[2026-08-10T00:34:38.779+0000] {logging_mixin.py:151} INFO - [2026-08-10T00:34:38.779+0000] {dag.py:2941} INFO - Sync 1 DAGs
[2026-08-10T00:34:38.800+0000] {logging_mixin.py:151} INFO - [2026-08-10T00:34:38.799+0000] {dag.py:3722} INFO - Setting next_dagrun for pipeline_ingestion_suivi to 2026-08-10T00:00:00+00:00, run_after=2026-08-10T01:00:00+00:00
[2026-08-10T00:34:38.826+0000] {processor.py:179} INFO - Processing /opt/airflow/dags/dag_suivi.py took 0.095 seconds
[2026-08-10T00:35:08.962+0000] {processor.py:157} INFO - Started process (PID=436) to work on /opt/airflow/dags/dag_suivi.py
[2026-08-10T00:35:08.963+0000] {processor.py:829} INFO - Processing file /opt/airflow/dags/dag_suivi.py for tasks to queue
[2026-08-10T00:35:08.963+0000] {logging_mixin.py:151} INFO - [2026-08-10T00:35:08.963+0000] {dagbag.py:536} INFO - Filling up the DagBag from /opt/airflow/dags/dag_suivi.py
[2026-08-10T00:35:08.984+0000] {processor.py:839} INFO - DAG(s) dict_keys(['pipeline_ingestion_suivi']) retrieved from /opt/airflow/dags/dag_suivi.py
[2026-08-10T00:35:09.013+0000] {logging_mixin.py:151} INFO - [2026-08-10T00:35:09.013+0000] {dag.py:2941} INFO - Sync 1 DAGs
[2026-08-10T00:35:09.032+0000] {logging_mixin.py:151} INFO - [2026-08-10T00:35:09.032+0000] {dag.py:3722} INFO - Setting next_dagrun for pipeline_ingestion_suivi to 2026-08-10T00:00:00+00:00, run_after=2026-08-10T01:00:00+00:00
[2026-08-10T00:35:09.052+0000] {processor.py:179} INFO - Processing /opt/airflow/dags/dag_suivi.py took 0.094 seconds
[2026-08-10T00:35:39.268+0000] {processor.py:157} INFO - Started process (PID=441) to work on /opt/airflow/dags/dag_suivi.py
[2026-08-10T00:35:39.268+0000] {processor.py:829} INFO - Processing file /opt/airflow/dags/dag_suivi.py for tasks to queue
[2026-08-10T00:35:39.269+0000] {logging_mixin.py:151} INFO - [2026-08-10T00:35:39.269+0000] {dagbag.py:536} INFO - Filling up the DagBag from /opt/airflow/dags/dag_suivi.py
[2026-08-10T00:35:39.286+0000] {processor.py:839} INFO - DAG(s) dict_keys(['pipeline_ingestion_suivi']) retrieved from /opt/airflow/dags/dag_suivi.py
[2026-08-10T00:35:39.309+0000] {logging_mixin.py:151} INFO - [2026-08-10T00:35:39.309+0000] {dag.py:2941} INFO - Sync 1 DAGs
[2026-08-10T00:35:39.327+0000] {logging_mixin.py:151} INFO - [2026-08-10T00:35:39.326+0000] {dag.py:3722} INFO - Setting next_dagrun for pipeline_ingestion_suivi to 2026-08-10T00:00:00+00:00, run_after=2026-08-10T01:00:00+00:00
[2026-08-10T00:35:39.354+0000] {processor.py:179} INFO - Processing /opt/airflow/dags/dag_suivi.py took 0.089 seconds
[2026-08-10T00:36:09.528+0000] {processor.py:157} INFO - Started process (PID=446) to work on /opt/airflow/dags/dag_suivi.py
[2026-08-10T00:36:09.529+0000] {processor.py:829} INFO - Processing file /opt/airflow/dags/dag_suivi.py for tasks to queue
[2026-08-10T00:36:09.530+0000] {logging_mixin.py:151} INFO - [2026-08-10T00:36:09.530+0000] {dagbag.py:536} INFO - Filling up the DagBag from /opt/airflow/dags/dag_suivi.py
[2026-08-10T00:36:09.548+0000] {processor.py:839} INFO - DAG(s) dict_keys(['pipeline_ingestion_suivi']) retrieved from /opt/airflow/dags/dag_suivi.py
[2026-08-10T00:36:09.573+0000] {logging_mixin.py:151} INFO - [2026-08-10T00:36:09.573+0000] {dag.py:2941} INFO - Sync 1 DAGs
[2026-08-10T00:36:09.595+0000] {logging_mixin.py:151} INFO - [2026-08-10T00:36:09.595+0000] {dag.py:3722} INFO - Setting next_dagrun for pipeline_ingestion_suivi to 2026-08-10T00:00:00+00:00, run_after=2026-08-10T01:00:00+00:00
[2026-08-10T00:36:09.614+0000] {processor.py:179} INFO - Processing /opt/airflow/dags/dag_suivi.py took 0.088 seconds
[2026-08-10T00:36:39.820+0000] {processor.py:157} INFO - Started process (PID=451) to work on /opt/airflow/dags/dag_suivi.py
[2026-08-10T00:36:39.821+0000] {processor.py:829} INFO - Processing file /opt/airflow/dags/dag_suivi.py for tasks to queue
[2026-08-10T00:36:39.821+0000] {logging_mixin.py:151} INFO - [2026-08-10T00:36:39.821+0000] {dagbag.py:536} INFO - Filling up the DagBag from /opt/airflow/dags/dag_suivi.py
[2026-08-10T00:36:39.838+0000] {processor.py:839} INFO - DAG(s) dict_keys(['pipeline_ingestion_suivi']) retrieved from /opt/airflow/dags/dag_suivi.py
[2026-08-10T00:36:39.864+0000] {logging_mixin.py:151} INFO - [2026-08-10T00:36:39.864+0000] {dag.py:2941} INFO - Sync 1 DAGs
[2026-08-10T00:36:39.882+0000] {logging_mixin.py:151} INFO - [2026-08-10T00:36:39.882+0000] {dag.py:3722} INFO - Setting next_dagrun for pipeline_ingestion_suivi to 2026-08-10T00:00:00+00:00, run_after=2026-08-10T01:00:00+00:00
[2026-08-10T00:36:39.907+0000] {processor.py:179} INFO - Processing /opt/airflow/dags/dag_suivi.py took 0.089 seconds
[2026-08-10T00:37:10.056+0000] {processor.py:157} INFO - Started process (PID=456) to work on /opt/airflow/dags/dag_suivi.py
[2026-08-10T00:37:10.057+0000] {processor.py:829} INFO - Processing file /opt/airflow/dags/dag_suivi.py for tasks to queue
[2026-08-10T00:37:10.058+0000] {logging_mixin.py:151} INFO - [2026-08-10T00:37:10.058+0000] {dagbag.py:536} INFO - Filling up the DagBag from /opt/airflow/dags/dag_suivi.py
[2026-08-10T00:37:10.074+0000] {processor.py:839} INFO - DAG(s) dict_keys(['pipeline_ingestion_suivi']) retrieved from /opt/airflow/dags/dag_suivi.py
[2026-08-10T00:37:10.098+0000] {logging_mixin.py:151} INFO - [2026-08-10T00:37:10.098+0000] {dag.py:2941} INFO - Sync 1 DAGs
[2026-08-10T00:37:10.116+0000] {logging_mixin.py:151} INFO - [2026-08-10T00:37:10.116+0000] {dag.py:3722} INFO - Setting next_dagrun for pipeline_ingestion_suivi to 2026-08-10T00:00:00+00:00, run_after=2026-08-10T01:00:00+00:00
[2026-08-10T00:37:10.142+0000] {processor.py:179} INFO - Processing /opt/airflow/dags/dag_suivi.py took 0.088 seconds
[2026-08-10T00:37:41.920+0000] {processor.py:157} INFO - Started process (PID=461) to work on /opt/airflow/dags/dag_suivi.py
[2026-08-10T00:37:41.936+0000] {processor.py:829} INFO - Processing file /opt/airflow/dags/dag_suivi.py for tasks to queue
[2026-08-10T00:37:41.945+0000] {logging_mixin.py:151} INFO - [2026-08-10T00:37:41.943+0000] {dagbag.py:536} INFO - Filling up the DagBag from /opt/airflow/dags/dag_suivi.py
[2026-08-10T00:37:42.251+0000] {processor.py:839} INFO - DAG(s) dict_keys(['pipeline_ingestion_suivi']) retrieved from /opt/airflow/dags/dag_suivi.py
[2026-08-10T00:37:42.741+0000] {logging_mixin.py:151} INFO - [2026-08-10T00:37:42.739+0000] {dag.py:2941} INFO - Sync 1 DAGs
[2026-08-10T00:37:43.068+0000] {logging_mixin.py:151} INFO - [2026-08-10T00:37:43.066+0000] {dag.py:3722} INFO - Setting next_dagrun for pipeline_ingestion_suivi to 2026-08-10T00:00:00+00:00, run_after=2026-08-10T01:00:00+00:00
[2026-08-10T00:37:43.240+0000] {processor.py:179} INFO - Processing /opt/airflow/dags/dag_suivi.py took 1.367 seconds
[2026-08-10T01:24:12.695+0000] {processor.py:157} INFO - Started process (PID=469) to work on /opt/airflow/dags/dag_suivi.py
[2026-08-10T01:24:12.708+0000] {processor.py:829} INFO - Processing file /opt/airflow/dags/dag_suivi.py for tasks to queue
[2026-08-10T01:24:12.725+0000] {logging_mixin.py:151} INFO - [2026-08-10T01:24:12.724+0000] {dagbag.py:536} INFO - Filling up the DagBag from /opt/airflow/dags/dag_suivi.py
[2026-08-10T01:24:13.010+0000] {processor.py:839} INFO - DAG(s) dict_keys(['pipeline_ingestion_suivi']) retrieved from /opt/airflow/dags/dag_suivi.py
[2026-08-10T01:24:13.275+0000] {logging_mixin.py:151} INFO - [2026-08-10T01:24:13.274+0000] {dag.py:2941} INFO - Sync 1 DAGs
[2026-08-10T01:24:13.471+0000] {logging_mixin.py:151} INFO - [2026-08-10T01:24:13.470+0000] {dag.py:3722} INFO - Setting next_dagrun for pipeline_ingestion_suivi to 2026-08-10T01:00:00+00:00, run_after=2026-08-10T02:00:00+00:00
[2026-08-10T01:24:13.595+0000] {processor.py:179} INFO - Processing /opt/airflow/dags/dag_suivi.py took 0.919 seconds
[2026-08-10T11:33:00.227+0000] {processor.py:157} INFO - Started process (PID=479) to work on /opt/airflow/dags/dag_suivi.py
[2026-08-10T11:33:00.279+0000] {processor.py:829} INFO - Processing file /opt/airflow/dags/dag_suivi.py for tasks to queue
[2026-08-10T11:33:00.379+0000] {logging_mixin.py:151} INFO - [2026-08-10T11:33:00.378+0000] {dagbag.py:536} INFO - Filling up the DagBag from /opt/airflow/dags/dag_suivi.py
[2026-08-10T11:33:02.130+0000] {processor.py:839} INFO - DAG(s) dict_keys(['pipeline_ingestion_suivi']) retrieved from /opt/airflow/dags/dag_suivi.py
[2026-08-10T11:33:02.321+0000] {logging_mixin.py:151} INFO - [2026-08-10T11:33:02.321+0000] {dag.py:2941} INFO - Sync 1 DAGs
[2026-08-10T11:33:02.590+0000] {logging_mixin.py:151} INFO - [2026-08-10T11:33:02.580+0000] {dag.py:3722} INFO - Setting next_dagrun for pipeline_ingestion_suivi to 2026-08-10T11:00:00+00:00, run_after=2026-08-10T12:00:00+00:00
[2026-08-10T11:33:03.430+0000] {processor.py:179} INFO - Processing /opt/airflow/dags/dag_suivi.py took 3.242 seconds
[2026-08-10T11:33:08.479+0000] {processor.py:157} INFO - Started process (PID=486) to work on /opt/airflow/dags/dag_suivi.py
[2026-08-10T11:33:08.518+0000] {processor.py:829} INFO - Processing file /opt/airflow/dags/dag_suivi.py for tasks to queue
[2026-08-10T11:33:08.559+0000] {logging_mixin.py:151} INFO - [2026-08-10T11:33:08.559+0000] {dagbag.py:536} INFO - Filling up the DagBag from /opt/airflow/dags/dag_suivi.py
[2026-08-10T11:33:09.397+0000] {processor.py:839} INFO - DAG(s) dict_keys(['pipeline_ingestion_suivi']) retrieved from /opt/airflow/dags/dag_suivi.py
[2026-08-10T11:33:09.564+0000] {logging_mixin.py:151} INFO - [2026-08-10T11:33:09.564+0000] {taskinstance.py:1939} ERROR - {'DAG Id': 'pipeline_ingestion_suivi', 'Task Id': 'execution_pipeline_etl', 'Run Id': 'scheduled__2026-08-10T00:00:00+00:00', 'Hostname': '44846ccbf539'}
[2026-08-10T11:33:09.705+0000] {logging_mixin.py:151} INFO - [2026-08-10T11:33:09.704+0000] {taskinstance.py:1400} INFO - Marking task as FAILED. dag_id=pipeline_ingestion_suivi, task_id=execution_pipeline_etl, execution_date=20260810T000000, start_date=20260810T012413, end_date=20260810T113309
[2026-08-10T11:33:09.743+0000] {processor.py:790} INFO - Executed failure callback for <TaskInstance: pipeline_ingestion_suivi.execution_pipeline_etl scheduled__2026-08-10T00:00:00+00:00 [failed]> in state failed
[2026-08-10T11:33:09.767+0000] {logging_mixin.py:151} INFO - [2026-08-10T11:33:09.767+0000] {taskinstance.py:1939} ERROR - {'DAG Id': 'pipeline_ingestion_suivi', 'Task Id': 'execution_pipeline_etl', 'Run Id': 'scheduled__2026-08-10T00:00:00+00:00', 'Hostname': '44846ccbf539'}
[2026-08-10T11:33:09.860+0000] {logging_mixin.py:151} INFO - [2026-08-10T11:33:09.859+0000] {taskinstance.py:1400} INFO - Marking task as FAILED. dag_id=pipeline_ingestion_suivi, task_id=execution_pipeline_etl, execution_date=20260810T000000, start_date=20260810T012413, end_date=20260810T113309
[2026-08-10T11:33:09.895+0000] {processor.py:790} INFO - Executed failure callback for <TaskInstance: pipeline_ingestion_suivi.execution_pipeline_etl scheduled__2026-08-10T00:00:00+00:00 [failed]> in state failed
[2026-08-10T11:33:10.080+0000] {logging_mixin.py:151} INFO - [2026-08-10T11:33:10.079+0000] {dag.py:2941} INFO - Sync 1 DAGs
[2026-08-10T11:33:10.210+0000] {logging_mixin.py:151} INFO - [2026-08-10T11:33:10.209+0000] {dag.py:3722} INFO - Setting next_dagrun for pipeline_ingestion_suivi to 2026-08-10T11:00:00+00:00, run_after=2026-08-10T12:00:00+00:00
[2026-08-10T11:33:10.330+0000] {processor.py:179} INFO - Processing /opt/airflow/dags/dag_suivi.py took 1.872 seconds
[2026-08-10T11:33:40.629+0000] {processor.py:157} INFO - Started process (PID=491) to work on /opt/airflow/dags/dag_suivi.py
[2026-08-10T11:33:40.633+0000] {processor.py:829} INFO - Processing file /opt/airflow/dags/dag_suivi.py for tasks to queue
[2026-08-10T11:33:40.637+0000] {logging_mixin.py:151} INFO - [2026-08-10T11:33:40.636+0000] {dagbag.py:536} INFO - Filling up the DagBag from /opt/airflow/dags/dag_suivi.py
[2026-08-10T11:33:40.709+0000] {processor.py:839} INFO - DAG(s) dict_keys(['pipeline_ingestion_suivi']) retrieved from /opt/airflow/dags/dag_suivi.py
[2026-08-10T11:33:40.809+0000] {logging_mixin.py:151} INFO - [2026-08-10T11:33:40.809+0000] {dag.py:2941} INFO - Sync 1 DAGs
[2026-08-10T11:33:40.888+0000] {logging_mixin.py:151} INFO - [2026-08-10T11:33:40.887+0000] {dag.py:3722} INFO - Setting next_dagrun for pipeline_ingestion_suivi to 2026-08-10T11:00:00+00:00, run_after=2026-08-10T12:00:00+00:00
[2026-08-10T11:33:40.950+0000] {processor.py:179} INFO - Processing /opt/airflow/dags/dag_suivi.py took 0.345 seconds
[2026-08-10T11:34:11.281+0000] {processor.py:157} INFO - Started process (PID=496) to work on /opt/airflow/dags/dag_suivi.py
[2026-08-10T11:34:11.282+0000] {processor.py:829} INFO - Processing file /opt/airflow/dags/dag_suivi.py for tasks to queue
[2026-08-10T11:34:11.283+0000] {logging_mixin.py:151} INFO - [2026-08-10T11:34:11.283+0000] {dagbag.py:536} INFO - Filling up the DagBag from /opt/airflow/dags/dag_suivi.py
[2026-08-10T11:34:11.320+0000] {processor.py:839} INFO - DAG(s) dict_keys(['pipeline_ingestion_suivi']) retrieved from /opt/airflow/dags/dag_suivi.py
[2026-08-10T11:34:11.361+0000] {logging_mixin.py:151} INFO - [2026-08-10T11:34:11.361+0000] {dag.py:2941} INFO - Sync 1 DAGs
[2026-08-10T11:34:11.404+0000] {logging_mixin.py:151} INFO - [2026-08-10T11:34:11.404+0000] {dag.py:3722} INFO - Setting next_dagrun for pipeline_ingestion_suivi to 2026-08-10T11:00:00+00:00, run_after=2026-08-10T12:00:00+00:00
[2026-08-10T11:34:11.444+0000] {processor.py:179} INFO - Processing /opt/airflow/dags/dag_suivi.py took 0.168 seconds
[2026-08-10T11:34:41.524+0000] {processor.py:157} INFO - Started process (PID=501) to work on /opt/airflow/dags/dag_suivi.py
[2026-08-10T11:34:41.526+0000] {processor.py:829} INFO - Processing file /opt/airflow/dags/dag_suivi.py for tasks to queue
[2026-08-10T11:34:41.528+0000] {logging_mixin.py:151} INFO - [2026-08-10T11:34:41.527+0000] {dagbag.py:536} INFO - Filling up the DagBag from /opt/airflow/dags/dag_suivi.py
[2026-08-10T11:34:41.568+0000] {processor.py:839} INFO - DAG(s) dict_keys(['pipeline_ingestion_suivi']) retrieved from /opt/airflow/dags/dag_suivi.py
[2026-08-10T11:34:41.611+0000] {logging_mixin.py:151} INFO - [2026-08-10T11:34:41.610+0000] {dag.py:2941} INFO - Sync 1 DAGs
[2026-08-10T11:34:41.644+0000] {logging_mixin.py:151} INFO - [2026-08-10T11:34:41.644+0000] {dag.py:3722} INFO - Setting next_dagrun for pipeline_ingestion_suivi to 2026-08-10T11:00:00+00:00, run_after=2026-08-10T12:00:00+00:00
[2026-08-10T11:34:41.675+0000] {processor.py:179} INFO - Processing /opt/airflow/dags/dag_suivi.py took 0.156 seconds
[2026-08-10T11:35:11.964+0000] {processor.py:157} INFO - Started process (PID=508) to work on /opt/airflow/dags/dag_suivi.py
[2026-08-10T11:35:11.966+0000] {processor.py:829} INFO - Processing file /opt/airflow/dags/dag_suivi.py for tasks to queue
[2026-08-10T11:35:11.968+0000] {logging_mixin.py:151} INFO - [2026-08-10T11:35:11.967+0000] {dagbag.py:536} INFO - Filling up the DagBag from /opt/airflow/dags/dag_suivi.py
[2026-08-10T11:35:12.047+0000] {processor.py:839} INFO - DAG(s) dict_keys(['pipeline_ingestion_suivi']) retrieved from /opt/airflow/dags/dag_suivi.py
[2026-08-10T11:35:12.159+0000] {logging_mixin.py:151} INFO - [2026-08-10T11:35:12.159+0000] {dag.py:2941} INFO - Sync 1 DAGs
[2026-08-10T11:35:12.226+0000] {logging_mixin.py:151} INFO - [2026-08-10T11:35:12.225+0000] {dag.py:3722} INFO - Setting next_dagrun for pipeline_ingestion_suivi to 2026-08-10T11:00:00+00:00, run_after=2026-08-10T12:00:00+00:00
[2026-08-10T11:35:12.280+0000] {processor.py:179} INFO - Processing /opt/airflow/dags/dag_suivi.py took 0.326 seconds
[2026-08-10T11:35:42.596+0000] {processor.py:157} INFO - Started process (PID=513) to work on /opt/airflow/dags/dag_suivi.py
[2026-08-10T11:35:42.598+0000] {processor.py:829} INFO - Processing file /opt/airflow/dags/dag_suivi.py for tasks to queue
[2026-08-10T11:35:42.600+0000] {logging_mixin.py:151} INFO - [2026-08-10T11:35:42.600+0000] {dagbag.py:536} INFO - Filling up the DagBag from /opt/airflow/dags/dag_suivi.py
[2026-08-10T11:35:42.648+0000] {processor.py:839} INFO - DAG(s) dict_keys(['pipeline_ingestion_suivi']) retrieved from /opt/airflow/dags/dag_suivi.py
[2026-08-10T11:35:42.700+0000] {logging_mixin.py:151} INFO - [2026-08-10T11:35:42.700+0000] {dag.py:2941} INFO - Sync 1 DAGs
[2026-08-10T11:35:42.738+0000] {logging_mixin.py:151} INFO - [2026-08-10T11:35:42.738+0000] {dag.py:3722} INFO - Setting next_dagrun for pipeline_ingestion_suivi to 2026-08-10T11:00:00+00:00, run_after=2026-08-10T12:00:00+00:00
[2026-08-10T11:35:42.789+0000] {processor.py:179} INFO - Processing /opt/airflow/dags/dag_suivi.py took 0.198 seconds
[2026-08-10T11:36:12.867+0000] {processor.py:157} INFO - Started process (PID=518) to work on /opt/airflow/dags/dag_suivi.py
[2026-08-10T11:36:12.868+0000] {processor.py:829} INFO - Processing file /opt/airflow/dags/dag_suivi.py for tasks to queue
[2026-08-10T11:36:12.870+0000] {logging_mixin.py:151} INFO - [2026-08-10T11:36:12.869+0000] {dagbag.py:536} INFO - Filling up the DagBag from /opt/airflow/dags/dag_suivi.py
[2026-08-10T11:36:12.899+0000] {processor.py:839} INFO - DAG(s) dict_keys(['pipeline_ingestion_suivi']) retrieved from /opt/airflow/dags/dag_suivi.py
[2026-08-10T11:36:12.936+0000] {logging_mixin.py:151} INFO - [2026-08-10T11:36:12.936+0000] {dag.py:2941} INFO - Sync 1 DAGs
[2026-08-10T11:36:12.963+0000] {logging_mixin.py:151} INFO - [2026-08-10T11:36:12.963+0000] {dag.py:3722} INFO - Setting next_dagrun for pipeline_ingestion_suivi to 2026-08-10T11:00:00+00:00, run_after=2026-08-10T12:00:00+00:00
[2026-08-10T11:36:12.996+0000] {processor.py:179} INFO - Processing /opt/airflow/dags/dag_suivi.py took 0.132 seconds
[2026-08-10T11:36:43.101+0000] {processor.py:157} INFO - Started process (PID=523) to work on /opt/airflow/dags/dag_suivi.py
[2026-08-10T11:36:43.102+0000] {processor.py:829} INFO - Processing file /opt/airflow/dags/dag_suivi.py for tasks to queue
[2026-08-10T11:36:43.103+0000] {logging_mixin.py:151} INFO - [2026-08-10T11:36:43.103+0000] {dagbag.py:536} INFO - Filling up the DagBag from /opt/airflow/dags/dag_suivi.py
[2026-08-10T11:36:43.131+0000] {processor.py:839} INFO - DAG(s) dict_keys(['pipeline_ingestion_suivi']) retrieved from /opt/airflow/dags/dag_suivi.py
[2026-08-10T11:36:43.169+0000] {logging_mixin.py:151} INFO - [2026-08-10T11:36:43.169+0000] {dag.py:2941} INFO - Sync 1 DAGs
[2026-08-10T11:36:43.205+0000] {logging_mixin.py:151} INFO - [2026-08-10T11:36:43.204+0000] {dag.py:3722} INFO - Setting next_dagrun for pipeline_ingestion_suivi to 2026-08-10T11:00:00+00:00, run_after=2026-08-10T12:00:00+00:00
[2026-08-10T11:36:43.250+0000] {processor.py:179} INFO - Processing /opt/airflow/dags/dag_suivi.py took 0.153 seconds
[2026-08-10T11:37:13.498+0000] {processor.py:157} INFO - Started process (PID=528) to work on /opt/airflow/dags/dag_suivi.py
[2026-08-10T11:37:13.500+0000] {processor.py:829} INFO - Processing file /opt/airflow/dags/dag_suivi.py for tasks to queue
[2026-08-10T11:37:13.502+0000] {logging_mixin.py:151} INFO - [2026-08-10T11:37:13.501+0000] {dagbag.py:536} INFO - Filling up the DagBag from /opt/airflow/dags/dag_suivi.py
[2026-08-10T11:37:13.545+0000] {processor.py:839} INFO - DAG(s) dict_keys(['pipeline_ingestion_suivi']) retrieved from /opt/airflow/dags/dag_suivi.py
[2026-08-10T11:37:13.595+0000] {logging_mixin.py:151} INFO - [2026-08-10T11:37:13.595+0000] {dag.py:2941} INFO - Sync 1 DAGs
[2026-08-10T11:37:13.631+0000] {logging_mixin.py:151} INFO - [2026-08-10T11:37:13.631+0000] {dag.py:3722} INFO - Setting next_dagrun for pipeline_ingestion_suivi to 2026-08-10T11:00:00+00:00, run_after=2026-08-10T12:00:00+00:00
[2026-08-10T11:37:13.671+0000] {processor.py:179} INFO - Processing /opt/airflow/dags/dag_suivi.py took 0.181 seconds
[2026-08-10T11:37:43.735+0000] {processor.py:157} INFO - Started process (PID=533) to work on /opt/airflow/dags/dag_suivi.py
[2026-08-10T11:37:43.737+0000] {processor.py:829} INFO - Processing file /opt/airflow/dags/dag_suivi.py for tasks to queue
[2026-08-10T11:37:43.738+0000] {logging_mixin.py:151} INFO - [2026-08-10T11:37:43.738+0000] {dagbag.py:536} INFO - Filling up the DagBag from /opt/airflow/dags/dag_suivi.py
[2026-08-10T11:37:43.779+0000] {processor.py:839} INFO - DAG(s) dict_keys(['pipeline_ingestion_suivi']) retrieved from /opt/airflow/dags/dag_suivi.py
[2026-08-10T11:37:43.814+0000] {logging_mixin.py:151} INFO - [2026-08-10T11:37:43.814+0000] {dag.py:2941} INFO - Sync 1 DAGs
[2026-08-10T11:37:43.840+0000] {logging_mixin.py:151} INFO - [2026-08-10T11:37:43.840+0000] {dag.py:3722} INFO - Setting next_dagrun for pipeline_ingestion_suivi to 2026-08-10T11:00:00+00:00, run_after=2026-08-10T12:00:00+00:00
[2026-08-10T11:37:43.875+0000] {processor.py:179} INFO - Processing /opt/airflow/dags/dag_suivi.py took 0.145 seconds
[2026-08-10T11:38:14.277+0000] {processor.py:157} INFO - Started process (PID=538) to work on /opt/airflow/dags/dag_suivi.py
[2026-08-10T11:38:14.279+0000] {processor.py:829} INFO - Processing file /opt/airflow/dags/dag_suivi.py for tasks to queue
[2026-08-10T11:38:14.281+0000] {logging_mixin.py:151} INFO - [2026-08-10T11:38:14.280+0000] {dagbag.py:536} INFO - Filling up the DagBag from /opt/airflow/dags/dag_suivi.py
[2026-08-10T11:38:14.309+0000] {processor.py:839} INFO - DAG(s) dict_keys(['pipeline_ingestion_suivi']) retrieved from /opt/airflow/dags/dag_suivi.py
[2026-08-10T11:38:14.342+0000] {logging_mixin.py:151} INFO - [2026-08-10T11:38:14.342+0000] {dag.py:2941} INFO - Sync 1 DAGs
[2026-08-10T11:38:14.375+0000] {logging_mixin.py:151} INFO - [2026-08-10T11:38:14.375+0000] {dag.py:3722} INFO - Setting next_dagrun for pipeline_ingestion_suivi to 2026-08-10T11:00:00+00:00, run_after=2026-08-10T12:00:00+00:00
[2026-08-10T11:38:14.404+0000] {processor.py:179} INFO - Processing /opt/airflow/dags/dag_suivi.py took 0.130 seconds
[2026-08-10T11:38:44.523+0000] {processor.py:157} INFO - Started process (PID=543) to work on /opt/airflow/dags/dag_suivi.py
[2026-08-10T11:38:44.524+0000] {processor.py:829} INFO - Processing file /opt/airflow/dags/dag_suivi.py for tasks to queue
[2026-08-10T11:38:44.526+0000] {logging_mixin.py:151} INFO - [2026-08-10T11:38:44.525+0000] {dagbag.py:536} INFO - Filling up the DagBag from /opt/airflow/dags/dag_suivi.py
[2026-08-10T11:38:44.558+0000] {processor.py:839} INFO - DAG(s) dict_keys(['pipeline_ingestion_suivi']) retrieved from /opt/airflow/dags/dag_suivi.py
[2026-08-10T11:38:44.599+0000] {logging_mixin.py:151} INFO - [2026-08-10T11:38:44.599+0000] {dag.py:2941} INFO - Sync 1 DAGs
[2026-08-10T11:38:44.629+0000] {logging_mixin.py:151} INFO - [2026-08-10T11:38:44.629+0000] {dag.py:3722} INFO - Setting next_dagrun for pipeline_ingestion_suivi to 2026-08-10T11:00:00+00:00, run_after=2026-08-10T12:00:00+00:00
[2026-08-10T11:38:44.665+0000] {processor.py:179} INFO - Processing /opt/airflow/dags/dag_suivi.py took 0.147 seconds
[2026-08-10T11:39:14.887+0000] {processor.py:157} INFO - Started process (PID=548) to work on /opt/airflow/dags/dag_suivi.py
[2026-08-10T11:39:14.889+0000] {processor.py:829} INFO - Processing file /opt/airflow/dags/dag_suivi.py for tasks to queue
[2026-08-10T11:39:14.891+0000] {logging_mixin.py:151} INFO - [2026-08-10T11:39:14.890+0000] {dagbag.py:536} INFO - Filling up the DagBag from /opt/airflow/dags/dag_suivi.py
[2026-08-10T11:39:14.931+0000] {processor.py:839} INFO - DAG(s) dict_keys(['pipeline_ingestion_suivi']) retrieved from /opt/airflow/dags/dag_suivi.py
[2026-08-10T11:39:14.964+0000] {logging_mixin.py:151} INFO - [2026-08-10T11:39:14.964+0000] {dag.py:2941} INFO - Sync 1 DAGs
[2026-08-10T11:39:14.989+0000] {logging_mixin.py:151} INFO - [2026-08-10T11:39:14.988+0000] {dag.py:3722} INFO - Setting next_dagrun for pipeline_ingestion_suivi to 2026-08-10T11:00:00+00:00, run_after=2026-08-10T12:00:00+00:00
[2026-08-10T11:39:15.025+0000] {processor.py:179} INFO - Processing /opt/airflow/dags/dag_suivi.py took 0.141 seconds
[2026-08-10T11:39:45.164+0000] {processor.py:157} INFO - Started process (PID=553) to work on /opt/airflow/dags/dag_suivi.py
[2026-08-10T11:39:45.165+0000] {processor.py:829} INFO - Processing file /opt/airflow/dags/dag_suivi.py for tasks to queue
[2026-08-10T11:39:45.167+0000] {logging_mixin.py:151} INFO - [2026-08-10T11:39:45.166+0000] {dagbag.py:536} INFO - Filling up the DagBag from /opt/airflow/dags/dag_suivi.py
[2026-08-10T11:39:45.201+0000] {processor.py:839} INFO - DAG(s) dict_keys(['pipeline_ingestion_suivi']) retrieved from /opt/airflow/dags/dag_suivi.py
[2026-08-10T11:39:45.231+0000] {logging_mixin.py:151} INFO - [2026-08-10T11:39:45.231+0000] {dag.py:2941} INFO - Sync 1 DAGs
[2026-08-10T11:39:45.267+0000] {logging_mixin.py:151} INFO - [2026-08-10T11:39:45.267+0000] {dag.py:3722} INFO - Setting next_dagrun for pipeline_ingestion_suivi to 2026-08-10T11:00:00+00:00, run_after=2026-08-10T12:00:00+00:00
[2026-08-10T11:39:45.307+0000] {processor.py:179} INFO - Processing /opt/airflow/dags/dag_suivi.py took 0.147 seconds
[2026-08-10T11:40:15.529+0000] {processor.py:157} INFO - Started process (PID=558) to work on /opt/airflow/dags/dag_suivi.py
[2026-08-10T11:40:15.530+0000] {processor.py:829} INFO - Processing file /opt/airflow/dags/dag_suivi.py for tasks to queue
[2026-08-10T11:40:15.531+0000] {logging_mixin.py:151} INFO - [2026-08-10T11:40:15.531+0000] {dagbag.py:536} INFO - Filling up the DagBag from /opt/airflow/dags/dag_suivi.py
[2026-08-10T11:40:15.565+0000] {processor.py:839} INFO - DAG(s) dict_keys(['pipeline_ingestion_suivi']) retrieved from /opt/airflow/dags/dag_suivi.py
[2026-08-10T11:40:15.608+0000] {logging_mixin.py:151} INFO - [2026-08-10T11:40:15.607+0000] {dag.py:2941} INFO - Sync 1 DAGs
[2026-08-10T11:40:15.643+0000] {logging_mixin.py:151} INFO - [2026-08-10T11:40:15.642+0000] {dag.py:3722} INFO - Setting next_dagrun for pipeline_ingestion_suivi to 2026-08-10T11:00:00+00:00, run_after=2026-08-10T12:00:00+00:00
[2026-08-10T11:40:15.685+0000] {processor.py:179} INFO - Processing /opt/airflow/dags/dag_suivi.py took 0.160 seconds
[2026-08-10T11:40:45.785+0000] {processor.py:157} INFO - Started process (PID=563) to work on /opt/airflow/dags/dag_suivi.py
[2026-08-10T11:40:45.786+0000] {processor.py:829} INFO - Processing file /opt/airflow/dags/dag_suivi.py for tasks to queue
[2026-08-10T11:40:45.787+0000] {logging_mixin.py:151} INFO - [2026-08-10T11:40:45.787+0000] {dagbag.py:536} INFO - Filling up the DagBag from /opt/airflow/dags/dag_suivi.py
[2026-08-10T11:40:45.812+0000] {processor.py:839} INFO - DAG(s) dict_keys(['pipeline_ingestion_suivi']) retrieved from /opt/airflow/dags/dag_suivi.py
[2026-08-10T11:40:45.857+0000] {logging_mixin.py:151} INFO - [2026-08-10T11:40:45.857+0000] {dag.py:2941} INFO - Sync 1 DAGs
[2026-08-10T11:40:45.884+0000] {logging_mixin.py:151} INFO - [2026-08-10T11:40:45.884+0000] {dag.py:3722} INFO - Setting next_dagrun for pipeline_ingestion_suivi to 2026-08-10T11:00:00+00:00, run_after=2026-08-10T12:00:00+00:00
[2026-08-10T11:40:45.911+0000] {processor.py:179} INFO - Processing /opt/airflow/dags/dag_suivi.py took 0.130 seconds
[2026-08-10T11:41:16.183+0000] {processor.py:157} INFO - Started process (PID=568) to work on /opt/airflow/dags/dag_suivi.py
[2026-08-10T11:41:16.184+0000] {processor.py:829} INFO - Processing file /opt/airflow/dags/dag_suivi.py for tasks to queue
[2026-08-10T11:41:16.186+0000] {logging_mixin.py:151} INFO - [2026-08-10T11:41:16.185+0000] {dagbag.py:536} INFO - Filling up the DagBag from /opt/airflow/dags/dag_suivi.py
[2026-08-10T11:41:16.223+0000] {processor.py:839} INFO - DAG(s) dict_keys(['pipeline_ingestion_suivi']) retrieved from /opt/airflow/dags/dag_suivi.py
[2026-08-10T11:41:16.255+0000] {logging_mixin.py:151} INFO - [2026-08-10T11:41:16.255+0000] {dag.py:2941} INFO - Sync 1 DAGs
[2026-08-10T11:41:16.280+0000] {logging_mixin.py:151} INFO - [2026-08-10T11:41:16.279+0000] {dag.py:3722} INFO - Setting next_dagrun for pipeline_ingestion_suivi to 2026-08-10T11:00:00+00:00, run_after=2026-08-10T12:00:00+00:00
[2026-08-10T11:41:16.313+0000] {processor.py:179} INFO - Processing /opt/airflow/dags/dag_suivi.py took 0.134 seconds
[2026-08-10T11:41:46.420+0000] {processor.py:157} INFO - Started process (PID=573) to work on /opt/airflow/dags/dag_suivi.py
[2026-08-10T11:41:46.422+0000] {processor.py:829} INFO - Processing file /opt/airflow/dags/dag_suivi.py for tasks to queue
[2026-08-10T11:41:46.423+0000] {logging_mixin.py:151} INFO - [2026-08-10T11:41:46.423+0000] {dagbag.py:536} INFO - Filling up the DagBag from /opt/airflow/dags/dag_suivi.py
[2026-08-10T11:41:46.460+0000] {processor.py:839} INFO - DAG(s) dict_keys(['pipeline_ingestion_suivi']) retrieved from /opt/airflow/dags/dag_suivi.py
[2026-08-10T11:41:46.493+0000] {logging_mixin.py:151} INFO - [2026-08-10T11:41:46.493+0000] {dag.py:2941} INFO - Sync 1 DAGs
[2026-08-10T11:41:46.519+0000] {logging_mixin.py:151} INFO - [2026-08-10T11:41:46.518+0000] {dag.py:3722} INFO - Setting next_dagrun for pipeline_ingestion_suivi to 2026-08-10T11:00:00+00:00, run_after=2026-08-10T12:00:00+00:00
[2026-08-10T11:41:46.552+0000] {processor.py:179} INFO - Processing /opt/airflow/dags/dag_suivi.py took 0.138 seconds
[2026-08-10T11:42:16.828+0000] {processor.py:157} INFO - Started process (PID=578) to work on /opt/airflow/dags/dag_suivi.py
[2026-08-10T11:42:16.830+0000] {processor.py:829} INFO - Processing file /opt/airflow/dags/dag_suivi.py for tasks to queue
[2026-08-10T11:42:16.831+0000] {logging_mixin.py:151} INFO - [2026-08-10T11:42:16.831+0000] {dagbag.py:536} INFO - Filling up the DagBag from /opt/airflow/dags/dag_suivi.py
[2026-08-10T11:42:16.872+0000] {processor.py:839} INFO - DAG(s) dict_keys(['pipeline_ingestion_suivi']) retrieved from /opt/airflow/dags/dag_suivi.py
[2026-08-10T11:42:16.919+0000] {logging_mixin.py:151} INFO - [2026-08-10T11:42:16.919+0000] {dag.py:2941} INFO - Sync 1 DAGs
[2026-08-10T11:42:16.948+0000] {logging_mixin.py:151} INFO - [2026-08-10T11:42:16.948+0000] {dag.py:3722} INFO - Setting next_dagrun for pipeline_ingestion_suivi to 2026-08-10T11:00:00+00:00, run_after=2026-08-10T12:00:00+00:00
[2026-08-10T11:42:16.975+0000] {processor.py:179} INFO - Processing /opt/airflow/dags/dag_suivi.py took 0.151 seconds
[2026-08-10T11:42:47.203+0000] {processor.py:157} INFO - Started process (PID=583) to work on /opt/airflow/dags/dag_suivi.py
[2026-08-10T11:42:47.210+0000] {processor.py:829} INFO - Processing file /opt/airflow/dags/dag_suivi.py for tasks to queue
[2026-08-10T11:42:47.218+0000] {logging_mixin.py:151} INFO - [2026-08-10T11:42:47.217+0000] {dagbag.py:536} INFO - Filling up the DagBag from /opt/airflow/dags/dag_suivi.py
[2026-08-10T11:42:47.328+0000] {processor.py:839} INFO - DAG(s) dict_keys(['pipeline_ingestion_suivi']) retrieved from /opt/airflow/dags/dag_suivi.py
[2026-08-10T11:42:47.415+0000] {logging_mixin.py:151} INFO - [2026-08-10T11:42:47.414+0000] {dag.py:2941} INFO - Sync 1 DAGs
[2026-08-10T11:42:47.524+0000] {logging_mixin.py:151} INFO - [2026-08-10T11:42:47.524+0000] {dag.py:3722} INFO - Setting next_dagrun for pipeline_ingestion_suivi to 2026-08-10T11:00:00+00:00, run_after=2026-08-10T12:00:00+00:00
[2026-08-10T11:42:47.617+0000] {processor.py:179} INFO - Processing /opt/airflow/dags/dag_suivi.py took 0.420 seconds
[2026-08-10T11:43:17.930+0000] {processor.py:157} INFO - Started process (PID=588) to work on /opt/airflow/dags/dag_suivi.py
[2026-08-10T11:43:17.931+0000] {processor.py:829} INFO - Processing file /opt/airflow/dags/dag_suivi.py for tasks to queue
[2026-08-10T11:43:17.932+0000] {logging_mixin.py:151} INFO - [2026-08-10T11:43:17.932+0000] {dagbag.py:536} INFO - Filling up the DagBag from /opt/airflow/dags/dag_suivi.py
[2026-08-10T11:43:17.957+0000] {processor.py:839} INFO - DAG(s) dict_keys(['pipeline_ingestion_suivi']) retrieved from /opt/airflow/dags/dag_suivi.py
[2026-08-10T11:43:17.992+0000] {logging_mixin.py:151} INFO - [2026-08-10T11:43:17.992+0000] {dag.py:2941} INFO - Sync 1 DAGs
[2026-08-10T11:43:18.017+0000] {logging_mixin.py:151} INFO - [2026-08-10T11:43:18.017+0000] {dag.py:3722} INFO - Setting next_dagrun for pipeline_ingestion_suivi to 2026-08-10T11:00:00+00:00, run_after=2026-08-10T12:00:00+00:00
[2026-08-10T11:43:18.048+0000] {processor.py:179} INFO - Processing /opt/airflow/dags/dag_suivi.py took 0.123 seconds
[2026-08-10T11:43:48.176+0000] {processor.py:157} INFO - Started process (PID=593) to work on /opt/airflow/dags/dag_suivi.py
[2026-08-10T11:43:48.178+0000] {processor.py:829} INFO - Processing file /opt/airflow/dags/dag_suivi.py for tasks to queue
[2026-08-10T11:43:48.179+0000] {logging_mixin.py:151} INFO - [2026-08-10T11:43:48.179+0000] {dagbag.py:536} INFO - Filling up the DagBag from /opt/airflow/dags/dag_suivi.py
[2026-08-10T11:43:48.217+0000] {processor.py:839} INFO - DAG(s) dict_keys(['pipeline_ingestion_suivi']) retrieved from /opt/airflow/dags/dag_suivi.py
[2026-08-10T11:43:48.254+0000] {logging_mixin.py:151} INFO - [2026-08-10T11:43:48.254+0000] {dag.py:2941} INFO - Sync 1 DAGs
[2026-08-10T11:43:48.283+0000] {logging_mixin.py:151} INFO - [2026-08-10T11:43:48.283+0000] {dag.py:3722} INFO - Setting next_dagrun for pipeline_ingestion_suivi to 2026-08-10T11:00:00+00:00, run_after=2026-08-10T12:00:00+00:00
[2026-08-10T11:43:48.320+0000] {processor.py:179} INFO - Processing /opt/airflow/dags/dag_suivi.py took 0.149 seconds
[2026-08-10T11:44:18.541+0000] {processor.py:157} INFO - Started process (PID=598) to work on /opt/airflow/dags/dag_suivi.py
[2026-08-10T11:44:18.542+0000] {processor.py:829} INFO - Processing file /opt/airflow/dags/dag_suivi.py for tasks to queue
[2026-08-10T11:44:18.543+0000] {logging_mixin.py:151} INFO - [2026-08-10T11:44:18.542+0000] {dagbag.py:536} INFO - Filling up the DagBag from /opt/airflow/dags/dag_suivi.py
[2026-08-10T11:44:18.589+0000] {processor.py:839} INFO - DAG(s) dict_keys(['pipeline_ingestion_suivi']) retrieved from /opt/airflow/dags/dag_suivi.py
[2026-08-10T11:44:18.626+0000] {logging_mixin.py:151} INFO - [2026-08-10T11:44:18.626+0000] {dag.py:2941} INFO - Sync 1 DAGs
[2026-08-10T11:44:18.651+0000] {logging_mixin.py:151} INFO - [2026-08-10T11:44:18.651+0000] {dag.py:3722} INFO - Setting next_dagrun for pipeline_ingestion_suivi to 2026-08-10T11:00:00+00:00, run_after=2026-08-10T12:00:00+00:00
[2026-08-10T11:44:18.677+0000] {processor.py:179} INFO - Processing /opt/airflow/dags/dag_suivi.py took 0.140 seconds
[2026-08-10T11:44:48.810+0000] {processor.py:157} INFO - Started process (PID=603) to work on /opt/airflow/dags/dag_suivi.py
[2026-08-10T11:44:48.812+0000] {processor.py:829} INFO - Processing file /opt/airflow/dags/dag_suivi.py for tasks to queue
[2026-08-10T11:44:48.813+0000] {logging_mixin.py:151} INFO - [2026-08-10T11:44:48.812+0000] {dagbag.py:536} INFO - Filling up the DagBag from /opt/airflow/dags/dag_suivi.py
[2026-08-10T11:44:48.848+0000] {processor.py:839} INFO - DAG(s) dict_keys(['pipeline_ingestion_suivi']) retrieved from /opt/airflow/dags/dag_suivi.py
[2026-08-10T11:44:48.882+0000] {logging_mixin.py:151} INFO - [2026-08-10T11:44:48.882+0000] {dag.py:2941} INFO - Sync 1 DAGs
[2026-08-10T11:44:48.913+0000] {logging_mixin.py:151} INFO - [2026-08-10T11:44:48.913+0000] {dag.py:3722} INFO - Setting next_dagrun for pipeline_ingestion_suivi to 2026-08-10T11:00:00+00:00, run_after=2026-08-10T12:00:00+00:00
[2026-08-10T11:44:48.951+0000] {processor.py:179} INFO - Processing /opt/airflow/dags/dag_suivi.py took 0.144 seconds
[2026-08-10T11:45:19.174+0000] {processor.py:157} INFO - Started process (PID=608) to work on /opt/airflow/dags/dag_suivi.py
[2026-08-10T11:45:19.175+0000] {processor.py:829} INFO - Processing file /opt/airflow/dags/dag_suivi.py for tasks to queue
[2026-08-10T11:45:19.176+0000] {logging_mixin.py:151} INFO - [2026-08-10T11:45:19.176+0000] {dagbag.py:536} INFO - Filling up the DagBag from /opt/airflow/dags/dag_suivi.py
[2026-08-10T11:45:19.219+0000] {processor.py:839} INFO - DAG(s) dict_keys(['pipeline_ingestion_suivi']) retrieved from /opt/airflow/dags/dag_suivi.py
[2026-08-10T11:45:19.263+0000] {logging_mixin.py:151} INFO - [2026-08-10T11:45:19.263+0000] {dag.py:2941} INFO - Sync 1 DAGs
[2026-08-10T11:45:19.295+0000] {logging_mixin.py:151} INFO - [2026-08-10T11:45:19.295+0000] {dag.py:3722} INFO - Setting next_dagrun for pipeline_ingestion_suivi to 2026-08-10T11:00:00+00:00, run_after=2026-08-10T12:00:00+00:00
[2026-08-10T11:45:19.333+0000] {processor.py:179} INFO - Processing /opt/airflow/dags/dag_suivi.py took 0.165 seconds
[2026-08-10T11:45:49.427+0000] {processor.py:157} INFO - Started process (PID=613) to work on /opt/airflow/dags/dag_suivi.py
[2026-08-10T11:45:49.428+0000] {processor.py:829} INFO - Processing file /opt/airflow/dags/dag_suivi.py for tasks to queue
[2026-08-10T11:45:49.429+0000] {logging_mixin.py:151} INFO - [2026-08-10T11:45:49.429+0000] {dagbag.py:536} INFO - Filling up the DagBag from /opt/airflow/dags/dag_suivi.py
[2026-08-10T11:45:49.462+0000] {processor.py:839} INFO - DAG(s) dict_keys(['pipeline_ingestion_suivi']) retrieved from /opt/airflow/dags/dag_suivi.py
[2026-08-10T11:45:49.492+0000] {logging_mixin.py:151} INFO - [2026-08-10T11:45:49.491+0000] {dag.py:2941} INFO - Sync 1 DAGs
[2026-08-10T11:45:49.516+0000] {logging_mixin.py:151} INFO - [2026-08-10T11:45:49.515+0000] {dag.py:3722} INFO - Setting next_dagrun for pipeline_ingestion_suivi to 2026-08-10T11:00:00+00:00, run_after=2026-08-10T12:00:00+00:00
[2026-08-10T11:45:49.549+0000] {processor.py:179} INFO - Processing /opt/airflow/dags/dag_suivi.py took 0.126 seconds
[2026-08-10T11:46:19.805+0000] {processor.py:157} INFO - Started process (PID=618) to work on /opt/airflow/dags/dag_suivi.py
[2026-08-10T11:46:19.806+0000] {processor.py:829} INFO - Processing file /opt/airflow/dags/dag_suivi.py for tasks to queue
[2026-08-10T11:46:19.808+0000] {logging_mixin.py:151} INFO - [2026-08-10T11:46:19.807+0000] {dagbag.py:536} INFO - Filling up the DagBag from /opt/airflow/dags/dag_suivi.py
[2026-08-10T11:46:19.844+0000] {processor.py:839} INFO - DAG(s) dict_keys(['pipeline_ingestion_suivi']) retrieved from /opt/airflow/dags/dag_suivi.py
[2026-08-10T11:46:19.879+0000] {logging_mixin.py:151} INFO - [2026-08-10T11:46:19.879+0000] {dag.py:2941} INFO - Sync 1 DAGs
[2026-08-10T11:46:19.906+0000] {logging_mixin.py:151} INFO - [2026-08-10T11:46:19.905+0000] {dag.py:3722} INFO - Setting next_dagrun for pipeline_ingestion_suivi to 2026-08-10T11:00:00+00:00, run_after=2026-08-10T12:00:00+00:00
[2026-08-10T11:46:19.932+0000] {processor.py:179} INFO - Processing /opt/airflow/dags/dag_suivi.py took 0.131 seconds
[2026-08-10T11:46:50.058+0000] {processor.py:157} INFO - Started process (PID=623) to work on /opt/airflow/dags/dag_suivi.py
[2026-08-10T11:46:50.059+0000] {processor.py:829} INFO - Processing file /opt/airflow/dags/dag_suivi.py for tasks to queue
[2026-08-10T11:46:50.061+0000] {logging_mixin.py:151} INFO - [2026-08-10T11:46:50.061+0000] {dagbag.py:536} INFO - Filling up the DagBag from /opt/airflow/dags/dag_suivi.py
[2026-08-10T11:46:50.092+0000] {processor.py:839} INFO - DAG(s) dict_keys(['pipeline_ingestion_suivi']) retrieved from /opt/airflow/dags/dag_suivi.py
[2026-08-10T11:46:50.136+0000] {logging_mixin.py:151} INFO - [2026-08-10T11:46:50.136+0000] {dag.py:2941} INFO - Sync 1 DAGs
[2026-08-10T11:46:50.165+0000] {logging_mixin.py:151} INFO - [2026-08-10T11:46:50.165+0000] {dag.py:3722} INFO - Setting next_dagrun for pipeline_ingestion_suivi to 2026-08-10T11:00:00+00:00, run_after=2026-08-10T12:00:00+00:00
[2026-08-10T11:46:50.199+0000] {processor.py:179} INFO - Processing /opt/airflow/dags/dag_suivi.py took 0.145 seconds
[2026-08-10T11:47:20.421+0000] {processor.py:157} INFO - Started process (PID=628) to work on /opt/airflow/dags/dag_suivi.py
[2026-08-10T11:47:20.423+0000] {processor.py:829} INFO - Processing file /opt/airflow/dags/dag_suivi.py for tasks to queue
[2026-08-10T11:47:20.424+0000] {logging_mixin.py:151} INFO - [2026-08-10T11:47:20.424+0000] {dagbag.py:536} INFO - Filling up the DagBag from /opt/airflow/dags/dag_suivi.py
[2026-08-10T11:47:20.462+0000] {processor.py:839} INFO - DAG(s) dict_keys(['pipeline_ingestion_suivi']) retrieved from /opt/airflow/dags/dag_suivi.py
[2026-08-10T11:47:20.494+0000] {logging_mixin.py:151} INFO - [2026-08-10T11:47:20.494+0000] {dag.py:2941} INFO - Sync 1 DAGs
[2026-08-10T11:47:20.518+0000] {logging_mixin.py:151} INFO - [2026-08-10T11:47:20.518+0000] {dag.py:3722} INFO - Setting next_dagrun for pipeline_ingestion_suivi to 2026-08-10T11:00:00+00:00, run_after=2026-08-10T12:00:00+00:00
[2026-08-10T11:47:20.546+0000] {processor.py:179} INFO - Processing /opt/airflow/dags/dag_suivi.py took 0.128 seconds
[2026-08-10T11:47:50.675+0000] {processor.py:157} INFO - Started process (PID=633) to work on /opt/airflow/dags/dag_suivi.py
[2026-08-10T11:47:50.676+0000] {processor.py:829} INFO - Processing file /opt/airflow/dags/dag_suivi.py for tasks to queue
[2026-08-10T11:47:50.677+0000] {logging_mixin.py:151} INFO - [2026-08-10T11:47:50.677+0000] {dagbag.py:536} INFO - Filling up the DagBag from /opt/airflow/dags/dag_suivi.py
[2026-08-10T11:47:50.702+0000] {processor.py:839} INFO - DAG(s) dict_keys(['pipeline_ingestion_suivi']) retrieved from /opt/airflow/dags/dag_suivi.py
[2026-08-10T11:47:50.733+0000] {logging_mixin.py:151} INFO - [2026-08-10T11:47:50.733+0000] {dag.py:2941} INFO - Sync 1 DAGs
[2026-08-10T11:47:50.755+0000] {logging_mixin.py:151} INFO - [2026-08-10T11:47:50.755+0000] {dag.py:3722} INFO - Setting next_dagrun for pipeline_ingestion_suivi to 2026-08-10T11:00:00+00:00, run_after=2026-08-10T12:00:00+00:00
[2026-08-10T11:47:50.779+0000] {processor.py:179} INFO - Processing /opt/airflow/dags/dag_suivi.py took 0.108 seconds
[2026-08-10T11:48:21.087+0000] {processor.py:157} INFO - Started process (PID=638) to work on /opt/airflow/dags/dag_suivi.py
[2026-08-10T11:48:21.088+0000] {processor.py:829} INFO - Processing file /opt/airflow/dags/dag_suivi.py for tasks to queue
[2026-08-10T11:48:21.090+0000] {logging_mixin.py:151} INFO - [2026-08-10T11:48:21.090+0000] {dagbag.py:536} INFO - Filling up the DagBag from /opt/airflow/dags/dag_suivi.py
[2026-08-10T11:48:21.132+0000] {processor.py:839} INFO - DAG(s) dict_keys(['pipeline_ingestion_suivi']) retrieved from /opt/airflow/dags/dag_suivi.py
[2026-08-10T11:48:21.167+0000] {logging_mixin.py:151} INFO - [2026-08-10T11:48:21.167+0000] {dag.py:2941} INFO - Sync 1 DAGs
[2026-08-10T11:48:21.192+0000] {logging_mixin.py:151} INFO - [2026-08-10T11:48:21.192+0000] {dag.py:3722} INFO - Setting next_dagrun for pipeline_ingestion_suivi to 2026-08-10T11:00:00+00:00, run_after=2026-08-10T12:00:00+00:00
[2026-08-10T11:48:21.226+0000] {processor.py:179} INFO - Processing /opt/airflow/dags/dag_suivi.py took 0.145 seconds
[2026-08-10T11:48:51.340+0000] {processor.py:157} INFO - Started process (PID=643) to work on /opt/airflow/dags/dag_suivi.py
[2026-08-10T11:48:51.342+0000] {processor.py:829} INFO - Processing file /opt/airflow/dags/dag_suivi.py for tasks to queue
[2026-08-10T11:48:51.343+0000] {logging_mixin.py:151} INFO - [2026-08-10T11:48:51.343+0000] {dagbag.py:536} INFO - Filling up the DagBag from /opt/airflow/dags/dag_suivi.py
[2026-08-10T11:48:51.383+0000] {processor.py:839} INFO - DAG(s) dict_keys(['pipeline_ingestion_suivi']) retrieved from /opt/airflow/dags/dag_suivi.py
[2026-08-10T11:48:51.428+0000] {logging_mixin.py:151} INFO - [2026-08-10T11:48:51.427+0000] {dag.py:2941} INFO - Sync 1 DAGs
[2026-08-10T11:48:51.463+0000] {logging_mixin.py:151} INFO - [2026-08-10T11:48:51.463+0000] {dag.py:3722} INFO - Setting next_dagrun for pipeline_ingestion_suivi to 2026-08-10T11:00:00+00:00, run_after=2026-08-10T12:00:00+00:00
[2026-08-10T11:48:51.502+0000] {processor.py:179} INFO - Processing /opt/airflow/dags/dag_suivi.py took 0.165 seconds
[2026-08-10T11:49:21.753+0000] {processor.py:157} INFO - Started process (PID=648) to work on /opt/airflow/dags/dag_suivi.py
[2026-08-10T11:49:21.755+0000] {processor.py:829} INFO - Processing file /opt/airflow/dags/dag_suivi.py for tasks to queue
[2026-08-10T11:49:21.757+0000] {logging_mixin.py:151} INFO - [2026-08-10T11:49:21.757+0000] {dagbag.py:536} INFO - Filling up the DagBag from /opt/airflow/dags/dag_suivi.py
[2026-08-10T11:49:21.814+0000] {processor.py:839} INFO - DAG(s) dict_keys(['pipeline_ingestion_suivi']) retrieved from /opt/airflow/dags/dag_suivi.py
[2026-08-10T11:49:21.870+0000] {logging_mixin.py:151} INFO - [2026-08-10T11:49:21.870+0000] {dag.py:2941} INFO - Sync 1 DAGs
[2026-08-10T11:49:21.905+0000] {logging_mixin.py:151} INFO - [2026-08-10T11:49:21.904+0000] {dag.py:3722} INFO - Setting next_dagrun for pipeline_ingestion_suivi to 2026-08-10T11:00:00+00:00, run_after=2026-08-10T12:00:00+00:00
[2026-08-10T11:49:21.934+0000] {processor.py:179} INFO - Processing /opt/airflow/dags/dag_suivi.py took 0.189 seconds
[2026-08-10T11:49:51.990+0000] {processor.py:157} INFO - Started process (PID=653) to work on /opt/airflow/dags/dag_suivi.py
[2026-08-10T11:49:51.991+0000] {processor.py:829} INFO - Processing file /opt/airflow/dags/dag_suivi.py for tasks to queue
[2026-08-10T11:49:51.992+0000] {logging_mixin.py:151} INFO - [2026-08-10T11:49:51.992+0000] {dagbag.py:536} INFO - Filling up the DagBag from /opt/airflow/dags/dag_suivi.py
[2026-08-10T11:49:52.022+0000] {processor.py:839} INFO - DAG(s) dict_keys(['pipeline_ingestion_suivi']) retrieved from /opt/airflow/dags/dag_suivi.py
[2026-08-10T11:49:52.055+0000] {logging_mixin.py:151} INFO - [2026-08-10T11:49:52.055+0000] {dag.py:2941} INFO - Sync 1 DAGs
[2026-08-10T11:49:52.080+0000] {logging_mixin.py:151} INFO - [2026-08-10T11:49:52.079+0000] {dag.py:3722} INFO - Setting next_dagrun for pipeline_ingestion_suivi to 2026-08-10T11:00:00+00:00, run_after=2026-08-10T12:00:00+00:00
[2026-08-10T11:49:52.118+0000] {processor.py:179} INFO - Processing /opt/airflow/dags/dag_suivi.py took 0.132 seconds
[2026-08-10T11:50:22.230+0000] {processor.py:157} INFO - Started process (PID=658) to work on /opt/airflow/dags/dag_suivi.py
[2026-08-10T11:50:22.231+0000] {processor.py:829} INFO - Processing file /opt/airflow/dags/dag_suivi.py for tasks to queue
[2026-08-10T11:50:22.232+0000] {logging_mixin.py:151} INFO - [2026-08-10T11:50:22.232+0000] {dagbag.py:536} INFO - Filling up the DagBag from /opt/airflow/dags/dag_suivi.py
[2026-08-10T11:50:22.263+0000] {processor.py:839} INFO - DAG(s) dict_keys(['pipeline_ingestion_suivi']) retrieved from /opt/airflow/dags/dag_suivi.py
[2026-08-10T11:50:22.297+0000] {logging_mixin.py:151} INFO - [2026-08-10T11:50:22.297+0000] {dag.py:2941} INFO - Sync 1 DAGs
[2026-08-10T11:50:22.325+0000] {logging_mixin.py:151} INFO - [2026-08-10T11:50:22.325+0000] {dag.py:3722} INFO - Setting next_dagrun for pipeline_ingestion_suivi to 2026-08-10T11:00:00+00:00, run_after=2026-08-10T12:00:00+00:00
[2026-08-10T11:50:22.364+0000] {processor.py:179} INFO - Processing /opt/airflow/dags/dag_suivi.py took 0.138 seconds
[2026-08-10T11:50:52.605+0000] {processor.py:157} INFO - Started process (PID=663) to work on /opt/airflow/dags/dag_suivi.py
[2026-08-10T11:50:52.607+0000] {processor.py:829} INFO - Processing file /opt/airflow/dags/dag_suivi.py for tasks to queue
[2026-08-10T11:50:52.609+0000] {logging_mixin.py:151} INFO - [2026-08-10T11:50:52.608+0000] {dagbag.py:536} INFO - Filling up the DagBag from /opt/airflow/dags/dag_suivi.py
[2026-08-10T11:50:52.643+0000] {processor.py:839} INFO - DAG(s) dict_keys(['pipeline_ingestion_suivi']) retrieved from /opt/airflow/dags/dag_suivi.py
[2026-08-10T11:50:52.676+0000] {logging_mixin.py:151} INFO - [2026-08-10T11:50:52.676+0000] {dag.py:2941} INFO - Sync 1 DAGs
[2026-08-10T11:50:52.701+0000] {logging_mixin.py:151} INFO - [2026-08-10T11:50:52.701+0000] {dag.py:3722} INFO - Setting next_dagrun for pipeline_ingestion_suivi to 2026-08-10T11:00:00+00:00, run_after=2026-08-10T12:00:00+00:00
[2026-08-10T11:50:52.734+0000] {processor.py:179} INFO - Processing /opt/airflow/dags/dag_suivi.py took 0.132 seconds
[2026-08-10T11:51:22.858+0000] {processor.py:157} INFO - Started process (PID=668) to work on /opt/airflow/dags/dag_suivi.py
[2026-08-10T11:51:22.859+0000] {processor.py:829} INFO - Processing file /opt/airflow/dags/dag_suivi.py for tasks to queue
[2026-08-10T11:51:22.860+0000] {logging_mixin.py:151} INFO - [2026-08-10T11:51:22.860+0000] {dagbag.py:536} INFO - Filling up the DagBag from /opt/airflow/dags/dag_suivi.py
[2026-08-10T11:51:22.885+0000] {processor.py:839} INFO - DAG(s) dict_keys(['pipeline_ingestion_suivi']) retrieved from /opt/airflow/dags/dag_suivi.py
[2026-08-10T11:51:22.925+0000] {logging_mixin.py:151} INFO - [2026-08-10T11:51:22.925+0000] {dag.py:2941} INFO - Sync 1 DAGs
[2026-08-10T11:51:22.953+0000] {logging_mixin.py:151} INFO - [2026-08-10T11:51:22.953+0000] {dag.py:3722} INFO - Setting next_dagrun for pipeline_ingestion_suivi to 2026-08-10T11:00:00+00:00, run_after=2026-08-10T12:00:00+00:00
[2026-08-10T11:51:22.989+0000] {processor.py:179} INFO - Processing /opt/airflow/dags/dag_suivi.py took 0.135 seconds
[2026-08-10T11:51:53.238+0000] {processor.py:157} INFO - Started process (PID=673) to work on /opt/airflow/dags/dag_suivi.py
[2026-08-10T11:51:53.239+0000] {processor.py:829} INFO - Processing file /opt/airflow/dags/dag_suivi.py for tasks to queue
[2026-08-10T11:51:53.241+0000] {logging_mixin.py:151} INFO - [2026-08-10T11:51:53.240+0000] {dagbag.py:536} INFO - Filling up the DagBag from /opt/airflow/dags/dag_suivi.py
[2026-08-10T11:51:53.280+0000] {processor.py:839} INFO - DAG(s) dict_keys(['pipeline_ingestion_suivi']) retrieved from /opt/airflow/dags/dag_suivi.py
[2026-08-10T11:51:53.312+0000] {logging_mixin.py:151} INFO - [2026-08-10T11:51:53.312+0000] {dag.py:2941} INFO - Sync 1 DAGs
[2026-08-10T11:51:53.337+0000] {logging_mixin.py:151} INFO - [2026-08-10T11:51:53.336+0000] {dag.py:3722} INFO - Setting next_dagrun for pipeline_ingestion_suivi to 2026-08-10T11:00:00+00:00, run_after=2026-08-10T12:00:00+00:00
[2026-08-10T11:51:53.374+0000] {processor.py:179} INFO - Processing /opt/airflow/dags/dag_suivi.py took 0.139 seconds
[2026-08-10T11:52:23.507+0000] {processor.py:157} INFO - Started process (PID=678) to work on /opt/airflow/dags/dag_suivi.py
[2026-08-10T11:52:23.508+0000] {processor.py:829} INFO - Processing file /opt/airflow/dags/dag_suivi.py for tasks to queue
[2026-08-10T11:52:23.510+0000] {logging_mixin.py:151} INFO - [2026-08-10T11:52:23.510+0000] {dagbag.py:536} INFO - Filling up the DagBag from /opt/airflow/dags/dag_suivi.py
[2026-08-10T11:52:23.547+0000] {processor.py:839} INFO - DAG(s) dict_keys(['pipeline_ingestion_suivi']) retrieved from /opt/airflow/dags/dag_suivi.py
[2026-08-10T11:52:23.585+0000] {logging_mixin.py:151} INFO - [2026-08-10T11:52:23.585+0000] {dag.py:2941} INFO - Sync 1 DAGs
[2026-08-10T11:52:23.611+0000] {logging_mixin.py:151} INFO - [2026-08-10T11:52:23.610+0000] {dag.py:3722} INFO - Setting next_dagrun for pipeline_ingestion_suivi to 2026-08-10T11:00:00+00:00, run_after=2026-08-10T12:00:00+00:00
[2026-08-10T11:52:23.646+0000] {processor.py:179} INFO - Processing /opt/airflow/dags/dag_suivi.py took 0.145 seconds
[2026-08-10T11:52:53.870+0000] {processor.py:157} INFO - Started process (PID=683) to work on /opt/airflow/dags/dag_suivi.py
[2026-08-10T11:52:53.871+0000] {processor.py:829} INFO - Processing file /opt/airflow/dags/dag_suivi.py for tasks to queue
[2026-08-10T11:52:53.873+0000] {logging_mixin.py:151} INFO - [2026-08-10T11:52:53.872+0000] {dagbag.py:536} INFO - Filling up the DagBag from /opt/airflow/dags/dag_suivi.py
[2026-08-10T11:52:53.908+0000] {processor.py:839} INFO - DAG(s) dict_keys(['pipeline_ingestion_suivi']) retrieved from /opt/airflow/dags/dag_suivi.py
[2026-08-10T11:52:53.940+0000] {logging_mixin.py:151} INFO - [2026-08-10T11:52:53.939+0000] {dag.py:2941} INFO - Sync 1 DAGs
[2026-08-10T11:52:53.971+0000] {logging_mixin.py:151} INFO - [2026-08-10T11:52:53.970+0000] {dag.py:3722} INFO - Setting next_dagrun for pipeline_ingestion_suivi to 2026-08-10T11:00:00+00:00, run_after=2026-08-10T12:00:00+00:00
[2026-08-10T11:52:53.995+0000] {processor.py:179} INFO - Processing /opt/airflow/dags/dag_suivi.py took 0.128 seconds
[2026-08-10T11:53:24.206+0000] {processor.py:157} INFO - Started process (PID=688) to work on /opt/airflow/dags/dag_suivi.py
[2026-08-10T11:53:24.208+0000] {processor.py:829} INFO - Processing file /opt/airflow/dags/dag_suivi.py for tasks to queue
[2026-08-10T11:53:24.210+0000] {logging_mixin.py:151} INFO - [2026-08-10T11:53:24.209+0000] {dagbag.py:536} INFO - Filling up the DagBag from /opt/airflow/dags/dag_suivi.py
[2026-08-10T11:53:24.254+0000] {processor.py:839} INFO - DAG(s) dict_keys(['pipeline_ingestion_suivi']) retrieved from /opt/airflow/dags/dag_suivi.py
[2026-08-10T11:53:24.288+0000] {logging_mixin.py:151} INFO - [2026-08-10T11:53:24.287+0000] {dag.py:2941} INFO - Sync 1 DAGs
[2026-08-10T11:53:24.311+0000] {logging_mixin.py:151} INFO - [2026-08-10T11:53:24.311+0000] {dag.py:3722} INFO - Setting next_dagrun for pipeline_ingestion_suivi to 2026-08-10T11:00:00+00:00, run_after=2026-08-10T12:00:00+00:00
[2026-08-10T11:53:24.346+0000] {processor.py:179} INFO - Processing /opt/airflow/dags/dag_suivi.py took 0.144 seconds
[2026-08-10T11:53:54.480+0000] {processor.py:157} INFO - Started process (PID=693) to work on /opt/airflow/dags/dag_suivi.py
[2026-08-10T11:53:54.481+0000] {processor.py:829} INFO - Processing file /opt/airflow/dags/dag_suivi.py for tasks to queue
[2026-08-10T11:53:54.483+0000] {logging_mixin.py:151} INFO - [2026-08-10T11:53:54.482+0000] {dagbag.py:536} INFO - Filling up the DagBag from /opt/airflow/dags/dag_suivi.py
[2026-08-10T11:53:54.516+0000] {processor.py:839} INFO - DAG(s) dict_keys(['pipeline_ingestion_suivi']) retrieved from /opt/airflow/dags/dag_suivi.py
[2026-08-10T11:53:54.555+0000] {logging_mixin.py:151} INFO - [2026-08-10T11:53:54.554+0000] {dag.py:2941} INFO - Sync 1 DAGs
[2026-08-10T11:53:54.579+0000] {logging_mixin.py:151} INFO - [2026-08-10T11:53:54.579+0000] {dag.py:3722} INFO - Setting next_dagrun for pipeline_ingestion_suivi to 2026-08-10T11:00:00+00:00, run_after=2026-08-10T12:00:00+00:00
[2026-08-10T11:53:54.611+0000] {processor.py:179} INFO - Processing /opt/airflow/dags/dag_suivi.py took 0.135 seconds
[2026-08-10T11:54:24.840+0000] {processor.py:157} INFO - Started process (PID=698) to work on /opt/airflow/dags/dag_suivi.py
[2026-08-10T11:54:24.841+0000] {processor.py:829} INFO - Processing file /opt/airflow/dags/dag_suivi.py for tasks to queue
[2026-08-10T11:54:24.843+0000] {logging_mixin.py:151} INFO - [2026-08-10T11:54:24.842+0000] {dagbag.py:536} INFO - Filling up the DagBag from /opt/airflow/dags/dag_suivi.py
[2026-08-10T11:54:24.880+0000] {processor.py:839} INFO - DAG(s) dict_keys(['pipeline_ingestion_suivi']) retrieved from /opt/airflow/dags/dag_suivi.py
[2026-08-10T11:54:24.914+0000] {logging_mixin.py:151} INFO - [2026-08-10T11:54:24.914+0000] {dag.py:2941} INFO - Sync 1 DAGs
[2026-08-10T11:54:24.938+0000] {logging_mixin.py:151} INFO - [2026-08-10T11:54:24.938+0000] {dag.py:3722} INFO - Setting next_dagrun for pipeline_ingestion_suivi to 2026-08-10T11:00:00+00:00, run_after=2026-08-10T12:00:00+00:00
[2026-08-10T11:54:24.969+0000] {processor.py:179} INFO - Processing /opt/airflow/dags/dag_suivi.py took 0.133 seconds
[2026-08-10T11:54:55.081+0000] {processor.py:157} INFO - Started process (PID=703) to work on /opt/airflow/dags/dag_suivi.py
[2026-08-10T11:54:55.082+0000] {processor.py:829} INFO - Processing file /opt/airflow/dags/dag_suivi.py for tasks to queue
[2026-08-10T11:54:55.084+0000] {logging_mixin.py:151} INFO - [2026-08-10T11:54:55.083+0000] {dagbag.py:536} INFO - Filling up the DagBag from /opt/airflow/dags/dag_suivi.py
[2026-08-10T11:54:55.115+0000] {processor.py:839} INFO - DAG(s) dict_keys(['pipeline_ingestion_suivi']) retrieved from /opt/airflow/dags/dag_suivi.py
[2026-08-10T11:54:55.148+0000] {logging_mixin.py:151} INFO - [2026-08-10T11:54:55.147+0000] {dag.py:2941} INFO - Sync 1 DAGs
[2026-08-10T11:54:55.175+0000] {logging_mixin.py:151} INFO - [2026-08-10T11:54:55.174+0000] {dag.py:3722} INFO - Setting next_dagrun for pipeline_ingestion_suivi to 2026-08-10T11:00:00+00:00, run_after=2026-08-10T12:00:00+00:00
[2026-08-10T11:54:55.212+0000] {processor.py:179} INFO - Processing /opt/airflow/dags/dag_suivi.py took 0.135 seconds
[2026-08-10T11:55:25.439+0000] {processor.py:157} INFO - Started process (PID=708) to work on /opt/airflow/dags/dag_suivi.py
[2026-08-10T11:55:25.440+0000] {processor.py:829} INFO - Processing file /opt/airflow/dags/dag_suivi.py for tasks to queue
[2026-08-10T11:55:25.441+0000] {logging_mixin.py:151} INFO - [2026-08-10T11:55:25.441+0000] {dagbag.py:536} INFO - Filling up the DagBag from /opt/airflow/dags/dag_suivi.py
[2026-08-10T11:55:25.469+0000] {processor.py:839} INFO - DAG(s) dict_keys(['pipeline_ingestion_suivi']) retrieved from /opt/airflow/dags/dag_suivi.py
[2026-08-10T11:55:25.500+0000] {logging_mixin.py:151} INFO - [2026-08-10T11:55:25.500+0000] {dag.py:2941} INFO - Sync 1 DAGs
[2026-08-10T11:55:25.529+0000] {logging_mixin.py:151} INFO - [2026-08-10T11:55:25.529+0000] {dag.py:3722} INFO - Setting next_dagrun for pipeline_ingestion_suivi to 2026-08-10T11:00:00+00:00, run_after=2026-08-10T12:00:00+00:00
[2026-08-10T11:55:25.564+0000] {processor.py:179} INFO - Processing /opt/airflow/dags/dag_suivi.py took 0.128 seconds
[2026-08-10T11:55:55.776+0000] {processor.py:157} INFO - Started process (PID=713) to work on /opt/airflow/dags/dag_suivi.py
[2026-08-10T11:55:55.778+0000] {processor.py:829} INFO - Processing file /opt/airflow/dags/dag_suivi.py for tasks to queue
[2026-08-10T11:55:55.780+0000] {logging_mixin.py:151} INFO - [2026-08-10T11:55:55.779+0000] {dagbag.py:536} INFO - Filling up the DagBag from /opt/airflow/dags/dag_suivi.py
[2026-08-10T11:55:55.829+0000] {processor.py:839} INFO - DAG(s) dict_keys(['pipeline_ingestion_suivi']) retrieved from /opt/airflow/dags/dag_suivi.py
[2026-08-10T11:55:55.869+0000] {logging_mixin.py:151} INFO - [2026-08-10T11:55:55.869+0000] {dag.py:2941} INFO - Sync 1 DAGs
[2026-08-10T11:55:55.898+0000] {logging_mixin.py:151} INFO - [2026-08-10T11:55:55.897+0000] {dag.py:3722} INFO - Setting next_dagrun for pipeline_ingestion_suivi to 2026-08-10T11:00:00+00:00, run_after=2026-08-10T12:00:00+00:00
[2026-08-10T11:55:55.922+0000] {processor.py:179} INFO - Processing /opt/airflow/dags/dag_suivi.py took 0.152 seconds
[2026-08-10T11:56:26.110+0000] {processor.py:157} INFO - Started process (PID=718) to work on /opt/airflow/dags/dag_suivi.py
[2026-08-10T11:56:26.111+0000] {processor.py:829} INFO - Processing file /opt/airflow/dags/dag_suivi.py for tasks to queue
[2026-08-10T11:56:26.113+0000] {logging_mixin.py:151} INFO - [2026-08-10T11:56:26.113+0000] {dagbag.py:536} INFO - Filling up the DagBag from /opt/airflow/dags/dag_suivi.py
[2026-08-10T11:56:26.161+0000] {processor.py:839} INFO - DAG(s) dict_keys(['pipeline_ingestion_suivi']) retrieved from /opt/airflow/dags/dag_suivi.py
[2026-08-10T11:56:26.208+0000] {logging_mixin.py:151} INFO - [2026-08-10T11:56:26.207+0000] {dag.py:2941} INFO - Sync 1 DAGs
[2026-08-10T11:56:26.253+0000] {logging_mixin.py:151} INFO - [2026-08-10T11:56:26.252+0000] {dag.py:3722} INFO - Setting next_dagrun for pipeline_ingestion_suivi to 2026-08-10T11:00:00+00:00, run_after=2026-08-10T12:00:00+00:00
[2026-08-10T11:56:26.292+0000] {processor.py:179} INFO - Processing /opt/airflow/dags/dag_suivi.py took 0.186 seconds
[2026-08-10T11:56:56.505+0000] {processor.py:157} INFO - Started process (PID=723) to work on /opt/airflow/dags/dag_suivi.py
[2026-08-10T11:56:56.506+0000] {processor.py:829} INFO - Processing file /opt/airflow/dags/dag_suivi.py for tasks to queue
[2026-08-10T11:56:56.509+0000] {logging_mixin.py:151} INFO - [2026-08-10T11:56:56.508+0000] {dagbag.py:536} INFO - Filling up the DagBag from /opt/airflow/dags/dag_suivi.py
[2026-08-10T11:56:56.553+0000] {processor.py:839} INFO - DAG(s) dict_keys(['pipeline_ingestion_suivi']) retrieved from /opt/airflow/dags/dag_suivi.py
[2026-08-10T11:56:56.596+0000] {logging_mixin.py:151} INFO - [2026-08-10T11:56:56.595+0000] {dag.py:2941} INFO - Sync 1 DAGs
[2026-08-10T11:56:56.632+0000] {logging_mixin.py:151} INFO - [2026-08-10T11:56:56.632+0000] {dag.py:3722} INFO - Setting next_dagrun for pipeline_ingestion_suivi to 2026-08-10T11:00:00+00:00, run_after=2026-08-10T12:00:00+00:00
[2026-08-10T11:56:56.660+0000] {processor.py:179} INFO - Processing /opt/airflow/dags/dag_suivi.py took 0.160 seconds
[2026-08-10T11:57:26.776+0000] {processor.py:157} INFO - Started process (PID=728) to work on /opt/airflow/dags/dag_suivi.py
[2026-08-10T11:57:26.778+0000] {processor.py:829} INFO - Processing file /opt/airflow/dags/dag_suivi.py for tasks to queue
[2026-08-10T11:57:26.779+0000] {logging_mixin.py:151} INFO - [2026-08-10T11:57:26.779+0000] {dagbag.py:536} INFO - Filling up the DagBag from /opt/airflow/dags/dag_suivi.py
[2026-08-10T11:57:26.807+0000] {processor.py:839} INFO - DAG(s) dict_keys(['pipeline_ingestion_suivi']) retrieved from /opt/airflow/dags/dag_suivi.py
[2026-08-10T11:57:26.843+0000] {logging_mixin.py:151} INFO - [2026-08-10T11:57:26.842+0000] {dag.py:2941} INFO - Sync 1 DAGs
[2026-08-10T11:57:26.870+0000] {logging_mixin.py:151} INFO - [2026-08-10T11:57:26.869+0000] {dag.py:3722} INFO - Setting next_dagrun for pipeline_ingestion_suivi to 2026-08-10T11:00:00+00:00, run_after=2026-08-10T12:00:00+00:00
[2026-08-10T11:57:26.901+0000] {processor.py:179} INFO - Processing /opt/airflow/dags/dag_suivi.py took 0.130 seconds
[2026-08-10T11:57:57.224+0000] {processor.py:157} INFO - Started process (PID=733) to work on /opt/airflow/dags/dag_suivi.py
[2026-08-10T11:57:57.225+0000] {processor.py:829} INFO - Processing file /opt/airflow/dags/dag_suivi.py for tasks to queue
[2026-08-10T11:57:57.226+0000] {logging_mixin.py:151} INFO - [2026-08-10T11:57:57.226+0000] {dagbag.py:536} INFO - Filling up the DagBag from /opt/airflow/dags/dag_suivi.py
[2026-08-10T11:57:57.262+0000] {processor.py:839} INFO - DAG(s) dict_keys(['pipeline_ingestion_suivi']) retrieved from /opt/airflow/dags/dag_suivi.py
[2026-08-10T11:57:57.294+0000] {logging_mixin.py:151} INFO - [2026-08-10T11:57:57.293+0000] {dag.py:2941} INFO - Sync 1 DAGs
[2026-08-10T11:57:57.318+0000] {logging_mixin.py:151} INFO - [2026-08-10T11:57:57.318+0000] {dag.py:3722} INFO - Setting next_dagrun for pipeline_ingestion_suivi to 2026-08-10T11:00:00+00:00, run_after=2026-08-10T12:00:00+00:00
[2026-08-10T11:57:57.351+0000] {processor.py:179} INFO - Processing /opt/airflow/dags/dag_suivi.py took 0.131 seconds
[2026-08-10T11:58:27.475+0000] {processor.py:157} INFO - Started process (PID=738) to work on /opt/airflow/dags/dag_suivi.py
[2026-08-10T11:58:27.477+0000] {processor.py:829} INFO - Processing file /opt/airflow/dags/dag_suivi.py for tasks to queue
[2026-08-10T11:58:27.479+0000] {logging_mixin.py:151} INFO - [2026-08-10T11:58:27.479+0000] {dagbag.py:536} INFO - Filling up the DagBag from /opt/airflow/dags/dag_suivi.py
[2026-08-10T11:58:27.522+0000] {processor.py:839} INFO - DAG(s) dict_keys(['pipeline_ingestion_suivi']) retrieved from /opt/airflow/dags/dag_suivi.py
[2026-08-10T11:58:27.559+0000] {logging_mixin.py:151} INFO - [2026-08-10T11:58:27.559+0000] {dag.py:2941} INFO - Sync 1 DAGs
[2026-08-10T11:58:27.586+0000] {logging_mixin.py:151} INFO - [2026-08-10T11:58:27.586+0000] {dag.py:3722} INFO - Setting next_dagrun for pipeline_ingestion_suivi to 2026-08-10T11:00:00+00:00, run_after=2026-08-10T12:00:00+00:00
[2026-08-10T11:58:27.627+0000] {processor.py:179} INFO - Processing /opt/airflow/dags/dag_suivi.py took 0.156 seconds
[2026-08-10T11:58:57.855+0000] {processor.py:157} INFO - Started process (PID=743) to work on /opt/airflow/dags/dag_suivi.py
[2026-08-10T11:58:57.857+0000] {processor.py:829} INFO - Processing file /opt/airflow/dags/dag_suivi.py for tasks to queue
[2026-08-10T11:58:57.858+0000] {logging_mixin.py:151} INFO - [2026-08-10T11:58:57.858+0000] {dagbag.py:536} INFO - Filling up the DagBag from /opt/airflow/dags/dag_suivi.py
[2026-08-10T11:58:57.886+0000] {processor.py:839} INFO - DAG(s) dict_keys(['pipeline_ingestion_suivi']) retrieved from /opt/airflow/dags/dag_suivi.py
[2026-08-10T11:58:57.924+0000] {logging_mixin.py:151} INFO - [2026-08-10T11:58:57.923+0000] {dag.py:2941} INFO - Sync 1 DAGs
[2026-08-10T11:58:57.959+0000] {logging_mixin.py:151} INFO - [2026-08-10T11:58:57.959+0000] {dag.py:3722} INFO - Setting next_dagrun for pipeline_ingestion_suivi to 2026-08-10T11:00:00+00:00, run_after=2026-08-10T12:00:00+00:00
[2026-08-10T11:58:57.994+0000] {processor.py:179} INFO - Processing /opt/airflow/dags/dag_suivi.py took 0.144 seconds
[2026-08-10T11:59:28.118+0000] {processor.py:157} INFO - Started process (PID=748) to work on /opt/airflow/dags/dag_suivi.py
[2026-08-10T11:59:28.120+0000] {processor.py:829} INFO - Processing file /opt/airflow/dags/dag_suivi.py for tasks to queue
[2026-08-10T11:59:28.121+0000] {logging_mixin.py:151} INFO - [2026-08-10T11:59:28.121+0000] {dagbag.py:536} INFO - Filling up the DagBag from /opt/airflow/dags/dag_suivi.py
[2026-08-10T11:59:28.159+0000] {processor.py:839} INFO - DAG(s) dict_keys(['pipeline_ingestion_suivi']) retrieved from /opt/airflow/dags/dag_suivi.py
[2026-08-10T11:59:28.192+0000] {logging_mixin.py:151} INFO - [2026-08-10T11:59:28.192+0000] {dag.py:2941} INFO - Sync 1 DAGs
[2026-08-10T11:59:28.217+0000] {logging_mixin.py:151} INFO - [2026-08-10T11:59:28.216+0000] {dag.py:3722} INFO - Setting next_dagrun for pipeline_ingestion_suivi to 2026-08-10T11:00:00+00:00, run_after=2026-08-10T12:00:00+00:00
[2026-08-10T11:59:28.250+0000] {processor.py:179} INFO - Processing /opt/airflow/dags/dag_suivi.py took 0.136 seconds
[2026-08-10T11:59:58.507+0000] {processor.py:157} INFO - Started process (PID=753) to work on /opt/airflow/dags/dag_suivi.py
[2026-08-10T11:59:58.508+0000] {processor.py:829} INFO - Processing file /opt/airflow/dags/dag_suivi.py for tasks to queue
[2026-08-10T11:59:58.510+0000] {logging_mixin.py:151} INFO - [2026-08-10T11:59:58.509+0000] {dagbag.py:536} INFO - Filling up the DagBag from /opt/airflow/dags/dag_suivi.py
[2026-08-10T11:59:58.545+0000] {processor.py:839} INFO - DAG(s) dict_keys(['pipeline_ingestion_suivi']) retrieved from /opt/airflow/dags/dag_suivi.py
[2026-08-10T11:59:58.578+0000] {logging_mixin.py:151} INFO - [2026-08-10T11:59:58.578+0000] {dag.py:2941} INFO - Sync 1 DAGs
[2026-08-10T11:59:58.601+0000] {logging_mixin.py:151} INFO - [2026-08-10T11:59:58.601+0000] {dag.py:3722} INFO - Setting next_dagrun for pipeline_ingestion_suivi to 2026-08-10T11:00:00+00:00, run_after=2026-08-10T12:00:00+00:00
[2026-08-10T11:59:58.635+0000] {processor.py:179} INFO - Processing /opt/airflow/dags/dag_suivi.py took 0.133 seconds
[2026-08-10T12:00:28.764+0000] {processor.py:157} INFO - Started process (PID=760) to work on /opt/airflow/dags/dag_suivi.py
[2026-08-10T12:00:28.765+0000] {processor.py:829} INFO - Processing file /opt/airflow/dags/dag_suivi.py for tasks to queue
[2026-08-10T12:00:28.767+0000] {logging_mixin.py:151} INFO - [2026-08-10T12:00:28.767+0000] {dagbag.py:536} INFO - Filling up the DagBag from /opt/airflow/dags/dag_suivi.py
[2026-08-10T12:00:28.814+0000] {processor.py:839} INFO - DAG(s) dict_keys(['pipeline_ingestion_suivi']) retrieved from /opt/airflow/dags/dag_suivi.py
[2026-08-10T12:00:28.857+0000] {logging_mixin.py:151} INFO - [2026-08-10T12:00:28.856+0000] {dag.py:2941} INFO - Sync 1 DAGs
[2026-08-10T12:00:28.892+0000] {logging_mixin.py:151} INFO - [2026-08-10T12:00:28.892+0000] {dag.py:3722} INFO - Setting next_dagrun for pipeline_ingestion_suivi to 2026-08-10T12:00:00+00:00, run_after=2026-08-10T13:00:00+00:00
[2026-08-10T12:00:28.937+0000] {processor.py:179} INFO - Processing /opt/airflow/dags/dag_suivi.py took 0.178 seconds
[2026-08-10T12:00:59.147+0000] {processor.py:157} INFO - Started process (PID=765) to work on /opt/airflow/dags/dag_suivi.py
[2026-08-10T12:00:59.148+0000] {processor.py:829} INFO - Processing file /opt/airflow/dags/dag_suivi.py for tasks to queue
[2026-08-10T12:00:59.150+0000] {logging_mixin.py:151} INFO - [2026-08-10T12:00:59.150+0000] {dagbag.py:536} INFO - Filling up the DagBag from /opt/airflow/dags/dag_suivi.py
[2026-08-10T12:00:59.215+0000] {processor.py:839} INFO - DAG(s) dict_keys(['pipeline_ingestion_suivi']) retrieved from /opt/airflow/dags/dag_suivi.py
[2026-08-10T12:00:59.255+0000] {logging_mixin.py:151} INFO - [2026-08-10T12:00:59.255+0000] {dag.py:2941} INFO - Sync 1 DAGs
[2026-08-10T12:00:59.283+0000] {logging_mixin.py:151} INFO - [2026-08-10T12:00:59.283+0000] {dag.py:3722} INFO - Setting next_dagrun for pipeline_ingestion_suivi to 2026-08-10T12:00:00+00:00, run_after=2026-08-10T13:00:00+00:00
[2026-08-10T12:00:59.302+0000] {processor.py:179} INFO - Processing /opt/airflow/dags/dag_suivi.py took 0.164 seconds
[2026-08-10T12:01:29.449+0000] {processor.py:157} INFO - Started process (PID=770) to work on /opt/airflow/dags/dag_suivi.py
[2026-08-10T12:01:29.450+0000] {processor.py:829} INFO - Processing file /opt/airflow/dags/dag_suivi.py for tasks to queue
[2026-08-10T12:01:29.452+0000] {logging_mixin.py:151} INFO - [2026-08-10T12:01:29.451+0000] {dagbag.py:536} INFO - Filling up the DagBag from /opt/airflow/dags/dag_suivi.py
[2026-08-10T12:01:29.498+0000] {processor.py:839} INFO - DAG(s) dict_keys(['pipeline_ingestion_suivi']) retrieved from /opt/airflow/dags/dag_suivi.py
[2026-08-10T12:01:29.560+0000] {logging_mixin.py:151} INFO - [2026-08-10T12:01:29.560+0000] {dag.py:2941} INFO - Sync 1 DAGs
[2026-08-10T12:01:29.597+0000] {logging_mixin.py:151} INFO - [2026-08-10T12:01:29.597+0000] {dag.py:3722} INFO - Setting next_dagrun for pipeline_ingestion_suivi to 2026-08-10T12:00:00+00:00, run_after=2026-08-10T13:00:00+00:00
[2026-08-10T12:01:29.630+0000] {processor.py:179} INFO - Processing /opt/airflow/dags/dag_suivi.py took 0.189 seconds
[2026-08-10T12:01:59.782+0000] {processor.py:157} INFO - Started process (PID=775) to work on /opt/airflow/dags/dag_suivi.py
[2026-08-10T12:01:59.784+0000] {processor.py:829} INFO - Processing file /opt/airflow/dags/dag_suivi.py for tasks to queue
[2026-08-10T12:01:59.785+0000] {logging_mixin.py:151} INFO - [2026-08-10T12:01:59.784+0000] {dagbag.py:536} INFO - Filling up the DagBag from /opt/airflow/dags/dag_suivi.py
[2026-08-10T12:01:59.821+0000] {processor.py:839} INFO - DAG(s) dict_keys(['pipeline_ingestion_suivi']) retrieved from /opt/airflow/dags/dag_suivi.py
[2026-08-10T12:01:59.877+0000] {logging_mixin.py:151} INFO - [2026-08-10T12:01:59.877+0000] {dag.py:2941} INFO - Sync 1 DAGs
[2026-08-10T12:01:59.911+0000] {logging_mixin.py:151} INFO - [2026-08-10T12:01:59.911+0000] {dag.py:3722} INFO - Setting next_dagrun for pipeline_ingestion_suivi to 2026-08-10T12:00:00+00:00, run_after=2026-08-10T13:00:00+00:00
[2026-08-10T12:01:59.941+0000] {processor.py:179} INFO - Processing /opt/airflow/dags/dag_suivi.py took 0.163 seconds
[2026-08-10T12:02:30.130+0000] {processor.py:157} INFO - Started process (PID=780) to work on /opt/airflow/dags/dag_suivi.py
[2026-08-10T12:02:30.132+0000] {processor.py:829} INFO - Processing file /opt/airflow/dags/dag_suivi.py for tasks to queue
[2026-08-10T12:02:30.134+0000] {logging_mixin.py:151} INFO - [2026-08-10T12:02:30.133+0000] {dagbag.py:536} INFO - Filling up the DagBag from /opt/airflow/dags/dag_suivi.py
[2026-08-10T12:02:30.178+0000] {processor.py:839} INFO - DAG(s) dict_keys(['pipeline_ingestion_suivi']) retrieved from /opt/airflow/dags/dag_suivi.py
[2026-08-10T12:02:30.234+0000] {logging_mixin.py:151} INFO - [2026-08-10T12:02:30.233+0000] {dag.py:2941} INFO - Sync 1 DAGs
[2026-08-10T12:02:30.275+0000] {logging_mixin.py:151} INFO - [2026-08-10T12:02:30.275+0000] {dag.py:3722} INFO - Setting next_dagrun for pipeline_ingestion_suivi to 2026-08-10T12:00:00+00:00, run_after=2026-08-10T13:00:00+00:00
[2026-08-10T12:02:30.308+0000] {processor.py:179} INFO - Processing /opt/airflow/dags/dag_suivi.py took 0.186 seconds
[2026-08-10T12:03:00.562+0000] {processor.py:157} INFO - Started process (PID=785) to work on /opt/airflow/dags/dag_suivi.py
[2026-08-10T12:03:00.563+0000] {processor.py:829} INFO - Processing file /opt/airflow/dags/dag_suivi.py for tasks to queue
[2026-08-10T12:03:00.564+0000] {logging_mixin.py:151} INFO - [2026-08-10T12:03:00.564+0000] {dagbag.py:536} INFO - Filling up the DagBag from /opt/airflow/dags/dag_suivi.py
[2026-08-10T12:03:00.599+0000] {processor.py:839} INFO - DAG(s) dict_keys(['pipeline_ingestion_suivi']) retrieved from /opt/airflow/dags/dag_suivi.py
[2026-08-10T12:03:00.636+0000] {logging_mixin.py:151} INFO - [2026-08-10T12:03:00.636+0000] {dag.py:2941} INFO - Sync 1 DAGs
[2026-08-10T12:03:00.666+0000] {logging_mixin.py:151} INFO - [2026-08-10T12:03:00.666+0000] {dag.py:3722} INFO - Setting next_dagrun for pipeline_ingestion_suivi to 2026-08-10T12:00:00+00:00, run_after=2026-08-10T13:00:00+00:00
[2026-08-10T12:03:00.710+0000] {processor.py:179} INFO - Processing /opt/airflow/dags/dag_suivi.py took 0.152 seconds
[2026-08-10T12:03:30.863+0000] {processor.py:157} INFO - Started process (PID=790) to work on /opt/airflow/dags/dag_suivi.py
[2026-08-10T12:03:30.865+0000] {processor.py:829} INFO - Processing file /opt/airflow/dags/dag_suivi.py for tasks to queue
[2026-08-10T12:03:30.866+0000] {logging_mixin.py:151} INFO - [2026-08-10T12:03:30.866+0000] {dagbag.py:536} INFO - Filling up the DagBag from /opt/airflow/dags/dag_suivi.py
[2026-08-10T12:03:30.901+0000] {processor.py:839} INFO - DAG(s) dict_keys(['pipeline_ingestion_suivi']) retrieved from /opt/airflow/dags/dag_suivi.py
[2026-08-10T12:03:30.941+0000] {logging_mixin.py:151} INFO - [2026-08-10T12:03:30.941+0000] {dag.py:2941} INFO - Sync 1 DAGs
[2026-08-10T12:03:30.966+0000] {logging_mixin.py:151} INFO - [2026-08-10T12:03:30.965+0000] {dag.py:3722} INFO - Setting next_dagrun for pipeline_ingestion_suivi to 2026-08-10T12:00:00+00:00, run_after=2026-08-10T13:00:00+00:00
[2026-08-10T12:03:31.008+0000] {processor.py:179} INFO - Processing /opt/airflow/dags/dag_suivi.py took 0.148 seconds
[2026-08-10T12:04:01.216+0000] {processor.py:157} INFO - Started process (PID=795) to work on /opt/airflow/dags/dag_suivi.py
[2026-08-10T12:04:01.217+0000] {processor.py:829} INFO - Processing file /opt/airflow/dags/dag_suivi.py for tasks to queue
[2026-08-10T12:04:01.219+0000] {logging_mixin.py:151} INFO - [2026-08-10T12:04:01.219+0000] {dagbag.py:536} INFO - Filling up the DagBag from /opt/airflow/dags/dag_suivi.py
[2026-08-10T12:04:01.258+0000] {processor.py:839} INFO - DAG(s) dict_keys(['pipeline_ingestion_suivi']) retrieved from /opt/airflow/dags/dag_suivi.py
[2026-08-10T12:04:01.296+0000] {logging_mixin.py:151} INFO - [2026-08-10T12:04:01.296+0000] {dag.py:2941} INFO - Sync 1 DAGs
[2026-08-10T12:04:01.323+0000] {logging_mixin.py:151} INFO - [2026-08-10T12:04:01.322+0000] {dag.py:3722} INFO - Setting next_dagrun for pipeline_ingestion_suivi to 2026-08-10T12:00:00+00:00, run_after=2026-08-10T13:00:00+00:00
[2026-08-10T12:04:01.355+0000] {processor.py:179} INFO - Processing /opt/airflow/dags/dag_suivi.py took 0.144 seconds
[2026-08-10T12:04:31.495+0000] {processor.py:157} INFO - Started process (PID=800) to work on /opt/airflow/dags/dag_suivi.py
[2026-08-10T12:04:31.496+0000] {processor.py:829} INFO - Processing file /opt/airflow/dags/dag_suivi.py for tasks to queue
[2026-08-10T12:04:31.498+0000] {logging_mixin.py:151} INFO - [2026-08-10T12:04:31.498+0000] {dagbag.py:536} INFO - Filling up the DagBag from /opt/airflow/dags/dag_suivi.py
[2026-08-10T12:04:31.543+0000] {processor.py:839} INFO - DAG(s) dict_keys(['pipeline_ingestion_suivi']) retrieved from /opt/airflow/dags/dag_suivi.py
[2026-08-10T12:04:31.601+0000] {logging_mixin.py:151} INFO - [2026-08-10T12:04:31.601+0000] {dag.py:2941} INFO - Sync 1 DAGs
[2026-08-10T12:04:31.641+0000] {logging_mixin.py:151} INFO - [2026-08-10T12:04:31.641+0000] {dag.py:3722} INFO - Setting next_dagrun for pipeline_ingestion_suivi to 2026-08-10T12:00:00+00:00, run_after=2026-08-10T13:00:00+00:00
[2026-08-10T12:04:31.677+0000] {processor.py:179} INFO - Processing /opt/airflow/dags/dag_suivi.py took 0.186 seconds
[2026-08-10T12:05:01.844+0000] {processor.py:157} INFO - Started process (PID=805) to work on /opt/airflow/dags/dag_suivi.py
[2026-08-10T12:05:01.845+0000] {processor.py:829} INFO - Processing file /opt/airflow/dags/dag_suivi.py for tasks to queue
[2026-08-10T12:05:01.846+0000] {logging_mixin.py:151} INFO - [2026-08-10T12:05:01.846+0000] {dagbag.py:536} INFO - Filling up the DagBag from /opt/airflow/dags/dag_suivi.py
[2026-08-10T12:05:01.874+0000] {processor.py:839} INFO - DAG(s) dict_keys(['pipeline_ingestion_suivi']) retrieved from /opt/airflow/dags/dag_suivi.py
[2026-08-10T12:05:01.917+0000] {logging_mixin.py:151} INFO - [2026-08-10T12:05:01.917+0000] {dag.py:2941} INFO - Sync 1 DAGs
[2026-08-10T12:05:01.945+0000] {logging_mixin.py:151} INFO - [2026-08-10T12:05:01.945+0000] {dag.py:3722} INFO - Setting next_dagrun for pipeline_ingestion_suivi to 2026-08-10T12:00:00+00:00, run_after=2026-08-10T13:00:00+00:00
[2026-08-10T12:05:01.981+0000] {processor.py:179} INFO - Processing /opt/airflow/dags/dag_suivi.py took 0.142 seconds
[2026-08-10T12:05:32.138+0000] {processor.py:157} INFO - Started process (PID=810) to work on /opt/airflow/dags/dag_suivi.py
[2026-08-10T12:05:32.139+0000] {processor.py:829} INFO - Processing file /opt/airflow/dags/dag_suivi.py for tasks to queue
[2026-08-10T12:05:32.141+0000] {logging_mixin.py:151} INFO - [2026-08-10T12:05:32.141+0000] {dagbag.py:536} INFO - Filling up the DagBag from /opt/airflow/dags/dag_suivi.py
[2026-08-10T12:05:32.183+0000] {processor.py:839} INFO - DAG(s) dict_keys(['pipeline_ingestion_suivi']) retrieved from /opt/airflow/dags/dag_suivi.py
[2026-08-10T12:05:32.246+0000] {logging_mixin.py:151} INFO - [2026-08-10T12:05:32.245+0000] {dag.py:2941} INFO - Sync 1 DAGs
[2026-08-10T12:05:32.304+0000] {logging_mixin.py:151} INFO - [2026-08-10T12:05:32.304+0000] {dag.py:3722} INFO - Setting next_dagrun for pipeline_ingestion_suivi to 2026-08-10T12:00:00+00:00, run_after=2026-08-10T13:00:00+00:00
[2026-08-10T12:05:32.346+0000] {processor.py:179} INFO - Processing /opt/airflow/dags/dag_suivi.py took 0.213 seconds
[2026-08-10T12:06:02.504+0000] {processor.py:157} INFO - Started process (PID=815) to work on /opt/airflow/dags/dag_suivi.py
[2026-08-10T12:06:02.506+0000] {processor.py:829} INFO - Processing file /opt/airflow/dags/dag_suivi.py for tasks to queue
[2026-08-10T12:06:02.508+0000] {logging_mixin.py:151} INFO - [2026-08-10T12:06:02.507+0000] {dagbag.py:536} INFO - Filling up the DagBag from /opt/airflow/dags/dag_suivi.py
[2026-08-10T12:06:02.580+0000] {processor.py:839} INFO - DAG(s) dict_keys(['pipeline_ingestion_suivi']) retrieved from /opt/airflow/dags/dag_suivi.py
[2026-08-10T12:06:02.629+0000] {logging_mixin.py:151} INFO - [2026-08-10T12:06:02.628+0000] {dag.py:2941} INFO - Sync 1 DAGs
[2026-08-10T12:06:02.684+0000] {logging_mixin.py:151} INFO - [2026-08-10T12:06:02.683+0000] {dag.py:3722} INFO - Setting next_dagrun for pipeline_ingestion_suivi to 2026-08-10T12:00:00+00:00, run_after=2026-08-10T13:00:00+00:00
[2026-08-10T12:06:02.731+0000] {processor.py:179} INFO - Processing /opt/airflow/dags/dag_suivi.py took 0.235 seconds
[2026-08-10T12:06:32.877+0000] {processor.py:157} INFO - Started process (PID=820) to work on /opt/airflow/dags/dag_suivi.py
[2026-08-10T12:06:32.879+0000] {processor.py:829} INFO - Processing file /opt/airflow/dags/dag_suivi.py for tasks to queue
[2026-08-10T12:06:32.881+0000] {logging_mixin.py:151} INFO - [2026-08-10T12:06:32.881+0000] {dagbag.py:536} INFO - Filling up the DagBag from /opt/airflow/dags/dag_suivi.py
[2026-08-10T12:06:32.922+0000] {processor.py:839} INFO - DAG(s) dict_keys(['pipeline_ingestion_suivi']) retrieved from /opt/airflow/dags/dag_suivi.py
[2026-08-10T12:06:32.973+0000] {logging_mixin.py:151} INFO - [2026-08-10T12:06:32.972+0000] {dag.py:2941} INFO - Sync 1 DAGs
[2026-08-10T12:06:33.010+0000] {logging_mixin.py:151} INFO - [2026-08-10T12:06:33.010+0000] {dag.py:3722} INFO - Setting next_dagrun for pipeline_ingestion_suivi to 2026-08-10T12:00:00+00:00, run_after=2026-08-10T13:00:00+00:00
[2026-08-10T12:06:33.040+0000] {processor.py:179} INFO - Processing /opt/airflow/dags/dag_suivi.py took 0.167 seconds
[2026-08-10T12:07:03.237+0000] {processor.py:157} INFO - Started process (PID=825) to work on /opt/airflow/dags/dag_suivi.py
[2026-08-10T12:07:03.239+0000] {processor.py:829} INFO - Processing file /opt/airflow/dags/dag_suivi.py for tasks to queue
[2026-08-10T12:07:03.240+0000] {logging_mixin.py:151} INFO - [2026-08-10T12:07:03.240+0000] {dagbag.py:536} INFO - Filling up the DagBag from /opt/airflow/dags/dag_suivi.py
[2026-08-10T12:07:03.285+0000] {processor.py:839} INFO - DAG(s) dict_keys(['pipeline_ingestion_suivi']) retrieved from /opt/airflow/dags/dag_suivi.py
[2026-08-10T12:07:03.330+0000] {logging_mixin.py:151} INFO - [2026-08-10T12:07:03.329+0000] {dag.py:2941} INFO - Sync 1 DAGs
[2026-08-10T12:07:03.375+0000] {logging_mixin.py:151} INFO - [2026-08-10T12:07:03.375+0000] {dag.py:3722} INFO - Setting next_dagrun for pipeline_ingestion_suivi to 2026-08-10T12:00:00+00:00, run_after=2026-08-10T13:00:00+00:00
[2026-08-10T12:07:03.406+0000] {processor.py:179} INFO - Processing /opt/airflow/dags/dag_suivi.py took 0.172 seconds
[2026-08-10T12:07:33.537+0000] {processor.py:157} INFO - Started process (PID=830) to work on /opt/airflow/dags/dag_suivi.py
[2026-08-10T12:07:33.538+0000] {processor.py:829} INFO - Processing file /opt/airflow/dags/dag_suivi.py for tasks to queue
[2026-08-10T12:07:33.539+0000] {logging_mixin.py:151} INFO - [2026-08-10T12:07:33.539+0000] {dagbag.py:536} INFO - Filling up the DagBag from /opt/airflow/dags/dag_suivi.py
[2026-08-10T12:07:33.574+0000] {processor.py:839} INFO - DAG(s) dict_keys(['pipeline_ingestion_suivi']) retrieved from /opt/airflow/dags/dag_suivi.py
[2026-08-10T12:07:33.621+0000] {logging_mixin.py:151} INFO - [2026-08-10T12:07:33.620+0000] {dag.py:2941} INFO - Sync 1 DAGs
[2026-08-10T12:07:33.649+0000] {logging_mixin.py:151} INFO - [2026-08-10T12:07:33.649+0000] {dag.py:3722} INFO - Setting next_dagrun for pipeline_ingestion_suivi to 2026-08-10T12:00:00+00:00, run_after=2026-08-10T13:00:00+00:00
[2026-08-10T12:07:33.687+0000] {processor.py:179} INFO - Processing /opt/airflow/dags/dag_suivi.py took 0.154 seconds
[2026-08-10T12:08:03.961+0000] {processor.py:157} INFO - Started process (PID=835) to work on /opt/airflow/dags/dag_suivi.py
[2026-08-10T12:08:03.963+0000] {processor.py:829} INFO - Processing file /opt/airflow/dags/dag_suivi.py for tasks to queue
[2026-08-10T12:08:03.964+0000] {logging_mixin.py:151} INFO - [2026-08-10T12:08:03.964+0000] {dagbag.py:536} INFO - Filling up the DagBag from /opt/airflow/dags/dag_suivi.py
[2026-08-10T12:08:03.996+0000] {processor.py:839} INFO - DAG(s) dict_keys(['pipeline_ingestion_suivi']) retrieved from /opt/airflow/dags/dag_suivi.py
[2026-08-10T12:08:04.037+0000] {logging_mixin.py:151} INFO - [2026-08-10T12:08:04.037+0000] {dag.py:2941} INFO - Sync 1 DAGs
[2026-08-10T12:08:04.073+0000] {logging_mixin.py:151} INFO - [2026-08-10T12:08:04.073+0000] {dag.py:3722} INFO - Setting next_dagrun for pipeline_ingestion_suivi to 2026-08-10T12:00:00+00:00, run_after=2026-08-10T13:00:00+00:00
[2026-08-10T12:08:04.098+0000] {processor.py:179} INFO - Processing /opt/airflow/dags/dag_suivi.py took 0.141 seconds
[2026-08-10T12:08:34.200+0000] {processor.py:157} INFO - Started process (PID=840) to work on /opt/airflow/dags/dag_suivi.py
[2026-08-10T12:08:34.202+0000] {processor.py:829} INFO - Processing file /opt/airflow/dags/dag_suivi.py for tasks to queue
[2026-08-10T12:08:34.203+0000] {logging_mixin.py:151} INFO - [2026-08-10T12:08:34.202+0000] {dagbag.py:536} INFO - Filling up the DagBag from /opt/airflow/dags/dag_suivi.py
[2026-08-10T12:08:34.228+0000] {processor.py:839} INFO - DAG(s) dict_keys(['pipeline_ingestion_suivi']) retrieved from /opt/airflow/dags/dag_suivi.py
[2026-08-10T12:08:34.263+0000] {logging_mixin.py:151} INFO - [2026-08-10T12:08:34.263+0000] {dag.py:2941} INFO - Sync 1 DAGs
[2026-08-10T12:08:34.286+0000] {logging_mixin.py:151} INFO - [2026-08-10T12:08:34.286+0000] {dag.py:3722} INFO - Setting next_dagrun for pipeline_ingestion_suivi to 2026-08-10T12:00:00+00:00, run_after=2026-08-10T13:00:00+00:00
[2026-08-10T12:08:34.324+0000] {processor.py:179} INFO - Processing /opt/airflow/dags/dag_suivi.py took 0.127 seconds
[2026-08-10T12:09:04.561+0000] {processor.py:157} INFO - Started process (PID=845) to work on /opt/airflow/dags/dag_suivi.py
[2026-08-10T12:09:04.562+0000] {processor.py:829} INFO - Processing file /opt/airflow/dags/dag_suivi.py for tasks to queue
[2026-08-10T12:09:04.563+0000] {logging_mixin.py:151} INFO - [2026-08-10T12:09:04.563+0000] {dagbag.py:536} INFO - Filling up the DagBag from /opt/airflow/dags/dag_suivi.py
[2026-08-10T12:09:04.597+0000] {processor.py:839} INFO - DAG(s) dict_keys(['pipeline_ingestion_suivi']) retrieved from /opt/airflow/dags/dag_suivi.py
[2026-08-10T12:09:04.638+0000] {logging_mixin.py:151} INFO - [2026-08-10T12:09:04.638+0000] {dag.py:2941} INFO - Sync 1 DAGs
[2026-08-10T12:09:04.670+0000] {logging_mixin.py:151} INFO - [2026-08-10T12:09:04.670+0000] {dag.py:3722} INFO - Setting next_dagrun for pipeline_ingestion_suivi to 2026-08-10T12:00:00+00:00, run_after=2026-08-10T13:00:00+00:00
[2026-08-10T12:09:04.719+0000] {processor.py:179} INFO - Processing /opt/airflow/dags/dag_suivi.py took 0.161 seconds
[2026-08-10T12:09:34.851+0000] {processor.py:157} INFO - Started process (PID=850) to work on /opt/airflow/dags/dag_suivi.py
[2026-08-10T12:09:34.853+0000] {processor.py:829} INFO - Processing file /opt/airflow/dags/dag_suivi.py for tasks to queue
[2026-08-10T12:09:34.854+0000] {logging_mixin.py:151} INFO - [2026-08-10T12:09:34.853+0000] {dagbag.py:536} INFO - Filling up the DagBag from /opt/airflow/dags/dag_suivi.py
[2026-08-10T12:09:34.893+0000] {processor.py:839} INFO - DAG(s) dict_keys(['pipeline_ingestion_suivi']) retrieved from /opt/airflow/dags/dag_suivi.py
[2026-08-10T12:09:34.933+0000] {logging_mixin.py:151} INFO - [2026-08-10T12:09:34.932+0000] {dag.py:2941} INFO - Sync 1 DAGs
[2026-08-10T12:09:34.974+0000] {logging_mixin.py:151} INFO - [2026-08-10T12:09:34.973+0000] {dag.py:3722} INFO - Setting next_dagrun for pipeline_ingestion_suivi to 2026-08-10T12:00:00+00:00, run_after=2026-08-10T13:00:00+00:00
[2026-08-10T12:09:35.016+0000] {processor.py:179} INFO - Processing /opt/airflow/dags/dag_suivi.py took 0.168 seconds
[2026-08-10T12:10:05.183+0000] {processor.py:157} INFO - Started process (PID=855) to work on /opt/airflow/dags/dag_suivi.py
[2026-08-10T12:10:05.184+0000] {processor.py:829} INFO - Processing file /opt/airflow/dags/dag_suivi.py for tasks to queue
[2026-08-10T12:10:05.186+0000] {logging_mixin.py:151} INFO - [2026-08-10T12:10:05.185+0000] {dagbag.py:536} INFO - Filling up the DagBag from /opt/airflow/dags/dag_suivi.py
[2026-08-10T12:10:05.223+0000] {processor.py:839} INFO - DAG(s) dict_keys(['pipeline_ingestion_suivi']) retrieved from /opt/airflow/dags/dag_suivi.py
[2026-08-10T12:10:05.264+0000] {logging_mixin.py:151} INFO - [2026-08-10T12:10:05.264+0000] {dag.py:2941} INFO - Sync 1 DAGs
[2026-08-10T12:10:05.289+0000] {logging_mixin.py:151} INFO - [2026-08-10T12:10:05.289+0000] {dag.py:3722} INFO - Setting next_dagrun for pipeline_ingestion_suivi to 2026-08-10T12:00:00+00:00, run_after=2026-08-10T13:00:00+00:00
[2026-08-10T12:10:05.329+0000] {processor.py:179} INFO - Processing /opt/airflow/dags/dag_suivi.py took 0.152 seconds
[2026-08-10T12:10:35.497+0000] {processor.py:157} INFO - Started process (PID=860) to work on /opt/airflow/dags/dag_suivi.py
[2026-08-10T12:10:35.499+0000] {processor.py:829} INFO - Processing file /opt/airflow/dags/dag_suivi.py for tasks to queue
[2026-08-10T12:10:35.500+0000] {logging_mixin.py:151} INFO - [2026-08-10T12:10:35.500+0000] {dagbag.py:536} INFO - Filling up the DagBag from /opt/airflow/dags/dag_suivi.py
[2026-08-10T12:10:35.536+0000] {processor.py:839} INFO - DAG(s) dict_keys(['pipeline_ingestion_suivi']) retrieved from /opt/airflow/dags/dag_suivi.py
[2026-08-10T12:10:35.582+0000] {logging_mixin.py:151} INFO - [2026-08-10T12:10:35.582+0000] {dag.py:2941} INFO - Sync 1 DAGs
[2026-08-10T12:10:35.608+0000] {logging_mixin.py:151} INFO - [2026-08-10T12:10:35.607+0000] {dag.py:3722} INFO - Setting next_dagrun for pipeline_ingestion_suivi to 2026-08-10T12:00:00+00:00, run_after=2026-08-10T13:00:00+00:00
[2026-08-10T12:10:35.635+0000] {processor.py:179} INFO - Processing /opt/airflow/dags/dag_suivi.py took 0.143 seconds
[2026-08-10T12:11:05.809+0000] {processor.py:157} INFO - Started process (PID=865) to work on /opt/airflow/dags/dag_suivi.py
[2026-08-10T12:11:05.812+0000] {processor.py:829} INFO - Processing file /opt/airflow/dags/dag_suivi.py for tasks to queue
[2026-08-10T12:11:05.813+0000] {logging_mixin.py:151} INFO - [2026-08-10T12:11:05.813+0000] {dagbag.py:536} INFO - Filling up the DagBag from /opt/airflow/dags/dag_suivi.py
[2026-08-10T12:11:05.849+0000] {processor.py:839} INFO - DAG(s) dict_keys(['pipeline_ingestion_suivi']) retrieved from /opt/airflow/dags/dag_suivi.py
[2026-08-10T12:11:05.883+0000] {logging_mixin.py:151} INFO - [2026-08-10T12:11:05.883+0000] {dag.py:2941} INFO - Sync 1 DAGs
[2026-08-10T12:11:05.911+0000] {logging_mixin.py:151} INFO - [2026-08-10T12:11:05.911+0000] {dag.py:3722} INFO - Setting next_dagrun for pipeline_ingestion_suivi to 2026-08-10T12:00:00+00:00, run_after=2026-08-10T13:00:00+00:00
[2026-08-10T12:11:05.946+0000] {processor.py:179} INFO - Processing /opt/airflow/dags/dag_suivi.py took 0.143 seconds
[2026-08-10T12:11:36.121+0000] {processor.py:157} INFO - Started process (PID=870) to work on /opt/airflow/dags/dag_suivi.py
[2026-08-10T12:11:36.122+0000] {processor.py:829} INFO - Processing file /opt/airflow/dags/dag_suivi.py for tasks to queue
[2026-08-10T12:11:36.124+0000] {logging_mixin.py:151} INFO - [2026-08-10T12:11:36.124+0000] {dagbag.py:536} INFO - Filling up the DagBag from /opt/airflow/dags/dag_suivi.py
[2026-08-10T12:11:36.160+0000] {processor.py:839} INFO - DAG(s) dict_keys(['pipeline_ingestion_suivi']) retrieved from /opt/airflow/dags/dag_suivi.py
[2026-08-10T12:11:36.200+0000] {logging_mixin.py:151} INFO - [2026-08-10T12:11:36.200+0000] {dag.py:2941} INFO - Sync 1 DAGs
[2026-08-10T12:11:36.233+0000] {logging_mixin.py:151} INFO - [2026-08-10T12:11:36.233+0000] {dag.py:3722} INFO - Setting next_dagrun for pipeline_ingestion_suivi to 2026-08-10T12:00:00+00:00, run_after=2026-08-10T13:00:00+00:00
[2026-08-10T12:11:36.267+0000] {processor.py:179} INFO - Processing /opt/airflow/dags/dag_suivi.py took 0.150 seconds
[2026-08-10T12:12:06.439+0000] {processor.py:157} INFO - Started process (PID=875) to work on /opt/airflow/dags/dag_suivi.py
[2026-08-10T12:12:06.441+0000] {processor.py:829} INFO - Processing file /opt/airflow/dags/dag_suivi.py for tasks to queue
[2026-08-10T12:12:06.443+0000] {logging_mixin.py:151} INFO - [2026-08-10T12:12:06.443+0000] {dagbag.py:536} INFO - Filling up the DagBag from /opt/airflow/dags/dag_suivi.py
[2026-08-10T12:12:06.495+0000] {processor.py:839} INFO - DAG(s) dict_keys(['pipeline_ingestion_suivi']) retrieved from /opt/airflow/dags/dag_suivi.py
[2026-08-10T12:12:06.534+0000] {logging_mixin.py:151} INFO - [2026-08-10T12:12:06.533+0000] {dag.py:2941} INFO - Sync 1 DAGs
[2026-08-10T12:12:06.567+0000] {logging_mixin.py:151} INFO - [2026-08-10T12:12:06.567+0000] {dag.py:3722} INFO - Setting next_dagrun for pipeline_ingestion_suivi to 2026-08-10T12:00:00+00:00, run_after=2026-08-10T13:00:00+00:00
[2026-08-10T12:12:06.592+0000] {processor.py:179} INFO - Processing /opt/airflow/dags/dag_suivi.py took 0.158 seconds
[2026-08-10T12:12:36.753+0000] {processor.py:157} INFO - Started process (PID=880) to work on /opt/airflow/dags/dag_suivi.py
[2026-08-10T12:12:36.754+0000] {processor.py:829} INFO - Processing file /opt/airflow/dags/dag_suivi.py for tasks to queue
[2026-08-10T12:12:36.755+0000] {logging_mixin.py:151} INFO - [2026-08-10T12:12:36.755+0000] {dagbag.py:536} INFO - Filling up the DagBag from /opt/airflow/dags/dag_suivi.py
[2026-08-10T12:12:36.797+0000] {processor.py:839} INFO - DAG(s) dict_keys(['pipeline_ingestion_suivi']) retrieved from /opt/airflow/dags/dag_suivi.py
[2026-08-10T12:12:36.835+0000] {logging_mixin.py:151} INFO - [2026-08-10T12:12:36.835+0000] {dag.py:2941} INFO - Sync 1 DAGs
[2026-08-10T12:12:36.861+0000] {logging_mixin.py:151} INFO - [2026-08-10T12:12:36.861+0000] {dag.py:3722} INFO - Setting next_dagrun for pipeline_ingestion_suivi to 2026-08-10T12:00:00+00:00, run_after=2026-08-10T13:00:00+00:00
[2026-08-10T12:12:36.893+0000] {processor.py:179} INFO - Processing /opt/airflow/dags/dag_suivi.py took 0.145 seconds
[2026-08-10T12:13:07.132+0000] {processor.py:157} INFO - Started process (PID=885) to work on /opt/airflow/dags/dag_suivi.py
[2026-08-10T12:13:07.133+0000] {processor.py:829} INFO - Processing file /opt/airflow/dags/dag_suivi.py for tasks to queue
[2026-08-10T12:13:07.134+0000] {logging_mixin.py:151} INFO - [2026-08-10T12:13:07.133+0000] {dagbag.py:536} INFO - Filling up the DagBag from /opt/airflow/dags/dag_suivi.py
[2026-08-10T12:13:07.162+0000] {processor.py:839} INFO - DAG(s) dict_keys(['pipeline_ingestion_suivi']) retrieved from /opt/airflow/dags/dag_suivi.py
[2026-08-10T12:13:07.207+0000] {logging_mixin.py:151} INFO - [2026-08-10T12:13:07.207+0000] {dag.py:2941} INFO - Sync 1 DAGs
[2026-08-10T12:13:07.236+0000] {logging_mixin.py:151} INFO - [2026-08-10T12:13:07.236+0000] {dag.py:3722} INFO - Setting next_dagrun for pipeline_ingestion_suivi to 2026-08-10T12:00:00+00:00, run_after=2026-08-10T13:00:00+00:00
[2026-08-10T12:13:07.273+0000] {processor.py:179} INFO - Processing /opt/airflow/dags/dag_suivi.py took 0.147 seconds
[2026-08-10T12:13:37.421+0000] {processor.py:157} INFO - Started process (PID=890) to work on /opt/airflow/dags/dag_suivi.py
[2026-08-10T12:13:37.423+0000] {processor.py:829} INFO - Processing file /opt/airflow/dags/dag_suivi.py for tasks to queue
[2026-08-10T12:13:37.424+0000] {logging_mixin.py:151} INFO - [2026-08-10T12:13:37.424+0000] {dagbag.py:536} INFO - Filling up the DagBag from /opt/airflow/dags/dag_suivi.py
[2026-08-10T12:13:37.466+0000] {processor.py:839} INFO - DAG(s) dict_keys(['pipeline_ingestion_suivi']) retrieved from /opt/airflow/dags/dag_suivi.py
[2026-08-10T12:13:37.502+0000] {logging_mixin.py:151} INFO - [2026-08-10T12:13:37.502+0000] {dag.py:2941} INFO - Sync 1 DAGs
[2026-08-10T12:13:37.527+0000] {logging_mixin.py:151} INFO - [2026-08-10T12:13:37.527+0000] {dag.py:3722} INFO - Setting next_dagrun for pipeline_ingestion_suivi to 2026-08-10T12:00:00+00:00, run_after=2026-08-10T13:00:00+00:00
[2026-08-10T12:13:37.561+0000] {processor.py:179} INFO - Processing /opt/airflow/dags/dag_suivi.py took 0.146 seconds
[2026-08-10T12:14:07.744+0000] {processor.py:157} INFO - Started process (PID=895) to work on /opt/airflow/dags/dag_suivi.py
[2026-08-10T12:14:07.746+0000] {processor.py:829} INFO - Processing file /opt/airflow/dags/dag_suivi.py for tasks to queue
[2026-08-10T12:14:07.748+0000] {logging_mixin.py:151} INFO - [2026-08-10T12:14:07.748+0000] {dagbag.py:536} INFO - Filling up the DagBag from /opt/airflow/dags/dag_suivi.py
[2026-08-10T12:14:07.787+0000] {processor.py:839} INFO - DAG(s) dict_keys(['pipeline_ingestion_suivi']) retrieved from /opt/airflow/dags/dag_suivi.py
[2026-08-10T12:14:07.839+0000] {logging_mixin.py:151} INFO - [2026-08-10T12:14:07.839+0000] {dag.py:2941} INFO - Sync 1 DAGs
[2026-08-10T12:14:07.870+0000] {logging_mixin.py:151} INFO - [2026-08-10T12:14:07.870+0000] {dag.py:3722} INFO - Setting next_dagrun for pipeline_ingestion_suivi to 2026-08-10T12:00:00+00:00, run_after=2026-08-10T13:00:00+00:00
[2026-08-10T12:14:07.897+0000] {processor.py:179} INFO - Processing /opt/airflow/dags/dag_suivi.py took 0.158 seconds
[2026-08-10T12:14:38.110+0000] {processor.py:157} INFO - Started process (PID=900) to work on /opt/airflow/dags/dag_suivi.py
[2026-08-10T12:14:38.117+0000] {processor.py:829} INFO - Processing file /opt/airflow/dags/dag_suivi.py for tasks to queue
[2026-08-10T12:14:38.127+0000] {logging_mixin.py:151} INFO - [2026-08-10T12:14:38.127+0000] {dagbag.py:536} INFO - Filling up the DagBag from /opt/airflow/dags/dag_suivi.py
[2026-08-10T12:14:38.237+0000] {processor.py:839} INFO - DAG(s) dict_keys(['pipeline_ingestion_suivi']) retrieved from /opt/airflow/dags/dag_suivi.py
[2026-08-10T12:14:38.282+0000] {logging_mixin.py:151} INFO - [2026-08-10T12:14:38.282+0000] {dag.py:2941} INFO - Sync 1 DAGs
[2026-08-10T12:14:38.312+0000] {logging_mixin.py:151} INFO - [2026-08-10T12:14:38.312+0000] {dag.py:3722} INFO - Setting next_dagrun for pipeline_ingestion_suivi to 2026-08-10T12:00:00+00:00, run_after=2026-08-10T13:00:00+00:00
[2026-08-10T12:14:38.351+0000] {processor.py:179} INFO - Processing /opt/airflow/dags/dag_suivi.py took 0.246 seconds
[2026-08-10T12:15:08.514+0000] {processor.py:157} INFO - Started process (PID=905) to work on /opt/airflow/dags/dag_suivi.py
[2026-08-10T12:15:08.516+0000] {processor.py:829} INFO - Processing file /opt/airflow/dags/dag_suivi.py for tasks to queue
[2026-08-10T12:15:08.517+0000] {logging_mixin.py:151} INFO - [2026-08-10T12:15:08.517+0000] {dagbag.py:536} INFO - Filling up the DagBag from /opt/airflow/dags/dag_suivi.py
[2026-08-10T12:15:08.557+0000] {processor.py:839} INFO - DAG(s) dict_keys(['pipeline_ingestion_suivi']) retrieved from /opt/airflow/dags/dag_suivi.py
[2026-08-10T12:15:08.603+0000] {logging_mixin.py:151} INFO - [2026-08-10T12:15:08.603+0000] {dag.py:2941} INFO - Sync 1 DAGs
[2026-08-10T12:15:08.630+0000] {logging_mixin.py:151} INFO - [2026-08-10T12:15:08.630+0000] {dag.py:3722} INFO - Setting next_dagrun for pipeline_ingestion_suivi to 2026-08-10T12:00:00+00:00, run_after=2026-08-10T13:00:00+00:00
[2026-08-10T12:15:08.670+0000] {processor.py:179} INFO - Processing /opt/airflow/dags/dag_suivi.py took 0.161 seconds
[2026-08-10T12:15:38.931+0000] {processor.py:157} INFO - Started process (PID=910) to work on /opt/airflow/dags/dag_suivi.py
[2026-08-10T12:15:38.932+0000] {processor.py:829} INFO - Processing file /opt/airflow/dags/dag_suivi.py for tasks to queue
[2026-08-10T12:15:38.934+0000] {logging_mixin.py:151} INFO - [2026-08-10T12:15:38.933+0000] {dagbag.py:536} INFO - Filling up the DagBag from /opt/airflow/dags/dag_suivi.py
[2026-08-10T12:15:38.969+0000] {processor.py:839} INFO - DAG(s) dict_keys(['pipeline_ingestion_suivi']) retrieved from /opt/airflow/dags/dag_suivi.py
[2026-08-10T12:15:39.005+0000] {logging_mixin.py:151} INFO - [2026-08-10T12:15:39.004+0000] {dag.py:2941} INFO - Sync 1 DAGs
[2026-08-10T12:15:39.035+0000] {logging_mixin.py:151} INFO - [2026-08-10T12:15:39.034+0000] {dag.py:3722} INFO - Setting next_dagrun for pipeline_ingestion_suivi to 2026-08-10T12:00:00+00:00, run_after=2026-08-10T13:00:00+00:00
[2026-08-10T12:15:39.071+0000] {processor.py:179} INFO - Processing /opt/airflow/dags/dag_suivi.py took 0.144 seconds
[2026-08-10T12:16:09.315+0000] {processor.py:157} INFO - Started process (PID=915) to work on /opt/airflow/dags/dag_suivi.py
[2026-08-10T12:16:09.318+0000] {processor.py:829} INFO - Processing file /opt/airflow/dags/dag_suivi.py for tasks to queue
[2026-08-10T12:16:09.321+0000] {logging_mixin.py:151} INFO - [2026-08-10T12:16:09.320+0000] {dagbag.py:536} INFO - Filling up the DagBag from /opt/airflow/dags/dag_suivi.py
[2026-08-10T12:16:09.383+0000] {processor.py:839} INFO - DAG(s) dict_keys(['pipeline_ingestion_suivi']) retrieved from /opt/airflow/dags/dag_suivi.py
[2026-08-10T12:16:09.442+0000] {logging_mixin.py:151} INFO - [2026-08-10T12:16:09.442+0000] {dag.py:2941} INFO - Sync 1 DAGs
[2026-08-10T12:16:09.496+0000] {logging_mixin.py:151} INFO - [2026-08-10T12:16:09.495+0000] {dag.py:3722} INFO - Setting next_dagrun for pipeline_ingestion_suivi to 2026-08-10T12:00:00+00:00, run_after=2026-08-10T13:00:00+00:00
[2026-08-10T12:16:09.549+0000] {processor.py:179} INFO - Processing /opt/airflow/dags/dag_suivi.py took 0.243 seconds
[2026-08-10T12:16:39.813+0000] {processor.py:157} INFO - Started process (PID=920) to work on /opt/airflow/dags/dag_suivi.py
[2026-08-10T12:16:39.815+0000] {processor.py:829} INFO - Processing file /opt/airflow/dags/dag_suivi.py for tasks to queue
[2026-08-10T12:16:39.817+0000] {logging_mixin.py:151} INFO - [2026-08-10T12:16:39.816+0000] {dagbag.py:536} INFO - Filling up the DagBag from /opt/airflow/dags/dag_suivi.py
[2026-08-10T12:16:39.855+0000] {processor.py:839} INFO - DAG(s) dict_keys(['pipeline_ingestion_suivi']) retrieved from /opt/airflow/dags/dag_suivi.py
[2026-08-10T12:16:39.889+0000] {logging_mixin.py:151} INFO - [2026-08-10T12:16:39.889+0000] {dag.py:2941} INFO - Sync 1 DAGs
[2026-08-10T12:16:39.918+0000] {logging_mixin.py:151} INFO - [2026-08-10T12:16:39.918+0000] {dag.py:3722} INFO - Setting next_dagrun for pipeline_ingestion_suivi to 2026-08-10T12:00:00+00:00, run_after=2026-08-10T13:00:00+00:00
[2026-08-10T12:16:39.952+0000] {processor.py:179} INFO - Processing /opt/airflow/dags/dag_suivi.py took 0.142 seconds
[2026-08-10T12:17:10.046+0000] {processor.py:157} INFO - Started process (PID=925) to work on /opt/airflow/dags/dag_suivi.py
[2026-08-10T12:17:10.047+0000] {processor.py:829} INFO - Processing file /opt/airflow/dags/dag_suivi.py for tasks to queue
[2026-08-10T12:17:10.048+0000] {logging_mixin.py:151} INFO - [2026-08-10T12:17:10.048+0000] {dagbag.py:536} INFO - Filling up the DagBag from /opt/airflow/dags/dag_suivi.py
[2026-08-10T12:17:10.079+0000] {processor.py:839} INFO - DAG(s) dict_keys(['pipeline_ingestion_suivi']) retrieved from /opt/airflow/dags/dag_suivi.py
[2026-08-10T12:17:10.113+0000] {logging_mixin.py:151} INFO - [2026-08-10T12:17:10.112+0000] {dag.py:2941} INFO - Sync 1 DAGs
[2026-08-10T12:17:10.141+0000] {logging_mixin.py:151} INFO - [2026-08-10T12:17:10.141+0000] {dag.py:3722} INFO - Setting next_dagrun for pipeline_ingestion_suivi to 2026-08-10T12:00:00+00:00, run_after=2026-08-10T13:00:00+00:00
[2026-08-10T12:17:10.175+0000] {processor.py:179} INFO - Processing /opt/airflow/dags/dag_suivi.py took 0.133 seconds
[2026-08-10T12:17:40.443+0000] {processor.py:157} INFO - Started process (PID=930) to work on /opt/airflow/dags/dag_suivi.py
[2026-08-10T12:17:40.444+0000] {processor.py:829} INFO - Processing file /opt/airflow/dags/dag_suivi.py for tasks to queue
[2026-08-10T12:17:40.446+0000] {logging_mixin.py:151} INFO - [2026-08-10T12:17:40.446+0000] {dagbag.py:536} INFO - Filling up the DagBag from /opt/airflow/dags/dag_suivi.py
[2026-08-10T12:17:40.481+0000] {processor.py:839} INFO - DAG(s) dict_keys(['pipeline_ingestion_suivi']) retrieved from /opt/airflow/dags/dag_suivi.py
[2026-08-10T12:17:40.513+0000] {logging_mixin.py:151} INFO - [2026-08-10T12:17:40.513+0000] {dag.py:2941} INFO - Sync 1 DAGs
[2026-08-10T12:17:40.537+0000] {logging_mixin.py:151} INFO - [2026-08-10T12:17:40.537+0000] {dag.py:3722} INFO - Setting next_dagrun for pipeline_ingestion_suivi to 2026-08-10T12:00:00+00:00, run_after=2026-08-10T13:00:00+00:00
[2026-08-10T12:17:40.571+0000] {processor.py:179} INFO - Processing /opt/airflow/dags/dag_suivi.py took 0.131 seconds
[2026-08-10T12:18:10.724+0000] {processor.py:157} INFO - Started process (PID=935) to work on /opt/airflow/dags/dag_suivi.py
[2026-08-10T12:18:10.725+0000] {processor.py:829} INFO - Processing file /opt/airflow/dags/dag_suivi.py for tasks to queue
[2026-08-10T12:18:10.726+0000] {logging_mixin.py:151} INFO - [2026-08-10T12:18:10.726+0000] {dagbag.py:536} INFO - Filling up the DagBag from /opt/airflow/dags/dag_suivi.py
[2026-08-10T12:18:10.758+0000] {processor.py:839} INFO - DAG(s) dict_keys(['pipeline_ingestion_suivi']) retrieved from /opt/airflow/dags/dag_suivi.py
[2026-08-10T12:18:10.794+0000] {logging_mixin.py:151} INFO - [2026-08-10T12:18:10.793+0000] {dag.py:2941} INFO - Sync 1 DAGs
[2026-08-10T12:18:10.820+0000] {logging_mixin.py:151} INFO - [2026-08-10T12:18:10.820+0000] {dag.py:3722} INFO - Setting next_dagrun for pipeline_ingestion_suivi to 2026-08-10T12:00:00+00:00, run_after=2026-08-10T13:00:00+00:00
[2026-08-10T12:18:10.852+0000] {processor.py:179} INFO - Processing /opt/airflow/dags/dag_suivi.py took 0.131 seconds
[2026-08-10T12:18:41.070+0000] {processor.py:157} INFO - Started process (PID=940) to work on /opt/airflow/dags/dag_suivi.py
[2026-08-10T12:18:41.072+0000] {processor.py:829} INFO - Processing file /opt/airflow/dags/dag_suivi.py for tasks to queue
[2026-08-10T12:18:41.074+0000] {logging_mixin.py:151} INFO - [2026-08-10T12:18:41.073+0000] {dagbag.py:536} INFO - Filling up the DagBag from /opt/airflow/dags/dag_suivi.py
[2026-08-10T12:18:41.122+0000] {processor.py:839} INFO - DAG(s) dict_keys(['pipeline_ingestion_suivi']) retrieved from /opt/airflow/dags/dag_suivi.py
[2026-08-10T12:18:41.161+0000] {logging_mixin.py:151} INFO - [2026-08-10T12:18:41.161+0000] {dag.py:2941} INFO - Sync 1 DAGs
[2026-08-10T12:18:41.198+0000] {logging_mixin.py:151} INFO - [2026-08-10T12:18:41.197+0000] {dag.py:3722} INFO - Setting next_dagrun for pipeline_ingestion_suivi to 2026-08-10T12:00:00+00:00, run_after=2026-08-10T13:00:00+00:00
[2026-08-10T12:18:41.239+0000] {processor.py:179} INFO - Processing /opt/airflow/dags/dag_suivi.py took 0.174 seconds
[2026-08-10T12:19:11.356+0000] {processor.py:157} INFO - Started process (PID=945) to work on /opt/airflow/dags/dag_suivi.py
[2026-08-10T12:19:11.357+0000] {processor.py:829} INFO - Processing file /opt/airflow/dags/dag_suivi.py for tasks to queue
[2026-08-10T12:19:11.359+0000] {logging_mixin.py:151} INFO - [2026-08-10T12:19:11.359+0000] {dagbag.py:536} INFO - Filling up the DagBag from /opt/airflow/dags/dag_suivi.py
[2026-08-10T12:19:11.397+0000] {processor.py:839} INFO - DAG(s) dict_keys(['pipeline_ingestion_suivi']) retrieved from /opt/airflow/dags/dag_suivi.py
[2026-08-10T12:19:11.435+0000] {logging_mixin.py:151} INFO - [2026-08-10T12:19:11.435+0000] {dag.py:2941} INFO - Sync 1 DAGs
[2026-08-10T12:19:11.460+0000] {logging_mixin.py:151} INFO - [2026-08-10T12:19:11.460+0000] {dag.py:3722} INFO - Setting next_dagrun for pipeline_ingestion_suivi to 2026-08-10T12:00:00+00:00, run_after=2026-08-10T13:00:00+00:00
[2026-08-10T12:19:11.501+0000] {processor.py:179} INFO - Processing /opt/airflow/dags/dag_suivi.py took 0.152 seconds
[2026-08-10T12:19:41.736+0000] {processor.py:157} INFO - Started process (PID=950) to work on /opt/airflow/dags/dag_suivi.py
[2026-08-10T12:19:41.737+0000] {processor.py:829} INFO - Processing file /opt/airflow/dags/dag_suivi.py for tasks to queue
[2026-08-10T12:19:41.739+0000] {logging_mixin.py:151} INFO - [2026-08-10T12:19:41.738+0000] {dagbag.py:536} INFO - Filling up the DagBag from /opt/airflow/dags/dag_suivi.py
[2026-08-10T12:19:41.780+0000] {processor.py:839} INFO - DAG(s) dict_keys(['pipeline_ingestion_suivi']) retrieved from /opt/airflow/dags/dag_suivi.py
[2026-08-10T12:19:41.819+0000] {logging_mixin.py:151} INFO - [2026-08-10T12:19:41.819+0000] {dag.py:2941} INFO - Sync 1 DAGs
[2026-08-10T12:19:41.848+0000] {logging_mixin.py:151} INFO - [2026-08-10T12:19:41.848+0000] {dag.py:3722} INFO - Setting next_dagrun for pipeline_ingestion_suivi to 2026-08-10T12:00:00+00:00, run_after=2026-08-10T13:00:00+00:00
[2026-08-10T12:19:41.871+0000] {processor.py:179} INFO - Processing /opt/airflow/dags/dag_suivi.py took 0.139 seconds
[2026-08-10T12:20:11.987+0000] {processor.py:157} INFO - Started process (PID=955) to work on /opt/airflow/dags/dag_suivi.py
[2026-08-10T12:20:11.988+0000] {processor.py:829} INFO - Processing file /opt/airflow/dags/dag_suivi.py for tasks to queue
[2026-08-10T12:20:11.990+0000] {logging_mixin.py:151} INFO - [2026-08-10T12:20:11.989+0000] {dagbag.py:536} INFO - Filling up the DagBag from /opt/airflow/dags/dag_suivi.py
[2026-08-10T12:20:12.029+0000] {processor.py:839} INFO - DAG(s) dict_keys(['pipeline_ingestion_suivi']) retrieved from /opt/airflow/dags/dag_suivi.py
[2026-08-10T12:20:12.067+0000] {logging_mixin.py:151} INFO - [2026-08-10T12:20:12.067+0000] {dag.py:2941} INFO - Sync 1 DAGs
[2026-08-10T12:20:12.096+0000] {logging_mixin.py:151} INFO - [2026-08-10T12:20:12.095+0000] {dag.py:3722} INFO - Setting next_dagrun for pipeline_ingestion_suivi to 2026-08-10T12:00:00+00:00, run_after=2026-08-10T13:00:00+00:00
[2026-08-10T12:20:12.127+0000] {processor.py:179} INFO - Processing /opt/airflow/dags/dag_suivi.py took 0.143 seconds
[2026-08-10T12:20:42.368+0000] {processor.py:157} INFO - Started process (PID=960) to work on /opt/airflow/dags/dag_suivi.py
[2026-08-10T12:20:42.369+0000] {processor.py:829} INFO - Processing file /opt/airflow/dags/dag_suivi.py for tasks to queue
[2026-08-10T12:20:42.371+0000] {logging_mixin.py:151} INFO - [2026-08-10T12:20:42.370+0000] {dagbag.py:536} INFO - Filling up the DagBag from /opt/airflow/dags/dag_suivi.py
[2026-08-10T12:20:42.408+0000] {processor.py:839} INFO - DAG(s) dict_keys(['pipeline_ingestion_suivi']) retrieved from /opt/airflow/dags/dag_suivi.py
[2026-08-10T12:20:42.441+0000] {logging_mixin.py:151} INFO - [2026-08-10T12:20:42.441+0000] {dag.py:2941} INFO - Sync 1 DAGs
[2026-08-10T12:20:42.467+0000] {logging_mixin.py:151} INFO - [2026-08-10T12:20:42.467+0000] {dag.py:3722} INFO - Setting next_dagrun for pipeline_ingestion_suivi to 2026-08-10T12:00:00+00:00, run_after=2026-08-10T13:00:00+00:00
[2026-08-10T12:20:42.504+0000] {processor.py:179} INFO - Processing /opt/airflow/dags/dag_suivi.py took 0.139 seconds
[2026-08-10T12:21:12.618+0000] {processor.py:157} INFO - Started process (PID=965) to work on /opt/airflow/dags/dag_suivi.py
[2026-08-10T12:21:12.619+0000] {processor.py:829} INFO - Processing file /opt/airflow/dags/dag_suivi.py for tasks to queue
[2026-08-10T12:21:12.620+0000] {logging_mixin.py:151} INFO - [2026-08-10T12:21:12.620+0000] {dagbag.py:536} INFO - Filling up the DagBag from /opt/airflow/dags/dag_suivi.py
[2026-08-10T12:21:12.651+0000] {processor.py:839} INFO - DAG(s) dict_keys(['pipeline_ingestion_suivi']) retrieved from /opt/airflow/dags/dag_suivi.py
[2026-08-10T12:21:12.681+0000] {logging_mixin.py:151} INFO - [2026-08-10T12:21:12.680+0000] {dag.py:2941} INFO - Sync 1 DAGs
[2026-08-10T12:21:12.704+0000] {logging_mixin.py:151} INFO - [2026-08-10T12:21:12.704+0000] {dag.py:3722} INFO - Setting next_dagrun for pipeline_ingestion_suivi to 2026-08-10T12:00:00+00:00, run_after=2026-08-10T13:00:00+00:00
[2026-08-10T12:21:12.736+0000] {processor.py:179} INFO - Processing /opt/airflow/dags/dag_suivi.py took 0.121 seconds
[2026-08-10T12:21:43.014+0000] {processor.py:157} INFO - Started process (PID=970) to work on /opt/airflow/dags/dag_suivi.py
[2026-08-10T12:21:43.015+0000] {processor.py:829} INFO - Processing file /opt/airflow/dags/dag_suivi.py for tasks to queue
[2026-08-10T12:21:43.018+0000] {logging_mixin.py:151} INFO - [2026-08-10T12:21:43.017+0000] {dagbag.py:536} INFO - Filling up the DagBag from /opt/airflow/dags/dag_suivi.py
[2026-08-10T12:21:43.089+0000] {processor.py:839} INFO - DAG(s) dict_keys(['pipeline_ingestion_suivi']) retrieved from /opt/airflow/dags/dag_suivi.py
[2026-08-10T12:21:43.156+0000] {logging_mixin.py:151} INFO - [2026-08-10T12:21:43.156+0000] {dag.py:2941} INFO - Sync 1 DAGs
[2026-08-10T12:21:43.226+0000] {logging_mixin.py:151} INFO - [2026-08-10T12:21:43.226+0000] {dag.py:3722} INFO - Setting next_dagrun for pipeline_ingestion_suivi to 2026-08-10T12:00:00+00:00, run_after=2026-08-10T13:00:00+00:00
[2026-08-10T12:21:43.276+0000] {processor.py:179} INFO - Processing /opt/airflow/dags/dag_suivi.py took 0.267 seconds
[2026-08-10T12:22:13.560+0000] {processor.py:157} INFO - Started process (PID=975) to work on /opt/airflow/dags/dag_suivi.py
[2026-08-10T12:22:13.561+0000] {processor.py:829} INFO - Processing file /opt/airflow/dags/dag_suivi.py for tasks to queue
[2026-08-10T12:22:13.562+0000] {logging_mixin.py:151} INFO - [2026-08-10T12:22:13.562+0000] {dagbag.py:536} INFO - Filling up the DagBag from /opt/airflow/dags/dag_suivi.py
[2026-08-10T12:22:13.595+0000] {processor.py:839} INFO - DAG(s) dict_keys(['pipeline_ingestion_suivi']) retrieved from /opt/airflow/dags/dag_suivi.py
[2026-08-10T12:22:13.631+0000] {logging_mixin.py:151} INFO - [2026-08-10T12:22:13.630+0000] {dag.py:2941} INFO - Sync 1 DAGs
[2026-08-10T12:22:13.661+0000] {logging_mixin.py:151} INFO - [2026-08-10T12:22:13.660+0000] {dag.py:3722} INFO - Setting next_dagrun for pipeline_ingestion_suivi to 2026-08-10T12:00:00+00:00, run_after=2026-08-10T13:00:00+00:00
[2026-08-10T12:22:13.696+0000] {processor.py:179} INFO - Processing /opt/airflow/dags/dag_suivi.py took 0.140 seconds
[2026-08-10T12:22:43.801+0000] {processor.py:157} INFO - Started process (PID=980) to work on /opt/airflow/dags/dag_suivi.py
[2026-08-10T12:22:43.802+0000] {processor.py:829} INFO - Processing file /opt/airflow/dags/dag_suivi.py for tasks to queue
[2026-08-10T12:22:43.804+0000] {logging_mixin.py:151} INFO - [2026-08-10T12:22:43.804+0000] {dagbag.py:536} INFO - Filling up the DagBag from /opt/airflow/dags/dag_suivi.py
[2026-08-10T12:22:43.845+0000] {processor.py:839} INFO - DAG(s) dict_keys(['pipeline_ingestion_suivi']) retrieved from /opt/airflow/dags/dag_suivi.py
[2026-08-10T12:22:43.883+0000] {logging_mixin.py:151} INFO - [2026-08-10T12:22:43.882+0000] {dag.py:2941} INFO - Sync 1 DAGs
[2026-08-10T12:22:43.912+0000] {logging_mixin.py:151} INFO - [2026-08-10T12:22:43.912+0000] {dag.py:3722} INFO - Setting next_dagrun for pipeline_ingestion_suivi to 2026-08-10T12:00:00+00:00, run_after=2026-08-10T13:00:00+00:00
[2026-08-10T12:22:43.952+0000] {processor.py:179} INFO - Processing /opt/airflow/dags/dag_suivi.py took 0.155 seconds
[2026-08-10T12:23:14.266+0000] {processor.py:157} INFO - Started process (PID=985) to work on /opt/airflow/dags/dag_suivi.py
[2026-08-10T12:23:14.268+0000] {processor.py:829} INFO - Processing file /opt/airflow/dags/dag_suivi.py for tasks to queue
[2026-08-10T12:23:14.270+0000] {logging_mixin.py:151} INFO - [2026-08-10T12:23:14.269+0000] {dagbag.py:536} INFO - Filling up the DagBag from /opt/airflow/dags/dag_suivi.py
[2026-08-10T12:23:14.315+0000] {processor.py:839} INFO - DAG(s) dict_keys(['pipeline_ingestion_suivi']) retrieved from /opt/airflow/dags/dag_suivi.py
[2026-08-10T12:23:14.363+0000] {logging_mixin.py:151} INFO - [2026-08-10T12:23:14.363+0000] {dag.py:2941} INFO - Sync 1 DAGs
[2026-08-10T12:23:14.394+0000] {logging_mixin.py:151} INFO - [2026-08-10T12:23:14.394+0000] {dag.py:3722} INFO - Setting next_dagrun for pipeline_ingestion_suivi to 2026-08-10T12:00:00+00:00, run_after=2026-08-10T13:00:00+00:00
[2026-08-10T12:23:14.436+0000] {processor.py:179} INFO - Processing /opt/airflow/dags/dag_suivi.py took 0.174 seconds
[2026-08-10T12:23:44.519+0000] {processor.py:157} INFO - Started process (PID=990) to work on /opt/airflow/dags/dag_suivi.py
[2026-08-10T12:23:44.520+0000] {processor.py:829} INFO - Processing file /opt/airflow/dags/dag_suivi.py for tasks to queue
[2026-08-10T12:23:44.522+0000] {logging_mixin.py:151} INFO - [2026-08-10T12:23:44.522+0000] {dagbag.py:536} INFO - Filling up the DagBag from /opt/airflow/dags/dag_suivi.py
[2026-08-10T12:23:44.562+0000] {processor.py:839} INFO - DAG(s) dict_keys(['pipeline_ingestion_suivi']) retrieved from /opt/airflow/dags/dag_suivi.py
[2026-08-10T12:23:44.615+0000] {logging_mixin.py:151} INFO - [2026-08-10T12:23:44.615+0000] {dag.py:2941} INFO - Sync 1 DAGs
[2026-08-10T12:23:44.651+0000] {logging_mixin.py:151} INFO - [2026-08-10T12:23:44.651+0000] {dag.py:3722} INFO - Setting next_dagrun for pipeline_ingestion_suivi to 2026-08-10T12:00:00+00:00, run_after=2026-08-10T13:00:00+00:00
[2026-08-10T12:23:44.685+0000] {processor.py:179} INFO - Processing /opt/airflow/dags/dag_suivi.py took 0.175 seconds
[2026-08-10T12:24:14.943+0000] {processor.py:157} INFO - Started process (PID=995) to work on /opt/airflow/dags/dag_suivi.py
[2026-08-10T12:24:14.944+0000] {processor.py:829} INFO - Processing file /opt/airflow/dags/dag_suivi.py for tasks to queue
[2026-08-10T12:24:14.945+0000] {logging_mixin.py:151} INFO - [2026-08-10T12:24:14.945+0000] {dagbag.py:536} INFO - Filling up the DagBag from /opt/airflow/dags/dag_suivi.py
[2026-08-10T12:24:14.981+0000] {processor.py:839} INFO - DAG(s) dict_keys(['pipeline_ingestion_suivi']) retrieved from /opt/airflow/dags/dag_suivi.py
[2026-08-10T12:24:15.016+0000] {logging_mixin.py:151} INFO - [2026-08-10T12:24:15.016+0000] {dag.py:2941} INFO - Sync 1 DAGs
[2026-08-10T12:24:15.040+0000] {logging_mixin.py:151} INFO - [2026-08-10T12:24:15.040+0000] {dag.py:3722} INFO - Setting next_dagrun for pipeline_ingestion_suivi to 2026-08-10T12:00:00+00:00, run_after=2026-08-10T13:00:00+00:00
[2026-08-10T12:24:15.076+0000] {processor.py:179} INFO - Processing /opt/airflow/dags/dag_suivi.py took 0.137 seconds
[2026-08-10T12:24:45.208+0000] {processor.py:157} INFO - Started process (PID=1000) to work on /opt/airflow/dags/dag_suivi.py
[2026-08-10T12:24:45.209+0000] {processor.py:829} INFO - Processing file /opt/airflow/dags/dag_suivi.py for tasks to queue
[2026-08-10T12:24:45.211+0000] {logging_mixin.py:151} INFO - [2026-08-10T12:24:45.211+0000] {dagbag.py:536} INFO - Filling up the DagBag from /opt/airflow/dags/dag_suivi.py
[2026-08-10T12:24:45.268+0000] {processor.py:839} INFO - DAG(s) dict_keys(['pipeline_ingestion_suivi']) retrieved from /opt/airflow/dags/dag_suivi.py
[2026-08-10T12:24:45.312+0000] {logging_mixin.py:151} INFO - [2026-08-10T12:24:45.311+0000] {dag.py:2941} INFO - Sync 1 DAGs
[2026-08-10T12:24:45.338+0000] {logging_mixin.py:151} INFO - [2026-08-10T12:24:45.338+0000] {dag.py:3722} INFO - Setting next_dagrun for pipeline_ingestion_suivi to 2026-08-10T12:00:00+00:00, run_after=2026-08-10T13:00:00+00:00
[2026-08-10T12:24:45.367+0000] {processor.py:179} INFO - Processing /opt/airflow/dags/dag_suivi.py took 0.163 seconds
[2026-08-10T12:25:15.602+0000] {processor.py:157} INFO - Started process (PID=1005) to work on /opt/airflow/dags/dag_suivi.py
[2026-08-10T12:25:15.604+0000] {processor.py:829} INFO - Processing file /opt/airflow/dags/dag_suivi.py for tasks to queue
[2026-08-10T12:25:15.607+0000] {logging_mixin.py:151} INFO - [2026-08-10T12:25:15.606+0000] {dagbag.py:536} INFO - Filling up the DagBag from /opt/airflow/dags/dag_suivi.py
[2026-08-10T12:25:15.656+0000] {processor.py:839} INFO - DAG(s) dict_keys(['pipeline_ingestion_suivi']) retrieved from /opt/airflow/dags/dag_suivi.py
[2026-08-10T12:25:15.695+0000] {logging_mixin.py:151} INFO - [2026-08-10T12:25:15.695+0000] {dag.py:2941} INFO - Sync 1 DAGs
[2026-08-10T12:25:15.729+0000] {logging_mixin.py:151} INFO - [2026-08-10T12:25:15.729+0000] {dag.py:3722} INFO - Setting next_dagrun for pipeline_ingestion_suivi to 2026-08-10T12:00:00+00:00, run_after=2026-08-10T13:00:00+00:00
[2026-08-10T12:25:15.763+0000] {processor.py:179} INFO - Processing /opt/airflow/dags/dag_suivi.py took 0.169 seconds
[2026-08-10T12:25:45.961+0000] {processor.py:157} INFO - Started process (PID=1010) to work on /opt/airflow/dags/dag_suivi.py
[2026-08-10T12:25:45.963+0000] {processor.py:829} INFO - Processing file /opt/airflow/dags/dag_suivi.py for tasks to queue
[2026-08-10T12:25:45.964+0000] {logging_mixin.py:151} INFO - [2026-08-10T12:25:45.964+0000] {dagbag.py:536} INFO - Filling up the DagBag from /opt/airflow/dags/dag_suivi.py
[2026-08-10T12:25:46.002+0000] {processor.py:839} INFO - DAG(s) dict_keys(['pipeline_ingestion_suivi']) retrieved from /opt/airflow/dags/dag_suivi.py
[2026-08-10T12:25:46.045+0000] {logging_mixin.py:151} INFO - [2026-08-10T12:25:46.045+0000] {dag.py:2941} INFO - Sync 1 DAGs
[2026-08-10T12:25:46.086+0000] {logging_mixin.py:151} INFO - [2026-08-10T12:25:46.085+0000] {dag.py:3722} INFO - Setting next_dagrun for pipeline_ingestion_suivi to 2026-08-10T12:00:00+00:00, run_after=2026-08-10T13:00:00+00:00
[2026-08-10T12:25:46.125+0000] {processor.py:179} INFO - Processing /opt/airflow/dags/dag_suivi.py took 0.169 seconds
[2026-08-10T12:26:16.364+0000] {processor.py:157} INFO - Started process (PID=1015) to work on /opt/airflow/dags/dag_suivi.py
[2026-08-10T12:26:16.366+0000] {processor.py:829} INFO - Processing file /opt/airflow/dags/dag_suivi.py for tasks to queue
[2026-08-10T12:26:16.368+0000] {logging_mixin.py:151} INFO - [2026-08-10T12:26:16.367+0000] {dagbag.py:536} INFO - Filling up the DagBag from /opt/airflow/dags/dag_suivi.py
[2026-08-10T12:26:16.398+0000] {processor.py:839} INFO - DAG(s) dict_keys(['pipeline_ingestion_suivi']) retrieved from /opt/airflow/dags/dag_suivi.py
[2026-08-10T12:26:16.444+0000] {logging_mixin.py:151} INFO - [2026-08-10T12:26:16.444+0000] {dag.py:2941} INFO - Sync 1 DAGs
[2026-08-10T12:26:16.478+0000] {logging_mixin.py:151} INFO - [2026-08-10T12:26:16.478+0000] {dag.py:3722} INFO - Setting next_dagrun for pipeline_ingestion_suivi to 2026-08-10T12:00:00+00:00, run_after=2026-08-10T13:00:00+00:00
[2026-08-10T12:26:16.516+0000] {processor.py:179} INFO - Processing /opt/airflow/dags/dag_suivi.py took 0.156 seconds
[2026-08-10T12:26:46.758+0000] {processor.py:157} INFO - Started process (PID=1020) to work on /opt/airflow/dags/dag_suivi.py
[2026-08-10T12:26:46.760+0000] {processor.py:829} INFO - Processing file /opt/airflow/dags/dag_suivi.py for tasks to queue
[2026-08-10T12:26:46.763+0000] {logging_mixin.py:151} INFO - [2026-08-10T12:26:46.763+0000] {dagbag.py:536} INFO - Filling up the DagBag from /opt/airflow/dags/dag_suivi.py
[2026-08-10T12:26:46.797+0000] {processor.py:839} INFO - DAG(s) dict_keys(['pipeline_ingestion_suivi']) retrieved from /opt/airflow/dags/dag_suivi.py
[2026-08-10T12:26:46.840+0000] {logging_mixin.py:151} INFO - [2026-08-10T12:26:46.840+0000] {dag.py:2941} INFO - Sync 1 DAGs
[2026-08-10T12:26:46.867+0000] {logging_mixin.py:151} INFO - [2026-08-10T12:26:46.866+0000] {dag.py:3722} INFO - Setting next_dagrun for pipeline_ingestion_suivi to 2026-08-10T12:00:00+00:00, run_after=2026-08-10T13:00:00+00:00
[2026-08-10T12:26:46.903+0000] {processor.py:179} INFO - Processing /opt/airflow/dags/dag_suivi.py took 0.150 seconds
[2026-08-10T12:27:17.068+0000] {processor.py:157} INFO - Started process (PID=1025) to work on /opt/airflow/dags/dag_suivi.py
[2026-08-10T12:27:17.070+0000] {processor.py:829} INFO - Processing file /opt/airflow/dags/dag_suivi.py for tasks to queue
[2026-08-10T12:27:17.072+0000] {logging_mixin.py:151} INFO - [2026-08-10T12:27:17.072+0000] {dagbag.py:536} INFO - Filling up the DagBag from /opt/airflow/dags/dag_suivi.py
[2026-08-10T12:27:17.110+0000] {processor.py:839} INFO - DAG(s) dict_keys(['pipeline_ingestion_suivi']) retrieved from /opt/airflow/dags/dag_suivi.py
[2026-08-10T12:27:17.145+0000] {logging_mixin.py:151} INFO - [2026-08-10T12:27:17.145+0000] {dag.py:2941} INFO - Sync 1 DAGs
[2026-08-10T12:27:17.174+0000] {logging_mixin.py:151} INFO - [2026-08-10T12:27:17.173+0000] {dag.py:3722} INFO - Setting next_dagrun for pipeline_ingestion_suivi to 2026-08-10T12:00:00+00:00, run_after=2026-08-10T13:00:00+00:00
[2026-08-10T12:27:17.209+0000] {processor.py:179} INFO - Processing /opt/airflow/dags/dag_suivi.py took 0.146 seconds
[2026-08-10T12:27:47.476+0000] {processor.py:157} INFO - Started process (PID=1030) to work on /opt/airflow/dags/dag_suivi.py
[2026-08-10T12:27:47.478+0000] {processor.py:829} INFO - Processing file /opt/airflow/dags/dag_suivi.py for tasks to queue
[2026-08-10T12:27:47.479+0000] {logging_mixin.py:151} INFO - [2026-08-10T12:27:47.479+0000] {dagbag.py:536} INFO - Filling up the DagBag from /opt/airflow/dags/dag_suivi.py
[2026-08-10T12:27:47.522+0000] {processor.py:839} INFO - DAG(s) dict_keys(['pipeline_ingestion_suivi']) retrieved from /opt/airflow/dags/dag_suivi.py
[2026-08-10T12:27:47.567+0000] {logging_mixin.py:151} INFO - [2026-08-10T12:27:47.566+0000] {dag.py:2941} INFO - Sync 1 DAGs
[2026-08-10T12:27:47.599+0000] {logging_mixin.py:151} INFO - [2026-08-10T12:27:47.599+0000] {dag.py:3722} INFO - Setting next_dagrun for pipeline_ingestion_suivi to 2026-08-10T12:00:00+00:00, run_after=2026-08-10T13:00:00+00:00
[2026-08-10T12:27:47.641+0000] {processor.py:179} INFO - Processing /opt/airflow/dags/dag_suivi.py took 0.169 seconds
[2026-08-10T12:28:17.861+0000] {processor.py:157} INFO - Started process (PID=1035) to work on /opt/airflow/dags/dag_suivi.py
[2026-08-10T12:28:17.862+0000] {processor.py:829} INFO - Processing file /opt/airflow/dags/dag_suivi.py for tasks to queue
[2026-08-10T12:28:17.864+0000] {logging_mixin.py:151} INFO - [2026-08-10T12:28:17.863+0000] {dagbag.py:536} INFO - Filling up the DagBag from /opt/airflow/dags/dag_suivi.py
[2026-08-10T12:28:17.900+0000] {processor.py:839} INFO - DAG(s) dict_keys(['pipeline_ingestion_suivi']) retrieved from /opt/airflow/dags/dag_suivi.py
[2026-08-10T12:28:17.939+0000] {logging_mixin.py:151} INFO - [2026-08-10T12:28:17.938+0000] {dag.py:2941} INFO - Sync 1 DAGs
[2026-08-10T12:28:17.966+0000] {logging_mixin.py:151} INFO - [2026-08-10T12:28:17.966+0000] {dag.py:3722} INFO - Setting next_dagrun for pipeline_ingestion_suivi to 2026-08-10T12:00:00+00:00, run_after=2026-08-10T13:00:00+00:00
[2026-08-10T12:28:18.005+0000] {processor.py:179} INFO - Processing /opt/airflow/dags/dag_suivi.py took 0.149 seconds
[2026-08-10T12:28:48.217+0000] {processor.py:157} INFO - Started process (PID=1040) to work on /opt/airflow/dags/dag_suivi.py
[2026-08-10T12:28:48.218+0000] {processor.py:829} INFO - Processing file /opt/airflow/dags/dag_suivi.py for tasks to queue
[2026-08-10T12:28:48.220+0000] {logging_mixin.py:151} INFO - [2026-08-10T12:28:48.219+0000] {dagbag.py:536} INFO - Filling up the DagBag from /opt/airflow/dags/dag_suivi.py
[2026-08-10T12:28:48.265+0000] {processor.py:839} INFO - DAG(s) dict_keys(['pipeline_ingestion_suivi']) retrieved from /opt/airflow/dags/dag_suivi.py
[2026-08-10T12:28:48.300+0000] {logging_mixin.py:151} INFO - [2026-08-10T12:28:48.299+0000] {dag.py:2941} INFO - Sync 1 DAGs
[2026-08-10T12:28:48.328+0000] {logging_mixin.py:151} INFO - [2026-08-10T12:28:48.327+0000] {dag.py:3722} INFO - Setting next_dagrun for pipeline_ingestion_suivi to 2026-08-10T12:00:00+00:00, run_after=2026-08-10T13:00:00+00:00
[2026-08-10T12:28:48.355+0000] {processor.py:179} INFO - Processing /opt/airflow/dags/dag_suivi.py took 0.144 seconds
[2026-08-10T12:29:18.597+0000] {processor.py:157} INFO - Started process (PID=1045) to work on /opt/airflow/dags/dag_suivi.py
[2026-08-10T12:29:18.598+0000] {processor.py:829} INFO - Processing file /opt/airflow/dags/dag_suivi.py for tasks to queue
[2026-08-10T12:29:18.599+0000] {logging_mixin.py:151} INFO - [2026-08-10T12:29:18.599+0000] {dagbag.py:536} INFO - Filling up the DagBag from /opt/airflow/dags/dag_suivi.py
[2026-08-10T12:29:18.636+0000] {processor.py:839} INFO - DAG(s) dict_keys(['pipeline_ingestion_suivi']) retrieved from /opt/airflow/dags/dag_suivi.py
[2026-08-10T12:29:18.670+0000] {logging_mixin.py:151} INFO - [2026-08-10T12:29:18.670+0000] {dag.py:2941} INFO - Sync 1 DAGs
[2026-08-10T12:29:18.700+0000] {logging_mixin.py:151} INFO - [2026-08-10T12:29:18.700+0000] {dag.py:3722} INFO - Setting next_dagrun for pipeline_ingestion_suivi to 2026-08-10T12:00:00+00:00, run_after=2026-08-10T13:00:00+00:00
[2026-08-10T12:29:18.737+0000] {processor.py:179} INFO - Processing /opt/airflow/dags/dag_suivi.py took 0.145 seconds
[2026-08-10T12:29:48.996+0000] {processor.py:157} INFO - Started process (PID=1050) to work on /opt/airflow/dags/dag_suivi.py
[2026-08-10T12:29:48.997+0000] {processor.py:829} INFO - Processing file /opt/airflow/dags/dag_suivi.py for tasks to queue
[2026-08-10T12:29:48.999+0000] {logging_mixin.py:151} INFO - [2026-08-10T12:29:48.998+0000] {dagbag.py:536} INFO - Filling up the DagBag from /opt/airflow/dags/dag_suivi.py
[2026-08-10T12:29:49.029+0000] {processor.py:839} INFO - DAG(s) dict_keys(['pipeline_ingestion_suivi']) retrieved from /opt/airflow/dags/dag_suivi.py
[2026-08-10T12:29:49.074+0000] {logging_mixin.py:151} INFO - [2026-08-10T12:29:49.073+0000] {dag.py:2941} INFO - Sync 1 DAGs
[2026-08-10T12:29:49.105+0000] {logging_mixin.py:151} INFO - [2026-08-10T12:29:49.105+0000] {dag.py:3722} INFO - Setting next_dagrun for pipeline_ingestion_suivi to 2026-08-10T12:00:00+00:00, run_after=2026-08-10T13:00:00+00:00
[2026-08-10T12:29:49.141+0000] {processor.py:179} INFO - Processing /opt/airflow/dags/dag_suivi.py took 0.150 seconds
[2026-08-10T12:30:19.397+0000] {processor.py:157} INFO - Started process (PID=1055) to work on /opt/airflow/dags/dag_suivi.py
[2026-08-10T12:30:19.399+0000] {processor.py:829} INFO - Processing file /opt/airflow/dags/dag_suivi.py for tasks to queue
[2026-08-10T12:30:19.400+0000] {logging_mixin.py:151} INFO - [2026-08-10T12:30:19.400+0000] {dagbag.py:536} INFO - Filling up the DagBag from /opt/airflow/dags/dag_suivi.py
[2026-08-10T12:30:19.436+0000] {processor.py:839} INFO - DAG(s) dict_keys(['pipeline_ingestion_suivi']) retrieved from /opt/airflow/dags/dag_suivi.py
[2026-08-10T12:30:19.470+0000] {logging_mixin.py:151} INFO - [2026-08-10T12:30:19.470+0000] {dag.py:2941} INFO - Sync 1 DAGs
[2026-08-10T12:30:19.501+0000] {logging_mixin.py:151} INFO - [2026-08-10T12:30:19.500+0000] {dag.py:3722} INFO - Setting next_dagrun for pipeline_ingestion_suivi to 2026-08-10T12:00:00+00:00, run_after=2026-08-10T13:00:00+00:00
[2026-08-10T12:30:19.540+0000] {processor.py:179} INFO - Processing /opt/airflow/dags/dag_suivi.py took 0.147 seconds
[2026-08-10T12:30:49.760+0000] {processor.py:157} INFO - Started process (PID=1060) to work on /opt/airflow/dags/dag_suivi.py
[2026-08-10T12:30:49.761+0000] {processor.py:829} INFO - Processing file /opt/airflow/dags/dag_suivi.py for tasks to queue
[2026-08-10T12:30:49.763+0000] {logging_mixin.py:151} INFO - [2026-08-10T12:30:49.762+0000] {dagbag.py:536} INFO - Filling up the DagBag from /opt/airflow/dags/dag_suivi.py
[2026-08-10T12:30:49.806+0000] {processor.py:839} INFO - DAG(s) dict_keys(['pipeline_ingestion_suivi']) retrieved from /opt/airflow/dags/dag_suivi.py
[2026-08-10T12:30:49.843+0000] {logging_mixin.py:151} INFO - [2026-08-10T12:30:49.843+0000] {dag.py:2941} INFO - Sync 1 DAGs
[2026-08-10T12:30:49.872+0000] {logging_mixin.py:151} INFO - [2026-08-10T12:30:49.871+0000] {dag.py:3722} INFO - Setting next_dagrun for pipeline_ingestion_suivi to 2026-08-10T12:00:00+00:00, run_after=2026-08-10T13:00:00+00:00
[2026-08-10T12:30:49.909+0000] {processor.py:179} INFO - Processing /opt/airflow/dags/dag_suivi.py took 0.153 seconds
[2026-08-10T12:31:20.134+0000] {processor.py:157} INFO - Started process (PID=1065) to work on /opt/airflow/dags/dag_suivi.py
[2026-08-10T12:31:20.136+0000] {processor.py:829} INFO - Processing file /opt/airflow/dags/dag_suivi.py for tasks to queue
[2026-08-10T12:31:20.137+0000] {logging_mixin.py:151} INFO - [2026-08-10T12:31:20.137+0000] {dagbag.py:536} INFO - Filling up the DagBag from /opt/airflow/dags/dag_suivi.py
[2026-08-10T12:31:20.172+0000] {processor.py:839} INFO - DAG(s) dict_keys(['pipeline_ingestion_suivi']) retrieved from /opt/airflow/dags/dag_suivi.py
[2026-08-10T12:31:20.208+0000] {logging_mixin.py:151} INFO - [2026-08-10T12:31:20.208+0000] {dag.py:2941} INFO - Sync 1 DAGs
[2026-08-10T12:31:20.240+0000] {logging_mixin.py:151} INFO - [2026-08-10T12:31:20.240+0000] {dag.py:3722} INFO - Setting next_dagrun for pipeline_ingestion_suivi to 2026-08-10T12:00:00+00:00, run_after=2026-08-10T13:00:00+00:00
[2026-08-10T12:31:20.281+0000] {processor.py:179} INFO - Processing /opt/airflow/dags/dag_suivi.py took 0.153 seconds
[2026-08-10T12:31:50.459+0000] {processor.py:157} INFO - Started process (PID=1070) to work on /opt/airflow/dags/dag_suivi.py
[2026-08-10T12:31:50.460+0000] {processor.py:829} INFO - Processing file /opt/airflow/dags/dag_suivi.py for tasks to queue
[2026-08-10T12:31:50.461+0000] {logging_mixin.py:151} INFO - [2026-08-10T12:31:50.461+0000] {dagbag.py:536} INFO - Filling up the DagBag from /opt/airflow/dags/dag_suivi.py
[2026-08-10T12:31:50.494+0000] {processor.py:839} INFO - DAG(s) dict_keys(['pipeline_ingestion_suivi']) retrieved from /opt/airflow/dags/dag_suivi.py
[2026-08-10T12:31:50.528+0000] {logging_mixin.py:151} INFO - [2026-08-10T12:31:50.528+0000] {dag.py:2941} INFO - Sync 1 DAGs
[2026-08-10T12:31:50.555+0000] {logging_mixin.py:151} INFO - [2026-08-10T12:31:50.554+0000] {dag.py:3722} INFO - Setting next_dagrun for pipeline_ingestion_suivi to 2026-08-10T12:00:00+00:00, run_after=2026-08-10T13:00:00+00:00
[2026-08-10T12:31:50.590+0000] {processor.py:179} INFO - Processing /opt/airflow/dags/dag_suivi.py took 0.135 seconds
[2026-08-10T12:32:20.909+0000] {processor.py:157} INFO - Started process (PID=1075) to work on /opt/airflow/dags/dag_suivi.py
[2026-08-10T12:32:20.910+0000] {processor.py:829} INFO - Processing file /opt/airflow/dags/dag_suivi.py for tasks to queue
[2026-08-10T12:32:20.912+0000] {logging_mixin.py:151} INFO - [2026-08-10T12:32:20.911+0000] {dagbag.py:536} INFO - Filling up the DagBag from /opt/airflow/dags/dag_suivi.py
[2026-08-10T12:32:20.946+0000] {processor.py:839} INFO - DAG(s) dict_keys(['pipeline_ingestion_suivi']) retrieved from /opt/airflow/dags/dag_suivi.py
[2026-08-10T12:32:20.990+0000] {logging_mixin.py:151} INFO - [2026-08-10T12:32:20.990+0000] {dag.py:2941} INFO - Sync 1 DAGs
[2026-08-10T12:32:21.021+0000] {logging_mixin.py:151} INFO - [2026-08-10T12:32:21.021+0000] {dag.py:3722} INFO - Setting next_dagrun for pipeline_ingestion_suivi to 2026-08-10T12:00:00+00:00, run_after=2026-08-10T13:00:00+00:00
[2026-08-10T12:32:21.053+0000] {processor.py:179} INFO - Processing /opt/airflow/dags/dag_suivi.py took 0.148 seconds
[2026-08-10T12:32:51.285+0000] {processor.py:157} INFO - Started process (PID=1080) to work on /opt/airflow/dags/dag_suivi.py
[2026-08-10T12:32:51.286+0000] {processor.py:829} INFO - Processing file /opt/airflow/dags/dag_suivi.py for tasks to queue
[2026-08-10T12:32:51.288+0000] {logging_mixin.py:151} INFO - [2026-08-10T12:32:51.288+0000] {dagbag.py:536} INFO - Filling up the DagBag from /opt/airflow/dags/dag_suivi.py
[2026-08-10T12:32:51.322+0000] {processor.py:839} INFO - DAG(s) dict_keys(['pipeline_ingestion_suivi']) retrieved from /opt/airflow/dags/dag_suivi.py
[2026-08-10T12:32:51.358+0000] {logging_mixin.py:151} INFO - [2026-08-10T12:32:51.358+0000] {dag.py:2941} INFO - Sync 1 DAGs
[2026-08-10T12:32:51.389+0000] {logging_mixin.py:151} INFO - [2026-08-10T12:32:51.389+0000] {dag.py:3722} INFO - Setting next_dagrun for pipeline_ingestion_suivi to 2026-08-10T12:00:00+00:00, run_after=2026-08-10T13:00:00+00:00
[2026-08-10T12:32:51.422+0000] {processor.py:179} INFO - Processing /opt/airflow/dags/dag_suivi.py took 0.144 seconds
[2026-08-10T12:33:21.689+0000] {processor.py:157} INFO - Started process (PID=1085) to work on /opt/airflow/dags/dag_suivi.py
[2026-08-10T12:33:21.692+0000] {processor.py:829} INFO - Processing file /opt/airflow/dags/dag_suivi.py for tasks to queue
[2026-08-10T12:33:21.696+0000] {logging_mixin.py:151} INFO - [2026-08-10T12:33:21.695+0000] {dagbag.py:536} INFO - Filling up the DagBag from /opt/airflow/dags/dag_suivi.py
[2026-08-10T12:33:21.747+0000] {processor.py:839} INFO - DAG(s) dict_keys(['pipeline_ingestion_suivi']) retrieved from /opt/airflow/dags/dag_suivi.py
[2026-08-10T12:33:21.796+0000] {logging_mixin.py:151} INFO - [2026-08-10T12:33:21.796+0000] {dag.py:2941} INFO - Sync 1 DAGs
[2026-08-10T12:33:21.838+0000] {logging_mixin.py:151} INFO - [2026-08-10T12:33:21.837+0000] {dag.py:3722} INFO - Setting next_dagrun for pipeline_ingestion_suivi to 2026-08-10T12:00:00+00:00, run_after=2026-08-10T13:00:00+00:00
[2026-08-10T12:33:21.887+0000] {processor.py:179} INFO - Processing /opt/airflow/dags/dag_suivi.py took 0.205 seconds
[2026-08-10T12:33:52.028+0000] {processor.py:157} INFO - Started process (PID=1090) to work on /opt/airflow/dags/dag_suivi.py
[2026-08-10T12:33:52.030+0000] {processor.py:829} INFO - Processing file /opt/airflow/dags/dag_suivi.py for tasks to queue
[2026-08-10T12:33:52.032+0000] {logging_mixin.py:151} INFO - [2026-08-10T12:33:52.031+0000] {dagbag.py:536} INFO - Filling up the DagBag from /opt/airflow/dags/dag_suivi.py
[2026-08-10T12:33:52.069+0000] {processor.py:839} INFO - DAG(s) dict_keys(['pipeline_ingestion_suivi']) retrieved from /opt/airflow/dags/dag_suivi.py
[2026-08-10T12:33:52.105+0000] {logging_mixin.py:151} INFO - [2026-08-10T12:33:52.105+0000] {dag.py:2941} INFO - Sync 1 DAGs
[2026-08-10T12:33:52.134+0000] {logging_mixin.py:151} INFO - [2026-08-10T12:33:52.134+0000] {dag.py:3722} INFO - Setting next_dagrun for pipeline_ingestion_suivi to 2026-08-10T12:00:00+00:00, run_after=2026-08-10T13:00:00+00:00
[2026-08-10T12:33:52.168+0000] {processor.py:179} INFO - Processing /opt/airflow/dags/dag_suivi.py took 0.144 seconds
[2026-08-10T12:34:22.500+0000] {processor.py:157} INFO - Started process (PID=1095) to work on /opt/airflow/dags/dag_suivi.py
[2026-08-10T12:34:22.502+0000] {processor.py:829} INFO - Processing file /opt/airflow/dags/dag_suivi.py for tasks to queue
[2026-08-10T12:34:22.503+0000] {logging_mixin.py:151} INFO - [2026-08-10T12:34:22.503+0000] {dagbag.py:536} INFO - Filling up the DagBag from /opt/airflow/dags/dag_suivi.py
[2026-08-10T12:34:22.537+0000] {processor.py:839} INFO - DAG(s) dict_keys(['pipeline_ingestion_suivi']) retrieved from /opt/airflow/dags/dag_suivi.py
[2026-08-10T12:34:22.598+0000] {logging_mixin.py:151} INFO - [2026-08-10T12:34:22.598+0000] {dag.py:2941} INFO - Sync 1 DAGs
[2026-08-10T12:34:22.631+0000] {logging_mixin.py:151} INFO - [2026-08-10T12:34:22.631+0000] {dag.py:3722} INFO - Setting next_dagrun for pipeline_ingestion_suivi to 2026-08-10T12:00:00+00:00, run_after=2026-08-10T13:00:00+00:00
[2026-08-10T12:34:22.657+0000] {processor.py:179} INFO - Processing /opt/airflow/dags/dag_suivi.py took 0.161 seconds
[2026-08-10T12:34:52.825+0000] {processor.py:157} INFO - Started process (PID=1100) to work on /opt/airflow/dags/dag_suivi.py
[2026-08-10T12:34:52.826+0000] {processor.py:829} INFO - Processing file /opt/airflow/dags/dag_suivi.py for tasks to queue
[2026-08-10T12:34:52.827+0000] {logging_mixin.py:151} INFO - [2026-08-10T12:34:52.827+0000] {dagbag.py:536} INFO - Filling up the DagBag from /opt/airflow/dags/dag_suivi.py
[2026-08-10T12:34:52.868+0000] {processor.py:839} INFO - DAG(s) dict_keys(['pipeline_ingestion_suivi']) retrieved from /opt/airflow/dags/dag_suivi.py
[2026-08-10T12:34:52.906+0000] {logging_mixin.py:151} INFO - [2026-08-10T12:34:52.906+0000] {dag.py:2941} INFO - Sync 1 DAGs
[2026-08-10T12:34:52.939+0000] {logging_mixin.py:151} INFO - [2026-08-10T12:34:52.938+0000] {dag.py:3722} INFO - Setting next_dagrun for pipeline_ingestion_suivi to 2026-08-10T12:00:00+00:00, run_after=2026-08-10T13:00:00+00:00
[2026-08-10T12:34:52.975+0000] {processor.py:179} INFO - Processing /opt/airflow/dags/dag_suivi.py took 0.154 seconds
[2026-08-10T12:35:23.222+0000] {processor.py:157} INFO - Started process (PID=1105) to work on /opt/airflow/dags/dag_suivi.py
[2026-08-10T12:35:23.223+0000] {processor.py:829} INFO - Processing file /opt/airflow/dags/dag_suivi.py for tasks to queue
[2026-08-10T12:35:23.224+0000] {logging_mixin.py:151} INFO - [2026-08-10T12:35:23.224+0000] {dagbag.py:536} INFO - Filling up the DagBag from /opt/airflow/dags/dag_suivi.py
[2026-08-10T12:35:23.263+0000] {processor.py:839} INFO - DAG(s) dict_keys(['pipeline_ingestion_suivi']) retrieved from /opt/airflow/dags/dag_suivi.py
[2026-08-10T12:35:23.297+0000] {logging_mixin.py:151} INFO - [2026-08-10T12:35:23.297+0000] {dag.py:2941} INFO - Sync 1 DAGs
[2026-08-10T12:35:23.324+0000] {logging_mixin.py:151} INFO - [2026-08-10T12:35:23.324+0000] {dag.py:3722} INFO - Setting next_dagrun for pipeline_ingestion_suivi to 2026-08-10T12:00:00+00:00, run_after=2026-08-10T13:00:00+00:00
[2026-08-10T12:35:23.361+0000] {processor.py:179} INFO - Processing /opt/airflow/dags/dag_suivi.py took 0.143 seconds
[2026-08-10T12:35:53.552+0000] {processor.py:157} INFO - Started process (PID=1110) to work on /opt/airflow/dags/dag_suivi.py
[2026-08-10T12:35:53.553+0000] {processor.py:829} INFO - Processing file /opt/airflow/dags/dag_suivi.py for tasks to queue
[2026-08-10T12:35:53.555+0000] {logging_mixin.py:151} INFO - [2026-08-10T12:35:53.554+0000] {dagbag.py:536} INFO - Filling up the DagBag from /opt/airflow/dags/dag_suivi.py
[2026-08-10T12:35:53.591+0000] {processor.py:839} INFO - DAG(s) dict_keys(['pipeline_ingestion_suivi']) retrieved from /opt/airflow/dags/dag_suivi.py
[2026-08-10T12:35:53.629+0000] {logging_mixin.py:151} INFO - [2026-08-10T12:35:53.628+0000] {dag.py:2941} INFO - Sync 1 DAGs
[2026-08-10T12:35:53.665+0000] {logging_mixin.py:151} INFO - [2026-08-10T12:35:53.665+0000] {dag.py:3722} INFO - Setting next_dagrun for pipeline_ingestion_suivi to 2026-08-10T12:00:00+00:00, run_after=2026-08-10T13:00:00+00:00
[2026-08-10T12:35:53.707+0000] {processor.py:179} INFO - Processing /opt/airflow/dags/dag_suivi.py took 0.159 seconds
[2026-08-10T12:36:24.005+0000] {processor.py:157} INFO - Started process (PID=1115) to work on /opt/airflow/dags/dag_suivi.py
[2026-08-10T12:36:24.007+0000] {processor.py:829} INFO - Processing file /opt/airflow/dags/dag_suivi.py for tasks to queue
[2026-08-10T12:36:24.009+0000] {logging_mixin.py:151} INFO - [2026-08-10T12:36:24.008+0000] {dagbag.py:536} INFO - Filling up the DagBag from /opt/airflow/dags/dag_suivi.py
[2026-08-10T12:36:24.052+0000] {processor.py:839} INFO - DAG(s) dict_keys(['pipeline_ingestion_suivi']) retrieved from /opt/airflow/dags/dag_suivi.py
[2026-08-10T12:36:24.089+0000] {logging_mixin.py:151} INFO - [2026-08-10T12:36:24.088+0000] {dag.py:2941} INFO - Sync 1 DAGs
[2026-08-10T12:36:24.120+0000] {logging_mixin.py:151} INFO - [2026-08-10T12:36:24.119+0000] {dag.py:3722} INFO - Setting next_dagrun for pipeline_ingestion_suivi to 2026-08-10T12:00:00+00:00, run_after=2026-08-10T13:00:00+00:00
[2026-08-10T12:36:24.156+0000] {processor.py:179} INFO - Processing /opt/airflow/dags/dag_suivi.py took 0.160 seconds
[2026-08-10T12:36:54.353+0000] {processor.py:157} INFO - Started process (PID=1120) to work on /opt/airflow/dags/dag_suivi.py
[2026-08-10T12:36:54.354+0000] {processor.py:829} INFO - Processing file /opt/airflow/dags/dag_suivi.py for tasks to queue
[2026-08-10T12:36:54.356+0000] {logging_mixin.py:151} INFO - [2026-08-10T12:36:54.355+0000] {dagbag.py:536} INFO - Filling up the DagBag from /opt/airflow/dags/dag_suivi.py
[2026-08-10T12:36:54.393+0000] {processor.py:839} INFO - DAG(s) dict_keys(['pipeline_ingestion_suivi']) retrieved from /opt/airflow/dags/dag_suivi.py
[2026-08-10T12:36:54.438+0000] {logging_mixin.py:151} INFO - [2026-08-10T12:36:54.437+0000] {dag.py:2941} INFO - Sync 1 DAGs
[2026-08-10T12:36:54.467+0000] {logging_mixin.py:151} INFO - [2026-08-10T12:36:54.467+0000] {dag.py:3722} INFO - Setting next_dagrun for pipeline_ingestion_suivi to 2026-08-10T12:00:00+00:00, run_after=2026-08-10T13:00:00+00:00
[2026-08-10T12:36:54.494+0000] {processor.py:179} INFO - Processing /opt/airflow/dags/dag_suivi.py took 0.145 seconds
[2026-08-10T12:37:24.707+0000] {processor.py:157} INFO - Started process (PID=1125) to work on /opt/airflow/dags/dag_suivi.py
[2026-08-10T12:37:24.709+0000] {processor.py:829} INFO - Processing file /opt/airflow/dags/dag_suivi.py for tasks to queue
[2026-08-10T12:37:24.710+0000] {logging_mixin.py:151} INFO - [2026-08-10T12:37:24.710+0000] {dagbag.py:536} INFO - Filling up the DagBag from /opt/airflow/dags/dag_suivi.py
[2026-08-10T12:37:24.743+0000] {processor.py:839} INFO - DAG(s) dict_keys(['pipeline_ingestion_suivi']) retrieved from /opt/airflow/dags/dag_suivi.py
[2026-08-10T12:37:24.777+0000] {logging_mixin.py:151} INFO - [2026-08-10T12:37:24.776+0000] {dag.py:2941} INFO - Sync 1 DAGs
[2026-08-10T12:37:24.805+0000] {logging_mixin.py:151} INFO - [2026-08-10T12:37:24.805+0000] {dag.py:3722} INFO - Setting next_dagrun for pipeline_ingestion_suivi to 2026-08-10T12:00:00+00:00, run_after=2026-08-10T13:00:00+00:00
[2026-08-10T12:37:24.830+0000] {processor.py:179} INFO - Processing /opt/airflow/dags/dag_suivi.py took 0.127 seconds
[2026-08-10T12:37:55.057+0000] {processor.py:157} INFO - Started process (PID=1130) to work on /opt/airflow/dags/dag_suivi.py
[2026-08-10T12:37:55.058+0000] {processor.py:829} INFO - Processing file /opt/airflow/dags/dag_suivi.py for tasks to queue
[2026-08-10T12:37:55.060+0000] {logging_mixin.py:151} INFO - [2026-08-10T12:37:55.060+0000] {dagbag.py:536} INFO - Filling up the DagBag from /opt/airflow/dags/dag_suivi.py
[2026-08-10T12:37:55.094+0000] {processor.py:839} INFO - DAG(s) dict_keys(['pipeline_ingestion_suivi']) retrieved from /opt/airflow/dags/dag_suivi.py
[2026-08-10T12:37:55.131+0000] {logging_mixin.py:151} INFO - [2026-08-10T12:37:55.131+0000] {dag.py:2941} INFO - Sync 1 DAGs
[2026-08-10T12:37:55.160+0000] {logging_mixin.py:151} INFO - [2026-08-10T12:37:55.159+0000] {dag.py:3722} INFO - Setting next_dagrun for pipeline_ingestion_suivi to 2026-08-10T12:00:00+00:00, run_after=2026-08-10T13:00:00+00:00
[2026-08-10T12:37:55.197+0000] {processor.py:179} INFO - Processing /opt/airflow/dags/dag_suivi.py took 0.145 seconds
[2026-08-10T12:38:25.476+0000] {processor.py:157} INFO - Started process (PID=1135) to work on /opt/airflow/dags/dag_suivi.py
[2026-08-10T12:38:25.477+0000] {processor.py:829} INFO - Processing file /opt/airflow/dags/dag_suivi.py for tasks to queue
[2026-08-10T12:38:25.479+0000] {logging_mixin.py:151} INFO - [2026-08-10T12:38:25.478+0000] {dagbag.py:536} INFO - Filling up the DagBag from /opt/airflow/dags/dag_suivi.py
[2026-08-10T12:38:25.515+0000] {processor.py:839} INFO - DAG(s) dict_keys(['pipeline_ingestion_suivi']) retrieved from /opt/airflow/dags/dag_suivi.py
[2026-08-10T12:38:25.550+0000] {logging_mixin.py:151} INFO - [2026-08-10T12:38:25.549+0000] {dag.py:2941} INFO - Sync 1 DAGs
[2026-08-10T12:38:25.578+0000] {logging_mixin.py:151} INFO - [2026-08-10T12:38:25.578+0000] {dag.py:3722} INFO - Setting next_dagrun for pipeline_ingestion_suivi to 2026-08-10T12:00:00+00:00, run_after=2026-08-10T13:00:00+00:00
[2026-08-10T12:38:25.614+0000] {processor.py:179} INFO - Processing /opt/airflow/dags/dag_suivi.py took 0.141 seconds
[2026-08-10T12:38:55.816+0000] {processor.py:157} INFO - Started process (PID=1140) to work on /opt/airflow/dags/dag_suivi.py
[2026-08-10T12:38:55.817+0000] {processor.py:829} INFO - Processing file /opt/airflow/dags/dag_suivi.py for tasks to queue
[2026-08-10T12:38:55.819+0000] {logging_mixin.py:151} INFO - [2026-08-10T12:38:55.818+0000] {dagbag.py:536} INFO - Filling up the DagBag from /opt/airflow/dags/dag_suivi.py
[2026-08-10T12:38:55.863+0000] {processor.py:839} INFO - DAG(s) dict_keys(['pipeline_ingestion_suivi']) retrieved from /opt/airflow/dags/dag_suivi.py
[2026-08-10T12:38:55.903+0000] {logging_mixin.py:151} INFO - [2026-08-10T12:38:55.903+0000] {dag.py:2941} INFO - Sync 1 DAGs
[2026-08-10T12:38:55.932+0000] {logging_mixin.py:151} INFO - [2026-08-10T12:38:55.932+0000] {dag.py:3722} INFO - Setting next_dagrun for pipeline_ingestion_suivi to 2026-08-10T12:00:00+00:00, run_after=2026-08-10T13:00:00+00:00
[2026-08-10T12:38:55.968+0000] {processor.py:179} INFO - Processing /opt/airflow/dags/dag_suivi.py took 0.158 seconds
[2026-08-10T12:39:26.231+0000] {processor.py:157} INFO - Started process (PID=1145) to work on /opt/airflow/dags/dag_suivi.py
[2026-08-10T12:39:26.233+0000] {processor.py:829} INFO - Processing file /opt/airflow/dags/dag_suivi.py for tasks to queue
[2026-08-10T12:39:26.235+0000] {logging_mixin.py:151} INFO - [2026-08-10T12:39:26.234+0000] {dagbag.py:536} INFO - Filling up the DagBag from /opt/airflow/dags/dag_suivi.py
[2026-08-10T12:39:26.267+0000] {processor.py:839} INFO - DAG(s) dict_keys(['pipeline_ingestion_suivi']) retrieved from /opt/airflow/dags/dag_suivi.py
[2026-08-10T12:39:26.307+0000] {logging_mixin.py:151} INFO - [2026-08-10T12:39:26.307+0000] {dag.py:2941} INFO - Sync 1 DAGs
[2026-08-10T12:39:26.331+0000] {logging_mixin.py:151} INFO - [2026-08-10T12:39:26.331+0000] {dag.py:3722} INFO - Setting next_dagrun for pipeline_ingestion_suivi to 2026-08-10T12:00:00+00:00, run_after=2026-08-10T13:00:00+00:00
[2026-08-10T12:39:26.365+0000] {processor.py:179} INFO - Processing /opt/airflow/dags/dag_suivi.py took 0.143 seconds
[2026-08-10T12:39:56.574+0000] {processor.py:157} INFO - Started process (PID=1150) to work on /opt/airflow/dags/dag_suivi.py
[2026-08-10T12:39:56.575+0000] {processor.py:829} INFO - Processing file /opt/airflow/dags/dag_suivi.py for tasks to queue
[2026-08-10T12:39:56.578+0000] {logging_mixin.py:151} INFO - [2026-08-10T12:39:56.577+0000] {dagbag.py:536} INFO - Filling up the DagBag from /opt/airflow/dags/dag_suivi.py
[2026-08-10T12:39:56.610+0000] {processor.py:839} INFO - DAG(s) dict_keys(['pipeline_ingestion_suivi']) retrieved from /opt/airflow/dags/dag_suivi.py
[2026-08-10T12:39:56.655+0000] {logging_mixin.py:151} INFO - [2026-08-10T12:39:56.655+0000] {dag.py:2941} INFO - Sync 1 DAGs
[2026-08-10T12:39:56.691+0000] {logging_mixin.py:151} INFO - [2026-08-10T12:39:56.691+0000] {dag.py:3722} INFO - Setting next_dagrun for pipeline_ingestion_suivi to 2026-08-10T12:00:00+00:00, run_after=2026-08-10T13:00:00+00:00
[2026-08-10T12:39:56.721+0000] {processor.py:179} INFO - Processing /opt/airflow/dags/dag_suivi.py took 0.151 seconds
[2026-08-10T12:40:26.927+0000] {processor.py:157} INFO - Started process (PID=1155) to work on /opt/airflow/dags/dag_suivi.py
[2026-08-10T12:40:26.929+0000] {processor.py:829} INFO - Processing file /opt/airflow/dags/dag_suivi.py for tasks to queue
[2026-08-10T12:40:26.931+0000] {logging_mixin.py:151} INFO - [2026-08-10T12:40:26.930+0000] {dagbag.py:536} INFO - Filling up the DagBag from /opt/airflow/dags/dag_suivi.py
[2026-08-10T12:40:26.962+0000] {processor.py:839} INFO - DAG(s) dict_keys(['pipeline_ingestion_suivi']) retrieved from /opt/airflow/dags/dag_suivi.py
[2026-08-10T12:40:26.994+0000] {logging_mixin.py:151} INFO - [2026-08-10T12:40:26.994+0000] {dag.py:2941} INFO - Sync 1 DAGs
[2026-08-10T12:40:27.021+0000] {logging_mixin.py:151} INFO - [2026-08-10T12:40:27.021+0000] {dag.py:3722} INFO - Setting next_dagrun for pipeline_ingestion_suivi to 2026-08-10T12:00:00+00:00, run_after=2026-08-10T13:00:00+00:00
[2026-08-10T12:40:27.056+0000] {processor.py:179} INFO - Processing /opt/airflow/dags/dag_suivi.py took 0.133 seconds
[2026-08-10T12:40:57.300+0000] {processor.py:157} INFO - Started process (PID=1160) to work on /opt/airflow/dags/dag_suivi.py
[2026-08-10T12:40:57.301+0000] {processor.py:829} INFO - Processing file /opt/airflow/dags/dag_suivi.py for tasks to queue
[2026-08-10T12:40:57.303+0000] {logging_mixin.py:151} INFO - [2026-08-10T12:40:57.303+0000] {dagbag.py:536} INFO - Filling up the DagBag from /opt/airflow/dags/dag_suivi.py
[2026-08-10T12:40:57.339+0000] {processor.py:839} INFO - DAG(s) dict_keys(['pipeline_ingestion_suivi']) retrieved from /opt/airflow/dags/dag_suivi.py
[2026-08-10T12:40:57.374+0000] {logging_mixin.py:151} INFO - [2026-08-10T12:40:57.374+0000] {dag.py:2941} INFO - Sync 1 DAGs
[2026-08-10T12:40:57.402+0000] {logging_mixin.py:151} INFO - [2026-08-10T12:40:57.402+0000] {dag.py:3722} INFO - Setting next_dagrun for pipeline_ingestion_suivi to 2026-08-10T12:00:00+00:00, run_after=2026-08-10T13:00:00+00:00
[2026-08-10T12:40:57.438+0000] {processor.py:179} INFO - Processing /opt/airflow/dags/dag_suivi.py took 0.142 seconds
[2026-08-10T12:41:27.655+0000] {processor.py:157} INFO - Started process (PID=1165) to work on /opt/airflow/dags/dag_suivi.py
[2026-08-10T12:41:27.657+0000] {processor.py:829} INFO - Processing file /opt/airflow/dags/dag_suivi.py for tasks to queue
[2026-08-10T12:41:27.659+0000] {logging_mixin.py:151} INFO - [2026-08-10T12:41:27.658+0000] {dagbag.py:536} INFO - Filling up the DagBag from /opt/airflow/dags/dag_suivi.py
[2026-08-10T12:41:27.693+0000] {processor.py:839} INFO - DAG(s) dict_keys(['pipeline_ingestion_suivi']) retrieved from /opt/airflow/dags/dag_suivi.py
[2026-08-10T12:41:27.728+0000] {logging_mixin.py:151} INFO - [2026-08-10T12:41:27.727+0000] {dag.py:2941} INFO - Sync 1 DAGs
[2026-08-10T12:41:27.758+0000] {logging_mixin.py:151} INFO - [2026-08-10T12:41:27.757+0000] {dag.py:3722} INFO - Setting next_dagrun for pipeline_ingestion_suivi to 2026-08-10T12:00:00+00:00, run_after=2026-08-10T13:00:00+00:00
[2026-08-10T12:41:27.800+0000] {processor.py:179} INFO - Processing /opt/airflow/dags/dag_suivi.py took 0.149 seconds
[2026-08-10T12:41:58.056+0000] {processor.py:157} INFO - Started process (PID=1170) to work on /opt/airflow/dags/dag_suivi.py
[2026-08-10T12:41:58.058+0000] {processor.py:829} INFO - Processing file /opt/airflow/dags/dag_suivi.py for tasks to queue
[2026-08-10T12:41:58.060+0000] {logging_mixin.py:151} INFO - [2026-08-10T12:41:58.060+0000] {dagbag.py:536} INFO - Filling up the DagBag from /opt/airflow/dags/dag_suivi.py
[2026-08-10T12:41:58.096+0000] {processor.py:839} INFO - DAG(s) dict_keys(['pipeline_ingestion_suivi']) retrieved from /opt/airflow/dags/dag_suivi.py
[2026-08-10T12:41:58.129+0000] {logging_mixin.py:151} INFO - [2026-08-10T12:41:58.129+0000] {dag.py:2941} INFO - Sync 1 DAGs
[2026-08-10T12:41:58.158+0000] {logging_mixin.py:151} INFO - [2026-08-10T12:41:58.158+0000] {dag.py:3722} INFO - Setting next_dagrun for pipeline_ingestion_suivi to 2026-08-10T12:00:00+00:00, run_after=2026-08-10T13:00:00+00:00
[2026-08-10T12:41:58.198+0000] {processor.py:179} INFO - Processing /opt/airflow/dags/dag_suivi.py took 0.146 seconds
[2026-08-10T12:42:28.377+0000] {processor.py:157} INFO - Started process (PID=1175) to work on /opt/airflow/dags/dag_suivi.py
[2026-08-10T12:42:28.379+0000] {processor.py:829} INFO - Processing file /opt/airflow/dags/dag_suivi.py for tasks to queue
[2026-08-10T12:42:28.380+0000] {logging_mixin.py:151} INFO - [2026-08-10T12:42:28.380+0000] {dagbag.py:536} INFO - Filling up the DagBag from /opt/airflow/dags/dag_suivi.py
[2026-08-10T12:42:28.419+0000] {processor.py:839} INFO - DAG(s) dict_keys(['pipeline_ingestion_suivi']) retrieved from /opt/airflow/dags/dag_suivi.py
[2026-08-10T12:42:28.459+0000] {logging_mixin.py:151} INFO - [2026-08-10T12:42:28.458+0000] {dag.py:2941} INFO - Sync 1 DAGs
[2026-08-10T12:42:28.488+0000] {logging_mixin.py:151} INFO - [2026-08-10T12:42:28.488+0000] {dag.py:3722} INFO - Setting next_dagrun for pipeline_ingestion_suivi to 2026-08-10T12:00:00+00:00, run_after=2026-08-10T13:00:00+00:00
[2026-08-10T12:42:28.525+0000] {processor.py:179} INFO - Processing /opt/airflow/dags/dag_suivi.py took 0.152 seconds
[2026-08-10T12:42:58.791+0000] {processor.py:157} INFO - Started process (PID=1180) to work on /opt/airflow/dags/dag_suivi.py
[2026-08-10T12:42:58.793+0000] {processor.py:829} INFO - Processing file /opt/airflow/dags/dag_suivi.py for tasks to queue
[2026-08-10T12:42:58.795+0000] {logging_mixin.py:151} INFO - [2026-08-10T12:42:58.794+0000] {dagbag.py:536} INFO - Filling up the DagBag from /opt/airflow/dags/dag_suivi.py
[2026-08-10T12:42:58.836+0000] {processor.py:839} INFO - DAG(s) dict_keys(['pipeline_ingestion_suivi']) retrieved from /opt/airflow/dags/dag_suivi.py
[2026-08-10T12:42:58.877+0000] {logging_mixin.py:151} INFO - [2026-08-10T12:42:58.877+0000] {dag.py:2941} INFO - Sync 1 DAGs
[2026-08-10T12:42:58.919+0000] {logging_mixin.py:151} INFO - [2026-08-10T12:42:58.918+0000] {dag.py:3722} INFO - Setting next_dagrun for pipeline_ingestion_suivi to 2026-08-10T12:00:00+00:00, run_after=2026-08-10T13:00:00+00:00
[2026-08-10T12:42:58.963+0000] {processor.py:179} INFO - Processing /opt/airflow/dags/dag_suivi.py took 0.177 seconds
[2026-08-10T12:43:29.132+0000] {processor.py:157} INFO - Started process (PID=1185) to work on /opt/airflow/dags/dag_suivi.py
[2026-08-10T12:43:29.134+0000] {processor.py:829} INFO - Processing file /opt/airflow/dags/dag_suivi.py for tasks to queue
[2026-08-10T12:43:29.137+0000] {logging_mixin.py:151} INFO - [2026-08-10T12:43:29.136+0000] {dagbag.py:536} INFO - Filling up the DagBag from /opt/airflow/dags/dag_suivi.py
[2026-08-10T12:43:29.181+0000] {processor.py:839} INFO - DAG(s) dict_keys(['pipeline_ingestion_suivi']) retrieved from /opt/airflow/dags/dag_suivi.py
[2026-08-10T12:43:29.224+0000] {logging_mixin.py:151} INFO - [2026-08-10T12:43:29.224+0000] {dag.py:2941} INFO - Sync 1 DAGs
[2026-08-10T12:43:29.254+0000] {logging_mixin.py:151} INFO - [2026-08-10T12:43:29.254+0000] {dag.py:3722} INFO - Setting next_dagrun for pipeline_ingestion_suivi to 2026-08-10T12:00:00+00:00, run_after=2026-08-10T13:00:00+00:00
[2026-08-10T12:43:29.283+0000] {processor.py:179} INFO - Processing /opt/airflow/dags/dag_suivi.py took 0.167 seconds
[2026-08-10T12:43:59.562+0000] {processor.py:157} INFO - Started process (PID=1190) to work on /opt/airflow/dags/dag_suivi.py
[2026-08-10T12:43:59.564+0000] {processor.py:829} INFO - Processing file /opt/airflow/dags/dag_suivi.py for tasks to queue
[2026-08-10T12:43:59.565+0000] {logging_mixin.py:151} INFO - [2026-08-10T12:43:59.565+0000] {dagbag.py:536} INFO - Filling up the DagBag from /opt/airflow/dags/dag_suivi.py
[2026-08-10T12:43:59.601+0000] {processor.py:839} INFO - DAG(s) dict_keys(['pipeline_ingestion_suivi']) retrieved from /opt/airflow/dags/dag_suivi.py
[2026-08-10T12:43:59.635+0000] {logging_mixin.py:151} INFO - [2026-08-10T12:43:59.635+0000] {dag.py:2941} INFO - Sync 1 DAGs
[2026-08-10T12:43:59.665+0000] {logging_mixin.py:151} INFO - [2026-08-10T12:43:59.665+0000] {dag.py:3722} INFO - Setting next_dagrun for pipeline_ingestion_suivi to 2026-08-10T12:00:00+00:00, run_after=2026-08-10T13:00:00+00:00
[2026-08-10T12:43:59.693+0000] {processor.py:179} INFO - Processing /opt/airflow/dags/dag_suivi.py took 0.134 seconds
[2026-08-10T12:44:29.898+0000] {processor.py:157} INFO - Started process (PID=1195) to work on /opt/airflow/dags/dag_suivi.py
[2026-08-10T12:44:29.899+0000] {processor.py:829} INFO - Processing file /opt/airflow/dags/dag_suivi.py for tasks to queue
[2026-08-10T12:44:29.900+0000] {logging_mixin.py:151} INFO - [2026-08-10T12:44:29.900+0000] {dagbag.py:536} INFO - Filling up the DagBag from /opt/airflow/dags/dag_suivi.py
[2026-08-10T12:44:29.938+0000] {processor.py:839} INFO - DAG(s) dict_keys(['pipeline_ingestion_suivi']) retrieved from /opt/airflow/dags/dag_suivi.py
[2026-08-10T12:44:29.975+0000] {logging_mixin.py:151} INFO - [2026-08-10T12:44:29.975+0000] {dag.py:2941} INFO - Sync 1 DAGs
[2026-08-10T12:44:30.002+0000] {logging_mixin.py:151} INFO - [2026-08-10T12:44:30.002+0000] {dag.py:3722} INFO - Setting next_dagrun for pipeline_ingestion_suivi to 2026-08-10T12:00:00+00:00, run_after=2026-08-10T13:00:00+00:00
[2026-08-10T12:44:30.043+0000] {processor.py:179} INFO - Processing /opt/airflow/dags/dag_suivi.py took 0.149 seconds
[2026-08-10T12:45:00.326+0000] {processor.py:157} INFO - Started process (PID=1200) to work on /opt/airflow/dags/dag_suivi.py
[2026-08-10T12:45:00.327+0000] {processor.py:829} INFO - Processing file /opt/airflow/dags/dag_suivi.py for tasks to queue
[2026-08-10T12:45:00.329+0000] {logging_mixin.py:151} INFO - [2026-08-10T12:45:00.328+0000] {dagbag.py:536} INFO - Filling up the DagBag from /opt/airflow/dags/dag_suivi.py
[2026-08-10T12:45:00.367+0000] {processor.py:839} INFO - DAG(s) dict_keys(['pipeline_ingestion_suivi']) retrieved from /opt/airflow/dags/dag_suivi.py
[2026-08-10T12:45:00.407+0000] {logging_mixin.py:151} INFO - [2026-08-10T12:45:00.407+0000] {dag.py:2941} INFO - Sync 1 DAGs
[2026-08-10T12:45:00.438+0000] {logging_mixin.py:151} INFO - [2026-08-10T12:45:00.438+0000] {dag.py:3722} INFO - Setting next_dagrun for pipeline_ingestion_suivi to 2026-08-10T12:00:00+00:00, run_after=2026-08-10T13:00:00+00:00
[2026-08-10T12:45:00.469+0000] {processor.py:179} INFO - Processing /opt/airflow/dags/dag_suivi.py took 0.147 seconds
[2026-08-10T12:45:30.819+0000] {processor.py:157} INFO - Started process (PID=1205) to work on /opt/airflow/dags/dag_suivi.py
[2026-08-10T12:45:30.820+0000] {processor.py:829} INFO - Processing file /opt/airflow/dags/dag_suivi.py for tasks to queue
[2026-08-10T12:45:30.822+0000] {logging_mixin.py:151} INFO - [2026-08-10T12:45:30.821+0000] {dagbag.py:536} INFO - Filling up the DagBag from /opt/airflow/dags/dag_suivi.py
[2026-08-10T12:45:30.864+0000] {processor.py:839} INFO - DAG(s) dict_keys(['pipeline_ingestion_suivi']) retrieved from /opt/airflow/dags/dag_suivi.py
[2026-08-10T12:45:30.904+0000] {logging_mixin.py:151} INFO - [2026-08-10T12:45:30.904+0000] {dag.py:2941} INFO - Sync 1 DAGs
[2026-08-10T12:45:30.941+0000] {logging_mixin.py:151} INFO - [2026-08-10T12:45:30.941+0000] {dag.py:3722} INFO - Setting next_dagrun for pipeline_ingestion_suivi to 2026-08-10T12:00:00+00:00, run_after=2026-08-10T13:00:00+00:00
[2026-08-10T12:45:30.979+0000] {processor.py:179} INFO - Processing /opt/airflow/dags/dag_suivi.py took 0.165 seconds
[2026-08-10T12:46:01.146+0000] {processor.py:157} INFO - Started process (PID=1210) to work on /opt/airflow/dags/dag_suivi.py
[2026-08-10T12:46:01.147+0000] {processor.py:829} INFO - Processing file /opt/airflow/dags/dag_suivi.py for tasks to queue
[2026-08-10T12:46:01.149+0000] {logging_mixin.py:151} INFO - [2026-08-10T12:46:01.149+0000] {dagbag.py:536} INFO - Filling up the DagBag from /opt/airflow/dags/dag_suivi.py
[2026-08-10T12:46:01.192+0000] {processor.py:839} INFO - DAG(s) dict_keys(['pipeline_ingestion_suivi']) retrieved from /opt/airflow/dags/dag_suivi.py
[2026-08-10T12:46:01.233+0000] {logging_mixin.py:151} INFO - [2026-08-10T12:46:01.233+0000] {dag.py:2941} INFO - Sync 1 DAGs
[2026-08-10T12:46:01.266+0000] {logging_mixin.py:151} INFO - [2026-08-10T12:46:01.265+0000] {dag.py:3722} INFO - Setting next_dagrun for pipeline_ingestion_suivi to 2026-08-10T12:00:00+00:00, run_after=2026-08-10T13:00:00+00:00
[2026-08-10T12:46:01.320+0000] {processor.py:179} INFO - Processing /opt/airflow/dags/dag_suivi.py took 0.180 seconds
[2026-08-10T12:46:31.615+0000] {processor.py:157} INFO - Started process (PID=1215) to work on /opt/airflow/dags/dag_suivi.py
[2026-08-10T12:46:31.618+0000] {processor.py:829} INFO - Processing file /opt/airflow/dags/dag_suivi.py for tasks to queue
[2026-08-10T12:46:31.620+0000] {logging_mixin.py:151} INFO - [2026-08-10T12:46:31.620+0000] {dagbag.py:536} INFO - Filling up the DagBag from /opt/airflow/dags/dag_suivi.py
[2026-08-10T12:46:31.660+0000] {processor.py:839} INFO - DAG(s) dict_keys(['pipeline_ingestion_suivi']) retrieved from /opt/airflow/dags/dag_suivi.py
[2026-08-10T12:46:31.721+0000] {logging_mixin.py:151} INFO - [2026-08-10T12:46:31.721+0000] {dag.py:2941} INFO - Sync 1 DAGs
[2026-08-10T12:46:31.747+0000] {logging_mixin.py:151} INFO - [2026-08-10T12:46:31.747+0000] {dag.py:3722} INFO - Setting next_dagrun for pipeline_ingestion_suivi to 2026-08-10T12:00:00+00:00, run_after=2026-08-10T13:00:00+00:00
[2026-08-10T12:46:31.790+0000] {processor.py:179} INFO - Processing /opt/airflow/dags/dag_suivi.py took 0.180 seconds
[2026-08-10T12:47:01.952+0000] {processor.py:157} INFO - Started process (PID=1220) to work on /opt/airflow/dags/dag_suivi.py
[2026-08-10T12:47:01.954+0000] {processor.py:829} INFO - Processing file /opt/airflow/dags/dag_suivi.py for tasks to queue
[2026-08-10T12:47:01.956+0000] {logging_mixin.py:151} INFO - [2026-08-10T12:47:01.956+0000] {dagbag.py:536} INFO - Filling up the DagBag from /opt/airflow/dags/dag_suivi.py
[2026-08-10T12:47:01.999+0000] {processor.py:839} INFO - DAG(s) dict_keys(['pipeline_ingestion_suivi']) retrieved from /opt/airflow/dags/dag_suivi.py
[2026-08-10T12:47:02.045+0000] {logging_mixin.py:151} INFO - [2026-08-10T12:47:02.045+0000] {dag.py:2941} INFO - Sync 1 DAGs
[2026-08-10T12:47:02.080+0000] {logging_mixin.py:151} INFO - [2026-08-10T12:47:02.080+0000] {dag.py:3722} INFO - Setting next_dagrun for pipeline_ingestion_suivi to 2026-08-10T12:00:00+00:00, run_after=2026-08-10T13:00:00+00:00
[2026-08-10T12:47:02.122+0000] {processor.py:179} INFO - Processing /opt/airflow/dags/dag_suivi.py took 0.176 seconds
[2026-08-10T12:49:06.589+0000] {processor.py:157} INFO - Started process (PID=1226) to work on /opt/airflow/dags/dag_suivi.py
[2026-08-10T12:49:06.600+0000] {processor.py:829} INFO - Processing file /opt/airflow/dags/dag_suivi.py for tasks to queue
[2026-08-10T12:49:06.607+0000] {logging_mixin.py:151} INFO - [2026-08-10T12:49:06.606+0000] {dagbag.py:536} INFO - Filling up the DagBag from /opt/airflow/dags/dag_suivi.py
[2026-08-10T12:49:07.034+0000] {processor.py:839} INFO - DAG(s) dict_keys(['pipeline_ingestion_suivi']) retrieved from /opt/airflow/dags/dag_suivi.py
[2026-08-10T12:49:07.371+0000] {logging_mixin.py:151} INFO - [2026-08-10T12:49:07.371+0000] {dag.py:2941} INFO - Sync 1 DAGs
[2026-08-10T12:49:07.523+0000] {logging_mixin.py:151} INFO - [2026-08-10T12:49:07.522+0000] {dag.py:3722} INFO - Setting next_dagrun for pipeline_ingestion_suivi to 2026-08-10T12:00:00+00:00, run_after=2026-08-10T13:00:00+00:00
[2026-08-10T12:49:07.679+0000] {processor.py:179} INFO - Processing /opt/airflow/dags/dag_suivi.py took 1.128 seconds
[2026-08-10T12:49:37.919+0000] {processor.py:157} INFO - Started process (PID=1232) to work on /opt/airflow/dags/dag_suivi.py
[2026-08-10T12:49:37.920+0000] {processor.py:829} INFO - Processing file /opt/airflow/dags/dag_suivi.py for tasks to queue
[2026-08-10T12:49:37.922+0000] {logging_mixin.py:151} INFO - [2026-08-10T12:49:37.921+0000] {dagbag.py:536} INFO - Filling up the DagBag from /opt/airflow/dags/dag_suivi.py
[2026-08-10T12:49:37.963+0000] {processor.py:839} INFO - DAG(s) dict_keys(['pipeline_ingestion_suivi']) retrieved from /opt/airflow/dags/dag_suivi.py
[2026-08-10T12:49:38.008+0000] {logging_mixin.py:151} INFO - [2026-08-10T12:49:38.008+0000] {dag.py:2941} INFO - Sync 1 DAGs
[2026-08-10T12:49:38.039+0000] {logging_mixin.py:151} INFO - [2026-08-10T12:49:38.039+0000] {dag.py:3722} INFO - Setting next_dagrun for pipeline_ingestion_suivi to 2026-08-10T12:00:00+00:00, run_after=2026-08-10T13:00:00+00:00
[2026-08-10T12:49:38.069+0000] {processor.py:179} INFO - Processing /opt/airflow/dags/dag_suivi.py took 0.159 seconds
[2026-08-10T12:50:08.240+0000] {processor.py:157} INFO - Started process (PID=1237) to work on /opt/airflow/dags/dag_suivi.py
[2026-08-10T12:50:08.240+0000] {processor.py:829} INFO - Processing file /opt/airflow/dags/dag_suivi.py for tasks to queue
[2026-08-10T12:50:08.241+0000] {logging_mixin.py:151} INFO - [2026-08-10T12:50:08.241+0000] {dagbag.py:536} INFO - Filling up the DagBag from /opt/airflow/dags/dag_suivi.py
[2026-08-10T12:50:08.257+0000] {processor.py:839} INFO - DAG(s) dict_keys(['pipeline_ingestion_suivi']) retrieved from /opt/airflow/dags/dag_suivi.py
[2026-08-10T12:50:08.282+0000] {logging_mixin.py:151} INFO - [2026-08-10T12:50:08.281+0000] {dag.py:2941} INFO - Sync 1 DAGs
[2026-08-10T12:50:08.303+0000] {logging_mixin.py:151} INFO - [2026-08-10T12:50:08.303+0000] {dag.py:3722} INFO - Setting next_dagrun for pipeline_ingestion_suivi to 2026-08-10T12:00:00+00:00, run_after=2026-08-10T13:00:00+00:00
[2026-08-10T12:50:08.331+0000] {processor.py:179} INFO - Processing /opt/airflow/dags/dag_suivi.py took 0.094 seconds
[2026-08-10T12:50:38.469+0000] {processor.py:157} INFO - Started process (PID=1242) to work on /opt/airflow/dags/dag_suivi.py
[2026-08-10T12:50:38.469+0000] {processor.py:829} INFO - Processing file /opt/airflow/dags/dag_suivi.py for tasks to queue
[2026-08-10T12:50:38.470+0000] {logging_mixin.py:151} INFO - [2026-08-10T12:50:38.470+0000] {dagbag.py:536} INFO - Filling up the DagBag from /opt/airflow/dags/dag_suivi.py
[2026-08-10T12:50:38.489+0000] {processor.py:839} INFO - DAG(s) dict_keys(['pipeline_ingestion_suivi']) retrieved from /opt/airflow/dags/dag_suivi.py
[2026-08-10T12:50:38.515+0000] {logging_mixin.py:151} INFO - [2026-08-10T12:50:38.515+0000] {dag.py:2941} INFO - Sync 1 DAGs
[2026-08-10T12:50:38.534+0000] {logging_mixin.py:151} INFO - [2026-08-10T12:50:38.534+0000] {dag.py:3722} INFO - Setting next_dagrun for pipeline_ingestion_suivi to 2026-08-10T12:00:00+00:00, run_after=2026-08-10T13:00:00+00:00
[2026-08-10T12:50:38.562+0000] {processor.py:179} INFO - Processing /opt/airflow/dags/dag_suivi.py took 0.097 seconds
[2026-08-10T12:51:08.785+0000] {processor.py:157} INFO - Started process (PID=1247) to work on /opt/airflow/dags/dag_suivi.py
[2026-08-10T12:51:08.787+0000] {processor.py:829} INFO - Processing file /opt/airflow/dags/dag_suivi.py for tasks to queue
[2026-08-10T12:51:08.788+0000] {logging_mixin.py:151} INFO - [2026-08-10T12:51:08.788+0000] {dagbag.py:536} INFO - Filling up the DagBag from /opt/airflow/dags/dag_suivi.py
[2026-08-10T12:51:08.817+0000] {processor.py:839} INFO - DAG(s) dict_keys(['pipeline_ingestion_suivi']) retrieved from /opt/airflow/dags/dag_suivi.py
[2026-08-10T12:51:08.853+0000] {logging_mixin.py:151} INFO - [2026-08-10T12:51:08.853+0000] {dag.py:2941} INFO - Sync 1 DAGs
[2026-08-10T12:51:08.879+0000] {logging_mixin.py:151} INFO - [2026-08-10T12:51:08.879+0000] {dag.py:3722} INFO - Setting next_dagrun for pipeline_ingestion_suivi to 2026-08-10T12:00:00+00:00, run_after=2026-08-10T13:00:00+00:00
[2026-08-10T12:51:08.913+0000] {processor.py:179} INFO - Processing /opt/airflow/dags/dag_suivi.py took 0.132 seconds
[2026-08-10T12:51:39.147+0000] {processor.py:157} INFO - Started process (PID=1252) to work on /opt/airflow/dags/dag_suivi.py
[2026-08-10T12:51:39.148+0000] {processor.py:829} INFO - Processing file /opt/airflow/dags/dag_suivi.py for tasks to queue
[2026-08-10T12:51:39.149+0000] {logging_mixin.py:151} INFO - [2026-08-10T12:51:39.149+0000] {dagbag.py:536} INFO - Filling up the DagBag from /opt/airflow/dags/dag_suivi.py
[2026-08-10T12:51:39.182+0000] {processor.py:839} INFO - DAG(s) dict_keys(['pipeline_ingestion_suivi']) retrieved from /opt/airflow/dags/dag_suivi.py
[2026-08-10T12:51:39.237+0000] {logging_mixin.py:151} INFO - [2026-08-10T12:51:39.237+0000] {dag.py:2941} INFO - Sync 1 DAGs
[2026-08-10T12:51:39.296+0000] {logging_mixin.py:151} INFO - [2026-08-10T12:51:39.296+0000] {dag.py:3722} INFO - Setting next_dagrun for pipeline_ingestion_suivi to 2026-08-10T12:00:00+00:00, run_after=2026-08-10T13:00:00+00:00
[2026-08-10T12:51:39.332+0000] {processor.py:179} INFO - Processing /opt/airflow/dags/dag_suivi.py took 0.189 seconds
[2026-08-10T12:52:09.496+0000] {processor.py:157} INFO - Started process (PID=1257) to work on /opt/airflow/dags/dag_suivi.py
[2026-08-10T12:52:09.496+0000] {processor.py:829} INFO - Processing file /opt/airflow/dags/dag_suivi.py for tasks to queue
[2026-08-10T12:52:09.497+0000] {logging_mixin.py:151} INFO - [2026-08-10T12:52:09.497+0000] {dagbag.py:536} INFO - Filling up the DagBag from /opt/airflow/dags/dag_suivi.py
[2026-08-10T12:52:09.514+0000] {processor.py:839} INFO - DAG(s) dict_keys(['pipeline_ingestion_suivi']) retrieved from /opt/airflow/dags/dag_suivi.py
[2026-08-10T12:52:09.541+0000] {logging_mixin.py:151} INFO - [2026-08-10T12:52:09.541+0000] {dag.py:2941} INFO - Sync 1 DAGs
[2026-08-10T12:52:09.562+0000] {logging_mixin.py:151} INFO - [2026-08-10T12:52:09.561+0000] {dag.py:3722} INFO - Setting next_dagrun for pipeline_ingestion_suivi to 2026-08-10T12:00:00+00:00, run_after=2026-08-10T13:00:00+00:00
[2026-08-10T12:52:09.584+0000] {processor.py:179} INFO - Processing /opt/airflow/dags/dag_suivi.py took 0.091 seconds
[2026-08-10T12:52:39.794+0000] {processor.py:157} INFO - Started process (PID=1262) to work on /opt/airflow/dags/dag_suivi.py
[2026-08-10T12:52:39.794+0000] {processor.py:829} INFO - Processing file /opt/airflow/dags/dag_suivi.py for tasks to queue
[2026-08-10T12:52:39.795+0000] {logging_mixin.py:151} INFO - [2026-08-10T12:52:39.795+0000] {dagbag.py:536} INFO - Filling up the DagBag from /opt/airflow/dags/dag_suivi.py
[2026-08-10T12:52:39.812+0000] {processor.py:839} INFO - DAG(s) dict_keys(['pipeline_ingestion_suivi']) retrieved from /opt/airflow/dags/dag_suivi.py
[2026-08-10T12:52:39.835+0000] {logging_mixin.py:151} INFO - [2026-08-10T12:52:39.835+0000] {dag.py:2941} INFO - Sync 1 DAGs
[2026-08-10T12:52:39.853+0000] {logging_mixin.py:151} INFO - [2026-08-10T12:52:39.853+0000] {dag.py:3722} INFO - Setting next_dagrun for pipeline_ingestion_suivi to 2026-08-10T12:00:00+00:00, run_after=2026-08-10T13:00:00+00:00
[2026-08-10T12:52:39.882+0000] {processor.py:179} INFO - Processing /opt/airflow/dags/dag_suivi.py took 0.092 seconds
[2026-08-10T12:53:10.076+0000] {processor.py:157} INFO - Started process (PID=1267) to work on /opt/airflow/dags/dag_suivi.py
[2026-08-10T12:53:10.077+0000] {processor.py:829} INFO - Processing file /opt/airflow/dags/dag_suivi.py for tasks to queue
[2026-08-10T12:53:10.078+0000] {logging_mixin.py:151} INFO - [2026-08-10T12:53:10.078+0000] {dagbag.py:536} INFO - Filling up the DagBag from /opt/airflow/dags/dag_suivi.py
[2026-08-10T12:53:10.100+0000] {processor.py:839} INFO - DAG(s) dict_keys(['pipeline_ingestion_suivi']) retrieved from /opt/airflow/dags/dag_suivi.py
[2026-08-10T12:53:10.124+0000] {logging_mixin.py:151} INFO - [2026-08-10T12:53:10.124+0000] {dag.py:2941} INFO - Sync 1 DAGs
[2026-08-10T12:53:10.143+0000] {logging_mixin.py:151} INFO - [2026-08-10T12:53:10.142+0000] {dag.py:3722} INFO - Setting next_dagrun for pipeline_ingestion_suivi to 2026-08-10T12:00:00+00:00, run_after=2026-08-10T13:00:00+00:00
[2026-08-10T12:53:10.160+0000] {processor.py:179} INFO - Processing /opt/airflow/dags/dag_suivi.py took 0.087 seconds
[2026-08-10T12:53:40.299+0000] {processor.py:157} INFO - Started process (PID=1272) to work on /opt/airflow/dags/dag_suivi.py
[2026-08-10T12:53:40.300+0000] {processor.py:829} INFO - Processing file /opt/airflow/dags/dag_suivi.py for tasks to queue
[2026-08-10T12:53:40.301+0000] {logging_mixin.py:151} INFO - [2026-08-10T12:53:40.300+0000] {dagbag.py:536} INFO - Filling up the DagBag from /opt/airflow/dags/dag_suivi.py
[2026-08-10T12:53:40.319+0000] {processor.py:839} INFO - DAG(s) dict_keys(['pipeline_ingestion_suivi']) retrieved from /opt/airflow/dags/dag_suivi.py
[2026-08-10T12:53:40.343+0000] {logging_mixin.py:151} INFO - [2026-08-10T12:53:40.343+0000] {dag.py:2941} INFO - Sync 1 DAGs
[2026-08-10T12:53:40.364+0000] {logging_mixin.py:151} INFO - [2026-08-10T12:53:40.364+0000] {dag.py:3722} INFO - Setting next_dagrun for pipeline_ingestion_suivi to 2026-08-10T12:00:00+00:00, run_after=2026-08-10T13:00:00+00:00
[2026-08-10T12:53:40.387+0000] {processor.py:179} INFO - Processing /opt/airflow/dags/dag_suivi.py took 0.091 seconds
[2026-08-10T12:54:10.653+0000] {processor.py:157} INFO - Started process (PID=1277) to work on /opt/airflow/dags/dag_suivi.py
[2026-08-10T12:54:10.653+0000] {processor.py:829} INFO - Processing file /opt/airflow/dags/dag_suivi.py for tasks to queue
[2026-08-10T12:54:10.654+0000] {logging_mixin.py:151} INFO - [2026-08-10T12:54:10.654+0000] {dagbag.py:536} INFO - Filling up the DagBag from /opt/airflow/dags/dag_suivi.py
[2026-08-10T12:54:10.672+0000] {processor.py:839} INFO - DAG(s) dict_keys(['pipeline_ingestion_suivi']) retrieved from /opt/airflow/dags/dag_suivi.py
[2026-08-10T12:54:10.695+0000] {logging_mixin.py:151} INFO - [2026-08-10T12:54:10.694+0000] {dag.py:2941} INFO - Sync 1 DAGs
[2026-08-10T12:54:10.713+0000] {logging_mixin.py:151} INFO - [2026-08-10T12:54:10.713+0000] {dag.py:3722} INFO - Setting next_dagrun for pipeline_ingestion_suivi to 2026-08-10T12:00:00+00:00, run_after=2026-08-10T13:00:00+00:00
[2026-08-10T12:54:10.735+0000] {processor.py:179} INFO - Processing /opt/airflow/dags/dag_suivi.py took 0.084 seconds
[2026-08-10T12:54:40.929+0000] {processor.py:157} INFO - Started process (PID=1282) to work on /opt/airflow/dags/dag_suivi.py
[2026-08-10T12:54:40.930+0000] {processor.py:829} INFO - Processing file /opt/airflow/dags/dag_suivi.py for tasks to queue
[2026-08-10T12:54:40.931+0000] {logging_mixin.py:151} INFO - [2026-08-10T12:54:40.931+0000] {dagbag.py:536} INFO - Filling up the DagBag from /opt/airflow/dags/dag_suivi.py
[2026-08-10T12:54:40.948+0000] {processor.py:839} INFO - DAG(s) dict_keys(['pipeline_ingestion_suivi']) retrieved from /opt/airflow/dags/dag_suivi.py
[2026-08-10T12:54:40.972+0000] {logging_mixin.py:151} INFO - [2026-08-10T12:54:40.972+0000] {dag.py:2941} INFO - Sync 1 DAGs
[2026-08-10T12:54:40.992+0000] {logging_mixin.py:151} INFO - [2026-08-10T12:54:40.992+0000] {dag.py:3722} INFO - Setting next_dagrun for pipeline_ingestion_suivi to 2026-08-10T12:00:00+00:00, run_after=2026-08-10T13:00:00+00:00
[2026-08-10T12:54:41.025+0000] {processor.py:179} INFO - Processing /opt/airflow/dags/dag_suivi.py took 0.099 seconds
[2026-08-10T12:55:11.243+0000] {processor.py:157} INFO - Started process (PID=1287) to work on /opt/airflow/dags/dag_suivi.py
[2026-08-10T12:55:11.244+0000] {processor.py:829} INFO - Processing file /opt/airflow/dags/dag_suivi.py for tasks to queue
[2026-08-10T12:55:11.245+0000] {logging_mixin.py:151} INFO - [2026-08-10T12:55:11.244+0000] {dagbag.py:536} INFO - Filling up the DagBag from /opt/airflow/dags/dag_suivi.py
[2026-08-10T12:55:11.261+0000] {processor.py:839} INFO - DAG(s) dict_keys(['pipeline_ingestion_suivi']) retrieved from /opt/airflow/dags/dag_suivi.py
[2026-08-10T12:55:11.284+0000] {logging_mixin.py:151} INFO - [2026-08-10T12:55:11.284+0000] {dag.py:2941} INFO - Sync 1 DAGs
[2026-08-10T12:55:11.301+0000] {logging_mixin.py:151} INFO - [2026-08-10T12:55:11.300+0000] {dag.py:3722} INFO - Setting next_dagrun for pipeline_ingestion_suivi to 2026-08-10T12:00:00+00:00, run_after=2026-08-10T13:00:00+00:00
[2026-08-10T12:55:11.327+0000] {processor.py:179} INFO - Processing /opt/airflow/dags/dag_suivi.py took 0.087 seconds
[2026-08-10T12:55:41.506+0000] {processor.py:157} INFO - Started process (PID=1292) to work on /opt/airflow/dags/dag_suivi.py
[2026-08-10T12:55:41.508+0000] {processor.py:829} INFO - Processing file /opt/airflow/dags/dag_suivi.py for tasks to queue
[2026-08-10T12:55:41.509+0000] {logging_mixin.py:151} INFO - [2026-08-10T12:55:41.509+0000] {dagbag.py:536} INFO - Filling up the DagBag from /opt/airflow/dags/dag_suivi.py
[2026-08-10T12:55:41.527+0000] {processor.py:839} INFO - DAG(s) dict_keys(['pipeline_ingestion_suivi']) retrieved from /opt/airflow/dags/dag_suivi.py
[2026-08-10T12:55:41.551+0000] {logging_mixin.py:151} INFO - [2026-08-10T12:55:41.551+0000] {dag.py:2941} INFO - Sync 1 DAGs
[2026-08-10T12:55:41.568+0000] {logging_mixin.py:151} INFO - [2026-08-10T12:55:41.568+0000] {dag.py:3722} INFO - Setting next_dagrun for pipeline_ingestion_suivi to 2026-08-10T12:00:00+00:00, run_after=2026-08-10T13:00:00+00:00
[2026-08-10T12:55:41.584+0000] {processor.py:179} INFO - Processing /opt/airflow/dags/dag_suivi.py took 0.080 seconds
[2026-08-10T12:56:11.857+0000] {processor.py:157} INFO - Started process (PID=1297) to work on /opt/airflow/dags/dag_suivi.py
[2026-08-10T12:56:11.857+0000] {processor.py:829} INFO - Processing file /opt/airflow/dags/dag_suivi.py for tasks to queue
[2026-08-10T12:56:11.858+0000] {logging_mixin.py:151} INFO - [2026-08-10T12:56:11.858+0000] {dagbag.py:536} INFO - Filling up the DagBag from /opt/airflow/dags/dag_suivi.py
[2026-08-10T12:56:11.874+0000] {processor.py:839} INFO - DAG(s) dict_keys(['pipeline_ingestion_suivi']) retrieved from /opt/airflow/dags/dag_suivi.py
[2026-08-10T12:56:11.895+0000] {logging_mixin.py:151} INFO - [2026-08-10T12:56:11.895+0000] {dag.py:2941} INFO - Sync 1 DAGs
[2026-08-10T12:56:11.912+0000] {logging_mixin.py:151} INFO - [2026-08-10T12:56:11.912+0000] {dag.py:3722} INFO - Setting next_dagrun for pipeline_ingestion_suivi to 2026-08-10T12:00:00+00:00, run_after=2026-08-10T13:00:00+00:00
[2026-08-10T12:56:11.943+0000] {processor.py:179} INFO - Processing /opt/airflow/dags/dag_suivi.py took 0.088 seconds
[2026-08-10T12:56:42.125+0000] {processor.py:157} INFO - Started process (PID=1302) to work on /opt/airflow/dags/dag_suivi.py
[2026-08-10T12:56:42.126+0000] {processor.py:829} INFO - Processing file /opt/airflow/dags/dag_suivi.py for tasks to queue
[2026-08-10T12:56:42.127+0000] {logging_mixin.py:151} INFO - [2026-08-10T12:56:42.126+0000] {dagbag.py:536} INFO - Filling up the DagBag from /opt/airflow/dags/dag_suivi.py
[2026-08-10T12:56:42.144+0000] {processor.py:839} INFO - DAG(s) dict_keys(['pipeline_ingestion_suivi']) retrieved from /opt/airflow/dags/dag_suivi.py
[2026-08-10T12:56:42.165+0000] {logging_mixin.py:151} INFO - [2026-08-10T12:56:42.165+0000] {dag.py:2941} INFO - Sync 1 DAGs
[2026-08-10T12:56:42.180+0000] {logging_mixin.py:151} INFO - [2026-08-10T12:56:42.180+0000] {dag.py:3722} INFO - Setting next_dagrun for pipeline_ingestion_suivi to 2026-08-10T12:00:00+00:00, run_after=2026-08-10T13:00:00+00:00
[2026-08-10T12:56:42.198+0000] {processor.py:179} INFO - Processing /opt/airflow/dags/dag_suivi.py took 0.076 seconds
[2026-08-10T12:57:12.349+0000] {processor.py:157} INFO - Started process (PID=1307) to work on /opt/airflow/dags/dag_suivi.py
[2026-08-10T12:57:12.350+0000] {processor.py:829} INFO - Processing file /opt/airflow/dags/dag_suivi.py for tasks to queue
[2026-08-10T12:57:12.350+0000] {logging_mixin.py:151} INFO - [2026-08-10T12:57:12.350+0000] {dagbag.py:536} INFO - Filling up the DagBag from /opt/airflow/dags/dag_suivi.py
[2026-08-10T12:57:12.367+0000] {processor.py:839} INFO - DAG(s) dict_keys(['pipeline_ingestion_suivi']) retrieved from /opt/airflow/dags/dag_suivi.py
[2026-08-10T12:57:12.389+0000] {logging_mixin.py:151} INFO - [2026-08-10T12:57:12.389+0000] {dag.py:2941} INFO - Sync 1 DAGs
[2026-08-10T12:57:12.405+0000] {logging_mixin.py:151} INFO - [2026-08-10T12:57:12.405+0000] {dag.py:3722} INFO - Setting next_dagrun for pipeline_ingestion_suivi to 2026-08-10T12:00:00+00:00, run_after=2026-08-10T13:00:00+00:00
[2026-08-10T12:57:12.423+0000] {processor.py:179} INFO - Processing /opt/airflow/dags/dag_suivi.py took 0.077 seconds
[2026-08-10T12:57:42.663+0000] {processor.py:157} INFO - Started process (PID=1312) to work on /opt/airflow/dags/dag_suivi.py
[2026-08-10T12:57:42.664+0000] {processor.py:829} INFO - Processing file /opt/airflow/dags/dag_suivi.py for tasks to queue
[2026-08-10T12:57:42.664+0000] {logging_mixin.py:151} INFO - [2026-08-10T12:57:42.664+0000] {dagbag.py:536} INFO - Filling up the DagBag from /opt/airflow/dags/dag_suivi.py
[2026-08-10T12:57:42.681+0000] {processor.py:839} INFO - DAG(s) dict_keys(['pipeline_ingestion_suivi']) retrieved from /opt/airflow/dags/dag_suivi.py
[2026-08-10T12:57:42.701+0000] {logging_mixin.py:151} INFO - [2026-08-10T12:57:42.701+0000] {dag.py:2941} INFO - Sync 1 DAGs
[2026-08-10T12:57:42.718+0000] {logging_mixin.py:151} INFO - [2026-08-10T12:57:42.718+0000] {dag.py:3722} INFO - Setting next_dagrun for pipeline_ingestion_suivi to 2026-08-10T12:00:00+00:00, run_after=2026-08-10T13:00:00+00:00
[2026-08-10T12:57:42.744+0000] {processor.py:179} INFO - Processing /opt/airflow/dags/dag_suivi.py took 0.083 seconds
[2026-08-10T12:58:12.949+0000] {processor.py:157} INFO - Started process (PID=1317) to work on /opt/airflow/dags/dag_suivi.py
[2026-08-10T12:58:12.949+0000] {processor.py:829} INFO - Processing file /opt/airflow/dags/dag_suivi.py for tasks to queue
[2026-08-10T12:58:12.950+0000] {logging_mixin.py:151} INFO - [2026-08-10T12:58:12.950+0000] {dagbag.py:536} INFO - Filling up the DagBag from /opt/airflow/dags/dag_suivi.py
[2026-08-10T12:58:12.969+0000] {processor.py:839} INFO - DAG(s) dict_keys(['pipeline_ingestion_suivi']) retrieved from /opt/airflow/dags/dag_suivi.py
[2026-08-10T12:58:12.991+0000] {logging_mixin.py:151} INFO - [2026-08-10T12:58:12.990+0000] {dag.py:2941} INFO - Sync 1 DAGs
[2026-08-10T12:58:13.007+0000] {logging_mixin.py:151} INFO - [2026-08-10T12:58:13.007+0000] {dag.py:3722} INFO - Setting next_dagrun for pipeline_ingestion_suivi to 2026-08-10T12:00:00+00:00, run_after=2026-08-10T13:00:00+00:00
[2026-08-10T12:58:13.034+0000] {processor.py:179} INFO - Processing /opt/airflow/dags/dag_suivi.py took 0.088 seconds
[2026-08-10T12:58:43.250+0000] {processor.py:157} INFO - Started process (PID=1322) to work on /opt/airflow/dags/dag_suivi.py
[2026-08-10T12:58:43.250+0000] {processor.py:829} INFO - Processing file /opt/airflow/dags/dag_suivi.py for tasks to queue
[2026-08-10T12:58:43.251+0000] {logging_mixin.py:151} INFO - [2026-08-10T12:58:43.251+0000] {dagbag.py:536} INFO - Filling up the DagBag from /opt/airflow/dags/dag_suivi.py
[2026-08-10T12:58:43.268+0000] {processor.py:839} INFO - DAG(s) dict_keys(['pipeline_ingestion_suivi']) retrieved from /opt/airflow/dags/dag_suivi.py
[2026-08-10T12:58:43.292+0000] {logging_mixin.py:151} INFO - [2026-08-10T12:58:43.292+0000] {dag.py:2941} INFO - Sync 1 DAGs
[2026-08-10T12:58:43.310+0000] {logging_mixin.py:151} INFO - [2026-08-10T12:58:43.310+0000] {dag.py:3722} INFO - Setting next_dagrun for pipeline_ingestion_suivi to 2026-08-10T12:00:00+00:00, run_after=2026-08-10T13:00:00+00:00
[2026-08-10T12:58:43.337+0000] {processor.py:179} INFO - Processing /opt/airflow/dags/dag_suivi.py took 0.091 seconds
[2026-08-10T12:59:13.557+0000] {processor.py:157} INFO - Started process (PID=1327) to work on /opt/airflow/dags/dag_suivi.py
[2026-08-10T12:59:13.557+0000] {processor.py:829} INFO - Processing file /opt/airflow/dags/dag_suivi.py for tasks to queue
[2026-08-10T12:59:13.558+0000] {logging_mixin.py:151} INFO - [2026-08-10T12:59:13.558+0000] {dagbag.py:536} INFO - Filling up the DagBag from /opt/airflow/dags/dag_suivi.py
[2026-08-10T12:59:13.578+0000] {processor.py:839} INFO - DAG(s) dict_keys(['pipeline_ingestion_suivi']) retrieved from /opt/airflow/dags/dag_suivi.py
[2026-08-10T12:59:13.599+0000] {logging_mixin.py:151} INFO - [2026-08-10T12:59:13.599+0000] {dag.py:2941} INFO - Sync 1 DAGs
[2026-08-10T12:59:13.616+0000] {logging_mixin.py:151} INFO - [2026-08-10T12:59:13.616+0000] {dag.py:3722} INFO - Setting next_dagrun for pipeline_ingestion_suivi to 2026-08-10T12:00:00+00:00, run_after=2026-08-10T13:00:00+00:00
[2026-08-10T12:59:13.643+0000] {processor.py:179} INFO - Processing /opt/airflow/dags/dag_suivi.py took 0.089 seconds
[2026-08-10T12:59:43.772+0000] {processor.py:157} INFO - Started process (PID=1332) to work on /opt/airflow/dags/dag_suivi.py
[2026-08-10T12:59:43.773+0000] {processor.py:829} INFO - Processing file /opt/airflow/dags/dag_suivi.py for tasks to queue
[2026-08-10T12:59:43.774+0000] {logging_mixin.py:151} INFO - [2026-08-10T12:59:43.773+0000] {dagbag.py:536} INFO - Filling up the DagBag from /opt/airflow/dags/dag_suivi.py
[2026-08-10T12:59:43.790+0000] {processor.py:839} INFO - DAG(s) dict_keys(['pipeline_ingestion_suivi']) retrieved from /opt/airflow/dags/dag_suivi.py
[2026-08-10T12:59:43.813+0000] {logging_mixin.py:151} INFO - [2026-08-10T12:59:43.812+0000] {dag.py:2941} INFO - Sync 1 DAGs
[2026-08-10T12:59:43.834+0000] {logging_mixin.py:151} INFO - [2026-08-10T12:59:43.834+0000] {dag.py:3722} INFO - Setting next_dagrun for pipeline_ingestion_suivi to 2026-08-10T12:00:00+00:00, run_after=2026-08-10T13:00:00+00:00
[2026-08-10T12:59:43.852+0000] {processor.py:179} INFO - Processing /opt/airflow/dags/dag_suivi.py took 0.083 seconds
[2026-08-10T13:00:13.958+0000] {processor.py:157} INFO - Started process (PID=1339) to work on /opt/airflow/dags/dag_suivi.py
[2026-08-10T13:00:13.959+0000] {processor.py:829} INFO - Processing file /opt/airflow/dags/dag_suivi.py for tasks to queue
[2026-08-10T13:00:13.961+0000] {logging_mixin.py:151} INFO - [2026-08-10T13:00:13.961+0000] {dagbag.py:536} INFO - Filling up the DagBag from /opt/airflow/dags/dag_suivi.py
[2026-08-10T13:00:14.002+0000] {processor.py:839} INFO - DAG(s) dict_keys(['pipeline_ingestion_suivi']) retrieved from /opt/airflow/dags/dag_suivi.py
[2026-08-10T13:00:14.040+0000] {logging_mixin.py:151} INFO - [2026-08-10T13:00:14.040+0000] {dag.py:2941} INFO - Sync 1 DAGs
[2026-08-10T13:00:14.074+0000] {logging_mixin.py:151} INFO - [2026-08-10T13:00:14.074+0000] {dag.py:3722} INFO - Setting next_dagrun for pipeline_ingestion_suivi to 2026-08-10T13:00:00+00:00, run_after=2026-08-10T14:00:00+00:00
[2026-08-10T13:00:14.098+0000] {processor.py:179} INFO - Processing /opt/airflow/dags/dag_suivi.py took 0.145 seconds
[2026-08-10T13:00:44.321+0000] {processor.py:157} INFO - Started process (PID=1344) to work on /opt/airflow/dags/dag_suivi.py
[2026-08-10T13:00:44.322+0000] {processor.py:829} INFO - Processing file /opt/airflow/dags/dag_suivi.py for tasks to queue
[2026-08-10T13:00:44.322+0000] {logging_mixin.py:151} INFO - [2026-08-10T13:00:44.322+0000] {dagbag.py:536} INFO - Filling up the DagBag from /opt/airflow/dags/dag_suivi.py
[2026-08-10T13:00:44.340+0000] {processor.py:839} INFO - DAG(s) dict_keys(['pipeline_ingestion_suivi']) retrieved from /opt/airflow/dags/dag_suivi.py
[2026-08-10T13:00:44.361+0000] {logging_mixin.py:151} INFO - [2026-08-10T13:00:44.361+0000] {dag.py:2941} INFO - Sync 1 DAGs
[2026-08-10T13:00:44.381+0000] {logging_mixin.py:151} INFO - [2026-08-10T13:00:44.381+0000] {dag.py:3722} INFO - Setting next_dagrun for pipeline_ingestion_suivi to 2026-08-10T13:00:00+00:00, run_after=2026-08-10T14:00:00+00:00
[2026-08-10T13:00:44.407+0000] {processor.py:179} INFO - Processing /opt/airflow/dags/dag_suivi.py took 0.089 seconds
[2026-08-10T13:01:14.582+0000] {processor.py:157} INFO - Started process (PID=1349) to work on /opt/airflow/dags/dag_suivi.py
[2026-08-10T13:01:14.583+0000] {processor.py:829} INFO - Processing file /opt/airflow/dags/dag_suivi.py for tasks to queue
[2026-08-10T13:01:14.584+0000] {logging_mixin.py:151} INFO - [2026-08-10T13:01:14.583+0000] {dagbag.py:536} INFO - Filling up the DagBag from /opt/airflow/dags/dag_suivi.py
[2026-08-10T13:01:14.603+0000] {processor.py:839} INFO - DAG(s) dict_keys(['pipeline_ingestion_suivi']) retrieved from /opt/airflow/dags/dag_suivi.py
[2026-08-10T13:01:14.627+0000] {logging_mixin.py:151} INFO - [2026-08-10T13:01:14.626+0000] {dag.py:2941} INFO - Sync 1 DAGs
[2026-08-10T13:01:14.643+0000] {logging_mixin.py:151} INFO - [2026-08-10T13:01:14.642+0000] {dag.py:3722} INFO - Setting next_dagrun for pipeline_ingestion_suivi to 2026-08-10T13:00:00+00:00, run_after=2026-08-10T14:00:00+00:00
[2026-08-10T13:01:14.659+0000] {processor.py:179} INFO - Processing /opt/airflow/dags/dag_suivi.py took 0.080 seconds
[2026-08-10T13:01:44.883+0000] {processor.py:157} INFO - Started process (PID=1354) to work on /opt/airflow/dags/dag_suivi.py
[2026-08-10T13:01:44.884+0000] {processor.py:829} INFO - Processing file /opt/airflow/dags/dag_suivi.py for tasks to queue
[2026-08-10T13:01:44.885+0000] {logging_mixin.py:151} INFO - [2026-08-10T13:01:44.885+0000] {dagbag.py:536} INFO - Filling up the DagBag from /opt/airflow/dags/dag_suivi.py
[2026-08-10T13:01:44.902+0000] {processor.py:839} INFO - DAG(s) dict_keys(['pipeline_ingestion_suivi']) retrieved from /opt/airflow/dags/dag_suivi.py
[2026-08-10T13:01:44.923+0000] {logging_mixin.py:151} INFO - [2026-08-10T13:01:44.922+0000] {dag.py:2941} INFO - Sync 1 DAGs
[2026-08-10T13:01:44.940+0000] {logging_mixin.py:151} INFO - [2026-08-10T13:01:44.939+0000] {dag.py:3722} INFO - Setting next_dagrun for pipeline_ingestion_suivi to 2026-08-10T13:00:00+00:00, run_after=2026-08-10T14:00:00+00:00
[2026-08-10T13:01:44.958+0000] {processor.py:179} INFO - Processing /opt/airflow/dags/dag_suivi.py took 0.077 seconds
[2026-08-10T13:02:15.140+0000] {processor.py:157} INFO - Started process (PID=1359) to work on /opt/airflow/dags/dag_suivi.py
[2026-08-10T13:02:15.140+0000] {processor.py:829} INFO - Processing file /opt/airflow/dags/dag_suivi.py for tasks to queue
[2026-08-10T13:02:15.141+0000] {logging_mixin.py:151} INFO - [2026-08-10T13:02:15.141+0000] {dagbag.py:536} INFO - Filling up the DagBag from /opt/airflow/dags/dag_suivi.py
[2026-08-10T13:02:15.158+0000] {processor.py:839} INFO - DAG(s) dict_keys(['pipeline_ingestion_suivi']) retrieved from /opt/airflow/dags/dag_suivi.py
[2026-08-10T13:02:15.180+0000] {logging_mixin.py:151} INFO - [2026-08-10T13:02:15.180+0000] {dag.py:2941} INFO - Sync 1 DAGs
[2026-08-10T13:02:15.200+0000] {logging_mixin.py:151} INFO - [2026-08-10T13:02:15.199+0000] {dag.py:3722} INFO - Setting next_dagrun for pipeline_ingestion_suivi to 2026-08-10T13:00:00+00:00, run_after=2026-08-10T14:00:00+00:00
[2026-08-10T13:02:15.216+0000] {processor.py:179} INFO - Processing /opt/airflow/dags/dag_suivi.py took 0.079 seconds
[2026-08-10T13:02:45.421+0000] {processor.py:157} INFO - Started process (PID=1364) to work on /opt/airflow/dags/dag_suivi.py
[2026-08-10T13:02:45.422+0000] {processor.py:829} INFO - Processing file /opt/airflow/dags/dag_suivi.py for tasks to queue
[2026-08-10T13:02:45.423+0000] {logging_mixin.py:151} INFO - [2026-08-10T13:02:45.422+0000] {dagbag.py:536} INFO - Filling up the DagBag from /opt/airflow/dags/dag_suivi.py
[2026-08-10T13:02:45.439+0000] {processor.py:839} INFO - DAG(s) dict_keys(['pipeline_ingestion_suivi']) retrieved from /opt/airflow/dags/dag_suivi.py
[2026-08-10T13:02:45.462+0000] {logging_mixin.py:151} INFO - [2026-08-10T13:02:45.462+0000] {dag.py:2941} INFO - Sync 1 DAGs
[2026-08-10T13:02:45.481+0000] {logging_mixin.py:151} INFO - [2026-08-10T13:02:45.481+0000] {dag.py:3722} INFO - Setting next_dagrun for pipeline_ingestion_suivi to 2026-08-10T13:00:00+00:00, run_after=2026-08-10T14:00:00+00:00
[2026-08-10T13:02:45.498+0000] {processor.py:179} INFO - Processing /opt/airflow/dags/dag_suivi.py took 0.079 seconds
[2026-08-10T13:03:15.686+0000] {processor.py:157} INFO - Started process (PID=1369) to work on /opt/airflow/dags/dag_suivi.py
[2026-08-10T13:03:15.686+0000] {processor.py:829} INFO - Processing file /opt/airflow/dags/dag_suivi.py for tasks to queue
[2026-08-10T13:03:15.687+0000] {logging_mixin.py:151} INFO - [2026-08-10T13:03:15.687+0000] {dagbag.py:536} INFO - Filling up the DagBag from /opt/airflow/dags/dag_suivi.py
[2026-08-10T13:03:15.704+0000] {processor.py:839} INFO - DAG(s) dict_keys(['pipeline_ingestion_suivi']) retrieved from /opt/airflow/dags/dag_suivi.py
[2026-08-10T13:03:15.728+0000] {logging_mixin.py:151} INFO - [2026-08-10T13:03:15.727+0000] {dag.py:2941} INFO - Sync 1 DAGs
[2026-08-10T13:03:15.747+0000] {logging_mixin.py:151} INFO - [2026-08-10T13:03:15.746+0000] {dag.py:3722} INFO - Setting next_dagrun for pipeline_ingestion_suivi to 2026-08-10T13:00:00+00:00, run_after=2026-08-10T14:00:00+00:00
[2026-08-10T13:03:15.767+0000] {processor.py:179} INFO - Processing /opt/airflow/dags/dag_suivi.py took 0.084 seconds
[2026-08-10T13:03:45.990+0000] {processor.py:157} INFO - Started process (PID=1374) to work on /opt/airflow/dags/dag_suivi.py
[2026-08-10T13:03:45.991+0000] {processor.py:829} INFO - Processing file /opt/airflow/dags/dag_suivi.py for tasks to queue
[2026-08-10T13:03:45.992+0000] {logging_mixin.py:151} INFO - [2026-08-10T13:03:45.991+0000] {dagbag.py:536} INFO - Filling up the DagBag from /opt/airflow/dags/dag_suivi.py
[2026-08-10T13:03:46.008+0000] {processor.py:839} INFO - DAG(s) dict_keys(['pipeline_ingestion_suivi']) retrieved from /opt/airflow/dags/dag_suivi.py
[2026-08-10T13:03:46.029+0000] {logging_mixin.py:151} INFO - [2026-08-10T13:03:46.029+0000] {dag.py:2941} INFO - Sync 1 DAGs
[2026-08-10T13:03:46.047+0000] {logging_mixin.py:151} INFO - [2026-08-10T13:03:46.047+0000] {dag.py:3722} INFO - Setting next_dagrun for pipeline_ingestion_suivi to 2026-08-10T13:00:00+00:00, run_after=2026-08-10T14:00:00+00:00
[2026-08-10T13:03:46.070+0000] {processor.py:179} INFO - Processing /opt/airflow/dags/dag_suivi.py took 0.083 seconds
[2026-08-10T13:04:16.266+0000] {processor.py:157} INFO - Started process (PID=1379) to work on /opt/airflow/dags/dag_suivi.py
[2026-08-10T13:04:16.267+0000] {processor.py:829} INFO - Processing file /opt/airflow/dags/dag_suivi.py for tasks to queue
[2026-08-10T13:04:16.268+0000] {logging_mixin.py:151} INFO - [2026-08-10T13:04:16.268+0000] {dagbag.py:536} INFO - Filling up the DagBag from /opt/airflow/dags/dag_suivi.py
[2026-08-10T13:04:16.288+0000] {processor.py:839} INFO - DAG(s) dict_keys(['pipeline_ingestion_suivi']) retrieved from /opt/airflow/dags/dag_suivi.py
[2026-08-10T13:04:16.314+0000] {logging_mixin.py:151} INFO - [2026-08-10T13:04:16.314+0000] {dag.py:2941} INFO - Sync 1 DAGs
[2026-08-10T13:04:16.336+0000] {logging_mixin.py:151} INFO - [2026-08-10T13:04:16.336+0000] {dag.py:3722} INFO - Setting next_dagrun for pipeline_ingestion_suivi to 2026-08-10T13:00:00+00:00, run_after=2026-08-10T14:00:00+00:00
[2026-08-10T13:04:16.354+0000] {processor.py:179} INFO - Processing /opt/airflow/dags/dag_suivi.py took 0.090 seconds
[2026-08-10T13:04:46.531+0000] {processor.py:157} INFO - Started process (PID=1384) to work on /opt/airflow/dags/dag_suivi.py
[2026-08-10T13:04:46.531+0000] {processor.py:829} INFO - Processing file /opt/airflow/dags/dag_suivi.py for tasks to queue
[2026-08-10T13:04:46.532+0000] {logging_mixin.py:151} INFO - [2026-08-10T13:04:46.532+0000] {dagbag.py:536} INFO - Filling up the DagBag from /opt/airflow/dags/dag_suivi.py
[2026-08-10T13:04:46.548+0000] {processor.py:839} INFO - DAG(s) dict_keys(['pipeline_ingestion_suivi']) retrieved from /opt/airflow/dags/dag_suivi.py
[2026-08-10T13:04:46.570+0000] {logging_mixin.py:151} INFO - [2026-08-10T13:04:46.570+0000] {dag.py:2941} INFO - Sync 1 DAGs
[2026-08-10T13:04:46.588+0000] {logging_mixin.py:151} INFO - [2026-08-10T13:04:46.588+0000] {dag.py:3722} INFO - Setting next_dagrun for pipeline_ingestion_suivi to 2026-08-10T13:00:00+00:00, run_after=2026-08-10T14:00:00+00:00
[2026-08-10T13:04:46.605+0000] {processor.py:179} INFO - Processing /opt/airflow/dags/dag_suivi.py took 0.077 seconds
[2026-08-10T13:05:16.846+0000] {processor.py:157} INFO - Started process (PID=1389) to work on /opt/airflow/dags/dag_suivi.py
[2026-08-10T13:05:16.847+0000] {processor.py:829} INFO - Processing file /opt/airflow/dags/dag_suivi.py for tasks to queue
[2026-08-10T13:05:16.847+0000] {logging_mixin.py:151} INFO - [2026-08-10T13:05:16.847+0000] {dagbag.py:536} INFO - Filling up the DagBag from /opt/airflow/dags/dag_suivi.py
[2026-08-10T13:05:16.865+0000] {processor.py:839} INFO - DAG(s) dict_keys(['pipeline_ingestion_suivi']) retrieved from /opt/airflow/dags/dag_suivi.py
[2026-08-10T13:05:16.888+0000] {logging_mixin.py:151} INFO - [2026-08-10T13:05:16.888+0000] {dag.py:2941} INFO - Sync 1 DAGs
[2026-08-10T13:05:16.905+0000] {logging_mixin.py:151} INFO - [2026-08-10T13:05:16.905+0000] {dag.py:3722} INFO - Setting next_dagrun for pipeline_ingestion_suivi to 2026-08-10T13:00:00+00:00, run_after=2026-08-10T14:00:00+00:00
[2026-08-10T13:05:16.932+0000] {processor.py:179} INFO - Processing /opt/airflow/dags/dag_suivi.py took 0.089 seconds
[2026-08-10T13:05:47.050+0000] {processor.py:157} INFO - Started process (PID=1394) to work on /opt/airflow/dags/dag_suivi.py
[2026-08-10T13:05:47.050+0000] {processor.py:829} INFO - Processing file /opt/airflow/dags/dag_suivi.py for tasks to queue
[2026-08-10T13:05:47.051+0000] {logging_mixin.py:151} INFO - [2026-08-10T13:05:47.051+0000] {dagbag.py:536} INFO - Filling up the DagBag from /opt/airflow/dags/dag_suivi.py
[2026-08-10T13:05:47.068+0000] {processor.py:839} INFO - DAG(s) dict_keys(['pipeline_ingestion_suivi']) retrieved from /opt/airflow/dags/dag_suivi.py
[2026-08-10T13:05:47.089+0000] {logging_mixin.py:151} INFO - [2026-08-10T13:05:47.088+0000] {dag.py:2941} INFO - Sync 1 DAGs
[2026-08-10T13:05:47.106+0000] {logging_mixin.py:151} INFO - [2026-08-10T13:05:47.105+0000] {dag.py:3722} INFO - Setting next_dagrun for pipeline_ingestion_suivi to 2026-08-10T13:00:00+00:00, run_after=2026-08-10T14:00:00+00:00
[2026-08-10T13:05:47.125+0000] {processor.py:179} INFO - Processing /opt/airflow/dags/dag_suivi.py took 0.078 seconds
[2026-08-10T13:06:17.239+0000] {processor.py:157} INFO - Started process (PID=1399) to work on /opt/airflow/dags/dag_suivi.py
[2026-08-10T13:06:17.240+0000] {processor.py:829} INFO - Processing file /opt/airflow/dags/dag_suivi.py for tasks to queue
[2026-08-10T13:06:17.240+0000] {logging_mixin.py:151} INFO - [2026-08-10T13:06:17.240+0000] {dagbag.py:536} INFO - Filling up the DagBag from /opt/airflow/dags/dag_suivi.py
[2026-08-10T13:06:17.258+0000] {processor.py:839} INFO - DAG(s) dict_keys(['pipeline_ingestion_suivi']) retrieved from /opt/airflow/dags/dag_suivi.py
[2026-08-10T13:06:17.282+0000] {logging_mixin.py:151} INFO - [2026-08-10T13:06:17.282+0000] {dag.py:2941} INFO - Sync 1 DAGs
[2026-08-10T13:06:17.299+0000] {logging_mixin.py:151} INFO - [2026-08-10T13:06:17.299+0000] {dag.py:3722} INFO - Setting next_dagrun for pipeline_ingestion_suivi to 2026-08-10T13:00:00+00:00, run_after=2026-08-10T14:00:00+00:00
[2026-08-10T13:06:17.325+0000] {processor.py:179} INFO - Processing /opt/airflow/dags/dag_suivi.py took 0.088 seconds
[2026-08-10T13:06:47.402+0000] {processor.py:157} INFO - Started process (PID=1404) to work on /opt/airflow/dags/dag_suivi.py
[2026-08-10T13:06:47.403+0000] {processor.py:829} INFO - Processing file /opt/airflow/dags/dag_suivi.py for tasks to queue
[2026-08-10T13:06:47.403+0000] {logging_mixin.py:151} INFO - [2026-08-10T13:06:47.403+0000] {dagbag.py:536} INFO - Filling up the DagBag from /opt/airflow/dags/dag_suivi.py
[2026-08-10T13:06:47.419+0000] {processor.py:839} INFO - DAG(s) dict_keys(['pipeline_ingestion_suivi']) retrieved from /opt/airflow/dags/dag_suivi.py
[2026-08-10T13:06:47.444+0000] {logging_mixin.py:151} INFO - [2026-08-10T13:06:47.444+0000] {dag.py:2941} INFO - Sync 1 DAGs
[2026-08-10T13:06:47.461+0000] {logging_mixin.py:151} INFO - [2026-08-10T13:06:47.461+0000] {dag.py:3722} INFO - Setting next_dagrun for pipeline_ingestion_suivi to 2026-08-10T13:00:00+00:00, run_after=2026-08-10T14:00:00+00:00
[2026-08-10T13:06:47.488+0000] {processor.py:179} INFO - Processing /opt/airflow/dags/dag_suivi.py took 0.088 seconds
[2026-08-10T13:07:17.606+0000] {processor.py:157} INFO - Started process (PID=1409) to work on /opt/airflow/dags/dag_suivi.py
[2026-08-10T13:07:17.607+0000] {processor.py:829} INFO - Processing file /opt/airflow/dags/dag_suivi.py for tasks to queue
[2026-08-10T13:07:17.608+0000] {logging_mixin.py:151} INFO - [2026-08-10T13:07:17.608+0000] {dagbag.py:536} INFO - Filling up the DagBag from /opt/airflow/dags/dag_suivi.py
[2026-08-10T13:07:17.625+0000] {processor.py:839} INFO - DAG(s) dict_keys(['pipeline_ingestion_suivi']) retrieved from /opt/airflow/dags/dag_suivi.py
[2026-08-10T13:07:17.648+0000] {logging_mixin.py:151} INFO - [2026-08-10T13:07:17.648+0000] {dag.py:2941} INFO - Sync 1 DAGs
[2026-08-10T13:07:17.666+0000] {logging_mixin.py:151} INFO - [2026-08-10T13:07:17.666+0000] {dag.py:3722} INFO - Setting next_dagrun for pipeline_ingestion_suivi to 2026-08-10T13:00:00+00:00, run_after=2026-08-10T14:00:00+00:00
[2026-08-10T13:07:17.694+0000] {processor.py:179} INFO - Processing /opt/airflow/dags/dag_suivi.py took 0.091 seconds
[2026-08-10T13:07:47.911+0000] {processor.py:157} INFO - Started process (PID=1414) to work on /opt/airflow/dags/dag_suivi.py
[2026-08-10T13:07:47.912+0000] {processor.py:829} INFO - Processing file /opt/airflow/dags/dag_suivi.py for tasks to queue
[2026-08-10T13:07:47.913+0000] {logging_mixin.py:151} INFO - [2026-08-10T13:07:47.912+0000] {dagbag.py:536} INFO - Filling up the DagBag from /opt/airflow/dags/dag_suivi.py
[2026-08-10T13:07:47.928+0000] {processor.py:839} INFO - DAG(s) dict_keys(['pipeline_ingestion_suivi']) retrieved from /opt/airflow/dags/dag_suivi.py
[2026-08-10T13:07:47.951+0000] {logging_mixin.py:151} INFO - [2026-08-10T13:07:47.951+0000] {dag.py:2941} INFO - Sync 1 DAGs
[2026-08-10T13:07:47.970+0000] {logging_mixin.py:151} INFO - [2026-08-10T13:07:47.969+0000] {dag.py:3722} INFO - Setting next_dagrun for pipeline_ingestion_suivi to 2026-08-10T13:00:00+00:00, run_after=2026-08-10T14:00:00+00:00
[2026-08-10T13:07:47.987+0000] {processor.py:179} INFO - Processing /opt/airflow/dags/dag_suivi.py took 0.078 seconds
[2026-08-10T13:08:18.149+0000] {processor.py:157} INFO - Started process (PID=1419) to work on /opt/airflow/dags/dag_suivi.py
[2026-08-10T13:08:18.150+0000] {processor.py:829} INFO - Processing file /opt/airflow/dags/dag_suivi.py for tasks to queue
[2026-08-10T13:08:18.151+0000] {logging_mixin.py:151} INFO - [2026-08-10T13:08:18.150+0000] {dagbag.py:536} INFO - Filling up the DagBag from /opt/airflow/dags/dag_suivi.py
[2026-08-10T13:08:18.169+0000] {processor.py:839} INFO - DAG(s) dict_keys(['pipeline_ingestion_suivi']) retrieved from /opt/airflow/dags/dag_suivi.py
[2026-08-10T13:08:18.191+0000] {logging_mixin.py:151} INFO - [2026-08-10T13:08:18.191+0000] {dag.py:2941} INFO - Sync 1 DAGs
[2026-08-10T13:08:18.208+0000] {logging_mixin.py:151} INFO - [2026-08-10T13:08:18.208+0000] {dag.py:3722} INFO - Setting next_dagrun for pipeline_ingestion_suivi to 2026-08-10T13:00:00+00:00, run_after=2026-08-10T14:00:00+00:00
[2026-08-10T13:08:18.224+0000] {processor.py:179} INFO - Processing /opt/airflow/dags/dag_suivi.py took 0.079 seconds
[2026-08-10T13:08:48.439+0000] {processor.py:157} INFO - Started process (PID=1424) to work on /opt/airflow/dags/dag_suivi.py
[2026-08-10T13:08:48.439+0000] {processor.py:829} INFO - Processing file /opt/airflow/dags/dag_suivi.py for tasks to queue
[2026-08-10T13:08:48.440+0000] {logging_mixin.py:151} INFO - [2026-08-10T13:08:48.440+0000] {dagbag.py:536} INFO - Filling up the DagBag from /opt/airflow/dags/dag_suivi.py
[2026-08-10T13:08:48.456+0000] {processor.py:839} INFO - DAG(s) dict_keys(['pipeline_ingestion_suivi']) retrieved from /opt/airflow/dags/dag_suivi.py
[2026-08-10T13:08:48.479+0000] {logging_mixin.py:151} INFO - [2026-08-10T13:08:48.478+0000] {dag.py:2941} INFO - Sync 1 DAGs
[2026-08-10T13:08:48.495+0000] {logging_mixin.py:151} INFO - [2026-08-10T13:08:48.495+0000] {dag.py:3722} INFO - Setting next_dagrun for pipeline_ingestion_suivi to 2026-08-10T13:00:00+00:00, run_after=2026-08-10T14:00:00+00:00
[2026-08-10T13:08:48.511+0000] {processor.py:179} INFO - Processing /opt/airflow/dags/dag_suivi.py took 0.075 seconds
[2026-08-10T13:09:18.736+0000] {processor.py:157} INFO - Started process (PID=1429) to work on /opt/airflow/dags/dag_suivi.py
[2026-08-10T13:09:18.737+0000] {processor.py:829} INFO - Processing file /opt/airflow/dags/dag_suivi.py for tasks to queue
[2026-08-10T13:09:18.737+0000] {logging_mixin.py:151} INFO - [2026-08-10T13:09:18.737+0000] {dagbag.py:536} INFO - Filling up the DagBag from /opt/airflow/dags/dag_suivi.py
[2026-08-10T13:09:18.754+0000] {processor.py:839} INFO - DAG(s) dict_keys(['pipeline_ingestion_suivi']) retrieved from /opt/airflow/dags/dag_suivi.py
[2026-08-10T13:09:18.781+0000] {logging_mixin.py:151} INFO - [2026-08-10T13:09:18.781+0000] {dag.py:2941} INFO - Sync 1 DAGs
[2026-08-10T13:09:18.802+0000] {logging_mixin.py:151} INFO - [2026-08-10T13:09:18.802+0000] {dag.py:3722} INFO - Setting next_dagrun for pipeline_ingestion_suivi to 2026-08-10T13:00:00+00:00, run_after=2026-08-10T14:00:00+00:00
[2026-08-10T13:09:18.825+0000] {processor.py:179} INFO - Processing /opt/airflow/dags/dag_suivi.py took 0.091 seconds
[2026-08-10T13:09:49.007+0000] {processor.py:157} INFO - Started process (PID=1434) to work on /opt/airflow/dags/dag_suivi.py
[2026-08-10T13:09:49.008+0000] {processor.py:829} INFO - Processing file /opt/airflow/dags/dag_suivi.py for tasks to queue
[2026-08-10T13:09:49.009+0000] {logging_mixin.py:151} INFO - [2026-08-10T13:09:49.009+0000] {dagbag.py:536} INFO - Filling up the DagBag from /opt/airflow/dags/dag_suivi.py
[2026-08-10T13:09:49.028+0000] {processor.py:839} INFO - DAG(s) dict_keys(['pipeline_ingestion_suivi']) retrieved from /opt/airflow/dags/dag_suivi.py
[2026-08-10T13:09:49.051+0000] {logging_mixin.py:151} INFO - [2026-08-10T13:09:49.051+0000] {dag.py:2941} INFO - Sync 1 DAGs
[2026-08-10T13:09:49.072+0000] {logging_mixin.py:151} INFO - [2026-08-10T13:09:49.072+0000] {dag.py:3722} INFO - Setting next_dagrun for pipeline_ingestion_suivi to 2026-08-10T13:00:00+00:00, run_after=2026-08-10T14:00:00+00:00
[2026-08-10T13:09:49.099+0000] {processor.py:179} INFO - Processing /opt/airflow/dags/dag_suivi.py took 0.099 seconds
[2026-08-10T13:10:19.267+0000] {processor.py:157} INFO - Started process (PID=1439) to work on /opt/airflow/dags/dag_suivi.py
[2026-08-10T13:10:19.268+0000] {processor.py:829} INFO - Processing file /opt/airflow/dags/dag_suivi.py for tasks to queue
[2026-08-10T13:10:19.269+0000] {logging_mixin.py:151} INFO - [2026-08-10T13:10:19.269+0000] {dagbag.py:536} INFO - Filling up the DagBag from /opt/airflow/dags/dag_suivi.py
[2026-08-10T13:10:19.287+0000] {processor.py:839} INFO - DAG(s) dict_keys(['pipeline_ingestion_suivi']) retrieved from /opt/airflow/dags/dag_suivi.py
[2026-08-10T13:10:19.309+0000] {logging_mixin.py:151} INFO - [2026-08-10T13:10:19.309+0000] {dag.py:2941} INFO - Sync 1 DAGs
[2026-08-10T13:10:19.329+0000] {logging_mixin.py:151} INFO - [2026-08-10T13:10:19.329+0000] {dag.py:3722} INFO - Setting next_dagrun for pipeline_ingestion_suivi to 2026-08-10T13:00:00+00:00, run_after=2026-08-10T14:00:00+00:00
[2026-08-10T13:10:19.348+0000] {processor.py:179} INFO - Processing /opt/airflow/dags/dag_suivi.py took 0.084 seconds
[2026-08-10T13:10:49.517+0000] {processor.py:157} INFO - Started process (PID=1444) to work on /opt/airflow/dags/dag_suivi.py
[2026-08-10T13:10:49.518+0000] {processor.py:829} INFO - Processing file /opt/airflow/dags/dag_suivi.py for tasks to queue
[2026-08-10T13:10:49.519+0000] {logging_mixin.py:151} INFO - [2026-08-10T13:10:49.518+0000] {dagbag.py:536} INFO - Filling up the DagBag from /opt/airflow/dags/dag_suivi.py
[2026-08-10T13:10:49.538+0000] {processor.py:839} INFO - DAG(s) dict_keys(['pipeline_ingestion_suivi']) retrieved from /opt/airflow/dags/dag_suivi.py
[2026-08-10T13:10:49.561+0000] {logging_mixin.py:151} INFO - [2026-08-10T13:10:49.561+0000] {dag.py:2941} INFO - Sync 1 DAGs
[2026-08-10T13:10:49.579+0000] {logging_mixin.py:151} INFO - [2026-08-10T13:10:49.579+0000] {dag.py:3722} INFO - Setting next_dagrun for pipeline_ingestion_suivi to 2026-08-10T13:00:00+00:00, run_after=2026-08-10T14:00:00+00:00
[2026-08-10T13:10:49.599+0000] {processor.py:179} INFO - Processing /opt/airflow/dags/dag_suivi.py took 0.084 seconds
[2026-08-10T13:11:19.733+0000] {processor.py:157} INFO - Started process (PID=1449) to work on /opt/airflow/dags/dag_suivi.py
[2026-08-10T13:11:19.733+0000] {processor.py:829} INFO - Processing file /opt/airflow/dags/dag_suivi.py for tasks to queue
[2026-08-10T13:11:19.734+0000] {logging_mixin.py:151} INFO - [2026-08-10T13:11:19.734+0000] {dagbag.py:536} INFO - Filling up the DagBag from /opt/airflow/dags/dag_suivi.py
[2026-08-10T13:11:19.751+0000] {processor.py:839} INFO - DAG(s) dict_keys(['pipeline_ingestion_suivi']) retrieved from /opt/airflow/dags/dag_suivi.py
[2026-08-10T13:11:19.775+0000] {logging_mixin.py:151} INFO - [2026-08-10T13:11:19.775+0000] {dag.py:2941} INFO - Sync 1 DAGs
[2026-08-10T13:11:19.793+0000] {logging_mixin.py:151} INFO - [2026-08-10T13:11:19.793+0000] {dag.py:3722} INFO - Setting next_dagrun for pipeline_ingestion_suivi to 2026-08-10T13:00:00+00:00, run_after=2026-08-10T14:00:00+00:00
[2026-08-10T13:11:19.810+0000] {processor.py:179} INFO - Processing /opt/airflow/dags/dag_suivi.py took 0.080 seconds
[2026-08-10T13:11:50.032+0000] {processor.py:157} INFO - Started process (PID=1454) to work on /opt/airflow/dags/dag_suivi.py
[2026-08-10T13:11:50.032+0000] {processor.py:829} INFO - Processing file /opt/airflow/dags/dag_suivi.py for tasks to queue
[2026-08-10T13:11:50.033+0000] {logging_mixin.py:151} INFO - [2026-08-10T13:11:50.033+0000] {dagbag.py:536} INFO - Filling up the DagBag from /opt/airflow/dags/dag_suivi.py
[2026-08-10T13:11:50.048+0000] {processor.py:839} INFO - DAG(s) dict_keys(['pipeline_ingestion_suivi']) retrieved from /opt/airflow/dags/dag_suivi.py
[2026-08-10T13:11:50.071+0000] {logging_mixin.py:151} INFO - [2026-08-10T13:11:50.070+0000] {dag.py:2941} INFO - Sync 1 DAGs
[2026-08-10T13:11:50.092+0000] {logging_mixin.py:151} INFO - [2026-08-10T13:11:50.092+0000] {dag.py:3722} INFO - Setting next_dagrun for pipeline_ingestion_suivi to 2026-08-10T13:00:00+00:00, run_after=2026-08-10T14:00:00+00:00
[2026-08-10T13:11:50.108+0000] {processor.py:179} INFO - Processing /opt/airflow/dags/dag_suivi.py took 0.079 seconds
[2026-08-10T13:12:20.235+0000] {processor.py:157} INFO - Started process (PID=1459) to work on /opt/airflow/dags/dag_suivi.py
[2026-08-10T13:12:20.236+0000] {processor.py:829} INFO - Processing file /opt/airflow/dags/dag_suivi.py for tasks to queue
[2026-08-10T13:12:20.237+0000] {logging_mixin.py:151} INFO - [2026-08-10T13:12:20.237+0000] {dagbag.py:536} INFO - Filling up the DagBag from /opt/airflow/dags/dag_suivi.py
[2026-08-10T13:12:20.253+0000] {processor.py:839} INFO - DAG(s) dict_keys(['pipeline_ingestion_suivi']) retrieved from /opt/airflow/dags/dag_suivi.py
[2026-08-10T13:12:20.276+0000] {logging_mixin.py:151} INFO - [2026-08-10T13:12:20.276+0000] {dag.py:2941} INFO - Sync 1 DAGs
[2026-08-10T13:12:20.294+0000] {logging_mixin.py:151} INFO - [2026-08-10T13:12:20.293+0000] {dag.py:3722} INFO - Setting next_dagrun for pipeline_ingestion_suivi to 2026-08-10T13:00:00+00:00, run_after=2026-08-10T14:00:00+00:00
[2026-08-10T13:12:20.315+0000] {processor.py:179} INFO - Processing /opt/airflow/dags/dag_suivi.py took 0.083 seconds
[2026-08-10T13:12:50.533+0000] {processor.py:157} INFO - Started process (PID=1464) to work on /opt/airflow/dags/dag_suivi.py
[2026-08-10T13:12:50.534+0000] {processor.py:829} INFO - Processing file /opt/airflow/dags/dag_suivi.py for tasks to queue
[2026-08-10T13:12:50.534+0000] {logging_mixin.py:151} INFO - [2026-08-10T13:12:50.534+0000] {dagbag.py:536} INFO - Filling up the DagBag from /opt/airflow/dags/dag_suivi.py
[2026-08-10T13:12:50.550+0000] {processor.py:839} INFO - DAG(s) dict_keys(['pipeline_ingestion_suivi']) retrieved from /opt/airflow/dags/dag_suivi.py
[2026-08-10T13:12:50.575+0000] {logging_mixin.py:151} INFO - [2026-08-10T13:12:50.574+0000] {dag.py:2941} INFO - Sync 1 DAGs
[2026-08-10T13:12:50.593+0000] {logging_mixin.py:151} INFO - [2026-08-10T13:12:50.593+0000] {dag.py:3722} INFO - Setting next_dagrun for pipeline_ingestion_suivi to 2026-08-10T13:00:00+00:00, run_after=2026-08-10T14:00:00+00:00
[2026-08-10T13:12:50.610+0000] {processor.py:179} INFO - Processing /opt/airflow/dags/dag_suivi.py took 0.079 seconds
[2026-08-10T13:13:20.782+0000] {processor.py:157} INFO - Started process (PID=1469) to work on /opt/airflow/dags/dag_suivi.py
[2026-08-10T13:13:20.783+0000] {processor.py:829} INFO - Processing file /opt/airflow/dags/dag_suivi.py for tasks to queue
[2026-08-10T13:13:20.784+0000] {logging_mixin.py:151} INFO - [2026-08-10T13:13:20.784+0000] {dagbag.py:536} INFO - Filling up the DagBag from /opt/airflow/dags/dag_suivi.py
[2026-08-10T13:13:20.801+0000] {processor.py:839} INFO - DAG(s) dict_keys(['pipeline_ingestion_suivi']) retrieved from /opt/airflow/dags/dag_suivi.py
[2026-08-10T13:13:20.822+0000] {logging_mixin.py:151} INFO - [2026-08-10T13:13:20.822+0000] {dag.py:2941} INFO - Sync 1 DAGs
[2026-08-10T13:13:20.840+0000] {logging_mixin.py:151} INFO - [2026-08-10T13:13:20.840+0000] {dag.py:3722} INFO - Setting next_dagrun for pipeline_ingestion_suivi to 2026-08-10T13:00:00+00:00, run_after=2026-08-10T14:00:00+00:00
[2026-08-10T13:13:20.859+0000] {processor.py:179} INFO - Processing /opt/airflow/dags/dag_suivi.py took 0.079 seconds
[2026-08-10T13:13:51.046+0000] {processor.py:157} INFO - Started process (PID=1474) to work on /opt/airflow/dags/dag_suivi.py
[2026-08-10T13:13:51.046+0000] {processor.py:829} INFO - Processing file /opt/airflow/dags/dag_suivi.py for tasks to queue
[2026-08-10T13:13:51.047+0000] {logging_mixin.py:151} INFO - [2026-08-10T13:13:51.047+0000] {dagbag.py:536} INFO - Filling up the DagBag from /opt/airflow/dags/dag_suivi.py
[2026-08-10T13:13:51.064+0000] {processor.py:839} INFO - DAG(s) dict_keys(['pipeline_ingestion_suivi']) retrieved from /opt/airflow/dags/dag_suivi.py
[2026-08-10T13:13:51.087+0000] {logging_mixin.py:151} INFO - [2026-08-10T13:13:51.087+0000] {dag.py:2941} INFO - Sync 1 DAGs
[2026-08-10T13:13:51.105+0000] {logging_mixin.py:151} INFO - [2026-08-10T13:13:51.105+0000] {dag.py:3722} INFO - Setting next_dagrun for pipeline_ingestion_suivi to 2026-08-10T13:00:00+00:00, run_after=2026-08-10T14:00:00+00:00
[2026-08-10T13:13:51.122+0000] {processor.py:179} INFO - Processing /opt/airflow/dags/dag_suivi.py took 0.078 seconds
[2026-08-10T13:14:21.304+0000] {processor.py:157} INFO - Started process (PID=1479) to work on /opt/airflow/dags/dag_suivi.py
[2026-08-10T13:14:21.304+0000] {processor.py:829} INFO - Processing file /opt/airflow/dags/dag_suivi.py for tasks to queue
[2026-08-10T13:14:21.305+0000] {logging_mixin.py:151} INFO - [2026-08-10T13:14:21.305+0000] {dagbag.py:536} INFO - Filling up the DagBag from /opt/airflow/dags/dag_suivi.py
[2026-08-10T13:14:21.324+0000] {processor.py:839} INFO - DAG(s) dict_keys(['pipeline_ingestion_suivi']) retrieved from /opt/airflow/dags/dag_suivi.py
[2026-08-10T13:14:21.348+0000] {logging_mixin.py:151} INFO - [2026-08-10T13:14:21.348+0000] {dag.py:2941} INFO - Sync 1 DAGs
[2026-08-10T13:14:21.367+0000] {logging_mixin.py:151} INFO - [2026-08-10T13:14:21.367+0000] {dag.py:3722} INFO - Setting next_dagrun for pipeline_ingestion_suivi to 2026-08-10T13:00:00+00:00, run_after=2026-08-10T14:00:00+00:00
[2026-08-10T13:14:21.388+0000] {processor.py:179} INFO - Processing /opt/airflow/dags/dag_suivi.py took 0.087 seconds
[2026-08-10T13:14:51.522+0000] {processor.py:157} INFO - Started process (PID=1484) to work on /opt/airflow/dags/dag_suivi.py
[2026-08-10T13:14:51.522+0000] {processor.py:829} INFO - Processing file /opt/airflow/dags/dag_suivi.py for tasks to queue
[2026-08-10T13:14:51.523+0000] {logging_mixin.py:151} INFO - [2026-08-10T13:14:51.523+0000] {dagbag.py:536} INFO - Filling up the DagBag from /opt/airflow/dags/dag_suivi.py
[2026-08-10T13:14:51.541+0000] {processor.py:839} INFO - DAG(s) dict_keys(['pipeline_ingestion_suivi']) retrieved from /opt/airflow/dags/dag_suivi.py
[2026-08-10T13:14:51.565+0000] {logging_mixin.py:151} INFO - [2026-08-10T13:14:51.565+0000] {dag.py:2941} INFO - Sync 1 DAGs
[2026-08-10T13:14:51.587+0000] {logging_mixin.py:151} INFO - [2026-08-10T13:14:51.587+0000] {dag.py:3722} INFO - Setting next_dagrun for pipeline_ingestion_suivi to 2026-08-10T13:00:00+00:00, run_after=2026-08-10T14:00:00+00:00
[2026-08-10T13:14:51.604+0000] {processor.py:179} INFO - Processing /opt/airflow/dags/dag_suivi.py took 0.085 seconds
[2026-08-10T13:15:21.782+0000] {processor.py:157} INFO - Started process (PID=1489) to work on /opt/airflow/dags/dag_suivi.py
[2026-08-10T13:15:21.783+0000] {processor.py:829} INFO - Processing file /opt/airflow/dags/dag_suivi.py for tasks to queue
[2026-08-10T13:15:21.784+0000] {logging_mixin.py:151} INFO - [2026-08-10T13:15:21.784+0000] {dagbag.py:536} INFO - Filling up the DagBag from /opt/airflow/dags/dag_suivi.py
[2026-08-10T13:15:21.801+0000] {processor.py:839} INFO - DAG(s) dict_keys(['pipeline_ingestion_suivi']) retrieved from /opt/airflow/dags/dag_suivi.py
[2026-08-10T13:15:21.825+0000] {logging_mixin.py:151} INFO - [2026-08-10T13:15:21.825+0000] {dag.py:2941} INFO - Sync 1 DAGs
[2026-08-10T13:15:21.843+0000] {logging_mixin.py:151} INFO - [2026-08-10T13:15:21.843+0000] {dag.py:3722} INFO - Setting next_dagrun for pipeline_ingestion_suivi to 2026-08-10T13:00:00+00:00, run_after=2026-08-10T14:00:00+00:00
[2026-08-10T13:15:21.860+0000] {processor.py:179} INFO - Processing /opt/airflow/dags/dag_suivi.py took 0.080 seconds
[2026-08-10T13:15:51.995+0000] {processor.py:157} INFO - Started process (PID=1494) to work on /opt/airflow/dags/dag_suivi.py
[2026-08-10T13:15:51.996+0000] {processor.py:829} INFO - Processing file /opt/airflow/dags/dag_suivi.py for tasks to queue
[2026-08-10T13:15:51.997+0000] {logging_mixin.py:151} INFO - [2026-08-10T13:15:51.996+0000] {dagbag.py:536} INFO - Filling up the DagBag from /opt/airflow/dags/dag_suivi.py
[2026-08-10T13:15:52.014+0000] {processor.py:839} INFO - DAG(s) dict_keys(['pipeline_ingestion_suivi']) retrieved from /opt/airflow/dags/dag_suivi.py
[2026-08-10T13:15:52.040+0000] {logging_mixin.py:151} INFO - [2026-08-10T13:15:52.040+0000] {dag.py:2941} INFO - Sync 1 DAGs
[2026-08-10T13:15:52.059+0000] {logging_mixin.py:151} INFO - [2026-08-10T13:15:52.059+0000] {dag.py:3722} INFO - Setting next_dagrun for pipeline_ingestion_suivi to 2026-08-10T13:00:00+00:00, run_after=2026-08-10T14:00:00+00:00
[2026-08-10T13:15:52.083+0000] {processor.py:179} INFO - Processing /opt/airflow/dags/dag_suivi.py took 0.091 seconds
[2026-08-10T13:16:22.301+0000] {processor.py:157} INFO - Started process (PID=1499) to work on /opt/airflow/dags/dag_suivi.py
[2026-08-10T13:16:22.301+0000] {processor.py:829} INFO - Processing file /opt/airflow/dags/dag_suivi.py for tasks to queue
[2026-08-10T13:16:22.302+0000] {logging_mixin.py:151} INFO - [2026-08-10T13:16:22.302+0000] {dagbag.py:536} INFO - Filling up the DagBag from /opt/airflow/dags/dag_suivi.py
[2026-08-10T13:16:22.318+0000] {processor.py:839} INFO - DAG(s) dict_keys(['pipeline_ingestion_suivi']) retrieved from /opt/airflow/dags/dag_suivi.py
[2026-08-10T13:16:22.340+0000] {logging_mixin.py:151} INFO - [2026-08-10T13:16:22.339+0000] {dag.py:2941} INFO - Sync 1 DAGs
[2026-08-10T13:16:22.356+0000] {logging_mixin.py:151} INFO - [2026-08-10T13:16:22.356+0000] {dag.py:3722} INFO - Setting next_dagrun for pipeline_ingestion_suivi to 2026-08-10T13:00:00+00:00, run_after=2026-08-10T14:00:00+00:00
[2026-08-10T13:16:22.374+0000] {processor.py:179} INFO - Processing /opt/airflow/dags/dag_suivi.py took 0.076 seconds
[2026-08-10T13:16:52.522+0000] {processor.py:157} INFO - Started process (PID=1504) to work on /opt/airflow/dags/dag_suivi.py
[2026-08-10T13:16:52.523+0000] {processor.py:829} INFO - Processing file /opt/airflow/dags/dag_suivi.py for tasks to queue
[2026-08-10T13:16:52.524+0000] {logging_mixin.py:151} INFO - [2026-08-10T13:16:52.524+0000] {dagbag.py:536} INFO - Filling up the DagBag from /opt/airflow/dags/dag_suivi.py
[2026-08-10T13:16:52.546+0000] {processor.py:839} INFO - DAG(s) dict_keys(['pipeline_ingestion_suivi']) retrieved from /opt/airflow/dags/dag_suivi.py
[2026-08-10T13:16:52.570+0000] {logging_mixin.py:151} INFO - [2026-08-10T13:16:52.570+0000] {dag.py:2941} INFO - Sync 1 DAGs
[2026-08-10T13:16:52.589+0000] {logging_mixin.py:151} INFO - [2026-08-10T13:16:52.588+0000] {dag.py:3722} INFO - Setting next_dagrun for pipeline_ingestion_suivi to 2026-08-10T13:00:00+00:00, run_after=2026-08-10T14:00:00+00:00
[2026-08-10T13:16:52.607+0000] {processor.py:179} INFO - Processing /opt/airflow/dags/dag_suivi.py took 0.089 seconds
[2026-08-10T13:17:22.814+0000] {processor.py:157} INFO - Started process (PID=1509) to work on /opt/airflow/dags/dag_suivi.py
[2026-08-10T13:17:22.815+0000] {processor.py:829} INFO - Processing file /opt/airflow/dags/dag_suivi.py for tasks to queue
[2026-08-10T13:17:22.816+0000] {logging_mixin.py:151} INFO - [2026-08-10T13:17:22.815+0000] {dagbag.py:536} INFO - Filling up the DagBag from /opt/airflow/dags/dag_suivi.py
[2026-08-10T13:17:22.832+0000] {processor.py:839} INFO - DAG(s) dict_keys(['pipeline_ingestion_suivi']) retrieved from /opt/airflow/dags/dag_suivi.py
[2026-08-10T13:17:22.853+0000] {logging_mixin.py:151} INFO - [2026-08-10T13:17:22.853+0000] {dag.py:2941} INFO - Sync 1 DAGs
[2026-08-10T13:17:22.872+0000] {logging_mixin.py:151} INFO - [2026-08-10T13:17:22.871+0000] {dag.py:3722} INFO - Setting next_dagrun for pipeline_ingestion_suivi to 2026-08-10T13:00:00+00:00, run_after=2026-08-10T14:00:00+00:00
[2026-08-10T13:17:22.891+0000] {processor.py:179} INFO - Processing /opt/airflow/dags/dag_suivi.py took 0.078 seconds
[2026-08-10T13:17:53.023+0000] {processor.py:157} INFO - Started process (PID=1514) to work on /opt/airflow/dags/dag_suivi.py
[2026-08-10T13:17:53.023+0000] {processor.py:829} INFO - Processing file /opt/airflow/dags/dag_suivi.py for tasks to queue
[2026-08-10T13:17:53.024+0000] {logging_mixin.py:151} INFO - [2026-08-10T13:17:53.024+0000] {dagbag.py:536} INFO - Filling up the DagBag from /opt/airflow/dags/dag_suivi.py
[2026-08-10T13:17:53.041+0000] {processor.py:839} INFO - DAG(s) dict_keys(['pipeline_ingestion_suivi']) retrieved from /opt/airflow/dags/dag_suivi.py
[2026-08-10T13:17:53.065+0000] {logging_mixin.py:151} INFO - [2026-08-10T13:17:53.065+0000] {dag.py:2941} INFO - Sync 1 DAGs
[2026-08-10T13:17:53.084+0000] {logging_mixin.py:151} INFO - [2026-08-10T13:17:53.084+0000] {dag.py:3722} INFO - Setting next_dagrun for pipeline_ingestion_suivi to 2026-08-10T13:00:00+00:00, run_after=2026-08-10T14:00:00+00:00
[2026-08-10T13:17:53.112+0000] {processor.py:179} INFO - Processing /opt/airflow/dags/dag_suivi.py took 0.092 seconds
[2026-08-10T13:18:23.320+0000] {processor.py:157} INFO - Started process (PID=1519) to work on /opt/airflow/dags/dag_suivi.py
[2026-08-10T13:18:23.321+0000] {processor.py:829} INFO - Processing file /opt/airflow/dags/dag_suivi.py for tasks to queue
[2026-08-10T13:18:23.322+0000] {logging_mixin.py:151} INFO - [2026-08-10T13:18:23.322+0000] {dagbag.py:536} INFO - Filling up the DagBag from /opt/airflow/dags/dag_suivi.py
[2026-08-10T13:18:23.340+0000] {processor.py:839} INFO - DAG(s) dict_keys(['pipeline_ingestion_suivi']) retrieved from /opt/airflow/dags/dag_suivi.py
[2026-08-10T13:18:23.364+0000] {logging_mixin.py:151} INFO - [2026-08-10T13:18:23.364+0000] {dag.py:2941} INFO - Sync 1 DAGs
[2026-08-10T13:18:23.382+0000] {logging_mixin.py:151} INFO - [2026-08-10T13:18:23.382+0000] {dag.py:3722} INFO - Setting next_dagrun for pipeline_ingestion_suivi to 2026-08-10T13:00:00+00:00, run_after=2026-08-10T14:00:00+00:00
[2026-08-10T13:18:23.399+0000] {processor.py:179} INFO - Processing /opt/airflow/dags/dag_suivi.py took 0.081 seconds
[2026-08-10T13:18:53.501+0000] {processor.py:157} INFO - Started process (PID=1524) to work on /opt/airflow/dags/dag_suivi.py
[2026-08-10T13:18:53.501+0000] {processor.py:829} INFO - Processing file /opt/airflow/dags/dag_suivi.py for tasks to queue
[2026-08-10T13:18:53.502+0000] {logging_mixin.py:151} INFO - [2026-08-10T13:18:53.502+0000] {dagbag.py:536} INFO - Filling up the DagBag from /opt/airflow/dags/dag_suivi.py
[2026-08-10T13:18:53.518+0000] {processor.py:839} INFO - DAG(s) dict_keys(['pipeline_ingestion_suivi']) retrieved from /opt/airflow/dags/dag_suivi.py
[2026-08-10T13:18:53.543+0000] {logging_mixin.py:151} INFO - [2026-08-10T13:18:53.543+0000] {dag.py:2941} INFO - Sync 1 DAGs
[2026-08-10T13:18:53.564+0000] {logging_mixin.py:151} INFO - [2026-08-10T13:18:53.564+0000] {dag.py:3722} INFO - Setting next_dagrun for pipeline_ingestion_suivi to 2026-08-10T13:00:00+00:00, run_after=2026-08-10T14:00:00+00:00
[2026-08-10T13:18:53.580+0000] {processor.py:179} INFO - Processing /opt/airflow/dags/dag_suivi.py took 0.083 seconds
[2026-08-10T13:19:23.823+0000] {processor.py:157} INFO - Started process (PID=1529) to work on /opt/airflow/dags/dag_suivi.py
[2026-08-10T13:19:23.824+0000] {processor.py:829} INFO - Processing file /opt/airflow/dags/dag_suivi.py for tasks to queue
[2026-08-10T13:19:23.824+0000] {logging_mixin.py:151} INFO - [2026-08-10T13:19:23.824+0000] {dagbag.py:536} INFO - Filling up the DagBag from /opt/airflow/dags/dag_suivi.py
[2026-08-10T13:19:23.841+0000] {processor.py:839} INFO - DAG(s) dict_keys(['pipeline_ingestion_suivi']) retrieved from /opt/airflow/dags/dag_suivi.py
[2026-08-10T13:19:23.863+0000] {logging_mixin.py:151} INFO - [2026-08-10T13:19:23.863+0000] {dag.py:2941} INFO - Sync 1 DAGs
[2026-08-10T13:19:23.882+0000] {logging_mixin.py:151} INFO - [2026-08-10T13:19:23.881+0000] {dag.py:3722} INFO - Setting next_dagrun for pipeline_ingestion_suivi to 2026-08-10T13:00:00+00:00, run_after=2026-08-10T14:00:00+00:00
[2026-08-10T13:19:23.899+0000] {processor.py:179} INFO - Processing /opt/airflow/dags/dag_suivi.py took 0.079 seconds
[2026-08-10T13:19:54.074+0000] {processor.py:157} INFO - Started process (PID=1534) to work on /opt/airflow/dags/dag_suivi.py
[2026-08-10T13:19:54.074+0000] {processor.py:829} INFO - Processing file /opt/airflow/dags/dag_suivi.py for tasks to queue
[2026-08-10T13:19:54.075+0000] {logging_mixin.py:151} INFO - [2026-08-10T13:19:54.075+0000] {dagbag.py:536} INFO - Filling up the DagBag from /opt/airflow/dags/dag_suivi.py
[2026-08-10T13:19:54.091+0000] {processor.py:839} INFO - DAG(s) dict_keys(['pipeline_ingestion_suivi']) retrieved from /opt/airflow/dags/dag_suivi.py
[2026-08-10T13:19:54.113+0000] {logging_mixin.py:151} INFO - [2026-08-10T13:19:54.113+0000] {dag.py:2941} INFO - Sync 1 DAGs
[2026-08-10T13:19:54.131+0000] {logging_mixin.py:151} INFO - [2026-08-10T13:19:54.130+0000] {dag.py:3722} INFO - Setting next_dagrun for pipeline_ingestion_suivi to 2026-08-10T13:00:00+00:00, run_after=2026-08-10T14:00:00+00:00
[2026-08-10T13:19:54.149+0000] {processor.py:179} INFO - Processing /opt/airflow/dags/dag_suivi.py took 0.078 seconds
[2026-08-10T13:20:24.340+0000] {processor.py:157} INFO - Started process (PID=1539) to work on /opt/airflow/dags/dag_suivi.py
[2026-08-10T13:20:24.340+0000] {processor.py:829} INFO - Processing file /opt/airflow/dags/dag_suivi.py for tasks to queue
[2026-08-10T13:20:24.341+0000] {logging_mixin.py:151} INFO - [2026-08-10T13:20:24.341+0000] {dagbag.py:536} INFO - Filling up the DagBag from /opt/airflow/dags/dag_suivi.py
[2026-08-10T13:20:24.359+0000] {processor.py:839} INFO - DAG(s) dict_keys(['pipeline_ingestion_suivi']) retrieved from /opt/airflow/dags/dag_suivi.py
[2026-08-10T13:20:24.382+0000] {logging_mixin.py:151} INFO - [2026-08-10T13:20:24.382+0000] {dag.py:2941} INFO - Sync 1 DAGs
[2026-08-10T13:20:24.400+0000] {logging_mixin.py:151} INFO - [2026-08-10T13:20:24.400+0000] {dag.py:3722} INFO - Setting next_dagrun for pipeline_ingestion_suivi to 2026-08-10T13:00:00+00:00, run_after=2026-08-10T14:00:00+00:00
[2026-08-10T13:20:24.418+0000] {processor.py:179} INFO - Processing /opt/airflow/dags/dag_suivi.py took 0.081 seconds
[2026-08-10T13:20:54.576+0000] {processor.py:157} INFO - Started process (PID=1544) to work on /opt/airflow/dags/dag_suivi.py
[2026-08-10T13:20:54.577+0000] {processor.py:829} INFO - Processing file /opt/airflow/dags/dag_suivi.py for tasks to queue
[2026-08-10T13:20:54.578+0000] {logging_mixin.py:151} INFO - [2026-08-10T13:20:54.578+0000] {dagbag.py:536} INFO - Filling up the DagBag from /opt/airflow/dags/dag_suivi.py
[2026-08-10T13:20:54.596+0000] {processor.py:839} INFO - DAG(s) dict_keys(['pipeline_ingestion_suivi']) retrieved from /opt/airflow/dags/dag_suivi.py
[2026-08-10T13:20:54.618+0000] {logging_mixin.py:151} INFO - [2026-08-10T13:20:54.618+0000] {dag.py:2941} INFO - Sync 1 DAGs
[2026-08-10T13:20:54.635+0000] {logging_mixin.py:151} INFO - [2026-08-10T13:20:54.634+0000] {dag.py:3722} INFO - Setting next_dagrun for pipeline_ingestion_suivi to 2026-08-10T13:00:00+00:00, run_after=2026-08-10T14:00:00+00:00
[2026-08-10T13:20:54.653+0000] {processor.py:179} INFO - Processing /opt/airflow/dags/dag_suivi.py took 0.079 seconds
[2026-08-10T13:21:24.862+0000] {processor.py:157} INFO - Started process (PID=1549) to work on /opt/airflow/dags/dag_suivi.py
[2026-08-10T13:21:24.863+0000] {processor.py:829} INFO - Processing file /opt/airflow/dags/dag_suivi.py for tasks to queue
[2026-08-10T13:21:24.864+0000] {logging_mixin.py:151} INFO - [2026-08-10T13:21:24.864+0000] {dagbag.py:536} INFO - Filling up the DagBag from /opt/airflow/dags/dag_suivi.py
[2026-08-10T13:21:24.884+0000] {processor.py:839} INFO - DAG(s) dict_keys(['pipeline_ingestion_suivi']) retrieved from /opt/airflow/dags/dag_suivi.py
[2026-08-10T13:21:24.907+0000] {logging_mixin.py:151} INFO - [2026-08-10T13:21:24.907+0000] {dag.py:2941} INFO - Sync 1 DAGs
[2026-08-10T13:21:24.925+0000] {logging_mixin.py:151} INFO - [2026-08-10T13:21:24.924+0000] {dag.py:3722} INFO - Setting next_dagrun for pipeline_ingestion_suivi to 2026-08-10T13:00:00+00:00, run_after=2026-08-10T14:00:00+00:00
[2026-08-10T13:21:24.942+0000] {processor.py:179} INFO - Processing /opt/airflow/dags/dag_suivi.py took 0.082 seconds
[2026-08-10T13:21:55.080+0000] {processor.py:157} INFO - Started process (PID=1554) to work on /opt/airflow/dags/dag_suivi.py
[2026-08-10T13:21:55.081+0000] {processor.py:829} INFO - Processing file /opt/airflow/dags/dag_suivi.py for tasks to queue
[2026-08-10T13:21:55.081+0000] {logging_mixin.py:151} INFO - [2026-08-10T13:21:55.081+0000] {dagbag.py:536} INFO - Filling up the DagBag from /opt/airflow/dags/dag_suivi.py
[2026-08-10T13:21:55.098+0000] {processor.py:839} INFO - DAG(s) dict_keys(['pipeline_ingestion_suivi']) retrieved from /opt/airflow/dags/dag_suivi.py
[2026-08-10T13:21:55.119+0000] {logging_mixin.py:151} INFO - [2026-08-10T13:21:55.119+0000] {dag.py:2941} INFO - Sync 1 DAGs
[2026-08-10T13:21:55.138+0000] {logging_mixin.py:151} INFO - [2026-08-10T13:21:55.138+0000] {dag.py:3722} INFO - Setting next_dagrun for pipeline_ingestion_suivi to 2026-08-10T13:00:00+00:00, run_after=2026-08-10T14:00:00+00:00
[2026-08-10T13:21:55.157+0000] {processor.py:179} INFO - Processing /opt/airflow/dags/dag_suivi.py took 0.080 seconds
[2026-08-10T13:22:25.387+0000] {processor.py:157} INFO - Started process (PID=1559) to work on /opt/airflow/dags/dag_suivi.py
[2026-08-10T13:22:25.387+0000] {processor.py:829} INFO - Processing file /opt/airflow/dags/dag_suivi.py for tasks to queue
[2026-08-10T13:22:25.388+0000] {logging_mixin.py:151} INFO - [2026-08-10T13:22:25.388+0000] {dagbag.py:536} INFO - Filling up the DagBag from /opt/airflow/dags/dag_suivi.py
[2026-08-10T13:22:25.409+0000] {processor.py:839} INFO - DAG(s) dict_keys(['pipeline_ingestion_suivi']) retrieved from /opt/airflow/dags/dag_suivi.py
[2026-08-10T13:22:25.433+0000] {logging_mixin.py:151} INFO - [2026-08-10T13:22:25.433+0000] {dag.py:2941} INFO - Sync 1 DAGs
[2026-08-10T13:22:25.451+0000] {logging_mixin.py:151} INFO - [2026-08-10T13:22:25.451+0000] {dag.py:3722} INFO - Setting next_dagrun for pipeline_ingestion_suivi to 2026-08-10T13:00:00+00:00, run_after=2026-08-10T14:00:00+00:00
[2026-08-10T13:22:25.478+0000] {processor.py:179} INFO - Processing /opt/airflow/dags/dag_suivi.py took 0.094 seconds
[2026-08-10T13:22:55.573+0000] {processor.py:157} INFO - Started process (PID=1564) to work on /opt/airflow/dags/dag_suivi.py
[2026-08-10T13:22:55.574+0000] {processor.py:829} INFO - Processing file /opt/airflow/dags/dag_suivi.py for tasks to queue
[2026-08-10T13:22:55.575+0000] {logging_mixin.py:151} INFO - [2026-08-10T13:22:55.575+0000] {dagbag.py:536} INFO - Filling up the DagBag from /opt/airflow/dags/dag_suivi.py
[2026-08-10T13:22:55.592+0000] {processor.py:839} INFO - DAG(s) dict_keys(['pipeline_ingestion_suivi']) retrieved from /opt/airflow/dags/dag_suivi.py
[2026-08-10T13:22:55.617+0000] {logging_mixin.py:151} INFO - [2026-08-10T13:22:55.617+0000] {dag.py:2941} INFO - Sync 1 DAGs
[2026-08-10T13:22:55.635+0000] {logging_mixin.py:151} INFO - [2026-08-10T13:22:55.635+0000] {dag.py:3722} INFO - Setting next_dagrun for pipeline_ingestion_suivi to 2026-08-10T13:00:00+00:00, run_after=2026-08-10T14:00:00+00:00
[2026-08-10T13:22:55.653+0000] {processor.py:179} INFO - Processing /opt/airflow/dags/dag_suivi.py took 0.083 seconds
[2026-08-10T13:23:25.784+0000] {processor.py:157} INFO - Started process (PID=1569) to work on /opt/airflow/dags/dag_suivi.py
[2026-08-10T13:23:25.785+0000] {processor.py:829} INFO - Processing file /opt/airflow/dags/dag_suivi.py for tasks to queue
[2026-08-10T13:23:25.786+0000] {logging_mixin.py:151} INFO - [2026-08-10T13:23:25.786+0000] {dagbag.py:536} INFO - Filling up the DagBag from /opt/airflow/dags/dag_suivi.py
[2026-08-10T13:23:25.805+0000] {processor.py:839} INFO - DAG(s) dict_keys(['pipeline_ingestion_suivi']) retrieved from /opt/airflow/dags/dag_suivi.py
[2026-08-10T13:23:25.830+0000] {logging_mixin.py:151} INFO - [2026-08-10T13:23:25.830+0000] {dag.py:2941} INFO - Sync 1 DAGs
[2026-08-10T13:23:25.848+0000] {logging_mixin.py:151} INFO - [2026-08-10T13:23:25.848+0000] {dag.py:3722} INFO - Setting next_dagrun for pipeline_ingestion_suivi to 2026-08-10T13:00:00+00:00, run_after=2026-08-10T14:00:00+00:00
[2026-08-10T13:23:25.877+0000] {processor.py:179} INFO - Processing /opt/airflow/dags/dag_suivi.py took 0.095 seconds
[2026-08-10T13:23:56.092+0000] {processor.py:157} INFO - Started process (PID=1574) to work on /opt/airflow/dags/dag_suivi.py
[2026-08-10T13:23:56.093+0000] {processor.py:829} INFO - Processing file /opt/airflow/dags/dag_suivi.py for tasks to queue
[2026-08-10T13:23:56.094+0000] {logging_mixin.py:151} INFO - [2026-08-10T13:23:56.093+0000] {dagbag.py:536} INFO - Filling up the DagBag from /opt/airflow/dags/dag_suivi.py
[2026-08-10T13:23:56.112+0000] {processor.py:839} INFO - DAG(s) dict_keys(['pipeline_ingestion_suivi']) retrieved from /opt/airflow/dags/dag_suivi.py
[2026-08-10T13:23:56.136+0000] {logging_mixin.py:151} INFO - [2026-08-10T13:23:56.136+0000] {dag.py:2941} INFO - Sync 1 DAGs
[2026-08-10T13:23:56.154+0000] {logging_mixin.py:151} INFO - [2026-08-10T13:23:56.153+0000] {dag.py:3722} INFO - Setting next_dagrun for pipeline_ingestion_suivi to 2026-08-10T13:00:00+00:00, run_after=2026-08-10T14:00:00+00:00
[2026-08-10T13:23:56.170+0000] {processor.py:179} INFO - Processing /opt/airflow/dags/dag_suivi.py took 0.080 seconds
[2026-08-10T13:24:26.357+0000] {processor.py:157} INFO - Started process (PID=1579) to work on /opt/airflow/dags/dag_suivi.py
[2026-08-10T13:24:26.357+0000] {processor.py:829} INFO - Processing file /opt/airflow/dags/dag_suivi.py for tasks to queue
[2026-08-10T13:24:26.358+0000] {logging_mixin.py:151} INFO - [2026-08-10T13:24:26.358+0000] {dagbag.py:536} INFO - Filling up the DagBag from /opt/airflow/dags/dag_suivi.py
[2026-08-10T13:24:26.375+0000] {processor.py:839} INFO - DAG(s) dict_keys(['pipeline_ingestion_suivi']) retrieved from /opt/airflow/dags/dag_suivi.py
[2026-08-10T13:24:26.399+0000] {logging_mixin.py:151} INFO - [2026-08-10T13:24:26.399+0000] {dag.py:2941} INFO - Sync 1 DAGs
[2026-08-10T13:24:26.417+0000] {logging_mixin.py:151} INFO - [2026-08-10T13:24:26.416+0000] {dag.py:3722} INFO - Setting next_dagrun for pipeline_ingestion_suivi to 2026-08-10T13:00:00+00:00, run_after=2026-08-10T14:00:00+00:00
[2026-08-10T13:24:26.435+0000] {processor.py:179} INFO - Processing /opt/airflow/dags/dag_suivi.py took 0.081 seconds
[2026-08-10T13:24:56.638+0000] {processor.py:157} INFO - Started process (PID=1584) to work on /opt/airflow/dags/dag_suivi.py
[2026-08-10T13:24:56.638+0000] {processor.py:829} INFO - Processing file /opt/airflow/dags/dag_suivi.py for tasks to queue
[2026-08-10T13:24:56.639+0000] {logging_mixin.py:151} INFO - [2026-08-10T13:24:56.639+0000] {dagbag.py:536} INFO - Filling up the DagBag from /opt/airflow/dags/dag_suivi.py
[2026-08-10T13:24:56.656+0000] {processor.py:839} INFO - DAG(s) dict_keys(['pipeline_ingestion_suivi']) retrieved from /opt/airflow/dags/dag_suivi.py
[2026-08-10T13:24:56.679+0000] {logging_mixin.py:151} INFO - [2026-08-10T13:24:56.678+0000] {dag.py:2941} INFO - Sync 1 DAGs
[2026-08-10T13:24:56.698+0000] {logging_mixin.py:151} INFO - [2026-08-10T13:24:56.697+0000] {dag.py:3722} INFO - Setting next_dagrun for pipeline_ingestion_suivi to 2026-08-10T13:00:00+00:00, run_after=2026-08-10T14:00:00+00:00
[2026-08-10T13:24:56.715+0000] {processor.py:179} INFO - Processing /opt/airflow/dags/dag_suivi.py took 0.080 seconds
[2026-08-10T13:25:26.858+0000] {processor.py:157} INFO - Started process (PID=1589) to work on /opt/airflow/dags/dag_suivi.py
[2026-08-10T13:25:26.859+0000] {processor.py:829} INFO - Processing file /opt/airflow/dags/dag_suivi.py for tasks to queue
[2026-08-10T13:25:26.860+0000] {logging_mixin.py:151} INFO - [2026-08-10T13:25:26.859+0000] {dagbag.py:536} INFO - Filling up the DagBag from /opt/airflow/dags/dag_suivi.py
[2026-08-10T13:25:26.878+0000] {processor.py:839} INFO - DAG(s) dict_keys(['pipeline_ingestion_suivi']) retrieved from /opt/airflow/dags/dag_suivi.py
[2026-08-10T13:25:26.902+0000] {logging_mixin.py:151} INFO - [2026-08-10T13:25:26.902+0000] {dag.py:2941} INFO - Sync 1 DAGs
[2026-08-10T13:25:26.920+0000] {logging_mixin.py:151} INFO - [2026-08-10T13:25:26.920+0000] {dag.py:3722} INFO - Setting next_dagrun for pipeline_ingestion_suivi to 2026-08-10T13:00:00+00:00, run_after=2026-08-10T14:00:00+00:00
[2026-08-10T13:25:26.938+0000] {processor.py:179} INFO - Processing /opt/airflow/dags/dag_suivi.py took 0.084 seconds
[2026-08-10T13:25:57.149+0000] {processor.py:157} INFO - Started process (PID=1594) to work on /opt/airflow/dags/dag_suivi.py
[2026-08-10T13:25:57.150+0000] {processor.py:829} INFO - Processing file /opt/airflow/dags/dag_suivi.py for tasks to queue
[2026-08-10T13:25:57.151+0000] {logging_mixin.py:151} INFO - [2026-08-10T13:25:57.150+0000] {dagbag.py:536} INFO - Filling up the DagBag from /opt/airflow/dags/dag_suivi.py
[2026-08-10T13:25:57.172+0000] {processor.py:839} INFO - DAG(s) dict_keys(['pipeline_ingestion_suivi']) retrieved from /opt/airflow/dags/dag_suivi.py
[2026-08-10T13:25:57.195+0000] {logging_mixin.py:151} INFO - [2026-08-10T13:25:57.195+0000] {dag.py:2941} INFO - Sync 1 DAGs
[2026-08-10T13:25:57.215+0000] {logging_mixin.py:151} INFO - [2026-08-10T13:25:57.215+0000] {dag.py:3722} INFO - Setting next_dagrun for pipeline_ingestion_suivi to 2026-08-10T13:00:00+00:00, run_after=2026-08-10T14:00:00+00:00
[2026-08-10T13:25:57.233+0000] {processor.py:179} INFO - Processing /opt/airflow/dags/dag_suivi.py took 0.086 seconds
[2026-08-10T13:26:27.339+0000] {processor.py:157} INFO - Started process (PID=1599) to work on /opt/airflow/dags/dag_suivi.py
[2026-08-10T13:26:27.340+0000] {processor.py:829} INFO - Processing file /opt/airflow/dags/dag_suivi.py for tasks to queue
[2026-08-10T13:26:27.341+0000] {logging_mixin.py:151} INFO - [2026-08-10T13:26:27.341+0000] {dagbag.py:536} INFO - Filling up the DagBag from /opt/airflow/dags/dag_suivi.py
[2026-08-10T13:26:27.358+0000] {processor.py:839} INFO - DAG(s) dict_keys(['pipeline_ingestion_suivi']) retrieved from /opt/airflow/dags/dag_suivi.py
[2026-08-10T13:26:27.384+0000] {logging_mixin.py:151} INFO - [2026-08-10T13:26:27.383+0000] {dag.py:2941} INFO - Sync 1 DAGs
[2026-08-10T13:26:27.401+0000] {logging_mixin.py:151} INFO - [2026-08-10T13:26:27.401+0000] {dag.py:3722} INFO - Setting next_dagrun for pipeline_ingestion_suivi to 2026-08-10T13:00:00+00:00, run_after=2026-08-10T14:00:00+00:00
[2026-08-10T13:26:27.425+0000] {processor.py:179} INFO - Processing /opt/airflow/dags/dag_suivi.py took 0.088 seconds
[2026-08-10T13:26:57.662+0000] {processor.py:157} INFO - Started process (PID=1604) to work on /opt/airflow/dags/dag_suivi.py
[2026-08-10T13:26:57.662+0000] {processor.py:829} INFO - Processing file /opt/airflow/dags/dag_suivi.py for tasks to queue
[2026-08-10T13:26:57.663+0000] {logging_mixin.py:151} INFO - [2026-08-10T13:26:57.663+0000] {dagbag.py:536} INFO - Filling up the DagBag from /opt/airflow/dags/dag_suivi.py
[2026-08-10T13:26:57.681+0000] {processor.py:839} INFO - DAG(s) dict_keys(['pipeline_ingestion_suivi']) retrieved from /opt/airflow/dags/dag_suivi.py
[2026-08-10T13:26:57.705+0000] {logging_mixin.py:151} INFO - [2026-08-10T13:26:57.705+0000] {dag.py:2941} INFO - Sync 1 DAGs
[2026-08-10T13:26:57.725+0000] {logging_mixin.py:151} INFO - [2026-08-10T13:26:57.725+0000] {dag.py:3722} INFO - Setting next_dagrun for pipeline_ingestion_suivi to 2026-08-10T13:00:00+00:00, run_after=2026-08-10T14:00:00+00:00
[2026-08-10T13:26:57.745+0000] {processor.py:179} INFO - Processing /opt/airflow/dags/dag_suivi.py took 0.086 seconds
[2026-08-10T13:27:27.903+0000] {processor.py:157} INFO - Started process (PID=1609) to work on /opt/airflow/dags/dag_suivi.py
[2026-08-10T13:27:27.904+0000] {processor.py:829} INFO - Processing file /opt/airflow/dags/dag_suivi.py for tasks to queue
[2026-08-10T13:27:27.904+0000] {logging_mixin.py:151} INFO - [2026-08-10T13:27:27.904+0000] {dagbag.py:536} INFO - Filling up the DagBag from /opt/airflow/dags/dag_suivi.py
[2026-08-10T13:27:27.921+0000] {processor.py:839} INFO - DAG(s) dict_keys(['pipeline_ingestion_suivi']) retrieved from /opt/airflow/dags/dag_suivi.py
[2026-08-10T13:27:27.945+0000] {logging_mixin.py:151} INFO - [2026-08-10T13:27:27.945+0000] {dag.py:2941} INFO - Sync 1 DAGs
[2026-08-10T13:27:27.963+0000] {logging_mixin.py:151} INFO - [2026-08-10T13:27:27.963+0000] {dag.py:3722} INFO - Setting next_dagrun for pipeline_ingestion_suivi to 2026-08-10T13:00:00+00:00, run_after=2026-08-10T14:00:00+00:00
[2026-08-10T13:27:27.981+0000] {processor.py:179} INFO - Processing /opt/airflow/dags/dag_suivi.py took 0.081 seconds
[2026-08-10T13:27:58.169+0000] {processor.py:157} INFO - Started process (PID=1614) to work on /opt/airflow/dags/dag_suivi.py
[2026-08-10T13:27:58.169+0000] {processor.py:829} INFO - Processing file /opt/airflow/dags/dag_suivi.py for tasks to queue
[2026-08-10T13:27:58.170+0000] {logging_mixin.py:151} INFO - [2026-08-10T13:27:58.170+0000] {dagbag.py:536} INFO - Filling up the DagBag from /opt/airflow/dags/dag_suivi.py
[2026-08-10T13:27:58.189+0000] {processor.py:839} INFO - DAG(s) dict_keys(['pipeline_ingestion_suivi']) retrieved from /opt/airflow/dags/dag_suivi.py
[2026-08-10T13:27:58.212+0000] {logging_mixin.py:151} INFO - [2026-08-10T13:27:58.212+0000] {dag.py:2941} INFO - Sync 1 DAGs
[2026-08-10T13:27:58.230+0000] {logging_mixin.py:151} INFO - [2026-08-10T13:27:58.230+0000] {dag.py:3722} INFO - Setting next_dagrun for pipeline_ingestion_suivi to 2026-08-10T13:00:00+00:00, run_after=2026-08-10T14:00:00+00:00
[2026-08-10T13:27:58.247+0000] {processor.py:179} INFO - Processing /opt/airflow/dags/dag_suivi.py took 0.082 seconds
[2026-08-10T13:28:28.439+0000] {processor.py:157} INFO - Started process (PID=1619) to work on /opt/airflow/dags/dag_suivi.py
[2026-08-10T13:28:28.440+0000] {processor.py:829} INFO - Processing file /opt/airflow/dags/dag_suivi.py for tasks to queue
[2026-08-10T13:28:28.441+0000] {logging_mixin.py:151} INFO - [2026-08-10T13:28:28.440+0000] {dagbag.py:536} INFO - Filling up the DagBag from /opt/airflow/dags/dag_suivi.py
[2026-08-10T13:28:28.458+0000] {processor.py:839} INFO - DAG(s) dict_keys(['pipeline_ingestion_suivi']) retrieved from /opt/airflow/dags/dag_suivi.py
[2026-08-10T13:28:28.482+0000] {logging_mixin.py:151} INFO - [2026-08-10T13:28:28.482+0000] {dag.py:2941} INFO - Sync 1 DAGs
[2026-08-10T13:28:28.499+0000] {logging_mixin.py:151} INFO - [2026-08-10T13:28:28.499+0000] {dag.py:3722} INFO - Setting next_dagrun for pipeline_ingestion_suivi to 2026-08-10T13:00:00+00:00, run_after=2026-08-10T14:00:00+00:00
[2026-08-10T13:28:28.516+0000] {processor.py:179} INFO - Processing /opt/airflow/dags/dag_suivi.py took 0.080 seconds
[2026-08-10T13:28:58.703+0000] {processor.py:157} INFO - Started process (PID=1624) to work on /opt/airflow/dags/dag_suivi.py
[2026-08-10T13:28:58.703+0000] {processor.py:829} INFO - Processing file /opt/airflow/dags/dag_suivi.py for tasks to queue
[2026-08-10T13:28:58.704+0000] {logging_mixin.py:151} INFO - [2026-08-10T13:28:58.704+0000] {dagbag.py:536} INFO - Filling up the DagBag from /opt/airflow/dags/dag_suivi.py
[2026-08-10T13:28:58.723+0000] {processor.py:839} INFO - DAG(s) dict_keys(['pipeline_ingestion_suivi']) retrieved from /opt/airflow/dags/dag_suivi.py
[2026-08-10T13:28:58.747+0000] {logging_mixin.py:151} INFO - [2026-08-10T13:28:58.747+0000] {dag.py:2941} INFO - Sync 1 DAGs
[2026-08-10T13:28:58.765+0000] {logging_mixin.py:151} INFO - [2026-08-10T13:28:58.765+0000] {dag.py:3722} INFO - Setting next_dagrun for pipeline_ingestion_suivi to 2026-08-10T13:00:00+00:00, run_after=2026-08-10T14:00:00+00:00
[2026-08-10T13:28:58.782+0000] {processor.py:179} INFO - Processing /opt/airflow/dags/dag_suivi.py took 0.082 seconds
[2026-08-10T13:29:28.979+0000] {processor.py:157} INFO - Started process (PID=1629) to work on /opt/airflow/dags/dag_suivi.py
[2026-08-10T13:29:28.980+0000] {processor.py:829} INFO - Processing file /opt/airflow/dags/dag_suivi.py for tasks to queue
[2026-08-10T13:29:28.981+0000] {logging_mixin.py:151} INFO - [2026-08-10T13:29:28.981+0000] {dagbag.py:536} INFO - Filling up the DagBag from /opt/airflow/dags/dag_suivi.py
[2026-08-10T13:29:28.996+0000] {processor.py:839} INFO - DAG(s) dict_keys(['pipeline_ingestion_suivi']) retrieved from /opt/airflow/dags/dag_suivi.py
[2026-08-10T13:29:29.020+0000] {logging_mixin.py:151} INFO - [2026-08-10T13:29:29.020+0000] {dag.py:2941} INFO - Sync 1 DAGs
[2026-08-10T13:29:29.037+0000] {logging_mixin.py:151} INFO - [2026-08-10T13:29:29.037+0000] {dag.py:3722} INFO - Setting next_dagrun for pipeline_ingestion_suivi to 2026-08-10T13:00:00+00:00, run_after=2026-08-10T14:00:00+00:00
[2026-08-10T13:29:29.067+0000] {processor.py:179} INFO - Processing /opt/airflow/dags/dag_suivi.py took 0.090 seconds
[2026-08-10T13:29:59.209+0000] {processor.py:157} INFO - Started process (PID=1634) to work on /opt/airflow/dags/dag_suivi.py
[2026-08-10T13:29:59.210+0000] {processor.py:829} INFO - Processing file /opt/airflow/dags/dag_suivi.py for tasks to queue
[2026-08-10T13:29:59.211+0000] {logging_mixin.py:151} INFO - [2026-08-10T13:29:59.210+0000] {dagbag.py:536} INFO - Filling up the DagBag from /opt/airflow/dags/dag_suivi.py
[2026-08-10T13:29:59.230+0000] {processor.py:839} INFO - DAG(s) dict_keys(['pipeline_ingestion_suivi']) retrieved from /opt/airflow/dags/dag_suivi.py
[2026-08-10T13:29:59.256+0000] {logging_mixin.py:151} INFO - [2026-08-10T13:29:59.255+0000] {dag.py:2941} INFO - Sync 1 DAGs
[2026-08-10T13:29:59.275+0000] {logging_mixin.py:151} INFO - [2026-08-10T13:29:59.275+0000] {dag.py:3722} INFO - Setting next_dagrun for pipeline_ingestion_suivi to 2026-08-10T13:00:00+00:00, run_after=2026-08-10T14:00:00+00:00
[2026-08-10T13:29:59.293+0000] {processor.py:179} INFO - Processing /opt/airflow/dags/dag_suivi.py took 0.088 seconds
[2026-08-10T13:30:29.462+0000] {processor.py:157} INFO - Started process (PID=1639) to work on /opt/airflow/dags/dag_suivi.py
[2026-08-10T13:30:29.463+0000] {processor.py:829} INFO - Processing file /opt/airflow/dags/dag_suivi.py for tasks to queue
[2026-08-10T13:30:29.464+0000] {logging_mixin.py:151} INFO - [2026-08-10T13:30:29.464+0000] {dagbag.py:536} INFO - Filling up the DagBag from /opt/airflow/dags/dag_suivi.py
[2026-08-10T13:30:29.480+0000] {processor.py:839} INFO - DAG(s) dict_keys(['pipeline_ingestion_suivi']) retrieved from /opt/airflow/dags/dag_suivi.py
[2026-08-10T13:30:29.503+0000] {logging_mixin.py:151} INFO - [2026-08-10T13:30:29.503+0000] {dag.py:2941} INFO - Sync 1 DAGs
[2026-08-10T13:30:29.521+0000] {logging_mixin.py:151} INFO - [2026-08-10T13:30:29.521+0000] {dag.py:3722} INFO - Setting next_dagrun for pipeline_ingestion_suivi to 2026-08-10T13:00:00+00:00, run_after=2026-08-10T14:00:00+00:00
[2026-08-10T13:30:29.547+0000] {processor.py:179} INFO - Processing /opt/airflow/dags/dag_suivi.py took 0.087 seconds
[2026-08-10T13:30:59.773+0000] {processor.py:157} INFO - Started process (PID=1644) to work on /opt/airflow/dags/dag_suivi.py
[2026-08-10T13:30:59.774+0000] {processor.py:829} INFO - Processing file /opt/airflow/dags/dag_suivi.py for tasks to queue
[2026-08-10T13:30:59.775+0000] {logging_mixin.py:151} INFO - [2026-08-10T13:30:59.774+0000] {dagbag.py:536} INFO - Filling up the DagBag from /opt/airflow/dags/dag_suivi.py
[2026-08-10T13:30:59.791+0000] {processor.py:839} INFO - DAG(s) dict_keys(['pipeline_ingestion_suivi']) retrieved from /opt/airflow/dags/dag_suivi.py
[2026-08-10T13:30:59.814+0000] {logging_mixin.py:151} INFO - [2026-08-10T13:30:59.814+0000] {dag.py:2941} INFO - Sync 1 DAGs
[2026-08-10T13:30:59.832+0000] {logging_mixin.py:151} INFO - [2026-08-10T13:30:59.832+0000] {dag.py:3722} INFO - Setting next_dagrun for pipeline_ingestion_suivi to 2026-08-10T13:00:00+00:00, run_after=2026-08-10T14:00:00+00:00
[2026-08-10T13:30:59.850+0000] {processor.py:179} INFO - Processing /opt/airflow/dags/dag_suivi.py took 0.080 seconds
[2026-08-10T13:31:30.050+0000] {processor.py:157} INFO - Started process (PID=1649) to work on /opt/airflow/dags/dag_suivi.py
[2026-08-10T13:31:30.051+0000] {processor.py:829} INFO - Processing file /opt/airflow/dags/dag_suivi.py for tasks to queue
[2026-08-10T13:31:30.052+0000] {logging_mixin.py:151} INFO - [2026-08-10T13:31:30.052+0000] {dagbag.py:536} INFO - Filling up the DagBag from /opt/airflow/dags/dag_suivi.py
[2026-08-10T13:31:30.083+0000] {processor.py:839} INFO - DAG(s) dict_keys(['pipeline_ingestion_suivi']) retrieved from /opt/airflow/dags/dag_suivi.py
[2026-08-10T13:31:30.114+0000] {logging_mixin.py:151} INFO - [2026-08-10T13:31:30.113+0000] {dag.py:2941} INFO - Sync 1 DAGs
[2026-08-10T13:31:30.133+0000] {logging_mixin.py:151} INFO - [2026-08-10T13:31:30.132+0000] {dag.py:3722} INFO - Setting next_dagrun for pipeline_ingestion_suivi to 2026-08-10T13:00:00+00:00, run_after=2026-08-10T14:00:00+00:00
[2026-08-10T13:31:30.150+0000] {processor.py:179} INFO - Processing /opt/airflow/dags/dag_suivi.py took 0.103 seconds
[2026-08-10T13:32:00.334+0000] {processor.py:157} INFO - Started process (PID=1654) to work on /opt/airflow/dags/dag_suivi.py
[2026-08-10T13:32:00.335+0000] {processor.py:829} INFO - Processing file /opt/airflow/dags/dag_suivi.py for tasks to queue
[2026-08-10T13:32:00.335+0000] {logging_mixin.py:151} INFO - [2026-08-10T13:32:00.335+0000] {dagbag.py:536} INFO - Filling up the DagBag from /opt/airflow/dags/dag_suivi.py
[2026-08-10T13:32:00.352+0000] {processor.py:839} INFO - DAG(s) dict_keys(['pipeline_ingestion_suivi']) retrieved from /opt/airflow/dags/dag_suivi.py
[2026-08-10T13:32:00.375+0000] {logging_mixin.py:151} INFO - [2026-08-10T13:32:00.375+0000] {dag.py:2941} INFO - Sync 1 DAGs
[2026-08-10T13:32:00.391+0000] {logging_mixin.py:151} INFO - [2026-08-10T13:32:00.391+0000] {dag.py:3722} INFO - Setting next_dagrun for pipeline_ingestion_suivi to 2026-08-10T13:00:00+00:00, run_after=2026-08-10T14:00:00+00:00
[2026-08-10T13:32:00.419+0000] {processor.py:179} INFO - Processing /opt/airflow/dags/dag_suivi.py took 0.088 seconds
[2026-08-10T13:32:30.643+0000] {processor.py:157} INFO - Started process (PID=1659) to work on /opt/airflow/dags/dag_suivi.py
[2026-08-10T13:32:30.643+0000] {processor.py:829} INFO - Processing file /opt/airflow/dags/dag_suivi.py for tasks to queue
[2026-08-10T13:32:30.644+0000] {logging_mixin.py:151} INFO - [2026-08-10T13:32:30.644+0000] {dagbag.py:536} INFO - Filling up the DagBag from /opt/airflow/dags/dag_suivi.py
[2026-08-10T13:32:30.661+0000] {processor.py:839} INFO - DAG(s) dict_keys(['pipeline_ingestion_suivi']) retrieved from /opt/airflow/dags/dag_suivi.py
[2026-08-10T13:32:30.686+0000] {logging_mixin.py:151} INFO - [2026-08-10T13:32:30.686+0000] {dag.py:2941} INFO - Sync 1 DAGs
[2026-08-10T13:32:30.704+0000] {logging_mixin.py:151} INFO - [2026-08-10T13:32:30.704+0000] {dag.py:3722} INFO - Setting next_dagrun for pipeline_ingestion_suivi to 2026-08-10T13:00:00+00:00, run_after=2026-08-10T14:00:00+00:00
[2026-08-10T13:32:30.731+0000] {processor.py:179} INFO - Processing /opt/airflow/dags/dag_suivi.py took 0.094 seconds
[2026-08-10T13:33:00.880+0000] {processor.py:157} INFO - Started process (PID=1664) to work on /opt/airflow/dags/dag_suivi.py
[2026-08-10T13:33:00.881+0000] {processor.py:829} INFO - Processing file /opt/airflow/dags/dag_suivi.py for tasks to queue
[2026-08-10T13:33:00.881+0000] {logging_mixin.py:151} INFO - [2026-08-10T13:33:00.881+0000] {dagbag.py:536} INFO - Filling up the DagBag from /opt/airflow/dags/dag_suivi.py
[2026-08-10T13:33:00.897+0000] {processor.py:839} INFO - DAG(s) dict_keys(['pipeline_ingestion_suivi']) retrieved from /opt/airflow/dags/dag_suivi.py
[2026-08-10T13:33:00.920+0000] {logging_mixin.py:151} INFO - [2026-08-10T13:33:00.919+0000] {dag.py:2941} INFO - Sync 1 DAGs
[2026-08-10T13:33:00.937+0000] {logging_mixin.py:151} INFO - [2026-08-10T13:33:00.937+0000] {dag.py:3722} INFO - Setting next_dagrun for pipeline_ingestion_suivi to 2026-08-10T13:00:00+00:00, run_after=2026-08-10T14:00:00+00:00
[2026-08-10T13:33:00.955+0000] {processor.py:179} INFO - Processing /opt/airflow/dags/dag_suivi.py took 0.078 seconds
[2026-08-10T13:33:31.208+0000] {processor.py:157} INFO - Started process (PID=1669) to work on /opt/airflow/dags/dag_suivi.py
[2026-08-10T13:33:31.209+0000] {processor.py:829} INFO - Processing file /opt/airflow/dags/dag_suivi.py for tasks to queue
[2026-08-10T13:33:31.209+0000] {logging_mixin.py:151} INFO - [2026-08-10T13:33:31.209+0000] {dagbag.py:536} INFO - Filling up the DagBag from /opt/airflow/dags/dag_suivi.py
[2026-08-10T13:33:31.224+0000] {processor.py:839} INFO - DAG(s) dict_keys(['pipeline_ingestion_suivi']) retrieved from /opt/airflow/dags/dag_suivi.py
[2026-08-10T13:33:31.244+0000] {logging_mixin.py:151} INFO - [2026-08-10T13:33:31.244+0000] {dag.py:2941} INFO - Sync 1 DAGs
[2026-08-10T13:33:31.261+0000] {logging_mixin.py:151} INFO - [2026-08-10T13:33:31.260+0000] {dag.py:3722} INFO - Setting next_dagrun for pipeline_ingestion_suivi to 2026-08-10T13:00:00+00:00, run_after=2026-08-10T14:00:00+00:00
[2026-08-10T13:33:31.279+0000] {processor.py:179} INFO - Processing /opt/airflow/dags/dag_suivi.py took 0.074 seconds
[2026-08-10T13:34:01.491+0000] {processor.py:157} INFO - Started process (PID=1674) to work on /opt/airflow/dags/dag_suivi.py
[2026-08-10T13:34:01.492+0000] {processor.py:829} INFO - Processing file /opt/airflow/dags/dag_suivi.py for tasks to queue
[2026-08-10T13:34:01.493+0000] {logging_mixin.py:151} INFO - [2026-08-10T13:34:01.493+0000] {dagbag.py:536} INFO - Filling up the DagBag from /opt/airflow/dags/dag_suivi.py
[2026-08-10T13:34:01.509+0000] {processor.py:839} INFO - DAG(s) dict_keys(['pipeline_ingestion_suivi']) retrieved from /opt/airflow/dags/dag_suivi.py
[2026-08-10T13:34:01.532+0000] {logging_mixin.py:151} INFO - [2026-08-10T13:34:01.532+0000] {dag.py:2941} INFO - Sync 1 DAGs
[2026-08-10T13:34:01.549+0000] {logging_mixin.py:151} INFO - [2026-08-10T13:34:01.549+0000] {dag.py:3722} INFO - Setting next_dagrun for pipeline_ingestion_suivi to 2026-08-10T13:00:00+00:00, run_after=2026-08-10T14:00:00+00:00
[2026-08-10T13:34:01.567+0000] {processor.py:179} INFO - Processing /opt/airflow/dags/dag_suivi.py took 0.078 seconds
[2026-08-10T13:34:31.828+0000] {processor.py:157} INFO - Started process (PID=1679) to work on /opt/airflow/dags/dag_suivi.py
[2026-08-10T13:34:31.829+0000] {processor.py:829} INFO - Processing file /opt/airflow/dags/dag_suivi.py for tasks to queue
[2026-08-10T13:34:31.829+0000] {logging_mixin.py:151} INFO - [2026-08-10T13:34:31.829+0000] {dagbag.py:536} INFO - Filling up the DagBag from /opt/airflow/dags/dag_suivi.py
[2026-08-10T13:34:31.845+0000] {processor.py:839} INFO - DAG(s) dict_keys(['pipeline_ingestion_suivi']) retrieved from /opt/airflow/dags/dag_suivi.py
[2026-08-10T13:34:31.866+0000] {logging_mixin.py:151} INFO - [2026-08-10T13:34:31.866+0000] {dag.py:2941} INFO - Sync 1 DAGs
[2026-08-10T13:34:31.883+0000] {logging_mixin.py:151} INFO - [2026-08-10T13:34:31.883+0000] {dag.py:3722} INFO - Setting next_dagrun for pipeline_ingestion_suivi to 2026-08-10T13:00:00+00:00, run_after=2026-08-10T14:00:00+00:00
[2026-08-10T13:34:31.913+0000] {processor.py:179} INFO - Processing /opt/airflow/dags/dag_suivi.py took 0.088 seconds
[2026-08-10T13:35:02.100+0000] {processor.py:157} INFO - Started process (PID=1684) to work on /opt/airflow/dags/dag_suivi.py
[2026-08-10T13:35:02.101+0000] {processor.py:829} INFO - Processing file /opt/airflow/dags/dag_suivi.py for tasks to queue
[2026-08-10T13:35:02.101+0000] {logging_mixin.py:151} INFO - [2026-08-10T13:35:02.101+0000] {dagbag.py:536} INFO - Filling up the DagBag from /opt/airflow/dags/dag_suivi.py
[2026-08-10T13:35:02.118+0000] {processor.py:839} INFO - DAG(s) dict_keys(['pipeline_ingestion_suivi']) retrieved from /opt/airflow/dags/dag_suivi.py
[2026-08-10T13:35:02.142+0000] {logging_mixin.py:151} INFO - [2026-08-10T13:35:02.142+0000] {dag.py:2941} INFO - Sync 1 DAGs
[2026-08-10T13:35:02.159+0000] {logging_mixin.py:151} INFO - [2026-08-10T13:35:02.159+0000] {dag.py:3722} INFO - Setting next_dagrun for pipeline_ingestion_suivi to 2026-08-10T13:00:00+00:00, run_after=2026-08-10T14:00:00+00:00
[2026-08-10T13:35:02.178+0000] {processor.py:179} INFO - Processing /opt/airflow/dags/dag_suivi.py took 0.081 seconds
[2026-08-10T13:35:32.411+0000] {processor.py:157} INFO - Started process (PID=1689) to work on /opt/airflow/dags/dag_suivi.py
[2026-08-10T13:35:32.412+0000] {processor.py:829} INFO - Processing file /opt/airflow/dags/dag_suivi.py for tasks to queue
[2026-08-10T13:35:32.412+0000] {logging_mixin.py:151} INFO - [2026-08-10T13:35:32.412+0000] {dagbag.py:536} INFO - Filling up the DagBag from /opt/airflow/dags/dag_suivi.py
[2026-08-10T13:35:32.430+0000] {processor.py:839} INFO - DAG(s) dict_keys(['pipeline_ingestion_suivi']) retrieved from /opt/airflow/dags/dag_suivi.py
[2026-08-10T13:35:32.451+0000] {logging_mixin.py:151} INFO - [2026-08-10T13:35:32.451+0000] {dag.py:2941} INFO - Sync 1 DAGs
[2026-08-10T13:35:32.468+0000] {logging_mixin.py:151} INFO - [2026-08-10T13:35:32.468+0000] {dag.py:3722} INFO - Setting next_dagrun for pipeline_ingestion_suivi to 2026-08-10T13:00:00+00:00, run_after=2026-08-10T14:00:00+00:00
[2026-08-10T13:35:32.494+0000] {processor.py:179} INFO - Processing /opt/airflow/dags/dag_suivi.py took 0.085 seconds
[2026-08-10T13:36:02.632+0000] {processor.py:157} INFO - Started process (PID=1694) to work on /opt/airflow/dags/dag_suivi.py
[2026-08-10T13:36:02.633+0000] {processor.py:829} INFO - Processing file /opt/airflow/dags/dag_suivi.py for tasks to queue
[2026-08-10T13:36:02.634+0000] {logging_mixin.py:151} INFO - [2026-08-10T13:36:02.634+0000] {dagbag.py:536} INFO - Filling up the DagBag from /opt/airflow/dags/dag_suivi.py
[2026-08-10T13:36:02.651+0000] {processor.py:839} INFO - DAG(s) dict_keys(['pipeline_ingestion_suivi']) retrieved from /opt/airflow/dags/dag_suivi.py
[2026-08-10T13:36:02.673+0000] {logging_mixin.py:151} INFO - [2026-08-10T13:36:02.673+0000] {dag.py:2941} INFO - Sync 1 DAGs
[2026-08-10T13:36:02.691+0000] {logging_mixin.py:151} INFO - [2026-08-10T13:36:02.691+0000] {dag.py:3722} INFO - Setting next_dagrun for pipeline_ingestion_suivi to 2026-08-10T13:00:00+00:00, run_after=2026-08-10T14:00:00+00:00
[2026-08-10T13:36:02.721+0000] {processor.py:179} INFO - Processing /opt/airflow/dags/dag_suivi.py took 0.091 seconds
[2026-08-10T13:36:33.016+0000] {processor.py:157} INFO - Started process (PID=1699) to work on /opt/airflow/dags/dag_suivi.py
[2026-08-10T13:36:33.016+0000] {processor.py:829} INFO - Processing file /opt/airflow/dags/dag_suivi.py for tasks to queue
[2026-08-10T13:36:33.017+0000] {logging_mixin.py:151} INFO - [2026-08-10T13:36:33.017+0000] {dagbag.py:536} INFO - Filling up the DagBag from /opt/airflow/dags/dag_suivi.py
[2026-08-10T13:36:33.033+0000] {processor.py:839} INFO - DAG(s) dict_keys(['pipeline_ingestion_suivi']) retrieved from /opt/airflow/dags/dag_suivi.py
[2026-08-10T13:36:33.055+0000] {logging_mixin.py:151} INFO - [2026-08-10T13:36:33.055+0000] {dag.py:2941} INFO - Sync 1 DAGs
[2026-08-10T13:36:33.072+0000] {logging_mixin.py:151} INFO - [2026-08-10T13:36:33.072+0000] {dag.py:3722} INFO - Setting next_dagrun for pipeline_ingestion_suivi to 2026-08-10T13:00:00+00:00, run_after=2026-08-10T14:00:00+00:00
[2026-08-10T13:36:33.098+0000] {processor.py:179} INFO - Processing /opt/airflow/dags/dag_suivi.py took 0.085 seconds
[2026-08-10T13:37:03.229+0000] {processor.py:157} INFO - Started process (PID=1704) to work on /opt/airflow/dags/dag_suivi.py
[2026-08-10T13:37:03.230+0000] {processor.py:829} INFO - Processing file /opt/airflow/dags/dag_suivi.py for tasks to queue
[2026-08-10T13:37:03.230+0000] {logging_mixin.py:151} INFO - [2026-08-10T13:37:03.230+0000] {dagbag.py:536} INFO - Filling up the DagBag from /opt/airflow/dags/dag_suivi.py
[2026-08-10T13:37:03.247+0000] {processor.py:839} INFO - DAG(s) dict_keys(['pipeline_ingestion_suivi']) retrieved from /opt/airflow/dags/dag_suivi.py
[2026-08-10T13:37:03.272+0000] {logging_mixin.py:151} INFO - [2026-08-10T13:37:03.272+0000] {dag.py:2941} INFO - Sync 1 DAGs
[2026-08-10T13:37:03.291+0000] {logging_mixin.py:151} INFO - [2026-08-10T13:37:03.290+0000] {dag.py:3722} INFO - Setting next_dagrun for pipeline_ingestion_suivi to 2026-08-10T13:00:00+00:00, run_after=2026-08-10T14:00:00+00:00
[2026-08-10T13:37:03.310+0000] {processor.py:179} INFO - Processing /opt/airflow/dags/dag_suivi.py took 0.084 seconds
[2026-08-10T13:37:33.508+0000] {processor.py:157} INFO - Started process (PID=1709) to work on /opt/airflow/dags/dag_suivi.py
[2026-08-10T13:37:33.509+0000] {processor.py:829} INFO - Processing file /opt/airflow/dags/dag_suivi.py for tasks to queue
[2026-08-10T13:37:33.510+0000] {logging_mixin.py:151} INFO - [2026-08-10T13:37:33.510+0000] {dagbag.py:536} INFO - Filling up the DagBag from /opt/airflow/dags/dag_suivi.py
[2026-08-10T13:37:33.531+0000] {processor.py:839} INFO - DAG(s) dict_keys(['pipeline_ingestion_suivi']) retrieved from /opt/airflow/dags/dag_suivi.py
[2026-08-10T13:37:33.561+0000] {logging_mixin.py:151} INFO - [2026-08-10T13:37:33.561+0000] {dag.py:2941} INFO - Sync 1 DAGs
[2026-08-10T13:37:33.586+0000] {logging_mixin.py:151} INFO - [2026-08-10T13:37:33.586+0000] {dag.py:3722} INFO - Setting next_dagrun for pipeline_ingestion_suivi to 2026-08-10T13:00:00+00:00, run_after=2026-08-10T14:00:00+00:00
[2026-08-10T13:37:33.616+0000] {processor.py:179} INFO - Processing /opt/airflow/dags/dag_suivi.py took 0.110 seconds
[2026-08-10T13:38:03.716+0000] {processor.py:157} INFO - Started process (PID=1714) to work on /opt/airflow/dags/dag_suivi.py
[2026-08-10T13:38:03.717+0000] {processor.py:829} INFO - Processing file /opt/airflow/dags/dag_suivi.py for tasks to queue
[2026-08-10T13:38:03.717+0000] {logging_mixin.py:151} INFO - [2026-08-10T13:38:03.717+0000] {dagbag.py:536} INFO - Filling up the DagBag from /opt/airflow/dags/dag_suivi.py
[2026-08-10T13:38:03.734+0000] {processor.py:839} INFO - DAG(s) dict_keys(['pipeline_ingestion_suivi']) retrieved from /opt/airflow/dags/dag_suivi.py
[2026-08-10T13:38:03.758+0000] {logging_mixin.py:151} INFO - [2026-08-10T13:38:03.758+0000] {dag.py:2941} INFO - Sync 1 DAGs
[2026-08-10T13:38:03.775+0000] {logging_mixin.py:151} INFO - [2026-08-10T13:38:03.775+0000] {dag.py:3722} INFO - Setting next_dagrun for pipeline_ingestion_suivi to 2026-08-10T13:00:00+00:00, run_after=2026-08-10T14:00:00+00:00
[2026-08-10T13:38:03.802+0000] {processor.py:179} INFO - Processing /opt/airflow/dags/dag_suivi.py took 0.089 seconds
[2026-08-10T13:38:34.086+0000] {processor.py:157} INFO - Started process (PID=1719) to work on /opt/airflow/dags/dag_suivi.py
[2026-08-10T13:38:34.086+0000] {processor.py:829} INFO - Processing file /opt/airflow/dags/dag_suivi.py for tasks to queue
[2026-08-10T13:38:34.087+0000] {logging_mixin.py:151} INFO - [2026-08-10T13:38:34.087+0000] {dagbag.py:536} INFO - Filling up the DagBag from /opt/airflow/dags/dag_suivi.py
[2026-08-10T13:38:34.103+0000] {processor.py:839} INFO - DAG(s) dict_keys(['pipeline_ingestion_suivi']) retrieved from /opt/airflow/dags/dag_suivi.py
[2026-08-10T13:38:34.125+0000] {logging_mixin.py:151} INFO - [2026-08-10T13:38:34.125+0000] {dag.py:2941} INFO - Sync 1 DAGs
[2026-08-10T13:38:34.143+0000] {logging_mixin.py:151} INFO - [2026-08-10T13:38:34.143+0000] {dag.py:3722} INFO - Setting next_dagrun for pipeline_ingestion_suivi to 2026-08-10T13:00:00+00:00, run_after=2026-08-10T14:00:00+00:00
[2026-08-10T13:38:34.159+0000] {processor.py:179} INFO - Processing /opt/airflow/dags/dag_suivi.py took 0.075 seconds
[2026-08-10T13:39:04.346+0000] {processor.py:157} INFO - Started process (PID=1724) to work on /opt/airflow/dags/dag_suivi.py
[2026-08-10T13:39:04.346+0000] {processor.py:829} INFO - Processing file /opt/airflow/dags/dag_suivi.py for tasks to queue
[2026-08-10T13:39:04.347+0000] {logging_mixin.py:151} INFO - [2026-08-10T13:39:04.347+0000] {dagbag.py:536} INFO - Filling up the DagBag from /opt/airflow/dags/dag_suivi.py
[2026-08-10T13:39:04.364+0000] {processor.py:839} INFO - DAG(s) dict_keys(['pipeline_ingestion_suivi']) retrieved from /opt/airflow/dags/dag_suivi.py
[2026-08-10T13:39:04.388+0000] {logging_mixin.py:151} INFO - [2026-08-10T13:39:04.388+0000] {dag.py:2941} INFO - Sync 1 DAGs
[2026-08-10T13:39:04.406+0000] {logging_mixin.py:151} INFO - [2026-08-10T13:39:04.406+0000] {dag.py:3722} INFO - Setting next_dagrun for pipeline_ingestion_suivi to 2026-08-10T13:00:00+00:00, run_after=2026-08-10T14:00:00+00:00
[2026-08-10T13:39:04.425+0000] {processor.py:179} INFO - Processing /opt/airflow/dags/dag_suivi.py took 0.082 seconds
[2026-08-10T13:39:34.644+0000] {processor.py:157} INFO - Started process (PID=1729) to work on /opt/airflow/dags/dag_suivi.py
[2026-08-10T13:39:34.644+0000] {processor.py:829} INFO - Processing file /opt/airflow/dags/dag_suivi.py for tasks to queue
[2026-08-10T13:39:34.645+0000] {logging_mixin.py:151} INFO - [2026-08-10T13:39:34.645+0000] {dagbag.py:536} INFO - Filling up the DagBag from /opt/airflow/dags/dag_suivi.py
[2026-08-10T13:39:34.664+0000] {processor.py:839} INFO - DAG(s) dict_keys(['pipeline_ingestion_suivi']) retrieved from /opt/airflow/dags/dag_suivi.py
[2026-08-10T13:39:34.687+0000] {logging_mixin.py:151} INFO - [2026-08-10T13:39:34.687+0000] {dag.py:2941} INFO - Sync 1 DAGs
[2026-08-10T13:39:34.705+0000] {logging_mixin.py:151} INFO - [2026-08-10T13:39:34.705+0000] {dag.py:3722} INFO - Setting next_dagrun for pipeline_ingestion_suivi to 2026-08-10T13:00:00+00:00, run_after=2026-08-10T14:00:00+00:00
[2026-08-10T13:39:34.722+0000] {processor.py:179} INFO - Processing /opt/airflow/dags/dag_suivi.py took 0.081 seconds
[2026-08-10T13:40:04.925+0000] {processor.py:157} INFO - Started process (PID=1734) to work on /opt/airflow/dags/dag_suivi.py
[2026-08-10T13:40:04.925+0000] {processor.py:829} INFO - Processing file /opt/airflow/dags/dag_suivi.py for tasks to queue
[2026-08-10T13:40:04.926+0000] {logging_mixin.py:151} INFO - [2026-08-10T13:40:04.926+0000] {dagbag.py:536} INFO - Filling up the DagBag from /opt/airflow/dags/dag_suivi.py
[2026-08-10T13:40:04.944+0000] {processor.py:839} INFO - DAG(s) dict_keys(['pipeline_ingestion_suivi']) retrieved from /opt/airflow/dags/dag_suivi.py
[2026-08-10T13:40:04.967+0000] {logging_mixin.py:151} INFO - [2026-08-10T13:40:04.967+0000] {dag.py:2941} INFO - Sync 1 DAGs
[2026-08-10T13:40:04.984+0000] {logging_mixin.py:151} INFO - [2026-08-10T13:40:04.983+0000] {dag.py:3722} INFO - Setting next_dagrun for pipeline_ingestion_suivi to 2026-08-10T13:00:00+00:00, run_after=2026-08-10T14:00:00+00:00
[2026-08-10T13:40:05.009+0000] {processor.py:179} INFO - Processing /opt/airflow/dags/dag_suivi.py took 0.088 seconds
[2026-08-10T13:40:35.211+0000] {processor.py:157} INFO - Started process (PID=1739) to work on /opt/airflow/dags/dag_suivi.py
[2026-08-10T13:40:35.212+0000] {processor.py:829} INFO - Processing file /opt/airflow/dags/dag_suivi.py for tasks to queue
[2026-08-10T13:40:35.213+0000] {logging_mixin.py:151} INFO - [2026-08-10T13:40:35.213+0000] {dagbag.py:536} INFO - Filling up the DagBag from /opt/airflow/dags/dag_suivi.py
[2026-08-10T13:40:35.229+0000] {processor.py:839} INFO - DAG(s) dict_keys(['pipeline_ingestion_suivi']) retrieved from /opt/airflow/dags/dag_suivi.py
[2026-08-10T13:40:35.252+0000] {logging_mixin.py:151} INFO - [2026-08-10T13:40:35.252+0000] {dag.py:2941} INFO - Sync 1 DAGs
[2026-08-10T13:40:35.269+0000] {logging_mixin.py:151} INFO - [2026-08-10T13:40:35.269+0000] {dag.py:3722} INFO - Setting next_dagrun for pipeline_ingestion_suivi to 2026-08-10T13:00:00+00:00, run_after=2026-08-10T14:00:00+00:00
[2026-08-10T13:40:35.286+0000] {processor.py:179} INFO - Processing /opt/airflow/dags/dag_suivi.py took 0.078 seconds
[2026-08-10T13:41:05.506+0000] {processor.py:157} INFO - Started process (PID=1744) to work on /opt/airflow/dags/dag_suivi.py
[2026-08-10T13:41:05.507+0000] {processor.py:829} INFO - Processing file /opt/airflow/dags/dag_suivi.py for tasks to queue
[2026-08-10T13:41:05.508+0000] {logging_mixin.py:151} INFO - [2026-08-10T13:41:05.508+0000] {dagbag.py:536} INFO - Filling up the DagBag from /opt/airflow/dags/dag_suivi.py
[2026-08-10T13:41:05.525+0000] {processor.py:839} INFO - DAG(s) dict_keys(['pipeline_ingestion_suivi']) retrieved from /opt/airflow/dags/dag_suivi.py
[2026-08-10T13:41:05.550+0000] {logging_mixin.py:151} INFO - [2026-08-10T13:41:05.550+0000] {dag.py:2941} INFO - Sync 1 DAGs
[2026-08-10T13:41:05.567+0000] {logging_mixin.py:151} INFO - [2026-08-10T13:41:05.567+0000] {dag.py:3722} INFO - Setting next_dagrun for pipeline_ingestion_suivi to 2026-08-10T13:00:00+00:00, run_after=2026-08-10T14:00:00+00:00
[2026-08-10T13:41:05.585+0000] {processor.py:179} INFO - Processing /opt/airflow/dags/dag_suivi.py took 0.082 seconds
[2026-08-10T13:41:35.756+0000] {processor.py:157} INFO - Started process (PID=1749) to work on /opt/airflow/dags/dag_suivi.py
[2026-08-10T13:41:35.757+0000] {processor.py:829} INFO - Processing file /opt/airflow/dags/dag_suivi.py for tasks to queue
[2026-08-10T13:41:35.759+0000] {logging_mixin.py:151} INFO - [2026-08-10T13:41:35.758+0000] {dagbag.py:536} INFO - Filling up the DagBag from /opt/airflow/dags/dag_suivi.py
[2026-08-10T13:41:35.778+0000] {processor.py:839} INFO - DAG(s) dict_keys(['pipeline_ingestion_suivi']) retrieved from /opt/airflow/dags/dag_suivi.py
[2026-08-10T13:41:35.805+0000] {logging_mixin.py:151} INFO - [2026-08-10T13:41:35.805+0000] {dag.py:2941} INFO - Sync 1 DAGs
[2026-08-10T13:41:35.825+0000] {logging_mixin.py:151} INFO - [2026-08-10T13:41:35.825+0000] {dag.py:3722} INFO - Setting next_dagrun for pipeline_ingestion_suivi to 2026-08-10T13:00:00+00:00, run_after=2026-08-10T14:00:00+00:00
[2026-08-10T13:41:35.844+0000] {processor.py:179} INFO - Processing /opt/airflow/dags/dag_suivi.py took 0.091 seconds
[2026-08-10T13:42:05.996+0000] {processor.py:157} INFO - Started process (PID=1754) to work on /opt/airflow/dags/dag_suivi.py
[2026-08-10T13:42:05.997+0000] {processor.py:829} INFO - Processing file /opt/airflow/dags/dag_suivi.py for tasks to queue
[2026-08-10T13:42:05.998+0000] {logging_mixin.py:151} INFO - [2026-08-10T13:42:05.998+0000] {dagbag.py:536} INFO - Filling up the DagBag from /opt/airflow/dags/dag_suivi.py
[2026-08-10T13:42:06.013+0000] {processor.py:839} INFO - DAG(s) dict_keys(['pipeline_ingestion_suivi']) retrieved from /opt/airflow/dags/dag_suivi.py
[2026-08-10T13:42:06.036+0000] {logging_mixin.py:151} INFO - [2026-08-10T13:42:06.036+0000] {dag.py:2941} INFO - Sync 1 DAGs
[2026-08-10T13:42:06.055+0000] {logging_mixin.py:151} INFO - [2026-08-10T13:42:06.055+0000] {dag.py:3722} INFO - Setting next_dagrun for pipeline_ingestion_suivi to 2026-08-10T13:00:00+00:00, run_after=2026-08-10T14:00:00+00:00
[2026-08-10T13:42:06.083+0000] {processor.py:179} INFO - Processing /opt/airflow/dags/dag_suivi.py took 0.090 seconds
[2026-08-10T13:42:36.344+0000] {processor.py:157} INFO - Started process (PID=1759) to work on /opt/airflow/dags/dag_suivi.py
[2026-08-10T13:42:36.345+0000] {processor.py:829} INFO - Processing file /opt/airflow/dags/dag_suivi.py for tasks to queue
[2026-08-10T13:42:36.346+0000] {logging_mixin.py:151} INFO - [2026-08-10T13:42:36.345+0000] {dagbag.py:536} INFO - Filling up the DagBag from /opt/airflow/dags/dag_suivi.py
[2026-08-10T13:42:36.363+0000] {processor.py:839} INFO - DAG(s) dict_keys(['pipeline_ingestion_suivi']) retrieved from /opt/airflow/dags/dag_suivi.py
[2026-08-10T13:42:36.387+0000] {logging_mixin.py:151} INFO - [2026-08-10T13:42:36.387+0000] {dag.py:2941} INFO - Sync 1 DAGs
[2026-08-10T13:42:36.404+0000] {logging_mixin.py:151} INFO - [2026-08-10T13:42:36.403+0000] {dag.py:3722} INFO - Setting next_dagrun for pipeline_ingestion_suivi to 2026-08-10T13:00:00+00:00, run_after=2026-08-10T14:00:00+00:00
[2026-08-10T13:42:36.430+0000] {processor.py:179} INFO - Processing /opt/airflow/dags/dag_suivi.py took 0.088 seconds
[2026-08-10T13:43:06.605+0000] {processor.py:157} INFO - Started process (PID=1764) to work on /opt/airflow/dags/dag_suivi.py
[2026-08-10T13:43:06.606+0000] {processor.py:829} INFO - Processing file /opt/airflow/dags/dag_suivi.py for tasks to queue
[2026-08-10T13:43:06.606+0000] {logging_mixin.py:151} INFO - [2026-08-10T13:43:06.606+0000] {dagbag.py:536} INFO - Filling up the DagBag from /opt/airflow/dags/dag_suivi.py
[2026-08-10T13:43:06.625+0000] {processor.py:839} INFO - DAG(s) dict_keys(['pipeline_ingestion_suivi']) retrieved from /opt/airflow/dags/dag_suivi.py
[2026-08-10T13:43:06.649+0000] {logging_mixin.py:151} INFO - [2026-08-10T13:43:06.648+0000] {dag.py:2941} INFO - Sync 1 DAGs
[2026-08-10T13:43:06.666+0000] {logging_mixin.py:151} INFO - [2026-08-10T13:43:06.666+0000] {dag.py:3722} INFO - Setting next_dagrun for pipeline_ingestion_suivi to 2026-08-10T13:00:00+00:00, run_after=2026-08-10T14:00:00+00:00
[2026-08-10T13:43:06.697+0000] {processor.py:179} INFO - Processing /opt/airflow/dags/dag_suivi.py took 0.094 seconds
[2026-08-10T13:43:36.931+0000] {processor.py:157} INFO - Started process (PID=1769) to work on /opt/airflow/dags/dag_suivi.py
[2026-08-10T13:43:36.931+0000] {processor.py:829} INFO - Processing file /opt/airflow/dags/dag_suivi.py for tasks to queue
[2026-08-10T13:43:36.932+0000] {logging_mixin.py:151} INFO - [2026-08-10T13:43:36.932+0000] {dagbag.py:536} INFO - Filling up the DagBag from /opt/airflow/dags/dag_suivi.py
[2026-08-10T13:43:36.948+0000] {processor.py:839} INFO - DAG(s) dict_keys(['pipeline_ingestion_suivi']) retrieved from /opt/airflow/dags/dag_suivi.py
[2026-08-10T13:43:36.971+0000] {logging_mixin.py:151} INFO - [2026-08-10T13:43:36.971+0000] {dag.py:2941} INFO - Sync 1 DAGs
[2026-08-10T13:43:36.988+0000] {logging_mixin.py:151} INFO - [2026-08-10T13:43:36.988+0000] {dag.py:3722} INFO - Setting next_dagrun for pipeline_ingestion_suivi to 2026-08-10T13:00:00+00:00, run_after=2026-08-10T14:00:00+00:00
[2026-08-10T13:43:37.006+0000] {processor.py:179} INFO - Processing /opt/airflow/dags/dag_suivi.py took 0.077 seconds
[2026-08-10T13:44:07.204+0000] {processor.py:157} INFO - Started process (PID=1774) to work on /opt/airflow/dags/dag_suivi.py
[2026-08-10T13:44:07.204+0000] {processor.py:829} INFO - Processing file /opt/airflow/dags/dag_suivi.py for tasks to queue
[2026-08-10T13:44:07.205+0000] {logging_mixin.py:151} INFO - [2026-08-10T13:44:07.205+0000] {dagbag.py:536} INFO - Filling up the DagBag from /opt/airflow/dags/dag_suivi.py
[2026-08-10T13:44:07.225+0000] {processor.py:839} INFO - DAG(s) dict_keys(['pipeline_ingestion_suivi']) retrieved from /opt/airflow/dags/dag_suivi.py
[2026-08-10T13:44:07.251+0000] {logging_mixin.py:151} INFO - [2026-08-10T13:44:07.251+0000] {dag.py:2941} INFO - Sync 1 DAGs
[2026-08-10T13:44:07.270+0000] {logging_mixin.py:151} INFO - [2026-08-10T13:44:07.270+0000] {dag.py:3722} INFO - Setting next_dagrun for pipeline_ingestion_suivi to 2026-08-10T13:00:00+00:00, run_after=2026-08-10T14:00:00+00:00
[2026-08-10T13:44:07.297+0000] {processor.py:179} INFO - Processing /opt/airflow/dags/dag_suivi.py took 0.096 seconds
[2026-08-10T13:44:37.524+0000] {processor.py:157} INFO - Started process (PID=1779) to work on /opt/airflow/dags/dag_suivi.py
[2026-08-10T13:44:37.525+0000] {processor.py:829} INFO - Processing file /opt/airflow/dags/dag_suivi.py for tasks to queue
[2026-08-10T13:44:37.525+0000] {logging_mixin.py:151} INFO - [2026-08-10T13:44:37.525+0000] {dagbag.py:536} INFO - Filling up the DagBag from /opt/airflow/dags/dag_suivi.py
[2026-08-10T13:44:37.544+0000] {processor.py:839} INFO - DAG(s) dict_keys(['pipeline_ingestion_suivi']) retrieved from /opt/airflow/dags/dag_suivi.py
[2026-08-10T13:44:37.566+0000] {logging_mixin.py:151} INFO - [2026-08-10T13:44:37.566+0000] {dag.py:2941} INFO - Sync 1 DAGs
[2026-08-10T13:44:37.583+0000] {logging_mixin.py:151} INFO - [2026-08-10T13:44:37.583+0000] {dag.py:3722} INFO - Setting next_dagrun for pipeline_ingestion_suivi to 2026-08-10T13:00:00+00:00, run_after=2026-08-10T14:00:00+00:00
[2026-08-10T13:44:37.600+0000] {processor.py:179} INFO - Processing /opt/airflow/dags/dag_suivi.py took 0.079 seconds
[2026-08-10T13:45:07.721+0000] {processor.py:157} INFO - Started process (PID=1784) to work on /opt/airflow/dags/dag_suivi.py
[2026-08-10T13:45:07.722+0000] {processor.py:829} INFO - Processing file /opt/airflow/dags/dag_suivi.py for tasks to queue
[2026-08-10T13:45:07.723+0000] {logging_mixin.py:151} INFO - [2026-08-10T13:45:07.722+0000] {dagbag.py:536} INFO - Filling up the DagBag from /opt/airflow/dags/dag_suivi.py
[2026-08-10T13:45:07.741+0000] {processor.py:839} INFO - DAG(s) dict_keys(['pipeline_ingestion_suivi']) retrieved from /opt/airflow/dags/dag_suivi.py
[2026-08-10T13:45:07.764+0000] {logging_mixin.py:151} INFO - [2026-08-10T13:45:07.764+0000] {dag.py:2941} INFO - Sync 1 DAGs
[2026-08-10T13:45:07.781+0000] {logging_mixin.py:151} INFO - [2026-08-10T13:45:07.781+0000] {dag.py:3722} INFO - Setting next_dagrun for pipeline_ingestion_suivi to 2026-08-10T13:00:00+00:00, run_after=2026-08-10T14:00:00+00:00
[2026-08-10T13:45:07.800+0000] {processor.py:179} INFO - Processing /opt/airflow/dags/dag_suivi.py took 0.082 seconds
[2026-08-10T13:45:38.081+0000] {processor.py:157} INFO - Started process (PID=1789) to work on /opt/airflow/dags/dag_suivi.py
[2026-08-10T13:45:38.082+0000] {processor.py:829} INFO - Processing file /opt/airflow/dags/dag_suivi.py for tasks to queue
[2026-08-10T13:45:38.082+0000] {logging_mixin.py:151} INFO - [2026-08-10T13:45:38.082+0000] {dagbag.py:536} INFO - Filling up the DagBag from /opt/airflow/dags/dag_suivi.py
[2026-08-10T13:45:38.099+0000] {processor.py:839} INFO - DAG(s) dict_keys(['pipeline_ingestion_suivi']) retrieved from /opt/airflow/dags/dag_suivi.py
[2026-08-10T13:45:38.122+0000] {logging_mixin.py:151} INFO - [2026-08-10T13:45:38.122+0000] {dag.py:2941} INFO - Sync 1 DAGs
[2026-08-10T13:45:38.139+0000] {logging_mixin.py:151} INFO - [2026-08-10T13:45:38.139+0000] {dag.py:3722} INFO - Setting next_dagrun for pipeline_ingestion_suivi to 2026-08-10T13:00:00+00:00, run_after=2026-08-10T14:00:00+00:00
[2026-08-10T13:45:38.157+0000] {processor.py:179} INFO - Processing /opt/airflow/dags/dag_suivi.py took 0.078 seconds
[2026-08-10T13:46:08.369+0000] {processor.py:157} INFO - Started process (PID=1794) to work on /opt/airflow/dags/dag_suivi.py
[2026-08-10T13:46:08.370+0000] {processor.py:829} INFO - Processing file /opt/airflow/dags/dag_suivi.py for tasks to queue
[2026-08-10T13:46:08.370+0000] {logging_mixin.py:151} INFO - [2026-08-10T13:46:08.370+0000] {dagbag.py:536} INFO - Filling up the DagBag from /opt/airflow/dags/dag_suivi.py
[2026-08-10T13:46:08.386+0000] {processor.py:839} INFO - DAG(s) dict_keys(['pipeline_ingestion_suivi']) retrieved from /opt/airflow/dags/dag_suivi.py
[2026-08-10T13:46:08.410+0000] {logging_mixin.py:151} INFO - [2026-08-10T13:46:08.410+0000] {dag.py:2941} INFO - Sync 1 DAGs
[2026-08-10T13:46:08.427+0000] {logging_mixin.py:151} INFO - [2026-08-10T13:46:08.427+0000] {dag.py:3722} INFO - Setting next_dagrun for pipeline_ingestion_suivi to 2026-08-10T13:00:00+00:00, run_after=2026-08-10T14:00:00+00:00
[2026-08-10T13:46:08.454+0000] {processor.py:179} INFO - Processing /opt/airflow/dags/dag_suivi.py took 0.088 seconds
[2026-08-10T13:46:38.681+0000] {processor.py:157} INFO - Started process (PID=1799) to work on /opt/airflow/dags/dag_suivi.py
[2026-08-10T13:46:38.682+0000] {processor.py:829} INFO - Processing file /opt/airflow/dags/dag_suivi.py for tasks to queue
[2026-08-10T13:46:38.683+0000] {logging_mixin.py:151} INFO - [2026-08-10T13:46:38.683+0000] {dagbag.py:536} INFO - Filling up the DagBag from /opt/airflow/dags/dag_suivi.py
[2026-08-10T13:46:38.699+0000] {processor.py:839} INFO - DAG(s) dict_keys(['pipeline_ingestion_suivi']) retrieved from /opt/airflow/dags/dag_suivi.py
[2026-08-10T13:46:38.719+0000] {logging_mixin.py:151} INFO - [2026-08-10T13:46:38.719+0000] {dag.py:2941} INFO - Sync 1 DAGs
[2026-08-10T13:46:38.735+0000] {logging_mixin.py:151} INFO - [2026-08-10T13:46:38.734+0000] {dag.py:3722} INFO - Setting next_dagrun for pipeline_ingestion_suivi to 2026-08-10T13:00:00+00:00, run_after=2026-08-10T14:00:00+00:00
[2026-08-10T13:46:38.761+0000] {processor.py:179} INFO - Processing /opt/airflow/dags/dag_suivi.py took 0.082 seconds
[2026-08-10T13:47:08.934+0000] {processor.py:157} INFO - Started process (PID=1804) to work on /opt/airflow/dags/dag_suivi.py
[2026-08-10T13:47:08.935+0000] {processor.py:829} INFO - Processing file /opt/airflow/dags/dag_suivi.py for tasks to queue
[2026-08-10T13:47:08.936+0000] {logging_mixin.py:151} INFO - [2026-08-10T13:47:08.936+0000] {dagbag.py:536} INFO - Filling up the DagBag from /opt/airflow/dags/dag_suivi.py
[2026-08-10T13:47:08.953+0000] {processor.py:839} INFO - DAG(s) dict_keys(['pipeline_ingestion_suivi']) retrieved from /opt/airflow/dags/dag_suivi.py
[2026-08-10T13:47:08.975+0000] {logging_mixin.py:151} INFO - [2026-08-10T13:47:08.975+0000] {dag.py:2941} INFO - Sync 1 DAGs
[2026-08-10T13:47:08.993+0000] {logging_mixin.py:151} INFO - [2026-08-10T13:47:08.992+0000] {dag.py:3722} INFO - Setting next_dagrun for pipeline_ingestion_suivi to 2026-08-10T13:00:00+00:00, run_after=2026-08-10T14:00:00+00:00
[2026-08-10T13:47:09.019+0000] {processor.py:179} INFO - Processing /opt/airflow/dags/dag_suivi.py took 0.088 seconds
[2026-08-10T13:47:39.273+0000] {processor.py:157} INFO - Started process (PID=1809) to work on /opt/airflow/dags/dag_suivi.py
[2026-08-10T13:47:39.273+0000] {processor.py:829} INFO - Processing file /opt/airflow/dags/dag_suivi.py for tasks to queue
[2026-08-10T13:47:39.274+0000] {logging_mixin.py:151} INFO - [2026-08-10T13:47:39.274+0000] {dagbag.py:536} INFO - Filling up the DagBag from /opt/airflow/dags/dag_suivi.py
[2026-08-10T13:47:39.294+0000] {processor.py:839} INFO - DAG(s) dict_keys(['pipeline_ingestion_suivi']) retrieved from /opt/airflow/dags/dag_suivi.py
[2026-08-10T13:47:39.316+0000] {logging_mixin.py:151} INFO - [2026-08-10T13:47:39.315+0000] {dag.py:2941} INFO - Sync 1 DAGs
[2026-08-10T13:47:39.333+0000] {logging_mixin.py:151} INFO - [2026-08-10T13:47:39.333+0000] {dag.py:3722} INFO - Setting next_dagrun for pipeline_ingestion_suivi to 2026-08-10T13:00:00+00:00, run_after=2026-08-10T14:00:00+00:00
[2026-08-10T13:47:39.350+0000] {processor.py:179} INFO - Processing /opt/airflow/dags/dag_suivi.py took 0.080 seconds
[2026-08-10T13:48:09.525+0000] {processor.py:157} INFO - Started process (PID=1814) to work on /opt/airflow/dags/dag_suivi.py
[2026-08-10T13:48:09.525+0000] {processor.py:829} INFO - Processing file /opt/airflow/dags/dag_suivi.py for tasks to queue
[2026-08-10T13:48:09.527+0000] {logging_mixin.py:151} INFO - [2026-08-10T13:48:09.526+0000] {dagbag.py:536} INFO - Filling up the DagBag from /opt/airflow/dags/dag_suivi.py
[2026-08-10T13:48:09.544+0000] {processor.py:839} INFO - DAG(s) dict_keys(['pipeline_ingestion_suivi']) retrieved from /opt/airflow/dags/dag_suivi.py
[2026-08-10T13:48:09.566+0000] {logging_mixin.py:151} INFO - [2026-08-10T13:48:09.566+0000] {dag.py:2941} INFO - Sync 1 DAGs
[2026-08-10T13:48:09.583+0000] {logging_mixin.py:151} INFO - [2026-08-10T13:48:09.582+0000] {dag.py:3722} INFO - Setting next_dagrun for pipeline_ingestion_suivi to 2026-08-10T13:00:00+00:00, run_after=2026-08-10T14:00:00+00:00
[2026-08-10T13:48:09.612+0000] {processor.py:179} INFO - Processing /opt/airflow/dags/dag_suivi.py took 0.090 seconds
[2026-08-10T13:48:39.758+0000] {processor.py:157} INFO - Started process (PID=1819) to work on /opt/airflow/dags/dag_suivi.py
[2026-08-10T13:48:39.758+0000] {processor.py:829} INFO - Processing file /opt/airflow/dags/dag_suivi.py for tasks to queue
[2026-08-10T13:48:39.759+0000] {logging_mixin.py:151} INFO - [2026-08-10T13:48:39.759+0000] {dagbag.py:536} INFO - Filling up the DagBag from /opt/airflow/dags/dag_suivi.py
[2026-08-10T13:48:39.778+0000] {processor.py:839} INFO - DAG(s) dict_keys(['pipeline_ingestion_suivi']) retrieved from /opt/airflow/dags/dag_suivi.py
[2026-08-10T13:48:39.798+0000] {logging_mixin.py:151} INFO - [2026-08-10T13:48:39.798+0000] {dag.py:2941} INFO - Sync 1 DAGs
[2026-08-10T13:48:39.814+0000] {logging_mixin.py:151} INFO - [2026-08-10T13:48:39.813+0000] {dag.py:3722} INFO - Setting next_dagrun for pipeline_ingestion_suivi to 2026-08-10T13:00:00+00:00, run_after=2026-08-10T14:00:00+00:00
[2026-08-10T13:48:39.841+0000] {processor.py:179} INFO - Processing /opt/airflow/dags/dag_suivi.py took 0.086 seconds
[2026-08-10T13:49:10.110+0000] {processor.py:157} INFO - Started process (PID=1824) to work on /opt/airflow/dags/dag_suivi.py
[2026-08-10T13:49:10.111+0000] {processor.py:829} INFO - Processing file /opt/airflow/dags/dag_suivi.py for tasks to queue
[2026-08-10T13:49:10.111+0000] {logging_mixin.py:151} INFO - [2026-08-10T13:49:10.111+0000] {dagbag.py:536} INFO - Filling up the DagBag from /opt/airflow/dags/dag_suivi.py
[2026-08-10T13:49:10.129+0000] {processor.py:839} INFO - DAG(s) dict_keys(['pipeline_ingestion_suivi']) retrieved from /opt/airflow/dags/dag_suivi.py
[2026-08-10T13:49:10.151+0000] {logging_mixin.py:151} INFO - [2026-08-10T13:49:10.151+0000] {dag.py:2941} INFO - Sync 1 DAGs
[2026-08-10T13:49:10.168+0000] {logging_mixin.py:151} INFO - [2026-08-10T13:49:10.168+0000] {dag.py:3722} INFO - Setting next_dagrun for pipeline_ingestion_suivi to 2026-08-10T13:00:00+00:00, run_after=2026-08-10T14:00:00+00:00
[2026-08-10T13:49:10.194+0000] {processor.py:179} INFO - Processing /opt/airflow/dags/dag_suivi.py took 0.087 seconds
[2026-08-10T13:49:40.430+0000] {processor.py:157} INFO - Started process (PID=1829) to work on /opt/airflow/dags/dag_suivi.py
[2026-08-10T13:49:40.431+0000] {processor.py:829} INFO - Processing file /opt/airflow/dags/dag_suivi.py for tasks to queue
[2026-08-10T13:49:40.431+0000] {logging_mixin.py:151} INFO - [2026-08-10T13:49:40.431+0000] {dagbag.py:536} INFO - Filling up the DagBag from /opt/airflow/dags/dag_suivi.py
[2026-08-10T13:49:40.449+0000] {processor.py:839} INFO - DAG(s) dict_keys(['pipeline_ingestion_suivi']) retrieved from /opt/airflow/dags/dag_suivi.py
[2026-08-10T13:49:40.471+0000] {logging_mixin.py:151} INFO - [2026-08-10T13:49:40.471+0000] {dag.py:2941} INFO - Sync 1 DAGs
[2026-08-10T13:49:40.487+0000] {logging_mixin.py:151} INFO - [2026-08-10T13:49:40.487+0000] {dag.py:3722} INFO - Setting next_dagrun for pipeline_ingestion_suivi to 2026-08-10T13:00:00+00:00, run_after=2026-08-10T14:00:00+00:00
[2026-08-10T13:49:40.514+0000] {processor.py:179} INFO - Processing /opt/airflow/dags/dag_suivi.py took 0.087 seconds
[2026-08-10T13:50:10.726+0000] {processor.py:157} INFO - Started process (PID=1834) to work on /opt/airflow/dags/dag_suivi.py
[2026-08-10T13:50:10.727+0000] {processor.py:829} INFO - Processing file /opt/airflow/dags/dag_suivi.py for tasks to queue
[2026-08-10T13:50:10.728+0000] {logging_mixin.py:151} INFO - [2026-08-10T13:50:10.728+0000] {dagbag.py:536} INFO - Filling up the DagBag from /opt/airflow/dags/dag_suivi.py
[2026-08-10T13:50:10.747+0000] {processor.py:839} INFO - DAG(s) dict_keys(['pipeline_ingestion_suivi']) retrieved from /opt/airflow/dags/dag_suivi.py
[2026-08-10T13:50:10.776+0000] {logging_mixin.py:151} INFO - [2026-08-10T13:50:10.776+0000] {dag.py:2941} INFO - Sync 1 DAGs
[2026-08-10T13:50:10.803+0000] {logging_mixin.py:151} INFO - [2026-08-10T13:50:10.803+0000] {dag.py:3722} INFO - Setting next_dagrun for pipeline_ingestion_suivi to 2026-08-10T13:00:00+00:00, run_after=2026-08-10T14:00:00+00:00
[2026-08-10T13:50:10.828+0000] {processor.py:179} INFO - Processing /opt/airflow/dags/dag_suivi.py took 0.104 seconds
[2026-08-10T13:50:40.994+0000] {processor.py:157} INFO - Started process (PID=1839) to work on /opt/airflow/dags/dag_suivi.py
[2026-08-10T13:50:40.995+0000] {processor.py:829} INFO - Processing file /opt/airflow/dags/dag_suivi.py for tasks to queue
[2026-08-10T13:50:40.995+0000] {logging_mixin.py:151} INFO - [2026-08-10T13:50:40.995+0000] {dagbag.py:536} INFO - Filling up the DagBag from /opt/airflow/dags/dag_suivi.py
[2026-08-10T13:50:41.015+0000] {processor.py:839} INFO - DAG(s) dict_keys(['pipeline_ingestion_suivi']) retrieved from /opt/airflow/dags/dag_suivi.py
[2026-08-10T13:50:41.041+0000] {logging_mixin.py:151} INFO - [2026-08-10T13:50:41.041+0000] {dag.py:2941} INFO - Sync 1 DAGs
[2026-08-10T13:50:41.061+0000] {logging_mixin.py:151} INFO - [2026-08-10T13:50:41.060+0000] {dag.py:3722} INFO - Setting next_dagrun for pipeline_ingestion_suivi to 2026-08-10T13:00:00+00:00, run_after=2026-08-10T14:00:00+00:00
[2026-08-10T13:50:41.090+0000] {processor.py:179} INFO - Processing /opt/airflow/dags/dag_suivi.py took 0.099 seconds
[2026-08-10T13:51:11.347+0000] {processor.py:157} INFO - Started process (PID=1844) to work on /opt/airflow/dags/dag_suivi.py
[2026-08-10T13:51:11.347+0000] {processor.py:829} INFO - Processing file /opt/airflow/dags/dag_suivi.py for tasks to queue
[2026-08-10T13:51:11.348+0000] {logging_mixin.py:151} INFO - [2026-08-10T13:51:11.348+0000] {dagbag.py:536} INFO - Filling up the DagBag from /opt/airflow/dags/dag_suivi.py
[2026-08-10T13:51:11.368+0000] {processor.py:839} INFO - DAG(s) dict_keys(['pipeline_ingestion_suivi']) retrieved from /opt/airflow/dags/dag_suivi.py
[2026-08-10T13:51:11.393+0000] {logging_mixin.py:151} INFO - [2026-08-10T13:51:11.393+0000] {dag.py:2941} INFO - Sync 1 DAGs
[2026-08-10T13:51:11.411+0000] {logging_mixin.py:151} INFO - [2026-08-10T13:51:11.411+0000] {dag.py:3722} INFO - Setting next_dagrun for pipeline_ingestion_suivi to 2026-08-10T13:00:00+00:00, run_after=2026-08-10T14:00:00+00:00
[2026-08-10T13:51:11.442+0000] {processor.py:179} INFO - Processing /opt/airflow/dags/dag_suivi.py took 0.098 seconds
[2026-08-10T13:51:41.591+0000] {processor.py:157} INFO - Started process (PID=1849) to work on /opt/airflow/dags/dag_suivi.py
[2026-08-10T13:51:41.592+0000] {processor.py:829} INFO - Processing file /opt/airflow/dags/dag_suivi.py for tasks to queue
[2026-08-10T13:51:41.593+0000] {logging_mixin.py:151} INFO - [2026-08-10T13:51:41.592+0000] {dagbag.py:536} INFO - Filling up the DagBag from /opt/airflow/dags/dag_suivi.py
[2026-08-10T13:51:41.611+0000] {processor.py:839} INFO - DAG(s) dict_keys(['pipeline_ingestion_suivi']) retrieved from /opt/airflow/dags/dag_suivi.py
[2026-08-10T13:51:41.634+0000] {logging_mixin.py:151} INFO - [2026-08-10T13:51:41.634+0000] {dag.py:2941} INFO - Sync 1 DAGs
[2026-08-10T13:51:41.651+0000] {logging_mixin.py:151} INFO - [2026-08-10T13:51:41.651+0000] {dag.py:3722} INFO - Setting next_dagrun for pipeline_ingestion_suivi to 2026-08-10T13:00:00+00:00, run_after=2026-08-10T14:00:00+00:00
[2026-08-10T13:51:41.680+0000] {processor.py:179} INFO - Processing /opt/airflow/dags/dag_suivi.py took 0.092 seconds
[2026-08-10T13:52:11.817+0000] {processor.py:157} INFO - Started process (PID=1854) to work on /opt/airflow/dags/dag_suivi.py
[2026-08-10T13:52:11.818+0000] {processor.py:829} INFO - Processing file /opt/airflow/dags/dag_suivi.py for tasks to queue
[2026-08-10T13:52:11.819+0000] {logging_mixin.py:151} INFO - [2026-08-10T13:52:11.818+0000] {dagbag.py:536} INFO - Filling up the DagBag from /opt/airflow/dags/dag_suivi.py
[2026-08-10T13:52:11.834+0000] {processor.py:839} INFO - DAG(s) dict_keys(['pipeline_ingestion_suivi']) retrieved from /opt/airflow/dags/dag_suivi.py
[2026-08-10T13:52:11.856+0000] {logging_mixin.py:151} INFO - [2026-08-10T13:52:11.856+0000] {dag.py:2941} INFO - Sync 1 DAGs
[2026-08-10T13:52:11.873+0000] {logging_mixin.py:151} INFO - [2026-08-10T13:52:11.873+0000] {dag.py:3722} INFO - Setting next_dagrun for pipeline_ingestion_suivi to 2026-08-10T13:00:00+00:00, run_after=2026-08-10T14:00:00+00:00
[2026-08-10T13:52:11.899+0000] {processor.py:179} INFO - Processing /opt/airflow/dags/dag_suivi.py took 0.085 seconds
[2026-08-10T13:52:42.012+0000] {processor.py:157} INFO - Started process (PID=1859) to work on /opt/airflow/dags/dag_suivi.py
[2026-08-10T13:52:42.012+0000] {processor.py:829} INFO - Processing file /opt/airflow/dags/dag_suivi.py for tasks to queue
[2026-08-10T13:52:42.013+0000] {logging_mixin.py:151} INFO - [2026-08-10T13:52:42.013+0000] {dagbag.py:536} INFO - Filling up the DagBag from /opt/airflow/dags/dag_suivi.py
[2026-08-10T13:52:42.033+0000] {processor.py:839} INFO - DAG(s) dict_keys(['pipeline_ingestion_suivi']) retrieved from /opt/airflow/dags/dag_suivi.py
[2026-08-10T13:52:42.054+0000] {logging_mixin.py:151} INFO - [2026-08-10T13:52:42.054+0000] {dag.py:2941} INFO - Sync 1 DAGs
[2026-08-10T13:52:42.073+0000] {logging_mixin.py:151} INFO - [2026-08-10T13:52:42.072+0000] {dag.py:3722} INFO - Setting next_dagrun for pipeline_ingestion_suivi to 2026-08-10T13:00:00+00:00, run_after=2026-08-10T14:00:00+00:00
[2026-08-10T13:52:42.101+0000] {processor.py:179} INFO - Processing /opt/airflow/dags/dag_suivi.py took 0.092 seconds
[2026-08-10T13:53:12.372+0000] {processor.py:157} INFO - Started process (PID=1864) to work on /opt/airflow/dags/dag_suivi.py
[2026-08-10T13:53:12.373+0000] {processor.py:829} INFO - Processing file /opt/airflow/dags/dag_suivi.py for tasks to queue
[2026-08-10T13:53:12.373+0000] {logging_mixin.py:151} INFO - [2026-08-10T13:53:12.373+0000] {dagbag.py:536} INFO - Filling up the DagBag from /opt/airflow/dags/dag_suivi.py
[2026-08-10T13:53:12.390+0000] {processor.py:839} INFO - DAG(s) dict_keys(['pipeline_ingestion_suivi']) retrieved from /opt/airflow/dags/dag_suivi.py
[2026-08-10T13:53:12.412+0000] {logging_mixin.py:151} INFO - [2026-08-10T13:53:12.412+0000] {dag.py:2941} INFO - Sync 1 DAGs
[2026-08-10T13:53:12.437+0000] {logging_mixin.py:151} INFO - [2026-08-10T13:53:12.437+0000] {dag.py:3722} INFO - Setting next_dagrun for pipeline_ingestion_suivi to 2026-08-10T13:00:00+00:00, run_after=2026-08-10T14:00:00+00:00
[2026-08-10T13:53:12.468+0000] {processor.py:179} INFO - Processing /opt/airflow/dags/dag_suivi.py took 0.098 seconds
[2026-08-10T13:53:42.637+0000] {processor.py:157} INFO - Started process (PID=1869) to work on /opt/airflow/dags/dag_suivi.py
[2026-08-10T13:53:42.638+0000] {processor.py:829} INFO - Processing file /opt/airflow/dags/dag_suivi.py for tasks to queue
[2026-08-10T13:53:42.639+0000] {logging_mixin.py:151} INFO - [2026-08-10T13:53:42.638+0000] {dagbag.py:536} INFO - Filling up the DagBag from /opt/airflow/dags/dag_suivi.py
[2026-08-10T13:53:42.656+0000] {processor.py:839} INFO - DAG(s) dict_keys(['pipeline_ingestion_suivi']) retrieved from /opt/airflow/dags/dag_suivi.py
[2026-08-10T13:53:42.680+0000] {logging_mixin.py:151} INFO - [2026-08-10T13:53:42.680+0000] {dag.py:2941} INFO - Sync 1 DAGs
[2026-08-10T13:53:42.699+0000] {logging_mixin.py:151} INFO - [2026-08-10T13:53:42.698+0000] {dag.py:3722} INFO - Setting next_dagrun for pipeline_ingestion_suivi to 2026-08-10T13:00:00+00:00, run_after=2026-08-10T14:00:00+00:00
[2026-08-10T13:53:42.725+0000] {processor.py:179} INFO - Processing /opt/airflow/dags/dag_suivi.py took 0.091 seconds
[2026-08-10T13:54:12.968+0000] {processor.py:157} INFO - Started process (PID=1874) to work on /opt/airflow/dags/dag_suivi.py
[2026-08-10T13:54:12.968+0000] {processor.py:829} INFO - Processing file /opt/airflow/dags/dag_suivi.py for tasks to queue
[2026-08-10T13:54:12.969+0000] {logging_mixin.py:151} INFO - [2026-08-10T13:54:12.969+0000] {dagbag.py:536} INFO - Filling up the DagBag from /opt/airflow/dags/dag_suivi.py
[2026-08-10T13:54:12.986+0000] {processor.py:839} INFO - DAG(s) dict_keys(['pipeline_ingestion_suivi']) retrieved from /opt/airflow/dags/dag_suivi.py
[2026-08-10T13:54:13.008+0000] {logging_mixin.py:151} INFO - [2026-08-10T13:54:13.008+0000] {dag.py:2941} INFO - Sync 1 DAGs
[2026-08-10T13:54:13.025+0000] {logging_mixin.py:151} INFO - [2026-08-10T13:54:13.025+0000] {dag.py:3722} INFO - Setting next_dagrun for pipeline_ingestion_suivi to 2026-08-10T13:00:00+00:00, run_after=2026-08-10T14:00:00+00:00
[2026-08-10T13:54:13.042+0000] {processor.py:179} INFO - Processing /opt/airflow/dags/dag_suivi.py took 0.077 seconds
[2026-08-10T13:54:43.246+0000] {processor.py:157} INFO - Started process (PID=1879) to work on /opt/airflow/dags/dag_suivi.py
[2026-08-10T13:54:43.247+0000] {processor.py:829} INFO - Processing file /opt/airflow/dags/dag_suivi.py for tasks to queue
[2026-08-10T13:54:43.248+0000] {logging_mixin.py:151} INFO - [2026-08-10T13:54:43.248+0000] {dagbag.py:536} INFO - Filling up the DagBag from /opt/airflow/dags/dag_suivi.py
[2026-08-10T13:54:43.264+0000] {processor.py:839} INFO - DAG(s) dict_keys(['pipeline_ingestion_suivi']) retrieved from /opt/airflow/dags/dag_suivi.py
[2026-08-10T13:54:43.286+0000] {logging_mixin.py:151} INFO - [2026-08-10T13:54:43.286+0000] {dag.py:2941} INFO - Sync 1 DAGs
[2026-08-10T13:54:43.303+0000] {logging_mixin.py:151} INFO - [2026-08-10T13:54:43.303+0000] {dag.py:3722} INFO - Setting next_dagrun for pipeline_ingestion_suivi to 2026-08-10T13:00:00+00:00, run_after=2026-08-10T14:00:00+00:00
[2026-08-10T13:54:43.331+0000] {processor.py:179} INFO - Processing /opt/airflow/dags/dag_suivi.py took 0.087 seconds
[2026-08-10T13:55:13.546+0000] {processor.py:157} INFO - Started process (PID=1884) to work on /opt/airflow/dags/dag_suivi.py
[2026-08-10T13:55:13.547+0000] {processor.py:829} INFO - Processing file /opt/airflow/dags/dag_suivi.py for tasks to queue
[2026-08-10T13:55:13.548+0000] {logging_mixin.py:151} INFO - [2026-08-10T13:55:13.547+0000] {dagbag.py:536} INFO - Filling up the DagBag from /opt/airflow/dags/dag_suivi.py
[2026-08-10T13:55:13.565+0000] {processor.py:839} INFO - DAG(s) dict_keys(['pipeline_ingestion_suivi']) retrieved from /opt/airflow/dags/dag_suivi.py
[2026-08-10T13:55:13.589+0000] {logging_mixin.py:151} INFO - [2026-08-10T13:55:13.588+0000] {dag.py:2941} INFO - Sync 1 DAGs
[2026-08-10T13:55:13.607+0000] {logging_mixin.py:151} INFO - [2026-08-10T13:55:13.606+0000] {dag.py:3722} INFO - Setting next_dagrun for pipeline_ingestion_suivi to 2026-08-10T13:00:00+00:00, run_after=2026-08-10T14:00:00+00:00
[2026-08-10T13:55:13.625+0000] {processor.py:179} INFO - Processing /opt/airflow/dags/dag_suivi.py took 0.082 seconds
[2026-08-10T13:55:43.826+0000] {processor.py:157} INFO - Started process (PID=1889) to work on /opt/airflow/dags/dag_suivi.py
[2026-08-10T13:55:43.827+0000] {processor.py:829} INFO - Processing file /opt/airflow/dags/dag_suivi.py for tasks to queue
[2026-08-10T13:55:43.828+0000] {logging_mixin.py:151} INFO - [2026-08-10T13:55:43.828+0000] {dagbag.py:536} INFO - Filling up the DagBag from /opt/airflow/dags/dag_suivi.py
[2026-08-10T13:55:43.845+0000] {processor.py:839} INFO - DAG(s) dict_keys(['pipeline_ingestion_suivi']) retrieved from /opt/airflow/dags/dag_suivi.py
[2026-08-10T13:55:43.869+0000] {logging_mixin.py:151} INFO - [2026-08-10T13:55:43.869+0000] {dag.py:2941} INFO - Sync 1 DAGs
[2026-08-10T13:55:43.886+0000] {logging_mixin.py:151} INFO - [2026-08-10T13:55:43.886+0000] {dag.py:3722} INFO - Setting next_dagrun for pipeline_ingestion_suivi to 2026-08-10T13:00:00+00:00, run_after=2026-08-10T14:00:00+00:00
[2026-08-10T13:55:43.912+0000] {processor.py:179} INFO - Processing /opt/airflow/dags/dag_suivi.py took 0.088 seconds
[2026-08-10T13:56:14.030+0000] {processor.py:157} INFO - Started process (PID=1894) to work on /opt/airflow/dags/dag_suivi.py
[2026-08-10T13:56:14.031+0000] {processor.py:829} INFO - Processing file /opt/airflow/dags/dag_suivi.py for tasks to queue
[2026-08-10T13:56:14.032+0000] {logging_mixin.py:151} INFO - [2026-08-10T13:56:14.032+0000] {dagbag.py:536} INFO - Filling up the DagBag from /opt/airflow/dags/dag_suivi.py
[2026-08-10T13:56:14.048+0000] {processor.py:839} INFO - DAG(s) dict_keys(['pipeline_ingestion_suivi']) retrieved from /opt/airflow/dags/dag_suivi.py
[2026-08-10T13:56:14.072+0000] {logging_mixin.py:151} INFO - [2026-08-10T13:56:14.072+0000] {dag.py:2941} INFO - Sync 1 DAGs
[2026-08-10T13:56:14.090+0000] {logging_mixin.py:151} INFO - [2026-08-10T13:56:14.090+0000] {dag.py:3722} INFO - Setting next_dagrun for pipeline_ingestion_suivi to 2026-08-10T13:00:00+00:00, run_after=2026-08-10T14:00:00+00:00
[2026-08-10T13:56:14.117+0000] {processor.py:179} INFO - Processing /opt/airflow/dags/dag_suivi.py took 0.089 seconds
[2026-08-10T13:56:44.265+0000] {processor.py:157} INFO - Started process (PID=1899) to work on /opt/airflow/dags/dag_suivi.py
[2026-08-10T13:56:44.265+0000] {processor.py:829} INFO - Processing file /opt/airflow/dags/dag_suivi.py for tasks to queue
[2026-08-10T13:56:44.266+0000] {logging_mixin.py:151} INFO - [2026-08-10T13:56:44.266+0000] {dagbag.py:536} INFO - Filling up the DagBag from /opt/airflow/dags/dag_suivi.py
[2026-08-10T13:56:44.282+0000] {processor.py:839} INFO - DAG(s) dict_keys(['pipeline_ingestion_suivi']) retrieved from /opt/airflow/dags/dag_suivi.py
[2026-08-10T13:56:44.306+0000] {logging_mixin.py:151} INFO - [2026-08-10T13:56:44.305+0000] {dag.py:2941} INFO - Sync 1 DAGs
[2026-08-10T13:56:44.322+0000] {logging_mixin.py:151} INFO - [2026-08-10T13:56:44.322+0000] {dag.py:3722} INFO - Setting next_dagrun for pipeline_ingestion_suivi to 2026-08-10T13:00:00+00:00, run_after=2026-08-10T14:00:00+00:00
[2026-08-10T13:56:44.347+0000] {processor.py:179} INFO - Processing /opt/airflow/dags/dag_suivi.py took 0.086 seconds
[2026-08-10T13:57:14.623+0000] {processor.py:157} INFO - Started process (PID=1904) to work on /opt/airflow/dags/dag_suivi.py
[2026-08-10T13:57:14.623+0000] {processor.py:829} INFO - Processing file /opt/airflow/dags/dag_suivi.py for tasks to queue
[2026-08-10T13:57:14.624+0000] {logging_mixin.py:151} INFO - [2026-08-10T13:57:14.624+0000] {dagbag.py:536} INFO - Filling up the DagBag from /opt/airflow/dags/dag_suivi.py
[2026-08-10T13:57:14.639+0000] {processor.py:839} INFO - DAG(s) dict_keys(['pipeline_ingestion_suivi']) retrieved from /opt/airflow/dags/dag_suivi.py
[2026-08-10T13:57:14.660+0000] {logging_mixin.py:151} INFO - [2026-08-10T13:57:14.660+0000] {dag.py:2941} INFO - Sync 1 DAGs
[2026-08-10T13:57:14.678+0000] {logging_mixin.py:151} INFO - [2026-08-10T13:57:14.677+0000] {dag.py:3722} INFO - Setting next_dagrun for pipeline_ingestion_suivi to 2026-08-10T13:00:00+00:00, run_after=2026-08-10T14:00:00+00:00
[2026-08-10T13:57:14.705+0000] {processor.py:179} INFO - Processing /opt/airflow/dags/dag_suivi.py took 0.085 seconds
[2026-08-10T13:57:44.884+0000] {processor.py:157} INFO - Started process (PID=1909) to work on /opt/airflow/dags/dag_suivi.py
[2026-08-10T13:57:44.885+0000] {processor.py:829} INFO - Processing file /opt/airflow/dags/dag_suivi.py for tasks to queue
[2026-08-10T13:57:44.885+0000] {logging_mixin.py:151} INFO - [2026-08-10T13:57:44.885+0000] {dagbag.py:536} INFO - Filling up the DagBag from /opt/airflow/dags/dag_suivi.py
[2026-08-10T13:57:44.902+0000] {processor.py:839} INFO - DAG(s) dict_keys(['pipeline_ingestion_suivi']) retrieved from /opt/airflow/dags/dag_suivi.py
[2026-08-10T13:57:44.925+0000] {logging_mixin.py:151} INFO - [2026-08-10T13:57:44.925+0000] {dag.py:2941} INFO - Sync 1 DAGs
[2026-08-10T13:57:44.942+0000] {logging_mixin.py:151} INFO - [2026-08-10T13:57:44.942+0000] {dag.py:3722} INFO - Setting next_dagrun for pipeline_ingestion_suivi to 2026-08-10T13:00:00+00:00, run_after=2026-08-10T14:00:00+00:00
[2026-08-10T13:57:44.960+0000] {processor.py:179} INFO - Processing /opt/airflow/dags/dag_suivi.py took 0.078 seconds
[2026-08-10T13:58:15.209+0000] {processor.py:157} INFO - Started process (PID=1914) to work on /opt/airflow/dags/dag_suivi.py
[2026-08-10T13:58:15.209+0000] {processor.py:829} INFO - Processing file /opt/airflow/dags/dag_suivi.py for tasks to queue
[2026-08-10T13:58:15.210+0000] {logging_mixin.py:151} INFO - [2026-08-10T13:58:15.210+0000] {dagbag.py:536} INFO - Filling up the DagBag from /opt/airflow/dags/dag_suivi.py
[2026-08-10T13:58:15.226+0000] {processor.py:839} INFO - DAG(s) dict_keys(['pipeline_ingestion_suivi']) retrieved from /opt/airflow/dags/dag_suivi.py
[2026-08-10T13:58:15.247+0000] {logging_mixin.py:151} INFO - [2026-08-10T13:58:15.247+0000] {dag.py:2941} INFO - Sync 1 DAGs
[2026-08-10T13:58:15.265+0000] {logging_mixin.py:151} INFO - [2026-08-10T13:58:15.264+0000] {dag.py:3722} INFO - Setting next_dagrun for pipeline_ingestion_suivi to 2026-08-10T13:00:00+00:00, run_after=2026-08-10T14:00:00+00:00
[2026-08-10T13:58:15.291+0000] {processor.py:179} INFO - Processing /opt/airflow/dags/dag_suivi.py took 0.084 seconds
[2026-08-10T13:58:45.477+0000] {processor.py:157} INFO - Started process (PID=1919) to work on /opt/airflow/dags/dag_suivi.py
[2026-08-10T13:58:45.478+0000] {processor.py:829} INFO - Processing file /opt/airflow/dags/dag_suivi.py for tasks to queue
[2026-08-10T13:58:45.479+0000] {logging_mixin.py:151} INFO - [2026-08-10T13:58:45.479+0000] {dagbag.py:536} INFO - Filling up the DagBag from /opt/airflow/dags/dag_suivi.py
[2026-08-10T13:58:45.495+0000] {processor.py:839} INFO - DAG(s) dict_keys(['pipeline_ingestion_suivi']) retrieved from /opt/airflow/dags/dag_suivi.py
[2026-08-10T13:58:45.521+0000] {logging_mixin.py:151} INFO - [2026-08-10T13:58:45.521+0000] {dag.py:2941} INFO - Sync 1 DAGs
[2026-08-10T13:58:45.539+0000] {logging_mixin.py:151} INFO - [2026-08-10T13:58:45.539+0000] {dag.py:3722} INFO - Setting next_dagrun for pipeline_ingestion_suivi to 2026-08-10T13:00:00+00:00, run_after=2026-08-10T14:00:00+00:00
[2026-08-10T13:58:45.566+0000] {processor.py:179} INFO - Processing /opt/airflow/dags/dag_suivi.py took 0.091 seconds
[2026-08-10T13:59:15.822+0000] {processor.py:157} INFO - Started process (PID=1924) to work on /opt/airflow/dags/dag_suivi.py
[2026-08-10T13:59:15.823+0000] {processor.py:829} INFO - Processing file /opt/airflow/dags/dag_suivi.py for tasks to queue
[2026-08-10T13:59:15.824+0000] {logging_mixin.py:151} INFO - [2026-08-10T13:59:15.823+0000] {dagbag.py:536} INFO - Filling up the DagBag from /opt/airflow/dags/dag_suivi.py
[2026-08-10T13:59:15.840+0000] {processor.py:839} INFO - DAG(s) dict_keys(['pipeline_ingestion_suivi']) retrieved from /opt/airflow/dags/dag_suivi.py
[2026-08-10T13:59:15.863+0000] {logging_mixin.py:151} INFO - [2026-08-10T13:59:15.862+0000] {dag.py:2941} INFO - Sync 1 DAGs
[2026-08-10T13:59:15.879+0000] {logging_mixin.py:151} INFO - [2026-08-10T13:59:15.879+0000] {dag.py:3722} INFO - Setting next_dagrun for pipeline_ingestion_suivi to 2026-08-10T13:00:00+00:00, run_after=2026-08-10T14:00:00+00:00
[2026-08-10T13:59:15.906+0000] {processor.py:179} INFO - Processing /opt/airflow/dags/dag_suivi.py took 0.089 seconds
[2026-08-10T13:59:46.115+0000] {processor.py:157} INFO - Started process (PID=1929) to work on /opt/airflow/dags/dag_suivi.py
[2026-08-10T13:59:46.115+0000] {processor.py:829} INFO - Processing file /opt/airflow/dags/dag_suivi.py for tasks to queue
[2026-08-10T13:59:46.116+0000] {logging_mixin.py:151} INFO - [2026-08-10T13:59:46.116+0000] {dagbag.py:536} INFO - Filling up the DagBag from /opt/airflow/dags/dag_suivi.py
[2026-08-10T13:59:46.135+0000] {processor.py:839} INFO - DAG(s) dict_keys(['pipeline_ingestion_suivi']) retrieved from /opt/airflow/dags/dag_suivi.py
[2026-08-10T13:59:46.160+0000] {logging_mixin.py:151} INFO - [2026-08-10T13:59:46.159+0000] {dag.py:2941} INFO - Sync 1 DAGs
[2026-08-10T13:59:46.177+0000] {logging_mixin.py:151} INFO - [2026-08-10T13:59:46.177+0000] {dag.py:3722} INFO - Setting next_dagrun for pipeline_ingestion_suivi to 2026-08-10T13:00:00+00:00, run_after=2026-08-10T14:00:00+00:00
[2026-08-10T13:59:46.204+0000] {processor.py:179} INFO - Processing /opt/airflow/dags/dag_suivi.py took 0.093 seconds
[2026-08-10T14:00:16.367+0000] {processor.py:157} INFO - Started process (PID=1936) to work on /opt/airflow/dags/dag_suivi.py
[2026-08-10T14:00:16.368+0000] {processor.py:829} INFO - Processing file /opt/airflow/dags/dag_suivi.py for tasks to queue
[2026-08-10T14:00:16.368+0000] {logging_mixin.py:151} INFO - [2026-08-10T14:00:16.368+0000] {dagbag.py:536} INFO - Filling up the DagBag from /opt/airflow/dags/dag_suivi.py
[2026-08-10T14:00:16.385+0000] {processor.py:839} INFO - DAG(s) dict_keys(['pipeline_ingestion_suivi']) retrieved from /opt/airflow/dags/dag_suivi.py
[2026-08-10T14:00:16.407+0000] {logging_mixin.py:151} INFO - [2026-08-10T14:00:16.407+0000] {dag.py:2941} INFO - Sync 1 DAGs
[2026-08-10T14:00:16.422+0000] {logging_mixin.py:151} INFO - [2026-08-10T14:00:16.422+0000] {dag.py:3722} INFO - Setting next_dagrun for pipeline_ingestion_suivi to 2026-08-10T14:00:00+00:00, run_after=2026-08-10T15:00:00+00:00
[2026-08-10T14:00:16.441+0000] {processor.py:179} INFO - Processing /opt/airflow/dags/dag_suivi.py took 0.076 seconds
[2026-08-10T14:00:46.596+0000] {processor.py:157} INFO - Started process (PID=1941) to work on /opt/airflow/dags/dag_suivi.py
[2026-08-10T14:00:46.597+0000] {processor.py:829} INFO - Processing file /opt/airflow/dags/dag_suivi.py for tasks to queue
[2026-08-10T14:00:46.599+0000] {logging_mixin.py:151} INFO - [2026-08-10T14:00:46.598+0000] {dagbag.py:536} INFO - Filling up the DagBag from /opt/airflow/dags/dag_suivi.py
[2026-08-10T14:00:46.619+0000] {processor.py:839} INFO - DAG(s) dict_keys(['pipeline_ingestion_suivi']) retrieved from /opt/airflow/dags/dag_suivi.py
[2026-08-10T14:00:46.644+0000] {logging_mixin.py:151} INFO - [2026-08-10T14:00:46.644+0000] {dag.py:2941} INFO - Sync 1 DAGs
[2026-08-10T14:00:46.663+0000] {logging_mixin.py:151} INFO - [2026-08-10T14:00:46.663+0000] {dag.py:3722} INFO - Setting next_dagrun for pipeline_ingestion_suivi to 2026-08-10T14:00:00+00:00, run_after=2026-08-10T15:00:00+00:00
[2026-08-10T14:00:46.683+0000] {processor.py:179} INFO - Processing /opt/airflow/dags/dag_suivi.py took 0.090 seconds
[2026-08-10T14:01:16.953+0000] {processor.py:157} INFO - Started process (PID=1946) to work on /opt/airflow/dags/dag_suivi.py
[2026-08-10T14:01:16.953+0000] {processor.py:829} INFO - Processing file /opt/airflow/dags/dag_suivi.py for tasks to queue
[2026-08-10T14:01:16.954+0000] {logging_mixin.py:151} INFO - [2026-08-10T14:01:16.954+0000] {dagbag.py:536} INFO - Filling up the DagBag from /opt/airflow/dags/dag_suivi.py
[2026-08-10T14:01:16.970+0000] {processor.py:839} INFO - DAG(s) dict_keys(['pipeline_ingestion_suivi']) retrieved from /opt/airflow/dags/dag_suivi.py
[2026-08-10T14:01:16.991+0000] {logging_mixin.py:151} INFO - [2026-08-10T14:01:16.991+0000] {dag.py:2941} INFO - Sync 1 DAGs
[2026-08-10T14:01:17.009+0000] {logging_mixin.py:151} INFO - [2026-08-10T14:01:17.008+0000] {dag.py:3722} INFO - Setting next_dagrun for pipeline_ingestion_suivi to 2026-08-10T14:00:00+00:00, run_after=2026-08-10T15:00:00+00:00
[2026-08-10T14:01:17.025+0000] {processor.py:179} INFO - Processing /opt/airflow/dags/dag_suivi.py took 0.074 seconds
[2026-08-10T14:01:47.214+0000] {processor.py:157} INFO - Started process (PID=1951) to work on /opt/airflow/dags/dag_suivi.py
[2026-08-10T14:01:47.214+0000] {processor.py:829} INFO - Processing file /opt/airflow/dags/dag_suivi.py for tasks to queue
[2026-08-10T14:01:47.215+0000] {logging_mixin.py:151} INFO - [2026-08-10T14:01:47.215+0000] {dagbag.py:536} INFO - Filling up the DagBag from /opt/airflow/dags/dag_suivi.py
[2026-08-10T14:01:47.231+0000] {processor.py:839} INFO - DAG(s) dict_keys(['pipeline_ingestion_suivi']) retrieved from /opt/airflow/dags/dag_suivi.py
[2026-08-10T14:01:47.257+0000] {logging_mixin.py:151} INFO - [2026-08-10T14:01:47.256+0000] {dag.py:2941} INFO - Sync 1 DAGs
[2026-08-10T14:01:47.278+0000] {logging_mixin.py:151} INFO - [2026-08-10T14:01:47.278+0000] {dag.py:3722} INFO - Setting next_dagrun for pipeline_ingestion_suivi to 2026-08-10T14:00:00+00:00, run_after=2026-08-10T15:00:00+00:00
[2026-08-10T14:01:47.298+0000] {processor.py:179} INFO - Processing /opt/airflow/dags/dag_suivi.py took 0.087 seconds
[2026-08-10T14:02:17.518+0000] {processor.py:157} INFO - Started process (PID=1956) to work on /opt/airflow/dags/dag_suivi.py
[2026-08-10T14:02:17.519+0000] {processor.py:829} INFO - Processing file /opt/airflow/dags/dag_suivi.py for tasks to queue
[2026-08-10T14:02:17.520+0000] {logging_mixin.py:151} INFO - [2026-08-10T14:02:17.519+0000] {dagbag.py:536} INFO - Filling up the DagBag from /opt/airflow/dags/dag_suivi.py
[2026-08-10T14:02:17.536+0000] {processor.py:839} INFO - DAG(s) dict_keys(['pipeline_ingestion_suivi']) retrieved from /opt/airflow/dags/dag_suivi.py
[2026-08-10T14:02:17.560+0000] {logging_mixin.py:151} INFO - [2026-08-10T14:02:17.560+0000] {dag.py:2941} INFO - Sync 1 DAGs
[2026-08-10T14:02:17.578+0000] {logging_mixin.py:151} INFO - [2026-08-10T14:02:17.578+0000] {dag.py:3722} INFO - Setting next_dagrun for pipeline_ingestion_suivi to 2026-08-10T14:00:00+00:00, run_after=2026-08-10T15:00:00+00:00
[2026-08-10T14:02:17.595+0000] {processor.py:179} INFO - Processing /opt/airflow/dags/dag_suivi.py took 0.079 seconds
[2026-08-10T14:02:47.794+0000] {processor.py:157} INFO - Started process (PID=1961) to work on /opt/airflow/dags/dag_suivi.py
[2026-08-10T14:02:47.794+0000] {processor.py:829} INFO - Processing file /opt/airflow/dags/dag_suivi.py for tasks to queue
[2026-08-10T14:02:47.795+0000] {logging_mixin.py:151} INFO - [2026-08-10T14:02:47.795+0000] {dagbag.py:536} INFO - Filling up the DagBag from /opt/airflow/dags/dag_suivi.py
[2026-08-10T14:02:47.812+0000] {processor.py:839} INFO - DAG(s) dict_keys(['pipeline_ingestion_suivi']) retrieved from /opt/airflow/dags/dag_suivi.py
[2026-08-10T14:02:47.837+0000] {logging_mixin.py:151} INFO - [2026-08-10T14:02:47.836+0000] {dag.py:2941} INFO - Sync 1 DAGs
[2026-08-10T14:02:47.854+0000] {logging_mixin.py:151} INFO - [2026-08-10T14:02:47.854+0000] {dag.py:3722} INFO - Setting next_dagrun for pipeline_ingestion_suivi to 2026-08-10T14:00:00+00:00, run_after=2026-08-10T15:00:00+00:00
[2026-08-10T14:02:47.880+0000] {processor.py:179} INFO - Processing /opt/airflow/dags/dag_suivi.py took 0.090 seconds
[2026-08-10T14:03:18.102+0000] {processor.py:157} INFO - Started process (PID=1966) to work on /opt/airflow/dags/dag_suivi.py
[2026-08-10T14:03:18.102+0000] {processor.py:829} INFO - Processing file /opt/airflow/dags/dag_suivi.py for tasks to queue
[2026-08-10T14:03:18.103+0000] {logging_mixin.py:151} INFO - [2026-08-10T14:03:18.103+0000] {dagbag.py:536} INFO - Filling up the DagBag from /opt/airflow/dags/dag_suivi.py
[2026-08-10T14:03:18.119+0000] {processor.py:839} INFO - DAG(s) dict_keys(['pipeline_ingestion_suivi']) retrieved from /opt/airflow/dags/dag_suivi.py
[2026-08-10T14:03:18.142+0000] {logging_mixin.py:151} INFO - [2026-08-10T14:03:18.142+0000] {dag.py:2941} INFO - Sync 1 DAGs
[2026-08-10T14:03:18.159+0000] {logging_mixin.py:151} INFO - [2026-08-10T14:03:18.159+0000] {dag.py:3722} INFO - Setting next_dagrun for pipeline_ingestion_suivi to 2026-08-10T14:00:00+00:00, run_after=2026-08-10T15:00:00+00:00
[2026-08-10T14:03:18.185+0000] {processor.py:179} INFO - Processing /opt/airflow/dags/dag_suivi.py took 0.086 seconds
[2026-08-10T14:03:48.399+0000] {processor.py:157} INFO - Started process (PID=1971) to work on /opt/airflow/dags/dag_suivi.py
[2026-08-10T14:03:48.399+0000] {processor.py:829} INFO - Processing file /opt/airflow/dags/dag_suivi.py for tasks to queue
[2026-08-10T14:03:48.400+0000] {logging_mixin.py:151} INFO - [2026-08-10T14:03:48.400+0000] {dagbag.py:536} INFO - Filling up the DagBag from /opt/airflow/dags/dag_suivi.py
[2026-08-10T14:03:48.420+0000] {processor.py:839} INFO - DAG(s) dict_keys(['pipeline_ingestion_suivi']) retrieved from /opt/airflow/dags/dag_suivi.py
[2026-08-10T14:03:48.444+0000] {logging_mixin.py:151} INFO - [2026-08-10T14:03:48.444+0000] {dag.py:2941} INFO - Sync 1 DAGs
[2026-08-10T14:03:48.461+0000] {logging_mixin.py:151} INFO - [2026-08-10T14:03:48.461+0000] {dag.py:3722} INFO - Setting next_dagrun for pipeline_ingestion_suivi to 2026-08-10T14:00:00+00:00, run_after=2026-08-10T15:00:00+00:00
[2026-08-10T14:03:48.488+0000] {processor.py:179} INFO - Processing /opt/airflow/dags/dag_suivi.py took 0.093 seconds
[2026-08-10T14:04:18.654+0000] {processor.py:157} INFO - Started process (PID=1976) to work on /opt/airflow/dags/dag_suivi.py
[2026-08-10T14:04:18.654+0000] {processor.py:829} INFO - Processing file /opt/airflow/dags/dag_suivi.py for tasks to queue
[2026-08-10T14:04:18.655+0000] {logging_mixin.py:151} INFO - [2026-08-10T14:04:18.655+0000] {dagbag.py:536} INFO - Filling up the DagBag from /opt/airflow/dags/dag_suivi.py
[2026-08-10T14:04:18.672+0000] {processor.py:839} INFO - DAG(s) dict_keys(['pipeline_ingestion_suivi']) retrieved from /opt/airflow/dags/dag_suivi.py
[2026-08-10T14:04:18.696+0000] {logging_mixin.py:151} INFO - [2026-08-10T14:04:18.695+0000] {dag.py:2941} INFO - Sync 1 DAGs
[2026-08-10T14:04:18.716+0000] {logging_mixin.py:151} INFO - [2026-08-10T14:04:18.715+0000] {dag.py:3722} INFO - Setting next_dagrun for pipeline_ingestion_suivi to 2026-08-10T14:00:00+00:00, run_after=2026-08-10T15:00:00+00:00
[2026-08-10T14:04:18.741+0000] {processor.py:179} INFO - Processing /opt/airflow/dags/dag_suivi.py took 0.090 seconds
[2026-08-10T14:04:49.001+0000] {processor.py:157} INFO - Started process (PID=1981) to work on /opt/airflow/dags/dag_suivi.py
[2026-08-10T14:04:49.002+0000] {processor.py:829} INFO - Processing file /opt/airflow/dags/dag_suivi.py for tasks to queue
[2026-08-10T14:04:49.002+0000] {logging_mixin.py:151} INFO - [2026-08-10T14:04:49.002+0000] {dagbag.py:536} INFO - Filling up the DagBag from /opt/airflow/dags/dag_suivi.py
[2026-08-10T14:04:49.018+0000] {processor.py:839} INFO - DAG(s) dict_keys(['pipeline_ingestion_suivi']) retrieved from /opt/airflow/dags/dag_suivi.py
[2026-08-10T14:04:49.040+0000] {logging_mixin.py:151} INFO - [2026-08-10T14:04:49.040+0000] {dag.py:2941} INFO - Sync 1 DAGs
[2026-08-10T14:04:49.056+0000] {logging_mixin.py:151} INFO - [2026-08-10T14:04:49.056+0000] {dag.py:3722} INFO - Setting next_dagrun for pipeline_ingestion_suivi to 2026-08-10T14:00:00+00:00, run_after=2026-08-10T15:00:00+00:00
[2026-08-10T14:04:49.073+0000] {processor.py:179} INFO - Processing /opt/airflow/dags/dag_suivi.py took 0.075 seconds
[2026-08-10T14:05:19.265+0000] {processor.py:157} INFO - Started process (PID=1986) to work on /opt/airflow/dags/dag_suivi.py
[2026-08-10T14:05:19.266+0000] {processor.py:829} INFO - Processing file /opt/airflow/dags/dag_suivi.py for tasks to queue
[2026-08-10T14:05:19.267+0000] {logging_mixin.py:151} INFO - [2026-08-10T14:05:19.266+0000] {dagbag.py:536} INFO - Filling up the DagBag from /opt/airflow/dags/dag_suivi.py
[2026-08-10T14:05:19.283+0000] {processor.py:839} INFO - DAG(s) dict_keys(['pipeline_ingestion_suivi']) retrieved from /opt/airflow/dags/dag_suivi.py
[2026-08-10T14:05:19.306+0000] {logging_mixin.py:151} INFO - [2026-08-10T14:05:19.306+0000] {dag.py:2941} INFO - Sync 1 DAGs
[2026-08-10T14:05:19.323+0000] {logging_mixin.py:151} INFO - [2026-08-10T14:05:19.323+0000] {dag.py:3722} INFO - Setting next_dagrun for pipeline_ingestion_suivi to 2026-08-10T14:00:00+00:00, run_after=2026-08-10T15:00:00+00:00
[2026-08-10T14:05:19.351+0000] {processor.py:179} INFO - Processing /opt/airflow/dags/dag_suivi.py took 0.089 seconds
[2026-08-10T14:05:49.589+0000] {processor.py:157} INFO - Started process (PID=1991) to work on /opt/airflow/dags/dag_suivi.py
[2026-08-10T14:05:49.590+0000] {processor.py:829} INFO - Processing file /opt/airflow/dags/dag_suivi.py for tasks to queue
[2026-08-10T14:05:49.591+0000] {logging_mixin.py:151} INFO - [2026-08-10T14:05:49.590+0000] {dagbag.py:536} INFO - Filling up the DagBag from /opt/airflow/dags/dag_suivi.py
[2026-08-10T14:05:49.606+0000] {processor.py:839} INFO - DAG(s) dict_keys(['pipeline_ingestion_suivi']) retrieved from /opt/airflow/dags/dag_suivi.py
[2026-08-10T14:05:49.628+0000] {logging_mixin.py:151} INFO - [2026-08-10T14:05:49.628+0000] {dag.py:2941} INFO - Sync 1 DAGs
[2026-08-10T14:05:49.644+0000] {logging_mixin.py:151} INFO - [2026-08-10T14:05:49.644+0000] {dag.py:3722} INFO - Setting next_dagrun for pipeline_ingestion_suivi to 2026-08-10T14:00:00+00:00, run_after=2026-08-10T15:00:00+00:00
[2026-08-10T14:05:49.664+0000] {processor.py:179} INFO - Processing /opt/airflow/dags/dag_suivi.py took 0.077 seconds
[2026-08-10T14:06:19.852+0000] {processor.py:157} INFO - Started process (PID=1996) to work on /opt/airflow/dags/dag_suivi.py
[2026-08-10T14:06:19.852+0000] {processor.py:829} INFO - Processing file /opt/airflow/dags/dag_suivi.py for tasks to queue
[2026-08-10T14:06:19.853+0000] {logging_mixin.py:151} INFO - [2026-08-10T14:06:19.853+0000] {dagbag.py:536} INFO - Filling up the DagBag from /opt/airflow/dags/dag_suivi.py
[2026-08-10T14:06:19.873+0000] {processor.py:839} INFO - DAG(s) dict_keys(['pipeline_ingestion_suivi']) retrieved from /opt/airflow/dags/dag_suivi.py
[2026-08-10T14:06:19.902+0000] {logging_mixin.py:151} INFO - [2026-08-10T14:06:19.902+0000] {dag.py:2941} INFO - Sync 1 DAGs
[2026-08-10T14:06:19.919+0000] {logging_mixin.py:151} INFO - [2026-08-10T14:06:19.919+0000] {dag.py:3722} INFO - Setting next_dagrun for pipeline_ingestion_suivi to 2026-08-10T14:00:00+00:00, run_after=2026-08-10T15:00:00+00:00
[2026-08-10T14:06:19.936+0000] {processor.py:179} INFO - Processing /opt/airflow/dags/dag_suivi.py took 0.087 seconds
[2026-08-10T14:06:50.174+0000] {processor.py:157} INFO - Started process (PID=2001) to work on /opt/airflow/dags/dag_suivi.py
[2026-08-10T14:06:50.174+0000] {processor.py:829} INFO - Processing file /opt/airflow/dags/dag_suivi.py for tasks to queue
[2026-08-10T14:06:50.175+0000] {logging_mixin.py:151} INFO - [2026-08-10T14:06:50.175+0000] {dagbag.py:536} INFO - Filling up the DagBag from /opt/airflow/dags/dag_suivi.py
[2026-08-10T14:06:50.194+0000] {processor.py:839} INFO - DAG(s) dict_keys(['pipeline_ingestion_suivi']) retrieved from /opt/airflow/dags/dag_suivi.py
[2026-08-10T14:06:50.216+0000] {logging_mixin.py:151} INFO - [2026-08-10T14:06:50.215+0000] {dag.py:2941} INFO - Sync 1 DAGs
[2026-08-10T14:06:50.232+0000] {logging_mixin.py:151} INFO - [2026-08-10T14:06:50.232+0000] {dag.py:3722} INFO - Setting next_dagrun for pipeline_ingestion_suivi to 2026-08-10T14:00:00+00:00, run_after=2026-08-10T15:00:00+00:00
[2026-08-10T14:06:50.260+0000] {processor.py:179} INFO - Processing /opt/airflow/dags/dag_suivi.py took 0.088 seconds
[2026-08-10T14:07:20.410+0000] {processor.py:157} INFO - Started process (PID=2006) to work on /opt/airflow/dags/dag_suivi.py
[2026-08-10T14:07:20.410+0000] {processor.py:829} INFO - Processing file /opt/airflow/dags/dag_suivi.py for tasks to queue
[2026-08-10T14:07:20.411+0000] {logging_mixin.py:151} INFO - [2026-08-10T14:07:20.411+0000] {dagbag.py:536} INFO - Filling up the DagBag from /opt/airflow/dags/dag_suivi.py
[2026-08-10T14:07:20.427+0000] {processor.py:839} INFO - DAG(s) dict_keys(['pipeline_ingestion_suivi']) retrieved from /opt/airflow/dags/dag_suivi.py
[2026-08-10T14:07:20.449+0000] {logging_mixin.py:151} INFO - [2026-08-10T14:07:20.449+0000] {dag.py:2941} INFO - Sync 1 DAGs
[2026-08-10T14:07:20.466+0000] {logging_mixin.py:151} INFO - [2026-08-10T14:07:20.466+0000] {dag.py:3722} INFO - Setting next_dagrun for pipeline_ingestion_suivi to 2026-08-10T14:00:00+00:00, run_after=2026-08-10T15:00:00+00:00
[2026-08-10T14:07:20.495+0000] {processor.py:179} INFO - Processing /opt/airflow/dags/dag_suivi.py took 0.088 seconds
[2026-08-10T14:07:50.776+0000] {processor.py:157} INFO - Started process (PID=2011) to work on /opt/airflow/dags/dag_suivi.py
[2026-08-10T14:07:50.777+0000] {processor.py:829} INFO - Processing file /opt/airflow/dags/dag_suivi.py for tasks to queue
[2026-08-10T14:07:50.777+0000] {logging_mixin.py:151} INFO - [2026-08-10T14:07:50.777+0000] {dagbag.py:536} INFO - Filling up the DagBag from /opt/airflow/dags/dag_suivi.py
[2026-08-10T14:07:50.793+0000] {processor.py:839} INFO - DAG(s) dict_keys(['pipeline_ingestion_suivi']) retrieved from /opt/airflow/dags/dag_suivi.py
[2026-08-10T14:07:50.817+0000] {logging_mixin.py:151} INFO - [2026-08-10T14:07:50.816+0000] {dag.py:2941} INFO - Sync 1 DAGs
[2026-08-10T14:07:50.835+0000] {logging_mixin.py:151} INFO - [2026-08-10T14:07:50.835+0000] {dag.py:3722} INFO - Setting next_dagrun for pipeline_ingestion_suivi to 2026-08-10T14:00:00+00:00, run_after=2026-08-10T15:00:00+00:00
[2026-08-10T14:07:50.853+0000] {processor.py:179} INFO - Processing /opt/airflow/dags/dag_suivi.py took 0.079 seconds
[2026-08-10T14:08:21.045+0000] {processor.py:157} INFO - Started process (PID=2016) to work on /opt/airflow/dags/dag_suivi.py
[2026-08-10T14:08:21.046+0000] {processor.py:829} INFO - Processing file /opt/airflow/dags/dag_suivi.py for tasks to queue
[2026-08-10T14:08:21.047+0000] {logging_mixin.py:151} INFO - [2026-08-10T14:08:21.047+0000] {dagbag.py:536} INFO - Filling up the DagBag from /opt/airflow/dags/dag_suivi.py
[2026-08-10T14:08:21.064+0000] {processor.py:839} INFO - DAG(s) dict_keys(['pipeline_ingestion_suivi']) retrieved from /opt/airflow/dags/dag_suivi.py
[2026-08-10T14:08:21.089+0000] {logging_mixin.py:151} INFO - [2026-08-10T14:08:21.089+0000] {dag.py:2941} INFO - Sync 1 DAGs
[2026-08-10T14:08:21.106+0000] {logging_mixin.py:151} INFO - [2026-08-10T14:08:21.106+0000] {dag.py:3722} INFO - Setting next_dagrun for pipeline_ingestion_suivi to 2026-08-10T14:00:00+00:00, run_after=2026-08-10T15:00:00+00:00
[2026-08-10T14:08:21.123+0000] {processor.py:179} INFO - Processing /opt/airflow/dags/dag_suivi.py took 0.080 seconds
[2026-08-10T14:08:51.344+0000] {processor.py:157} INFO - Started process (PID=2021) to work on /opt/airflow/dags/dag_suivi.py
[2026-08-10T14:08:51.345+0000] {processor.py:829} INFO - Processing file /opt/airflow/dags/dag_suivi.py for tasks to queue
[2026-08-10T14:08:51.345+0000] {logging_mixin.py:151} INFO - [2026-08-10T14:08:51.345+0000] {dagbag.py:536} INFO - Filling up the DagBag from /opt/airflow/dags/dag_suivi.py
[2026-08-10T14:08:51.362+0000] {processor.py:839} INFO - DAG(s) dict_keys(['pipeline_ingestion_suivi']) retrieved from /opt/airflow/dags/dag_suivi.py
[2026-08-10T14:08:51.384+0000] {logging_mixin.py:151} INFO - [2026-08-10T14:08:51.383+0000] {dag.py:2941} INFO - Sync 1 DAGs
[2026-08-10T14:08:51.400+0000] {logging_mixin.py:151} INFO - [2026-08-10T14:08:51.400+0000] {dag.py:3722} INFO - Setting next_dagrun for pipeline_ingestion_suivi to 2026-08-10T14:00:00+00:00, run_after=2026-08-10T15:00:00+00:00
[2026-08-10T14:08:51.417+0000] {processor.py:179} INFO - Processing /opt/airflow/dags/dag_suivi.py took 0.075 seconds
[2026-08-10T14:09:21.609+0000] {processor.py:157} INFO - Started process (PID=2026) to work on /opt/airflow/dags/dag_suivi.py
[2026-08-10T14:09:21.610+0000] {processor.py:829} INFO - Processing file /opt/airflow/dags/dag_suivi.py for tasks to queue
[2026-08-10T14:09:21.611+0000] {logging_mixin.py:151} INFO - [2026-08-10T14:09:21.610+0000] {dagbag.py:536} INFO - Filling up the DagBag from /opt/airflow/dags/dag_suivi.py
[2026-08-10T14:09:21.626+0000] {processor.py:839} INFO - DAG(s) dict_keys(['pipeline_ingestion_suivi']) retrieved from /opt/airflow/dags/dag_suivi.py
[2026-08-10T14:09:21.652+0000] {logging_mixin.py:151} INFO - [2026-08-10T14:09:21.652+0000] {dag.py:2941} INFO - Sync 1 DAGs
[2026-08-10T14:09:21.675+0000] {logging_mixin.py:151} INFO - [2026-08-10T14:09:21.675+0000] {dag.py:3722} INFO - Setting next_dagrun for pipeline_ingestion_suivi to 2026-08-10T14:00:00+00:00, run_after=2026-08-10T15:00:00+00:00
[2026-08-10T14:09:21.700+0000] {processor.py:179} INFO - Processing /opt/airflow/dags/dag_suivi.py took 0.094 seconds
[2026-08-10T14:09:51.946+0000] {processor.py:157} INFO - Started process (PID=2031) to work on /opt/airflow/dags/dag_suivi.py
[2026-08-10T14:09:51.946+0000] {processor.py:829} INFO - Processing file /opt/airflow/dags/dag_suivi.py for tasks to queue
[2026-08-10T14:09:51.948+0000] {logging_mixin.py:151} INFO - [2026-08-10T14:09:51.948+0000] {dagbag.py:536} INFO - Filling up the DagBag from /opt/airflow/dags/dag_suivi.py
[2026-08-10T14:09:51.963+0000] {processor.py:839} INFO - DAG(s) dict_keys(['pipeline_ingestion_suivi']) retrieved from /opt/airflow/dags/dag_suivi.py
[2026-08-10T14:09:51.983+0000] {logging_mixin.py:151} INFO - [2026-08-10T14:09:51.983+0000] {dag.py:2941} INFO - Sync 1 DAGs
[2026-08-10T14:09:52.001+0000] {logging_mixin.py:151} INFO - [2026-08-10T14:09:52.001+0000] {dag.py:3722} INFO - Setting next_dagrun for pipeline_ingestion_suivi to 2026-08-10T14:00:00+00:00, run_after=2026-08-10T15:00:00+00:00
[2026-08-10T14:09:52.031+0000] {processor.py:179} INFO - Processing /opt/airflow/dags/dag_suivi.py took 0.088 seconds
[2026-08-10T14:10:22.151+0000] {processor.py:157} INFO - Started process (PID=2036) to work on /opt/airflow/dags/dag_suivi.py
[2026-08-10T14:10:22.152+0000] {processor.py:829} INFO - Processing file /opt/airflow/dags/dag_suivi.py for tasks to queue
[2026-08-10T14:10:22.153+0000] {logging_mixin.py:151} INFO - [2026-08-10T14:10:22.153+0000] {dagbag.py:536} INFO - Filling up the DagBag from /opt/airflow/dags/dag_suivi.py
[2026-08-10T14:10:22.172+0000] {processor.py:839} INFO - DAG(s) dict_keys(['pipeline_ingestion_suivi']) retrieved from /opt/airflow/dags/dag_suivi.py
[2026-08-10T14:10:22.195+0000] {logging_mixin.py:151} INFO - [2026-08-10T14:10:22.195+0000] {dag.py:2941} INFO - Sync 1 DAGs
[2026-08-10T14:10:22.213+0000] {logging_mixin.py:151} INFO - [2026-08-10T14:10:22.213+0000] {dag.py:3722} INFO - Setting next_dagrun for pipeline_ingestion_suivi to 2026-08-10T14:00:00+00:00, run_after=2026-08-10T15:00:00+00:00
[2026-08-10T14:10:22.240+0000] {processor.py:179} INFO - Processing /opt/airflow/dags/dag_suivi.py took 0.092 seconds
[2026-08-10T14:10:52.344+0000] {processor.py:157} INFO - Started process (PID=2041) to work on /opt/airflow/dags/dag_suivi.py
[2026-08-10T14:10:52.345+0000] {processor.py:829} INFO - Processing file /opt/airflow/dags/dag_suivi.py for tasks to queue
[2026-08-10T14:10:52.346+0000] {logging_mixin.py:151} INFO - [2026-08-10T14:10:52.346+0000] {dagbag.py:536} INFO - Filling up the DagBag from /opt/airflow/dags/dag_suivi.py
[2026-08-10T14:10:52.364+0000] {processor.py:839} INFO - DAG(s) dict_keys(['pipeline_ingestion_suivi']) retrieved from /opt/airflow/dags/dag_suivi.py
[2026-08-10T14:10:52.389+0000] {logging_mixin.py:151} INFO - [2026-08-10T14:10:52.388+0000] {dag.py:2941} INFO - Sync 1 DAGs
[2026-08-10T14:10:52.406+0000] {logging_mixin.py:151} INFO - [2026-08-10T14:10:52.406+0000] {dag.py:3722} INFO - Setting next_dagrun for pipeline_ingestion_suivi to 2026-08-10T14:00:00+00:00, run_after=2026-08-10T15:00:00+00:00
[2026-08-10T14:10:52.423+0000] {processor.py:179} INFO - Processing /opt/airflow/dags/dag_suivi.py took 0.082 seconds
[2026-08-10T14:11:22.554+0000] {processor.py:157} INFO - Started process (PID=2046) to work on /opt/airflow/dags/dag_suivi.py
[2026-08-10T14:11:22.555+0000] {processor.py:829} INFO - Processing file /opt/airflow/dags/dag_suivi.py for tasks to queue
[2026-08-10T14:11:22.556+0000] {logging_mixin.py:151} INFO - [2026-08-10T14:11:22.555+0000] {dagbag.py:536} INFO - Filling up the DagBag from /opt/airflow/dags/dag_suivi.py
[2026-08-10T14:11:22.573+0000] {processor.py:839} INFO - DAG(s) dict_keys(['pipeline_ingestion_suivi']) retrieved from /opt/airflow/dags/dag_suivi.py
[2026-08-10T14:11:22.597+0000] {logging_mixin.py:151} INFO - [2026-08-10T14:11:22.597+0000] {dag.py:2941} INFO - Sync 1 DAGs
[2026-08-10T14:11:22.614+0000] {logging_mixin.py:151} INFO - [2026-08-10T14:11:22.614+0000] {dag.py:3722} INFO - Setting next_dagrun for pipeline_ingestion_suivi to 2026-08-10T14:00:00+00:00, run_after=2026-08-10T15:00:00+00:00
[2026-08-10T14:11:22.630+0000] {processor.py:179} INFO - Processing /opt/airflow/dags/dag_suivi.py took 0.079 seconds
[2026-08-10T14:11:52.762+0000] {processor.py:157} INFO - Started process (PID=2051) to work on /opt/airflow/dags/dag_suivi.py
[2026-08-10T14:11:52.763+0000] {processor.py:829} INFO - Processing file /opt/airflow/dags/dag_suivi.py for tasks to queue
[2026-08-10T14:11:52.764+0000] {logging_mixin.py:151} INFO - [2026-08-10T14:11:52.764+0000] {dagbag.py:536} INFO - Filling up the DagBag from /opt/airflow/dags/dag_suivi.py
[2026-08-10T14:11:52.781+0000] {processor.py:839} INFO - DAG(s) dict_keys(['pipeline_ingestion_suivi']) retrieved from /opt/airflow/dags/dag_suivi.py
[2026-08-10T14:11:52.803+0000] {logging_mixin.py:151} INFO - [2026-08-10T14:11:52.803+0000] {dag.py:2941} INFO - Sync 1 DAGs
[2026-08-10T14:11:52.820+0000] {logging_mixin.py:151} INFO - [2026-08-10T14:11:52.820+0000] {dag.py:3722} INFO - Setting next_dagrun for pipeline_ingestion_suivi to 2026-08-10T14:00:00+00:00, run_after=2026-08-10T15:00:00+00:00
[2026-08-10T14:11:52.837+0000] {processor.py:179} INFO - Processing /opt/airflow/dags/dag_suivi.py took 0.078 seconds
[2026-08-10T14:12:22.952+0000] {processor.py:157} INFO - Started process (PID=2056) to work on /opt/airflow/dags/dag_suivi.py
[2026-08-10T14:12:22.952+0000] {processor.py:829} INFO - Processing file /opt/airflow/dags/dag_suivi.py for tasks to queue
[2026-08-10T14:12:22.953+0000] {logging_mixin.py:151} INFO - [2026-08-10T14:12:22.953+0000] {dagbag.py:536} INFO - Filling up the DagBag from /opt/airflow/dags/dag_suivi.py
[2026-08-10T14:12:22.971+0000] {processor.py:839} INFO - DAG(s) dict_keys(['pipeline_ingestion_suivi']) retrieved from /opt/airflow/dags/dag_suivi.py
[2026-08-10T14:12:22.997+0000] {logging_mixin.py:151} INFO - [2026-08-10T14:12:22.997+0000] {dag.py:2941} INFO - Sync 1 DAGs
[2026-08-10T14:12:23.014+0000] {logging_mixin.py:151} INFO - [2026-08-10T14:12:23.014+0000] {dag.py:3722} INFO - Setting next_dagrun for pipeline_ingestion_suivi to 2026-08-10T14:00:00+00:00, run_after=2026-08-10T15:00:00+00:00
[2026-08-10T14:12:23.036+0000] {processor.py:179} INFO - Processing /opt/airflow/dags/dag_suivi.py took 0.087 seconds
[2026-08-10T14:12:53.322+0000] {processor.py:157} INFO - Started process (PID=2061) to work on /opt/airflow/dags/dag_suivi.py
[2026-08-10T14:12:53.323+0000] {processor.py:829} INFO - Processing file /opt/airflow/dags/dag_suivi.py for tasks to queue
[2026-08-10T14:12:53.324+0000] {logging_mixin.py:151} INFO - [2026-08-10T14:12:53.323+0000] {dagbag.py:536} INFO - Filling up the DagBag from /opt/airflow/dags/dag_suivi.py
[2026-08-10T14:12:53.342+0000] {processor.py:839} INFO - DAG(s) dict_keys(['pipeline_ingestion_suivi']) retrieved from /opt/airflow/dags/dag_suivi.py
[2026-08-10T14:12:53.364+0000] {logging_mixin.py:151} INFO - [2026-08-10T14:12:53.363+0000] {dag.py:2941} INFO - Sync 1 DAGs
[2026-08-10T14:12:53.381+0000] {logging_mixin.py:151} INFO - [2026-08-10T14:12:53.381+0000] {dag.py:3722} INFO - Setting next_dagrun for pipeline_ingestion_suivi to 2026-08-10T14:00:00+00:00, run_after=2026-08-10T15:00:00+00:00
[2026-08-10T14:12:53.398+0000] {processor.py:179} INFO - Processing /opt/airflow/dags/dag_suivi.py took 0.078 seconds
[2026-08-10T14:13:23.569+0000] {processor.py:157} INFO - Started process (PID=2066) to work on /opt/airflow/dags/dag_suivi.py
[2026-08-10T14:13:23.570+0000] {processor.py:829} INFO - Processing file /opt/airflow/dags/dag_suivi.py for tasks to queue
[2026-08-10T14:13:23.571+0000] {logging_mixin.py:151} INFO - [2026-08-10T14:13:23.570+0000] {dagbag.py:536} INFO - Filling up the DagBag from /opt/airflow/dags/dag_suivi.py
[2026-08-10T14:13:23.587+0000] {processor.py:839} INFO - DAG(s) dict_keys(['pipeline_ingestion_suivi']) retrieved from /opt/airflow/dags/dag_suivi.py
[2026-08-10T14:13:23.609+0000] {logging_mixin.py:151} INFO - [2026-08-10T14:13:23.609+0000] {dag.py:2941} INFO - Sync 1 DAGs
[2026-08-10T14:13:23.628+0000] {logging_mixin.py:151} INFO - [2026-08-10T14:13:23.628+0000] {dag.py:3722} INFO - Setting next_dagrun for pipeline_ingestion_suivi to 2026-08-10T14:00:00+00:00, run_after=2026-08-10T15:00:00+00:00
[2026-08-10T14:13:23.645+0000] {processor.py:179} INFO - Processing /opt/airflow/dags/dag_suivi.py took 0.079 seconds
[2026-08-10T14:13:53.918+0000] {processor.py:157} INFO - Started process (PID=2071) to work on /opt/airflow/dags/dag_suivi.py
[2026-08-10T14:13:53.919+0000] {processor.py:829} INFO - Processing file /opt/airflow/dags/dag_suivi.py for tasks to queue
[2026-08-10T14:13:53.920+0000] {logging_mixin.py:151} INFO - [2026-08-10T14:13:53.919+0000] {dagbag.py:536} INFO - Filling up the DagBag from /opt/airflow/dags/dag_suivi.py
[2026-08-10T14:13:53.936+0000] {processor.py:839} INFO - DAG(s) dict_keys(['pipeline_ingestion_suivi']) retrieved from /opt/airflow/dags/dag_suivi.py
[2026-08-10T14:13:53.956+0000] {logging_mixin.py:151} INFO - [2026-08-10T14:13:53.956+0000] {dag.py:2941} INFO - Sync 1 DAGs
[2026-08-10T14:13:53.973+0000] {logging_mixin.py:151} INFO - [2026-08-10T14:13:53.973+0000] {dag.py:3722} INFO - Setting next_dagrun for pipeline_ingestion_suivi to 2026-08-10T14:00:00+00:00, run_after=2026-08-10T15:00:00+00:00
[2026-08-10T14:13:53.990+0000] {processor.py:179} INFO - Processing /opt/airflow/dags/dag_suivi.py took 0.074 seconds
[2026-08-10T14:14:24.179+0000] {processor.py:157} INFO - Started process (PID=2076) to work on /opt/airflow/dags/dag_suivi.py
[2026-08-10T14:14:24.180+0000] {processor.py:829} INFO - Processing file /opt/airflow/dags/dag_suivi.py for tasks to queue
[2026-08-10T14:14:24.181+0000] {logging_mixin.py:151} INFO - [2026-08-10T14:14:24.180+0000] {dagbag.py:536} INFO - Filling up the DagBag from /opt/airflow/dags/dag_suivi.py
[2026-08-10T14:14:24.197+0000] {processor.py:839} INFO - DAG(s) dict_keys(['pipeline_ingestion_suivi']) retrieved from /opt/airflow/dags/dag_suivi.py
[2026-08-10T14:14:24.218+0000] {logging_mixin.py:151} INFO - [2026-08-10T14:14:24.218+0000] {dag.py:2941} INFO - Sync 1 DAGs
[2026-08-10T14:14:24.235+0000] {logging_mixin.py:151} INFO - [2026-08-10T14:14:24.235+0000] {dag.py:3722} INFO - Setting next_dagrun for pipeline_ingestion_suivi to 2026-08-10T14:00:00+00:00, run_after=2026-08-10T15:00:00+00:00
[2026-08-10T14:14:24.252+0000] {processor.py:179} INFO - Processing /opt/airflow/dags/dag_suivi.py took 0.076 seconds
[2026-08-10T14:14:54.451+0000] {processor.py:157} INFO - Started process (PID=2081) to work on /opt/airflow/dags/dag_suivi.py
[2026-08-10T14:14:54.452+0000] {processor.py:829} INFO - Processing file /opt/airflow/dags/dag_suivi.py for tasks to queue
[2026-08-10T14:14:54.453+0000] {logging_mixin.py:151} INFO - [2026-08-10T14:14:54.453+0000] {dagbag.py:536} INFO - Filling up the DagBag from /opt/airflow/dags/dag_suivi.py
[2026-08-10T14:14:54.469+0000] {processor.py:839} INFO - DAG(s) dict_keys(['pipeline_ingestion_suivi']) retrieved from /opt/airflow/dags/dag_suivi.py
[2026-08-10T14:14:54.491+0000] {logging_mixin.py:151} INFO - [2026-08-10T14:14:54.491+0000] {dag.py:2941} INFO - Sync 1 DAGs
[2026-08-10T14:14:54.510+0000] {logging_mixin.py:151} INFO - [2026-08-10T14:14:54.510+0000] {dag.py:3722} INFO - Setting next_dagrun for pipeline_ingestion_suivi to 2026-08-10T14:00:00+00:00, run_after=2026-08-10T15:00:00+00:00
[2026-08-10T14:14:54.526+0000] {processor.py:179} INFO - Processing /opt/airflow/dags/dag_suivi.py took 0.078 seconds
[2026-08-10T14:15:24.702+0000] {processor.py:157} INFO - Started process (PID=2086) to work on /opt/airflow/dags/dag_suivi.py
[2026-08-10T14:15:24.703+0000] {processor.py:829} INFO - Processing file /opt/airflow/dags/dag_suivi.py for tasks to queue
[2026-08-10T14:15:24.703+0000] {logging_mixin.py:151} INFO - [2026-08-10T14:15:24.703+0000] {dagbag.py:536} INFO - Filling up the DagBag from /opt/airflow/dags/dag_suivi.py
[2026-08-10T14:15:24.722+0000] {processor.py:839} INFO - DAG(s) dict_keys(['pipeline_ingestion_suivi']) retrieved from /opt/airflow/dags/dag_suivi.py
[2026-08-10T14:15:24.744+0000] {logging_mixin.py:151} INFO - [2026-08-10T14:15:24.744+0000] {dag.py:2941} INFO - Sync 1 DAGs
[2026-08-10T14:15:24.761+0000] {logging_mixin.py:151} INFO - [2026-08-10T14:15:24.761+0000] {dag.py:3722} INFO - Setting next_dagrun for pipeline_ingestion_suivi to 2026-08-10T14:00:00+00:00, run_after=2026-08-10T15:00:00+00:00
[2026-08-10T14:15:24.788+0000] {processor.py:179} INFO - Processing /opt/airflow/dags/dag_suivi.py took 0.089 seconds
[2026-08-10T14:15:54.923+0000] {processor.py:157} INFO - Started process (PID=2091) to work on /opt/airflow/dags/dag_suivi.py
[2026-08-10T14:15:54.924+0000] {processor.py:829} INFO - Processing file /opt/airflow/dags/dag_suivi.py for tasks to queue
[2026-08-10T14:15:54.925+0000] {logging_mixin.py:151} INFO - [2026-08-10T14:15:54.924+0000] {dagbag.py:536} INFO - Filling up the DagBag from /opt/airflow/dags/dag_suivi.py
[2026-08-10T14:15:54.942+0000] {processor.py:839} INFO - DAG(s) dict_keys(['pipeline_ingestion_suivi']) retrieved from /opt/airflow/dags/dag_suivi.py
[2026-08-10T14:15:54.966+0000] {logging_mixin.py:151} INFO - [2026-08-10T14:15:54.965+0000] {dag.py:2941} INFO - Sync 1 DAGs
[2026-08-10T14:15:54.984+0000] {logging_mixin.py:151} INFO - [2026-08-10T14:15:54.983+0000] {dag.py:3722} INFO - Setting next_dagrun for pipeline_ingestion_suivi to 2026-08-10T14:00:00+00:00, run_after=2026-08-10T15:00:00+00:00
[2026-08-10T14:15:55.000+0000] {processor.py:179} INFO - Processing /opt/airflow/dags/dag_suivi.py took 0.080 seconds
[2026-08-10T14:16:25.146+0000] {processor.py:157} INFO - Started process (PID=2096) to work on /opt/airflow/dags/dag_suivi.py
[2026-08-10T14:16:25.147+0000] {processor.py:829} INFO - Processing file /opt/airflow/dags/dag_suivi.py for tasks to queue
[2026-08-10T14:16:25.147+0000] {logging_mixin.py:151} INFO - [2026-08-10T14:16:25.147+0000] {dagbag.py:536} INFO - Filling up the DagBag from /opt/airflow/dags/dag_suivi.py
[2026-08-10T14:16:25.163+0000] {processor.py:839} INFO - DAG(s) dict_keys(['pipeline_ingestion_suivi']) retrieved from /opt/airflow/dags/dag_suivi.py
[2026-08-10T14:16:25.187+0000] {logging_mixin.py:151} INFO - [2026-08-10T14:16:25.187+0000] {dag.py:2941} INFO - Sync 1 DAGs
[2026-08-10T14:16:25.205+0000] {logging_mixin.py:151} INFO - [2026-08-10T14:16:25.204+0000] {dag.py:3722} INFO - Setting next_dagrun for pipeline_ingestion_suivi to 2026-08-10T14:00:00+00:00, run_after=2026-08-10T15:00:00+00:00
[2026-08-10T14:16:25.221+0000] {processor.py:179} INFO - Processing /opt/airflow/dags/dag_suivi.py took 0.077 seconds
[2026-08-10T14:16:55.458+0000] {processor.py:157} INFO - Started process (PID=2101) to work on /opt/airflow/dags/dag_suivi.py
[2026-08-10T14:16:55.459+0000] {processor.py:829} INFO - Processing file /opt/airflow/dags/dag_suivi.py for tasks to queue
[2026-08-10T14:16:55.460+0000] {logging_mixin.py:151} INFO - [2026-08-10T14:16:55.459+0000] {dagbag.py:536} INFO - Filling up the DagBag from /opt/airflow/dags/dag_suivi.py
[2026-08-10T14:16:55.477+0000] {processor.py:839} INFO - DAG(s) dict_keys(['pipeline_ingestion_suivi']) retrieved from /opt/airflow/dags/dag_suivi.py
[2026-08-10T14:16:55.499+0000] {logging_mixin.py:151} INFO - [2026-08-10T14:16:55.499+0000] {dag.py:2941} INFO - Sync 1 DAGs
[2026-08-10T14:16:55.516+0000] {logging_mixin.py:151} INFO - [2026-08-10T14:16:55.516+0000] {dag.py:3722} INFO - Setting next_dagrun for pipeline_ingestion_suivi to 2026-08-10T14:00:00+00:00, run_after=2026-08-10T15:00:00+00:00
[2026-08-10T14:16:55.533+0000] {processor.py:179} INFO - Processing /opt/airflow/dags/dag_suivi.py took 0.078 seconds
[2026-08-10T14:17:25.729+0000] {processor.py:157} INFO - Started process (PID=2106) to work on /opt/airflow/dags/dag_suivi.py
[2026-08-10T14:17:25.730+0000] {processor.py:829} INFO - Processing file /opt/airflow/dags/dag_suivi.py for tasks to queue
[2026-08-10T14:17:25.730+0000] {logging_mixin.py:151} INFO - [2026-08-10T14:17:25.730+0000] {dagbag.py:536} INFO - Filling up the DagBag from /opt/airflow/dags/dag_suivi.py
[2026-08-10T14:17:25.746+0000] {processor.py:839} INFO - DAG(s) dict_keys(['pipeline_ingestion_suivi']) retrieved from /opt/airflow/dags/dag_suivi.py
[2026-08-10T14:17:25.770+0000] {logging_mixin.py:151} INFO - [2026-08-10T14:17:25.769+0000] {dag.py:2941} INFO - Sync 1 DAGs
[2026-08-10T14:17:25.786+0000] {logging_mixin.py:151} INFO - [2026-08-10T14:17:25.786+0000] {dag.py:3722} INFO - Setting next_dagrun for pipeline_ingestion_suivi to 2026-08-10T14:00:00+00:00, run_after=2026-08-10T15:00:00+00:00
[2026-08-10T14:17:25.806+0000] {processor.py:179} INFO - Processing /opt/airflow/dags/dag_suivi.py took 0.080 seconds
[2026-08-10T14:17:56.043+0000] {processor.py:157} INFO - Started process (PID=2111) to work on /opt/airflow/dags/dag_suivi.py
[2026-08-10T14:17:56.044+0000] {processor.py:829} INFO - Processing file /opt/airflow/dags/dag_suivi.py for tasks to queue
[2026-08-10T14:17:56.044+0000] {logging_mixin.py:151} INFO - [2026-08-10T14:17:56.044+0000] {dagbag.py:536} INFO - Filling up the DagBag from /opt/airflow/dags/dag_suivi.py
[2026-08-10T14:17:56.061+0000] {processor.py:839} INFO - DAG(s) dict_keys(['pipeline_ingestion_suivi']) retrieved from /opt/airflow/dags/dag_suivi.py
[2026-08-10T14:17:56.083+0000] {logging_mixin.py:151} INFO - [2026-08-10T14:17:56.083+0000] {dag.py:2941} INFO - Sync 1 DAGs
[2026-08-10T14:17:56.101+0000] {logging_mixin.py:151} INFO - [2026-08-10T14:17:56.101+0000] {dag.py:3722} INFO - Setting next_dagrun for pipeline_ingestion_suivi to 2026-08-10T14:00:00+00:00, run_after=2026-08-10T15:00:00+00:00
[2026-08-10T14:17:56.117+0000] {processor.py:179} INFO - Processing /opt/airflow/dags/dag_suivi.py took 0.077 seconds
[2026-08-10T14:18:26.283+0000] {processor.py:157} INFO - Started process (PID=2116) to work on /opt/airflow/dags/dag_suivi.py
[2026-08-10T14:18:26.284+0000] {processor.py:829} INFO - Processing file /opt/airflow/dags/dag_suivi.py for tasks to queue
[2026-08-10T14:18:26.284+0000] {logging_mixin.py:151} INFO - [2026-08-10T14:18:26.284+0000] {dagbag.py:536} INFO - Filling up the DagBag from /opt/airflow/dags/dag_suivi.py
[2026-08-10T14:18:26.302+0000] {processor.py:839} INFO - DAG(s) dict_keys(['pipeline_ingestion_suivi']) retrieved from /opt/airflow/dags/dag_suivi.py
[2026-08-10T14:18:26.326+0000] {logging_mixin.py:151} INFO - [2026-08-10T14:18:26.326+0000] {dag.py:2941} INFO - Sync 1 DAGs
[2026-08-10T14:18:26.343+0000] {logging_mixin.py:151} INFO - [2026-08-10T14:18:26.343+0000] {dag.py:3722} INFO - Setting next_dagrun for pipeline_ingestion_suivi to 2026-08-10T14:00:00+00:00, run_after=2026-08-10T15:00:00+00:00
[2026-08-10T14:18:26.361+0000] {processor.py:179} INFO - Processing /opt/airflow/dags/dag_suivi.py took 0.081 seconds
[2026-08-10T14:18:56.619+0000] {processor.py:157} INFO - Started process (PID=2121) to work on /opt/airflow/dags/dag_suivi.py
[2026-08-10T14:18:56.620+0000] {processor.py:829} INFO - Processing file /opt/airflow/dags/dag_suivi.py for tasks to queue
[2026-08-10T14:18:56.621+0000] {logging_mixin.py:151} INFO - [2026-08-10T14:18:56.620+0000] {dagbag.py:536} INFO - Filling up the DagBag from /opt/airflow/dags/dag_suivi.py
[2026-08-10T14:18:56.641+0000] {processor.py:839} INFO - DAG(s) dict_keys(['pipeline_ingestion_suivi']) retrieved from /opt/airflow/dags/dag_suivi.py
[2026-08-10T14:18:56.664+0000] {logging_mixin.py:151} INFO - [2026-08-10T14:18:56.663+0000] {dag.py:2941} INFO - Sync 1 DAGs
[2026-08-10T14:18:56.683+0000] {logging_mixin.py:151} INFO - [2026-08-10T14:18:56.683+0000] {dag.py:3722} INFO - Setting next_dagrun for pipeline_ingestion_suivi to 2026-08-10T14:00:00+00:00, run_after=2026-08-10T15:00:00+00:00
[2026-08-10T14:18:56.711+0000] {processor.py:179} INFO - Processing /opt/airflow/dags/dag_suivi.py took 0.094 seconds
[2026-08-10T14:19:26.917+0000] {processor.py:157} INFO - Started process (PID=2126) to work on /opt/airflow/dags/dag_suivi.py
[2026-08-10T14:19:26.918+0000] {processor.py:829} INFO - Processing file /opt/airflow/dags/dag_suivi.py for tasks to queue
[2026-08-10T14:19:26.919+0000] {logging_mixin.py:151} INFO - [2026-08-10T14:19:26.919+0000] {dagbag.py:536} INFO - Filling up the DagBag from /opt/airflow/dags/dag_suivi.py
[2026-08-10T14:19:26.935+0000] {processor.py:839} INFO - DAG(s) dict_keys(['pipeline_ingestion_suivi']) retrieved from /opt/airflow/dags/dag_suivi.py
[2026-08-10T14:19:26.959+0000] {logging_mixin.py:151} INFO - [2026-08-10T14:19:26.958+0000] {dag.py:2941} INFO - Sync 1 DAGs
[2026-08-10T14:19:26.977+0000] {logging_mixin.py:151} INFO - [2026-08-10T14:19:26.977+0000] {dag.py:3722} INFO - Setting next_dagrun for pipeline_ingestion_suivi to 2026-08-10T14:00:00+00:00, run_after=2026-08-10T15:00:00+00:00
[2026-08-10T14:19:27.004+0000] {processor.py:179} INFO - Processing /opt/airflow/dags/dag_suivi.py took 0.089 seconds
[2026-08-10T14:19:57.222+0000] {processor.py:157} INFO - Started process (PID=2131) to work on /opt/airflow/dags/dag_suivi.py
[2026-08-10T14:19:57.223+0000] {processor.py:829} INFO - Processing file /opt/airflow/dags/dag_suivi.py for tasks to queue
[2026-08-10T14:19:57.224+0000] {logging_mixin.py:151} INFO - [2026-08-10T14:19:57.223+0000] {dagbag.py:536} INFO - Filling up the DagBag from /opt/airflow/dags/dag_suivi.py
[2026-08-10T14:19:57.241+0000] {processor.py:839} INFO - DAG(s) dict_keys(['pipeline_ingestion_suivi']) retrieved from /opt/airflow/dags/dag_suivi.py
[2026-08-10T14:19:57.267+0000] {logging_mixin.py:151} INFO - [2026-08-10T14:19:57.267+0000] {dag.py:2941} INFO - Sync 1 DAGs
[2026-08-10T14:19:57.285+0000] {logging_mixin.py:151} INFO - [2026-08-10T14:19:57.285+0000] {dag.py:3722} INFO - Setting next_dagrun for pipeline_ingestion_suivi to 2026-08-10T14:00:00+00:00, run_after=2026-08-10T15:00:00+00:00
[2026-08-10T14:19:57.302+0000] {processor.py:179} INFO - Processing /opt/airflow/dags/dag_suivi.py took 0.083 seconds
[2026-08-10T14:20:27.450+0000] {processor.py:157} INFO - Started process (PID=2136) to work on /opt/airflow/dags/dag_suivi.py
[2026-08-10T14:20:27.451+0000] {processor.py:829} INFO - Processing file /opt/airflow/dags/dag_suivi.py for tasks to queue
[2026-08-10T14:20:27.452+0000] {logging_mixin.py:151} INFO - [2026-08-10T14:20:27.452+0000] {dagbag.py:536} INFO - Filling up the DagBag from /opt/airflow/dags/dag_suivi.py
[2026-08-10T14:20:27.470+0000] {processor.py:839} INFO - DAG(s) dict_keys(['pipeline_ingestion_suivi']) retrieved from /opt/airflow/dags/dag_suivi.py
[2026-08-10T14:20:27.491+0000] {logging_mixin.py:151} INFO - [2026-08-10T14:20:27.491+0000] {dag.py:2941} INFO - Sync 1 DAGs
[2026-08-10T14:20:27.509+0000] {logging_mixin.py:151} INFO - [2026-08-10T14:20:27.509+0000] {dag.py:3722} INFO - Setting next_dagrun for pipeline_ingestion_suivi to 2026-08-10T14:00:00+00:00, run_after=2026-08-10T15:00:00+00:00
[2026-08-10T14:20:27.526+0000] {processor.py:179} INFO - Processing /opt/airflow/dags/dag_suivi.py took 0.078 seconds
[2026-08-10T14:20:57.780+0000] {processor.py:157} INFO - Started process (PID=2141) to work on /opt/airflow/dags/dag_suivi.py
[2026-08-10T14:20:57.781+0000] {processor.py:829} INFO - Processing file /opt/airflow/dags/dag_suivi.py for tasks to queue
[2026-08-10T14:20:57.781+0000] {logging_mixin.py:151} INFO - [2026-08-10T14:20:57.781+0000] {dagbag.py:536} INFO - Filling up the DagBag from /opt/airflow/dags/dag_suivi.py
[2026-08-10T14:20:57.798+0000] {processor.py:839} INFO - DAG(s) dict_keys(['pipeline_ingestion_suivi']) retrieved from /opt/airflow/dags/dag_suivi.py
[2026-08-10T14:20:57.819+0000] {logging_mixin.py:151} INFO - [2026-08-10T14:20:57.819+0000] {dag.py:2941} INFO - Sync 1 DAGs
[2026-08-10T14:20:57.833+0000] {logging_mixin.py:151} INFO - [2026-08-10T14:20:57.833+0000] {dag.py:3722} INFO - Setting next_dagrun for pipeline_ingestion_suivi to 2026-08-10T14:00:00+00:00, run_after=2026-08-10T15:00:00+00:00
[2026-08-10T14:20:57.852+0000] {processor.py:179} INFO - Processing /opt/airflow/dags/dag_suivi.py took 0.074 seconds
[2026-08-10T14:21:28.069+0000] {processor.py:157} INFO - Started process (PID=2146) to work on /opt/airflow/dags/dag_suivi.py
[2026-08-10T14:21:28.069+0000] {processor.py:829} INFO - Processing file /opt/airflow/dags/dag_suivi.py for tasks to queue
[2026-08-10T14:21:28.070+0000] {logging_mixin.py:151} INFO - [2026-08-10T14:21:28.070+0000] {dagbag.py:536} INFO - Filling up the DagBag from /opt/airflow/dags/dag_suivi.py
[2026-08-10T14:21:28.089+0000] {processor.py:839} INFO - DAG(s) dict_keys(['pipeline_ingestion_suivi']) retrieved from /opt/airflow/dags/dag_suivi.py
[2026-08-10T14:21:28.110+0000] {logging_mixin.py:151} INFO - [2026-08-10T14:21:28.110+0000] {dag.py:2941} INFO - Sync 1 DAGs
[2026-08-10T14:21:28.128+0000] {logging_mixin.py:151} INFO - [2026-08-10T14:21:28.128+0000] {dag.py:3722} INFO - Setting next_dagrun for pipeline_ingestion_suivi to 2026-08-10T14:00:00+00:00, run_after=2026-08-10T15:00:00+00:00
[2026-08-10T14:21:28.144+0000] {processor.py:179} INFO - Processing /opt/airflow/dags/dag_suivi.py took 0.078 seconds
[2026-08-10T14:21:58.364+0000] {processor.py:157} INFO - Started process (PID=2151) to work on /opt/airflow/dags/dag_suivi.py
[2026-08-10T14:21:58.365+0000] {processor.py:829} INFO - Processing file /opt/airflow/dags/dag_suivi.py for tasks to queue
[2026-08-10T14:21:58.366+0000] {logging_mixin.py:151} INFO - [2026-08-10T14:21:58.365+0000] {dagbag.py:536} INFO - Filling up the DagBag from /opt/airflow/dags/dag_suivi.py
[2026-08-10T14:21:58.384+0000] {processor.py:839} INFO - DAG(s) dict_keys(['pipeline_ingestion_suivi']) retrieved from /opt/airflow/dags/dag_suivi.py
[2026-08-10T14:21:58.408+0000] {logging_mixin.py:151} INFO - [2026-08-10T14:21:58.408+0000] {dag.py:2941} INFO - Sync 1 DAGs
[2026-08-10T14:21:58.425+0000] {logging_mixin.py:151} INFO - [2026-08-10T14:21:58.425+0000] {dag.py:3722} INFO - Setting next_dagrun for pipeline_ingestion_suivi to 2026-08-10T14:00:00+00:00, run_after=2026-08-10T15:00:00+00:00
[2026-08-10T14:21:58.453+0000] {processor.py:179} INFO - Processing /opt/airflow/dags/dag_suivi.py took 0.092 seconds
[2026-08-10T14:35:54.758+0000] {processor.py:157} INFO - Started process (PID=2160) to work on /opt/airflow/dags/dag_suivi.py
[2026-08-10T14:35:54.763+0000] {processor.py:829} INFO - Processing file /opt/airflow/dags/dag_suivi.py for tasks to queue
[2026-08-10T14:35:54.789+0000] {logging_mixin.py:151} INFO - [2026-08-10T14:35:54.789+0000] {dagbag.py:536} INFO - Filling up the DagBag from /opt/airflow/dags/dag_suivi.py
[2026-08-10T14:35:54.980+0000] {processor.py:839} INFO - DAG(s) dict_keys(['pipeline_ingestion_suivi']) retrieved from /opt/airflow/dags/dag_suivi.py
[2026-08-10T14:35:55.077+0000] {logging_mixin.py:151} INFO - [2026-08-10T14:35:55.077+0000] {dag.py:2941} INFO - Sync 1 DAGs
[2026-08-10T14:35:55.133+0000] {logging_mixin.py:151} INFO - [2026-08-10T14:35:55.133+0000] {dag.py:3722} INFO - Setting next_dagrun for pipeline_ingestion_suivi to 2026-08-10T14:00:00+00:00, run_after=2026-08-10T15:00:00+00:00
[2026-08-10T14:35:55.193+0000] {processor.py:179} INFO - Processing /opt/airflow/dags/dag_suivi.py took 0.451 seconds
[2026-08-10T15:24:49.659+0000] {processor.py:157} INFO - Started process (PID=2168) to work on /opt/airflow/dags/dag_suivi.py
[2026-08-10T15:24:49.662+0000] {processor.py:829} INFO - Processing file /opt/airflow/dags/dag_suivi.py for tasks to queue
[2026-08-10T15:24:49.664+0000] {logging_mixin.py:151} INFO - [2026-08-10T15:24:49.663+0000] {dagbag.py:536} INFO - Filling up the DagBag from /opt/airflow/dags/dag_suivi.py
[2026-08-10T15:24:49.796+0000] {processor.py:839} INFO - DAG(s) dict_keys(['pipeline_ingestion_suivi']) retrieved from /opt/airflow/dags/dag_suivi.py
[2026-08-10T15:24:49.884+0000] {logging_mixin.py:151} INFO - [2026-08-10T15:24:49.883+0000] {dag.py:2941} INFO - Sync 1 DAGs
[2026-08-10T15:24:49.969+0000] {logging_mixin.py:151} INFO - [2026-08-10T15:24:49.968+0000] {dag.py:3722} INFO - Setting next_dagrun for pipeline_ingestion_suivi to 2026-08-10T15:00:00+00:00, run_after=2026-08-10T16:00:00+00:00
[2026-08-10T15:24:49.999+0000] {processor.py:179} INFO - Processing /opt/airflow/dags/dag_suivi.py took 0.343 seconds
