[2026-06-19T06:12:43.140+0000] {processor.py:157} INFO - Started process (PID=934) to work on /opt/airflow/dags/dag_suivi.py
[2026-06-19T06:12:43.213+0000] {processor.py:829} INFO - Processing file /opt/airflow/dags/dag_suivi.py for tasks to queue
[2026-06-19T06:12:43.241+0000] {logging_mixin.py:151} INFO - [2026-06-19T06:12:43.238+0000] {dagbag.py:536} INFO - Filling up the DagBag from /opt/airflow/dags/dag_suivi.py
[2026-06-19T06:12:43.735+0000] {processor.py:839} INFO - DAG(s) dict_keys(['pipeline_suivi_dgid']) retrieved from /opt/airflow/dags/dag_suivi.py
[2026-06-19T06:12:44.046+0000] {logging_mixin.py:151} INFO - [2026-06-19T06:12:44.045+0000] {dag.py:2941} INFO - Sync 1 DAGs
[2026-06-19T06:12:44.417+0000] {logging_mixin.py:151} INFO - [2026-06-19T06:12:44.417+0000] {dag.py:3722} INFO - Setting next_dagrun for pipeline_suivi_dgid to 2026-06-19T06:00:00+00:00, run_after=2026-06-19T07:00:00+00:00
[2026-06-19T06:12:45.274+0000] {processor.py:179} INFO - Processing /opt/airflow/dags/dag_suivi.py took 2.257 seconds
[2026-06-19T08:56:20.845+0000] {processor.py:157} INFO - Started process (PID=946) to work on /opt/airflow/dags/dag_suivi.py
[2026-06-19T08:56:20.875+0000] {processor.py:829} INFO - Processing file /opt/airflow/dags/dag_suivi.py for tasks to queue
[2026-06-19T08:56:20.892+0000] {logging_mixin.py:151} INFO - [2026-06-19T08:56:20.891+0000] {dagbag.py:536} INFO - Filling up the DagBag from /opt/airflow/dags/dag_suivi.py
[2026-06-19T08:56:24.054+0000] {processor.py:839} INFO - DAG(s) dict_keys(['pipeline_suivi_dgid']) retrieved from /opt/airflow/dags/dag_suivi.py
[2026-06-19T08:56:24.248+0000] {logging_mixin.py:151} INFO - [2026-06-19T08:56:24.247+0000] {dag.py:2941} INFO - Sync 1 DAGs
[2026-06-19T08:56:24.483+0000] {logging_mixin.py:151} INFO - [2026-06-19T08:56:24.483+0000] {dag.py:3722} INFO - Setting next_dagrun for pipeline_suivi_dgid to 2026-06-19T08:00:00+00:00, run_after=2026-06-19T09:00:00+00:00
[2026-06-19T08:56:24.731+0000] {processor.py:179} INFO - Processing /opt/airflow/dags/dag_suivi.py took 3.906 seconds
[2026-06-19T08:56:55.868+0000] {processor.py:157} INFO - Started process (PID=954) to work on /opt/airflow/dags/dag_suivi.py
[2026-06-19T08:56:55.886+0000] {processor.py:829} INFO - Processing file /opt/airflow/dags/dag_suivi.py for tasks to queue
[2026-06-19T08:56:55.893+0000] {logging_mixin.py:151} INFO - [2026-06-19T08:56:55.891+0000] {dagbag.py:536} INFO - Filling up the DagBag from /opt/airflow/dags/dag_suivi.py
[2026-06-19T08:56:56.369+0000] {processor.py:839} INFO - DAG(s) dict_keys(['pipeline_suivi_dgid']) retrieved from /opt/airflow/dags/dag_suivi.py
[2026-06-19T08:56:56.823+0000] {logging_mixin.py:151} INFO - [2026-06-19T08:56:56.815+0000] {taskinstance.py:1939} ERROR - {'DAG Id': 'pipeline_suivi_dgid', 'Task Id': 'execution_pipeline_etl', 'Run Id': 'scheduled__2026-06-18T23:00:00+00:00', 'Hostname': '05d952af827d'}
[2026-06-19T08:56:57.208+0000] {logging_mixin.py:151} INFO - [2026-06-19T08:56:57.197+0000] {taskinstance.py:1400} INFO - Marking task as FAILED. dag_id=pipeline_suivi_dgid, task_id=execution_pipeline_etl, execution_date=20260618T230000, start_date=20260619T061245, end_date=20260619T085656
[2026-06-19T08:56:57.368+0000] {processor.py:790} INFO - Executed failure callback for <TaskInstance: pipeline_suivi_dgid.execution_pipeline_etl scheduled__2026-06-18T23:00:00+00:00 [failed]> in state failed
[2026-06-19T08:56:57.673+0000] {logging_mixin.py:151} INFO - [2026-06-19T08:56:57.672+0000] {dag.py:2941} INFO - Sync 1 DAGs
[2026-06-19T08:56:57.947+0000] {logging_mixin.py:151} INFO - [2026-06-19T08:56:57.945+0000] {dag.py:3722} INFO - Setting next_dagrun for pipeline_suivi_dgid to 2026-06-19T08:00:00+00:00, run_after=2026-06-19T09:00:00+00:00
[2026-06-19T08:56:58.235+0000] {processor.py:179} INFO - Processing /opt/airflow/dags/dag_suivi.py took 2.407 seconds
[2026-06-19T08:57:29.064+0000] {processor.py:157} INFO - Started process (PID=959) to work on /opt/airflow/dags/dag_suivi.py
[2026-06-19T08:57:29.084+0000] {processor.py:829} INFO - Processing file /opt/airflow/dags/dag_suivi.py for tasks to queue
[2026-06-19T08:57:29.098+0000] {logging_mixin.py:151} INFO - [2026-06-19T08:57:29.096+0000] {dagbag.py:536} INFO - Filling up the DagBag from /opt/airflow/dags/dag_suivi.py
[2026-06-19T08:57:29.795+0000] {processor.py:839} INFO - DAG(s) dict_keys(['pipeline_suivi_dgid']) retrieved from /opt/airflow/dags/dag_suivi.py
[2026-06-19T08:57:30.327+0000] {logging_mixin.py:151} INFO - [2026-06-19T08:57:30.325+0000] {dag.py:2941} INFO - Sync 1 DAGs
[2026-06-19T08:57:30.757+0000] {logging_mixin.py:151} INFO - [2026-06-19T08:57:30.755+0000] {dag.py:3722} INFO - Setting next_dagrun for pipeline_suivi_dgid to 2026-06-19T08:00:00+00:00, run_after=2026-06-19T09:00:00+00:00
[2026-06-19T08:57:31.125+0000] {processor.py:179} INFO - Processing /opt/airflow/dags/dag_suivi.py took 2.113 seconds
[2026-06-19T08:58:02.192+0000] {processor.py:157} INFO - Started process (PID=966) to work on /opt/airflow/dags/dag_suivi.py
[2026-06-19T08:58:02.215+0000] {processor.py:829} INFO - Processing file /opt/airflow/dags/dag_suivi.py for tasks to queue
[2026-06-19T08:58:02.228+0000] {logging_mixin.py:151} INFO - [2026-06-19T08:58:02.226+0000] {dagbag.py:536} INFO - Filling up the DagBag from /opt/airflow/dags/dag_suivi.py
[2026-06-19T08:58:02.964+0000] {processor.py:839} INFO - DAG(s) dict_keys(['pipeline_suivi_dgid']) retrieved from /opt/airflow/dags/dag_suivi.py
[2026-06-19T08:58:03.684+0000] {logging_mixin.py:151} INFO - [2026-06-19T08:58:03.683+0000] {dag.py:2941} INFO - Sync 1 DAGs
[2026-06-19T08:58:04.397+0000] {logging_mixin.py:151} INFO - [2026-06-19T08:58:04.396+0000] {dag.py:3722} INFO - Setting next_dagrun for pipeline_suivi_dgid to 2026-06-19T08:00:00+00:00, run_after=2026-06-19T09:00:00+00:00
[2026-06-19T08:58:04.720+0000] {processor.py:179} INFO - Processing /opt/airflow/dags/dag_suivi.py took 2.689 seconds
[2026-06-19T08:58:35.284+0000] {processor.py:157} INFO - Started process (PID=971) to work on /opt/airflow/dags/dag_suivi.py
[2026-06-19T08:58:35.298+0000] {processor.py:829} INFO - Processing file /opt/airflow/dags/dag_suivi.py for tasks to queue
[2026-06-19T08:58:35.310+0000] {logging_mixin.py:151} INFO - [2026-06-19T08:58:35.308+0000] {dagbag.py:536} INFO - Filling up the DagBag from /opt/airflow/dags/dag_suivi.py
[2026-06-19T08:58:35.707+0000] {processor.py:839} INFO - DAG(s) dict_keys(['pipeline_suivi_dgid']) retrieved from /opt/airflow/dags/dag_suivi.py
[2026-06-19T08:58:35.987+0000] {logging_mixin.py:151} INFO - [2026-06-19T08:58:35.983+0000] {dag.py:2941} INFO - Sync 1 DAGs
[2026-06-19T08:58:36.357+0000] {logging_mixin.py:151} INFO - [2026-06-19T08:58:36.356+0000] {dag.py:3722} INFO - Setting next_dagrun for pipeline_suivi_dgid to 2026-06-19T08:00:00+00:00, run_after=2026-06-19T09:00:00+00:00
[2026-06-19T08:58:36.548+0000] {processor.py:179} INFO - Processing /opt/airflow/dags/dag_suivi.py took 1.304 seconds
[2026-06-19T08:59:07.083+0000] {processor.py:157} INFO - Started process (PID=976) to work on /opt/airflow/dags/dag_suivi.py
[2026-06-19T08:59:07.088+0000] {processor.py:829} INFO - Processing file /opt/airflow/dags/dag_suivi.py for tasks to queue
[2026-06-19T08:59:07.093+0000] {logging_mixin.py:151} INFO - [2026-06-19T08:59:07.092+0000] {dagbag.py:536} INFO - Filling up the DagBag from /opt/airflow/dags/dag_suivi.py
[2026-06-19T08:59:07.199+0000] {processor.py:839} INFO - DAG(s) dict_keys(['pipeline_suivi_dgid']) retrieved from /opt/airflow/dags/dag_suivi.py
[2026-06-19T08:59:07.308+0000] {logging_mixin.py:151} INFO - [2026-06-19T08:59:07.308+0000] {dag.py:2941} INFO - Sync 1 DAGs
[2026-06-19T08:59:07.395+0000] {logging_mixin.py:151} INFO - [2026-06-19T08:59:07.395+0000] {dag.py:3722} INFO - Setting next_dagrun for pipeline_suivi_dgid to 2026-06-19T08:00:00+00:00, run_after=2026-06-19T09:00:00+00:00
[2026-06-19T08:59:07.500+0000] {processor.py:179} INFO - Processing /opt/airflow/dags/dag_suivi.py took 0.431 seconds
[2026-06-19T08:59:37.752+0000] {processor.py:157} INFO - Started process (PID=981) to work on /opt/airflow/dags/dag_suivi.py
[2026-06-19T08:59:37.761+0000] {processor.py:829} INFO - Processing file /opt/airflow/dags/dag_suivi.py for tasks to queue
[2026-06-19T08:59:37.771+0000] {logging_mixin.py:151} INFO - [2026-06-19T08:59:37.766+0000] {dagbag.py:536} INFO - Filling up the DagBag from /opt/airflow/dags/dag_suivi.py
[2026-06-19T08:59:37.924+0000] {processor.py:839} INFO - DAG(s) dict_keys(['pipeline_suivi_dgid']) retrieved from /opt/airflow/dags/dag_suivi.py
[2026-06-19T08:59:38.054+0000] {logging_mixin.py:151} INFO - [2026-06-19T08:59:38.053+0000] {dag.py:2941} INFO - Sync 1 DAGs
[2026-06-19T08:59:38.192+0000] {logging_mixin.py:151} INFO - [2026-06-19T08:59:38.190+0000] {dag.py:3722} INFO - Setting next_dagrun for pipeline_suivi_dgid to 2026-06-19T08:00:00+00:00, run_after=2026-06-19T09:00:00+00:00
[2026-06-19T08:59:38.278+0000] {processor.py:179} INFO - Processing /opt/airflow/dags/dag_suivi.py took 0.546 seconds
[2026-06-19T09:00:09.166+0000] {processor.py:157} INFO - Started process (PID=988) to work on /opt/airflow/dags/dag_suivi.py
[2026-06-19T09:00:09.174+0000] {processor.py:829} INFO - Processing file /opt/airflow/dags/dag_suivi.py for tasks to queue
[2026-06-19T09:00:09.178+0000] {logging_mixin.py:151} INFO - [2026-06-19T09:00:09.177+0000] {dagbag.py:536} INFO - Filling up the DagBag from /opt/airflow/dags/dag_suivi.py
[2026-06-19T09:00:09.332+0000] {processor.py:839} INFO - DAG(s) dict_keys(['pipeline_suivi_dgid']) retrieved from /opt/airflow/dags/dag_suivi.py
[2026-06-19T09:00:09.560+0000] {logging_mixin.py:151} INFO - [2026-06-19T09:00:09.559+0000] {dag.py:2941} INFO - Sync 1 DAGs
[2026-06-19T09:00:09.880+0000] {logging_mixin.py:151} INFO - [2026-06-19T09:00:09.879+0000] {dag.py:3722} INFO - Setting next_dagrun for pipeline_suivi_dgid to 2026-06-19T09:00:00+00:00, run_after=2026-06-19T10:00:00+00:00
[2026-06-19T09:00:10.102+0000] {processor.py:179} INFO - Processing /opt/airflow/dags/dag_suivi.py took 0.962 seconds
[2026-06-19T09:00:40.654+0000] {processor.py:157} INFO - Started process (PID=993) to work on /opt/airflow/dags/dag_suivi.py
[2026-06-19T09:00:40.666+0000] {processor.py:829} INFO - Processing file /opt/airflow/dags/dag_suivi.py for tasks to queue
[2026-06-19T09:00:40.673+0000] {logging_mixin.py:151} INFO - [2026-06-19T09:00:40.670+0000] {dagbag.py:536} INFO - Filling up the DagBag from /opt/airflow/dags/dag_suivi.py
[2026-06-19T09:00:40.880+0000] {processor.py:839} INFO - DAG(s) dict_keys(['pipeline_suivi_dgid']) retrieved from /opt/airflow/dags/dag_suivi.py
[2026-06-19T09:00:41.061+0000] {logging_mixin.py:151} INFO - [2026-06-19T09:00:41.060+0000] {dag.py:2941} INFO - Sync 1 DAGs
[2026-06-19T09:00:41.281+0000] {logging_mixin.py:151} INFO - [2026-06-19T09:00:41.280+0000] {dag.py:3722} INFO - Setting next_dagrun for pipeline_suivi_dgid to 2026-06-19T09:00:00+00:00, run_after=2026-06-19T10:00:00+00:00
[2026-06-19T09:00:41.518+0000] {processor.py:179} INFO - Processing /opt/airflow/dags/dag_suivi.py took 0.897 seconds
[2026-06-19T09:01:12.433+0000] {processor.py:157} INFO - Started process (PID=998) to work on /opt/airflow/dags/dag_suivi.py
[2026-06-19T09:01:12.440+0000] {processor.py:829} INFO - Processing file /opt/airflow/dags/dag_suivi.py for tasks to queue
[2026-06-19T09:01:12.445+0000] {logging_mixin.py:151} INFO - [2026-06-19T09:01:12.444+0000] {dagbag.py:536} INFO - Filling up the DagBag from /opt/airflow/dags/dag_suivi.py
[2026-06-19T09:01:12.595+0000] {processor.py:839} INFO - DAG(s) dict_keys(['pipeline_suivi_dgid']) retrieved from /opt/airflow/dags/dag_suivi.py
[2026-06-19T09:01:12.742+0000] {logging_mixin.py:151} INFO - [2026-06-19T09:01:12.742+0000] {dag.py:2941} INFO - Sync 1 DAGs
[2026-06-19T09:01:12.882+0000] {logging_mixin.py:151} INFO - [2026-06-19T09:01:12.881+0000] {dag.py:3722} INFO - Setting next_dagrun for pipeline_suivi_dgid to 2026-06-19T09:00:00+00:00, run_after=2026-06-19T10:00:00+00:00
[2026-06-19T09:01:12.989+0000] {processor.py:179} INFO - Processing /opt/airflow/dags/dag_suivi.py took 0.573 seconds
[2026-06-19T09:01:43.927+0000] {processor.py:157} INFO - Started process (PID=1003) to work on /opt/airflow/dags/dag_suivi.py
[2026-06-19T09:01:43.934+0000] {processor.py:829} INFO - Processing file /opt/airflow/dags/dag_suivi.py for tasks to queue
[2026-06-19T09:01:43.942+0000] {logging_mixin.py:151} INFO - [2026-06-19T09:01:43.940+0000] {dagbag.py:536} INFO - Filling up the DagBag from /opt/airflow/dags/dag_suivi.py
[2026-06-19T09:01:44.120+0000] {processor.py:839} INFO - DAG(s) dict_keys(['pipeline_suivi_dgid']) retrieved from /opt/airflow/dags/dag_suivi.py
[2026-06-19T09:01:44.251+0000] {logging_mixin.py:151} INFO - [2026-06-19T09:01:44.250+0000] {dag.py:2941} INFO - Sync 1 DAGs
[2026-06-19T09:01:44.358+0000] {logging_mixin.py:151} INFO - [2026-06-19T09:01:44.358+0000] {dag.py:3722} INFO - Setting next_dagrun for pipeline_suivi_dgid to 2026-06-19T09:00:00+00:00, run_after=2026-06-19T10:00:00+00:00
[2026-06-19T09:01:44.442+0000] {processor.py:179} INFO - Processing /opt/airflow/dags/dag_suivi.py took 0.537 seconds
[2026-06-19T09:02:15.189+0000] {processor.py:157} INFO - Started process (PID=1008) to work on /opt/airflow/dags/dag_suivi.py
[2026-06-19T09:02:15.204+0000] {processor.py:829} INFO - Processing file /opt/airflow/dags/dag_suivi.py for tasks to queue
[2026-06-19T09:02:15.239+0000] {logging_mixin.py:151} INFO - [2026-06-19T09:02:15.236+0000] {dagbag.py:536} INFO - Filling up the DagBag from /opt/airflow/dags/dag_suivi.py
[2026-06-19T09:02:15.456+0000] {processor.py:839} INFO - DAG(s) dict_keys(['pipeline_suivi_dgid']) retrieved from /opt/airflow/dags/dag_suivi.py
[2026-06-19T09:02:15.571+0000] {logging_mixin.py:151} INFO - [2026-06-19T09:02:15.571+0000] {dag.py:2941} INFO - Sync 1 DAGs
[2026-06-19T09:02:15.658+0000] {logging_mixin.py:151} INFO - [2026-06-19T09:02:15.658+0000] {dag.py:3722} INFO - Setting next_dagrun for pipeline_suivi_dgid to 2026-06-19T09:00:00+00:00, run_after=2026-06-19T10:00:00+00:00
[2026-06-19T09:02:15.744+0000] {processor.py:179} INFO - Processing /opt/airflow/dags/dag_suivi.py took 0.628 seconds
[2026-06-19T09:02:46.173+0000] {processor.py:157} INFO - Started process (PID=1013) to work on /opt/airflow/dags/dag_suivi.py
[2026-06-19T09:02:46.181+0000] {processor.py:829} INFO - Processing file /opt/airflow/dags/dag_suivi.py for tasks to queue
[2026-06-19T09:02:46.186+0000] {logging_mixin.py:151} INFO - [2026-06-19T09:02:46.184+0000] {dagbag.py:536} INFO - Filling up the DagBag from /opt/airflow/dags/dag_suivi.py
[2026-06-19T09:02:46.321+0000] {processor.py:839} INFO - DAG(s) dict_keys(['pipeline_suivi_dgid']) retrieved from /opt/airflow/dags/dag_suivi.py
[2026-06-19T09:02:46.597+0000] {logging_mixin.py:151} INFO - [2026-06-19T09:02:46.595+0000] {dag.py:2941} INFO - Sync 1 DAGs
[2026-06-19T09:02:46.713+0000] {logging_mixin.py:151} INFO - [2026-06-19T09:02:46.713+0000] {dag.py:3722} INFO - Setting next_dagrun for pipeline_suivi_dgid to 2026-06-19T09:00:00+00:00, run_after=2026-06-19T10:00:00+00:00
[2026-06-19T09:02:46.807+0000] {processor.py:179} INFO - Processing /opt/airflow/dags/dag_suivi.py took 0.684 seconds
[2026-06-19T09:03:17.162+0000] {processor.py:157} INFO - Started process (PID=1018) to work on /opt/airflow/dags/dag_suivi.py
[2026-06-19T09:03:17.167+0000] {processor.py:829} INFO - Processing file /opt/airflow/dags/dag_suivi.py for tasks to queue
[2026-06-19T09:03:17.172+0000] {logging_mixin.py:151} INFO - [2026-06-19T09:03:17.171+0000] {dagbag.py:536} INFO - Filling up the DagBag from /opt/airflow/dags/dag_suivi.py
[2026-06-19T09:03:17.295+0000] {processor.py:839} INFO - DAG(s) dict_keys(['pipeline_suivi_dgid']) retrieved from /opt/airflow/dags/dag_suivi.py
[2026-06-19T09:03:17.449+0000] {logging_mixin.py:151} INFO - [2026-06-19T09:03:17.449+0000] {dag.py:2941} INFO - Sync 1 DAGs
[2026-06-19T09:03:17.579+0000] {logging_mixin.py:151} INFO - [2026-06-19T09:03:17.578+0000] {dag.py:3722} INFO - Setting next_dagrun for pipeline_suivi_dgid to 2026-06-19T09:00:00+00:00, run_after=2026-06-19T10:00:00+00:00
[2026-06-19T09:03:17.695+0000] {processor.py:179} INFO - Processing /opt/airflow/dags/dag_suivi.py took 0.558 seconds
[2026-06-19T09:03:48.300+0000] {processor.py:157} INFO - Started process (PID=1023) to work on /opt/airflow/dags/dag_suivi.py
[2026-06-19T09:03:48.316+0000] {processor.py:829} INFO - Processing file /opt/airflow/dags/dag_suivi.py for tasks to queue
[2026-06-19T09:03:48.322+0000] {logging_mixin.py:151} INFO - [2026-06-19T09:03:48.320+0000] {dagbag.py:536} INFO - Filling up the DagBag from /opt/airflow/dags/dag_suivi.py
[2026-06-19T09:03:48.599+0000] {processor.py:839} INFO - DAG(s) dict_keys(['pipeline_suivi_dgid']) retrieved from /opt/airflow/dags/dag_suivi.py
[2026-06-19T09:03:48.832+0000] {logging_mixin.py:151} INFO - [2026-06-19T09:03:48.832+0000] {dag.py:2941} INFO - Sync 1 DAGs
[2026-06-19T09:03:48.928+0000] {logging_mixin.py:151} INFO - [2026-06-19T09:03:48.927+0000] {dag.py:3722} INFO - Setting next_dagrun for pipeline_suivi_dgid to 2026-06-19T09:00:00+00:00, run_after=2026-06-19T10:00:00+00:00
[2026-06-19T09:03:49.015+0000] {processor.py:179} INFO - Processing /opt/airflow/dags/dag_suivi.py took 0.742 seconds
[2026-06-19T09:04:19.766+0000] {processor.py:157} INFO - Started process (PID=1028) to work on /opt/airflow/dags/dag_suivi.py
[2026-06-19T09:04:19.776+0000] {processor.py:829} INFO - Processing file /opt/airflow/dags/dag_suivi.py for tasks to queue
[2026-06-19T09:04:19.782+0000] {logging_mixin.py:151} INFO - [2026-06-19T09:04:19.781+0000] {dagbag.py:536} INFO - Filling up the DagBag from /opt/airflow/dags/dag_suivi.py
[2026-06-19T09:04:19.894+0000] {processor.py:839} INFO - DAG(s) dict_keys(['pipeline_suivi_dgid']) retrieved from /opt/airflow/dags/dag_suivi.py
[2026-06-19T09:04:20.046+0000] {logging_mixin.py:151} INFO - [2026-06-19T09:04:20.045+0000] {dag.py:2941} INFO - Sync 1 DAGs
[2026-06-19T09:04:20.189+0000] {logging_mixin.py:151} INFO - [2026-06-19T09:04:20.187+0000] {dag.py:3722} INFO - Setting next_dagrun for pipeline_suivi_dgid to 2026-06-19T09:00:00+00:00, run_after=2026-06-19T10:00:00+00:00
[2026-06-19T09:04:20.296+0000] {processor.py:179} INFO - Processing /opt/airflow/dags/dag_suivi.py took 0.566 seconds
[2026-06-19T09:04:50.467+0000] {processor.py:157} INFO - Started process (PID=1033) to work on /opt/airflow/dags/dag_suivi.py
[2026-06-19T09:04:50.471+0000] {processor.py:829} INFO - Processing file /opt/airflow/dags/dag_suivi.py for tasks to queue
[2026-06-19T09:04:50.475+0000] {logging_mixin.py:151} INFO - [2026-06-19T09:04:50.474+0000] {dagbag.py:536} INFO - Filling up the DagBag from /opt/airflow/dags/dag_suivi.py
[2026-06-19T09:04:50.574+0000] {processor.py:839} INFO - DAG(s) dict_keys(['pipeline_suivi_dgid']) retrieved from /opt/airflow/dags/dag_suivi.py
[2026-06-19T09:04:50.706+0000] {logging_mixin.py:151} INFO - [2026-06-19T09:04:50.706+0000] {dag.py:2941} INFO - Sync 1 DAGs
[2026-06-19T09:04:50.834+0000] {logging_mixin.py:151} INFO - [2026-06-19T09:04:50.832+0000] {dag.py:3722} INFO - Setting next_dagrun for pipeline_suivi_dgid to 2026-06-19T09:00:00+00:00, run_after=2026-06-19T10:00:00+00:00
[2026-06-19T09:04:50.970+0000] {processor.py:179} INFO - Processing /opt/airflow/dags/dag_suivi.py took 0.518 seconds
[2026-06-19T09:05:21.631+0000] {processor.py:157} INFO - Started process (PID=1038) to work on /opt/airflow/dags/dag_suivi.py
[2026-06-19T09:05:21.636+0000] {processor.py:829} INFO - Processing file /opt/airflow/dags/dag_suivi.py for tasks to queue
[2026-06-19T09:05:21.641+0000] {logging_mixin.py:151} INFO - [2026-06-19T09:05:21.640+0000] {dagbag.py:536} INFO - Filling up the DagBag from /opt/airflow/dags/dag_suivi.py
[2026-06-19T09:05:21.740+0000] {processor.py:839} INFO - DAG(s) dict_keys(['pipeline_suivi_dgid']) retrieved from /opt/airflow/dags/dag_suivi.py
[2026-06-19T09:05:21.873+0000] {logging_mixin.py:151} INFO - [2026-06-19T09:05:21.872+0000] {dag.py:2941} INFO - Sync 1 DAGs
[2026-06-19T09:05:22.007+0000] {logging_mixin.py:151} INFO - [2026-06-19T09:05:22.006+0000] {dag.py:3722} INFO - Setting next_dagrun for pipeline_suivi_dgid to 2026-06-19T09:00:00+00:00, run_after=2026-06-19T10:00:00+00:00
[2026-06-19T09:05:22.138+0000] {processor.py:179} INFO - Processing /opt/airflow/dags/dag_suivi.py took 0.520 seconds
[2026-06-19T09:05:52.879+0000] {processor.py:157} INFO - Started process (PID=1043) to work on /opt/airflow/dags/dag_suivi.py
[2026-06-19T09:05:52.884+0000] {processor.py:829} INFO - Processing file /opt/airflow/dags/dag_suivi.py for tasks to queue
[2026-06-19T09:05:52.891+0000] {logging_mixin.py:151} INFO - [2026-06-19T09:05:52.889+0000] {dagbag.py:536} INFO - Filling up the DagBag from /opt/airflow/dags/dag_suivi.py
[2026-06-19T09:05:52.986+0000] {processor.py:839} INFO - DAG(s) dict_keys(['pipeline_suivi_dgid']) retrieved from /opt/airflow/dags/dag_suivi.py
[2026-06-19T09:05:53.137+0000] {logging_mixin.py:151} INFO - [2026-06-19T09:05:53.136+0000] {dag.py:2941} INFO - Sync 1 DAGs
[2026-06-19T09:05:53.248+0000] {logging_mixin.py:151} INFO - [2026-06-19T09:05:53.248+0000] {dag.py:3722} INFO - Setting next_dagrun for pipeline_suivi_dgid to 2026-06-19T09:00:00+00:00, run_after=2026-06-19T10:00:00+00:00
[2026-06-19T09:05:53.404+0000] {processor.py:179} INFO - Processing /opt/airflow/dags/dag_suivi.py took 0.541 seconds
[2026-06-19T09:06:24.097+0000] {processor.py:157} INFO - Started process (PID=1048) to work on /opt/airflow/dags/dag_suivi.py
[2026-06-19T09:06:24.103+0000] {processor.py:829} INFO - Processing file /opt/airflow/dags/dag_suivi.py for tasks to queue
[2026-06-19T09:06:24.109+0000] {logging_mixin.py:151} INFO - [2026-06-19T09:06:24.107+0000] {dagbag.py:536} INFO - Filling up the DagBag from /opt/airflow/dags/dag_suivi.py
[2026-06-19T09:06:24.250+0000] {processor.py:839} INFO - DAG(s) dict_keys(['pipeline_suivi_dgid']) retrieved from /opt/airflow/dags/dag_suivi.py
[2026-06-19T09:06:24.443+0000] {logging_mixin.py:151} INFO - [2026-06-19T09:06:24.442+0000] {dag.py:2941} INFO - Sync 1 DAGs
[2026-06-19T09:06:24.650+0000] {logging_mixin.py:151} INFO - [2026-06-19T09:06:24.649+0000] {dag.py:3722} INFO - Setting next_dagrun for pipeline_suivi_dgid to 2026-06-19T09:00:00+00:00, run_after=2026-06-19T10:00:00+00:00
[2026-06-19T09:06:24.768+0000] {processor.py:179} INFO - Processing /opt/airflow/dags/dag_suivi.py took 0.692 seconds
[2026-06-19T09:06:55.550+0000] {processor.py:157} INFO - Started process (PID=1053) to work on /opt/airflow/dags/dag_suivi.py
[2026-06-19T09:06:55.557+0000] {processor.py:829} INFO - Processing file /opt/airflow/dags/dag_suivi.py for tasks to queue
[2026-06-19T09:06:55.585+0000] {logging_mixin.py:151} INFO - [2026-06-19T09:06:55.584+0000] {dagbag.py:536} INFO - Filling up the DagBag from /opt/airflow/dags/dag_suivi.py
[2026-06-19T09:06:55.871+0000] {processor.py:839} INFO - DAG(s) dict_keys(['pipeline_suivi_dgid']) retrieved from /opt/airflow/dags/dag_suivi.py
[2026-06-19T09:06:56.216+0000] {logging_mixin.py:151} INFO - [2026-06-19T09:06:56.215+0000] {dag.py:2941} INFO - Sync 1 DAGs
[2026-06-19T09:06:56.457+0000] {logging_mixin.py:151} INFO - [2026-06-19T09:06:56.456+0000] {dag.py:3722} INFO - Setting next_dagrun for pipeline_suivi_dgid to 2026-06-19T09:00:00+00:00, run_after=2026-06-19T10:00:00+00:00
[2026-06-19T09:06:56.601+0000] {processor.py:179} INFO - Processing /opt/airflow/dags/dag_suivi.py took 1.103 seconds
[2026-06-19T09:07:27.041+0000] {processor.py:157} INFO - Started process (PID=1058) to work on /opt/airflow/dags/dag_suivi.py
[2026-06-19T09:07:27.046+0000] {processor.py:829} INFO - Processing file /opt/airflow/dags/dag_suivi.py for tasks to queue
[2026-06-19T09:07:27.049+0000] {logging_mixin.py:151} INFO - [2026-06-19T09:07:27.048+0000] {dagbag.py:536} INFO - Filling up the DagBag from /opt/airflow/dags/dag_suivi.py
[2026-06-19T09:07:27.148+0000] {processor.py:839} INFO - DAG(s) dict_keys(['pipeline_suivi_dgid']) retrieved from /opt/airflow/dags/dag_suivi.py
[2026-06-19T09:07:27.303+0000] {logging_mixin.py:151} INFO - [2026-06-19T09:07:27.302+0000] {dag.py:2941} INFO - Sync 1 DAGs
[2026-06-19T09:07:27.433+0000] {logging_mixin.py:151} INFO - [2026-06-19T09:07:27.432+0000] {dag.py:3722} INFO - Setting next_dagrun for pipeline_suivi_dgid to 2026-06-19T09:00:00+00:00, run_after=2026-06-19T10:00:00+00:00
[2026-06-19T09:07:27.529+0000] {processor.py:179} INFO - Processing /opt/airflow/dags/dag_suivi.py took 0.506 seconds
[2026-06-19T09:07:57.748+0000] {processor.py:157} INFO - Started process (PID=1063) to work on /opt/airflow/dags/dag_suivi.py
[2026-06-19T09:07:57.760+0000] {processor.py:829} INFO - Processing file /opt/airflow/dags/dag_suivi.py for tasks to queue
[2026-06-19T09:07:57.766+0000] {logging_mixin.py:151} INFO - [2026-06-19T09:07:57.764+0000] {dagbag.py:536} INFO - Filling up the DagBag from /opt/airflow/dags/dag_suivi.py
[2026-06-19T09:07:57.924+0000] {processor.py:839} INFO - DAG(s) dict_keys(['pipeline_suivi_dgid']) retrieved from /opt/airflow/dags/dag_suivi.py
[2026-06-19T09:07:58.128+0000] {logging_mixin.py:151} INFO - [2026-06-19T09:07:58.127+0000] {dag.py:2941} INFO - Sync 1 DAGs
[2026-06-19T09:07:58.362+0000] {logging_mixin.py:151} INFO - [2026-06-19T09:07:58.361+0000] {dag.py:3722} INFO - Setting next_dagrun for pipeline_suivi_dgid to 2026-06-19T09:00:00+00:00, run_after=2026-06-19T10:00:00+00:00
[2026-06-19T09:07:58.532+0000] {processor.py:179} INFO - Processing /opt/airflow/dags/dag_suivi.py took 0.805 seconds
[2026-06-19T09:08:29.257+0000] {processor.py:157} INFO - Started process (PID=1068) to work on /opt/airflow/dags/dag_suivi.py
[2026-06-19T09:08:29.264+0000] {processor.py:829} INFO - Processing file /opt/airflow/dags/dag_suivi.py for tasks to queue
[2026-06-19T09:08:29.269+0000] {logging_mixin.py:151} INFO - [2026-06-19T09:08:29.267+0000] {dagbag.py:536} INFO - Filling up the DagBag from /opt/airflow/dags/dag_suivi.py
[2026-06-19T09:08:29.404+0000] {processor.py:839} INFO - DAG(s) dict_keys(['pipeline_suivi_dgid']) retrieved from /opt/airflow/dags/dag_suivi.py
[2026-06-19T09:08:29.654+0000] {logging_mixin.py:151} INFO - [2026-06-19T09:08:29.653+0000] {dag.py:2941} INFO - Sync 1 DAGs
[2026-06-19T09:08:29.809+0000] {logging_mixin.py:151} INFO - [2026-06-19T09:08:29.808+0000] {dag.py:3722} INFO - Setting next_dagrun for pipeline_suivi_dgid to 2026-06-19T09:00:00+00:00, run_after=2026-06-19T10:00:00+00:00
[2026-06-19T09:08:29.905+0000] {processor.py:179} INFO - Processing /opt/airflow/dags/dag_suivi.py took 0.683 seconds
[2026-06-19T09:09:00.184+0000] {processor.py:157} INFO - Started process (PID=1073) to work on /opt/airflow/dags/dag_suivi.py
[2026-06-19T09:09:00.189+0000] {processor.py:829} INFO - Processing file /opt/airflow/dags/dag_suivi.py for tasks to queue
[2026-06-19T09:09:00.193+0000] {logging_mixin.py:151} INFO - [2026-06-19T09:09:00.191+0000] {dagbag.py:536} INFO - Filling up the DagBag from /opt/airflow/dags/dag_suivi.py
[2026-06-19T09:09:00.271+0000] {processor.py:839} INFO - DAG(s) dict_keys(['pipeline_suivi_dgid']) retrieved from /opt/airflow/dags/dag_suivi.py
[2026-06-19T09:09:00.379+0000] {logging_mixin.py:151} INFO - [2026-06-19T09:09:00.378+0000] {dag.py:2941} INFO - Sync 1 DAGs
[2026-06-19T09:09:00.469+0000] {logging_mixin.py:151} INFO - [2026-06-19T09:09:00.469+0000] {dag.py:3722} INFO - Setting next_dagrun for pipeline_suivi_dgid to 2026-06-19T09:00:00+00:00, run_after=2026-06-19T10:00:00+00:00
[2026-06-19T09:09:00.567+0000] {processor.py:179} INFO - Processing /opt/airflow/dags/dag_suivi.py took 0.400 seconds
[2026-06-19T09:09:31.049+0000] {processor.py:157} INFO - Started process (PID=1078) to work on /opt/airflow/dags/dag_suivi.py
[2026-06-19T09:09:31.053+0000] {processor.py:829} INFO - Processing file /opt/airflow/dags/dag_suivi.py for tasks to queue
[2026-06-19T09:09:31.057+0000] {logging_mixin.py:151} INFO - [2026-06-19T09:09:31.056+0000] {dagbag.py:536} INFO - Filling up the DagBag from /opt/airflow/dags/dag_suivi.py
[2026-06-19T09:09:31.137+0000] {processor.py:839} INFO - DAG(s) dict_keys(['pipeline_suivi_dgid']) retrieved from /opt/airflow/dags/dag_suivi.py
[2026-06-19T09:09:31.238+0000] {logging_mixin.py:151} INFO - [2026-06-19T09:09:31.237+0000] {dag.py:2941} INFO - Sync 1 DAGs
[2026-06-19T09:09:31.328+0000] {logging_mixin.py:151} INFO - [2026-06-19T09:09:31.327+0000] {dag.py:3722} INFO - Setting next_dagrun for pipeline_suivi_dgid to 2026-06-19T09:00:00+00:00, run_after=2026-06-19T10:00:00+00:00
[2026-06-19T09:09:31.422+0000] {processor.py:179} INFO - Processing /opt/airflow/dags/dag_suivi.py took 0.387 seconds
[2026-06-19T09:10:01.608+0000] {processor.py:157} INFO - Started process (PID=1083) to work on /opt/airflow/dags/dag_suivi.py
[2026-06-19T09:10:01.612+0000] {processor.py:829} INFO - Processing file /opt/airflow/dags/dag_suivi.py for tasks to queue
[2026-06-19T09:10:01.617+0000] {logging_mixin.py:151} INFO - [2026-06-19T09:10:01.616+0000] {dagbag.py:536} INFO - Filling up the DagBag from /opt/airflow/dags/dag_suivi.py
[2026-06-19T09:10:01.721+0000] {processor.py:839} INFO - DAG(s) dict_keys(['pipeline_suivi_dgid']) retrieved from /opt/airflow/dags/dag_suivi.py
[2026-06-19T09:10:01.849+0000] {logging_mixin.py:151} INFO - [2026-06-19T09:10:01.848+0000] {dag.py:2941} INFO - Sync 1 DAGs
[2026-06-19T09:10:01.950+0000] {logging_mixin.py:151} INFO - [2026-06-19T09:10:01.950+0000] {dag.py:3722} INFO - Setting next_dagrun for pipeline_suivi_dgid to 2026-06-19T09:00:00+00:00, run_after=2026-06-19T10:00:00+00:00
[2026-06-19T09:10:02.034+0000] {processor.py:179} INFO - Processing /opt/airflow/dags/dag_suivi.py took 0.438 seconds
[2026-06-19T09:10:32.525+0000] {processor.py:157} INFO - Started process (PID=1088) to work on /opt/airflow/dags/dag_suivi.py
[2026-06-19T09:10:32.530+0000] {processor.py:829} INFO - Processing file /opt/airflow/dags/dag_suivi.py for tasks to queue
[2026-06-19T09:10:32.534+0000] {logging_mixin.py:151} INFO - [2026-06-19T09:10:32.533+0000] {dagbag.py:536} INFO - Filling up the DagBag from /opt/airflow/dags/dag_suivi.py
[2026-06-19T09:10:32.707+0000] {processor.py:839} INFO - DAG(s) dict_keys(['pipeline_suivi_dgid']) retrieved from /opt/airflow/dags/dag_suivi.py
[2026-06-19T09:10:32.897+0000] {logging_mixin.py:151} INFO - [2026-06-19T09:10:32.897+0000] {dag.py:2941} INFO - Sync 1 DAGs
[2026-06-19T09:10:32.989+0000] {logging_mixin.py:151} INFO - [2026-06-19T09:10:32.988+0000] {dag.py:3722} INFO - Setting next_dagrun for pipeline_suivi_dgid to 2026-06-19T09:00:00+00:00, run_after=2026-06-19T10:00:00+00:00
[2026-06-19T09:10:33.079+0000] {processor.py:179} INFO - Processing /opt/airflow/dags/dag_suivi.py took 0.573 seconds
[2026-06-19T09:11:03.690+0000] {processor.py:157} INFO - Started process (PID=1093) to work on /opt/airflow/dags/dag_suivi.py
[2026-06-19T09:11:03.694+0000] {processor.py:829} INFO - Processing file /opt/airflow/dags/dag_suivi.py for tasks to queue
[2026-06-19T09:11:03.698+0000] {logging_mixin.py:151} INFO - [2026-06-19T09:11:03.696+0000] {dagbag.py:536} INFO - Filling up the DagBag from /opt/airflow/dags/dag_suivi.py
[2026-06-19T09:11:03.774+0000] {processor.py:839} INFO - DAG(s) dict_keys(['pipeline_suivi_dgid']) retrieved from /opt/airflow/dags/dag_suivi.py
[2026-06-19T09:11:03.871+0000] {logging_mixin.py:151} INFO - [2026-06-19T09:11:03.870+0000] {dag.py:2941} INFO - Sync 1 DAGs
[2026-06-19T09:11:03.962+0000] {logging_mixin.py:151} INFO - [2026-06-19T09:11:03.961+0000] {dag.py:3722} INFO - Setting next_dagrun for pipeline_suivi_dgid to 2026-06-19T09:00:00+00:00, run_after=2026-06-19T10:00:00+00:00
[2026-06-19T09:11:04.088+0000] {processor.py:179} INFO - Processing /opt/airflow/dags/dag_suivi.py took 0.411 seconds
[2026-06-19T09:11:34.312+0000] {processor.py:157} INFO - Started process (PID=1098) to work on /opt/airflow/dags/dag_suivi.py
[2026-06-19T09:11:34.315+0000] {processor.py:829} INFO - Processing file /opt/airflow/dags/dag_suivi.py for tasks to queue
[2026-06-19T09:11:34.319+0000] {logging_mixin.py:151} INFO - [2026-06-19T09:11:34.318+0000] {dagbag.py:536} INFO - Filling up the DagBag from /opt/airflow/dags/dag_suivi.py
[2026-06-19T09:11:34.448+0000] {processor.py:839} INFO - DAG(s) dict_keys(['pipeline_suivi_dgid']) retrieved from /opt/airflow/dags/dag_suivi.py
[2026-06-19T09:11:34.570+0000] {logging_mixin.py:151} INFO - [2026-06-19T09:11:34.569+0000] {dag.py:2941} INFO - Sync 1 DAGs
[2026-06-19T09:11:34.808+0000] {logging_mixin.py:151} INFO - [2026-06-19T09:11:34.807+0000] {dag.py:3722} INFO - Setting next_dagrun for pipeline_suivi_dgid to 2026-06-19T09:00:00+00:00, run_after=2026-06-19T10:00:00+00:00
[2026-06-19T09:11:34.925+0000] {processor.py:179} INFO - Processing /opt/airflow/dags/dag_suivi.py took 0.627 seconds
[2026-06-19T09:12:05.594+0000] {processor.py:157} INFO - Started process (PID=1103) to work on /opt/airflow/dags/dag_suivi.py
[2026-06-19T09:12:05.600+0000] {processor.py:829} INFO - Processing file /opt/airflow/dags/dag_suivi.py for tasks to queue
[2026-06-19T09:12:05.606+0000] {logging_mixin.py:151} INFO - [2026-06-19T09:12:05.604+0000] {dagbag.py:536} INFO - Filling up the DagBag from /opt/airflow/dags/dag_suivi.py
[2026-06-19T09:12:05.723+0000] {processor.py:839} INFO - DAG(s) dict_keys(['pipeline_suivi_dgid']) retrieved from /opt/airflow/dags/dag_suivi.py
[2026-06-19T09:12:05.854+0000] {logging_mixin.py:151} INFO - [2026-06-19T09:12:05.853+0000] {dag.py:2941} INFO - Sync 1 DAGs
[2026-06-19T09:12:05.959+0000] {logging_mixin.py:151} INFO - [2026-06-19T09:12:05.958+0000] {dag.py:3722} INFO - Setting next_dagrun for pipeline_suivi_dgid to 2026-06-19T09:00:00+00:00, run_after=2026-06-19T10:00:00+00:00
[2026-06-19T09:12:06.066+0000] {processor.py:179} INFO - Processing /opt/airflow/dags/dag_suivi.py took 0.492 seconds
[2026-06-19T09:12:36.392+0000] {processor.py:157} INFO - Started process (PID=1108) to work on /opt/airflow/dags/dag_suivi.py
[2026-06-19T09:12:36.396+0000] {processor.py:829} INFO - Processing file /opt/airflow/dags/dag_suivi.py for tasks to queue
[2026-06-19T09:12:36.401+0000] {logging_mixin.py:151} INFO - [2026-06-19T09:12:36.400+0000] {dagbag.py:536} INFO - Filling up the DagBag from /opt/airflow/dags/dag_suivi.py
[2026-06-19T09:12:36.490+0000] {processor.py:839} INFO - DAG(s) dict_keys(['pipeline_suivi_dgid']) retrieved from /opt/airflow/dags/dag_suivi.py
[2026-06-19T09:12:36.598+0000] {logging_mixin.py:151} INFO - [2026-06-19T09:12:36.596+0000] {dag.py:2941} INFO - Sync 1 DAGs
[2026-06-19T09:12:36.702+0000] {logging_mixin.py:151} INFO - [2026-06-19T09:12:36.702+0000] {dag.py:3722} INFO - Setting next_dagrun for pipeline_suivi_dgid to 2026-06-19T09:00:00+00:00, run_after=2026-06-19T10:00:00+00:00
[2026-06-19T09:12:36.801+0000] {processor.py:179} INFO - Processing /opt/airflow/dags/dag_suivi.py took 0.424 seconds
[2026-06-19T09:13:07.148+0000] {processor.py:157} INFO - Started process (PID=1113) to work on /opt/airflow/dags/dag_suivi.py
[2026-06-19T09:13:07.155+0000] {processor.py:829} INFO - Processing file /opt/airflow/dags/dag_suivi.py for tasks to queue
[2026-06-19T09:13:07.160+0000] {logging_mixin.py:151} INFO - [2026-06-19T09:13:07.159+0000] {dagbag.py:536} INFO - Filling up the DagBag from /opt/airflow/dags/dag_suivi.py
[2026-06-19T09:13:07.276+0000] {processor.py:839} INFO - DAG(s) dict_keys(['pipeline_suivi_dgid']) retrieved from /opt/airflow/dags/dag_suivi.py
[2026-06-19T09:13:07.443+0000] {logging_mixin.py:151} INFO - [2026-06-19T09:13:07.442+0000] {dag.py:2941} INFO - Sync 1 DAGs
[2026-06-19T09:13:07.594+0000] {logging_mixin.py:151} INFO - [2026-06-19T09:13:07.594+0000] {dag.py:3722} INFO - Setting next_dagrun for pipeline_suivi_dgid to 2026-06-19T09:00:00+00:00, run_after=2026-06-19T10:00:00+00:00
[2026-06-19T09:13:07.696+0000] {processor.py:179} INFO - Processing /opt/airflow/dags/dag_suivi.py took 0.564 seconds
[2026-06-19T09:13:37.972+0000] {processor.py:157} INFO - Started process (PID=1118) to work on /opt/airflow/dags/dag_suivi.py
[2026-06-19T09:13:37.976+0000] {processor.py:829} INFO - Processing file /opt/airflow/dags/dag_suivi.py for tasks to queue
[2026-06-19T09:13:37.980+0000] {logging_mixin.py:151} INFO - [2026-06-19T09:13:37.979+0000] {dagbag.py:536} INFO - Filling up the DagBag from /opt/airflow/dags/dag_suivi.py
[2026-06-19T09:13:38.097+0000] {processor.py:839} INFO - DAG(s) dict_keys(['pipeline_suivi_dgid']) retrieved from /opt/airflow/dags/dag_suivi.py
[2026-06-19T09:13:38.254+0000] {logging_mixin.py:151} INFO - [2026-06-19T09:13:38.253+0000] {dag.py:2941} INFO - Sync 1 DAGs
[2026-06-19T09:13:38.486+0000] {logging_mixin.py:151} INFO - [2026-06-19T09:13:38.485+0000] {dag.py:3722} INFO - Setting next_dagrun for pipeline_suivi_dgid to 2026-06-19T09:00:00+00:00, run_after=2026-06-19T10:00:00+00:00
[2026-06-19T09:13:38.645+0000] {processor.py:179} INFO - Processing /opt/airflow/dags/dag_suivi.py took 0.689 seconds
[2026-06-19T09:14:09.380+0000] {processor.py:157} INFO - Started process (PID=1123) to work on /opt/airflow/dags/dag_suivi.py
[2026-06-19T09:14:09.386+0000] {processor.py:829} INFO - Processing file /opt/airflow/dags/dag_suivi.py for tasks to queue
[2026-06-19T09:14:09.391+0000] {logging_mixin.py:151} INFO - [2026-06-19T09:14:09.390+0000] {dagbag.py:536} INFO - Filling up the DagBag from /opt/airflow/dags/dag_suivi.py
[2026-06-19T09:14:09.484+0000] {processor.py:839} INFO - DAG(s) dict_keys(['pipeline_suivi_dgid']) retrieved from /opt/airflow/dags/dag_suivi.py
[2026-06-19T09:14:09.634+0000] {logging_mixin.py:151} INFO - [2026-06-19T09:14:09.633+0000] {dag.py:2941} INFO - Sync 1 DAGs
[2026-06-19T09:14:09.762+0000] {logging_mixin.py:151} INFO - [2026-06-19T09:14:09.761+0000] {dag.py:3722} INFO - Setting next_dagrun for pipeline_suivi_dgid to 2026-06-19T09:00:00+00:00, run_after=2026-06-19T10:00:00+00:00
[2026-06-19T09:14:09.846+0000] {processor.py:179} INFO - Processing /opt/airflow/dags/dag_suivi.py took 0.481 seconds
[2026-06-19T09:14:40.356+0000] {processor.py:157} INFO - Started process (PID=1128) to work on /opt/airflow/dags/dag_suivi.py
[2026-06-19T09:14:40.361+0000] {processor.py:829} INFO - Processing file /opt/airflow/dags/dag_suivi.py for tasks to queue
[2026-06-19T09:14:40.365+0000] {logging_mixin.py:151} INFO - [2026-06-19T09:14:40.364+0000] {dagbag.py:536} INFO - Filling up the DagBag from /opt/airflow/dags/dag_suivi.py
[2026-06-19T09:14:40.493+0000] {processor.py:839} INFO - DAG(s) dict_keys(['pipeline_suivi_dgid']) retrieved from /opt/airflow/dags/dag_suivi.py
[2026-06-19T09:14:40.766+0000] {logging_mixin.py:151} INFO - [2026-06-19T09:14:40.765+0000] {dag.py:2941} INFO - Sync 1 DAGs
[2026-06-19T09:14:41.138+0000] {logging_mixin.py:151} INFO - [2026-06-19T09:14:41.137+0000] {dag.py:3722} INFO - Setting next_dagrun for pipeline_suivi_dgid to 2026-06-19T09:00:00+00:00, run_after=2026-06-19T10:00:00+00:00
[2026-06-19T09:14:41.262+0000] {processor.py:179} INFO - Processing /opt/airflow/dags/dag_suivi.py took 0.920 seconds
[2026-06-19T09:17:43.382+0000] {processor.py:157} INFO - Started process (PID=169) to work on /opt/airflow/dags/dag_suivi.py
[2026-06-19T09:17:43.387+0000] {processor.py:829} INFO - Processing file /opt/airflow/dags/dag_suivi.py for tasks to queue
[2026-06-19T09:17:43.391+0000] {logging_mixin.py:151} INFO - [2026-06-19T09:17:43.390+0000] {dagbag.py:536} INFO - Filling up the DagBag from /opt/airflow/dags/dag_suivi.py
[2026-06-19T09:17:43.548+0000] {processor.py:839} INFO - DAG(s) dict_keys(['pipeline_suivi_dgid']) retrieved from /opt/airflow/dags/dag_suivi.py
[2026-06-19T09:17:43.789+0000] {logging_mixin.py:151} INFO - [2026-06-19T09:17:43.788+0000] {dag.py:2941} INFO - Sync 1 DAGs
[2026-06-19T09:17:44.010+0000] {logging_mixin.py:151} INFO - [2026-06-19T09:17:44.009+0000] {dag.py:3722} INFO - Setting next_dagrun for pipeline_suivi_dgid to 2026-06-19T09:00:00+00:00, run_after=2026-06-19T10:00:00+00:00
[2026-06-19T09:17:44.153+0000] {processor.py:179} INFO - Processing /opt/airflow/dags/dag_suivi.py took 0.788 seconds
[2026-06-19T09:18:14.982+0000] {processor.py:157} INFO - Started process (PID=174) to work on /opt/airflow/dags/dag_suivi.py
[2026-06-19T09:18:14.990+0000] {processor.py:829} INFO - Processing file /opt/airflow/dags/dag_suivi.py for tasks to queue
[2026-06-19T09:18:14.995+0000] {logging_mixin.py:151} INFO - [2026-06-19T09:18:14.994+0000] {dagbag.py:536} INFO - Filling up the DagBag from /opt/airflow/dags/dag_suivi.py
[2026-06-19T09:18:15.144+0000] {processor.py:839} INFO - DAG(s) dict_keys(['pipeline_suivi_dgid']) retrieved from /opt/airflow/dags/dag_suivi.py
[2026-06-19T09:18:15.297+0000] {logging_mixin.py:151} INFO - [2026-06-19T09:18:15.296+0000] {dag.py:2941} INFO - Sync 1 DAGs
[2026-06-19T09:18:15.439+0000] {logging_mixin.py:151} INFO - [2026-06-19T09:18:15.438+0000] {dag.py:3722} INFO - Setting next_dagrun for pipeline_suivi_dgid to 2026-06-19T09:00:00+00:00, run_after=2026-06-19T10:00:00+00:00
[2026-06-19T09:18:15.543+0000] {processor.py:179} INFO - Processing /opt/airflow/dags/dag_suivi.py took 0.582 seconds
[2026-06-19T09:18:45.791+0000] {processor.py:157} INFO - Started process (PID=179) to work on /opt/airflow/dags/dag_suivi.py
[2026-06-19T09:18:45.798+0000] {processor.py:829} INFO - Processing file /opt/airflow/dags/dag_suivi.py for tasks to queue
[2026-06-19T09:18:45.803+0000] {logging_mixin.py:151} INFO - [2026-06-19T09:18:45.802+0000] {dagbag.py:536} INFO - Filling up the DagBag from /opt/airflow/dags/dag_suivi.py
[2026-06-19T09:18:45.907+0000] {processor.py:839} INFO - DAG(s) dict_keys(['pipeline_suivi_dgid']) retrieved from /opt/airflow/dags/dag_suivi.py
[2026-06-19T09:18:46.024+0000] {logging_mixin.py:151} INFO - [2026-06-19T09:18:46.024+0000] {dag.py:2941} INFO - Sync 1 DAGs
[2026-06-19T09:18:46.126+0000] {logging_mixin.py:151} INFO - [2026-06-19T09:18:46.125+0000] {dag.py:3722} INFO - Setting next_dagrun for pipeline_suivi_dgid to 2026-06-19T09:00:00+00:00, run_after=2026-06-19T10:00:00+00:00
[2026-06-19T09:18:46.214+0000] {processor.py:179} INFO - Processing /opt/airflow/dags/dag_suivi.py took 0.440 seconds
[2026-06-19T09:19:16.834+0000] {processor.py:157} INFO - Started process (PID=184) to work on /opt/airflow/dags/dag_suivi.py
[2026-06-19T09:19:16.843+0000] {processor.py:829} INFO - Processing file /opt/airflow/dags/dag_suivi.py for tasks to queue
[2026-06-19T09:19:16.850+0000] {logging_mixin.py:151} INFO - [2026-06-19T09:19:16.849+0000] {dagbag.py:536} INFO - Filling up the DagBag from /opt/airflow/dags/dag_suivi.py
[2026-06-19T09:19:17.072+0000] {processor.py:839} INFO - DAG(s) dict_keys(['pipeline_suivi_dgid']) retrieved from /opt/airflow/dags/dag_suivi.py
[2026-06-19T09:19:17.327+0000] {logging_mixin.py:151} INFO - [2026-06-19T09:19:17.322+0000] {dag.py:2941} INFO - Sync 1 DAGs
[2026-06-19T09:19:17.457+0000] {logging_mixin.py:151} INFO - [2026-06-19T09:19:17.457+0000] {dag.py:3722} INFO - Setting next_dagrun for pipeline_suivi_dgid to 2026-06-19T09:00:00+00:00, run_after=2026-06-19T10:00:00+00:00
[2026-06-19T09:19:17.522+0000] {processor.py:179} INFO - Processing /opt/airflow/dags/dag_suivi.py took 0.720 seconds
[2026-06-19T09:19:48.072+0000] {processor.py:157} INFO - Started process (PID=189) to work on /opt/airflow/dags/dag_suivi.py
[2026-06-19T09:19:48.076+0000] {processor.py:829} INFO - Processing file /opt/airflow/dags/dag_suivi.py for tasks to queue
[2026-06-19T09:19:48.079+0000] {logging_mixin.py:151} INFO - [2026-06-19T09:19:48.078+0000] {dagbag.py:536} INFO - Filling up the DagBag from /opt/airflow/dags/dag_suivi.py
[2026-06-19T09:19:48.159+0000] {processor.py:839} INFO - DAG(s) dict_keys(['pipeline_suivi_dgid']) retrieved from /opt/airflow/dags/dag_suivi.py
[2026-06-19T09:19:48.249+0000] {logging_mixin.py:151} INFO - [2026-06-19T09:19:48.249+0000] {dag.py:2941} INFO - Sync 1 DAGs
[2026-06-19T09:19:48.315+0000] {logging_mixin.py:151} INFO - [2026-06-19T09:19:48.314+0000] {dag.py:3722} INFO - Setting next_dagrun for pipeline_suivi_dgid to 2026-06-19T09:00:00+00:00, run_after=2026-06-19T10:00:00+00:00
[2026-06-19T09:19:48.391+0000] {processor.py:179} INFO - Processing /opt/airflow/dags/dag_suivi.py took 0.326 seconds
[2026-06-19T09:20:18.594+0000] {processor.py:157} INFO - Started process (PID=194) to work on /opt/airflow/dags/dag_suivi.py
[2026-06-19T09:20:18.598+0000] {processor.py:829} INFO - Processing file /opt/airflow/dags/dag_suivi.py for tasks to queue
[2026-06-19T09:20:18.601+0000] {logging_mixin.py:151} INFO - [2026-06-19T09:20:18.601+0000] {dagbag.py:536} INFO - Filling up the DagBag from /opt/airflow/dags/dag_suivi.py
[2026-06-19T09:20:18.680+0000] {processor.py:839} INFO - DAG(s) dict_keys(['pipeline_suivi_dgid']) retrieved from /opt/airflow/dags/dag_suivi.py
[2026-06-19T09:20:18.805+0000] {logging_mixin.py:151} INFO - [2026-06-19T09:20:18.804+0000] {dag.py:2941} INFO - Sync 1 DAGs
[2026-06-19T09:20:18.909+0000] {logging_mixin.py:151} INFO - [2026-06-19T09:20:18.909+0000] {dag.py:3722} INFO - Setting next_dagrun for pipeline_suivi_dgid to 2026-06-19T09:00:00+00:00, run_after=2026-06-19T10:00:00+00:00
[2026-06-19T09:20:18.977+0000] {processor.py:179} INFO - Processing /opt/airflow/dags/dag_suivi.py took 0.393 seconds
[2026-06-19T09:20:49.255+0000] {processor.py:157} INFO - Started process (PID=199) to work on /opt/airflow/dags/dag_suivi.py
[2026-06-19T09:20:49.258+0000] {processor.py:829} INFO - Processing file /opt/airflow/dags/dag_suivi.py for tasks to queue
[2026-06-19T09:20:49.261+0000] {logging_mixin.py:151} INFO - [2026-06-19T09:20:49.260+0000] {dagbag.py:536} INFO - Filling up the DagBag from /opt/airflow/dags/dag_suivi.py
[2026-06-19T09:20:49.324+0000] {processor.py:839} INFO - DAG(s) dict_keys(['pipeline_suivi_dgid']) retrieved from /opt/airflow/dags/dag_suivi.py
[2026-06-19T09:20:49.423+0000] {logging_mixin.py:151} INFO - [2026-06-19T09:20:49.423+0000] {dag.py:2941} INFO - Sync 1 DAGs
[2026-06-19T09:20:49.492+0000] {logging_mixin.py:151} INFO - [2026-06-19T09:20:49.491+0000] {dag.py:3722} INFO - Setting next_dagrun for pipeline_suivi_dgid to 2026-06-19T09:00:00+00:00, run_after=2026-06-19T10:00:00+00:00
[2026-06-19T09:20:49.556+0000] {processor.py:179} INFO - Processing /opt/airflow/dags/dag_suivi.py took 0.308 seconds
[2026-06-19T09:21:19.773+0000] {processor.py:157} INFO - Started process (PID=204) to work on /opt/airflow/dags/dag_suivi.py
[2026-06-19T09:21:19.777+0000] {processor.py:829} INFO - Processing file /opt/airflow/dags/dag_suivi.py for tasks to queue
[2026-06-19T09:21:19.779+0000] {logging_mixin.py:151} INFO - [2026-06-19T09:21:19.778+0000] {dagbag.py:536} INFO - Filling up the DagBag from /opt/airflow/dags/dag_suivi.py
[2026-06-19T09:21:19.842+0000] {processor.py:839} INFO - DAG(s) dict_keys(['pipeline_suivi_dgid']) retrieved from /opt/airflow/dags/dag_suivi.py
[2026-06-19T09:21:19.955+0000] {logging_mixin.py:151} INFO - [2026-06-19T09:21:19.954+0000] {dag.py:2941} INFO - Sync 1 DAGs
[2026-06-19T09:21:20.060+0000] {logging_mixin.py:151} INFO - [2026-06-19T09:21:20.060+0000] {dag.py:3722} INFO - Setting next_dagrun for pipeline_suivi_dgid to 2026-06-19T09:00:00+00:00, run_after=2026-06-19T10:00:00+00:00
[2026-06-19T09:21:20.156+0000] {processor.py:179} INFO - Processing /opt/airflow/dags/dag_suivi.py took 0.391 seconds
[2026-06-19T09:21:50.439+0000] {processor.py:157} INFO - Started process (PID=209) to work on /opt/airflow/dags/dag_suivi.py
[2026-06-19T09:21:50.442+0000] {processor.py:829} INFO - Processing file /opt/airflow/dags/dag_suivi.py for tasks to queue
[2026-06-19T09:21:50.444+0000] {logging_mixin.py:151} INFO - [2026-06-19T09:21:50.444+0000] {dagbag.py:536} INFO - Filling up the DagBag from /opt/airflow/dags/dag_suivi.py
[2026-06-19T09:21:50.518+0000] {processor.py:839} INFO - DAG(s) dict_keys(['pipeline_suivi_dgid']) retrieved from /opt/airflow/dags/dag_suivi.py
[2026-06-19T09:21:50.605+0000] {logging_mixin.py:151} INFO - [2026-06-19T09:21:50.605+0000] {dag.py:2941} INFO - Sync 1 DAGs
[2026-06-19T09:21:50.674+0000] {logging_mixin.py:151} INFO - [2026-06-19T09:21:50.674+0000] {dag.py:3722} INFO - Setting next_dagrun for pipeline_suivi_dgid to 2026-06-19T09:00:00+00:00, run_after=2026-06-19T10:00:00+00:00
[2026-06-19T09:21:50.741+0000] {processor.py:179} INFO - Processing /opt/airflow/dags/dag_suivi.py took 0.311 seconds
[2026-06-19T09:22:21.018+0000] {processor.py:157} INFO - Started process (PID=214) to work on /opt/airflow/dags/dag_suivi.py
[2026-06-19T09:22:21.022+0000] {processor.py:829} INFO - Processing file /opt/airflow/dags/dag_suivi.py for tasks to queue
[2026-06-19T09:22:21.025+0000] {logging_mixin.py:151} INFO - [2026-06-19T09:22:21.025+0000] {dagbag.py:536} INFO - Filling up the DagBag from /opt/airflow/dags/dag_suivi.py
[2026-06-19T09:22:21.090+0000] {processor.py:839} INFO - DAG(s) dict_keys(['pipeline_suivi_dgid']) retrieved from /opt/airflow/dags/dag_suivi.py
[2026-06-19T09:22:21.194+0000] {logging_mixin.py:151} INFO - [2026-06-19T09:22:21.193+0000] {dag.py:2941} INFO - Sync 1 DAGs
[2026-06-19T09:22:21.264+0000] {logging_mixin.py:151} INFO - [2026-06-19T09:22:21.264+0000] {dag.py:3722} INFO - Setting next_dagrun for pipeline_suivi_dgid to 2026-06-19T09:00:00+00:00, run_after=2026-06-19T10:00:00+00:00
[2026-06-19T09:22:21.328+0000] {processor.py:179} INFO - Processing /opt/airflow/dags/dag_suivi.py took 0.317 seconds
[2026-06-19T09:22:51.672+0000] {processor.py:157} INFO - Started process (PID=219) to work on /opt/airflow/dags/dag_suivi.py
[2026-06-19T09:22:51.676+0000] {processor.py:829} INFO - Processing file /opt/airflow/dags/dag_suivi.py for tasks to queue
[2026-06-19T09:22:51.680+0000] {logging_mixin.py:151} INFO - [2026-06-19T09:22:51.678+0000] {dagbag.py:536} INFO - Filling up the DagBag from /opt/airflow/dags/dag_suivi.py
[2026-06-19T09:22:51.773+0000] {processor.py:839} INFO - DAG(s) dict_keys(['pipeline_suivi_dgid']) retrieved from /opt/airflow/dags/dag_suivi.py
[2026-06-19T09:22:51.880+0000] {logging_mixin.py:151} INFO - [2026-06-19T09:22:51.879+0000] {dag.py:2941} INFO - Sync 1 DAGs
[2026-06-19T09:22:51.968+0000] {logging_mixin.py:151} INFO - [2026-06-19T09:22:51.967+0000] {dag.py:3722} INFO - Setting next_dagrun for pipeline_suivi_dgid to 2026-06-19T09:00:00+00:00, run_after=2026-06-19T10:00:00+00:00
[2026-06-19T09:22:52.059+0000] {processor.py:179} INFO - Processing /opt/airflow/dags/dag_suivi.py took 0.399 seconds
[2026-06-19T09:23:22.175+0000] {processor.py:157} INFO - Started process (PID=224) to work on /opt/airflow/dags/dag_suivi.py
[2026-06-19T09:23:22.179+0000] {processor.py:829} INFO - Processing file /opt/airflow/dags/dag_suivi.py for tasks to queue
[2026-06-19T09:23:22.183+0000] {logging_mixin.py:151} INFO - [2026-06-19T09:23:22.181+0000] {dagbag.py:536} INFO - Filling up the DagBag from /opt/airflow/dags/dag_suivi.py
[2026-06-19T09:23:22.259+0000] {processor.py:839} INFO - DAG(s) dict_keys(['pipeline_suivi_dgid']) retrieved from /opt/airflow/dags/dag_suivi.py
[2026-06-19T09:23:22.345+0000] {logging_mixin.py:151} INFO - [2026-06-19T09:23:22.344+0000] {dag.py:2941} INFO - Sync 1 DAGs
[2026-06-19T09:23:22.414+0000] {logging_mixin.py:151} INFO - [2026-06-19T09:23:22.414+0000] {dag.py:3722} INFO - Setting next_dagrun for pipeline_suivi_dgid to 2026-06-19T09:00:00+00:00, run_after=2026-06-19T10:00:00+00:00
[2026-06-19T09:23:22.479+0000] {processor.py:179} INFO - Processing /opt/airflow/dags/dag_suivi.py took 0.317 seconds
[2026-06-19T09:23:52.985+0000] {processor.py:157} INFO - Started process (PID=229) to work on /opt/airflow/dags/dag_suivi.py
[2026-06-19T09:23:52.989+0000] {processor.py:829} INFO - Processing file /opt/airflow/dags/dag_suivi.py for tasks to queue
[2026-06-19T09:23:52.993+0000] {logging_mixin.py:151} INFO - [2026-06-19T09:23:52.991+0000] {dagbag.py:536} INFO - Filling up the DagBag from /opt/airflow/dags/dag_suivi.py
[2026-06-19T09:23:53.080+0000] {processor.py:839} INFO - DAG(s) dict_keys(['pipeline_suivi_dgid']) retrieved from /opt/airflow/dags/dag_suivi.py
[2026-06-19T09:23:53.194+0000] {logging_mixin.py:151} INFO - [2026-06-19T09:23:53.194+0000] {dag.py:2941} INFO - Sync 1 DAGs
[2026-06-19T09:23:53.281+0000] {logging_mixin.py:151} INFO - [2026-06-19T09:23:53.280+0000] {dag.py:3722} INFO - Setting next_dagrun for pipeline_suivi_dgid to 2026-06-19T09:00:00+00:00, run_after=2026-06-19T10:00:00+00:00
[2026-06-19T09:23:53.369+0000] {processor.py:179} INFO - Processing /opt/airflow/dags/dag_suivi.py took 0.398 seconds
[2026-06-19T09:24:23.880+0000] {processor.py:157} INFO - Started process (PID=234) to work on /opt/airflow/dags/dag_suivi.py
[2026-06-19T09:24:23.884+0000] {processor.py:829} INFO - Processing file /opt/airflow/dags/dag_suivi.py for tasks to queue
[2026-06-19T09:24:23.889+0000] {logging_mixin.py:151} INFO - [2026-06-19T09:24:23.887+0000] {dagbag.py:536} INFO - Filling up the DagBag from /opt/airflow/dags/dag_suivi.py
[2026-06-19T09:24:23.971+0000] {processor.py:839} INFO - DAG(s) dict_keys(['pipeline_suivi_dgid']) retrieved from /opt/airflow/dags/dag_suivi.py
[2026-06-19T09:24:24.073+0000] {logging_mixin.py:151} INFO - [2026-06-19T09:24:24.073+0000] {dag.py:2941} INFO - Sync 1 DAGs
[2026-06-19T09:24:24.173+0000] {logging_mixin.py:151} INFO - [2026-06-19T09:24:24.172+0000] {dag.py:3722} INFO - Setting next_dagrun for pipeline_suivi_dgid to 2026-06-19T09:00:00+00:00, run_after=2026-06-19T10:00:00+00:00
[2026-06-19T09:24:24.246+0000] {processor.py:179} INFO - Processing /opt/airflow/dags/dag_suivi.py took 0.381 seconds
[2026-06-19T09:24:54.837+0000] {processor.py:157} INFO - Started process (PID=239) to work on /opt/airflow/dags/dag_suivi.py
[2026-06-19T09:24:54.842+0000] {processor.py:829} INFO - Processing file /opt/airflow/dags/dag_suivi.py for tasks to queue
[2026-06-19T09:24:54.846+0000] {logging_mixin.py:151} INFO - [2026-06-19T09:24:54.845+0000] {dagbag.py:536} INFO - Filling up the DagBag from /opt/airflow/dags/dag_suivi.py
[2026-06-19T09:24:54.945+0000] {processor.py:839} INFO - DAG(s) dict_keys(['pipeline_suivi_dgid']) retrieved from /opt/airflow/dags/dag_suivi.py
[2026-06-19T09:24:55.066+0000] {logging_mixin.py:151} INFO - [2026-06-19T09:24:55.065+0000] {dag.py:2941} INFO - Sync 1 DAGs
[2026-06-19T09:24:55.172+0000] {logging_mixin.py:151} INFO - [2026-06-19T09:24:55.171+0000] {dag.py:3722} INFO - Setting next_dagrun for pipeline_suivi_dgid to 2026-06-19T09:00:00+00:00, run_after=2026-06-19T10:00:00+00:00
[2026-06-19T09:24:55.259+0000] {processor.py:179} INFO - Processing /opt/airflow/dags/dag_suivi.py took 0.438 seconds
[2026-06-19T09:25:25.725+0000] {processor.py:157} INFO - Started process (PID=244) to work on /opt/airflow/dags/dag_suivi.py
[2026-06-19T09:25:25.731+0000] {processor.py:829} INFO - Processing file /opt/airflow/dags/dag_suivi.py for tasks to queue
[2026-06-19T09:25:25.735+0000] {logging_mixin.py:151} INFO - [2026-06-19T09:25:25.734+0000] {dagbag.py:536} INFO - Filling up the DagBag from /opt/airflow/dags/dag_suivi.py
[2026-06-19T09:25:25.818+0000] {processor.py:839} INFO - DAG(s) dict_keys(['pipeline_suivi_dgid']) retrieved from /opt/airflow/dags/dag_suivi.py
[2026-06-19T09:25:25.910+0000] {logging_mixin.py:151} INFO - [2026-06-19T09:25:25.909+0000] {dag.py:2941} INFO - Sync 1 DAGs
[2026-06-19T09:25:25.979+0000] {logging_mixin.py:151} INFO - [2026-06-19T09:25:25.979+0000] {dag.py:3722} INFO - Setting next_dagrun for pipeline_suivi_dgid to 2026-06-19T09:00:00+00:00, run_after=2026-06-19T10:00:00+00:00
[2026-06-19T09:25:26.038+0000] {processor.py:179} INFO - Processing /opt/airflow/dags/dag_suivi.py took 0.324 seconds
[2026-06-19T09:25:56.582+0000] {processor.py:157} INFO - Started process (PID=249) to work on /opt/airflow/dags/dag_suivi.py
[2026-06-19T09:25:56.587+0000] {processor.py:829} INFO - Processing file /opt/airflow/dags/dag_suivi.py for tasks to queue
[2026-06-19T09:25:56.591+0000] {logging_mixin.py:151} INFO - [2026-06-19T09:25:56.590+0000] {dagbag.py:536} INFO - Filling up the DagBag from /opt/airflow/dags/dag_suivi.py
[2026-06-19T09:25:56.674+0000] {processor.py:839} INFO - DAG(s) dict_keys(['pipeline_suivi_dgid']) retrieved from /opt/airflow/dags/dag_suivi.py
[2026-06-19T09:25:56.825+0000] {logging_mixin.py:151} INFO - [2026-06-19T09:25:56.825+0000] {dag.py:2941} INFO - Sync 1 DAGs
[2026-06-19T09:25:56.989+0000] {logging_mixin.py:151} INFO - [2026-06-19T09:25:56.988+0000] {dag.py:3722} INFO - Setting next_dagrun for pipeline_suivi_dgid to 2026-06-19T09:00:00+00:00, run_after=2026-06-19T10:00:00+00:00
[2026-06-19T09:25:57.116+0000] {processor.py:179} INFO - Processing /opt/airflow/dags/dag_suivi.py took 0.547 seconds
[2026-06-19T09:26:27.776+0000] {processor.py:157} INFO - Started process (PID=254) to work on /opt/airflow/dags/dag_suivi.py
[2026-06-19T09:26:27.781+0000] {processor.py:829} INFO - Processing file /opt/airflow/dags/dag_suivi.py for tasks to queue
[2026-06-19T09:26:27.785+0000] {logging_mixin.py:151} INFO - [2026-06-19T09:26:27.784+0000] {dagbag.py:536} INFO - Filling up the DagBag from /opt/airflow/dags/dag_suivi.py
[2026-06-19T09:26:27.876+0000] {processor.py:839} INFO - DAG(s) dict_keys(['pipeline_suivi_dgid']) retrieved from /opt/airflow/dags/dag_suivi.py
[2026-06-19T09:26:27.987+0000] {logging_mixin.py:151} INFO - [2026-06-19T09:26:27.987+0000] {dag.py:2941} INFO - Sync 1 DAGs
[2026-06-19T09:26:28.078+0000] {logging_mixin.py:151} INFO - [2026-06-19T09:26:28.077+0000] {dag.py:3722} INFO - Setting next_dagrun for pipeline_suivi_dgid to 2026-06-19T09:00:00+00:00, run_after=2026-06-19T10:00:00+00:00
[2026-06-19T09:26:28.161+0000] {processor.py:179} INFO - Processing /opt/airflow/dags/dag_suivi.py took 0.402 seconds
[2026-06-19T09:26:58.747+0000] {processor.py:157} INFO - Started process (PID=259) to work on /opt/airflow/dags/dag_suivi.py
[2026-06-19T09:26:58.754+0000] {processor.py:829} INFO - Processing file /opt/airflow/dags/dag_suivi.py for tasks to queue
[2026-06-19T09:26:58.758+0000] {logging_mixin.py:151} INFO - [2026-06-19T09:26:58.757+0000] {dagbag.py:536} INFO - Filling up the DagBag from /opt/airflow/dags/dag_suivi.py
[2026-06-19T09:26:58.867+0000] {processor.py:839} INFO - DAG(s) dict_keys(['pipeline_suivi_dgid']) retrieved from /opt/airflow/dags/dag_suivi.py
[2026-06-19T09:26:58.982+0000] {logging_mixin.py:151} INFO - [2026-06-19T09:26:58.982+0000] {dag.py:2941} INFO - Sync 1 DAGs
[2026-06-19T09:26:59.076+0000] {logging_mixin.py:151} INFO - [2026-06-19T09:26:59.075+0000] {dag.py:3722} INFO - Setting next_dagrun for pipeline_suivi_dgid to 2026-06-19T09:00:00+00:00, run_after=2026-06-19T10:00:00+00:00
[2026-06-19T09:26:59.169+0000] {processor.py:179} INFO - Processing /opt/airflow/dags/dag_suivi.py took 0.442 seconds
[2026-06-19T09:27:29.745+0000] {processor.py:157} INFO - Started process (PID=264) to work on /opt/airflow/dags/dag_suivi.py
[2026-06-19T09:27:29.749+0000] {processor.py:829} INFO - Processing file /opt/airflow/dags/dag_suivi.py for tasks to queue
[2026-06-19T09:27:29.752+0000] {logging_mixin.py:151} INFO - [2026-06-19T09:27:29.751+0000] {dagbag.py:536} INFO - Filling up the DagBag from /opt/airflow/dags/dag_suivi.py
[2026-06-19T09:27:29.867+0000] {processor.py:839} INFO - DAG(s) dict_keys(['pipeline_suivi_dgid']) retrieved from /opt/airflow/dags/dag_suivi.py
[2026-06-19T09:27:30.018+0000] {logging_mixin.py:151} INFO - [2026-06-19T09:27:30.017+0000] {dag.py:2941} INFO - Sync 1 DAGs
[2026-06-19T09:27:30.116+0000] {logging_mixin.py:151} INFO - [2026-06-19T09:27:30.115+0000] {dag.py:3722} INFO - Setting next_dagrun for pipeline_suivi_dgid to 2026-06-19T09:00:00+00:00, run_after=2026-06-19T10:00:00+00:00
[2026-06-19T09:27:30.216+0000] {processor.py:179} INFO - Processing /opt/airflow/dags/dag_suivi.py took 0.487 seconds
[2026-06-19T09:28:00.526+0000] {processor.py:157} INFO - Started process (PID=269) to work on /opt/airflow/dags/dag_suivi.py
[2026-06-19T09:28:00.529+0000] {processor.py:829} INFO - Processing file /opt/airflow/dags/dag_suivi.py for tasks to queue
[2026-06-19T09:28:00.532+0000] {logging_mixin.py:151} INFO - [2026-06-19T09:28:00.531+0000] {dagbag.py:536} INFO - Filling up the DagBag from /opt/airflow/dags/dag_suivi.py
[2026-06-19T09:28:00.602+0000] {processor.py:839} INFO - DAG(s) dict_keys(['pipeline_suivi_dgid']) retrieved from /opt/airflow/dags/dag_suivi.py
[2026-06-19T09:28:00.691+0000] {logging_mixin.py:151} INFO - [2026-06-19T09:28:00.691+0000] {dag.py:2941} INFO - Sync 1 DAGs
[2026-06-19T09:28:00.760+0000] {logging_mixin.py:151} INFO - [2026-06-19T09:28:00.760+0000] {dag.py:3722} INFO - Setting next_dagrun for pipeline_suivi_dgid to 2026-06-19T09:00:00+00:00, run_after=2026-06-19T10:00:00+00:00
[2026-06-19T09:28:00.847+0000] {processor.py:179} INFO - Processing /opt/airflow/dags/dag_suivi.py took 0.338 seconds
[2026-06-19T09:28:31.254+0000] {processor.py:157} INFO - Started process (PID=274) to work on /opt/airflow/dags/dag_suivi.py
[2026-06-19T09:28:31.260+0000] {processor.py:829} INFO - Processing file /opt/airflow/dags/dag_suivi.py for tasks to queue
[2026-06-19T09:28:31.265+0000] {logging_mixin.py:151} INFO - [2026-06-19T09:28:31.264+0000] {dagbag.py:536} INFO - Filling up the DagBag from /opt/airflow/dags/dag_suivi.py
[2026-06-19T09:28:31.349+0000] {processor.py:839} INFO - DAG(s) dict_keys(['pipeline_suivi_dgid']) retrieved from /opt/airflow/dags/dag_suivi.py
[2026-06-19T09:28:31.446+0000] {logging_mixin.py:151} INFO - [2026-06-19T09:28:31.445+0000] {dag.py:2941} INFO - Sync 1 DAGs
[2026-06-19T09:28:31.567+0000] {logging_mixin.py:151} INFO - [2026-06-19T09:28:31.566+0000] {dag.py:3722} INFO - Setting next_dagrun for pipeline_suivi_dgid to 2026-06-19T09:00:00+00:00, run_after=2026-06-19T10:00:00+00:00
[2026-06-19T09:28:31.647+0000] {processor.py:179} INFO - Processing /opt/airflow/dags/dag_suivi.py took 0.407 seconds
[2026-06-19T09:29:02.073+0000] {processor.py:157} INFO - Started process (PID=279) to work on /opt/airflow/dags/dag_suivi.py
[2026-06-19T09:29:02.077+0000] {processor.py:829} INFO - Processing file /opt/airflow/dags/dag_suivi.py for tasks to queue
[2026-06-19T09:29:02.080+0000] {logging_mixin.py:151} INFO - [2026-06-19T09:29:02.079+0000] {dagbag.py:536} INFO - Filling up the DagBag from /opt/airflow/dags/dag_suivi.py
[2026-06-19T09:29:02.152+0000] {processor.py:839} INFO - DAG(s) dict_keys(['pipeline_suivi_dgid']) retrieved from /opt/airflow/dags/dag_suivi.py
[2026-06-19T09:29:02.233+0000] {logging_mixin.py:151} INFO - [2026-06-19T09:29:02.233+0000] {dag.py:2941} INFO - Sync 1 DAGs
[2026-06-19T09:29:02.323+0000] {logging_mixin.py:151} INFO - [2026-06-19T09:29:02.321+0000] {dag.py:3722} INFO - Setting next_dagrun for pipeline_suivi_dgid to 2026-06-19T09:00:00+00:00, run_after=2026-06-19T10:00:00+00:00
[2026-06-19T09:29:02.396+0000] {processor.py:179} INFO - Processing /opt/airflow/dags/dag_suivi.py took 0.331 seconds
[2026-06-19T09:29:32.860+0000] {processor.py:157} INFO - Started process (PID=284) to work on /opt/airflow/dags/dag_suivi.py
[2026-06-19T09:29:32.865+0000] {processor.py:829} INFO - Processing file /opt/airflow/dags/dag_suivi.py for tasks to queue
[2026-06-19T09:29:32.869+0000] {logging_mixin.py:151} INFO - [2026-06-19T09:29:32.868+0000] {dagbag.py:536} INFO - Filling up the DagBag from /opt/airflow/dags/dag_suivi.py
[2026-06-19T09:29:32.990+0000] {processor.py:839} INFO - DAG(s) dict_keys(['pipeline_suivi_dgid']) retrieved from /opt/airflow/dags/dag_suivi.py
[2026-06-19T09:29:33.120+0000] {logging_mixin.py:151} INFO - [2026-06-19T09:29:33.119+0000] {dag.py:2941} INFO - Sync 1 DAGs
[2026-06-19T09:29:33.207+0000] {logging_mixin.py:151} INFO - [2026-06-19T09:29:33.207+0000] {dag.py:3722} INFO - Setting next_dagrun for pipeline_suivi_dgid to 2026-06-19T09:00:00+00:00, run_after=2026-06-19T10:00:00+00:00
[2026-06-19T09:29:33.283+0000] {processor.py:179} INFO - Processing /opt/airflow/dags/dag_suivi.py took 0.438 seconds
[2026-06-19T09:30:03.818+0000] {processor.py:157} INFO - Started process (PID=289) to work on /opt/airflow/dags/dag_suivi.py
[2026-06-19T09:30:03.822+0000] {processor.py:829} INFO - Processing file /opt/airflow/dags/dag_suivi.py for tasks to queue
[2026-06-19T09:30:03.825+0000] {logging_mixin.py:151} INFO - [2026-06-19T09:30:03.825+0000] {dagbag.py:536} INFO - Filling up the DagBag from /opt/airflow/dags/dag_suivi.py
[2026-06-19T09:30:03.903+0000] {processor.py:839} INFO - DAG(s) dict_keys(['pipeline_suivi_dgid']) retrieved from /opt/airflow/dags/dag_suivi.py
[2026-06-19T09:30:03.995+0000] {logging_mixin.py:151} INFO - [2026-06-19T09:30:03.995+0000] {dag.py:2941} INFO - Sync 1 DAGs
[2026-06-19T09:30:04.057+0000] {logging_mixin.py:151} INFO - [2026-06-19T09:30:04.057+0000] {dag.py:3722} INFO - Setting next_dagrun for pipeline_suivi_dgid to 2026-06-19T09:00:00+00:00, run_after=2026-06-19T10:00:00+00:00
[2026-06-19T09:30:04.112+0000] {processor.py:179} INFO - Processing /opt/airflow/dags/dag_suivi.py took 0.303 seconds
[2026-06-19T09:30:34.596+0000] {processor.py:157} INFO - Started process (PID=294) to work on /opt/airflow/dags/dag_suivi.py
[2026-06-19T09:30:34.602+0000] {processor.py:829} INFO - Processing file /opt/airflow/dags/dag_suivi.py for tasks to queue
[2026-06-19T09:30:34.608+0000] {logging_mixin.py:151} INFO - [2026-06-19T09:30:34.607+0000] {dagbag.py:536} INFO - Filling up the DagBag from /opt/airflow/dags/dag_suivi.py
[2026-06-19T09:30:34.714+0000] {processor.py:839} INFO - DAG(s) dict_keys(['pipeline_suivi_dgid']) retrieved from /opt/airflow/dags/dag_suivi.py
[2026-06-19T09:30:34.862+0000] {logging_mixin.py:151} INFO - [2026-06-19T09:30:34.861+0000] {dag.py:2941} INFO - Sync 1 DAGs
[2026-06-19T09:30:35.014+0000] {logging_mixin.py:151} INFO - [2026-06-19T09:30:35.013+0000] {dag.py:3722} INFO - Setting next_dagrun for pipeline_suivi_dgid to 2026-06-19T09:00:00+00:00, run_after=2026-06-19T10:00:00+00:00
[2026-06-19T09:30:35.095+0000] {processor.py:179} INFO - Processing /opt/airflow/dags/dag_suivi.py took 0.520 seconds
[2026-06-19T09:31:05.529+0000] {processor.py:157} INFO - Started process (PID=299) to work on /opt/airflow/dags/dag_suivi.py
[2026-06-19T09:31:05.532+0000] {processor.py:829} INFO - Processing file /opt/airflow/dags/dag_suivi.py for tasks to queue
[2026-06-19T09:31:05.534+0000] {logging_mixin.py:151} INFO - [2026-06-19T09:31:05.534+0000] {dagbag.py:536} INFO - Filling up the DagBag from /opt/airflow/dags/dag_suivi.py
[2026-06-19T09:31:05.628+0000] {processor.py:839} INFO - DAG(s) dict_keys(['pipeline_suivi_dgid']) retrieved from /opt/airflow/dags/dag_suivi.py
[2026-06-19T09:31:05.722+0000] {logging_mixin.py:151} INFO - [2026-06-19T09:31:05.722+0000] {dag.py:2941} INFO - Sync 1 DAGs
[2026-06-19T09:31:05.784+0000] {logging_mixin.py:151} INFO - [2026-06-19T09:31:05.784+0000] {dag.py:3722} INFO - Setting next_dagrun for pipeline_suivi_dgid to 2026-06-19T09:00:00+00:00, run_after=2026-06-19T10:00:00+00:00
[2026-06-19T09:31:05.850+0000] {processor.py:179} INFO - Processing /opt/airflow/dags/dag_suivi.py took 0.329 seconds
[2026-06-19T09:31:36.297+0000] {processor.py:157} INFO - Started process (PID=304) to work on /opt/airflow/dags/dag_suivi.py
[2026-06-19T09:31:36.300+0000] {processor.py:829} INFO - Processing file /opt/airflow/dags/dag_suivi.py for tasks to queue
[2026-06-19T09:31:36.302+0000] {logging_mixin.py:151} INFO - [2026-06-19T09:31:36.302+0000] {dagbag.py:536} INFO - Filling up the DagBag from /opt/airflow/dags/dag_suivi.py
[2026-06-19T09:31:36.383+0000] {processor.py:839} INFO - DAG(s) dict_keys(['pipeline_suivi_dgid']) retrieved from /opt/airflow/dags/dag_suivi.py
[2026-06-19T09:31:36.481+0000] {logging_mixin.py:151} INFO - [2026-06-19T09:31:36.481+0000] {dag.py:2941} INFO - Sync 1 DAGs
[2026-06-19T09:31:36.541+0000] {logging_mixin.py:151} INFO - [2026-06-19T09:31:36.541+0000] {dag.py:3722} INFO - Setting next_dagrun for pipeline_suivi_dgid to 2026-06-19T09:00:00+00:00, run_after=2026-06-19T10:00:00+00:00
[2026-06-19T09:31:36.607+0000] {processor.py:179} INFO - Processing /opt/airflow/dags/dag_suivi.py took 0.322 seconds
[2026-06-19T09:32:07.110+0000] {processor.py:157} INFO - Started process (PID=309) to work on /opt/airflow/dags/dag_suivi.py
[2026-06-19T09:32:07.116+0000] {processor.py:829} INFO - Processing file /opt/airflow/dags/dag_suivi.py for tasks to queue
[2026-06-19T09:32:07.121+0000] {logging_mixin.py:151} INFO - [2026-06-19T09:32:07.119+0000] {dagbag.py:536} INFO - Filling up the DagBag from /opt/airflow/dags/dag_suivi.py
[2026-06-19T09:32:07.253+0000] {processor.py:839} INFO - DAG(s) dict_keys(['pipeline_suivi_dgid']) retrieved from /opt/airflow/dags/dag_suivi.py
[2026-06-19T09:32:07.453+0000] {logging_mixin.py:151} INFO - [2026-06-19T09:32:07.452+0000] {dag.py:2941} INFO - Sync 1 DAGs
[2026-06-19T09:32:07.635+0000] {logging_mixin.py:151} INFO - [2026-06-19T09:32:07.635+0000] {dag.py:3722} INFO - Setting next_dagrun for pipeline_suivi_dgid to 2026-06-19T09:00:00+00:00, run_after=2026-06-19T10:00:00+00:00
[2026-06-19T09:32:07.722+0000] {processor.py:179} INFO - Processing /opt/airflow/dags/dag_suivi.py took 0.630 seconds
[2026-06-19T09:32:37.986+0000] {processor.py:157} INFO - Started process (PID=314) to work on /opt/airflow/dags/dag_suivi.py
[2026-06-19T09:32:37.989+0000] {processor.py:829} INFO - Processing file /opt/airflow/dags/dag_suivi.py for tasks to queue
[2026-06-19T09:32:37.991+0000] {logging_mixin.py:151} INFO - [2026-06-19T09:32:37.990+0000] {dagbag.py:536} INFO - Filling up the DagBag from /opt/airflow/dags/dag_suivi.py
[2026-06-19T09:32:38.041+0000] {processor.py:839} INFO - DAG(s) dict_keys(['pipeline_suivi_dgid']) retrieved from /opt/airflow/dags/dag_suivi.py
[2026-06-19T09:32:38.134+0000] {logging_mixin.py:151} INFO - [2026-06-19T09:32:38.133+0000] {dag.py:2941} INFO - Sync 1 DAGs
[2026-06-19T09:32:38.195+0000] {logging_mixin.py:151} INFO - [2026-06-19T09:32:38.195+0000] {dag.py:3722} INFO - Setting next_dagrun for pipeline_suivi_dgid to 2026-06-19T09:00:00+00:00, run_after=2026-06-19T10:00:00+00:00
[2026-06-19T09:32:38.256+0000] {processor.py:179} INFO - Processing /opt/airflow/dags/dag_suivi.py took 0.278 seconds
[2026-06-19T09:33:08.629+0000] {processor.py:157} INFO - Started process (PID=319) to work on /opt/airflow/dags/dag_suivi.py
[2026-06-19T09:33:08.633+0000] {processor.py:829} INFO - Processing file /opt/airflow/dags/dag_suivi.py for tasks to queue
[2026-06-19T09:33:08.635+0000] {logging_mixin.py:151} INFO - [2026-06-19T09:33:08.635+0000] {dagbag.py:536} INFO - Filling up the DagBag from /opt/airflow/dags/dag_suivi.py
[2026-06-19T09:33:08.702+0000] {processor.py:839} INFO - DAG(s) dict_keys(['pipeline_suivi_dgid']) retrieved from /opt/airflow/dags/dag_suivi.py
[2026-06-19T09:33:08.783+0000] {logging_mixin.py:151} INFO - [2026-06-19T09:33:08.782+0000] {dag.py:2941} INFO - Sync 1 DAGs
[2026-06-19T09:33:08.876+0000] {logging_mixin.py:151} INFO - [2026-06-19T09:33:08.875+0000] {dag.py:3722} INFO - Setting next_dagrun for pipeline_suivi_dgid to 2026-06-19T09:00:00+00:00, run_after=2026-06-19T10:00:00+00:00
[2026-06-19T09:33:08.954+0000] {processor.py:179} INFO - Processing /opt/airflow/dags/dag_suivi.py took 0.333 seconds
[2026-06-19T09:33:39.119+0000] {processor.py:157} INFO - Started process (PID=324) to work on /opt/airflow/dags/dag_suivi.py
[2026-06-19T09:33:39.122+0000] {processor.py:829} INFO - Processing file /opt/airflow/dags/dag_suivi.py for tasks to queue
[2026-06-19T09:33:39.125+0000] {logging_mixin.py:151} INFO - [2026-06-19T09:33:39.124+0000] {dagbag.py:536} INFO - Filling up the DagBag from /opt/airflow/dags/dag_suivi.py
[2026-06-19T09:33:39.201+0000] {processor.py:839} INFO - DAG(s) dict_keys(['pipeline_suivi_dgid']) retrieved from /opt/airflow/dags/dag_suivi.py
[2026-06-19T09:33:39.300+0000] {logging_mixin.py:151} INFO - [2026-06-19T09:33:39.300+0000] {dag.py:2941} INFO - Sync 1 DAGs
[2026-06-19T09:33:39.401+0000] {logging_mixin.py:151} INFO - [2026-06-19T09:33:39.400+0000] {dag.py:3722} INFO - Setting next_dagrun for pipeline_suivi_dgid to 2026-06-19T09:00:00+00:00, run_after=2026-06-19T10:00:00+00:00
[2026-06-19T09:33:39.470+0000] {processor.py:179} INFO - Processing /opt/airflow/dags/dag_suivi.py took 0.361 seconds
[2026-06-19T09:34:09.806+0000] {processor.py:157} INFO - Started process (PID=329) to work on /opt/airflow/dags/dag_suivi.py
[2026-06-19T09:34:09.809+0000] {processor.py:829} INFO - Processing file /opt/airflow/dags/dag_suivi.py for tasks to queue
[2026-06-19T09:34:09.811+0000] {logging_mixin.py:151} INFO - [2026-06-19T09:34:09.810+0000] {dagbag.py:536} INFO - Filling up the DagBag from /opt/airflow/dags/dag_suivi.py
[2026-06-19T09:34:09.876+0000] {processor.py:839} INFO - DAG(s) dict_keys(['pipeline_suivi_dgid']) retrieved from /opt/airflow/dags/dag_suivi.py
[2026-06-19T09:34:09.964+0000] {logging_mixin.py:151} INFO - [2026-06-19T09:34:09.964+0000] {dag.py:2941} INFO - Sync 1 DAGs
[2026-06-19T09:34:10.031+0000] {logging_mixin.py:151} INFO - [2026-06-19T09:34:10.031+0000] {dag.py:3722} INFO - Setting next_dagrun for pipeline_suivi_dgid to 2026-06-19T09:00:00+00:00, run_after=2026-06-19T10:00:00+00:00
[2026-06-19T09:34:10.095+0000] {processor.py:179} INFO - Processing /opt/airflow/dags/dag_suivi.py took 0.301 seconds
[2026-06-19T09:34:40.261+0000] {processor.py:157} INFO - Started process (PID=334) to work on /opt/airflow/dags/dag_suivi.py
[2026-06-19T09:34:40.264+0000] {processor.py:829} INFO - Processing file /opt/airflow/dags/dag_suivi.py for tasks to queue
[2026-06-19T09:34:40.265+0000] {logging_mixin.py:151} INFO - [2026-06-19T09:34:40.265+0000] {dagbag.py:536} INFO - Filling up the DagBag from /opt/airflow/dags/dag_suivi.py
[2026-06-19T09:34:40.315+0000] {processor.py:839} INFO - DAG(s) dict_keys(['pipeline_suivi_dgid']) retrieved from /opt/airflow/dags/dag_suivi.py
[2026-06-19T09:34:40.412+0000] {logging_mixin.py:151} INFO - [2026-06-19T09:34:40.412+0000] {dag.py:2941} INFO - Sync 1 DAGs
[2026-06-19T09:34:40.497+0000] {logging_mixin.py:151} INFO - [2026-06-19T09:34:40.496+0000] {dag.py:3722} INFO - Setting next_dagrun for pipeline_suivi_dgid to 2026-06-19T09:00:00+00:00, run_after=2026-06-19T10:00:00+00:00
[2026-06-19T09:34:40.571+0000] {processor.py:179} INFO - Processing /opt/airflow/dags/dag_suivi.py took 0.317 seconds
[2026-06-19T09:35:10.931+0000] {processor.py:157} INFO - Started process (PID=339) to work on /opt/airflow/dags/dag_suivi.py
[2026-06-19T09:35:10.935+0000] {processor.py:829} INFO - Processing file /opt/airflow/dags/dag_suivi.py for tasks to queue
[2026-06-19T09:35:10.939+0000] {logging_mixin.py:151} INFO - [2026-06-19T09:35:10.938+0000] {dagbag.py:536} INFO - Filling up the DagBag from /opt/airflow/dags/dag_suivi.py
[2026-06-19T09:35:11.007+0000] {processor.py:839} INFO - DAG(s) dict_keys(['pipeline_suivi_dgid']) retrieved from /opt/airflow/dags/dag_suivi.py
[2026-06-19T09:35:11.084+0000] {logging_mixin.py:151} INFO - [2026-06-19T09:35:11.084+0000] {dag.py:2941} INFO - Sync 1 DAGs
[2026-06-19T09:35:11.153+0000] {logging_mixin.py:151} INFO - [2026-06-19T09:35:11.153+0000] {dag.py:3722} INFO - Setting next_dagrun for pipeline_suivi_dgid to 2026-06-19T09:00:00+00:00, run_after=2026-06-19T10:00:00+00:00
[2026-06-19T09:35:11.225+0000] {processor.py:179} INFO - Processing /opt/airflow/dags/dag_suivi.py took 0.302 seconds
[2026-06-19T09:35:41.295+0000] {processor.py:157} INFO - Started process (PID=344) to work on /opt/airflow/dags/dag_suivi.py
[2026-06-19T09:35:41.296+0000] {processor.py:829} INFO - Processing file /opt/airflow/dags/dag_suivi.py for tasks to queue
[2026-06-19T09:35:41.297+0000] {logging_mixin.py:151} INFO - [2026-06-19T09:35:41.296+0000] {dagbag.py:536} INFO - Filling up the DagBag from /opt/airflow/dags/dag_suivi.py
[2026-06-19T09:35:41.317+0000] {processor.py:839} INFO - DAG(s) dict_keys(['pipeline_suivi_dgid']) retrieved from /opt/airflow/dags/dag_suivi.py
[2026-06-19T09:35:41.356+0000] {logging_mixin.py:151} INFO - [2026-06-19T09:35:41.356+0000] {dag.py:2941} INFO - Sync 1 DAGs
[2026-06-19T09:35:41.384+0000] {logging_mixin.py:151} INFO - [2026-06-19T09:35:41.384+0000] {dag.py:3722} INFO - Setting next_dagrun for pipeline_suivi_dgid to 2026-06-19T09:00:00+00:00, run_after=2026-06-19T10:00:00+00:00
[2026-06-19T09:35:41.407+0000] {processor.py:179} INFO - Processing /opt/airflow/dags/dag_suivi.py took 0.115 seconds
[2026-06-19T09:36:11.504+0000] {processor.py:157} INFO - Started process (PID=349) to work on /opt/airflow/dags/dag_suivi.py
[2026-06-19T09:36:11.505+0000] {processor.py:829} INFO - Processing file /opt/airflow/dags/dag_suivi.py for tasks to queue
[2026-06-19T09:36:11.506+0000] {logging_mixin.py:151} INFO - [2026-06-19T09:36:11.506+0000] {dagbag.py:536} INFO - Filling up the DagBag from /opt/airflow/dags/dag_suivi.py
[2026-06-19T09:36:11.526+0000] {processor.py:839} INFO - DAG(s) dict_keys(['pipeline_suivi_dgid']) retrieved from /opt/airflow/dags/dag_suivi.py
[2026-06-19T09:36:11.552+0000] {logging_mixin.py:151} INFO - [2026-06-19T09:36:11.552+0000] {dag.py:2941} INFO - Sync 1 DAGs
[2026-06-19T09:36:11.573+0000] {logging_mixin.py:151} INFO - [2026-06-19T09:36:11.573+0000] {dag.py:3722} INFO - Setting next_dagrun for pipeline_suivi_dgid to 2026-06-19T09:00:00+00:00, run_after=2026-06-19T10:00:00+00:00
[2026-06-19T09:36:11.595+0000] {processor.py:179} INFO - Processing /opt/airflow/dags/dag_suivi.py took 0.094 seconds
[2026-06-19T09:36:41.827+0000] {processor.py:157} INFO - Started process (PID=354) to work on /opt/airflow/dags/dag_suivi.py
[2026-06-19T09:36:41.828+0000] {processor.py:829} INFO - Processing file /opt/airflow/dags/dag_suivi.py for tasks to queue
[2026-06-19T09:36:41.829+0000] {logging_mixin.py:151} INFO - [2026-06-19T09:36:41.829+0000] {dagbag.py:536} INFO - Filling up the DagBag from /opt/airflow/dags/dag_suivi.py
[2026-06-19T09:36:41.846+0000] {processor.py:839} INFO - DAG(s) dict_keys(['pipeline_suivi_dgid']) retrieved from /opt/airflow/dags/dag_suivi.py
[2026-06-19T09:36:41.869+0000] {logging_mixin.py:151} INFO - [2026-06-19T09:36:41.869+0000] {dag.py:2941} INFO - Sync 1 DAGs
[2026-06-19T09:36:41.888+0000] {logging_mixin.py:151} INFO - [2026-06-19T09:36:41.888+0000] {dag.py:3722} INFO - Setting next_dagrun for pipeline_suivi_dgid to 2026-06-19T09:00:00+00:00, run_after=2026-06-19T10:00:00+00:00
[2026-06-19T09:36:41.907+0000] {processor.py:179} INFO - Processing /opt/airflow/dags/dag_suivi.py took 0.082 seconds
[2026-06-19T09:37:12.074+0000] {processor.py:157} INFO - Started process (PID=359) to work on /opt/airflow/dags/dag_suivi.py
[2026-06-19T09:37:12.075+0000] {processor.py:829} INFO - Processing file /opt/airflow/dags/dag_suivi.py for tasks to queue
[2026-06-19T09:37:12.076+0000] {logging_mixin.py:151} INFO - [2026-06-19T09:37:12.076+0000] {dagbag.py:536} INFO - Filling up the DagBag from /opt/airflow/dags/dag_suivi.py
[2026-06-19T09:37:12.096+0000] {processor.py:839} INFO - DAG(s) dict_keys(['pipeline_suivi_dgid']) retrieved from /opt/airflow/dags/dag_suivi.py
[2026-06-19T09:37:12.122+0000] {logging_mixin.py:151} INFO - [2026-06-19T09:37:12.122+0000] {dag.py:2941} INFO - Sync 1 DAGs
[2026-06-19T09:37:12.142+0000] {logging_mixin.py:151} INFO - [2026-06-19T09:37:12.142+0000] {dag.py:3722} INFO - Setting next_dagrun for pipeline_suivi_dgid to 2026-06-19T09:00:00+00:00, run_after=2026-06-19T10:00:00+00:00
[2026-06-19T09:37:12.162+0000] {processor.py:179} INFO - Processing /opt/airflow/dags/dag_suivi.py took 0.091 seconds
[2026-06-19T09:37:42.300+0000] {processor.py:157} INFO - Started process (PID=364) to work on /opt/airflow/dags/dag_suivi.py
[2026-06-19T09:37:42.301+0000] {processor.py:829} INFO - Processing file /opt/airflow/dags/dag_suivi.py for tasks to queue
[2026-06-19T09:37:42.302+0000] {logging_mixin.py:151} INFO - [2026-06-19T09:37:42.302+0000] {dagbag.py:536} INFO - Filling up the DagBag from /opt/airflow/dags/dag_suivi.py
[2026-06-19T09:37:42.321+0000] {processor.py:839} INFO - DAG(s) dict_keys(['pipeline_suivi_dgid']) retrieved from /opt/airflow/dags/dag_suivi.py
[2026-06-19T09:37:42.353+0000] {logging_mixin.py:151} INFO - [2026-06-19T09:37:42.353+0000] {dag.py:2941} INFO - Sync 1 DAGs
[2026-06-19T09:37:42.375+0000] {logging_mixin.py:151} INFO - [2026-06-19T09:37:42.375+0000] {dag.py:3722} INFO - Setting next_dagrun for pipeline_suivi_dgid to 2026-06-19T09:00:00+00:00, run_after=2026-06-19T10:00:00+00:00
[2026-06-19T09:37:42.397+0000] {processor.py:179} INFO - Processing /opt/airflow/dags/dag_suivi.py took 0.100 seconds
[2026-06-19T09:38:12.638+0000] {processor.py:157} INFO - Started process (PID=369) to work on /opt/airflow/dags/dag_suivi.py
[2026-06-19T09:38:12.640+0000] {processor.py:829} INFO - Processing file /opt/airflow/dags/dag_suivi.py for tasks to queue
[2026-06-19T09:38:12.641+0000] {logging_mixin.py:151} INFO - [2026-06-19T09:38:12.641+0000] {dagbag.py:536} INFO - Filling up the DagBag from /opt/airflow/dags/dag_suivi.py
[2026-06-19T09:38:12.661+0000] {processor.py:839} INFO - DAG(s) dict_keys(['pipeline_suivi_dgid']) retrieved from /opt/airflow/dags/dag_suivi.py
[2026-06-19T09:38:12.686+0000] {logging_mixin.py:151} INFO - [2026-06-19T09:38:12.686+0000] {dag.py:2941} INFO - Sync 1 DAGs
[2026-06-19T09:38:12.705+0000] {logging_mixin.py:151} INFO - [2026-06-19T09:38:12.705+0000] {dag.py:3722} INFO - Setting next_dagrun for pipeline_suivi_dgid to 2026-06-19T09:00:00+00:00, run_after=2026-06-19T10:00:00+00:00
[2026-06-19T09:38:12.730+0000] {processor.py:179} INFO - Processing /opt/airflow/dags/dag_suivi.py took 0.095 seconds
[2026-06-19T09:38:42.875+0000] {processor.py:157} INFO - Started process (PID=374) to work on /opt/airflow/dags/dag_suivi.py
[2026-06-19T09:38:42.876+0000] {processor.py:829} INFO - Processing file /opt/airflow/dags/dag_suivi.py for tasks to queue
[2026-06-19T09:38:42.877+0000] {logging_mixin.py:151} INFO - [2026-06-19T09:38:42.877+0000] {dagbag.py:536} INFO - Filling up the DagBag from /opt/airflow/dags/dag_suivi.py
[2026-06-19T09:38:42.897+0000] {processor.py:839} INFO - DAG(s) dict_keys(['pipeline_suivi_dgid']) retrieved from /opt/airflow/dags/dag_suivi.py
[2026-06-19T09:38:42.925+0000] {logging_mixin.py:151} INFO - [2026-06-19T09:38:42.924+0000] {dag.py:2941} INFO - Sync 1 DAGs
[2026-06-19T09:38:42.945+0000] {logging_mixin.py:151} INFO - [2026-06-19T09:38:42.944+0000] {dag.py:3722} INFO - Setting next_dagrun for pipeline_suivi_dgid to 2026-06-19T09:00:00+00:00, run_after=2026-06-19T10:00:00+00:00
[2026-06-19T09:38:42.974+0000] {processor.py:179} INFO - Processing /opt/airflow/dags/dag_suivi.py took 0.102 seconds
[2026-06-19T09:39:13.143+0000] {processor.py:157} INFO - Started process (PID=379) to work on /opt/airflow/dags/dag_suivi.py
[2026-06-19T09:39:13.144+0000] {processor.py:829} INFO - Processing file /opt/airflow/dags/dag_suivi.py for tasks to queue
[2026-06-19T09:39:13.145+0000] {logging_mixin.py:151} INFO - [2026-06-19T09:39:13.145+0000] {dagbag.py:536} INFO - Filling up the DagBag from /opt/airflow/dags/dag_suivi.py
[2026-06-19T09:39:13.165+0000] {processor.py:839} INFO - DAG(s) dict_keys(['pipeline_suivi_dgid']) retrieved from /opt/airflow/dags/dag_suivi.py
[2026-06-19T09:39:13.188+0000] {logging_mixin.py:151} INFO - [2026-06-19T09:39:13.188+0000] {dag.py:2941} INFO - Sync 1 DAGs
[2026-06-19T09:39:13.205+0000] {logging_mixin.py:151} INFO - [2026-06-19T09:39:13.205+0000] {dag.py:3722} INFO - Setting next_dagrun for pipeline_suivi_dgid to 2026-06-19T09:00:00+00:00, run_after=2026-06-19T10:00:00+00:00
[2026-06-19T09:39:13.229+0000] {processor.py:179} INFO - Processing /opt/airflow/dags/dag_suivi.py took 0.088 seconds
[2026-06-19T09:39:43.388+0000] {processor.py:157} INFO - Started process (PID=384) to work on /opt/airflow/dags/dag_suivi.py
[2026-06-19T09:39:43.389+0000] {processor.py:829} INFO - Processing file /opt/airflow/dags/dag_suivi.py for tasks to queue
[2026-06-19T09:39:43.390+0000] {logging_mixin.py:151} INFO - [2026-06-19T09:39:43.390+0000] {dagbag.py:536} INFO - Filling up the DagBag from /opt/airflow/dags/dag_suivi.py
[2026-06-19T09:39:43.407+0000] {processor.py:839} INFO - DAG(s) dict_keys(['pipeline_suivi_dgid']) retrieved from /opt/airflow/dags/dag_suivi.py
[2026-06-19T09:39:43.432+0000] {logging_mixin.py:151} INFO - [2026-06-19T09:39:43.432+0000] {dag.py:2941} INFO - Sync 1 DAGs
[2026-06-19T09:39:43.450+0000] {logging_mixin.py:151} INFO - [2026-06-19T09:39:43.450+0000] {dag.py:3722} INFO - Setting next_dagrun for pipeline_suivi_dgid to 2026-06-19T09:00:00+00:00, run_after=2026-06-19T10:00:00+00:00
[2026-06-19T09:39:43.469+0000] {processor.py:179} INFO - Processing /opt/airflow/dags/dag_suivi.py took 0.084 seconds
[2026-06-19T09:40:13.698+0000] {processor.py:157} INFO - Started process (PID=389) to work on /opt/airflow/dags/dag_suivi.py
[2026-06-19T09:40:13.699+0000] {processor.py:829} INFO - Processing file /opt/airflow/dags/dag_suivi.py for tasks to queue
[2026-06-19T09:40:13.699+0000] {logging_mixin.py:151} INFO - [2026-06-19T09:40:13.699+0000] {dagbag.py:536} INFO - Filling up the DagBag from /opt/airflow/dags/dag_suivi.py
[2026-06-19T09:40:13.716+0000] {processor.py:839} INFO - DAG(s) dict_keys(['pipeline_suivi_dgid']) retrieved from /opt/airflow/dags/dag_suivi.py
[2026-06-19T09:40:13.738+0000] {logging_mixin.py:151} INFO - [2026-06-19T09:40:13.738+0000] {dag.py:2941} INFO - Sync 1 DAGs
[2026-06-19T09:40:13.755+0000] {logging_mixin.py:151} INFO - [2026-06-19T09:40:13.755+0000] {dag.py:3722} INFO - Setting next_dagrun for pipeline_suivi_dgid to 2026-06-19T09:00:00+00:00, run_after=2026-06-19T10:00:00+00:00
[2026-06-19T09:40:13.773+0000] {processor.py:179} INFO - Processing /opt/airflow/dags/dag_suivi.py took 0.077 seconds
[2026-06-19T09:40:43.942+0000] {processor.py:157} INFO - Started process (PID=394) to work on /opt/airflow/dags/dag_suivi.py
[2026-06-19T09:40:43.943+0000] {processor.py:829} INFO - Processing file /opt/airflow/dags/dag_suivi.py for tasks to queue
[2026-06-19T09:40:43.944+0000] {logging_mixin.py:151} INFO - [2026-06-19T09:40:43.944+0000] {dagbag.py:536} INFO - Filling up the DagBag from /opt/airflow/dags/dag_suivi.py
[2026-06-19T09:40:43.961+0000] {processor.py:839} INFO - DAG(s) dict_keys(['pipeline_suivi_dgid']) retrieved from /opt/airflow/dags/dag_suivi.py
[2026-06-19T09:40:43.986+0000] {logging_mixin.py:151} INFO - [2026-06-19T09:40:43.986+0000] {dag.py:2941} INFO - Sync 1 DAGs
[2026-06-19T09:40:44.003+0000] {logging_mixin.py:151} INFO - [2026-06-19T09:40:44.003+0000] {dag.py:3722} INFO - Setting next_dagrun for pipeline_suivi_dgid to 2026-06-19T09:00:00+00:00, run_after=2026-06-19T10:00:00+00:00
[2026-06-19T09:40:44.023+0000] {processor.py:179} INFO - Processing /opt/airflow/dags/dag_suivi.py took 0.084 seconds
[2026-06-19T09:41:14.273+0000] {processor.py:157} INFO - Started process (PID=399) to work on /opt/airflow/dags/dag_suivi.py
[2026-06-19T09:41:14.274+0000] {processor.py:829} INFO - Processing file /opt/airflow/dags/dag_suivi.py for tasks to queue
[2026-06-19T09:41:14.274+0000] {logging_mixin.py:151} INFO - [2026-06-19T09:41:14.274+0000] {dagbag.py:536} INFO - Filling up the DagBag from /opt/airflow/dags/dag_suivi.py
[2026-06-19T09:41:14.291+0000] {processor.py:839} INFO - DAG(s) dict_keys(['pipeline_suivi_dgid']) retrieved from /opt/airflow/dags/dag_suivi.py
[2026-06-19T09:41:14.313+0000] {logging_mixin.py:151} INFO - [2026-06-19T09:41:14.313+0000] {dag.py:2941} INFO - Sync 1 DAGs
[2026-06-19T09:41:14.331+0000] {logging_mixin.py:151} INFO - [2026-06-19T09:41:14.331+0000] {dag.py:3722} INFO - Setting next_dagrun for pipeline_suivi_dgid to 2026-06-19T09:00:00+00:00, run_after=2026-06-19T10:00:00+00:00
[2026-06-19T09:41:14.350+0000] {processor.py:179} INFO - Processing /opt/airflow/dags/dag_suivi.py took 0.079 seconds
[2026-06-19T09:41:44.522+0000] {processor.py:157} INFO - Started process (PID=404) to work on /opt/airflow/dags/dag_suivi.py
[2026-06-19T09:41:44.523+0000] {processor.py:829} INFO - Processing file /opt/airflow/dags/dag_suivi.py for tasks to queue
[2026-06-19T09:41:44.524+0000] {logging_mixin.py:151} INFO - [2026-06-19T09:41:44.524+0000] {dagbag.py:536} INFO - Filling up the DagBag from /opt/airflow/dags/dag_suivi.py
[2026-06-19T09:41:44.541+0000] {processor.py:839} INFO - DAG(s) dict_keys(['pipeline_suivi_dgid']) retrieved from /opt/airflow/dags/dag_suivi.py
[2026-06-19T09:41:44.565+0000] {logging_mixin.py:151} INFO - [2026-06-19T09:41:44.565+0000] {dag.py:2941} INFO - Sync 1 DAGs
[2026-06-19T09:41:44.585+0000] {logging_mixin.py:151} INFO - [2026-06-19T09:41:44.585+0000] {dag.py:3722} INFO - Setting next_dagrun for pipeline_suivi_dgid to 2026-06-19T09:00:00+00:00, run_after=2026-06-19T10:00:00+00:00
[2026-06-19T09:41:44.615+0000] {processor.py:179} INFO - Processing /opt/airflow/dags/dag_suivi.py took 0.096 seconds
[2026-06-19T09:42:14.794+0000] {processor.py:157} INFO - Started process (PID=409) to work on /opt/airflow/dags/dag_suivi.py
[2026-06-19T09:42:14.795+0000] {processor.py:829} INFO - Processing file /opt/airflow/dags/dag_suivi.py for tasks to queue
[2026-06-19T09:42:14.796+0000] {logging_mixin.py:151} INFO - [2026-06-19T09:42:14.796+0000] {dagbag.py:536} INFO - Filling up the DagBag from /opt/airflow/dags/dag_suivi.py
[2026-06-19T09:42:14.813+0000] {processor.py:839} INFO - DAG(s) dict_keys(['pipeline_suivi_dgid']) retrieved from /opt/airflow/dags/dag_suivi.py
[2026-06-19T09:42:14.836+0000] {logging_mixin.py:151} INFO - [2026-06-19T09:42:14.836+0000] {dag.py:2941} INFO - Sync 1 DAGs
[2026-06-19T09:42:14.855+0000] {logging_mixin.py:151} INFO - [2026-06-19T09:42:14.855+0000] {dag.py:3722} INFO - Setting next_dagrun for pipeline_suivi_dgid to 2026-06-19T09:00:00+00:00, run_after=2026-06-19T10:00:00+00:00
[2026-06-19T09:42:14.882+0000] {processor.py:179} INFO - Processing /opt/airflow/dags/dag_suivi.py took 0.091 seconds
[2026-06-19T09:42:45.068+0000] {processor.py:157} INFO - Started process (PID=414) to work on /opt/airflow/dags/dag_suivi.py
[2026-06-19T09:42:45.069+0000] {processor.py:829} INFO - Processing file /opt/airflow/dags/dag_suivi.py for tasks to queue
[2026-06-19T09:42:45.070+0000] {logging_mixin.py:151} INFO - [2026-06-19T09:42:45.069+0000] {dagbag.py:536} INFO - Filling up the DagBag from /opt/airflow/dags/dag_suivi.py
[2026-06-19T09:42:45.087+0000] {processor.py:839} INFO - DAG(s) dict_keys(['pipeline_suivi_dgid']) retrieved from /opt/airflow/dags/dag_suivi.py
[2026-06-19T09:42:45.112+0000] {logging_mixin.py:151} INFO - [2026-06-19T09:42:45.112+0000] {dag.py:2941} INFO - Sync 1 DAGs
[2026-06-19T09:42:45.133+0000] {logging_mixin.py:151} INFO - [2026-06-19T09:42:45.133+0000] {dag.py:3722} INFO - Setting next_dagrun for pipeline_suivi_dgid to 2026-06-19T09:00:00+00:00, run_after=2026-06-19T10:00:00+00:00
[2026-06-19T09:42:45.156+0000] {processor.py:179} INFO - Processing /opt/airflow/dags/dag_suivi.py took 0.091 seconds
[2026-06-19T09:43:15.301+0000] {processor.py:157} INFO - Started process (PID=419) to work on /opt/airflow/dags/dag_suivi.py
[2026-06-19T09:43:15.303+0000] {processor.py:829} INFO - Processing file /opt/airflow/dags/dag_suivi.py for tasks to queue
[2026-06-19T09:43:15.303+0000] {logging_mixin.py:151} INFO - [2026-06-19T09:43:15.303+0000] {dagbag.py:536} INFO - Filling up the DagBag from /opt/airflow/dags/dag_suivi.py
[2026-06-19T09:43:15.322+0000] {processor.py:839} INFO - DAG(s) dict_keys(['pipeline_suivi_dgid']) retrieved from /opt/airflow/dags/dag_suivi.py
[2026-06-19T09:43:15.351+0000] {logging_mixin.py:151} INFO - [2026-06-19T09:43:15.351+0000] {dag.py:2941} INFO - Sync 1 DAGs
[2026-06-19T09:43:15.370+0000] {logging_mixin.py:151} INFO - [2026-06-19T09:43:15.369+0000] {dag.py:3722} INFO - Setting next_dagrun for pipeline_suivi_dgid to 2026-06-19T09:00:00+00:00, run_after=2026-06-19T10:00:00+00:00
[2026-06-19T09:43:15.386+0000] {processor.py:179} INFO - Processing /opt/airflow/dags/dag_suivi.py took 0.088 seconds
[2026-06-19T09:43:45.537+0000] {processor.py:157} INFO - Started process (PID=424) to work on /opt/airflow/dags/dag_suivi.py
[2026-06-19T09:43:45.538+0000] {processor.py:829} INFO - Processing file /opt/airflow/dags/dag_suivi.py for tasks to queue
[2026-06-19T09:43:45.539+0000] {logging_mixin.py:151} INFO - [2026-06-19T09:43:45.539+0000] {dagbag.py:536} INFO - Filling up the DagBag from /opt/airflow/dags/dag_suivi.py
[2026-06-19T09:43:45.560+0000] {processor.py:839} INFO - DAG(s) dict_keys(['pipeline_suivi_dgid']) retrieved from /opt/airflow/dags/dag_suivi.py
[2026-06-19T09:43:45.586+0000] {logging_mixin.py:151} INFO - [2026-06-19T09:43:45.586+0000] {dag.py:2941} INFO - Sync 1 DAGs
[2026-06-19T09:43:45.614+0000] {logging_mixin.py:151} INFO - [2026-06-19T09:43:45.614+0000] {dag.py:3722} INFO - Setting next_dagrun for pipeline_suivi_dgid to 2026-06-19T09:00:00+00:00, run_after=2026-06-19T10:00:00+00:00
[2026-06-19T09:43:45.641+0000] {processor.py:179} INFO - Processing /opt/airflow/dags/dag_suivi.py took 0.107 seconds
[2026-06-19T09:44:15.796+0000] {processor.py:157} INFO - Started process (PID=429) to work on /opt/airflow/dags/dag_suivi.py
[2026-06-19T09:44:15.797+0000] {processor.py:829} INFO - Processing file /opt/airflow/dags/dag_suivi.py for tasks to queue
[2026-06-19T09:44:15.798+0000] {logging_mixin.py:151} INFO - [2026-06-19T09:44:15.798+0000] {dagbag.py:536} INFO - Filling up the DagBag from /opt/airflow/dags/dag_suivi.py
[2026-06-19T09:44:15.814+0000] {processor.py:839} INFO - DAG(s) dict_keys(['pipeline_suivi_dgid']) retrieved from /opt/airflow/dags/dag_suivi.py
[2026-06-19T09:44:15.839+0000] {logging_mixin.py:151} INFO - [2026-06-19T09:44:15.839+0000] {dag.py:2941} INFO - Sync 1 DAGs
[2026-06-19T09:44:15.859+0000] {logging_mixin.py:151} INFO - [2026-06-19T09:44:15.859+0000] {dag.py:3722} INFO - Setting next_dagrun for pipeline_suivi_dgid to 2026-06-19T09:00:00+00:00, run_after=2026-06-19T10:00:00+00:00
[2026-06-19T09:44:15.885+0000] {processor.py:179} INFO - Processing /opt/airflow/dags/dag_suivi.py took 0.092 seconds
[2026-06-19T09:44:46.067+0000] {processor.py:157} INFO - Started process (PID=434) to work on /opt/airflow/dags/dag_suivi.py
[2026-06-19T09:44:46.069+0000] {processor.py:829} INFO - Processing file /opt/airflow/dags/dag_suivi.py for tasks to queue
[2026-06-19T09:44:46.070+0000] {logging_mixin.py:151} INFO - [2026-06-19T09:44:46.069+0000] {dagbag.py:536} INFO - Filling up the DagBag from /opt/airflow/dags/dag_suivi.py
[2026-06-19T09:44:46.088+0000] {processor.py:839} INFO - DAG(s) dict_keys(['pipeline_suivi_dgid']) retrieved from /opt/airflow/dags/dag_suivi.py
[2026-06-19T09:44:46.111+0000] {logging_mixin.py:151} INFO - [2026-06-19T09:44:46.111+0000] {dag.py:2941} INFO - Sync 1 DAGs
[2026-06-19T09:44:46.129+0000] {logging_mixin.py:151} INFO - [2026-06-19T09:44:46.129+0000] {dag.py:3722} INFO - Setting next_dagrun for pipeline_suivi_dgid to 2026-06-19T09:00:00+00:00, run_after=2026-06-19T10:00:00+00:00
[2026-06-19T09:44:46.158+0000] {processor.py:179} INFO - Processing /opt/airflow/dags/dag_suivi.py took 0.095 seconds
[2026-06-19T09:45:16.308+0000] {processor.py:157} INFO - Started process (PID=439) to work on /opt/airflow/dags/dag_suivi.py
[2026-06-19T09:45:16.309+0000] {processor.py:829} INFO - Processing file /opt/airflow/dags/dag_suivi.py for tasks to queue
[2026-06-19T09:45:16.310+0000] {logging_mixin.py:151} INFO - [2026-06-19T09:45:16.310+0000] {dagbag.py:536} INFO - Filling up the DagBag from /opt/airflow/dags/dag_suivi.py
[2026-06-19T09:45:16.327+0000] {processor.py:839} INFO - DAG(s) dict_keys(['pipeline_suivi_dgid']) retrieved from /opt/airflow/dags/dag_suivi.py
[2026-06-19T09:45:16.351+0000] {logging_mixin.py:151} INFO - [2026-06-19T09:45:16.351+0000] {dag.py:2941} INFO - Sync 1 DAGs
[2026-06-19T09:45:16.370+0000] {logging_mixin.py:151} INFO - [2026-06-19T09:45:16.370+0000] {dag.py:3722} INFO - Setting next_dagrun for pipeline_suivi_dgid to 2026-06-19T09:00:00+00:00, run_after=2026-06-19T10:00:00+00:00
[2026-06-19T09:45:16.400+0000] {processor.py:179} INFO - Processing /opt/airflow/dags/dag_suivi.py took 0.095 seconds
[2026-06-19T09:45:46.579+0000] {processor.py:157} INFO - Started process (PID=444) to work on /opt/airflow/dags/dag_suivi.py
[2026-06-19T09:45:46.580+0000] {processor.py:829} INFO - Processing file /opt/airflow/dags/dag_suivi.py for tasks to queue
[2026-06-19T09:45:46.581+0000] {logging_mixin.py:151} INFO - [2026-06-19T09:45:46.581+0000] {dagbag.py:536} INFO - Filling up the DagBag from /opt/airflow/dags/dag_suivi.py
[2026-06-19T09:45:46.599+0000] {processor.py:839} INFO - DAG(s) dict_keys(['pipeline_suivi_dgid']) retrieved from /opt/airflow/dags/dag_suivi.py
[2026-06-19T09:45:46.622+0000] {logging_mixin.py:151} INFO - [2026-06-19T09:45:46.622+0000] {dag.py:2941} INFO - Sync 1 DAGs
[2026-06-19T09:45:46.640+0000] {logging_mixin.py:151} INFO - [2026-06-19T09:45:46.639+0000] {dag.py:3722} INFO - Setting next_dagrun for pipeline_suivi_dgid to 2026-06-19T09:00:00+00:00, run_after=2026-06-19T10:00:00+00:00
[2026-06-19T09:45:46.656+0000] {processor.py:179} INFO - Processing /opt/airflow/dags/dag_suivi.py took 0.079 seconds
[2026-06-19T09:46:16.789+0000] {processor.py:157} INFO - Started process (PID=449) to work on /opt/airflow/dags/dag_suivi.py
[2026-06-19T09:46:16.790+0000] {processor.py:829} INFO - Processing file /opt/airflow/dags/dag_suivi.py for tasks to queue
[2026-06-19T09:46:16.791+0000] {logging_mixin.py:151} INFO - [2026-06-19T09:46:16.790+0000] {dagbag.py:536} INFO - Filling up the DagBag from /opt/airflow/dags/dag_suivi.py
[2026-06-19T09:46:16.812+0000] {processor.py:839} INFO - DAG(s) dict_keys(['pipeline_suivi_dgid']) retrieved from /opt/airflow/dags/dag_suivi.py
[2026-06-19T09:46:16.844+0000] {logging_mixin.py:151} INFO - [2026-06-19T09:46:16.844+0000] {dag.py:2941} INFO - Sync 1 DAGs
[2026-06-19T09:46:16.868+0000] {logging_mixin.py:151} INFO - [2026-06-19T09:46:16.868+0000] {dag.py:3722} INFO - Setting next_dagrun for pipeline_suivi_dgid to 2026-06-19T09:00:00+00:00, run_after=2026-06-19T10:00:00+00:00
[2026-06-19T09:46:16.889+0000] {processor.py:179} INFO - Processing /opt/airflow/dags/dag_suivi.py took 0.105 seconds
[2026-06-19T09:46:47.138+0000] {processor.py:157} INFO - Started process (PID=454) to work on /opt/airflow/dags/dag_suivi.py
[2026-06-19T09:46:47.140+0000] {processor.py:829} INFO - Processing file /opt/airflow/dags/dag_suivi.py for tasks to queue
[2026-06-19T09:46:47.142+0000] {logging_mixin.py:151} INFO - [2026-06-19T09:46:47.141+0000] {dagbag.py:536} INFO - Filling up the DagBag from /opt/airflow/dags/dag_suivi.py
[2026-06-19T09:46:47.188+0000] {processor.py:839} INFO - DAG(s) dict_keys(['pipeline_suivi_dgid']) retrieved from /opt/airflow/dags/dag_suivi.py
[2026-06-19T09:46:47.248+0000] {logging_mixin.py:151} INFO - [2026-06-19T09:46:47.248+0000] {dag.py:2941} INFO - Sync 1 DAGs
[2026-06-19T09:46:47.320+0000] {logging_mixin.py:151} INFO - [2026-06-19T09:46:47.319+0000] {dag.py:3722} INFO - Setting next_dagrun for pipeline_suivi_dgid to 2026-06-19T09:00:00+00:00, run_after=2026-06-19T10:00:00+00:00
[2026-06-19T09:46:47.389+0000] {processor.py:179} INFO - Processing /opt/airflow/dags/dag_suivi.py took 0.255 seconds
[2026-06-19T09:47:17.601+0000] {processor.py:157} INFO - Started process (PID=459) to work on /opt/airflow/dags/dag_suivi.py
[2026-06-19T09:47:17.602+0000] {processor.py:829} INFO - Processing file /opt/airflow/dags/dag_suivi.py for tasks to queue
[2026-06-19T09:47:17.604+0000] {logging_mixin.py:151} INFO - [2026-06-19T09:47:17.603+0000] {dagbag.py:536} INFO - Filling up the DagBag from /opt/airflow/dags/dag_suivi.py
[2026-06-19T09:47:17.623+0000] {processor.py:839} INFO - DAG(s) dict_keys(['pipeline_suivi_dgid']) retrieved from /opt/airflow/dags/dag_suivi.py
[2026-06-19T09:47:17.651+0000] {logging_mixin.py:151} INFO - [2026-06-19T09:47:17.651+0000] {dag.py:2941} INFO - Sync 1 DAGs
[2026-06-19T09:47:17.673+0000] {logging_mixin.py:151} INFO - [2026-06-19T09:47:17.673+0000] {dag.py:3722} INFO - Setting next_dagrun for pipeline_suivi_dgid to 2026-06-19T09:00:00+00:00, run_after=2026-06-19T10:00:00+00:00
[2026-06-19T09:47:17.693+0000] {processor.py:179} INFO - Processing /opt/airflow/dags/dag_suivi.py took 0.098 seconds
[2026-06-19T09:47:47.844+0000] {processor.py:157} INFO - Started process (PID=464) to work on /opt/airflow/dags/dag_suivi.py
[2026-06-19T09:47:47.846+0000] {processor.py:829} INFO - Processing file /opt/airflow/dags/dag_suivi.py for tasks to queue
[2026-06-19T09:47:47.847+0000] {logging_mixin.py:151} INFO - [2026-06-19T09:47:47.847+0000] {dagbag.py:536} INFO - Filling up the DagBag from /opt/airflow/dags/dag_suivi.py
[2026-06-19T09:47:47.877+0000] {processor.py:839} INFO - DAG(s) dict_keys(['pipeline_suivi_dgid']) retrieved from /opt/airflow/dags/dag_suivi.py
[2026-06-19T09:47:47.917+0000] {logging_mixin.py:151} INFO - [2026-06-19T09:47:47.916+0000] {dag.py:2941} INFO - Sync 1 DAGs
[2026-06-19T09:47:47.950+0000] {logging_mixin.py:151} INFO - [2026-06-19T09:47:47.950+0000] {dag.py:3722} INFO - Setting next_dagrun for pipeline_suivi_dgid to 2026-06-19T09:00:00+00:00, run_after=2026-06-19T10:00:00+00:00
[2026-06-19T09:47:47.978+0000] {processor.py:179} INFO - Processing /opt/airflow/dags/dag_suivi.py took 0.139 seconds
[2026-06-19T09:48:18.110+0000] {processor.py:157} INFO - Started process (PID=469) to work on /opt/airflow/dags/dag_suivi.py
[2026-06-19T09:48:18.112+0000] {processor.py:829} INFO - Processing file /opt/airflow/dags/dag_suivi.py for tasks to queue
[2026-06-19T09:48:18.113+0000] {logging_mixin.py:151} INFO - [2026-06-19T09:48:18.113+0000] {dagbag.py:536} INFO - Filling up the DagBag from /opt/airflow/dags/dag_suivi.py
[2026-06-19T09:48:18.138+0000] {processor.py:839} INFO - DAG(s) dict_keys(['pipeline_suivi_dgid']) retrieved from /opt/airflow/dags/dag_suivi.py
[2026-06-19T09:48:18.170+0000] {logging_mixin.py:151} INFO - [2026-06-19T09:48:18.170+0000] {dag.py:2941} INFO - Sync 1 DAGs
[2026-06-19T09:48:18.193+0000] {logging_mixin.py:151} INFO - [2026-06-19T09:48:18.192+0000] {dag.py:3722} INFO - Setting next_dagrun for pipeline_suivi_dgid to 2026-06-19T09:00:00+00:00, run_after=2026-06-19T10:00:00+00:00
[2026-06-19T09:48:18.214+0000] {processor.py:179} INFO - Processing /opt/airflow/dags/dag_suivi.py took 0.111 seconds
[2026-06-19T09:48:48.404+0000] {processor.py:157} INFO - Started process (PID=474) to work on /opt/airflow/dags/dag_suivi.py
[2026-06-19T09:48:48.404+0000] {processor.py:829} INFO - Processing file /opt/airflow/dags/dag_suivi.py for tasks to queue
[2026-06-19T09:48:48.405+0000] {logging_mixin.py:151} INFO - [2026-06-19T09:48:48.405+0000] {dagbag.py:536} INFO - Filling up the DagBag from /opt/airflow/dags/dag_suivi.py
[2026-06-19T09:48:48.425+0000] {processor.py:839} INFO - DAG(s) dict_keys(['pipeline_suivi_dgid']) retrieved from /opt/airflow/dags/dag_suivi.py
[2026-06-19T09:48:48.452+0000] {logging_mixin.py:151} INFO - [2026-06-19T09:48:48.452+0000] {dag.py:2941} INFO - Sync 1 DAGs
[2026-06-19T09:48:48.472+0000] {logging_mixin.py:151} INFO - [2026-06-19T09:48:48.472+0000] {dag.py:3722} INFO - Setting next_dagrun for pipeline_suivi_dgid to 2026-06-19T09:00:00+00:00, run_after=2026-06-19T10:00:00+00:00
[2026-06-19T09:48:48.501+0000] {processor.py:179} INFO - Processing /opt/airflow/dags/dag_suivi.py took 0.101 seconds
[2026-06-19T09:49:18.657+0000] {processor.py:157} INFO - Started process (PID=479) to work on /opt/airflow/dags/dag_suivi.py
[2026-06-19T09:49:18.658+0000] {processor.py:829} INFO - Processing file /opt/airflow/dags/dag_suivi.py for tasks to queue
[2026-06-19T09:49:18.658+0000] {logging_mixin.py:151} INFO - [2026-06-19T09:49:18.658+0000] {dagbag.py:536} INFO - Filling up the DagBag from /opt/airflow/dags/dag_suivi.py
[2026-06-19T09:49:18.677+0000] {processor.py:839} INFO - DAG(s) dict_keys(['pipeline_suivi_dgid']) retrieved from /opt/airflow/dags/dag_suivi.py
[2026-06-19T09:49:18.701+0000] {logging_mixin.py:151} INFO - [2026-06-19T09:49:18.701+0000] {dag.py:2941} INFO - Sync 1 DAGs
[2026-06-19T09:49:18.719+0000] {logging_mixin.py:151} INFO - [2026-06-19T09:49:18.719+0000] {dag.py:3722} INFO - Setting next_dagrun for pipeline_suivi_dgid to 2026-06-19T09:00:00+00:00, run_after=2026-06-19T10:00:00+00:00
[2026-06-19T09:49:18.745+0000] {processor.py:179} INFO - Processing /opt/airflow/dags/dag_suivi.py took 0.091 seconds
[2026-06-19T09:49:48.979+0000] {processor.py:157} INFO - Started process (PID=484) to work on /opt/airflow/dags/dag_suivi.py
[2026-06-19T09:49:48.980+0000] {processor.py:829} INFO - Processing file /opt/airflow/dags/dag_suivi.py for tasks to queue
[2026-06-19T09:49:48.981+0000] {logging_mixin.py:151} INFO - [2026-06-19T09:49:48.980+0000] {dagbag.py:536} INFO - Filling up the DagBag from /opt/airflow/dags/dag_suivi.py
[2026-06-19T09:49:48.999+0000] {processor.py:839} INFO - DAG(s) dict_keys(['pipeline_suivi_dgid']) retrieved from /opt/airflow/dags/dag_suivi.py
[2026-06-19T09:49:49.021+0000] {logging_mixin.py:151} INFO - [2026-06-19T09:49:49.021+0000] {dag.py:2941} INFO - Sync 1 DAGs
[2026-06-19T09:49:49.039+0000] {logging_mixin.py:151} INFO - [2026-06-19T09:49:49.039+0000] {dag.py:3722} INFO - Setting next_dagrun for pipeline_suivi_dgid to 2026-06-19T09:00:00+00:00, run_after=2026-06-19T10:00:00+00:00
[2026-06-19T09:49:49.065+0000] {processor.py:179} INFO - Processing /opt/airflow/dags/dag_suivi.py took 0.089 seconds
[2026-06-19T09:50:19.264+0000] {processor.py:157} INFO - Started process (PID=489) to work on /opt/airflow/dags/dag_suivi.py
[2026-06-19T09:50:19.265+0000] {processor.py:829} INFO - Processing file /opt/airflow/dags/dag_suivi.py for tasks to queue
[2026-06-19T09:50:19.265+0000] {logging_mixin.py:151} INFO - [2026-06-19T09:50:19.265+0000] {dagbag.py:536} INFO - Filling up the DagBag from /opt/airflow/dags/dag_suivi.py
[2026-06-19T09:50:19.283+0000] {processor.py:839} INFO - DAG(s) dict_keys(['pipeline_suivi_dgid']) retrieved from /opt/airflow/dags/dag_suivi.py
[2026-06-19T09:50:19.307+0000] {logging_mixin.py:151} INFO - [2026-06-19T09:50:19.307+0000] {dag.py:2941} INFO - Sync 1 DAGs
[2026-06-19T09:50:19.325+0000] {logging_mixin.py:151} INFO - [2026-06-19T09:50:19.325+0000] {dag.py:3722} INFO - Setting next_dagrun for pipeline_suivi_dgid to 2026-06-19T09:00:00+00:00, run_after=2026-06-19T10:00:00+00:00
[2026-06-19T09:50:19.342+0000] {processor.py:179} INFO - Processing /opt/airflow/dags/dag_suivi.py took 0.081 seconds
[2026-06-19T09:50:49.501+0000] {processor.py:157} INFO - Started process (PID=494) to work on /opt/airflow/dags/dag_suivi.py
[2026-06-19T09:50:49.502+0000] {processor.py:829} INFO - Processing file /opt/airflow/dags/dag_suivi.py for tasks to queue
[2026-06-19T09:50:49.503+0000] {logging_mixin.py:151} INFO - [2026-06-19T09:50:49.503+0000] {dagbag.py:536} INFO - Filling up the DagBag from /opt/airflow/dags/dag_suivi.py
[2026-06-19T09:50:49.525+0000] {processor.py:839} INFO - DAG(s) dict_keys(['pipeline_suivi_dgid']) retrieved from /opt/airflow/dags/dag_suivi.py
[2026-06-19T09:50:49.557+0000] {logging_mixin.py:151} INFO - [2026-06-19T09:50:49.557+0000] {dag.py:2941} INFO - Sync 1 DAGs
[2026-06-19T09:50:49.577+0000] {logging_mixin.py:151} INFO - [2026-06-19T09:50:49.577+0000] {dag.py:3722} INFO - Setting next_dagrun for pipeline_suivi_dgid to 2026-06-19T09:00:00+00:00, run_after=2026-06-19T10:00:00+00:00
[2026-06-19T09:50:49.596+0000] {processor.py:179} INFO - Processing /opt/airflow/dags/dag_suivi.py took 0.098 seconds
[2026-06-19T09:51:19.741+0000] {processor.py:157} INFO - Started process (PID=499) to work on /opt/airflow/dags/dag_suivi.py
[2026-06-19T09:51:19.742+0000] {processor.py:829} INFO - Processing file /opt/airflow/dags/dag_suivi.py for tasks to queue
[2026-06-19T09:51:19.743+0000] {logging_mixin.py:151} INFO - [2026-06-19T09:51:19.743+0000] {dagbag.py:536} INFO - Filling up the DagBag from /opt/airflow/dags/dag_suivi.py
[2026-06-19T09:51:19.763+0000] {processor.py:839} INFO - DAG(s) dict_keys(['pipeline_suivi_dgid']) retrieved from /opt/airflow/dags/dag_suivi.py
[2026-06-19T09:51:19.788+0000] {logging_mixin.py:151} INFO - [2026-06-19T09:51:19.787+0000] {dag.py:2941} INFO - Sync 1 DAGs
[2026-06-19T09:51:19.810+0000] {logging_mixin.py:151} INFO - [2026-06-19T09:51:19.810+0000] {dag.py:3722} INFO - Setting next_dagrun for pipeline_suivi_dgid to 2026-06-19T09:00:00+00:00, run_after=2026-06-19T10:00:00+00:00
[2026-06-19T09:51:19.834+0000] {processor.py:179} INFO - Processing /opt/airflow/dags/dag_suivi.py took 0.096 seconds
[2026-06-19T09:51:49.995+0000] {processor.py:157} INFO - Started process (PID=504) to work on /opt/airflow/dags/dag_suivi.py
[2026-06-19T09:51:49.996+0000] {processor.py:829} INFO - Processing file /opt/airflow/dags/dag_suivi.py for tasks to queue
[2026-06-19T09:51:49.997+0000] {logging_mixin.py:151} INFO - [2026-06-19T09:51:49.997+0000] {dagbag.py:536} INFO - Filling up the DagBag from /opt/airflow/dags/dag_suivi.py
[2026-06-19T09:51:50.013+0000] {processor.py:839} INFO - DAG(s) dict_keys(['pipeline_suivi_dgid']) retrieved from /opt/airflow/dags/dag_suivi.py
[2026-06-19T09:51:50.037+0000] {logging_mixin.py:151} INFO - [2026-06-19T09:51:50.037+0000] {dag.py:2941} INFO - Sync 1 DAGs
[2026-06-19T09:51:50.056+0000] {logging_mixin.py:151} INFO - [2026-06-19T09:51:50.056+0000] {dag.py:3722} INFO - Setting next_dagrun for pipeline_suivi_dgid to 2026-06-19T09:00:00+00:00, run_after=2026-06-19T10:00:00+00:00
[2026-06-19T09:51:50.074+0000] {processor.py:179} INFO - Processing /opt/airflow/dags/dag_suivi.py took 0.082 seconds
[2026-06-19T09:52:20.295+0000] {processor.py:157} INFO - Started process (PID=509) to work on /opt/airflow/dags/dag_suivi.py
[2026-06-19T09:52:20.296+0000] {processor.py:829} INFO - Processing file /opt/airflow/dags/dag_suivi.py for tasks to queue
[2026-06-19T09:52:20.296+0000] {logging_mixin.py:151} INFO - [2026-06-19T09:52:20.296+0000] {dagbag.py:536} INFO - Filling up the DagBag from /opt/airflow/dags/dag_suivi.py
[2026-06-19T09:52:20.313+0000] {processor.py:839} INFO - DAG(s) dict_keys(['pipeline_suivi_dgid']) retrieved from /opt/airflow/dags/dag_suivi.py
[2026-06-19T09:52:20.337+0000] {logging_mixin.py:151} INFO - [2026-06-19T09:52:20.337+0000] {dag.py:2941} INFO - Sync 1 DAGs
[2026-06-19T09:52:20.361+0000] {logging_mixin.py:151} INFO - [2026-06-19T09:52:20.360+0000] {dag.py:3722} INFO - Setting next_dagrun for pipeline_suivi_dgid to 2026-06-19T09:00:00+00:00, run_after=2026-06-19T10:00:00+00:00
[2026-06-19T09:52:20.391+0000] {processor.py:179} INFO - Processing /opt/airflow/dags/dag_suivi.py took 0.099 seconds
[2026-06-19T09:52:50.591+0000] {processor.py:157} INFO - Started process (PID=514) to work on /opt/airflow/dags/dag_suivi.py
[2026-06-19T09:52:50.592+0000] {processor.py:829} INFO - Processing file /opt/airflow/dags/dag_suivi.py for tasks to queue
[2026-06-19T09:52:50.593+0000] {logging_mixin.py:151} INFO - [2026-06-19T09:52:50.593+0000] {dagbag.py:536} INFO - Filling up the DagBag from /opt/airflow/dags/dag_suivi.py
[2026-06-19T09:52:50.610+0000] {processor.py:839} INFO - DAG(s) dict_keys(['pipeline_suivi_dgid']) retrieved from /opt/airflow/dags/dag_suivi.py
[2026-06-19T09:52:50.632+0000] {logging_mixin.py:151} INFO - [2026-06-19T09:52:50.632+0000] {dag.py:2941} INFO - Sync 1 DAGs
[2026-06-19T09:52:50.650+0000] {logging_mixin.py:151} INFO - [2026-06-19T09:52:50.650+0000] {dag.py:3722} INFO - Setting next_dagrun for pipeline_suivi_dgid to 2026-06-19T09:00:00+00:00, run_after=2026-06-19T10:00:00+00:00
[2026-06-19T09:52:50.679+0000] {processor.py:179} INFO - Processing /opt/airflow/dags/dag_suivi.py took 0.091 seconds
[2026-06-19T09:53:20.831+0000] {processor.py:157} INFO - Started process (PID=519) to work on /opt/airflow/dags/dag_suivi.py
[2026-06-19T09:53:20.832+0000] {processor.py:829} INFO - Processing file /opt/airflow/dags/dag_suivi.py for tasks to queue
[2026-06-19T09:53:20.833+0000] {logging_mixin.py:151} INFO - [2026-06-19T09:53:20.832+0000] {dagbag.py:536} INFO - Filling up the DagBag from /opt/airflow/dags/dag_suivi.py
[2026-06-19T09:53:20.849+0000] {processor.py:839} INFO - DAG(s) dict_keys(['pipeline_suivi_dgid']) retrieved from /opt/airflow/dags/dag_suivi.py
[2026-06-19T09:53:20.872+0000] {logging_mixin.py:151} INFO - [2026-06-19T09:53:20.872+0000] {dag.py:2941} INFO - Sync 1 DAGs
[2026-06-19T09:53:20.890+0000] {logging_mixin.py:151} INFO - [2026-06-19T09:53:20.890+0000] {dag.py:3722} INFO - Setting next_dagrun for pipeline_suivi_dgid to 2026-06-19T09:00:00+00:00, run_after=2026-06-19T10:00:00+00:00
[2026-06-19T09:53:20.910+0000] {processor.py:179} INFO - Processing /opt/airflow/dags/dag_suivi.py took 0.082 seconds
[2026-06-19T09:53:51.088+0000] {processor.py:157} INFO - Started process (PID=524) to work on /opt/airflow/dags/dag_suivi.py
[2026-06-19T09:53:51.089+0000] {processor.py:829} INFO - Processing file /opt/airflow/dags/dag_suivi.py for tasks to queue
[2026-06-19T09:53:51.090+0000] {logging_mixin.py:151} INFO - [2026-06-19T09:53:51.090+0000] {dagbag.py:536} INFO - Filling up the DagBag from /opt/airflow/dags/dag_suivi.py
[2026-06-19T09:53:51.109+0000] {processor.py:839} INFO - DAG(s) dict_keys(['pipeline_suivi_dgid']) retrieved from /opt/airflow/dags/dag_suivi.py
[2026-06-19T09:53:51.135+0000] {logging_mixin.py:151} INFO - [2026-06-19T09:53:51.135+0000] {dag.py:2941} INFO - Sync 1 DAGs
[2026-06-19T09:53:51.156+0000] {logging_mixin.py:151} INFO - [2026-06-19T09:53:51.156+0000] {dag.py:3722} INFO - Setting next_dagrun for pipeline_suivi_dgid to 2026-06-19T09:00:00+00:00, run_after=2026-06-19T10:00:00+00:00
[2026-06-19T09:53:51.184+0000] {processor.py:179} INFO - Processing /opt/airflow/dags/dag_suivi.py took 0.099 seconds
[2026-06-19T09:54:21.303+0000] {processor.py:157} INFO - Started process (PID=529) to work on /opt/airflow/dags/dag_suivi.py
[2026-06-19T09:54:21.304+0000] {processor.py:829} INFO - Processing file /opt/airflow/dags/dag_suivi.py for tasks to queue
[2026-06-19T09:54:21.305+0000] {logging_mixin.py:151} INFO - [2026-06-19T09:54:21.305+0000] {dagbag.py:536} INFO - Filling up the DagBag from /opt/airflow/dags/dag_suivi.py
[2026-06-19T09:54:21.324+0000] {processor.py:839} INFO - DAG(s) dict_keys(['pipeline_suivi_dgid']) retrieved from /opt/airflow/dags/dag_suivi.py
[2026-06-19T09:54:21.349+0000] {logging_mixin.py:151} INFO - [2026-06-19T09:54:21.349+0000] {dag.py:2941} INFO - Sync 1 DAGs
[2026-06-19T09:54:21.377+0000] {logging_mixin.py:151} INFO - [2026-06-19T09:54:21.377+0000] {dag.py:3722} INFO - Setting next_dagrun for pipeline_suivi_dgid to 2026-06-19T09:00:00+00:00, run_after=2026-06-19T10:00:00+00:00
[2026-06-19T09:54:21.412+0000] {processor.py:179} INFO - Processing /opt/airflow/dags/dag_suivi.py took 0.112 seconds
[2026-06-19T09:54:51.611+0000] {processor.py:157} INFO - Started process (PID=534) to work on /opt/airflow/dags/dag_suivi.py
[2026-06-19T09:54:51.612+0000] {processor.py:829} INFO - Processing file /opt/airflow/dags/dag_suivi.py for tasks to queue
[2026-06-19T09:54:51.613+0000] {logging_mixin.py:151} INFO - [2026-06-19T09:54:51.613+0000] {dagbag.py:536} INFO - Filling up the DagBag from /opt/airflow/dags/dag_suivi.py
[2026-06-19T09:54:51.637+0000] {processor.py:839} INFO - DAG(s) dict_keys(['pipeline_suivi_dgid']) retrieved from /opt/airflow/dags/dag_suivi.py
[2026-06-19T09:54:51.663+0000] {logging_mixin.py:151} INFO - [2026-06-19T09:54:51.662+0000] {dag.py:2941} INFO - Sync 1 DAGs
[2026-06-19T09:54:51.682+0000] {logging_mixin.py:151} INFO - [2026-06-19T09:54:51.681+0000] {dag.py:3722} INFO - Setting next_dagrun for pipeline_suivi_dgid to 2026-06-19T09:00:00+00:00, run_after=2026-06-19T10:00:00+00:00
[2026-06-19T09:54:51.710+0000] {processor.py:179} INFO - Processing /opt/airflow/dags/dag_suivi.py took 0.102 seconds
[2026-06-19T09:55:21.813+0000] {processor.py:157} INFO - Started process (PID=539) to work on /opt/airflow/dags/dag_suivi.py
[2026-06-19T09:55:21.814+0000] {processor.py:829} INFO - Processing file /opt/airflow/dags/dag_suivi.py for tasks to queue
[2026-06-19T09:55:21.815+0000] {logging_mixin.py:151} INFO - [2026-06-19T09:55:21.815+0000] {dagbag.py:536} INFO - Filling up the DagBag from /opt/airflow/dags/dag_suivi.py
[2026-06-19T09:55:21.838+0000] {processor.py:839} INFO - DAG(s) dict_keys(['pipeline_suivi_dgid']) retrieved from /opt/airflow/dags/dag_suivi.py
[2026-06-19T09:55:21.872+0000] {logging_mixin.py:151} INFO - [2026-06-19T09:55:21.872+0000] {dag.py:2941} INFO - Sync 1 DAGs
[2026-06-19T09:55:21.896+0000] {logging_mixin.py:151} INFO - [2026-06-19T09:55:21.896+0000] {dag.py:3722} INFO - Setting next_dagrun for pipeline_suivi_dgid to 2026-06-19T09:00:00+00:00, run_after=2026-06-19T10:00:00+00:00
[2026-06-19T09:55:21.929+0000] {processor.py:179} INFO - Processing /opt/airflow/dags/dag_suivi.py took 0.120 seconds
[2026-06-19T09:55:52.103+0000] {processor.py:157} INFO - Started process (PID=544) to work on /opt/airflow/dags/dag_suivi.py
[2026-06-19T09:55:52.104+0000] {processor.py:829} INFO - Processing file /opt/airflow/dags/dag_suivi.py for tasks to queue
[2026-06-19T09:55:52.105+0000] {logging_mixin.py:151} INFO - [2026-06-19T09:55:52.105+0000] {dagbag.py:536} INFO - Filling up the DagBag from /opt/airflow/dags/dag_suivi.py
[2026-06-19T09:55:52.125+0000] {processor.py:839} INFO - DAG(s) dict_keys(['pipeline_suivi_dgid']) retrieved from /opt/airflow/dags/dag_suivi.py
[2026-06-19T09:55:52.155+0000] {logging_mixin.py:151} INFO - [2026-06-19T09:55:52.155+0000] {dag.py:2941} INFO - Sync 1 DAGs
[2026-06-19T09:55:52.178+0000] {logging_mixin.py:151} INFO - [2026-06-19T09:55:52.178+0000] {dag.py:3722} INFO - Setting next_dagrun for pipeline_suivi_dgid to 2026-06-19T09:00:00+00:00, run_after=2026-06-19T10:00:00+00:00
[2026-06-19T09:55:52.199+0000] {processor.py:179} INFO - Processing /opt/airflow/dags/dag_suivi.py took 0.099 seconds
[2026-06-19T09:56:22.383+0000] {processor.py:157} INFO - Started process (PID=549) to work on /opt/airflow/dags/dag_suivi.py
[2026-06-19T09:56:22.384+0000] {processor.py:829} INFO - Processing file /opt/airflow/dags/dag_suivi.py for tasks to queue
[2026-06-19T09:56:22.385+0000] {logging_mixin.py:151} INFO - [2026-06-19T09:56:22.384+0000] {dagbag.py:536} INFO - Filling up the DagBag from /opt/airflow/dags/dag_suivi.py
[2026-06-19T09:56:22.403+0000] {processor.py:839} INFO - DAG(s) dict_keys(['pipeline_suivi_dgid']) retrieved from /opt/airflow/dags/dag_suivi.py
[2026-06-19T09:56:22.429+0000] {logging_mixin.py:151} INFO - [2026-06-19T09:56:22.429+0000] {dag.py:2941} INFO - Sync 1 DAGs
[2026-06-19T09:56:22.449+0000] {logging_mixin.py:151} INFO - [2026-06-19T09:56:22.449+0000] {dag.py:3722} INFO - Setting next_dagrun for pipeline_suivi_dgid to 2026-06-19T09:00:00+00:00, run_after=2026-06-19T10:00:00+00:00
[2026-06-19T09:56:22.471+0000] {processor.py:179} INFO - Processing /opt/airflow/dags/dag_suivi.py took 0.091 seconds
[2026-06-19T09:56:52.660+0000] {processor.py:157} INFO - Started process (PID=554) to work on /opt/airflow/dags/dag_suivi.py
[2026-06-19T09:56:52.662+0000] {processor.py:829} INFO - Processing file /opt/airflow/dags/dag_suivi.py for tasks to queue
[2026-06-19T09:56:52.663+0000] {logging_mixin.py:151} INFO - [2026-06-19T09:56:52.663+0000] {dagbag.py:536} INFO - Filling up the DagBag from /opt/airflow/dags/dag_suivi.py
[2026-06-19T09:56:52.690+0000] {processor.py:839} INFO - DAG(s) dict_keys(['pipeline_suivi_dgid']) retrieved from /opt/airflow/dags/dag_suivi.py
[2026-06-19T09:56:52.725+0000] {logging_mixin.py:151} INFO - [2026-06-19T09:56:52.725+0000] {dag.py:2941} INFO - Sync 1 DAGs
[2026-06-19T09:56:52.759+0000] {logging_mixin.py:151} INFO - [2026-06-19T09:56:52.758+0000] {dag.py:3722} INFO - Setting next_dagrun for pipeline_suivi_dgid to 2026-06-19T09:00:00+00:00, run_after=2026-06-19T10:00:00+00:00
[2026-06-19T09:56:52.794+0000] {processor.py:179} INFO - Processing /opt/airflow/dags/dag_suivi.py took 0.138 seconds
[2026-06-19T09:57:22.876+0000] {processor.py:157} INFO - Started process (PID=559) to work on /opt/airflow/dags/dag_suivi.py
[2026-06-19T09:57:22.878+0000] {processor.py:829} INFO - Processing file /opt/airflow/dags/dag_suivi.py for tasks to queue
[2026-06-19T09:57:22.879+0000] {logging_mixin.py:151} INFO - [2026-06-19T09:57:22.879+0000] {dagbag.py:536} INFO - Filling up the DagBag from /opt/airflow/dags/dag_suivi.py
[2026-06-19T09:57:22.910+0000] {processor.py:839} INFO - DAG(s) dict_keys(['pipeline_suivi_dgid']) retrieved from /opt/airflow/dags/dag_suivi.py
[2026-06-19T09:57:22.940+0000] {logging_mixin.py:151} INFO - [2026-06-19T09:57:22.939+0000] {dag.py:2941} INFO - Sync 1 DAGs
[2026-06-19T09:57:22.966+0000] {logging_mixin.py:151} INFO - [2026-06-19T09:57:22.965+0000] {dag.py:3722} INFO - Setting next_dagrun for pipeline_suivi_dgid to 2026-06-19T09:00:00+00:00, run_after=2026-06-19T10:00:00+00:00
[2026-06-19T09:57:22.985+0000] {processor.py:179} INFO - Processing /opt/airflow/dags/dag_suivi.py took 0.114 seconds
[2026-06-19T09:57:53.219+0000] {processor.py:157} INFO - Started process (PID=564) to work on /opt/airflow/dags/dag_suivi.py
[2026-06-19T09:57:53.221+0000] {processor.py:829} INFO - Processing file /opt/airflow/dags/dag_suivi.py for tasks to queue
[2026-06-19T09:57:53.222+0000] {logging_mixin.py:151} INFO - [2026-06-19T09:57:53.221+0000] {dagbag.py:536} INFO - Filling up the DagBag from /opt/airflow/dags/dag_suivi.py
[2026-06-19T09:57:53.242+0000] {processor.py:839} INFO - DAG(s) dict_keys(['pipeline_suivi_dgid']) retrieved from /opt/airflow/dags/dag_suivi.py
[2026-06-19T09:57:53.271+0000] {logging_mixin.py:151} INFO - [2026-06-19T09:57:53.271+0000] {dag.py:2941} INFO - Sync 1 DAGs
[2026-06-19T09:57:53.295+0000] {logging_mixin.py:151} INFO - [2026-06-19T09:57:53.294+0000] {dag.py:3722} INFO - Setting next_dagrun for pipeline_suivi_dgid to 2026-06-19T09:00:00+00:00, run_after=2026-06-19T10:00:00+00:00
[2026-06-19T09:57:53.323+0000] {processor.py:179} INFO - Processing /opt/airflow/dags/dag_suivi.py took 0.107 seconds
[2026-06-19T09:58:23.449+0000] {processor.py:157} INFO - Started process (PID=569) to work on /opt/airflow/dags/dag_suivi.py
[2026-06-19T09:58:23.450+0000] {processor.py:829} INFO - Processing file /opt/airflow/dags/dag_suivi.py for tasks to queue
[2026-06-19T09:58:23.452+0000] {logging_mixin.py:151} INFO - [2026-06-19T09:58:23.451+0000] {dagbag.py:536} INFO - Filling up the DagBag from /opt/airflow/dags/dag_suivi.py
[2026-06-19T09:58:23.476+0000] {processor.py:839} INFO - DAG(s) dict_keys(['pipeline_suivi_dgid']) retrieved from /opt/airflow/dags/dag_suivi.py
[2026-06-19T09:58:23.513+0000] {logging_mixin.py:151} INFO - [2026-06-19T09:58:23.512+0000] {dag.py:2941} INFO - Sync 1 DAGs
[2026-06-19T09:58:23.540+0000] {logging_mixin.py:151} INFO - [2026-06-19T09:58:23.540+0000] {dag.py:3722} INFO - Setting next_dagrun for pipeline_suivi_dgid to 2026-06-19T09:00:00+00:00, run_after=2026-06-19T10:00:00+00:00
[2026-06-19T09:58:23.567+0000] {processor.py:179} INFO - Processing /opt/airflow/dags/dag_suivi.py took 0.123 seconds
[2026-06-19T09:58:53.752+0000] {processor.py:157} INFO - Started process (PID=574) to work on /opt/airflow/dags/dag_suivi.py
[2026-06-19T09:58:53.753+0000] {processor.py:829} INFO - Processing file /opt/airflow/dags/dag_suivi.py for tasks to queue
[2026-06-19T09:58:53.755+0000] {logging_mixin.py:151} INFO - [2026-06-19T09:58:53.754+0000] {dagbag.py:536} INFO - Filling up the DagBag from /opt/airflow/dags/dag_suivi.py
[2026-06-19T09:58:53.779+0000] {processor.py:839} INFO - DAG(s) dict_keys(['pipeline_suivi_dgid']) retrieved from /opt/airflow/dags/dag_suivi.py
[2026-06-19T09:58:53.810+0000] {logging_mixin.py:151} INFO - [2026-06-19T09:58:53.810+0000] {dag.py:2941} INFO - Sync 1 DAGs
[2026-06-19T09:58:53.835+0000] {logging_mixin.py:151} INFO - [2026-06-19T09:58:53.834+0000] {dag.py:3722} INFO - Setting next_dagrun for pipeline_suivi_dgid to 2026-06-19T09:00:00+00:00, run_after=2026-06-19T10:00:00+00:00
[2026-06-19T09:58:53.860+0000] {processor.py:179} INFO - Processing /opt/airflow/dags/dag_suivi.py took 0.111 seconds
[2026-06-19T09:59:23.961+0000] {processor.py:157} INFO - Started process (PID=579) to work on /opt/airflow/dags/dag_suivi.py
[2026-06-19T09:59:23.962+0000] {processor.py:829} INFO - Processing file /opt/airflow/dags/dag_suivi.py for tasks to queue
[2026-06-19T09:59:23.963+0000] {logging_mixin.py:151} INFO - [2026-06-19T09:59:23.963+0000] {dagbag.py:536} INFO - Filling up the DagBag from /opt/airflow/dags/dag_suivi.py
[2026-06-19T09:59:23.980+0000] {processor.py:839} INFO - DAG(s) dict_keys(['pipeline_suivi_dgid']) retrieved from /opt/airflow/dags/dag_suivi.py
[2026-06-19T09:59:24.004+0000] {logging_mixin.py:151} INFO - [2026-06-19T09:59:24.003+0000] {dag.py:2941} INFO - Sync 1 DAGs
[2026-06-19T09:59:24.022+0000] {logging_mixin.py:151} INFO - [2026-06-19T09:59:24.022+0000] {dag.py:3722} INFO - Setting next_dagrun for pipeline_suivi_dgid to 2026-06-19T09:00:00+00:00, run_after=2026-06-19T10:00:00+00:00
[2026-06-19T09:59:24.050+0000] {processor.py:179} INFO - Processing /opt/airflow/dags/dag_suivi.py took 0.091 seconds
[2026-06-19T09:59:54.273+0000] {processor.py:157} INFO - Started process (PID=584) to work on /opt/airflow/dags/dag_suivi.py
[2026-06-19T09:59:54.275+0000] {processor.py:829} INFO - Processing file /opt/airflow/dags/dag_suivi.py for tasks to queue
[2026-06-19T09:59:54.276+0000] {logging_mixin.py:151} INFO - [2026-06-19T09:59:54.275+0000] {dagbag.py:536} INFO - Filling up the DagBag from /opt/airflow/dags/dag_suivi.py
[2026-06-19T09:59:54.299+0000] {processor.py:839} INFO - DAG(s) dict_keys(['pipeline_suivi_dgid']) retrieved from /opt/airflow/dags/dag_suivi.py
[2026-06-19T09:59:54.325+0000] {logging_mixin.py:151} INFO - [2026-06-19T09:59:54.325+0000] {dag.py:2941} INFO - Sync 1 DAGs
[2026-06-19T09:59:54.343+0000] {logging_mixin.py:151} INFO - [2026-06-19T09:59:54.343+0000] {dag.py:3722} INFO - Setting next_dagrun for pipeline_suivi_dgid to 2026-06-19T09:00:00+00:00, run_after=2026-06-19T10:00:00+00:00
[2026-06-19T09:59:54.371+0000] {processor.py:179} INFO - Processing /opt/airflow/dags/dag_suivi.py took 0.102 seconds
[2026-06-19T10:00:24.517+0000] {processor.py:157} INFO - Started process (PID=591) to work on /opt/airflow/dags/dag_suivi.py
[2026-06-19T10:00:24.518+0000] {processor.py:829} INFO - Processing file /opt/airflow/dags/dag_suivi.py for tasks to queue
[2026-06-19T10:00:24.519+0000] {logging_mixin.py:151} INFO - [2026-06-19T10:00:24.518+0000] {dagbag.py:536} INFO - Filling up the DagBag from /opt/airflow/dags/dag_suivi.py
[2026-06-19T10:00:24.535+0000] {processor.py:839} INFO - DAG(s) dict_keys(['pipeline_suivi_dgid']) retrieved from /opt/airflow/dags/dag_suivi.py
[2026-06-19T10:00:24.556+0000] {logging_mixin.py:151} INFO - [2026-06-19T10:00:24.556+0000] {dag.py:2941} INFO - Sync 1 DAGs
[2026-06-19T10:00:24.572+0000] {logging_mixin.py:151} INFO - [2026-06-19T10:00:24.572+0000] {dag.py:3722} INFO - Setting next_dagrun for pipeline_suivi_dgid to 2026-06-19T10:00:00+00:00, run_after=2026-06-19T11:00:00+00:00
[2026-06-19T10:00:24.591+0000] {processor.py:179} INFO - Processing /opt/airflow/dags/dag_suivi.py took 0.077 seconds
[2026-06-19T10:00:54.847+0000] {processor.py:157} INFO - Started process (PID=596) to work on /opt/airflow/dags/dag_suivi.py
[2026-06-19T10:00:54.848+0000] {processor.py:829} INFO - Processing file /opt/airflow/dags/dag_suivi.py for tasks to queue
[2026-06-19T10:00:54.849+0000] {logging_mixin.py:151} INFO - [2026-06-19T10:00:54.849+0000] {dagbag.py:536} INFO - Filling up the DagBag from /opt/airflow/dags/dag_suivi.py
[2026-06-19T10:00:54.870+0000] {processor.py:839} INFO - DAG(s) dict_keys(['pipeline_suivi_dgid']) retrieved from /opt/airflow/dags/dag_suivi.py
[2026-06-19T10:00:54.894+0000] {logging_mixin.py:151} INFO - [2026-06-19T10:00:54.894+0000] {dag.py:2941} INFO - Sync 1 DAGs
[2026-06-19T10:00:54.911+0000] {logging_mixin.py:151} INFO - [2026-06-19T10:00:54.911+0000] {dag.py:3722} INFO - Setting next_dagrun for pipeline_suivi_dgid to 2026-06-19T10:00:00+00:00, run_after=2026-06-19T11:00:00+00:00
[2026-06-19T10:00:54.938+0000] {processor.py:179} INFO - Processing /opt/airflow/dags/dag_suivi.py took 0.095 seconds
[2026-06-19T10:01:25.097+0000] {processor.py:157} INFO - Started process (PID=601) to work on /opt/airflow/dags/dag_suivi.py
[2026-06-19T10:01:25.107+0000] {processor.py:829} INFO - Processing file /opt/airflow/dags/dag_suivi.py for tasks to queue
[2026-06-19T10:01:25.111+0000] {logging_mixin.py:151} INFO - [2026-06-19T10:01:25.109+0000] {dagbag.py:536} INFO - Filling up the DagBag from /opt/airflow/dags/dag_suivi.py
[2026-06-19T10:01:25.142+0000] {processor.py:839} INFO - DAG(s) dict_keys(['pipeline_suivi_dgid']) retrieved from /opt/airflow/dags/dag_suivi.py
[2026-06-19T10:01:25.169+0000] {logging_mixin.py:151} INFO - [2026-06-19T10:01:25.169+0000] {dag.py:2941} INFO - Sync 1 DAGs
[2026-06-19T10:01:25.185+0000] {logging_mixin.py:151} INFO - [2026-06-19T10:01:25.185+0000] {dag.py:3722} INFO - Setting next_dagrun for pipeline_suivi_dgid to 2026-06-19T10:00:00+00:00, run_after=2026-06-19T11:00:00+00:00
[2026-06-19T10:01:25.212+0000] {processor.py:179} INFO - Processing /opt/airflow/dags/dag_suivi.py took 0.119 seconds
[2026-06-19T10:01:55.426+0000] {processor.py:157} INFO - Started process (PID=606) to work on /opt/airflow/dags/dag_suivi.py
[2026-06-19T10:01:55.427+0000] {processor.py:829} INFO - Processing file /opt/airflow/dags/dag_suivi.py for tasks to queue
[2026-06-19T10:01:55.428+0000] {logging_mixin.py:151} INFO - [2026-06-19T10:01:55.427+0000] {dagbag.py:536} INFO - Filling up the DagBag from /opt/airflow/dags/dag_suivi.py
[2026-06-19T10:01:55.443+0000] {processor.py:839} INFO - DAG(s) dict_keys(['pipeline_suivi_dgid']) retrieved from /opt/airflow/dags/dag_suivi.py
[2026-06-19T10:01:55.464+0000] {logging_mixin.py:151} INFO - [2026-06-19T10:01:55.464+0000] {dag.py:2941} INFO - Sync 1 DAGs
[2026-06-19T10:01:55.482+0000] {logging_mixin.py:151} INFO - [2026-06-19T10:01:55.482+0000] {dag.py:3722} INFO - Setting next_dagrun for pipeline_suivi_dgid to 2026-06-19T10:00:00+00:00, run_after=2026-06-19T11:00:00+00:00
[2026-06-19T10:01:55.500+0000] {processor.py:179} INFO - Processing /opt/airflow/dags/dag_suivi.py took 0.077 seconds
[2026-06-19T10:02:25.707+0000] {processor.py:157} INFO - Started process (PID=611) to work on /opt/airflow/dags/dag_suivi.py
[2026-06-19T10:02:25.708+0000] {processor.py:829} INFO - Processing file /opt/airflow/dags/dag_suivi.py for tasks to queue
[2026-06-19T10:02:25.709+0000] {logging_mixin.py:151} INFO - [2026-06-19T10:02:25.709+0000] {dagbag.py:536} INFO - Filling up the DagBag from /opt/airflow/dags/dag_suivi.py
[2026-06-19T10:02:25.725+0000] {processor.py:839} INFO - DAG(s) dict_keys(['pipeline_suivi_dgid']) retrieved from /opt/airflow/dags/dag_suivi.py
[2026-06-19T10:02:25.747+0000] {logging_mixin.py:151} INFO - [2026-06-19T10:02:25.747+0000] {dag.py:2941} INFO - Sync 1 DAGs
[2026-06-19T10:02:25.765+0000] {logging_mixin.py:151} INFO - [2026-06-19T10:02:25.765+0000] {dag.py:3722} INFO - Setting next_dagrun for pipeline_suivi_dgid to 2026-06-19T10:00:00+00:00, run_after=2026-06-19T11:00:00+00:00
[2026-06-19T10:02:25.793+0000] {processor.py:179} INFO - Processing /opt/airflow/dags/dag_suivi.py took 0.089 seconds
[2026-06-19T10:02:55.990+0000] {processor.py:157} INFO - Started process (PID=616) to work on /opt/airflow/dags/dag_suivi.py
[2026-06-19T10:02:55.991+0000] {processor.py:829} INFO - Processing file /opt/airflow/dags/dag_suivi.py for tasks to queue
[2026-06-19T10:02:55.992+0000] {logging_mixin.py:151} INFO - [2026-06-19T10:02:55.992+0000] {dagbag.py:536} INFO - Filling up the DagBag from /opt/airflow/dags/dag_suivi.py
[2026-06-19T10:02:56.008+0000] {processor.py:839} INFO - DAG(s) dict_keys(['pipeline_suivi_dgid']) retrieved from /opt/airflow/dags/dag_suivi.py
[2026-06-19T10:02:56.030+0000] {logging_mixin.py:151} INFO - [2026-06-19T10:02:56.029+0000] {dag.py:2941} INFO - Sync 1 DAGs
[2026-06-19T10:02:56.049+0000] {logging_mixin.py:151} INFO - [2026-06-19T10:02:56.049+0000] {dag.py:3722} INFO - Setting next_dagrun for pipeline_suivi_dgid to 2026-06-19T10:00:00+00:00, run_after=2026-06-19T11:00:00+00:00
[2026-06-19T10:02:56.078+0000] {processor.py:179} INFO - Processing /opt/airflow/dags/dag_suivi.py took 0.090 seconds
[2026-06-19T10:03:26.210+0000] {processor.py:157} INFO - Started process (PID=621) to work on /opt/airflow/dags/dag_suivi.py
[2026-06-19T10:03:26.211+0000] {processor.py:829} INFO - Processing file /opt/airflow/dags/dag_suivi.py for tasks to queue
[2026-06-19T10:03:26.212+0000] {logging_mixin.py:151} INFO - [2026-06-19T10:03:26.212+0000] {dagbag.py:536} INFO - Filling up the DagBag from /opt/airflow/dags/dag_suivi.py
[2026-06-19T10:03:26.235+0000] {processor.py:839} INFO - DAG(s) dict_keys(['pipeline_suivi_dgid']) retrieved from /opt/airflow/dags/dag_suivi.py
[2026-06-19T10:03:26.262+0000] {logging_mixin.py:151} INFO - [2026-06-19T10:03:26.262+0000] {dag.py:2941} INFO - Sync 1 DAGs
[2026-06-19T10:03:26.283+0000] {logging_mixin.py:151} INFO - [2026-06-19T10:03:26.283+0000] {dag.py:3722} INFO - Setting next_dagrun for pipeline_suivi_dgid to 2026-06-19T10:00:00+00:00, run_after=2026-06-19T11:00:00+00:00
[2026-06-19T10:03:26.303+0000] {processor.py:179} INFO - Processing /opt/airflow/dags/dag_suivi.py took 0.096 seconds
[2026-06-19T10:03:56.471+0000] {processor.py:157} INFO - Started process (PID=626) to work on /opt/airflow/dags/dag_suivi.py
[2026-06-19T10:03:56.472+0000] {processor.py:829} INFO - Processing file /opt/airflow/dags/dag_suivi.py for tasks to queue
[2026-06-19T10:03:56.473+0000] {logging_mixin.py:151} INFO - [2026-06-19T10:03:56.473+0000] {dagbag.py:536} INFO - Filling up the DagBag from /opt/airflow/dags/dag_suivi.py
[2026-06-19T10:03:56.491+0000] {processor.py:839} INFO - DAG(s) dict_keys(['pipeline_suivi_dgid']) retrieved from /opt/airflow/dags/dag_suivi.py
[2026-06-19T10:03:56.516+0000] {logging_mixin.py:151} INFO - [2026-06-19T10:03:56.516+0000] {dag.py:2941} INFO - Sync 1 DAGs
[2026-06-19T10:03:56.534+0000] {logging_mixin.py:151} INFO - [2026-06-19T10:03:56.534+0000] {dag.py:3722} INFO - Setting next_dagrun for pipeline_suivi_dgid to 2026-06-19T10:00:00+00:00, run_after=2026-06-19T11:00:00+00:00
[2026-06-19T10:03:56.557+0000] {processor.py:179} INFO - Processing /opt/airflow/dags/dag_suivi.py took 0.089 seconds
[2026-06-19T10:04:26.679+0000] {processor.py:157} INFO - Started process (PID=631) to work on /opt/airflow/dags/dag_suivi.py
[2026-06-19T10:04:26.680+0000] {processor.py:829} INFO - Processing file /opt/airflow/dags/dag_suivi.py for tasks to queue
[2026-06-19T10:04:26.681+0000] {logging_mixin.py:151} INFO - [2026-06-19T10:04:26.681+0000] {dagbag.py:536} INFO - Filling up the DagBag from /opt/airflow/dags/dag_suivi.py
[2026-06-19T10:04:26.700+0000] {processor.py:839} INFO - DAG(s) dict_keys(['pipeline_suivi_dgid']) retrieved from /opt/airflow/dags/dag_suivi.py
[2026-06-19T10:04:26.724+0000] {logging_mixin.py:151} INFO - [2026-06-19T10:04:26.723+0000] {dag.py:2941} INFO - Sync 1 DAGs
[2026-06-19T10:04:26.742+0000] {logging_mixin.py:151} INFO - [2026-06-19T10:04:26.742+0000] {dag.py:3722} INFO - Setting next_dagrun for pipeline_suivi_dgid to 2026-06-19T10:00:00+00:00, run_after=2026-06-19T11:00:00+00:00
[2026-06-19T10:04:26.769+0000] {processor.py:179} INFO - Processing /opt/airflow/dags/dag_suivi.py took 0.093 seconds
[2026-06-19T10:04:56.955+0000] {processor.py:157} INFO - Started process (PID=636) to work on /opt/airflow/dags/dag_suivi.py
[2026-06-19T10:04:56.956+0000] {processor.py:829} INFO - Processing file /opt/airflow/dags/dag_suivi.py for tasks to queue
[2026-06-19T10:04:56.957+0000] {logging_mixin.py:151} INFO - [2026-06-19T10:04:56.957+0000] {dagbag.py:536} INFO - Filling up the DagBag from /opt/airflow/dags/dag_suivi.py
[2026-06-19T10:04:56.975+0000] {processor.py:839} INFO - DAG(s) dict_keys(['pipeline_suivi_dgid']) retrieved from /opt/airflow/dags/dag_suivi.py
[2026-06-19T10:04:56.999+0000] {logging_mixin.py:151} INFO - [2026-06-19T10:04:56.998+0000] {dag.py:2941} INFO - Sync 1 DAGs
[2026-06-19T10:04:57.016+0000] {logging_mixin.py:151} INFO - [2026-06-19T10:04:57.016+0000] {dag.py:3722} INFO - Setting next_dagrun for pipeline_suivi_dgid to 2026-06-19T10:00:00+00:00, run_after=2026-06-19T11:00:00+00:00
[2026-06-19T10:04:57.045+0000] {processor.py:179} INFO - Processing /opt/airflow/dags/dag_suivi.py took 0.093 seconds
[2026-06-19T10:05:27.177+0000] {processor.py:157} INFO - Started process (PID=641) to work on /opt/airflow/dags/dag_suivi.py
[2026-06-19T10:05:27.178+0000] {processor.py:829} INFO - Processing file /opt/airflow/dags/dag_suivi.py for tasks to queue
[2026-06-19T10:05:27.178+0000] {logging_mixin.py:151} INFO - [2026-06-19T10:05:27.178+0000] {dagbag.py:536} INFO - Filling up the DagBag from /opt/airflow/dags/dag_suivi.py
[2026-06-19T10:05:27.196+0000] {processor.py:839} INFO - DAG(s) dict_keys(['pipeline_suivi_dgid']) retrieved from /opt/airflow/dags/dag_suivi.py
[2026-06-19T10:05:27.222+0000] {logging_mixin.py:151} INFO - [2026-06-19T10:05:27.222+0000] {dag.py:2941} INFO - Sync 1 DAGs
[2026-06-19T10:05:27.244+0000] {logging_mixin.py:151} INFO - [2026-06-19T10:05:27.244+0000] {dag.py:3722} INFO - Setting next_dagrun for pipeline_suivi_dgid to 2026-06-19T10:00:00+00:00, run_after=2026-06-19T11:00:00+00:00
[2026-06-19T10:05:27.270+0000] {processor.py:179} INFO - Processing /opt/airflow/dags/dag_suivi.py took 0.097 seconds
[2026-06-19T10:05:57.478+0000] {processor.py:157} INFO - Started process (PID=646) to work on /opt/airflow/dags/dag_suivi.py
[2026-06-19T10:05:57.479+0000] {processor.py:829} INFO - Processing file /opt/airflow/dags/dag_suivi.py for tasks to queue
[2026-06-19T10:05:57.480+0000] {logging_mixin.py:151} INFO - [2026-06-19T10:05:57.480+0000] {dagbag.py:536} INFO - Filling up the DagBag from /opt/airflow/dags/dag_suivi.py
[2026-06-19T10:05:57.497+0000] {processor.py:839} INFO - DAG(s) dict_keys(['pipeline_suivi_dgid']) retrieved from /opt/airflow/dags/dag_suivi.py
[2026-06-19T10:05:57.521+0000] {logging_mixin.py:151} INFO - [2026-06-19T10:05:57.521+0000] {dag.py:2941} INFO - Sync 1 DAGs
[2026-06-19T10:05:57.539+0000] {logging_mixin.py:151} INFO - [2026-06-19T10:05:57.539+0000] {dag.py:3722} INFO - Setting next_dagrun for pipeline_suivi_dgid to 2026-06-19T10:00:00+00:00, run_after=2026-06-19T11:00:00+00:00
[2026-06-19T10:05:57.557+0000] {processor.py:179} INFO - Processing /opt/airflow/dags/dag_suivi.py took 0.081 seconds
[2026-06-19T10:06:27.741+0000] {processor.py:157} INFO - Started process (PID=651) to work on /opt/airflow/dags/dag_suivi.py
[2026-06-19T10:06:27.742+0000] {processor.py:829} INFO - Processing file /opt/airflow/dags/dag_suivi.py for tasks to queue
[2026-06-19T10:06:27.743+0000] {logging_mixin.py:151} INFO - [2026-06-19T10:06:27.743+0000] {dagbag.py:536} INFO - Filling up the DagBag from /opt/airflow/dags/dag_suivi.py
[2026-06-19T10:06:27.761+0000] {processor.py:839} INFO - DAG(s) dict_keys(['pipeline_suivi_dgid']) retrieved from /opt/airflow/dags/dag_suivi.py
[2026-06-19T10:06:27.786+0000] {logging_mixin.py:151} INFO - [2026-06-19T10:06:27.786+0000] {dag.py:2941} INFO - Sync 1 DAGs
[2026-06-19T10:06:27.804+0000] {logging_mixin.py:151} INFO - [2026-06-19T10:06:27.804+0000] {dag.py:3722} INFO - Setting next_dagrun for pipeline_suivi_dgid to 2026-06-19T10:00:00+00:00, run_after=2026-06-19T11:00:00+00:00
[2026-06-19T10:06:27.820+0000] {processor.py:179} INFO - Processing /opt/airflow/dags/dag_suivi.py took 0.082 seconds
[2026-06-19T10:06:57.967+0000] {processor.py:157} INFO - Started process (PID=656) to work on /opt/airflow/dags/dag_suivi.py
[2026-06-19T10:06:57.968+0000] {processor.py:829} INFO - Processing file /opt/airflow/dags/dag_suivi.py for tasks to queue
[2026-06-19T10:06:57.969+0000] {logging_mixin.py:151} INFO - [2026-06-19T10:06:57.969+0000] {dagbag.py:536} INFO - Filling up the DagBag from /opt/airflow/dags/dag_suivi.py
[2026-06-19T10:06:57.987+0000] {processor.py:839} INFO - DAG(s) dict_keys(['pipeline_suivi_dgid']) retrieved from /opt/airflow/dags/dag_suivi.py
[2026-06-19T10:06:58.015+0000] {logging_mixin.py:151} INFO - [2026-06-19T10:06:58.015+0000] {dag.py:2941} INFO - Sync 1 DAGs
[2026-06-19T10:06:58.035+0000] {logging_mixin.py:151} INFO - [2026-06-19T10:06:58.035+0000] {dag.py:3722} INFO - Setting next_dagrun for pipeline_suivi_dgid to 2026-06-19T10:00:00+00:00, run_after=2026-06-19T11:00:00+00:00
[2026-06-19T10:06:58.063+0000] {processor.py:179} INFO - Processing /opt/airflow/dags/dag_suivi.py took 0.099 seconds
[2026-06-19T10:07:28.237+0000] {processor.py:157} INFO - Started process (PID=661) to work on /opt/airflow/dags/dag_suivi.py
[2026-06-19T10:07:28.238+0000] {processor.py:829} INFO - Processing file /opt/airflow/dags/dag_suivi.py for tasks to queue
[2026-06-19T10:07:28.239+0000] {logging_mixin.py:151} INFO - [2026-06-19T10:07:28.239+0000] {dagbag.py:536} INFO - Filling up the DagBag from /opt/airflow/dags/dag_suivi.py
[2026-06-19T10:07:28.258+0000] {processor.py:839} INFO - DAG(s) dict_keys(['pipeline_suivi_dgid']) retrieved from /opt/airflow/dags/dag_suivi.py
[2026-06-19T10:07:28.289+0000] {logging_mixin.py:151} INFO - [2026-06-19T10:07:28.289+0000] {dag.py:2941} INFO - Sync 1 DAGs
[2026-06-19T10:07:28.315+0000] {logging_mixin.py:151} INFO - [2026-06-19T10:07:28.315+0000] {dag.py:3722} INFO - Setting next_dagrun for pipeline_suivi_dgid to 2026-06-19T10:00:00+00:00, run_after=2026-06-19T11:00:00+00:00
[2026-06-19T10:07:28.345+0000] {processor.py:179} INFO - Processing /opt/airflow/dags/dag_suivi.py took 0.111 seconds
[2026-06-19T10:07:58.498+0000] {processor.py:157} INFO - Started process (PID=666) to work on /opt/airflow/dags/dag_suivi.py
[2026-06-19T10:07:58.499+0000] {processor.py:829} INFO - Processing file /opt/airflow/dags/dag_suivi.py for tasks to queue
[2026-06-19T10:07:58.500+0000] {logging_mixin.py:151} INFO - [2026-06-19T10:07:58.500+0000] {dagbag.py:536} INFO - Filling up the DagBag from /opt/airflow/dags/dag_suivi.py
[2026-06-19T10:07:58.530+0000] {processor.py:839} INFO - DAG(s) dict_keys(['pipeline_suivi_dgid']) retrieved from /opt/airflow/dags/dag_suivi.py
[2026-06-19T10:07:58.556+0000] {logging_mixin.py:151} INFO - [2026-06-19T10:07:58.556+0000] {dag.py:2941} INFO - Sync 1 DAGs
[2026-06-19T10:07:58.576+0000] {logging_mixin.py:151} INFO - [2026-06-19T10:07:58.576+0000] {dag.py:3722} INFO - Setting next_dagrun for pipeline_suivi_dgid to 2026-06-19T10:00:00+00:00, run_after=2026-06-19T11:00:00+00:00
[2026-06-19T10:07:58.598+0000] {processor.py:179} INFO - Processing /opt/airflow/dags/dag_suivi.py took 0.103 seconds
[2026-06-19T10:08:28.770+0000] {processor.py:157} INFO - Started process (PID=671) to work on /opt/airflow/dags/dag_suivi.py
[2026-06-19T10:08:28.772+0000] {processor.py:829} INFO - Processing file /opt/airflow/dags/dag_suivi.py for tasks to queue
[2026-06-19T10:08:28.773+0000] {logging_mixin.py:151} INFO - [2026-06-19T10:08:28.773+0000] {dagbag.py:536} INFO - Filling up the DagBag from /opt/airflow/dags/dag_suivi.py
[2026-06-19T10:08:28.793+0000] {processor.py:839} INFO - DAG(s) dict_keys(['pipeline_suivi_dgid']) retrieved from /opt/airflow/dags/dag_suivi.py
[2026-06-19T10:08:28.821+0000] {logging_mixin.py:151} INFO - [2026-06-19T10:08:28.821+0000] {dag.py:2941} INFO - Sync 1 DAGs
[2026-06-19T10:08:28.844+0000] {logging_mixin.py:151} INFO - [2026-06-19T10:08:28.844+0000] {dag.py:3722} INFO - Setting next_dagrun for pipeline_suivi_dgid to 2026-06-19T10:00:00+00:00, run_after=2026-06-19T11:00:00+00:00
[2026-06-19T10:08:28.863+0000] {processor.py:179} INFO - Processing /opt/airflow/dags/dag_suivi.py took 0.097 seconds
[2026-06-19T10:08:58.983+0000] {processor.py:157} INFO - Started process (PID=676) to work on /opt/airflow/dags/dag_suivi.py
[2026-06-19T10:08:58.984+0000] {processor.py:829} INFO - Processing file /opt/airflow/dags/dag_suivi.py for tasks to queue
[2026-06-19T10:08:58.985+0000] {logging_mixin.py:151} INFO - [2026-06-19T10:08:58.984+0000] {dagbag.py:536} INFO - Filling up the DagBag from /opt/airflow/dags/dag_suivi.py
[2026-06-19T10:08:59.005+0000] {processor.py:839} INFO - DAG(s) dict_keys(['pipeline_suivi_dgid']) retrieved from /opt/airflow/dags/dag_suivi.py
[2026-06-19T10:08:59.031+0000] {logging_mixin.py:151} INFO - [2026-06-19T10:08:59.031+0000] {dag.py:2941} INFO - Sync 1 DAGs
[2026-06-19T10:08:59.049+0000] {logging_mixin.py:151} INFO - [2026-06-19T10:08:59.049+0000] {dag.py:3722} INFO - Setting next_dagrun for pipeline_suivi_dgid to 2026-06-19T10:00:00+00:00, run_after=2026-06-19T11:00:00+00:00
[2026-06-19T10:08:59.077+0000] {processor.py:179} INFO - Processing /opt/airflow/dags/dag_suivi.py took 0.098 seconds
[2026-06-19T10:09:29.300+0000] {processor.py:157} INFO - Started process (PID=681) to work on /opt/airflow/dags/dag_suivi.py
[2026-06-19T10:09:29.301+0000] {processor.py:829} INFO - Processing file /opt/airflow/dags/dag_suivi.py for tasks to queue
[2026-06-19T10:09:29.302+0000] {logging_mixin.py:151} INFO - [2026-06-19T10:09:29.302+0000] {dagbag.py:536} INFO - Filling up the DagBag from /opt/airflow/dags/dag_suivi.py
[2026-06-19T10:09:29.323+0000] {processor.py:839} INFO - DAG(s) dict_keys(['pipeline_suivi_dgid']) retrieved from /opt/airflow/dags/dag_suivi.py
[2026-06-19T10:09:29.349+0000] {logging_mixin.py:151} INFO - [2026-06-19T10:09:29.349+0000] {dag.py:2941} INFO - Sync 1 DAGs
[2026-06-19T10:09:29.367+0000] {logging_mixin.py:151} INFO - [2026-06-19T10:09:29.367+0000] {dag.py:3722} INFO - Setting next_dagrun for pipeline_suivi_dgid to 2026-06-19T10:00:00+00:00, run_after=2026-06-19T11:00:00+00:00
[2026-06-19T10:09:29.395+0000] {processor.py:179} INFO - Processing /opt/airflow/dags/dag_suivi.py took 0.099 seconds
[2026-06-19T10:09:59.501+0000] {processor.py:157} INFO - Started process (PID=686) to work on /opt/airflow/dags/dag_suivi.py
[2026-06-19T10:09:59.502+0000] {processor.py:829} INFO - Processing file /opt/airflow/dags/dag_suivi.py for tasks to queue
[2026-06-19T10:09:59.503+0000] {logging_mixin.py:151} INFO - [2026-06-19T10:09:59.502+0000] {dagbag.py:536} INFO - Filling up the DagBag from /opt/airflow/dags/dag_suivi.py
[2026-06-19T10:09:59.523+0000] {processor.py:839} INFO - DAG(s) dict_keys(['pipeline_suivi_dgid']) retrieved from /opt/airflow/dags/dag_suivi.py
[2026-06-19T10:09:59.552+0000] {logging_mixin.py:151} INFO - [2026-06-19T10:09:59.551+0000] {dag.py:2941} INFO - Sync 1 DAGs
[2026-06-19T10:09:59.574+0000] {logging_mixin.py:151} INFO - [2026-06-19T10:09:59.574+0000] {dag.py:3722} INFO - Setting next_dagrun for pipeline_suivi_dgid to 2026-06-19T10:00:00+00:00, run_after=2026-06-19T11:00:00+00:00
[2026-06-19T10:09:59.595+0000] {processor.py:179} INFO - Processing /opt/airflow/dags/dag_suivi.py took 0.097 seconds
[2026-06-19T10:10:07.637+0000] {processor.py:157} INFO - Started process (PID=691) to work on /opt/airflow/dags/dag_suivi.py
[2026-06-19T10:10:07.638+0000] {processor.py:829} INFO - Processing file /opt/airflow/dags/dag_suivi.py for tasks to queue
[2026-06-19T10:10:07.639+0000] {logging_mixin.py:151} INFO - [2026-06-19T10:10:07.639+0000] {dagbag.py:536} INFO - Filling up the DagBag from /opt/airflow/dags/dag_suivi.py
[2026-06-19T10:10:07.673+0000] {processor.py:839} INFO - DAG(s) dict_keys(['pipeline_suivi_']) retrieved from /opt/airflow/dags/dag_suivi.py
[2026-06-19T10:10:07.846+0000] {logging_mixin.py:151} INFO - [2026-06-19T10:10:07.846+0000] {manager.py:499} INFO - Created Permission View: %s
[2026-06-19T10:10:07.856+0000] {logging_mixin.py:151} INFO - [2026-06-19T10:10:07.856+0000] {manager.py:499} INFO - Created Permission View: %s
[2026-06-19T10:10:07.865+0000] {logging_mixin.py:151} INFO - [2026-06-19T10:10:07.864+0000] {manager.py:499} INFO - Created Permission View: %s
[2026-06-19T10:10:07.866+0000] {logging_mixin.py:151} INFO - [2026-06-19T10:10:07.866+0000] {dag.py:2941} INFO - Sync 1 DAGs
[2026-06-19T10:10:07.875+0000] {logging_mixin.py:151} INFO - [2026-06-19T10:10:07.875+0000] {dag.py:2963} INFO - Creating ORM DAG for pipeline_suivi_
[2026-06-19T10:10:07.885+0000] {logging_mixin.py:151} INFO - [2026-06-19T10:10:07.884+0000] {dag.py:3722} INFO - Setting next_dagrun for pipeline_suivi_ to 2026-06-19T09:00:00+00:00, run_after=2026-06-19T10:00:00+00:00
[2026-06-19T10:10:07.905+0000] {processor.py:179} INFO - Processing /opt/airflow/dags/dag_suivi.py took 0.271 seconds
[2026-06-19T10:10:11.687+0000] {processor.py:157} INFO - Started process (PID=696) to work on /opt/airflow/dags/dag_suivi.py
[2026-06-19T10:10:11.688+0000] {processor.py:829} INFO - Processing file /opt/airflow/dags/dag_suivi.py for tasks to queue
[2026-06-19T10:10:11.688+0000] {logging_mixin.py:151} INFO - [2026-06-19T10:10:11.688+0000] {dagbag.py:536} INFO - Filling up the DagBag from /opt/airflow/dags/dag_suivi.py
[2026-06-19T10:10:11.714+0000] {processor.py:839} INFO - DAG(s) dict_keys(['pipeline_ingest']) retrieved from /opt/airflow/dags/dag_suivi.py
[2026-06-19T10:10:11.830+0000] {logging_mixin.py:151} INFO - [2026-06-19T10:10:11.830+0000] {manager.py:499} INFO - Created Permission View: %s
[2026-06-19T10:10:11.840+0000] {logging_mixin.py:151} INFO - [2026-06-19T10:10:11.840+0000] {manager.py:499} INFO - Created Permission View: %s
[2026-06-19T10:10:11.851+0000] {logging_mixin.py:151} INFO - [2026-06-19T10:10:11.850+0000] {manager.py:499} INFO - Created Permission View: %s
[2026-06-19T10:10:11.851+0000] {logging_mixin.py:151} INFO - [2026-06-19T10:10:11.851+0000] {dag.py:2941} INFO - Sync 1 DAGs
[2026-06-19T10:10:11.860+0000] {logging_mixin.py:151} INFO - [2026-06-19T10:10:11.860+0000] {dag.py:2963} INFO - Creating ORM DAG for pipeline_ingest
[2026-06-19T10:10:11.868+0000] {logging_mixin.py:151} INFO - [2026-06-19T10:10:11.868+0000] {dag.py:3722} INFO - Setting next_dagrun for pipeline_ingest to 2026-06-19T09:00:00+00:00, run_after=2026-06-19T10:00:00+00:00
[2026-06-19T10:10:11.887+0000] {processor.py:179} INFO - Processing /opt/airflow/dags/dag_suivi.py took 0.203 seconds
[2026-06-19T10:10:13.707+0000] {processor.py:157} INFO - Started process (PID=701) to work on /opt/airflow/dags/dag_suivi.py
[2026-06-19T10:10:13.709+0000] {processor.py:829} INFO - Processing file /opt/airflow/dags/dag_suivi.py for tasks to queue
[2026-06-19T10:10:13.710+0000] {logging_mixin.py:151} INFO - [2026-06-19T10:10:13.709+0000] {dagbag.py:536} INFO - Filling up the DagBag from /opt/airflow/dags/dag_suivi.py
[2026-06-19T10:10:13.734+0000] {processor.py:839} INFO - DAG(s) dict_keys(['pipeline_ingestion_suivi']) retrieved from /opt/airflow/dags/dag_suivi.py
[2026-06-19T10:10:13.815+0000] {logging_mixin.py:151} INFO - [2026-06-19T10:10:13.814+0000] {manager.py:499} INFO - Created Permission View: %s
[2026-06-19T10:10:13.826+0000] {logging_mixin.py:151} INFO - [2026-06-19T10:10:13.825+0000] {manager.py:499} INFO - Created Permission View: %s
[2026-06-19T10:10:13.834+0000] {logging_mixin.py:151} INFO - [2026-06-19T10:10:13.834+0000] {manager.py:499} INFO - Created Permission View: %s
[2026-06-19T10:10:13.835+0000] {logging_mixin.py:151} INFO - [2026-06-19T10:10:13.835+0000] {dag.py:2941} INFO - Sync 1 DAGs
[2026-06-19T10:10:13.843+0000] {logging_mixin.py:151} INFO - [2026-06-19T10:10:13.843+0000] {dag.py:2963} INFO - Creating ORM DAG for pipeline_ingestion_suivi
[2026-06-19T10:10:13.851+0000] {logging_mixin.py:151} INFO - [2026-06-19T10:10:13.851+0000] {dag.py:3722} INFO - Setting next_dagrun for pipeline_ingestion_suivi to 2026-06-19T09:00:00+00:00, run_after=2026-06-19T10:00:00+00:00
[2026-06-19T10:10:13.874+0000] {processor.py:179} INFO - Processing /opt/airflow/dags/dag_suivi.py took 0.170 seconds
[2026-06-19T10:10:18.770+0000] {processor.py:157} INFO - Started process (PID=706) to work on /opt/airflow/dags/dag_suivi.py
[2026-06-19T10:10:18.771+0000] {processor.py:829} INFO - Processing file /opt/airflow/dags/dag_suivi.py for tasks to queue
[2026-06-19T10:10:18.772+0000] {logging_mixin.py:151} INFO - [2026-06-19T10:10:18.772+0000] {dagbag.py:536} INFO - Filling up the DagBag from /opt/airflow/dags/dag_suivi.py
[2026-06-19T10:10:18.800+0000] {processor.py:839} INFO - DAG(s) dict_keys(['pipeline_ingestion_suivi']) retrieved from /opt/airflow/dags/dag_suivi.py
[2026-06-19T10:10:18.816+0000] {logging_mixin.py:151} INFO - [2026-06-19T10:10:18.815+0000] {dag.py:2941} INFO - Sync 1 DAGs
[2026-06-19T10:10:18.836+0000] {logging_mixin.py:151} INFO - [2026-06-19T10:10:18.836+0000] {dag.py:3722} INFO - Setting next_dagrun for pipeline_ingestion_suivi to 2026-06-19T09:00:00+00:00, run_after=2026-06-19T10:00:00+00:00
[2026-06-19T10:10:18.868+0000] {processor.py:179} INFO - Processing /opt/airflow/dags/dag_suivi.py took 0.101 seconds
[2026-06-19T10:10:49.001+0000] {processor.py:157} INFO - Started process (PID=711) to work on /opt/airflow/dags/dag_suivi.py
[2026-06-19T10:10:49.002+0000] {processor.py:829} INFO - Processing file /opt/airflow/dags/dag_suivi.py for tasks to queue
[2026-06-19T10:10:49.003+0000] {logging_mixin.py:151} INFO - [2026-06-19T10:10:49.003+0000] {dagbag.py:536} INFO - Filling up the DagBag from /opt/airflow/dags/dag_suivi.py
[2026-06-19T10:10:49.022+0000] {processor.py:839} INFO - DAG(s) dict_keys(['pipeline_ingestion_suivi']) retrieved from /opt/airflow/dags/dag_suivi.py
[2026-06-19T10:10:49.049+0000] {logging_mixin.py:151} INFO - [2026-06-19T10:10:49.048+0000] {dag.py:2941} INFO - Sync 1 DAGs
[2026-06-19T10:10:49.068+0000] {logging_mixin.py:151} INFO - [2026-06-19T10:10:49.068+0000] {dag.py:3722} INFO - Setting next_dagrun for pipeline_ingestion_suivi to 2026-06-19T09:00:00+00:00, run_after=2026-06-19T10:00:00+00:00
[2026-06-19T10:10:49.096+0000] {processor.py:179} INFO - Processing /opt/airflow/dags/dag_suivi.py took 0.098 seconds
[2026-06-19T10:11:19.280+0000] {processor.py:157} INFO - Started process (PID=716) to work on /opt/airflow/dags/dag_suivi.py
[2026-06-19T10:11:19.282+0000] {processor.py:829} INFO - Processing file /opt/airflow/dags/dag_suivi.py for tasks to queue
[2026-06-19T10:11:19.283+0000] {logging_mixin.py:151} INFO - [2026-06-19T10:11:19.282+0000] {dagbag.py:536} INFO - Filling up the DagBag from /opt/airflow/dags/dag_suivi.py
[2026-06-19T10:11:19.305+0000] {processor.py:839} INFO - DAG(s) dict_keys(['pipeline_ingestion_suivi']) retrieved from /opt/airflow/dags/dag_suivi.py
[2026-06-19T10:11:19.339+0000] {logging_mixin.py:151} INFO - [2026-06-19T10:11:19.339+0000] {dag.py:2941} INFO - Sync 1 DAGs
[2026-06-19T10:11:19.365+0000] {logging_mixin.py:151} INFO - [2026-06-19T10:11:19.365+0000] {dag.py:3722} INFO - Setting next_dagrun for pipeline_ingestion_suivi to 2026-06-19T09:00:00+00:00, run_after=2026-06-19T10:00:00+00:00
[2026-06-19T10:11:19.389+0000] {processor.py:179} INFO - Processing /opt/airflow/dags/dag_suivi.py took 0.113 seconds
[2026-06-19T10:11:49.471+0000] {processor.py:157} INFO - Started process (PID=721) to work on /opt/airflow/dags/dag_suivi.py
[2026-06-19T10:11:49.472+0000] {processor.py:829} INFO - Processing file /opt/airflow/dags/dag_suivi.py for tasks to queue
[2026-06-19T10:11:49.473+0000] {logging_mixin.py:151} INFO - [2026-06-19T10:11:49.473+0000] {dagbag.py:536} INFO - Filling up the DagBag from /opt/airflow/dags/dag_suivi.py
[2026-06-19T10:11:49.494+0000] {processor.py:839} INFO - DAG(s) dict_keys(['pipeline_ingestion_suivi']) retrieved from /opt/airflow/dags/dag_suivi.py
[2026-06-19T10:11:49.521+0000] {logging_mixin.py:151} INFO - [2026-06-19T10:11:49.521+0000] {dag.py:2941} INFO - Sync 1 DAGs
[2026-06-19T10:11:49.541+0000] {logging_mixin.py:151} INFO - [2026-06-19T10:11:49.540+0000] {dag.py:3722} INFO - Setting next_dagrun for pipeline_ingestion_suivi to 2026-06-19T09:00:00+00:00, run_after=2026-06-19T10:00:00+00:00
[2026-06-19T10:11:49.569+0000] {processor.py:179} INFO - Processing /opt/airflow/dags/dag_suivi.py took 0.102 seconds
[2026-06-19T10:12:19.771+0000] {processor.py:157} INFO - Started process (PID=726) to work on /opt/airflow/dags/dag_suivi.py
[2026-06-19T10:12:19.772+0000] {processor.py:829} INFO - Processing file /opt/airflow/dags/dag_suivi.py for tasks to queue
[2026-06-19T10:12:19.773+0000] {logging_mixin.py:151} INFO - [2026-06-19T10:12:19.773+0000] {dagbag.py:536} INFO - Filling up the DagBag from /opt/airflow/dags/dag_suivi.py
[2026-06-19T10:12:19.793+0000] {processor.py:839} INFO - DAG(s) dict_keys(['pipeline_ingestion_suivi']) retrieved from /opt/airflow/dags/dag_suivi.py
[2026-06-19T10:12:19.818+0000] {logging_mixin.py:151} INFO - [2026-06-19T10:12:19.817+0000] {dag.py:2941} INFO - Sync 1 DAGs
[2026-06-19T10:12:19.836+0000] {logging_mixin.py:151} INFO - [2026-06-19T10:12:19.835+0000] {dag.py:3722} INFO - Setting next_dagrun for pipeline_ingestion_suivi to 2026-06-19T09:00:00+00:00, run_after=2026-06-19T10:00:00+00:00
[2026-06-19T10:12:19.864+0000] {processor.py:179} INFO - Processing /opt/airflow/dags/dag_suivi.py took 0.096 seconds
[2026-06-19T10:12:49.984+0000] {processor.py:157} INFO - Started process (PID=731) to work on /opt/airflow/dags/dag_suivi.py
[2026-06-19T10:12:49.985+0000] {processor.py:829} INFO - Processing file /opt/airflow/dags/dag_suivi.py for tasks to queue
[2026-06-19T10:12:49.985+0000] {logging_mixin.py:151} INFO - [2026-06-19T10:12:49.985+0000] {dagbag.py:536} INFO - Filling up the DagBag from /opt/airflow/dags/dag_suivi.py
[2026-06-19T10:12:50.002+0000] {processor.py:839} INFO - DAG(s) dict_keys(['pipeline_ingestion_suivi']) retrieved from /opt/airflow/dags/dag_suivi.py
[2026-06-19T10:12:50.029+0000] {logging_mixin.py:151} INFO - [2026-06-19T10:12:50.029+0000] {dag.py:2941} INFO - Sync 1 DAGs
[2026-06-19T10:12:50.048+0000] {logging_mixin.py:151} INFO - [2026-06-19T10:12:50.048+0000] {dag.py:3722} INFO - Setting next_dagrun for pipeline_ingestion_suivi to 2026-06-19T09:00:00+00:00, run_after=2026-06-19T10:00:00+00:00
[2026-06-19T10:12:50.077+0000] {processor.py:179} INFO - Processing /opt/airflow/dags/dag_suivi.py took 0.096 seconds
[2026-06-19T10:13:20.212+0000] {processor.py:157} INFO - Started process (PID=736) to work on /opt/airflow/dags/dag_suivi.py
[2026-06-19T10:13:20.212+0000] {processor.py:829} INFO - Processing file /opt/airflow/dags/dag_suivi.py for tasks to queue
[2026-06-19T10:13:20.213+0000] {logging_mixin.py:151} INFO - [2026-06-19T10:13:20.213+0000] {dagbag.py:536} INFO - Filling up the DagBag from /opt/airflow/dags/dag_suivi.py
[2026-06-19T10:13:20.233+0000] {processor.py:839} INFO - DAG(s) dict_keys(['pipeline_ingestion_suivi']) retrieved from /opt/airflow/dags/dag_suivi.py
[2026-06-19T10:13:20.260+0000] {logging_mixin.py:151} INFO - [2026-06-19T10:13:20.260+0000] {dag.py:2941} INFO - Sync 1 DAGs
[2026-06-19T10:13:20.278+0000] {logging_mixin.py:151} INFO - [2026-06-19T10:13:20.278+0000] {dag.py:3722} INFO - Setting next_dagrun for pipeline_ingestion_suivi to 2026-06-19T09:00:00+00:00, run_after=2026-06-19T10:00:00+00:00
[2026-06-19T10:13:20.296+0000] {processor.py:179} INFO - Processing /opt/airflow/dags/dag_suivi.py took 0.087 seconds
[2026-06-19T10:13:50.449+0000] {processor.py:157} INFO - Started process (PID=741) to work on /opt/airflow/dags/dag_suivi.py
[2026-06-19T10:13:50.450+0000] {processor.py:829} INFO - Processing file /opt/airflow/dags/dag_suivi.py for tasks to queue
[2026-06-19T10:13:50.451+0000] {logging_mixin.py:151} INFO - [2026-06-19T10:13:50.450+0000] {dagbag.py:536} INFO - Filling up the DagBag from /opt/airflow/dags/dag_suivi.py
[2026-06-19T10:13:50.475+0000] {processor.py:839} INFO - DAG(s) dict_keys(['pipeline_ingestion_suivi']) retrieved from /opt/airflow/dags/dag_suivi.py
[2026-06-19T10:13:50.506+0000] {logging_mixin.py:151} INFO - [2026-06-19T10:13:50.506+0000] {dag.py:2941} INFO - Sync 1 DAGs
[2026-06-19T10:13:50.526+0000] {logging_mixin.py:151} INFO - [2026-06-19T10:13:50.526+0000] {dag.py:3722} INFO - Setting next_dagrun for pipeline_ingestion_suivi to 2026-06-19T09:00:00+00:00, run_after=2026-06-19T10:00:00+00:00
[2026-06-19T10:13:50.544+0000] {processor.py:179} INFO - Processing /opt/airflow/dags/dag_suivi.py took 0.098 seconds
[2026-06-19T10:14:20.629+0000] {processor.py:157} INFO - Started process (PID=746) to work on /opt/airflow/dags/dag_suivi.py
[2026-06-19T10:14:20.629+0000] {processor.py:829} INFO - Processing file /opt/airflow/dags/dag_suivi.py for tasks to queue
[2026-06-19T10:14:20.630+0000] {logging_mixin.py:151} INFO - [2026-06-19T10:14:20.630+0000] {dagbag.py:536} INFO - Filling up the DagBag from /opt/airflow/dags/dag_suivi.py
[2026-06-19T10:14:20.649+0000] {processor.py:839} INFO - DAG(s) dict_keys(['pipeline_ingestion_suivi']) retrieved from /opt/airflow/dags/dag_suivi.py
[2026-06-19T10:14:20.676+0000] {logging_mixin.py:151} INFO - [2026-06-19T10:14:20.676+0000] {dag.py:2941} INFO - Sync 1 DAGs
[2026-06-19T10:14:20.695+0000] {logging_mixin.py:151} INFO - [2026-06-19T10:14:20.695+0000] {dag.py:3722} INFO - Setting next_dagrun for pipeline_ingestion_suivi to 2026-06-19T09:00:00+00:00, run_after=2026-06-19T10:00:00+00:00
[2026-06-19T10:14:20.714+0000] {processor.py:179} INFO - Processing /opt/airflow/dags/dag_suivi.py took 0.089 seconds
[2026-06-19T10:14:50.891+0000] {processor.py:157} INFO - Started process (PID=751) to work on /opt/airflow/dags/dag_suivi.py
[2026-06-19T10:14:50.892+0000] {processor.py:829} INFO - Processing file /opt/airflow/dags/dag_suivi.py for tasks to queue
[2026-06-19T10:14:50.893+0000] {logging_mixin.py:151} INFO - [2026-06-19T10:14:50.892+0000] {dagbag.py:536} INFO - Filling up the DagBag from /opt/airflow/dags/dag_suivi.py
[2026-06-19T10:14:50.911+0000] {processor.py:839} INFO - DAG(s) dict_keys(['pipeline_ingestion_suivi']) retrieved from /opt/airflow/dags/dag_suivi.py
[2026-06-19T10:14:50.936+0000] {logging_mixin.py:151} INFO - [2026-06-19T10:14:50.935+0000] {dag.py:2941} INFO - Sync 1 DAGs
[2026-06-19T10:14:50.955+0000] {logging_mixin.py:151} INFO - [2026-06-19T10:14:50.954+0000] {dag.py:3722} INFO - Setting next_dagrun for pipeline_ingestion_suivi to 2026-06-19T09:00:00+00:00, run_after=2026-06-19T10:00:00+00:00
[2026-06-19T10:14:50.978+0000] {processor.py:179} INFO - Processing /opt/airflow/dags/dag_suivi.py took 0.090 seconds
[2026-06-19T10:15:21.085+0000] {processor.py:157} INFO - Started process (PID=756) to work on /opt/airflow/dags/dag_suivi.py
[2026-06-19T10:15:21.086+0000] {processor.py:829} INFO - Processing file /opt/airflow/dags/dag_suivi.py for tasks to queue
[2026-06-19T10:15:21.087+0000] {logging_mixin.py:151} INFO - [2026-06-19T10:15:21.087+0000] {dagbag.py:536} INFO - Filling up the DagBag from /opt/airflow/dags/dag_suivi.py
[2026-06-19T10:15:21.108+0000] {processor.py:839} INFO - DAG(s) dict_keys(['pipeline_ingestion_suivi']) retrieved from /opt/airflow/dags/dag_suivi.py
[2026-06-19T10:15:21.140+0000] {logging_mixin.py:151} INFO - [2026-06-19T10:15:21.139+0000] {dag.py:2941} INFO - Sync 1 DAGs
[2026-06-19T10:15:21.159+0000] {logging_mixin.py:151} INFO - [2026-06-19T10:15:21.159+0000] {dag.py:3722} INFO - Setting next_dagrun for pipeline_ingestion_suivi to 2026-06-19T09:00:00+00:00, run_after=2026-06-19T10:00:00+00:00
[2026-06-19T10:15:21.178+0000] {processor.py:179} INFO - Processing /opt/airflow/dags/dag_suivi.py took 0.096 seconds
[2026-06-19T10:15:51.341+0000] {processor.py:157} INFO - Started process (PID=761) to work on /opt/airflow/dags/dag_suivi.py
[2026-06-19T10:15:51.342+0000] {processor.py:829} INFO - Processing file /opt/airflow/dags/dag_suivi.py for tasks to queue
[2026-06-19T10:15:51.343+0000] {logging_mixin.py:151} INFO - [2026-06-19T10:15:51.342+0000] {dagbag.py:536} INFO - Filling up the DagBag from /opt/airflow/dags/dag_suivi.py
[2026-06-19T10:15:51.364+0000] {processor.py:839} INFO - DAG(s) dict_keys(['pipeline_ingestion_suivi']) retrieved from /opt/airflow/dags/dag_suivi.py
[2026-06-19T10:15:51.394+0000] {logging_mixin.py:151} INFO - [2026-06-19T10:15:51.394+0000] {dag.py:2941} INFO - Sync 1 DAGs
[2026-06-19T10:15:51.413+0000] {logging_mixin.py:151} INFO - [2026-06-19T10:15:51.413+0000] {dag.py:3722} INFO - Setting next_dagrun for pipeline_ingestion_suivi to 2026-06-19T09:00:00+00:00, run_after=2026-06-19T10:00:00+00:00
[2026-06-19T10:15:51.434+0000] {processor.py:179} INFO - Processing /opt/airflow/dags/dag_suivi.py took 0.096 seconds
[2026-06-19T10:16:21.543+0000] {processor.py:157} INFO - Started process (PID=766) to work on /opt/airflow/dags/dag_suivi.py
[2026-06-19T10:16:21.544+0000] {processor.py:829} INFO - Processing file /opt/airflow/dags/dag_suivi.py for tasks to queue
[2026-06-19T10:16:21.545+0000] {logging_mixin.py:151} INFO - [2026-06-19T10:16:21.544+0000] {dagbag.py:536} INFO - Filling up the DagBag from /opt/airflow/dags/dag_suivi.py
[2026-06-19T10:16:21.567+0000] {processor.py:839} INFO - DAG(s) dict_keys(['pipeline_ingestion_suivi']) retrieved from /opt/airflow/dags/dag_suivi.py
[2026-06-19T10:16:21.601+0000] {logging_mixin.py:151} INFO - [2026-06-19T10:16:21.601+0000] {dag.py:2941} INFO - Sync 1 DAGs
[2026-06-19T10:16:21.623+0000] {logging_mixin.py:151} INFO - [2026-06-19T10:16:21.623+0000] {dag.py:3722} INFO - Setting next_dagrun for pipeline_ingestion_suivi to 2026-06-19T09:00:00+00:00, run_after=2026-06-19T10:00:00+00:00
[2026-06-19T10:16:21.645+0000] {processor.py:179} INFO - Processing /opt/airflow/dags/dag_suivi.py took 0.106 seconds
[2026-06-19T10:16:51.808+0000] {processor.py:157} INFO - Started process (PID=771) to work on /opt/airflow/dags/dag_suivi.py
[2026-06-19T10:16:51.809+0000] {processor.py:829} INFO - Processing file /opt/airflow/dags/dag_suivi.py for tasks to queue
[2026-06-19T10:16:51.810+0000] {logging_mixin.py:151} INFO - [2026-06-19T10:16:51.809+0000] {dagbag.py:536} INFO - Filling up the DagBag from /opt/airflow/dags/dag_suivi.py
[2026-06-19T10:16:51.829+0000] {processor.py:839} INFO - DAG(s) dict_keys(['pipeline_ingestion_suivi']) retrieved from /opt/airflow/dags/dag_suivi.py
[2026-06-19T10:16:51.860+0000] {logging_mixin.py:151} INFO - [2026-06-19T10:16:51.860+0000] {dag.py:2941} INFO - Sync 1 DAGs
[2026-06-19T10:16:51.880+0000] {logging_mixin.py:151} INFO - [2026-06-19T10:16:51.880+0000] {dag.py:3722} INFO - Setting next_dagrun for pipeline_ingestion_suivi to 2026-06-19T09:00:00+00:00, run_after=2026-06-19T10:00:00+00:00
[2026-06-19T10:16:51.901+0000] {processor.py:179} INFO - Processing /opt/airflow/dags/dag_suivi.py took 0.096 seconds
[2026-06-19T10:17:22.012+0000] {processor.py:157} INFO - Started process (PID=776) to work on /opt/airflow/dags/dag_suivi.py
[2026-06-19T10:17:22.012+0000] {processor.py:829} INFO - Processing file /opt/airflow/dags/dag_suivi.py for tasks to queue
[2026-06-19T10:17:22.013+0000] {logging_mixin.py:151} INFO - [2026-06-19T10:17:22.013+0000] {dagbag.py:536} INFO - Filling up the DagBag from /opt/airflow/dags/dag_suivi.py
[2026-06-19T10:17:22.034+0000] {processor.py:839} INFO - DAG(s) dict_keys(['pipeline_ingestion_suivi']) retrieved from /opt/airflow/dags/dag_suivi.py
[2026-06-19T10:17:22.067+0000] {logging_mixin.py:151} INFO - [2026-06-19T10:17:22.067+0000] {dag.py:2941} INFO - Sync 1 DAGs
[2026-06-19T10:17:22.088+0000] {logging_mixin.py:151} INFO - [2026-06-19T10:17:22.088+0000] {dag.py:3722} INFO - Setting next_dagrun for pipeline_ingestion_suivi to 2026-06-19T09:00:00+00:00, run_after=2026-06-19T10:00:00+00:00
[2026-06-19T10:17:22.116+0000] {processor.py:179} INFO - Processing /opt/airflow/dags/dag_suivi.py took 0.107 seconds
[2026-06-19T10:17:52.298+0000] {processor.py:157} INFO - Started process (PID=781) to work on /opt/airflow/dags/dag_suivi.py
[2026-06-19T10:17:52.299+0000] {processor.py:829} INFO - Processing file /opt/airflow/dags/dag_suivi.py for tasks to queue
[2026-06-19T10:17:52.300+0000] {logging_mixin.py:151} INFO - [2026-06-19T10:17:52.300+0000] {dagbag.py:536} INFO - Filling up the DagBag from /opt/airflow/dags/dag_suivi.py
[2026-06-19T10:17:52.320+0000] {processor.py:839} INFO - DAG(s) dict_keys(['pipeline_ingestion_suivi']) retrieved from /opt/airflow/dags/dag_suivi.py
[2026-06-19T10:17:52.357+0000] {logging_mixin.py:151} INFO - [2026-06-19T10:17:52.357+0000] {dag.py:2941} INFO - Sync 1 DAGs
[2026-06-19T10:17:52.377+0000] {logging_mixin.py:151} INFO - [2026-06-19T10:17:52.377+0000] {dag.py:3722} INFO - Setting next_dagrun for pipeline_ingestion_suivi to 2026-06-19T09:00:00+00:00, run_after=2026-06-19T10:00:00+00:00
[2026-06-19T10:17:52.396+0000] {processor.py:179} INFO - Processing /opt/airflow/dags/dag_suivi.py took 0.101 seconds
[2026-06-19T10:18:22.482+0000] {processor.py:157} INFO - Started process (PID=786) to work on /opt/airflow/dags/dag_suivi.py
[2026-06-19T10:18:22.483+0000] {processor.py:829} INFO - Processing file /opt/airflow/dags/dag_suivi.py for tasks to queue
[2026-06-19T10:18:22.484+0000] {logging_mixin.py:151} INFO - [2026-06-19T10:18:22.483+0000] {dagbag.py:536} INFO - Filling up the DagBag from /opt/airflow/dags/dag_suivi.py
[2026-06-19T10:18:22.504+0000] {processor.py:839} INFO - DAG(s) dict_keys(['pipeline_ingestion_suivi']) retrieved from /opt/airflow/dags/dag_suivi.py
[2026-06-19T10:18:22.534+0000] {logging_mixin.py:151} INFO - [2026-06-19T10:18:22.534+0000] {dag.py:2941} INFO - Sync 1 DAGs
[2026-06-19T10:18:22.553+0000] {logging_mixin.py:151} INFO - [2026-06-19T10:18:22.552+0000] {dag.py:3722} INFO - Setting next_dagrun for pipeline_ingestion_suivi to 2026-06-19T09:00:00+00:00, run_after=2026-06-19T10:00:00+00:00
[2026-06-19T10:18:22.573+0000] {processor.py:179} INFO - Processing /opt/airflow/dags/dag_suivi.py took 0.094 seconds
[2026-06-19T10:18:52.659+0000] {processor.py:157} INFO - Started process (PID=791) to work on /opt/airflow/dags/dag_suivi.py
[2026-06-19T10:18:52.661+0000] {processor.py:829} INFO - Processing file /opt/airflow/dags/dag_suivi.py for tasks to queue
[2026-06-19T10:18:52.663+0000] {logging_mixin.py:151} INFO - [2026-06-19T10:18:52.663+0000] {dagbag.py:536} INFO - Filling up the DagBag from /opt/airflow/dags/dag_suivi.py
[2026-06-19T10:18:52.701+0000] {processor.py:839} INFO - DAG(s) dict_keys(['pipeline_ingestion_suivi']) retrieved from /opt/airflow/dags/dag_suivi.py
[2026-06-19T10:18:52.752+0000] {logging_mixin.py:151} INFO - [2026-06-19T10:18:52.752+0000] {dag.py:2941} INFO - Sync 1 DAGs
[2026-06-19T10:18:52.787+0000] {logging_mixin.py:151} INFO - [2026-06-19T10:18:52.786+0000] {dag.py:3722} INFO - Setting next_dagrun for pipeline_ingestion_suivi to 2026-06-19T09:00:00+00:00, run_after=2026-06-19T10:00:00+00:00
[2026-06-19T10:18:52.916+0000] {processor.py:179} INFO - Processing /opt/airflow/dags/dag_suivi.py took 0.262 seconds
[2026-06-19T10:20:24.303+0000] {processor.py:157} INFO - Started process (PID=169) to work on /opt/airflow/dags/dag_suivi.py
[2026-06-19T10:20:24.309+0000] {processor.py:829} INFO - Processing file /opt/airflow/dags/dag_suivi.py for tasks to queue
[2026-06-19T10:20:24.312+0000] {logging_mixin.py:151} INFO - [2026-06-19T10:20:24.311+0000] {dagbag.py:536} INFO - Filling up the DagBag from /opt/airflow/dags/dag_suivi.py
[2026-06-19T10:20:24.384+0000] {processor.py:839} INFO - DAG(s) dict_keys(['pipeline_ingestion_suivi']) retrieved from /opt/airflow/dags/dag_suivi.py
[2026-06-19T10:20:24.457+0000] {logging_mixin.py:151} INFO - [2026-06-19T10:20:24.457+0000] {dag.py:2941} INFO - Sync 1 DAGs
[2026-06-19T10:20:24.524+0000] {logging_mixin.py:151} INFO - [2026-06-19T10:20:24.523+0000] {dag.py:3722} INFO - Setting next_dagrun for pipeline_ingestion_suivi to 2026-06-19T09:00:00+00:00, run_after=2026-06-19T10:00:00+00:00
[2026-06-19T10:20:24.565+0000] {processor.py:179} INFO - Processing /opt/airflow/dags/dag_suivi.py took 0.278 seconds
[2026-06-19T10:20:54.770+0000] {processor.py:157} INFO - Started process (PID=174) to work on /opt/airflow/dags/dag_suivi.py
[2026-06-19T10:20:54.771+0000] {processor.py:829} INFO - Processing file /opt/airflow/dags/dag_suivi.py for tasks to queue
[2026-06-19T10:20:54.772+0000] {logging_mixin.py:151} INFO - [2026-06-19T10:20:54.772+0000] {dagbag.py:536} INFO - Filling up the DagBag from /opt/airflow/dags/dag_suivi.py
[2026-06-19T10:20:54.795+0000] {processor.py:839} INFO - DAG(s) dict_keys(['pipeline_ingestion_suivi']) retrieved from /opt/airflow/dags/dag_suivi.py
[2026-06-19T10:20:54.821+0000] {logging_mixin.py:151} INFO - [2026-06-19T10:20:54.821+0000] {dag.py:2941} INFO - Sync 1 DAGs
[2026-06-19T10:20:54.847+0000] {logging_mixin.py:151} INFO - [2026-06-19T10:20:54.847+0000] {dag.py:3722} INFO - Setting next_dagrun for pipeline_ingestion_suivi to 2026-06-19T09:00:00+00:00, run_after=2026-06-19T10:00:00+00:00
[2026-06-19T10:20:54.866+0000] {processor.py:179} INFO - Processing /opt/airflow/dags/dag_suivi.py took 0.100 seconds
[2026-06-19T10:21:24.970+0000] {processor.py:157} INFO - Started process (PID=179) to work on /opt/airflow/dags/dag_suivi.py
[2026-06-19T10:21:24.971+0000] {processor.py:829} INFO - Processing file /opt/airflow/dags/dag_suivi.py for tasks to queue
[2026-06-19T10:21:24.971+0000] {logging_mixin.py:151} INFO - [2026-06-19T10:21:24.971+0000] {dagbag.py:536} INFO - Filling up the DagBag from /opt/airflow/dags/dag_suivi.py
[2026-06-19T10:21:24.989+0000] {processor.py:839} INFO - DAG(s) dict_keys(['pipeline_ingestion_suivi']) retrieved from /opt/airflow/dags/dag_suivi.py
[2026-06-19T10:21:25.013+0000] {logging_mixin.py:151} INFO - [2026-06-19T10:21:25.013+0000] {dag.py:2941} INFO - Sync 1 DAGs
[2026-06-19T10:21:25.032+0000] {logging_mixin.py:151} INFO - [2026-06-19T10:21:25.031+0000] {dag.py:3722} INFO - Setting next_dagrun for pipeline_ingestion_suivi to 2026-06-19T09:00:00+00:00, run_after=2026-06-19T10:00:00+00:00
[2026-06-19T10:21:25.052+0000] {processor.py:179} INFO - Processing /opt/airflow/dags/dag_suivi.py took 0.085 seconds
[2026-06-19T10:21:55.256+0000] {processor.py:157} INFO - Started process (PID=184) to work on /opt/airflow/dags/dag_suivi.py
[2026-06-19T10:21:55.257+0000] {processor.py:829} INFO - Processing file /opt/airflow/dags/dag_suivi.py for tasks to queue
[2026-06-19T10:21:55.258+0000] {logging_mixin.py:151} INFO - [2026-06-19T10:21:55.258+0000] {dagbag.py:536} INFO - Filling up the DagBag from /opt/airflow/dags/dag_suivi.py
[2026-06-19T10:21:55.277+0000] {processor.py:839} INFO - DAG(s) dict_keys(['pipeline_ingestion_suivi']) retrieved from /opt/airflow/dags/dag_suivi.py
[2026-06-19T10:21:55.306+0000] {logging_mixin.py:151} INFO - [2026-06-19T10:21:55.306+0000] {dag.py:2941} INFO - Sync 1 DAGs
[2026-06-19T10:21:55.327+0000] {logging_mixin.py:151} INFO - [2026-06-19T10:21:55.327+0000] {dag.py:3722} INFO - Setting next_dagrun for pipeline_ingestion_suivi to 2026-06-19T09:00:00+00:00, run_after=2026-06-19T10:00:00+00:00
[2026-06-19T10:21:55.355+0000] {processor.py:179} INFO - Processing /opt/airflow/dags/dag_suivi.py took 0.101 seconds
[2026-06-19T10:22:25.472+0000] {processor.py:157} INFO - Started process (PID=189) to work on /opt/airflow/dags/dag_suivi.py
[2026-06-19T10:22:25.474+0000] {processor.py:829} INFO - Processing file /opt/airflow/dags/dag_suivi.py for tasks to queue
[2026-06-19T10:22:25.477+0000] {logging_mixin.py:151} INFO - [2026-06-19T10:22:25.476+0000] {dagbag.py:536} INFO - Filling up the DagBag from /opt/airflow/dags/dag_suivi.py
[2026-06-19T10:22:25.504+0000] {processor.py:839} INFO - DAG(s) dict_keys(['pipeline_ingestion_suivi']) retrieved from /opt/airflow/dags/dag_suivi.py
[2026-06-19T10:22:25.531+0000] {logging_mixin.py:151} INFO - [2026-06-19T10:22:25.531+0000] {dag.py:2941} INFO - Sync 1 DAGs
[2026-06-19T10:22:25.550+0000] {logging_mixin.py:151} INFO - [2026-06-19T10:22:25.550+0000] {dag.py:3722} INFO - Setting next_dagrun for pipeline_ingestion_suivi to 2026-06-19T09:00:00+00:00, run_after=2026-06-19T10:00:00+00:00
[2026-06-19T10:22:25.578+0000] {processor.py:179} INFO - Processing /opt/airflow/dags/dag_suivi.py took 0.112 seconds
[2026-06-19T10:22:55.776+0000] {processor.py:157} INFO - Started process (PID=194) to work on /opt/airflow/dags/dag_suivi.py
[2026-06-19T10:22:55.777+0000] {processor.py:829} INFO - Processing file /opt/airflow/dags/dag_suivi.py for tasks to queue
[2026-06-19T10:22:55.778+0000] {logging_mixin.py:151} INFO - [2026-06-19T10:22:55.778+0000] {dagbag.py:536} INFO - Filling up the DagBag from /opt/airflow/dags/dag_suivi.py
[2026-06-19T10:22:55.801+0000] {processor.py:839} INFO - DAG(s) dict_keys(['pipeline_ingestion_suivi']) retrieved from /opt/airflow/dags/dag_suivi.py
[2026-06-19T10:22:55.828+0000] {logging_mixin.py:151} INFO - [2026-06-19T10:22:55.828+0000] {dag.py:2941} INFO - Sync 1 DAGs
[2026-06-19T10:22:55.847+0000] {logging_mixin.py:151} INFO - [2026-06-19T10:22:55.847+0000] {dag.py:3722} INFO - Setting next_dagrun for pipeline_ingestion_suivi to 2026-06-19T09:00:00+00:00, run_after=2026-06-19T10:00:00+00:00
[2026-06-19T10:22:55.866+0000] {processor.py:179} INFO - Processing /opt/airflow/dags/dag_suivi.py took 0.093 seconds
[2026-06-19T10:23:25.979+0000] {processor.py:157} INFO - Started process (PID=199) to work on /opt/airflow/dags/dag_suivi.py
[2026-06-19T10:23:25.980+0000] {processor.py:829} INFO - Processing file /opt/airflow/dags/dag_suivi.py for tasks to queue
[2026-06-19T10:23:25.981+0000] {logging_mixin.py:151} INFO - [2026-06-19T10:23:25.981+0000] {dagbag.py:536} INFO - Filling up the DagBag from /opt/airflow/dags/dag_suivi.py
[2026-06-19T10:23:25.998+0000] {processor.py:839} INFO - DAG(s) dict_keys(['pipeline_ingestion_suivi']) retrieved from /opt/airflow/dags/dag_suivi.py
[2026-06-19T10:23:26.020+0000] {logging_mixin.py:151} INFO - [2026-06-19T10:23:26.020+0000] {dag.py:2941} INFO - Sync 1 DAGs
[2026-06-19T10:23:26.038+0000] {logging_mixin.py:151} INFO - [2026-06-19T10:23:26.038+0000] {dag.py:3722} INFO - Setting next_dagrun for pipeline_ingestion_suivi to 2026-06-19T09:00:00+00:00, run_after=2026-06-19T10:00:00+00:00
[2026-06-19T10:23:26.064+0000] {processor.py:179} INFO - Processing /opt/airflow/dags/dag_suivi.py took 0.088 seconds
[2026-06-19T10:23:56.264+0000] {processor.py:157} INFO - Started process (PID=204) to work on /opt/airflow/dags/dag_suivi.py
[2026-06-19T10:23:56.265+0000] {processor.py:829} INFO - Processing file /opt/airflow/dags/dag_suivi.py for tasks to queue
[2026-06-19T10:23:56.266+0000] {logging_mixin.py:151} INFO - [2026-06-19T10:23:56.266+0000] {dagbag.py:536} INFO - Filling up the DagBag from /opt/airflow/dags/dag_suivi.py
[2026-06-19T10:23:56.282+0000] {processor.py:839} INFO - DAG(s) dict_keys(['pipeline_ingestion_suivi']) retrieved from /opt/airflow/dags/dag_suivi.py
[2026-06-19T10:23:56.307+0000] {logging_mixin.py:151} INFO - [2026-06-19T10:23:56.307+0000] {dag.py:2941} INFO - Sync 1 DAGs
[2026-06-19T10:23:56.326+0000] {logging_mixin.py:151} INFO - [2026-06-19T10:23:56.326+0000] {dag.py:3722} INFO - Setting next_dagrun for pipeline_ingestion_suivi to 2026-06-19T09:00:00+00:00, run_after=2026-06-19T10:00:00+00:00
[2026-06-19T10:23:56.346+0000] {processor.py:179} INFO - Processing /opt/airflow/dags/dag_suivi.py took 0.084 seconds
[2026-06-19T10:24:26.477+0000] {processor.py:157} INFO - Started process (PID=209) to work on /opt/airflow/dags/dag_suivi.py
[2026-06-19T10:24:26.478+0000] {processor.py:829} INFO - Processing file /opt/airflow/dags/dag_suivi.py for tasks to queue
[2026-06-19T10:24:26.479+0000] {logging_mixin.py:151} INFO - [2026-06-19T10:24:26.479+0000] {dagbag.py:536} INFO - Filling up the DagBag from /opt/airflow/dags/dag_suivi.py
[2026-06-19T10:24:26.496+0000] {processor.py:839} INFO - DAG(s) dict_keys(['pipeline_ingestion_suivi']) retrieved from /opt/airflow/dags/dag_suivi.py
[2026-06-19T10:24:26.518+0000] {logging_mixin.py:151} INFO - [2026-06-19T10:24:26.518+0000] {dag.py:2941} INFO - Sync 1 DAGs
[2026-06-19T10:24:26.535+0000] {logging_mixin.py:151} INFO - [2026-06-19T10:24:26.535+0000] {dag.py:3722} INFO - Setting next_dagrun for pipeline_ingestion_suivi to 2026-06-19T09:00:00+00:00, run_after=2026-06-19T10:00:00+00:00
[2026-06-19T10:24:26.567+0000] {processor.py:179} INFO - Processing /opt/airflow/dags/dag_suivi.py took 0.092 seconds
[2026-06-19T10:24:56.709+0000] {processor.py:157} INFO - Started process (PID=214) to work on /opt/airflow/dags/dag_suivi.py
[2026-06-19T10:24:56.710+0000] {processor.py:829} INFO - Processing file /opt/airflow/dags/dag_suivi.py for tasks to queue
[2026-06-19T10:24:56.711+0000] {logging_mixin.py:151} INFO - [2026-06-19T10:24:56.711+0000] {dagbag.py:536} INFO - Filling up the DagBag from /opt/airflow/dags/dag_suivi.py
[2026-06-19T10:24:56.733+0000] {processor.py:839} INFO - DAG(s) dict_keys(['pipeline_ingestion_suivi']) retrieved from /opt/airflow/dags/dag_suivi.py
[2026-06-19T10:24:56.756+0000] {logging_mixin.py:151} INFO - [2026-06-19T10:24:56.755+0000] {dag.py:2941} INFO - Sync 1 DAGs
[2026-06-19T10:24:56.772+0000] {logging_mixin.py:151} INFO - [2026-06-19T10:24:56.772+0000] {dag.py:3722} INFO - Setting next_dagrun for pipeline_ingestion_suivi to 2026-06-19T09:00:00+00:00, run_after=2026-06-19T10:00:00+00:00
[2026-06-19T10:24:56.790+0000] {processor.py:179} INFO - Processing /opt/airflow/dags/dag_suivi.py took 0.085 seconds
[2026-06-19T10:25:26.931+0000] {processor.py:157} INFO - Started process (PID=219) to work on /opt/airflow/dags/dag_suivi.py
[2026-06-19T10:25:26.932+0000] {processor.py:829} INFO - Processing file /opt/airflow/dags/dag_suivi.py for tasks to queue
[2026-06-19T10:25:26.934+0000] {logging_mixin.py:151} INFO - [2026-06-19T10:25:26.934+0000] {dagbag.py:536} INFO - Filling up the DagBag from /opt/airflow/dags/dag_suivi.py
[2026-06-19T10:25:26.966+0000] {processor.py:839} INFO - DAG(s) dict_keys(['pipeline_ingestion_suivi']) retrieved from /opt/airflow/dags/dag_suivi.py
[2026-06-19T10:25:27.010+0000] {logging_mixin.py:151} INFO - [2026-06-19T10:25:27.009+0000] {dag.py:2941} INFO - Sync 1 DAGs
[2026-06-19T10:25:27.041+0000] {logging_mixin.py:151} INFO - [2026-06-19T10:25:27.041+0000] {dag.py:3722} INFO - Setting next_dagrun for pipeline_ingestion_suivi to 2026-06-19T09:00:00+00:00, run_after=2026-06-19T10:00:00+00:00
[2026-06-19T10:25:27.068+0000] {processor.py:179} INFO - Processing /opt/airflow/dags/dag_suivi.py took 0.144 seconds
[2026-06-19T10:25:57.209+0000] {processor.py:157} INFO - Started process (PID=224) to work on /opt/airflow/dags/dag_suivi.py
[2026-06-19T10:25:57.210+0000] {processor.py:829} INFO - Processing file /opt/airflow/dags/dag_suivi.py for tasks to queue
[2026-06-19T10:25:57.211+0000] {logging_mixin.py:151} INFO - [2026-06-19T10:25:57.211+0000] {dagbag.py:536} INFO - Filling up the DagBag from /opt/airflow/dags/dag_suivi.py
[2026-06-19T10:25:57.236+0000] {processor.py:839} INFO - DAG(s) dict_keys(['pipeline_ingestion_suivi']) retrieved from /opt/airflow/dags/dag_suivi.py
[2026-06-19T10:25:57.270+0000] {logging_mixin.py:151} INFO - [2026-06-19T10:25:57.270+0000] {dag.py:2941} INFO - Sync 1 DAGs
[2026-06-19T10:25:57.295+0000] {logging_mixin.py:151} INFO - [2026-06-19T10:25:57.294+0000] {dag.py:3722} INFO - Setting next_dagrun for pipeline_ingestion_suivi to 2026-06-19T09:00:00+00:00, run_after=2026-06-19T10:00:00+00:00
[2026-06-19T10:25:57.325+0000] {processor.py:179} INFO - Processing /opt/airflow/dags/dag_suivi.py took 0.120 seconds
[2026-06-19T10:27:21.191+0000] {processor.py:157} INFO - Started process (PID=169) to work on /opt/airflow/dags/dag_suivi.py
[2026-06-19T10:27:21.198+0000] {processor.py:829} INFO - Processing file /opt/airflow/dags/dag_suivi.py for tasks to queue
[2026-06-19T10:27:21.202+0000] {logging_mixin.py:151} INFO - [2026-06-19T10:27:21.201+0000] {dagbag.py:536} INFO - Filling up the DagBag from /opt/airflow/dags/dag_suivi.py
[2026-06-19T10:27:21.249+0000] {processor.py:839} INFO - DAG(s) dict_keys(['pipeline_ingestion_suivi']) retrieved from /opt/airflow/dags/dag_suivi.py
[2026-06-19T10:27:21.302+0000] {logging_mixin.py:151} INFO - [2026-06-19T10:27:21.301+0000] {dag.py:2941} INFO - Sync 1 DAGs
[2026-06-19T10:27:21.352+0000] {logging_mixin.py:151} INFO - [2026-06-19T10:27:21.352+0000] {dag.py:3722} INFO - Setting next_dagrun for pipeline_ingestion_suivi to 2026-06-19T09:00:00+00:00, run_after=2026-06-19T10:00:00+00:00
[2026-06-19T10:27:21.397+0000] {processor.py:179} INFO - Processing /opt/airflow/dags/dag_suivi.py took 0.218 seconds
[2026-06-19T10:27:51.461+0000] {processor.py:157} INFO - Started process (PID=174) to work on /opt/airflow/dags/dag_suivi.py
[2026-06-19T10:27:51.462+0000] {processor.py:829} INFO - Processing file /opt/airflow/dags/dag_suivi.py for tasks to queue
[2026-06-19T10:27:51.462+0000] {logging_mixin.py:151} INFO - [2026-06-19T10:27:51.462+0000] {dagbag.py:536} INFO - Filling up the DagBag from /opt/airflow/dags/dag_suivi.py
[2026-06-19T10:27:51.482+0000] {processor.py:839} INFO - DAG(s) dict_keys(['pipeline_ingestion_suivi']) retrieved from /opt/airflow/dags/dag_suivi.py
[2026-06-19T10:27:51.505+0000] {logging_mixin.py:151} INFO - [2026-06-19T10:27:51.505+0000] {dag.py:2941} INFO - Sync 1 DAGs
[2026-06-19T10:27:51.524+0000] {logging_mixin.py:151} INFO - [2026-06-19T10:27:51.524+0000] {dag.py:3722} INFO - Setting next_dagrun for pipeline_ingestion_suivi to 2026-06-19T09:00:00+00:00, run_after=2026-06-19T10:00:00+00:00
[2026-06-19T10:27:51.550+0000] {processor.py:179} INFO - Processing /opt/airflow/dags/dag_suivi.py took 0.093 seconds
[2026-06-19T10:28:21.707+0000] {processor.py:157} INFO - Started process (PID=179) to work on /opt/airflow/dags/dag_suivi.py
[2026-06-19T10:28:21.708+0000] {processor.py:829} INFO - Processing file /opt/airflow/dags/dag_suivi.py for tasks to queue
[2026-06-19T10:28:21.709+0000] {logging_mixin.py:151} INFO - [2026-06-19T10:28:21.709+0000] {dagbag.py:536} INFO - Filling up the DagBag from /opt/airflow/dags/dag_suivi.py
[2026-06-19T10:28:21.728+0000] {processor.py:839} INFO - DAG(s) dict_keys(['pipeline_ingestion_suivi']) retrieved from /opt/airflow/dags/dag_suivi.py
[2026-06-19T10:28:21.754+0000] {logging_mixin.py:151} INFO - [2026-06-19T10:28:21.754+0000] {dag.py:2941} INFO - Sync 1 DAGs
[2026-06-19T10:28:21.773+0000] {logging_mixin.py:151} INFO - [2026-06-19T10:28:21.773+0000] {dag.py:3722} INFO - Setting next_dagrun for pipeline_ingestion_suivi to 2026-06-19T09:00:00+00:00, run_after=2026-06-19T10:00:00+00:00
[2026-06-19T10:28:21.797+0000] {processor.py:179} INFO - Processing /opt/airflow/dags/dag_suivi.py took 0.093 seconds
[2026-06-19T10:28:51.983+0000] {processor.py:157} INFO - Started process (PID=184) to work on /opt/airflow/dags/dag_suivi.py
[2026-06-19T10:28:51.984+0000] {processor.py:829} INFO - Processing file /opt/airflow/dags/dag_suivi.py for tasks to queue
[2026-06-19T10:28:51.985+0000] {logging_mixin.py:151} INFO - [2026-06-19T10:28:51.985+0000] {dagbag.py:536} INFO - Filling up the DagBag from /opt/airflow/dags/dag_suivi.py
[2026-06-19T10:28:52.011+0000] {processor.py:839} INFO - DAG(s) dict_keys(['pipeline_ingestion_suivi']) retrieved from /opt/airflow/dags/dag_suivi.py
[2026-06-19T10:28:52.046+0000] {logging_mixin.py:151} INFO - [2026-06-19T10:28:52.046+0000] {dag.py:2941} INFO - Sync 1 DAGs
[2026-06-19T10:28:52.064+0000] {logging_mixin.py:151} INFO - [2026-06-19T10:28:52.064+0000] {dag.py:3722} INFO - Setting next_dagrun for pipeline_ingestion_suivi to 2026-06-19T09:00:00+00:00, run_after=2026-06-19T10:00:00+00:00
[2026-06-19T10:28:52.092+0000] {processor.py:179} INFO - Processing /opt/airflow/dags/dag_suivi.py took 0.111 seconds
[2026-06-19T10:29:22.185+0000] {processor.py:157} INFO - Started process (PID=189) to work on /opt/airflow/dags/dag_suivi.py
[2026-06-19T10:29:22.186+0000] {processor.py:829} INFO - Processing file /opt/airflow/dags/dag_suivi.py for tasks to queue
[2026-06-19T10:29:22.187+0000] {logging_mixin.py:151} INFO - [2026-06-19T10:29:22.186+0000] {dagbag.py:536} INFO - Filling up the DagBag from /opt/airflow/dags/dag_suivi.py
[2026-06-19T10:29:22.206+0000] {processor.py:839} INFO - DAG(s) dict_keys(['pipeline_ingestion_suivi']) retrieved from /opt/airflow/dags/dag_suivi.py
[2026-06-19T10:29:22.234+0000] {logging_mixin.py:151} INFO - [2026-06-19T10:29:22.234+0000] {dag.py:2941} INFO - Sync 1 DAGs
[2026-06-19T10:29:22.255+0000] {logging_mixin.py:151} INFO - [2026-06-19T10:29:22.255+0000] {dag.py:3722} INFO - Setting next_dagrun for pipeline_ingestion_suivi to 2026-06-19T09:00:00+00:00, run_after=2026-06-19T10:00:00+00:00
[2026-06-19T10:29:22.279+0000] {processor.py:179} INFO - Processing /opt/airflow/dags/dag_suivi.py took 0.097 seconds
[2026-06-19T10:29:52.461+0000] {processor.py:157} INFO - Started process (PID=194) to work on /opt/airflow/dags/dag_suivi.py
[2026-06-19T10:29:52.461+0000] {processor.py:829} INFO - Processing file /opt/airflow/dags/dag_suivi.py for tasks to queue
[2026-06-19T10:29:52.462+0000] {logging_mixin.py:151} INFO - [2026-06-19T10:29:52.462+0000] {dagbag.py:536} INFO - Filling up the DagBag from /opt/airflow/dags/dag_suivi.py
[2026-06-19T10:29:52.480+0000] {processor.py:839} INFO - DAG(s) dict_keys(['pipeline_ingestion_suivi']) retrieved from /opt/airflow/dags/dag_suivi.py
[2026-06-19T10:29:52.505+0000] {logging_mixin.py:151} INFO - [2026-06-19T10:29:52.505+0000] {dag.py:2941} INFO - Sync 1 DAGs
[2026-06-19T10:29:52.524+0000] {logging_mixin.py:151} INFO - [2026-06-19T10:29:52.524+0000] {dag.py:3722} INFO - Setting next_dagrun for pipeline_ingestion_suivi to 2026-06-19T09:00:00+00:00, run_after=2026-06-19T10:00:00+00:00
[2026-06-19T10:29:52.551+0000] {processor.py:179} INFO - Processing /opt/airflow/dags/dag_suivi.py took 0.093 seconds
[2026-06-19T10:30:22.677+0000] {processor.py:157} INFO - Started process (PID=199) to work on /opt/airflow/dags/dag_suivi.py
[2026-06-19T10:30:22.678+0000] {processor.py:829} INFO - Processing file /opt/airflow/dags/dag_suivi.py for tasks to queue
[2026-06-19T10:30:22.679+0000] {logging_mixin.py:151} INFO - [2026-06-19T10:30:22.678+0000] {dagbag.py:536} INFO - Filling up the DagBag from /opt/airflow/dags/dag_suivi.py
[2026-06-19T10:30:22.696+0000] {processor.py:839} INFO - DAG(s) dict_keys(['pipeline_ingestion_suivi']) retrieved from /opt/airflow/dags/dag_suivi.py
[2026-06-19T10:30:22.721+0000] {logging_mixin.py:151} INFO - [2026-06-19T10:30:22.721+0000] {dag.py:2941} INFO - Sync 1 DAGs
[2026-06-19T10:30:22.738+0000] {logging_mixin.py:151} INFO - [2026-06-19T10:30:22.738+0000] {dag.py:3722} INFO - Setting next_dagrun for pipeline_ingestion_suivi to 2026-06-19T09:00:00+00:00, run_after=2026-06-19T10:00:00+00:00
[2026-06-19T10:30:22.766+0000] {processor.py:179} INFO - Processing /opt/airflow/dags/dag_suivi.py took 0.092 seconds
[2026-06-19T10:30:52.960+0000] {processor.py:157} INFO - Started process (PID=204) to work on /opt/airflow/dags/dag_suivi.py
[2026-06-19T10:30:52.960+0000] {processor.py:829} INFO - Processing file /opt/airflow/dags/dag_suivi.py for tasks to queue
[2026-06-19T10:30:52.961+0000] {logging_mixin.py:151} INFO - [2026-06-19T10:30:52.961+0000] {dagbag.py:536} INFO - Filling up the DagBag from /opt/airflow/dags/dag_suivi.py
[2026-06-19T10:30:52.977+0000] {processor.py:839} INFO - DAG(s) dict_keys(['pipeline_ingestion_suivi']) retrieved from /opt/airflow/dags/dag_suivi.py
[2026-06-19T10:30:52.999+0000] {logging_mixin.py:151} INFO - [2026-06-19T10:30:52.999+0000] {dag.py:2941} INFO - Sync 1 DAGs
[2026-06-19T10:30:53.020+0000] {logging_mixin.py:151} INFO - [2026-06-19T10:30:53.020+0000] {dag.py:3722} INFO - Setting next_dagrun for pipeline_ingestion_suivi to 2026-06-19T09:00:00+00:00, run_after=2026-06-19T10:00:00+00:00
[2026-06-19T10:30:53.046+0000] {processor.py:179} INFO - Processing /opt/airflow/dags/dag_suivi.py took 0.089 seconds
[2026-06-19T10:31:23.219+0000] {processor.py:157} INFO - Started process (PID=209) to work on /opt/airflow/dags/dag_suivi.py
[2026-06-19T10:31:23.220+0000] {processor.py:829} INFO - Processing file /opt/airflow/dags/dag_suivi.py for tasks to queue
[2026-06-19T10:31:23.221+0000] {logging_mixin.py:151} INFO - [2026-06-19T10:31:23.220+0000] {dagbag.py:536} INFO - Filling up the DagBag from /opt/airflow/dags/dag_suivi.py
[2026-06-19T10:31:23.238+0000] {processor.py:839} INFO - DAG(s) dict_keys(['pipeline_ingestion_suivi']) retrieved from /opt/airflow/dags/dag_suivi.py
[2026-06-19T10:31:23.263+0000] {logging_mixin.py:151} INFO - [2026-06-19T10:31:23.263+0000] {dag.py:2941} INFO - Sync 1 DAGs
[2026-06-19T10:31:23.282+0000] {logging_mixin.py:151} INFO - [2026-06-19T10:31:23.282+0000] {dag.py:3722} INFO - Setting next_dagrun for pipeline_ingestion_suivi to 2026-06-19T09:00:00+00:00, run_after=2026-06-19T10:00:00+00:00
[2026-06-19T10:31:23.302+0000] {processor.py:179} INFO - Processing /opt/airflow/dags/dag_suivi.py took 0.086 seconds
[2026-06-19T10:31:53.494+0000] {processor.py:157} INFO - Started process (PID=214) to work on /opt/airflow/dags/dag_suivi.py
[2026-06-19T10:31:53.495+0000] {processor.py:829} INFO - Processing file /opt/airflow/dags/dag_suivi.py for tasks to queue
[2026-06-19T10:31:53.496+0000] {logging_mixin.py:151} INFO - [2026-06-19T10:31:53.495+0000] {dagbag.py:536} INFO - Filling up the DagBag from /opt/airflow/dags/dag_suivi.py
[2026-06-19T10:31:53.513+0000] {processor.py:839} INFO - DAG(s) dict_keys(['pipeline_ingestion_suivi']) retrieved from /opt/airflow/dags/dag_suivi.py
[2026-06-19T10:31:53.538+0000] {logging_mixin.py:151} INFO - [2026-06-19T10:31:53.538+0000] {dag.py:2941} INFO - Sync 1 DAGs
[2026-06-19T10:31:53.556+0000] {logging_mixin.py:151} INFO - [2026-06-19T10:31:53.556+0000] {dag.py:3722} INFO - Setting next_dagrun for pipeline_ingestion_suivi to 2026-06-19T09:00:00+00:00, run_after=2026-06-19T10:00:00+00:00
[2026-06-19T10:31:53.574+0000] {processor.py:179} INFO - Processing /opt/airflow/dags/dag_suivi.py took 0.082 seconds
[2026-06-19T10:32:23.813+0000] {processor.py:157} INFO - Started process (PID=219) to work on /opt/airflow/dags/dag_suivi.py
[2026-06-19T10:32:23.813+0000] {processor.py:829} INFO - Processing file /opt/airflow/dags/dag_suivi.py for tasks to queue
[2026-06-19T10:32:23.814+0000] {logging_mixin.py:151} INFO - [2026-06-19T10:32:23.814+0000] {dagbag.py:536} INFO - Filling up the DagBag from /opt/airflow/dags/dag_suivi.py
[2026-06-19T10:32:23.830+0000] {processor.py:839} INFO - DAG(s) dict_keys(['pipeline_ingestion_suivi']) retrieved from /opt/airflow/dags/dag_suivi.py
[2026-06-19T10:32:23.856+0000] {logging_mixin.py:151} INFO - [2026-06-19T10:32:23.856+0000] {dag.py:2941} INFO - Sync 1 DAGs
[2026-06-19T10:32:23.878+0000] {logging_mixin.py:151} INFO - [2026-06-19T10:32:23.878+0000] {dag.py:3722} INFO - Setting next_dagrun for pipeline_ingestion_suivi to 2026-06-19T09:00:00+00:00, run_after=2026-06-19T10:00:00+00:00
[2026-06-19T10:32:23.907+0000] {processor.py:179} INFO - Processing /opt/airflow/dags/dag_suivi.py took 0.096 seconds
[2026-06-19T10:32:54.086+0000] {processor.py:157} INFO - Started process (PID=224) to work on /opt/airflow/dags/dag_suivi.py
[2026-06-19T10:32:54.087+0000] {processor.py:829} INFO - Processing file /opt/airflow/dags/dag_suivi.py for tasks to queue
[2026-06-19T10:32:54.088+0000] {logging_mixin.py:151} INFO - [2026-06-19T10:32:54.088+0000] {dagbag.py:536} INFO - Filling up the DagBag from /opt/airflow/dags/dag_suivi.py
[2026-06-19T10:32:54.108+0000] {processor.py:839} INFO - DAG(s) dict_keys(['pipeline_ingestion_suivi']) retrieved from /opt/airflow/dags/dag_suivi.py
[2026-06-19T10:32:54.136+0000] {logging_mixin.py:151} INFO - [2026-06-19T10:32:54.136+0000] {dag.py:2941} INFO - Sync 1 DAGs
[2026-06-19T10:32:54.154+0000] {logging_mixin.py:151} INFO - [2026-06-19T10:32:54.154+0000] {dag.py:3722} INFO - Setting next_dagrun for pipeline_ingestion_suivi to 2026-06-19T09:00:00+00:00, run_after=2026-06-19T10:00:00+00:00
[2026-06-19T10:32:54.172+0000] {processor.py:179} INFO - Processing /opt/airflow/dags/dag_suivi.py took 0.089 seconds
[2026-06-19T10:33:24.382+0000] {processor.py:157} INFO - Started process (PID=229) to work on /opt/airflow/dags/dag_suivi.py
[2026-06-19T10:33:24.382+0000] {processor.py:829} INFO - Processing file /opt/airflow/dags/dag_suivi.py for tasks to queue
[2026-06-19T10:33:24.383+0000] {logging_mixin.py:151} INFO - [2026-06-19T10:33:24.383+0000] {dagbag.py:536} INFO - Filling up the DagBag from /opt/airflow/dags/dag_suivi.py
[2026-06-19T10:33:24.401+0000] {processor.py:839} INFO - DAG(s) dict_keys(['pipeline_ingestion_suivi']) retrieved from /opt/airflow/dags/dag_suivi.py
[2026-06-19T10:33:24.429+0000] {logging_mixin.py:151} INFO - [2026-06-19T10:33:24.429+0000] {dag.py:2941} INFO - Sync 1 DAGs
[2026-06-19T10:33:24.446+0000] {logging_mixin.py:151} INFO - [2026-06-19T10:33:24.446+0000] {dag.py:3722} INFO - Setting next_dagrun for pipeline_ingestion_suivi to 2026-06-19T09:00:00+00:00, run_after=2026-06-19T10:00:00+00:00
[2026-06-19T10:33:24.466+0000] {processor.py:179} INFO - Processing /opt/airflow/dags/dag_suivi.py took 0.088 seconds
[2026-06-19T10:33:54.632+0000] {processor.py:157} INFO - Started process (PID=234) to work on /opt/airflow/dags/dag_suivi.py
[2026-06-19T10:33:54.633+0000] {processor.py:829} INFO - Processing file /opt/airflow/dags/dag_suivi.py for tasks to queue
[2026-06-19T10:33:54.634+0000] {logging_mixin.py:151} INFO - [2026-06-19T10:33:54.633+0000] {dagbag.py:536} INFO - Filling up the DagBag from /opt/airflow/dags/dag_suivi.py
[2026-06-19T10:33:54.651+0000] {processor.py:839} INFO - DAG(s) dict_keys(['pipeline_ingestion_suivi']) retrieved from /opt/airflow/dags/dag_suivi.py
[2026-06-19T10:33:54.676+0000] {logging_mixin.py:151} INFO - [2026-06-19T10:33:54.676+0000] {dag.py:2941} INFO - Sync 1 DAGs
[2026-06-19T10:33:54.712+0000] {logging_mixin.py:151} INFO - [2026-06-19T10:33:54.712+0000] {dag.py:3722} INFO - Setting next_dagrun for pipeline_ingestion_suivi to 2026-06-19T09:00:00+00:00, run_after=2026-06-19T10:00:00+00:00
[2026-06-19T10:33:54.732+0000] {processor.py:179} INFO - Processing /opt/airflow/dags/dag_suivi.py took 0.103 seconds
[2026-06-19T10:34:24.949+0000] {processor.py:157} INFO - Started process (PID=239) to work on /opt/airflow/dags/dag_suivi.py
[2026-06-19T10:34:24.949+0000] {processor.py:829} INFO - Processing file /opt/airflow/dags/dag_suivi.py for tasks to queue
[2026-06-19T10:34:24.950+0000] {logging_mixin.py:151} INFO - [2026-06-19T10:34:24.950+0000] {dagbag.py:536} INFO - Filling up the DagBag from /opt/airflow/dags/dag_suivi.py
[2026-06-19T10:34:24.968+0000] {processor.py:839} INFO - DAG(s) dict_keys(['pipeline_ingestion_suivi']) retrieved from /opt/airflow/dags/dag_suivi.py
[2026-06-19T10:34:24.994+0000] {logging_mixin.py:151} INFO - [2026-06-19T10:34:24.994+0000] {dag.py:2941} INFO - Sync 1 DAGs
[2026-06-19T10:34:25.013+0000] {logging_mixin.py:151} INFO - [2026-06-19T10:34:25.013+0000] {dag.py:3722} INFO - Setting next_dagrun for pipeline_ingestion_suivi to 2026-06-19T09:00:00+00:00, run_after=2026-06-19T10:00:00+00:00
[2026-06-19T10:34:25.038+0000] {processor.py:179} INFO - Processing /opt/airflow/dags/dag_suivi.py took 0.092 seconds
[2026-06-19T10:34:55.189+0000] {processor.py:157} INFO - Started process (PID=244) to work on /opt/airflow/dags/dag_suivi.py
[2026-06-19T10:34:55.190+0000] {processor.py:829} INFO - Processing file /opt/airflow/dags/dag_suivi.py for tasks to queue
[2026-06-19T10:34:55.191+0000] {logging_mixin.py:151} INFO - [2026-06-19T10:34:55.191+0000] {dagbag.py:536} INFO - Filling up the DagBag from /opt/airflow/dags/dag_suivi.py
[2026-06-19T10:34:55.207+0000] {processor.py:839} INFO - DAG(s) dict_keys(['pipeline_ingestion_suivi']) retrieved from /opt/airflow/dags/dag_suivi.py
[2026-06-19T10:34:55.231+0000] {logging_mixin.py:151} INFO - [2026-06-19T10:34:55.231+0000] {dag.py:2941} INFO - Sync 1 DAGs
[2026-06-19T10:34:55.251+0000] {logging_mixin.py:151} INFO - [2026-06-19T10:34:55.251+0000] {dag.py:3722} INFO - Setting next_dagrun for pipeline_ingestion_suivi to 2026-06-19T09:00:00+00:00, run_after=2026-06-19T10:00:00+00:00
[2026-06-19T10:34:55.271+0000] {processor.py:179} INFO - Processing /opt/airflow/dags/dag_suivi.py took 0.084 seconds
[2026-06-19T10:35:25.501+0000] {processor.py:157} INFO - Started process (PID=249) to work on /opt/airflow/dags/dag_suivi.py
[2026-06-19T10:35:25.502+0000] {processor.py:829} INFO - Processing file /opt/airflow/dags/dag_suivi.py for tasks to queue
[2026-06-19T10:35:25.503+0000] {logging_mixin.py:151} INFO - [2026-06-19T10:35:25.502+0000] {dagbag.py:536} INFO - Filling up the DagBag from /opt/airflow/dags/dag_suivi.py
[2026-06-19T10:35:25.521+0000] {processor.py:839} INFO - DAG(s) dict_keys(['pipeline_ingestion_suivi']) retrieved from /opt/airflow/dags/dag_suivi.py
[2026-06-19T10:35:25.543+0000] {logging_mixin.py:151} INFO - [2026-06-19T10:35:25.543+0000] {dag.py:2941} INFO - Sync 1 DAGs
[2026-06-19T10:35:25.560+0000] {logging_mixin.py:151} INFO - [2026-06-19T10:35:25.560+0000] {dag.py:3722} INFO - Setting next_dagrun for pipeline_ingestion_suivi to 2026-06-19T09:00:00+00:00, run_after=2026-06-19T10:00:00+00:00
[2026-06-19T10:35:25.578+0000] {processor.py:179} INFO - Processing /opt/airflow/dags/dag_suivi.py took 0.084 seconds
[2026-06-19T10:35:55.757+0000] {processor.py:157} INFO - Started process (PID=254) to work on /opt/airflow/dags/dag_suivi.py
[2026-06-19T10:35:55.758+0000] {processor.py:829} INFO - Processing file /opt/airflow/dags/dag_suivi.py for tasks to queue
[2026-06-19T10:35:55.758+0000] {logging_mixin.py:151} INFO - [2026-06-19T10:35:55.758+0000] {dagbag.py:536} INFO - Filling up the DagBag from /opt/airflow/dags/dag_suivi.py
[2026-06-19T10:35:55.776+0000] {processor.py:839} INFO - DAG(s) dict_keys(['pipeline_ingestion_suivi']) retrieved from /opt/airflow/dags/dag_suivi.py
[2026-06-19T10:35:55.801+0000] {logging_mixin.py:151} INFO - [2026-06-19T10:35:55.800+0000] {dag.py:2941} INFO - Sync 1 DAGs
[2026-06-19T10:35:55.818+0000] {logging_mixin.py:151} INFO - [2026-06-19T10:35:55.818+0000] {dag.py:3722} INFO - Setting next_dagrun for pipeline_ingestion_suivi to 2026-06-19T09:00:00+00:00, run_after=2026-06-19T10:00:00+00:00
[2026-06-19T10:35:55.836+0000] {processor.py:179} INFO - Processing /opt/airflow/dags/dag_suivi.py took 0.083 seconds
[2026-06-19T10:36:26.052+0000] {processor.py:157} INFO - Started process (PID=259) to work on /opt/airflow/dags/dag_suivi.py
[2026-06-19T10:36:26.053+0000] {processor.py:829} INFO - Processing file /opt/airflow/dags/dag_suivi.py for tasks to queue
[2026-06-19T10:36:26.054+0000] {logging_mixin.py:151} INFO - [2026-06-19T10:36:26.054+0000] {dagbag.py:536} INFO - Filling up the DagBag from /opt/airflow/dags/dag_suivi.py
[2026-06-19T10:36:26.072+0000] {processor.py:839} INFO - DAG(s) dict_keys(['pipeline_ingestion_suivi']) retrieved from /opt/airflow/dags/dag_suivi.py
[2026-06-19T10:36:26.096+0000] {logging_mixin.py:151} INFO - [2026-06-19T10:36:26.095+0000] {dag.py:2941} INFO - Sync 1 DAGs
[2026-06-19T10:36:26.114+0000] {logging_mixin.py:151} INFO - [2026-06-19T10:36:26.114+0000] {dag.py:3722} INFO - Setting next_dagrun for pipeline_ingestion_suivi to 2026-06-19T09:00:00+00:00, run_after=2026-06-19T10:00:00+00:00
[2026-06-19T10:36:26.133+0000] {processor.py:179} INFO - Processing /opt/airflow/dags/dag_suivi.py took 0.084 seconds
[2026-06-19T10:36:56.303+0000] {processor.py:157} INFO - Started process (PID=264) to work on /opt/airflow/dags/dag_suivi.py
[2026-06-19T10:36:56.304+0000] {processor.py:829} INFO - Processing file /opt/airflow/dags/dag_suivi.py for tasks to queue
[2026-06-19T10:36:56.305+0000] {logging_mixin.py:151} INFO - [2026-06-19T10:36:56.305+0000] {dagbag.py:536} INFO - Filling up the DagBag from /opt/airflow/dags/dag_suivi.py
[2026-06-19T10:36:56.321+0000] {processor.py:839} INFO - DAG(s) dict_keys(['pipeline_ingestion_suivi']) retrieved from /opt/airflow/dags/dag_suivi.py
[2026-06-19T10:36:56.344+0000] {logging_mixin.py:151} INFO - [2026-06-19T10:36:56.344+0000] {dag.py:2941} INFO - Sync 1 DAGs
[2026-06-19T10:36:56.362+0000] {logging_mixin.py:151} INFO - [2026-06-19T10:36:56.362+0000] {dag.py:3722} INFO - Setting next_dagrun for pipeline_ingestion_suivi to 2026-06-19T09:00:00+00:00, run_after=2026-06-19T10:00:00+00:00
[2026-06-19T10:36:56.380+0000] {processor.py:179} INFO - Processing /opt/airflow/dags/dag_suivi.py took 0.080 seconds
[2026-06-19T10:37:26.582+0000] {processor.py:157} INFO - Started process (PID=269) to work on /opt/airflow/dags/dag_suivi.py
[2026-06-19T10:37:26.583+0000] {processor.py:829} INFO - Processing file /opt/airflow/dags/dag_suivi.py for tasks to queue
[2026-06-19T10:37:26.583+0000] {logging_mixin.py:151} INFO - [2026-06-19T10:37:26.583+0000] {dagbag.py:536} INFO - Filling up the DagBag from /opt/airflow/dags/dag_suivi.py
[2026-06-19T10:37:26.599+0000] {processor.py:839} INFO - DAG(s) dict_keys(['pipeline_ingestion_suivi']) retrieved from /opt/airflow/dags/dag_suivi.py
[2026-06-19T10:37:26.622+0000] {logging_mixin.py:151} INFO - [2026-06-19T10:37:26.622+0000] {dag.py:2941} INFO - Sync 1 DAGs
[2026-06-19T10:37:26.642+0000] {logging_mixin.py:151} INFO - [2026-06-19T10:37:26.642+0000] {dag.py:3722} INFO - Setting next_dagrun for pipeline_ingestion_suivi to 2026-06-19T09:00:00+00:00, run_after=2026-06-19T10:00:00+00:00
[2026-06-19T10:37:26.660+0000] {processor.py:179} INFO - Processing /opt/airflow/dags/dag_suivi.py took 0.080 seconds
[2026-06-19T10:37:56.807+0000] {processor.py:157} INFO - Started process (PID=274) to work on /opt/airflow/dags/dag_suivi.py
[2026-06-19T10:37:56.808+0000] {processor.py:829} INFO - Processing file /opt/airflow/dags/dag_suivi.py for tasks to queue
[2026-06-19T10:37:56.809+0000] {logging_mixin.py:151} INFO - [2026-06-19T10:37:56.809+0000] {dagbag.py:536} INFO - Filling up the DagBag from /opt/airflow/dags/dag_suivi.py
[2026-06-19T10:37:56.825+0000] {processor.py:839} INFO - DAG(s) dict_keys(['pipeline_ingestion_suivi']) retrieved from /opt/airflow/dags/dag_suivi.py
[2026-06-19T10:37:56.852+0000] {logging_mixin.py:151} INFO - [2026-06-19T10:37:56.851+0000] {dag.py:2941} INFO - Sync 1 DAGs
[2026-06-19T10:37:56.869+0000] {logging_mixin.py:151} INFO - [2026-06-19T10:37:56.869+0000] {dag.py:3722} INFO - Setting next_dagrun for pipeline_ingestion_suivi to 2026-06-19T09:00:00+00:00, run_after=2026-06-19T10:00:00+00:00
[2026-06-19T10:37:56.887+0000] {processor.py:179} INFO - Processing /opt/airflow/dags/dag_suivi.py took 0.082 seconds
[2026-06-19T10:38:27.141+0000] {processor.py:157} INFO - Started process (PID=279) to work on /opt/airflow/dags/dag_suivi.py
[2026-06-19T10:38:27.142+0000] {processor.py:829} INFO - Processing file /opt/airflow/dags/dag_suivi.py for tasks to queue
[2026-06-19T10:38:27.143+0000] {logging_mixin.py:151} INFO - [2026-06-19T10:38:27.143+0000] {dagbag.py:536} INFO - Filling up the DagBag from /opt/airflow/dags/dag_suivi.py
[2026-06-19T10:38:27.162+0000] {processor.py:839} INFO - DAG(s) dict_keys(['pipeline_ingestion_suivi']) retrieved from /opt/airflow/dags/dag_suivi.py
[2026-06-19T10:38:27.185+0000] {logging_mixin.py:151} INFO - [2026-06-19T10:38:27.185+0000] {dag.py:2941} INFO - Sync 1 DAGs
[2026-06-19T10:38:27.204+0000] {logging_mixin.py:151} INFO - [2026-06-19T10:38:27.204+0000] {dag.py:3722} INFO - Setting next_dagrun for pipeline_ingestion_suivi to 2026-06-19T09:00:00+00:00, run_after=2026-06-19T10:00:00+00:00
[2026-06-19T10:38:27.222+0000] {processor.py:179} INFO - Processing /opt/airflow/dags/dag_suivi.py took 0.083 seconds
[2026-06-19T10:38:57.376+0000] {processor.py:157} INFO - Started process (PID=284) to work on /opt/airflow/dags/dag_suivi.py
[2026-06-19T10:38:57.377+0000] {processor.py:829} INFO - Processing file /opt/airflow/dags/dag_suivi.py for tasks to queue
[2026-06-19T10:38:57.378+0000] {logging_mixin.py:151} INFO - [2026-06-19T10:38:57.378+0000] {dagbag.py:536} INFO - Filling up the DagBag from /opt/airflow/dags/dag_suivi.py
[2026-06-19T10:38:57.396+0000] {processor.py:839} INFO - DAG(s) dict_keys(['pipeline_ingestion_suivi']) retrieved from /opt/airflow/dags/dag_suivi.py
[2026-06-19T10:38:57.420+0000] {logging_mixin.py:151} INFO - [2026-06-19T10:38:57.420+0000] {dag.py:2941} INFO - Sync 1 DAGs
[2026-06-19T10:38:57.440+0000] {logging_mixin.py:151} INFO - [2026-06-19T10:38:57.440+0000] {dag.py:3722} INFO - Setting next_dagrun for pipeline_ingestion_suivi to 2026-06-19T09:00:00+00:00, run_after=2026-06-19T10:00:00+00:00
[2026-06-19T10:38:57.460+0000] {processor.py:179} INFO - Processing /opt/airflow/dags/dag_suivi.py took 0.087 seconds
[2026-06-19T10:39:27.665+0000] {processor.py:157} INFO - Started process (PID=289) to work on /opt/airflow/dags/dag_suivi.py
[2026-06-19T10:39:27.666+0000] {processor.py:829} INFO - Processing file /opt/airflow/dags/dag_suivi.py for tasks to queue
[2026-06-19T10:39:27.667+0000] {logging_mixin.py:151} INFO - [2026-06-19T10:39:27.667+0000] {dagbag.py:536} INFO - Filling up the DagBag from /opt/airflow/dags/dag_suivi.py
[2026-06-19T10:39:27.683+0000] {processor.py:839} INFO - DAG(s) dict_keys(['pipeline_ingestion_suivi']) retrieved from /opt/airflow/dags/dag_suivi.py
[2026-06-19T10:39:27.706+0000] {logging_mixin.py:151} INFO - [2026-06-19T10:39:27.706+0000] {dag.py:2941} INFO - Sync 1 DAGs
[2026-06-19T10:39:27.723+0000] {logging_mixin.py:151} INFO - [2026-06-19T10:39:27.723+0000] {dag.py:3722} INFO - Setting next_dagrun for pipeline_ingestion_suivi to 2026-06-19T09:00:00+00:00, run_after=2026-06-19T10:00:00+00:00
[2026-06-19T10:39:27.741+0000] {processor.py:179} INFO - Processing /opt/airflow/dags/dag_suivi.py took 0.078 seconds
[2026-06-19T10:39:57.910+0000] {processor.py:157} INFO - Started process (PID=294) to work on /opt/airflow/dags/dag_suivi.py
[2026-06-19T10:39:57.911+0000] {processor.py:829} INFO - Processing file /opt/airflow/dags/dag_suivi.py for tasks to queue
[2026-06-19T10:39:57.912+0000] {logging_mixin.py:151} INFO - [2026-06-19T10:39:57.912+0000] {dagbag.py:536} INFO - Filling up the DagBag from /opt/airflow/dags/dag_suivi.py
[2026-06-19T10:39:57.930+0000] {processor.py:839} INFO - DAG(s) dict_keys(['pipeline_ingestion_suivi']) retrieved from /opt/airflow/dags/dag_suivi.py
[2026-06-19T10:39:57.954+0000] {logging_mixin.py:151} INFO - [2026-06-19T10:39:57.954+0000] {dag.py:2941} INFO - Sync 1 DAGs
[2026-06-19T10:39:57.976+0000] {logging_mixin.py:151} INFO - [2026-06-19T10:39:57.976+0000] {dag.py:3722} INFO - Setting next_dagrun for pipeline_ingestion_suivi to 2026-06-19T09:00:00+00:00, run_after=2026-06-19T10:00:00+00:00
[2026-06-19T10:39:58.002+0000] {processor.py:179} INFO - Processing /opt/airflow/dags/dag_suivi.py took 0.095 seconds
[2026-06-19T10:40:28.212+0000] {processor.py:157} INFO - Started process (PID=299) to work on /opt/airflow/dags/dag_suivi.py
[2026-06-19T10:40:28.213+0000] {processor.py:829} INFO - Processing file /opt/airflow/dags/dag_suivi.py for tasks to queue
[2026-06-19T10:40:28.214+0000] {logging_mixin.py:151} INFO - [2026-06-19T10:40:28.214+0000] {dagbag.py:536} INFO - Filling up the DagBag from /opt/airflow/dags/dag_suivi.py
[2026-06-19T10:40:28.232+0000] {processor.py:839} INFO - DAG(s) dict_keys(['pipeline_ingestion_suivi']) retrieved from /opt/airflow/dags/dag_suivi.py
[2026-06-19T10:40:28.256+0000] {logging_mixin.py:151} INFO - [2026-06-19T10:40:28.256+0000] {dag.py:2941} INFO - Sync 1 DAGs
[2026-06-19T10:40:28.274+0000] {logging_mixin.py:151} INFO - [2026-06-19T10:40:28.274+0000] {dag.py:3722} INFO - Setting next_dagrun for pipeline_ingestion_suivi to 2026-06-19T09:00:00+00:00, run_after=2026-06-19T10:00:00+00:00
[2026-06-19T10:40:28.297+0000] {processor.py:179} INFO - Processing /opt/airflow/dags/dag_suivi.py took 0.087 seconds
[2026-06-19T10:40:58.441+0000] {processor.py:157} INFO - Started process (PID=304) to work on /opt/airflow/dags/dag_suivi.py
[2026-06-19T10:40:58.442+0000] {processor.py:829} INFO - Processing file /opt/airflow/dags/dag_suivi.py for tasks to queue
[2026-06-19T10:40:58.443+0000] {logging_mixin.py:151} INFO - [2026-06-19T10:40:58.443+0000] {dagbag.py:536} INFO - Filling up the DagBag from /opt/airflow/dags/dag_suivi.py
[2026-06-19T10:40:58.465+0000] {processor.py:839} INFO - DAG(s) dict_keys(['pipeline_ingestion_suivi']) retrieved from /opt/airflow/dags/dag_suivi.py
[2026-06-19T10:40:58.494+0000] {logging_mixin.py:151} INFO - [2026-06-19T10:40:58.494+0000] {dag.py:2941} INFO - Sync 1 DAGs
[2026-06-19T10:40:58.514+0000] {logging_mixin.py:151} INFO - [2026-06-19T10:40:58.514+0000] {dag.py:3722} INFO - Setting next_dagrun for pipeline_ingestion_suivi to 2026-06-19T09:00:00+00:00, run_after=2026-06-19T10:00:00+00:00
[2026-06-19T10:40:58.533+0000] {processor.py:179} INFO - Processing /opt/airflow/dags/dag_suivi.py took 0.097 seconds
[2026-06-19T10:41:28.697+0000] {processor.py:157} INFO - Started process (PID=309) to work on /opt/airflow/dags/dag_suivi.py
[2026-06-19T10:41:28.698+0000] {processor.py:829} INFO - Processing file /opt/airflow/dags/dag_suivi.py for tasks to queue
[2026-06-19T10:41:28.699+0000] {logging_mixin.py:151} INFO - [2026-06-19T10:41:28.698+0000] {dagbag.py:536} INFO - Filling up the DagBag from /opt/airflow/dags/dag_suivi.py
[2026-06-19T10:41:28.716+0000] {processor.py:839} INFO - DAG(s) dict_keys(['pipeline_ingestion_suivi']) retrieved from /opt/airflow/dags/dag_suivi.py
[2026-06-19T10:41:28.740+0000] {logging_mixin.py:151} INFO - [2026-06-19T10:41:28.740+0000] {dag.py:2941} INFO - Sync 1 DAGs
[2026-06-19T10:41:28.760+0000] {logging_mixin.py:151} INFO - [2026-06-19T10:41:28.760+0000] {dag.py:3722} INFO - Setting next_dagrun for pipeline_ingestion_suivi to 2026-06-19T09:00:00+00:00, run_after=2026-06-19T10:00:00+00:00
[2026-06-19T10:41:28.779+0000] {processor.py:179} INFO - Processing /opt/airflow/dags/dag_suivi.py took 0.085 seconds
[2026-06-19T10:41:58.912+0000] {processor.py:157} INFO - Started process (PID=314) to work on /opt/airflow/dags/dag_suivi.py
[2026-06-19T10:41:58.913+0000] {processor.py:829} INFO - Processing file /opt/airflow/dags/dag_suivi.py for tasks to queue
[2026-06-19T10:41:58.914+0000] {logging_mixin.py:151} INFO - [2026-06-19T10:41:58.913+0000] {dagbag.py:536} INFO - Filling up the DagBag from /opt/airflow/dags/dag_suivi.py
[2026-06-19T10:41:58.934+0000] {processor.py:839} INFO - DAG(s) dict_keys(['pipeline_ingestion_suivi']) retrieved from /opt/airflow/dags/dag_suivi.py
[2026-06-19T10:41:58.962+0000] {logging_mixin.py:151} INFO - [2026-06-19T10:41:58.962+0000] {dag.py:2941} INFO - Sync 1 DAGs
[2026-06-19T10:41:58.981+0000] {logging_mixin.py:151} INFO - [2026-06-19T10:41:58.981+0000] {dag.py:3722} INFO - Setting next_dagrun for pipeline_ingestion_suivi to 2026-06-19T09:00:00+00:00, run_after=2026-06-19T10:00:00+00:00
[2026-06-19T10:41:59.008+0000] {processor.py:179} INFO - Processing /opt/airflow/dags/dag_suivi.py took 0.098 seconds
[2026-06-19T10:42:29.214+0000] {processor.py:157} INFO - Started process (PID=319) to work on /opt/airflow/dags/dag_suivi.py
[2026-06-19T10:42:29.215+0000] {processor.py:829} INFO - Processing file /opt/airflow/dags/dag_suivi.py for tasks to queue
[2026-06-19T10:42:29.216+0000] {logging_mixin.py:151} INFO - [2026-06-19T10:42:29.215+0000] {dagbag.py:536} INFO - Filling up the DagBag from /opt/airflow/dags/dag_suivi.py
[2026-06-19T10:42:29.234+0000] {processor.py:839} INFO - DAG(s) dict_keys(['pipeline_ingestion_suivi']) retrieved from /opt/airflow/dags/dag_suivi.py
[2026-06-19T10:42:29.257+0000] {logging_mixin.py:151} INFO - [2026-06-19T10:42:29.257+0000] {dag.py:2941} INFO - Sync 1 DAGs
[2026-06-19T10:42:29.275+0000] {logging_mixin.py:151} INFO - [2026-06-19T10:42:29.275+0000] {dag.py:3722} INFO - Setting next_dagrun for pipeline_ingestion_suivi to 2026-06-19T09:00:00+00:00, run_after=2026-06-19T10:00:00+00:00
[2026-06-19T10:42:29.303+0000] {processor.py:179} INFO - Processing /opt/airflow/dags/dag_suivi.py took 0.091 seconds
[2026-06-19T10:42:59.441+0000] {processor.py:157} INFO - Started process (PID=324) to work on /opt/airflow/dags/dag_suivi.py
[2026-06-19T10:42:59.441+0000] {processor.py:829} INFO - Processing file /opt/airflow/dags/dag_suivi.py for tasks to queue
[2026-06-19T10:42:59.442+0000] {logging_mixin.py:151} INFO - [2026-06-19T10:42:59.442+0000] {dagbag.py:536} INFO - Filling up the DagBag from /opt/airflow/dags/dag_suivi.py
[2026-06-19T10:42:59.460+0000] {processor.py:839} INFO - DAG(s) dict_keys(['pipeline_ingestion_suivi']) retrieved from /opt/airflow/dags/dag_suivi.py
[2026-06-19T10:42:59.486+0000] {logging_mixin.py:151} INFO - [2026-06-19T10:42:59.486+0000] {dag.py:2941} INFO - Sync 1 DAGs
[2026-06-19T10:42:59.505+0000] {logging_mixin.py:151} INFO - [2026-06-19T10:42:59.504+0000] {dag.py:3722} INFO - Setting next_dagrun for pipeline_ingestion_suivi to 2026-06-19T09:00:00+00:00, run_after=2026-06-19T10:00:00+00:00
[2026-06-19T10:42:59.521+0000] {processor.py:179} INFO - Processing /opt/airflow/dags/dag_suivi.py took 0.084 seconds
[2026-06-19T10:43:29.717+0000] {processor.py:157} INFO - Started process (PID=329) to work on /opt/airflow/dags/dag_suivi.py
[2026-06-19T10:43:29.718+0000] {processor.py:829} INFO - Processing file /opt/airflow/dags/dag_suivi.py for tasks to queue
[2026-06-19T10:43:29.719+0000] {logging_mixin.py:151} INFO - [2026-06-19T10:43:29.719+0000] {dagbag.py:536} INFO - Filling up the DagBag from /opt/airflow/dags/dag_suivi.py
[2026-06-19T10:43:29.734+0000] {processor.py:839} INFO - DAG(s) dict_keys(['pipeline_ingestion_suivi']) retrieved from /opt/airflow/dags/dag_suivi.py
[2026-06-19T10:43:29.757+0000] {logging_mixin.py:151} INFO - [2026-06-19T10:43:29.756+0000] {dag.py:2941} INFO - Sync 1 DAGs
[2026-06-19T10:43:29.774+0000] {logging_mixin.py:151} INFO - [2026-06-19T10:43:29.774+0000] {dag.py:3722} INFO - Setting next_dagrun for pipeline_ingestion_suivi to 2026-06-19T09:00:00+00:00, run_after=2026-06-19T10:00:00+00:00
[2026-06-19T10:43:29.801+0000] {processor.py:179} INFO - Processing /opt/airflow/dags/dag_suivi.py took 0.086 seconds
[2026-06-19T10:43:59.967+0000] {processor.py:157} INFO - Started process (PID=334) to work on /opt/airflow/dags/dag_suivi.py
[2026-06-19T10:43:59.968+0000] {processor.py:829} INFO - Processing file /opt/airflow/dags/dag_suivi.py for tasks to queue
[2026-06-19T10:43:59.969+0000] {logging_mixin.py:151} INFO - [2026-06-19T10:43:59.969+0000] {dagbag.py:536} INFO - Filling up the DagBag from /opt/airflow/dags/dag_suivi.py
[2026-06-19T10:43:59.986+0000] {processor.py:839} INFO - DAG(s) dict_keys(['pipeline_ingestion_suivi']) retrieved from /opt/airflow/dags/dag_suivi.py
[2026-06-19T10:44:00.015+0000] {logging_mixin.py:151} INFO - [2026-06-19T10:44:00.014+0000] {dag.py:2941} INFO - Sync 1 DAGs
[2026-06-19T10:44:00.036+0000] {logging_mixin.py:151} INFO - [2026-06-19T10:44:00.036+0000] {dag.py:3722} INFO - Setting next_dagrun for pipeline_ingestion_suivi to 2026-06-19T09:00:00+00:00, run_after=2026-06-19T10:00:00+00:00
[2026-06-19T10:44:00.064+0000] {processor.py:179} INFO - Processing /opt/airflow/dags/dag_suivi.py took 0.100 seconds
[2026-06-19T10:44:30.264+0000] {processor.py:157} INFO - Started process (PID=339) to work on /opt/airflow/dags/dag_suivi.py
[2026-06-19T10:44:30.265+0000] {processor.py:829} INFO - Processing file /opt/airflow/dags/dag_suivi.py for tasks to queue
[2026-06-19T10:44:30.266+0000] {logging_mixin.py:151} INFO - [2026-06-19T10:44:30.265+0000] {dagbag.py:536} INFO - Filling up the DagBag from /opt/airflow/dags/dag_suivi.py
[2026-06-19T10:44:30.288+0000] {processor.py:839} INFO - DAG(s) dict_keys(['pipeline_ingestion_suivi']) retrieved from /opt/airflow/dags/dag_suivi.py
[2026-06-19T10:44:30.329+0000] {logging_mixin.py:151} INFO - [2026-06-19T10:44:30.329+0000] {dag.py:2941} INFO - Sync 1 DAGs
[2026-06-19T10:44:30.362+0000] {logging_mixin.py:151} INFO - [2026-06-19T10:44:30.361+0000] {dag.py:3722} INFO - Setting next_dagrun for pipeline_ingestion_suivi to 2026-06-19T09:00:00+00:00, run_after=2026-06-19T10:00:00+00:00
[2026-06-19T10:44:30.390+0000] {processor.py:179} INFO - Processing /opt/airflow/dags/dag_suivi.py took 0.129 seconds
[2026-06-19T10:45:00.544+0000] {processor.py:157} INFO - Started process (PID=344) to work on /opt/airflow/dags/dag_suivi.py
[2026-06-19T10:45:00.545+0000] {processor.py:829} INFO - Processing file /opt/airflow/dags/dag_suivi.py for tasks to queue
[2026-06-19T10:45:00.546+0000] {logging_mixin.py:151} INFO - [2026-06-19T10:45:00.546+0000] {dagbag.py:536} INFO - Filling up the DagBag from /opt/airflow/dags/dag_suivi.py
[2026-06-19T10:45:00.565+0000] {processor.py:839} INFO - DAG(s) dict_keys(['pipeline_ingestion_suivi']) retrieved from /opt/airflow/dags/dag_suivi.py
[2026-06-19T10:45:00.590+0000] {logging_mixin.py:151} INFO - [2026-06-19T10:45:00.590+0000] {dag.py:2941} INFO - Sync 1 DAGs
[2026-06-19T10:45:00.608+0000] {logging_mixin.py:151} INFO - [2026-06-19T10:45:00.608+0000] {dag.py:3722} INFO - Setting next_dagrun for pipeline_ingestion_suivi to 2026-06-19T09:00:00+00:00, run_after=2026-06-19T10:00:00+00:00
[2026-06-19T10:45:00.635+0000] {processor.py:179} INFO - Processing /opt/airflow/dags/dag_suivi.py took 0.094 seconds
[2026-06-19T10:45:30.893+0000] {processor.py:157} INFO - Started process (PID=349) to work on /opt/airflow/dags/dag_suivi.py
[2026-06-19T10:45:30.894+0000] {processor.py:829} INFO - Processing file /opt/airflow/dags/dag_suivi.py for tasks to queue
[2026-06-19T10:45:30.894+0000] {logging_mixin.py:151} INFO - [2026-06-19T10:45:30.894+0000] {dagbag.py:536} INFO - Filling up the DagBag from /opt/airflow/dags/dag_suivi.py
[2026-06-19T10:45:30.910+0000] {processor.py:839} INFO - DAG(s) dict_keys(['pipeline_ingestion_suivi']) retrieved from /opt/airflow/dags/dag_suivi.py
[2026-06-19T10:45:30.932+0000] {logging_mixin.py:151} INFO - [2026-06-19T10:45:30.932+0000] {dag.py:2941} INFO - Sync 1 DAGs
[2026-06-19T10:45:30.949+0000] {logging_mixin.py:151} INFO - [2026-06-19T10:45:30.949+0000] {dag.py:3722} INFO - Setting next_dagrun for pipeline_ingestion_suivi to 2026-06-19T09:00:00+00:00, run_after=2026-06-19T10:00:00+00:00
[2026-06-19T10:45:30.967+0000] {processor.py:179} INFO - Processing /opt/airflow/dags/dag_suivi.py took 0.077 seconds
[2026-06-19T10:46:01.115+0000] {processor.py:157} INFO - Started process (PID=354) to work on /opt/airflow/dags/dag_suivi.py
[2026-06-19T10:46:01.116+0000] {processor.py:829} INFO - Processing file /opt/airflow/dags/dag_suivi.py for tasks to queue
[2026-06-19T10:46:01.117+0000] {logging_mixin.py:151} INFO - [2026-06-19T10:46:01.117+0000] {dagbag.py:536} INFO - Filling up the DagBag from /opt/airflow/dags/dag_suivi.py
[2026-06-19T10:46:01.132+0000] {processor.py:839} INFO - DAG(s) dict_keys(['pipeline_ingestion_suivi']) retrieved from /opt/airflow/dags/dag_suivi.py
[2026-06-19T10:46:01.155+0000] {logging_mixin.py:151} INFO - [2026-06-19T10:46:01.155+0000] {dag.py:2941} INFO - Sync 1 DAGs
[2026-06-19T10:46:01.173+0000] {logging_mixin.py:151} INFO - [2026-06-19T10:46:01.173+0000] {dag.py:3722} INFO - Setting next_dagrun for pipeline_ingestion_suivi to 2026-06-19T09:00:00+00:00, run_after=2026-06-19T10:00:00+00:00
[2026-06-19T10:46:01.199+0000] {processor.py:179} INFO - Processing /opt/airflow/dags/dag_suivi.py took 0.087 seconds
[2026-06-19T10:46:31.434+0000] {processor.py:157} INFO - Started process (PID=359) to work on /opt/airflow/dags/dag_suivi.py
[2026-06-19T10:46:31.435+0000] {processor.py:829} INFO - Processing file /opt/airflow/dags/dag_suivi.py for tasks to queue
[2026-06-19T10:46:31.436+0000] {logging_mixin.py:151} INFO - [2026-06-19T10:46:31.436+0000] {dagbag.py:536} INFO - Filling up the DagBag from /opt/airflow/dags/dag_suivi.py
[2026-06-19T10:46:31.457+0000] {processor.py:839} INFO - DAG(s) dict_keys(['pipeline_ingestion_suivi']) retrieved from /opt/airflow/dags/dag_suivi.py
[2026-06-19T10:46:31.482+0000] {logging_mixin.py:151} INFO - [2026-06-19T10:46:31.482+0000] {dag.py:2941} INFO - Sync 1 DAGs
[2026-06-19T10:46:31.503+0000] {logging_mixin.py:151} INFO - [2026-06-19T10:46:31.502+0000] {dag.py:3722} INFO - Setting next_dagrun for pipeline_ingestion_suivi to 2026-06-19T09:00:00+00:00, run_after=2026-06-19T10:00:00+00:00
[2026-06-19T10:46:31.523+0000] {processor.py:179} INFO - Processing /opt/airflow/dags/dag_suivi.py took 0.092 seconds
[2026-06-19T10:47:01.676+0000] {processor.py:157} INFO - Started process (PID=364) to work on /opt/airflow/dags/dag_suivi.py
[2026-06-19T10:47:01.677+0000] {processor.py:829} INFO - Processing file /opt/airflow/dags/dag_suivi.py for tasks to queue
[2026-06-19T10:47:01.677+0000] {logging_mixin.py:151} INFO - [2026-06-19T10:47:01.677+0000] {dagbag.py:536} INFO - Filling up the DagBag from /opt/airflow/dags/dag_suivi.py
[2026-06-19T10:47:01.696+0000] {processor.py:839} INFO - DAG(s) dict_keys(['pipeline_ingestion_suivi']) retrieved from /opt/airflow/dags/dag_suivi.py
[2026-06-19T10:47:01.720+0000] {logging_mixin.py:151} INFO - [2026-06-19T10:47:01.720+0000] {dag.py:2941} INFO - Sync 1 DAGs
[2026-06-19T10:47:01.737+0000] {logging_mixin.py:151} INFO - [2026-06-19T10:47:01.737+0000] {dag.py:3722} INFO - Setting next_dagrun for pipeline_ingestion_suivi to 2026-06-19T09:00:00+00:00, run_after=2026-06-19T10:00:00+00:00
[2026-06-19T10:47:01.767+0000] {processor.py:179} INFO - Processing /opt/airflow/dags/dag_suivi.py took 0.095 seconds
[2026-06-19T10:47:32.007+0000] {processor.py:157} INFO - Started process (PID=369) to work on /opt/airflow/dags/dag_suivi.py
[2026-06-19T10:47:32.008+0000] {processor.py:829} INFO - Processing file /opt/airflow/dags/dag_suivi.py for tasks to queue
[2026-06-19T10:47:32.009+0000] {logging_mixin.py:151} INFO - [2026-06-19T10:47:32.009+0000] {dagbag.py:536} INFO - Filling up the DagBag from /opt/airflow/dags/dag_suivi.py
[2026-06-19T10:47:32.028+0000] {processor.py:839} INFO - DAG(s) dict_keys(['pipeline_ingestion_suivi']) retrieved from /opt/airflow/dags/dag_suivi.py
[2026-06-19T10:47:32.050+0000] {logging_mixin.py:151} INFO - [2026-06-19T10:47:32.050+0000] {dag.py:2941} INFO - Sync 1 DAGs
[2026-06-19T10:47:32.067+0000] {logging_mixin.py:151} INFO - [2026-06-19T10:47:32.067+0000] {dag.py:3722} INFO - Setting next_dagrun for pipeline_ingestion_suivi to 2026-06-19T09:00:00+00:00, run_after=2026-06-19T10:00:00+00:00
[2026-06-19T10:47:32.088+0000] {processor.py:179} INFO - Processing /opt/airflow/dags/dag_suivi.py took 0.086 seconds
[2026-06-19T10:48:02.285+0000] {processor.py:157} INFO - Started process (PID=374) to work on /opt/airflow/dags/dag_suivi.py
[2026-06-19T10:48:02.286+0000] {processor.py:829} INFO - Processing file /opt/airflow/dags/dag_suivi.py for tasks to queue
[2026-06-19T10:48:02.287+0000] {logging_mixin.py:151} INFO - [2026-06-19T10:48:02.287+0000] {dagbag.py:536} INFO - Filling up the DagBag from /opt/airflow/dags/dag_suivi.py
[2026-06-19T10:48:02.306+0000] {processor.py:839} INFO - DAG(s) dict_keys(['pipeline_ingestion_suivi']) retrieved from /opt/airflow/dags/dag_suivi.py
[2026-06-19T10:48:02.338+0000] {logging_mixin.py:151} INFO - [2026-06-19T10:48:02.338+0000] {dag.py:2941} INFO - Sync 1 DAGs
[2026-06-19T10:48:02.360+0000] {logging_mixin.py:151} INFO - [2026-06-19T10:48:02.360+0000] {dag.py:3722} INFO - Setting next_dagrun for pipeline_ingestion_suivi to 2026-06-19T09:00:00+00:00, run_after=2026-06-19T10:00:00+00:00
[2026-06-19T10:48:02.379+0000] {processor.py:179} INFO - Processing /opt/airflow/dags/dag_suivi.py took 0.097 seconds
[2026-06-19T10:48:32.541+0000] {processor.py:157} INFO - Started process (PID=379) to work on /opt/airflow/dags/dag_suivi.py
[2026-06-19T10:48:32.542+0000] {processor.py:829} INFO - Processing file /opt/airflow/dags/dag_suivi.py for tasks to queue
[2026-06-19T10:48:32.543+0000] {logging_mixin.py:151} INFO - [2026-06-19T10:48:32.543+0000] {dagbag.py:536} INFO - Filling up the DagBag from /opt/airflow/dags/dag_suivi.py
[2026-06-19T10:48:32.563+0000] {processor.py:839} INFO - DAG(s) dict_keys(['pipeline_ingestion_suivi']) retrieved from /opt/airflow/dags/dag_suivi.py
[2026-06-19T10:48:32.588+0000] {logging_mixin.py:151} INFO - [2026-06-19T10:48:32.588+0000] {dag.py:2941} INFO - Sync 1 DAGs
[2026-06-19T10:48:32.605+0000] {logging_mixin.py:151} INFO - [2026-06-19T10:48:32.604+0000] {dag.py:3722} INFO - Setting next_dagrun for pipeline_ingestion_suivi to 2026-06-19T09:00:00+00:00, run_after=2026-06-19T10:00:00+00:00
[2026-06-19T10:48:32.622+0000] {processor.py:179} INFO - Processing /opt/airflow/dags/dag_suivi.py took 0.084 seconds
[2026-06-19T10:49:02.827+0000] {processor.py:157} INFO - Started process (PID=384) to work on /opt/airflow/dags/dag_suivi.py
[2026-06-19T10:49:02.828+0000] {processor.py:829} INFO - Processing file /opt/airflow/dags/dag_suivi.py for tasks to queue
[2026-06-19T10:49:02.829+0000] {logging_mixin.py:151} INFO - [2026-06-19T10:49:02.828+0000] {dagbag.py:536} INFO - Filling up the DagBag from /opt/airflow/dags/dag_suivi.py
[2026-06-19T10:49:02.845+0000] {processor.py:839} INFO - DAG(s) dict_keys(['pipeline_ingestion_suivi']) retrieved from /opt/airflow/dags/dag_suivi.py
[2026-06-19T10:49:02.867+0000] {logging_mixin.py:151} INFO - [2026-06-19T10:49:02.867+0000] {dag.py:2941} INFO - Sync 1 DAGs
[2026-06-19T10:49:02.885+0000] {logging_mixin.py:151} INFO - [2026-06-19T10:49:02.885+0000] {dag.py:3722} INFO - Setting next_dagrun for pipeline_ingestion_suivi to 2026-06-19T09:00:00+00:00, run_after=2026-06-19T10:00:00+00:00
[2026-06-19T10:49:02.901+0000] {processor.py:179} INFO - Processing /opt/airflow/dags/dag_suivi.py took 0.076 seconds
[2026-06-19T10:49:33.091+0000] {processor.py:157} INFO - Started process (PID=389) to work on /opt/airflow/dags/dag_suivi.py
[2026-06-19T10:49:33.092+0000] {processor.py:829} INFO - Processing file /opt/airflow/dags/dag_suivi.py for tasks to queue
[2026-06-19T10:49:33.092+0000] {logging_mixin.py:151} INFO - [2026-06-19T10:49:33.092+0000] {dagbag.py:536} INFO - Filling up the DagBag from /opt/airflow/dags/dag_suivi.py
[2026-06-19T10:49:33.110+0000] {processor.py:839} INFO - DAG(s) dict_keys(['pipeline_ingestion_suivi']) retrieved from /opt/airflow/dags/dag_suivi.py
[2026-06-19T10:49:33.133+0000] {logging_mixin.py:151} INFO - [2026-06-19T10:49:33.133+0000] {dag.py:2941} INFO - Sync 1 DAGs
[2026-06-19T10:49:33.153+0000] {logging_mixin.py:151} INFO - [2026-06-19T10:49:33.153+0000] {dag.py:3722} INFO - Setting next_dagrun for pipeline_ingestion_suivi to 2026-06-19T09:00:00+00:00, run_after=2026-06-19T10:00:00+00:00
[2026-06-19T10:49:33.170+0000] {processor.py:179} INFO - Processing /opt/airflow/dags/dag_suivi.py took 0.082 seconds
[2026-06-19T10:50:03.367+0000] {processor.py:157} INFO - Started process (PID=394) to work on /opt/airflow/dags/dag_suivi.py
[2026-06-19T10:50:03.368+0000] {processor.py:829} INFO - Processing file /opt/airflow/dags/dag_suivi.py for tasks to queue
[2026-06-19T10:50:03.368+0000] {logging_mixin.py:151} INFO - [2026-06-19T10:50:03.368+0000] {dagbag.py:536} INFO - Filling up the DagBag from /opt/airflow/dags/dag_suivi.py
[2026-06-19T10:50:03.387+0000] {processor.py:839} INFO - DAG(s) dict_keys(['pipeline_ingestion_suivi']) retrieved from /opt/airflow/dags/dag_suivi.py
[2026-06-19T10:50:03.410+0000] {logging_mixin.py:151} INFO - [2026-06-19T10:50:03.409+0000] {dag.py:2941} INFO - Sync 1 DAGs
[2026-06-19T10:50:03.426+0000] {logging_mixin.py:151} INFO - [2026-06-19T10:50:03.426+0000] {dag.py:3722} INFO - Setting next_dagrun for pipeline_ingestion_suivi to 2026-06-19T09:00:00+00:00, run_after=2026-06-19T10:00:00+00:00
[2026-06-19T10:50:03.443+0000] {processor.py:179} INFO - Processing /opt/airflow/dags/dag_suivi.py took 0.079 seconds
[2026-06-19T10:50:33.649+0000] {processor.py:157} INFO - Started process (PID=399) to work on /opt/airflow/dags/dag_suivi.py
[2026-06-19T10:50:33.650+0000] {processor.py:829} INFO - Processing file /opt/airflow/dags/dag_suivi.py for tasks to queue
[2026-06-19T10:50:33.650+0000] {logging_mixin.py:151} INFO - [2026-06-19T10:50:33.650+0000] {dagbag.py:536} INFO - Filling up the DagBag from /opt/airflow/dags/dag_suivi.py
[2026-06-19T10:50:33.667+0000] {processor.py:839} INFO - DAG(s) dict_keys(['pipeline_ingestion_suivi']) retrieved from /opt/airflow/dags/dag_suivi.py
[2026-06-19T10:50:33.691+0000] {logging_mixin.py:151} INFO - [2026-06-19T10:50:33.691+0000] {dag.py:2941} INFO - Sync 1 DAGs
[2026-06-19T10:50:33.708+0000] {logging_mixin.py:151} INFO - [2026-06-19T10:50:33.708+0000] {dag.py:3722} INFO - Setting next_dagrun for pipeline_ingestion_suivi to 2026-06-19T09:00:00+00:00, run_after=2026-06-19T10:00:00+00:00
[2026-06-19T10:50:33.725+0000] {processor.py:179} INFO - Processing /opt/airflow/dags/dag_suivi.py took 0.079 seconds
[2026-06-19T10:51:03.904+0000] {processor.py:157} INFO - Started process (PID=404) to work on /opt/airflow/dags/dag_suivi.py
[2026-06-19T10:51:03.905+0000] {processor.py:829} INFO - Processing file /opt/airflow/dags/dag_suivi.py for tasks to queue
[2026-06-19T10:51:03.906+0000] {logging_mixin.py:151} INFO - [2026-06-19T10:51:03.905+0000] {dagbag.py:536} INFO - Filling up the DagBag from /opt/airflow/dags/dag_suivi.py
[2026-06-19T10:51:03.922+0000] {processor.py:839} INFO - DAG(s) dict_keys(['pipeline_ingestion_suivi']) retrieved from /opt/airflow/dags/dag_suivi.py
[2026-06-19T10:51:03.948+0000] {logging_mixin.py:151} INFO - [2026-06-19T10:51:03.948+0000] {dag.py:2941} INFO - Sync 1 DAGs
[2026-06-19T10:51:03.967+0000] {logging_mixin.py:151} INFO - [2026-06-19T10:51:03.967+0000] {dag.py:3722} INFO - Setting next_dagrun for pipeline_ingestion_suivi to 2026-06-19T09:00:00+00:00, run_after=2026-06-19T10:00:00+00:00
[2026-06-19T10:51:03.985+0000] {processor.py:179} INFO - Processing /opt/airflow/dags/dag_suivi.py took 0.084 seconds
[2026-06-19T10:51:34.187+0000] {processor.py:157} INFO - Started process (PID=409) to work on /opt/airflow/dags/dag_suivi.py
[2026-06-19T10:51:34.187+0000] {processor.py:829} INFO - Processing file /opt/airflow/dags/dag_suivi.py for tasks to queue
[2026-06-19T10:51:34.188+0000] {logging_mixin.py:151} INFO - [2026-06-19T10:51:34.188+0000] {dagbag.py:536} INFO - Filling up the DagBag from /opt/airflow/dags/dag_suivi.py
[2026-06-19T10:51:34.205+0000] {processor.py:839} INFO - DAG(s) dict_keys(['pipeline_ingestion_suivi']) retrieved from /opt/airflow/dags/dag_suivi.py
[2026-06-19T10:51:34.226+0000] {logging_mixin.py:151} INFO - [2026-06-19T10:51:34.226+0000] {dag.py:2941} INFO - Sync 1 DAGs
[2026-06-19T10:51:34.242+0000] {logging_mixin.py:151} INFO - [2026-06-19T10:51:34.242+0000] {dag.py:3722} INFO - Setting next_dagrun for pipeline_ingestion_suivi to 2026-06-19T09:00:00+00:00, run_after=2026-06-19T10:00:00+00:00
[2026-06-19T10:51:34.257+0000] {processor.py:179} INFO - Processing /opt/airflow/dags/dag_suivi.py took 0.073 seconds
[2026-06-19T10:52:04.454+0000] {processor.py:157} INFO - Started process (PID=414) to work on /opt/airflow/dags/dag_suivi.py
[2026-06-19T10:52:04.455+0000] {processor.py:829} INFO - Processing file /opt/airflow/dags/dag_suivi.py for tasks to queue
[2026-06-19T10:52:04.455+0000] {logging_mixin.py:151} INFO - [2026-06-19T10:52:04.455+0000] {dagbag.py:536} INFO - Filling up the DagBag from /opt/airflow/dags/dag_suivi.py
[2026-06-19T10:52:04.472+0000] {processor.py:839} INFO - DAG(s) dict_keys(['pipeline_ingestion_suivi']) retrieved from /opt/airflow/dags/dag_suivi.py
[2026-06-19T10:52:04.496+0000] {logging_mixin.py:151} INFO - [2026-06-19T10:52:04.496+0000] {dag.py:2941} INFO - Sync 1 DAGs
[2026-06-19T10:52:04.515+0000] {logging_mixin.py:151} INFO - [2026-06-19T10:52:04.515+0000] {dag.py:3722} INFO - Setting next_dagrun for pipeline_ingestion_suivi to 2026-06-19T09:00:00+00:00, run_after=2026-06-19T10:00:00+00:00
[2026-06-19T10:52:04.533+0000] {processor.py:179} INFO - Processing /opt/airflow/dags/dag_suivi.py took 0.081 seconds
[2026-06-19T10:52:34.755+0000] {processor.py:157} INFO - Started process (PID=419) to work on /opt/airflow/dags/dag_suivi.py
[2026-06-19T10:52:34.755+0000] {processor.py:829} INFO - Processing file /opt/airflow/dags/dag_suivi.py for tasks to queue
[2026-06-19T10:52:34.756+0000] {logging_mixin.py:151} INFO - [2026-06-19T10:52:34.756+0000] {dagbag.py:536} INFO - Filling up the DagBag from /opt/airflow/dags/dag_suivi.py
[2026-06-19T10:52:34.772+0000] {processor.py:839} INFO - DAG(s) dict_keys(['pipeline_ingestion_suivi']) retrieved from /opt/airflow/dags/dag_suivi.py
[2026-06-19T10:52:34.798+0000] {logging_mixin.py:151} INFO - [2026-06-19T10:52:34.798+0000] {dag.py:2941} INFO - Sync 1 DAGs
[2026-06-19T10:52:34.816+0000] {logging_mixin.py:151} INFO - [2026-06-19T10:52:34.816+0000] {dag.py:3722} INFO - Setting next_dagrun for pipeline_ingestion_suivi to 2026-06-19T09:00:00+00:00, run_after=2026-06-19T10:00:00+00:00
[2026-06-19T10:52:34.835+0000] {processor.py:179} INFO - Processing /opt/airflow/dags/dag_suivi.py took 0.083 seconds
[2026-06-19T10:53:04.967+0000] {processor.py:157} INFO - Started process (PID=424) to work on /opt/airflow/dags/dag_suivi.py
[2026-06-19T10:53:04.968+0000] {processor.py:829} INFO - Processing file /opt/airflow/dags/dag_suivi.py for tasks to queue
[2026-06-19T10:53:04.969+0000] {logging_mixin.py:151} INFO - [2026-06-19T10:53:04.969+0000] {dagbag.py:536} INFO - Filling up the DagBag from /opt/airflow/dags/dag_suivi.py
[2026-06-19T10:53:04.988+0000] {processor.py:839} INFO - DAG(s) dict_keys(['pipeline_ingestion_suivi']) retrieved from /opt/airflow/dags/dag_suivi.py
[2026-06-19T10:53:05.014+0000] {logging_mixin.py:151} INFO - [2026-06-19T10:53:05.014+0000] {dag.py:2941} INFO - Sync 1 DAGs
[2026-06-19T10:53:05.034+0000] {logging_mixin.py:151} INFO - [2026-06-19T10:53:05.034+0000] {dag.py:3722} INFO - Setting next_dagrun for pipeline_ingestion_suivi to 2026-06-19T09:00:00+00:00, run_after=2026-06-19T10:00:00+00:00
[2026-06-19T10:53:05.055+0000] {processor.py:179} INFO - Processing /opt/airflow/dags/dag_suivi.py took 0.090 seconds
[2026-06-19T10:53:35.218+0000] {processor.py:157} INFO - Started process (PID=429) to work on /opt/airflow/dags/dag_suivi.py
[2026-06-19T10:53:35.219+0000] {processor.py:829} INFO - Processing file /opt/airflow/dags/dag_suivi.py for tasks to queue
[2026-06-19T10:53:35.220+0000] {logging_mixin.py:151} INFO - [2026-06-19T10:53:35.219+0000] {dagbag.py:536} INFO - Filling up the DagBag from /opt/airflow/dags/dag_suivi.py
[2026-06-19T10:53:35.245+0000] {processor.py:839} INFO - DAG(s) dict_keys(['pipeline_ingestion_suivi']) retrieved from /opt/airflow/dags/dag_suivi.py
[2026-06-19T10:53:35.276+0000] {logging_mixin.py:151} INFO - [2026-06-19T10:53:35.276+0000] {dag.py:2941} INFO - Sync 1 DAGs
[2026-06-19T10:53:35.301+0000] {logging_mixin.py:151} INFO - [2026-06-19T10:53:35.301+0000] {dag.py:3722} INFO - Setting next_dagrun for pipeline_ingestion_suivi to 2026-06-19T09:00:00+00:00, run_after=2026-06-19T10:00:00+00:00
[2026-06-19T10:53:35.321+0000] {processor.py:179} INFO - Processing /opt/airflow/dags/dag_suivi.py took 0.108 seconds
[2026-06-19T10:54:05.477+0000] {processor.py:157} INFO - Started process (PID=434) to work on /opt/airflow/dags/dag_suivi.py
[2026-06-19T10:54:05.478+0000] {processor.py:829} INFO - Processing file /opt/airflow/dags/dag_suivi.py for tasks to queue
[2026-06-19T10:54:05.479+0000] {logging_mixin.py:151} INFO - [2026-06-19T10:54:05.479+0000] {dagbag.py:536} INFO - Filling up the DagBag from /opt/airflow/dags/dag_suivi.py
[2026-06-19T10:54:05.498+0000] {processor.py:839} INFO - DAG(s) dict_keys(['pipeline_ingestion_suivi']) retrieved from /opt/airflow/dags/dag_suivi.py
[2026-06-19T10:54:05.523+0000] {logging_mixin.py:151} INFO - [2026-06-19T10:54:05.523+0000] {dag.py:2941} INFO - Sync 1 DAGs
[2026-06-19T10:54:05.541+0000] {logging_mixin.py:151} INFO - [2026-06-19T10:54:05.541+0000] {dag.py:3722} INFO - Setting next_dagrun for pipeline_ingestion_suivi to 2026-06-19T09:00:00+00:00, run_after=2026-06-19T10:00:00+00:00
[2026-06-19T10:54:05.561+0000] {processor.py:179} INFO - Processing /opt/airflow/dags/dag_suivi.py took 0.088 seconds
[2026-06-19T10:54:35.791+0000] {processor.py:157} INFO - Started process (PID=439) to work on /opt/airflow/dags/dag_suivi.py
[2026-06-19T10:54:35.791+0000] {processor.py:829} INFO - Processing file /opt/airflow/dags/dag_suivi.py for tasks to queue
[2026-06-19T10:54:35.792+0000] {logging_mixin.py:151} INFO - [2026-06-19T10:54:35.792+0000] {dagbag.py:536} INFO - Filling up the DagBag from /opt/airflow/dags/dag_suivi.py
[2026-06-19T10:54:35.809+0000] {processor.py:839} INFO - DAG(s) dict_keys(['pipeline_ingestion_suivi']) retrieved from /opt/airflow/dags/dag_suivi.py
[2026-06-19T10:54:35.832+0000] {logging_mixin.py:151} INFO - [2026-06-19T10:54:35.831+0000] {dag.py:2941} INFO - Sync 1 DAGs
[2026-06-19T10:54:35.850+0000] {logging_mixin.py:151} INFO - [2026-06-19T10:54:35.849+0000] {dag.py:3722} INFO - Setting next_dagrun for pipeline_ingestion_suivi to 2026-06-19T09:00:00+00:00, run_after=2026-06-19T10:00:00+00:00
[2026-06-19T10:54:35.866+0000] {processor.py:179} INFO - Processing /opt/airflow/dags/dag_suivi.py took 0.078 seconds
[2026-06-19T10:55:06.043+0000] {processor.py:157} INFO - Started process (PID=444) to work on /opt/airflow/dags/dag_suivi.py
[2026-06-19T10:55:06.044+0000] {processor.py:829} INFO - Processing file /opt/airflow/dags/dag_suivi.py for tasks to queue
[2026-06-19T10:55:06.045+0000] {logging_mixin.py:151} INFO - [2026-06-19T10:55:06.045+0000] {dagbag.py:536} INFO - Filling up the DagBag from /opt/airflow/dags/dag_suivi.py
[2026-06-19T10:55:06.064+0000] {processor.py:839} INFO - DAG(s) dict_keys(['pipeline_ingestion_suivi']) retrieved from /opt/airflow/dags/dag_suivi.py
[2026-06-19T10:55:06.087+0000] {logging_mixin.py:151} INFO - [2026-06-19T10:55:06.086+0000] {dag.py:2941} INFO - Sync 1 DAGs
[2026-06-19T10:55:06.105+0000] {logging_mixin.py:151} INFO - [2026-06-19T10:55:06.105+0000] {dag.py:3722} INFO - Setting next_dagrun for pipeline_ingestion_suivi to 2026-06-19T09:00:00+00:00, run_after=2026-06-19T10:00:00+00:00
[2026-06-19T10:55:06.122+0000] {processor.py:179} INFO - Processing /opt/airflow/dags/dag_suivi.py took 0.083 seconds
[2026-06-19T10:55:36.300+0000] {processor.py:157} INFO - Started process (PID=449) to work on /opt/airflow/dags/dag_suivi.py
[2026-06-19T10:55:36.301+0000] {processor.py:829} INFO - Processing file /opt/airflow/dags/dag_suivi.py for tasks to queue
[2026-06-19T10:55:36.301+0000] {logging_mixin.py:151} INFO - [2026-06-19T10:55:36.301+0000] {dagbag.py:536} INFO - Filling up the DagBag from /opt/airflow/dags/dag_suivi.py
[2026-06-19T10:55:36.317+0000] {processor.py:839} INFO - DAG(s) dict_keys(['pipeline_ingestion_suivi']) retrieved from /opt/airflow/dags/dag_suivi.py
[2026-06-19T10:55:36.340+0000] {logging_mixin.py:151} INFO - [2026-06-19T10:55:36.340+0000] {dag.py:2941} INFO - Sync 1 DAGs
[2026-06-19T10:55:36.361+0000] {logging_mixin.py:151} INFO - [2026-06-19T10:55:36.361+0000] {dag.py:3722} INFO - Setting next_dagrun for pipeline_ingestion_suivi to 2026-06-19T09:00:00+00:00, run_after=2026-06-19T10:00:00+00:00
[2026-06-19T10:55:36.383+0000] {processor.py:179} INFO - Processing /opt/airflow/dags/dag_suivi.py took 0.086 seconds
[2026-06-19T10:56:06.537+0000] {processor.py:157} INFO - Started process (PID=454) to work on /opt/airflow/dags/dag_suivi.py
[2026-06-19T10:56:06.538+0000] {processor.py:829} INFO - Processing file /opt/airflow/dags/dag_suivi.py for tasks to queue
[2026-06-19T10:56:06.539+0000] {logging_mixin.py:151} INFO - [2026-06-19T10:56:06.539+0000] {dagbag.py:536} INFO - Filling up the DagBag from /opt/airflow/dags/dag_suivi.py
[2026-06-19T10:56:06.556+0000] {processor.py:839} INFO - DAG(s) dict_keys(['pipeline_ingestion_suivi']) retrieved from /opt/airflow/dags/dag_suivi.py
[2026-06-19T10:56:06.588+0000] {logging_mixin.py:151} INFO - [2026-06-19T10:56:06.588+0000] {dag.py:2941} INFO - Sync 1 DAGs
[2026-06-19T10:56:06.609+0000] {logging_mixin.py:151} INFO - [2026-06-19T10:56:06.609+0000] {dag.py:3722} INFO - Setting next_dagrun for pipeline_ingestion_suivi to 2026-06-19T09:00:00+00:00, run_after=2026-06-19T10:00:00+00:00
[2026-06-19T10:56:06.635+0000] {processor.py:179} INFO - Processing /opt/airflow/dags/dag_suivi.py took 0.101 seconds
[2026-06-19T10:56:36.830+0000] {processor.py:157} INFO - Started process (PID=459) to work on /opt/airflow/dags/dag_suivi.py
[2026-06-19T10:56:36.831+0000] {processor.py:829} INFO - Processing file /opt/airflow/dags/dag_suivi.py for tasks to queue
[2026-06-19T10:56:36.832+0000] {logging_mixin.py:151} INFO - [2026-06-19T10:56:36.832+0000] {dagbag.py:536} INFO - Filling up the DagBag from /opt/airflow/dags/dag_suivi.py
[2026-06-19T10:56:36.856+0000] {processor.py:839} INFO - DAG(s) dict_keys(['pipeline_ingestion_suivi']) retrieved from /opt/airflow/dags/dag_suivi.py
[2026-06-19T10:56:36.884+0000] {logging_mixin.py:151} INFO - [2026-06-19T10:56:36.884+0000] {dag.py:2941} INFO - Sync 1 DAGs
[2026-06-19T10:56:36.902+0000] {logging_mixin.py:151} INFO - [2026-06-19T10:56:36.902+0000] {dag.py:3722} INFO - Setting next_dagrun for pipeline_ingestion_suivi to 2026-06-19T09:00:00+00:00, run_after=2026-06-19T10:00:00+00:00
[2026-06-19T10:56:36.921+0000] {processor.py:179} INFO - Processing /opt/airflow/dags/dag_suivi.py took 0.095 seconds
[2026-06-19T10:57:07.063+0000] {processor.py:157} INFO - Started process (PID=464) to work on /opt/airflow/dags/dag_suivi.py
[2026-06-19T10:57:07.064+0000] {processor.py:829} INFO - Processing file /opt/airflow/dags/dag_suivi.py for tasks to queue
[2026-06-19T10:57:07.065+0000] {logging_mixin.py:151} INFO - [2026-06-19T10:57:07.065+0000] {dagbag.py:536} INFO - Filling up the DagBag from /opt/airflow/dags/dag_suivi.py
[2026-06-19T10:57:07.087+0000] {processor.py:839} INFO - DAG(s) dict_keys(['pipeline_ingestion_suivi']) retrieved from /opt/airflow/dags/dag_suivi.py
[2026-06-19T10:57:07.113+0000] {logging_mixin.py:151} INFO - [2026-06-19T10:57:07.113+0000] {dag.py:2941} INFO - Sync 1 DAGs
[2026-06-19T10:57:07.131+0000] {logging_mixin.py:151} INFO - [2026-06-19T10:57:07.131+0000] {dag.py:3722} INFO - Setting next_dagrun for pipeline_ingestion_suivi to 2026-06-19T09:00:00+00:00, run_after=2026-06-19T10:00:00+00:00
[2026-06-19T10:57:07.150+0000] {processor.py:179} INFO - Processing /opt/airflow/dags/dag_suivi.py took 0.091 seconds
[2026-06-19T10:57:37.341+0000] {processor.py:157} INFO - Started process (PID=469) to work on /opt/airflow/dags/dag_suivi.py
[2026-06-19T10:57:37.342+0000] {processor.py:829} INFO - Processing file /opt/airflow/dags/dag_suivi.py for tasks to queue
[2026-06-19T10:57:37.343+0000] {logging_mixin.py:151} INFO - [2026-06-19T10:57:37.343+0000] {dagbag.py:536} INFO - Filling up the DagBag from /opt/airflow/dags/dag_suivi.py
[2026-06-19T10:57:37.363+0000] {processor.py:839} INFO - DAG(s) dict_keys(['pipeline_ingestion_suivi']) retrieved from /opt/airflow/dags/dag_suivi.py
[2026-06-19T10:57:37.386+0000] {logging_mixin.py:151} INFO - [2026-06-19T10:57:37.386+0000] {dag.py:2941} INFO - Sync 1 DAGs
[2026-06-19T10:57:37.408+0000] {logging_mixin.py:151} INFO - [2026-06-19T10:57:37.407+0000] {dag.py:3722} INFO - Setting next_dagrun for pipeline_ingestion_suivi to 2026-06-19T09:00:00+00:00, run_after=2026-06-19T10:00:00+00:00
[2026-06-19T10:57:37.424+0000] {processor.py:179} INFO - Processing /opt/airflow/dags/dag_suivi.py took 0.086 seconds
[2026-06-19T10:58:07.570+0000] {processor.py:157} INFO - Started process (PID=474) to work on /opt/airflow/dags/dag_suivi.py
[2026-06-19T10:58:07.570+0000] {processor.py:829} INFO - Processing file /opt/airflow/dags/dag_suivi.py for tasks to queue
[2026-06-19T10:58:07.571+0000] {logging_mixin.py:151} INFO - [2026-06-19T10:58:07.571+0000] {dagbag.py:536} INFO - Filling up the DagBag from /opt/airflow/dags/dag_suivi.py
[2026-06-19T10:58:07.588+0000] {processor.py:839} INFO - DAG(s) dict_keys(['pipeline_ingestion_suivi']) retrieved from /opt/airflow/dags/dag_suivi.py
[2026-06-19T10:58:07.610+0000] {logging_mixin.py:151} INFO - [2026-06-19T10:58:07.610+0000] {dag.py:2941} INFO - Sync 1 DAGs
[2026-06-19T10:58:07.629+0000] {logging_mixin.py:151} INFO - [2026-06-19T10:58:07.629+0000] {dag.py:3722} INFO - Setting next_dagrun for pipeline_ingestion_suivi to 2026-06-19T09:00:00+00:00, run_after=2026-06-19T10:00:00+00:00
[2026-06-19T10:58:07.646+0000] {processor.py:179} INFO - Processing /opt/airflow/dags/dag_suivi.py took 0.079 seconds
[2026-06-19T10:58:37.895+0000] {processor.py:157} INFO - Started process (PID=479) to work on /opt/airflow/dags/dag_suivi.py
[2026-06-19T10:58:37.896+0000] {processor.py:829} INFO - Processing file /opt/airflow/dags/dag_suivi.py for tasks to queue
[2026-06-19T10:58:37.897+0000] {logging_mixin.py:151} INFO - [2026-06-19T10:58:37.897+0000] {dagbag.py:536} INFO - Filling up the DagBag from /opt/airflow/dags/dag_suivi.py
[2026-06-19T10:58:37.914+0000] {processor.py:839} INFO - DAG(s) dict_keys(['pipeline_ingestion_suivi']) retrieved from /opt/airflow/dags/dag_suivi.py
[2026-06-19T10:58:37.937+0000] {logging_mixin.py:151} INFO - [2026-06-19T10:58:37.937+0000] {dag.py:2941} INFO - Sync 1 DAGs
[2026-06-19T10:58:37.954+0000] {logging_mixin.py:151} INFO - [2026-06-19T10:58:37.954+0000] {dag.py:3722} INFO - Setting next_dagrun for pipeline_ingestion_suivi to 2026-06-19T09:00:00+00:00, run_after=2026-06-19T10:00:00+00:00
[2026-06-19T10:58:37.971+0000] {processor.py:179} INFO - Processing /opt/airflow/dags/dag_suivi.py took 0.078 seconds
[2026-06-19T10:59:08.170+0000] {processor.py:157} INFO - Started process (PID=484) to work on /opt/airflow/dags/dag_suivi.py
[2026-06-19T10:59:08.171+0000] {processor.py:829} INFO - Processing file /opt/airflow/dags/dag_suivi.py for tasks to queue
[2026-06-19T10:59:08.171+0000] {logging_mixin.py:151} INFO - [2026-06-19T10:59:08.171+0000] {dagbag.py:536} INFO - Filling up the DagBag from /opt/airflow/dags/dag_suivi.py
[2026-06-19T10:59:08.188+0000] {processor.py:839} INFO - DAG(s) dict_keys(['pipeline_ingestion_suivi']) retrieved from /opt/airflow/dags/dag_suivi.py
[2026-06-19T10:59:08.210+0000] {logging_mixin.py:151} INFO - [2026-06-19T10:59:08.210+0000] {dag.py:2941} INFO - Sync 1 DAGs
[2026-06-19T10:59:08.227+0000] {logging_mixin.py:151} INFO - [2026-06-19T10:59:08.227+0000] {dag.py:3722} INFO - Setting next_dagrun for pipeline_ingestion_suivi to 2026-06-19T09:00:00+00:00, run_after=2026-06-19T10:00:00+00:00
[2026-06-19T10:59:08.243+0000] {processor.py:179} INFO - Processing /opt/airflow/dags/dag_suivi.py took 0.076 seconds
[2026-06-19T10:59:38.454+0000] {processor.py:157} INFO - Started process (PID=489) to work on /opt/airflow/dags/dag_suivi.py
[2026-06-19T10:59:38.455+0000] {processor.py:829} INFO - Processing file /opt/airflow/dags/dag_suivi.py for tasks to queue
[2026-06-19T10:59:38.456+0000] {logging_mixin.py:151} INFO - [2026-06-19T10:59:38.456+0000] {dagbag.py:536} INFO - Filling up the DagBag from /opt/airflow/dags/dag_suivi.py
[2026-06-19T10:59:38.472+0000] {processor.py:839} INFO - DAG(s) dict_keys(['pipeline_ingestion_suivi']) retrieved from /opt/airflow/dags/dag_suivi.py
[2026-06-19T10:59:38.492+0000] {logging_mixin.py:151} INFO - [2026-06-19T10:59:38.492+0000] {dag.py:2941} INFO - Sync 1 DAGs
[2026-06-19T10:59:38.508+0000] {logging_mixin.py:151} INFO - [2026-06-19T10:59:38.508+0000] {dag.py:3722} INFO - Setting next_dagrun for pipeline_ingestion_suivi to 2026-06-19T09:00:00+00:00, run_after=2026-06-19T10:00:00+00:00
[2026-06-19T10:59:38.526+0000] {processor.py:179} INFO - Processing /opt/airflow/dags/dag_suivi.py took 0.074 seconds
[2026-06-19T11:00:08.724+0000] {processor.py:157} INFO - Started process (PID=494) to work on /opt/airflow/dags/dag_suivi.py
[2026-06-19T11:00:08.725+0000] {processor.py:829} INFO - Processing file /opt/airflow/dags/dag_suivi.py for tasks to queue
[2026-06-19T11:00:08.726+0000] {logging_mixin.py:151} INFO - [2026-06-19T11:00:08.726+0000] {dagbag.py:536} INFO - Filling up the DagBag from /opt/airflow/dags/dag_suivi.py
[2026-06-19T11:00:08.744+0000] {processor.py:839} INFO - DAG(s) dict_keys(['pipeline_ingestion_suivi']) retrieved from /opt/airflow/dags/dag_suivi.py
[2026-06-19T11:00:08.768+0000] {logging_mixin.py:151} INFO - [2026-06-19T11:00:08.768+0000] {dag.py:2941} INFO - Sync 1 DAGs
[2026-06-19T11:00:08.787+0000] {logging_mixin.py:151} INFO - [2026-06-19T11:00:08.787+0000] {dag.py:3722} INFO - Setting next_dagrun for pipeline_ingestion_suivi to 2026-06-19T10:00:00+00:00, run_after=2026-06-19T11:00:00+00:00
[2026-06-19T11:00:08.805+0000] {processor.py:179} INFO - Processing /opt/airflow/dags/dag_suivi.py took 0.083 seconds
[2026-06-19T11:00:39.027+0000] {processor.py:157} INFO - Started process (PID=499) to work on /opt/airflow/dags/dag_suivi.py
[2026-06-19T11:00:39.030+0000] {processor.py:829} INFO - Processing file /opt/airflow/dags/dag_suivi.py for tasks to queue
[2026-06-19T11:00:39.031+0000] {logging_mixin.py:151} INFO - [2026-06-19T11:00:39.031+0000] {dagbag.py:536} INFO - Filling up the DagBag from /opt/airflow/dags/dag_suivi.py
[2026-06-19T11:00:39.061+0000] {processor.py:839} INFO - DAG(s) dict_keys(['pipeline_ingestion_suivi']) retrieved from /opt/airflow/dags/dag_suivi.py
[2026-06-19T11:00:39.099+0000] {logging_mixin.py:151} INFO - [2026-06-19T11:00:39.098+0000] {dag.py:2941} INFO - Sync 1 DAGs
[2026-06-19T11:00:39.124+0000] {logging_mixin.py:151} INFO - [2026-06-19T11:00:39.124+0000] {dag.py:3722} INFO - Setting next_dagrun for pipeline_ingestion_suivi to 2026-06-19T10:00:00+00:00, run_after=2026-06-19T11:00:00+00:00
[2026-06-19T11:00:39.142+0000] {processor.py:179} INFO - Processing /opt/airflow/dags/dag_suivi.py took 0.119 seconds
[2026-06-19T11:01:09.261+0000] {processor.py:157} INFO - Started process (PID=504) to work on /opt/airflow/dags/dag_suivi.py
[2026-06-19T11:01:09.262+0000] {processor.py:829} INFO - Processing file /opt/airflow/dags/dag_suivi.py for tasks to queue
[2026-06-19T11:01:09.263+0000] {logging_mixin.py:151} INFO - [2026-06-19T11:01:09.262+0000] {dagbag.py:536} INFO - Filling up the DagBag from /opt/airflow/dags/dag_suivi.py
[2026-06-19T11:01:09.281+0000] {processor.py:839} INFO - DAG(s) dict_keys(['pipeline_ingestion_suivi']) retrieved from /opt/airflow/dags/dag_suivi.py
[2026-06-19T11:01:09.305+0000] {logging_mixin.py:151} INFO - [2026-06-19T11:01:09.305+0000] {dag.py:2941} INFO - Sync 1 DAGs
[2026-06-19T11:01:09.323+0000] {logging_mixin.py:151} INFO - [2026-06-19T11:01:09.323+0000] {dag.py:3722} INFO - Setting next_dagrun for pipeline_ingestion_suivi to 2026-06-19T10:00:00+00:00, run_after=2026-06-19T11:00:00+00:00
[2026-06-19T11:01:09.342+0000] {processor.py:179} INFO - Processing /opt/airflow/dags/dag_suivi.py took 0.084 seconds
[2026-06-19T11:01:39.539+0000] {processor.py:157} INFO - Started process (PID=509) to work on /opt/airflow/dags/dag_suivi.py
[2026-06-19T11:01:39.540+0000] {processor.py:829} INFO - Processing file /opt/airflow/dags/dag_suivi.py for tasks to queue
[2026-06-19T11:01:39.541+0000] {logging_mixin.py:151} INFO - [2026-06-19T11:01:39.541+0000] {dagbag.py:536} INFO - Filling up the DagBag from /opt/airflow/dags/dag_suivi.py
[2026-06-19T11:01:39.558+0000] {processor.py:839} INFO - DAG(s) dict_keys(['pipeline_ingestion_suivi']) retrieved from /opt/airflow/dags/dag_suivi.py
[2026-06-19T11:01:39.578+0000] {logging_mixin.py:151} INFO - [2026-06-19T11:01:39.578+0000] {dag.py:2941} INFO - Sync 1 DAGs
[2026-06-19T11:01:39.599+0000] {logging_mixin.py:151} INFO - [2026-06-19T11:01:39.599+0000] {dag.py:3722} INFO - Setting next_dagrun for pipeline_ingestion_suivi to 2026-06-19T10:00:00+00:00, run_after=2026-06-19T11:00:00+00:00
[2026-06-19T11:01:39.618+0000] {processor.py:179} INFO - Processing /opt/airflow/dags/dag_suivi.py took 0.080 seconds
[2026-06-19T11:02:09.775+0000] {processor.py:157} INFO - Started process (PID=514) to work on /opt/airflow/dags/dag_suivi.py
[2026-06-19T11:02:09.775+0000] {processor.py:829} INFO - Processing file /opt/airflow/dags/dag_suivi.py for tasks to queue
[2026-06-19T11:02:09.776+0000] {logging_mixin.py:151} INFO - [2026-06-19T11:02:09.776+0000] {dagbag.py:536} INFO - Filling up the DagBag from /opt/airflow/dags/dag_suivi.py
[2026-06-19T11:02:09.794+0000] {processor.py:839} INFO - DAG(s) dict_keys(['pipeline_ingestion_suivi']) retrieved from /opt/airflow/dags/dag_suivi.py
[2026-06-19T11:02:09.815+0000] {logging_mixin.py:151} INFO - [2026-06-19T11:02:09.815+0000] {dag.py:2941} INFO - Sync 1 DAGs
[2026-06-19T11:02:09.831+0000] {logging_mixin.py:151} INFO - [2026-06-19T11:02:09.831+0000] {dag.py:3722} INFO - Setting next_dagrun for pipeline_ingestion_suivi to 2026-06-19T10:00:00+00:00, run_after=2026-06-19T11:00:00+00:00
[2026-06-19T11:02:09.848+0000] {processor.py:179} INFO - Processing /opt/airflow/dags/dag_suivi.py took 0.077 seconds
[2026-06-19T11:02:40.071+0000] {processor.py:157} INFO - Started process (PID=519) to work on /opt/airflow/dags/dag_suivi.py
[2026-06-19T11:02:40.071+0000] {processor.py:829} INFO - Processing file /opt/airflow/dags/dag_suivi.py for tasks to queue
[2026-06-19T11:02:40.072+0000] {logging_mixin.py:151} INFO - [2026-06-19T11:02:40.072+0000] {dagbag.py:536} INFO - Filling up the DagBag from /opt/airflow/dags/dag_suivi.py
[2026-06-19T11:02:40.089+0000] {processor.py:839} INFO - DAG(s) dict_keys(['pipeline_ingestion_suivi']) retrieved from /opt/airflow/dags/dag_suivi.py
[2026-06-19T11:02:40.110+0000] {logging_mixin.py:151} INFO - [2026-06-19T11:02:40.110+0000] {dag.py:2941} INFO - Sync 1 DAGs
[2026-06-19T11:02:40.130+0000] {logging_mixin.py:151} INFO - [2026-06-19T11:02:40.130+0000] {dag.py:3722} INFO - Setting next_dagrun for pipeline_ingestion_suivi to 2026-06-19T10:00:00+00:00, run_after=2026-06-19T11:00:00+00:00
[2026-06-19T11:02:40.149+0000] {processor.py:179} INFO - Processing /opt/airflow/dags/dag_suivi.py took 0.081 seconds
[2026-06-19T11:03:10.294+0000] {processor.py:157} INFO - Started process (PID=524) to work on /opt/airflow/dags/dag_suivi.py
[2026-06-19T11:03:10.294+0000] {processor.py:829} INFO - Processing file /opt/airflow/dags/dag_suivi.py for tasks to queue
[2026-06-19T11:03:10.295+0000] {logging_mixin.py:151} INFO - [2026-06-19T11:03:10.295+0000] {dagbag.py:536} INFO - Filling up the DagBag from /opt/airflow/dags/dag_suivi.py
[2026-06-19T11:03:10.313+0000] {processor.py:839} INFO - DAG(s) dict_keys(['pipeline_ingestion_suivi']) retrieved from /opt/airflow/dags/dag_suivi.py
[2026-06-19T11:03:10.336+0000] {logging_mixin.py:151} INFO - [2026-06-19T11:03:10.336+0000] {dag.py:2941} INFO - Sync 1 DAGs
[2026-06-19T11:03:10.354+0000] {logging_mixin.py:151} INFO - [2026-06-19T11:03:10.353+0000] {dag.py:3722} INFO - Setting next_dagrun for pipeline_ingestion_suivi to 2026-06-19T10:00:00+00:00, run_after=2026-06-19T11:00:00+00:00
[2026-06-19T11:03:10.381+0000] {processor.py:179} INFO - Processing /opt/airflow/dags/dag_suivi.py took 0.091 seconds
[2026-06-19T11:03:40.553+0000] {processor.py:157} INFO - Started process (PID=529) to work on /opt/airflow/dags/dag_suivi.py
[2026-06-19T11:03:40.554+0000] {processor.py:829} INFO - Processing file /opt/airflow/dags/dag_suivi.py for tasks to queue
[2026-06-19T11:03:40.555+0000] {logging_mixin.py:151} INFO - [2026-06-19T11:03:40.554+0000] {dagbag.py:536} INFO - Filling up the DagBag from /opt/airflow/dags/dag_suivi.py
[2026-06-19T11:03:40.576+0000] {processor.py:839} INFO - DAG(s) dict_keys(['pipeline_ingestion_suivi']) retrieved from /opt/airflow/dags/dag_suivi.py
[2026-06-19T11:03:40.606+0000] {logging_mixin.py:151} INFO - [2026-06-19T11:03:40.606+0000] {dag.py:2941} INFO - Sync 1 DAGs
[2026-06-19T11:03:40.638+0000] {logging_mixin.py:151} INFO - [2026-06-19T11:03:40.638+0000] {dag.py:3722} INFO - Setting next_dagrun for pipeline_ingestion_suivi to 2026-06-19T10:00:00+00:00, run_after=2026-06-19T11:00:00+00:00
[2026-06-19T11:03:40.665+0000] {processor.py:179} INFO - Processing /opt/airflow/dags/dag_suivi.py took 0.115 seconds
[2026-06-19T11:04:10.763+0000] {processor.py:157} INFO - Started process (PID=534) to work on /opt/airflow/dags/dag_suivi.py
[2026-06-19T11:04:10.763+0000] {processor.py:829} INFO - Processing file /opt/airflow/dags/dag_suivi.py for tasks to queue
[2026-06-19T11:04:10.764+0000] {logging_mixin.py:151} INFO - [2026-06-19T11:04:10.764+0000] {dagbag.py:536} INFO - Filling up the DagBag from /opt/airflow/dags/dag_suivi.py
[2026-06-19T11:04:10.782+0000] {processor.py:839} INFO - DAG(s) dict_keys(['pipeline_ingestion_suivi']) retrieved from /opt/airflow/dags/dag_suivi.py
[2026-06-19T11:04:10.808+0000] {logging_mixin.py:151} INFO - [2026-06-19T11:04:10.808+0000] {dag.py:2941} INFO - Sync 1 DAGs
[2026-06-19T11:04:10.828+0000] {logging_mixin.py:151} INFO - [2026-06-19T11:04:10.828+0000] {dag.py:3722} INFO - Setting next_dagrun for pipeline_ingestion_suivi to 2026-06-19T10:00:00+00:00, run_after=2026-06-19T11:00:00+00:00
[2026-06-19T11:04:10.858+0000] {processor.py:179} INFO - Processing /opt/airflow/dags/dag_suivi.py took 0.097 seconds
[2026-06-19T11:05:26.467+0000] {processor.py:157} INFO - Started process (PID=169) to work on /opt/airflow/dags/dag_suivi.py
[2026-06-19T11:05:26.470+0000] {processor.py:829} INFO - Processing file /opt/airflow/dags/dag_suivi.py for tasks to queue
[2026-06-19T11:05:26.472+0000] {logging_mixin.py:151} INFO - [2026-06-19T11:05:26.471+0000] {dagbag.py:536} INFO - Filling up the DagBag from /opt/airflow/dags/dag_suivi.py
[2026-06-19T11:05:26.533+0000] {processor.py:839} INFO - DAG(s) dict_keys(['pipeline_ingestion_suivi']) retrieved from /opt/airflow/dags/dag_suivi.py
[2026-06-19T11:05:26.585+0000] {logging_mixin.py:151} INFO - [2026-06-19T11:05:26.585+0000] {dag.py:2941} INFO - Sync 1 DAGs
[2026-06-19T11:05:26.633+0000] {logging_mixin.py:151} INFO - [2026-06-19T11:05:26.632+0000] {dag.py:3722} INFO - Setting next_dagrun for pipeline_ingestion_suivi to 2026-06-19T10:00:00+00:00, run_after=2026-06-19T11:00:00+00:00
[2026-06-19T11:05:26.665+0000] {processor.py:179} INFO - Processing /opt/airflow/dags/dag_suivi.py took 0.207 seconds
[2026-06-19T11:05:56.772+0000] {processor.py:157} INFO - Started process (PID=174) to work on /opt/airflow/dags/dag_suivi.py
[2026-06-19T11:05:56.773+0000] {processor.py:829} INFO - Processing file /opt/airflow/dags/dag_suivi.py for tasks to queue
[2026-06-19T11:05:56.774+0000] {logging_mixin.py:151} INFO - [2026-06-19T11:05:56.774+0000] {dagbag.py:536} INFO - Filling up the DagBag from /opt/airflow/dags/dag_suivi.py
[2026-06-19T11:05:56.799+0000] {processor.py:839} INFO - DAG(s) dict_keys(['pipeline_ingestion_suivi']) retrieved from /opt/airflow/dags/dag_suivi.py
[2026-06-19T11:05:56.826+0000] {logging_mixin.py:151} INFO - [2026-06-19T11:05:56.826+0000] {dag.py:2941} INFO - Sync 1 DAGs
[2026-06-19T11:05:56.844+0000] {logging_mixin.py:151} INFO - [2026-06-19T11:05:56.844+0000] {dag.py:3722} INFO - Setting next_dagrun for pipeline_ingestion_suivi to 2026-06-19T10:00:00+00:00, run_after=2026-06-19T11:00:00+00:00
[2026-06-19T11:05:56.872+0000] {processor.py:179} INFO - Processing /opt/airflow/dags/dag_suivi.py took 0.104 seconds
[2026-06-19T11:06:27.044+0000] {processor.py:157} INFO - Started process (PID=179) to work on /opt/airflow/dags/dag_suivi.py
[2026-06-19T11:06:27.044+0000] {processor.py:829} INFO - Processing file /opt/airflow/dags/dag_suivi.py for tasks to queue
[2026-06-19T11:06:27.045+0000] {logging_mixin.py:151} INFO - [2026-06-19T11:06:27.045+0000] {dagbag.py:536} INFO - Filling up the DagBag from /opt/airflow/dags/dag_suivi.py
[2026-06-19T11:06:27.067+0000] {processor.py:839} INFO - DAG(s) dict_keys(['pipeline_ingestion_suivi']) retrieved from /opt/airflow/dags/dag_suivi.py
[2026-06-19T11:06:27.094+0000] {logging_mixin.py:151} INFO - [2026-06-19T11:06:27.094+0000] {dag.py:2941} INFO - Sync 1 DAGs
[2026-06-19T11:06:27.114+0000] {logging_mixin.py:151} INFO - [2026-06-19T11:06:27.114+0000] {dag.py:3722} INFO - Setting next_dagrun for pipeline_ingestion_suivi to 2026-06-19T10:00:00+00:00, run_after=2026-06-19T11:00:00+00:00
[2026-06-19T11:06:27.142+0000] {processor.py:179} INFO - Processing /opt/airflow/dags/dag_suivi.py took 0.102 seconds
[2026-06-19T11:06:57.322+0000] {processor.py:157} INFO - Started process (PID=184) to work on /opt/airflow/dags/dag_suivi.py
[2026-06-19T11:06:57.323+0000] {processor.py:829} INFO - Processing file /opt/airflow/dags/dag_suivi.py for tasks to queue
[2026-06-19T11:06:57.324+0000] {logging_mixin.py:151} INFO - [2026-06-19T11:06:57.324+0000] {dagbag.py:536} INFO - Filling up the DagBag from /opt/airflow/dags/dag_suivi.py
[2026-06-19T11:06:57.343+0000] {processor.py:839} INFO - DAG(s) dict_keys(['pipeline_ingestion_suivi']) retrieved from /opt/airflow/dags/dag_suivi.py
[2026-06-19T11:06:57.370+0000] {logging_mixin.py:151} INFO - [2026-06-19T11:06:57.370+0000] {dag.py:2941} INFO - Sync 1 DAGs
[2026-06-19T11:06:57.390+0000] {logging_mixin.py:151} INFO - [2026-06-19T11:06:57.390+0000] {dag.py:3722} INFO - Setting next_dagrun for pipeline_ingestion_suivi to 2026-06-19T10:00:00+00:00, run_after=2026-06-19T11:00:00+00:00
[2026-06-19T11:06:57.420+0000] {processor.py:179} INFO - Processing /opt/airflow/dags/dag_suivi.py took 0.101 seconds
[2026-06-19T11:07:27.592+0000] {processor.py:157} INFO - Started process (PID=189) to work on /opt/airflow/dags/dag_suivi.py
[2026-06-19T11:07:27.593+0000] {processor.py:829} INFO - Processing file /opt/airflow/dags/dag_suivi.py for tasks to queue
[2026-06-19T11:07:27.594+0000] {logging_mixin.py:151} INFO - [2026-06-19T11:07:27.594+0000] {dagbag.py:536} INFO - Filling up the DagBag from /opt/airflow/dags/dag_suivi.py
[2026-06-19T11:07:27.630+0000] {processor.py:839} INFO - DAG(s) dict_keys(['pipeline_ingestion_suivi']) retrieved from /opt/airflow/dags/dag_suivi.py
[2026-06-19T11:07:27.673+0000] {logging_mixin.py:151} INFO - [2026-06-19T11:07:27.673+0000] {dag.py:2941} INFO - Sync 1 DAGs
[2026-06-19T11:07:27.704+0000] {logging_mixin.py:151} INFO - [2026-06-19T11:07:27.704+0000] {dag.py:3722} INFO - Setting next_dagrun for pipeline_ingestion_suivi to 2026-06-19T10:00:00+00:00, run_after=2026-06-19T11:00:00+00:00
[2026-06-19T11:07:27.739+0000] {processor.py:179} INFO - Processing /opt/airflow/dags/dag_suivi.py took 0.153 seconds
[2026-06-19T11:07:57.902+0000] {processor.py:157} INFO - Started process (PID=194) to work on /opt/airflow/dags/dag_suivi.py
[2026-06-19T11:07:57.903+0000] {processor.py:829} INFO - Processing file /opt/airflow/dags/dag_suivi.py for tasks to queue
[2026-06-19T11:07:57.903+0000] {logging_mixin.py:151} INFO - [2026-06-19T11:07:57.903+0000] {dagbag.py:536} INFO - Filling up the DagBag from /opt/airflow/dags/dag_suivi.py
[2026-06-19T11:07:57.920+0000] {processor.py:839} INFO - DAG(s) dict_keys(['pipeline_ingestion_suivi']) retrieved from /opt/airflow/dags/dag_suivi.py
[2026-06-19T11:07:57.958+0000] {logging_mixin.py:151} INFO - [2026-06-19T11:07:57.958+0000] {dag.py:2941} INFO - Sync 1 DAGs
[2026-06-19T11:07:57.980+0000] {logging_mixin.py:151} INFO - [2026-06-19T11:07:57.980+0000] {dag.py:3722} INFO - Setting next_dagrun for pipeline_ingestion_suivi to 2026-06-19T10:00:00+00:00, run_after=2026-06-19T11:00:00+00:00
[2026-06-19T11:07:57.998+0000] {processor.py:179} INFO - Processing /opt/airflow/dags/dag_suivi.py took 0.099 seconds
[2026-06-19T11:08:28.231+0000] {processor.py:157} INFO - Started process (PID=199) to work on /opt/airflow/dags/dag_suivi.py
[2026-06-19T11:08:28.231+0000] {processor.py:829} INFO - Processing file /opt/airflow/dags/dag_suivi.py for tasks to queue
[2026-06-19T11:08:28.232+0000] {logging_mixin.py:151} INFO - [2026-06-19T11:08:28.232+0000] {dagbag.py:536} INFO - Filling up the DagBag from /opt/airflow/dags/dag_suivi.py
[2026-06-19T11:08:28.252+0000] {processor.py:839} INFO - DAG(s) dict_keys(['pipeline_ingestion_suivi']) retrieved from /opt/airflow/dags/dag_suivi.py
[2026-06-19T11:08:28.277+0000] {logging_mixin.py:151} INFO - [2026-06-19T11:08:28.277+0000] {dag.py:2941} INFO - Sync 1 DAGs
[2026-06-19T11:08:28.296+0000] {logging_mixin.py:151} INFO - [2026-06-19T11:08:28.295+0000] {dag.py:3722} INFO - Setting next_dagrun for pipeline_ingestion_suivi to 2026-06-19T10:00:00+00:00, run_after=2026-06-19T11:00:00+00:00
[2026-06-19T11:08:28.313+0000] {processor.py:179} INFO - Processing /opt/airflow/dags/dag_suivi.py took 0.085 seconds
[2026-06-19T11:08:58.425+0000] {processor.py:157} INFO - Started process (PID=204) to work on /opt/airflow/dags/dag_suivi.py
[2026-06-19T11:08:58.426+0000] {processor.py:829} INFO - Processing file /opt/airflow/dags/dag_suivi.py for tasks to queue
[2026-06-19T11:08:58.427+0000] {logging_mixin.py:151} INFO - [2026-06-19T11:08:58.427+0000] {dagbag.py:536} INFO - Filling up the DagBag from /opt/airflow/dags/dag_suivi.py
[2026-06-19T11:08:58.445+0000] {processor.py:839} INFO - DAG(s) dict_keys(['pipeline_ingestion_suivi']) retrieved from /opt/airflow/dags/dag_suivi.py
[2026-06-19T11:08:58.471+0000] {logging_mixin.py:151} INFO - [2026-06-19T11:08:58.471+0000] {dag.py:2941} INFO - Sync 1 DAGs
[2026-06-19T11:08:58.490+0000] {logging_mixin.py:151} INFO - [2026-06-19T11:08:58.490+0000] {dag.py:3722} INFO - Setting next_dagrun for pipeline_ingestion_suivi to 2026-06-19T10:00:00+00:00, run_after=2026-06-19T11:00:00+00:00
[2026-06-19T11:08:58.518+0000] {processor.py:179} INFO - Processing /opt/airflow/dags/dag_suivi.py took 0.096 seconds
[2026-06-19T11:09:28.693+0000] {processor.py:157} INFO - Started process (PID=209) to work on /opt/airflow/dags/dag_suivi.py
[2026-06-19T11:09:28.694+0000] {processor.py:829} INFO - Processing file /opt/airflow/dags/dag_suivi.py for tasks to queue
[2026-06-19T11:09:28.695+0000] {logging_mixin.py:151} INFO - [2026-06-19T11:09:28.695+0000] {dagbag.py:536} INFO - Filling up the DagBag from /opt/airflow/dags/dag_suivi.py
[2026-06-19T11:09:28.713+0000] {processor.py:839} INFO - DAG(s) dict_keys(['pipeline_ingestion_suivi']) retrieved from /opt/airflow/dags/dag_suivi.py
[2026-06-19T11:09:28.735+0000] {logging_mixin.py:151} INFO - [2026-06-19T11:09:28.735+0000] {dag.py:2941} INFO - Sync 1 DAGs
[2026-06-19T11:09:28.754+0000] {logging_mixin.py:151} INFO - [2026-06-19T11:09:28.754+0000] {dag.py:3722} INFO - Setting next_dagrun for pipeline_ingestion_suivi to 2026-06-19T10:00:00+00:00, run_after=2026-06-19T11:00:00+00:00
[2026-06-19T11:09:28.773+0000] {processor.py:179} INFO - Processing /opt/airflow/dags/dag_suivi.py took 0.082 seconds
[2026-06-19T11:09:58.895+0000] {processor.py:157} INFO - Started process (PID=214) to work on /opt/airflow/dags/dag_suivi.py
[2026-06-19T11:09:58.895+0000] {processor.py:829} INFO - Processing file /opt/airflow/dags/dag_suivi.py for tasks to queue
[2026-06-19T11:09:58.896+0000] {logging_mixin.py:151} INFO - [2026-06-19T11:09:58.896+0000] {dagbag.py:536} INFO - Filling up the DagBag from /opt/airflow/dags/dag_suivi.py
[2026-06-19T11:09:58.915+0000] {processor.py:839} INFO - DAG(s) dict_keys(['pipeline_ingestion_suivi']) retrieved from /opt/airflow/dags/dag_suivi.py
[2026-06-19T11:09:58.943+0000] {logging_mixin.py:151} INFO - [2026-06-19T11:09:58.943+0000] {dag.py:2941} INFO - Sync 1 DAGs
[2026-06-19T11:09:58.965+0000] {logging_mixin.py:151} INFO - [2026-06-19T11:09:58.965+0000] {dag.py:3722} INFO - Setting next_dagrun for pipeline_ingestion_suivi to 2026-06-19T10:00:00+00:00, run_after=2026-06-19T11:00:00+00:00
[2026-06-19T11:09:58.984+0000] {processor.py:179} INFO - Processing /opt/airflow/dags/dag_suivi.py took 0.093 seconds
[2026-06-19T11:10:29.150+0000] {processor.py:157} INFO - Started process (PID=219) to work on /opt/airflow/dags/dag_suivi.py
[2026-06-19T11:10:29.151+0000] {processor.py:829} INFO - Processing file /opt/airflow/dags/dag_suivi.py for tasks to queue
[2026-06-19T11:10:29.152+0000] {logging_mixin.py:151} INFO - [2026-06-19T11:10:29.152+0000] {dagbag.py:536} INFO - Filling up the DagBag from /opt/airflow/dags/dag_suivi.py
[2026-06-19T11:10:29.169+0000] {processor.py:839} INFO - DAG(s) dict_keys(['pipeline_ingestion_suivi']) retrieved from /opt/airflow/dags/dag_suivi.py
[2026-06-19T11:10:29.194+0000] {logging_mixin.py:151} INFO - [2026-06-19T11:10:29.194+0000] {dag.py:2941} INFO - Sync 1 DAGs
[2026-06-19T11:10:29.212+0000] {logging_mixin.py:151} INFO - [2026-06-19T11:10:29.212+0000] {dag.py:3722} INFO - Setting next_dagrun for pipeline_ingestion_suivi to 2026-06-19T10:00:00+00:00, run_after=2026-06-19T11:00:00+00:00
[2026-06-19T11:10:29.233+0000] {processor.py:179} INFO - Processing /opt/airflow/dags/dag_suivi.py took 0.086 seconds
[2026-06-19T11:10:59.324+0000] {processor.py:157} INFO - Started process (PID=224) to work on /opt/airflow/dags/dag_suivi.py
[2026-06-19T11:10:59.325+0000] {processor.py:829} INFO - Processing file /opt/airflow/dags/dag_suivi.py for tasks to queue
[2026-06-19T11:10:59.325+0000] {logging_mixin.py:151} INFO - [2026-06-19T11:10:59.325+0000] {dagbag.py:536} INFO - Filling up the DagBag from /opt/airflow/dags/dag_suivi.py
[2026-06-19T11:10:59.344+0000] {processor.py:839} INFO - DAG(s) dict_keys(['pipeline_ingestion_suivi']) retrieved from /opt/airflow/dags/dag_suivi.py
[2026-06-19T11:10:59.373+0000] {logging_mixin.py:151} INFO - [2026-06-19T11:10:59.373+0000] {dag.py:2941} INFO - Sync 1 DAGs
[2026-06-19T11:10:59.393+0000] {logging_mixin.py:151} INFO - [2026-06-19T11:10:59.393+0000] {dag.py:3722} INFO - Setting next_dagrun for pipeline_ingestion_suivi to 2026-06-19T10:00:00+00:00, run_after=2026-06-19T11:00:00+00:00
[2026-06-19T11:10:59.413+0000] {processor.py:179} INFO - Processing /opt/airflow/dags/dag_suivi.py took 0.092 seconds
[2026-06-19T11:11:29.588+0000] {processor.py:157} INFO - Started process (PID=229) to work on /opt/airflow/dags/dag_suivi.py
[2026-06-19T11:11:29.589+0000] {processor.py:829} INFO - Processing file /opt/airflow/dags/dag_suivi.py for tasks to queue
[2026-06-19T11:11:29.590+0000] {logging_mixin.py:151} INFO - [2026-06-19T11:11:29.590+0000] {dagbag.py:536} INFO - Filling up the DagBag from /opt/airflow/dags/dag_suivi.py
[2026-06-19T11:11:29.618+0000] {processor.py:839} INFO - DAG(s) dict_keys(['pipeline_ingestion_suivi']) retrieved from /opt/airflow/dags/dag_suivi.py
[2026-06-19T11:11:29.655+0000] {logging_mixin.py:151} INFO - [2026-06-19T11:11:29.655+0000] {dag.py:2941} INFO - Sync 1 DAGs
[2026-06-19T11:11:29.685+0000] {logging_mixin.py:151} INFO - [2026-06-19T11:11:29.685+0000] {dag.py:3722} INFO - Setting next_dagrun for pipeline_ingestion_suivi to 2026-06-19T10:00:00+00:00, run_after=2026-06-19T11:00:00+00:00
[2026-06-19T11:11:29.712+0000] {processor.py:179} INFO - Processing /opt/airflow/dags/dag_suivi.py took 0.128 seconds
[2026-06-19T11:11:59.771+0000] {processor.py:157} INFO - Started process (PID=234) to work on /opt/airflow/dags/dag_suivi.py
[2026-06-19T11:11:59.772+0000] {processor.py:829} INFO - Processing file /opt/airflow/dags/dag_suivi.py for tasks to queue
[2026-06-19T11:11:59.773+0000] {logging_mixin.py:151} INFO - [2026-06-19T11:11:59.773+0000] {dagbag.py:536} INFO - Filling up the DagBag from /opt/airflow/dags/dag_suivi.py
[2026-06-19T11:11:59.792+0000] {processor.py:839} INFO - DAG(s) dict_keys(['pipeline_ingestion_suivi']) retrieved from /opt/airflow/dags/dag_suivi.py
[2026-06-19T11:11:59.822+0000] {logging_mixin.py:151} INFO - [2026-06-19T11:11:59.822+0000] {dag.py:2941} INFO - Sync 1 DAGs
[2026-06-19T11:11:59.843+0000] {logging_mixin.py:151} INFO - [2026-06-19T11:11:59.843+0000] {dag.py:3722} INFO - Setting next_dagrun for pipeline_ingestion_suivi to 2026-06-19T10:00:00+00:00, run_after=2026-06-19T11:00:00+00:00
[2026-06-19T11:11:59.863+0000] {processor.py:179} INFO - Processing /opt/airflow/dags/dag_suivi.py took 0.095 seconds
[2026-06-19T11:12:29.952+0000] {processor.py:157} INFO - Started process (PID=239) to work on /opt/airflow/dags/dag_suivi.py
[2026-06-19T11:12:29.952+0000] {processor.py:829} INFO - Processing file /opt/airflow/dags/dag_suivi.py for tasks to queue
[2026-06-19T11:12:29.953+0000] {logging_mixin.py:151} INFO - [2026-06-19T11:12:29.953+0000] {dagbag.py:536} INFO - Filling up the DagBag from /opt/airflow/dags/dag_suivi.py
[2026-06-19T11:12:29.973+0000] {processor.py:839} INFO - DAG(s) dict_keys(['pipeline_ingestion_suivi']) retrieved from /opt/airflow/dags/dag_suivi.py
[2026-06-19T11:12:30.000+0000] {logging_mixin.py:151} INFO - [2026-06-19T11:12:29.999+0000] {dag.py:2941} INFO - Sync 1 DAGs
[2026-06-19T11:12:30.019+0000] {logging_mixin.py:151} INFO - [2026-06-19T11:12:30.019+0000] {dag.py:3722} INFO - Setting next_dagrun for pipeline_ingestion_suivi to 2026-06-19T10:00:00+00:00, run_after=2026-06-19T11:00:00+00:00
[2026-06-19T11:12:30.037+0000] {processor.py:179} INFO - Processing /opt/airflow/dags/dag_suivi.py took 0.089 seconds
[2026-06-19T11:13:00.209+0000] {processor.py:157} INFO - Started process (PID=244) to work on /opt/airflow/dags/dag_suivi.py
[2026-06-19T11:13:00.210+0000] {processor.py:829} INFO - Processing file /opt/airflow/dags/dag_suivi.py for tasks to queue
[2026-06-19T11:13:00.211+0000] {logging_mixin.py:151} INFO - [2026-06-19T11:13:00.211+0000] {dagbag.py:536} INFO - Filling up the DagBag from /opt/airflow/dags/dag_suivi.py
[2026-06-19T11:13:00.233+0000] {processor.py:839} INFO - DAG(s) dict_keys(['pipeline_ingestion_suivi']) retrieved from /opt/airflow/dags/dag_suivi.py
[2026-06-19T11:13:00.261+0000] {logging_mixin.py:151} INFO - [2026-06-19T11:13:00.261+0000] {dag.py:2941} INFO - Sync 1 DAGs
[2026-06-19T11:13:00.282+0000] {logging_mixin.py:151} INFO - [2026-06-19T11:13:00.282+0000] {dag.py:3722} INFO - Setting next_dagrun for pipeline_ingestion_suivi to 2026-06-19T10:00:00+00:00, run_after=2026-06-19T11:00:00+00:00
[2026-06-19T11:13:00.320+0000] {processor.py:179} INFO - Processing /opt/airflow/dags/dag_suivi.py took 0.115 seconds
[2026-06-19T11:14:01.776+0000] {processor.py:157} INFO - Started process (PID=169) to work on /opt/airflow/dags/dag_suivi.py
[2026-06-19T11:14:01.778+0000] {processor.py:829} INFO - Processing file /opt/airflow/dags/dag_suivi.py for tasks to queue
[2026-06-19T11:14:01.780+0000] {logging_mixin.py:151} INFO - [2026-06-19T11:14:01.780+0000] {dagbag.py:536} INFO - Filling up the DagBag from /opt/airflow/dags/dag_suivi.py
[2026-06-19T11:14:01.829+0000] {processor.py:839} INFO - DAG(s) dict_keys(['pipeline_ingestion_suivi']) retrieved from /opt/airflow/dags/dag_suivi.py
[2026-06-19T11:14:01.903+0000] {logging_mixin.py:151} INFO - [2026-06-19T11:14:01.903+0000] {dag.py:2941} INFO - Sync 1 DAGs
[2026-06-19T11:14:01.963+0000] {logging_mixin.py:151} INFO - [2026-06-19T11:14:01.962+0000] {dag.py:3722} INFO - Setting next_dagrun for pipeline_ingestion_suivi to 2026-06-19T10:00:00+00:00, run_after=2026-06-19T11:00:00+00:00
[2026-06-19T11:14:02.002+0000] {processor.py:179} INFO - Processing /opt/airflow/dags/dag_suivi.py took 0.233 seconds
[2026-06-19T11:14:32.056+0000] {processor.py:157} INFO - Started process (PID=174) to work on /opt/airflow/dags/dag_suivi.py
[2026-06-19T11:14:32.057+0000] {processor.py:829} INFO - Processing file /opt/airflow/dags/dag_suivi.py for tasks to queue
[2026-06-19T11:14:32.058+0000] {logging_mixin.py:151} INFO - [2026-06-19T11:14:32.058+0000] {dagbag.py:536} INFO - Filling up the DagBag from /opt/airflow/dags/dag_suivi.py
[2026-06-19T11:14:32.080+0000] {processor.py:839} INFO - DAG(s) dict_keys(['pipeline_ingestion_suivi']) retrieved from /opt/airflow/dags/dag_suivi.py
[2026-06-19T11:14:32.106+0000] {logging_mixin.py:151} INFO - [2026-06-19T11:14:32.106+0000] {dag.py:2941} INFO - Sync 1 DAGs
[2026-06-19T11:14:32.125+0000] {logging_mixin.py:151} INFO - [2026-06-19T11:14:32.125+0000] {dag.py:3722} INFO - Setting next_dagrun for pipeline_ingestion_suivi to 2026-06-19T10:00:00+00:00, run_after=2026-06-19T11:00:00+00:00
[2026-06-19T11:14:32.151+0000] {processor.py:179} INFO - Processing /opt/airflow/dags/dag_suivi.py took 0.100 seconds
[2026-06-19T11:15:02.280+0000] {processor.py:157} INFO - Started process (PID=179) to work on /opt/airflow/dags/dag_suivi.py
[2026-06-19T11:15:02.281+0000] {processor.py:829} INFO - Processing file /opt/airflow/dags/dag_suivi.py for tasks to queue
[2026-06-19T11:15:02.282+0000] {logging_mixin.py:151} INFO - [2026-06-19T11:15:02.282+0000] {dagbag.py:536} INFO - Filling up the DagBag from /opt/airflow/dags/dag_suivi.py
[2026-06-19T11:15:02.301+0000] {processor.py:839} INFO - DAG(s) dict_keys(['pipeline_ingestion_suivi']) retrieved from /opt/airflow/dags/dag_suivi.py
[2026-06-19T11:15:02.326+0000] {logging_mixin.py:151} INFO - [2026-06-19T11:15:02.325+0000] {dag.py:2941} INFO - Sync 1 DAGs
[2026-06-19T11:15:02.344+0000] {logging_mixin.py:151} INFO - [2026-06-19T11:15:02.344+0000] {dag.py:3722} INFO - Setting next_dagrun for pipeline_ingestion_suivi to 2026-06-19T10:00:00+00:00, run_after=2026-06-19T11:00:00+00:00
[2026-06-19T11:15:02.374+0000] {processor.py:179} INFO - Processing /opt/airflow/dags/dag_suivi.py took 0.097 seconds
[2026-06-19T11:15:32.554+0000] {processor.py:157} INFO - Started process (PID=184) to work on /opt/airflow/dags/dag_suivi.py
[2026-06-19T11:15:32.555+0000] {processor.py:829} INFO - Processing file /opt/airflow/dags/dag_suivi.py for tasks to queue
[2026-06-19T11:15:32.555+0000] {logging_mixin.py:151} INFO - [2026-06-19T11:15:32.555+0000] {dagbag.py:536} INFO - Filling up the DagBag from /opt/airflow/dags/dag_suivi.py
[2026-06-19T11:15:32.574+0000] {processor.py:839} INFO - DAG(s) dict_keys(['pipeline_ingestion_suivi']) retrieved from /opt/airflow/dags/dag_suivi.py
[2026-06-19T11:15:32.596+0000] {logging_mixin.py:151} INFO - [2026-06-19T11:15:32.596+0000] {dag.py:2941} INFO - Sync 1 DAGs
[2026-06-19T11:15:32.615+0000] {logging_mixin.py:151} INFO - [2026-06-19T11:15:32.615+0000] {dag.py:3722} INFO - Setting next_dagrun for pipeline_ingestion_suivi to 2026-06-19T10:00:00+00:00, run_after=2026-06-19T11:00:00+00:00
[2026-06-19T11:15:32.633+0000] {processor.py:179} INFO - Processing /opt/airflow/dags/dag_suivi.py took 0.083 seconds
[2026-06-19T11:16:02.802+0000] {processor.py:157} INFO - Started process (PID=189) to work on /opt/airflow/dags/dag_suivi.py
[2026-06-19T11:16:02.802+0000] {processor.py:829} INFO - Processing file /opt/airflow/dags/dag_suivi.py for tasks to queue
[2026-06-19T11:16:02.803+0000] {logging_mixin.py:151} INFO - [2026-06-19T11:16:02.803+0000] {dagbag.py:536} INFO - Filling up the DagBag from /opt/airflow/dags/dag_suivi.py
[2026-06-19T11:16:02.824+0000] {processor.py:839} INFO - DAG(s) dict_keys(['pipeline_ingestion_suivi']) retrieved from /opt/airflow/dags/dag_suivi.py
[2026-06-19T11:16:02.849+0000] {logging_mixin.py:151} INFO - [2026-06-19T11:16:02.848+0000] {dag.py:2941} INFO - Sync 1 DAGs
[2026-06-19T11:16:02.866+0000] {logging_mixin.py:151} INFO - [2026-06-19T11:16:02.866+0000] {dag.py:3722} INFO - Setting next_dagrun for pipeline_ingestion_suivi to 2026-06-19T10:00:00+00:00, run_after=2026-06-19T11:00:00+00:00
[2026-06-19T11:16:02.884+0000] {processor.py:179} INFO - Processing /opt/airflow/dags/dag_suivi.py took 0.086 seconds
[2026-06-19T11:16:33.104+0000] {processor.py:157} INFO - Started process (PID=194) to work on /opt/airflow/dags/dag_suivi.py
[2026-06-19T11:16:33.105+0000] {processor.py:829} INFO - Processing file /opt/airflow/dags/dag_suivi.py for tasks to queue
[2026-06-19T11:16:33.105+0000] {logging_mixin.py:151} INFO - [2026-06-19T11:16:33.105+0000] {dagbag.py:536} INFO - Filling up the DagBag from /opt/airflow/dags/dag_suivi.py
[2026-06-19T11:16:33.124+0000] {processor.py:839} INFO - DAG(s) dict_keys(['pipeline_ingestion_suivi']) retrieved from /opt/airflow/dags/dag_suivi.py
[2026-06-19T11:16:33.147+0000] {logging_mixin.py:151} INFO - [2026-06-19T11:16:33.147+0000] {dag.py:2941} INFO - Sync 1 DAGs
[2026-06-19T11:16:33.166+0000] {logging_mixin.py:151} INFO - [2026-06-19T11:16:33.166+0000] {dag.py:3722} INFO - Setting next_dagrun for pipeline_ingestion_suivi to 2026-06-19T10:00:00+00:00, run_after=2026-06-19T11:00:00+00:00
[2026-06-19T11:16:33.195+0000] {processor.py:179} INFO - Processing /opt/airflow/dags/dag_suivi.py took 0.094 seconds
[2026-06-19T11:17:03.308+0000] {processor.py:157} INFO - Started process (PID=199) to work on /opt/airflow/dags/dag_suivi.py
[2026-06-19T11:17:03.309+0000] {processor.py:829} INFO - Processing file /opt/airflow/dags/dag_suivi.py for tasks to queue
[2026-06-19T11:17:03.310+0000] {logging_mixin.py:151} INFO - [2026-06-19T11:17:03.309+0000] {dagbag.py:536} INFO - Filling up the DagBag from /opt/airflow/dags/dag_suivi.py
[2026-06-19T11:17:03.328+0000] {processor.py:839} INFO - DAG(s) dict_keys(['pipeline_ingestion_suivi']) retrieved from /opt/airflow/dags/dag_suivi.py
[2026-06-19T11:17:03.355+0000] {logging_mixin.py:151} INFO - [2026-06-19T11:17:03.355+0000] {dag.py:2941} INFO - Sync 1 DAGs
[2026-06-19T11:17:03.377+0000] {logging_mixin.py:151} INFO - [2026-06-19T11:17:03.376+0000] {dag.py:3722} INFO - Setting next_dagrun for pipeline_ingestion_suivi to 2026-06-19T10:00:00+00:00, run_after=2026-06-19T11:00:00+00:00
[2026-06-19T11:17:03.394+0000] {processor.py:179} INFO - Processing /opt/airflow/dags/dag_suivi.py took 0.089 seconds
[2026-06-19T11:17:33.566+0000] {processor.py:157} INFO - Started process (PID=204) to work on /opt/airflow/dags/dag_suivi.py
[2026-06-19T11:17:33.567+0000] {processor.py:829} INFO - Processing file /opt/airflow/dags/dag_suivi.py for tasks to queue
[2026-06-19T11:17:33.567+0000] {logging_mixin.py:151} INFO - [2026-06-19T11:17:33.567+0000] {dagbag.py:536} INFO - Filling up the DagBag from /opt/airflow/dags/dag_suivi.py
[2026-06-19T11:17:33.584+0000] {processor.py:839} INFO - DAG(s) dict_keys(['pipeline_ingestion_suivi']) retrieved from /opt/airflow/dags/dag_suivi.py
[2026-06-19T11:17:33.610+0000] {logging_mixin.py:151} INFO - [2026-06-19T11:17:33.610+0000] {dag.py:2941} INFO - Sync 1 DAGs
[2026-06-19T11:17:33.634+0000] {logging_mixin.py:151} INFO - [2026-06-19T11:17:33.633+0000] {dag.py:3722} INFO - Setting next_dagrun for pipeline_ingestion_suivi to 2026-06-19T10:00:00+00:00, run_after=2026-06-19T11:00:00+00:00
[2026-06-19T11:17:33.652+0000] {processor.py:179} INFO - Processing /opt/airflow/dags/dag_suivi.py took 0.089 seconds
[2026-06-19T11:18:03.750+0000] {processor.py:157} INFO - Started process (PID=209) to work on /opt/airflow/dags/dag_suivi.py
[2026-06-19T11:18:03.750+0000] {processor.py:829} INFO - Processing file /opt/airflow/dags/dag_suivi.py for tasks to queue
[2026-06-19T11:18:03.751+0000] {logging_mixin.py:151} INFO - [2026-06-19T11:18:03.751+0000] {dagbag.py:536} INFO - Filling up the DagBag from /opt/airflow/dags/dag_suivi.py
[2026-06-19T11:18:03.770+0000] {processor.py:839} INFO - DAG(s) dict_keys(['pipeline_ingestion_suivi']) retrieved from /opt/airflow/dags/dag_suivi.py
[2026-06-19T11:18:03.794+0000] {logging_mixin.py:151} INFO - [2026-06-19T11:18:03.794+0000] {dag.py:2941} INFO - Sync 1 DAGs
[2026-06-19T11:18:03.813+0000] {logging_mixin.py:151} INFO - [2026-06-19T11:18:03.813+0000] {dag.py:3722} INFO - Setting next_dagrun for pipeline_ingestion_suivi to 2026-06-19T10:00:00+00:00, run_after=2026-06-19T11:00:00+00:00
[2026-06-19T11:18:03.832+0000] {processor.py:179} INFO - Processing /opt/airflow/dags/dag_suivi.py took 0.085 seconds
[2026-06-19T11:18:34.052+0000] {processor.py:157} INFO - Started process (PID=214) to work on /opt/airflow/dags/dag_suivi.py
[2026-06-19T11:18:34.053+0000] {processor.py:829} INFO - Processing file /opt/airflow/dags/dag_suivi.py for tasks to queue
[2026-06-19T11:18:34.054+0000] {logging_mixin.py:151} INFO - [2026-06-19T11:18:34.054+0000] {dagbag.py:536} INFO - Filling up the DagBag from /opt/airflow/dags/dag_suivi.py
[2026-06-19T11:18:34.074+0000] {processor.py:839} INFO - DAG(s) dict_keys(['pipeline_ingestion_suivi']) retrieved from /opt/airflow/dags/dag_suivi.py
[2026-06-19T11:18:34.097+0000] {logging_mixin.py:151} INFO - [2026-06-19T11:18:34.097+0000] {dag.py:2941} INFO - Sync 1 DAGs
[2026-06-19T11:18:34.116+0000] {logging_mixin.py:151} INFO - [2026-06-19T11:18:34.115+0000] {dag.py:3722} INFO - Setting next_dagrun for pipeline_ingestion_suivi to 2026-06-19T10:00:00+00:00, run_after=2026-06-19T11:00:00+00:00
[2026-06-19T11:18:34.135+0000] {processor.py:179} INFO - Processing /opt/airflow/dags/dag_suivi.py took 0.085 seconds
[2026-06-19T11:19:04.295+0000] {processor.py:157} INFO - Started process (PID=219) to work on /opt/airflow/dags/dag_suivi.py
[2026-06-19T11:19:04.296+0000] {processor.py:829} INFO - Processing file /opt/airflow/dags/dag_suivi.py for tasks to queue
[2026-06-19T11:19:04.297+0000] {logging_mixin.py:151} INFO - [2026-06-19T11:19:04.297+0000] {dagbag.py:536} INFO - Filling up the DagBag from /opt/airflow/dags/dag_suivi.py
[2026-06-19T11:19:04.316+0000] {processor.py:839} INFO - DAG(s) dict_keys(['pipeline_ingestion_suivi']) retrieved from /opt/airflow/dags/dag_suivi.py
[2026-06-19T11:19:04.340+0000] {logging_mixin.py:151} INFO - [2026-06-19T11:19:04.340+0000] {dag.py:2941} INFO - Sync 1 DAGs
[2026-06-19T11:19:04.361+0000] {logging_mixin.py:151} INFO - [2026-06-19T11:19:04.361+0000] {dag.py:3722} INFO - Setting next_dagrun for pipeline_ingestion_suivi to 2026-06-19T10:00:00+00:00, run_after=2026-06-19T11:00:00+00:00
[2026-06-19T11:19:04.379+0000] {processor.py:179} INFO - Processing /opt/airflow/dags/dag_suivi.py took 0.087 seconds
[2026-06-19T11:19:34.539+0000] {processor.py:157} INFO - Started process (PID=224) to work on /opt/airflow/dags/dag_suivi.py
[2026-06-19T11:19:34.540+0000] {processor.py:829} INFO - Processing file /opt/airflow/dags/dag_suivi.py for tasks to queue
[2026-06-19T11:19:34.540+0000] {logging_mixin.py:151} INFO - [2026-06-19T11:19:34.540+0000] {dagbag.py:536} INFO - Filling up the DagBag from /opt/airflow/dags/dag_suivi.py
[2026-06-19T11:19:34.558+0000] {processor.py:839} INFO - DAG(s) dict_keys(['pipeline_ingestion_suivi']) retrieved from /opt/airflow/dags/dag_suivi.py
[2026-06-19T11:19:34.583+0000] {logging_mixin.py:151} INFO - [2026-06-19T11:19:34.582+0000] {dag.py:2941} INFO - Sync 1 DAGs
[2026-06-19T11:19:34.602+0000] {logging_mixin.py:151} INFO - [2026-06-19T11:19:34.602+0000] {dag.py:3722} INFO - Setting next_dagrun for pipeline_ingestion_suivi to 2026-06-19T10:00:00+00:00, run_after=2026-06-19T11:00:00+00:00
[2026-06-19T11:19:34.621+0000] {processor.py:179} INFO - Processing /opt/airflow/dags/dag_suivi.py took 0.085 seconds
[2026-06-19T11:20:04.807+0000] {processor.py:157} INFO - Started process (PID=229) to work on /opt/airflow/dags/dag_suivi.py
[2026-06-19T11:20:04.808+0000] {processor.py:829} INFO - Processing file /opt/airflow/dags/dag_suivi.py for tasks to queue
[2026-06-19T11:20:04.809+0000] {logging_mixin.py:151} INFO - [2026-06-19T11:20:04.809+0000] {dagbag.py:536} INFO - Filling up the DagBag from /opt/airflow/dags/dag_suivi.py
[2026-06-19T11:20:04.826+0000] {processor.py:839} INFO - DAG(s) dict_keys(['pipeline_ingestion_suivi']) retrieved from /opt/airflow/dags/dag_suivi.py
[2026-06-19T11:20:04.851+0000] {logging_mixin.py:151} INFO - [2026-06-19T11:20:04.850+0000] {dag.py:2941} INFO - Sync 1 DAGs
[2026-06-19T11:20:04.867+0000] {logging_mixin.py:151} INFO - [2026-06-19T11:20:04.867+0000] {dag.py:3722} INFO - Setting next_dagrun for pipeline_ingestion_suivi to 2026-06-19T10:00:00+00:00, run_after=2026-06-19T11:00:00+00:00
[2026-06-19T11:20:04.885+0000] {processor.py:179} INFO - Processing /opt/airflow/dags/dag_suivi.py took 0.080 seconds
[2026-06-19T11:20:35.060+0000] {processor.py:157} INFO - Started process (PID=234) to work on /opt/airflow/dags/dag_suivi.py
[2026-06-19T11:20:35.061+0000] {processor.py:829} INFO - Processing file /opt/airflow/dags/dag_suivi.py for tasks to queue
[2026-06-19T11:20:35.062+0000] {logging_mixin.py:151} INFO - [2026-06-19T11:20:35.061+0000] {dagbag.py:536} INFO - Filling up the DagBag from /opt/airflow/dags/dag_suivi.py
[2026-06-19T11:20:35.079+0000] {processor.py:839} INFO - DAG(s) dict_keys(['pipeline_ingestion_suivi']) retrieved from /opt/airflow/dags/dag_suivi.py
[2026-06-19T11:20:35.102+0000] {logging_mixin.py:151} INFO - [2026-06-19T11:20:35.102+0000] {dag.py:2941} INFO - Sync 1 DAGs
[2026-06-19T11:20:35.123+0000] {logging_mixin.py:151} INFO - [2026-06-19T11:20:35.123+0000] {dag.py:3722} INFO - Setting next_dagrun for pipeline_ingestion_suivi to 2026-06-19T10:00:00+00:00, run_after=2026-06-19T11:00:00+00:00
[2026-06-19T11:20:35.140+0000] {processor.py:179} INFO - Processing /opt/airflow/dags/dag_suivi.py took 0.083 seconds
[2026-06-19T11:21:05.296+0000] {processor.py:157} INFO - Started process (PID=239) to work on /opt/airflow/dags/dag_suivi.py
[2026-06-19T11:21:05.297+0000] {processor.py:829} INFO - Processing file /opt/airflow/dags/dag_suivi.py for tasks to queue
[2026-06-19T11:21:05.298+0000] {logging_mixin.py:151} INFO - [2026-06-19T11:21:05.297+0000] {dagbag.py:536} INFO - Filling up the DagBag from /opt/airflow/dags/dag_suivi.py
[2026-06-19T11:21:05.315+0000] {processor.py:839} INFO - DAG(s) dict_keys(['pipeline_ingestion_suivi']) retrieved from /opt/airflow/dags/dag_suivi.py
[2026-06-19T11:21:05.338+0000] {logging_mixin.py:151} INFO - [2026-06-19T11:21:05.338+0000] {dag.py:2941} INFO - Sync 1 DAGs
[2026-06-19T11:21:05.356+0000] {logging_mixin.py:151} INFO - [2026-06-19T11:21:05.356+0000] {dag.py:3722} INFO - Setting next_dagrun for pipeline_ingestion_suivi to 2026-06-19T10:00:00+00:00, run_after=2026-06-19T11:00:00+00:00
[2026-06-19T11:21:05.373+0000] {processor.py:179} INFO - Processing /opt/airflow/dags/dag_suivi.py took 0.080 seconds
[2026-06-19T11:21:35.544+0000] {processor.py:157} INFO - Started process (PID=244) to work on /opt/airflow/dags/dag_suivi.py
[2026-06-19T11:21:35.545+0000] {processor.py:829} INFO - Processing file /opt/airflow/dags/dag_suivi.py for tasks to queue
[2026-06-19T11:21:35.546+0000] {logging_mixin.py:151} INFO - [2026-06-19T11:21:35.546+0000] {dagbag.py:536} INFO - Filling up the DagBag from /opt/airflow/dags/dag_suivi.py
[2026-06-19T11:21:35.562+0000] {processor.py:839} INFO - DAG(s) dict_keys(['pipeline_ingestion_suivi']) retrieved from /opt/airflow/dags/dag_suivi.py
[2026-06-19T11:21:35.587+0000] {logging_mixin.py:151} INFO - [2026-06-19T11:21:35.586+0000] {dag.py:2941} INFO - Sync 1 DAGs
[2026-06-19T11:21:35.606+0000] {logging_mixin.py:151} INFO - [2026-06-19T11:21:35.606+0000] {dag.py:3722} INFO - Setting next_dagrun for pipeline_ingestion_suivi to 2026-06-19T10:00:00+00:00, run_after=2026-06-19T11:00:00+00:00
[2026-06-19T11:21:35.622+0000] {processor.py:179} INFO - Processing /opt/airflow/dags/dag_suivi.py took 0.080 seconds
[2026-06-19T11:22:05.796+0000] {processor.py:157} INFO - Started process (PID=249) to work on /opt/airflow/dags/dag_suivi.py
[2026-06-19T11:22:05.797+0000] {processor.py:829} INFO - Processing file /opt/airflow/dags/dag_suivi.py for tasks to queue
[2026-06-19T11:22:05.798+0000] {logging_mixin.py:151} INFO - [2026-06-19T11:22:05.797+0000] {dagbag.py:536} INFO - Filling up the DagBag from /opt/airflow/dags/dag_suivi.py
[2026-06-19T11:22:05.823+0000] {processor.py:839} INFO - DAG(s) dict_keys(['pipeline_ingestion_suivi']) retrieved from /opt/airflow/dags/dag_suivi.py
[2026-06-19T11:22:05.853+0000] {logging_mixin.py:151} INFO - [2026-06-19T11:22:05.853+0000] {dag.py:2941} INFO - Sync 1 DAGs
[2026-06-19T11:22:05.872+0000] {logging_mixin.py:151} INFO - [2026-06-19T11:22:05.872+0000] {dag.py:3722} INFO - Setting next_dagrun for pipeline_ingestion_suivi to 2026-06-19T10:00:00+00:00, run_after=2026-06-19T11:00:00+00:00
[2026-06-19T11:22:05.890+0000] {processor.py:179} INFO - Processing /opt/airflow/dags/dag_suivi.py took 0.098 seconds
[2026-06-19T11:22:36.015+0000] {processor.py:157} INFO - Started process (PID=254) to work on /opt/airflow/dags/dag_suivi.py
[2026-06-19T11:22:36.016+0000] {processor.py:829} INFO - Processing file /opt/airflow/dags/dag_suivi.py for tasks to queue
[2026-06-19T11:22:36.017+0000] {logging_mixin.py:151} INFO - [2026-06-19T11:22:36.017+0000] {dagbag.py:536} INFO - Filling up the DagBag from /opt/airflow/dags/dag_suivi.py
[2026-06-19T11:22:36.034+0000] {processor.py:839} INFO - DAG(s) dict_keys(['pipeline_ingestion_suivi']) retrieved from /opt/airflow/dags/dag_suivi.py
[2026-06-19T11:22:36.059+0000] {logging_mixin.py:151} INFO - [2026-06-19T11:22:36.059+0000] {dag.py:2941} INFO - Sync 1 DAGs
[2026-06-19T11:22:36.079+0000] {logging_mixin.py:151} INFO - [2026-06-19T11:22:36.078+0000] {dag.py:3722} INFO - Setting next_dagrun for pipeline_ingestion_suivi to 2026-06-19T10:00:00+00:00, run_after=2026-06-19T11:00:00+00:00
[2026-06-19T11:22:36.106+0000] {processor.py:179} INFO - Processing /opt/airflow/dags/dag_suivi.py took 0.094 seconds
[2026-06-19T11:23:06.287+0000] {processor.py:157} INFO - Started process (PID=259) to work on /opt/airflow/dags/dag_suivi.py
[2026-06-19T11:23:06.288+0000] {processor.py:829} INFO - Processing file /opt/airflow/dags/dag_suivi.py for tasks to queue
[2026-06-19T11:23:06.289+0000] {logging_mixin.py:151} INFO - [2026-06-19T11:23:06.288+0000] {dagbag.py:536} INFO - Filling up the DagBag from /opt/airflow/dags/dag_suivi.py
[2026-06-19T11:23:06.306+0000] {processor.py:839} INFO - DAG(s) dict_keys(['pipeline_ingestion_suivi']) retrieved from /opt/airflow/dags/dag_suivi.py
[2026-06-19T11:23:06.334+0000] {logging_mixin.py:151} INFO - [2026-06-19T11:23:06.334+0000] {dag.py:2941} INFO - Sync 1 DAGs
[2026-06-19T11:23:06.358+0000] {logging_mixin.py:151} INFO - [2026-06-19T11:23:06.358+0000] {dag.py:3722} INFO - Setting next_dagrun for pipeline_ingestion_suivi to 2026-06-19T10:00:00+00:00, run_after=2026-06-19T11:00:00+00:00
[2026-06-19T11:23:06.380+0000] {processor.py:179} INFO - Processing /opt/airflow/dags/dag_suivi.py took 0.096 seconds
[2026-06-19T11:23:36.520+0000] {processor.py:157} INFO - Started process (PID=264) to work on /opt/airflow/dags/dag_suivi.py
[2026-06-19T11:23:36.520+0000] {processor.py:829} INFO - Processing file /opt/airflow/dags/dag_suivi.py for tasks to queue
[2026-06-19T11:23:36.521+0000] {logging_mixin.py:151} INFO - [2026-06-19T11:23:36.521+0000] {dagbag.py:536} INFO - Filling up the DagBag from /opt/airflow/dags/dag_suivi.py
[2026-06-19T11:23:36.540+0000] {processor.py:839} INFO - DAG(s) dict_keys(['pipeline_ingestion_suivi']) retrieved from /opt/airflow/dags/dag_suivi.py
[2026-06-19T11:23:36.565+0000] {logging_mixin.py:151} INFO - [2026-06-19T11:23:36.565+0000] {dag.py:2941} INFO - Sync 1 DAGs
[2026-06-19T11:23:36.583+0000] {logging_mixin.py:151} INFO - [2026-06-19T11:23:36.583+0000] {dag.py:3722} INFO - Setting next_dagrun for pipeline_ingestion_suivi to 2026-06-19T10:00:00+00:00, run_after=2026-06-19T11:00:00+00:00
[2026-06-19T11:23:36.610+0000] {processor.py:179} INFO - Processing /opt/airflow/dags/dag_suivi.py took 0.094 seconds
[2026-06-19T11:24:06.863+0000] {processor.py:157} INFO - Started process (PID=269) to work on /opt/airflow/dags/dag_suivi.py
[2026-06-19T11:24:06.864+0000] {processor.py:829} INFO - Processing file /opt/airflow/dags/dag_suivi.py for tasks to queue
[2026-06-19T11:24:06.865+0000] {logging_mixin.py:151} INFO - [2026-06-19T11:24:06.865+0000] {dagbag.py:536} INFO - Filling up the DagBag from /opt/airflow/dags/dag_suivi.py
[2026-06-19T11:24:06.894+0000] {processor.py:839} INFO - DAG(s) dict_keys(['pipeline_ingestion_suivi']) retrieved from /opt/airflow/dags/dag_suivi.py
[2026-06-19T11:24:06.926+0000] {logging_mixin.py:151} INFO - [2026-06-19T11:24:06.926+0000] {dag.py:2941} INFO - Sync 1 DAGs
[2026-06-19T11:24:06.952+0000] {logging_mixin.py:151} INFO - [2026-06-19T11:24:06.952+0000] {dag.py:3722} INFO - Setting next_dagrun for pipeline_ingestion_suivi to 2026-06-19T10:00:00+00:00, run_after=2026-06-19T11:00:00+00:00
[2026-06-19T11:24:06.973+0000] {processor.py:179} INFO - Processing /opt/airflow/dags/dag_suivi.py took 0.113 seconds
[2026-06-19T11:24:37.114+0000] {processor.py:157} INFO - Started process (PID=274) to work on /opt/airflow/dags/dag_suivi.py
[2026-06-19T11:24:37.114+0000] {processor.py:829} INFO - Processing file /opt/airflow/dags/dag_suivi.py for tasks to queue
[2026-06-19T11:24:37.115+0000] {logging_mixin.py:151} INFO - [2026-06-19T11:24:37.115+0000] {dagbag.py:536} INFO - Filling up the DagBag from /opt/airflow/dags/dag_suivi.py
[2026-06-19T11:24:37.132+0000] {processor.py:839} INFO - DAG(s) dict_keys(['pipeline_ingestion_suivi']) retrieved from /opt/airflow/dags/dag_suivi.py
[2026-06-19T11:24:37.159+0000] {logging_mixin.py:151} INFO - [2026-06-19T11:24:37.159+0000] {dag.py:2941} INFO - Sync 1 DAGs
[2026-06-19T11:24:37.180+0000] {logging_mixin.py:151} INFO - [2026-06-19T11:24:37.180+0000] {dag.py:3722} INFO - Setting next_dagrun for pipeline_ingestion_suivi to 2026-06-19T10:00:00+00:00, run_after=2026-06-19T11:00:00+00:00
[2026-06-19T11:24:37.199+0000] {processor.py:179} INFO - Processing /opt/airflow/dags/dag_suivi.py took 0.089 seconds
[2026-06-19T11:25:07.401+0000] {processor.py:157} INFO - Started process (PID=279) to work on /opt/airflow/dags/dag_suivi.py
[2026-06-19T11:25:07.402+0000] {processor.py:829} INFO - Processing file /opt/airflow/dags/dag_suivi.py for tasks to queue
[2026-06-19T11:25:07.402+0000] {logging_mixin.py:151} INFO - [2026-06-19T11:25:07.402+0000] {dagbag.py:536} INFO - Filling up the DagBag from /opt/airflow/dags/dag_suivi.py
[2026-06-19T11:25:07.419+0000] {processor.py:839} INFO - DAG(s) dict_keys(['pipeline_ingestion_suivi']) retrieved from /opt/airflow/dags/dag_suivi.py
[2026-06-19T11:25:07.441+0000] {logging_mixin.py:151} INFO - [2026-06-19T11:25:07.441+0000] {dag.py:2941} INFO - Sync 1 DAGs
[2026-06-19T11:25:07.459+0000] {logging_mixin.py:151} INFO - [2026-06-19T11:25:07.459+0000] {dag.py:3722} INFO - Setting next_dagrun for pipeline_ingestion_suivi to 2026-06-19T10:00:00+00:00, run_after=2026-06-19T11:00:00+00:00
[2026-06-19T11:25:07.476+0000] {processor.py:179} INFO - Processing /opt/airflow/dags/dag_suivi.py took 0.078 seconds
[2026-06-19T11:25:37.639+0000] {processor.py:157} INFO - Started process (PID=284) to work on /opt/airflow/dags/dag_suivi.py
[2026-06-19T11:25:37.640+0000] {processor.py:829} INFO - Processing file /opt/airflow/dags/dag_suivi.py for tasks to queue
[2026-06-19T11:25:37.641+0000] {logging_mixin.py:151} INFO - [2026-06-19T11:25:37.640+0000] {dagbag.py:536} INFO - Filling up the DagBag from /opt/airflow/dags/dag_suivi.py
[2026-06-19T11:25:37.659+0000] {processor.py:839} INFO - DAG(s) dict_keys(['pipeline_ingestion_suivi']) retrieved from /opt/airflow/dags/dag_suivi.py
[2026-06-19T11:25:37.683+0000] {logging_mixin.py:151} INFO - [2026-06-19T11:25:37.683+0000] {dag.py:2941} INFO - Sync 1 DAGs
[2026-06-19T11:25:37.700+0000] {logging_mixin.py:151} INFO - [2026-06-19T11:25:37.700+0000] {dag.py:3722} INFO - Setting next_dagrun for pipeline_ingestion_suivi to 2026-06-19T10:00:00+00:00, run_after=2026-06-19T11:00:00+00:00
[2026-06-19T11:25:37.720+0000] {processor.py:179} INFO - Processing /opt/airflow/dags/dag_suivi.py took 0.084 seconds
[2026-06-19T11:26:07.896+0000] {processor.py:157} INFO - Started process (PID=289) to work on /opt/airflow/dags/dag_suivi.py
[2026-06-19T11:26:07.897+0000] {processor.py:829} INFO - Processing file /opt/airflow/dags/dag_suivi.py for tasks to queue
[2026-06-19T11:26:07.898+0000] {logging_mixin.py:151} INFO - [2026-06-19T11:26:07.898+0000] {dagbag.py:536} INFO - Filling up the DagBag from /opt/airflow/dags/dag_suivi.py
[2026-06-19T11:26:07.930+0000] {processor.py:839} INFO - DAG(s) dict_keys(['pipeline_ingestion_suivi']) retrieved from /opt/airflow/dags/dag_suivi.py
[2026-06-19T11:26:07.961+0000] {logging_mixin.py:151} INFO - [2026-06-19T11:26:07.960+0000] {dag.py:2941} INFO - Sync 1 DAGs
[2026-06-19T11:26:07.982+0000] {logging_mixin.py:151} INFO - [2026-06-19T11:26:07.982+0000] {dag.py:3722} INFO - Setting next_dagrun for pipeline_ingestion_suivi to 2026-06-19T10:00:00+00:00, run_after=2026-06-19T11:00:00+00:00
[2026-06-19T11:26:08.001+0000] {processor.py:179} INFO - Processing /opt/airflow/dags/dag_suivi.py took 0.110 seconds
[2026-06-19T11:26:38.100+0000] {processor.py:157} INFO - Started process (PID=294) to work on /opt/airflow/dags/dag_suivi.py
[2026-06-19T11:26:38.101+0000] {processor.py:829} INFO - Processing file /opt/airflow/dags/dag_suivi.py for tasks to queue
[2026-06-19T11:26:38.102+0000] {logging_mixin.py:151} INFO - [2026-06-19T11:26:38.102+0000] {dagbag.py:536} INFO - Filling up the DagBag from /opt/airflow/dags/dag_suivi.py
[2026-06-19T11:26:38.122+0000] {processor.py:839} INFO - DAG(s) dict_keys(['pipeline_ingestion_suivi']) retrieved from /opt/airflow/dags/dag_suivi.py
[2026-06-19T11:26:38.149+0000] {logging_mixin.py:151} INFO - [2026-06-19T11:26:38.149+0000] {dag.py:2941} INFO - Sync 1 DAGs
[2026-06-19T11:26:38.168+0000] {logging_mixin.py:151} INFO - [2026-06-19T11:26:38.168+0000] {dag.py:3722} INFO - Setting next_dagrun for pipeline_ingestion_suivi to 2026-06-19T10:00:00+00:00, run_after=2026-06-19T11:00:00+00:00
[2026-06-19T11:26:38.205+0000] {processor.py:179} INFO - Processing /opt/airflow/dags/dag_suivi.py took 0.109 seconds
[2026-06-19T11:27:08.408+0000] {processor.py:157} INFO - Started process (PID=299) to work on /opt/airflow/dags/dag_suivi.py
[2026-06-19T11:27:08.408+0000] {processor.py:829} INFO - Processing file /opt/airflow/dags/dag_suivi.py for tasks to queue
[2026-06-19T11:27:08.409+0000] {logging_mixin.py:151} INFO - [2026-06-19T11:27:08.409+0000] {dagbag.py:536} INFO - Filling up the DagBag from /opt/airflow/dags/dag_suivi.py
[2026-06-19T11:27:08.429+0000] {processor.py:839} INFO - DAG(s) dict_keys(['pipeline_ingestion_suivi']) retrieved from /opt/airflow/dags/dag_suivi.py
[2026-06-19T11:27:08.453+0000] {logging_mixin.py:151} INFO - [2026-06-19T11:27:08.453+0000] {dag.py:2941} INFO - Sync 1 DAGs
[2026-06-19T11:27:08.473+0000] {logging_mixin.py:151} INFO - [2026-06-19T11:27:08.473+0000] {dag.py:3722} INFO - Setting next_dagrun for pipeline_ingestion_suivi to 2026-06-19T10:00:00+00:00, run_after=2026-06-19T11:00:00+00:00
[2026-06-19T11:27:08.492+0000] {processor.py:179} INFO - Processing /opt/airflow/dags/dag_suivi.py took 0.087 seconds
[2026-06-19T11:27:38.650+0000] {processor.py:157} INFO - Started process (PID=304) to work on /opt/airflow/dags/dag_suivi.py
[2026-06-19T11:27:38.650+0000] {processor.py:829} INFO - Processing file /opt/airflow/dags/dag_suivi.py for tasks to queue
[2026-06-19T11:27:38.652+0000] {logging_mixin.py:151} INFO - [2026-06-19T11:27:38.651+0000] {dagbag.py:536} INFO - Filling up the DagBag from /opt/airflow/dags/dag_suivi.py
[2026-06-19T11:27:38.672+0000] {processor.py:839} INFO - DAG(s) dict_keys(['pipeline_ingestion_suivi']) retrieved from /opt/airflow/dags/dag_suivi.py
[2026-06-19T11:27:38.700+0000] {logging_mixin.py:151} INFO - [2026-06-19T11:27:38.700+0000] {dag.py:2941} INFO - Sync 1 DAGs
[2026-06-19T11:27:38.720+0000] {logging_mixin.py:151} INFO - [2026-06-19T11:27:38.719+0000] {dag.py:3722} INFO - Setting next_dagrun for pipeline_ingestion_suivi to 2026-06-19T10:00:00+00:00, run_after=2026-06-19T11:00:00+00:00
[2026-06-19T11:27:38.750+0000] {processor.py:179} INFO - Processing /opt/airflow/dags/dag_suivi.py took 0.104 seconds
[2026-06-19T11:28:08.924+0000] {processor.py:157} INFO - Started process (PID=309) to work on /opt/airflow/dags/dag_suivi.py
[2026-06-19T11:28:08.925+0000] {processor.py:829} INFO - Processing file /opt/airflow/dags/dag_suivi.py for tasks to queue
[2026-06-19T11:28:08.927+0000] {logging_mixin.py:151} INFO - [2026-06-19T11:28:08.926+0000] {dagbag.py:536} INFO - Filling up the DagBag from /opt/airflow/dags/dag_suivi.py
[2026-06-19T11:28:08.949+0000] {processor.py:839} INFO - DAG(s) dict_keys(['pipeline_ingestion_suivi']) retrieved from /opt/airflow/dags/dag_suivi.py
[2026-06-19T11:28:08.979+0000] {logging_mixin.py:151} INFO - [2026-06-19T11:28:08.978+0000] {dag.py:2941} INFO - Sync 1 DAGs
[2026-06-19T11:28:08.999+0000] {logging_mixin.py:151} INFO - [2026-06-19T11:28:08.999+0000] {dag.py:3722} INFO - Setting next_dagrun for pipeline_ingestion_suivi to 2026-06-19T10:00:00+00:00, run_after=2026-06-19T11:00:00+00:00
[2026-06-19T11:28:09.026+0000] {processor.py:179} INFO - Processing /opt/airflow/dags/dag_suivi.py took 0.105 seconds
[2026-06-19T11:28:39.165+0000] {processor.py:157} INFO - Started process (PID=314) to work on /opt/airflow/dags/dag_suivi.py
[2026-06-19T11:28:39.166+0000] {processor.py:829} INFO - Processing file /opt/airflow/dags/dag_suivi.py for tasks to queue
[2026-06-19T11:28:39.167+0000] {logging_mixin.py:151} INFO - [2026-06-19T11:28:39.167+0000] {dagbag.py:536} INFO - Filling up the DagBag from /opt/airflow/dags/dag_suivi.py
[2026-06-19T11:28:39.188+0000] {processor.py:839} INFO - DAG(s) dict_keys(['pipeline_ingestion_suivi']) retrieved from /opt/airflow/dags/dag_suivi.py
[2026-06-19T11:28:39.213+0000] {logging_mixin.py:151} INFO - [2026-06-19T11:28:39.213+0000] {dag.py:2941} INFO - Sync 1 DAGs
[2026-06-19T11:28:39.231+0000] {logging_mixin.py:151} INFO - [2026-06-19T11:28:39.231+0000] {dag.py:3722} INFO - Setting next_dagrun for pipeline_ingestion_suivi to 2026-06-19T10:00:00+00:00, run_after=2026-06-19T11:00:00+00:00
[2026-06-19T11:28:39.250+0000] {processor.py:179} INFO - Processing /opt/airflow/dags/dag_suivi.py took 0.090 seconds
[2026-06-19T11:29:09.450+0000] {processor.py:157} INFO - Started process (PID=319) to work on /opt/airflow/dags/dag_suivi.py
[2026-06-19T11:29:09.450+0000] {processor.py:829} INFO - Processing file /opt/airflow/dags/dag_suivi.py for tasks to queue
[2026-06-19T11:29:09.451+0000] {logging_mixin.py:151} INFO - [2026-06-19T11:29:09.451+0000] {dagbag.py:536} INFO - Filling up the DagBag from /opt/airflow/dags/dag_suivi.py
[2026-06-19T11:29:09.467+0000] {processor.py:839} INFO - DAG(s) dict_keys(['pipeline_ingestion_suivi']) retrieved from /opt/airflow/dags/dag_suivi.py
[2026-06-19T11:29:09.492+0000] {logging_mixin.py:151} INFO - [2026-06-19T11:29:09.492+0000] {dag.py:2941} INFO - Sync 1 DAGs
[2026-06-19T11:29:09.509+0000] {logging_mixin.py:151} INFO - [2026-06-19T11:29:09.508+0000] {dag.py:3722} INFO - Setting next_dagrun for pipeline_ingestion_suivi to 2026-06-19T10:00:00+00:00, run_after=2026-06-19T11:00:00+00:00
[2026-06-19T11:29:09.542+0000] {processor.py:179} INFO - Processing /opt/airflow/dags/dag_suivi.py took 0.095 seconds
[2026-06-19T11:29:39.651+0000] {processor.py:157} INFO - Started process (PID=324) to work on /opt/airflow/dags/dag_suivi.py
[2026-06-19T11:29:39.653+0000] {processor.py:829} INFO - Processing file /opt/airflow/dags/dag_suivi.py for tasks to queue
[2026-06-19T11:29:39.654+0000] {logging_mixin.py:151} INFO - [2026-06-19T11:29:39.654+0000] {dagbag.py:536} INFO - Filling up the DagBag from /opt/airflow/dags/dag_suivi.py
[2026-06-19T11:29:39.672+0000] {processor.py:839} INFO - DAG(s) dict_keys(['pipeline_ingestion_suivi']) retrieved from /opt/airflow/dags/dag_suivi.py
[2026-06-19T11:29:39.698+0000] {logging_mixin.py:151} INFO - [2026-06-19T11:29:39.698+0000] {dag.py:2941} INFO - Sync 1 DAGs
[2026-06-19T11:29:39.717+0000] {logging_mixin.py:151} INFO - [2026-06-19T11:29:39.717+0000] {dag.py:3722} INFO - Setting next_dagrun for pipeline_ingestion_suivi to 2026-06-19T10:00:00+00:00, run_after=2026-06-19T11:00:00+00:00
[2026-06-19T11:29:39.745+0000] {processor.py:179} INFO - Processing /opt/airflow/dags/dag_suivi.py took 0.096 seconds
[2026-06-19T11:30:09.985+0000] {processor.py:157} INFO - Started process (PID=329) to work on /opt/airflow/dags/dag_suivi.py
[2026-06-19T11:30:09.986+0000] {processor.py:829} INFO - Processing file /opt/airflow/dags/dag_suivi.py for tasks to queue
[2026-06-19T11:30:09.987+0000] {logging_mixin.py:151} INFO - [2026-06-19T11:30:09.987+0000] {dagbag.py:536} INFO - Filling up the DagBag from /opt/airflow/dags/dag_suivi.py
[2026-06-19T11:30:10.005+0000] {processor.py:839} INFO - DAG(s) dict_keys(['pipeline_ingestion_suivi']) retrieved from /opt/airflow/dags/dag_suivi.py
[2026-06-19T11:30:10.030+0000] {logging_mixin.py:151} INFO - [2026-06-19T11:30:10.030+0000] {dag.py:2941} INFO - Sync 1 DAGs
[2026-06-19T11:30:10.047+0000] {logging_mixin.py:151} INFO - [2026-06-19T11:30:10.047+0000] {dag.py:3722} INFO - Setting next_dagrun for pipeline_ingestion_suivi to 2026-06-19T10:00:00+00:00, run_after=2026-06-19T11:00:00+00:00
[2026-06-19T11:30:10.075+0000] {processor.py:179} INFO - Processing /opt/airflow/dags/dag_suivi.py took 0.092 seconds
[2026-06-19T11:30:40.229+0000] {processor.py:157} INFO - Started process (PID=334) to work on /opt/airflow/dags/dag_suivi.py
[2026-06-19T11:30:40.230+0000] {processor.py:829} INFO - Processing file /opt/airflow/dags/dag_suivi.py for tasks to queue
[2026-06-19T11:30:40.231+0000] {logging_mixin.py:151} INFO - [2026-06-19T11:30:40.230+0000] {dagbag.py:536} INFO - Filling up the DagBag from /opt/airflow/dags/dag_suivi.py
[2026-06-19T11:30:40.249+0000] {processor.py:839} INFO - DAG(s) dict_keys(['pipeline_ingestion_suivi']) retrieved from /opt/airflow/dags/dag_suivi.py
[2026-06-19T11:30:40.274+0000] {logging_mixin.py:151} INFO - [2026-06-19T11:30:40.274+0000] {dag.py:2941} INFO - Sync 1 DAGs
[2026-06-19T11:30:40.293+0000] {logging_mixin.py:151} INFO - [2026-06-19T11:30:40.293+0000] {dag.py:3722} INFO - Setting next_dagrun for pipeline_ingestion_suivi to 2026-06-19T10:00:00+00:00, run_after=2026-06-19T11:00:00+00:00
[2026-06-19T11:30:40.319+0000] {processor.py:179} INFO - Processing /opt/airflow/dags/dag_suivi.py took 0.093 seconds
[2026-06-19T11:31:10.509+0000] {processor.py:157} INFO - Started process (PID=339) to work on /opt/airflow/dags/dag_suivi.py
[2026-06-19T11:31:10.510+0000] {processor.py:829} INFO - Processing file /opt/airflow/dags/dag_suivi.py for tasks to queue
[2026-06-19T11:31:10.510+0000] {logging_mixin.py:151} INFO - [2026-06-19T11:31:10.510+0000] {dagbag.py:536} INFO - Filling up the DagBag from /opt/airflow/dags/dag_suivi.py
[2026-06-19T11:31:10.530+0000] {processor.py:839} INFO - DAG(s) dict_keys(['pipeline_ingestion_suivi']) retrieved from /opt/airflow/dags/dag_suivi.py
[2026-06-19T11:31:10.556+0000] {logging_mixin.py:151} INFO - [2026-06-19T11:31:10.556+0000] {dag.py:2941} INFO - Sync 1 DAGs
[2026-06-19T11:31:10.573+0000] {logging_mixin.py:151} INFO - [2026-06-19T11:31:10.573+0000] {dag.py:3722} INFO - Setting next_dagrun for pipeline_ingestion_suivi to 2026-06-19T10:00:00+00:00, run_after=2026-06-19T11:00:00+00:00
[2026-06-19T11:31:10.591+0000] {processor.py:179} INFO - Processing /opt/airflow/dags/dag_suivi.py took 0.085 seconds
[2026-06-19T11:31:40.784+0000] {processor.py:157} INFO - Started process (PID=344) to work on /opt/airflow/dags/dag_suivi.py
[2026-06-19T11:31:40.785+0000] {processor.py:829} INFO - Processing file /opt/airflow/dags/dag_suivi.py for tasks to queue
[2026-06-19T11:31:40.786+0000] {logging_mixin.py:151} INFO - [2026-06-19T11:31:40.785+0000] {dagbag.py:536} INFO - Filling up the DagBag from /opt/airflow/dags/dag_suivi.py
[2026-06-19T11:31:40.804+0000] {processor.py:839} INFO - DAG(s) dict_keys(['pipeline_ingestion_suivi']) retrieved from /opt/airflow/dags/dag_suivi.py
[2026-06-19T11:31:40.829+0000] {logging_mixin.py:151} INFO - [2026-06-19T11:31:40.828+0000] {dag.py:2941} INFO - Sync 1 DAGs
[2026-06-19T11:31:40.846+0000] {logging_mixin.py:151} INFO - [2026-06-19T11:31:40.846+0000] {dag.py:3722} INFO - Setting next_dagrun for pipeline_ingestion_suivi to 2026-06-19T10:00:00+00:00, run_after=2026-06-19T11:00:00+00:00
[2026-06-19T11:31:40.873+0000] {processor.py:179} INFO - Processing /opt/airflow/dags/dag_suivi.py took 0.092 seconds
[2026-06-19T11:32:11.066+0000] {processor.py:157} INFO - Started process (PID=349) to work on /opt/airflow/dags/dag_suivi.py
[2026-06-19T11:32:11.067+0000] {processor.py:829} INFO - Processing file /opt/airflow/dags/dag_suivi.py for tasks to queue
[2026-06-19T11:32:11.068+0000] {logging_mixin.py:151} INFO - [2026-06-19T11:32:11.068+0000] {dagbag.py:536} INFO - Filling up the DagBag from /opt/airflow/dags/dag_suivi.py
[2026-06-19T11:32:11.084+0000] {processor.py:839} INFO - DAG(s) dict_keys(['pipeline_ingestion_suivi']) retrieved from /opt/airflow/dags/dag_suivi.py
[2026-06-19T11:32:11.108+0000] {logging_mixin.py:151} INFO - [2026-06-19T11:32:11.108+0000] {dag.py:2941} INFO - Sync 1 DAGs
[2026-06-19T11:32:11.125+0000] {logging_mixin.py:151} INFO - [2026-06-19T11:32:11.125+0000] {dag.py:3722} INFO - Setting next_dagrun for pipeline_ingestion_suivi to 2026-06-19T10:00:00+00:00, run_after=2026-06-19T11:00:00+00:00
[2026-06-19T11:32:11.142+0000] {processor.py:179} INFO - Processing /opt/airflow/dags/dag_suivi.py took 0.079 seconds
[2026-06-19T11:32:41.358+0000] {processor.py:157} INFO - Started process (PID=354) to work on /opt/airflow/dags/dag_suivi.py
[2026-06-19T11:32:41.359+0000] {processor.py:829} INFO - Processing file /opt/airflow/dags/dag_suivi.py for tasks to queue
[2026-06-19T11:32:41.360+0000] {logging_mixin.py:151} INFO - [2026-06-19T11:32:41.360+0000] {dagbag.py:536} INFO - Filling up the DagBag from /opt/airflow/dags/dag_suivi.py
[2026-06-19T11:32:41.376+0000] {processor.py:839} INFO - DAG(s) dict_keys(['pipeline_ingestion_suivi']) retrieved from /opt/airflow/dags/dag_suivi.py
[2026-06-19T11:32:41.398+0000] {logging_mixin.py:151} INFO - [2026-06-19T11:32:41.398+0000] {dag.py:2941} INFO - Sync 1 DAGs
[2026-06-19T11:32:41.416+0000] {logging_mixin.py:151} INFO - [2026-06-19T11:32:41.416+0000] {dag.py:3722} INFO - Setting next_dagrun for pipeline_ingestion_suivi to 2026-06-19T10:00:00+00:00, run_after=2026-06-19T11:00:00+00:00
[2026-06-19T11:32:41.443+0000] {processor.py:179} INFO - Processing /opt/airflow/dags/dag_suivi.py took 0.087 seconds
[2026-06-19T11:33:11.600+0000] {processor.py:157} INFO - Started process (PID=359) to work on /opt/airflow/dags/dag_suivi.py
[2026-06-19T11:33:11.601+0000] {processor.py:829} INFO - Processing file /opt/airflow/dags/dag_suivi.py for tasks to queue
[2026-06-19T11:33:11.602+0000] {logging_mixin.py:151} INFO - [2026-06-19T11:33:11.602+0000] {dagbag.py:536} INFO - Filling up the DagBag from /opt/airflow/dags/dag_suivi.py
[2026-06-19T11:33:11.621+0000] {processor.py:839} INFO - DAG(s) dict_keys(['pipeline_ingestion_suivi']) retrieved from /opt/airflow/dags/dag_suivi.py
[2026-06-19T11:33:11.646+0000] {logging_mixin.py:151} INFO - [2026-06-19T11:33:11.646+0000] {dag.py:2941} INFO - Sync 1 DAGs
[2026-06-19T11:33:11.664+0000] {logging_mixin.py:151} INFO - [2026-06-19T11:33:11.664+0000] {dag.py:3722} INFO - Setting next_dagrun for pipeline_ingestion_suivi to 2026-06-19T10:00:00+00:00, run_after=2026-06-19T11:00:00+00:00
[2026-06-19T11:33:11.683+0000] {processor.py:179} INFO - Processing /opt/airflow/dags/dag_suivi.py took 0.086 seconds
[2026-06-19T11:33:41.915+0000] {processor.py:157} INFO - Started process (PID=364) to work on /opt/airflow/dags/dag_suivi.py
[2026-06-19T11:33:41.916+0000] {processor.py:829} INFO - Processing file /opt/airflow/dags/dag_suivi.py for tasks to queue
[2026-06-19T11:33:41.917+0000] {logging_mixin.py:151} INFO - [2026-06-19T11:33:41.917+0000] {dagbag.py:536} INFO - Filling up the DagBag from /opt/airflow/dags/dag_suivi.py
[2026-06-19T11:33:41.944+0000] {processor.py:839} INFO - DAG(s) dict_keys(['pipeline_ingestion_suivi']) retrieved from /opt/airflow/dags/dag_suivi.py
[2026-06-19T11:33:41.976+0000] {logging_mixin.py:151} INFO - [2026-06-19T11:33:41.976+0000] {dag.py:2941} INFO - Sync 1 DAGs
[2026-06-19T11:33:42.001+0000] {logging_mixin.py:151} INFO - [2026-06-19T11:33:42.001+0000] {dag.py:3722} INFO - Setting next_dagrun for pipeline_ingestion_suivi to 2026-06-19T10:00:00+00:00, run_after=2026-06-19T11:00:00+00:00
[2026-06-19T11:33:42.026+0000] {processor.py:179} INFO - Processing /opt/airflow/dags/dag_suivi.py took 0.116 seconds
[2026-06-19T11:34:12.204+0000] {processor.py:157} INFO - Started process (PID=369) to work on /opt/airflow/dags/dag_suivi.py
[2026-06-19T11:34:12.205+0000] {processor.py:829} INFO - Processing file /opt/airflow/dags/dag_suivi.py for tasks to queue
[2026-06-19T11:34:12.206+0000] {logging_mixin.py:151} INFO - [2026-06-19T11:34:12.205+0000] {dagbag.py:536} INFO - Filling up the DagBag from /opt/airflow/dags/dag_suivi.py
[2026-06-19T11:34:12.226+0000] {processor.py:839} INFO - DAG(s) dict_keys(['pipeline_ingestion_suivi']) retrieved from /opt/airflow/dags/dag_suivi.py
[2026-06-19T11:34:12.251+0000] {logging_mixin.py:151} INFO - [2026-06-19T11:34:12.251+0000] {dag.py:2941} INFO - Sync 1 DAGs
[2026-06-19T11:34:12.269+0000] {logging_mixin.py:151} INFO - [2026-06-19T11:34:12.269+0000] {dag.py:3722} INFO - Setting next_dagrun for pipeline_ingestion_suivi to 2026-06-19T10:00:00+00:00, run_after=2026-06-19T11:00:00+00:00
[2026-06-19T11:34:12.288+0000] {processor.py:179} INFO - Processing /opt/airflow/dags/dag_suivi.py took 0.088 seconds
[2026-06-19T11:34:42.451+0000] {processor.py:157} INFO - Started process (PID=374) to work on /opt/airflow/dags/dag_suivi.py
[2026-06-19T11:34:42.452+0000] {processor.py:829} INFO - Processing file /opt/airflow/dags/dag_suivi.py for tasks to queue
[2026-06-19T11:34:42.454+0000] {logging_mixin.py:151} INFO - [2026-06-19T11:34:42.453+0000] {dagbag.py:536} INFO - Filling up the DagBag from /opt/airflow/dags/dag_suivi.py
[2026-06-19T11:34:42.479+0000] {processor.py:839} INFO - DAG(s) dict_keys(['pipeline_ingestion_suivi']) retrieved from /opt/airflow/dags/dag_suivi.py
[2026-06-19T11:34:42.508+0000] {logging_mixin.py:151} INFO - [2026-06-19T11:34:42.508+0000] {dag.py:2941} INFO - Sync 1 DAGs
[2026-06-19T11:34:42.529+0000] {logging_mixin.py:151} INFO - [2026-06-19T11:34:42.529+0000] {dag.py:3722} INFO - Setting next_dagrun for pipeline_ingestion_suivi to 2026-06-19T10:00:00+00:00, run_after=2026-06-19T11:00:00+00:00
[2026-06-19T11:34:42.558+0000] {processor.py:179} INFO - Processing /opt/airflow/dags/dag_suivi.py took 0.111 seconds
[2026-06-19T11:35:12.679+0000] {processor.py:157} INFO - Started process (PID=379) to work on /opt/airflow/dags/dag_suivi.py
[2026-06-19T11:35:12.680+0000] {processor.py:829} INFO - Processing file /opt/airflow/dags/dag_suivi.py for tasks to queue
[2026-06-19T11:35:12.681+0000] {logging_mixin.py:151} INFO - [2026-06-19T11:35:12.681+0000] {dagbag.py:536} INFO - Filling up the DagBag from /opt/airflow/dags/dag_suivi.py
[2026-06-19T11:35:12.700+0000] {processor.py:839} INFO - DAG(s) dict_keys(['pipeline_ingestion_suivi']) retrieved from /opt/airflow/dags/dag_suivi.py
[2026-06-19T11:35:12.727+0000] {logging_mixin.py:151} INFO - [2026-06-19T11:35:12.727+0000] {dag.py:2941} INFO - Sync 1 DAGs
[2026-06-19T11:35:12.745+0000] {logging_mixin.py:151} INFO - [2026-06-19T11:35:12.745+0000] {dag.py:3722} INFO - Setting next_dagrun for pipeline_ingestion_suivi to 2026-06-19T10:00:00+00:00, run_after=2026-06-19T11:00:00+00:00
[2026-06-19T11:35:12.764+0000] {processor.py:179} INFO - Processing /opt/airflow/dags/dag_suivi.py took 0.089 seconds
[2026-06-19T11:35:42.975+0000] {processor.py:157} INFO - Started process (PID=384) to work on /opt/airflow/dags/dag_suivi.py
[2026-06-19T11:35:42.976+0000] {processor.py:829} INFO - Processing file /opt/airflow/dags/dag_suivi.py for tasks to queue
[2026-06-19T11:35:42.977+0000] {logging_mixin.py:151} INFO - [2026-06-19T11:35:42.976+0000] {dagbag.py:536} INFO - Filling up the DagBag from /opt/airflow/dags/dag_suivi.py
[2026-06-19T11:35:42.999+0000] {processor.py:839} INFO - DAG(s) dict_keys(['pipeline_ingestion_suivi']) retrieved from /opt/airflow/dags/dag_suivi.py
[2026-06-19T11:35:43.027+0000] {logging_mixin.py:151} INFO - [2026-06-19T11:35:43.027+0000] {dag.py:2941} INFO - Sync 1 DAGs
[2026-06-19T11:35:43.046+0000] {logging_mixin.py:151} INFO - [2026-06-19T11:35:43.045+0000] {dag.py:3722} INFO - Setting next_dagrun for pipeline_ingestion_suivi to 2026-06-19T10:00:00+00:00, run_after=2026-06-19T11:00:00+00:00
[2026-06-19T11:35:43.064+0000] {processor.py:179} INFO - Processing /opt/airflow/dags/dag_suivi.py took 0.094 seconds
[2026-06-19T11:36:13.224+0000] {processor.py:157} INFO - Started process (PID=389) to work on /opt/airflow/dags/dag_suivi.py
[2026-06-19T11:36:13.224+0000] {processor.py:829} INFO - Processing file /opt/airflow/dags/dag_suivi.py for tasks to queue
[2026-06-19T11:36:13.225+0000] {logging_mixin.py:151} INFO - [2026-06-19T11:36:13.225+0000] {dagbag.py:536} INFO - Filling up the DagBag from /opt/airflow/dags/dag_suivi.py
[2026-06-19T11:36:13.243+0000] {processor.py:839} INFO - DAG(s) dict_keys(['pipeline_ingestion_suivi']) retrieved from /opt/airflow/dags/dag_suivi.py
[2026-06-19T11:36:13.270+0000] {logging_mixin.py:151} INFO - [2026-06-19T11:36:13.270+0000] {dag.py:2941} INFO - Sync 1 DAGs
[2026-06-19T11:36:13.289+0000] {logging_mixin.py:151} INFO - [2026-06-19T11:36:13.288+0000] {dag.py:3722} INFO - Setting next_dagrun for pipeline_ingestion_suivi to 2026-06-19T10:00:00+00:00, run_after=2026-06-19T11:00:00+00:00
[2026-06-19T11:36:13.307+0000] {processor.py:179} INFO - Processing /opt/airflow/dags/dag_suivi.py took 0.086 seconds
[2026-06-19T11:36:43.493+0000] {processor.py:157} INFO - Started process (PID=394) to work on /opt/airflow/dags/dag_suivi.py
[2026-06-19T11:36:43.494+0000] {processor.py:829} INFO - Processing file /opt/airflow/dags/dag_suivi.py for tasks to queue
[2026-06-19T11:36:43.495+0000] {logging_mixin.py:151} INFO - [2026-06-19T11:36:43.495+0000] {dagbag.py:536} INFO - Filling up the DagBag from /opt/airflow/dags/dag_suivi.py
[2026-06-19T11:36:43.516+0000] {processor.py:839} INFO - DAG(s) dict_keys(['pipeline_ingestion_suivi']) retrieved from /opt/airflow/dags/dag_suivi.py
[2026-06-19T11:36:43.543+0000] {logging_mixin.py:151} INFO - [2026-06-19T11:36:43.543+0000] {dag.py:2941} INFO - Sync 1 DAGs
[2026-06-19T11:36:43.563+0000] {logging_mixin.py:151} INFO - [2026-06-19T11:36:43.562+0000] {dag.py:3722} INFO - Setting next_dagrun for pipeline_ingestion_suivi to 2026-06-19T10:00:00+00:00, run_after=2026-06-19T11:00:00+00:00
[2026-06-19T11:36:43.581+0000] {processor.py:179} INFO - Processing /opt/airflow/dags/dag_suivi.py took 0.090 seconds
[2026-06-19T11:37:13.758+0000] {processor.py:157} INFO - Started process (PID=399) to work on /opt/airflow/dags/dag_suivi.py
[2026-06-19T11:37:13.758+0000] {processor.py:829} INFO - Processing file /opt/airflow/dags/dag_suivi.py for tasks to queue
[2026-06-19T11:37:13.759+0000] {logging_mixin.py:151} INFO - [2026-06-19T11:37:13.759+0000] {dagbag.py:536} INFO - Filling up the DagBag from /opt/airflow/dags/dag_suivi.py
[2026-06-19T11:37:13.779+0000] {processor.py:839} INFO - DAG(s) dict_keys(['pipeline_ingestion_suivi']) retrieved from /opt/airflow/dags/dag_suivi.py
[2026-06-19T11:37:13.804+0000] {logging_mixin.py:151} INFO - [2026-06-19T11:37:13.804+0000] {dag.py:2941} INFO - Sync 1 DAGs
[2026-06-19T11:37:13.821+0000] {logging_mixin.py:151} INFO - [2026-06-19T11:37:13.821+0000] {dag.py:3722} INFO - Setting next_dagrun for pipeline_ingestion_suivi to 2026-06-19T10:00:00+00:00, run_after=2026-06-19T11:00:00+00:00
[2026-06-19T11:37:13.840+0000] {processor.py:179} INFO - Processing /opt/airflow/dags/dag_suivi.py took 0.085 seconds
[2026-06-19T11:37:44.048+0000] {processor.py:157} INFO - Started process (PID=404) to work on /opt/airflow/dags/dag_suivi.py
[2026-06-19T11:37:44.049+0000] {processor.py:829} INFO - Processing file /opt/airflow/dags/dag_suivi.py for tasks to queue
[2026-06-19T11:37:44.050+0000] {logging_mixin.py:151} INFO - [2026-06-19T11:37:44.049+0000] {dagbag.py:536} INFO - Filling up the DagBag from /opt/airflow/dags/dag_suivi.py
[2026-06-19T11:37:44.069+0000] {processor.py:839} INFO - DAG(s) dict_keys(['pipeline_ingestion_suivi']) retrieved from /opt/airflow/dags/dag_suivi.py
[2026-06-19T11:37:44.097+0000] {logging_mixin.py:151} INFO - [2026-06-19T11:37:44.097+0000] {dag.py:2941} INFO - Sync 1 DAGs
[2026-06-19T11:37:44.118+0000] {logging_mixin.py:151} INFO - [2026-06-19T11:37:44.118+0000] {dag.py:3722} INFO - Setting next_dagrun for pipeline_ingestion_suivi to 2026-06-19T10:00:00+00:00, run_after=2026-06-19T11:00:00+00:00
[2026-06-19T11:37:44.146+0000] {processor.py:179} INFO - Processing /opt/airflow/dags/dag_suivi.py took 0.101 seconds
[2026-06-19T11:38:14.277+0000] {processor.py:157} INFO - Started process (PID=409) to work on /opt/airflow/dags/dag_suivi.py
[2026-06-19T11:38:14.278+0000] {processor.py:829} INFO - Processing file /opt/airflow/dags/dag_suivi.py for tasks to queue
[2026-06-19T11:38:14.279+0000] {logging_mixin.py:151} INFO - [2026-06-19T11:38:14.278+0000] {dagbag.py:536} INFO - Filling up the DagBag from /opt/airflow/dags/dag_suivi.py
[2026-06-19T11:38:14.295+0000] {processor.py:839} INFO - DAG(s) dict_keys(['pipeline_ingestion_suivi']) retrieved from /opt/airflow/dags/dag_suivi.py
[2026-06-19T11:38:14.319+0000] {logging_mixin.py:151} INFO - [2026-06-19T11:38:14.319+0000] {dag.py:2941} INFO - Sync 1 DAGs
[2026-06-19T11:38:14.338+0000] {logging_mixin.py:151} INFO - [2026-06-19T11:38:14.338+0000] {dag.py:3722} INFO - Setting next_dagrun for pipeline_ingestion_suivi to 2026-06-19T10:00:00+00:00, run_after=2026-06-19T11:00:00+00:00
[2026-06-19T11:38:14.364+0000] {processor.py:179} INFO - Processing /opt/airflow/dags/dag_suivi.py took 0.090 seconds
[2026-06-19T11:38:44.595+0000] {processor.py:157} INFO - Started process (PID=414) to work on /opt/airflow/dags/dag_suivi.py
[2026-06-19T11:38:44.596+0000] {processor.py:829} INFO - Processing file /opt/airflow/dags/dag_suivi.py for tasks to queue
[2026-06-19T11:38:44.597+0000] {logging_mixin.py:151} INFO - [2026-06-19T11:38:44.597+0000] {dagbag.py:536} INFO - Filling up the DagBag from /opt/airflow/dags/dag_suivi.py
[2026-06-19T11:38:44.618+0000] {processor.py:839} INFO - DAG(s) dict_keys(['pipeline_ingestion_suivi']) retrieved from /opt/airflow/dags/dag_suivi.py
[2026-06-19T11:38:44.648+0000] {logging_mixin.py:151} INFO - [2026-06-19T11:38:44.647+0000] {dag.py:2941} INFO - Sync 1 DAGs
[2026-06-19T11:38:44.672+0000] {logging_mixin.py:151} INFO - [2026-06-19T11:38:44.671+0000] {dag.py:3722} INFO - Setting next_dagrun for pipeline_ingestion_suivi to 2026-06-19T10:00:00+00:00, run_after=2026-06-19T11:00:00+00:00
[2026-06-19T11:38:44.704+0000] {processor.py:179} INFO - Processing /opt/airflow/dags/dag_suivi.py took 0.111 seconds
[2026-06-19T11:39:14.856+0000] {processor.py:157} INFO - Started process (PID=419) to work on /opt/airflow/dags/dag_suivi.py
[2026-06-19T11:39:14.856+0000] {processor.py:829} INFO - Processing file /opt/airflow/dags/dag_suivi.py for tasks to queue
[2026-06-19T11:39:14.857+0000] {logging_mixin.py:151} INFO - [2026-06-19T11:39:14.857+0000] {dagbag.py:536} INFO - Filling up the DagBag from /opt/airflow/dags/dag_suivi.py
[2026-06-19T11:39:14.873+0000] {processor.py:839} INFO - DAG(s) dict_keys(['pipeline_ingestion_suivi']) retrieved from /opt/airflow/dags/dag_suivi.py
[2026-06-19T11:39:14.897+0000] {logging_mixin.py:151} INFO - [2026-06-19T11:39:14.897+0000] {dag.py:2941} INFO - Sync 1 DAGs
[2026-06-19T11:39:14.915+0000] {logging_mixin.py:151} INFO - [2026-06-19T11:39:14.914+0000] {dag.py:3722} INFO - Setting next_dagrun for pipeline_ingestion_suivi to 2026-06-19T10:00:00+00:00, run_after=2026-06-19T11:00:00+00:00
[2026-06-19T11:39:14.941+0000] {processor.py:179} INFO - Processing /opt/airflow/dags/dag_suivi.py took 0.088 seconds
[2026-06-19T11:39:45.143+0000] {processor.py:157} INFO - Started process (PID=424) to work on /opt/airflow/dags/dag_suivi.py
[2026-06-19T11:39:45.143+0000] {processor.py:829} INFO - Processing file /opt/airflow/dags/dag_suivi.py for tasks to queue
[2026-06-19T11:39:45.144+0000] {logging_mixin.py:151} INFO - [2026-06-19T11:39:45.144+0000] {dagbag.py:536} INFO - Filling up the DagBag from /opt/airflow/dags/dag_suivi.py
[2026-06-19T11:39:45.163+0000] {processor.py:839} INFO - DAG(s) dict_keys(['pipeline_ingestion_suivi']) retrieved from /opt/airflow/dags/dag_suivi.py
[2026-06-19T11:39:45.190+0000] {logging_mixin.py:151} INFO - [2026-06-19T11:39:45.189+0000] {dag.py:2941} INFO - Sync 1 DAGs
[2026-06-19T11:39:45.216+0000] {logging_mixin.py:151} INFO - [2026-06-19T11:39:45.215+0000] {dag.py:3722} INFO - Setting next_dagrun for pipeline_ingestion_suivi to 2026-06-19T10:00:00+00:00, run_after=2026-06-19T11:00:00+00:00
[2026-06-19T11:39:45.237+0000] {processor.py:179} INFO - Processing /opt/airflow/dags/dag_suivi.py took 0.097 seconds
[2026-06-19T11:40:15.391+0000] {processor.py:157} INFO - Started process (PID=429) to work on /opt/airflow/dags/dag_suivi.py
[2026-06-19T11:40:15.392+0000] {processor.py:829} INFO - Processing file /opt/airflow/dags/dag_suivi.py for tasks to queue
[2026-06-19T11:40:15.393+0000] {logging_mixin.py:151} INFO - [2026-06-19T11:40:15.393+0000] {dagbag.py:536} INFO - Filling up the DagBag from /opt/airflow/dags/dag_suivi.py
[2026-06-19T11:40:15.413+0000] {processor.py:839} INFO - DAG(s) dict_keys(['pipeline_ingestion_suivi']) retrieved from /opt/airflow/dags/dag_suivi.py
[2026-06-19T11:40:15.440+0000] {logging_mixin.py:151} INFO - [2026-06-19T11:40:15.439+0000] {dag.py:2941} INFO - Sync 1 DAGs
[2026-06-19T11:40:15.459+0000] {logging_mixin.py:151} INFO - [2026-06-19T11:40:15.459+0000] {dag.py:3722} INFO - Setting next_dagrun for pipeline_ingestion_suivi to 2026-06-19T10:00:00+00:00, run_after=2026-06-19T11:00:00+00:00
[2026-06-19T11:40:15.487+0000] {processor.py:179} INFO - Processing /opt/airflow/dags/dag_suivi.py took 0.100 seconds
[2026-06-19T11:40:45.641+0000] {processor.py:157} INFO - Started process (PID=434) to work on /opt/airflow/dags/dag_suivi.py
[2026-06-19T11:40:45.642+0000] {processor.py:829} INFO - Processing file /opt/airflow/dags/dag_suivi.py for tasks to queue
[2026-06-19T11:40:45.642+0000] {logging_mixin.py:151} INFO - [2026-06-19T11:40:45.642+0000] {dagbag.py:536} INFO - Filling up the DagBag from /opt/airflow/dags/dag_suivi.py
[2026-06-19T11:40:45.659+0000] {processor.py:839} INFO - DAG(s) dict_keys(['pipeline_ingestion_suivi']) retrieved from /opt/airflow/dags/dag_suivi.py
[2026-06-19T11:40:45.684+0000] {logging_mixin.py:151} INFO - [2026-06-19T11:40:45.684+0000] {dag.py:2941} INFO - Sync 1 DAGs
[2026-06-19T11:40:45.705+0000] {logging_mixin.py:151} INFO - [2026-06-19T11:40:45.705+0000] {dag.py:3722} INFO - Setting next_dagrun for pipeline_ingestion_suivi to 2026-06-19T10:00:00+00:00, run_after=2026-06-19T11:00:00+00:00
[2026-06-19T11:40:45.734+0000] {processor.py:179} INFO - Processing /opt/airflow/dags/dag_suivi.py took 0.096 seconds
[2026-06-19T11:41:15.919+0000] {processor.py:157} INFO - Started process (PID=439) to work on /opt/airflow/dags/dag_suivi.py
[2026-06-19T11:41:15.920+0000] {processor.py:829} INFO - Processing file /opt/airflow/dags/dag_suivi.py for tasks to queue
[2026-06-19T11:41:15.921+0000] {logging_mixin.py:151} INFO - [2026-06-19T11:41:15.921+0000] {dagbag.py:536} INFO - Filling up the DagBag from /opt/airflow/dags/dag_suivi.py
[2026-06-19T11:41:15.940+0000] {processor.py:839} INFO - DAG(s) dict_keys(['pipeline_ingestion_suivi']) retrieved from /opt/airflow/dags/dag_suivi.py
[2026-06-19T11:41:15.968+0000] {logging_mixin.py:151} INFO - [2026-06-19T11:41:15.968+0000] {dag.py:2941} INFO - Sync 1 DAGs
[2026-06-19T11:41:15.987+0000] {logging_mixin.py:151} INFO - [2026-06-19T11:41:15.987+0000] {dag.py:3722} INFO - Setting next_dagrun for pipeline_ingestion_suivi to 2026-06-19T10:00:00+00:00, run_after=2026-06-19T11:00:00+00:00
[2026-06-19T11:41:16.005+0000] {processor.py:179} INFO - Processing /opt/airflow/dags/dag_suivi.py took 0.089 seconds
[2026-06-19T11:41:46.164+0000] {processor.py:157} INFO - Started process (PID=444) to work on /opt/airflow/dags/dag_suivi.py
[2026-06-19T11:41:46.166+0000] {processor.py:829} INFO - Processing file /opt/airflow/dags/dag_suivi.py for tasks to queue
[2026-06-19T11:41:46.167+0000] {logging_mixin.py:151} INFO - [2026-06-19T11:41:46.166+0000] {dagbag.py:536} INFO - Filling up the DagBag from /opt/airflow/dags/dag_suivi.py
[2026-06-19T11:41:46.191+0000] {processor.py:839} INFO - DAG(s) dict_keys(['pipeline_ingestion_suivi']) retrieved from /opt/airflow/dags/dag_suivi.py
[2026-06-19T11:41:46.220+0000] {logging_mixin.py:151} INFO - [2026-06-19T11:41:46.219+0000] {dag.py:2941} INFO - Sync 1 DAGs
[2026-06-19T11:41:46.241+0000] {logging_mixin.py:151} INFO - [2026-06-19T11:41:46.241+0000] {dag.py:3722} INFO - Setting next_dagrun for pipeline_ingestion_suivi to 2026-06-19T10:00:00+00:00, run_after=2026-06-19T11:00:00+00:00
[2026-06-19T11:41:46.259+0000] {processor.py:179} INFO - Processing /opt/airflow/dags/dag_suivi.py took 0.100 seconds
[2026-06-19T11:42:16.375+0000] {processor.py:157} INFO - Started process (PID=449) to work on /opt/airflow/dags/dag_suivi.py
[2026-06-19T11:42:16.376+0000] {processor.py:829} INFO - Processing file /opt/airflow/dags/dag_suivi.py for tasks to queue
[2026-06-19T11:42:16.377+0000] {logging_mixin.py:151} INFO - [2026-06-19T11:42:16.377+0000] {dagbag.py:536} INFO - Filling up the DagBag from /opt/airflow/dags/dag_suivi.py
[2026-06-19T11:42:16.405+0000] {processor.py:839} INFO - DAG(s) dict_keys(['pipeline_ingestion_suivi']) retrieved from /opt/airflow/dags/dag_suivi.py
[2026-06-19T11:42:16.434+0000] {logging_mixin.py:151} INFO - [2026-06-19T11:42:16.433+0000] {dag.py:2941} INFO - Sync 1 DAGs
[2026-06-19T11:42:16.453+0000] {logging_mixin.py:151} INFO - [2026-06-19T11:42:16.453+0000] {dag.py:3722} INFO - Setting next_dagrun for pipeline_ingestion_suivi to 2026-06-19T10:00:00+00:00, run_after=2026-06-19T11:00:00+00:00
[2026-06-19T11:42:16.471+0000] {processor.py:179} INFO - Processing /opt/airflow/dags/dag_suivi.py took 0.099 seconds
[2026-06-19T11:42:46.626+0000] {processor.py:157} INFO - Started process (PID=454) to work on /opt/airflow/dags/dag_suivi.py
[2026-06-19T11:42:46.627+0000] {processor.py:829} INFO - Processing file /opt/airflow/dags/dag_suivi.py for tasks to queue
[2026-06-19T11:42:46.628+0000] {logging_mixin.py:151} INFO - [2026-06-19T11:42:46.628+0000] {dagbag.py:536} INFO - Filling up the DagBag from /opt/airflow/dags/dag_suivi.py
[2026-06-19T11:42:46.644+0000] {processor.py:839} INFO - DAG(s) dict_keys(['pipeline_ingestion_suivi']) retrieved from /opt/airflow/dags/dag_suivi.py
[2026-06-19T11:42:46.668+0000] {logging_mixin.py:151} INFO - [2026-06-19T11:42:46.667+0000] {dag.py:2941} INFO - Sync 1 DAGs
[2026-06-19T11:42:46.685+0000] {logging_mixin.py:151} INFO - [2026-06-19T11:42:46.684+0000] {dag.py:3722} INFO - Setting next_dagrun for pipeline_ingestion_suivi to 2026-06-19T10:00:00+00:00, run_after=2026-06-19T11:00:00+00:00
[2026-06-19T11:42:46.702+0000] {processor.py:179} INFO - Processing /opt/airflow/dags/dag_suivi.py took 0.078 seconds
[2026-06-19T11:43:16.860+0000] {processor.py:157} INFO - Started process (PID=459) to work on /opt/airflow/dags/dag_suivi.py
[2026-06-19T11:43:16.860+0000] {processor.py:829} INFO - Processing file /opt/airflow/dags/dag_suivi.py for tasks to queue
[2026-06-19T11:43:16.861+0000] {logging_mixin.py:151} INFO - [2026-06-19T11:43:16.861+0000] {dagbag.py:536} INFO - Filling up the DagBag from /opt/airflow/dags/dag_suivi.py
[2026-06-19T11:43:16.882+0000] {processor.py:839} INFO - DAG(s) dict_keys(['pipeline_ingestion_suivi']) retrieved from /opt/airflow/dags/dag_suivi.py
[2026-06-19T11:43:16.908+0000] {logging_mixin.py:151} INFO - [2026-06-19T11:43:16.908+0000] {dag.py:2941} INFO - Sync 1 DAGs
[2026-06-19T11:43:16.926+0000] {logging_mixin.py:151} INFO - [2026-06-19T11:43:16.926+0000] {dag.py:3722} INFO - Setting next_dagrun for pipeline_ingestion_suivi to 2026-06-19T10:00:00+00:00, run_after=2026-06-19T11:00:00+00:00
[2026-06-19T11:43:16.952+0000] {processor.py:179} INFO - Processing /opt/airflow/dags/dag_suivi.py took 0.096 seconds
[2026-06-19T11:43:47.143+0000] {processor.py:157} INFO - Started process (PID=464) to work on /opt/airflow/dags/dag_suivi.py
[2026-06-19T11:43:47.144+0000] {processor.py:829} INFO - Processing file /opt/airflow/dags/dag_suivi.py for tasks to queue
[2026-06-19T11:43:47.145+0000] {logging_mixin.py:151} INFO - [2026-06-19T11:43:47.144+0000] {dagbag.py:536} INFO - Filling up the DagBag from /opt/airflow/dags/dag_suivi.py
[2026-06-19T11:43:47.165+0000] {processor.py:839} INFO - DAG(s) dict_keys(['pipeline_ingestion_suivi']) retrieved from /opt/airflow/dags/dag_suivi.py
[2026-06-19T11:43:47.194+0000] {logging_mixin.py:151} INFO - [2026-06-19T11:43:47.194+0000] {dag.py:2941} INFO - Sync 1 DAGs
[2026-06-19T11:43:47.212+0000] {logging_mixin.py:151} INFO - [2026-06-19T11:43:47.212+0000] {dag.py:3722} INFO - Setting next_dagrun for pipeline_ingestion_suivi to 2026-06-19T10:00:00+00:00, run_after=2026-06-19T11:00:00+00:00
[2026-06-19T11:43:47.235+0000] {processor.py:179} INFO - Processing /opt/airflow/dags/dag_suivi.py took 0.095 seconds
[2026-06-19T11:44:17.400+0000] {processor.py:157} INFO - Started process (PID=469) to work on /opt/airflow/dags/dag_suivi.py
[2026-06-19T11:44:17.401+0000] {processor.py:829} INFO - Processing file /opt/airflow/dags/dag_suivi.py for tasks to queue
[2026-06-19T11:44:17.402+0000] {logging_mixin.py:151} INFO - [2026-06-19T11:44:17.402+0000] {dagbag.py:536} INFO - Filling up the DagBag from /opt/airflow/dags/dag_suivi.py
[2026-06-19T11:44:17.421+0000] {processor.py:839} INFO - DAG(s) dict_keys(['pipeline_ingestion_suivi']) retrieved from /opt/airflow/dags/dag_suivi.py
[2026-06-19T11:44:17.451+0000] {logging_mixin.py:151} INFO - [2026-06-19T11:44:17.450+0000] {dag.py:2941} INFO - Sync 1 DAGs
[2026-06-19T11:44:17.477+0000] {logging_mixin.py:151} INFO - [2026-06-19T11:44:17.476+0000] {dag.py:3722} INFO - Setting next_dagrun for pipeline_ingestion_suivi to 2026-06-19T10:00:00+00:00, run_after=2026-06-19T11:00:00+00:00
[2026-06-19T11:44:17.507+0000] {processor.py:179} INFO - Processing /opt/airflow/dags/dag_suivi.py took 0.109 seconds
[2026-06-19T11:44:47.638+0000] {processor.py:157} INFO - Started process (PID=474) to work on /opt/airflow/dags/dag_suivi.py
[2026-06-19T11:44:47.638+0000] {processor.py:829} INFO - Processing file /opt/airflow/dags/dag_suivi.py for tasks to queue
[2026-06-19T11:44:47.639+0000] {logging_mixin.py:151} INFO - [2026-06-19T11:44:47.639+0000] {dagbag.py:536} INFO - Filling up the DagBag from /opt/airflow/dags/dag_suivi.py
[2026-06-19T11:44:47.659+0000] {processor.py:839} INFO - DAG(s) dict_keys(['pipeline_ingestion_suivi']) retrieved from /opt/airflow/dags/dag_suivi.py
[2026-06-19T11:44:47.689+0000] {logging_mixin.py:151} INFO - [2026-06-19T11:44:47.689+0000] {dag.py:2941} INFO - Sync 1 DAGs
[2026-06-19T11:44:47.712+0000] {logging_mixin.py:151} INFO - [2026-06-19T11:44:47.712+0000] {dag.py:3722} INFO - Setting next_dagrun for pipeline_ingestion_suivi to 2026-06-19T10:00:00+00:00, run_after=2026-06-19T11:00:00+00:00
[2026-06-19T11:44:47.750+0000] {processor.py:179} INFO - Processing /opt/airflow/dags/dag_suivi.py took 0.116 seconds
[2026-06-19T11:45:17.964+0000] {processor.py:157} INFO - Started process (PID=479) to work on /opt/airflow/dags/dag_suivi.py
[2026-06-19T11:45:17.965+0000] {processor.py:829} INFO - Processing file /opt/airflow/dags/dag_suivi.py for tasks to queue
[2026-06-19T11:45:17.966+0000] {logging_mixin.py:151} INFO - [2026-06-19T11:45:17.966+0000] {dagbag.py:536} INFO - Filling up the DagBag from /opt/airflow/dags/dag_suivi.py
[2026-06-19T11:45:17.985+0000] {processor.py:839} INFO - DAG(s) dict_keys(['pipeline_ingestion_suivi']) retrieved from /opt/airflow/dags/dag_suivi.py
[2026-06-19T11:45:18.011+0000] {logging_mixin.py:151} INFO - [2026-06-19T11:45:18.011+0000] {dag.py:2941} INFO - Sync 1 DAGs
[2026-06-19T11:45:18.029+0000] {logging_mixin.py:151} INFO - [2026-06-19T11:45:18.029+0000] {dag.py:3722} INFO - Setting next_dagrun for pipeline_ingestion_suivi to 2026-06-19T10:00:00+00:00, run_after=2026-06-19T11:00:00+00:00
[2026-06-19T11:45:18.049+0000] {processor.py:179} INFO - Processing /opt/airflow/dags/dag_suivi.py took 0.087 seconds
[2026-06-19T11:45:48.194+0000] {processor.py:157} INFO - Started process (PID=484) to work on /opt/airflow/dags/dag_suivi.py
[2026-06-19T11:45:48.195+0000] {processor.py:829} INFO - Processing file /opt/airflow/dags/dag_suivi.py for tasks to queue
[2026-06-19T11:45:48.196+0000] {logging_mixin.py:151} INFO - [2026-06-19T11:45:48.196+0000] {dagbag.py:536} INFO - Filling up the DagBag from /opt/airflow/dags/dag_suivi.py
[2026-06-19T11:45:48.213+0000] {processor.py:839} INFO - DAG(s) dict_keys(['pipeline_ingestion_suivi']) retrieved from /opt/airflow/dags/dag_suivi.py
[2026-06-19T11:45:48.238+0000] {logging_mixin.py:151} INFO - [2026-06-19T11:45:48.238+0000] {dag.py:2941} INFO - Sync 1 DAGs
[2026-06-19T11:45:48.255+0000] {logging_mixin.py:151} INFO - [2026-06-19T11:45:48.255+0000] {dag.py:3722} INFO - Setting next_dagrun for pipeline_ingestion_suivi to 2026-06-19T10:00:00+00:00, run_after=2026-06-19T11:00:00+00:00
[2026-06-19T11:45:48.272+0000] {processor.py:179} INFO - Processing /opt/airflow/dags/dag_suivi.py took 0.081 seconds
[2026-06-19T11:46:18.479+0000] {processor.py:157} INFO - Started process (PID=489) to work on /opt/airflow/dags/dag_suivi.py
[2026-06-19T11:46:18.480+0000] {processor.py:829} INFO - Processing file /opt/airflow/dags/dag_suivi.py for tasks to queue
[2026-06-19T11:46:18.481+0000] {logging_mixin.py:151} INFO - [2026-06-19T11:46:18.480+0000] {dagbag.py:536} INFO - Filling up the DagBag from /opt/airflow/dags/dag_suivi.py
[2026-06-19T11:46:18.500+0000] {processor.py:839} INFO - DAG(s) dict_keys(['pipeline_ingestion_suivi']) retrieved from /opt/airflow/dags/dag_suivi.py
[2026-06-19T11:46:18.526+0000] {logging_mixin.py:151} INFO - [2026-06-19T11:46:18.525+0000] {dag.py:2941} INFO - Sync 1 DAGs
[2026-06-19T11:46:18.543+0000] {logging_mixin.py:151} INFO - [2026-06-19T11:46:18.543+0000] {dag.py:3722} INFO - Setting next_dagrun for pipeline_ingestion_suivi to 2026-06-19T10:00:00+00:00, run_after=2026-06-19T11:00:00+00:00
[2026-06-19T11:46:18.563+0000] {processor.py:179} INFO - Processing /opt/airflow/dags/dag_suivi.py took 0.087 seconds
[2026-06-19T11:46:48.728+0000] {processor.py:157} INFO - Started process (PID=494) to work on /opt/airflow/dags/dag_suivi.py
[2026-06-19T11:46:48.728+0000] {processor.py:829} INFO - Processing file /opt/airflow/dags/dag_suivi.py for tasks to queue
[2026-06-19T11:46:48.729+0000] {logging_mixin.py:151} INFO - [2026-06-19T11:46:48.729+0000] {dagbag.py:536} INFO - Filling up the DagBag from /opt/airflow/dags/dag_suivi.py
[2026-06-19T11:46:48.749+0000] {processor.py:839} INFO - DAG(s) dict_keys(['pipeline_ingestion_suivi']) retrieved from /opt/airflow/dags/dag_suivi.py
[2026-06-19T11:46:48.773+0000] {logging_mixin.py:151} INFO - [2026-06-19T11:46:48.773+0000] {dag.py:2941} INFO - Sync 1 DAGs
[2026-06-19T11:46:48.794+0000] {logging_mixin.py:151} INFO - [2026-06-19T11:46:48.793+0000] {dag.py:3722} INFO - Setting next_dagrun for pipeline_ingestion_suivi to 2026-06-19T10:00:00+00:00, run_after=2026-06-19T11:00:00+00:00
[2026-06-19T11:46:48.824+0000] {processor.py:179} INFO - Processing /opt/airflow/dags/dag_suivi.py took 0.099 seconds
[2026-06-19T11:47:18.992+0000] {processor.py:157} INFO - Started process (PID=499) to work on /opt/airflow/dags/dag_suivi.py
[2026-06-19T11:47:18.993+0000] {processor.py:829} INFO - Processing file /opt/airflow/dags/dag_suivi.py for tasks to queue
[2026-06-19T11:47:18.994+0000] {logging_mixin.py:151} INFO - [2026-06-19T11:47:18.994+0000] {dagbag.py:536} INFO - Filling up the DagBag from /opt/airflow/dags/dag_suivi.py
[2026-06-19T11:47:19.011+0000] {processor.py:839} INFO - DAG(s) dict_keys(['pipeline_ingestion_suivi']) retrieved from /opt/airflow/dags/dag_suivi.py
[2026-06-19T11:47:19.034+0000] {logging_mixin.py:151} INFO - [2026-06-19T11:47:19.034+0000] {dag.py:2941} INFO - Sync 1 DAGs
[2026-06-19T11:47:19.053+0000] {logging_mixin.py:151} INFO - [2026-06-19T11:47:19.053+0000] {dag.py:3722} INFO - Setting next_dagrun for pipeline_ingestion_suivi to 2026-06-19T10:00:00+00:00, run_after=2026-06-19T11:00:00+00:00
[2026-06-19T11:47:19.080+0000] {processor.py:179} INFO - Processing /opt/airflow/dags/dag_suivi.py took 0.091 seconds
[2026-06-19T11:47:49.282+0000] {processor.py:157} INFO - Started process (PID=504) to work on /opt/airflow/dags/dag_suivi.py
[2026-06-19T11:47:49.283+0000] {processor.py:829} INFO - Processing file /opt/airflow/dags/dag_suivi.py for tasks to queue
[2026-06-19T11:47:49.283+0000] {logging_mixin.py:151} INFO - [2026-06-19T11:47:49.283+0000] {dagbag.py:536} INFO - Filling up the DagBag from /opt/airflow/dags/dag_suivi.py
[2026-06-19T11:47:49.300+0000] {processor.py:839} INFO - DAG(s) dict_keys(['pipeline_ingestion_suivi']) retrieved from /opt/airflow/dags/dag_suivi.py
[2026-06-19T11:47:49.323+0000] {logging_mixin.py:151} INFO - [2026-06-19T11:47:49.323+0000] {dag.py:2941} INFO - Sync 1 DAGs
[2026-06-19T11:47:49.341+0000] {logging_mixin.py:151} INFO - [2026-06-19T11:47:49.341+0000] {dag.py:3722} INFO - Setting next_dagrun for pipeline_ingestion_suivi to 2026-06-19T10:00:00+00:00, run_after=2026-06-19T11:00:00+00:00
[2026-06-19T11:47:49.371+0000] {processor.py:179} INFO - Processing /opt/airflow/dags/dag_suivi.py took 0.091 seconds
[2026-06-19T11:48:19.533+0000] {processor.py:157} INFO - Started process (PID=509) to work on /opt/airflow/dags/dag_suivi.py
[2026-06-19T11:48:19.533+0000] {processor.py:829} INFO - Processing file /opt/airflow/dags/dag_suivi.py for tasks to queue
[2026-06-19T11:48:19.534+0000] {logging_mixin.py:151} INFO - [2026-06-19T11:48:19.534+0000] {dagbag.py:536} INFO - Filling up the DagBag from /opt/airflow/dags/dag_suivi.py
[2026-06-19T11:48:19.556+0000] {processor.py:839} INFO - DAG(s) dict_keys(['pipeline_ingestion_suivi']) retrieved from /opt/airflow/dags/dag_suivi.py
[2026-06-19T11:48:19.588+0000] {logging_mixin.py:151} INFO - [2026-06-19T11:48:19.588+0000] {dag.py:2941} INFO - Sync 1 DAGs
[2026-06-19T11:48:19.609+0000] {logging_mixin.py:151} INFO - [2026-06-19T11:48:19.609+0000] {dag.py:3722} INFO - Setting next_dagrun for pipeline_ingestion_suivi to 2026-06-19T10:00:00+00:00, run_after=2026-06-19T11:00:00+00:00
[2026-06-19T11:48:19.644+0000] {processor.py:179} INFO - Processing /opt/airflow/dags/dag_suivi.py took 0.115 seconds
[2026-06-19T11:48:49.791+0000] {processor.py:157} INFO - Started process (PID=514) to work on /opt/airflow/dags/dag_suivi.py
[2026-06-19T11:48:49.792+0000] {processor.py:829} INFO - Processing file /opt/airflow/dags/dag_suivi.py for tasks to queue
[2026-06-19T11:48:49.793+0000] {logging_mixin.py:151} INFO - [2026-06-19T11:48:49.793+0000] {dagbag.py:536} INFO - Filling up the DagBag from /opt/airflow/dags/dag_suivi.py
[2026-06-19T11:48:49.815+0000] {processor.py:839} INFO - DAG(s) dict_keys(['pipeline_ingestion_suivi']) retrieved from /opt/airflow/dags/dag_suivi.py
[2026-06-19T11:48:49.840+0000] {logging_mixin.py:151} INFO - [2026-06-19T11:48:49.840+0000] {dag.py:2941} INFO - Sync 1 DAGs
[2026-06-19T11:48:49.860+0000] {logging_mixin.py:151} INFO - [2026-06-19T11:48:49.860+0000] {dag.py:3722} INFO - Setting next_dagrun for pipeline_ingestion_suivi to 2026-06-19T10:00:00+00:00, run_after=2026-06-19T11:00:00+00:00
[2026-06-19T11:48:49.877+0000] {processor.py:179} INFO - Processing /opt/airflow/dags/dag_suivi.py took 0.091 seconds
[2026-06-19T11:49:20.014+0000] {processor.py:157} INFO - Started process (PID=519) to work on /opt/airflow/dags/dag_suivi.py
[2026-06-19T11:49:20.015+0000] {processor.py:829} INFO - Processing file /opt/airflow/dags/dag_suivi.py for tasks to queue
[2026-06-19T11:49:20.016+0000] {logging_mixin.py:151} INFO - [2026-06-19T11:49:20.015+0000] {dagbag.py:536} INFO - Filling up the DagBag from /opt/airflow/dags/dag_suivi.py
[2026-06-19T11:49:20.035+0000] {processor.py:839} INFO - DAG(s) dict_keys(['pipeline_ingestion_suivi']) retrieved from /opt/airflow/dags/dag_suivi.py
[2026-06-19T11:49:20.069+0000] {logging_mixin.py:151} INFO - [2026-06-19T11:49:20.069+0000] {dag.py:2941} INFO - Sync 1 DAGs
[2026-06-19T11:49:20.087+0000] {logging_mixin.py:151} INFO - [2026-06-19T11:49:20.087+0000] {dag.py:3722} INFO - Setting next_dagrun for pipeline_ingestion_suivi to 2026-06-19T10:00:00+00:00, run_after=2026-06-19T11:00:00+00:00
[2026-06-19T11:49:20.108+0000] {processor.py:179} INFO - Processing /opt/airflow/dags/dag_suivi.py took 0.098 seconds
[2026-06-19T11:49:50.200+0000] {processor.py:157} INFO - Started process (PID=524) to work on /opt/airflow/dags/dag_suivi.py
[2026-06-19T11:49:50.201+0000] {processor.py:829} INFO - Processing file /opt/airflow/dags/dag_suivi.py for tasks to queue
[2026-06-19T11:49:50.202+0000] {logging_mixin.py:151} INFO - [2026-06-19T11:49:50.202+0000] {dagbag.py:536} INFO - Filling up the DagBag from /opt/airflow/dags/dag_suivi.py
[2026-06-19T11:49:50.219+0000] {processor.py:839} INFO - DAG(s) dict_keys(['pipeline_ingestion_suivi']) retrieved from /opt/airflow/dags/dag_suivi.py
[2026-06-19T11:49:50.245+0000] {logging_mixin.py:151} INFO - [2026-06-19T11:49:50.245+0000] {dag.py:2941} INFO - Sync 1 DAGs
[2026-06-19T11:49:50.263+0000] {logging_mixin.py:151} INFO - [2026-06-19T11:49:50.263+0000] {dag.py:3722} INFO - Setting next_dagrun for pipeline_ingestion_suivi to 2026-06-19T10:00:00+00:00, run_after=2026-06-19T11:00:00+00:00
[2026-06-19T11:49:50.290+0000] {processor.py:179} INFO - Processing /opt/airflow/dags/dag_suivi.py took 0.093 seconds
[2026-06-19T11:50:20.457+0000] {processor.py:157} INFO - Started process (PID=529) to work on /opt/airflow/dags/dag_suivi.py
[2026-06-19T11:50:20.458+0000] {processor.py:829} INFO - Processing file /opt/airflow/dags/dag_suivi.py for tasks to queue
[2026-06-19T11:50:20.460+0000] {logging_mixin.py:151} INFO - [2026-06-19T11:50:20.459+0000] {dagbag.py:536} INFO - Filling up the DagBag from /opt/airflow/dags/dag_suivi.py
[2026-06-19T11:50:20.483+0000] {processor.py:839} INFO - DAG(s) dict_keys(['pipeline_ingestion_suivi']) retrieved from /opt/airflow/dags/dag_suivi.py
[2026-06-19T11:50:20.514+0000] {logging_mixin.py:151} INFO - [2026-06-19T11:50:20.514+0000] {dag.py:2941} INFO - Sync 1 DAGs
[2026-06-19T11:50:20.535+0000] {logging_mixin.py:151} INFO - [2026-06-19T11:50:20.535+0000] {dag.py:3722} INFO - Setting next_dagrun for pipeline_ingestion_suivi to 2026-06-19T10:00:00+00:00, run_after=2026-06-19T11:00:00+00:00
[2026-06-19T11:50:20.555+0000] {processor.py:179} INFO - Processing /opt/airflow/dags/dag_suivi.py took 0.101 seconds
[2026-06-19T11:50:50.644+0000] {processor.py:157} INFO - Started process (PID=534) to work on /opt/airflow/dags/dag_suivi.py
[2026-06-19T11:50:50.644+0000] {processor.py:829} INFO - Processing file /opt/airflow/dags/dag_suivi.py for tasks to queue
[2026-06-19T11:50:50.645+0000] {logging_mixin.py:151} INFO - [2026-06-19T11:50:50.645+0000] {dagbag.py:536} INFO - Filling up the DagBag from /opt/airflow/dags/dag_suivi.py
[2026-06-19T11:50:50.663+0000] {processor.py:839} INFO - DAG(s) dict_keys(['pipeline_ingestion_suivi']) retrieved from /opt/airflow/dags/dag_suivi.py
[2026-06-19T11:50:50.689+0000] {logging_mixin.py:151} INFO - [2026-06-19T11:50:50.689+0000] {dag.py:2941} INFO - Sync 1 DAGs
[2026-06-19T11:50:50.707+0000] {logging_mixin.py:151} INFO - [2026-06-19T11:50:50.707+0000] {dag.py:3722} INFO - Setting next_dagrun for pipeline_ingestion_suivi to 2026-06-19T10:00:00+00:00, run_after=2026-06-19T11:00:00+00:00
[2026-06-19T11:50:50.736+0000] {processor.py:179} INFO - Processing /opt/airflow/dags/dag_suivi.py took 0.095 seconds
[2026-06-19T11:51:20.921+0000] {processor.py:157} INFO - Started process (PID=539) to work on /opt/airflow/dags/dag_suivi.py
[2026-06-19T11:51:20.921+0000] {processor.py:829} INFO - Processing file /opt/airflow/dags/dag_suivi.py for tasks to queue
[2026-06-19T11:51:20.922+0000] {logging_mixin.py:151} INFO - [2026-06-19T11:51:20.922+0000] {dagbag.py:536} INFO - Filling up the DagBag from /opt/airflow/dags/dag_suivi.py
[2026-06-19T11:51:20.939+0000] {processor.py:839} INFO - DAG(s) dict_keys(['pipeline_ingestion_suivi']) retrieved from /opt/airflow/dags/dag_suivi.py
[2026-06-19T11:51:20.965+0000] {logging_mixin.py:151} INFO - [2026-06-19T11:51:20.965+0000] {dag.py:2941} INFO - Sync 1 DAGs
[2026-06-19T11:51:20.986+0000] {logging_mixin.py:151} INFO - [2026-06-19T11:51:20.986+0000] {dag.py:3722} INFO - Setting next_dagrun for pipeline_ingestion_suivi to 2026-06-19T10:00:00+00:00, run_after=2026-06-19T11:00:00+00:00
[2026-06-19T11:51:21.013+0000] {processor.py:179} INFO - Processing /opt/airflow/dags/dag_suivi.py took 0.095 seconds
[2026-06-19T11:51:51.105+0000] {processor.py:157} INFO - Started process (PID=544) to work on /opt/airflow/dags/dag_suivi.py
[2026-06-19T11:51:51.106+0000] {processor.py:829} INFO - Processing file /opt/airflow/dags/dag_suivi.py for tasks to queue
[2026-06-19T11:51:51.107+0000] {logging_mixin.py:151} INFO - [2026-06-19T11:51:51.107+0000] {dagbag.py:536} INFO - Filling up the DagBag from /opt/airflow/dags/dag_suivi.py
[2026-06-19T11:51:51.125+0000] {processor.py:839} INFO - DAG(s) dict_keys(['pipeline_ingestion_suivi']) retrieved from /opt/airflow/dags/dag_suivi.py
[2026-06-19T11:51:51.152+0000] {logging_mixin.py:151} INFO - [2026-06-19T11:51:51.152+0000] {dag.py:2941} INFO - Sync 1 DAGs
[2026-06-19T11:51:51.172+0000] {logging_mixin.py:151} INFO - [2026-06-19T11:51:51.172+0000] {dag.py:3722} INFO - Setting next_dagrun for pipeline_ingestion_suivi to 2026-06-19T10:00:00+00:00, run_after=2026-06-19T11:00:00+00:00
[2026-06-19T11:51:51.194+0000] {processor.py:179} INFO - Processing /opt/airflow/dags/dag_suivi.py took 0.092 seconds
[2026-06-19T11:52:21.384+0000] {processor.py:157} INFO - Started process (PID=549) to work on /opt/airflow/dags/dag_suivi.py
[2026-06-19T11:52:21.384+0000] {processor.py:829} INFO - Processing file /opt/airflow/dags/dag_suivi.py for tasks to queue
[2026-06-19T11:52:21.385+0000] {logging_mixin.py:151} INFO - [2026-06-19T11:52:21.385+0000] {dagbag.py:536} INFO - Filling up the DagBag from /opt/airflow/dags/dag_suivi.py
[2026-06-19T11:52:21.407+0000] {processor.py:839} INFO - DAG(s) dict_keys(['pipeline_ingestion_suivi']) retrieved from /opt/airflow/dags/dag_suivi.py
[2026-06-19T11:52:21.433+0000] {logging_mixin.py:151} INFO - [2026-06-19T11:52:21.433+0000] {dag.py:2941} INFO - Sync 1 DAGs
[2026-06-19T11:52:21.451+0000] {logging_mixin.py:151} INFO - [2026-06-19T11:52:21.450+0000] {dag.py:3722} INFO - Setting next_dagrun for pipeline_ingestion_suivi to 2026-06-19T10:00:00+00:00, run_after=2026-06-19T11:00:00+00:00
[2026-06-19T11:52:21.482+0000] {processor.py:179} INFO - Processing /opt/airflow/dags/dag_suivi.py took 0.101 seconds
[2026-06-19T11:52:51.585+0000] {processor.py:157} INFO - Started process (PID=554) to work on /opt/airflow/dags/dag_suivi.py
[2026-06-19T11:52:51.586+0000] {processor.py:829} INFO - Processing file /opt/airflow/dags/dag_suivi.py for tasks to queue
[2026-06-19T11:52:51.587+0000] {logging_mixin.py:151} INFO - [2026-06-19T11:52:51.587+0000] {dagbag.py:536} INFO - Filling up the DagBag from /opt/airflow/dags/dag_suivi.py
[2026-06-19T11:52:51.608+0000] {processor.py:839} INFO - DAG(s) dict_keys(['pipeline_ingestion_suivi']) retrieved from /opt/airflow/dags/dag_suivi.py
[2026-06-19T11:52:51.634+0000] {logging_mixin.py:151} INFO - [2026-06-19T11:52:51.634+0000] {dag.py:2941} INFO - Sync 1 DAGs
[2026-06-19T11:52:51.653+0000] {logging_mixin.py:151} INFO - [2026-06-19T11:52:51.653+0000] {dag.py:3722} INFO - Setting next_dagrun for pipeline_ingestion_suivi to 2026-06-19T10:00:00+00:00, run_after=2026-06-19T11:00:00+00:00
[2026-06-19T11:52:51.673+0000] {processor.py:179} INFO - Processing /opt/airflow/dags/dag_suivi.py took 0.090 seconds
[2026-06-19T11:53:21.869+0000] {processor.py:157} INFO - Started process (PID=559) to work on /opt/airflow/dags/dag_suivi.py
[2026-06-19T11:53:21.870+0000] {processor.py:829} INFO - Processing file /opt/airflow/dags/dag_suivi.py for tasks to queue
[2026-06-19T11:53:21.871+0000] {logging_mixin.py:151} INFO - [2026-06-19T11:53:21.871+0000] {dagbag.py:536} INFO - Filling up the DagBag from /opt/airflow/dags/dag_suivi.py
[2026-06-19T11:53:21.891+0000] {processor.py:839} INFO - DAG(s) dict_keys(['pipeline_ingestion_suivi']) retrieved from /opt/airflow/dags/dag_suivi.py
[2026-06-19T11:53:21.916+0000] {logging_mixin.py:151} INFO - [2026-06-19T11:53:21.916+0000] {dag.py:2941} INFO - Sync 1 DAGs
[2026-06-19T11:53:21.935+0000] {logging_mixin.py:151} INFO - [2026-06-19T11:53:21.935+0000] {dag.py:3722} INFO - Setting next_dagrun for pipeline_ingestion_suivi to 2026-06-19T10:00:00+00:00, run_after=2026-06-19T11:00:00+00:00
[2026-06-19T11:53:21.954+0000] {processor.py:179} INFO - Processing /opt/airflow/dags/dag_suivi.py took 0.088 seconds
[2026-06-19T11:53:52.065+0000] {processor.py:157} INFO - Started process (PID=564) to work on /opt/airflow/dags/dag_suivi.py
[2026-06-19T11:53:52.066+0000] {processor.py:829} INFO - Processing file /opt/airflow/dags/dag_suivi.py for tasks to queue
[2026-06-19T11:53:52.067+0000] {logging_mixin.py:151} INFO - [2026-06-19T11:53:52.067+0000] {dagbag.py:536} INFO - Filling up the DagBag from /opt/airflow/dags/dag_suivi.py
[2026-06-19T11:53:52.087+0000] {processor.py:839} INFO - DAG(s) dict_keys(['pipeline_ingestion_suivi']) retrieved from /opt/airflow/dags/dag_suivi.py
[2026-06-19T11:53:52.116+0000] {logging_mixin.py:151} INFO - [2026-06-19T11:53:52.115+0000] {dag.py:2941} INFO - Sync 1 DAGs
[2026-06-19T11:53:52.134+0000] {logging_mixin.py:151} INFO - [2026-06-19T11:53:52.134+0000] {dag.py:3722} INFO - Setting next_dagrun for pipeline_ingestion_suivi to 2026-06-19T10:00:00+00:00, run_after=2026-06-19T11:00:00+00:00
[2026-06-19T11:53:52.152+0000] {processor.py:179} INFO - Processing /opt/airflow/dags/dag_suivi.py took 0.090 seconds
[2026-06-19T11:54:22.319+0000] {processor.py:157} INFO - Started process (PID=569) to work on /opt/airflow/dags/dag_suivi.py
[2026-06-19T11:54:22.319+0000] {processor.py:829} INFO - Processing file /opt/airflow/dags/dag_suivi.py for tasks to queue
[2026-06-19T11:54:22.320+0000] {logging_mixin.py:151} INFO - [2026-06-19T11:54:22.320+0000] {dagbag.py:536} INFO - Filling up the DagBag from /opt/airflow/dags/dag_suivi.py
[2026-06-19T11:54:22.340+0000] {processor.py:839} INFO - DAG(s) dict_keys(['pipeline_ingestion_suivi']) retrieved from /opt/airflow/dags/dag_suivi.py
[2026-06-19T11:54:22.366+0000] {logging_mixin.py:151} INFO - [2026-06-19T11:54:22.366+0000] {dag.py:2941} INFO - Sync 1 DAGs
[2026-06-19T11:54:22.383+0000] {logging_mixin.py:151} INFO - [2026-06-19T11:54:22.383+0000] {dag.py:3722} INFO - Setting next_dagrun for pipeline_ingestion_suivi to 2026-06-19T10:00:00+00:00, run_after=2026-06-19T11:00:00+00:00
[2026-06-19T11:54:22.411+0000] {processor.py:179} INFO - Processing /opt/airflow/dags/dag_suivi.py took 0.094 seconds
[2026-06-19T11:54:52.498+0000] {processor.py:157} INFO - Started process (PID=574) to work on /opt/airflow/dags/dag_suivi.py
[2026-06-19T11:54:52.499+0000] {processor.py:829} INFO - Processing file /opt/airflow/dags/dag_suivi.py for tasks to queue
[2026-06-19T11:54:52.500+0000] {logging_mixin.py:151} INFO - [2026-06-19T11:54:52.500+0000] {dagbag.py:536} INFO - Filling up the DagBag from /opt/airflow/dags/dag_suivi.py
[2026-06-19T11:54:52.522+0000] {processor.py:839} INFO - DAG(s) dict_keys(['pipeline_ingestion_suivi']) retrieved from /opt/airflow/dags/dag_suivi.py
[2026-06-19T11:54:52.550+0000] {logging_mixin.py:151} INFO - [2026-06-19T11:54:52.549+0000] {dag.py:2941} INFO - Sync 1 DAGs
[2026-06-19T11:54:52.570+0000] {logging_mixin.py:151} INFO - [2026-06-19T11:54:52.570+0000] {dag.py:3722} INFO - Setting next_dagrun for pipeline_ingestion_suivi to 2026-06-19T10:00:00+00:00, run_after=2026-06-19T11:00:00+00:00
[2026-06-19T11:54:52.590+0000] {processor.py:179} INFO - Processing /opt/airflow/dags/dag_suivi.py took 0.095 seconds
[2026-06-19T11:55:22.684+0000] {processor.py:157} INFO - Started process (PID=579) to work on /opt/airflow/dags/dag_suivi.py
[2026-06-19T11:55:22.685+0000] {processor.py:829} INFO - Processing file /opt/airflow/dags/dag_suivi.py for tasks to queue
[2026-06-19T11:55:22.686+0000] {logging_mixin.py:151} INFO - [2026-06-19T11:55:22.686+0000] {dagbag.py:536} INFO - Filling up the DagBag from /opt/airflow/dags/dag_suivi.py
[2026-06-19T11:55:22.705+0000] {processor.py:839} INFO - DAG(s) dict_keys(['pipeline_ingestion_suivi']) retrieved from /opt/airflow/dags/dag_suivi.py
[2026-06-19T11:55:22.734+0000] {logging_mixin.py:151} INFO - [2026-06-19T11:55:22.734+0000] {dag.py:2941} INFO - Sync 1 DAGs
[2026-06-19T11:55:22.755+0000] {logging_mixin.py:151} INFO - [2026-06-19T11:55:22.754+0000] {dag.py:3722} INFO - Setting next_dagrun for pipeline_ingestion_suivi to 2026-06-19T10:00:00+00:00, run_after=2026-06-19T11:00:00+00:00
[2026-06-19T11:55:22.783+0000] {processor.py:179} INFO - Processing /opt/airflow/dags/dag_suivi.py took 0.102 seconds
[2026-06-19T11:55:52.935+0000] {processor.py:157} INFO - Started process (PID=584) to work on /opt/airflow/dags/dag_suivi.py
[2026-06-19T11:55:52.936+0000] {processor.py:829} INFO - Processing file /opt/airflow/dags/dag_suivi.py for tasks to queue
[2026-06-19T11:55:52.937+0000] {logging_mixin.py:151} INFO - [2026-06-19T11:55:52.937+0000] {dagbag.py:536} INFO - Filling up the DagBag from /opt/airflow/dags/dag_suivi.py
[2026-06-19T11:55:52.955+0000] {processor.py:839} INFO - DAG(s) dict_keys(['pipeline_ingestion_suivi']) retrieved from /opt/airflow/dags/dag_suivi.py
[2026-06-19T11:55:52.983+0000] {logging_mixin.py:151} INFO - [2026-06-19T11:55:52.983+0000] {dag.py:2941} INFO - Sync 1 DAGs
[2026-06-19T11:55:53.003+0000] {logging_mixin.py:151} INFO - [2026-06-19T11:55:53.003+0000] {dag.py:3722} INFO - Setting next_dagrun for pipeline_ingestion_suivi to 2026-06-19T10:00:00+00:00, run_after=2026-06-19T11:00:00+00:00
[2026-06-19T11:55:53.021+0000] {processor.py:179} INFO - Processing /opt/airflow/dags/dag_suivi.py took 0.089 seconds
[2026-06-19T11:56:23.195+0000] {processor.py:157} INFO - Started process (PID=589) to work on /opt/airflow/dags/dag_suivi.py
[2026-06-19T11:56:23.196+0000] {processor.py:829} INFO - Processing file /opt/airflow/dags/dag_suivi.py for tasks to queue
[2026-06-19T11:56:23.197+0000] {logging_mixin.py:151} INFO - [2026-06-19T11:56:23.197+0000] {dagbag.py:536} INFO - Filling up the DagBag from /opt/airflow/dags/dag_suivi.py
[2026-06-19T11:56:23.217+0000] {processor.py:839} INFO - DAG(s) dict_keys(['pipeline_ingestion_suivi']) retrieved from /opt/airflow/dags/dag_suivi.py
[2026-06-19T11:56:23.242+0000] {logging_mixin.py:151} INFO - [2026-06-19T11:56:23.242+0000] {dag.py:2941} INFO - Sync 1 DAGs
[2026-06-19T11:56:23.261+0000] {logging_mixin.py:151} INFO - [2026-06-19T11:56:23.261+0000] {dag.py:3722} INFO - Setting next_dagrun for pipeline_ingestion_suivi to 2026-06-19T10:00:00+00:00, run_after=2026-06-19T11:00:00+00:00
[2026-06-19T11:56:23.279+0000] {processor.py:179} INFO - Processing /opt/airflow/dags/dag_suivi.py took 0.088 seconds
[2026-06-19T11:56:53.431+0000] {processor.py:157} INFO - Started process (PID=594) to work on /opt/airflow/dags/dag_suivi.py
[2026-06-19T11:56:53.432+0000] {processor.py:829} INFO - Processing file /opt/airflow/dags/dag_suivi.py for tasks to queue
[2026-06-19T11:56:53.433+0000] {logging_mixin.py:151} INFO - [2026-06-19T11:56:53.433+0000] {dagbag.py:536} INFO - Filling up the DagBag from /opt/airflow/dags/dag_suivi.py
[2026-06-19T11:56:53.453+0000] {processor.py:839} INFO - DAG(s) dict_keys(['pipeline_ingestion_suivi']) retrieved from /opt/airflow/dags/dag_suivi.py
[2026-06-19T11:56:53.478+0000] {logging_mixin.py:151} INFO - [2026-06-19T11:56:53.477+0000] {dag.py:2941} INFO - Sync 1 DAGs
[2026-06-19T11:56:53.496+0000] {logging_mixin.py:151} INFO - [2026-06-19T11:56:53.496+0000] {dag.py:3722} INFO - Setting next_dagrun for pipeline_ingestion_suivi to 2026-06-19T10:00:00+00:00, run_after=2026-06-19T11:00:00+00:00
[2026-06-19T11:56:53.530+0000] {processor.py:179} INFO - Processing /opt/airflow/dags/dag_suivi.py took 0.102 seconds
[2026-06-19T11:57:23.707+0000] {processor.py:157} INFO - Started process (PID=599) to work on /opt/airflow/dags/dag_suivi.py
[2026-06-19T11:57:23.708+0000] {processor.py:829} INFO - Processing file /opt/airflow/dags/dag_suivi.py for tasks to queue
[2026-06-19T11:57:23.709+0000] {logging_mixin.py:151} INFO - [2026-06-19T11:57:23.708+0000] {dagbag.py:536} INFO - Filling up the DagBag from /opt/airflow/dags/dag_suivi.py
[2026-06-19T11:57:23.728+0000] {processor.py:839} INFO - DAG(s) dict_keys(['pipeline_ingestion_suivi']) retrieved from /opt/airflow/dags/dag_suivi.py
[2026-06-19T11:57:23.753+0000] {logging_mixin.py:151} INFO - [2026-06-19T11:57:23.753+0000] {dag.py:2941} INFO - Sync 1 DAGs
[2026-06-19T11:57:23.770+0000] {logging_mixin.py:151} INFO - [2026-06-19T11:57:23.769+0000] {dag.py:3722} INFO - Setting next_dagrun for pipeline_ingestion_suivi to 2026-06-19T10:00:00+00:00, run_after=2026-06-19T11:00:00+00:00
[2026-06-19T11:57:23.786+0000] {processor.py:179} INFO - Processing /opt/airflow/dags/dag_suivi.py took 0.082 seconds
[2026-06-19T11:57:53.967+0000] {processor.py:157} INFO - Started process (PID=604) to work on /opt/airflow/dags/dag_suivi.py
[2026-06-19T11:57:53.968+0000] {processor.py:829} INFO - Processing file /opt/airflow/dags/dag_suivi.py for tasks to queue
[2026-06-19T11:57:53.970+0000] {logging_mixin.py:151} INFO - [2026-06-19T11:57:53.970+0000] {dagbag.py:536} INFO - Filling up the DagBag from /opt/airflow/dags/dag_suivi.py
[2026-06-19T11:57:53.995+0000] {processor.py:839} INFO - DAG(s) dict_keys(['pipeline_ingestion_suivi']) retrieved from /opt/airflow/dags/dag_suivi.py
[2026-06-19T11:57:54.026+0000] {logging_mixin.py:151} INFO - [2026-06-19T11:57:54.026+0000] {dag.py:2941} INFO - Sync 1 DAGs
[2026-06-19T11:57:54.047+0000] {logging_mixin.py:151} INFO - [2026-06-19T11:57:54.047+0000] {dag.py:3722} INFO - Setting next_dagrun for pipeline_ingestion_suivi to 2026-06-19T10:00:00+00:00, run_after=2026-06-19T11:00:00+00:00
[2026-06-19T11:57:54.067+0000] {processor.py:179} INFO - Processing /opt/airflow/dags/dag_suivi.py took 0.104 seconds
[2026-06-19T11:58:24.181+0000] {processor.py:157} INFO - Started process (PID=609) to work on /opt/airflow/dags/dag_suivi.py
[2026-06-19T11:58:24.182+0000] {processor.py:829} INFO - Processing file /opt/airflow/dags/dag_suivi.py for tasks to queue
[2026-06-19T11:58:24.183+0000] {logging_mixin.py:151} INFO - [2026-06-19T11:58:24.182+0000] {dagbag.py:536} INFO - Filling up the DagBag from /opt/airflow/dags/dag_suivi.py
[2026-06-19T11:58:24.206+0000] {processor.py:839} INFO - DAG(s) dict_keys(['pipeline_ingestion_suivi']) retrieved from /opt/airflow/dags/dag_suivi.py
[2026-06-19T11:58:24.233+0000] {logging_mixin.py:151} INFO - [2026-06-19T11:58:24.233+0000] {dag.py:2941} INFO - Sync 1 DAGs
[2026-06-19T11:58:24.251+0000] {logging_mixin.py:151} INFO - [2026-06-19T11:58:24.251+0000] {dag.py:3722} INFO - Setting next_dagrun for pipeline_ingestion_suivi to 2026-06-19T10:00:00+00:00, run_after=2026-06-19T11:00:00+00:00
[2026-06-19T11:58:24.283+0000] {processor.py:179} INFO - Processing /opt/airflow/dags/dag_suivi.py took 0.106 seconds
[2026-06-19T11:58:54.393+0000] {processor.py:157} INFO - Started process (PID=614) to work on /opt/airflow/dags/dag_suivi.py
[2026-06-19T11:58:54.394+0000] {processor.py:829} INFO - Processing file /opt/airflow/dags/dag_suivi.py for tasks to queue
[2026-06-19T11:58:54.395+0000] {logging_mixin.py:151} INFO - [2026-06-19T11:58:54.395+0000] {dagbag.py:536} INFO - Filling up the DagBag from /opt/airflow/dags/dag_suivi.py
[2026-06-19T11:58:54.416+0000] {processor.py:839} INFO - DAG(s) dict_keys(['pipeline_ingestion_suivi']) retrieved from /opt/airflow/dags/dag_suivi.py
[2026-06-19T11:58:54.445+0000] {logging_mixin.py:151} INFO - [2026-06-19T11:58:54.445+0000] {dag.py:2941} INFO - Sync 1 DAGs
[2026-06-19T11:58:54.466+0000] {logging_mixin.py:151} INFO - [2026-06-19T11:58:54.465+0000] {dag.py:3722} INFO - Setting next_dagrun for pipeline_ingestion_suivi to 2026-06-19T10:00:00+00:00, run_after=2026-06-19T11:00:00+00:00
[2026-06-19T11:58:54.497+0000] {processor.py:179} INFO - Processing /opt/airflow/dags/dag_suivi.py took 0.107 seconds
[2026-06-19T11:59:24.681+0000] {processor.py:157} INFO - Started process (PID=619) to work on /opt/airflow/dags/dag_suivi.py
[2026-06-19T11:59:24.682+0000] {processor.py:829} INFO - Processing file /opt/airflow/dags/dag_suivi.py for tasks to queue
[2026-06-19T11:59:24.683+0000] {logging_mixin.py:151} INFO - [2026-06-19T11:59:24.683+0000] {dagbag.py:536} INFO - Filling up the DagBag from /opt/airflow/dags/dag_suivi.py
[2026-06-19T11:59:24.707+0000] {processor.py:839} INFO - DAG(s) dict_keys(['pipeline_ingestion_suivi']) retrieved from /opt/airflow/dags/dag_suivi.py
[2026-06-19T11:59:24.736+0000] {logging_mixin.py:151} INFO - [2026-06-19T11:59:24.736+0000] {dag.py:2941} INFO - Sync 1 DAGs
[2026-06-19T11:59:24.755+0000] {logging_mixin.py:151} INFO - [2026-06-19T11:59:24.754+0000] {dag.py:3722} INFO - Setting next_dagrun for pipeline_ingestion_suivi to 2026-06-19T10:00:00+00:00, run_after=2026-06-19T11:00:00+00:00
[2026-06-19T11:59:24.772+0000] {processor.py:179} INFO - Processing /opt/airflow/dags/dag_suivi.py took 0.095 seconds
[2026-06-19T11:59:54.911+0000] {processor.py:157} INFO - Started process (PID=624) to work on /opt/airflow/dags/dag_suivi.py
[2026-06-19T11:59:54.911+0000] {processor.py:829} INFO - Processing file /opt/airflow/dags/dag_suivi.py for tasks to queue
[2026-06-19T11:59:54.912+0000] {logging_mixin.py:151} INFO - [2026-06-19T11:59:54.912+0000] {dagbag.py:536} INFO - Filling up the DagBag from /opt/airflow/dags/dag_suivi.py
[2026-06-19T11:59:54.930+0000] {processor.py:839} INFO - DAG(s) dict_keys(['pipeline_ingestion_suivi']) retrieved from /opt/airflow/dags/dag_suivi.py
[2026-06-19T11:59:54.954+0000] {logging_mixin.py:151} INFO - [2026-06-19T11:59:54.954+0000] {dag.py:2941} INFO - Sync 1 DAGs
[2026-06-19T11:59:54.972+0000] {logging_mixin.py:151} INFO - [2026-06-19T11:59:54.972+0000] {dag.py:3722} INFO - Setting next_dagrun for pipeline_ingestion_suivi to 2026-06-19T10:00:00+00:00, run_after=2026-06-19T11:00:00+00:00
[2026-06-19T11:59:54.998+0000] {processor.py:179} INFO - Processing /opt/airflow/dags/dag_suivi.py took 0.090 seconds
[2026-06-19T12:00:25.238+0000] {processor.py:157} INFO - Started process (PID=629) to work on /opt/airflow/dags/dag_suivi.py
[2026-06-19T12:00:25.239+0000] {processor.py:829} INFO - Processing file /opt/airflow/dags/dag_suivi.py for tasks to queue
[2026-06-19T12:00:25.240+0000] {logging_mixin.py:151} INFO - [2026-06-19T12:00:25.240+0000] {dagbag.py:536} INFO - Filling up the DagBag from /opt/airflow/dags/dag_suivi.py
[2026-06-19T12:00:25.259+0000] {processor.py:839} INFO - DAG(s) dict_keys(['pipeline_ingestion_suivi']) retrieved from /opt/airflow/dags/dag_suivi.py
[2026-06-19T12:00:25.282+0000] {logging_mixin.py:151} INFO - [2026-06-19T12:00:25.282+0000] {dag.py:2941} INFO - Sync 1 DAGs
[2026-06-19T12:00:25.301+0000] {logging_mixin.py:151} INFO - [2026-06-19T12:00:25.300+0000] {dag.py:3722} INFO - Setting next_dagrun for pipeline_ingestion_suivi to 2026-06-19T11:00:00+00:00, run_after=2026-06-19T12:00:00+00:00
[2026-06-19T12:00:25.332+0000] {processor.py:179} INFO - Processing /opt/airflow/dags/dag_suivi.py took 0.096 seconds
[2026-06-19T12:00:55.450+0000] {processor.py:157} INFO - Started process (PID=634) to work on /opt/airflow/dags/dag_suivi.py
[2026-06-19T12:00:55.451+0000] {processor.py:829} INFO - Processing file /opt/airflow/dags/dag_suivi.py for tasks to queue
[2026-06-19T12:00:55.451+0000] {logging_mixin.py:151} INFO - [2026-06-19T12:00:55.451+0000] {dagbag.py:536} INFO - Filling up the DagBag from /opt/airflow/dags/dag_suivi.py
[2026-06-19T12:00:55.469+0000] {processor.py:839} INFO - DAG(s) dict_keys(['pipeline_ingestion_suivi']) retrieved from /opt/airflow/dags/dag_suivi.py
[2026-06-19T12:00:55.493+0000] {logging_mixin.py:151} INFO - [2026-06-19T12:00:55.493+0000] {dag.py:2941} INFO - Sync 1 DAGs
[2026-06-19T12:00:55.511+0000] {logging_mixin.py:151} INFO - [2026-06-19T12:00:55.511+0000] {dag.py:3722} INFO - Setting next_dagrun for pipeline_ingestion_suivi to 2026-06-19T11:00:00+00:00, run_after=2026-06-19T12:00:00+00:00
[2026-06-19T12:00:55.538+0000] {processor.py:179} INFO - Processing /opt/airflow/dags/dag_suivi.py took 0.091 seconds
[2026-06-19T12:01:25.779+0000] {processor.py:157} INFO - Started process (PID=639) to work on /opt/airflow/dags/dag_suivi.py
[2026-06-19T12:01:25.780+0000] {processor.py:829} INFO - Processing file /opt/airflow/dags/dag_suivi.py for tasks to queue
[2026-06-19T12:01:25.781+0000] {logging_mixin.py:151} INFO - [2026-06-19T12:01:25.781+0000] {dagbag.py:536} INFO - Filling up the DagBag from /opt/airflow/dags/dag_suivi.py
[2026-06-19T12:01:25.802+0000] {processor.py:839} INFO - DAG(s) dict_keys(['pipeline_ingestion_suivi']) retrieved from /opt/airflow/dags/dag_suivi.py
[2026-06-19T12:01:25.825+0000] {logging_mixin.py:151} INFO - [2026-06-19T12:01:25.824+0000] {dag.py:2941} INFO - Sync 1 DAGs
[2026-06-19T12:01:25.842+0000] {logging_mixin.py:151} INFO - [2026-06-19T12:01:25.842+0000] {dag.py:3722} INFO - Setting next_dagrun for pipeline_ingestion_suivi to 2026-06-19T11:00:00+00:00, run_after=2026-06-19T12:00:00+00:00
[2026-06-19T12:01:25.860+0000] {processor.py:179} INFO - Processing /opt/airflow/dags/dag_suivi.py took 0.084 seconds
[2026-06-19T12:01:56.012+0000] {processor.py:157} INFO - Started process (PID=644) to work on /opt/airflow/dags/dag_suivi.py
[2026-06-19T12:01:56.013+0000] {processor.py:829} INFO - Processing file /opt/airflow/dags/dag_suivi.py for tasks to queue
[2026-06-19T12:01:56.014+0000] {logging_mixin.py:151} INFO - [2026-06-19T12:01:56.014+0000] {dagbag.py:536} INFO - Filling up the DagBag from /opt/airflow/dags/dag_suivi.py
[2026-06-19T12:01:56.033+0000] {processor.py:839} INFO - DAG(s) dict_keys(['pipeline_ingestion_suivi']) retrieved from /opt/airflow/dags/dag_suivi.py
[2026-06-19T12:01:56.057+0000] {logging_mixin.py:151} INFO - [2026-06-19T12:01:56.057+0000] {dag.py:2941} INFO - Sync 1 DAGs
[2026-06-19T12:01:56.075+0000] {logging_mixin.py:151} INFO - [2026-06-19T12:01:56.074+0000] {dag.py:3722} INFO - Setting next_dagrun for pipeline_ingestion_suivi to 2026-06-19T11:00:00+00:00, run_after=2026-06-19T12:00:00+00:00
[2026-06-19T12:01:56.092+0000] {processor.py:179} INFO - Processing /opt/airflow/dags/dag_suivi.py took 0.083 seconds
[2026-06-19T12:02:26.298+0000] {processor.py:157} INFO - Started process (PID=649) to work on /opt/airflow/dags/dag_suivi.py
[2026-06-19T12:02:26.299+0000] {processor.py:829} INFO - Processing file /opt/airflow/dags/dag_suivi.py for tasks to queue
[2026-06-19T12:02:26.300+0000] {logging_mixin.py:151} INFO - [2026-06-19T12:02:26.300+0000] {dagbag.py:536} INFO - Filling up the DagBag from /opt/airflow/dags/dag_suivi.py
[2026-06-19T12:02:26.318+0000] {processor.py:839} INFO - DAG(s) dict_keys(['pipeline_ingestion_suivi']) retrieved from /opt/airflow/dags/dag_suivi.py
[2026-06-19T12:02:26.342+0000] {logging_mixin.py:151} INFO - [2026-06-19T12:02:26.342+0000] {dag.py:2941} INFO - Sync 1 DAGs
[2026-06-19T12:02:26.361+0000] {logging_mixin.py:151} INFO - [2026-06-19T12:02:26.361+0000] {dag.py:3722} INFO - Setting next_dagrun for pipeline_ingestion_suivi to 2026-06-19T11:00:00+00:00, run_after=2026-06-19T12:00:00+00:00
[2026-06-19T12:02:26.379+0000] {processor.py:179} INFO - Processing /opt/airflow/dags/dag_suivi.py took 0.084 seconds
[2026-06-19T12:02:56.546+0000] {processor.py:157} INFO - Started process (PID=654) to work on /opt/airflow/dags/dag_suivi.py
[2026-06-19T12:02:56.546+0000] {processor.py:829} INFO - Processing file /opt/airflow/dags/dag_suivi.py for tasks to queue
[2026-06-19T12:02:56.547+0000] {logging_mixin.py:151} INFO - [2026-06-19T12:02:56.547+0000] {dagbag.py:536} INFO - Filling up the DagBag from /opt/airflow/dags/dag_suivi.py
[2026-06-19T12:02:56.564+0000] {processor.py:839} INFO - DAG(s) dict_keys(['pipeline_ingestion_suivi']) retrieved from /opt/airflow/dags/dag_suivi.py
[2026-06-19T12:02:56.589+0000] {logging_mixin.py:151} INFO - [2026-06-19T12:02:56.589+0000] {dag.py:2941} INFO - Sync 1 DAGs
[2026-06-19T12:02:56.606+0000] {logging_mixin.py:151} INFO - [2026-06-19T12:02:56.606+0000] {dag.py:3722} INFO - Setting next_dagrun for pipeline_ingestion_suivi to 2026-06-19T11:00:00+00:00, run_after=2026-06-19T12:00:00+00:00
[2026-06-19T12:02:56.633+0000] {processor.py:179} INFO - Processing /opt/airflow/dags/dag_suivi.py took 0.090 seconds
[2026-06-19T12:03:26.772+0000] {processor.py:157} INFO - Started process (PID=659) to work on /opt/airflow/dags/dag_suivi.py
[2026-06-19T12:03:26.773+0000] {processor.py:829} INFO - Processing file /opt/airflow/dags/dag_suivi.py for tasks to queue
[2026-06-19T12:03:26.774+0000] {logging_mixin.py:151} INFO - [2026-06-19T12:03:26.774+0000] {dagbag.py:536} INFO - Filling up the DagBag from /opt/airflow/dags/dag_suivi.py
[2026-06-19T12:03:26.794+0000] {processor.py:839} INFO - DAG(s) dict_keys(['pipeline_ingestion_suivi']) retrieved from /opt/airflow/dags/dag_suivi.py
[2026-06-19T12:03:26.817+0000] {logging_mixin.py:151} INFO - [2026-06-19T12:03:26.817+0000] {dag.py:2941} INFO - Sync 1 DAGs
[2026-06-19T12:03:26.836+0000] {logging_mixin.py:151} INFO - [2026-06-19T12:03:26.835+0000] {dag.py:3722} INFO - Setting next_dagrun for pipeline_ingestion_suivi to 2026-06-19T11:00:00+00:00, run_after=2026-06-19T12:00:00+00:00
[2026-06-19T12:03:26.863+0000] {processor.py:179} INFO - Processing /opt/airflow/dags/dag_suivi.py took 0.094 seconds
[2026-06-19T12:03:57.001+0000] {processor.py:157} INFO - Started process (PID=664) to work on /opt/airflow/dags/dag_suivi.py
[2026-06-19T12:03:57.002+0000] {processor.py:829} INFO - Processing file /opt/airflow/dags/dag_suivi.py for tasks to queue
[2026-06-19T12:03:57.003+0000] {logging_mixin.py:151} INFO - [2026-06-19T12:03:57.002+0000] {dagbag.py:536} INFO - Filling up the DagBag from /opt/airflow/dags/dag_suivi.py
[2026-06-19T12:03:57.021+0000] {processor.py:839} INFO - DAG(s) dict_keys(['pipeline_ingestion_suivi']) retrieved from /opt/airflow/dags/dag_suivi.py
[2026-06-19T12:03:57.048+0000] {logging_mixin.py:151} INFO - [2026-06-19T12:03:57.048+0000] {dag.py:2941} INFO - Sync 1 DAGs
[2026-06-19T12:03:57.065+0000] {logging_mixin.py:151} INFO - [2026-06-19T12:03:57.065+0000] {dag.py:3722} INFO - Setting next_dagrun for pipeline_ingestion_suivi to 2026-06-19T11:00:00+00:00, run_after=2026-06-19T12:00:00+00:00
[2026-06-19T12:03:57.091+0000] {processor.py:179} INFO - Processing /opt/airflow/dags/dag_suivi.py took 0.093 seconds
[2026-06-19T12:04:27.315+0000] {processor.py:157} INFO - Started process (PID=669) to work on /opt/airflow/dags/dag_suivi.py
[2026-06-19T12:04:27.316+0000] {processor.py:829} INFO - Processing file /opt/airflow/dags/dag_suivi.py for tasks to queue
[2026-06-19T12:04:27.317+0000] {logging_mixin.py:151} INFO - [2026-06-19T12:04:27.317+0000] {dagbag.py:536} INFO - Filling up the DagBag from /opt/airflow/dags/dag_suivi.py
[2026-06-19T12:04:27.337+0000] {processor.py:839} INFO - DAG(s) dict_keys(['pipeline_ingestion_suivi']) retrieved from /opt/airflow/dags/dag_suivi.py
[2026-06-19T12:04:27.362+0000] {logging_mixin.py:151} INFO - [2026-06-19T12:04:27.361+0000] {dag.py:2941} INFO - Sync 1 DAGs
[2026-06-19T12:04:27.384+0000] {logging_mixin.py:151} INFO - [2026-06-19T12:04:27.383+0000] {dag.py:3722} INFO - Setting next_dagrun for pipeline_ingestion_suivi to 2026-06-19T11:00:00+00:00, run_after=2026-06-19T12:00:00+00:00
[2026-06-19T12:04:27.414+0000] {processor.py:179} INFO - Processing /opt/airflow/dags/dag_suivi.py took 0.102 seconds
[2026-06-19T12:05:30.407+0000] {processor.py:157} INFO - Started process (PID=169) to work on /opt/airflow/dags/dag_suivi.py
[2026-06-19T12:05:30.412+0000] {processor.py:829} INFO - Processing file /opt/airflow/dags/dag_suivi.py for tasks to queue
[2026-06-19T12:05:30.415+0000] {logging_mixin.py:151} INFO - [2026-06-19T12:05:30.415+0000] {dagbag.py:536} INFO - Filling up the DagBag from /opt/airflow/dags/dag_suivi.py
[2026-06-19T12:05:30.468+0000] {processor.py:839} INFO - DAG(s) dict_keys(['pipeline_ingestion_suivi']) retrieved from /opt/airflow/dags/dag_suivi.py
[2026-06-19T12:05:30.550+0000] {logging_mixin.py:151} INFO - [2026-06-19T12:05:30.550+0000] {dag.py:2941} INFO - Sync 1 DAGs
[2026-06-19T12:05:30.611+0000] {logging_mixin.py:151} INFO - [2026-06-19T12:05:30.610+0000] {dag.py:3722} INFO - Setting next_dagrun for pipeline_ingestion_suivi to 2026-06-19T11:00:00+00:00, run_after=2026-06-19T12:00:00+00:00
[2026-06-19T12:05:30.671+0000] {processor.py:179} INFO - Processing /opt/airflow/dags/dag_suivi.py took 0.272 seconds
[2026-06-19T12:06:00.902+0000] {processor.py:157} INFO - Started process (PID=174) to work on /opt/airflow/dags/dag_suivi.py
[2026-06-19T12:06:00.904+0000] {processor.py:829} INFO - Processing file /opt/airflow/dags/dag_suivi.py for tasks to queue
[2026-06-19T12:06:00.905+0000] {logging_mixin.py:151} INFO - [2026-06-19T12:06:00.905+0000] {dagbag.py:536} INFO - Filling up the DagBag from /opt/airflow/dags/dag_suivi.py
[2026-06-19T12:06:00.938+0000] {processor.py:839} INFO - DAG(s) dict_keys(['pipeline_ingestion_suivi']) retrieved from /opt/airflow/dags/dag_suivi.py
[2026-06-19T12:06:00.977+0000] {logging_mixin.py:151} INFO - [2026-06-19T12:06:00.977+0000] {dag.py:2941} INFO - Sync 1 DAGs
[2026-06-19T12:06:01.002+0000] {logging_mixin.py:151} INFO - [2026-06-19T12:06:01.002+0000] {dag.py:3722} INFO - Setting next_dagrun for pipeline_ingestion_suivi to 2026-06-19T11:00:00+00:00, run_after=2026-06-19T12:00:00+00:00
[2026-06-19T12:06:01.031+0000] {processor.py:179} INFO - Processing /opt/airflow/dags/dag_suivi.py took 0.133 seconds
[2026-06-19T12:06:31.098+0000] {processor.py:157} INFO - Started process (PID=179) to work on /opt/airflow/dags/dag_suivi.py
[2026-06-19T12:06:31.099+0000] {processor.py:829} INFO - Processing file /opt/airflow/dags/dag_suivi.py for tasks to queue
[2026-06-19T12:06:31.100+0000] {logging_mixin.py:151} INFO - [2026-06-19T12:06:31.100+0000] {dagbag.py:536} INFO - Filling up the DagBag from /opt/airflow/dags/dag_suivi.py
[2026-06-19T12:06:31.120+0000] {processor.py:839} INFO - DAG(s) dict_keys(['pipeline_ingestion_suivi']) retrieved from /opt/airflow/dags/dag_suivi.py
[2026-06-19T12:06:31.146+0000] {logging_mixin.py:151} INFO - [2026-06-19T12:06:31.146+0000] {dag.py:2941} INFO - Sync 1 DAGs
[2026-06-19T12:06:31.164+0000] {logging_mixin.py:151} INFO - [2026-06-19T12:06:31.164+0000] {dag.py:3722} INFO - Setting next_dagrun for pipeline_ingestion_suivi to 2026-06-19T11:00:00+00:00, run_after=2026-06-19T12:00:00+00:00
[2026-06-19T12:06:31.193+0000] {processor.py:179} INFO - Processing /opt/airflow/dags/dag_suivi.py took 0.097 seconds
[2026-06-19T12:07:01.300+0000] {processor.py:157} INFO - Started process (PID=184) to work on /opt/airflow/dags/dag_suivi.py
[2026-06-19T12:07:01.301+0000] {processor.py:829} INFO - Processing file /opt/airflow/dags/dag_suivi.py for tasks to queue
[2026-06-19T12:07:01.302+0000] {logging_mixin.py:151} INFO - [2026-06-19T12:07:01.302+0000] {dagbag.py:536} INFO - Filling up the DagBag from /opt/airflow/dags/dag_suivi.py
[2026-06-19T12:07:01.322+0000] {processor.py:839} INFO - DAG(s) dict_keys(['pipeline_ingestion_suivi']) retrieved from /opt/airflow/dags/dag_suivi.py
[2026-06-19T12:07:01.351+0000] {logging_mixin.py:151} INFO - [2026-06-19T12:07:01.351+0000] {dag.py:2941} INFO - Sync 1 DAGs
[2026-06-19T12:07:01.377+0000] {logging_mixin.py:151} INFO - [2026-06-19T12:07:01.376+0000] {dag.py:3722} INFO - Setting next_dagrun for pipeline_ingestion_suivi to 2026-06-19T11:00:00+00:00, run_after=2026-06-19T12:00:00+00:00
[2026-06-19T12:07:01.397+0000] {processor.py:179} INFO - Processing /opt/airflow/dags/dag_suivi.py took 0.100 seconds
[2026-06-19T12:07:31.594+0000] {processor.py:157} INFO - Started process (PID=189) to work on /opt/airflow/dags/dag_suivi.py
[2026-06-19T12:07:31.594+0000] {processor.py:829} INFO - Processing file /opt/airflow/dags/dag_suivi.py for tasks to queue
[2026-06-19T12:07:31.595+0000] {logging_mixin.py:151} INFO - [2026-06-19T12:07:31.595+0000] {dagbag.py:536} INFO - Filling up the DagBag from /opt/airflow/dags/dag_suivi.py
[2026-06-19T12:07:31.611+0000] {processor.py:839} INFO - DAG(s) dict_keys(['pipeline_ingestion_suivi']) retrieved from /opt/airflow/dags/dag_suivi.py
[2026-06-19T12:07:31.634+0000] {logging_mixin.py:151} INFO - [2026-06-19T12:07:31.634+0000] {dag.py:2941} INFO - Sync 1 DAGs
[2026-06-19T12:07:31.652+0000] {logging_mixin.py:151} INFO - [2026-06-19T12:07:31.652+0000] {dag.py:3722} INFO - Setting next_dagrun for pipeline_ingestion_suivi to 2026-06-19T11:00:00+00:00, run_after=2026-06-19T12:00:00+00:00
[2026-06-19T12:07:31.679+0000] {processor.py:179} INFO - Processing /opt/airflow/dags/dag_suivi.py took 0.088 seconds
[2026-06-19T12:08:01.813+0000] {processor.py:157} INFO - Started process (PID=194) to work on /opt/airflow/dags/dag_suivi.py
[2026-06-19T12:08:01.814+0000] {processor.py:829} INFO - Processing file /opt/airflow/dags/dag_suivi.py for tasks to queue
[2026-06-19T12:08:01.814+0000] {logging_mixin.py:151} INFO - [2026-06-19T12:08:01.814+0000] {dagbag.py:536} INFO - Filling up the DagBag from /opt/airflow/dags/dag_suivi.py
[2026-06-19T12:08:01.834+0000] {processor.py:839} INFO - DAG(s) dict_keys(['pipeline_ingestion_suivi']) retrieved from /opt/airflow/dags/dag_suivi.py
[2026-06-19T12:08:01.858+0000] {logging_mixin.py:151} INFO - [2026-06-19T12:08:01.858+0000] {dag.py:2941} INFO - Sync 1 DAGs
[2026-06-19T12:08:01.878+0000] {logging_mixin.py:151} INFO - [2026-06-19T12:08:01.878+0000] {dag.py:3722} INFO - Setting next_dagrun for pipeline_ingestion_suivi to 2026-06-19T11:00:00+00:00, run_after=2026-06-19T12:00:00+00:00
[2026-06-19T12:08:01.905+0000] {processor.py:179} INFO - Processing /opt/airflow/dags/dag_suivi.py took 0.096 seconds
[2026-06-19T12:08:32.195+0000] {processor.py:157} INFO - Started process (PID=199) to work on /opt/airflow/dags/dag_suivi.py
[2026-06-19T12:08:32.196+0000] {processor.py:829} INFO - Processing file /opt/airflow/dags/dag_suivi.py for tasks to queue
[2026-06-19T12:08:32.197+0000] {logging_mixin.py:151} INFO - [2026-06-19T12:08:32.197+0000] {dagbag.py:536} INFO - Filling up the DagBag from /opt/airflow/dags/dag_suivi.py
[2026-06-19T12:08:32.223+0000] {processor.py:839} INFO - DAG(s) dict_keys(['pipeline_ingestion_suivi']) retrieved from /opt/airflow/dags/dag_suivi.py
[2026-06-19T12:08:32.261+0000] {logging_mixin.py:151} INFO - [2026-06-19T12:08:32.260+0000] {dag.py:2941} INFO - Sync 1 DAGs
[2026-06-19T12:08:32.292+0000] {logging_mixin.py:151} INFO - [2026-06-19T12:08:32.292+0000] {dag.py:3722} INFO - Setting next_dagrun for pipeline_ingestion_suivi to 2026-06-19T11:00:00+00:00, run_after=2026-06-19T12:00:00+00:00
[2026-06-19T12:08:32.333+0000] {processor.py:179} INFO - Processing /opt/airflow/dags/dag_suivi.py took 0.142 seconds
[2026-06-19T12:09:02.407+0000] {processor.py:157} INFO - Started process (PID=204) to work on /opt/airflow/dags/dag_suivi.py
[2026-06-19T12:09:02.408+0000] {processor.py:829} INFO - Processing file /opt/airflow/dags/dag_suivi.py for tasks to queue
[2026-06-19T12:09:02.409+0000] {logging_mixin.py:151} INFO - [2026-06-19T12:09:02.408+0000] {dagbag.py:536} INFO - Filling up the DagBag from /opt/airflow/dags/dag_suivi.py
[2026-06-19T12:09:02.431+0000] {processor.py:839} INFO - DAG(s) dict_keys(['pipeline_ingestion_suivi']) retrieved from /opt/airflow/dags/dag_suivi.py
[2026-06-19T12:09:02.459+0000] {logging_mixin.py:151} INFO - [2026-06-19T12:09:02.458+0000] {dag.py:2941} INFO - Sync 1 DAGs
[2026-06-19T12:09:02.477+0000] {logging_mixin.py:151} INFO - [2026-06-19T12:09:02.477+0000] {dag.py:3722} INFO - Setting next_dagrun for pipeline_ingestion_suivi to 2026-06-19T11:00:00+00:00, run_after=2026-06-19T12:00:00+00:00
[2026-06-19T12:09:02.504+0000] {processor.py:179} INFO - Processing /opt/airflow/dags/dag_suivi.py took 0.101 seconds
[2026-06-19T12:09:32.650+0000] {processor.py:157} INFO - Started process (PID=209) to work on /opt/airflow/dags/dag_suivi.py
[2026-06-19T12:09:32.651+0000] {processor.py:829} INFO - Processing file /opt/airflow/dags/dag_suivi.py for tasks to queue
[2026-06-19T12:09:32.652+0000] {logging_mixin.py:151} INFO - [2026-06-19T12:09:32.652+0000] {dagbag.py:536} INFO - Filling up the DagBag from /opt/airflow/dags/dag_suivi.py
[2026-06-19T12:09:32.670+0000] {processor.py:839} INFO - DAG(s) dict_keys(['pipeline_ingestion_suivi']) retrieved from /opt/airflow/dags/dag_suivi.py
[2026-06-19T12:09:32.695+0000] {logging_mixin.py:151} INFO - [2026-06-19T12:09:32.695+0000] {dag.py:2941} INFO - Sync 1 DAGs
[2026-06-19T12:09:32.714+0000] {logging_mixin.py:151} INFO - [2026-06-19T12:09:32.713+0000] {dag.py:3722} INFO - Setting next_dagrun for pipeline_ingestion_suivi to 2026-06-19T11:00:00+00:00, run_after=2026-06-19T12:00:00+00:00
[2026-06-19T12:09:32.731+0000] {processor.py:179} INFO - Processing /opt/airflow/dags/dag_suivi.py took 0.084 seconds
[2026-06-19T12:10:02.911+0000] {processor.py:157} INFO - Started process (PID=214) to work on /opt/airflow/dags/dag_suivi.py
[2026-06-19T12:10:02.912+0000] {processor.py:829} INFO - Processing file /opt/airflow/dags/dag_suivi.py for tasks to queue
[2026-06-19T12:10:02.913+0000] {logging_mixin.py:151} INFO - [2026-06-19T12:10:02.913+0000] {dagbag.py:536} INFO - Filling up the DagBag from /opt/airflow/dags/dag_suivi.py
[2026-06-19T12:10:02.934+0000] {processor.py:839} INFO - DAG(s) dict_keys(['pipeline_ingestion_suivi']) retrieved from /opt/airflow/dags/dag_suivi.py
[2026-06-19T12:10:02.964+0000] {logging_mixin.py:151} INFO - [2026-06-19T12:10:02.964+0000] {dag.py:2941} INFO - Sync 1 DAGs
[2026-06-19T12:10:02.991+0000] {logging_mixin.py:151} INFO - [2026-06-19T12:10:02.991+0000] {dag.py:3722} INFO - Setting next_dagrun for pipeline_ingestion_suivi to 2026-06-19T11:00:00+00:00, run_after=2026-06-19T12:00:00+00:00
[2026-06-19T12:10:03.009+0000] {processor.py:179} INFO - Processing /opt/airflow/dags/dag_suivi.py took 0.100 seconds
[2026-06-19T12:10:33.154+0000] {processor.py:157} INFO - Started process (PID=219) to work on /opt/airflow/dags/dag_suivi.py
[2026-06-19T12:10:33.155+0000] {processor.py:829} INFO - Processing file /opt/airflow/dags/dag_suivi.py for tasks to queue
[2026-06-19T12:10:33.156+0000] {logging_mixin.py:151} INFO - [2026-06-19T12:10:33.156+0000] {dagbag.py:536} INFO - Filling up the DagBag from /opt/airflow/dags/dag_suivi.py
[2026-06-19T12:10:33.175+0000] {processor.py:839} INFO - DAG(s) dict_keys(['pipeline_ingestion_suivi']) retrieved from /opt/airflow/dags/dag_suivi.py
[2026-06-19T12:10:33.200+0000] {logging_mixin.py:151} INFO - [2026-06-19T12:10:33.200+0000] {dag.py:2941} INFO - Sync 1 DAGs
[2026-06-19T12:10:33.219+0000] {logging_mixin.py:151} INFO - [2026-06-19T12:10:33.219+0000] {dag.py:3722} INFO - Setting next_dagrun for pipeline_ingestion_suivi to 2026-06-19T11:00:00+00:00, run_after=2026-06-19T12:00:00+00:00
[2026-06-19T12:10:33.245+0000] {processor.py:179} INFO - Processing /opt/airflow/dags/dag_suivi.py took 0.095 seconds
[2026-06-19T12:11:03.386+0000] {processor.py:157} INFO - Started process (PID=224) to work on /opt/airflow/dags/dag_suivi.py
[2026-06-19T12:11:03.387+0000] {processor.py:829} INFO - Processing file /opt/airflow/dags/dag_suivi.py for tasks to queue
[2026-06-19T12:11:03.388+0000] {logging_mixin.py:151} INFO - [2026-06-19T12:11:03.388+0000] {dagbag.py:536} INFO - Filling up the DagBag from /opt/airflow/dags/dag_suivi.py
[2026-06-19T12:11:03.407+0000] {processor.py:839} INFO - DAG(s) dict_keys(['pipeline_ingestion_suivi']) retrieved from /opt/airflow/dags/dag_suivi.py
[2026-06-19T12:11:03.435+0000] {logging_mixin.py:151} INFO - [2026-06-19T12:11:03.435+0000] {dag.py:2941} INFO - Sync 1 DAGs
[2026-06-19T12:11:03.458+0000] {logging_mixin.py:151} INFO - [2026-06-19T12:11:03.457+0000] {dag.py:3722} INFO - Setting next_dagrun for pipeline_ingestion_suivi to 2026-06-19T11:00:00+00:00, run_after=2026-06-19T12:00:00+00:00
[2026-06-19T12:11:03.487+0000] {processor.py:179} INFO - Processing /opt/airflow/dags/dag_suivi.py took 0.104 seconds
[2026-06-19T12:11:33.645+0000] {processor.py:157} INFO - Started process (PID=229) to work on /opt/airflow/dags/dag_suivi.py
[2026-06-19T12:11:33.646+0000] {processor.py:829} INFO - Processing file /opt/airflow/dags/dag_suivi.py for tasks to queue
[2026-06-19T12:11:33.647+0000] {logging_mixin.py:151} INFO - [2026-06-19T12:11:33.647+0000] {dagbag.py:536} INFO - Filling up the DagBag from /opt/airflow/dags/dag_suivi.py
[2026-06-19T12:11:33.666+0000] {processor.py:839} INFO - DAG(s) dict_keys(['pipeline_ingestion_suivi']) retrieved from /opt/airflow/dags/dag_suivi.py
[2026-06-19T12:11:33.693+0000] {logging_mixin.py:151} INFO - [2026-06-19T12:11:33.693+0000] {dag.py:2941} INFO - Sync 1 DAGs
[2026-06-19T12:11:33.713+0000] {logging_mixin.py:151} INFO - [2026-06-19T12:11:33.713+0000] {dag.py:3722} INFO - Setting next_dagrun for pipeline_ingestion_suivi to 2026-06-19T11:00:00+00:00, run_after=2026-06-19T12:00:00+00:00
[2026-06-19T12:11:33.730+0000] {processor.py:179} INFO - Processing /opt/airflow/dags/dag_suivi.py took 0.088 seconds
[2026-06-19T12:12:03.887+0000] {processor.py:157} INFO - Started process (PID=234) to work on /opt/airflow/dags/dag_suivi.py
[2026-06-19T12:12:03.888+0000] {processor.py:829} INFO - Processing file /opt/airflow/dags/dag_suivi.py for tasks to queue
[2026-06-19T12:12:03.889+0000] {logging_mixin.py:151} INFO - [2026-06-19T12:12:03.889+0000] {dagbag.py:536} INFO - Filling up the DagBag from /opt/airflow/dags/dag_suivi.py
[2026-06-19T12:12:03.907+0000] {processor.py:839} INFO - DAG(s) dict_keys(['pipeline_ingestion_suivi']) retrieved from /opt/airflow/dags/dag_suivi.py
[2026-06-19T12:12:03.931+0000] {logging_mixin.py:151} INFO - [2026-06-19T12:12:03.931+0000] {dag.py:2941} INFO - Sync 1 DAGs
[2026-06-19T12:12:03.949+0000] {logging_mixin.py:151} INFO - [2026-06-19T12:12:03.949+0000] {dag.py:3722} INFO - Setting next_dagrun for pipeline_ingestion_suivi to 2026-06-19T11:00:00+00:00, run_after=2026-06-19T12:00:00+00:00
[2026-06-19T12:12:03.978+0000] {processor.py:179} INFO - Processing /opt/airflow/dags/dag_suivi.py took 0.094 seconds
[2026-06-19T12:12:34.082+0000] {processor.py:157} INFO - Started process (PID=239) to work on /opt/airflow/dags/dag_suivi.py
[2026-06-19T12:12:34.083+0000] {processor.py:829} INFO - Processing file /opt/airflow/dags/dag_suivi.py for tasks to queue
[2026-06-19T12:12:34.084+0000] {logging_mixin.py:151} INFO - [2026-06-19T12:12:34.084+0000] {dagbag.py:536} INFO - Filling up the DagBag from /opt/airflow/dags/dag_suivi.py
[2026-06-19T12:12:34.103+0000] {processor.py:839} INFO - DAG(s) dict_keys(['pipeline_ingestion_suivi']) retrieved from /opt/airflow/dags/dag_suivi.py
[2026-06-19T12:12:34.129+0000] {logging_mixin.py:151} INFO - [2026-06-19T12:12:34.129+0000] {dag.py:2941} INFO - Sync 1 DAGs
[2026-06-19T12:12:34.151+0000] {logging_mixin.py:151} INFO - [2026-06-19T12:12:34.150+0000] {dag.py:3722} INFO - Setting next_dagrun for pipeline_ingestion_suivi to 2026-06-19T11:00:00+00:00, run_after=2026-06-19T12:00:00+00:00
[2026-06-19T12:12:34.171+0000] {processor.py:179} INFO - Processing /opt/airflow/dags/dag_suivi.py took 0.092 seconds
[2026-06-19T12:13:04.325+0000] {processor.py:157} INFO - Started process (PID=244) to work on /opt/airflow/dags/dag_suivi.py
[2026-06-19T12:13:04.326+0000] {processor.py:829} INFO - Processing file /opt/airflow/dags/dag_suivi.py for tasks to queue
[2026-06-19T12:13:04.327+0000] {logging_mixin.py:151} INFO - [2026-06-19T12:13:04.326+0000] {dagbag.py:536} INFO - Filling up the DagBag from /opt/airflow/dags/dag_suivi.py
[2026-06-19T12:13:04.347+0000] {processor.py:839} INFO - DAG(s) dict_keys(['pipeline_ingestion_suivi']) retrieved from /opt/airflow/dags/dag_suivi.py
[2026-06-19T12:13:04.371+0000] {logging_mixin.py:151} INFO - [2026-06-19T12:13:04.371+0000] {dag.py:2941} INFO - Sync 1 DAGs
[2026-06-19T12:13:04.393+0000] {logging_mixin.py:151} INFO - [2026-06-19T12:13:04.393+0000] {dag.py:3722} INFO - Setting next_dagrun for pipeline_ingestion_suivi to 2026-06-19T11:00:00+00:00, run_after=2026-06-19T12:00:00+00:00
[2026-06-19T12:13:04.416+0000] {processor.py:179} INFO - Processing /opt/airflow/dags/dag_suivi.py took 0.094 seconds
[2026-06-19T12:13:34.541+0000] {processor.py:157} INFO - Started process (PID=249) to work on /opt/airflow/dags/dag_suivi.py
[2026-06-19T12:13:34.542+0000] {processor.py:829} INFO - Processing file /opt/airflow/dags/dag_suivi.py for tasks to queue
[2026-06-19T12:13:34.543+0000] {logging_mixin.py:151} INFO - [2026-06-19T12:13:34.542+0000] {dagbag.py:536} INFO - Filling up the DagBag from /opt/airflow/dags/dag_suivi.py
[2026-06-19T12:13:34.558+0000] {processor.py:839} INFO - DAG(s) dict_keys(['pipeline_ingestion_suivi']) retrieved from /opt/airflow/dags/dag_suivi.py
[2026-06-19T12:13:34.583+0000] {logging_mixin.py:151} INFO - [2026-06-19T12:13:34.582+0000] {dag.py:2941} INFO - Sync 1 DAGs
[2026-06-19T12:13:34.603+0000] {logging_mixin.py:151} INFO - [2026-06-19T12:13:34.603+0000] {dag.py:3722} INFO - Setting next_dagrun for pipeline_ingestion_suivi to 2026-06-19T11:00:00+00:00, run_after=2026-06-19T12:00:00+00:00
[2026-06-19T12:13:34.633+0000] {processor.py:179} INFO - Processing /opt/airflow/dags/dag_suivi.py took 0.095 seconds
[2026-06-19T12:14:04.747+0000] {processor.py:157} INFO - Started process (PID=254) to work on /opt/airflow/dags/dag_suivi.py
[2026-06-19T12:14:04.747+0000] {processor.py:829} INFO - Processing file /opt/airflow/dags/dag_suivi.py for tasks to queue
[2026-06-19T12:14:04.748+0000] {logging_mixin.py:151} INFO - [2026-06-19T12:14:04.748+0000] {dagbag.py:536} INFO - Filling up the DagBag from /opt/airflow/dags/dag_suivi.py
[2026-06-19T12:14:04.766+0000] {processor.py:839} INFO - DAG(s) dict_keys(['pipeline_ingestion_suivi']) retrieved from /opt/airflow/dags/dag_suivi.py
[2026-06-19T12:14:04.792+0000] {logging_mixin.py:151} INFO - [2026-06-19T12:14:04.792+0000] {dag.py:2941} INFO - Sync 1 DAGs
[2026-06-19T12:14:04.813+0000] {logging_mixin.py:151} INFO - [2026-06-19T12:14:04.813+0000] {dag.py:3722} INFO - Setting next_dagrun for pipeline_ingestion_suivi to 2026-06-19T11:00:00+00:00, run_after=2026-06-19T12:00:00+00:00
[2026-06-19T12:14:04.842+0000] {processor.py:179} INFO - Processing /opt/airflow/dags/dag_suivi.py took 0.099 seconds
[2026-06-19T12:14:34.993+0000] {processor.py:157} INFO - Started process (PID=259) to work on /opt/airflow/dags/dag_suivi.py
[2026-06-19T12:14:34.993+0000] {processor.py:829} INFO - Processing file /opt/airflow/dags/dag_suivi.py for tasks to queue
[2026-06-19T12:14:34.994+0000] {logging_mixin.py:151} INFO - [2026-06-19T12:14:34.994+0000] {dagbag.py:536} INFO - Filling up the DagBag from /opt/airflow/dags/dag_suivi.py
[2026-06-19T12:14:35.011+0000] {processor.py:839} INFO - DAG(s) dict_keys(['pipeline_ingestion_suivi']) retrieved from /opt/airflow/dags/dag_suivi.py
[2026-06-19T12:14:35.037+0000] {logging_mixin.py:151} INFO - [2026-06-19T12:14:35.037+0000] {dag.py:2941} INFO - Sync 1 DAGs
[2026-06-19T12:14:35.055+0000] {logging_mixin.py:151} INFO - [2026-06-19T12:14:35.055+0000] {dag.py:3722} INFO - Setting next_dagrun for pipeline_ingestion_suivi to 2026-06-19T11:00:00+00:00, run_after=2026-06-19T12:00:00+00:00
[2026-06-19T12:14:35.086+0000] {processor.py:179} INFO - Processing /opt/airflow/dags/dag_suivi.py took 0.096 seconds
[2026-06-19T12:15:05.169+0000] {processor.py:157} INFO - Started process (PID=264) to work on /opt/airflow/dags/dag_suivi.py
[2026-06-19T12:15:05.170+0000] {processor.py:829} INFO - Processing file /opt/airflow/dags/dag_suivi.py for tasks to queue
[2026-06-19T12:15:05.171+0000] {logging_mixin.py:151} INFO - [2026-06-19T12:15:05.171+0000] {dagbag.py:536} INFO - Filling up the DagBag from /opt/airflow/dags/dag_suivi.py
[2026-06-19T12:15:05.190+0000] {processor.py:839} INFO - DAG(s) dict_keys(['pipeline_ingestion_suivi']) retrieved from /opt/airflow/dags/dag_suivi.py
[2026-06-19T12:15:05.217+0000] {logging_mixin.py:151} INFO - [2026-06-19T12:15:05.217+0000] {dag.py:2941} INFO - Sync 1 DAGs
[2026-06-19T12:15:05.235+0000] {logging_mixin.py:151} INFO - [2026-06-19T12:15:05.235+0000] {dag.py:3722} INFO - Setting next_dagrun for pipeline_ingestion_suivi to 2026-06-19T11:00:00+00:00, run_after=2026-06-19T12:00:00+00:00
[2026-06-19T12:15:05.263+0000] {processor.py:179} INFO - Processing /opt/airflow/dags/dag_suivi.py took 0.097 seconds
[2026-06-19T12:15:35.450+0000] {processor.py:157} INFO - Started process (PID=269) to work on /opt/airflow/dags/dag_suivi.py
[2026-06-19T12:15:35.451+0000] {processor.py:829} INFO - Processing file /opt/airflow/dags/dag_suivi.py for tasks to queue
[2026-06-19T12:15:35.452+0000] {logging_mixin.py:151} INFO - [2026-06-19T12:15:35.452+0000] {dagbag.py:536} INFO - Filling up the DagBag from /opt/airflow/dags/dag_suivi.py
[2026-06-19T12:15:35.468+0000] {processor.py:839} INFO - DAG(s) dict_keys(['pipeline_ingestion_suivi']) retrieved from /opt/airflow/dags/dag_suivi.py
[2026-06-19T12:15:35.493+0000] {logging_mixin.py:151} INFO - [2026-06-19T12:15:35.492+0000] {dag.py:2941} INFO - Sync 1 DAGs
[2026-06-19T12:15:35.513+0000] {logging_mixin.py:151} INFO - [2026-06-19T12:15:35.513+0000] {dag.py:3722} INFO - Setting next_dagrun for pipeline_ingestion_suivi to 2026-06-19T11:00:00+00:00, run_after=2026-06-19T12:00:00+00:00
[2026-06-19T12:15:35.530+0000] {processor.py:179} INFO - Processing /opt/airflow/dags/dag_suivi.py took 0.083 seconds
[2026-06-19T12:16:05.646+0000] {processor.py:157} INFO - Started process (PID=274) to work on /opt/airflow/dags/dag_suivi.py
[2026-06-19T12:16:05.647+0000] {processor.py:829} INFO - Processing file /opt/airflow/dags/dag_suivi.py for tasks to queue
[2026-06-19T12:16:05.648+0000] {logging_mixin.py:151} INFO - [2026-06-19T12:16:05.648+0000] {dagbag.py:536} INFO - Filling up the DagBag from /opt/airflow/dags/dag_suivi.py
[2026-06-19T12:16:05.671+0000] {processor.py:839} INFO - DAG(s) dict_keys(['pipeline_ingestion_suivi']) retrieved from /opt/airflow/dags/dag_suivi.py
[2026-06-19T12:16:05.699+0000] {logging_mixin.py:151} INFO - [2026-06-19T12:16:05.699+0000] {dag.py:2941} INFO - Sync 1 DAGs
[2026-06-19T12:16:05.721+0000] {logging_mixin.py:151} INFO - [2026-06-19T12:16:05.720+0000] {dag.py:3722} INFO - Setting next_dagrun for pipeline_ingestion_suivi to 2026-06-19T11:00:00+00:00, run_after=2026-06-19T12:00:00+00:00
[2026-06-19T12:16:05.743+0000] {processor.py:179} INFO - Processing /opt/airflow/dags/dag_suivi.py took 0.102 seconds
[2026-06-19T12:16:35.885+0000] {processor.py:157} INFO - Started process (PID=279) to work on /opt/airflow/dags/dag_suivi.py
[2026-06-19T12:16:35.886+0000] {processor.py:829} INFO - Processing file /opt/airflow/dags/dag_suivi.py for tasks to queue
[2026-06-19T12:16:35.887+0000] {logging_mixin.py:151} INFO - [2026-06-19T12:16:35.887+0000] {dagbag.py:536} INFO - Filling up the DagBag from /opt/airflow/dags/dag_suivi.py
[2026-06-19T12:16:35.907+0000] {processor.py:839} INFO - DAG(s) dict_keys(['pipeline_ingestion_suivi']) retrieved from /opt/airflow/dags/dag_suivi.py
[2026-06-19T12:16:35.944+0000] {logging_mixin.py:151} INFO - [2026-06-19T12:16:35.944+0000] {dag.py:2941} INFO - Sync 1 DAGs
[2026-06-19T12:16:35.962+0000] {logging_mixin.py:151} INFO - [2026-06-19T12:16:35.962+0000] {dag.py:3722} INFO - Setting next_dagrun for pipeline_ingestion_suivi to 2026-06-19T11:00:00+00:00, run_after=2026-06-19T12:00:00+00:00
[2026-06-19T12:16:35.986+0000] {processor.py:179} INFO - Processing /opt/airflow/dags/dag_suivi.py took 0.105 seconds
[2026-06-19T12:17:06.083+0000] {processor.py:157} INFO - Started process (PID=284) to work on /opt/airflow/dags/dag_suivi.py
[2026-06-19T12:17:06.084+0000] {processor.py:829} INFO - Processing file /opt/airflow/dags/dag_suivi.py for tasks to queue
[2026-06-19T12:17:06.085+0000] {logging_mixin.py:151} INFO - [2026-06-19T12:17:06.085+0000] {dagbag.py:536} INFO - Filling up the DagBag from /opt/airflow/dags/dag_suivi.py
[2026-06-19T12:17:06.105+0000] {processor.py:839} INFO - DAG(s) dict_keys(['pipeline_ingestion_suivi']) retrieved from /opt/airflow/dags/dag_suivi.py
[2026-06-19T12:17:06.135+0000] {logging_mixin.py:151} INFO - [2026-06-19T12:17:06.134+0000] {dag.py:2941} INFO - Sync 1 DAGs
[2026-06-19T12:17:06.155+0000] {logging_mixin.py:151} INFO - [2026-06-19T12:17:06.155+0000] {dag.py:3722} INFO - Setting next_dagrun for pipeline_ingestion_suivi to 2026-06-19T11:00:00+00:00, run_after=2026-06-19T12:00:00+00:00
[2026-06-19T12:17:06.183+0000] {processor.py:179} INFO - Processing /opt/airflow/dags/dag_suivi.py took 0.103 seconds
[2026-06-19T12:17:36.396+0000] {processor.py:157} INFO - Started process (PID=289) to work on /opt/airflow/dags/dag_suivi.py
[2026-06-19T12:17:36.396+0000] {processor.py:829} INFO - Processing file /opt/airflow/dags/dag_suivi.py for tasks to queue
[2026-06-19T12:17:36.397+0000] {logging_mixin.py:151} INFO - [2026-06-19T12:17:36.397+0000] {dagbag.py:536} INFO - Filling up the DagBag from /opt/airflow/dags/dag_suivi.py
[2026-06-19T12:17:36.416+0000] {processor.py:839} INFO - DAG(s) dict_keys(['pipeline_ingestion_suivi']) retrieved from /opt/airflow/dags/dag_suivi.py
[2026-06-19T12:17:36.445+0000] {logging_mixin.py:151} INFO - [2026-06-19T12:17:36.445+0000] {dag.py:2941} INFO - Sync 1 DAGs
[2026-06-19T12:17:36.474+0000] {logging_mixin.py:151} INFO - [2026-06-19T12:17:36.474+0000] {dag.py:3722} INFO - Setting next_dagrun for pipeline_ingestion_suivi to 2026-06-19T11:00:00+00:00, run_after=2026-06-19T12:00:00+00:00
[2026-06-19T12:17:36.507+0000] {processor.py:179} INFO - Processing /opt/airflow/dags/dag_suivi.py took 0.114 seconds
[2026-06-19T12:18:06.626+0000] {processor.py:157} INFO - Started process (PID=294) to work on /opt/airflow/dags/dag_suivi.py
[2026-06-19T12:18:06.627+0000] {processor.py:829} INFO - Processing file /opt/airflow/dags/dag_suivi.py for tasks to queue
[2026-06-19T12:18:06.627+0000] {logging_mixin.py:151} INFO - [2026-06-19T12:18:06.627+0000] {dagbag.py:536} INFO - Filling up the DagBag from /opt/airflow/dags/dag_suivi.py
[2026-06-19T12:18:06.644+0000] {processor.py:839} INFO - DAG(s) dict_keys(['pipeline_ingestion_suivi']) retrieved from /opt/airflow/dags/dag_suivi.py
[2026-06-19T12:18:06.667+0000] {logging_mixin.py:151} INFO - [2026-06-19T12:18:06.667+0000] {dag.py:2941} INFO - Sync 1 DAGs
[2026-06-19T12:18:06.686+0000] {logging_mixin.py:151} INFO - [2026-06-19T12:18:06.686+0000] {dag.py:3722} INFO - Setting next_dagrun for pipeline_ingestion_suivi to 2026-06-19T11:00:00+00:00, run_after=2026-06-19T12:00:00+00:00
[2026-06-19T12:18:06.704+0000] {processor.py:179} INFO - Processing /opt/airflow/dags/dag_suivi.py took 0.082 seconds
[2026-06-19T12:18:36.883+0000] {processor.py:157} INFO - Started process (PID=299) to work on /opt/airflow/dags/dag_suivi.py
[2026-06-19T12:18:36.884+0000] {processor.py:829} INFO - Processing file /opt/airflow/dags/dag_suivi.py for tasks to queue
[2026-06-19T12:18:36.885+0000] {logging_mixin.py:151} INFO - [2026-06-19T12:18:36.885+0000] {dagbag.py:536} INFO - Filling up the DagBag from /opt/airflow/dags/dag_suivi.py
[2026-06-19T12:18:36.901+0000] {processor.py:839} INFO - DAG(s) dict_keys(['pipeline_ingestion_suivi']) retrieved from /opt/airflow/dags/dag_suivi.py
[2026-06-19T12:18:36.925+0000] {logging_mixin.py:151} INFO - [2026-06-19T12:18:36.925+0000] {dag.py:2941} INFO - Sync 1 DAGs
[2026-06-19T12:18:36.943+0000] {logging_mixin.py:151} INFO - [2026-06-19T12:18:36.943+0000] {dag.py:3722} INFO - Setting next_dagrun for pipeline_ingestion_suivi to 2026-06-19T11:00:00+00:00, run_after=2026-06-19T12:00:00+00:00
[2026-06-19T12:18:36.975+0000] {processor.py:179} INFO - Processing /opt/airflow/dags/dag_suivi.py took 0.094 seconds
[2026-06-19T12:19:07.176+0000] {processor.py:157} INFO - Started process (PID=304) to work on /opt/airflow/dags/dag_suivi.py
[2026-06-19T12:19:07.177+0000] {processor.py:829} INFO - Processing file /opt/airflow/dags/dag_suivi.py for tasks to queue
[2026-06-19T12:19:07.178+0000] {logging_mixin.py:151} INFO - [2026-06-19T12:19:07.177+0000] {dagbag.py:536} INFO - Filling up the DagBag from /opt/airflow/dags/dag_suivi.py
[2026-06-19T12:19:07.194+0000] {processor.py:839} INFO - DAG(s) dict_keys(['pipeline_ingestion_suivi']) retrieved from /opt/airflow/dags/dag_suivi.py
[2026-06-19T12:19:07.219+0000] {logging_mixin.py:151} INFO - [2026-06-19T12:19:07.219+0000] {dag.py:2941} INFO - Sync 1 DAGs
[2026-06-19T12:19:07.241+0000] {logging_mixin.py:151} INFO - [2026-06-19T12:19:07.241+0000] {dag.py:3722} INFO - Setting next_dagrun for pipeline_ingestion_suivi to 2026-06-19T11:00:00+00:00, run_after=2026-06-19T12:00:00+00:00
[2026-06-19T12:19:07.262+0000] {processor.py:179} INFO - Processing /opt/airflow/dags/dag_suivi.py took 0.088 seconds
[2026-06-19T12:19:37.405+0000] {processor.py:157} INFO - Started process (PID=309) to work on /opt/airflow/dags/dag_suivi.py
[2026-06-19T12:19:37.406+0000] {processor.py:829} INFO - Processing file /opt/airflow/dags/dag_suivi.py for tasks to queue
[2026-06-19T12:19:37.407+0000] {logging_mixin.py:151} INFO - [2026-06-19T12:19:37.407+0000] {dagbag.py:536} INFO - Filling up the DagBag from /opt/airflow/dags/dag_suivi.py
[2026-06-19T12:19:37.424+0000] {processor.py:839} INFO - DAG(s) dict_keys(['pipeline_ingestion_suivi']) retrieved from /opt/airflow/dags/dag_suivi.py
[2026-06-19T12:19:37.445+0000] {logging_mixin.py:151} INFO - [2026-06-19T12:19:37.445+0000] {dag.py:2941} INFO - Sync 1 DAGs
[2026-06-19T12:19:37.460+0000] {logging_mixin.py:151} INFO - [2026-06-19T12:19:37.460+0000] {dag.py:3722} INFO - Setting next_dagrun for pipeline_ingestion_suivi to 2026-06-19T11:00:00+00:00, run_after=2026-06-19T12:00:00+00:00
[2026-06-19T12:19:37.489+0000] {processor.py:179} INFO - Processing /opt/airflow/dags/dag_suivi.py took 0.086 seconds
[2026-06-19T12:20:07.676+0000] {processor.py:157} INFO - Started process (PID=314) to work on /opt/airflow/dags/dag_suivi.py
[2026-06-19T12:20:07.677+0000] {processor.py:829} INFO - Processing file /opt/airflow/dags/dag_suivi.py for tasks to queue
[2026-06-19T12:20:07.677+0000] {logging_mixin.py:151} INFO - [2026-06-19T12:20:07.677+0000] {dagbag.py:536} INFO - Filling up the DagBag from /opt/airflow/dags/dag_suivi.py
[2026-06-19T12:20:07.694+0000] {processor.py:839} INFO - DAG(s) dict_keys(['pipeline_ingestion_suivi']) retrieved from /opt/airflow/dags/dag_suivi.py
[2026-06-19T12:20:07.721+0000] {logging_mixin.py:151} INFO - [2026-06-19T12:20:07.721+0000] {dag.py:2941} INFO - Sync 1 DAGs
[2026-06-19T12:20:07.740+0000] {logging_mixin.py:151} INFO - [2026-06-19T12:20:07.740+0000] {dag.py:3722} INFO - Setting next_dagrun for pipeline_ingestion_suivi to 2026-06-19T11:00:00+00:00, run_after=2026-06-19T12:00:00+00:00
[2026-06-19T12:20:07.760+0000] {processor.py:179} INFO - Processing /opt/airflow/dags/dag_suivi.py took 0.087 seconds
[2026-06-19T12:20:37.954+0000] {processor.py:157} INFO - Started process (PID=319) to work on /opt/airflow/dags/dag_suivi.py
[2026-06-19T12:20:37.955+0000] {processor.py:829} INFO - Processing file /opt/airflow/dags/dag_suivi.py for tasks to queue
[2026-06-19T12:20:37.956+0000] {logging_mixin.py:151} INFO - [2026-06-19T12:20:37.956+0000] {dagbag.py:536} INFO - Filling up the DagBag from /opt/airflow/dags/dag_suivi.py
[2026-06-19T12:20:37.972+0000] {processor.py:839} INFO - DAG(s) dict_keys(['pipeline_ingestion_suivi']) retrieved from /opt/airflow/dags/dag_suivi.py
[2026-06-19T12:20:37.996+0000] {logging_mixin.py:151} INFO - [2026-06-19T12:20:37.996+0000] {dag.py:2941} INFO - Sync 1 DAGs
[2026-06-19T12:20:38.013+0000] {logging_mixin.py:151} INFO - [2026-06-19T12:20:38.013+0000] {dag.py:3722} INFO - Setting next_dagrun for pipeline_ingestion_suivi to 2026-06-19T11:00:00+00:00, run_after=2026-06-19T12:00:00+00:00
[2026-06-19T12:20:38.030+0000] {processor.py:179} INFO - Processing /opt/airflow/dags/dag_suivi.py took 0.079 seconds
[2026-06-19T12:21:08.267+0000] {processor.py:157} INFO - Started process (PID=324) to work on /opt/airflow/dags/dag_suivi.py
[2026-06-19T12:21:08.267+0000] {processor.py:829} INFO - Processing file /opt/airflow/dags/dag_suivi.py for tasks to queue
[2026-06-19T12:21:08.268+0000] {logging_mixin.py:151} INFO - [2026-06-19T12:21:08.268+0000] {dagbag.py:536} INFO - Filling up the DagBag from /opt/airflow/dags/dag_suivi.py
[2026-06-19T12:21:08.285+0000] {processor.py:839} INFO - DAG(s) dict_keys(['pipeline_ingestion_suivi']) retrieved from /opt/airflow/dags/dag_suivi.py
[2026-06-19T12:21:08.311+0000] {logging_mixin.py:151} INFO - [2026-06-19T12:21:08.310+0000] {dag.py:2941} INFO - Sync 1 DAGs
[2026-06-19T12:21:08.333+0000] {logging_mixin.py:151} INFO - [2026-06-19T12:21:08.333+0000] {dag.py:3722} INFO - Setting next_dagrun for pipeline_ingestion_suivi to 2026-06-19T11:00:00+00:00, run_after=2026-06-19T12:00:00+00:00
[2026-06-19T12:21:08.360+0000] {processor.py:179} INFO - Processing /opt/airflow/dags/dag_suivi.py took 0.096 seconds
[2026-06-19T12:21:38.479+0000] {processor.py:157} INFO - Started process (PID=329) to work on /opt/airflow/dags/dag_suivi.py
[2026-06-19T12:21:38.480+0000] {processor.py:829} INFO - Processing file /opt/airflow/dags/dag_suivi.py for tasks to queue
[2026-06-19T12:21:38.481+0000] {logging_mixin.py:151} INFO - [2026-06-19T12:21:38.481+0000] {dagbag.py:536} INFO - Filling up the DagBag from /opt/airflow/dags/dag_suivi.py
[2026-06-19T12:21:38.500+0000] {processor.py:839} INFO - DAG(s) dict_keys(['pipeline_ingestion_suivi']) retrieved from /opt/airflow/dags/dag_suivi.py
[2026-06-19T12:21:38.525+0000] {logging_mixin.py:151} INFO - [2026-06-19T12:21:38.525+0000] {dag.py:2941} INFO - Sync 1 DAGs
[2026-06-19T12:21:38.543+0000] {logging_mixin.py:151} INFO - [2026-06-19T12:21:38.543+0000] {dag.py:3722} INFO - Setting next_dagrun for pipeline_ingestion_suivi to 2026-06-19T11:00:00+00:00, run_after=2026-06-19T12:00:00+00:00
[2026-06-19T12:21:38.571+0000] {processor.py:179} INFO - Processing /opt/airflow/dags/dag_suivi.py took 0.095 seconds
[2026-06-19T12:22:08.810+0000] {processor.py:157} INFO - Started process (PID=334) to work on /opt/airflow/dags/dag_suivi.py
[2026-06-19T12:22:08.811+0000] {processor.py:829} INFO - Processing file /opt/airflow/dags/dag_suivi.py for tasks to queue
[2026-06-19T12:22:08.812+0000] {logging_mixin.py:151} INFO - [2026-06-19T12:22:08.812+0000] {dagbag.py:536} INFO - Filling up the DagBag from /opt/airflow/dags/dag_suivi.py
[2026-06-19T12:22:08.830+0000] {processor.py:839} INFO - DAG(s) dict_keys(['pipeline_ingestion_suivi']) retrieved from /opt/airflow/dags/dag_suivi.py
[2026-06-19T12:22:08.857+0000] {logging_mixin.py:151} INFO - [2026-06-19T12:22:08.857+0000] {dag.py:2941} INFO - Sync 1 DAGs
[2026-06-19T12:22:08.874+0000] {logging_mixin.py:151} INFO - [2026-06-19T12:22:08.874+0000] {dag.py:3722} INFO - Setting next_dagrun for pipeline_ingestion_suivi to 2026-06-19T11:00:00+00:00, run_after=2026-06-19T12:00:00+00:00
[2026-06-19T12:22:08.892+0000] {processor.py:179} INFO - Processing /opt/airflow/dags/dag_suivi.py took 0.086 seconds
[2026-06-19T12:22:39.068+0000] {processor.py:157} INFO - Started process (PID=339) to work on /opt/airflow/dags/dag_suivi.py
[2026-06-19T12:22:39.069+0000] {processor.py:829} INFO - Processing file /opt/airflow/dags/dag_suivi.py for tasks to queue
[2026-06-19T12:22:39.070+0000] {logging_mixin.py:151} INFO - [2026-06-19T12:22:39.070+0000] {dagbag.py:536} INFO - Filling up the DagBag from /opt/airflow/dags/dag_suivi.py
[2026-06-19T12:22:39.086+0000] {processor.py:839} INFO - DAG(s) dict_keys(['pipeline_ingestion_suivi']) retrieved from /opt/airflow/dags/dag_suivi.py
[2026-06-19T12:22:39.112+0000] {logging_mixin.py:151} INFO - [2026-06-19T12:22:39.112+0000] {dag.py:2941} INFO - Sync 1 DAGs
[2026-06-19T12:22:39.129+0000] {logging_mixin.py:151} INFO - [2026-06-19T12:22:39.129+0000] {dag.py:3722} INFO - Setting next_dagrun for pipeline_ingestion_suivi to 2026-06-19T11:00:00+00:00, run_after=2026-06-19T12:00:00+00:00
[2026-06-19T12:22:39.148+0000] {processor.py:179} INFO - Processing /opt/airflow/dags/dag_suivi.py took 0.083 seconds
[2026-06-19T12:23:09.324+0000] {processor.py:157} INFO - Started process (PID=344) to work on /opt/airflow/dags/dag_suivi.py
[2026-06-19T12:23:09.325+0000] {processor.py:829} INFO - Processing file /opt/airflow/dags/dag_suivi.py for tasks to queue
[2026-06-19T12:23:09.326+0000] {logging_mixin.py:151} INFO - [2026-06-19T12:23:09.326+0000] {dagbag.py:536} INFO - Filling up the DagBag from /opt/airflow/dags/dag_suivi.py
[2026-06-19T12:23:09.343+0000] {processor.py:839} INFO - DAG(s) dict_keys(['pipeline_ingestion_suivi']) retrieved from /opt/airflow/dags/dag_suivi.py
[2026-06-19T12:23:09.368+0000] {logging_mixin.py:151} INFO - [2026-06-19T12:23:09.368+0000] {dag.py:2941} INFO - Sync 1 DAGs
[2026-06-19T12:23:09.387+0000] {logging_mixin.py:151} INFO - [2026-06-19T12:23:09.387+0000] {dag.py:3722} INFO - Setting next_dagrun for pipeline_ingestion_suivi to 2026-06-19T11:00:00+00:00, run_after=2026-06-19T12:00:00+00:00
[2026-06-19T12:23:09.408+0000] {processor.py:179} INFO - Processing /opt/airflow/dags/dag_suivi.py took 0.087 seconds
[2026-06-19T12:23:39.569+0000] {processor.py:157} INFO - Started process (PID=349) to work on /opt/airflow/dags/dag_suivi.py
[2026-06-19T12:23:39.570+0000] {processor.py:829} INFO - Processing file /opt/airflow/dags/dag_suivi.py for tasks to queue
[2026-06-19T12:23:39.570+0000] {logging_mixin.py:151} INFO - [2026-06-19T12:23:39.570+0000] {dagbag.py:536} INFO - Filling up the DagBag from /opt/airflow/dags/dag_suivi.py
[2026-06-19T12:23:39.587+0000] {processor.py:839} INFO - DAG(s) dict_keys(['pipeline_ingestion_suivi']) retrieved from /opt/airflow/dags/dag_suivi.py
[2026-06-19T12:23:39.612+0000] {logging_mixin.py:151} INFO - [2026-06-19T12:23:39.611+0000] {dag.py:2941} INFO - Sync 1 DAGs
[2026-06-19T12:23:39.631+0000] {logging_mixin.py:151} INFO - [2026-06-19T12:23:39.630+0000] {dag.py:3722} INFO - Setting next_dagrun for pipeline_ingestion_suivi to 2026-06-19T11:00:00+00:00, run_after=2026-06-19T12:00:00+00:00
[2026-06-19T12:23:39.660+0000] {processor.py:179} INFO - Processing /opt/airflow/dags/dag_suivi.py took 0.093 seconds
[2026-06-19T12:24:09.857+0000] {processor.py:157} INFO - Started process (PID=354) to work on /opt/airflow/dags/dag_suivi.py
[2026-06-19T12:24:09.858+0000] {processor.py:829} INFO - Processing file /opt/airflow/dags/dag_suivi.py for tasks to queue
[2026-06-19T12:24:09.859+0000] {logging_mixin.py:151} INFO - [2026-06-19T12:24:09.859+0000] {dagbag.py:536} INFO - Filling up the DagBag from /opt/airflow/dags/dag_suivi.py
[2026-06-19T12:24:09.875+0000] {processor.py:839} INFO - DAG(s) dict_keys(['pipeline_ingestion_suivi']) retrieved from /opt/airflow/dags/dag_suivi.py
[2026-06-19T12:24:09.897+0000] {logging_mixin.py:151} INFO - [2026-06-19T12:24:09.897+0000] {dag.py:2941} INFO - Sync 1 DAGs
[2026-06-19T12:24:09.915+0000] {logging_mixin.py:151} INFO - [2026-06-19T12:24:09.915+0000] {dag.py:3722} INFO - Setting next_dagrun for pipeline_ingestion_suivi to 2026-06-19T11:00:00+00:00, run_after=2026-06-19T12:00:00+00:00
[2026-06-19T12:24:09.942+0000] {processor.py:179} INFO - Processing /opt/airflow/dags/dag_suivi.py took 0.087 seconds
[2026-06-19T12:24:40.109+0000] {processor.py:157} INFO - Started process (PID=359) to work on /opt/airflow/dags/dag_suivi.py
[2026-06-19T12:24:40.110+0000] {processor.py:829} INFO - Processing file /opt/airflow/dags/dag_suivi.py for tasks to queue
[2026-06-19T12:24:40.111+0000] {logging_mixin.py:151} INFO - [2026-06-19T12:24:40.110+0000] {dagbag.py:536} INFO - Filling up the DagBag from /opt/airflow/dags/dag_suivi.py
[2026-06-19T12:24:40.128+0000] {processor.py:839} INFO - DAG(s) dict_keys(['pipeline_ingestion_suivi']) retrieved from /opt/airflow/dags/dag_suivi.py
[2026-06-19T12:24:40.155+0000] {logging_mixin.py:151} INFO - [2026-06-19T12:24:40.155+0000] {dag.py:2941} INFO - Sync 1 DAGs
[2026-06-19T12:24:40.175+0000] {logging_mixin.py:151} INFO - [2026-06-19T12:24:40.175+0000] {dag.py:3722} INFO - Setting next_dagrun for pipeline_ingestion_suivi to 2026-06-19T11:00:00+00:00, run_after=2026-06-19T12:00:00+00:00
[2026-06-19T12:24:40.232+0000] {processor.py:179} INFO - Processing /opt/airflow/dags/dag_suivi.py took 0.126 seconds
[2026-06-19T12:25:10.391+0000] {processor.py:157} INFO - Started process (PID=364) to work on /opt/airflow/dags/dag_suivi.py
[2026-06-19T12:25:10.392+0000] {processor.py:829} INFO - Processing file /opt/airflow/dags/dag_suivi.py for tasks to queue
[2026-06-19T12:25:10.393+0000] {logging_mixin.py:151} INFO - [2026-06-19T12:25:10.392+0000] {dagbag.py:536} INFO - Filling up the DagBag from /opt/airflow/dags/dag_suivi.py
[2026-06-19T12:25:10.408+0000] {processor.py:839} INFO - DAG(s) dict_keys(['pipeline_ingestion_suivi']) retrieved from /opt/airflow/dags/dag_suivi.py
[2026-06-19T12:25:10.434+0000] {logging_mixin.py:151} INFO - [2026-06-19T12:25:10.434+0000] {dag.py:2941} INFO - Sync 1 DAGs
[2026-06-19T12:25:10.452+0000] {logging_mixin.py:151} INFO - [2026-06-19T12:25:10.451+0000] {dag.py:3722} INFO - Setting next_dagrun for pipeline_ingestion_suivi to 2026-06-19T11:00:00+00:00, run_after=2026-06-19T12:00:00+00:00
[2026-06-19T12:25:10.471+0000] {processor.py:179} INFO - Processing /opt/airflow/dags/dag_suivi.py took 0.082 seconds
[2026-06-19T12:25:40.661+0000] {processor.py:157} INFO - Started process (PID=369) to work on /opt/airflow/dags/dag_suivi.py
[2026-06-19T12:25:40.661+0000] {processor.py:829} INFO - Processing file /opt/airflow/dags/dag_suivi.py for tasks to queue
[2026-06-19T12:25:40.662+0000] {logging_mixin.py:151} INFO - [2026-06-19T12:25:40.662+0000] {dagbag.py:536} INFO - Filling up the DagBag from /opt/airflow/dags/dag_suivi.py
[2026-06-19T12:25:40.680+0000] {processor.py:839} INFO - DAG(s) dict_keys(['pipeline_ingestion_suivi']) retrieved from /opt/airflow/dags/dag_suivi.py
[2026-06-19T12:25:40.703+0000] {logging_mixin.py:151} INFO - [2026-06-19T12:25:40.703+0000] {dag.py:2941} INFO - Sync 1 DAGs
[2026-06-19T12:25:40.721+0000] {logging_mixin.py:151} INFO - [2026-06-19T12:25:40.721+0000] {dag.py:3722} INFO - Setting next_dagrun for pipeline_ingestion_suivi to 2026-06-19T11:00:00+00:00, run_after=2026-06-19T12:00:00+00:00
[2026-06-19T12:25:40.743+0000] {processor.py:179} INFO - Processing /opt/airflow/dags/dag_suivi.py took 0.085 seconds
[2026-06-19T12:26:10.950+0000] {processor.py:157} INFO - Started process (PID=374) to work on /opt/airflow/dags/dag_suivi.py
[2026-06-19T12:26:10.951+0000] {processor.py:829} INFO - Processing file /opt/airflow/dags/dag_suivi.py for tasks to queue
[2026-06-19T12:26:10.952+0000] {logging_mixin.py:151} INFO - [2026-06-19T12:26:10.952+0000] {dagbag.py:536} INFO - Filling up the DagBag from /opt/airflow/dags/dag_suivi.py
[2026-06-19T12:26:10.971+0000] {processor.py:839} INFO - DAG(s) dict_keys(['pipeline_ingestion_suivi']) retrieved from /opt/airflow/dags/dag_suivi.py
[2026-06-19T12:26:10.997+0000] {logging_mixin.py:151} INFO - [2026-06-19T12:26:10.997+0000] {dag.py:2941} INFO - Sync 1 DAGs
[2026-06-19T12:26:11.015+0000] {logging_mixin.py:151} INFO - [2026-06-19T12:26:11.015+0000] {dag.py:3722} INFO - Setting next_dagrun for pipeline_ingestion_suivi to 2026-06-19T11:00:00+00:00, run_after=2026-06-19T12:00:00+00:00
[2026-06-19T12:26:11.057+0000] {processor.py:179} INFO - Processing /opt/airflow/dags/dag_suivi.py took 0.110 seconds
[2026-06-19T12:26:41.214+0000] {processor.py:157} INFO - Started process (PID=379) to work on /opt/airflow/dags/dag_suivi.py
[2026-06-19T12:26:41.215+0000] {processor.py:829} INFO - Processing file /opt/airflow/dags/dag_suivi.py for tasks to queue
[2026-06-19T12:26:41.216+0000] {logging_mixin.py:151} INFO - [2026-06-19T12:26:41.216+0000] {dagbag.py:536} INFO - Filling up the DagBag from /opt/airflow/dags/dag_suivi.py
[2026-06-19T12:26:41.236+0000] {processor.py:839} INFO - DAG(s) dict_keys(['pipeline_ingestion_suivi']) retrieved from /opt/airflow/dags/dag_suivi.py
[2026-06-19T12:26:41.262+0000] {logging_mixin.py:151} INFO - [2026-06-19T12:26:41.262+0000] {dag.py:2941} INFO - Sync 1 DAGs
[2026-06-19T12:26:41.279+0000] {logging_mixin.py:151} INFO - [2026-06-19T12:26:41.279+0000] {dag.py:3722} INFO - Setting next_dagrun for pipeline_ingestion_suivi to 2026-06-19T11:00:00+00:00, run_after=2026-06-19T12:00:00+00:00
[2026-06-19T12:26:41.300+0000] {processor.py:179} INFO - Processing /opt/airflow/dags/dag_suivi.py took 0.088 seconds
[2026-06-19T12:27:11.488+0000] {processor.py:157} INFO - Started process (PID=384) to work on /opt/airflow/dags/dag_suivi.py
[2026-06-19T12:27:11.489+0000] {processor.py:829} INFO - Processing file /opt/airflow/dags/dag_suivi.py for tasks to queue
[2026-06-19T12:27:11.490+0000] {logging_mixin.py:151} INFO - [2026-06-19T12:27:11.489+0000] {dagbag.py:536} INFO - Filling up the DagBag from /opt/airflow/dags/dag_suivi.py
[2026-06-19T12:27:11.508+0000] {processor.py:839} INFO - DAG(s) dict_keys(['pipeline_ingestion_suivi']) retrieved from /opt/airflow/dags/dag_suivi.py
[2026-06-19T12:27:11.533+0000] {logging_mixin.py:151} INFO - [2026-06-19T12:27:11.533+0000] {dag.py:2941} INFO - Sync 1 DAGs
[2026-06-19T12:27:11.551+0000] {logging_mixin.py:151} INFO - [2026-06-19T12:27:11.550+0000] {dag.py:3722} INFO - Setting next_dagrun for pipeline_ingestion_suivi to 2026-06-19T11:00:00+00:00, run_after=2026-06-19T12:00:00+00:00
[2026-06-19T12:27:11.567+0000] {processor.py:179} INFO - Processing /opt/airflow/dags/dag_suivi.py took 0.082 seconds
[2026-06-19T12:27:41.760+0000] {processor.py:157} INFO - Started process (PID=389) to work on /opt/airflow/dags/dag_suivi.py
[2026-06-19T12:27:41.761+0000] {processor.py:829} INFO - Processing file /opt/airflow/dags/dag_suivi.py for tasks to queue
[2026-06-19T12:27:41.761+0000] {logging_mixin.py:151} INFO - [2026-06-19T12:27:41.761+0000] {dagbag.py:536} INFO - Filling up the DagBag from /opt/airflow/dags/dag_suivi.py
[2026-06-19T12:27:41.778+0000] {processor.py:839} INFO - DAG(s) dict_keys(['pipeline_ingestion_suivi']) retrieved from /opt/airflow/dags/dag_suivi.py
[2026-06-19T12:27:41.803+0000] {logging_mixin.py:151} INFO - [2026-06-19T12:27:41.803+0000] {dag.py:2941} INFO - Sync 1 DAGs
[2026-06-19T12:27:41.820+0000] {logging_mixin.py:151} INFO - [2026-06-19T12:27:41.820+0000] {dag.py:3722} INFO - Setting next_dagrun for pipeline_ingestion_suivi to 2026-06-19T11:00:00+00:00, run_after=2026-06-19T12:00:00+00:00
[2026-06-19T12:27:41.847+0000] {processor.py:179} INFO - Processing /opt/airflow/dags/dag_suivi.py took 0.090 seconds
[2026-06-19T12:28:12.039+0000] {processor.py:157} INFO - Started process (PID=394) to work on /opt/airflow/dags/dag_suivi.py
[2026-06-19T12:28:12.040+0000] {processor.py:829} INFO - Processing file /opt/airflow/dags/dag_suivi.py for tasks to queue
[2026-06-19T12:28:12.041+0000] {logging_mixin.py:151} INFO - [2026-06-19T12:28:12.041+0000] {dagbag.py:536} INFO - Filling up the DagBag from /opt/airflow/dags/dag_suivi.py
[2026-06-19T12:28:12.058+0000] {processor.py:839} INFO - DAG(s) dict_keys(['pipeline_ingestion_suivi']) retrieved from /opt/airflow/dags/dag_suivi.py
[2026-06-19T12:28:12.081+0000] {logging_mixin.py:151} INFO - [2026-06-19T12:28:12.081+0000] {dag.py:2941} INFO - Sync 1 DAGs
[2026-06-19T12:28:12.098+0000] {logging_mixin.py:151} INFO - [2026-06-19T12:28:12.098+0000] {dag.py:3722} INFO - Setting next_dagrun for pipeline_ingestion_suivi to 2026-06-19T11:00:00+00:00, run_after=2026-06-19T12:00:00+00:00
[2026-06-19T12:28:12.117+0000] {processor.py:179} INFO - Processing /opt/airflow/dags/dag_suivi.py took 0.080 seconds
[2026-06-19T12:28:42.319+0000] {processor.py:157} INFO - Started process (PID=399) to work on /opt/airflow/dags/dag_suivi.py
[2026-06-19T12:28:42.320+0000] {processor.py:829} INFO - Processing file /opt/airflow/dags/dag_suivi.py for tasks to queue
[2026-06-19T12:28:42.321+0000] {logging_mixin.py:151} INFO - [2026-06-19T12:28:42.320+0000] {dagbag.py:536} INFO - Filling up the DagBag from /opt/airflow/dags/dag_suivi.py
[2026-06-19T12:28:42.339+0000] {processor.py:839} INFO - DAG(s) dict_keys(['pipeline_ingestion_suivi']) retrieved from /opt/airflow/dags/dag_suivi.py
[2026-06-19T12:28:42.363+0000] {logging_mixin.py:151} INFO - [2026-06-19T12:28:42.363+0000] {dag.py:2941} INFO - Sync 1 DAGs
[2026-06-19T12:28:42.381+0000] {logging_mixin.py:151} INFO - [2026-06-19T12:28:42.381+0000] {dag.py:3722} INFO - Setting next_dagrun for pipeline_ingestion_suivi to 2026-06-19T11:00:00+00:00, run_after=2026-06-19T12:00:00+00:00
[2026-06-19T12:28:42.398+0000] {processor.py:179} INFO - Processing /opt/airflow/dags/dag_suivi.py took 0.082 seconds
[2026-06-19T12:29:12.599+0000] {processor.py:157} INFO - Started process (PID=404) to work on /opt/airflow/dags/dag_suivi.py
[2026-06-19T12:29:12.600+0000] {processor.py:829} INFO - Processing file /opt/airflow/dags/dag_suivi.py for tasks to queue
[2026-06-19T12:29:12.600+0000] {logging_mixin.py:151} INFO - [2026-06-19T12:29:12.600+0000] {dagbag.py:536} INFO - Filling up the DagBag from /opt/airflow/dags/dag_suivi.py
[2026-06-19T12:29:12.618+0000] {processor.py:839} INFO - DAG(s) dict_keys(['pipeline_ingestion_suivi']) retrieved from /opt/airflow/dags/dag_suivi.py
[2026-06-19T12:29:12.643+0000] {logging_mixin.py:151} INFO - [2026-06-19T12:29:12.642+0000] {dag.py:2941} INFO - Sync 1 DAGs
[2026-06-19T12:29:12.660+0000] {logging_mixin.py:151} INFO - [2026-06-19T12:29:12.660+0000] {dag.py:3722} INFO - Setting next_dagrun for pipeline_ingestion_suivi to 2026-06-19T11:00:00+00:00, run_after=2026-06-19T12:00:00+00:00
[2026-06-19T12:29:12.686+0000] {processor.py:179} INFO - Processing /opt/airflow/dags/dag_suivi.py took 0.090 seconds
[2026-06-19T12:29:42.870+0000] {processor.py:157} INFO - Started process (PID=409) to work on /opt/airflow/dags/dag_suivi.py
[2026-06-19T12:29:42.871+0000] {processor.py:829} INFO - Processing file /opt/airflow/dags/dag_suivi.py for tasks to queue
[2026-06-19T12:29:42.871+0000] {logging_mixin.py:151} INFO - [2026-06-19T12:29:42.871+0000] {dagbag.py:536} INFO - Filling up the DagBag from /opt/airflow/dags/dag_suivi.py
[2026-06-19T12:29:42.888+0000] {processor.py:839} INFO - DAG(s) dict_keys(['pipeline_ingestion_suivi']) retrieved from /opt/airflow/dags/dag_suivi.py
[2026-06-19T12:29:42.912+0000] {logging_mixin.py:151} INFO - [2026-06-19T12:29:42.912+0000] {dag.py:2941} INFO - Sync 1 DAGs
[2026-06-19T12:29:42.930+0000] {logging_mixin.py:151} INFO - [2026-06-19T12:29:42.930+0000] {dag.py:3722} INFO - Setting next_dagrun for pipeline_ingestion_suivi to 2026-06-19T11:00:00+00:00, run_after=2026-06-19T12:00:00+00:00
[2026-06-19T12:29:42.959+0000] {processor.py:179} INFO - Processing /opt/airflow/dags/dag_suivi.py took 0.092 seconds
[2026-06-19T12:30:13.183+0000] {processor.py:157} INFO - Started process (PID=414) to work on /opt/airflow/dags/dag_suivi.py
[2026-06-19T12:30:13.184+0000] {processor.py:829} INFO - Processing file /opt/airflow/dags/dag_suivi.py for tasks to queue
[2026-06-19T12:30:13.185+0000] {logging_mixin.py:151} INFO - [2026-06-19T12:30:13.185+0000] {dagbag.py:536} INFO - Filling up the DagBag from /opt/airflow/dags/dag_suivi.py
[2026-06-19T12:30:13.204+0000] {processor.py:839} INFO - DAG(s) dict_keys(['pipeline_ingestion_suivi']) retrieved from /opt/airflow/dags/dag_suivi.py
[2026-06-19T12:30:13.227+0000] {logging_mixin.py:151} INFO - [2026-06-19T12:30:13.227+0000] {dag.py:2941} INFO - Sync 1 DAGs
[2026-06-19T12:30:13.246+0000] {logging_mixin.py:151} INFO - [2026-06-19T12:30:13.245+0000] {dag.py:3722} INFO - Setting next_dagrun for pipeline_ingestion_suivi to 2026-06-19T11:00:00+00:00, run_after=2026-06-19T12:00:00+00:00
[2026-06-19T12:30:13.272+0000] {processor.py:179} INFO - Processing /opt/airflow/dags/dag_suivi.py took 0.092 seconds
[2026-06-19T12:30:43.610+0000] {processor.py:157} INFO - Started process (PID=419) to work on /opt/airflow/dags/dag_suivi.py
[2026-06-19T12:30:43.611+0000] {processor.py:829} INFO - Processing file /opt/airflow/dags/dag_suivi.py for tasks to queue
[2026-06-19T12:30:43.612+0000] {logging_mixin.py:151} INFO - [2026-06-19T12:30:43.612+0000] {dagbag.py:536} INFO - Filling up the DagBag from /opt/airflow/dags/dag_suivi.py
[2026-06-19T12:30:43.633+0000] {processor.py:839} INFO - DAG(s) dict_keys(['pipeline_ingestion_suivi']) retrieved from /opt/airflow/dags/dag_suivi.py
[2026-06-19T12:30:43.660+0000] {logging_mixin.py:151} INFO - [2026-06-19T12:30:43.659+0000] {dag.py:2941} INFO - Sync 1 DAGs
[2026-06-19T12:30:43.678+0000] {logging_mixin.py:151} INFO - [2026-06-19T12:30:43.678+0000] {dag.py:3722} INFO - Setting next_dagrun for pipeline_ingestion_suivi to 2026-06-19T11:00:00+00:00, run_after=2026-06-19T12:00:00+00:00
[2026-06-19T12:30:43.706+0000] {processor.py:179} INFO - Processing /opt/airflow/dags/dag_suivi.py took 0.099 seconds
[2026-06-19T12:31:13.805+0000] {processor.py:157} INFO - Started process (PID=424) to work on /opt/airflow/dags/dag_suivi.py
[2026-06-19T12:31:13.806+0000] {processor.py:829} INFO - Processing file /opt/airflow/dags/dag_suivi.py for tasks to queue
[2026-06-19T12:31:13.806+0000] {logging_mixin.py:151} INFO - [2026-06-19T12:31:13.806+0000] {dagbag.py:536} INFO - Filling up the DagBag from /opt/airflow/dags/dag_suivi.py
[2026-06-19T12:31:13.824+0000] {processor.py:839} INFO - DAG(s) dict_keys(['pipeline_ingestion_suivi']) retrieved from /opt/airflow/dags/dag_suivi.py
[2026-06-19T12:31:13.849+0000] {logging_mixin.py:151} INFO - [2026-06-19T12:31:13.849+0000] {dag.py:2941} INFO - Sync 1 DAGs
[2026-06-19T12:31:13.869+0000] {logging_mixin.py:151} INFO - [2026-06-19T12:31:13.868+0000] {dag.py:3722} INFO - Setting next_dagrun for pipeline_ingestion_suivi to 2026-06-19T11:00:00+00:00, run_after=2026-06-19T12:00:00+00:00
[2026-06-19T12:31:13.897+0000] {processor.py:179} INFO - Processing /opt/airflow/dags/dag_suivi.py took 0.095 seconds
[2026-06-19T12:31:44.063+0000] {processor.py:157} INFO - Started process (PID=429) to work on /opt/airflow/dags/dag_suivi.py
[2026-06-19T12:31:44.064+0000] {processor.py:829} INFO - Processing file /opt/airflow/dags/dag_suivi.py for tasks to queue
[2026-06-19T12:31:44.065+0000] {logging_mixin.py:151} INFO - [2026-06-19T12:31:44.064+0000] {dagbag.py:536} INFO - Filling up the DagBag from /opt/airflow/dags/dag_suivi.py
[2026-06-19T12:31:44.082+0000] {processor.py:839} INFO - DAG(s) dict_keys(['pipeline_ingestion_suivi']) retrieved from /opt/airflow/dags/dag_suivi.py
[2026-06-19T12:31:44.106+0000] {logging_mixin.py:151} INFO - [2026-06-19T12:31:44.105+0000] {dag.py:2941} INFO - Sync 1 DAGs
[2026-06-19T12:31:44.123+0000] {logging_mixin.py:151} INFO - [2026-06-19T12:31:44.123+0000] {dag.py:3722} INFO - Setting next_dagrun for pipeline_ingestion_suivi to 2026-06-19T11:00:00+00:00, run_after=2026-06-19T12:00:00+00:00
[2026-06-19T12:31:44.141+0000] {processor.py:179} INFO - Processing /opt/airflow/dags/dag_suivi.py took 0.080 seconds
[2026-06-19T12:32:14.248+0000] {processor.py:157} INFO - Started process (PID=434) to work on /opt/airflow/dags/dag_suivi.py
[2026-06-19T12:32:14.249+0000] {processor.py:829} INFO - Processing file /opt/airflow/dags/dag_suivi.py for tasks to queue
[2026-06-19T12:32:14.249+0000] {logging_mixin.py:151} INFO - [2026-06-19T12:32:14.249+0000] {dagbag.py:536} INFO - Filling up the DagBag from /opt/airflow/dags/dag_suivi.py
[2026-06-19T12:32:14.270+0000] {processor.py:839} INFO - DAG(s) dict_keys(['pipeline_ingestion_suivi']) retrieved from /opt/airflow/dags/dag_suivi.py
[2026-06-19T12:32:14.299+0000] {logging_mixin.py:151} INFO - [2026-06-19T12:32:14.299+0000] {dag.py:2941} INFO - Sync 1 DAGs
[2026-06-19T12:32:14.317+0000] {logging_mixin.py:151} INFO - [2026-06-19T12:32:14.317+0000] {dag.py:3722} INFO - Setting next_dagrun for pipeline_ingestion_suivi to 2026-06-19T11:00:00+00:00, run_after=2026-06-19T12:00:00+00:00
[2026-06-19T12:32:14.347+0000] {processor.py:179} INFO - Processing /opt/airflow/dags/dag_suivi.py took 0.103 seconds
[2026-06-19T12:32:44.488+0000] {processor.py:157} INFO - Started process (PID=439) to work on /opt/airflow/dags/dag_suivi.py
[2026-06-19T12:32:44.489+0000] {processor.py:829} INFO - Processing file /opt/airflow/dags/dag_suivi.py for tasks to queue
[2026-06-19T12:32:44.489+0000] {logging_mixin.py:151} INFO - [2026-06-19T12:32:44.489+0000] {dagbag.py:536} INFO - Filling up the DagBag from /opt/airflow/dags/dag_suivi.py
[2026-06-19T12:32:44.506+0000] {processor.py:839} INFO - DAG(s) dict_keys(['pipeline_ingestion_suivi']) retrieved from /opt/airflow/dags/dag_suivi.py
[2026-06-19T12:32:44.531+0000] {logging_mixin.py:151} INFO - [2026-06-19T12:32:44.531+0000] {dag.py:2941} INFO - Sync 1 DAGs
[2026-06-19T12:32:44.550+0000] {logging_mixin.py:151} INFO - [2026-06-19T12:32:44.550+0000] {dag.py:3722} INFO - Setting next_dagrun for pipeline_ingestion_suivi to 2026-06-19T11:00:00+00:00, run_after=2026-06-19T12:00:00+00:00
[2026-06-19T12:32:44.580+0000] {processor.py:179} INFO - Processing /opt/airflow/dags/dag_suivi.py took 0.095 seconds
[2026-06-19T12:33:14.664+0000] {processor.py:157} INFO - Started process (PID=444) to work on /opt/airflow/dags/dag_suivi.py
[2026-06-19T12:33:14.665+0000] {processor.py:829} INFO - Processing file /opt/airflow/dags/dag_suivi.py for tasks to queue
[2026-06-19T12:33:14.666+0000] {logging_mixin.py:151} INFO - [2026-06-19T12:33:14.666+0000] {dagbag.py:536} INFO - Filling up the DagBag from /opt/airflow/dags/dag_suivi.py
[2026-06-19T12:33:14.683+0000] {processor.py:839} INFO - DAG(s) dict_keys(['pipeline_ingestion_suivi']) retrieved from /opt/airflow/dags/dag_suivi.py
[2026-06-19T12:33:14.711+0000] {logging_mixin.py:151} INFO - [2026-06-19T12:33:14.711+0000] {dag.py:2941} INFO - Sync 1 DAGs
[2026-06-19T12:33:14.730+0000] {logging_mixin.py:151} INFO - [2026-06-19T12:33:14.730+0000] {dag.py:3722} INFO - Setting next_dagrun for pipeline_ingestion_suivi to 2026-06-19T11:00:00+00:00, run_after=2026-06-19T12:00:00+00:00
[2026-06-19T12:33:14.748+0000] {processor.py:179} INFO - Processing /opt/airflow/dags/dag_suivi.py took 0.087 seconds
[2026-06-19T12:33:44.922+0000] {processor.py:157} INFO - Started process (PID=449) to work on /opt/airflow/dags/dag_suivi.py
[2026-06-19T12:33:44.923+0000] {processor.py:829} INFO - Processing file /opt/airflow/dags/dag_suivi.py for tasks to queue
[2026-06-19T12:33:44.923+0000] {logging_mixin.py:151} INFO - [2026-06-19T12:33:44.923+0000] {dagbag.py:536} INFO - Filling up the DagBag from /opt/airflow/dags/dag_suivi.py
[2026-06-19T12:33:44.940+0000] {processor.py:839} INFO - DAG(s) dict_keys(['pipeline_ingestion_suivi']) retrieved from /opt/airflow/dags/dag_suivi.py
[2026-06-19T12:33:44.965+0000] {logging_mixin.py:151} INFO - [2026-06-19T12:33:44.965+0000] {dag.py:2941} INFO - Sync 1 DAGs
[2026-06-19T12:33:44.984+0000] {logging_mixin.py:151} INFO - [2026-06-19T12:33:44.984+0000] {dag.py:3722} INFO - Setting next_dagrun for pipeline_ingestion_suivi to 2026-06-19T11:00:00+00:00, run_after=2026-06-19T12:00:00+00:00
[2026-06-19T12:33:45.011+0000] {processor.py:179} INFO - Processing /opt/airflow/dags/dag_suivi.py took 0.092 seconds
[2026-06-19T12:34:15.104+0000] {processor.py:157} INFO - Started process (PID=454) to work on /opt/airflow/dags/dag_suivi.py
[2026-06-19T12:34:15.105+0000] {processor.py:829} INFO - Processing file /opt/airflow/dags/dag_suivi.py for tasks to queue
[2026-06-19T12:34:15.106+0000] {logging_mixin.py:151} INFO - [2026-06-19T12:34:15.106+0000] {dagbag.py:536} INFO - Filling up the DagBag from /opt/airflow/dags/dag_suivi.py
[2026-06-19T12:34:15.125+0000] {processor.py:839} INFO - DAG(s) dict_keys(['pipeline_ingestion_suivi']) retrieved from /opt/airflow/dags/dag_suivi.py
[2026-06-19T12:34:15.150+0000] {logging_mixin.py:151} INFO - [2026-06-19T12:34:15.149+0000] {dag.py:2941} INFO - Sync 1 DAGs
[2026-06-19T12:34:15.169+0000] {logging_mixin.py:151} INFO - [2026-06-19T12:34:15.169+0000] {dag.py:3722} INFO - Setting next_dagrun for pipeline_ingestion_suivi to 2026-06-19T11:00:00+00:00, run_after=2026-06-19T12:00:00+00:00
[2026-06-19T12:34:15.197+0000] {processor.py:179} INFO - Processing /opt/airflow/dags/dag_suivi.py took 0.096 seconds
[2026-06-19T12:34:45.352+0000] {processor.py:157} INFO - Started process (PID=459) to work on /opt/airflow/dags/dag_suivi.py
[2026-06-19T12:34:45.352+0000] {processor.py:829} INFO - Processing file /opt/airflow/dags/dag_suivi.py for tasks to queue
[2026-06-19T12:34:45.353+0000] {logging_mixin.py:151} INFO - [2026-06-19T12:34:45.353+0000] {dagbag.py:536} INFO - Filling up the DagBag from /opt/airflow/dags/dag_suivi.py
[2026-06-19T12:34:45.370+0000] {processor.py:839} INFO - DAG(s) dict_keys(['pipeline_ingestion_suivi']) retrieved from /opt/airflow/dags/dag_suivi.py
[2026-06-19T12:34:45.391+0000] {logging_mixin.py:151} INFO - [2026-06-19T12:34:45.391+0000] {dag.py:2941} INFO - Sync 1 DAGs
[2026-06-19T12:34:45.409+0000] {logging_mixin.py:151} INFO - [2026-06-19T12:34:45.409+0000] {dag.py:3722} INFO - Setting next_dagrun for pipeline_ingestion_suivi to 2026-06-19T11:00:00+00:00, run_after=2026-06-19T12:00:00+00:00
[2026-06-19T12:34:45.427+0000] {processor.py:179} INFO - Processing /opt/airflow/dags/dag_suivi.py took 0.078 seconds
[2026-06-19T12:35:15.540+0000] {processor.py:157} INFO - Started process (PID=464) to work on /opt/airflow/dags/dag_suivi.py
[2026-06-19T12:35:15.541+0000] {processor.py:829} INFO - Processing file /opt/airflow/dags/dag_suivi.py for tasks to queue
[2026-06-19T12:35:15.542+0000] {logging_mixin.py:151} INFO - [2026-06-19T12:35:15.542+0000] {dagbag.py:536} INFO - Filling up the DagBag from /opt/airflow/dags/dag_suivi.py
[2026-06-19T12:35:15.559+0000] {processor.py:839} INFO - DAG(s) dict_keys(['pipeline_ingestion_suivi']) retrieved from /opt/airflow/dags/dag_suivi.py
[2026-06-19T12:35:15.585+0000] {logging_mixin.py:151} INFO - [2026-06-19T12:35:15.584+0000] {dag.py:2941} INFO - Sync 1 DAGs
[2026-06-19T12:35:15.604+0000] {logging_mixin.py:151} INFO - [2026-06-19T12:35:15.604+0000] {dag.py:3722} INFO - Setting next_dagrun for pipeline_ingestion_suivi to 2026-06-19T11:00:00+00:00, run_after=2026-06-19T12:00:00+00:00
[2026-06-19T12:35:15.632+0000] {processor.py:179} INFO - Processing /opt/airflow/dags/dag_suivi.py took 0.094 seconds
[2026-06-19T12:35:45.817+0000] {processor.py:157} INFO - Started process (PID=469) to work on /opt/airflow/dags/dag_suivi.py
[2026-06-19T12:35:45.818+0000] {processor.py:829} INFO - Processing file /opt/airflow/dags/dag_suivi.py for tasks to queue
[2026-06-19T12:35:45.819+0000] {logging_mixin.py:151} INFO - [2026-06-19T12:35:45.818+0000] {dagbag.py:536} INFO - Filling up the DagBag from /opt/airflow/dags/dag_suivi.py
[2026-06-19T12:35:45.839+0000] {processor.py:839} INFO - DAG(s) dict_keys(['pipeline_ingestion_suivi']) retrieved from /opt/airflow/dags/dag_suivi.py
[2026-06-19T12:35:45.866+0000] {logging_mixin.py:151} INFO - [2026-06-19T12:35:45.866+0000] {dag.py:2941} INFO - Sync 1 DAGs
[2026-06-19T12:35:45.886+0000] {logging_mixin.py:151} INFO - [2026-06-19T12:35:45.886+0000] {dag.py:3722} INFO - Setting next_dagrun for pipeline_ingestion_suivi to 2026-06-19T11:00:00+00:00, run_after=2026-06-19T12:00:00+00:00
[2026-06-19T12:35:45.914+0000] {processor.py:179} INFO - Processing /opt/airflow/dags/dag_suivi.py took 0.102 seconds
[2026-06-19T12:36:15.997+0000] {processor.py:157} INFO - Started process (PID=474) to work on /opt/airflow/dags/dag_suivi.py
[2026-06-19T12:36:15.998+0000] {processor.py:829} INFO - Processing file /opt/airflow/dags/dag_suivi.py for tasks to queue
[2026-06-19T12:36:15.998+0000] {logging_mixin.py:151} INFO - [2026-06-19T12:36:15.998+0000] {dagbag.py:536} INFO - Filling up the DagBag from /opt/airflow/dags/dag_suivi.py
[2026-06-19T12:36:16.015+0000] {processor.py:839} INFO - DAG(s) dict_keys(['pipeline_ingestion_suivi']) retrieved from /opt/airflow/dags/dag_suivi.py
[2026-06-19T12:36:16.040+0000] {logging_mixin.py:151} INFO - [2026-06-19T12:36:16.040+0000] {dag.py:2941} INFO - Sync 1 DAGs
[2026-06-19T12:36:16.061+0000] {logging_mixin.py:151} INFO - [2026-06-19T12:36:16.061+0000] {dag.py:3722} INFO - Setting next_dagrun for pipeline_ingestion_suivi to 2026-06-19T11:00:00+00:00, run_after=2026-06-19T12:00:00+00:00
[2026-06-19T12:36:16.080+0000] {processor.py:179} INFO - Processing /opt/airflow/dags/dag_suivi.py took 0.086 seconds
[2026-06-19T12:36:46.270+0000] {processor.py:157} INFO - Started process (PID=479) to work on /opt/airflow/dags/dag_suivi.py
[2026-06-19T12:36:46.270+0000] {processor.py:829} INFO - Processing file /opt/airflow/dags/dag_suivi.py for tasks to queue
[2026-06-19T12:36:46.271+0000] {logging_mixin.py:151} INFO - [2026-06-19T12:36:46.271+0000] {dagbag.py:536} INFO - Filling up the DagBag from /opt/airflow/dags/dag_suivi.py
[2026-06-19T12:36:46.286+0000] {processor.py:839} INFO - DAG(s) dict_keys(['pipeline_ingestion_suivi']) retrieved from /opt/airflow/dags/dag_suivi.py
[2026-06-19T12:36:46.311+0000] {logging_mixin.py:151} INFO - [2026-06-19T12:36:46.311+0000] {dag.py:2941} INFO - Sync 1 DAGs
[2026-06-19T12:36:46.329+0000] {logging_mixin.py:151} INFO - [2026-06-19T12:36:46.329+0000] {dag.py:3722} INFO - Setting next_dagrun for pipeline_ingestion_suivi to 2026-06-19T11:00:00+00:00, run_after=2026-06-19T12:00:00+00:00
[2026-06-19T12:36:46.352+0000] {processor.py:179} INFO - Processing /opt/airflow/dags/dag_suivi.py took 0.086 seconds
[2026-06-19T12:37:16.449+0000] {processor.py:157} INFO - Started process (PID=484) to work on /opt/airflow/dags/dag_suivi.py
[2026-06-19T12:37:16.450+0000] {processor.py:829} INFO - Processing file /opt/airflow/dags/dag_suivi.py for tasks to queue
[2026-06-19T12:37:16.451+0000] {logging_mixin.py:151} INFO - [2026-06-19T12:37:16.450+0000] {dagbag.py:536} INFO - Filling up the DagBag from /opt/airflow/dags/dag_suivi.py
[2026-06-19T12:37:16.472+0000] {processor.py:839} INFO - DAG(s) dict_keys(['pipeline_ingestion_suivi']) retrieved from /opt/airflow/dags/dag_suivi.py
[2026-06-19T12:37:16.499+0000] {logging_mixin.py:151} INFO - [2026-06-19T12:37:16.499+0000] {dag.py:2941} INFO - Sync 1 DAGs
[2026-06-19T12:37:16.519+0000] {logging_mixin.py:151} INFO - [2026-06-19T12:37:16.519+0000] {dag.py:3722} INFO - Setting next_dagrun for pipeline_ingestion_suivi to 2026-06-19T11:00:00+00:00, run_after=2026-06-19T12:00:00+00:00
[2026-06-19T12:37:16.539+0000] {processor.py:179} INFO - Processing /opt/airflow/dags/dag_suivi.py took 0.095 seconds
[2026-06-19T12:37:46.690+0000] {processor.py:157} INFO - Started process (PID=489) to work on /opt/airflow/dags/dag_suivi.py
[2026-06-19T12:37:46.691+0000] {processor.py:829} INFO - Processing file /opt/airflow/dags/dag_suivi.py for tasks to queue
[2026-06-19T12:37:46.692+0000] {logging_mixin.py:151} INFO - [2026-06-19T12:37:46.692+0000] {dagbag.py:536} INFO - Filling up the DagBag from /opt/airflow/dags/dag_suivi.py
[2026-06-19T12:37:46.709+0000] {processor.py:839} INFO - DAG(s) dict_keys(['pipeline_ingestion_suivi']) retrieved from /opt/airflow/dags/dag_suivi.py
[2026-06-19T12:37:46.733+0000] {logging_mixin.py:151} INFO - [2026-06-19T12:37:46.733+0000] {dag.py:2941} INFO - Sync 1 DAGs
[2026-06-19T12:37:46.751+0000] {logging_mixin.py:151} INFO - [2026-06-19T12:37:46.751+0000] {dag.py:3722} INFO - Setting next_dagrun for pipeline_ingestion_suivi to 2026-06-19T11:00:00+00:00, run_after=2026-06-19T12:00:00+00:00
[2026-06-19T12:37:46.769+0000] {processor.py:179} INFO - Processing /opt/airflow/dags/dag_suivi.py took 0.082 seconds
[2026-06-19T12:38:16.879+0000] {processor.py:157} INFO - Started process (PID=494) to work on /opt/airflow/dags/dag_suivi.py
[2026-06-19T12:38:16.880+0000] {processor.py:829} INFO - Processing file /opt/airflow/dags/dag_suivi.py for tasks to queue
[2026-06-19T12:38:16.881+0000] {logging_mixin.py:151} INFO - [2026-06-19T12:38:16.881+0000] {dagbag.py:536} INFO - Filling up the DagBag from /opt/airflow/dags/dag_suivi.py
[2026-06-19T12:38:16.899+0000] {processor.py:839} INFO - DAG(s) dict_keys(['pipeline_ingestion_suivi']) retrieved from /opt/airflow/dags/dag_suivi.py
[2026-06-19T12:38:16.924+0000] {logging_mixin.py:151} INFO - [2026-06-19T12:38:16.924+0000] {dag.py:2941} INFO - Sync 1 DAGs
[2026-06-19T12:38:16.943+0000] {logging_mixin.py:151} INFO - [2026-06-19T12:38:16.943+0000] {dag.py:3722} INFO - Setting next_dagrun for pipeline_ingestion_suivi to 2026-06-19T11:00:00+00:00, run_after=2026-06-19T12:00:00+00:00
[2026-06-19T12:38:16.964+0000] {processor.py:179} INFO - Processing /opt/airflow/dags/dag_suivi.py took 0.088 seconds
[2026-06-19T12:38:47.156+0000] {processor.py:157} INFO - Started process (PID=499) to work on /opt/airflow/dags/dag_suivi.py
[2026-06-19T12:38:47.156+0000] {processor.py:829} INFO - Processing file /opt/airflow/dags/dag_suivi.py for tasks to queue
[2026-06-19T12:38:47.157+0000] {logging_mixin.py:151} INFO - [2026-06-19T12:38:47.157+0000] {dagbag.py:536} INFO - Filling up the DagBag from /opt/airflow/dags/dag_suivi.py
[2026-06-19T12:38:47.173+0000] {processor.py:839} INFO - DAG(s) dict_keys(['pipeline_ingestion_suivi']) retrieved from /opt/airflow/dags/dag_suivi.py
[2026-06-19T12:38:47.196+0000] {logging_mixin.py:151} INFO - [2026-06-19T12:38:47.196+0000] {dag.py:2941} INFO - Sync 1 DAGs
[2026-06-19T12:38:47.216+0000] {logging_mixin.py:151} INFO - [2026-06-19T12:38:47.216+0000] {dag.py:3722} INFO - Setting next_dagrun for pipeline_ingestion_suivi to 2026-06-19T11:00:00+00:00, run_after=2026-06-19T12:00:00+00:00
[2026-06-19T12:38:47.236+0000] {processor.py:179} INFO - Processing /opt/airflow/dags/dag_suivi.py took 0.083 seconds
[2026-06-19T12:39:17.368+0000] {processor.py:157} INFO - Started process (PID=504) to work on /opt/airflow/dags/dag_suivi.py
[2026-06-19T12:39:17.369+0000] {processor.py:829} INFO - Processing file /opt/airflow/dags/dag_suivi.py for tasks to queue
[2026-06-19T12:39:17.370+0000] {logging_mixin.py:151} INFO - [2026-06-19T12:39:17.370+0000] {dagbag.py:536} INFO - Filling up the DagBag from /opt/airflow/dags/dag_suivi.py
[2026-06-19T12:39:17.406+0000] {processor.py:839} INFO - DAG(s) dict_keys(['pipeline_ingestion_suivi']) retrieved from /opt/airflow/dags/dag_suivi.py
[2026-06-19T12:39:17.447+0000] {logging_mixin.py:151} INFO - [2026-06-19T12:39:17.447+0000] {dag.py:2941} INFO - Sync 1 DAGs
[2026-06-19T12:39:17.488+0000] {logging_mixin.py:151} INFO - [2026-06-19T12:39:17.488+0000] {dag.py:3722} INFO - Setting next_dagrun for pipeline_ingestion_suivi to 2026-06-19T11:00:00+00:00, run_after=2026-06-19T12:00:00+00:00
[2026-06-19T12:39:17.516+0000] {processor.py:179} INFO - Processing /opt/airflow/dags/dag_suivi.py took 0.154 seconds
[2026-06-19T12:39:47.609+0000] {processor.py:157} INFO - Started process (PID=509) to work on /opt/airflow/dags/dag_suivi.py
[2026-06-19T12:39:47.610+0000] {processor.py:829} INFO - Processing file /opt/airflow/dags/dag_suivi.py for tasks to queue
[2026-06-19T12:39:47.611+0000] {logging_mixin.py:151} INFO - [2026-06-19T12:39:47.610+0000] {dagbag.py:536} INFO - Filling up the DagBag from /opt/airflow/dags/dag_suivi.py
[2026-06-19T12:39:47.633+0000] {processor.py:839} INFO - DAG(s) dict_keys(['pipeline_ingestion_suivi']) retrieved from /opt/airflow/dags/dag_suivi.py
[2026-06-19T12:39:47.669+0000] {logging_mixin.py:151} INFO - [2026-06-19T12:39:47.669+0000] {dag.py:2941} INFO - Sync 1 DAGs
[2026-06-19T12:39:47.689+0000] {logging_mixin.py:151} INFO - [2026-06-19T12:39:47.689+0000] {dag.py:3722} INFO - Setting next_dagrun for pipeline_ingestion_suivi to 2026-06-19T11:00:00+00:00, run_after=2026-06-19T12:00:00+00:00
[2026-06-19T12:39:47.710+0000] {processor.py:179} INFO - Processing /opt/airflow/dags/dag_suivi.py took 0.105 seconds
[2026-06-19T12:40:17.883+0000] {processor.py:157} INFO - Started process (PID=514) to work on /opt/airflow/dags/dag_suivi.py
[2026-06-19T12:40:17.884+0000] {processor.py:829} INFO - Processing file /opt/airflow/dags/dag_suivi.py for tasks to queue
[2026-06-19T12:40:17.884+0000] {logging_mixin.py:151} INFO - [2026-06-19T12:40:17.884+0000] {dagbag.py:536} INFO - Filling up the DagBag from /opt/airflow/dags/dag_suivi.py
[2026-06-19T12:40:17.901+0000] {processor.py:839} INFO - DAG(s) dict_keys(['pipeline_ingestion_suivi']) retrieved from /opt/airflow/dags/dag_suivi.py
[2026-06-19T12:40:17.926+0000] {logging_mixin.py:151} INFO - [2026-06-19T12:40:17.926+0000] {dag.py:2941} INFO - Sync 1 DAGs
[2026-06-19T12:40:17.945+0000] {logging_mixin.py:151} INFO - [2026-06-19T12:40:17.945+0000] {dag.py:3722} INFO - Setting next_dagrun for pipeline_ingestion_suivi to 2026-06-19T11:00:00+00:00, run_after=2026-06-19T12:00:00+00:00
[2026-06-19T12:40:17.972+0000] {processor.py:179} INFO - Processing /opt/airflow/dags/dag_suivi.py took 0.092 seconds
[2026-06-19T12:40:48.101+0000] {processor.py:157} INFO - Started process (PID=519) to work on /opt/airflow/dags/dag_suivi.py
[2026-06-19T12:40:48.102+0000] {processor.py:829} INFO - Processing file /opt/airflow/dags/dag_suivi.py for tasks to queue
[2026-06-19T12:40:48.103+0000] {logging_mixin.py:151} INFO - [2026-06-19T12:40:48.103+0000] {dagbag.py:536} INFO - Filling up the DagBag from /opt/airflow/dags/dag_suivi.py
[2026-06-19T12:40:48.121+0000] {processor.py:839} INFO - DAG(s) dict_keys(['pipeline_ingestion_suivi']) retrieved from /opt/airflow/dags/dag_suivi.py
[2026-06-19T12:40:48.148+0000] {logging_mixin.py:151} INFO - [2026-06-19T12:40:48.148+0000] {dag.py:2941} INFO - Sync 1 DAGs
[2026-06-19T12:40:48.169+0000] {logging_mixin.py:151} INFO - [2026-06-19T12:40:48.169+0000] {dag.py:3722} INFO - Setting next_dagrun for pipeline_ingestion_suivi to 2026-06-19T11:00:00+00:00, run_after=2026-06-19T12:00:00+00:00
[2026-06-19T12:40:48.188+0000] {processor.py:179} INFO - Processing /opt/airflow/dags/dag_suivi.py took 0.090 seconds
[2026-06-19T12:41:18.329+0000] {processor.py:157} INFO - Started process (PID=524) to work on /opt/airflow/dags/dag_suivi.py
[2026-06-19T12:41:18.330+0000] {processor.py:829} INFO - Processing file /opt/airflow/dags/dag_suivi.py for tasks to queue
[2026-06-19T12:41:18.330+0000] {logging_mixin.py:151} INFO - [2026-06-19T12:41:18.330+0000] {dagbag.py:536} INFO - Filling up the DagBag from /opt/airflow/dags/dag_suivi.py
[2026-06-19T12:41:18.350+0000] {processor.py:839} INFO - DAG(s) dict_keys(['pipeline_ingestion_suivi']) retrieved from /opt/airflow/dags/dag_suivi.py
[2026-06-19T12:41:18.376+0000] {logging_mixin.py:151} INFO - [2026-06-19T12:41:18.376+0000] {dag.py:2941} INFO - Sync 1 DAGs
[2026-06-19T12:41:18.395+0000] {logging_mixin.py:151} INFO - [2026-06-19T12:41:18.395+0000] {dag.py:3722} INFO - Setting next_dagrun for pipeline_ingestion_suivi to 2026-06-19T11:00:00+00:00, run_after=2026-06-19T12:00:00+00:00
[2026-06-19T12:41:18.415+0000] {processor.py:179} INFO - Processing /opt/airflow/dags/dag_suivi.py took 0.090 seconds
[2026-06-19T12:41:48.518+0000] {processor.py:157} INFO - Started process (PID=529) to work on /opt/airflow/dags/dag_suivi.py
[2026-06-19T12:41:48.519+0000] {processor.py:829} INFO - Processing file /opt/airflow/dags/dag_suivi.py for tasks to queue
[2026-06-19T12:41:48.520+0000] {logging_mixin.py:151} INFO - [2026-06-19T12:41:48.520+0000] {dagbag.py:536} INFO - Filling up the DagBag from /opt/airflow/dags/dag_suivi.py
[2026-06-19T12:41:48.537+0000] {processor.py:839} INFO - DAG(s) dict_keys(['pipeline_ingestion_suivi']) retrieved from /opt/airflow/dags/dag_suivi.py
[2026-06-19T12:41:48.566+0000] {logging_mixin.py:151} INFO - [2026-06-19T12:41:48.566+0000] {dag.py:2941} INFO - Sync 1 DAGs
[2026-06-19T12:41:48.587+0000] {logging_mixin.py:151} INFO - [2026-06-19T12:41:48.587+0000] {dag.py:3722} INFO - Setting next_dagrun for pipeline_ingestion_suivi to 2026-06-19T11:00:00+00:00, run_after=2026-06-19T12:00:00+00:00
[2026-06-19T12:41:48.606+0000] {processor.py:179} INFO - Processing /opt/airflow/dags/dag_suivi.py took 0.090 seconds
[2026-06-19T12:42:18.767+0000] {processor.py:157} INFO - Started process (PID=534) to work on /opt/airflow/dags/dag_suivi.py
[2026-06-19T12:42:18.768+0000] {processor.py:829} INFO - Processing file /opt/airflow/dags/dag_suivi.py for tasks to queue
[2026-06-19T12:42:18.769+0000] {logging_mixin.py:151} INFO - [2026-06-19T12:42:18.769+0000] {dagbag.py:536} INFO - Filling up the DagBag from /opt/airflow/dags/dag_suivi.py
[2026-06-19T12:42:18.786+0000] {processor.py:839} INFO - DAG(s) dict_keys(['pipeline_ingestion_suivi']) retrieved from /opt/airflow/dags/dag_suivi.py
[2026-06-19T12:42:18.811+0000] {logging_mixin.py:151} INFO - [2026-06-19T12:42:18.811+0000] {dag.py:2941} INFO - Sync 1 DAGs
[2026-06-19T12:42:18.830+0000] {logging_mixin.py:151} INFO - [2026-06-19T12:42:18.830+0000] {dag.py:3722} INFO - Setting next_dagrun for pipeline_ingestion_suivi to 2026-06-19T11:00:00+00:00, run_after=2026-06-19T12:00:00+00:00
[2026-06-19T12:42:18.858+0000] {processor.py:179} INFO - Processing /opt/airflow/dags/dag_suivi.py took 0.093 seconds
[2026-06-19T12:42:48.995+0000] {processor.py:157} INFO - Started process (PID=539) to work on /opt/airflow/dags/dag_suivi.py
[2026-06-19T12:42:48.996+0000] {processor.py:829} INFO - Processing file /opt/airflow/dags/dag_suivi.py for tasks to queue
[2026-06-19T12:42:48.997+0000] {logging_mixin.py:151} INFO - [2026-06-19T12:42:48.997+0000] {dagbag.py:536} INFO - Filling up the DagBag from /opt/airflow/dags/dag_suivi.py
[2026-06-19T12:42:49.015+0000] {processor.py:839} INFO - DAG(s) dict_keys(['pipeline_ingestion_suivi']) retrieved from /opt/airflow/dags/dag_suivi.py
[2026-06-19T12:42:49.040+0000] {logging_mixin.py:151} INFO - [2026-06-19T12:42:49.039+0000] {dag.py:2941} INFO - Sync 1 DAGs
[2026-06-19T12:42:49.057+0000] {logging_mixin.py:151} INFO - [2026-06-19T12:42:49.057+0000] {dag.py:3722} INFO - Setting next_dagrun for pipeline_ingestion_suivi to 2026-06-19T11:00:00+00:00, run_after=2026-06-19T12:00:00+00:00
[2026-06-19T12:42:49.085+0000] {processor.py:179} INFO - Processing /opt/airflow/dags/dag_suivi.py took 0.093 seconds
[2026-06-19T12:43:19.195+0000] {processor.py:157} INFO - Started process (PID=544) to work on /opt/airflow/dags/dag_suivi.py
[2026-06-19T12:43:19.196+0000] {processor.py:829} INFO - Processing file /opt/airflow/dags/dag_suivi.py for tasks to queue
[2026-06-19T12:43:19.197+0000] {logging_mixin.py:151} INFO - [2026-06-19T12:43:19.197+0000] {dagbag.py:536} INFO - Filling up the DagBag from /opt/airflow/dags/dag_suivi.py
[2026-06-19T12:43:19.214+0000] {processor.py:839} INFO - DAG(s) dict_keys(['pipeline_ingestion_suivi']) retrieved from /opt/airflow/dags/dag_suivi.py
[2026-06-19T12:43:19.240+0000] {logging_mixin.py:151} INFO - [2026-06-19T12:43:19.240+0000] {dag.py:2941} INFO - Sync 1 DAGs
[2026-06-19T12:43:19.258+0000] {logging_mixin.py:151} INFO - [2026-06-19T12:43:19.258+0000] {dag.py:3722} INFO - Setting next_dagrun for pipeline_ingestion_suivi to 2026-06-19T11:00:00+00:00, run_after=2026-06-19T12:00:00+00:00
[2026-06-19T12:43:19.287+0000] {processor.py:179} INFO - Processing /opt/airflow/dags/dag_suivi.py took 0.095 seconds
[2026-06-19T12:43:49.407+0000] {processor.py:157} INFO - Started process (PID=549) to work on /opt/airflow/dags/dag_suivi.py
[2026-06-19T12:43:49.408+0000] {processor.py:829} INFO - Processing file /opt/airflow/dags/dag_suivi.py for tasks to queue
[2026-06-19T12:43:49.409+0000] {logging_mixin.py:151} INFO - [2026-06-19T12:43:49.408+0000] {dagbag.py:536} INFO - Filling up the DagBag from /opt/airflow/dags/dag_suivi.py
[2026-06-19T12:43:49.425+0000] {processor.py:839} INFO - DAG(s) dict_keys(['pipeline_ingestion_suivi']) retrieved from /opt/airflow/dags/dag_suivi.py
[2026-06-19T12:43:49.459+0000] {logging_mixin.py:151} INFO - [2026-06-19T12:43:49.458+0000] {dag.py:2941} INFO - Sync 1 DAGs
[2026-06-19T12:43:49.476+0000] {logging_mixin.py:151} INFO - [2026-06-19T12:43:49.476+0000] {dag.py:3722} INFO - Setting next_dagrun for pipeline_ingestion_suivi to 2026-06-19T11:00:00+00:00, run_after=2026-06-19T12:00:00+00:00
[2026-06-19T12:43:49.499+0000] {processor.py:179} INFO - Processing /opt/airflow/dags/dag_suivi.py took 0.095 seconds
[2026-06-19T12:44:19.622+0000] {processor.py:157} INFO - Started process (PID=554) to work on /opt/airflow/dags/dag_suivi.py
[2026-06-19T12:44:19.623+0000] {processor.py:829} INFO - Processing file /opt/airflow/dags/dag_suivi.py for tasks to queue
[2026-06-19T12:44:19.624+0000] {logging_mixin.py:151} INFO - [2026-06-19T12:44:19.624+0000] {dagbag.py:536} INFO - Filling up the DagBag from /opt/airflow/dags/dag_suivi.py
[2026-06-19T12:44:19.643+0000] {processor.py:839} INFO - DAG(s) dict_keys(['pipeline_ingestion_suivi']) retrieved from /opt/airflow/dags/dag_suivi.py
[2026-06-19T12:44:19.673+0000] {logging_mixin.py:151} INFO - [2026-06-19T12:44:19.673+0000] {dag.py:2941} INFO - Sync 1 DAGs
[2026-06-19T12:44:19.693+0000] {logging_mixin.py:151} INFO - [2026-06-19T12:44:19.692+0000] {dag.py:3722} INFO - Setting next_dagrun for pipeline_ingestion_suivi to 2026-06-19T11:00:00+00:00, run_after=2026-06-19T12:00:00+00:00
[2026-06-19T12:44:19.712+0000] {processor.py:179} INFO - Processing /opt/airflow/dags/dag_suivi.py took 0.093 seconds
[2026-06-19T12:44:49.856+0000] {processor.py:157} INFO - Started process (PID=559) to work on /opt/airflow/dags/dag_suivi.py
[2026-06-19T12:44:49.857+0000] {processor.py:829} INFO - Processing file /opt/airflow/dags/dag_suivi.py for tasks to queue
[2026-06-19T12:44:49.858+0000] {logging_mixin.py:151} INFO - [2026-06-19T12:44:49.857+0000] {dagbag.py:536} INFO - Filling up the DagBag from /opt/airflow/dags/dag_suivi.py
[2026-06-19T12:44:49.874+0000] {processor.py:839} INFO - DAG(s) dict_keys(['pipeline_ingestion_suivi']) retrieved from /opt/airflow/dags/dag_suivi.py
[2026-06-19T12:44:49.901+0000] {logging_mixin.py:151} INFO - [2026-06-19T12:44:49.901+0000] {dag.py:2941} INFO - Sync 1 DAGs
[2026-06-19T12:44:49.921+0000] {logging_mixin.py:151} INFO - [2026-06-19T12:44:49.921+0000] {dag.py:3722} INFO - Setting next_dagrun for pipeline_ingestion_suivi to 2026-06-19T11:00:00+00:00, run_after=2026-06-19T12:00:00+00:00
[2026-06-19T12:44:49.942+0000] {processor.py:179} INFO - Processing /opt/airflow/dags/dag_suivi.py took 0.089 seconds
[2026-06-19T12:45:20.066+0000] {processor.py:157} INFO - Started process (PID=564) to work on /opt/airflow/dags/dag_suivi.py
[2026-06-19T12:45:20.066+0000] {processor.py:829} INFO - Processing file /opt/airflow/dags/dag_suivi.py for tasks to queue
[2026-06-19T12:45:20.067+0000] {logging_mixin.py:151} INFO - [2026-06-19T12:45:20.067+0000] {dagbag.py:536} INFO - Filling up the DagBag from /opt/airflow/dags/dag_suivi.py
[2026-06-19T12:45:20.086+0000] {processor.py:839} INFO - DAG(s) dict_keys(['pipeline_ingestion_suivi']) retrieved from /opt/airflow/dags/dag_suivi.py
[2026-06-19T12:45:20.114+0000] {logging_mixin.py:151} INFO - [2026-06-19T12:45:20.114+0000] {dag.py:2941} INFO - Sync 1 DAGs
[2026-06-19T12:45:20.136+0000] {logging_mixin.py:151} INFO - [2026-06-19T12:45:20.136+0000] {dag.py:3722} INFO - Setting next_dagrun for pipeline_ingestion_suivi to 2026-06-19T11:00:00+00:00, run_after=2026-06-19T12:00:00+00:00
[2026-06-19T12:45:20.155+0000] {processor.py:179} INFO - Processing /opt/airflow/dags/dag_suivi.py took 0.092 seconds
[2026-06-19T12:45:50.323+0000] {processor.py:157} INFO - Started process (PID=569) to work on /opt/airflow/dags/dag_suivi.py
[2026-06-19T12:45:50.324+0000] {processor.py:829} INFO - Processing file /opt/airflow/dags/dag_suivi.py for tasks to queue
[2026-06-19T12:45:50.325+0000] {logging_mixin.py:151} INFO - [2026-06-19T12:45:50.325+0000] {dagbag.py:536} INFO - Filling up the DagBag from /opt/airflow/dags/dag_suivi.py
[2026-06-19T12:45:50.347+0000] {processor.py:839} INFO - DAG(s) dict_keys(['pipeline_ingestion_suivi']) retrieved from /opt/airflow/dags/dag_suivi.py
[2026-06-19T12:45:50.376+0000] {logging_mixin.py:151} INFO - [2026-06-19T12:45:50.375+0000] {dag.py:2941} INFO - Sync 1 DAGs
[2026-06-19T12:45:50.397+0000] {logging_mixin.py:151} INFO - [2026-06-19T12:45:50.396+0000] {dag.py:3722} INFO - Setting next_dagrun for pipeline_ingestion_suivi to 2026-06-19T11:00:00+00:00, run_after=2026-06-19T12:00:00+00:00
[2026-06-19T12:45:50.416+0000] {processor.py:179} INFO - Processing /opt/airflow/dags/dag_suivi.py took 0.097 seconds
[2026-06-19T12:46:20.508+0000] {processor.py:157} INFO - Started process (PID=574) to work on /opt/airflow/dags/dag_suivi.py
[2026-06-19T12:46:20.509+0000] {processor.py:829} INFO - Processing file /opt/airflow/dags/dag_suivi.py for tasks to queue
[2026-06-19T12:46:20.510+0000] {logging_mixin.py:151} INFO - [2026-06-19T12:46:20.510+0000] {dagbag.py:536} INFO - Filling up the DagBag from /opt/airflow/dags/dag_suivi.py
[2026-06-19T12:46:20.532+0000] {processor.py:839} INFO - DAG(s) dict_keys(['pipeline_ingestion_suivi']) retrieved from /opt/airflow/dags/dag_suivi.py
[2026-06-19T12:46:20.560+0000] {logging_mixin.py:151} INFO - [2026-06-19T12:46:20.560+0000] {dag.py:2941} INFO - Sync 1 DAGs
[2026-06-19T12:46:20.579+0000] {logging_mixin.py:151} INFO - [2026-06-19T12:46:20.579+0000] {dag.py:3722} INFO - Setting next_dagrun for pipeline_ingestion_suivi to 2026-06-19T11:00:00+00:00, run_after=2026-06-19T12:00:00+00:00
[2026-06-19T12:46:20.607+0000] {processor.py:179} INFO - Processing /opt/airflow/dags/dag_suivi.py took 0.103 seconds
[2026-06-19T12:46:50.776+0000] {processor.py:157} INFO - Started process (PID=579) to work on /opt/airflow/dags/dag_suivi.py
[2026-06-19T12:46:50.777+0000] {processor.py:829} INFO - Processing file /opt/airflow/dags/dag_suivi.py for tasks to queue
[2026-06-19T12:46:50.778+0000] {logging_mixin.py:151} INFO - [2026-06-19T12:46:50.778+0000] {dagbag.py:536} INFO - Filling up the DagBag from /opt/airflow/dags/dag_suivi.py
[2026-06-19T12:46:50.796+0000] {processor.py:839} INFO - DAG(s) dict_keys(['pipeline_ingestion_suivi']) retrieved from /opt/airflow/dags/dag_suivi.py
[2026-06-19T12:46:50.821+0000] {logging_mixin.py:151} INFO - [2026-06-19T12:46:50.821+0000] {dag.py:2941} INFO - Sync 1 DAGs
[2026-06-19T12:46:50.839+0000] {logging_mixin.py:151} INFO - [2026-06-19T12:46:50.839+0000] {dag.py:3722} INFO - Setting next_dagrun for pipeline_ingestion_suivi to 2026-06-19T11:00:00+00:00, run_after=2026-06-19T12:00:00+00:00
[2026-06-19T12:46:50.869+0000] {processor.py:179} INFO - Processing /opt/airflow/dags/dag_suivi.py took 0.095 seconds
[2026-06-19T12:47:20.987+0000] {processor.py:157} INFO - Started process (PID=584) to work on /opt/airflow/dags/dag_suivi.py
[2026-06-19T12:47:20.987+0000] {processor.py:829} INFO - Processing file /opt/airflow/dags/dag_suivi.py for tasks to queue
[2026-06-19T12:47:20.988+0000] {logging_mixin.py:151} INFO - [2026-06-19T12:47:20.988+0000] {dagbag.py:536} INFO - Filling up the DagBag from /opt/airflow/dags/dag_suivi.py
[2026-06-19T12:47:21.007+0000] {processor.py:839} INFO - DAG(s) dict_keys(['pipeline_ingestion_suivi']) retrieved from /opt/airflow/dags/dag_suivi.py
[2026-06-19T12:47:21.036+0000] {logging_mixin.py:151} INFO - [2026-06-19T12:47:21.036+0000] {dag.py:2941} INFO - Sync 1 DAGs
[2026-06-19T12:47:21.059+0000] {logging_mixin.py:151} INFO - [2026-06-19T12:47:21.059+0000] {dag.py:3722} INFO - Setting next_dagrun for pipeline_ingestion_suivi to 2026-06-19T11:00:00+00:00, run_after=2026-06-19T12:00:00+00:00
[2026-06-19T12:47:21.078+0000] {processor.py:179} INFO - Processing /opt/airflow/dags/dag_suivi.py took 0.094 seconds
[2026-06-19T12:47:51.283+0000] {processor.py:157} INFO - Started process (PID=589) to work on /opt/airflow/dags/dag_suivi.py
[2026-06-19T12:47:51.283+0000] {processor.py:829} INFO - Processing file /opt/airflow/dags/dag_suivi.py for tasks to queue
[2026-06-19T12:47:51.284+0000] {logging_mixin.py:151} INFO - [2026-06-19T12:47:51.284+0000] {dagbag.py:536} INFO - Filling up the DagBag from /opt/airflow/dags/dag_suivi.py
[2026-06-19T12:47:51.304+0000] {processor.py:839} INFO - DAG(s) dict_keys(['pipeline_ingestion_suivi']) retrieved from /opt/airflow/dags/dag_suivi.py
[2026-06-19T12:47:51.330+0000] {logging_mixin.py:151} INFO - [2026-06-19T12:47:51.330+0000] {dag.py:2941} INFO - Sync 1 DAGs
[2026-06-19T12:47:51.354+0000] {logging_mixin.py:151} INFO - [2026-06-19T12:47:51.354+0000] {dag.py:3722} INFO - Setting next_dagrun for pipeline_ingestion_suivi to 2026-06-19T11:00:00+00:00, run_after=2026-06-19T12:00:00+00:00
[2026-06-19T12:47:51.378+0000] {processor.py:179} INFO - Processing /opt/airflow/dags/dag_suivi.py took 0.097 seconds
[2026-06-19T12:48:21.475+0000] {processor.py:157} INFO - Started process (PID=594) to work on /opt/airflow/dags/dag_suivi.py
[2026-06-19T12:48:21.476+0000] {processor.py:829} INFO - Processing file /opt/airflow/dags/dag_suivi.py for tasks to queue
[2026-06-19T12:48:21.477+0000] {logging_mixin.py:151} INFO - [2026-06-19T12:48:21.477+0000] {dagbag.py:536} INFO - Filling up the DagBag from /opt/airflow/dags/dag_suivi.py
[2026-06-19T12:48:21.497+0000] {processor.py:839} INFO - DAG(s) dict_keys(['pipeline_ingestion_suivi']) retrieved from /opt/airflow/dags/dag_suivi.py
[2026-06-19T12:48:21.525+0000] {logging_mixin.py:151} INFO - [2026-06-19T12:48:21.525+0000] {dag.py:2941} INFO - Sync 1 DAGs
[2026-06-19T12:48:21.544+0000] {logging_mixin.py:151} INFO - [2026-06-19T12:48:21.544+0000] {dag.py:3722} INFO - Setting next_dagrun for pipeline_ingestion_suivi to 2026-06-19T11:00:00+00:00, run_after=2026-06-19T12:00:00+00:00
[2026-06-19T12:48:21.564+0000] {processor.py:179} INFO - Processing /opt/airflow/dags/dag_suivi.py took 0.092 seconds
[2026-06-19T12:48:51.739+0000] {processor.py:157} INFO - Started process (PID=599) to work on /opt/airflow/dags/dag_suivi.py
[2026-06-19T12:48:51.740+0000] {processor.py:829} INFO - Processing file /opt/airflow/dags/dag_suivi.py for tasks to queue
[2026-06-19T12:48:51.740+0000] {logging_mixin.py:151} INFO - [2026-06-19T12:48:51.740+0000] {dagbag.py:536} INFO - Filling up the DagBag from /opt/airflow/dags/dag_suivi.py
[2026-06-19T12:48:51.760+0000] {processor.py:839} INFO - DAG(s) dict_keys(['pipeline_ingestion_suivi']) retrieved from /opt/airflow/dags/dag_suivi.py
[2026-06-19T12:48:51.785+0000] {logging_mixin.py:151} INFO - [2026-06-19T12:48:51.785+0000] {dag.py:2941} INFO - Sync 1 DAGs
[2026-06-19T12:48:51.803+0000] {logging_mixin.py:151} INFO - [2026-06-19T12:48:51.803+0000] {dag.py:3722} INFO - Setting next_dagrun for pipeline_ingestion_suivi to 2026-06-19T11:00:00+00:00, run_after=2026-06-19T12:00:00+00:00
[2026-06-19T12:48:51.830+0000] {processor.py:179} INFO - Processing /opt/airflow/dags/dag_suivi.py took 0.094 seconds
[2026-06-19T12:49:21.943+0000] {processor.py:157} INFO - Started process (PID=604) to work on /opt/airflow/dags/dag_suivi.py
[2026-06-19T12:49:21.943+0000] {processor.py:829} INFO - Processing file /opt/airflow/dags/dag_suivi.py for tasks to queue
[2026-06-19T12:49:21.944+0000] {logging_mixin.py:151} INFO - [2026-06-19T12:49:21.944+0000] {dagbag.py:536} INFO - Filling up the DagBag from /opt/airflow/dags/dag_suivi.py
[2026-06-19T12:49:21.966+0000] {processor.py:839} INFO - DAG(s) dict_keys(['pipeline_ingestion_suivi']) retrieved from /opt/airflow/dags/dag_suivi.py
[2026-06-19T12:49:21.995+0000] {logging_mixin.py:151} INFO - [2026-06-19T12:49:21.995+0000] {dag.py:2941} INFO - Sync 1 DAGs
[2026-06-19T12:49:22.014+0000] {logging_mixin.py:151} INFO - [2026-06-19T12:49:22.014+0000] {dag.py:3722} INFO - Setting next_dagrun for pipeline_ingestion_suivi to 2026-06-19T11:00:00+00:00, run_after=2026-06-19T12:00:00+00:00
[2026-06-19T12:49:22.043+0000] {processor.py:179} INFO - Processing /opt/airflow/dags/dag_suivi.py took 0.104 seconds
[2026-06-19T12:49:52.210+0000] {processor.py:157} INFO - Started process (PID=609) to work on /opt/airflow/dags/dag_suivi.py
[2026-06-19T12:49:52.210+0000] {processor.py:829} INFO - Processing file /opt/airflow/dags/dag_suivi.py for tasks to queue
[2026-06-19T12:49:52.211+0000] {logging_mixin.py:151} INFO - [2026-06-19T12:49:52.211+0000] {dagbag.py:536} INFO - Filling up the DagBag from /opt/airflow/dags/dag_suivi.py
[2026-06-19T12:49:52.231+0000] {processor.py:839} INFO - DAG(s) dict_keys(['pipeline_ingestion_suivi']) retrieved from /opt/airflow/dags/dag_suivi.py
[2026-06-19T12:49:52.256+0000] {logging_mixin.py:151} INFO - [2026-06-19T12:49:52.256+0000] {dag.py:2941} INFO - Sync 1 DAGs
[2026-06-19T12:49:52.276+0000] {logging_mixin.py:151} INFO - [2026-06-19T12:49:52.276+0000] {dag.py:3722} INFO - Setting next_dagrun for pipeline_ingestion_suivi to 2026-06-19T11:00:00+00:00, run_after=2026-06-19T12:00:00+00:00
[2026-06-19T12:49:52.299+0000] {processor.py:179} INFO - Processing /opt/airflow/dags/dag_suivi.py took 0.093 seconds
[2026-06-19T12:50:22.435+0000] {processor.py:157} INFO - Started process (PID=614) to work on /opt/airflow/dags/dag_suivi.py
[2026-06-19T12:50:22.437+0000] {processor.py:829} INFO - Processing file /opt/airflow/dags/dag_suivi.py for tasks to queue
[2026-06-19T12:50:22.438+0000] {logging_mixin.py:151} INFO - [2026-06-19T12:50:22.437+0000] {dagbag.py:536} INFO - Filling up the DagBag from /opt/airflow/dags/dag_suivi.py
[2026-06-19T12:50:22.464+0000] {processor.py:839} INFO - DAG(s) dict_keys(['pipeline_ingestion_suivi']) retrieved from /opt/airflow/dags/dag_suivi.py
[2026-06-19T12:50:22.495+0000] {logging_mixin.py:151} INFO - [2026-06-19T12:50:22.494+0000] {dag.py:2941} INFO - Sync 1 DAGs
[2026-06-19T12:50:22.520+0000] {logging_mixin.py:151} INFO - [2026-06-19T12:50:22.520+0000] {dag.py:3722} INFO - Setting next_dagrun for pipeline_ingestion_suivi to 2026-06-19T11:00:00+00:00, run_after=2026-06-19T12:00:00+00:00
[2026-06-19T12:50:22.543+0000] {processor.py:179} INFO - Processing /opt/airflow/dags/dag_suivi.py took 0.112 seconds
[2026-06-19T12:50:52.687+0000] {processor.py:157} INFO - Started process (PID=619) to work on /opt/airflow/dags/dag_suivi.py
[2026-06-19T12:50:52.688+0000] {processor.py:829} INFO - Processing file /opt/airflow/dags/dag_suivi.py for tasks to queue
[2026-06-19T12:50:52.689+0000] {logging_mixin.py:151} INFO - [2026-06-19T12:50:52.688+0000] {dagbag.py:536} INFO - Filling up the DagBag from /opt/airflow/dags/dag_suivi.py
[2026-06-19T12:50:52.709+0000] {processor.py:839} INFO - DAG(s) dict_keys(['pipeline_ingestion_suivi']) retrieved from /opt/airflow/dags/dag_suivi.py
[2026-06-19T12:50:52.734+0000] {logging_mixin.py:151} INFO - [2026-06-19T12:50:52.734+0000] {dag.py:2941} INFO - Sync 1 DAGs
[2026-06-19T12:50:52.753+0000] {logging_mixin.py:151} INFO - [2026-06-19T12:50:52.753+0000] {dag.py:3722} INFO - Setting next_dagrun for pipeline_ingestion_suivi to 2026-06-19T11:00:00+00:00, run_after=2026-06-19T12:00:00+00:00
[2026-06-19T12:50:52.773+0000] {processor.py:179} INFO - Processing /opt/airflow/dags/dag_suivi.py took 0.089 seconds
[2026-06-19T12:51:22.925+0000] {processor.py:157} INFO - Started process (PID=624) to work on /opt/airflow/dags/dag_suivi.py
[2026-06-19T12:51:22.926+0000] {processor.py:829} INFO - Processing file /opt/airflow/dags/dag_suivi.py for tasks to queue
[2026-06-19T12:51:22.927+0000] {logging_mixin.py:151} INFO - [2026-06-19T12:51:22.927+0000] {dagbag.py:536} INFO - Filling up the DagBag from /opt/airflow/dags/dag_suivi.py
[2026-06-19T12:51:22.946+0000] {processor.py:839} INFO - DAG(s) dict_keys(['pipeline_ingestion_suivi']) retrieved from /opt/airflow/dags/dag_suivi.py
[2026-06-19T12:51:22.973+0000] {logging_mixin.py:151} INFO - [2026-06-19T12:51:22.973+0000] {dag.py:2941} INFO - Sync 1 DAGs
[2026-06-19T12:51:22.995+0000] {logging_mixin.py:151} INFO - [2026-06-19T12:51:22.995+0000] {dag.py:3722} INFO - Setting next_dagrun for pipeline_ingestion_suivi to 2026-06-19T11:00:00+00:00, run_after=2026-06-19T12:00:00+00:00
[2026-06-19T12:51:23.015+0000] {processor.py:179} INFO - Processing /opt/airflow/dags/dag_suivi.py took 0.093 seconds
[2026-06-19T12:51:53.145+0000] {processor.py:157} INFO - Started process (PID=629) to work on /opt/airflow/dags/dag_suivi.py
[2026-06-19T12:51:53.146+0000] {processor.py:829} INFO - Processing file /opt/airflow/dags/dag_suivi.py for tasks to queue
[2026-06-19T12:51:53.146+0000] {logging_mixin.py:151} INFO - [2026-06-19T12:51:53.146+0000] {dagbag.py:536} INFO - Filling up the DagBag from /opt/airflow/dags/dag_suivi.py
[2026-06-19T12:51:53.166+0000] {processor.py:839} INFO - DAG(s) dict_keys(['pipeline_ingestion_suivi']) retrieved from /opt/airflow/dags/dag_suivi.py
[2026-06-19T12:51:53.193+0000] {logging_mixin.py:151} INFO - [2026-06-19T12:51:53.193+0000] {dag.py:2941} INFO - Sync 1 DAGs
[2026-06-19T12:51:53.212+0000] {logging_mixin.py:151} INFO - [2026-06-19T12:51:53.212+0000] {dag.py:3722} INFO - Setting next_dagrun for pipeline_ingestion_suivi to 2026-06-19T11:00:00+00:00, run_after=2026-06-19T12:00:00+00:00
[2026-06-19T12:51:53.233+0000] {processor.py:179} INFO - Processing /opt/airflow/dags/dag_suivi.py took 0.091 seconds
[2026-06-19T12:52:23.409+0000] {processor.py:157} INFO - Started process (PID=634) to work on /opt/airflow/dags/dag_suivi.py
[2026-06-19T12:52:23.410+0000] {processor.py:829} INFO - Processing file /opt/airflow/dags/dag_suivi.py for tasks to queue
[2026-06-19T12:52:23.410+0000] {logging_mixin.py:151} INFO - [2026-06-19T12:52:23.410+0000] {dagbag.py:536} INFO - Filling up the DagBag from /opt/airflow/dags/dag_suivi.py
[2026-06-19T12:52:23.431+0000] {processor.py:839} INFO - DAG(s) dict_keys(['pipeline_ingestion_suivi']) retrieved from /opt/airflow/dags/dag_suivi.py
[2026-06-19T12:52:23.458+0000] {logging_mixin.py:151} INFO - [2026-06-19T12:52:23.457+0000] {dag.py:2941} INFO - Sync 1 DAGs
[2026-06-19T12:52:23.479+0000] {logging_mixin.py:151} INFO - [2026-06-19T12:52:23.479+0000] {dag.py:3722} INFO - Setting next_dagrun for pipeline_ingestion_suivi to 2026-06-19T11:00:00+00:00, run_after=2026-06-19T12:00:00+00:00
[2026-06-19T12:52:23.504+0000] {processor.py:179} INFO - Processing /opt/airflow/dags/dag_suivi.py took 0.098 seconds
[2026-06-19T12:52:53.605+0000] {processor.py:157} INFO - Started process (PID=639) to work on /opt/airflow/dags/dag_suivi.py
[2026-06-19T12:52:53.606+0000] {processor.py:829} INFO - Processing file /opt/airflow/dags/dag_suivi.py for tasks to queue
[2026-06-19T12:52:53.606+0000] {logging_mixin.py:151} INFO - [2026-06-19T12:52:53.606+0000] {dagbag.py:536} INFO - Filling up the DagBag from /opt/airflow/dags/dag_suivi.py
[2026-06-19T12:52:53.627+0000] {processor.py:839} INFO - DAG(s) dict_keys(['pipeline_ingestion_suivi']) retrieved from /opt/airflow/dags/dag_suivi.py
[2026-06-19T12:52:53.655+0000] {logging_mixin.py:151} INFO - [2026-06-19T12:52:53.655+0000] {dag.py:2941} INFO - Sync 1 DAGs
[2026-06-19T12:52:53.677+0000] {logging_mixin.py:151} INFO - [2026-06-19T12:52:53.677+0000] {dag.py:3722} INFO - Setting next_dagrun for pipeline_ingestion_suivi to 2026-06-19T11:00:00+00:00, run_after=2026-06-19T12:00:00+00:00
[2026-06-19T12:52:53.705+0000] {processor.py:179} INFO - Processing /opt/airflow/dags/dag_suivi.py took 0.103 seconds
[2026-06-19T12:53:23.859+0000] {processor.py:157} INFO - Started process (PID=644) to work on /opt/airflow/dags/dag_suivi.py
[2026-06-19T12:53:23.860+0000] {processor.py:829} INFO - Processing file /opt/airflow/dags/dag_suivi.py for tasks to queue
[2026-06-19T12:53:23.860+0000] {logging_mixin.py:151} INFO - [2026-06-19T12:53:23.860+0000] {dagbag.py:536} INFO - Filling up the DagBag from /opt/airflow/dags/dag_suivi.py
[2026-06-19T12:53:23.878+0000] {processor.py:839} INFO - DAG(s) dict_keys(['pipeline_ingestion_suivi']) retrieved from /opt/airflow/dags/dag_suivi.py
[2026-06-19T12:53:23.902+0000] {logging_mixin.py:151} INFO - [2026-06-19T12:53:23.902+0000] {dag.py:2941} INFO - Sync 1 DAGs
[2026-06-19T12:53:23.925+0000] {logging_mixin.py:151} INFO - [2026-06-19T12:53:23.925+0000] {dag.py:3722} INFO - Setting next_dagrun for pipeline_ingestion_suivi to 2026-06-19T11:00:00+00:00, run_after=2026-06-19T12:00:00+00:00
[2026-06-19T12:53:23.948+0000] {processor.py:179} INFO - Processing /opt/airflow/dags/dag_suivi.py took 0.092 seconds
[2026-06-19T12:53:54.050+0000] {processor.py:157} INFO - Started process (PID=649) to work on /opt/airflow/dags/dag_suivi.py
[2026-06-19T12:53:54.051+0000] {processor.py:829} INFO - Processing file /opt/airflow/dags/dag_suivi.py for tasks to queue
[2026-06-19T12:53:54.052+0000] {logging_mixin.py:151} INFO - [2026-06-19T12:53:54.052+0000] {dagbag.py:536} INFO - Filling up the DagBag from /opt/airflow/dags/dag_suivi.py
[2026-06-19T12:53:54.069+0000] {processor.py:839} INFO - DAG(s) dict_keys(['pipeline_ingestion_suivi']) retrieved from /opt/airflow/dags/dag_suivi.py
[2026-06-19T12:53:54.092+0000] {logging_mixin.py:151} INFO - [2026-06-19T12:53:54.092+0000] {dag.py:2941} INFO - Sync 1 DAGs
[2026-06-19T12:53:54.110+0000] {logging_mixin.py:151} INFO - [2026-06-19T12:53:54.110+0000] {dag.py:3722} INFO - Setting next_dagrun for pipeline_ingestion_suivi to 2026-06-19T11:00:00+00:00, run_after=2026-06-19T12:00:00+00:00
[2026-06-19T12:53:54.139+0000] {processor.py:179} INFO - Processing /opt/airflow/dags/dag_suivi.py took 0.092 seconds
[2026-06-19T12:54:24.357+0000] {processor.py:157} INFO - Started process (PID=654) to work on /opt/airflow/dags/dag_suivi.py
[2026-06-19T12:54:24.358+0000] {processor.py:829} INFO - Processing file /opt/airflow/dags/dag_suivi.py for tasks to queue
[2026-06-19T12:54:24.359+0000] {logging_mixin.py:151} INFO - [2026-06-19T12:54:24.359+0000] {dagbag.py:536} INFO - Filling up the DagBag from /opt/airflow/dags/dag_suivi.py
[2026-06-19T12:54:24.379+0000] {processor.py:839} INFO - DAG(s) dict_keys(['pipeline_ingestion_suivi']) retrieved from /opt/airflow/dags/dag_suivi.py
[2026-06-19T12:54:24.406+0000] {logging_mixin.py:151} INFO - [2026-06-19T12:54:24.406+0000] {dag.py:2941} INFO - Sync 1 DAGs
[2026-06-19T12:54:24.424+0000] {logging_mixin.py:151} INFO - [2026-06-19T12:54:24.424+0000] {dag.py:3722} INFO - Setting next_dagrun for pipeline_ingestion_suivi to 2026-06-19T11:00:00+00:00, run_after=2026-06-19T12:00:00+00:00
[2026-06-19T12:54:24.454+0000] {processor.py:179} INFO - Processing /opt/airflow/dags/dag_suivi.py took 0.099 seconds
[2026-06-19T12:54:54.533+0000] {processor.py:157} INFO - Started process (PID=659) to work on /opt/airflow/dags/dag_suivi.py
[2026-06-19T12:54:54.534+0000] {processor.py:829} INFO - Processing file /opt/airflow/dags/dag_suivi.py for tasks to queue
[2026-06-19T12:54:54.534+0000] {logging_mixin.py:151} INFO - [2026-06-19T12:54:54.534+0000] {dagbag.py:536} INFO - Filling up the DagBag from /opt/airflow/dags/dag_suivi.py
[2026-06-19T12:54:54.551+0000] {processor.py:839} INFO - DAG(s) dict_keys(['pipeline_ingestion_suivi']) retrieved from /opt/airflow/dags/dag_suivi.py
[2026-06-19T12:54:54.574+0000] {logging_mixin.py:151} INFO - [2026-06-19T12:54:54.574+0000] {dag.py:2941} INFO - Sync 1 DAGs
[2026-06-19T12:54:54.596+0000] {logging_mixin.py:151} INFO - [2026-06-19T12:54:54.596+0000] {dag.py:3722} INFO - Setting next_dagrun for pipeline_ingestion_suivi to 2026-06-19T11:00:00+00:00, run_after=2026-06-19T12:00:00+00:00
[2026-06-19T12:54:54.619+0000] {processor.py:179} INFO - Processing /opt/airflow/dags/dag_suivi.py took 0.089 seconds
[2026-06-19T12:55:24.813+0000] {processor.py:157} INFO - Started process (PID=664) to work on /opt/airflow/dags/dag_suivi.py
[2026-06-19T12:55:24.814+0000] {processor.py:829} INFO - Processing file /opt/airflow/dags/dag_suivi.py for tasks to queue
[2026-06-19T12:55:24.815+0000] {logging_mixin.py:151} INFO - [2026-06-19T12:55:24.815+0000] {dagbag.py:536} INFO - Filling up the DagBag from /opt/airflow/dags/dag_suivi.py
[2026-06-19T12:55:24.838+0000] {processor.py:839} INFO - DAG(s) dict_keys(['pipeline_ingestion_suivi']) retrieved from /opt/airflow/dags/dag_suivi.py
[2026-06-19T12:55:24.863+0000] {logging_mixin.py:151} INFO - [2026-06-19T12:55:24.863+0000] {dag.py:2941} INFO - Sync 1 DAGs
[2026-06-19T12:55:24.882+0000] {logging_mixin.py:151} INFO - [2026-06-19T12:55:24.881+0000] {dag.py:3722} INFO - Setting next_dagrun for pipeline_ingestion_suivi to 2026-06-19T11:00:00+00:00, run_after=2026-06-19T12:00:00+00:00
[2026-06-19T12:55:24.910+0000] {processor.py:179} INFO - Processing /opt/airflow/dags/dag_suivi.py took 0.101 seconds
[2026-06-19T12:55:55.118+0000] {processor.py:157} INFO - Started process (PID=669) to work on /opt/airflow/dags/dag_suivi.py
[2026-06-19T12:55:55.119+0000] {processor.py:829} INFO - Processing file /opt/airflow/dags/dag_suivi.py for tasks to queue
[2026-06-19T12:55:55.120+0000] {logging_mixin.py:151} INFO - [2026-06-19T12:55:55.120+0000] {dagbag.py:536} INFO - Filling up the DagBag from /opt/airflow/dags/dag_suivi.py
[2026-06-19T12:55:55.139+0000] {processor.py:839} INFO - DAG(s) dict_keys(['pipeline_ingestion_suivi']) retrieved from /opt/airflow/dags/dag_suivi.py
[2026-06-19T12:55:55.165+0000] {logging_mixin.py:151} INFO - [2026-06-19T12:55:55.164+0000] {dag.py:2941} INFO - Sync 1 DAGs
[2026-06-19T12:55:55.185+0000] {logging_mixin.py:151} INFO - [2026-06-19T12:55:55.185+0000] {dag.py:3722} INFO - Setting next_dagrun for pipeline_ingestion_suivi to 2026-06-19T11:00:00+00:00, run_after=2026-06-19T12:00:00+00:00
[2026-06-19T12:55:55.205+0000] {processor.py:179} INFO - Processing /opt/airflow/dags/dag_suivi.py took 0.089 seconds
[2026-06-19T12:56:25.301+0000] {processor.py:157} INFO - Started process (PID=674) to work on /opt/airflow/dags/dag_suivi.py
[2026-06-19T12:56:25.301+0000] {processor.py:829} INFO - Processing file /opt/airflow/dags/dag_suivi.py for tasks to queue
[2026-06-19T12:56:25.302+0000] {logging_mixin.py:151} INFO - [2026-06-19T12:56:25.302+0000] {dagbag.py:536} INFO - Filling up the DagBag from /opt/airflow/dags/dag_suivi.py
[2026-06-19T12:56:25.325+0000] {processor.py:839} INFO - DAG(s) dict_keys(['pipeline_ingestion_suivi']) retrieved from /opt/airflow/dags/dag_suivi.py
[2026-06-19T12:56:25.358+0000] {logging_mixin.py:151} INFO - [2026-06-19T12:56:25.358+0000] {dag.py:2941} INFO - Sync 1 DAGs
[2026-06-19T12:56:25.383+0000] {logging_mixin.py:151} INFO - [2026-06-19T12:56:25.383+0000] {dag.py:3722} INFO - Setting next_dagrun for pipeline_ingestion_suivi to 2026-06-19T11:00:00+00:00, run_after=2026-06-19T12:00:00+00:00
[2026-06-19T12:56:25.407+0000] {processor.py:179} INFO - Processing /opt/airflow/dags/dag_suivi.py took 0.109 seconds
[2026-06-19T12:56:55.548+0000] {processor.py:157} INFO - Started process (PID=679) to work on /opt/airflow/dags/dag_suivi.py
[2026-06-19T12:56:55.549+0000] {processor.py:829} INFO - Processing file /opt/airflow/dags/dag_suivi.py for tasks to queue
[2026-06-19T12:56:55.550+0000] {logging_mixin.py:151} INFO - [2026-06-19T12:56:55.549+0000] {dagbag.py:536} INFO - Filling up the DagBag from /opt/airflow/dags/dag_suivi.py
[2026-06-19T12:56:55.572+0000] {processor.py:839} INFO - DAG(s) dict_keys(['pipeline_ingestion_suivi']) retrieved from /opt/airflow/dags/dag_suivi.py
[2026-06-19T12:56:55.602+0000] {logging_mixin.py:151} INFO - [2026-06-19T12:56:55.602+0000] {dag.py:2941} INFO - Sync 1 DAGs
[2026-06-19T12:56:55.627+0000] {logging_mixin.py:151} INFO - [2026-06-19T12:56:55.626+0000] {dag.py:3722} INFO - Setting next_dagrun for pipeline_ingestion_suivi to 2026-06-19T11:00:00+00:00, run_after=2026-06-19T12:00:00+00:00
[2026-06-19T12:56:55.660+0000] {processor.py:179} INFO - Processing /opt/airflow/dags/dag_suivi.py took 0.116 seconds
[2026-06-19T12:57:25.751+0000] {processor.py:157} INFO - Started process (PID=684) to work on /opt/airflow/dags/dag_suivi.py
[2026-06-19T12:57:25.753+0000] {processor.py:829} INFO - Processing file /opt/airflow/dags/dag_suivi.py for tasks to queue
[2026-06-19T12:57:25.754+0000] {logging_mixin.py:151} INFO - [2026-06-19T12:57:25.754+0000] {dagbag.py:536} INFO - Filling up the DagBag from /opt/airflow/dags/dag_suivi.py
[2026-06-19T12:57:25.790+0000] {processor.py:839} INFO - DAG(s) dict_keys(['pipeline_ingestion_suivi']) retrieved from /opt/airflow/dags/dag_suivi.py
[2026-06-19T12:57:25.853+0000] {logging_mixin.py:151} INFO - [2026-06-19T12:57:25.852+0000] {dag.py:2941} INFO - Sync 1 DAGs
[2026-06-19T12:57:25.895+0000] {logging_mixin.py:151} INFO - [2026-06-19T12:57:25.895+0000] {dag.py:3722} INFO - Setting next_dagrun for pipeline_ingestion_suivi to 2026-06-19T11:00:00+00:00, run_after=2026-06-19T12:00:00+00:00
[2026-06-19T12:57:25.940+0000] {processor.py:179} INFO - Processing /opt/airflow/dags/dag_suivi.py took 0.195 seconds
[2026-06-19T12:57:56.076+0000] {processor.py:157} INFO - Started process (PID=689) to work on /opt/airflow/dags/dag_suivi.py
[2026-06-19T12:57:56.078+0000] {processor.py:829} INFO - Processing file /opt/airflow/dags/dag_suivi.py for tasks to queue
[2026-06-19T12:57:56.080+0000] {logging_mixin.py:151} INFO - [2026-06-19T12:57:56.080+0000] {dagbag.py:536} INFO - Filling up the DagBag from /opt/airflow/dags/dag_suivi.py
[2026-06-19T12:57:56.132+0000] {processor.py:839} INFO - DAG(s) dict_keys(['pipeline_ingestion_suivi']) retrieved from /opt/airflow/dags/dag_suivi.py
[2026-06-19T12:57:56.191+0000] {logging_mixin.py:151} INFO - [2026-06-19T12:57:56.191+0000] {dag.py:2941} INFO - Sync 1 DAGs
[2026-06-19T12:57:56.238+0000] {logging_mixin.py:151} INFO - [2026-06-19T12:57:56.238+0000] {dag.py:3722} INFO - Setting next_dagrun for pipeline_ingestion_suivi to 2026-06-19T11:00:00+00:00, run_after=2026-06-19T12:00:00+00:00
[2026-06-19T12:57:56.287+0000] {processor.py:179} INFO - Processing /opt/airflow/dags/dag_suivi.py took 0.218 seconds
[2026-06-19T12:58:26.466+0000] {processor.py:157} INFO - Started process (PID=694) to work on /opt/airflow/dags/dag_suivi.py
[2026-06-19T12:58:26.467+0000] {processor.py:829} INFO - Processing file /opt/airflow/dags/dag_suivi.py for tasks to queue
[2026-06-19T12:58:26.469+0000] {logging_mixin.py:151} INFO - [2026-06-19T12:58:26.468+0000] {dagbag.py:536} INFO - Filling up the DagBag from /opt/airflow/dags/dag_suivi.py
[2026-06-19T12:58:26.510+0000] {processor.py:839} INFO - DAG(s) dict_keys(['pipeline_ingestion_suivi']) retrieved from /opt/airflow/dags/dag_suivi.py
[2026-06-19T12:58:26.572+0000] {logging_mixin.py:151} INFO - [2026-06-19T12:58:26.572+0000] {dag.py:2941} INFO - Sync 1 DAGs
[2026-06-19T12:58:26.626+0000] {logging_mixin.py:151} INFO - [2026-06-19T12:58:26.626+0000] {dag.py:3722} INFO - Setting next_dagrun for pipeline_ingestion_suivi to 2026-06-19T11:00:00+00:00, run_after=2026-06-19T12:00:00+00:00
[2026-06-19T12:58:26.662+0000] {processor.py:179} INFO - Processing /opt/airflow/dags/dag_suivi.py took 0.202 seconds
[2026-06-19T12:58:56.751+0000] {processor.py:157} INFO - Started process (PID=699) to work on /opt/airflow/dags/dag_suivi.py
[2026-06-19T12:58:56.752+0000] {processor.py:829} INFO - Processing file /opt/airflow/dags/dag_suivi.py for tasks to queue
[2026-06-19T12:58:56.753+0000] {logging_mixin.py:151} INFO - [2026-06-19T12:58:56.752+0000] {dagbag.py:536} INFO - Filling up the DagBag from /opt/airflow/dags/dag_suivi.py
[2026-06-19T12:58:56.777+0000] {processor.py:839} INFO - DAG(s) dict_keys(['pipeline_ingestion_suivi']) retrieved from /opt/airflow/dags/dag_suivi.py
[2026-06-19T12:58:56.817+0000] {logging_mixin.py:151} INFO - [2026-06-19T12:58:56.817+0000] {dag.py:2941} INFO - Sync 1 DAGs
[2026-06-19T12:58:56.845+0000] {logging_mixin.py:151} INFO - [2026-06-19T12:58:56.845+0000] {dag.py:3722} INFO - Setting next_dagrun for pipeline_ingestion_suivi to 2026-06-19T11:00:00+00:00, run_after=2026-06-19T12:00:00+00:00
[2026-06-19T12:58:56.872+0000] {processor.py:179} INFO - Processing /opt/airflow/dags/dag_suivi.py took 0.125 seconds
[2026-06-19T13:00:30.874+0000] {processor.py:157} INFO - Started process (PID=170) to work on /opt/airflow/dags/dag_suivi.py
[2026-06-19T13:00:30.878+0000] {processor.py:829} INFO - Processing file /opt/airflow/dags/dag_suivi.py for tasks to queue
[2026-06-19T13:00:30.880+0000] {logging_mixin.py:151} INFO - [2026-06-19T13:00:30.879+0000] {dagbag.py:536} INFO - Filling up the DagBag from /opt/airflow/dags/dag_suivi.py
[2026-06-19T13:00:30.944+0000] {processor.py:839} INFO - DAG(s) dict_keys(['pipeline_ingestion_suivi']) retrieved from /opt/airflow/dags/dag_suivi.py
[2026-06-19T13:00:31.003+0000] {logging_mixin.py:151} INFO - [2026-06-19T13:00:31.003+0000] {dag.py:2941} INFO - Sync 1 DAGs
[2026-06-19T13:00:31.056+0000] {logging_mixin.py:151} INFO - [2026-06-19T13:00:31.055+0000] {dag.py:3722} INFO - Setting next_dagrun for pipeline_ingestion_suivi to 2026-06-19T12:00:00+00:00, run_after=2026-06-19T13:00:00+00:00
[2026-06-19T13:00:31.104+0000] {processor.py:179} INFO - Processing /opt/airflow/dags/dag_suivi.py took 0.239 seconds
[2026-06-19T13:01:01.174+0000] {processor.py:157} INFO - Started process (PID=175) to work on /opt/airflow/dags/dag_suivi.py
[2026-06-19T13:01:01.174+0000] {processor.py:829} INFO - Processing file /opt/airflow/dags/dag_suivi.py for tasks to queue
[2026-06-19T13:01:01.175+0000] {logging_mixin.py:151} INFO - [2026-06-19T13:01:01.175+0000] {dagbag.py:536} INFO - Filling up the DagBag from /opt/airflow/dags/dag_suivi.py
[2026-06-19T13:01:01.197+0000] {processor.py:839} INFO - DAG(s) dict_keys(['pipeline_ingestion_suivi']) retrieved from /opt/airflow/dags/dag_suivi.py
[2026-06-19T13:01:01.222+0000] {logging_mixin.py:151} INFO - [2026-06-19T13:01:01.222+0000] {dag.py:2941} INFO - Sync 1 DAGs
[2026-06-19T13:01:01.240+0000] {logging_mixin.py:151} INFO - [2026-06-19T13:01:01.240+0000] {dag.py:3722} INFO - Setting next_dagrun for pipeline_ingestion_suivi to 2026-06-19T12:00:00+00:00, run_after=2026-06-19T13:00:00+00:00
[2026-06-19T13:01:01.268+0000] {processor.py:179} INFO - Processing /opt/airflow/dags/dag_suivi.py took 0.098 seconds
[2026-06-19T13:01:31.387+0000] {processor.py:157} INFO - Started process (PID=180) to work on /opt/airflow/dags/dag_suivi.py
[2026-06-19T13:01:31.388+0000] {processor.py:829} INFO - Processing file /opt/airflow/dags/dag_suivi.py for tasks to queue
[2026-06-19T13:01:31.389+0000] {logging_mixin.py:151} INFO - [2026-06-19T13:01:31.389+0000] {dagbag.py:536} INFO - Filling up the DagBag from /opt/airflow/dags/dag_suivi.py
[2026-06-19T13:01:31.408+0000] {processor.py:839} INFO - DAG(s) dict_keys(['pipeline_ingestion_suivi']) retrieved from /opt/airflow/dags/dag_suivi.py
[2026-06-19T13:01:31.433+0000] {logging_mixin.py:151} INFO - [2026-06-19T13:01:31.432+0000] {dag.py:2941} INFO - Sync 1 DAGs
[2026-06-19T13:01:31.451+0000] {logging_mixin.py:151} INFO - [2026-06-19T13:01:31.451+0000] {dag.py:3722} INFO - Setting next_dagrun for pipeline_ingestion_suivi to 2026-06-19T12:00:00+00:00, run_after=2026-06-19T13:00:00+00:00
[2026-06-19T13:01:31.480+0000] {processor.py:179} INFO - Processing /opt/airflow/dags/dag_suivi.py took 0.096 seconds
[2026-06-19T13:02:01.690+0000] {processor.py:157} INFO - Started process (PID=185) to work on /opt/airflow/dags/dag_suivi.py
[2026-06-19T13:02:01.690+0000] {processor.py:829} INFO - Processing file /opt/airflow/dags/dag_suivi.py for tasks to queue
[2026-06-19T13:02:01.691+0000] {logging_mixin.py:151} INFO - [2026-06-19T13:02:01.691+0000] {dagbag.py:536} INFO - Filling up the DagBag from /opt/airflow/dags/dag_suivi.py
[2026-06-19T13:02:01.706+0000] {processor.py:839} INFO - DAG(s) dict_keys(['pipeline_ingestion_suivi']) retrieved from /opt/airflow/dags/dag_suivi.py
[2026-06-19T13:02:01.729+0000] {logging_mixin.py:151} INFO - [2026-06-19T13:02:01.729+0000] {dag.py:2941} INFO - Sync 1 DAGs
[2026-06-19T13:02:01.747+0000] {logging_mixin.py:151} INFO - [2026-06-19T13:02:01.746+0000] {dag.py:3722} INFO - Setting next_dagrun for pipeline_ingestion_suivi to 2026-06-19T12:00:00+00:00, run_after=2026-06-19T13:00:00+00:00
[2026-06-19T13:02:01.772+0000] {processor.py:179} INFO - Processing /opt/airflow/dags/dag_suivi.py took 0.085 seconds
[2026-06-19T13:02:31.938+0000] {processor.py:157} INFO - Started process (PID=190) to work on /opt/airflow/dags/dag_suivi.py
[2026-06-19T13:02:31.938+0000] {processor.py:829} INFO - Processing file /opt/airflow/dags/dag_suivi.py for tasks to queue
[2026-06-19T13:02:31.939+0000] {logging_mixin.py:151} INFO - [2026-06-19T13:02:31.939+0000] {dagbag.py:536} INFO - Filling up the DagBag from /opt/airflow/dags/dag_suivi.py
[2026-06-19T13:02:31.956+0000] {processor.py:839} INFO - DAG(s) dict_keys(['pipeline_ingestion_suivi']) retrieved from /opt/airflow/dags/dag_suivi.py
[2026-06-19T13:02:31.983+0000] {logging_mixin.py:151} INFO - [2026-06-19T13:02:31.982+0000] {dag.py:2941} INFO - Sync 1 DAGs
[2026-06-19T13:02:32.001+0000] {logging_mixin.py:151} INFO - [2026-06-19T13:02:32.001+0000] {dag.py:3722} INFO - Setting next_dagrun for pipeline_ingestion_suivi to 2026-06-19T12:00:00+00:00, run_after=2026-06-19T13:00:00+00:00
[2026-06-19T13:02:32.019+0000] {processor.py:179} INFO - Processing /opt/airflow/dags/dag_suivi.py took 0.084 seconds
[2026-06-19T13:03:02.248+0000] {processor.py:157} INFO - Started process (PID=195) to work on /opt/airflow/dags/dag_suivi.py
[2026-06-19T13:03:02.249+0000] {processor.py:829} INFO - Processing file /opt/airflow/dags/dag_suivi.py for tasks to queue
[2026-06-19T13:03:02.249+0000] {logging_mixin.py:151} INFO - [2026-06-19T13:03:02.249+0000] {dagbag.py:536} INFO - Filling up the DagBag from /opt/airflow/dags/dag_suivi.py
[2026-06-19T13:03:02.266+0000] {processor.py:839} INFO - DAG(s) dict_keys(['pipeline_ingestion_suivi']) retrieved from /opt/airflow/dags/dag_suivi.py
[2026-06-19T13:03:02.290+0000] {logging_mixin.py:151} INFO - [2026-06-19T13:03:02.289+0000] {dag.py:2941} INFO - Sync 1 DAGs
[2026-06-19T13:03:02.310+0000] {logging_mixin.py:151} INFO - [2026-06-19T13:03:02.310+0000] {dag.py:3722} INFO - Setting next_dagrun for pipeline_ingestion_suivi to 2026-06-19T12:00:00+00:00, run_after=2026-06-19T13:00:00+00:00
[2026-06-19T13:03:02.333+0000] {processor.py:179} INFO - Processing /opt/airflow/dags/dag_suivi.py took 0.087 seconds
[2026-06-19T13:03:32.473+0000] {processor.py:157} INFO - Started process (PID=200) to work on /opt/airflow/dags/dag_suivi.py
[2026-06-19T13:03:32.474+0000] {processor.py:829} INFO - Processing file /opt/airflow/dags/dag_suivi.py for tasks to queue
[2026-06-19T13:03:32.475+0000] {logging_mixin.py:151} INFO - [2026-06-19T13:03:32.475+0000] {dagbag.py:536} INFO - Filling up the DagBag from /opt/airflow/dags/dag_suivi.py
[2026-06-19T13:03:32.494+0000] {processor.py:839} INFO - DAG(s) dict_keys(['pipeline_ingestion_suivi']) retrieved from /opt/airflow/dags/dag_suivi.py
[2026-06-19T13:03:32.521+0000] {logging_mixin.py:151} INFO - [2026-06-19T13:03:32.521+0000] {dag.py:2941} INFO - Sync 1 DAGs
[2026-06-19T13:03:32.542+0000] {logging_mixin.py:151} INFO - [2026-06-19T13:03:32.542+0000] {dag.py:3722} INFO - Setting next_dagrun for pipeline_ingestion_suivi to 2026-06-19T12:00:00+00:00, run_after=2026-06-19T13:00:00+00:00
[2026-06-19T13:03:32.560+0000] {processor.py:179} INFO - Processing /opt/airflow/dags/dag_suivi.py took 0.090 seconds
[2026-06-19T13:04:02.778+0000] {processor.py:157} INFO - Started process (PID=205) to work on /opt/airflow/dags/dag_suivi.py
[2026-06-19T13:04:02.779+0000] {processor.py:829} INFO - Processing file /opt/airflow/dags/dag_suivi.py for tasks to queue
[2026-06-19T13:04:02.780+0000] {logging_mixin.py:151} INFO - [2026-06-19T13:04:02.780+0000] {dagbag.py:536} INFO - Filling up the DagBag from /opt/airflow/dags/dag_suivi.py
[2026-06-19T13:04:02.803+0000] {processor.py:839} INFO - DAG(s) dict_keys(['pipeline_ingestion_suivi']) retrieved from /opt/airflow/dags/dag_suivi.py
[2026-06-19T13:04:02.826+0000] {logging_mixin.py:151} INFO - [2026-06-19T13:04:02.826+0000] {dag.py:2941} INFO - Sync 1 DAGs
[2026-06-19T13:04:02.844+0000] {logging_mixin.py:151} INFO - [2026-06-19T13:04:02.844+0000] {dag.py:3722} INFO - Setting next_dagrun for pipeline_ingestion_suivi to 2026-06-19T12:00:00+00:00, run_after=2026-06-19T13:00:00+00:00
[2026-06-19T13:04:02.870+0000] {processor.py:179} INFO - Processing /opt/airflow/dags/dag_suivi.py took 0.095 seconds
[2026-06-19T13:04:33.033+0000] {processor.py:157} INFO - Started process (PID=210) to work on /opt/airflow/dags/dag_suivi.py
[2026-06-19T13:04:33.034+0000] {processor.py:829} INFO - Processing file /opt/airflow/dags/dag_suivi.py for tasks to queue
[2026-06-19T13:04:33.035+0000] {logging_mixin.py:151} INFO - [2026-06-19T13:04:33.035+0000] {dagbag.py:536} INFO - Filling up the DagBag from /opt/airflow/dags/dag_suivi.py
[2026-06-19T13:04:33.052+0000] {processor.py:839} INFO - DAG(s) dict_keys(['pipeline_ingestion_suivi']) retrieved from /opt/airflow/dags/dag_suivi.py
[2026-06-19T13:04:33.079+0000] {logging_mixin.py:151} INFO - [2026-06-19T13:04:33.079+0000] {dag.py:2941} INFO - Sync 1 DAGs
[2026-06-19T13:04:33.098+0000] {logging_mixin.py:151} INFO - [2026-06-19T13:04:33.098+0000] {dag.py:3722} INFO - Setting next_dagrun for pipeline_ingestion_suivi to 2026-06-19T12:00:00+00:00, run_after=2026-06-19T13:00:00+00:00
[2026-06-19T13:04:33.129+0000] {processor.py:179} INFO - Processing /opt/airflow/dags/dag_suivi.py took 0.099 seconds
[2026-06-19T13:05:03.363+0000] {processor.py:157} INFO - Started process (PID=215) to work on /opt/airflow/dags/dag_suivi.py
[2026-06-19T13:05:03.363+0000] {processor.py:829} INFO - Processing file /opt/airflow/dags/dag_suivi.py for tasks to queue
[2026-06-19T13:05:03.364+0000] {logging_mixin.py:151} INFO - [2026-06-19T13:05:03.364+0000] {dagbag.py:536} INFO - Filling up the DagBag from /opt/airflow/dags/dag_suivi.py
[2026-06-19T13:05:03.387+0000] {processor.py:839} INFO - DAG(s) dict_keys(['pipeline_ingestion_suivi']) retrieved from /opt/airflow/dags/dag_suivi.py
[2026-06-19T13:05:03.413+0000] {logging_mixin.py:151} INFO - [2026-06-19T13:05:03.413+0000] {dag.py:2941} INFO - Sync 1 DAGs
[2026-06-19T13:05:03.432+0000] {logging_mixin.py:151} INFO - [2026-06-19T13:05:03.432+0000] {dag.py:3722} INFO - Setting next_dagrun for pipeline_ingestion_suivi to 2026-06-19T12:00:00+00:00, run_after=2026-06-19T13:00:00+00:00
[2026-06-19T13:05:03.450+0000] {processor.py:179} INFO - Processing /opt/airflow/dags/dag_suivi.py took 0.091 seconds
[2026-06-19T13:05:33.627+0000] {processor.py:157} INFO - Started process (PID=220) to work on /opt/airflow/dags/dag_suivi.py
[2026-06-19T13:05:33.628+0000] {processor.py:829} INFO - Processing file /opt/airflow/dags/dag_suivi.py for tasks to queue
[2026-06-19T13:05:33.629+0000] {logging_mixin.py:151} INFO - [2026-06-19T13:05:33.629+0000] {dagbag.py:536} INFO - Filling up the DagBag from /opt/airflow/dags/dag_suivi.py
[2026-06-19T13:05:33.646+0000] {processor.py:839} INFO - DAG(s) dict_keys(['pipeline_ingestion_suivi']) retrieved from /opt/airflow/dags/dag_suivi.py
[2026-06-19T13:05:33.673+0000] {logging_mixin.py:151} INFO - [2026-06-19T13:05:33.672+0000] {dag.py:2941} INFO - Sync 1 DAGs
[2026-06-19T13:05:33.691+0000] {logging_mixin.py:151} INFO - [2026-06-19T13:05:33.690+0000] {dag.py:3722} INFO - Setting next_dagrun for pipeline_ingestion_suivi to 2026-06-19T12:00:00+00:00, run_after=2026-06-19T13:00:00+00:00
[2026-06-19T13:05:33.717+0000] {processor.py:179} INFO - Processing /opt/airflow/dags/dag_suivi.py took 0.092 seconds
[2026-06-19T13:06:03.938+0000] {processor.py:157} INFO - Started process (PID=225) to work on /opt/airflow/dags/dag_suivi.py
[2026-06-19T13:06:03.939+0000] {processor.py:829} INFO - Processing file /opt/airflow/dags/dag_suivi.py for tasks to queue
[2026-06-19T13:06:03.940+0000] {logging_mixin.py:151} INFO - [2026-06-19T13:06:03.939+0000] {dagbag.py:536} INFO - Filling up the DagBag from /opt/airflow/dags/dag_suivi.py
[2026-06-19T13:06:03.964+0000] {processor.py:839} INFO - DAG(s) dict_keys(['pipeline_ingestion_suivi']) retrieved from /opt/airflow/dags/dag_suivi.py
[2026-06-19T13:06:04.017+0000] {logging_mixin.py:151} INFO - [2026-06-19T13:06:04.016+0000] {dag.py:2941} INFO - Sync 1 DAGs
[2026-06-19T13:06:04.070+0000] {logging_mixin.py:151} INFO - [2026-06-19T13:06:04.070+0000] {dag.py:3722} INFO - Setting next_dagrun for pipeline_ingestion_suivi to 2026-06-19T12:00:00+00:00, run_after=2026-06-19T13:00:00+00:00
[2026-06-19T13:06:04.090+0000] {processor.py:179} INFO - Processing /opt/airflow/dags/dag_suivi.py took 0.155 seconds
[2026-06-19T13:06:34.191+0000] {processor.py:157} INFO - Started process (PID=230) to work on /opt/airflow/dags/dag_suivi.py
[2026-06-19T13:06:34.192+0000] {processor.py:829} INFO - Processing file /opt/airflow/dags/dag_suivi.py for tasks to queue
[2026-06-19T13:06:34.192+0000] {logging_mixin.py:151} INFO - [2026-06-19T13:06:34.192+0000] {dagbag.py:536} INFO - Filling up the DagBag from /opt/airflow/dags/dag_suivi.py
[2026-06-19T13:06:34.208+0000] {processor.py:839} INFO - DAG(s) dict_keys(['pipeline_ingestion_suivi']) retrieved from /opt/airflow/dags/dag_suivi.py
[2026-06-19T13:06:34.232+0000] {logging_mixin.py:151} INFO - [2026-06-19T13:06:34.232+0000] {dag.py:2941} INFO - Sync 1 DAGs
[2026-06-19T13:06:34.248+0000] {logging_mixin.py:151} INFO - [2026-06-19T13:06:34.248+0000] {dag.py:3722} INFO - Setting next_dagrun for pipeline_ingestion_suivi to 2026-06-19T12:00:00+00:00, run_after=2026-06-19T13:00:00+00:00
[2026-06-19T13:06:34.265+0000] {processor.py:179} INFO - Processing /opt/airflow/dags/dag_suivi.py took 0.077 seconds
[2026-06-19T13:07:04.460+0000] {processor.py:157} INFO - Started process (PID=235) to work on /opt/airflow/dags/dag_suivi.py
[2026-06-19T13:07:04.461+0000] {processor.py:829} INFO - Processing file /opt/airflow/dags/dag_suivi.py for tasks to queue
[2026-06-19T13:07:04.462+0000] {logging_mixin.py:151} INFO - [2026-06-19T13:07:04.461+0000] {dagbag.py:536} INFO - Filling up the DagBag from /opt/airflow/dags/dag_suivi.py
[2026-06-19T13:07:04.478+0000] {processor.py:839} INFO - DAG(s) dict_keys(['pipeline_ingestion_suivi']) retrieved from /opt/airflow/dags/dag_suivi.py
[2026-06-19T13:07:04.502+0000] {logging_mixin.py:151} INFO - [2026-06-19T13:07:04.502+0000] {dag.py:2941} INFO - Sync 1 DAGs
[2026-06-19T13:07:04.519+0000] {logging_mixin.py:151} INFO - [2026-06-19T13:07:04.519+0000] {dag.py:3722} INFO - Setting next_dagrun for pipeline_ingestion_suivi to 2026-06-19T12:00:00+00:00, run_after=2026-06-19T13:00:00+00:00
[2026-06-19T13:07:04.549+0000] {processor.py:179} INFO - Processing /opt/airflow/dags/dag_suivi.py took 0.092 seconds
[2026-06-19T13:07:34.771+0000] {processor.py:157} INFO - Started process (PID=240) to work on /opt/airflow/dags/dag_suivi.py
[2026-06-19T13:07:34.772+0000] {processor.py:829} INFO - Processing file /opt/airflow/dags/dag_suivi.py for tasks to queue
[2026-06-19T13:07:34.774+0000] {logging_mixin.py:151} INFO - [2026-06-19T13:07:34.773+0000] {dagbag.py:536} INFO - Filling up the DagBag from /opt/airflow/dags/dag_suivi.py
[2026-06-19T13:07:34.803+0000] {processor.py:839} INFO - DAG(s) dict_keys(['pipeline_ingestion_suivi']) retrieved from /opt/airflow/dags/dag_suivi.py
[2026-06-19T13:07:34.832+0000] {logging_mixin.py:151} INFO - [2026-06-19T13:07:34.831+0000] {dag.py:2941} INFO - Sync 1 DAGs
[2026-06-19T13:07:34.856+0000] {logging_mixin.py:151} INFO - [2026-06-19T13:07:34.856+0000] {dag.py:3722} INFO - Setting next_dagrun for pipeline_ingestion_suivi to 2026-06-19T12:00:00+00:00, run_after=2026-06-19T13:00:00+00:00
[2026-06-19T13:07:34.885+0000] {processor.py:179} INFO - Processing /opt/airflow/dags/dag_suivi.py took 0.120 seconds
[2026-06-19T13:08:05.017+0000] {processor.py:157} INFO - Started process (PID=245) to work on /opt/airflow/dags/dag_suivi.py
[2026-06-19T13:08:05.018+0000] {processor.py:829} INFO - Processing file /opt/airflow/dags/dag_suivi.py for tasks to queue
[2026-06-19T13:08:05.019+0000] {logging_mixin.py:151} INFO - [2026-06-19T13:08:05.018+0000] {dagbag.py:536} INFO - Filling up the DagBag from /opt/airflow/dags/dag_suivi.py
[2026-06-19T13:08:05.035+0000] {processor.py:839} INFO - DAG(s) dict_keys(['pipeline_ingestion_suivi']) retrieved from /opt/airflow/dags/dag_suivi.py
[2026-06-19T13:08:05.059+0000] {logging_mixin.py:151} INFO - [2026-06-19T13:08:05.059+0000] {dag.py:2941} INFO - Sync 1 DAGs
[2026-06-19T13:08:05.079+0000] {logging_mixin.py:151} INFO - [2026-06-19T13:08:05.079+0000] {dag.py:3722} INFO - Setting next_dagrun for pipeline_ingestion_suivi to 2026-06-19T12:00:00+00:00, run_after=2026-06-19T13:00:00+00:00
[2026-06-19T13:08:05.098+0000] {processor.py:179} INFO - Processing /opt/airflow/dags/dag_suivi.py took 0.083 seconds
[2026-06-19T13:08:35.382+0000] {processor.py:157} INFO - Started process (PID=250) to work on /opt/airflow/dags/dag_suivi.py
[2026-06-19T13:08:35.383+0000] {processor.py:829} INFO - Processing file /opt/airflow/dags/dag_suivi.py for tasks to queue
[2026-06-19T13:08:35.384+0000] {logging_mixin.py:151} INFO - [2026-06-19T13:08:35.384+0000] {dagbag.py:536} INFO - Filling up the DagBag from /opt/airflow/dags/dag_suivi.py
[2026-06-19T13:08:35.401+0000] {processor.py:839} INFO - DAG(s) dict_keys(['pipeline_ingestion_suivi']) retrieved from /opt/airflow/dags/dag_suivi.py
[2026-06-19T13:08:35.434+0000] {logging_mixin.py:151} INFO - [2026-06-19T13:08:35.434+0000] {dag.py:2941} INFO - Sync 1 DAGs
[2026-06-19T13:08:35.453+0000] {logging_mixin.py:151} INFO - [2026-06-19T13:08:35.452+0000] {dag.py:3722} INFO - Setting next_dagrun for pipeline_ingestion_suivi to 2026-06-19T12:00:00+00:00, run_after=2026-06-19T13:00:00+00:00
[2026-06-19T13:08:35.469+0000] {processor.py:179} INFO - Processing /opt/airflow/dags/dag_suivi.py took 0.089 seconds
[2026-06-19T13:09:05.628+0000] {processor.py:157} INFO - Started process (PID=255) to work on /opt/airflow/dags/dag_suivi.py
[2026-06-19T13:09:05.629+0000] {processor.py:829} INFO - Processing file /opt/airflow/dags/dag_suivi.py for tasks to queue
[2026-06-19T13:09:05.629+0000] {logging_mixin.py:151} INFO - [2026-06-19T13:09:05.629+0000] {dagbag.py:536} INFO - Filling up the DagBag from /opt/airflow/dags/dag_suivi.py
[2026-06-19T13:09:05.644+0000] {processor.py:839} INFO - DAG(s) dict_keys(['pipeline_ingestion_suivi']) retrieved from /opt/airflow/dags/dag_suivi.py
[2026-06-19T13:09:05.666+0000] {logging_mixin.py:151} INFO - [2026-06-19T13:09:05.666+0000] {dag.py:2941} INFO - Sync 1 DAGs
[2026-06-19T13:09:05.683+0000] {logging_mixin.py:151} INFO - [2026-06-19T13:09:05.683+0000] {dag.py:3722} INFO - Setting next_dagrun for pipeline_ingestion_suivi to 2026-06-19T12:00:00+00:00, run_after=2026-06-19T13:00:00+00:00
[2026-06-19T13:09:05.707+0000] {processor.py:179} INFO - Processing /opt/airflow/dags/dag_suivi.py took 0.082 seconds
[2026-06-19T13:09:35.944+0000] {processor.py:157} INFO - Started process (PID=260) to work on /opt/airflow/dags/dag_suivi.py
[2026-06-19T13:09:35.945+0000] {processor.py:829} INFO - Processing file /opt/airflow/dags/dag_suivi.py for tasks to queue
[2026-06-19T13:09:35.946+0000] {logging_mixin.py:151} INFO - [2026-06-19T13:09:35.946+0000] {dagbag.py:536} INFO - Filling up the DagBag from /opt/airflow/dags/dag_suivi.py
[2026-06-19T13:09:35.965+0000] {processor.py:839} INFO - DAG(s) dict_keys(['pipeline_ingestion_suivi']) retrieved from /opt/airflow/dags/dag_suivi.py
[2026-06-19T13:09:35.992+0000] {logging_mixin.py:151} INFO - [2026-06-19T13:09:35.992+0000] {dag.py:2941} INFO - Sync 1 DAGs
[2026-06-19T13:09:36.018+0000] {logging_mixin.py:151} INFO - [2026-06-19T13:09:36.018+0000] {dag.py:3722} INFO - Setting next_dagrun for pipeline_ingestion_suivi to 2026-06-19T12:00:00+00:00, run_after=2026-06-19T13:00:00+00:00
[2026-06-19T13:09:36.041+0000] {processor.py:179} INFO - Processing /opt/airflow/dags/dag_suivi.py took 0.100 seconds
[2026-06-19T13:10:06.158+0000] {processor.py:157} INFO - Started process (PID=265) to work on /opt/airflow/dags/dag_suivi.py
[2026-06-19T13:10:06.159+0000] {processor.py:829} INFO - Processing file /opt/airflow/dags/dag_suivi.py for tasks to queue
[2026-06-19T13:10:06.160+0000] {logging_mixin.py:151} INFO - [2026-06-19T13:10:06.160+0000] {dagbag.py:536} INFO - Filling up the DagBag from /opt/airflow/dags/dag_suivi.py
[2026-06-19T13:10:06.177+0000] {processor.py:839} INFO - DAG(s) dict_keys(['pipeline_ingestion_suivi']) retrieved from /opt/airflow/dags/dag_suivi.py
[2026-06-19T13:10:06.203+0000] {logging_mixin.py:151} INFO - [2026-06-19T13:10:06.203+0000] {dag.py:2941} INFO - Sync 1 DAGs
[2026-06-19T13:10:06.222+0000] {logging_mixin.py:151} INFO - [2026-06-19T13:10:06.222+0000] {dag.py:3722} INFO - Setting next_dagrun for pipeline_ingestion_suivi to 2026-06-19T12:00:00+00:00, run_after=2026-06-19T13:00:00+00:00
[2026-06-19T13:10:06.239+0000] {processor.py:179} INFO - Processing /opt/airflow/dags/dag_suivi.py took 0.083 seconds
[2026-06-19T13:10:36.513+0000] {processor.py:157} INFO - Started process (PID=270) to work on /opt/airflow/dags/dag_suivi.py
[2026-06-19T13:10:36.514+0000] {processor.py:829} INFO - Processing file /opt/airflow/dags/dag_suivi.py for tasks to queue
[2026-06-19T13:10:36.514+0000] {logging_mixin.py:151} INFO - [2026-06-19T13:10:36.514+0000] {dagbag.py:536} INFO - Filling up the DagBag from /opt/airflow/dags/dag_suivi.py
[2026-06-19T13:10:36.533+0000] {processor.py:839} INFO - DAG(s) dict_keys(['pipeline_ingestion_suivi']) retrieved from /opt/airflow/dags/dag_suivi.py
[2026-06-19T13:10:36.557+0000] {logging_mixin.py:151} INFO - [2026-06-19T13:10:36.557+0000] {dag.py:2941} INFO - Sync 1 DAGs
[2026-06-19T13:10:36.574+0000] {logging_mixin.py:151} INFO - [2026-06-19T13:10:36.574+0000] {dag.py:3722} INFO - Setting next_dagrun for pipeline_ingestion_suivi to 2026-06-19T12:00:00+00:00, run_after=2026-06-19T13:00:00+00:00
[2026-06-19T13:10:36.600+0000] {processor.py:179} INFO - Processing /opt/airflow/dags/dag_suivi.py took 0.090 seconds
[2026-06-19T13:11:06.760+0000] {processor.py:157} INFO - Started process (PID=275) to work on /opt/airflow/dags/dag_suivi.py
[2026-06-19T13:11:06.761+0000] {processor.py:829} INFO - Processing file /opt/airflow/dags/dag_suivi.py for tasks to queue
[2026-06-19T13:11:06.762+0000] {logging_mixin.py:151} INFO - [2026-06-19T13:11:06.761+0000] {dagbag.py:536} INFO - Filling up the DagBag from /opt/airflow/dags/dag_suivi.py
[2026-06-19T13:11:06.777+0000] {processor.py:839} INFO - DAG(s) dict_keys(['pipeline_ingestion_suivi']) retrieved from /opt/airflow/dags/dag_suivi.py
[2026-06-19T13:11:06.801+0000] {logging_mixin.py:151} INFO - [2026-06-19T13:11:06.801+0000] {dag.py:2941} INFO - Sync 1 DAGs
[2026-06-19T13:11:06.820+0000] {logging_mixin.py:151} INFO - [2026-06-19T13:11:06.820+0000] {dag.py:3722} INFO - Setting next_dagrun for pipeline_ingestion_suivi to 2026-06-19T12:00:00+00:00, run_after=2026-06-19T13:00:00+00:00
[2026-06-19T13:11:06.847+0000] {processor.py:179} INFO - Processing /opt/airflow/dags/dag_suivi.py took 0.089 seconds
[2026-06-19T13:11:37.082+0000] {processor.py:157} INFO - Started process (PID=280) to work on /opt/airflow/dags/dag_suivi.py
[2026-06-19T13:11:37.082+0000] {processor.py:829} INFO - Processing file /opt/airflow/dags/dag_suivi.py for tasks to queue
[2026-06-19T13:11:37.083+0000] {logging_mixin.py:151} INFO - [2026-06-19T13:11:37.083+0000] {dagbag.py:536} INFO - Filling up the DagBag from /opt/airflow/dags/dag_suivi.py
[2026-06-19T13:11:37.103+0000] {processor.py:839} INFO - DAG(s) dict_keys(['pipeline_ingestion_suivi']) retrieved from /opt/airflow/dags/dag_suivi.py
[2026-06-19T13:11:37.128+0000] {logging_mixin.py:151} INFO - [2026-06-19T13:11:37.128+0000] {dag.py:2941} INFO - Sync 1 DAGs
[2026-06-19T13:11:37.148+0000] {logging_mixin.py:151} INFO - [2026-06-19T13:11:37.147+0000] {dag.py:3722} INFO - Setting next_dagrun for pipeline_ingestion_suivi to 2026-06-19T12:00:00+00:00, run_after=2026-06-19T13:00:00+00:00
[2026-06-19T13:11:37.177+0000] {processor.py:179} INFO - Processing /opt/airflow/dags/dag_suivi.py took 0.098 seconds
[2026-06-19T13:12:07.341+0000] {processor.py:157} INFO - Started process (PID=285) to work on /opt/airflow/dags/dag_suivi.py
[2026-06-19T13:12:07.342+0000] {processor.py:829} INFO - Processing file /opt/airflow/dags/dag_suivi.py for tasks to queue
[2026-06-19T13:12:07.343+0000] {logging_mixin.py:151} INFO - [2026-06-19T13:12:07.342+0000] {dagbag.py:536} INFO - Filling up the DagBag from /opt/airflow/dags/dag_suivi.py
[2026-06-19T13:12:07.362+0000] {processor.py:839} INFO - DAG(s) dict_keys(['pipeline_ingestion_suivi']) retrieved from /opt/airflow/dags/dag_suivi.py
[2026-06-19T13:12:07.388+0000] {logging_mixin.py:151} INFO - [2026-06-19T13:12:07.388+0000] {dag.py:2941} INFO - Sync 1 DAGs
[2026-06-19T13:12:07.409+0000] {logging_mixin.py:151} INFO - [2026-06-19T13:12:07.409+0000] {dag.py:3722} INFO - Setting next_dagrun for pipeline_ingestion_suivi to 2026-06-19T12:00:00+00:00, run_after=2026-06-19T13:00:00+00:00
[2026-06-19T13:12:07.430+0000] {processor.py:179} INFO - Processing /opt/airflow/dags/dag_suivi.py took 0.091 seconds
[2026-06-19T13:12:37.659+0000] {processor.py:157} INFO - Started process (PID=290) to work on /opt/airflow/dags/dag_suivi.py
[2026-06-19T13:12:37.660+0000] {processor.py:829} INFO - Processing file /opt/airflow/dags/dag_suivi.py for tasks to queue
[2026-06-19T13:12:37.660+0000] {logging_mixin.py:151} INFO - [2026-06-19T13:12:37.660+0000] {dagbag.py:536} INFO - Filling up the DagBag from /opt/airflow/dags/dag_suivi.py
[2026-06-19T13:12:37.677+0000] {processor.py:839} INFO - DAG(s) dict_keys(['pipeline_ingestion_suivi']) retrieved from /opt/airflow/dags/dag_suivi.py
[2026-06-19T13:12:37.699+0000] {logging_mixin.py:151} INFO - [2026-06-19T13:12:37.699+0000] {dag.py:2941} INFO - Sync 1 DAGs
[2026-06-19T13:12:37.716+0000] {logging_mixin.py:151} INFO - [2026-06-19T13:12:37.716+0000] {dag.py:3722} INFO - Setting next_dagrun for pipeline_ingestion_suivi to 2026-06-19T12:00:00+00:00, run_after=2026-06-19T13:00:00+00:00
[2026-06-19T13:12:37.744+0000] {processor.py:179} INFO - Processing /opt/airflow/dags/dag_suivi.py took 0.088 seconds
[2026-06-19T13:13:07.899+0000] {processor.py:157} INFO - Started process (PID=295) to work on /opt/airflow/dags/dag_suivi.py
[2026-06-19T13:13:07.900+0000] {processor.py:829} INFO - Processing file /opt/airflow/dags/dag_suivi.py for tasks to queue
[2026-06-19T13:13:07.900+0000] {logging_mixin.py:151} INFO - [2026-06-19T13:13:07.900+0000] {dagbag.py:536} INFO - Filling up the DagBag from /opt/airflow/dags/dag_suivi.py
[2026-06-19T13:13:07.918+0000] {processor.py:839} INFO - DAG(s) dict_keys(['pipeline_ingestion_suivi']) retrieved from /opt/airflow/dags/dag_suivi.py
[2026-06-19T13:13:07.942+0000] {logging_mixin.py:151} INFO - [2026-06-19T13:13:07.942+0000] {dag.py:2941} INFO - Sync 1 DAGs
[2026-06-19T13:13:07.960+0000] {logging_mixin.py:151} INFO - [2026-06-19T13:13:07.960+0000] {dag.py:3722} INFO - Setting next_dagrun for pipeline_ingestion_suivi to 2026-06-19T12:00:00+00:00, run_after=2026-06-19T13:00:00+00:00
[2026-06-19T13:13:07.986+0000] {processor.py:179} INFO - Processing /opt/airflow/dags/dag_suivi.py took 0.090 seconds
[2026-06-19T13:13:38.245+0000] {processor.py:157} INFO - Started process (PID=300) to work on /opt/airflow/dags/dag_suivi.py
[2026-06-19T13:13:38.246+0000] {processor.py:829} INFO - Processing file /opt/airflow/dags/dag_suivi.py for tasks to queue
[2026-06-19T13:13:38.246+0000] {logging_mixin.py:151} INFO - [2026-06-19T13:13:38.246+0000] {dagbag.py:536} INFO - Filling up the DagBag from /opt/airflow/dags/dag_suivi.py
[2026-06-19T13:13:38.263+0000] {processor.py:839} INFO - DAG(s) dict_keys(['pipeline_ingestion_suivi']) retrieved from /opt/airflow/dags/dag_suivi.py
[2026-06-19T13:13:38.296+0000] {logging_mixin.py:151} INFO - [2026-06-19T13:13:38.296+0000] {dag.py:2941} INFO - Sync 1 DAGs
[2026-06-19T13:13:38.315+0000] {logging_mixin.py:151} INFO - [2026-06-19T13:13:38.315+0000] {dag.py:3722} INFO - Setting next_dagrun for pipeline_ingestion_suivi to 2026-06-19T12:00:00+00:00, run_after=2026-06-19T13:00:00+00:00
[2026-06-19T13:13:38.337+0000] {processor.py:179} INFO - Processing /opt/airflow/dags/dag_suivi.py took 0.094 seconds
[2026-06-19T13:14:08.499+0000] {processor.py:157} INFO - Started process (PID=305) to work on /opt/airflow/dags/dag_suivi.py
[2026-06-19T13:14:08.500+0000] {processor.py:829} INFO - Processing file /opt/airflow/dags/dag_suivi.py for tasks to queue
[2026-06-19T13:14:08.501+0000] {logging_mixin.py:151} INFO - [2026-06-19T13:14:08.500+0000] {dagbag.py:536} INFO - Filling up the DagBag from /opt/airflow/dags/dag_suivi.py
[2026-06-19T13:14:08.517+0000] {processor.py:839} INFO - DAG(s) dict_keys(['pipeline_ingestion_suivi']) retrieved from /opt/airflow/dags/dag_suivi.py
[2026-06-19T13:14:08.541+0000] {logging_mixin.py:151} INFO - [2026-06-19T13:14:08.541+0000] {dag.py:2941} INFO - Sync 1 DAGs
[2026-06-19T13:14:08.559+0000] {logging_mixin.py:151} INFO - [2026-06-19T13:14:08.559+0000] {dag.py:3722} INFO - Setting next_dagrun for pipeline_ingestion_suivi to 2026-06-19T12:00:00+00:00, run_after=2026-06-19T13:00:00+00:00
[2026-06-19T13:14:08.577+0000] {processor.py:179} INFO - Processing /opt/airflow/dags/dag_suivi.py took 0.081 seconds
[2026-06-19T13:14:38.818+0000] {processor.py:157} INFO - Started process (PID=310) to work on /opt/airflow/dags/dag_suivi.py
[2026-06-19T13:14:38.819+0000] {processor.py:829} INFO - Processing file /opt/airflow/dags/dag_suivi.py for tasks to queue
[2026-06-19T13:14:38.819+0000] {logging_mixin.py:151} INFO - [2026-06-19T13:14:38.819+0000] {dagbag.py:536} INFO - Filling up the DagBag from /opt/airflow/dags/dag_suivi.py
[2026-06-19T13:14:38.837+0000] {processor.py:839} INFO - DAG(s) dict_keys(['pipeline_ingestion_suivi']) retrieved from /opt/airflow/dags/dag_suivi.py
[2026-06-19T13:14:38.861+0000] {logging_mixin.py:151} INFO - [2026-06-19T13:14:38.860+0000] {dag.py:2941} INFO - Sync 1 DAGs
[2026-06-19T13:14:38.878+0000] {logging_mixin.py:151} INFO - [2026-06-19T13:14:38.878+0000] {dag.py:3722} INFO - Setting next_dagrun for pipeline_ingestion_suivi to 2026-06-19T12:00:00+00:00, run_after=2026-06-19T13:00:00+00:00
[2026-06-19T13:14:38.896+0000] {processor.py:179} INFO - Processing /opt/airflow/dags/dag_suivi.py took 0.080 seconds
[2026-06-19T13:15:09.085+0000] {processor.py:157} INFO - Started process (PID=315) to work on /opt/airflow/dags/dag_suivi.py
[2026-06-19T13:15:09.086+0000] {processor.py:829} INFO - Processing file /opt/airflow/dags/dag_suivi.py for tasks to queue
[2026-06-19T13:15:09.087+0000] {logging_mixin.py:151} INFO - [2026-06-19T13:15:09.086+0000] {dagbag.py:536} INFO - Filling up the DagBag from /opt/airflow/dags/dag_suivi.py
[2026-06-19T13:15:09.105+0000] {processor.py:839} INFO - DAG(s) dict_keys(['pipeline_ingestion_suivi']) retrieved from /opt/airflow/dags/dag_suivi.py
[2026-06-19T13:15:09.130+0000] {logging_mixin.py:151} INFO - [2026-06-19T13:15:09.130+0000] {dag.py:2941} INFO - Sync 1 DAGs
[2026-06-19T13:15:09.148+0000] {logging_mixin.py:151} INFO - [2026-06-19T13:15:09.147+0000] {dag.py:3722} INFO - Setting next_dagrun for pipeline_ingestion_suivi to 2026-06-19T12:00:00+00:00, run_after=2026-06-19T13:00:00+00:00
[2026-06-19T13:15:09.167+0000] {processor.py:179} INFO - Processing /opt/airflow/dags/dag_suivi.py took 0.085 seconds
[2026-06-19T13:15:39.418+0000] {processor.py:157} INFO - Started process (PID=320) to work on /opt/airflow/dags/dag_suivi.py
[2026-06-19T13:15:39.419+0000] {processor.py:829} INFO - Processing file /opt/airflow/dags/dag_suivi.py for tasks to queue
[2026-06-19T13:15:39.420+0000] {logging_mixin.py:151} INFO - [2026-06-19T13:15:39.420+0000] {dagbag.py:536} INFO - Filling up the DagBag from /opt/airflow/dags/dag_suivi.py
[2026-06-19T13:15:39.437+0000] {processor.py:839} INFO - DAG(s) dict_keys(['pipeline_ingestion_suivi']) retrieved from /opt/airflow/dags/dag_suivi.py
[2026-06-19T13:15:39.461+0000] {logging_mixin.py:151} INFO - [2026-06-19T13:15:39.461+0000] {dag.py:2941} INFO - Sync 1 DAGs
[2026-06-19T13:15:39.480+0000] {logging_mixin.py:151} INFO - [2026-06-19T13:15:39.480+0000] {dag.py:3722} INFO - Setting next_dagrun for pipeline_ingestion_suivi to 2026-06-19T12:00:00+00:00, run_after=2026-06-19T13:00:00+00:00
[2026-06-19T13:15:39.498+0000] {processor.py:179} INFO - Processing /opt/airflow/dags/dag_suivi.py took 0.083 seconds
[2026-06-19T13:16:09.683+0000] {processor.py:157} INFO - Started process (PID=325) to work on /opt/airflow/dags/dag_suivi.py
[2026-06-19T13:16:09.684+0000] {processor.py:829} INFO - Processing file /opt/airflow/dags/dag_suivi.py for tasks to queue
[2026-06-19T13:16:09.685+0000] {logging_mixin.py:151} INFO - [2026-06-19T13:16:09.685+0000] {dagbag.py:536} INFO - Filling up the DagBag from /opt/airflow/dags/dag_suivi.py
[2026-06-19T13:16:09.702+0000] {processor.py:839} INFO - DAG(s) dict_keys(['pipeline_ingestion_suivi']) retrieved from /opt/airflow/dags/dag_suivi.py
[2026-06-19T13:16:09.728+0000] {logging_mixin.py:151} INFO - [2026-06-19T13:16:09.728+0000] {dag.py:2941} INFO - Sync 1 DAGs
[2026-06-19T13:16:09.747+0000] {logging_mixin.py:151} INFO - [2026-06-19T13:16:09.747+0000] {dag.py:3722} INFO - Setting next_dagrun for pipeline_ingestion_suivi to 2026-06-19T12:00:00+00:00, run_after=2026-06-19T13:00:00+00:00
[2026-06-19T13:16:09.764+0000] {processor.py:179} INFO - Processing /opt/airflow/dags/dag_suivi.py took 0.084 seconds
[2026-06-19T13:16:39.994+0000] {processor.py:157} INFO - Started process (PID=330) to work on /opt/airflow/dags/dag_suivi.py
[2026-06-19T13:16:39.995+0000] {processor.py:829} INFO - Processing file /opt/airflow/dags/dag_suivi.py for tasks to queue
[2026-06-19T13:16:39.996+0000] {logging_mixin.py:151} INFO - [2026-06-19T13:16:39.996+0000] {dagbag.py:536} INFO - Filling up the DagBag from /opt/airflow/dags/dag_suivi.py
[2026-06-19T13:16:40.014+0000] {processor.py:839} INFO - DAG(s) dict_keys(['pipeline_ingestion_suivi']) retrieved from /opt/airflow/dags/dag_suivi.py
[2026-06-19T13:16:40.037+0000] {logging_mixin.py:151} INFO - [2026-06-19T13:16:40.037+0000] {dag.py:2941} INFO - Sync 1 DAGs
[2026-06-19T13:16:40.056+0000] {logging_mixin.py:151} INFO - [2026-06-19T13:16:40.056+0000] {dag.py:3722} INFO - Setting next_dagrun for pipeline_ingestion_suivi to 2026-06-19T12:00:00+00:00, run_after=2026-06-19T13:00:00+00:00
[2026-06-19T13:16:40.075+0000] {processor.py:179} INFO - Processing /opt/airflow/dags/dag_suivi.py took 0.083 seconds
[2026-06-19T13:17:10.252+0000] {processor.py:157} INFO - Started process (PID=335) to work on /opt/airflow/dags/dag_suivi.py
[2026-06-19T13:17:10.253+0000] {processor.py:829} INFO - Processing file /opt/airflow/dags/dag_suivi.py for tasks to queue
[2026-06-19T13:17:10.253+0000] {logging_mixin.py:151} INFO - [2026-06-19T13:17:10.253+0000] {dagbag.py:536} INFO - Filling up the DagBag from /opt/airflow/dags/dag_suivi.py
[2026-06-19T13:17:10.273+0000] {processor.py:839} INFO - DAG(s) dict_keys(['pipeline_ingestion_suivi']) retrieved from /opt/airflow/dags/dag_suivi.py
[2026-06-19T13:17:10.297+0000] {logging_mixin.py:151} INFO - [2026-06-19T13:17:10.297+0000] {dag.py:2941} INFO - Sync 1 DAGs
[2026-06-19T13:17:10.317+0000] {logging_mixin.py:151} INFO - [2026-06-19T13:17:10.317+0000] {dag.py:3722} INFO - Setting next_dagrun for pipeline_ingestion_suivi to 2026-06-19T12:00:00+00:00, run_after=2026-06-19T13:00:00+00:00
[2026-06-19T13:17:10.346+0000] {processor.py:179} INFO - Processing /opt/airflow/dags/dag_suivi.py took 0.098 seconds
[2026-06-19T13:17:40.567+0000] {processor.py:157} INFO - Started process (PID=340) to work on /opt/airflow/dags/dag_suivi.py
[2026-06-19T13:17:40.568+0000] {processor.py:829} INFO - Processing file /opt/airflow/dags/dag_suivi.py for tasks to queue
[2026-06-19T13:17:40.569+0000] {logging_mixin.py:151} INFO - [2026-06-19T13:17:40.569+0000] {dagbag.py:536} INFO - Filling up the DagBag from /opt/airflow/dags/dag_suivi.py
[2026-06-19T13:17:40.585+0000] {processor.py:839} INFO - DAG(s) dict_keys(['pipeline_ingestion_suivi']) retrieved from /opt/airflow/dags/dag_suivi.py
[2026-06-19T13:17:40.608+0000] {logging_mixin.py:151} INFO - [2026-06-19T13:17:40.608+0000] {dag.py:2941} INFO - Sync 1 DAGs
[2026-06-19T13:17:40.626+0000] {logging_mixin.py:151} INFO - [2026-06-19T13:17:40.626+0000] {dag.py:3722} INFO - Setting next_dagrun for pipeline_ingestion_suivi to 2026-06-19T12:00:00+00:00, run_after=2026-06-19T13:00:00+00:00
[2026-06-19T13:17:40.654+0000] {processor.py:179} INFO - Processing /opt/airflow/dags/dag_suivi.py took 0.089 seconds
[2026-06-19T13:18:10.851+0000] {processor.py:157} INFO - Started process (PID=345) to work on /opt/airflow/dags/dag_suivi.py
[2026-06-19T13:18:10.852+0000] {processor.py:829} INFO - Processing file /opt/airflow/dags/dag_suivi.py for tasks to queue
[2026-06-19T13:18:10.853+0000] {logging_mixin.py:151} INFO - [2026-06-19T13:18:10.852+0000] {dagbag.py:536} INFO - Filling up the DagBag from /opt/airflow/dags/dag_suivi.py
[2026-06-19T13:18:10.871+0000] {processor.py:839} INFO - DAG(s) dict_keys(['pipeline_ingestion_suivi']) retrieved from /opt/airflow/dags/dag_suivi.py
[2026-06-19T13:18:10.894+0000] {logging_mixin.py:151} INFO - [2026-06-19T13:18:10.893+0000] {dag.py:2941} INFO - Sync 1 DAGs
[2026-06-19T13:18:10.910+0000] {logging_mixin.py:151} INFO - [2026-06-19T13:18:10.910+0000] {dag.py:3722} INFO - Setting next_dagrun for pipeline_ingestion_suivi to 2026-06-19T12:00:00+00:00, run_after=2026-06-19T13:00:00+00:00
[2026-06-19T13:18:10.928+0000] {processor.py:179} INFO - Processing /opt/airflow/dags/dag_suivi.py took 0.080 seconds
[2026-06-19T13:18:41.126+0000] {processor.py:157} INFO - Started process (PID=350) to work on /opt/airflow/dags/dag_suivi.py
[2026-06-19T13:18:41.126+0000] {processor.py:829} INFO - Processing file /opt/airflow/dags/dag_suivi.py for tasks to queue
[2026-06-19T13:18:41.127+0000] {logging_mixin.py:151} INFO - [2026-06-19T13:18:41.127+0000] {dagbag.py:536} INFO - Filling up the DagBag from /opt/airflow/dags/dag_suivi.py
[2026-06-19T13:18:41.144+0000] {processor.py:839} INFO - DAG(s) dict_keys(['pipeline_ingestion_suivi']) retrieved from /opt/airflow/dags/dag_suivi.py
[2026-06-19T13:18:41.168+0000] {logging_mixin.py:151} INFO - [2026-06-19T13:18:41.168+0000] {dag.py:2941} INFO - Sync 1 DAGs
[2026-06-19T13:18:41.185+0000] {logging_mixin.py:151} INFO - [2026-06-19T13:18:41.185+0000] {dag.py:3722} INFO - Setting next_dagrun for pipeline_ingestion_suivi to 2026-06-19T12:00:00+00:00, run_after=2026-06-19T13:00:00+00:00
[2026-06-19T13:18:41.203+0000] {processor.py:179} INFO - Processing /opt/airflow/dags/dag_suivi.py took 0.079 seconds
[2026-06-19T13:19:11.372+0000] {processor.py:157} INFO - Started process (PID=355) to work on /opt/airflow/dags/dag_suivi.py
[2026-06-19T13:19:11.373+0000] {processor.py:829} INFO - Processing file /opt/airflow/dags/dag_suivi.py for tasks to queue
[2026-06-19T13:19:11.374+0000] {logging_mixin.py:151} INFO - [2026-06-19T13:19:11.374+0000] {dagbag.py:536} INFO - Filling up the DagBag from /opt/airflow/dags/dag_suivi.py
[2026-06-19T13:19:11.392+0000] {processor.py:839} INFO - DAG(s) dict_keys(['pipeline_ingestion_suivi']) retrieved from /opt/airflow/dags/dag_suivi.py
[2026-06-19T13:19:11.415+0000] {logging_mixin.py:151} INFO - [2026-06-19T13:19:11.415+0000] {dag.py:2941} INFO - Sync 1 DAGs
[2026-06-19T13:19:11.433+0000] {logging_mixin.py:151} INFO - [2026-06-19T13:19:11.433+0000] {dag.py:3722} INFO - Setting next_dagrun for pipeline_ingestion_suivi to 2026-06-19T12:00:00+00:00, run_after=2026-06-19T13:00:00+00:00
[2026-06-19T13:19:11.454+0000] {processor.py:179} INFO - Processing /opt/airflow/dags/dag_suivi.py took 0.088 seconds
[2026-06-19T13:19:41.591+0000] {processor.py:157} INFO - Started process (PID=360) to work on /opt/airflow/dags/dag_suivi.py
[2026-06-19T13:19:41.592+0000] {processor.py:829} INFO - Processing file /opt/airflow/dags/dag_suivi.py for tasks to queue
[2026-06-19T13:19:41.593+0000] {logging_mixin.py:151} INFO - [2026-06-19T13:19:41.593+0000] {dagbag.py:536} INFO - Filling up the DagBag from /opt/airflow/dags/dag_suivi.py
[2026-06-19T13:19:41.612+0000] {processor.py:839} INFO - DAG(s) dict_keys(['pipeline_ingestion_suivi']) retrieved from /opt/airflow/dags/dag_suivi.py
[2026-06-19T13:19:41.635+0000] {logging_mixin.py:151} INFO - [2026-06-19T13:19:41.635+0000] {dag.py:2941} INFO - Sync 1 DAGs
[2026-06-19T13:19:41.653+0000] {logging_mixin.py:151} INFO - [2026-06-19T13:19:41.653+0000] {dag.py:3722} INFO - Setting next_dagrun for pipeline_ingestion_suivi to 2026-06-19T12:00:00+00:00, run_after=2026-06-19T13:00:00+00:00
[2026-06-19T13:19:41.671+0000] {processor.py:179} INFO - Processing /opt/airflow/dags/dag_suivi.py took 0.082 seconds
[2026-06-19T13:20:11.885+0000] {processor.py:157} INFO - Started process (PID=365) to work on /opt/airflow/dags/dag_suivi.py
[2026-06-19T13:20:11.886+0000] {processor.py:829} INFO - Processing file /opt/airflow/dags/dag_suivi.py for tasks to queue
[2026-06-19T13:20:11.887+0000] {logging_mixin.py:151} INFO - [2026-06-19T13:20:11.887+0000] {dagbag.py:536} INFO - Filling up the DagBag from /opt/airflow/dags/dag_suivi.py
[2026-06-19T13:20:11.903+0000] {processor.py:839} INFO - DAG(s) dict_keys(['pipeline_ingestion_suivi']) retrieved from /opt/airflow/dags/dag_suivi.py
[2026-06-19T13:20:11.924+0000] {logging_mixin.py:151} INFO - [2026-06-19T13:20:11.924+0000] {dag.py:2941} INFO - Sync 1 DAGs
[2026-06-19T13:20:11.942+0000] {logging_mixin.py:151} INFO - [2026-06-19T13:20:11.942+0000] {dag.py:3722} INFO - Setting next_dagrun for pipeline_ingestion_suivi to 2026-06-19T12:00:00+00:00, run_after=2026-06-19T13:00:00+00:00
[2026-06-19T13:20:11.960+0000] {processor.py:179} INFO - Processing /opt/airflow/dags/dag_suivi.py took 0.077 seconds
[2026-06-19T13:20:42.171+0000] {processor.py:157} INFO - Started process (PID=370) to work on /opt/airflow/dags/dag_suivi.py
[2026-06-19T13:20:42.172+0000] {processor.py:829} INFO - Processing file /opt/airflow/dags/dag_suivi.py for tasks to queue
[2026-06-19T13:20:42.173+0000] {logging_mixin.py:151} INFO - [2026-06-19T13:20:42.173+0000] {dagbag.py:536} INFO - Filling up the DagBag from /opt/airflow/dags/dag_suivi.py
[2026-06-19T13:20:42.191+0000] {processor.py:839} INFO - DAG(s) dict_keys(['pipeline_ingestion_suivi']) retrieved from /opt/airflow/dags/dag_suivi.py
[2026-06-19T13:20:42.215+0000] {logging_mixin.py:151} INFO - [2026-06-19T13:20:42.215+0000] {dag.py:2941} INFO - Sync 1 DAGs
[2026-06-19T13:20:42.232+0000] {logging_mixin.py:151} INFO - [2026-06-19T13:20:42.232+0000] {dag.py:3722} INFO - Setting next_dagrun for pipeline_ingestion_suivi to 2026-06-19T12:00:00+00:00, run_after=2026-06-19T13:00:00+00:00
[2026-06-19T13:20:42.252+0000] {processor.py:179} INFO - Processing /opt/airflow/dags/dag_suivi.py took 0.084 seconds
[2026-06-19T13:21:12.405+0000] {processor.py:157} INFO - Started process (PID=375) to work on /opt/airflow/dags/dag_suivi.py
[2026-06-19T13:21:12.406+0000] {processor.py:829} INFO - Processing file /opt/airflow/dags/dag_suivi.py for tasks to queue
[2026-06-19T13:21:12.407+0000] {logging_mixin.py:151} INFO - [2026-06-19T13:21:12.406+0000] {dagbag.py:536} INFO - Filling up the DagBag from /opt/airflow/dags/dag_suivi.py
[2026-06-19T13:21:12.424+0000] {processor.py:839} INFO - DAG(s) dict_keys(['pipeline_ingestion_suivi']) retrieved from /opt/airflow/dags/dag_suivi.py
[2026-06-19T13:21:12.447+0000] {logging_mixin.py:151} INFO - [2026-06-19T13:21:12.447+0000] {dag.py:2941} INFO - Sync 1 DAGs
[2026-06-19T13:21:12.465+0000] {logging_mixin.py:151} INFO - [2026-06-19T13:21:12.464+0000] {dag.py:3722} INFO - Setting next_dagrun for pipeline_ingestion_suivi to 2026-06-19T12:00:00+00:00, run_after=2026-06-19T13:00:00+00:00
[2026-06-19T13:21:12.482+0000] {processor.py:179} INFO - Processing /opt/airflow/dags/dag_suivi.py took 0.080 seconds
[2026-06-19T13:21:42.666+0000] {processor.py:157} INFO - Started process (PID=380) to work on /opt/airflow/dags/dag_suivi.py
[2026-06-19T13:21:42.667+0000] {processor.py:829} INFO - Processing file /opt/airflow/dags/dag_suivi.py for tasks to queue
[2026-06-19T13:21:42.667+0000] {logging_mixin.py:151} INFO - [2026-06-19T13:21:42.667+0000] {dagbag.py:536} INFO - Filling up the DagBag from /opt/airflow/dags/dag_suivi.py
[2026-06-19T13:21:42.689+0000] {processor.py:839} INFO - DAG(s) dict_keys(['pipeline_ingestion_suivi']) retrieved from /opt/airflow/dags/dag_suivi.py
[2026-06-19T13:21:42.713+0000] {logging_mixin.py:151} INFO - [2026-06-19T13:21:42.713+0000] {dag.py:2941} INFO - Sync 1 DAGs
[2026-06-19T13:21:42.730+0000] {logging_mixin.py:151} INFO - [2026-06-19T13:21:42.730+0000] {dag.py:3722} INFO - Setting next_dagrun for pipeline_ingestion_suivi to 2026-06-19T12:00:00+00:00, run_after=2026-06-19T13:00:00+00:00
[2026-06-19T13:21:42.747+0000] {processor.py:179} INFO - Processing /opt/airflow/dags/dag_suivi.py took 0.085 seconds
[2026-06-19T13:22:12.923+0000] {processor.py:157} INFO - Started process (PID=385) to work on /opt/airflow/dags/dag_suivi.py
[2026-06-19T13:22:12.924+0000] {processor.py:829} INFO - Processing file /opt/airflow/dags/dag_suivi.py for tasks to queue
[2026-06-19T13:22:12.925+0000] {logging_mixin.py:151} INFO - [2026-06-19T13:22:12.925+0000] {dagbag.py:536} INFO - Filling up the DagBag from /opt/airflow/dags/dag_suivi.py
[2026-06-19T13:22:12.944+0000] {processor.py:839} INFO - DAG(s) dict_keys(['pipeline_ingestion_suivi']) retrieved from /opt/airflow/dags/dag_suivi.py
[2026-06-19T13:22:12.970+0000] {logging_mixin.py:151} INFO - [2026-06-19T13:22:12.970+0000] {dag.py:2941} INFO - Sync 1 DAGs
[2026-06-19T13:22:12.989+0000] {logging_mixin.py:151} INFO - [2026-06-19T13:22:12.988+0000] {dag.py:3722} INFO - Setting next_dagrun for pipeline_ingestion_suivi to 2026-06-19T12:00:00+00:00, run_after=2026-06-19T13:00:00+00:00
[2026-06-19T13:22:13.007+0000] {processor.py:179} INFO - Processing /opt/airflow/dags/dag_suivi.py took 0.086 seconds
[2026-06-19T13:22:43.189+0000] {processor.py:157} INFO - Started process (PID=390) to work on /opt/airflow/dags/dag_suivi.py
[2026-06-19T13:22:43.190+0000] {processor.py:829} INFO - Processing file /opt/airflow/dags/dag_suivi.py for tasks to queue
[2026-06-19T13:22:43.191+0000] {logging_mixin.py:151} INFO - [2026-06-19T13:22:43.191+0000] {dagbag.py:536} INFO - Filling up the DagBag from /opt/airflow/dags/dag_suivi.py
[2026-06-19T13:22:43.209+0000] {processor.py:839} INFO - DAG(s) dict_keys(['pipeline_ingestion_suivi']) retrieved from /opt/airflow/dags/dag_suivi.py
[2026-06-19T13:22:43.232+0000] {logging_mixin.py:151} INFO - [2026-06-19T13:22:43.232+0000] {dag.py:2941} INFO - Sync 1 DAGs
[2026-06-19T13:22:43.250+0000] {logging_mixin.py:151} INFO - [2026-06-19T13:22:43.249+0000] {dag.py:3722} INFO - Setting next_dagrun for pipeline_ingestion_suivi to 2026-06-19T12:00:00+00:00, run_after=2026-06-19T13:00:00+00:00
[2026-06-19T13:22:43.267+0000] {processor.py:179} INFO - Processing /opt/airflow/dags/dag_suivi.py took 0.080 seconds
[2026-06-19T13:23:13.439+0000] {processor.py:157} INFO - Started process (PID=395) to work on /opt/airflow/dags/dag_suivi.py
[2026-06-19T13:23:13.440+0000] {processor.py:829} INFO - Processing file /opt/airflow/dags/dag_suivi.py for tasks to queue
[2026-06-19T13:23:13.440+0000] {logging_mixin.py:151} INFO - [2026-06-19T13:23:13.440+0000] {dagbag.py:536} INFO - Filling up the DagBag from /opt/airflow/dags/dag_suivi.py
[2026-06-19T13:23:13.458+0000] {processor.py:839} INFO - DAG(s) dict_keys(['pipeline_ingestion_suivi']) retrieved from /opt/airflow/dags/dag_suivi.py
[2026-06-19T13:23:13.481+0000] {logging_mixin.py:151} INFO - [2026-06-19T13:23:13.481+0000] {dag.py:2941} INFO - Sync 1 DAGs
[2026-06-19T13:23:13.498+0000] {logging_mixin.py:151} INFO - [2026-06-19T13:23:13.498+0000] {dag.py:3722} INFO - Setting next_dagrun for pipeline_ingestion_suivi to 2026-06-19T12:00:00+00:00, run_after=2026-06-19T13:00:00+00:00
[2026-06-19T13:23:13.515+0000] {processor.py:179} INFO - Processing /opt/airflow/dags/dag_suivi.py took 0.079 seconds
[2026-06-19T13:23:43.699+0000] {processor.py:157} INFO - Started process (PID=400) to work on /opt/airflow/dags/dag_suivi.py
[2026-06-19T13:23:43.700+0000] {processor.py:829} INFO - Processing file /opt/airflow/dags/dag_suivi.py for tasks to queue
[2026-06-19T13:23:43.701+0000] {logging_mixin.py:151} INFO - [2026-06-19T13:23:43.700+0000] {dagbag.py:536} INFO - Filling up the DagBag from /opt/airflow/dags/dag_suivi.py
[2026-06-19T13:23:43.718+0000] {processor.py:839} INFO - DAG(s) dict_keys(['pipeline_ingestion_suivi']) retrieved from /opt/airflow/dags/dag_suivi.py
[2026-06-19T13:23:43.740+0000] {logging_mixin.py:151} INFO - [2026-06-19T13:23:43.740+0000] {dag.py:2941} INFO - Sync 1 DAGs
[2026-06-19T13:23:43.758+0000] {logging_mixin.py:151} INFO - [2026-06-19T13:23:43.758+0000] {dag.py:3722} INFO - Setting next_dagrun for pipeline_ingestion_suivi to 2026-06-19T12:00:00+00:00, run_after=2026-06-19T13:00:00+00:00
[2026-06-19T13:23:43.775+0000] {processor.py:179} INFO - Processing /opt/airflow/dags/dag_suivi.py took 0.078 seconds
[2026-06-19T13:24:13.998+0000] {processor.py:157} INFO - Started process (PID=405) to work on /opt/airflow/dags/dag_suivi.py
[2026-06-19T13:24:13.999+0000] {processor.py:829} INFO - Processing file /opt/airflow/dags/dag_suivi.py for tasks to queue
[2026-06-19T13:24:14.000+0000] {logging_mixin.py:151} INFO - [2026-06-19T13:24:13.999+0000] {dagbag.py:536} INFO - Filling up the DagBag from /opt/airflow/dags/dag_suivi.py
[2026-06-19T13:24:14.015+0000] {processor.py:839} INFO - DAG(s) dict_keys(['pipeline_ingestion_suivi']) retrieved from /opt/airflow/dags/dag_suivi.py
[2026-06-19T13:24:14.037+0000] {logging_mixin.py:151} INFO - [2026-06-19T13:24:14.037+0000] {dag.py:2941} INFO - Sync 1 DAGs
[2026-06-19T13:24:14.056+0000] {logging_mixin.py:151} INFO - [2026-06-19T13:24:14.056+0000] {dag.py:3722} INFO - Setting next_dagrun for pipeline_ingestion_suivi to 2026-06-19T12:00:00+00:00, run_after=2026-06-19T13:00:00+00:00
[2026-06-19T13:24:14.076+0000] {processor.py:179} INFO - Processing /opt/airflow/dags/dag_suivi.py took 0.081 seconds
[2026-06-19T13:24:44.270+0000] {processor.py:157} INFO - Started process (PID=410) to work on /opt/airflow/dags/dag_suivi.py
[2026-06-19T13:24:44.270+0000] {processor.py:829} INFO - Processing file /opt/airflow/dags/dag_suivi.py for tasks to queue
[2026-06-19T13:24:44.271+0000] {logging_mixin.py:151} INFO - [2026-06-19T13:24:44.271+0000] {dagbag.py:536} INFO - Filling up the DagBag from /opt/airflow/dags/dag_suivi.py
[2026-06-19T13:24:44.288+0000] {processor.py:839} INFO - DAG(s) dict_keys(['pipeline_ingestion_suivi']) retrieved from /opt/airflow/dags/dag_suivi.py
[2026-06-19T13:24:44.312+0000] {logging_mixin.py:151} INFO - [2026-06-19T13:24:44.312+0000] {dag.py:2941} INFO - Sync 1 DAGs
[2026-06-19T13:24:44.330+0000] {logging_mixin.py:151} INFO - [2026-06-19T13:24:44.330+0000] {dag.py:3722} INFO - Setting next_dagrun for pipeline_ingestion_suivi to 2026-06-19T12:00:00+00:00, run_after=2026-06-19T13:00:00+00:00
[2026-06-19T13:24:44.359+0000] {processor.py:179} INFO - Processing /opt/airflow/dags/dag_suivi.py took 0.092 seconds
[2026-06-19T13:25:14.554+0000] {processor.py:157} INFO - Started process (PID=415) to work on /opt/airflow/dags/dag_suivi.py
[2026-06-19T13:25:14.555+0000] {processor.py:829} INFO - Processing file /opt/airflow/dags/dag_suivi.py for tasks to queue
[2026-06-19T13:25:14.556+0000] {logging_mixin.py:151} INFO - [2026-06-19T13:25:14.556+0000] {dagbag.py:536} INFO - Filling up the DagBag from /opt/airflow/dags/dag_suivi.py
[2026-06-19T13:25:14.571+0000] {processor.py:839} INFO - DAG(s) dict_keys(['pipeline_ingestion_suivi']) retrieved from /opt/airflow/dags/dag_suivi.py
[2026-06-19T13:25:14.594+0000] {logging_mixin.py:151} INFO - [2026-06-19T13:25:14.594+0000] {dag.py:2941} INFO - Sync 1 DAGs
[2026-06-19T13:25:14.613+0000] {logging_mixin.py:151} INFO - [2026-06-19T13:25:14.613+0000] {dag.py:3722} INFO - Setting next_dagrun for pipeline_ingestion_suivi to 2026-06-19T12:00:00+00:00, run_after=2026-06-19T13:00:00+00:00
[2026-06-19T13:25:14.633+0000] {processor.py:179} INFO - Processing /opt/airflow/dags/dag_suivi.py took 0.082 seconds
[2026-06-19T13:25:44.843+0000] {processor.py:157} INFO - Started process (PID=420) to work on /opt/airflow/dags/dag_suivi.py
[2026-06-19T13:25:44.843+0000] {processor.py:829} INFO - Processing file /opt/airflow/dags/dag_suivi.py for tasks to queue
[2026-06-19T13:25:44.844+0000] {logging_mixin.py:151} INFO - [2026-06-19T13:25:44.844+0000] {dagbag.py:536} INFO - Filling up the DagBag from /opt/airflow/dags/dag_suivi.py
[2026-06-19T13:25:44.862+0000] {processor.py:839} INFO - DAG(s) dict_keys(['pipeline_ingestion_suivi']) retrieved from /opt/airflow/dags/dag_suivi.py
[2026-06-19T13:25:44.887+0000] {logging_mixin.py:151} INFO - [2026-06-19T13:25:44.887+0000] {dag.py:2941} INFO - Sync 1 DAGs
[2026-06-19T13:25:44.906+0000] {logging_mixin.py:151} INFO - [2026-06-19T13:25:44.906+0000] {dag.py:3722} INFO - Setting next_dagrun for pipeline_ingestion_suivi to 2026-06-19T12:00:00+00:00, run_after=2026-06-19T13:00:00+00:00
[2026-06-19T13:25:44.924+0000] {processor.py:179} INFO - Processing /opt/airflow/dags/dag_suivi.py took 0.084 seconds
[2026-06-19T13:26:15.133+0000] {processor.py:157} INFO - Started process (PID=425) to work on /opt/airflow/dags/dag_suivi.py
[2026-06-19T13:26:15.133+0000] {processor.py:829} INFO - Processing file /opt/airflow/dags/dag_suivi.py for tasks to queue
[2026-06-19T13:26:15.134+0000] {logging_mixin.py:151} INFO - [2026-06-19T13:26:15.134+0000] {dagbag.py:536} INFO - Filling up the DagBag from /opt/airflow/dags/dag_suivi.py
[2026-06-19T13:26:15.153+0000] {processor.py:839} INFO - DAG(s) dict_keys(['pipeline_ingestion_suivi']) retrieved from /opt/airflow/dags/dag_suivi.py
[2026-06-19T13:26:15.176+0000] {logging_mixin.py:151} INFO - [2026-06-19T13:26:15.176+0000] {dag.py:2941} INFO - Sync 1 DAGs
[2026-06-19T13:26:15.194+0000] {logging_mixin.py:151} INFO - [2026-06-19T13:26:15.194+0000] {dag.py:3722} INFO - Setting next_dagrun for pipeline_ingestion_suivi to 2026-06-19T12:00:00+00:00, run_after=2026-06-19T13:00:00+00:00
[2026-06-19T13:26:15.212+0000] {processor.py:179} INFO - Processing /opt/airflow/dags/dag_suivi.py took 0.083 seconds
[2026-06-19T13:26:45.388+0000] {processor.py:157} INFO - Started process (PID=430) to work on /opt/airflow/dags/dag_suivi.py
[2026-06-19T13:26:45.389+0000] {processor.py:829} INFO - Processing file /opt/airflow/dags/dag_suivi.py for tasks to queue
[2026-06-19T13:26:45.390+0000] {logging_mixin.py:151} INFO - [2026-06-19T13:26:45.390+0000] {dagbag.py:536} INFO - Filling up the DagBag from /opt/airflow/dags/dag_suivi.py
[2026-06-19T13:26:45.406+0000] {processor.py:839} INFO - DAG(s) dict_keys(['pipeline_ingestion_suivi']) retrieved from /opt/airflow/dags/dag_suivi.py
[2026-06-19T13:26:45.432+0000] {logging_mixin.py:151} INFO - [2026-06-19T13:26:45.432+0000] {dag.py:2941} INFO - Sync 1 DAGs
[2026-06-19T13:26:45.450+0000] {logging_mixin.py:151} INFO - [2026-06-19T13:26:45.450+0000] {dag.py:3722} INFO - Setting next_dagrun for pipeline_ingestion_suivi to 2026-06-19T12:00:00+00:00, run_after=2026-06-19T13:00:00+00:00
[2026-06-19T13:26:45.467+0000] {processor.py:179} INFO - Processing /opt/airflow/dags/dag_suivi.py took 0.082 seconds
[2026-06-19T13:27:15.688+0000] {processor.py:157} INFO - Started process (PID=435) to work on /opt/airflow/dags/dag_suivi.py
[2026-06-19T13:27:15.689+0000] {processor.py:829} INFO - Processing file /opt/airflow/dags/dag_suivi.py for tasks to queue
[2026-06-19T13:27:15.690+0000] {logging_mixin.py:151} INFO - [2026-06-19T13:27:15.689+0000] {dagbag.py:536} INFO - Filling up the DagBag from /opt/airflow/dags/dag_suivi.py
[2026-06-19T13:27:15.717+0000] {processor.py:839} INFO - DAG(s) dict_keys(['pipeline_ingestion_suivi']) retrieved from /opt/airflow/dags/dag_suivi.py
[2026-06-19T13:27:15.742+0000] {logging_mixin.py:151} INFO - [2026-06-19T13:27:15.742+0000] {dag.py:2941} INFO - Sync 1 DAGs
[2026-06-19T13:27:15.762+0000] {logging_mixin.py:151} INFO - [2026-06-19T13:27:15.762+0000] {dag.py:3722} INFO - Setting next_dagrun for pipeline_ingestion_suivi to 2026-06-19T12:00:00+00:00, run_after=2026-06-19T13:00:00+00:00
[2026-06-19T13:27:15.798+0000] {processor.py:179} INFO - Processing /opt/airflow/dags/dag_suivi.py took 0.113 seconds
[2026-06-19T13:27:45.965+0000] {processor.py:157} INFO - Started process (PID=440) to work on /opt/airflow/dags/dag_suivi.py
[2026-06-19T13:27:45.965+0000] {processor.py:829} INFO - Processing file /opt/airflow/dags/dag_suivi.py for tasks to queue
[2026-06-19T13:27:45.966+0000] {logging_mixin.py:151} INFO - [2026-06-19T13:27:45.966+0000] {dagbag.py:536} INFO - Filling up the DagBag from /opt/airflow/dags/dag_suivi.py
[2026-06-19T13:27:45.985+0000] {processor.py:839} INFO - DAG(s) dict_keys(['pipeline_ingestion_suivi']) retrieved from /opt/airflow/dags/dag_suivi.py
[2026-06-19T13:27:46.010+0000] {logging_mixin.py:151} INFO - [2026-06-19T13:27:46.010+0000] {dag.py:2941} INFO - Sync 1 DAGs
[2026-06-19T13:27:46.029+0000] {logging_mixin.py:151} INFO - [2026-06-19T13:27:46.029+0000] {dag.py:3722} INFO - Setting next_dagrun for pipeline_ingestion_suivi to 2026-06-19T12:00:00+00:00, run_after=2026-06-19T13:00:00+00:00
[2026-06-19T13:27:46.055+0000] {processor.py:179} INFO - Processing /opt/airflow/dags/dag_suivi.py took 0.094 seconds
[2026-06-19T13:28:16.289+0000] {processor.py:157} INFO - Started process (PID=445) to work on /opt/airflow/dags/dag_suivi.py
[2026-06-19T13:28:16.289+0000] {processor.py:829} INFO - Processing file /opt/airflow/dags/dag_suivi.py for tasks to queue
[2026-06-19T13:28:16.290+0000] {logging_mixin.py:151} INFO - [2026-06-19T13:28:16.290+0000] {dagbag.py:536} INFO - Filling up the DagBag from /opt/airflow/dags/dag_suivi.py
[2026-06-19T13:28:16.306+0000] {processor.py:839} INFO - DAG(s) dict_keys(['pipeline_ingestion_suivi']) retrieved from /opt/airflow/dags/dag_suivi.py
[2026-06-19T13:28:16.329+0000] {logging_mixin.py:151} INFO - [2026-06-19T13:28:16.328+0000] {dag.py:2941} INFO - Sync 1 DAGs
[2026-06-19T13:28:16.350+0000] {logging_mixin.py:151} INFO - [2026-06-19T13:28:16.350+0000] {dag.py:3722} INFO - Setting next_dagrun for pipeline_ingestion_suivi to 2026-06-19T12:00:00+00:00, run_after=2026-06-19T13:00:00+00:00
[2026-06-19T13:28:16.371+0000] {processor.py:179} INFO - Processing /opt/airflow/dags/dag_suivi.py took 0.085 seconds
[2026-06-19T13:28:46.532+0000] {processor.py:157} INFO - Started process (PID=450) to work on /opt/airflow/dags/dag_suivi.py
[2026-06-19T13:28:46.532+0000] {processor.py:829} INFO - Processing file /opt/airflow/dags/dag_suivi.py for tasks to queue
[2026-06-19T13:28:46.533+0000] {logging_mixin.py:151} INFO - [2026-06-19T13:28:46.533+0000] {dagbag.py:536} INFO - Filling up the DagBag from /opt/airflow/dags/dag_suivi.py
[2026-06-19T13:28:46.549+0000] {processor.py:839} INFO - DAG(s) dict_keys(['pipeline_ingestion_suivi']) retrieved from /opt/airflow/dags/dag_suivi.py
[2026-06-19T13:28:46.574+0000] {logging_mixin.py:151} INFO - [2026-06-19T13:28:46.574+0000] {dag.py:2941} INFO - Sync 1 DAGs
[2026-06-19T13:28:46.592+0000] {logging_mixin.py:151} INFO - [2026-06-19T13:28:46.592+0000] {dag.py:3722} INFO - Setting next_dagrun for pipeline_ingestion_suivi to 2026-06-19T12:00:00+00:00, run_after=2026-06-19T13:00:00+00:00
[2026-06-19T13:28:46.619+0000] {processor.py:179} INFO - Processing /opt/airflow/dags/dag_suivi.py took 0.090 seconds
[2026-06-19T13:29:16.818+0000] {processor.py:157} INFO - Started process (PID=455) to work on /opt/airflow/dags/dag_suivi.py
[2026-06-19T13:29:16.818+0000] {processor.py:829} INFO - Processing file /opt/airflow/dags/dag_suivi.py for tasks to queue
[2026-06-19T13:29:16.819+0000] {logging_mixin.py:151} INFO - [2026-06-19T13:29:16.819+0000] {dagbag.py:536} INFO - Filling up the DagBag from /opt/airflow/dags/dag_suivi.py
[2026-06-19T13:29:16.836+0000] {processor.py:839} INFO - DAG(s) dict_keys(['pipeline_ingestion_suivi']) retrieved from /opt/airflow/dags/dag_suivi.py
[2026-06-19T13:29:16.861+0000] {logging_mixin.py:151} INFO - [2026-06-19T13:29:16.861+0000] {dag.py:2941} INFO - Sync 1 DAGs
[2026-06-19T13:29:16.879+0000] {logging_mixin.py:151} INFO - [2026-06-19T13:29:16.879+0000] {dag.py:3722} INFO - Setting next_dagrun for pipeline_ingestion_suivi to 2026-06-19T12:00:00+00:00, run_after=2026-06-19T13:00:00+00:00
[2026-06-19T13:29:16.899+0000] {processor.py:179} INFO - Processing /opt/airflow/dags/dag_suivi.py took 0.084 seconds
[2026-06-19T13:29:47.105+0000] {processor.py:157} INFO - Started process (PID=460) to work on /opt/airflow/dags/dag_suivi.py
[2026-06-19T13:29:47.106+0000] {processor.py:829} INFO - Processing file /opt/airflow/dags/dag_suivi.py for tasks to queue
[2026-06-19T13:29:47.107+0000] {logging_mixin.py:151} INFO - [2026-06-19T13:29:47.107+0000] {dagbag.py:536} INFO - Filling up the DagBag from /opt/airflow/dags/dag_suivi.py
[2026-06-19T13:29:47.126+0000] {processor.py:839} INFO - DAG(s) dict_keys(['pipeline_ingestion_suivi']) retrieved from /opt/airflow/dags/dag_suivi.py
[2026-06-19T13:29:47.149+0000] {logging_mixin.py:151} INFO - [2026-06-19T13:29:47.149+0000] {dag.py:2941} INFO - Sync 1 DAGs
[2026-06-19T13:29:47.167+0000] {logging_mixin.py:151} INFO - [2026-06-19T13:29:47.167+0000] {dag.py:3722} INFO - Setting next_dagrun for pipeline_ingestion_suivi to 2026-06-19T12:00:00+00:00, run_after=2026-06-19T13:00:00+00:00
[2026-06-19T13:29:47.186+0000] {processor.py:179} INFO - Processing /opt/airflow/dags/dag_suivi.py took 0.083 seconds
[2026-06-19T13:30:17.362+0000] {processor.py:157} INFO - Started process (PID=465) to work on /opt/airflow/dags/dag_suivi.py
[2026-06-19T13:30:17.363+0000] {processor.py:829} INFO - Processing file /opt/airflow/dags/dag_suivi.py for tasks to queue
[2026-06-19T13:30:17.364+0000] {logging_mixin.py:151} INFO - [2026-06-19T13:30:17.364+0000] {dagbag.py:536} INFO - Filling up the DagBag from /opt/airflow/dags/dag_suivi.py
[2026-06-19T13:30:17.384+0000] {processor.py:839} INFO - DAG(s) dict_keys(['pipeline_ingestion_suivi']) retrieved from /opt/airflow/dags/dag_suivi.py
[2026-06-19T13:30:17.411+0000] {logging_mixin.py:151} INFO - [2026-06-19T13:30:17.411+0000] {dag.py:2941} INFO - Sync 1 DAGs
[2026-06-19T13:30:17.430+0000] {logging_mixin.py:151} INFO - [2026-06-19T13:30:17.429+0000] {dag.py:3722} INFO - Setting next_dagrun for pipeline_ingestion_suivi to 2026-06-19T12:00:00+00:00, run_after=2026-06-19T13:00:00+00:00
[2026-06-19T13:30:17.448+0000] {processor.py:179} INFO - Processing /opt/airflow/dags/dag_suivi.py took 0.090 seconds
[2026-06-19T13:30:47.687+0000] {processor.py:157} INFO - Started process (PID=470) to work on /opt/airflow/dags/dag_suivi.py
[2026-06-19T13:30:47.687+0000] {processor.py:829} INFO - Processing file /opt/airflow/dags/dag_suivi.py for tasks to queue
[2026-06-19T13:30:47.689+0000] {logging_mixin.py:151} INFO - [2026-06-19T13:30:47.688+0000] {dagbag.py:536} INFO - Filling up the DagBag from /opt/airflow/dags/dag_suivi.py
[2026-06-19T13:30:47.705+0000] {processor.py:839} INFO - DAG(s) dict_keys(['pipeline_ingestion_suivi']) retrieved from /opt/airflow/dags/dag_suivi.py
[2026-06-19T13:30:47.729+0000] {logging_mixin.py:151} INFO - [2026-06-19T13:30:47.728+0000] {dag.py:2941} INFO - Sync 1 DAGs
[2026-06-19T13:30:47.749+0000] {logging_mixin.py:151} INFO - [2026-06-19T13:30:47.748+0000] {dag.py:3722} INFO - Setting next_dagrun for pipeline_ingestion_suivi to 2026-06-19T12:00:00+00:00, run_after=2026-06-19T13:00:00+00:00
[2026-06-19T13:30:47.766+0000] {processor.py:179} INFO - Processing /opt/airflow/dags/dag_suivi.py took 0.082 seconds
[2026-06-19T13:31:17.923+0000] {processor.py:157} INFO - Started process (PID=475) to work on /opt/airflow/dags/dag_suivi.py
[2026-06-19T13:31:17.924+0000] {processor.py:829} INFO - Processing file /opt/airflow/dags/dag_suivi.py for tasks to queue
[2026-06-19T13:31:17.925+0000] {logging_mixin.py:151} INFO - [2026-06-19T13:31:17.924+0000] {dagbag.py:536} INFO - Filling up the DagBag from /opt/airflow/dags/dag_suivi.py
[2026-06-19T13:31:17.943+0000] {processor.py:839} INFO - DAG(s) dict_keys(['pipeline_ingestion_suivi']) retrieved from /opt/airflow/dags/dag_suivi.py
[2026-06-19T13:31:17.968+0000] {logging_mixin.py:151} INFO - [2026-06-19T13:31:17.968+0000] {dag.py:2941} INFO - Sync 1 DAGs
[2026-06-19T13:31:17.986+0000] {logging_mixin.py:151} INFO - [2026-06-19T13:31:17.985+0000] {dag.py:3722} INFO - Setting next_dagrun for pipeline_ingestion_suivi to 2026-06-19T12:00:00+00:00, run_after=2026-06-19T13:00:00+00:00
[2026-06-19T13:31:18.002+0000] {processor.py:179} INFO - Processing /opt/airflow/dags/dag_suivi.py took 0.082 seconds
[2026-06-19T13:31:48.213+0000] {processor.py:157} INFO - Started process (PID=480) to work on /opt/airflow/dags/dag_suivi.py
[2026-06-19T13:31:48.214+0000] {processor.py:829} INFO - Processing file /opt/airflow/dags/dag_suivi.py for tasks to queue
[2026-06-19T13:31:48.214+0000] {logging_mixin.py:151} INFO - [2026-06-19T13:31:48.214+0000] {dagbag.py:536} INFO - Filling up the DagBag from /opt/airflow/dags/dag_suivi.py
[2026-06-19T13:31:48.232+0000] {processor.py:839} INFO - DAG(s) dict_keys(['pipeline_ingestion_suivi']) retrieved from /opt/airflow/dags/dag_suivi.py
[2026-06-19T13:31:48.257+0000] {logging_mixin.py:151} INFO - [2026-06-19T13:31:48.257+0000] {dag.py:2941} INFO - Sync 1 DAGs
[2026-06-19T13:31:48.274+0000] {logging_mixin.py:151} INFO - [2026-06-19T13:31:48.273+0000] {dag.py:3722} INFO - Setting next_dagrun for pipeline_ingestion_suivi to 2026-06-19T12:00:00+00:00, run_after=2026-06-19T13:00:00+00:00
[2026-06-19T13:31:48.290+0000] {processor.py:179} INFO - Processing /opt/airflow/dags/dag_suivi.py took 0.080 seconds
[2026-06-19T13:32:18.476+0000] {processor.py:157} INFO - Started process (PID=485) to work on /opt/airflow/dags/dag_suivi.py
[2026-06-19T13:32:18.477+0000] {processor.py:829} INFO - Processing file /opt/airflow/dags/dag_suivi.py for tasks to queue
[2026-06-19T13:32:18.477+0000] {logging_mixin.py:151} INFO - [2026-06-19T13:32:18.477+0000] {dagbag.py:536} INFO - Filling up the DagBag from /opt/airflow/dags/dag_suivi.py
[2026-06-19T13:32:18.495+0000] {processor.py:839} INFO - DAG(s) dict_keys(['pipeline_ingestion_suivi']) retrieved from /opt/airflow/dags/dag_suivi.py
[2026-06-19T13:32:18.518+0000] {logging_mixin.py:151} INFO - [2026-06-19T13:32:18.518+0000] {dag.py:2941} INFO - Sync 1 DAGs
[2026-06-19T13:32:18.535+0000] {logging_mixin.py:151} INFO - [2026-06-19T13:32:18.535+0000] {dag.py:3722} INFO - Setting next_dagrun for pipeline_ingestion_suivi to 2026-06-19T12:00:00+00:00, run_after=2026-06-19T13:00:00+00:00
[2026-06-19T13:32:18.551+0000] {processor.py:179} INFO - Processing /opt/airflow/dags/dag_suivi.py took 0.078 seconds
[2026-06-19T13:32:48.753+0000] {processor.py:157} INFO - Started process (PID=490) to work on /opt/airflow/dags/dag_suivi.py
[2026-06-19T13:32:48.754+0000] {processor.py:829} INFO - Processing file /opt/airflow/dags/dag_suivi.py for tasks to queue
[2026-06-19T13:32:48.755+0000] {logging_mixin.py:151} INFO - [2026-06-19T13:32:48.754+0000] {dagbag.py:536} INFO - Filling up the DagBag from /opt/airflow/dags/dag_suivi.py
[2026-06-19T13:32:48.771+0000] {processor.py:839} INFO - DAG(s) dict_keys(['pipeline_ingestion_suivi']) retrieved from /opt/airflow/dags/dag_suivi.py
[2026-06-19T13:32:48.795+0000] {logging_mixin.py:151} INFO - [2026-06-19T13:32:48.795+0000] {dag.py:2941} INFO - Sync 1 DAGs
[2026-06-19T13:32:48.813+0000] {logging_mixin.py:151} INFO - [2026-06-19T13:32:48.813+0000] {dag.py:3722} INFO - Setting next_dagrun for pipeline_ingestion_suivi to 2026-06-19T12:00:00+00:00, run_after=2026-06-19T13:00:00+00:00
[2026-06-19T13:32:48.835+0000] {processor.py:179} INFO - Processing /opt/airflow/dags/dag_suivi.py took 0.084 seconds
[2026-06-19T13:33:19.006+0000] {processor.py:157} INFO - Started process (PID=495) to work on /opt/airflow/dags/dag_suivi.py
[2026-06-19T13:33:19.007+0000] {processor.py:829} INFO - Processing file /opt/airflow/dags/dag_suivi.py for tasks to queue
[2026-06-19T13:33:19.007+0000] {logging_mixin.py:151} INFO - [2026-06-19T13:33:19.007+0000] {dagbag.py:536} INFO - Filling up the DagBag from /opt/airflow/dags/dag_suivi.py
[2026-06-19T13:33:19.024+0000] {processor.py:839} INFO - DAG(s) dict_keys(['pipeline_ingestion_suivi']) retrieved from /opt/airflow/dags/dag_suivi.py
[2026-06-19T13:33:19.046+0000] {logging_mixin.py:151} INFO - [2026-06-19T13:33:19.046+0000] {dag.py:2941} INFO - Sync 1 DAGs
[2026-06-19T13:33:19.066+0000] {logging_mixin.py:151} INFO - [2026-06-19T13:33:19.066+0000] {dag.py:3722} INFO - Setting next_dagrun for pipeline_ingestion_suivi to 2026-06-19T12:00:00+00:00, run_after=2026-06-19T13:00:00+00:00
[2026-06-19T13:33:19.083+0000] {processor.py:179} INFO - Processing /opt/airflow/dags/dag_suivi.py took 0.080 seconds
[2026-06-19T13:33:49.287+0000] {processor.py:157} INFO - Started process (PID=500) to work on /opt/airflow/dags/dag_suivi.py
[2026-06-19T13:33:49.288+0000] {processor.py:829} INFO - Processing file /opt/airflow/dags/dag_suivi.py for tasks to queue
[2026-06-19T13:33:49.289+0000] {logging_mixin.py:151} INFO - [2026-06-19T13:33:49.289+0000] {dagbag.py:536} INFO - Filling up the DagBag from /opt/airflow/dags/dag_suivi.py
[2026-06-19T13:33:49.305+0000] {processor.py:839} INFO - DAG(s) dict_keys(['pipeline_ingestion_suivi']) retrieved from /opt/airflow/dags/dag_suivi.py
[2026-06-19T13:33:49.330+0000] {logging_mixin.py:151} INFO - [2026-06-19T13:33:49.330+0000] {dag.py:2941} INFO - Sync 1 DAGs
[2026-06-19T13:33:49.349+0000] {logging_mixin.py:151} INFO - [2026-06-19T13:33:49.349+0000] {dag.py:3722} INFO - Setting next_dagrun for pipeline_ingestion_suivi to 2026-06-19T12:00:00+00:00, run_after=2026-06-19T13:00:00+00:00
[2026-06-19T13:33:49.366+0000] {processor.py:179} INFO - Processing /opt/airflow/dags/dag_suivi.py took 0.081 seconds
[2026-06-19T13:34:19.544+0000] {processor.py:157} INFO - Started process (PID=505) to work on /opt/airflow/dags/dag_suivi.py
[2026-06-19T13:34:19.545+0000] {processor.py:829} INFO - Processing file /opt/airflow/dags/dag_suivi.py for tasks to queue
[2026-06-19T13:34:19.546+0000] {logging_mixin.py:151} INFO - [2026-06-19T13:34:19.546+0000] {dagbag.py:536} INFO - Filling up the DagBag from /opt/airflow/dags/dag_suivi.py
[2026-06-19T13:34:19.566+0000] {processor.py:839} INFO - DAG(s) dict_keys(['pipeline_ingestion_suivi']) retrieved from /opt/airflow/dags/dag_suivi.py
[2026-06-19T13:34:19.594+0000] {logging_mixin.py:151} INFO - [2026-06-19T13:34:19.594+0000] {dag.py:2941} INFO - Sync 1 DAGs
[2026-06-19T13:34:19.613+0000] {logging_mixin.py:151} INFO - [2026-06-19T13:34:19.613+0000] {dag.py:3722} INFO - Setting next_dagrun for pipeline_ingestion_suivi to 2026-06-19T12:00:00+00:00, run_after=2026-06-19T13:00:00+00:00
[2026-06-19T13:34:19.630+0000] {processor.py:179} INFO - Processing /opt/airflow/dags/dag_suivi.py took 0.090 seconds
[2026-06-19T13:34:49.822+0000] {processor.py:157} INFO - Started process (PID=510) to work on /opt/airflow/dags/dag_suivi.py
[2026-06-19T13:34:49.822+0000] {processor.py:829} INFO - Processing file /opt/airflow/dags/dag_suivi.py for tasks to queue
[2026-06-19T13:34:49.823+0000] {logging_mixin.py:151} INFO - [2026-06-19T13:34:49.823+0000] {dagbag.py:536} INFO - Filling up the DagBag from /opt/airflow/dags/dag_suivi.py
[2026-06-19T13:34:49.843+0000] {processor.py:839} INFO - DAG(s) dict_keys(['pipeline_ingestion_suivi']) retrieved from /opt/airflow/dags/dag_suivi.py
[2026-06-19T13:34:49.868+0000] {logging_mixin.py:151} INFO - [2026-06-19T13:34:49.867+0000] {dag.py:2941} INFO - Sync 1 DAGs
[2026-06-19T13:34:49.886+0000] {logging_mixin.py:151} INFO - [2026-06-19T13:34:49.886+0000] {dag.py:3722} INFO - Setting next_dagrun for pipeline_ingestion_suivi to 2026-06-19T12:00:00+00:00, run_after=2026-06-19T13:00:00+00:00
[2026-06-19T13:34:49.902+0000] {processor.py:179} INFO - Processing /opt/airflow/dags/dag_suivi.py took 0.084 seconds
[2026-06-19T13:35:20.106+0000] {processor.py:157} INFO - Started process (PID=515) to work on /opt/airflow/dags/dag_suivi.py
[2026-06-19T13:35:20.107+0000] {processor.py:829} INFO - Processing file /opt/airflow/dags/dag_suivi.py for tasks to queue
[2026-06-19T13:35:20.108+0000] {logging_mixin.py:151} INFO - [2026-06-19T13:35:20.107+0000] {dagbag.py:536} INFO - Filling up the DagBag from /opt/airflow/dags/dag_suivi.py
[2026-06-19T13:35:20.123+0000] {processor.py:839} INFO - DAG(s) dict_keys(['pipeline_ingestion_suivi']) retrieved from /opt/airflow/dags/dag_suivi.py
[2026-06-19T13:35:20.145+0000] {logging_mixin.py:151} INFO - [2026-06-19T13:35:20.145+0000] {dag.py:2941} INFO - Sync 1 DAGs
[2026-06-19T13:35:20.163+0000] {logging_mixin.py:151} INFO - [2026-06-19T13:35:20.163+0000] {dag.py:3722} INFO - Setting next_dagrun for pipeline_ingestion_suivi to 2026-06-19T12:00:00+00:00, run_after=2026-06-19T13:00:00+00:00
[2026-06-19T13:35:20.184+0000] {processor.py:179} INFO - Processing /opt/airflow/dags/dag_suivi.py took 0.080 seconds
[2026-06-19T13:35:50.411+0000] {processor.py:157} INFO - Started process (PID=520) to work on /opt/airflow/dags/dag_suivi.py
[2026-06-19T13:35:50.412+0000] {processor.py:829} INFO - Processing file /opt/airflow/dags/dag_suivi.py for tasks to queue
[2026-06-19T13:35:50.412+0000] {logging_mixin.py:151} INFO - [2026-06-19T13:35:50.412+0000] {dagbag.py:536} INFO - Filling up the DagBag from /opt/airflow/dags/dag_suivi.py
[2026-06-19T13:35:50.432+0000] {processor.py:839} INFO - DAG(s) dict_keys(['pipeline_ingestion_suivi']) retrieved from /opt/airflow/dags/dag_suivi.py
[2026-06-19T13:35:50.457+0000] {logging_mixin.py:151} INFO - [2026-06-19T13:35:50.456+0000] {dag.py:2941} INFO - Sync 1 DAGs
[2026-06-19T13:35:50.474+0000] {logging_mixin.py:151} INFO - [2026-06-19T13:35:50.474+0000] {dag.py:3722} INFO - Setting next_dagrun for pipeline_ingestion_suivi to 2026-06-19T12:00:00+00:00, run_after=2026-06-19T13:00:00+00:00
[2026-06-19T13:35:50.491+0000] {processor.py:179} INFO - Processing /opt/airflow/dags/dag_suivi.py took 0.083 seconds
[2026-06-19T13:36:20.651+0000] {processor.py:157} INFO - Started process (PID=525) to work on /opt/airflow/dags/dag_suivi.py
[2026-06-19T13:36:20.652+0000] {processor.py:829} INFO - Processing file /opt/airflow/dags/dag_suivi.py for tasks to queue
[2026-06-19T13:36:20.653+0000] {logging_mixin.py:151} INFO - [2026-06-19T13:36:20.653+0000] {dagbag.py:536} INFO - Filling up the DagBag from /opt/airflow/dags/dag_suivi.py
[2026-06-19T13:36:20.669+0000] {processor.py:839} INFO - DAG(s) dict_keys(['pipeline_ingestion_suivi']) retrieved from /opt/airflow/dags/dag_suivi.py
[2026-06-19T13:36:20.691+0000] {logging_mixin.py:151} INFO - [2026-06-19T13:36:20.691+0000] {dag.py:2941} INFO - Sync 1 DAGs
[2026-06-19T13:36:20.710+0000] {logging_mixin.py:151} INFO - [2026-06-19T13:36:20.710+0000] {dag.py:3722} INFO - Setting next_dagrun for pipeline_ingestion_suivi to 2026-06-19T12:00:00+00:00, run_after=2026-06-19T13:00:00+00:00
[2026-06-19T13:36:20.732+0000] {processor.py:179} INFO - Processing /opt/airflow/dags/dag_suivi.py took 0.084 seconds
[2026-06-19T13:36:50.977+0000] {processor.py:157} INFO - Started process (PID=530) to work on /opt/airflow/dags/dag_suivi.py
[2026-06-19T13:36:50.978+0000] {processor.py:829} INFO - Processing file /opt/airflow/dags/dag_suivi.py for tasks to queue
[2026-06-19T13:36:50.978+0000] {logging_mixin.py:151} INFO - [2026-06-19T13:36:50.978+0000] {dagbag.py:536} INFO - Filling up the DagBag from /opt/airflow/dags/dag_suivi.py
[2026-06-19T13:36:50.996+0000] {processor.py:839} INFO - DAG(s) dict_keys(['pipeline_ingestion_suivi']) retrieved from /opt/airflow/dags/dag_suivi.py
[2026-06-19T13:36:51.018+0000] {logging_mixin.py:151} INFO - [2026-06-19T13:36:51.018+0000] {dag.py:2941} INFO - Sync 1 DAGs
[2026-06-19T13:36:51.037+0000] {logging_mixin.py:151} INFO - [2026-06-19T13:36:51.037+0000] {dag.py:3722} INFO - Setting next_dagrun for pipeline_ingestion_suivi to 2026-06-19T12:00:00+00:00, run_after=2026-06-19T13:00:00+00:00
[2026-06-19T13:36:51.054+0000] {processor.py:179} INFO - Processing /opt/airflow/dags/dag_suivi.py took 0.080 seconds
[2026-06-19T13:37:21.208+0000] {processor.py:157} INFO - Started process (PID=535) to work on /opt/airflow/dags/dag_suivi.py
[2026-06-19T13:37:21.209+0000] {processor.py:829} INFO - Processing file /opt/airflow/dags/dag_suivi.py for tasks to queue
[2026-06-19T13:37:21.210+0000] {logging_mixin.py:151} INFO - [2026-06-19T13:37:21.210+0000] {dagbag.py:536} INFO - Filling up the DagBag from /opt/airflow/dags/dag_suivi.py
[2026-06-19T13:37:21.226+0000] {processor.py:839} INFO - DAG(s) dict_keys(['pipeline_ingestion_suivi']) retrieved from /opt/airflow/dags/dag_suivi.py
[2026-06-19T13:37:21.256+0000] {logging_mixin.py:151} INFO - [2026-06-19T13:37:21.256+0000] {dag.py:2941} INFO - Sync 1 DAGs
[2026-06-19T13:37:21.281+0000] {logging_mixin.py:151} INFO - [2026-06-19T13:37:21.281+0000] {dag.py:3722} INFO - Setting next_dagrun for pipeline_ingestion_suivi to 2026-06-19T12:00:00+00:00, run_after=2026-06-19T13:00:00+00:00
[2026-06-19T13:37:21.298+0000] {processor.py:179} INFO - Processing /opt/airflow/dags/dag_suivi.py took 0.092 seconds
[2026-06-19T13:37:51.494+0000] {processor.py:157} INFO - Started process (PID=540) to work on /opt/airflow/dags/dag_suivi.py
[2026-06-19T13:37:51.495+0000] {processor.py:829} INFO - Processing file /opt/airflow/dags/dag_suivi.py for tasks to queue
[2026-06-19T13:37:51.496+0000] {logging_mixin.py:151} INFO - [2026-06-19T13:37:51.496+0000] {dagbag.py:536} INFO - Filling up the DagBag from /opt/airflow/dags/dag_suivi.py
[2026-06-19T13:37:51.512+0000] {processor.py:839} INFO - DAG(s) dict_keys(['pipeline_ingestion_suivi']) retrieved from /opt/airflow/dags/dag_suivi.py
[2026-06-19T13:37:51.534+0000] {logging_mixin.py:151} INFO - [2026-06-19T13:37:51.534+0000] {dag.py:2941} INFO - Sync 1 DAGs
[2026-06-19T13:37:51.550+0000] {logging_mixin.py:151} INFO - [2026-06-19T13:37:51.550+0000] {dag.py:3722} INFO - Setting next_dagrun for pipeline_ingestion_suivi to 2026-06-19T12:00:00+00:00, run_after=2026-06-19T13:00:00+00:00
[2026-06-19T13:37:51.570+0000] {processor.py:179} INFO - Processing /opt/airflow/dags/dag_suivi.py took 0.079 seconds
[2026-06-19T13:38:21.755+0000] {processor.py:157} INFO - Started process (PID=545) to work on /opt/airflow/dags/dag_suivi.py
[2026-06-19T13:38:21.756+0000] {processor.py:829} INFO - Processing file /opt/airflow/dags/dag_suivi.py for tasks to queue
[2026-06-19T13:38:21.757+0000] {logging_mixin.py:151} INFO - [2026-06-19T13:38:21.757+0000] {dagbag.py:536} INFO - Filling up the DagBag from /opt/airflow/dags/dag_suivi.py
[2026-06-19T13:38:21.777+0000] {processor.py:839} INFO - DAG(s) dict_keys(['pipeline_ingestion_suivi']) retrieved from /opt/airflow/dags/dag_suivi.py
[2026-06-19T13:38:21.801+0000] {logging_mixin.py:151} INFO - [2026-06-19T13:38:21.801+0000] {dag.py:2941} INFO - Sync 1 DAGs
[2026-06-19T13:38:21.820+0000] {logging_mixin.py:151} INFO - [2026-06-19T13:38:21.819+0000] {dag.py:3722} INFO - Setting next_dagrun for pipeline_ingestion_suivi to 2026-06-19T12:00:00+00:00, run_after=2026-06-19T13:00:00+00:00
[2026-06-19T13:38:21.837+0000] {processor.py:179} INFO - Processing /opt/airflow/dags/dag_suivi.py took 0.085 seconds
[2026-06-19T13:38:52.058+0000] {processor.py:157} INFO - Started process (PID=550) to work on /opt/airflow/dags/dag_suivi.py
[2026-06-19T13:38:52.058+0000] {processor.py:829} INFO - Processing file /opt/airflow/dags/dag_suivi.py for tasks to queue
[2026-06-19T13:38:52.059+0000] {logging_mixin.py:151} INFO - [2026-06-19T13:38:52.059+0000] {dagbag.py:536} INFO - Filling up the DagBag from /opt/airflow/dags/dag_suivi.py
[2026-06-19T13:38:52.075+0000] {processor.py:839} INFO - DAG(s) dict_keys(['pipeline_ingestion_suivi']) retrieved from /opt/airflow/dags/dag_suivi.py
[2026-06-19T13:38:52.099+0000] {logging_mixin.py:151} INFO - [2026-06-19T13:38:52.099+0000] {dag.py:2941} INFO - Sync 1 DAGs
[2026-06-19T13:38:52.118+0000] {logging_mixin.py:151} INFO - [2026-06-19T13:38:52.117+0000] {dag.py:3722} INFO - Setting next_dagrun for pipeline_ingestion_suivi to 2026-06-19T12:00:00+00:00, run_after=2026-06-19T13:00:00+00:00
[2026-06-19T13:38:52.135+0000] {processor.py:179} INFO - Processing /opt/airflow/dags/dag_suivi.py took 0.079 seconds
[2026-06-19T13:39:22.313+0000] {processor.py:157} INFO - Started process (PID=555) to work on /opt/airflow/dags/dag_suivi.py
[2026-06-19T13:39:22.314+0000] {processor.py:829} INFO - Processing file /opt/airflow/dags/dag_suivi.py for tasks to queue
[2026-06-19T13:39:22.316+0000] {logging_mixin.py:151} INFO - [2026-06-19T13:39:22.315+0000] {dagbag.py:536} INFO - Filling up the DagBag from /opt/airflow/dags/dag_suivi.py
[2026-06-19T13:39:22.333+0000] {processor.py:839} INFO - DAG(s) dict_keys(['pipeline_ingestion_suivi']) retrieved from /opt/airflow/dags/dag_suivi.py
[2026-06-19T13:39:22.360+0000] {logging_mixin.py:151} INFO - [2026-06-19T13:39:22.359+0000] {dag.py:2941} INFO - Sync 1 DAGs
[2026-06-19T13:39:22.378+0000] {logging_mixin.py:151} INFO - [2026-06-19T13:39:22.378+0000] {dag.py:3722} INFO - Setting next_dagrun for pipeline_ingestion_suivi to 2026-06-19T12:00:00+00:00, run_after=2026-06-19T13:00:00+00:00
[2026-06-19T13:39:22.395+0000] {processor.py:179} INFO - Processing /opt/airflow/dags/dag_suivi.py took 0.086 seconds
[2026-06-19T13:39:52.582+0000] {processor.py:157} INFO - Started process (PID=560) to work on /opt/airflow/dags/dag_suivi.py
[2026-06-19T13:39:52.583+0000] {processor.py:829} INFO - Processing file /opt/airflow/dags/dag_suivi.py for tasks to queue
[2026-06-19T13:39:52.585+0000] {logging_mixin.py:151} INFO - [2026-06-19T13:39:52.584+0000] {dagbag.py:536} INFO - Filling up the DagBag from /opt/airflow/dags/dag_suivi.py
[2026-06-19T13:39:52.608+0000] {processor.py:839} INFO - DAG(s) dict_keys(['pipeline_ingestion_suivi']) retrieved from /opt/airflow/dags/dag_suivi.py
[2026-06-19T13:39:52.633+0000] {logging_mixin.py:151} INFO - [2026-06-19T13:39:52.633+0000] {dag.py:2941} INFO - Sync 1 DAGs
[2026-06-19T13:39:52.652+0000] {logging_mixin.py:151} INFO - [2026-06-19T13:39:52.652+0000] {dag.py:3722} INFO - Setting next_dagrun for pipeline_ingestion_suivi to 2026-06-19T12:00:00+00:00, run_after=2026-06-19T13:00:00+00:00
[2026-06-19T13:39:52.670+0000] {processor.py:179} INFO - Processing /opt/airflow/dags/dag_suivi.py took 0.092 seconds
[2026-06-19T13:40:22.849+0000] {processor.py:157} INFO - Started process (PID=565) to work on /opt/airflow/dags/dag_suivi.py
[2026-06-19T13:40:22.850+0000] {processor.py:829} INFO - Processing file /opt/airflow/dags/dag_suivi.py for tasks to queue
[2026-06-19T13:40:22.851+0000] {logging_mixin.py:151} INFO - [2026-06-19T13:40:22.850+0000] {dagbag.py:536} INFO - Filling up the DagBag from /opt/airflow/dags/dag_suivi.py
[2026-06-19T13:40:22.870+0000] {processor.py:839} INFO - DAG(s) dict_keys(['pipeline_ingestion_suivi']) retrieved from /opt/airflow/dags/dag_suivi.py
[2026-06-19T13:40:22.896+0000] {logging_mixin.py:151} INFO - [2026-06-19T13:40:22.895+0000] {dag.py:2941} INFO - Sync 1 DAGs
[2026-06-19T13:40:22.915+0000] {logging_mixin.py:151} INFO - [2026-06-19T13:40:22.914+0000] {dag.py:3722} INFO - Setting next_dagrun for pipeline_ingestion_suivi to 2026-06-19T12:00:00+00:00, run_after=2026-06-19T13:00:00+00:00
[2026-06-19T13:40:22.931+0000] {processor.py:179} INFO - Processing /opt/airflow/dags/dag_suivi.py took 0.086 seconds
[2026-06-19T13:40:53.184+0000] {processor.py:157} INFO - Started process (PID=570) to work on /opt/airflow/dags/dag_suivi.py
[2026-06-19T13:40:53.184+0000] {processor.py:829} INFO - Processing file /opt/airflow/dags/dag_suivi.py for tasks to queue
[2026-06-19T13:40:53.185+0000] {logging_mixin.py:151} INFO - [2026-06-19T13:40:53.185+0000] {dagbag.py:536} INFO - Filling up the DagBag from /opt/airflow/dags/dag_suivi.py
[2026-06-19T13:40:53.205+0000] {processor.py:839} INFO - DAG(s) dict_keys(['pipeline_ingestion_suivi']) retrieved from /opt/airflow/dags/dag_suivi.py
[2026-06-19T13:40:53.229+0000] {logging_mixin.py:151} INFO - [2026-06-19T13:40:53.229+0000] {dag.py:2941} INFO - Sync 1 DAGs
[2026-06-19T13:40:53.249+0000] {logging_mixin.py:151} INFO - [2026-06-19T13:40:53.248+0000] {dag.py:3722} INFO - Setting next_dagrun for pipeline_ingestion_suivi to 2026-06-19T12:00:00+00:00, run_after=2026-06-19T13:00:00+00:00
[2026-06-19T13:40:53.266+0000] {processor.py:179} INFO - Processing /opt/airflow/dags/dag_suivi.py took 0.085 seconds
[2026-06-19T13:41:23.419+0000] {processor.py:157} INFO - Started process (PID=575) to work on /opt/airflow/dags/dag_suivi.py
[2026-06-19T13:41:23.420+0000] {processor.py:829} INFO - Processing file /opt/airflow/dags/dag_suivi.py for tasks to queue
[2026-06-19T13:41:23.421+0000] {logging_mixin.py:151} INFO - [2026-06-19T13:41:23.420+0000] {dagbag.py:536} INFO - Filling up the DagBag from /opt/airflow/dags/dag_suivi.py
[2026-06-19T13:41:23.442+0000] {processor.py:839} INFO - DAG(s) dict_keys(['pipeline_ingestion_suivi']) retrieved from /opt/airflow/dags/dag_suivi.py
[2026-06-19T13:41:23.467+0000] {logging_mixin.py:151} INFO - [2026-06-19T13:41:23.467+0000] {dag.py:2941} INFO - Sync 1 DAGs
[2026-06-19T13:41:23.487+0000] {logging_mixin.py:151} INFO - [2026-06-19T13:41:23.487+0000] {dag.py:3722} INFO - Setting next_dagrun for pipeline_ingestion_suivi to 2026-06-19T12:00:00+00:00, run_after=2026-06-19T13:00:00+00:00
[2026-06-19T13:41:23.506+0000] {processor.py:179} INFO - Processing /opt/airflow/dags/dag_suivi.py took 0.090 seconds
[2026-06-19T13:41:53.687+0000] {processor.py:157} INFO - Started process (PID=580) to work on /opt/airflow/dags/dag_suivi.py
[2026-06-19T13:41:53.687+0000] {processor.py:829} INFO - Processing file /opt/airflow/dags/dag_suivi.py for tasks to queue
[2026-06-19T13:41:53.688+0000] {logging_mixin.py:151} INFO - [2026-06-19T13:41:53.688+0000] {dagbag.py:536} INFO - Filling up the DagBag from /opt/airflow/dags/dag_suivi.py
[2026-06-19T13:41:53.707+0000] {processor.py:839} INFO - DAG(s) dict_keys(['pipeline_ingestion_suivi']) retrieved from /opt/airflow/dags/dag_suivi.py
[2026-06-19T13:41:53.732+0000] {logging_mixin.py:151} INFO - [2026-06-19T13:41:53.731+0000] {dag.py:2941} INFO - Sync 1 DAGs
[2026-06-19T13:41:53.750+0000] {logging_mixin.py:151} INFO - [2026-06-19T13:41:53.750+0000] {dag.py:3722} INFO - Setting next_dagrun for pipeline_ingestion_suivi to 2026-06-19T12:00:00+00:00, run_after=2026-06-19T13:00:00+00:00
[2026-06-19T13:41:53.770+0000] {processor.py:179} INFO - Processing /opt/airflow/dags/dag_suivi.py took 0.086 seconds
[2026-06-19T13:42:23.996+0000] {processor.py:157} INFO - Started process (PID=585) to work on /opt/airflow/dags/dag_suivi.py
[2026-06-19T13:42:23.997+0000] {processor.py:829} INFO - Processing file /opt/airflow/dags/dag_suivi.py for tasks to queue
[2026-06-19T13:42:23.997+0000] {logging_mixin.py:151} INFO - [2026-06-19T13:42:23.997+0000] {dagbag.py:536} INFO - Filling up the DagBag from /opt/airflow/dags/dag_suivi.py
[2026-06-19T13:42:24.017+0000] {processor.py:839} INFO - DAG(s) dict_keys(['pipeline_ingestion_suivi']) retrieved from /opt/airflow/dags/dag_suivi.py
[2026-06-19T13:42:24.040+0000] {logging_mixin.py:151} INFO - [2026-06-19T13:42:24.040+0000] {dag.py:2941} INFO - Sync 1 DAGs
[2026-06-19T13:42:24.058+0000] {logging_mixin.py:151} INFO - [2026-06-19T13:42:24.058+0000] {dag.py:3722} INFO - Setting next_dagrun for pipeline_ingestion_suivi to 2026-06-19T12:00:00+00:00, run_after=2026-06-19T13:00:00+00:00
[2026-06-19T13:42:24.086+0000] {processor.py:179} INFO - Processing /opt/airflow/dags/dag_suivi.py took 0.093 seconds
[2026-06-19T13:42:54.277+0000] {processor.py:157} INFO - Started process (PID=590) to work on /opt/airflow/dags/dag_suivi.py
[2026-06-19T13:42:54.278+0000] {processor.py:829} INFO - Processing file /opt/airflow/dags/dag_suivi.py for tasks to queue
[2026-06-19T13:42:54.279+0000] {logging_mixin.py:151} INFO - [2026-06-19T13:42:54.278+0000] {dagbag.py:536} INFO - Filling up the DagBag from /opt/airflow/dags/dag_suivi.py
[2026-06-19T13:42:54.296+0000] {processor.py:839} INFO - DAG(s) dict_keys(['pipeline_ingestion_suivi']) retrieved from /opt/airflow/dags/dag_suivi.py
[2026-06-19T13:42:54.320+0000] {logging_mixin.py:151} INFO - [2026-06-19T13:42:54.320+0000] {dag.py:2941} INFO - Sync 1 DAGs
[2026-06-19T13:42:54.337+0000] {logging_mixin.py:151} INFO - [2026-06-19T13:42:54.337+0000] {dag.py:3722} INFO - Setting next_dagrun for pipeline_ingestion_suivi to 2026-06-19T12:00:00+00:00, run_after=2026-06-19T13:00:00+00:00
[2026-06-19T13:42:54.365+0000] {processor.py:179} INFO - Processing /opt/airflow/dags/dag_suivi.py took 0.091 seconds
[2026-06-19T13:43:24.548+0000] {processor.py:157} INFO - Started process (PID=595) to work on /opt/airflow/dags/dag_suivi.py
[2026-06-19T13:43:24.549+0000] {processor.py:829} INFO - Processing file /opt/airflow/dags/dag_suivi.py for tasks to queue
[2026-06-19T13:43:24.550+0000] {logging_mixin.py:151} INFO - [2026-06-19T13:43:24.549+0000] {dagbag.py:536} INFO - Filling up the DagBag from /opt/airflow/dags/dag_suivi.py
[2026-06-19T13:43:24.568+0000] {processor.py:839} INFO - DAG(s) dict_keys(['pipeline_ingestion_suivi']) retrieved from /opt/airflow/dags/dag_suivi.py
[2026-06-19T13:43:24.593+0000] {logging_mixin.py:151} INFO - [2026-06-19T13:43:24.593+0000] {dag.py:2941} INFO - Sync 1 DAGs
[2026-06-19T13:43:24.611+0000] {logging_mixin.py:151} INFO - [2026-06-19T13:43:24.611+0000] {dag.py:3722} INFO - Setting next_dagrun for pipeline_ingestion_suivi to 2026-06-19T12:00:00+00:00, run_after=2026-06-19T13:00:00+00:00
[2026-06-19T13:43:24.630+0000] {processor.py:179} INFO - Processing /opt/airflow/dags/dag_suivi.py took 0.084 seconds
[2026-06-19T13:43:54.799+0000] {processor.py:157} INFO - Started process (PID=600) to work on /opt/airflow/dags/dag_suivi.py
[2026-06-19T13:43:54.800+0000] {processor.py:829} INFO - Processing file /opt/airflow/dags/dag_suivi.py for tasks to queue
[2026-06-19T13:43:54.801+0000] {logging_mixin.py:151} INFO - [2026-06-19T13:43:54.801+0000] {dagbag.py:536} INFO - Filling up the DagBag from /opt/airflow/dags/dag_suivi.py
[2026-06-19T13:43:54.817+0000] {processor.py:839} INFO - DAG(s) dict_keys(['pipeline_ingestion_suivi']) retrieved from /opt/airflow/dags/dag_suivi.py
[2026-06-19T13:43:54.842+0000] {logging_mixin.py:151} INFO - [2026-06-19T13:43:54.842+0000] {dag.py:2941} INFO - Sync 1 DAGs
[2026-06-19T13:43:54.860+0000] {logging_mixin.py:151} INFO - [2026-06-19T13:43:54.860+0000] {dag.py:3722} INFO - Setting next_dagrun for pipeline_ingestion_suivi to 2026-06-19T12:00:00+00:00, run_after=2026-06-19T13:00:00+00:00
[2026-06-19T13:43:54.877+0000] {processor.py:179} INFO - Processing /opt/airflow/dags/dag_suivi.py took 0.081 seconds
[2026-06-19T13:44:25.124+0000] {processor.py:157} INFO - Started process (PID=605) to work on /opt/airflow/dags/dag_suivi.py
[2026-06-19T13:44:25.125+0000] {processor.py:829} INFO - Processing file /opt/airflow/dags/dag_suivi.py for tasks to queue
[2026-06-19T13:44:25.126+0000] {logging_mixin.py:151} INFO - [2026-06-19T13:44:25.126+0000] {dagbag.py:536} INFO - Filling up the DagBag from /opt/airflow/dags/dag_suivi.py
[2026-06-19T13:44:25.148+0000] {processor.py:839} INFO - DAG(s) dict_keys(['pipeline_ingestion_suivi']) retrieved from /opt/airflow/dags/dag_suivi.py
[2026-06-19T13:44:25.171+0000] {logging_mixin.py:151} INFO - [2026-06-19T13:44:25.171+0000] {dag.py:2941} INFO - Sync 1 DAGs
[2026-06-19T13:44:25.189+0000] {logging_mixin.py:151} INFO - [2026-06-19T13:44:25.189+0000] {dag.py:3722} INFO - Setting next_dagrun for pipeline_ingestion_suivi to 2026-06-19T12:00:00+00:00, run_after=2026-06-19T13:00:00+00:00
[2026-06-19T13:44:25.216+0000] {processor.py:179} INFO - Processing /opt/airflow/dags/dag_suivi.py took 0.095 seconds
[2026-06-19T13:44:55.376+0000] {processor.py:157} INFO - Started process (PID=610) to work on /opt/airflow/dags/dag_suivi.py
[2026-06-19T13:44:55.377+0000] {processor.py:829} INFO - Processing file /opt/airflow/dags/dag_suivi.py for tasks to queue
[2026-06-19T13:44:55.378+0000] {logging_mixin.py:151} INFO - [2026-06-19T13:44:55.378+0000] {dagbag.py:536} INFO - Filling up the DagBag from /opt/airflow/dags/dag_suivi.py
[2026-06-19T13:44:55.394+0000] {processor.py:839} INFO - DAG(s) dict_keys(['pipeline_ingestion_suivi']) retrieved from /opt/airflow/dags/dag_suivi.py
[2026-06-19T13:44:55.418+0000] {logging_mixin.py:151} INFO - [2026-06-19T13:44:55.418+0000] {dag.py:2941} INFO - Sync 1 DAGs
[2026-06-19T13:44:55.436+0000] {logging_mixin.py:151} INFO - [2026-06-19T13:44:55.436+0000] {dag.py:3722} INFO - Setting next_dagrun for pipeline_ingestion_suivi to 2026-06-19T12:00:00+00:00, run_after=2026-06-19T13:00:00+00:00
[2026-06-19T13:44:55.465+0000] {processor.py:179} INFO - Processing /opt/airflow/dags/dag_suivi.py took 0.091 seconds
[2026-06-19T13:45:25.678+0000] {processor.py:157} INFO - Started process (PID=615) to work on /opt/airflow/dags/dag_suivi.py
[2026-06-19T13:45:25.679+0000] {processor.py:829} INFO - Processing file /opt/airflow/dags/dag_suivi.py for tasks to queue
[2026-06-19T13:45:25.680+0000] {logging_mixin.py:151} INFO - [2026-06-19T13:45:25.679+0000] {dagbag.py:536} INFO - Filling up the DagBag from /opt/airflow/dags/dag_suivi.py
[2026-06-19T13:45:25.698+0000] {processor.py:839} INFO - DAG(s) dict_keys(['pipeline_ingestion_suivi']) retrieved from /opt/airflow/dags/dag_suivi.py
[2026-06-19T13:45:25.723+0000] {logging_mixin.py:151} INFO - [2026-06-19T13:45:25.722+0000] {dag.py:2941} INFO - Sync 1 DAGs
[2026-06-19T13:45:25.740+0000] {logging_mixin.py:151} INFO - [2026-06-19T13:45:25.740+0000] {dag.py:3722} INFO - Setting next_dagrun for pipeline_ingestion_suivi to 2026-06-19T12:00:00+00:00, run_after=2026-06-19T13:00:00+00:00
[2026-06-19T13:45:25.771+0000] {processor.py:179} INFO - Processing /opt/airflow/dags/dag_suivi.py took 0.096 seconds
[2026-06-19T13:45:55.979+0000] {processor.py:157} INFO - Started process (PID=620) to work on /opt/airflow/dags/dag_suivi.py
[2026-06-19T13:45:55.980+0000] {processor.py:829} INFO - Processing file /opt/airflow/dags/dag_suivi.py for tasks to queue
[2026-06-19T13:45:55.980+0000] {logging_mixin.py:151} INFO - [2026-06-19T13:45:55.980+0000] {dagbag.py:536} INFO - Filling up the DagBag from /opt/airflow/dags/dag_suivi.py
[2026-06-19T13:45:55.997+0000] {processor.py:839} INFO - DAG(s) dict_keys(['pipeline_ingestion_suivi']) retrieved from /opt/airflow/dags/dag_suivi.py
[2026-06-19T13:45:56.019+0000] {logging_mixin.py:151} INFO - [2026-06-19T13:45:56.018+0000] {dag.py:2941} INFO - Sync 1 DAGs
[2026-06-19T13:45:56.035+0000] {logging_mixin.py:151} INFO - [2026-06-19T13:45:56.035+0000] {dag.py:3722} INFO - Setting next_dagrun for pipeline_ingestion_suivi to 2026-06-19T12:00:00+00:00, run_after=2026-06-19T13:00:00+00:00
[2026-06-19T13:45:56.051+0000] {processor.py:179} INFO - Processing /opt/airflow/dags/dag_suivi.py took 0.075 seconds
[2026-06-19T13:46:26.244+0000] {processor.py:157} INFO - Started process (PID=625) to work on /opt/airflow/dags/dag_suivi.py
[2026-06-19T13:46:26.245+0000] {processor.py:829} INFO - Processing file /opt/airflow/dags/dag_suivi.py for tasks to queue
[2026-06-19T13:46:26.246+0000] {logging_mixin.py:151} INFO - [2026-06-19T13:46:26.246+0000] {dagbag.py:536} INFO - Filling up the DagBag from /opt/airflow/dags/dag_suivi.py
[2026-06-19T13:46:26.273+0000] {processor.py:839} INFO - DAG(s) dict_keys(['pipeline_ingestion_suivi']) retrieved from /opt/airflow/dags/dag_suivi.py
[2026-06-19T13:46:26.300+0000] {logging_mixin.py:151} INFO - [2026-06-19T13:46:26.299+0000] {dag.py:2941} INFO - Sync 1 DAGs
[2026-06-19T13:46:26.319+0000] {logging_mixin.py:151} INFO - [2026-06-19T13:46:26.319+0000] {dag.py:3722} INFO - Setting next_dagrun for pipeline_ingestion_suivi to 2026-06-19T12:00:00+00:00, run_after=2026-06-19T13:00:00+00:00
[2026-06-19T13:46:26.336+0000] {processor.py:179} INFO - Processing /opt/airflow/dags/dag_suivi.py took 0.094 seconds
[2026-06-19T13:46:56.420+0000] {processor.py:157} INFO - Started process (PID=630) to work on /opt/airflow/dags/dag_suivi.py
[2026-06-19T13:46:56.421+0000] {processor.py:829} INFO - Processing file /opt/airflow/dags/dag_suivi.py for tasks to queue
[2026-06-19T13:46:56.422+0000] {logging_mixin.py:151} INFO - [2026-06-19T13:46:56.421+0000] {dagbag.py:536} INFO - Filling up the DagBag from /opt/airflow/dags/dag_suivi.py
[2026-06-19T13:46:56.446+0000] {processor.py:839} INFO - DAG(s) dict_keys(['pipeline_ingestion_suivi']) retrieved from /opt/airflow/dags/dag_suivi.py
[2026-06-19T13:46:56.486+0000] {logging_mixin.py:151} INFO - [2026-06-19T13:46:56.485+0000] {dag.py:2941} INFO - Sync 1 DAGs
[2026-06-19T13:46:56.515+0000] {logging_mixin.py:151} INFO - [2026-06-19T13:46:56.515+0000] {dag.py:3722} INFO - Setting next_dagrun for pipeline_ingestion_suivi to 2026-06-19T12:00:00+00:00, run_after=2026-06-19T13:00:00+00:00
[2026-06-19T13:46:56.541+0000] {processor.py:179} INFO - Processing /opt/airflow/dags/dag_suivi.py took 0.124 seconds
[2026-06-19T13:47:26.762+0000] {processor.py:157} INFO - Started process (PID=635) to work on /opt/airflow/dags/dag_suivi.py
[2026-06-19T13:47:26.762+0000] {processor.py:829} INFO - Processing file /opt/airflow/dags/dag_suivi.py for tasks to queue
[2026-06-19T13:47:26.763+0000] {logging_mixin.py:151} INFO - [2026-06-19T13:47:26.763+0000] {dagbag.py:536} INFO - Filling up the DagBag from /opt/airflow/dags/dag_suivi.py
[2026-06-19T13:47:26.779+0000] {processor.py:839} INFO - DAG(s) dict_keys(['pipeline_ingestion_suivi']) retrieved from /opt/airflow/dags/dag_suivi.py
[2026-06-19T13:47:26.808+0000] {logging_mixin.py:151} INFO - [2026-06-19T13:47:26.807+0000] {dag.py:2941} INFO - Sync 1 DAGs
[2026-06-19T13:47:26.829+0000] {logging_mixin.py:151} INFO - [2026-06-19T13:47:26.829+0000] {dag.py:3722} INFO - Setting next_dagrun for pipeline_ingestion_suivi to 2026-06-19T12:00:00+00:00, run_after=2026-06-19T13:00:00+00:00
[2026-06-19T13:47:26.854+0000] {processor.py:179} INFO - Processing /opt/airflow/dags/dag_suivi.py took 0.095 seconds
[2026-06-19T13:47:57.028+0000] {processor.py:157} INFO - Started process (PID=640) to work on /opt/airflow/dags/dag_suivi.py
[2026-06-19T13:47:57.029+0000] {processor.py:829} INFO - Processing file /opt/airflow/dags/dag_suivi.py for tasks to queue
[2026-06-19T13:47:57.029+0000] {logging_mixin.py:151} INFO - [2026-06-19T13:47:57.029+0000] {dagbag.py:536} INFO - Filling up the DagBag from /opt/airflow/dags/dag_suivi.py
[2026-06-19T13:47:57.049+0000] {processor.py:839} INFO - DAG(s) dict_keys(['pipeline_ingestion_suivi']) retrieved from /opt/airflow/dags/dag_suivi.py
[2026-06-19T13:47:57.073+0000] {logging_mixin.py:151} INFO - [2026-06-19T13:47:57.073+0000] {dag.py:2941} INFO - Sync 1 DAGs
[2026-06-19T13:47:57.091+0000] {logging_mixin.py:151} INFO - [2026-06-19T13:47:57.091+0000] {dag.py:3722} INFO - Setting next_dagrun for pipeline_ingestion_suivi to 2026-06-19T12:00:00+00:00, run_after=2026-06-19T13:00:00+00:00
[2026-06-19T13:47:57.119+0000] {processor.py:179} INFO - Processing /opt/airflow/dags/dag_suivi.py took 0.095 seconds
[2026-06-19T13:48:27.351+0000] {processor.py:157} INFO - Started process (PID=645) to work on /opt/airflow/dags/dag_suivi.py
[2026-06-19T13:48:27.352+0000] {processor.py:829} INFO - Processing file /opt/airflow/dags/dag_suivi.py for tasks to queue
[2026-06-19T13:48:27.352+0000] {logging_mixin.py:151} INFO - [2026-06-19T13:48:27.352+0000] {dagbag.py:536} INFO - Filling up the DagBag from /opt/airflow/dags/dag_suivi.py
[2026-06-19T13:48:27.374+0000] {processor.py:839} INFO - DAG(s) dict_keys(['pipeline_ingestion_suivi']) retrieved from /opt/airflow/dags/dag_suivi.py
[2026-06-19T13:48:27.399+0000] {logging_mixin.py:151} INFO - [2026-06-19T13:48:27.399+0000] {dag.py:2941} INFO - Sync 1 DAGs
[2026-06-19T13:48:27.420+0000] {logging_mixin.py:151} INFO - [2026-06-19T13:48:27.419+0000] {dag.py:3722} INFO - Setting next_dagrun for pipeline_ingestion_suivi to 2026-06-19T12:00:00+00:00, run_after=2026-06-19T13:00:00+00:00
[2026-06-19T13:48:27.445+0000] {processor.py:179} INFO - Processing /opt/airflow/dags/dag_suivi.py took 0.097 seconds
[2026-06-19T13:48:57.581+0000] {processor.py:157} INFO - Started process (PID=650) to work on /opt/airflow/dags/dag_suivi.py
[2026-06-19T13:48:57.582+0000] {processor.py:829} INFO - Processing file /opt/airflow/dags/dag_suivi.py for tasks to queue
[2026-06-19T13:48:57.583+0000] {logging_mixin.py:151} INFO - [2026-06-19T13:48:57.583+0000] {dagbag.py:536} INFO - Filling up the DagBag from /opt/airflow/dags/dag_suivi.py
[2026-06-19T13:48:57.601+0000] {processor.py:839} INFO - DAG(s) dict_keys(['pipeline_ingestion_suivi']) retrieved from /opt/airflow/dags/dag_suivi.py
[2026-06-19T13:48:57.625+0000] {logging_mixin.py:151} INFO - [2026-06-19T13:48:57.625+0000] {dag.py:2941} INFO - Sync 1 DAGs
[2026-06-19T13:48:57.647+0000] {logging_mixin.py:151} INFO - [2026-06-19T13:48:57.647+0000] {dag.py:3722} INFO - Setting next_dagrun for pipeline_ingestion_suivi to 2026-06-19T12:00:00+00:00, run_after=2026-06-19T13:00:00+00:00
[2026-06-19T13:48:57.664+0000] {processor.py:179} INFO - Processing /opt/airflow/dags/dag_suivi.py took 0.086 seconds
[2026-06-19T13:49:27.902+0000] {processor.py:157} INFO - Started process (PID=655) to work on /opt/airflow/dags/dag_suivi.py
[2026-06-19T13:49:27.904+0000] {processor.py:829} INFO - Processing file /opt/airflow/dags/dag_suivi.py for tasks to queue
[2026-06-19T13:49:27.905+0000] {logging_mixin.py:151} INFO - [2026-06-19T13:49:27.905+0000] {dagbag.py:536} INFO - Filling up the DagBag from /opt/airflow/dags/dag_suivi.py
[2026-06-19T13:49:27.951+0000] {processor.py:839} INFO - DAG(s) dict_keys(['pipeline_ingestion_suivi']) retrieved from /opt/airflow/dags/dag_suivi.py
[2026-06-19T13:49:27.986+0000] {logging_mixin.py:151} INFO - [2026-06-19T13:49:27.986+0000] {dag.py:2941} INFO - Sync 1 DAGs
[2026-06-19T13:49:28.011+0000] {logging_mixin.py:151} INFO - [2026-06-19T13:49:28.010+0000] {dag.py:3722} INFO - Setting next_dagrun for pipeline_ingestion_suivi to 2026-06-19T12:00:00+00:00, run_after=2026-06-19T13:00:00+00:00
[2026-06-19T13:49:28.031+0000] {processor.py:179} INFO - Processing /opt/airflow/dags/dag_suivi.py took 0.136 seconds
[2026-06-19T13:49:58.179+0000] {processor.py:157} INFO - Started process (PID=660) to work on /opt/airflow/dags/dag_suivi.py
[2026-06-19T13:49:58.180+0000] {processor.py:829} INFO - Processing file /opt/airflow/dags/dag_suivi.py for tasks to queue
[2026-06-19T13:49:58.181+0000] {logging_mixin.py:151} INFO - [2026-06-19T13:49:58.180+0000] {dagbag.py:536} INFO - Filling up the DagBag from /opt/airflow/dags/dag_suivi.py
[2026-06-19T13:49:58.199+0000] {processor.py:839} INFO - DAG(s) dict_keys(['pipeline_ingestion_suivi']) retrieved from /opt/airflow/dags/dag_suivi.py
[2026-06-19T13:49:58.226+0000] {logging_mixin.py:151} INFO - [2026-06-19T13:49:58.226+0000] {dag.py:2941} INFO - Sync 1 DAGs
[2026-06-19T13:49:58.243+0000] {logging_mixin.py:151} INFO - [2026-06-19T13:49:58.243+0000] {dag.py:3722} INFO - Setting next_dagrun for pipeline_ingestion_suivi to 2026-06-19T12:00:00+00:00, run_after=2026-06-19T13:00:00+00:00
[2026-06-19T13:49:58.260+0000] {processor.py:179} INFO - Processing /opt/airflow/dags/dag_suivi.py took 0.084 seconds
[2026-06-19T13:50:28.527+0000] {processor.py:157} INFO - Started process (PID=665) to work on /opt/airflow/dags/dag_suivi.py
[2026-06-19T13:50:28.528+0000] {processor.py:829} INFO - Processing file /opt/airflow/dags/dag_suivi.py for tasks to queue
[2026-06-19T13:50:28.529+0000] {logging_mixin.py:151} INFO - [2026-06-19T13:50:28.528+0000] {dagbag.py:536} INFO - Filling up the DagBag from /opt/airflow/dags/dag_suivi.py
[2026-06-19T13:50:28.544+0000] {processor.py:839} INFO - DAG(s) dict_keys(['pipeline_ingestion_suivi']) retrieved from /opt/airflow/dags/dag_suivi.py
[2026-06-19T13:50:28.567+0000] {logging_mixin.py:151} INFO - [2026-06-19T13:50:28.567+0000] {dag.py:2941} INFO - Sync 1 DAGs
[2026-06-19T13:50:28.585+0000] {logging_mixin.py:151} INFO - [2026-06-19T13:50:28.585+0000] {dag.py:3722} INFO - Setting next_dagrun for pipeline_ingestion_suivi to 2026-06-19T12:00:00+00:00, run_after=2026-06-19T13:00:00+00:00
[2026-06-19T13:50:28.613+0000] {processor.py:179} INFO - Processing /opt/airflow/dags/dag_suivi.py took 0.088 seconds
[2026-06-19T13:50:58.792+0000] {processor.py:157} INFO - Started process (PID=670) to work on /opt/airflow/dags/dag_suivi.py
[2026-06-19T13:50:58.793+0000] {processor.py:829} INFO - Processing file /opt/airflow/dags/dag_suivi.py for tasks to queue
[2026-06-19T13:50:58.793+0000] {logging_mixin.py:151} INFO - [2026-06-19T13:50:58.793+0000] {dagbag.py:536} INFO - Filling up the DagBag from /opt/airflow/dags/dag_suivi.py
[2026-06-19T13:50:58.810+0000] {processor.py:839} INFO - DAG(s) dict_keys(['pipeline_ingestion_suivi']) retrieved from /opt/airflow/dags/dag_suivi.py
[2026-06-19T13:50:58.833+0000] {logging_mixin.py:151} INFO - [2026-06-19T13:50:58.832+0000] {dag.py:2941} INFO - Sync 1 DAGs
[2026-06-19T13:50:58.850+0000] {logging_mixin.py:151} INFO - [2026-06-19T13:50:58.850+0000] {dag.py:3722} INFO - Setting next_dagrun for pipeline_ingestion_suivi to 2026-06-19T12:00:00+00:00, run_after=2026-06-19T13:00:00+00:00
[2026-06-19T13:50:58.867+0000] {processor.py:179} INFO - Processing /opt/airflow/dags/dag_suivi.py took 0.078 seconds
[2026-06-19T13:51:29.079+0000] {processor.py:157} INFO - Started process (PID=675) to work on /opt/airflow/dags/dag_suivi.py
[2026-06-19T13:51:29.080+0000] {processor.py:829} INFO - Processing file /opt/airflow/dags/dag_suivi.py for tasks to queue
[2026-06-19T13:51:29.081+0000] {logging_mixin.py:151} INFO - [2026-06-19T13:51:29.081+0000] {dagbag.py:536} INFO - Filling up the DagBag from /opt/airflow/dags/dag_suivi.py
[2026-06-19T13:51:29.097+0000] {processor.py:839} INFO - DAG(s) dict_keys(['pipeline_ingestion_suivi']) retrieved from /opt/airflow/dags/dag_suivi.py
[2026-06-19T13:51:29.117+0000] {logging_mixin.py:151} INFO - [2026-06-19T13:51:29.117+0000] {dag.py:2941} INFO - Sync 1 DAGs
[2026-06-19T13:51:29.135+0000] {logging_mixin.py:151} INFO - [2026-06-19T13:51:29.135+0000] {dag.py:3722} INFO - Setting next_dagrun for pipeline_ingestion_suivi to 2026-06-19T12:00:00+00:00, run_after=2026-06-19T13:00:00+00:00
[2026-06-19T13:51:29.163+0000] {processor.py:179} INFO - Processing /opt/airflow/dags/dag_suivi.py took 0.086 seconds
[2026-06-19T13:51:59.347+0000] {processor.py:157} INFO - Started process (PID=680) to work on /opt/airflow/dags/dag_suivi.py
[2026-06-19T13:51:59.348+0000] {processor.py:829} INFO - Processing file /opt/airflow/dags/dag_suivi.py for tasks to queue
[2026-06-19T13:51:59.349+0000] {logging_mixin.py:151} INFO - [2026-06-19T13:51:59.348+0000] {dagbag.py:536} INFO - Filling up the DagBag from /opt/airflow/dags/dag_suivi.py
[2026-06-19T13:51:59.370+0000] {processor.py:839} INFO - DAG(s) dict_keys(['pipeline_ingestion_suivi']) retrieved from /opt/airflow/dags/dag_suivi.py
[2026-06-19T13:51:59.398+0000] {logging_mixin.py:151} INFO - [2026-06-19T13:51:59.398+0000] {dag.py:2941} INFO - Sync 1 DAGs
[2026-06-19T13:51:59.417+0000] {logging_mixin.py:151} INFO - [2026-06-19T13:51:59.417+0000] {dag.py:3722} INFO - Setting next_dagrun for pipeline_ingestion_suivi to 2026-06-19T12:00:00+00:00, run_after=2026-06-19T13:00:00+00:00
[2026-06-19T13:51:59.443+0000] {processor.py:179} INFO - Processing /opt/airflow/dags/dag_suivi.py took 0.100 seconds
[2026-06-19T13:52:29.607+0000] {processor.py:157} INFO - Started process (PID=685) to work on /opt/airflow/dags/dag_suivi.py
[2026-06-19T13:52:29.608+0000] {processor.py:829} INFO - Processing file /opt/airflow/dags/dag_suivi.py for tasks to queue
[2026-06-19T13:52:29.609+0000] {logging_mixin.py:151} INFO - [2026-06-19T13:52:29.609+0000] {dagbag.py:536} INFO - Filling up the DagBag from /opt/airflow/dags/dag_suivi.py
[2026-06-19T13:52:29.626+0000] {processor.py:839} INFO - DAG(s) dict_keys(['pipeline_ingestion_suivi']) retrieved from /opt/airflow/dags/dag_suivi.py
[2026-06-19T13:52:29.650+0000] {logging_mixin.py:151} INFO - [2026-06-19T13:52:29.650+0000] {dag.py:2941} INFO - Sync 1 DAGs
[2026-06-19T13:52:29.668+0000] {logging_mixin.py:151} INFO - [2026-06-19T13:52:29.668+0000] {dag.py:3722} INFO - Setting next_dagrun for pipeline_ingestion_suivi to 2026-06-19T12:00:00+00:00, run_after=2026-06-19T13:00:00+00:00
[2026-06-19T13:52:29.689+0000] {processor.py:179} INFO - Processing /opt/airflow/dags/dag_suivi.py took 0.085 seconds
[2026-06-19T13:52:59.940+0000] {processor.py:157} INFO - Started process (PID=690) to work on /opt/airflow/dags/dag_suivi.py
[2026-06-19T13:52:59.940+0000] {processor.py:829} INFO - Processing file /opt/airflow/dags/dag_suivi.py for tasks to queue
[2026-06-19T13:52:59.941+0000] {logging_mixin.py:151} INFO - [2026-06-19T13:52:59.941+0000] {dagbag.py:536} INFO - Filling up the DagBag from /opt/airflow/dags/dag_suivi.py
[2026-06-19T13:52:59.959+0000] {processor.py:839} INFO - DAG(s) dict_keys(['pipeline_ingestion_suivi']) retrieved from /opt/airflow/dags/dag_suivi.py
[2026-06-19T13:52:59.981+0000] {logging_mixin.py:151} INFO - [2026-06-19T13:52:59.981+0000] {dag.py:2941} INFO - Sync 1 DAGs
[2026-06-19T13:52:59.999+0000] {logging_mixin.py:151} INFO - [2026-06-19T13:52:59.999+0000] {dag.py:3722} INFO - Setting next_dagrun for pipeline_ingestion_suivi to 2026-06-19T12:00:00+00:00, run_after=2026-06-19T13:00:00+00:00
[2026-06-19T13:53:00.020+0000] {processor.py:179} INFO - Processing /opt/airflow/dags/dag_suivi.py took 0.083 seconds
[2026-06-19T13:53:30.226+0000] {processor.py:157} INFO - Started process (PID=695) to work on /opt/airflow/dags/dag_suivi.py
[2026-06-19T13:53:30.227+0000] {processor.py:829} INFO - Processing file /opt/airflow/dags/dag_suivi.py for tasks to queue
[2026-06-19T13:53:30.228+0000] {logging_mixin.py:151} INFO - [2026-06-19T13:53:30.228+0000] {dagbag.py:536} INFO - Filling up the DagBag from /opt/airflow/dags/dag_suivi.py
[2026-06-19T13:53:30.246+0000] {processor.py:839} INFO - DAG(s) dict_keys(['pipeline_ingestion_suivi']) retrieved from /opt/airflow/dags/dag_suivi.py
[2026-06-19T13:53:30.269+0000] {logging_mixin.py:151} INFO - [2026-06-19T13:53:30.269+0000] {dag.py:2941} INFO - Sync 1 DAGs
[2026-06-19T13:53:30.287+0000] {logging_mixin.py:151} INFO - [2026-06-19T13:53:30.287+0000] {dag.py:3722} INFO - Setting next_dagrun for pipeline_ingestion_suivi to 2026-06-19T12:00:00+00:00, run_after=2026-06-19T13:00:00+00:00
[2026-06-19T13:53:30.315+0000] {processor.py:179} INFO - Processing /opt/airflow/dags/dag_suivi.py took 0.092 seconds
[2026-06-19T13:54:00.495+0000] {processor.py:157} INFO - Started process (PID=700) to work on /opt/airflow/dags/dag_suivi.py
[2026-06-19T13:54:00.496+0000] {processor.py:829} INFO - Processing file /opt/airflow/dags/dag_suivi.py for tasks to queue
[2026-06-19T13:54:00.497+0000] {logging_mixin.py:151} INFO - [2026-06-19T13:54:00.497+0000] {dagbag.py:536} INFO - Filling up the DagBag from /opt/airflow/dags/dag_suivi.py
[2026-06-19T13:54:00.515+0000] {processor.py:839} INFO - DAG(s) dict_keys(['pipeline_ingestion_suivi']) retrieved from /opt/airflow/dags/dag_suivi.py
[2026-06-19T13:54:00.538+0000] {logging_mixin.py:151} INFO - [2026-06-19T13:54:00.538+0000] {dag.py:2941} INFO - Sync 1 DAGs
[2026-06-19T13:54:00.555+0000] {logging_mixin.py:151} INFO - [2026-06-19T13:54:00.555+0000] {dag.py:3722} INFO - Setting next_dagrun for pipeline_ingestion_suivi to 2026-06-19T12:00:00+00:00, run_after=2026-06-19T13:00:00+00:00
[2026-06-19T13:54:00.573+0000] {processor.py:179} INFO - Processing /opt/airflow/dags/dag_suivi.py took 0.080 seconds
[2026-06-19T13:54:30.765+0000] {processor.py:157} INFO - Started process (PID=705) to work on /opt/airflow/dags/dag_suivi.py
[2026-06-19T13:54:30.766+0000] {processor.py:829} INFO - Processing file /opt/airflow/dags/dag_suivi.py for tasks to queue
[2026-06-19T13:54:30.767+0000] {logging_mixin.py:151} INFO - [2026-06-19T13:54:30.767+0000] {dagbag.py:536} INFO - Filling up the DagBag from /opt/airflow/dags/dag_suivi.py
[2026-06-19T13:54:30.784+0000] {processor.py:839} INFO - DAG(s) dict_keys(['pipeline_ingestion_suivi']) retrieved from /opt/airflow/dags/dag_suivi.py
[2026-06-19T13:54:30.807+0000] {logging_mixin.py:151} INFO - [2026-06-19T13:54:30.807+0000] {dag.py:2941} INFO - Sync 1 DAGs
[2026-06-19T13:54:30.825+0000] {logging_mixin.py:151} INFO - [2026-06-19T13:54:30.824+0000] {dag.py:3722} INFO - Setting next_dagrun for pipeline_ingestion_suivi to 2026-06-19T12:00:00+00:00, run_after=2026-06-19T13:00:00+00:00
[2026-06-19T13:54:30.844+0000] {processor.py:179} INFO - Processing /opt/airflow/dags/dag_suivi.py took 0.081 seconds
[2026-06-19T13:55:01.038+0000] {processor.py:157} INFO - Started process (PID=710) to work on /opt/airflow/dags/dag_suivi.py
[2026-06-19T13:55:01.038+0000] {processor.py:829} INFO - Processing file /opt/airflow/dags/dag_suivi.py for tasks to queue
[2026-06-19T13:55:01.039+0000] {logging_mixin.py:151} INFO - [2026-06-19T13:55:01.039+0000] {dagbag.py:536} INFO - Filling up the DagBag from /opt/airflow/dags/dag_suivi.py
[2026-06-19T13:55:01.054+0000] {processor.py:839} INFO - DAG(s) dict_keys(['pipeline_ingestion_suivi']) retrieved from /opt/airflow/dags/dag_suivi.py
[2026-06-19T13:55:01.075+0000] {logging_mixin.py:151} INFO - [2026-06-19T13:55:01.075+0000] {dag.py:2941} INFO - Sync 1 DAGs
[2026-06-19T13:55:01.093+0000] {logging_mixin.py:151} INFO - [2026-06-19T13:55:01.093+0000] {dag.py:3722} INFO - Setting next_dagrun for pipeline_ingestion_suivi to 2026-06-19T12:00:00+00:00, run_after=2026-06-19T13:00:00+00:00
[2026-06-19T13:55:01.122+0000] {processor.py:179} INFO - Processing /opt/airflow/dags/dag_suivi.py took 0.087 seconds
[2026-06-19T13:55:31.307+0000] {processor.py:157} INFO - Started process (PID=715) to work on /opt/airflow/dags/dag_suivi.py
[2026-06-19T13:55:31.308+0000] {processor.py:829} INFO - Processing file /opt/airflow/dags/dag_suivi.py for tasks to queue
[2026-06-19T13:55:31.308+0000] {logging_mixin.py:151} INFO - [2026-06-19T13:55:31.308+0000] {dagbag.py:536} INFO - Filling up the DagBag from /opt/airflow/dags/dag_suivi.py
[2026-06-19T13:55:31.325+0000] {processor.py:839} INFO - DAG(s) dict_keys(['pipeline_ingestion_suivi']) retrieved from /opt/airflow/dags/dag_suivi.py
[2026-06-19T13:55:31.349+0000] {logging_mixin.py:151} INFO - [2026-06-19T13:55:31.349+0000] {dag.py:2941} INFO - Sync 1 DAGs
[2026-06-19T13:55:31.369+0000] {logging_mixin.py:151} INFO - [2026-06-19T13:55:31.369+0000] {dag.py:3722} INFO - Setting next_dagrun for pipeline_ingestion_suivi to 2026-06-19T12:00:00+00:00, run_after=2026-06-19T13:00:00+00:00
[2026-06-19T13:55:31.396+0000] {processor.py:179} INFO - Processing /opt/airflow/dags/dag_suivi.py took 0.093 seconds
[2026-06-19T13:56:01.630+0000] {processor.py:157} INFO - Started process (PID=720) to work on /opt/airflow/dags/dag_suivi.py
[2026-06-19T13:56:01.630+0000] {processor.py:829} INFO - Processing file /opt/airflow/dags/dag_suivi.py for tasks to queue
[2026-06-19T13:56:01.631+0000] {logging_mixin.py:151} INFO - [2026-06-19T13:56:01.631+0000] {dagbag.py:536} INFO - Filling up the DagBag from /opt/airflow/dags/dag_suivi.py
[2026-06-19T13:56:01.647+0000] {processor.py:839} INFO - DAG(s) dict_keys(['pipeline_ingestion_suivi']) retrieved from /opt/airflow/dags/dag_suivi.py
[2026-06-19T13:56:01.668+0000] {logging_mixin.py:151} INFO - [2026-06-19T13:56:01.668+0000] {dag.py:2941} INFO - Sync 1 DAGs
[2026-06-19T13:56:01.685+0000] {logging_mixin.py:151} INFO - [2026-06-19T13:56:01.685+0000] {dag.py:3722} INFO - Setting next_dagrun for pipeline_ingestion_suivi to 2026-06-19T12:00:00+00:00, run_after=2026-06-19T13:00:00+00:00
[2026-06-19T13:56:01.713+0000] {processor.py:179} INFO - Processing /opt/airflow/dags/dag_suivi.py took 0.085 seconds
[2026-06-19T13:56:31.874+0000] {processor.py:157} INFO - Started process (PID=725) to work on /opt/airflow/dags/dag_suivi.py
[2026-06-19T13:56:31.875+0000] {processor.py:829} INFO - Processing file /opt/airflow/dags/dag_suivi.py for tasks to queue
[2026-06-19T13:56:31.876+0000] {logging_mixin.py:151} INFO - [2026-06-19T13:56:31.876+0000] {dagbag.py:536} INFO - Filling up the DagBag from /opt/airflow/dags/dag_suivi.py
[2026-06-19T13:56:31.897+0000] {processor.py:839} INFO - DAG(s) dict_keys(['pipeline_ingestion_suivi']) retrieved from /opt/airflow/dags/dag_suivi.py
[2026-06-19T13:56:31.922+0000] {logging_mixin.py:151} INFO - [2026-06-19T13:56:31.922+0000] {dag.py:2941} INFO - Sync 1 DAGs
[2026-06-19T13:56:31.940+0000] {logging_mixin.py:151} INFO - [2026-06-19T13:56:31.940+0000] {dag.py:3722} INFO - Setting next_dagrun for pipeline_ingestion_suivi to 2026-06-19T12:00:00+00:00, run_after=2026-06-19T13:00:00+00:00
[2026-06-19T13:56:31.967+0000] {processor.py:179} INFO - Processing /opt/airflow/dags/dag_suivi.py took 0.098 seconds
[2026-06-19T13:57:02.185+0000] {processor.py:157} INFO - Started process (PID=730) to work on /opt/airflow/dags/dag_suivi.py
[2026-06-19T13:57:02.186+0000] {processor.py:829} INFO - Processing file /opt/airflow/dags/dag_suivi.py for tasks to queue
[2026-06-19T13:57:02.187+0000] {logging_mixin.py:151} INFO - [2026-06-19T13:57:02.186+0000] {dagbag.py:536} INFO - Filling up the DagBag from /opt/airflow/dags/dag_suivi.py
[2026-06-19T13:57:02.203+0000] {processor.py:839} INFO - DAG(s) dict_keys(['pipeline_ingestion_suivi']) retrieved from /opt/airflow/dags/dag_suivi.py
[2026-06-19T13:57:02.226+0000] {logging_mixin.py:151} INFO - [2026-06-19T13:57:02.225+0000] {dag.py:2941} INFO - Sync 1 DAGs
[2026-06-19T13:57:02.243+0000] {logging_mixin.py:151} INFO - [2026-06-19T13:57:02.242+0000] {dag.py:3722} INFO - Setting next_dagrun for pipeline_ingestion_suivi to 2026-06-19T12:00:00+00:00, run_after=2026-06-19T13:00:00+00:00
[2026-06-19T13:57:02.270+0000] {processor.py:179} INFO - Processing /opt/airflow/dags/dag_suivi.py took 0.088 seconds
[2026-06-19T13:57:32.434+0000] {processor.py:157} INFO - Started process (PID=735) to work on /opt/airflow/dags/dag_suivi.py
[2026-06-19T13:57:32.435+0000] {processor.py:829} INFO - Processing file /opt/airflow/dags/dag_suivi.py for tasks to queue
[2026-06-19T13:57:32.436+0000] {logging_mixin.py:151} INFO - [2026-06-19T13:57:32.436+0000] {dagbag.py:536} INFO - Filling up the DagBag from /opt/airflow/dags/dag_suivi.py
[2026-06-19T13:57:32.453+0000] {processor.py:839} INFO - DAG(s) dict_keys(['pipeline_ingestion_suivi']) retrieved from /opt/airflow/dags/dag_suivi.py
[2026-06-19T13:57:32.479+0000] {logging_mixin.py:151} INFO - [2026-06-19T13:57:32.479+0000] {dag.py:2941} INFO - Sync 1 DAGs
[2026-06-19T13:57:32.496+0000] {logging_mixin.py:151} INFO - [2026-06-19T13:57:32.496+0000] {dag.py:3722} INFO - Setting next_dagrun for pipeline_ingestion_suivi to 2026-06-19T12:00:00+00:00, run_after=2026-06-19T13:00:00+00:00
[2026-06-19T13:57:32.517+0000] {processor.py:179} INFO - Processing /opt/airflow/dags/dag_suivi.py took 0.086 seconds
[2026-06-19T13:58:02.732+0000] {processor.py:157} INFO - Started process (PID=740) to work on /opt/airflow/dags/dag_suivi.py
[2026-06-19T13:58:02.733+0000] {processor.py:829} INFO - Processing file /opt/airflow/dags/dag_suivi.py for tasks to queue
[2026-06-19T13:58:02.734+0000] {logging_mixin.py:151} INFO - [2026-06-19T13:58:02.733+0000] {dagbag.py:536} INFO - Filling up the DagBag from /opt/airflow/dags/dag_suivi.py
[2026-06-19T13:58:02.751+0000] {processor.py:839} INFO - DAG(s) dict_keys(['pipeline_ingestion_suivi']) retrieved from /opt/airflow/dags/dag_suivi.py
[2026-06-19T13:58:02.785+0000] {logging_mixin.py:151} INFO - [2026-06-19T13:58:02.785+0000] {dag.py:2941} INFO - Sync 1 DAGs
[2026-06-19T13:58:02.804+0000] {logging_mixin.py:151} INFO - [2026-06-19T13:58:02.803+0000] {dag.py:3722} INFO - Setting next_dagrun for pipeline_ingestion_suivi to 2026-06-19T12:00:00+00:00, run_after=2026-06-19T13:00:00+00:00
[2026-06-19T13:58:02.821+0000] {processor.py:179} INFO - Processing /opt/airflow/dags/dag_suivi.py took 0.092 seconds
[2026-06-19T13:58:33.010+0000] {processor.py:157} INFO - Started process (PID=745) to work on /opt/airflow/dags/dag_suivi.py
[2026-06-19T13:58:33.011+0000] {processor.py:829} INFO - Processing file /opt/airflow/dags/dag_suivi.py for tasks to queue
[2026-06-19T13:58:33.012+0000] {logging_mixin.py:151} INFO - [2026-06-19T13:58:33.011+0000] {dagbag.py:536} INFO - Filling up the DagBag from /opt/airflow/dags/dag_suivi.py
[2026-06-19T13:58:33.028+0000] {processor.py:839} INFO - DAG(s) dict_keys(['pipeline_ingestion_suivi']) retrieved from /opt/airflow/dags/dag_suivi.py
[2026-06-19T13:58:33.053+0000] {logging_mixin.py:151} INFO - [2026-06-19T13:58:33.053+0000] {dag.py:2941} INFO - Sync 1 DAGs
[2026-06-19T13:58:33.070+0000] {logging_mixin.py:151} INFO - [2026-06-19T13:58:33.070+0000] {dag.py:3722} INFO - Setting next_dagrun for pipeline_ingestion_suivi to 2026-06-19T12:00:00+00:00, run_after=2026-06-19T13:00:00+00:00
[2026-06-19T13:58:33.087+0000] {processor.py:179} INFO - Processing /opt/airflow/dags/dag_suivi.py took 0.080 seconds
[2026-06-19T13:59:03.326+0000] {processor.py:157} INFO - Started process (PID=750) to work on /opt/airflow/dags/dag_suivi.py
[2026-06-19T13:59:03.327+0000] {processor.py:829} INFO - Processing file /opt/airflow/dags/dag_suivi.py for tasks to queue
[2026-06-19T13:59:03.327+0000] {logging_mixin.py:151} INFO - [2026-06-19T13:59:03.327+0000] {dagbag.py:536} INFO - Filling up the DagBag from /opt/airflow/dags/dag_suivi.py
[2026-06-19T13:59:03.343+0000] {processor.py:839} INFO - DAG(s) dict_keys(['pipeline_ingestion_suivi']) retrieved from /opt/airflow/dags/dag_suivi.py
[2026-06-19T13:59:03.373+0000] {logging_mixin.py:151} INFO - [2026-06-19T13:59:03.373+0000] {dag.py:2941} INFO - Sync 1 DAGs
[2026-06-19T13:59:03.391+0000] {logging_mixin.py:151} INFO - [2026-06-19T13:59:03.391+0000] {dag.py:3722} INFO - Setting next_dagrun for pipeline_ingestion_suivi to 2026-06-19T12:00:00+00:00, run_after=2026-06-19T13:00:00+00:00
[2026-06-19T13:59:03.418+0000] {processor.py:179} INFO - Processing /opt/airflow/dags/dag_suivi.py took 0.094 seconds
[2026-06-19T13:59:33.586+0000] {processor.py:157} INFO - Started process (PID=755) to work on /opt/airflow/dags/dag_suivi.py
[2026-06-19T13:59:33.587+0000] {processor.py:829} INFO - Processing file /opt/airflow/dags/dag_suivi.py for tasks to queue
[2026-06-19T13:59:33.588+0000] {logging_mixin.py:151} INFO - [2026-06-19T13:59:33.587+0000] {dagbag.py:536} INFO - Filling up the DagBag from /opt/airflow/dags/dag_suivi.py
[2026-06-19T13:59:33.607+0000] {processor.py:839} INFO - DAG(s) dict_keys(['pipeline_ingestion_suivi']) retrieved from /opt/airflow/dags/dag_suivi.py
[2026-06-19T13:59:33.635+0000] {logging_mixin.py:151} INFO - [2026-06-19T13:59:33.635+0000] {dag.py:2941} INFO - Sync 1 DAGs
[2026-06-19T13:59:33.656+0000] {logging_mixin.py:151} INFO - [2026-06-19T13:59:33.656+0000] {dag.py:3722} INFO - Setting next_dagrun for pipeline_ingestion_suivi to 2026-06-19T12:00:00+00:00, run_after=2026-06-19T13:00:00+00:00
[2026-06-19T13:59:33.674+0000] {processor.py:179} INFO - Processing /opt/airflow/dags/dag_suivi.py took 0.091 seconds
[2026-06-19T14:00:03.900+0000] {processor.py:157} INFO - Started process (PID=760) to work on /opt/airflow/dags/dag_suivi.py
[2026-06-19T14:00:03.901+0000] {processor.py:829} INFO - Processing file /opt/airflow/dags/dag_suivi.py for tasks to queue
[2026-06-19T14:00:03.901+0000] {logging_mixin.py:151} INFO - [2026-06-19T14:00:03.901+0000] {dagbag.py:536} INFO - Filling up the DagBag from /opt/airflow/dags/dag_suivi.py
[2026-06-19T14:00:03.917+0000] {processor.py:839} INFO - DAG(s) dict_keys(['pipeline_ingestion_suivi']) retrieved from /opt/airflow/dags/dag_suivi.py
[2026-06-19T14:00:03.946+0000] {logging_mixin.py:151} INFO - [2026-06-19T14:00:03.946+0000] {dag.py:2941} INFO - Sync 1 DAGs
[2026-06-19T14:00:03.964+0000] {logging_mixin.py:151} INFO - [2026-06-19T14:00:03.964+0000] {dag.py:3722} INFO - Setting next_dagrun for pipeline_ingestion_suivi to 2026-06-19T13:00:00+00:00, run_after=2026-06-19T14:00:00+00:00
[2026-06-19T14:00:03.984+0000] {processor.py:179} INFO - Processing /opt/airflow/dags/dag_suivi.py took 0.086 seconds
[2026-06-19T14:00:34.165+0000] {processor.py:157} INFO - Started process (PID=765) to work on /opt/airflow/dags/dag_suivi.py
[2026-06-19T14:00:34.165+0000] {processor.py:829} INFO - Processing file /opt/airflow/dags/dag_suivi.py for tasks to queue
[2026-06-19T14:00:34.166+0000] {logging_mixin.py:151} INFO - [2026-06-19T14:00:34.166+0000] {dagbag.py:536} INFO - Filling up the DagBag from /opt/airflow/dags/dag_suivi.py
[2026-06-19T14:00:34.182+0000] {processor.py:839} INFO - DAG(s) dict_keys(['pipeline_ingestion_suivi']) retrieved from /opt/airflow/dags/dag_suivi.py
[2026-06-19T14:00:34.211+0000] {logging_mixin.py:151} INFO - [2026-06-19T14:00:34.211+0000] {dag.py:2941} INFO - Sync 1 DAGs
[2026-06-19T14:00:34.228+0000] {logging_mixin.py:151} INFO - [2026-06-19T14:00:34.228+0000] {dag.py:3722} INFO - Setting next_dagrun for pipeline_ingestion_suivi to 2026-06-19T13:00:00+00:00, run_after=2026-06-19T14:00:00+00:00
[2026-06-19T14:00:34.256+0000] {processor.py:179} INFO - Processing /opt/airflow/dags/dag_suivi.py took 0.094 seconds
[2026-06-19T14:01:04.478+0000] {processor.py:157} INFO - Started process (PID=770) to work on /opt/airflow/dags/dag_suivi.py
[2026-06-19T14:01:04.479+0000] {processor.py:829} INFO - Processing file /opt/airflow/dags/dag_suivi.py for tasks to queue
[2026-06-19T14:01:04.480+0000] {logging_mixin.py:151} INFO - [2026-06-19T14:01:04.480+0000] {dagbag.py:536} INFO - Filling up the DagBag from /opt/airflow/dags/dag_suivi.py
[2026-06-19T14:01:04.497+0000] {processor.py:839} INFO - DAG(s) dict_keys(['pipeline_ingestion_suivi']) retrieved from /opt/airflow/dags/dag_suivi.py
[2026-06-19T14:01:04.525+0000] {logging_mixin.py:151} INFO - [2026-06-19T14:01:04.525+0000] {dag.py:2941} INFO - Sync 1 DAGs
[2026-06-19T14:01:04.543+0000] {logging_mixin.py:151} INFO - [2026-06-19T14:01:04.543+0000] {dag.py:3722} INFO - Setting next_dagrun for pipeline_ingestion_suivi to 2026-06-19T13:00:00+00:00, run_after=2026-06-19T14:00:00+00:00
[2026-06-19T14:01:04.571+0000] {processor.py:179} INFO - Processing /opt/airflow/dags/dag_suivi.py took 0.095 seconds
[2026-06-19T14:01:34.741+0000] {processor.py:157} INFO - Started process (PID=775) to work on /opt/airflow/dags/dag_suivi.py
[2026-06-19T14:01:34.742+0000] {processor.py:829} INFO - Processing file /opt/airflow/dags/dag_suivi.py for tasks to queue
[2026-06-19T14:01:34.743+0000] {logging_mixin.py:151} INFO - [2026-06-19T14:01:34.742+0000] {dagbag.py:536} INFO - Filling up the DagBag from /opt/airflow/dags/dag_suivi.py
[2026-06-19T14:01:34.763+0000] {processor.py:839} INFO - DAG(s) dict_keys(['pipeline_ingestion_suivi']) retrieved from /opt/airflow/dags/dag_suivi.py
[2026-06-19T14:01:34.793+0000] {logging_mixin.py:151} INFO - [2026-06-19T14:01:34.793+0000] {dag.py:2941} INFO - Sync 1 DAGs
[2026-06-19T14:01:34.812+0000] {logging_mixin.py:151} INFO - [2026-06-19T14:01:34.812+0000] {dag.py:3722} INFO - Setting next_dagrun for pipeline_ingestion_suivi to 2026-06-19T13:00:00+00:00, run_after=2026-06-19T14:00:00+00:00
[2026-06-19T14:01:34.829+0000] {processor.py:179} INFO - Processing /opt/airflow/dags/dag_suivi.py took 0.092 seconds
[2026-06-19T14:02:05.057+0000] {processor.py:157} INFO - Started process (PID=780) to work on /opt/airflow/dags/dag_suivi.py
[2026-06-19T14:02:05.057+0000] {processor.py:829} INFO - Processing file /opt/airflow/dags/dag_suivi.py for tasks to queue
[2026-06-19T14:02:05.058+0000] {logging_mixin.py:151} INFO - [2026-06-19T14:02:05.058+0000] {dagbag.py:536} INFO - Filling up the DagBag from /opt/airflow/dags/dag_suivi.py
[2026-06-19T14:02:05.073+0000] {processor.py:839} INFO - DAG(s) dict_keys(['pipeline_ingestion_suivi']) retrieved from /opt/airflow/dags/dag_suivi.py
[2026-06-19T14:02:05.100+0000] {logging_mixin.py:151} INFO - [2026-06-19T14:02:05.100+0000] {dag.py:2941} INFO - Sync 1 DAGs
[2026-06-19T14:02:05.118+0000] {logging_mixin.py:151} INFO - [2026-06-19T14:02:05.118+0000] {dag.py:3722} INFO - Setting next_dagrun for pipeline_ingestion_suivi to 2026-06-19T13:00:00+00:00, run_after=2026-06-19T14:00:00+00:00
[2026-06-19T14:02:05.146+0000] {processor.py:179} INFO - Processing /opt/airflow/dags/dag_suivi.py took 0.092 seconds
[2026-06-19T14:02:35.300+0000] {processor.py:157} INFO - Started process (PID=785) to work on /opt/airflow/dags/dag_suivi.py
[2026-06-19T14:02:35.301+0000] {processor.py:829} INFO - Processing file /opt/airflow/dags/dag_suivi.py for tasks to queue
[2026-06-19T14:02:35.301+0000] {logging_mixin.py:151} INFO - [2026-06-19T14:02:35.301+0000] {dagbag.py:536} INFO - Filling up the DagBag from /opt/airflow/dags/dag_suivi.py
[2026-06-19T14:02:35.317+0000] {processor.py:839} INFO - DAG(s) dict_keys(['pipeline_ingestion_suivi']) retrieved from /opt/airflow/dags/dag_suivi.py
[2026-06-19T14:02:35.343+0000] {logging_mixin.py:151} INFO - [2026-06-19T14:02:35.343+0000] {dag.py:2941} INFO - Sync 1 DAGs
[2026-06-19T14:02:35.364+0000] {logging_mixin.py:151} INFO - [2026-06-19T14:02:35.364+0000] {dag.py:3722} INFO - Setting next_dagrun for pipeline_ingestion_suivi to 2026-06-19T13:00:00+00:00, run_after=2026-06-19T14:00:00+00:00
[2026-06-19T14:02:35.390+0000] {processor.py:179} INFO - Processing /opt/airflow/dags/dag_suivi.py took 0.093 seconds
[2026-06-19T14:03:05.605+0000] {processor.py:157} INFO - Started process (PID=790) to work on /opt/airflow/dags/dag_suivi.py
[2026-06-19T14:03:05.606+0000] {processor.py:829} INFO - Processing file /opt/airflow/dags/dag_suivi.py for tasks to queue
[2026-06-19T14:03:05.607+0000] {logging_mixin.py:151} INFO - [2026-06-19T14:03:05.607+0000] {dagbag.py:536} INFO - Filling up the DagBag from /opt/airflow/dags/dag_suivi.py
[2026-06-19T14:03:05.625+0000] {processor.py:839} INFO - DAG(s) dict_keys(['pipeline_ingestion_suivi']) retrieved from /opt/airflow/dags/dag_suivi.py
[2026-06-19T14:03:05.652+0000] {logging_mixin.py:151} INFO - [2026-06-19T14:03:05.652+0000] {dag.py:2941} INFO - Sync 1 DAGs
[2026-06-19T14:03:05.669+0000] {logging_mixin.py:151} INFO - [2026-06-19T14:03:05.669+0000] {dag.py:3722} INFO - Setting next_dagrun for pipeline_ingestion_suivi to 2026-06-19T13:00:00+00:00, run_after=2026-06-19T14:00:00+00:00
[2026-06-19T14:03:05.696+0000] {processor.py:179} INFO - Processing /opt/airflow/dags/dag_suivi.py took 0.095 seconds
[2026-06-19T14:03:35.873+0000] {processor.py:157} INFO - Started process (PID=795) to work on /opt/airflow/dags/dag_suivi.py
[2026-06-19T14:03:35.874+0000] {processor.py:829} INFO - Processing file /opt/airflow/dags/dag_suivi.py for tasks to queue
[2026-06-19T14:03:35.874+0000] {logging_mixin.py:151} INFO - [2026-06-19T14:03:35.874+0000] {dagbag.py:536} INFO - Filling up the DagBag from /opt/airflow/dags/dag_suivi.py
[2026-06-19T14:03:35.891+0000] {processor.py:839} INFO - DAG(s) dict_keys(['pipeline_ingestion_suivi']) retrieved from /opt/airflow/dags/dag_suivi.py
[2026-06-19T14:03:35.918+0000] {logging_mixin.py:151} INFO - [2026-06-19T14:03:35.918+0000] {dag.py:2941} INFO - Sync 1 DAGs
[2026-06-19T14:03:35.935+0000] {logging_mixin.py:151} INFO - [2026-06-19T14:03:35.935+0000] {dag.py:3722} INFO - Setting next_dagrun for pipeline_ingestion_suivi to 2026-06-19T13:00:00+00:00, run_after=2026-06-19T14:00:00+00:00
[2026-06-19T14:03:35.954+0000] {processor.py:179} INFO - Processing /opt/airflow/dags/dag_suivi.py took 0.084 seconds
[2026-06-19T14:04:06.215+0000] {processor.py:157} INFO - Started process (PID=800) to work on /opt/airflow/dags/dag_suivi.py
[2026-06-19T14:04:06.216+0000] {processor.py:829} INFO - Processing file /opt/airflow/dags/dag_suivi.py for tasks to queue
[2026-06-19T14:04:06.217+0000] {logging_mixin.py:151} INFO - [2026-06-19T14:04:06.217+0000] {dagbag.py:536} INFO - Filling up the DagBag from /opt/airflow/dags/dag_suivi.py
[2026-06-19T14:04:06.235+0000] {processor.py:839} INFO - DAG(s) dict_keys(['pipeline_ingestion_suivi']) retrieved from /opt/airflow/dags/dag_suivi.py
[2026-06-19T14:04:06.262+0000] {logging_mixin.py:151} INFO - [2026-06-19T14:04:06.262+0000] {dag.py:2941} INFO - Sync 1 DAGs
[2026-06-19T14:04:06.280+0000] {logging_mixin.py:151} INFO - [2026-06-19T14:04:06.279+0000] {dag.py:3722} INFO - Setting next_dagrun for pipeline_ingestion_suivi to 2026-06-19T13:00:00+00:00, run_after=2026-06-19T14:00:00+00:00
[2026-06-19T14:04:06.298+0000] {processor.py:179} INFO - Processing /opt/airflow/dags/dag_suivi.py took 0.085 seconds
[2026-06-19T14:04:36.460+0000] {processor.py:157} INFO - Started process (PID=805) to work on /opt/airflow/dags/dag_suivi.py
[2026-06-19T14:04:36.461+0000] {processor.py:829} INFO - Processing file /opt/airflow/dags/dag_suivi.py for tasks to queue
[2026-06-19T14:04:36.462+0000] {logging_mixin.py:151} INFO - [2026-06-19T14:04:36.462+0000] {dagbag.py:536} INFO - Filling up the DagBag from /opt/airflow/dags/dag_suivi.py
[2026-06-19T14:04:36.479+0000] {processor.py:839} INFO - DAG(s) dict_keys(['pipeline_ingestion_suivi']) retrieved from /opt/airflow/dags/dag_suivi.py
[2026-06-19T14:04:36.507+0000] {logging_mixin.py:151} INFO - [2026-06-19T14:04:36.507+0000] {dag.py:2941} INFO - Sync 1 DAGs
[2026-06-19T14:04:36.525+0000] {logging_mixin.py:151} INFO - [2026-06-19T14:04:36.524+0000] {dag.py:3722} INFO - Setting next_dagrun for pipeline_ingestion_suivi to 2026-06-19T13:00:00+00:00, run_after=2026-06-19T14:00:00+00:00
[2026-06-19T14:04:36.542+0000] {processor.py:179} INFO - Processing /opt/airflow/dags/dag_suivi.py took 0.087 seconds
[2026-06-19T14:05:06.760+0000] {processor.py:157} INFO - Started process (PID=810) to work on /opt/airflow/dags/dag_suivi.py
[2026-06-19T14:05:06.761+0000] {processor.py:829} INFO - Processing file /opt/airflow/dags/dag_suivi.py for tasks to queue
[2026-06-19T14:05:06.762+0000] {logging_mixin.py:151} INFO - [2026-06-19T14:05:06.762+0000] {dagbag.py:536} INFO - Filling up the DagBag from /opt/airflow/dags/dag_suivi.py
[2026-06-19T14:05:06.778+0000] {processor.py:839} INFO - DAG(s) dict_keys(['pipeline_ingestion_suivi']) retrieved from /opt/airflow/dags/dag_suivi.py
[2026-06-19T14:05:06.804+0000] {logging_mixin.py:151} INFO - [2026-06-19T14:05:06.803+0000] {dag.py:2941} INFO - Sync 1 DAGs
[2026-06-19T14:05:06.821+0000] {logging_mixin.py:151} INFO - [2026-06-19T14:05:06.821+0000] {dag.py:3722} INFO - Setting next_dagrun for pipeline_ingestion_suivi to 2026-06-19T13:00:00+00:00, run_after=2026-06-19T14:00:00+00:00
[2026-06-19T14:05:06.848+0000] {processor.py:179} INFO - Processing /opt/airflow/dags/dag_suivi.py took 0.090 seconds
[2026-06-19T14:05:37.034+0000] {processor.py:157} INFO - Started process (PID=815) to work on /opt/airflow/dags/dag_suivi.py
[2026-06-19T14:05:37.034+0000] {processor.py:829} INFO - Processing file /opt/airflow/dags/dag_suivi.py for tasks to queue
[2026-06-19T14:05:37.035+0000] {logging_mixin.py:151} INFO - [2026-06-19T14:05:37.035+0000] {dagbag.py:536} INFO - Filling up the DagBag from /opt/airflow/dags/dag_suivi.py
[2026-06-19T14:05:37.051+0000] {processor.py:839} INFO - DAG(s) dict_keys(['pipeline_ingestion_suivi']) retrieved from /opt/airflow/dags/dag_suivi.py
[2026-06-19T14:05:37.081+0000] {logging_mixin.py:151} INFO - [2026-06-19T14:05:37.080+0000] {dag.py:2941} INFO - Sync 1 DAGs
[2026-06-19T14:05:37.098+0000] {logging_mixin.py:151} INFO - [2026-06-19T14:05:37.098+0000] {dag.py:3722} INFO - Setting next_dagrun for pipeline_ingestion_suivi to 2026-06-19T13:00:00+00:00, run_after=2026-06-19T14:00:00+00:00
[2026-06-19T14:05:37.114+0000] {processor.py:179} INFO - Processing /opt/airflow/dags/dag_suivi.py took 0.083 seconds
[2026-06-19T14:06:07.391+0000] {processor.py:157} INFO - Started process (PID=820) to work on /opt/airflow/dags/dag_suivi.py
[2026-06-19T14:06:07.393+0000] {processor.py:829} INFO - Processing file /opt/airflow/dags/dag_suivi.py for tasks to queue
[2026-06-19T14:06:07.394+0000] {logging_mixin.py:151} INFO - [2026-06-19T14:06:07.393+0000] {dagbag.py:536} INFO - Filling up the DagBag from /opt/airflow/dags/dag_suivi.py
[2026-06-19T14:06:07.416+0000] {processor.py:839} INFO - DAG(s) dict_keys(['pipeline_ingestion_suivi']) retrieved from /opt/airflow/dags/dag_suivi.py
[2026-06-19T14:06:07.450+0000] {logging_mixin.py:151} INFO - [2026-06-19T14:06:07.449+0000] {dag.py:2941} INFO - Sync 1 DAGs
[2026-06-19T14:06:07.474+0000] {logging_mixin.py:151} INFO - [2026-06-19T14:06:07.474+0000] {dag.py:3722} INFO - Setting next_dagrun for pipeline_ingestion_suivi to 2026-06-19T13:00:00+00:00, run_after=2026-06-19T14:00:00+00:00
[2026-06-19T14:06:07.501+0000] {processor.py:179} INFO - Processing /opt/airflow/dags/dag_suivi.py took 0.113 seconds
[2026-06-19T14:06:37.638+0000] {processor.py:157} INFO - Started process (PID=825) to work on /opt/airflow/dags/dag_suivi.py
[2026-06-19T14:06:37.639+0000] {processor.py:829} INFO - Processing file /opt/airflow/dags/dag_suivi.py for tasks to queue
[2026-06-19T14:06:37.640+0000] {logging_mixin.py:151} INFO - [2026-06-19T14:06:37.639+0000] {dagbag.py:536} INFO - Filling up the DagBag from /opt/airflow/dags/dag_suivi.py
[2026-06-19T14:06:37.658+0000] {processor.py:839} INFO - DAG(s) dict_keys(['pipeline_ingestion_suivi']) retrieved from /opt/airflow/dags/dag_suivi.py
[2026-06-19T14:06:37.688+0000] {logging_mixin.py:151} INFO - [2026-06-19T14:06:37.688+0000] {dag.py:2941} INFO - Sync 1 DAGs
[2026-06-19T14:06:37.709+0000] {logging_mixin.py:151} INFO - [2026-06-19T14:06:37.709+0000] {dag.py:3722} INFO - Setting next_dagrun for pipeline_ingestion_suivi to 2026-06-19T13:00:00+00:00, run_after=2026-06-19T14:00:00+00:00
[2026-06-19T14:06:37.735+0000] {processor.py:179} INFO - Processing /opt/airflow/dags/dag_suivi.py took 0.100 seconds
[2026-06-19T14:07:07.994+0000] {processor.py:157} INFO - Started process (PID=830) to work on /opt/airflow/dags/dag_suivi.py
[2026-06-19T14:07:07.995+0000] {processor.py:829} INFO - Processing file /opt/airflow/dags/dag_suivi.py for tasks to queue
[2026-06-19T14:07:07.995+0000] {logging_mixin.py:151} INFO - [2026-06-19T14:07:07.995+0000] {dagbag.py:536} INFO - Filling up the DagBag from /opt/airflow/dags/dag_suivi.py
[2026-06-19T14:07:08.011+0000] {processor.py:839} INFO - DAG(s) dict_keys(['pipeline_ingestion_suivi']) retrieved from /opt/airflow/dags/dag_suivi.py
[2026-06-19T14:07:08.037+0000] {logging_mixin.py:151} INFO - [2026-06-19T14:07:08.037+0000] {dag.py:2941} INFO - Sync 1 DAGs
[2026-06-19T14:07:08.054+0000] {logging_mixin.py:151} INFO - [2026-06-19T14:07:08.054+0000] {dag.py:3722} INFO - Setting next_dagrun for pipeline_ingestion_suivi to 2026-06-19T13:00:00+00:00, run_after=2026-06-19T14:00:00+00:00
[2026-06-19T14:07:08.080+0000] {processor.py:179} INFO - Processing /opt/airflow/dags/dag_suivi.py took 0.088 seconds
[2026-06-19T14:07:38.262+0000] {processor.py:157} INFO - Started process (PID=835) to work on /opt/airflow/dags/dag_suivi.py
[2026-06-19T14:07:38.263+0000] {processor.py:829} INFO - Processing file /opt/airflow/dags/dag_suivi.py for tasks to queue
[2026-06-19T14:07:38.264+0000] {logging_mixin.py:151} INFO - [2026-06-19T14:07:38.264+0000] {dagbag.py:536} INFO - Filling up the DagBag from /opt/airflow/dags/dag_suivi.py
[2026-06-19T14:07:38.280+0000] {processor.py:839} INFO - DAG(s) dict_keys(['pipeline_ingestion_suivi']) retrieved from /opt/airflow/dags/dag_suivi.py
[2026-06-19T14:07:38.308+0000] {logging_mixin.py:151} INFO - [2026-06-19T14:07:38.308+0000] {dag.py:2941} INFO - Sync 1 DAGs
[2026-06-19T14:07:38.328+0000] {logging_mixin.py:151} INFO - [2026-06-19T14:07:38.328+0000] {dag.py:3722} INFO - Setting next_dagrun for pipeline_ingestion_suivi to 2026-06-19T13:00:00+00:00, run_after=2026-06-19T14:00:00+00:00
[2026-06-19T14:07:38.356+0000] {processor.py:179} INFO - Processing /opt/airflow/dags/dag_suivi.py took 0.097 seconds
[2026-06-19T14:08:08.530+0000] {processor.py:157} INFO - Started process (PID=840) to work on /opt/airflow/dags/dag_suivi.py
[2026-06-19T14:08:08.530+0000] {processor.py:829} INFO - Processing file /opt/airflow/dags/dag_suivi.py for tasks to queue
[2026-06-19T14:08:08.531+0000] {logging_mixin.py:151} INFO - [2026-06-19T14:08:08.531+0000] {dagbag.py:536} INFO - Filling up the DagBag from /opt/airflow/dags/dag_suivi.py
[2026-06-19T14:08:08.553+0000] {processor.py:839} INFO - DAG(s) dict_keys(['pipeline_ingestion_suivi']) retrieved from /opt/airflow/dags/dag_suivi.py
[2026-06-19T14:08:08.579+0000] {logging_mixin.py:151} INFO - [2026-06-19T14:08:08.579+0000] {dag.py:2941} INFO - Sync 1 DAGs
[2026-06-19T14:08:08.598+0000] {logging_mixin.py:151} INFO - [2026-06-19T14:08:08.598+0000] {dag.py:3722} INFO - Setting next_dagrun for pipeline_ingestion_suivi to 2026-06-19T13:00:00+00:00, run_after=2026-06-19T14:00:00+00:00
[2026-06-19T14:08:08.625+0000] {processor.py:179} INFO - Processing /opt/airflow/dags/dag_suivi.py took 0.099 seconds
[2026-06-19T14:08:38.809+0000] {processor.py:157} INFO - Started process (PID=845) to work on /opt/airflow/dags/dag_suivi.py
[2026-06-19T14:08:38.810+0000] {processor.py:829} INFO - Processing file /opt/airflow/dags/dag_suivi.py for tasks to queue
[2026-06-19T14:08:38.811+0000] {logging_mixin.py:151} INFO - [2026-06-19T14:08:38.811+0000] {dagbag.py:536} INFO - Filling up the DagBag from /opt/airflow/dags/dag_suivi.py
[2026-06-19T14:08:38.829+0000] {processor.py:839} INFO - DAG(s) dict_keys(['pipeline_ingestion_suivi']) retrieved from /opt/airflow/dags/dag_suivi.py
[2026-06-19T14:08:38.853+0000] {logging_mixin.py:151} INFO - [2026-06-19T14:08:38.853+0000] {dag.py:2941} INFO - Sync 1 DAGs
[2026-06-19T14:08:38.871+0000] {logging_mixin.py:151} INFO - [2026-06-19T14:08:38.871+0000] {dag.py:3722} INFO - Setting next_dagrun for pipeline_ingestion_suivi to 2026-06-19T13:00:00+00:00, run_after=2026-06-19T14:00:00+00:00
[2026-06-19T14:08:38.892+0000] {processor.py:179} INFO - Processing /opt/airflow/dags/dag_suivi.py took 0.086 seconds
[2026-06-19T14:09:09.119+0000] {processor.py:157} INFO - Started process (PID=850) to work on /opt/airflow/dags/dag_suivi.py
[2026-06-19T14:09:09.120+0000] {processor.py:829} INFO - Processing file /opt/airflow/dags/dag_suivi.py for tasks to queue
[2026-06-19T14:09:09.121+0000] {logging_mixin.py:151} INFO - [2026-06-19T14:09:09.120+0000] {dagbag.py:536} INFO - Filling up the DagBag from /opt/airflow/dags/dag_suivi.py
[2026-06-19T14:09:09.142+0000] {processor.py:839} INFO - DAG(s) dict_keys(['pipeline_ingestion_suivi']) retrieved from /opt/airflow/dags/dag_suivi.py
[2026-06-19T14:09:09.166+0000] {logging_mixin.py:151} INFO - [2026-06-19T14:09:09.166+0000] {dag.py:2941} INFO - Sync 1 DAGs
[2026-06-19T14:09:09.183+0000] {logging_mixin.py:151} INFO - [2026-06-19T14:09:09.183+0000] {dag.py:3722} INFO - Setting next_dagrun for pipeline_ingestion_suivi to 2026-06-19T13:00:00+00:00, run_after=2026-06-19T14:00:00+00:00
[2026-06-19T14:09:09.207+0000] {processor.py:179} INFO - Processing /opt/airflow/dags/dag_suivi.py took 0.091 seconds
[2026-06-19T14:09:39.370+0000] {processor.py:157} INFO - Started process (PID=855) to work on /opt/airflow/dags/dag_suivi.py
[2026-06-19T14:09:39.371+0000] {processor.py:829} INFO - Processing file /opt/airflow/dags/dag_suivi.py for tasks to queue
[2026-06-19T14:09:39.372+0000] {logging_mixin.py:151} INFO - [2026-06-19T14:09:39.372+0000] {dagbag.py:536} INFO - Filling up the DagBag from /opt/airflow/dags/dag_suivi.py
[2026-06-19T14:09:39.391+0000] {processor.py:839} INFO - DAG(s) dict_keys(['pipeline_ingestion_suivi']) retrieved from /opt/airflow/dags/dag_suivi.py
[2026-06-19T14:09:39.415+0000] {logging_mixin.py:151} INFO - [2026-06-19T14:09:39.415+0000] {dag.py:2941} INFO - Sync 1 DAGs
[2026-06-19T14:09:39.433+0000] {logging_mixin.py:151} INFO - [2026-06-19T14:09:39.433+0000] {dag.py:3722} INFO - Setting next_dagrun for pipeline_ingestion_suivi to 2026-06-19T13:00:00+00:00, run_after=2026-06-19T14:00:00+00:00
[2026-06-19T14:09:39.463+0000] {processor.py:179} INFO - Processing /opt/airflow/dags/dag_suivi.py took 0.095 seconds
[2026-06-19T14:10:09.664+0000] {processor.py:157} INFO - Started process (PID=860) to work on /opt/airflow/dags/dag_suivi.py
[2026-06-19T14:10:09.664+0000] {processor.py:829} INFO - Processing file /opt/airflow/dags/dag_suivi.py for tasks to queue
[2026-06-19T14:10:09.666+0000] {logging_mixin.py:151} INFO - [2026-06-19T14:10:09.665+0000] {dagbag.py:536} INFO - Filling up the DagBag from /opt/airflow/dags/dag_suivi.py
[2026-06-19T14:10:09.687+0000] {processor.py:839} INFO - DAG(s) dict_keys(['pipeline_ingestion_suivi']) retrieved from /opt/airflow/dags/dag_suivi.py
[2026-06-19T14:10:09.714+0000] {logging_mixin.py:151} INFO - [2026-06-19T14:10:09.714+0000] {dag.py:2941} INFO - Sync 1 DAGs
[2026-06-19T14:10:09.733+0000] {logging_mixin.py:151} INFO - [2026-06-19T14:10:09.732+0000] {dag.py:3722} INFO - Setting next_dagrun for pipeline_ingestion_suivi to 2026-06-19T13:00:00+00:00, run_after=2026-06-19T14:00:00+00:00
[2026-06-19T14:10:09.762+0000] {processor.py:179} INFO - Processing /opt/airflow/dags/dag_suivi.py took 0.101 seconds
[2026-06-19T14:10:39.927+0000] {processor.py:157} INFO - Started process (PID=865) to work on /opt/airflow/dags/dag_suivi.py
[2026-06-19T14:10:39.928+0000] {processor.py:829} INFO - Processing file /opt/airflow/dags/dag_suivi.py for tasks to queue
[2026-06-19T14:10:39.928+0000] {logging_mixin.py:151} INFO - [2026-06-19T14:10:39.928+0000] {dagbag.py:536} INFO - Filling up the DagBag from /opt/airflow/dags/dag_suivi.py
[2026-06-19T14:10:39.948+0000] {processor.py:839} INFO - DAG(s) dict_keys(['pipeline_ingestion_suivi']) retrieved from /opt/airflow/dags/dag_suivi.py
[2026-06-19T14:10:39.973+0000] {logging_mixin.py:151} INFO - [2026-06-19T14:10:39.973+0000] {dag.py:2941} INFO - Sync 1 DAGs
[2026-06-19T14:10:39.990+0000] {logging_mixin.py:151} INFO - [2026-06-19T14:10:39.990+0000] {dag.py:3722} INFO - Setting next_dagrun for pipeline_ingestion_suivi to 2026-06-19T13:00:00+00:00, run_after=2026-06-19T14:00:00+00:00
[2026-06-19T14:10:40.018+0000] {processor.py:179} INFO - Processing /opt/airflow/dags/dag_suivi.py took 0.093 seconds
[2026-06-19T14:11:10.303+0000] {processor.py:157} INFO - Started process (PID=870) to work on /opt/airflow/dags/dag_suivi.py
[2026-06-19T14:11:10.304+0000] {processor.py:829} INFO - Processing file /opt/airflow/dags/dag_suivi.py for tasks to queue
[2026-06-19T14:11:10.305+0000] {logging_mixin.py:151} INFO - [2026-06-19T14:11:10.305+0000] {dagbag.py:536} INFO - Filling up the DagBag from /opt/airflow/dags/dag_suivi.py
[2026-06-19T14:11:10.327+0000] {processor.py:839} INFO - DAG(s) dict_keys(['pipeline_ingestion_suivi']) retrieved from /opt/airflow/dags/dag_suivi.py
[2026-06-19T14:11:10.349+0000] {logging_mixin.py:151} INFO - [2026-06-19T14:11:10.349+0000] {dag.py:2941} INFO - Sync 1 DAGs
[2026-06-19T14:11:10.371+0000] {logging_mixin.py:151} INFO - [2026-06-19T14:11:10.371+0000] {dag.py:3722} INFO - Setting next_dagrun for pipeline_ingestion_suivi to 2026-06-19T13:00:00+00:00, run_after=2026-06-19T14:00:00+00:00
[2026-06-19T14:11:10.393+0000] {processor.py:179} INFO - Processing /opt/airflow/dags/dag_suivi.py took 0.092 seconds
[2026-06-19T14:11:40.558+0000] {processor.py:157} INFO - Started process (PID=875) to work on /opt/airflow/dags/dag_suivi.py
[2026-06-19T14:11:40.559+0000] {processor.py:829} INFO - Processing file /opt/airflow/dags/dag_suivi.py for tasks to queue
[2026-06-19T14:11:40.560+0000] {logging_mixin.py:151} INFO - [2026-06-19T14:11:40.560+0000] {dagbag.py:536} INFO - Filling up the DagBag from /opt/airflow/dags/dag_suivi.py
[2026-06-19T14:11:40.583+0000] {processor.py:839} INFO - DAG(s) dict_keys(['pipeline_ingestion_suivi']) retrieved from /opt/airflow/dags/dag_suivi.py
[2026-06-19T14:11:40.608+0000] {logging_mixin.py:151} INFO - [2026-06-19T14:11:40.608+0000] {dag.py:2941} INFO - Sync 1 DAGs
[2026-06-19T14:11:40.625+0000] {logging_mixin.py:151} INFO - [2026-06-19T14:11:40.625+0000] {dag.py:3722} INFO - Setting next_dagrun for pipeline_ingestion_suivi to 2026-06-19T13:00:00+00:00, run_after=2026-06-19T14:00:00+00:00
[2026-06-19T14:11:40.643+0000] {processor.py:179} INFO - Processing /opt/airflow/dags/dag_suivi.py took 0.088 seconds
[2026-06-19T14:12:10.848+0000] {processor.py:157} INFO - Started process (PID=880) to work on /opt/airflow/dags/dag_suivi.py
[2026-06-19T14:12:10.849+0000] {processor.py:829} INFO - Processing file /opt/airflow/dags/dag_suivi.py for tasks to queue
[2026-06-19T14:12:10.849+0000] {logging_mixin.py:151} INFO - [2026-06-19T14:12:10.849+0000] {dagbag.py:536} INFO - Filling up the DagBag from /opt/airflow/dags/dag_suivi.py
[2026-06-19T14:12:10.871+0000] {processor.py:839} INFO - DAG(s) dict_keys(['pipeline_ingestion_suivi']) retrieved from /opt/airflow/dags/dag_suivi.py
[2026-06-19T14:12:10.895+0000] {logging_mixin.py:151} INFO - [2026-06-19T14:12:10.894+0000] {dag.py:2941} INFO - Sync 1 DAGs
[2026-06-19T14:12:10.912+0000] {logging_mixin.py:151} INFO - [2026-06-19T14:12:10.911+0000] {dag.py:3722} INFO - Setting next_dagrun for pipeline_ingestion_suivi to 2026-06-19T13:00:00+00:00, run_after=2026-06-19T14:00:00+00:00
[2026-06-19T14:12:10.929+0000] {processor.py:179} INFO - Processing /opt/airflow/dags/dag_suivi.py took 0.085 seconds
[2026-06-19T14:12:41.137+0000] {processor.py:157} INFO - Started process (PID=885) to work on /opt/airflow/dags/dag_suivi.py
[2026-06-19T14:12:41.138+0000] {processor.py:829} INFO - Processing file /opt/airflow/dags/dag_suivi.py for tasks to queue
[2026-06-19T14:12:41.138+0000] {logging_mixin.py:151} INFO - [2026-06-19T14:12:41.138+0000] {dagbag.py:536} INFO - Filling up the DagBag from /opt/airflow/dags/dag_suivi.py
[2026-06-19T14:12:41.157+0000] {processor.py:839} INFO - DAG(s) dict_keys(['pipeline_ingestion_suivi']) retrieved from /opt/airflow/dags/dag_suivi.py
[2026-06-19T14:12:41.180+0000] {logging_mixin.py:151} INFO - [2026-06-19T14:12:41.180+0000] {dag.py:2941} INFO - Sync 1 DAGs
[2026-06-19T14:12:41.197+0000] {logging_mixin.py:151} INFO - [2026-06-19T14:12:41.197+0000] {dag.py:3722} INFO - Setting next_dagrun for pipeline_ingestion_suivi to 2026-06-19T13:00:00+00:00, run_after=2026-06-19T14:00:00+00:00
[2026-06-19T14:12:41.222+0000] {processor.py:179} INFO - Processing /opt/airflow/dags/dag_suivi.py took 0.088 seconds
[2026-06-19T14:13:11.430+0000] {processor.py:157} INFO - Started process (PID=890) to work on /opt/airflow/dags/dag_suivi.py
[2026-06-19T14:13:11.431+0000] {processor.py:829} INFO - Processing file /opt/airflow/dags/dag_suivi.py for tasks to queue
[2026-06-19T14:13:11.432+0000] {logging_mixin.py:151} INFO - [2026-06-19T14:13:11.432+0000] {dagbag.py:536} INFO - Filling up the DagBag from /opt/airflow/dags/dag_suivi.py
[2026-06-19T14:13:11.451+0000] {processor.py:839} INFO - DAG(s) dict_keys(['pipeline_ingestion_suivi']) retrieved from /opt/airflow/dags/dag_suivi.py
[2026-06-19T14:13:11.475+0000] {logging_mixin.py:151} INFO - [2026-06-19T14:13:11.475+0000] {dag.py:2941} INFO - Sync 1 DAGs
[2026-06-19T14:13:11.493+0000] {logging_mixin.py:151} INFO - [2026-06-19T14:13:11.493+0000] {dag.py:3722} INFO - Setting next_dagrun for pipeline_ingestion_suivi to 2026-06-19T13:00:00+00:00, run_after=2026-06-19T14:00:00+00:00
[2026-06-19T14:13:11.510+0000] {processor.py:179} INFO - Processing /opt/airflow/dags/dag_suivi.py took 0.083 seconds
[2026-06-19T14:13:41.682+0000] {processor.py:157} INFO - Started process (PID=895) to work on /opt/airflow/dags/dag_suivi.py
[2026-06-19T14:13:41.682+0000] {processor.py:829} INFO - Processing file /opt/airflow/dags/dag_suivi.py for tasks to queue
[2026-06-19T14:13:41.683+0000] {logging_mixin.py:151} INFO - [2026-06-19T14:13:41.683+0000] {dagbag.py:536} INFO - Filling up the DagBag from /opt/airflow/dags/dag_suivi.py
[2026-06-19T14:13:41.702+0000] {processor.py:839} INFO - DAG(s) dict_keys(['pipeline_ingestion_suivi']) retrieved from /opt/airflow/dags/dag_suivi.py
[2026-06-19T14:13:41.726+0000] {logging_mixin.py:151} INFO - [2026-06-19T14:13:41.726+0000] {dag.py:2941} INFO - Sync 1 DAGs
[2026-06-19T14:13:41.745+0000] {logging_mixin.py:151} INFO - [2026-06-19T14:13:41.745+0000] {dag.py:3722} INFO - Setting next_dagrun for pipeline_ingestion_suivi to 2026-06-19T13:00:00+00:00, run_after=2026-06-19T14:00:00+00:00
[2026-06-19T14:13:41.773+0000] {processor.py:179} INFO - Processing /opt/airflow/dags/dag_suivi.py took 0.095 seconds
[2026-06-19T14:14:12.014+0000] {processor.py:157} INFO - Started process (PID=900) to work on /opt/airflow/dags/dag_suivi.py
[2026-06-19T14:14:12.014+0000] {processor.py:829} INFO - Processing file /opt/airflow/dags/dag_suivi.py for tasks to queue
[2026-06-19T14:14:12.015+0000] {logging_mixin.py:151} INFO - [2026-06-19T14:14:12.015+0000] {dagbag.py:536} INFO - Filling up the DagBag from /opt/airflow/dags/dag_suivi.py
[2026-06-19T14:14:12.034+0000] {processor.py:839} INFO - DAG(s) dict_keys(['pipeline_ingestion_suivi']) retrieved from /opt/airflow/dags/dag_suivi.py
[2026-06-19T14:14:12.058+0000] {logging_mixin.py:151} INFO - [2026-06-19T14:14:12.058+0000] {dag.py:2941} INFO - Sync 1 DAGs
[2026-06-19T14:14:12.076+0000] {logging_mixin.py:151} INFO - [2026-06-19T14:14:12.076+0000] {dag.py:3722} INFO - Setting next_dagrun for pipeline_ingestion_suivi to 2026-06-19T13:00:00+00:00, run_after=2026-06-19T14:00:00+00:00
[2026-06-19T14:14:12.103+0000] {processor.py:179} INFO - Processing /opt/airflow/dags/dag_suivi.py took 0.092 seconds
[2026-06-19T14:14:42.287+0000] {processor.py:157} INFO - Started process (PID=905) to work on /opt/airflow/dags/dag_suivi.py
[2026-06-19T14:14:42.287+0000] {processor.py:829} INFO - Processing file /opt/airflow/dags/dag_suivi.py for tasks to queue
[2026-06-19T14:14:42.288+0000] {logging_mixin.py:151} INFO - [2026-06-19T14:14:42.288+0000] {dagbag.py:536} INFO - Filling up the DagBag from /opt/airflow/dags/dag_suivi.py
[2026-06-19T14:14:42.309+0000] {processor.py:839} INFO - DAG(s) dict_keys(['pipeline_ingestion_suivi']) retrieved from /opt/airflow/dags/dag_suivi.py
[2026-06-19T14:14:42.332+0000] {logging_mixin.py:151} INFO - [2026-06-19T14:14:42.332+0000] {dag.py:2941} INFO - Sync 1 DAGs
[2026-06-19T14:14:42.350+0000] {logging_mixin.py:151} INFO - [2026-06-19T14:14:42.350+0000] {dag.py:3722} INFO - Setting next_dagrun for pipeline_ingestion_suivi to 2026-06-19T13:00:00+00:00, run_after=2026-06-19T14:00:00+00:00
[2026-06-19T14:14:42.377+0000] {processor.py:179} INFO - Processing /opt/airflow/dags/dag_suivi.py took 0.094 seconds
[2026-06-19T14:15:12.589+0000] {processor.py:157} INFO - Started process (PID=910) to work on /opt/airflow/dags/dag_suivi.py
[2026-06-19T14:15:12.590+0000] {processor.py:829} INFO - Processing file /opt/airflow/dags/dag_suivi.py for tasks to queue
[2026-06-19T14:15:12.591+0000] {logging_mixin.py:151} INFO - [2026-06-19T14:15:12.591+0000] {dagbag.py:536} INFO - Filling up the DagBag from /opt/airflow/dags/dag_suivi.py
[2026-06-19T14:15:12.608+0000] {processor.py:839} INFO - DAG(s) dict_keys(['pipeline_ingestion_suivi']) retrieved from /opt/airflow/dags/dag_suivi.py
[2026-06-19T14:15:12.629+0000] {logging_mixin.py:151} INFO - [2026-06-19T14:15:12.629+0000] {dag.py:2941} INFO - Sync 1 DAGs
[2026-06-19T14:15:12.647+0000] {logging_mixin.py:151} INFO - [2026-06-19T14:15:12.646+0000] {dag.py:3722} INFO - Setting next_dagrun for pipeline_ingestion_suivi to 2026-06-19T13:00:00+00:00, run_after=2026-06-19T14:00:00+00:00
[2026-06-19T14:15:12.662+0000] {processor.py:179} INFO - Processing /opt/airflow/dags/dag_suivi.py took 0.076 seconds
[2026-06-19T14:15:42.882+0000] {processor.py:157} INFO - Started process (PID=915) to work on /opt/airflow/dags/dag_suivi.py
[2026-06-19T14:15:42.882+0000] {processor.py:829} INFO - Processing file /opt/airflow/dags/dag_suivi.py for tasks to queue
[2026-06-19T14:15:42.883+0000] {logging_mixin.py:151} INFO - [2026-06-19T14:15:42.883+0000] {dagbag.py:536} INFO - Filling up the DagBag from /opt/airflow/dags/dag_suivi.py
[2026-06-19T14:15:42.902+0000] {processor.py:839} INFO - DAG(s) dict_keys(['pipeline_ingestion_suivi']) retrieved from /opt/airflow/dags/dag_suivi.py
[2026-06-19T14:15:42.926+0000] {logging_mixin.py:151} INFO - [2026-06-19T14:15:42.926+0000] {dag.py:2941} INFO - Sync 1 DAGs
[2026-06-19T14:15:42.942+0000] {logging_mixin.py:151} INFO - [2026-06-19T14:15:42.942+0000] {dag.py:3722} INFO - Setting next_dagrun for pipeline_ingestion_suivi to 2026-06-19T13:00:00+00:00, run_after=2026-06-19T14:00:00+00:00
[2026-06-19T14:15:42.962+0000] {processor.py:179} INFO - Processing /opt/airflow/dags/dag_suivi.py took 0.082 seconds
[2026-06-19T14:16:13.148+0000] {processor.py:157} INFO - Started process (PID=920) to work on /opt/airflow/dags/dag_suivi.py
[2026-06-19T14:16:13.149+0000] {processor.py:829} INFO - Processing file /opt/airflow/dags/dag_suivi.py for tasks to queue
[2026-06-19T14:16:13.149+0000] {logging_mixin.py:151} INFO - [2026-06-19T14:16:13.149+0000] {dagbag.py:536} INFO - Filling up the DagBag from /opt/airflow/dags/dag_suivi.py
[2026-06-19T14:16:13.168+0000] {processor.py:839} INFO - DAG(s) dict_keys(['pipeline_ingestion_suivi']) retrieved from /opt/airflow/dags/dag_suivi.py
[2026-06-19T14:16:13.191+0000] {logging_mixin.py:151} INFO - [2026-06-19T14:16:13.191+0000] {dag.py:2941} INFO - Sync 1 DAGs
[2026-06-19T14:16:13.208+0000] {logging_mixin.py:151} INFO - [2026-06-19T14:16:13.208+0000] {dag.py:3722} INFO - Setting next_dagrun for pipeline_ingestion_suivi to 2026-06-19T13:00:00+00:00, run_after=2026-06-19T14:00:00+00:00
[2026-06-19T14:16:13.229+0000] {processor.py:179} INFO - Processing /opt/airflow/dags/dag_suivi.py took 0.084 seconds
[2026-06-19T14:16:43.431+0000] {processor.py:157} INFO - Started process (PID=925) to work on /opt/airflow/dags/dag_suivi.py
[2026-06-19T14:16:43.432+0000] {processor.py:829} INFO - Processing file /opt/airflow/dags/dag_suivi.py for tasks to queue
[2026-06-19T14:16:43.433+0000] {logging_mixin.py:151} INFO - [2026-06-19T14:16:43.432+0000] {dagbag.py:536} INFO - Filling up the DagBag from /opt/airflow/dags/dag_suivi.py
[2026-06-19T14:16:43.451+0000] {processor.py:839} INFO - DAG(s) dict_keys(['pipeline_ingestion_suivi']) retrieved from /opt/airflow/dags/dag_suivi.py
[2026-06-19T14:16:43.476+0000] {logging_mixin.py:151} INFO - [2026-06-19T14:16:43.476+0000] {dag.py:2941} INFO - Sync 1 DAGs
[2026-06-19T14:16:43.496+0000] {logging_mixin.py:151} INFO - [2026-06-19T14:16:43.496+0000] {dag.py:3722} INFO - Setting next_dagrun for pipeline_ingestion_suivi to 2026-06-19T13:00:00+00:00, run_after=2026-06-19T14:00:00+00:00
[2026-06-19T14:16:43.527+0000] {processor.py:179} INFO - Processing /opt/airflow/dags/dag_suivi.py took 0.099 seconds
[2026-06-19T14:17:13.682+0000] {processor.py:157} INFO - Started process (PID=930) to work on /opt/airflow/dags/dag_suivi.py
[2026-06-19T14:17:13.683+0000] {processor.py:829} INFO - Processing file /opt/airflow/dags/dag_suivi.py for tasks to queue
[2026-06-19T14:17:13.684+0000] {logging_mixin.py:151} INFO - [2026-06-19T14:17:13.683+0000] {dagbag.py:536} INFO - Filling up the DagBag from /opt/airflow/dags/dag_suivi.py
[2026-06-19T14:17:13.702+0000] {processor.py:839} INFO - DAG(s) dict_keys(['pipeline_ingestion_suivi']) retrieved from /opt/airflow/dags/dag_suivi.py
[2026-06-19T14:17:13.725+0000] {logging_mixin.py:151} INFO - [2026-06-19T14:17:13.725+0000] {dag.py:2941} INFO - Sync 1 DAGs
[2026-06-19T14:17:13.743+0000] {logging_mixin.py:151} INFO - [2026-06-19T14:17:13.743+0000] {dag.py:3722} INFO - Setting next_dagrun for pipeline_ingestion_suivi to 2026-06-19T13:00:00+00:00, run_after=2026-06-19T14:00:00+00:00
[2026-06-19T14:17:13.771+0000] {processor.py:179} INFO - Processing /opt/airflow/dags/dag_suivi.py took 0.092 seconds
[2026-06-19T14:17:44.020+0000] {processor.py:157} INFO - Started process (PID=935) to work on /opt/airflow/dags/dag_suivi.py
[2026-06-19T14:17:44.021+0000] {processor.py:829} INFO - Processing file /opt/airflow/dags/dag_suivi.py for tasks to queue
[2026-06-19T14:17:44.022+0000] {logging_mixin.py:151} INFO - [2026-06-19T14:17:44.021+0000] {dagbag.py:536} INFO - Filling up the DagBag from /opt/airflow/dags/dag_suivi.py
[2026-06-19T14:17:44.043+0000] {processor.py:839} INFO - DAG(s) dict_keys(['pipeline_ingestion_suivi']) retrieved from /opt/airflow/dags/dag_suivi.py
[2026-06-19T14:17:44.070+0000] {logging_mixin.py:151} INFO - [2026-06-19T14:17:44.070+0000] {dag.py:2941} INFO - Sync 1 DAGs
[2026-06-19T14:17:44.096+0000] {logging_mixin.py:151} INFO - [2026-06-19T14:17:44.096+0000] {dag.py:3722} INFO - Setting next_dagrun for pipeline_ingestion_suivi to 2026-06-19T13:00:00+00:00, run_after=2026-06-19T14:00:00+00:00
[2026-06-19T14:17:44.121+0000] {processor.py:179} INFO - Processing /opt/airflow/dags/dag_suivi.py took 0.104 seconds
[2026-06-19T14:18:14.291+0000] {processor.py:157} INFO - Started process (PID=940) to work on /opt/airflow/dags/dag_suivi.py
[2026-06-19T14:18:14.292+0000] {processor.py:829} INFO - Processing file /opt/airflow/dags/dag_suivi.py for tasks to queue
[2026-06-19T14:18:14.293+0000] {logging_mixin.py:151} INFO - [2026-06-19T14:18:14.292+0000] {dagbag.py:536} INFO - Filling up the DagBag from /opt/airflow/dags/dag_suivi.py
[2026-06-19T14:18:14.313+0000] {processor.py:839} INFO - DAG(s) dict_keys(['pipeline_ingestion_suivi']) retrieved from /opt/airflow/dags/dag_suivi.py
[2026-06-19T14:18:14.338+0000] {logging_mixin.py:151} INFO - [2026-06-19T14:18:14.338+0000] {dag.py:2941} INFO - Sync 1 DAGs
[2026-06-19T14:18:14.356+0000] {logging_mixin.py:151} INFO - [2026-06-19T14:18:14.356+0000] {dag.py:3722} INFO - Setting next_dagrun for pipeline_ingestion_suivi to 2026-06-19T13:00:00+00:00, run_after=2026-06-19T14:00:00+00:00
[2026-06-19T14:18:14.381+0000] {processor.py:179} INFO - Processing /opt/airflow/dags/dag_suivi.py took 0.093 seconds
[2026-06-19T14:18:44.597+0000] {processor.py:157} INFO - Started process (PID=945) to work on /opt/airflow/dags/dag_suivi.py
[2026-06-19T14:18:44.598+0000] {processor.py:829} INFO - Processing file /opt/airflow/dags/dag_suivi.py for tasks to queue
[2026-06-19T14:18:44.598+0000] {logging_mixin.py:151} INFO - [2026-06-19T14:18:44.598+0000] {dagbag.py:536} INFO - Filling up the DagBag from /opt/airflow/dags/dag_suivi.py
[2026-06-19T14:18:44.620+0000] {processor.py:839} INFO - DAG(s) dict_keys(['pipeline_ingestion_suivi']) retrieved from /opt/airflow/dags/dag_suivi.py
[2026-06-19T14:18:44.643+0000] {logging_mixin.py:151} INFO - [2026-06-19T14:18:44.643+0000] {dag.py:2941} INFO - Sync 1 DAGs
[2026-06-19T14:18:44.663+0000] {logging_mixin.py:151} INFO - [2026-06-19T14:18:44.663+0000] {dag.py:3722} INFO - Setting next_dagrun for pipeline_ingestion_suivi to 2026-06-19T13:00:00+00:00, run_after=2026-06-19T14:00:00+00:00
[2026-06-19T14:18:44.687+0000] {processor.py:179} INFO - Processing /opt/airflow/dags/dag_suivi.py took 0.092 seconds
[2026-06-19T14:19:14.879+0000] {processor.py:157} INFO - Started process (PID=950) to work on /opt/airflow/dags/dag_suivi.py
[2026-06-19T14:19:14.880+0000] {processor.py:829} INFO - Processing file /opt/airflow/dags/dag_suivi.py for tasks to queue
[2026-06-19T14:19:14.881+0000] {logging_mixin.py:151} INFO - [2026-06-19T14:19:14.880+0000] {dagbag.py:536} INFO - Filling up the DagBag from /opt/airflow/dags/dag_suivi.py
[2026-06-19T14:19:14.901+0000] {processor.py:839} INFO - DAG(s) dict_keys(['pipeline_ingestion_suivi']) retrieved from /opt/airflow/dags/dag_suivi.py
[2026-06-19T14:19:14.934+0000] {logging_mixin.py:151} INFO - [2026-06-19T14:19:14.934+0000] {dag.py:2941} INFO - Sync 1 DAGs
[2026-06-19T14:19:14.952+0000] {logging_mixin.py:151} INFO - [2026-06-19T14:19:14.952+0000] {dag.py:3722} INFO - Setting next_dagrun for pipeline_ingestion_suivi to 2026-06-19T13:00:00+00:00, run_after=2026-06-19T14:00:00+00:00
[2026-06-19T14:19:14.974+0000] {processor.py:179} INFO - Processing /opt/airflow/dags/dag_suivi.py took 0.099 seconds
[2026-06-19T14:19:45.194+0000] {processor.py:157} INFO - Started process (PID=955) to work on /opt/airflow/dags/dag_suivi.py
[2026-06-19T14:19:45.195+0000] {processor.py:829} INFO - Processing file /opt/airflow/dags/dag_suivi.py for tasks to queue
[2026-06-19T14:19:45.196+0000] {logging_mixin.py:151} INFO - [2026-06-19T14:19:45.195+0000] {dagbag.py:536} INFO - Filling up the DagBag from /opt/airflow/dags/dag_suivi.py
[2026-06-19T14:19:45.215+0000] {processor.py:839} INFO - DAG(s) dict_keys(['pipeline_ingestion_suivi']) retrieved from /opt/airflow/dags/dag_suivi.py
[2026-06-19T14:19:45.239+0000] {logging_mixin.py:151} INFO - [2026-06-19T14:19:45.238+0000] {dag.py:2941} INFO - Sync 1 DAGs
[2026-06-19T14:19:45.259+0000] {logging_mixin.py:151} INFO - [2026-06-19T14:19:45.259+0000] {dag.py:3722} INFO - Setting next_dagrun for pipeline_ingestion_suivi to 2026-06-19T13:00:00+00:00, run_after=2026-06-19T14:00:00+00:00
[2026-06-19T14:19:45.287+0000] {processor.py:179} INFO - Processing /opt/airflow/dags/dag_suivi.py took 0.095 seconds
[2026-06-19T14:20:15.466+0000] {processor.py:157} INFO - Started process (PID=960) to work on /opt/airflow/dags/dag_suivi.py
[2026-06-19T14:20:15.466+0000] {processor.py:829} INFO - Processing file /opt/airflow/dags/dag_suivi.py for tasks to queue
[2026-06-19T14:20:15.467+0000] {logging_mixin.py:151} INFO - [2026-06-19T14:20:15.467+0000] {dagbag.py:536} INFO - Filling up the DagBag from /opt/airflow/dags/dag_suivi.py
[2026-06-19T14:20:15.487+0000] {processor.py:839} INFO - DAG(s) dict_keys(['pipeline_ingestion_suivi']) retrieved from /opt/airflow/dags/dag_suivi.py
[2026-06-19T14:20:15.511+0000] {logging_mixin.py:151} INFO - [2026-06-19T14:20:15.511+0000] {dag.py:2941} INFO - Sync 1 DAGs
[2026-06-19T14:20:15.528+0000] {logging_mixin.py:151} INFO - [2026-06-19T14:20:15.528+0000] {dag.py:3722} INFO - Setting next_dagrun for pipeline_ingestion_suivi to 2026-06-19T13:00:00+00:00, run_after=2026-06-19T14:00:00+00:00
[2026-06-19T14:20:15.547+0000] {processor.py:179} INFO - Processing /opt/airflow/dags/dag_suivi.py took 0.084 seconds
[2026-06-19T14:20:45.805+0000] {processor.py:157} INFO - Started process (PID=965) to work on /opt/airflow/dags/dag_suivi.py
[2026-06-19T14:20:45.806+0000] {processor.py:829} INFO - Processing file /opt/airflow/dags/dag_suivi.py for tasks to queue
[2026-06-19T14:20:45.807+0000] {logging_mixin.py:151} INFO - [2026-06-19T14:20:45.807+0000] {dagbag.py:536} INFO - Filling up the DagBag from /opt/airflow/dags/dag_suivi.py
[2026-06-19T14:20:45.827+0000] {processor.py:839} INFO - DAG(s) dict_keys(['pipeline_ingestion_suivi']) retrieved from /opt/airflow/dags/dag_suivi.py
[2026-06-19T14:20:45.851+0000] {logging_mixin.py:151} INFO - [2026-06-19T14:20:45.850+0000] {dag.py:2941} INFO - Sync 1 DAGs
[2026-06-19T14:20:45.868+0000] {logging_mixin.py:151} INFO - [2026-06-19T14:20:45.867+0000] {dag.py:3722} INFO - Setting next_dagrun for pipeline_ingestion_suivi to 2026-06-19T13:00:00+00:00, run_after=2026-06-19T14:00:00+00:00
[2026-06-19T14:20:45.895+0000] {processor.py:179} INFO - Processing /opt/airflow/dags/dag_suivi.py took 0.092 seconds
[2026-06-19T14:21:16.048+0000] {processor.py:157} INFO - Started process (PID=970) to work on /opt/airflow/dags/dag_suivi.py
[2026-06-19T14:21:16.049+0000] {processor.py:829} INFO - Processing file /opt/airflow/dags/dag_suivi.py for tasks to queue
[2026-06-19T14:21:16.050+0000] {logging_mixin.py:151} INFO - [2026-06-19T14:21:16.049+0000] {dagbag.py:536} INFO - Filling up the DagBag from /opt/airflow/dags/dag_suivi.py
[2026-06-19T14:21:16.071+0000] {processor.py:839} INFO - DAG(s) dict_keys(['pipeline_ingestion_suivi']) retrieved from /opt/airflow/dags/dag_suivi.py
[2026-06-19T14:21:16.095+0000] {logging_mixin.py:151} INFO - [2026-06-19T14:21:16.094+0000] {dag.py:2941} INFO - Sync 1 DAGs
[2026-06-19T14:21:16.112+0000] {logging_mixin.py:151} INFO - [2026-06-19T14:21:16.112+0000] {dag.py:3722} INFO - Setting next_dagrun for pipeline_ingestion_suivi to 2026-06-19T13:00:00+00:00, run_after=2026-06-19T14:00:00+00:00
[2026-06-19T14:21:16.129+0000] {processor.py:179} INFO - Processing /opt/airflow/dags/dag_suivi.py took 0.084 seconds
[2026-06-19T14:21:46.373+0000] {processor.py:157} INFO - Started process (PID=975) to work on /opt/airflow/dags/dag_suivi.py
[2026-06-19T14:21:46.373+0000] {processor.py:829} INFO - Processing file /opt/airflow/dags/dag_suivi.py for tasks to queue
[2026-06-19T14:21:46.374+0000] {logging_mixin.py:151} INFO - [2026-06-19T14:21:46.374+0000] {dagbag.py:536} INFO - Filling up the DagBag from /opt/airflow/dags/dag_suivi.py
[2026-06-19T14:21:46.395+0000] {processor.py:839} INFO - DAG(s) dict_keys(['pipeline_ingestion_suivi']) retrieved from /opt/airflow/dags/dag_suivi.py
[2026-06-19T14:21:46.421+0000] {logging_mixin.py:151} INFO - [2026-06-19T14:21:46.421+0000] {dag.py:2941} INFO - Sync 1 DAGs
[2026-06-19T14:21:46.440+0000] {logging_mixin.py:151} INFO - [2026-06-19T14:21:46.440+0000] {dag.py:3722} INFO - Setting next_dagrun for pipeline_ingestion_suivi to 2026-06-19T13:00:00+00:00, run_after=2026-06-19T14:00:00+00:00
[2026-06-19T14:21:46.458+0000] {processor.py:179} INFO - Processing /opt/airflow/dags/dag_suivi.py took 0.088 seconds
[2026-06-19T14:22:16.631+0000] {processor.py:157} INFO - Started process (PID=980) to work on /opt/airflow/dags/dag_suivi.py
[2026-06-19T14:22:16.632+0000] {processor.py:829} INFO - Processing file /opt/airflow/dags/dag_suivi.py for tasks to queue
[2026-06-19T14:22:16.633+0000] {logging_mixin.py:151} INFO - [2026-06-19T14:22:16.633+0000] {dagbag.py:536} INFO - Filling up the DagBag from /opt/airflow/dags/dag_suivi.py
[2026-06-19T14:22:16.655+0000] {processor.py:839} INFO - DAG(s) dict_keys(['pipeline_ingestion_suivi']) retrieved from /opt/airflow/dags/dag_suivi.py
[2026-06-19T14:22:16.681+0000] {logging_mixin.py:151} INFO - [2026-06-19T14:22:16.681+0000] {dag.py:2941} INFO - Sync 1 DAGs
[2026-06-19T14:22:16.700+0000] {logging_mixin.py:151} INFO - [2026-06-19T14:22:16.699+0000] {dag.py:3722} INFO - Setting next_dagrun for pipeline_ingestion_suivi to 2026-06-19T13:00:00+00:00, run_after=2026-06-19T14:00:00+00:00
[2026-06-19T14:22:16.720+0000] {processor.py:179} INFO - Processing /opt/airflow/dags/dag_suivi.py took 0.092 seconds
[2026-06-19T14:22:46.944+0000] {processor.py:157} INFO - Started process (PID=985) to work on /opt/airflow/dags/dag_suivi.py
[2026-06-19T14:22:46.945+0000] {processor.py:829} INFO - Processing file /opt/airflow/dags/dag_suivi.py for tasks to queue
[2026-06-19T14:22:46.946+0000] {logging_mixin.py:151} INFO - [2026-06-19T14:22:46.946+0000] {dagbag.py:536} INFO - Filling up the DagBag from /opt/airflow/dags/dag_suivi.py
[2026-06-19T14:22:46.966+0000] {processor.py:839} INFO - DAG(s) dict_keys(['pipeline_ingestion_suivi']) retrieved from /opt/airflow/dags/dag_suivi.py
[2026-06-19T14:22:46.990+0000] {logging_mixin.py:151} INFO - [2026-06-19T14:22:46.989+0000] {dag.py:2941} INFO - Sync 1 DAGs
[2026-06-19T14:22:47.007+0000] {logging_mixin.py:151} INFO - [2026-06-19T14:22:47.007+0000] {dag.py:3722} INFO - Setting next_dagrun for pipeline_ingestion_suivi to 2026-06-19T13:00:00+00:00, run_after=2026-06-19T14:00:00+00:00
[2026-06-19T14:22:47.025+0000] {processor.py:179} INFO - Processing /opt/airflow/dags/dag_suivi.py took 0.084 seconds
[2026-06-19T14:23:17.216+0000] {processor.py:157} INFO - Started process (PID=990) to work on /opt/airflow/dags/dag_suivi.py
[2026-06-19T14:23:17.217+0000] {processor.py:829} INFO - Processing file /opt/airflow/dags/dag_suivi.py for tasks to queue
[2026-06-19T14:23:17.218+0000] {logging_mixin.py:151} INFO - [2026-06-19T14:23:17.217+0000] {dagbag.py:536} INFO - Filling up the DagBag from /opt/airflow/dags/dag_suivi.py
[2026-06-19T14:23:17.237+0000] {processor.py:839} INFO - DAG(s) dict_keys(['pipeline_ingestion_suivi']) retrieved from /opt/airflow/dags/dag_suivi.py
[2026-06-19T14:23:17.260+0000] {logging_mixin.py:151} INFO - [2026-06-19T14:23:17.259+0000] {dag.py:2941} INFO - Sync 1 DAGs
[2026-06-19T14:23:17.277+0000] {logging_mixin.py:151} INFO - [2026-06-19T14:23:17.277+0000] {dag.py:3722} INFO - Setting next_dagrun for pipeline_ingestion_suivi to 2026-06-19T13:00:00+00:00, run_after=2026-06-19T14:00:00+00:00
[2026-06-19T14:23:17.295+0000] {processor.py:179} INFO - Processing /opt/airflow/dags/dag_suivi.py took 0.082 seconds
[2026-06-19T14:23:47.491+0000] {processor.py:157} INFO - Started process (PID=995) to work on /opt/airflow/dags/dag_suivi.py
[2026-06-19T14:23:47.492+0000] {processor.py:829} INFO - Processing file /opt/airflow/dags/dag_suivi.py for tasks to queue
[2026-06-19T14:23:47.493+0000] {logging_mixin.py:151} INFO - [2026-06-19T14:23:47.492+0000] {dagbag.py:536} INFO - Filling up the DagBag from /opt/airflow/dags/dag_suivi.py
[2026-06-19T14:23:47.510+0000] {processor.py:839} INFO - DAG(s) dict_keys(['pipeline_ingestion_suivi']) retrieved from /opt/airflow/dags/dag_suivi.py
[2026-06-19T14:23:47.534+0000] {logging_mixin.py:151} INFO - [2026-06-19T14:23:47.534+0000] {dag.py:2941} INFO - Sync 1 DAGs
[2026-06-19T14:23:47.551+0000] {logging_mixin.py:151} INFO - [2026-06-19T14:23:47.551+0000] {dag.py:3722} INFO - Setting next_dagrun for pipeline_ingestion_suivi to 2026-06-19T13:00:00+00:00, run_after=2026-06-19T14:00:00+00:00
[2026-06-19T14:23:47.569+0000] {processor.py:179} INFO - Processing /opt/airflow/dags/dag_suivi.py took 0.081 seconds
[2026-06-19T14:24:17.749+0000] {processor.py:157} INFO - Started process (PID=1000) to work on /opt/airflow/dags/dag_suivi.py
[2026-06-19T14:24:17.749+0000] {processor.py:829} INFO - Processing file /opt/airflow/dags/dag_suivi.py for tasks to queue
[2026-06-19T14:24:17.750+0000] {logging_mixin.py:151} INFO - [2026-06-19T14:24:17.750+0000] {dagbag.py:536} INFO - Filling up the DagBag from /opt/airflow/dags/dag_suivi.py
[2026-06-19T14:24:17.765+0000] {processor.py:839} INFO - DAG(s) dict_keys(['pipeline_ingestion_suivi']) retrieved from /opt/airflow/dags/dag_suivi.py
[2026-06-19T14:24:17.788+0000] {logging_mixin.py:151} INFO - [2026-06-19T14:24:17.788+0000] {dag.py:2941} INFO - Sync 1 DAGs
[2026-06-19T14:24:17.805+0000] {logging_mixin.py:151} INFO - [2026-06-19T14:24:17.805+0000] {dag.py:3722} INFO - Setting next_dagrun for pipeline_ingestion_suivi to 2026-06-19T13:00:00+00:00, run_after=2026-06-19T14:00:00+00:00
[2026-06-19T14:24:17.822+0000] {processor.py:179} INFO - Processing /opt/airflow/dags/dag_suivi.py took 0.077 seconds
[2026-06-19T14:24:48.031+0000] {processor.py:157} INFO - Started process (PID=1005) to work on /opt/airflow/dags/dag_suivi.py
[2026-06-19T14:24:48.031+0000] {processor.py:829} INFO - Processing file /opt/airflow/dags/dag_suivi.py for tasks to queue
[2026-06-19T14:24:48.032+0000] {logging_mixin.py:151} INFO - [2026-06-19T14:24:48.032+0000] {dagbag.py:536} INFO - Filling up the DagBag from /opt/airflow/dags/dag_suivi.py
[2026-06-19T14:24:48.049+0000] {processor.py:839} INFO - DAG(s) dict_keys(['pipeline_ingestion_suivi']) retrieved from /opt/airflow/dags/dag_suivi.py
[2026-06-19T14:24:48.073+0000] {logging_mixin.py:151} INFO - [2026-06-19T14:24:48.073+0000] {dag.py:2941} INFO - Sync 1 DAGs
[2026-06-19T14:24:48.093+0000] {logging_mixin.py:151} INFO - [2026-06-19T14:24:48.093+0000] {dag.py:3722} INFO - Setting next_dagrun for pipeline_ingestion_suivi to 2026-06-19T13:00:00+00:00, run_after=2026-06-19T14:00:00+00:00
[2026-06-19T14:24:48.114+0000] {processor.py:179} INFO - Processing /opt/airflow/dags/dag_suivi.py took 0.086 seconds
[2026-06-19T14:25:18.285+0000] {processor.py:157} INFO - Started process (PID=1010) to work on /opt/airflow/dags/dag_suivi.py
[2026-06-19T14:25:18.286+0000] {processor.py:829} INFO - Processing file /opt/airflow/dags/dag_suivi.py for tasks to queue
[2026-06-19T14:25:18.288+0000] {logging_mixin.py:151} INFO - [2026-06-19T14:25:18.287+0000] {dagbag.py:536} INFO - Filling up the DagBag from /opt/airflow/dags/dag_suivi.py
[2026-06-19T14:25:18.306+0000] {processor.py:839} INFO - DAG(s) dict_keys(['pipeline_ingestion_suivi']) retrieved from /opt/airflow/dags/dag_suivi.py
[2026-06-19T14:25:18.332+0000] {logging_mixin.py:151} INFO - [2026-06-19T14:25:18.331+0000] {dag.py:2941} INFO - Sync 1 DAGs
[2026-06-19T14:25:18.353+0000] {logging_mixin.py:151} INFO - [2026-06-19T14:25:18.352+0000] {dag.py:3722} INFO - Setting next_dagrun for pipeline_ingestion_suivi to 2026-06-19T13:00:00+00:00, run_after=2026-06-19T14:00:00+00:00
[2026-06-19T14:25:18.372+0000] {processor.py:179} INFO - Processing /opt/airflow/dags/dag_suivi.py took 0.090 seconds
[2026-06-19T14:25:48.607+0000] {processor.py:157} INFO - Started process (PID=1015) to work on /opt/airflow/dags/dag_suivi.py
[2026-06-19T14:25:48.608+0000] {processor.py:829} INFO - Processing file /opt/airflow/dags/dag_suivi.py for tasks to queue
[2026-06-19T14:25:48.608+0000] {logging_mixin.py:151} INFO - [2026-06-19T14:25:48.608+0000] {dagbag.py:536} INFO - Filling up the DagBag from /opt/airflow/dags/dag_suivi.py
[2026-06-19T14:25:48.624+0000] {processor.py:839} INFO - DAG(s) dict_keys(['pipeline_ingestion_suivi']) retrieved from /opt/airflow/dags/dag_suivi.py
[2026-06-19T14:25:48.648+0000] {logging_mixin.py:151} INFO - [2026-06-19T14:25:48.648+0000] {dag.py:2941} INFO - Sync 1 DAGs
[2026-06-19T14:25:48.667+0000] {logging_mixin.py:151} INFO - [2026-06-19T14:25:48.666+0000] {dag.py:3722} INFO - Setting next_dagrun for pipeline_ingestion_suivi to 2026-06-19T13:00:00+00:00, run_after=2026-06-19T14:00:00+00:00
[2026-06-19T14:25:48.694+0000] {processor.py:179} INFO - Processing /opt/airflow/dags/dag_suivi.py took 0.089 seconds
[2026-06-19T14:26:18.855+0000] {processor.py:157} INFO - Started process (PID=1020) to work on /opt/airflow/dags/dag_suivi.py
[2026-06-19T14:26:18.855+0000] {processor.py:829} INFO - Processing file /opt/airflow/dags/dag_suivi.py for tasks to queue
[2026-06-19T14:26:18.856+0000] {logging_mixin.py:151} INFO - [2026-06-19T14:26:18.856+0000] {dagbag.py:536} INFO - Filling up the DagBag from /opt/airflow/dags/dag_suivi.py
[2026-06-19T14:26:18.873+0000] {processor.py:839} INFO - DAG(s) dict_keys(['pipeline_ingestion_suivi']) retrieved from /opt/airflow/dags/dag_suivi.py
[2026-06-19T14:26:18.898+0000] {logging_mixin.py:151} INFO - [2026-06-19T14:26:18.897+0000] {dag.py:2941} INFO - Sync 1 DAGs
[2026-06-19T14:26:18.915+0000] {logging_mixin.py:151} INFO - [2026-06-19T14:26:18.915+0000] {dag.py:3722} INFO - Setting next_dagrun for pipeline_ingestion_suivi to 2026-06-19T13:00:00+00:00, run_after=2026-06-19T14:00:00+00:00
[2026-06-19T14:26:18.935+0000] {processor.py:179} INFO - Processing /opt/airflow/dags/dag_suivi.py took 0.083 seconds
[2026-06-19T14:26:49.200+0000] {processor.py:157} INFO - Started process (PID=1025) to work on /opt/airflow/dags/dag_suivi.py
[2026-06-19T14:26:49.201+0000] {processor.py:829} INFO - Processing file /opt/airflow/dags/dag_suivi.py for tasks to queue
[2026-06-19T14:26:49.202+0000] {logging_mixin.py:151} INFO - [2026-06-19T14:26:49.201+0000] {dagbag.py:536} INFO - Filling up the DagBag from /opt/airflow/dags/dag_suivi.py
[2026-06-19T14:26:49.220+0000] {processor.py:839} INFO - DAG(s) dict_keys(['pipeline_ingestion_suivi']) retrieved from /opt/airflow/dags/dag_suivi.py
[2026-06-19T14:26:49.245+0000] {logging_mixin.py:151} INFO - [2026-06-19T14:26:49.245+0000] {dag.py:2941} INFO - Sync 1 DAGs
[2026-06-19T14:26:49.262+0000] {logging_mixin.py:151} INFO - [2026-06-19T14:26:49.262+0000] {dag.py:3722} INFO - Setting next_dagrun for pipeline_ingestion_suivi to 2026-06-19T13:00:00+00:00, run_after=2026-06-19T14:00:00+00:00
[2026-06-19T14:26:49.284+0000] {processor.py:179} INFO - Processing /opt/airflow/dags/dag_suivi.py took 0.087 seconds
[2026-06-19T14:27:19.457+0000] {processor.py:157} INFO - Started process (PID=1030) to work on /opt/airflow/dags/dag_suivi.py
[2026-06-19T14:27:19.458+0000] {processor.py:829} INFO - Processing file /opt/airflow/dags/dag_suivi.py for tasks to queue
[2026-06-19T14:27:19.459+0000] {logging_mixin.py:151} INFO - [2026-06-19T14:27:19.459+0000] {dagbag.py:536} INFO - Filling up the DagBag from /opt/airflow/dags/dag_suivi.py
[2026-06-19T14:27:19.476+0000] {processor.py:839} INFO - DAG(s) dict_keys(['pipeline_ingestion_suivi']) retrieved from /opt/airflow/dags/dag_suivi.py
[2026-06-19T14:27:19.501+0000] {logging_mixin.py:151} INFO - [2026-06-19T14:27:19.501+0000] {dag.py:2941} INFO - Sync 1 DAGs
[2026-06-19T14:27:19.518+0000] {logging_mixin.py:151} INFO - [2026-06-19T14:27:19.518+0000] {dag.py:3722} INFO - Setting next_dagrun for pipeline_ingestion_suivi to 2026-06-19T13:00:00+00:00, run_after=2026-06-19T14:00:00+00:00
[2026-06-19T14:27:19.538+0000] {processor.py:179} INFO - Processing /opt/airflow/dags/dag_suivi.py took 0.084 seconds
[2026-06-19T14:27:49.754+0000] {processor.py:157} INFO - Started process (PID=1035) to work on /opt/airflow/dags/dag_suivi.py
[2026-06-19T14:27:49.755+0000] {processor.py:829} INFO - Processing file /opt/airflow/dags/dag_suivi.py for tasks to queue
[2026-06-19T14:27:49.756+0000] {logging_mixin.py:151} INFO - [2026-06-19T14:27:49.756+0000] {dagbag.py:536} INFO - Filling up the DagBag from /opt/airflow/dags/dag_suivi.py
[2026-06-19T14:27:49.773+0000] {processor.py:839} INFO - DAG(s) dict_keys(['pipeline_ingestion_suivi']) retrieved from /opt/airflow/dags/dag_suivi.py
[2026-06-19T14:27:49.797+0000] {logging_mixin.py:151} INFO - [2026-06-19T14:27:49.796+0000] {dag.py:2941} INFO - Sync 1 DAGs
[2026-06-19T14:27:49.814+0000] {logging_mixin.py:151} INFO - [2026-06-19T14:27:49.814+0000] {dag.py:3722} INFO - Setting next_dagrun for pipeline_ingestion_suivi to 2026-06-19T13:00:00+00:00, run_after=2026-06-19T14:00:00+00:00
[2026-06-19T14:27:49.842+0000] {processor.py:179} INFO - Processing /opt/airflow/dags/dag_suivi.py took 0.091 seconds
[2026-06-19T14:28:20.044+0000] {processor.py:157} INFO - Started process (PID=1040) to work on /opt/airflow/dags/dag_suivi.py
[2026-06-19T14:28:20.045+0000] {processor.py:829} INFO - Processing file /opt/airflow/dags/dag_suivi.py for tasks to queue
[2026-06-19T14:28:20.046+0000] {logging_mixin.py:151} INFO - [2026-06-19T14:28:20.045+0000] {dagbag.py:536} INFO - Filling up the DagBag from /opt/airflow/dags/dag_suivi.py
[2026-06-19T14:28:20.062+0000] {processor.py:839} INFO - DAG(s) dict_keys(['pipeline_ingestion_suivi']) retrieved from /opt/airflow/dags/dag_suivi.py
[2026-06-19T14:28:20.085+0000] {logging_mixin.py:151} INFO - [2026-06-19T14:28:20.085+0000] {dag.py:2941} INFO - Sync 1 DAGs
[2026-06-19T14:28:20.102+0000] {logging_mixin.py:151} INFO - [2026-06-19T14:28:20.102+0000] {dag.py:3722} INFO - Setting next_dagrun for pipeline_ingestion_suivi to 2026-06-19T13:00:00+00:00, run_after=2026-06-19T14:00:00+00:00
[2026-06-19T14:28:20.131+0000] {processor.py:179} INFO - Processing /opt/airflow/dags/dag_suivi.py took 0.090 seconds
[2026-06-19T14:28:50.311+0000] {processor.py:157} INFO - Started process (PID=1045) to work on /opt/airflow/dags/dag_suivi.py
[2026-06-19T14:28:50.312+0000] {processor.py:829} INFO - Processing file /opt/airflow/dags/dag_suivi.py for tasks to queue
[2026-06-19T14:28:50.313+0000] {logging_mixin.py:151} INFO - [2026-06-19T14:28:50.313+0000] {dagbag.py:536} INFO - Filling up the DagBag from /opt/airflow/dags/dag_suivi.py
[2026-06-19T14:28:50.331+0000] {processor.py:839} INFO - DAG(s) dict_keys(['pipeline_ingestion_suivi']) retrieved from /opt/airflow/dags/dag_suivi.py
[2026-06-19T14:28:50.360+0000] {logging_mixin.py:151} INFO - [2026-06-19T14:28:50.359+0000] {dag.py:2941} INFO - Sync 1 DAGs
[2026-06-19T14:28:50.377+0000] {logging_mixin.py:151} INFO - [2026-06-19T14:28:50.377+0000] {dag.py:3722} INFO - Setting next_dagrun for pipeline_ingestion_suivi to 2026-06-19T13:00:00+00:00, run_after=2026-06-19T14:00:00+00:00
[2026-06-19T14:28:50.407+0000] {processor.py:179} INFO - Processing /opt/airflow/dags/dag_suivi.py took 0.098 seconds
[2026-06-19T14:29:20.586+0000] {processor.py:157} INFO - Started process (PID=1050) to work on /opt/airflow/dags/dag_suivi.py
[2026-06-19T14:29:20.587+0000] {processor.py:829} INFO - Processing file /opt/airflow/dags/dag_suivi.py for tasks to queue
[2026-06-19T14:29:20.588+0000] {logging_mixin.py:151} INFO - [2026-06-19T14:29:20.588+0000] {dagbag.py:536} INFO - Filling up the DagBag from /opt/airflow/dags/dag_suivi.py
[2026-06-19T14:29:20.607+0000] {processor.py:839} INFO - DAG(s) dict_keys(['pipeline_ingestion_suivi']) retrieved from /opt/airflow/dags/dag_suivi.py
[2026-06-19T14:29:20.633+0000] {logging_mixin.py:151} INFO - [2026-06-19T14:29:20.633+0000] {dag.py:2941} INFO - Sync 1 DAGs
[2026-06-19T14:29:20.652+0000] {logging_mixin.py:151} INFO - [2026-06-19T14:29:20.651+0000] {dag.py:3722} INFO - Setting next_dagrun for pipeline_ingestion_suivi to 2026-06-19T13:00:00+00:00, run_after=2026-06-19T14:00:00+00:00
[2026-06-19T14:29:20.679+0000] {processor.py:179} INFO - Processing /opt/airflow/dags/dag_suivi.py took 0.096 seconds
[2026-06-19T14:29:50.881+0000] {processor.py:157} INFO - Started process (PID=1055) to work on /opt/airflow/dags/dag_suivi.py
[2026-06-19T14:29:50.882+0000] {processor.py:829} INFO - Processing file /opt/airflow/dags/dag_suivi.py for tasks to queue
[2026-06-19T14:29:50.883+0000] {logging_mixin.py:151} INFO - [2026-06-19T14:29:50.882+0000] {dagbag.py:536} INFO - Filling up the DagBag from /opt/airflow/dags/dag_suivi.py
[2026-06-19T14:29:50.899+0000] {processor.py:839} INFO - DAG(s) dict_keys(['pipeline_ingestion_suivi']) retrieved from /opt/airflow/dags/dag_suivi.py
[2026-06-19T14:29:50.922+0000] {logging_mixin.py:151} INFO - [2026-06-19T14:29:50.922+0000] {dag.py:2941} INFO - Sync 1 DAGs
[2026-06-19T14:29:50.941+0000] {logging_mixin.py:151} INFO - [2026-06-19T14:29:50.941+0000] {dag.py:3722} INFO - Setting next_dagrun for pipeline_ingestion_suivi to 2026-06-19T13:00:00+00:00, run_after=2026-06-19T14:00:00+00:00
[2026-06-19T14:29:50.968+0000] {processor.py:179} INFO - Processing /opt/airflow/dags/dag_suivi.py took 0.090 seconds
[2026-06-19T14:30:21.184+0000] {processor.py:157} INFO - Started process (PID=1060) to work on /opt/airflow/dags/dag_suivi.py
[2026-06-19T14:30:21.184+0000] {processor.py:829} INFO - Processing file /opt/airflow/dags/dag_suivi.py for tasks to queue
[2026-06-19T14:30:21.185+0000] {logging_mixin.py:151} INFO - [2026-06-19T14:30:21.185+0000] {dagbag.py:536} INFO - Filling up the DagBag from /opt/airflow/dags/dag_suivi.py
[2026-06-19T14:30:21.201+0000] {processor.py:839} INFO - DAG(s) dict_keys(['pipeline_ingestion_suivi']) retrieved from /opt/airflow/dags/dag_suivi.py
[2026-06-19T14:30:21.227+0000] {logging_mixin.py:151} INFO - [2026-06-19T14:30:21.227+0000] {dag.py:2941} INFO - Sync 1 DAGs
[2026-06-19T14:30:21.245+0000] {logging_mixin.py:151} INFO - [2026-06-19T14:30:21.245+0000] {dag.py:3722} INFO - Setting next_dagrun for pipeline_ingestion_suivi to 2026-06-19T13:00:00+00:00, run_after=2026-06-19T14:00:00+00:00
[2026-06-19T14:30:21.268+0000] {processor.py:179} INFO - Processing /opt/airflow/dags/dag_suivi.py took 0.087 seconds
[2026-06-19T14:30:51.497+0000] {processor.py:157} INFO - Started process (PID=1065) to work on /opt/airflow/dags/dag_suivi.py
[2026-06-19T14:30:51.498+0000] {processor.py:829} INFO - Processing file /opt/airflow/dags/dag_suivi.py for tasks to queue
[2026-06-19T14:30:51.499+0000] {logging_mixin.py:151} INFO - [2026-06-19T14:30:51.499+0000] {dagbag.py:536} INFO - Filling up the DagBag from /opt/airflow/dags/dag_suivi.py
[2026-06-19T14:30:51.514+0000] {processor.py:839} INFO - DAG(s) dict_keys(['pipeline_ingestion_suivi']) retrieved from /opt/airflow/dags/dag_suivi.py
[2026-06-19T14:30:51.537+0000] {logging_mixin.py:151} INFO - [2026-06-19T14:30:51.536+0000] {dag.py:2941} INFO - Sync 1 DAGs
[2026-06-19T14:30:51.556+0000] {logging_mixin.py:151} INFO - [2026-06-19T14:30:51.556+0000] {dag.py:3722} INFO - Setting next_dagrun for pipeline_ingestion_suivi to 2026-06-19T13:00:00+00:00, run_after=2026-06-19T14:00:00+00:00
[2026-06-19T14:30:51.582+0000] {processor.py:179} INFO - Processing /opt/airflow/dags/dag_suivi.py took 0.087 seconds
[2026-06-19T14:31:21.751+0000] {processor.py:157} INFO - Started process (PID=1070) to work on /opt/airflow/dags/dag_suivi.py
[2026-06-19T14:31:21.751+0000] {processor.py:829} INFO - Processing file /opt/airflow/dags/dag_suivi.py for tasks to queue
[2026-06-19T14:31:21.752+0000] {logging_mixin.py:151} INFO - [2026-06-19T14:31:21.752+0000] {dagbag.py:536} INFO - Filling up the DagBag from /opt/airflow/dags/dag_suivi.py
[2026-06-19T14:31:21.771+0000] {processor.py:839} INFO - DAG(s) dict_keys(['pipeline_ingestion_suivi']) retrieved from /opt/airflow/dags/dag_suivi.py
[2026-06-19T14:31:21.792+0000] {logging_mixin.py:151} INFO - [2026-06-19T14:31:21.792+0000] {dag.py:2941} INFO - Sync 1 DAGs
[2026-06-19T14:31:21.811+0000] {logging_mixin.py:151} INFO - [2026-06-19T14:31:21.811+0000] {dag.py:3722} INFO - Setting next_dagrun for pipeline_ingestion_suivi to 2026-06-19T13:00:00+00:00, run_after=2026-06-19T14:00:00+00:00
[2026-06-19T14:31:21.828+0000] {processor.py:179} INFO - Processing /opt/airflow/dags/dag_suivi.py took 0.080 seconds
[2026-06-19T14:31:52.065+0000] {processor.py:157} INFO - Started process (PID=1075) to work on /opt/airflow/dags/dag_suivi.py
[2026-06-19T14:31:52.066+0000] {processor.py:829} INFO - Processing file /opt/airflow/dags/dag_suivi.py for tasks to queue
[2026-06-19T14:31:52.066+0000] {logging_mixin.py:151} INFO - [2026-06-19T14:31:52.066+0000] {dagbag.py:536} INFO - Filling up the DagBag from /opt/airflow/dags/dag_suivi.py
[2026-06-19T14:31:52.083+0000] {processor.py:839} INFO - DAG(s) dict_keys(['pipeline_ingestion_suivi']) retrieved from /opt/airflow/dags/dag_suivi.py
[2026-06-19T14:31:52.104+0000] {logging_mixin.py:151} INFO - [2026-06-19T14:31:52.104+0000] {dag.py:2941} INFO - Sync 1 DAGs
[2026-06-19T14:31:52.123+0000] {logging_mixin.py:151} INFO - [2026-06-19T14:31:52.123+0000] {dag.py:3722} INFO - Setting next_dagrun for pipeline_ingestion_suivi to 2026-06-19T13:00:00+00:00, run_after=2026-06-19T14:00:00+00:00
[2026-06-19T14:31:52.150+0000] {processor.py:179} INFO - Processing /opt/airflow/dags/dag_suivi.py took 0.087 seconds
[2026-06-19T14:32:22.334+0000] {processor.py:157} INFO - Started process (PID=1080) to work on /opt/airflow/dags/dag_suivi.py
[2026-06-19T14:32:22.335+0000] {processor.py:829} INFO - Processing file /opt/airflow/dags/dag_suivi.py for tasks to queue
[2026-06-19T14:32:22.335+0000] {logging_mixin.py:151} INFO - [2026-06-19T14:32:22.335+0000] {dagbag.py:536} INFO - Filling up the DagBag from /opt/airflow/dags/dag_suivi.py
[2026-06-19T14:32:22.352+0000] {processor.py:839} INFO - DAG(s) dict_keys(['pipeline_ingestion_suivi']) retrieved from /opt/airflow/dags/dag_suivi.py
[2026-06-19T14:32:22.379+0000] {logging_mixin.py:151} INFO - [2026-06-19T14:32:22.378+0000] {dag.py:2941} INFO - Sync 1 DAGs
[2026-06-19T14:32:22.396+0000] {logging_mixin.py:151} INFO - [2026-06-19T14:32:22.396+0000] {dag.py:3722} INFO - Setting next_dagrun for pipeline_ingestion_suivi to 2026-06-19T13:00:00+00:00, run_after=2026-06-19T14:00:00+00:00
[2026-06-19T14:32:22.423+0000] {processor.py:179} INFO - Processing /opt/airflow/dags/dag_suivi.py took 0.092 seconds
[2026-06-19T14:32:52.619+0000] {processor.py:157} INFO - Started process (PID=1085) to work on /opt/airflow/dags/dag_suivi.py
[2026-06-19T14:32:52.620+0000] {processor.py:829} INFO - Processing file /opt/airflow/dags/dag_suivi.py for tasks to queue
[2026-06-19T14:32:52.621+0000] {logging_mixin.py:151} INFO - [2026-06-19T14:32:52.621+0000] {dagbag.py:536} INFO - Filling up the DagBag from /opt/airflow/dags/dag_suivi.py
[2026-06-19T14:32:52.636+0000] {processor.py:839} INFO - DAG(s) dict_keys(['pipeline_ingestion_suivi']) retrieved from /opt/airflow/dags/dag_suivi.py
[2026-06-19T14:32:52.660+0000] {logging_mixin.py:151} INFO - [2026-06-19T14:32:52.660+0000] {dag.py:2941} INFO - Sync 1 DAGs
[2026-06-19T14:32:52.679+0000] {logging_mixin.py:151} INFO - [2026-06-19T14:32:52.679+0000] {dag.py:3722} INFO - Setting next_dagrun for pipeline_ingestion_suivi to 2026-06-19T13:00:00+00:00, run_after=2026-06-19T14:00:00+00:00
[2026-06-19T14:32:52.709+0000] {processor.py:179} INFO - Processing /opt/airflow/dags/dag_suivi.py took 0.092 seconds
[2026-06-19T14:33:22.887+0000] {processor.py:157} INFO - Started process (PID=1090) to work on /opt/airflow/dags/dag_suivi.py
[2026-06-19T14:33:22.888+0000] {processor.py:829} INFO - Processing file /opt/airflow/dags/dag_suivi.py for tasks to queue
[2026-06-19T14:33:22.890+0000] {logging_mixin.py:151} INFO - [2026-06-19T14:33:22.889+0000] {dagbag.py:536} INFO - Filling up the DagBag from /opt/airflow/dags/dag_suivi.py
[2026-06-19T14:33:22.910+0000] {processor.py:839} INFO - DAG(s) dict_keys(['pipeline_ingestion_suivi']) retrieved from /opt/airflow/dags/dag_suivi.py
[2026-06-19T14:33:22.937+0000] {logging_mixin.py:151} INFO - [2026-06-19T14:33:22.937+0000] {dag.py:2941} INFO - Sync 1 DAGs
[2026-06-19T14:33:22.958+0000] {logging_mixin.py:151} INFO - [2026-06-19T14:33:22.958+0000] {dag.py:3722} INFO - Setting next_dagrun for pipeline_ingestion_suivi to 2026-06-19T13:00:00+00:00, run_after=2026-06-19T14:00:00+00:00
[2026-06-19T14:33:22.980+0000] {processor.py:179} INFO - Processing /opt/airflow/dags/dag_suivi.py took 0.096 seconds
[2026-06-19T14:33:53.213+0000] {processor.py:157} INFO - Started process (PID=1095) to work on /opt/airflow/dags/dag_suivi.py
[2026-06-19T14:33:53.214+0000] {processor.py:829} INFO - Processing file /opt/airflow/dags/dag_suivi.py for tasks to queue
[2026-06-19T14:33:53.215+0000] {logging_mixin.py:151} INFO - [2026-06-19T14:33:53.214+0000] {dagbag.py:536} INFO - Filling up the DagBag from /opt/airflow/dags/dag_suivi.py
[2026-06-19T14:33:53.234+0000] {processor.py:839} INFO - DAG(s) dict_keys(['pipeline_ingestion_suivi']) retrieved from /opt/airflow/dags/dag_suivi.py
[2026-06-19T14:33:53.261+0000] {logging_mixin.py:151} INFO - [2026-06-19T14:33:53.261+0000] {dag.py:2941} INFO - Sync 1 DAGs
[2026-06-19T14:33:53.286+0000] {logging_mixin.py:151} INFO - [2026-06-19T14:33:53.286+0000] {dag.py:3722} INFO - Setting next_dagrun for pipeline_ingestion_suivi to 2026-06-19T13:00:00+00:00, run_after=2026-06-19T14:00:00+00:00
[2026-06-19T14:33:53.314+0000] {processor.py:179} INFO - Processing /opt/airflow/dags/dag_suivi.py took 0.104 seconds
[2026-06-19T14:34:23.488+0000] {processor.py:157} INFO - Started process (PID=1100) to work on /opt/airflow/dags/dag_suivi.py
[2026-06-19T14:34:23.489+0000] {processor.py:829} INFO - Processing file /opt/airflow/dags/dag_suivi.py for tasks to queue
[2026-06-19T14:34:23.490+0000] {logging_mixin.py:151} INFO - [2026-06-19T14:34:23.489+0000] {dagbag.py:536} INFO - Filling up the DagBag from /opt/airflow/dags/dag_suivi.py
[2026-06-19T14:34:23.508+0000] {processor.py:839} INFO - DAG(s) dict_keys(['pipeline_ingestion_suivi']) retrieved from /opt/airflow/dags/dag_suivi.py
[2026-06-19T14:34:23.534+0000] {logging_mixin.py:151} INFO - [2026-06-19T14:34:23.534+0000] {dag.py:2941} INFO - Sync 1 DAGs
[2026-06-19T14:34:23.555+0000] {logging_mixin.py:151} INFO - [2026-06-19T14:34:23.555+0000] {dag.py:3722} INFO - Setting next_dagrun for pipeline_ingestion_suivi to 2026-06-19T13:00:00+00:00, run_after=2026-06-19T14:00:00+00:00
[2026-06-19T14:34:23.582+0000] {processor.py:179} INFO - Processing /opt/airflow/dags/dag_suivi.py took 0.098 seconds
[2026-06-19T14:34:53.775+0000] {processor.py:157} INFO - Started process (PID=1105) to work on /opt/airflow/dags/dag_suivi.py
[2026-06-19T14:34:53.776+0000] {processor.py:829} INFO - Processing file /opt/airflow/dags/dag_suivi.py for tasks to queue
[2026-06-19T14:34:53.777+0000] {logging_mixin.py:151} INFO - [2026-06-19T14:34:53.777+0000] {dagbag.py:536} INFO - Filling up the DagBag from /opt/airflow/dags/dag_suivi.py
[2026-06-19T14:34:53.798+0000] {processor.py:839} INFO - DAG(s) dict_keys(['pipeline_ingestion_suivi']) retrieved from /opt/airflow/dags/dag_suivi.py
[2026-06-19T14:34:53.826+0000] {logging_mixin.py:151} INFO - [2026-06-19T14:34:53.826+0000] {dag.py:2941} INFO - Sync 1 DAGs
[2026-06-19T14:34:53.843+0000] {logging_mixin.py:151} INFO - [2026-06-19T14:34:53.843+0000] {dag.py:3722} INFO - Setting next_dagrun for pipeline_ingestion_suivi to 2026-06-19T13:00:00+00:00, run_after=2026-06-19T14:00:00+00:00
[2026-06-19T14:34:53.871+0000] {processor.py:179} INFO - Processing /opt/airflow/dags/dag_suivi.py took 0.101 seconds
[2026-06-19T14:35:24.049+0000] {processor.py:157} INFO - Started process (PID=1110) to work on /opt/airflow/dags/dag_suivi.py
[2026-06-19T14:35:24.050+0000] {processor.py:829} INFO - Processing file /opt/airflow/dags/dag_suivi.py for tasks to queue
[2026-06-19T14:35:24.051+0000] {logging_mixin.py:151} INFO - [2026-06-19T14:35:24.051+0000] {dagbag.py:536} INFO - Filling up the DagBag from /opt/airflow/dags/dag_suivi.py
[2026-06-19T14:35:24.068+0000] {processor.py:839} INFO - DAG(s) dict_keys(['pipeline_ingestion_suivi']) retrieved from /opt/airflow/dags/dag_suivi.py
[2026-06-19T14:35:24.093+0000] {logging_mixin.py:151} INFO - [2026-06-19T14:35:24.093+0000] {dag.py:2941} INFO - Sync 1 DAGs
[2026-06-19T14:35:24.111+0000] {logging_mixin.py:151} INFO - [2026-06-19T14:35:24.111+0000] {dag.py:3722} INFO - Setting next_dagrun for pipeline_ingestion_suivi to 2026-06-19T13:00:00+00:00, run_after=2026-06-19T14:00:00+00:00
[2026-06-19T14:35:24.138+0000] {processor.py:179} INFO - Processing /opt/airflow/dags/dag_suivi.py took 0.091 seconds
[2026-06-19T14:35:54.360+0000] {processor.py:157} INFO - Started process (PID=1115) to work on /opt/airflow/dags/dag_suivi.py
[2026-06-19T14:35:54.361+0000] {processor.py:829} INFO - Processing file /opt/airflow/dags/dag_suivi.py for tasks to queue
[2026-06-19T14:35:54.362+0000] {logging_mixin.py:151} INFO - [2026-06-19T14:35:54.362+0000] {dagbag.py:536} INFO - Filling up the DagBag from /opt/airflow/dags/dag_suivi.py
[2026-06-19T14:35:54.377+0000] {processor.py:839} INFO - DAG(s) dict_keys(['pipeline_ingestion_suivi']) retrieved from /opt/airflow/dags/dag_suivi.py
[2026-06-19T14:35:54.400+0000] {logging_mixin.py:151} INFO - [2026-06-19T14:35:54.399+0000] {dag.py:2941} INFO - Sync 1 DAGs
[2026-06-19T14:35:54.416+0000] {logging_mixin.py:151} INFO - [2026-06-19T14:35:54.416+0000] {dag.py:3722} INFO - Setting next_dagrun for pipeline_ingestion_suivi to 2026-06-19T13:00:00+00:00, run_after=2026-06-19T14:00:00+00:00
[2026-06-19T14:35:54.441+0000] {processor.py:179} INFO - Processing /opt/airflow/dags/dag_suivi.py took 0.083 seconds
[2026-06-19T14:36:24.615+0000] {processor.py:157} INFO - Started process (PID=1120) to work on /opt/airflow/dags/dag_suivi.py
[2026-06-19T14:36:24.616+0000] {processor.py:829} INFO - Processing file /opt/airflow/dags/dag_suivi.py for tasks to queue
[2026-06-19T14:36:24.617+0000] {logging_mixin.py:151} INFO - [2026-06-19T14:36:24.616+0000] {dagbag.py:536} INFO - Filling up the DagBag from /opt/airflow/dags/dag_suivi.py
[2026-06-19T14:36:24.638+0000] {processor.py:839} INFO - DAG(s) dict_keys(['pipeline_ingestion_suivi']) retrieved from /opt/airflow/dags/dag_suivi.py
[2026-06-19T14:36:24.664+0000] {logging_mixin.py:151} INFO - [2026-06-19T14:36:24.664+0000] {dag.py:2941} INFO - Sync 1 DAGs
[2026-06-19T14:36:24.683+0000] {logging_mixin.py:151} INFO - [2026-06-19T14:36:24.683+0000] {dag.py:3722} INFO - Setting next_dagrun for pipeline_ingestion_suivi to 2026-06-19T13:00:00+00:00, run_after=2026-06-19T14:00:00+00:00
[2026-06-19T14:36:24.701+0000] {processor.py:179} INFO - Processing /opt/airflow/dags/dag_suivi.py took 0.089 seconds
[2026-06-19T14:36:54.881+0000] {processor.py:157} INFO - Started process (PID=1125) to work on /opt/airflow/dags/dag_suivi.py
[2026-06-19T14:36:54.882+0000] {processor.py:829} INFO - Processing file /opt/airflow/dags/dag_suivi.py for tasks to queue
[2026-06-19T14:36:54.883+0000] {logging_mixin.py:151} INFO - [2026-06-19T14:36:54.883+0000] {dagbag.py:536} INFO - Filling up the DagBag from /opt/airflow/dags/dag_suivi.py
[2026-06-19T14:36:54.899+0000] {processor.py:839} INFO - DAG(s) dict_keys(['pipeline_ingestion_suivi']) retrieved from /opt/airflow/dags/dag_suivi.py
[2026-06-19T14:36:54.924+0000] {logging_mixin.py:151} INFO - [2026-06-19T14:36:54.924+0000] {dag.py:2941} INFO - Sync 1 DAGs
[2026-06-19T14:36:54.941+0000] {logging_mixin.py:151} INFO - [2026-06-19T14:36:54.941+0000] {dag.py:3722} INFO - Setting next_dagrun for pipeline_ingestion_suivi to 2026-06-19T13:00:00+00:00, run_after=2026-06-19T14:00:00+00:00
[2026-06-19T14:36:54.972+0000] {processor.py:179} INFO - Processing /opt/airflow/dags/dag_suivi.py took 0.093 seconds
[2026-06-19T14:37:25.188+0000] {processor.py:157} INFO - Started process (PID=1130) to work on /opt/airflow/dags/dag_suivi.py
[2026-06-19T14:37:25.189+0000] {processor.py:829} INFO - Processing file /opt/airflow/dags/dag_suivi.py for tasks to queue
[2026-06-19T14:37:25.189+0000] {logging_mixin.py:151} INFO - [2026-06-19T14:37:25.189+0000] {dagbag.py:536} INFO - Filling up the DagBag from /opt/airflow/dags/dag_suivi.py
[2026-06-19T14:37:25.206+0000] {processor.py:839} INFO - DAG(s) dict_keys(['pipeline_ingestion_suivi']) retrieved from /opt/airflow/dags/dag_suivi.py
[2026-06-19T14:37:25.232+0000] {logging_mixin.py:151} INFO - [2026-06-19T14:37:25.232+0000] {dag.py:2941} INFO - Sync 1 DAGs
[2026-06-19T14:37:25.250+0000] {logging_mixin.py:151} INFO - [2026-06-19T14:37:25.250+0000] {dag.py:3722} INFO - Setting next_dagrun for pipeline_ingestion_suivi to 2026-06-19T13:00:00+00:00, run_after=2026-06-19T14:00:00+00:00
[2026-06-19T14:37:25.267+0000] {processor.py:179} INFO - Processing /opt/airflow/dags/dag_suivi.py took 0.082 seconds
[2026-06-19T14:37:55.455+0000] {processor.py:157} INFO - Started process (PID=1135) to work on /opt/airflow/dags/dag_suivi.py
[2026-06-19T14:37:55.455+0000] {processor.py:829} INFO - Processing file /opt/airflow/dags/dag_suivi.py for tasks to queue
[2026-06-19T14:37:55.456+0000] {logging_mixin.py:151} INFO - [2026-06-19T14:37:55.456+0000] {dagbag.py:536} INFO - Filling up the DagBag from /opt/airflow/dags/dag_suivi.py
[2026-06-19T14:37:55.473+0000] {processor.py:839} INFO - DAG(s) dict_keys(['pipeline_ingestion_suivi']) retrieved from /opt/airflow/dags/dag_suivi.py
[2026-06-19T14:37:55.495+0000] {logging_mixin.py:151} INFO - [2026-06-19T14:37:55.495+0000] {dag.py:2941} INFO - Sync 1 DAGs
[2026-06-19T14:37:55.513+0000] {logging_mixin.py:151} INFO - [2026-06-19T14:37:55.513+0000] {dag.py:3722} INFO - Setting next_dagrun for pipeline_ingestion_suivi to 2026-06-19T13:00:00+00:00, run_after=2026-06-19T14:00:00+00:00
[2026-06-19T14:37:55.534+0000] {processor.py:179} INFO - Processing /opt/airflow/dags/dag_suivi.py took 0.082 seconds
[2026-06-19T14:38:25.725+0000] {processor.py:157} INFO - Started process (PID=1140) to work on /opt/airflow/dags/dag_suivi.py
[2026-06-19T14:38:25.726+0000] {processor.py:829} INFO - Processing file /opt/airflow/dags/dag_suivi.py for tasks to queue
[2026-06-19T14:38:25.727+0000] {logging_mixin.py:151} INFO - [2026-06-19T14:38:25.727+0000] {dagbag.py:536} INFO - Filling up the DagBag from /opt/airflow/dags/dag_suivi.py
[2026-06-19T14:38:25.744+0000] {processor.py:839} INFO - DAG(s) dict_keys(['pipeline_ingestion_suivi']) retrieved from /opt/airflow/dags/dag_suivi.py
[2026-06-19T14:38:25.767+0000] {logging_mixin.py:151} INFO - [2026-06-19T14:38:25.766+0000] {dag.py:2941} INFO - Sync 1 DAGs
[2026-06-19T14:38:25.783+0000] {logging_mixin.py:151} INFO - [2026-06-19T14:38:25.783+0000] {dag.py:3722} INFO - Setting next_dagrun for pipeline_ingestion_suivi to 2026-06-19T13:00:00+00:00, run_after=2026-06-19T14:00:00+00:00
[2026-06-19T14:38:25.801+0000] {processor.py:179} INFO - Processing /opt/airflow/dags/dag_suivi.py took 0.079 seconds
[2026-06-19T14:38:56.019+0000] {processor.py:157} INFO - Started process (PID=1145) to work on /opt/airflow/dags/dag_suivi.py
[2026-06-19T14:38:56.020+0000] {processor.py:829} INFO - Processing file /opt/airflow/dags/dag_suivi.py for tasks to queue
[2026-06-19T14:38:56.021+0000] {logging_mixin.py:151} INFO - [2026-06-19T14:38:56.021+0000] {dagbag.py:536} INFO - Filling up the DagBag from /opt/airflow/dags/dag_suivi.py
[2026-06-19T14:38:56.039+0000] {processor.py:839} INFO - DAG(s) dict_keys(['pipeline_ingestion_suivi']) retrieved from /opt/airflow/dags/dag_suivi.py
[2026-06-19T14:38:56.065+0000] {logging_mixin.py:151} INFO - [2026-06-19T14:38:56.065+0000] {dag.py:2941} INFO - Sync 1 DAGs
[2026-06-19T14:38:56.086+0000] {logging_mixin.py:151} INFO - [2026-06-19T14:38:56.086+0000] {dag.py:3722} INFO - Setting next_dagrun for pipeline_ingestion_suivi to 2026-06-19T13:00:00+00:00, run_after=2026-06-19T14:00:00+00:00
[2026-06-19T14:38:56.108+0000] {processor.py:179} INFO - Processing /opt/airflow/dags/dag_suivi.py took 0.091 seconds
[2026-06-19T14:39:26.296+0000] {processor.py:157} INFO - Started process (PID=1150) to work on /opt/airflow/dags/dag_suivi.py
[2026-06-19T14:39:26.297+0000] {processor.py:829} INFO - Processing file /opt/airflow/dags/dag_suivi.py for tasks to queue
[2026-06-19T14:39:26.298+0000] {logging_mixin.py:151} INFO - [2026-06-19T14:39:26.297+0000] {dagbag.py:536} INFO - Filling up the DagBag from /opt/airflow/dags/dag_suivi.py
[2026-06-19T14:39:26.314+0000] {processor.py:839} INFO - DAG(s) dict_keys(['pipeline_ingestion_suivi']) retrieved from /opt/airflow/dags/dag_suivi.py
[2026-06-19T14:39:26.339+0000] {logging_mixin.py:151} INFO - [2026-06-19T14:39:26.339+0000] {dag.py:2941} INFO - Sync 1 DAGs
[2026-06-19T14:39:26.359+0000] {logging_mixin.py:151} INFO - [2026-06-19T14:39:26.359+0000] {dag.py:3722} INFO - Setting next_dagrun for pipeline_ingestion_suivi to 2026-06-19T13:00:00+00:00, run_after=2026-06-19T14:00:00+00:00
[2026-06-19T14:39:26.388+0000] {processor.py:179} INFO - Processing /opt/airflow/dags/dag_suivi.py took 0.095 seconds
[2026-06-19T14:39:56.586+0000] {processor.py:157} INFO - Started process (PID=1155) to work on /opt/airflow/dags/dag_suivi.py
[2026-06-19T14:39:56.587+0000] {processor.py:829} INFO - Processing file /opt/airflow/dags/dag_suivi.py for tasks to queue
[2026-06-19T14:39:56.588+0000] {logging_mixin.py:151} INFO - [2026-06-19T14:39:56.588+0000] {dagbag.py:536} INFO - Filling up the DagBag from /opt/airflow/dags/dag_suivi.py
[2026-06-19T14:39:56.605+0000] {processor.py:839} INFO - DAG(s) dict_keys(['pipeline_ingestion_suivi']) retrieved from /opt/airflow/dags/dag_suivi.py
[2026-06-19T14:39:56.628+0000] {logging_mixin.py:151} INFO - [2026-06-19T14:39:56.628+0000] {dag.py:2941} INFO - Sync 1 DAGs
[2026-06-19T14:39:56.645+0000] {logging_mixin.py:151} INFO - [2026-06-19T14:39:56.645+0000] {dag.py:3722} INFO - Setting next_dagrun for pipeline_ingestion_suivi to 2026-06-19T13:00:00+00:00, run_after=2026-06-19T14:00:00+00:00
[2026-06-19T14:39:56.674+0000] {processor.py:179} INFO - Processing /opt/airflow/dags/dag_suivi.py took 0.091 seconds
[2026-06-19T14:40:26.869+0000] {processor.py:157} INFO - Started process (PID=1160) to work on /opt/airflow/dags/dag_suivi.py
[2026-06-19T14:40:26.870+0000] {processor.py:829} INFO - Processing file /opt/airflow/dags/dag_suivi.py for tasks to queue
[2026-06-19T14:40:26.871+0000] {logging_mixin.py:151} INFO - [2026-06-19T14:40:26.870+0000] {dagbag.py:536} INFO - Filling up the DagBag from /opt/airflow/dags/dag_suivi.py
[2026-06-19T14:40:26.888+0000] {processor.py:839} INFO - DAG(s) dict_keys(['pipeline_ingestion_suivi']) retrieved from /opt/airflow/dags/dag_suivi.py
[2026-06-19T14:40:26.912+0000] {logging_mixin.py:151} INFO - [2026-06-19T14:40:26.912+0000] {dag.py:2941} INFO - Sync 1 DAGs
[2026-06-19T14:40:26.931+0000] {logging_mixin.py:151} INFO - [2026-06-19T14:40:26.931+0000] {dag.py:3722} INFO - Setting next_dagrun for pipeline_ingestion_suivi to 2026-06-19T13:00:00+00:00, run_after=2026-06-19T14:00:00+00:00
[2026-06-19T14:40:26.948+0000] {processor.py:179} INFO - Processing /opt/airflow/dags/dag_suivi.py took 0.082 seconds
[2026-06-19T14:40:57.173+0000] {processor.py:157} INFO - Started process (PID=1165) to work on /opt/airflow/dags/dag_suivi.py
[2026-06-19T14:40:57.174+0000] {processor.py:829} INFO - Processing file /opt/airflow/dags/dag_suivi.py for tasks to queue
[2026-06-19T14:40:57.175+0000] {logging_mixin.py:151} INFO - [2026-06-19T14:40:57.174+0000] {dagbag.py:536} INFO - Filling up the DagBag from /opt/airflow/dags/dag_suivi.py
[2026-06-19T14:40:57.195+0000] {processor.py:839} INFO - DAG(s) dict_keys(['pipeline_ingestion_suivi']) retrieved from /opt/airflow/dags/dag_suivi.py
[2026-06-19T14:40:57.218+0000] {logging_mixin.py:151} INFO - [2026-06-19T14:40:57.218+0000] {dag.py:2941} INFO - Sync 1 DAGs
[2026-06-19T14:40:57.235+0000] {logging_mixin.py:151} INFO - [2026-06-19T14:40:57.235+0000] {dag.py:3722} INFO - Setting next_dagrun for pipeline_ingestion_suivi to 2026-06-19T13:00:00+00:00, run_after=2026-06-19T14:00:00+00:00
[2026-06-19T14:40:57.262+0000] {processor.py:179} INFO - Processing /opt/airflow/dags/dag_suivi.py took 0.092 seconds
[2026-06-19T14:41:27.454+0000] {processor.py:157} INFO - Started process (PID=1170) to work on /opt/airflow/dags/dag_suivi.py
[2026-06-19T14:41:27.454+0000] {processor.py:829} INFO - Processing file /opt/airflow/dags/dag_suivi.py for tasks to queue
[2026-06-19T14:41:27.455+0000] {logging_mixin.py:151} INFO - [2026-06-19T14:41:27.455+0000] {dagbag.py:536} INFO - Filling up the DagBag from /opt/airflow/dags/dag_suivi.py
[2026-06-19T14:41:27.473+0000] {processor.py:839} INFO - DAG(s) dict_keys(['pipeline_ingestion_suivi']) retrieved from /opt/airflow/dags/dag_suivi.py
[2026-06-19T14:41:27.498+0000] {logging_mixin.py:151} INFO - [2026-06-19T14:41:27.498+0000] {dag.py:2941} INFO - Sync 1 DAGs
[2026-06-19T14:41:27.515+0000] {logging_mixin.py:151} INFO - [2026-06-19T14:41:27.515+0000] {dag.py:3722} INFO - Setting next_dagrun for pipeline_ingestion_suivi to 2026-06-19T13:00:00+00:00, run_after=2026-06-19T14:00:00+00:00
[2026-06-19T14:41:27.536+0000] {processor.py:179} INFO - Processing /opt/airflow/dags/dag_suivi.py took 0.085 seconds
[2026-06-19T14:41:57.766+0000] {processor.py:157} INFO - Started process (PID=1175) to work on /opt/airflow/dags/dag_suivi.py
[2026-06-19T14:41:57.767+0000] {processor.py:829} INFO - Processing file /opt/airflow/dags/dag_suivi.py for tasks to queue
[2026-06-19T14:41:57.768+0000] {logging_mixin.py:151} INFO - [2026-06-19T14:41:57.768+0000] {dagbag.py:536} INFO - Filling up the DagBag from /opt/airflow/dags/dag_suivi.py
[2026-06-19T14:41:57.787+0000] {processor.py:839} INFO - DAG(s) dict_keys(['pipeline_ingestion_suivi']) retrieved from /opt/airflow/dags/dag_suivi.py
[2026-06-19T14:41:57.812+0000] {logging_mixin.py:151} INFO - [2026-06-19T14:41:57.812+0000] {dag.py:2941} INFO - Sync 1 DAGs
[2026-06-19T14:41:57.829+0000] {logging_mixin.py:151} INFO - [2026-06-19T14:41:57.829+0000] {dag.py:3722} INFO - Setting next_dagrun for pipeline_ingestion_suivi to 2026-06-19T13:00:00+00:00, run_after=2026-06-19T14:00:00+00:00
[2026-06-19T14:41:57.859+0000] {processor.py:179} INFO - Processing /opt/airflow/dags/dag_suivi.py took 0.095 seconds
[2026-06-19T14:42:28.031+0000] {processor.py:157} INFO - Started process (PID=1180) to work on /opt/airflow/dags/dag_suivi.py
[2026-06-19T14:42:28.032+0000] {processor.py:829} INFO - Processing file /opt/airflow/dags/dag_suivi.py for tasks to queue
[2026-06-19T14:42:28.033+0000] {logging_mixin.py:151} INFO - [2026-06-19T14:42:28.033+0000] {dagbag.py:536} INFO - Filling up the DagBag from /opt/airflow/dags/dag_suivi.py
[2026-06-19T14:42:28.052+0000] {processor.py:839} INFO - DAG(s) dict_keys(['pipeline_ingestion_suivi']) retrieved from /opt/airflow/dags/dag_suivi.py
[2026-06-19T14:42:28.077+0000] {logging_mixin.py:151} INFO - [2026-06-19T14:42:28.077+0000] {dag.py:2941} INFO - Sync 1 DAGs
[2026-06-19T14:42:28.095+0000] {logging_mixin.py:151} INFO - [2026-06-19T14:42:28.095+0000] {dag.py:3722} INFO - Setting next_dagrun for pipeline_ingestion_suivi to 2026-06-19T13:00:00+00:00, run_after=2026-06-19T14:00:00+00:00
[2026-06-19T14:42:28.122+0000] {processor.py:179} INFO - Processing /opt/airflow/dags/dag_suivi.py took 0.093 seconds
[2026-06-19T14:42:58.344+0000] {processor.py:157} INFO - Started process (PID=1185) to work on /opt/airflow/dags/dag_suivi.py
[2026-06-19T14:42:58.344+0000] {processor.py:829} INFO - Processing file /opt/airflow/dags/dag_suivi.py for tasks to queue
[2026-06-19T14:42:58.345+0000] {logging_mixin.py:151} INFO - [2026-06-19T14:42:58.345+0000] {dagbag.py:536} INFO - Filling up the DagBag from /opt/airflow/dags/dag_suivi.py
[2026-06-19T14:42:58.363+0000] {processor.py:839} INFO - DAG(s) dict_keys(['pipeline_ingestion_suivi']) retrieved from /opt/airflow/dags/dag_suivi.py
[2026-06-19T14:42:58.388+0000] {logging_mixin.py:151} INFO - [2026-06-19T14:42:58.388+0000] {dag.py:2941} INFO - Sync 1 DAGs
[2026-06-19T14:42:58.407+0000] {logging_mixin.py:151} INFO - [2026-06-19T14:42:58.406+0000] {dag.py:3722} INFO - Setting next_dagrun for pipeline_ingestion_suivi to 2026-06-19T13:00:00+00:00, run_after=2026-06-19T14:00:00+00:00
[2026-06-19T14:42:58.434+0000] {processor.py:179} INFO - Processing /opt/airflow/dags/dag_suivi.py took 0.093 seconds
[2026-06-19T14:43:28.628+0000] {processor.py:157} INFO - Started process (PID=1190) to work on /opt/airflow/dags/dag_suivi.py
[2026-06-19T14:43:28.628+0000] {processor.py:829} INFO - Processing file /opt/airflow/dags/dag_suivi.py for tasks to queue
[2026-06-19T14:43:28.629+0000] {logging_mixin.py:151} INFO - [2026-06-19T14:43:28.629+0000] {dagbag.py:536} INFO - Filling up the DagBag from /opt/airflow/dags/dag_suivi.py
[2026-06-19T14:43:28.647+0000] {processor.py:839} INFO - DAG(s) dict_keys(['pipeline_ingestion_suivi']) retrieved from /opt/airflow/dags/dag_suivi.py
[2026-06-19T14:43:28.670+0000] {logging_mixin.py:151} INFO - [2026-06-19T14:43:28.670+0000] {dag.py:2941} INFO - Sync 1 DAGs
[2026-06-19T14:43:28.687+0000] {logging_mixin.py:151} INFO - [2026-06-19T14:43:28.687+0000] {dag.py:3722} INFO - Setting next_dagrun for pipeline_ingestion_suivi to 2026-06-19T13:00:00+00:00, run_after=2026-06-19T14:00:00+00:00
[2026-06-19T14:43:28.704+0000] {processor.py:179} INFO - Processing /opt/airflow/dags/dag_suivi.py took 0.079 seconds
[2026-06-19T14:43:58.904+0000] {processor.py:157} INFO - Started process (PID=1195) to work on /opt/airflow/dags/dag_suivi.py
[2026-06-19T14:43:58.905+0000] {processor.py:829} INFO - Processing file /opt/airflow/dags/dag_suivi.py for tasks to queue
[2026-06-19T14:43:58.906+0000] {logging_mixin.py:151} INFO - [2026-06-19T14:43:58.906+0000] {dagbag.py:536} INFO - Filling up the DagBag from /opt/airflow/dags/dag_suivi.py
[2026-06-19T14:43:58.927+0000] {processor.py:839} INFO - DAG(s) dict_keys(['pipeline_ingestion_suivi']) retrieved from /opt/airflow/dags/dag_suivi.py
[2026-06-19T14:43:58.959+0000] {logging_mixin.py:151} INFO - [2026-06-19T14:43:58.958+0000] {dag.py:2941} INFO - Sync 1 DAGs
[2026-06-19T14:43:58.985+0000] {logging_mixin.py:151} INFO - [2026-06-19T14:43:58.985+0000] {dag.py:3722} INFO - Setting next_dagrun for pipeline_ingestion_suivi to 2026-06-19T13:00:00+00:00, run_after=2026-06-19T14:00:00+00:00
[2026-06-19T14:43:59.019+0000] {processor.py:179} INFO - Processing /opt/airflow/dags/dag_suivi.py took 0.119 seconds
[2026-06-19T14:44:29.190+0000] {processor.py:157} INFO - Started process (PID=1200) to work on /opt/airflow/dags/dag_suivi.py
[2026-06-19T14:44:29.190+0000] {processor.py:829} INFO - Processing file /opt/airflow/dags/dag_suivi.py for tasks to queue
[2026-06-19T14:44:29.191+0000] {logging_mixin.py:151} INFO - [2026-06-19T14:44:29.191+0000] {dagbag.py:536} INFO - Filling up the DagBag from /opt/airflow/dags/dag_suivi.py
[2026-06-19T14:44:29.208+0000] {processor.py:839} INFO - DAG(s) dict_keys(['pipeline_ingestion_suivi']) retrieved from /opt/airflow/dags/dag_suivi.py
[2026-06-19T14:44:29.232+0000] {logging_mixin.py:151} INFO - [2026-06-19T14:44:29.232+0000] {dag.py:2941} INFO - Sync 1 DAGs
[2026-06-19T14:44:29.250+0000] {logging_mixin.py:151} INFO - [2026-06-19T14:44:29.250+0000] {dag.py:3722} INFO - Setting next_dagrun for pipeline_ingestion_suivi to 2026-06-19T13:00:00+00:00, run_after=2026-06-19T14:00:00+00:00
[2026-06-19T14:44:29.277+0000] {processor.py:179} INFO - Processing /opt/airflow/dags/dag_suivi.py took 0.090 seconds
[2026-06-19T14:44:59.514+0000] {processor.py:157} INFO - Started process (PID=1205) to work on /opt/airflow/dags/dag_suivi.py
[2026-06-19T14:44:59.515+0000] {processor.py:829} INFO - Processing file /opt/airflow/dags/dag_suivi.py for tasks to queue
[2026-06-19T14:44:59.516+0000] {logging_mixin.py:151} INFO - [2026-06-19T14:44:59.516+0000] {dagbag.py:536} INFO - Filling up the DagBag from /opt/airflow/dags/dag_suivi.py
[2026-06-19T14:44:59.533+0000] {processor.py:839} INFO - DAG(s) dict_keys(['pipeline_ingestion_suivi']) retrieved from /opt/airflow/dags/dag_suivi.py
[2026-06-19T14:44:59.556+0000] {logging_mixin.py:151} INFO - [2026-06-19T14:44:59.556+0000] {dag.py:2941} INFO - Sync 1 DAGs
[2026-06-19T14:44:59.573+0000] {logging_mixin.py:151} INFO - [2026-06-19T14:44:59.573+0000] {dag.py:3722} INFO - Setting next_dagrun for pipeline_ingestion_suivi to 2026-06-19T13:00:00+00:00, run_after=2026-06-19T14:00:00+00:00
[2026-06-19T14:44:59.600+0000] {processor.py:179} INFO - Processing /opt/airflow/dags/dag_suivi.py took 0.088 seconds
[2026-06-19T14:45:29.773+0000] {processor.py:157} INFO - Started process (PID=1210) to work on /opt/airflow/dags/dag_suivi.py
[2026-06-19T14:45:29.773+0000] {processor.py:829} INFO - Processing file /opt/airflow/dags/dag_suivi.py for tasks to queue
[2026-06-19T14:45:29.774+0000] {logging_mixin.py:151} INFO - [2026-06-19T14:45:29.774+0000] {dagbag.py:536} INFO - Filling up the DagBag from /opt/airflow/dags/dag_suivi.py
[2026-06-19T14:45:29.789+0000] {processor.py:839} INFO - DAG(s) dict_keys(['pipeline_ingestion_suivi']) retrieved from /opt/airflow/dags/dag_suivi.py
[2026-06-19T14:45:29.813+0000] {logging_mixin.py:151} INFO - [2026-06-19T14:45:29.813+0000] {dag.py:2941} INFO - Sync 1 DAGs
[2026-06-19T14:45:29.834+0000] {logging_mixin.py:151} INFO - [2026-06-19T14:45:29.833+0000] {dag.py:3722} INFO - Setting next_dagrun for pipeline_ingestion_suivi to 2026-06-19T13:00:00+00:00, run_after=2026-06-19T14:00:00+00:00
[2026-06-19T14:45:29.863+0000] {processor.py:179} INFO - Processing /opt/airflow/dags/dag_suivi.py took 0.093 seconds
[2026-06-19T14:46:00.106+0000] {processor.py:157} INFO - Started process (PID=1215) to work on /opt/airflow/dags/dag_suivi.py
[2026-06-19T14:46:00.106+0000] {processor.py:829} INFO - Processing file /opt/airflow/dags/dag_suivi.py for tasks to queue
[2026-06-19T14:46:00.107+0000] {logging_mixin.py:151} INFO - [2026-06-19T14:46:00.107+0000] {dagbag.py:536} INFO - Filling up the DagBag from /opt/airflow/dags/dag_suivi.py
[2026-06-19T14:46:00.123+0000] {processor.py:839} INFO - DAG(s) dict_keys(['pipeline_ingestion_suivi']) retrieved from /opt/airflow/dags/dag_suivi.py
[2026-06-19T14:46:00.147+0000] {logging_mixin.py:151} INFO - [2026-06-19T14:46:00.147+0000] {dag.py:2941} INFO - Sync 1 DAGs
[2026-06-19T14:46:00.167+0000] {logging_mixin.py:151} INFO - [2026-06-19T14:46:00.167+0000] {dag.py:3722} INFO - Setting next_dagrun for pipeline_ingestion_suivi to 2026-06-19T13:00:00+00:00, run_after=2026-06-19T14:00:00+00:00
[2026-06-19T14:46:00.184+0000] {processor.py:179} INFO - Processing /opt/airflow/dags/dag_suivi.py took 0.081 seconds
[2026-06-19T14:46:30.362+0000] {processor.py:157} INFO - Started process (PID=1220) to work on /opt/airflow/dags/dag_suivi.py
[2026-06-19T14:46:30.364+0000] {processor.py:829} INFO - Processing file /opt/airflow/dags/dag_suivi.py for tasks to queue
[2026-06-19T14:46:30.364+0000] {logging_mixin.py:151} INFO - [2026-06-19T14:46:30.364+0000] {dagbag.py:536} INFO - Filling up the DagBag from /opt/airflow/dags/dag_suivi.py
[2026-06-19T14:46:30.382+0000] {processor.py:839} INFO - DAG(s) dict_keys(['pipeline_ingestion_suivi']) retrieved from /opt/airflow/dags/dag_suivi.py
[2026-06-19T14:46:30.406+0000] {logging_mixin.py:151} INFO - [2026-06-19T14:46:30.406+0000] {dag.py:2941} INFO - Sync 1 DAGs
[2026-06-19T14:46:30.423+0000] {logging_mixin.py:151} INFO - [2026-06-19T14:46:30.423+0000] {dag.py:3722} INFO - Setting next_dagrun for pipeline_ingestion_suivi to 2026-06-19T13:00:00+00:00, run_after=2026-06-19T14:00:00+00:00
[2026-06-19T14:46:30.442+0000] {processor.py:179} INFO - Processing /opt/airflow/dags/dag_suivi.py took 0.083 seconds
[2026-06-19T14:47:00.639+0000] {processor.py:157} INFO - Started process (PID=1225) to work on /opt/airflow/dags/dag_suivi.py
[2026-06-19T14:47:00.639+0000] {processor.py:829} INFO - Processing file /opt/airflow/dags/dag_suivi.py for tasks to queue
[2026-06-19T14:47:00.640+0000] {logging_mixin.py:151} INFO - [2026-06-19T14:47:00.640+0000] {dagbag.py:536} INFO - Filling up the DagBag from /opt/airflow/dags/dag_suivi.py
[2026-06-19T14:47:00.658+0000] {processor.py:839} INFO - DAG(s) dict_keys(['pipeline_ingestion_suivi']) retrieved from /opt/airflow/dags/dag_suivi.py
[2026-06-19T14:47:00.681+0000] {logging_mixin.py:151} INFO - [2026-06-19T14:47:00.681+0000] {dag.py:2941} INFO - Sync 1 DAGs
[2026-06-19T14:47:00.698+0000] {logging_mixin.py:151} INFO - [2026-06-19T14:47:00.698+0000] {dag.py:3722} INFO - Setting next_dagrun for pipeline_ingestion_suivi to 2026-06-19T13:00:00+00:00, run_after=2026-06-19T14:00:00+00:00
[2026-06-19T14:47:00.719+0000] {processor.py:179} INFO - Processing /opt/airflow/dags/dag_suivi.py took 0.082 seconds
[2026-06-19T14:47:30.907+0000] {processor.py:157} INFO - Started process (PID=1230) to work on /opt/airflow/dags/dag_suivi.py
[2026-06-19T14:47:30.908+0000] {processor.py:829} INFO - Processing file /opt/airflow/dags/dag_suivi.py for tasks to queue
[2026-06-19T14:47:30.909+0000] {logging_mixin.py:151} INFO - [2026-06-19T14:47:30.909+0000] {dagbag.py:536} INFO - Filling up the DagBag from /opt/airflow/dags/dag_suivi.py
[2026-06-19T14:47:30.924+0000] {processor.py:839} INFO - DAG(s) dict_keys(['pipeline_ingestion_suivi']) retrieved from /opt/airflow/dags/dag_suivi.py
[2026-06-19T14:47:30.948+0000] {logging_mixin.py:151} INFO - [2026-06-19T14:47:30.948+0000] {dag.py:2941} INFO - Sync 1 DAGs
[2026-06-19T14:47:30.966+0000] {logging_mixin.py:151} INFO - [2026-06-19T14:47:30.966+0000] {dag.py:3722} INFO - Setting next_dagrun for pipeline_ingestion_suivi to 2026-06-19T13:00:00+00:00, run_after=2026-06-19T14:00:00+00:00
[2026-06-19T14:47:30.995+0000] {processor.py:179} INFO - Processing /opt/airflow/dags/dag_suivi.py took 0.091 seconds
[2026-06-19T14:48:01.233+0000] {processor.py:157} INFO - Started process (PID=1235) to work on /opt/airflow/dags/dag_suivi.py
[2026-06-19T14:48:01.234+0000] {processor.py:829} INFO - Processing file /opt/airflow/dags/dag_suivi.py for tasks to queue
[2026-06-19T14:48:01.235+0000] {logging_mixin.py:151} INFO - [2026-06-19T14:48:01.234+0000] {dagbag.py:536} INFO - Filling up the DagBag from /opt/airflow/dags/dag_suivi.py
[2026-06-19T14:48:01.250+0000] {processor.py:839} INFO - DAG(s) dict_keys(['pipeline_ingestion_suivi']) retrieved from /opt/airflow/dags/dag_suivi.py
[2026-06-19T14:48:01.278+0000] {logging_mixin.py:151} INFO - [2026-06-19T14:48:01.278+0000] {dag.py:2941} INFO - Sync 1 DAGs
[2026-06-19T14:48:01.296+0000] {logging_mixin.py:151} INFO - [2026-06-19T14:48:01.296+0000] {dag.py:3722} INFO - Setting next_dagrun for pipeline_ingestion_suivi to 2026-06-19T13:00:00+00:00, run_after=2026-06-19T14:00:00+00:00
[2026-06-19T14:48:01.312+0000] {processor.py:179} INFO - Processing /opt/airflow/dags/dag_suivi.py took 0.082 seconds
[2026-06-19T14:48:31.499+0000] {processor.py:157} INFO - Started process (PID=1240) to work on /opt/airflow/dags/dag_suivi.py
[2026-06-19T14:48:31.500+0000] {processor.py:829} INFO - Processing file /opt/airflow/dags/dag_suivi.py for tasks to queue
[2026-06-19T14:48:31.501+0000] {logging_mixin.py:151} INFO - [2026-06-19T14:48:31.501+0000] {dagbag.py:536} INFO - Filling up the DagBag from /opt/airflow/dags/dag_suivi.py
[2026-06-19T14:48:31.517+0000] {processor.py:839} INFO - DAG(s) dict_keys(['pipeline_ingestion_suivi']) retrieved from /opt/airflow/dags/dag_suivi.py
[2026-06-19T14:48:31.540+0000] {logging_mixin.py:151} INFO - [2026-06-19T14:48:31.540+0000] {dag.py:2941} INFO - Sync 1 DAGs
[2026-06-19T14:48:31.559+0000] {logging_mixin.py:151} INFO - [2026-06-19T14:48:31.558+0000] {dag.py:3722} INFO - Setting next_dagrun for pipeline_ingestion_suivi to 2026-06-19T13:00:00+00:00, run_after=2026-06-19T14:00:00+00:00
[2026-06-19T14:48:31.586+0000] {processor.py:179} INFO - Processing /opt/airflow/dags/dag_suivi.py took 0.089 seconds
[2026-06-19T14:49:01.779+0000] {processor.py:157} INFO - Started process (PID=1245) to work on /opt/airflow/dags/dag_suivi.py
[2026-06-19T14:49:01.779+0000] {processor.py:829} INFO - Processing file /opt/airflow/dags/dag_suivi.py for tasks to queue
[2026-06-19T14:49:01.780+0000] {logging_mixin.py:151} INFO - [2026-06-19T14:49:01.780+0000] {dagbag.py:536} INFO - Filling up the DagBag from /opt/airflow/dags/dag_suivi.py
[2026-06-19T14:49:01.798+0000] {processor.py:839} INFO - DAG(s) dict_keys(['pipeline_ingestion_suivi']) retrieved from /opt/airflow/dags/dag_suivi.py
[2026-06-19T14:49:01.822+0000] {logging_mixin.py:151} INFO - [2026-06-19T14:49:01.822+0000] {dag.py:2941} INFO - Sync 1 DAGs
[2026-06-19T14:49:01.839+0000] {logging_mixin.py:151} INFO - [2026-06-19T14:49:01.839+0000] {dag.py:3722} INFO - Setting next_dagrun for pipeline_ingestion_suivi to 2026-06-19T13:00:00+00:00, run_after=2026-06-19T14:00:00+00:00
[2026-06-19T14:49:01.871+0000] {processor.py:179} INFO - Processing /opt/airflow/dags/dag_suivi.py took 0.095 seconds
[2026-06-19T14:49:32.058+0000] {processor.py:157} INFO - Started process (PID=1250) to work on /opt/airflow/dags/dag_suivi.py
[2026-06-19T14:49:32.059+0000] {processor.py:829} INFO - Processing file /opt/airflow/dags/dag_suivi.py for tasks to queue
[2026-06-19T14:49:32.060+0000] {logging_mixin.py:151} INFO - [2026-06-19T14:49:32.060+0000] {dagbag.py:536} INFO - Filling up the DagBag from /opt/airflow/dags/dag_suivi.py
[2026-06-19T14:49:32.076+0000] {processor.py:839} INFO - DAG(s) dict_keys(['pipeline_ingestion_suivi']) retrieved from /opt/airflow/dags/dag_suivi.py
[2026-06-19T14:49:32.101+0000] {logging_mixin.py:151} INFO - [2026-06-19T14:49:32.100+0000] {dag.py:2941} INFO - Sync 1 DAGs
[2026-06-19T14:49:32.119+0000] {logging_mixin.py:151} INFO - [2026-06-19T14:49:32.119+0000] {dag.py:3722} INFO - Setting next_dagrun for pipeline_ingestion_suivi to 2026-06-19T13:00:00+00:00, run_after=2026-06-19T14:00:00+00:00
[2026-06-19T14:49:32.145+0000] {processor.py:179} INFO - Processing /opt/airflow/dags/dag_suivi.py took 0.089 seconds
[2026-06-19T14:50:02.339+0000] {processor.py:157} INFO - Started process (PID=1255) to work on /opt/airflow/dags/dag_suivi.py
[2026-06-19T14:50:02.340+0000] {processor.py:829} INFO - Processing file /opt/airflow/dags/dag_suivi.py for tasks to queue
[2026-06-19T14:50:02.340+0000] {logging_mixin.py:151} INFO - [2026-06-19T14:50:02.340+0000] {dagbag.py:536} INFO - Filling up the DagBag from /opt/airflow/dags/dag_suivi.py
[2026-06-19T14:50:02.357+0000] {processor.py:839} INFO - DAG(s) dict_keys(['pipeline_ingestion_suivi']) retrieved from /opt/airflow/dags/dag_suivi.py
[2026-06-19T14:50:02.382+0000] {logging_mixin.py:151} INFO - [2026-06-19T14:50:02.381+0000] {dag.py:2941} INFO - Sync 1 DAGs
[2026-06-19T14:50:02.399+0000] {logging_mixin.py:151} INFO - [2026-06-19T14:50:02.399+0000] {dag.py:3722} INFO - Setting next_dagrun for pipeline_ingestion_suivi to 2026-06-19T13:00:00+00:00, run_after=2026-06-19T14:00:00+00:00
[2026-06-19T14:50:02.416+0000] {processor.py:179} INFO - Processing /opt/airflow/dags/dag_suivi.py took 0.079 seconds
[2026-06-19T14:50:32.614+0000] {processor.py:157} INFO - Started process (PID=1260) to work on /opt/airflow/dags/dag_suivi.py
[2026-06-19T14:50:32.615+0000] {processor.py:829} INFO - Processing file /opt/airflow/dags/dag_suivi.py for tasks to queue
[2026-06-19T14:50:32.616+0000] {logging_mixin.py:151} INFO - [2026-06-19T14:50:32.616+0000] {dagbag.py:536} INFO - Filling up the DagBag from /opt/airflow/dags/dag_suivi.py
[2026-06-19T14:50:32.636+0000] {processor.py:839} INFO - DAG(s) dict_keys(['pipeline_ingestion_suivi']) retrieved from /opt/airflow/dags/dag_suivi.py
[2026-06-19T14:50:32.659+0000] {logging_mixin.py:151} INFO - [2026-06-19T14:50:32.659+0000] {dag.py:2941} INFO - Sync 1 DAGs
[2026-06-19T14:50:32.677+0000] {logging_mixin.py:151} INFO - [2026-06-19T14:50:32.676+0000] {dag.py:3722} INFO - Setting next_dagrun for pipeline_ingestion_suivi to 2026-06-19T13:00:00+00:00, run_after=2026-06-19T14:00:00+00:00
[2026-06-19T14:50:32.696+0000] {processor.py:179} INFO - Processing /opt/airflow/dags/dag_suivi.py took 0.086 seconds
[2026-06-19T14:51:02.905+0000] {processor.py:157} INFO - Started process (PID=1265) to work on /opt/airflow/dags/dag_suivi.py
[2026-06-19T14:51:02.905+0000] {processor.py:829} INFO - Processing file /opt/airflow/dags/dag_suivi.py for tasks to queue
[2026-06-19T14:51:02.906+0000] {logging_mixin.py:151} INFO - [2026-06-19T14:51:02.906+0000] {dagbag.py:536} INFO - Filling up the DagBag from /opt/airflow/dags/dag_suivi.py
[2026-06-19T14:51:02.922+0000] {processor.py:839} INFO - DAG(s) dict_keys(['pipeline_ingestion_suivi']) retrieved from /opt/airflow/dags/dag_suivi.py
[2026-06-19T14:51:02.943+0000] {logging_mixin.py:151} INFO - [2026-06-19T14:51:02.943+0000] {dag.py:2941} INFO - Sync 1 DAGs
[2026-06-19T14:51:02.963+0000] {logging_mixin.py:151} INFO - [2026-06-19T14:51:02.962+0000] {dag.py:3722} INFO - Setting next_dagrun for pipeline_ingestion_suivi to 2026-06-19T13:00:00+00:00, run_after=2026-06-19T14:00:00+00:00
[2026-06-19T14:51:02.980+0000] {processor.py:179} INFO - Processing /opt/airflow/dags/dag_suivi.py took 0.080 seconds
[2026-06-19T14:51:33.159+0000] {processor.py:157} INFO - Started process (PID=1270) to work on /opt/airflow/dags/dag_suivi.py
[2026-06-19T14:51:33.160+0000] {processor.py:829} INFO - Processing file /opt/airflow/dags/dag_suivi.py for tasks to queue
[2026-06-19T14:51:33.161+0000] {logging_mixin.py:151} INFO - [2026-06-19T14:51:33.160+0000] {dagbag.py:536} INFO - Filling up the DagBag from /opt/airflow/dags/dag_suivi.py
[2026-06-19T14:51:33.179+0000] {processor.py:839} INFO - DAG(s) dict_keys(['pipeline_ingestion_suivi']) retrieved from /opt/airflow/dags/dag_suivi.py
[2026-06-19T14:51:33.203+0000] {logging_mixin.py:151} INFO - [2026-06-19T14:51:33.203+0000] {dag.py:2941} INFO - Sync 1 DAGs
[2026-06-19T14:51:33.221+0000] {logging_mixin.py:151} INFO - [2026-06-19T14:51:33.220+0000] {dag.py:3722} INFO - Setting next_dagrun for pipeline_ingestion_suivi to 2026-06-19T13:00:00+00:00, run_after=2026-06-19T14:00:00+00:00
[2026-06-19T14:51:33.238+0000] {processor.py:179} INFO - Processing /opt/airflow/dags/dag_suivi.py took 0.083 seconds
[2026-06-19T14:52:03.434+0000] {processor.py:157} INFO - Started process (PID=1275) to work on /opt/airflow/dags/dag_suivi.py
[2026-06-19T14:52:03.434+0000] {processor.py:829} INFO - Processing file /opt/airflow/dags/dag_suivi.py for tasks to queue
[2026-06-19T14:52:03.435+0000] {logging_mixin.py:151} INFO - [2026-06-19T14:52:03.435+0000] {dagbag.py:536} INFO - Filling up the DagBag from /opt/airflow/dags/dag_suivi.py
[2026-06-19T14:52:03.451+0000] {processor.py:839} INFO - DAG(s) dict_keys(['pipeline_ingestion_suivi']) retrieved from /opt/airflow/dags/dag_suivi.py
[2026-06-19T14:52:03.475+0000] {logging_mixin.py:151} INFO - [2026-06-19T14:52:03.475+0000] {dag.py:2941} INFO - Sync 1 DAGs
[2026-06-19T14:52:03.491+0000] {logging_mixin.py:151} INFO - [2026-06-19T14:52:03.491+0000] {dag.py:3722} INFO - Setting next_dagrun for pipeline_ingestion_suivi to 2026-06-19T13:00:00+00:00, run_after=2026-06-19T14:00:00+00:00
[2026-06-19T14:52:03.509+0000] {processor.py:179} INFO - Processing /opt/airflow/dags/dag_suivi.py took 0.078 seconds
[2026-06-19T14:52:33.663+0000] {processor.py:157} INFO - Started process (PID=1280) to work on /opt/airflow/dags/dag_suivi.py
[2026-06-19T14:52:33.664+0000] {processor.py:829} INFO - Processing file /opt/airflow/dags/dag_suivi.py for tasks to queue
[2026-06-19T14:52:33.664+0000] {logging_mixin.py:151} INFO - [2026-06-19T14:52:33.664+0000] {dagbag.py:536} INFO - Filling up the DagBag from /opt/airflow/dags/dag_suivi.py
[2026-06-19T14:52:33.685+0000] {processor.py:839} INFO - DAG(s) dict_keys(['pipeline_ingestion_suivi']) retrieved from /opt/airflow/dags/dag_suivi.py
[2026-06-19T14:52:33.709+0000] {logging_mixin.py:151} INFO - [2026-06-19T14:52:33.709+0000] {dag.py:2941} INFO - Sync 1 DAGs
[2026-06-19T14:52:33.726+0000] {logging_mixin.py:151} INFO - [2026-06-19T14:52:33.726+0000] {dag.py:3722} INFO - Setting next_dagrun for pipeline_ingestion_suivi to 2026-06-19T13:00:00+00:00, run_after=2026-06-19T14:00:00+00:00
[2026-06-19T14:52:33.755+0000] {processor.py:179} INFO - Processing /opt/airflow/dags/dag_suivi.py took 0.096 seconds
[2026-06-19T14:53:03.987+0000] {processor.py:157} INFO - Started process (PID=1285) to work on /opt/airflow/dags/dag_suivi.py
[2026-06-19T14:53:03.988+0000] {processor.py:829} INFO - Processing file /opt/airflow/dags/dag_suivi.py for tasks to queue
[2026-06-19T14:53:03.989+0000] {logging_mixin.py:151} INFO - [2026-06-19T14:53:03.989+0000] {dagbag.py:536} INFO - Filling up the DagBag from /opt/airflow/dags/dag_suivi.py
[2026-06-19T14:53:04.007+0000] {processor.py:839} INFO - DAG(s) dict_keys(['pipeline_ingestion_suivi']) retrieved from /opt/airflow/dags/dag_suivi.py
[2026-06-19T14:53:04.029+0000] {logging_mixin.py:151} INFO - [2026-06-19T14:53:04.029+0000] {dag.py:2941} INFO - Sync 1 DAGs
[2026-06-19T14:53:04.046+0000] {logging_mixin.py:151} INFO - [2026-06-19T14:53:04.046+0000] {dag.py:3722} INFO - Setting next_dagrun for pipeline_ingestion_suivi to 2026-06-19T13:00:00+00:00, run_after=2026-06-19T14:00:00+00:00
[2026-06-19T14:53:04.063+0000] {processor.py:179} INFO - Processing /opt/airflow/dags/dag_suivi.py took 0.078 seconds
[2026-06-19T14:53:34.219+0000] {processor.py:157} INFO - Started process (PID=1290) to work on /opt/airflow/dags/dag_suivi.py
[2026-06-19T14:53:34.219+0000] {processor.py:829} INFO - Processing file /opt/airflow/dags/dag_suivi.py for tasks to queue
[2026-06-19T14:53:34.220+0000] {logging_mixin.py:151} INFO - [2026-06-19T14:53:34.220+0000] {dagbag.py:536} INFO - Filling up the DagBag from /opt/airflow/dags/dag_suivi.py
[2026-06-19T14:53:34.239+0000] {processor.py:839} INFO - DAG(s) dict_keys(['pipeline_ingestion_suivi']) retrieved from /opt/airflow/dags/dag_suivi.py
[2026-06-19T14:53:34.265+0000] {logging_mixin.py:151} INFO - [2026-06-19T14:53:34.265+0000] {dag.py:2941} INFO - Sync 1 DAGs
[2026-06-19T14:53:34.283+0000] {logging_mixin.py:151} INFO - [2026-06-19T14:53:34.283+0000] {dag.py:3722} INFO - Setting next_dagrun for pipeline_ingestion_suivi to 2026-06-19T13:00:00+00:00, run_after=2026-06-19T14:00:00+00:00
[2026-06-19T14:53:34.301+0000] {processor.py:179} INFO - Processing /opt/airflow/dags/dag_suivi.py took 0.086 seconds
[2026-06-19T14:54:04.514+0000] {processor.py:157} INFO - Started process (PID=1295) to work on /opt/airflow/dags/dag_suivi.py
[2026-06-19T14:54:04.514+0000] {processor.py:829} INFO - Processing file /opt/airflow/dags/dag_suivi.py for tasks to queue
[2026-06-19T14:54:04.515+0000] {logging_mixin.py:151} INFO - [2026-06-19T14:54:04.515+0000] {dagbag.py:536} INFO - Filling up the DagBag from /opt/airflow/dags/dag_suivi.py
[2026-06-19T14:54:04.531+0000] {processor.py:839} INFO - DAG(s) dict_keys(['pipeline_ingestion_suivi']) retrieved from /opt/airflow/dags/dag_suivi.py
[2026-06-19T14:54:04.555+0000] {logging_mixin.py:151} INFO - [2026-06-19T14:54:04.555+0000] {dag.py:2941} INFO - Sync 1 DAGs
[2026-06-19T14:54:04.573+0000] {logging_mixin.py:151} INFO - [2026-06-19T14:54:04.573+0000] {dag.py:3722} INFO - Setting next_dagrun for pipeline_ingestion_suivi to 2026-06-19T13:00:00+00:00, run_after=2026-06-19T14:00:00+00:00
[2026-06-19T14:54:04.600+0000] {processor.py:179} INFO - Processing /opt/airflow/dags/dag_suivi.py took 0.089 seconds
[2026-06-19T14:54:34.731+0000] {processor.py:157} INFO - Started process (PID=1300) to work on /opt/airflow/dags/dag_suivi.py
[2026-06-19T14:54:34.732+0000] {processor.py:829} INFO - Processing file /opt/airflow/dags/dag_suivi.py for tasks to queue
[2026-06-19T14:54:34.733+0000] {logging_mixin.py:151} INFO - [2026-06-19T14:54:34.732+0000] {dagbag.py:536} INFO - Filling up the DagBag from /opt/airflow/dags/dag_suivi.py
[2026-06-19T14:54:34.752+0000] {processor.py:839} INFO - DAG(s) dict_keys(['pipeline_ingestion_suivi']) retrieved from /opt/airflow/dags/dag_suivi.py
[2026-06-19T14:54:34.776+0000] {logging_mixin.py:151} INFO - [2026-06-19T14:54:34.776+0000] {dag.py:2941} INFO - Sync 1 DAGs
[2026-06-19T14:54:34.794+0000] {logging_mixin.py:151} INFO - [2026-06-19T14:54:34.793+0000] {dag.py:3722} INFO - Setting next_dagrun for pipeline_ingestion_suivi to 2026-06-19T13:00:00+00:00, run_after=2026-06-19T14:00:00+00:00
[2026-06-19T14:54:34.813+0000] {processor.py:179} INFO - Processing /opt/airflow/dags/dag_suivi.py took 0.085 seconds
[2026-06-19T14:55:04.966+0000] {processor.py:157} INFO - Started process (PID=1305) to work on /opt/airflow/dags/dag_suivi.py
[2026-06-19T14:55:04.967+0000] {processor.py:829} INFO - Processing file /opt/airflow/dags/dag_suivi.py for tasks to queue
[2026-06-19T14:55:04.968+0000] {logging_mixin.py:151} INFO - [2026-06-19T14:55:04.968+0000] {dagbag.py:536} INFO - Filling up the DagBag from /opt/airflow/dags/dag_suivi.py
[2026-06-19T14:55:04.984+0000] {processor.py:839} INFO - DAG(s) dict_keys(['pipeline_ingestion_suivi']) retrieved from /opt/airflow/dags/dag_suivi.py
[2026-06-19T14:55:05.009+0000] {logging_mixin.py:151} INFO - [2026-06-19T14:55:05.009+0000] {dag.py:2941} INFO - Sync 1 DAGs
[2026-06-19T14:55:05.028+0000] {logging_mixin.py:151} INFO - [2026-06-19T14:55:05.028+0000] {dag.py:3722} INFO - Setting next_dagrun for pipeline_ingestion_suivi to 2026-06-19T13:00:00+00:00, run_after=2026-06-19T14:00:00+00:00
[2026-06-19T14:55:05.061+0000] {processor.py:179} INFO - Processing /opt/airflow/dags/dag_suivi.py took 0.098 seconds
[2026-06-19T14:55:35.289+0000] {processor.py:157} INFO - Started process (PID=1310) to work on /opt/airflow/dags/dag_suivi.py
[2026-06-19T14:55:35.289+0000] {processor.py:829} INFO - Processing file /opt/airflow/dags/dag_suivi.py for tasks to queue
[2026-06-19T14:55:35.290+0000] {logging_mixin.py:151} INFO - [2026-06-19T14:55:35.290+0000] {dagbag.py:536} INFO - Filling up the DagBag from /opt/airflow/dags/dag_suivi.py
[2026-06-19T14:55:35.306+0000] {processor.py:839} INFO - DAG(s) dict_keys(['pipeline_ingestion_suivi']) retrieved from /opt/airflow/dags/dag_suivi.py
[2026-06-19T14:55:35.330+0000] {logging_mixin.py:151} INFO - [2026-06-19T14:55:35.330+0000] {dag.py:2941} INFO - Sync 1 DAGs
[2026-06-19T14:55:35.348+0000] {logging_mixin.py:151} INFO - [2026-06-19T14:55:35.348+0000] {dag.py:3722} INFO - Setting next_dagrun for pipeline_ingestion_suivi to 2026-06-19T13:00:00+00:00, run_after=2026-06-19T14:00:00+00:00
[2026-06-19T14:55:35.366+0000] {processor.py:179} INFO - Processing /opt/airflow/dags/dag_suivi.py took 0.079 seconds
[2026-06-19T14:56:05.546+0000] {processor.py:157} INFO - Started process (PID=1315) to work on /opt/airflow/dags/dag_suivi.py
[2026-06-19T14:56:05.547+0000] {processor.py:829} INFO - Processing file /opt/airflow/dags/dag_suivi.py for tasks to queue
[2026-06-19T14:56:05.548+0000] {logging_mixin.py:151} INFO - [2026-06-19T14:56:05.548+0000] {dagbag.py:536} INFO - Filling up the DagBag from /opt/airflow/dags/dag_suivi.py
[2026-06-19T14:56:05.566+0000] {processor.py:839} INFO - DAG(s) dict_keys(['pipeline_ingestion_suivi']) retrieved from /opt/airflow/dags/dag_suivi.py
[2026-06-19T14:56:05.591+0000] {logging_mixin.py:151} INFO - [2026-06-19T14:56:05.591+0000] {dag.py:2941} INFO - Sync 1 DAGs
[2026-06-19T14:56:05.608+0000] {logging_mixin.py:151} INFO - [2026-06-19T14:56:05.608+0000] {dag.py:3722} INFO - Setting next_dagrun for pipeline_ingestion_suivi to 2026-06-19T13:00:00+00:00, run_after=2026-06-19T14:00:00+00:00
[2026-06-19T14:56:05.627+0000] {processor.py:179} INFO - Processing /opt/airflow/dags/dag_suivi.py took 0.083 seconds
[2026-06-19T14:56:35.760+0000] {processor.py:157} INFO - Started process (PID=1320) to work on /opt/airflow/dags/dag_suivi.py
[2026-06-19T14:56:35.761+0000] {processor.py:829} INFO - Processing file /opt/airflow/dags/dag_suivi.py for tasks to queue
[2026-06-19T14:56:35.762+0000] {logging_mixin.py:151} INFO - [2026-06-19T14:56:35.762+0000] {dagbag.py:536} INFO - Filling up the DagBag from /opt/airflow/dags/dag_suivi.py
[2026-06-19T14:56:35.787+0000] {processor.py:839} INFO - DAG(s) dict_keys(['pipeline_ingestion_suivi']) retrieved from /opt/airflow/dags/dag_suivi.py
[2026-06-19T14:56:35.814+0000] {logging_mixin.py:151} INFO - [2026-06-19T14:56:35.814+0000] {dag.py:2941} INFO - Sync 1 DAGs
[2026-06-19T14:56:35.834+0000] {logging_mixin.py:151} INFO - [2026-06-19T14:56:35.833+0000] {dag.py:3722} INFO - Setting next_dagrun for pipeline_ingestion_suivi to 2026-06-19T13:00:00+00:00, run_after=2026-06-19T14:00:00+00:00
[2026-06-19T14:56:35.852+0000] {processor.py:179} INFO - Processing /opt/airflow/dags/dag_suivi.py took 0.096 seconds
[2026-06-19T14:57:05.982+0000] {processor.py:157} INFO - Started process (PID=1325) to work on /opt/airflow/dags/dag_suivi.py
[2026-06-19T14:57:05.983+0000] {processor.py:829} INFO - Processing file /opt/airflow/dags/dag_suivi.py for tasks to queue
[2026-06-19T14:57:05.984+0000] {logging_mixin.py:151} INFO - [2026-06-19T14:57:05.983+0000] {dagbag.py:536} INFO - Filling up the DagBag from /opt/airflow/dags/dag_suivi.py
[2026-06-19T14:57:05.999+0000] {processor.py:839} INFO - DAG(s) dict_keys(['pipeline_ingestion_suivi']) retrieved from /opt/airflow/dags/dag_suivi.py
[2026-06-19T14:57:06.023+0000] {logging_mixin.py:151} INFO - [2026-06-19T14:57:06.023+0000] {dag.py:2941} INFO - Sync 1 DAGs
[2026-06-19T14:57:06.042+0000] {logging_mixin.py:151} INFO - [2026-06-19T14:57:06.042+0000] {dag.py:3722} INFO - Setting next_dagrun for pipeline_ingestion_suivi to 2026-06-19T13:00:00+00:00, run_after=2026-06-19T14:00:00+00:00
[2026-06-19T14:57:06.063+0000] {processor.py:179} INFO - Processing /opt/airflow/dags/dag_suivi.py took 0.084 seconds
[2026-06-19T14:57:36.253+0000] {processor.py:157} INFO - Started process (PID=1330) to work on /opt/airflow/dags/dag_suivi.py
[2026-06-19T14:57:36.254+0000] {processor.py:829} INFO - Processing file /opt/airflow/dags/dag_suivi.py for tasks to queue
[2026-06-19T14:57:36.255+0000] {logging_mixin.py:151} INFO - [2026-06-19T14:57:36.255+0000] {dagbag.py:536} INFO - Filling up the DagBag from /opt/airflow/dags/dag_suivi.py
[2026-06-19T14:57:36.271+0000] {processor.py:839} INFO - DAG(s) dict_keys(['pipeline_ingestion_suivi']) retrieved from /opt/airflow/dags/dag_suivi.py
[2026-06-19T14:57:36.294+0000] {logging_mixin.py:151} INFO - [2026-06-19T14:57:36.294+0000] {dag.py:2941} INFO - Sync 1 DAGs
[2026-06-19T14:57:36.311+0000] {logging_mixin.py:151} INFO - [2026-06-19T14:57:36.311+0000] {dag.py:3722} INFO - Setting next_dagrun for pipeline_ingestion_suivi to 2026-06-19T13:00:00+00:00, run_after=2026-06-19T14:00:00+00:00
[2026-06-19T14:57:36.339+0000] {processor.py:179} INFO - Processing /opt/airflow/dags/dag_suivi.py took 0.088 seconds
[2026-06-19T14:58:06.520+0000] {processor.py:157} INFO - Started process (PID=1335) to work on /opt/airflow/dags/dag_suivi.py
[2026-06-19T14:58:06.521+0000] {processor.py:829} INFO - Processing file /opt/airflow/dags/dag_suivi.py for tasks to queue
[2026-06-19T14:58:06.522+0000] {logging_mixin.py:151} INFO - [2026-06-19T14:58:06.522+0000] {dagbag.py:536} INFO - Filling up the DagBag from /opt/airflow/dags/dag_suivi.py
[2026-06-19T14:58:06.539+0000] {processor.py:839} INFO - DAG(s) dict_keys(['pipeline_ingestion_suivi']) retrieved from /opt/airflow/dags/dag_suivi.py
[2026-06-19T14:58:06.564+0000] {logging_mixin.py:151} INFO - [2026-06-19T14:58:06.564+0000] {dag.py:2941} INFO - Sync 1 DAGs
[2026-06-19T14:58:06.582+0000] {logging_mixin.py:151} INFO - [2026-06-19T14:58:06.581+0000] {dag.py:3722} INFO - Setting next_dagrun for pipeline_ingestion_suivi to 2026-06-19T13:00:00+00:00, run_after=2026-06-19T14:00:00+00:00
[2026-06-19T14:58:06.599+0000] {processor.py:179} INFO - Processing /opt/airflow/dags/dag_suivi.py took 0.081 seconds
[2026-06-19T14:58:36.764+0000] {processor.py:157} INFO - Started process (PID=1340) to work on /opt/airflow/dags/dag_suivi.py
[2026-06-19T14:58:36.765+0000] {processor.py:829} INFO - Processing file /opt/airflow/dags/dag_suivi.py for tasks to queue
[2026-06-19T14:58:36.765+0000] {logging_mixin.py:151} INFO - [2026-06-19T14:58:36.765+0000] {dagbag.py:536} INFO - Filling up the DagBag from /opt/airflow/dags/dag_suivi.py
[2026-06-19T14:58:36.783+0000] {processor.py:839} INFO - DAG(s) dict_keys(['pipeline_ingestion_suivi']) retrieved from /opt/airflow/dags/dag_suivi.py
[2026-06-19T14:58:36.808+0000] {logging_mixin.py:151} INFO - [2026-06-19T14:58:36.808+0000] {dag.py:2941} INFO - Sync 1 DAGs
[2026-06-19T14:58:36.829+0000] {logging_mixin.py:151} INFO - [2026-06-19T14:58:36.829+0000] {dag.py:3722} INFO - Setting next_dagrun for pipeline_ingestion_suivi to 2026-06-19T13:00:00+00:00, run_after=2026-06-19T14:00:00+00:00
[2026-06-19T14:58:36.846+0000] {processor.py:179} INFO - Processing /opt/airflow/dags/dag_suivi.py took 0.085 seconds
[2026-06-19T14:59:07.024+0000] {processor.py:157} INFO - Started process (PID=1345) to work on /opt/airflow/dags/dag_suivi.py
[2026-06-19T14:59:07.025+0000] {processor.py:829} INFO - Processing file /opt/airflow/dags/dag_suivi.py for tasks to queue
[2026-06-19T14:59:07.026+0000] {logging_mixin.py:151} INFO - [2026-06-19T14:59:07.026+0000] {dagbag.py:536} INFO - Filling up the DagBag from /opt/airflow/dags/dag_suivi.py
[2026-06-19T14:59:07.042+0000] {processor.py:839} INFO - DAG(s) dict_keys(['pipeline_ingestion_suivi']) retrieved from /opt/airflow/dags/dag_suivi.py
[2026-06-19T14:59:07.068+0000] {logging_mixin.py:151} INFO - [2026-06-19T14:59:07.068+0000] {dag.py:2941} INFO - Sync 1 DAGs
[2026-06-19T14:59:07.085+0000] {logging_mixin.py:151} INFO - [2026-06-19T14:59:07.085+0000] {dag.py:3722} INFO - Setting next_dagrun for pipeline_ingestion_suivi to 2026-06-19T13:00:00+00:00, run_after=2026-06-19T14:00:00+00:00
[2026-06-19T14:59:07.103+0000] {processor.py:179} INFO - Processing /opt/airflow/dags/dag_suivi.py took 0.082 seconds
[2026-06-19T14:59:37.324+0000] {processor.py:157} INFO - Started process (PID=1350) to work on /opt/airflow/dags/dag_suivi.py
[2026-06-19T14:59:37.325+0000] {processor.py:829} INFO - Processing file /opt/airflow/dags/dag_suivi.py for tasks to queue
[2026-06-19T14:59:37.326+0000] {logging_mixin.py:151} INFO - [2026-06-19T14:59:37.326+0000] {dagbag.py:536} INFO - Filling up the DagBag from /opt/airflow/dags/dag_suivi.py
[2026-06-19T14:59:37.345+0000] {processor.py:839} INFO - DAG(s) dict_keys(['pipeline_ingestion_suivi']) retrieved from /opt/airflow/dags/dag_suivi.py
[2026-06-19T14:59:37.369+0000] {logging_mixin.py:151} INFO - [2026-06-19T14:59:37.369+0000] {dag.py:2941} INFO - Sync 1 DAGs
[2026-06-19T14:59:37.387+0000] {logging_mixin.py:151} INFO - [2026-06-19T14:59:37.387+0000] {dag.py:3722} INFO - Setting next_dagrun for pipeline_ingestion_suivi to 2026-06-19T13:00:00+00:00, run_after=2026-06-19T14:00:00+00:00
[2026-06-19T14:59:37.405+0000] {processor.py:179} INFO - Processing /opt/airflow/dags/dag_suivi.py took 0.083 seconds
[2026-06-19T15:00:07.570+0000] {processor.py:157} INFO - Started process (PID=1355) to work on /opt/airflow/dags/dag_suivi.py
[2026-06-19T15:00:07.571+0000] {processor.py:829} INFO - Processing file /opt/airflow/dags/dag_suivi.py for tasks to queue
[2026-06-19T15:00:07.571+0000] {logging_mixin.py:151} INFO - [2026-06-19T15:00:07.571+0000] {dagbag.py:536} INFO - Filling up the DagBag from /opt/airflow/dags/dag_suivi.py
[2026-06-19T15:00:07.588+0000] {processor.py:839} INFO - DAG(s) dict_keys(['pipeline_ingestion_suivi']) retrieved from /opt/airflow/dags/dag_suivi.py
[2026-06-19T15:00:07.612+0000] {logging_mixin.py:151} INFO - [2026-06-19T15:00:07.612+0000] {dag.py:2941} INFO - Sync 1 DAGs
[2026-06-19T15:00:07.630+0000] {logging_mixin.py:151} INFO - [2026-06-19T15:00:07.630+0000] {dag.py:3722} INFO - Setting next_dagrun for pipeline_ingestion_suivi to 2026-06-19T14:00:00+00:00, run_after=2026-06-19T15:00:00+00:00
[2026-06-19T15:00:07.697+0000] {processor.py:179} INFO - Processing /opt/airflow/dags/dag_suivi.py took 0.131 seconds
[2026-06-19T15:00:37.862+0000] {processor.py:157} INFO - Started process (PID=1360) to work on /opt/airflow/dags/dag_suivi.py
[2026-06-19T15:00:37.863+0000] {processor.py:829} INFO - Processing file /opt/airflow/dags/dag_suivi.py for tasks to queue
[2026-06-19T15:00:37.864+0000] {logging_mixin.py:151} INFO - [2026-06-19T15:00:37.863+0000] {dagbag.py:536} INFO - Filling up the DagBag from /opt/airflow/dags/dag_suivi.py
[2026-06-19T15:00:37.880+0000] {processor.py:839} INFO - DAG(s) dict_keys(['pipeline_ingestion_suivi']) retrieved from /opt/airflow/dags/dag_suivi.py
[2026-06-19T15:00:37.902+0000] {logging_mixin.py:151} INFO - [2026-06-19T15:00:37.902+0000] {dag.py:2941} INFO - Sync 1 DAGs
[2026-06-19T15:00:37.919+0000] {logging_mixin.py:151} INFO - [2026-06-19T15:00:37.919+0000] {dag.py:3722} INFO - Setting next_dagrun for pipeline_ingestion_suivi to 2026-06-19T14:00:00+00:00, run_after=2026-06-19T15:00:00+00:00
[2026-06-19T15:00:37.947+0000] {processor.py:179} INFO - Processing /opt/airflow/dags/dag_suivi.py took 0.090 seconds
[2026-06-19T15:01:08.198+0000] {processor.py:157} INFO - Started process (PID=1365) to work on /opt/airflow/dags/dag_suivi.py
[2026-06-19T15:01:08.199+0000] {processor.py:829} INFO - Processing file /opt/airflow/dags/dag_suivi.py for tasks to queue
[2026-06-19T15:01:08.199+0000] {logging_mixin.py:151} INFO - [2026-06-19T15:01:08.199+0000] {dagbag.py:536} INFO - Filling up the DagBag from /opt/airflow/dags/dag_suivi.py
[2026-06-19T15:01:08.216+0000] {processor.py:839} INFO - DAG(s) dict_keys(['pipeline_ingestion_suivi']) retrieved from /opt/airflow/dags/dag_suivi.py
[2026-06-19T15:01:08.240+0000] {logging_mixin.py:151} INFO - [2026-06-19T15:01:08.240+0000] {dag.py:2941} INFO - Sync 1 DAGs
[2026-06-19T15:01:08.257+0000] {logging_mixin.py:151} INFO - [2026-06-19T15:01:08.256+0000] {dag.py:3722} INFO - Setting next_dagrun for pipeline_ingestion_suivi to 2026-06-19T14:00:00+00:00, run_after=2026-06-19T15:00:00+00:00
[2026-06-19T15:01:08.283+0000] {processor.py:179} INFO - Processing /opt/airflow/dags/dag_suivi.py took 0.087 seconds
[2026-06-19T15:01:38.477+0000] {processor.py:157} INFO - Started process (PID=1370) to work on /opt/airflow/dags/dag_suivi.py
[2026-06-19T15:01:38.478+0000] {processor.py:829} INFO - Processing file /opt/airflow/dags/dag_suivi.py for tasks to queue
[2026-06-19T15:01:38.478+0000] {logging_mixin.py:151} INFO - [2026-06-19T15:01:38.478+0000] {dagbag.py:536} INFO - Filling up the DagBag from /opt/airflow/dags/dag_suivi.py
[2026-06-19T15:01:38.494+0000] {processor.py:839} INFO - DAG(s) dict_keys(['pipeline_ingestion_suivi']) retrieved from /opt/airflow/dags/dag_suivi.py
[2026-06-19T15:01:38.522+0000] {logging_mixin.py:151} INFO - [2026-06-19T15:01:38.522+0000] {dag.py:2941} INFO - Sync 1 DAGs
[2026-06-19T15:01:38.543+0000] {logging_mixin.py:151} INFO - [2026-06-19T15:01:38.543+0000] {dag.py:3722} INFO - Setting next_dagrun for pipeline_ingestion_suivi to 2026-06-19T14:00:00+00:00, run_after=2026-06-19T15:00:00+00:00
[2026-06-19T15:01:38.572+0000] {processor.py:179} INFO - Processing /opt/airflow/dags/dag_suivi.py took 0.098 seconds
[2026-06-19T15:02:08.763+0000] {processor.py:157} INFO - Started process (PID=1375) to work on /opt/airflow/dags/dag_suivi.py
[2026-06-19T15:02:08.763+0000] {processor.py:829} INFO - Processing file /opt/airflow/dags/dag_suivi.py for tasks to queue
[2026-06-19T15:02:08.764+0000] {logging_mixin.py:151} INFO - [2026-06-19T15:02:08.764+0000] {dagbag.py:536} INFO - Filling up the DagBag from /opt/airflow/dags/dag_suivi.py
[2026-06-19T15:02:08.779+0000] {processor.py:839} INFO - DAG(s) dict_keys(['pipeline_ingestion_suivi']) retrieved from /opt/airflow/dags/dag_suivi.py
[2026-06-19T15:02:08.803+0000] {logging_mixin.py:151} INFO - [2026-06-19T15:02:08.803+0000] {dag.py:2941} INFO - Sync 1 DAGs
[2026-06-19T15:02:08.821+0000] {logging_mixin.py:151} INFO - [2026-06-19T15:02:08.821+0000] {dag.py:3722} INFO - Setting next_dagrun for pipeline_ingestion_suivi to 2026-06-19T14:00:00+00:00, run_after=2026-06-19T15:00:00+00:00
[2026-06-19T15:02:08.839+0000] {processor.py:179} INFO - Processing /opt/airflow/dags/dag_suivi.py took 0.079 seconds
[2026-06-19T15:02:39.064+0000] {processor.py:157} INFO - Started process (PID=1380) to work on /opt/airflow/dags/dag_suivi.py
[2026-06-19T15:02:39.064+0000] {processor.py:829} INFO - Processing file /opt/airflow/dags/dag_suivi.py for tasks to queue
[2026-06-19T15:02:39.065+0000] {logging_mixin.py:151} INFO - [2026-06-19T15:02:39.065+0000] {dagbag.py:536} INFO - Filling up the DagBag from /opt/airflow/dags/dag_suivi.py
[2026-06-19T15:02:39.081+0000] {processor.py:839} INFO - DAG(s) dict_keys(['pipeline_ingestion_suivi']) retrieved from /opt/airflow/dags/dag_suivi.py
[2026-06-19T15:02:39.102+0000] {logging_mixin.py:151} INFO - [2026-06-19T15:02:39.101+0000] {dag.py:2941} INFO - Sync 1 DAGs
[2026-06-19T15:02:39.120+0000] {logging_mixin.py:151} INFO - [2026-06-19T15:02:39.120+0000] {dag.py:3722} INFO - Setting next_dagrun for pipeline_ingestion_suivi to 2026-06-19T14:00:00+00:00, run_after=2026-06-19T15:00:00+00:00
[2026-06-19T15:02:39.149+0000] {processor.py:179} INFO - Processing /opt/airflow/dags/dag_suivi.py took 0.088 seconds
[2026-06-19T15:03:09.327+0000] {processor.py:157} INFO - Started process (PID=1385) to work on /opt/airflow/dags/dag_suivi.py
[2026-06-19T15:03:09.328+0000] {processor.py:829} INFO - Processing file /opt/airflow/dags/dag_suivi.py for tasks to queue
[2026-06-19T15:03:09.329+0000] {logging_mixin.py:151} INFO - [2026-06-19T15:03:09.329+0000] {dagbag.py:536} INFO - Filling up the DagBag from /opt/airflow/dags/dag_suivi.py
[2026-06-19T15:03:09.345+0000] {processor.py:839} INFO - DAG(s) dict_keys(['pipeline_ingestion_suivi']) retrieved from /opt/airflow/dags/dag_suivi.py
[2026-06-19T15:03:09.373+0000] {logging_mixin.py:151} INFO - [2026-06-19T15:03:09.373+0000] {dag.py:2941} INFO - Sync 1 DAGs
[2026-06-19T15:03:09.393+0000] {logging_mixin.py:151} INFO - [2026-06-19T15:03:09.393+0000] {dag.py:3722} INFO - Setting next_dagrun for pipeline_ingestion_suivi to 2026-06-19T14:00:00+00:00, run_after=2026-06-19T15:00:00+00:00
[2026-06-19T15:03:09.411+0000] {processor.py:179} INFO - Processing /opt/airflow/dags/dag_suivi.py took 0.087 seconds
[2026-06-19T15:03:39.625+0000] {processor.py:157} INFO - Started process (PID=1390) to work on /opt/airflow/dags/dag_suivi.py
[2026-06-19T15:03:39.626+0000] {processor.py:829} INFO - Processing file /opt/airflow/dags/dag_suivi.py for tasks to queue
[2026-06-19T15:03:39.626+0000] {logging_mixin.py:151} INFO - [2026-06-19T15:03:39.626+0000] {dagbag.py:536} INFO - Filling up the DagBag from /opt/airflow/dags/dag_suivi.py
[2026-06-19T15:03:39.644+0000] {processor.py:839} INFO - DAG(s) dict_keys(['pipeline_ingestion_suivi']) retrieved from /opt/airflow/dags/dag_suivi.py
[2026-06-19T15:03:39.668+0000] {logging_mixin.py:151} INFO - [2026-06-19T15:03:39.668+0000] {dag.py:2941} INFO - Sync 1 DAGs
[2026-06-19T15:03:39.686+0000] {logging_mixin.py:151} INFO - [2026-06-19T15:03:39.685+0000] {dag.py:3722} INFO - Setting next_dagrun for pipeline_ingestion_suivi to 2026-06-19T14:00:00+00:00, run_after=2026-06-19T15:00:00+00:00
[2026-06-19T15:03:39.713+0000] {processor.py:179} INFO - Processing /opt/airflow/dags/dag_suivi.py took 0.091 seconds
[2026-06-19T15:04:09.875+0000] {processor.py:157} INFO - Started process (PID=1395) to work on /opt/airflow/dags/dag_suivi.py
[2026-06-19T15:04:09.875+0000] {processor.py:829} INFO - Processing file /opt/airflow/dags/dag_suivi.py for tasks to queue
[2026-06-19T15:04:09.876+0000] {logging_mixin.py:151} INFO - [2026-06-19T15:04:09.876+0000] {dagbag.py:536} INFO - Filling up the DagBag from /opt/airflow/dags/dag_suivi.py
[2026-06-19T15:04:09.898+0000] {processor.py:839} INFO - DAG(s) dict_keys(['pipeline_ingestion_suivi']) retrieved from /opt/airflow/dags/dag_suivi.py
[2026-06-19T15:04:09.932+0000] {logging_mixin.py:151} INFO - [2026-06-19T15:04:09.931+0000] {dag.py:2941} INFO - Sync 1 DAGs
[2026-06-19T15:04:09.960+0000] {logging_mixin.py:151} INFO - [2026-06-19T15:04:09.960+0000] {dag.py:3722} INFO - Setting next_dagrun for pipeline_ingestion_suivi to 2026-06-19T14:00:00+00:00, run_after=2026-06-19T15:00:00+00:00
[2026-06-19T15:04:09.993+0000] {processor.py:179} INFO - Processing /opt/airflow/dags/dag_suivi.py took 0.121 seconds
[2026-06-19T15:04:40.211+0000] {processor.py:157} INFO - Started process (PID=1400) to work on /opt/airflow/dags/dag_suivi.py
[2026-06-19T15:04:40.212+0000] {processor.py:829} INFO - Processing file /opt/airflow/dags/dag_suivi.py for tasks to queue
[2026-06-19T15:04:40.213+0000] {logging_mixin.py:151} INFO - [2026-06-19T15:04:40.212+0000] {dagbag.py:536} INFO - Filling up the DagBag from /opt/airflow/dags/dag_suivi.py
[2026-06-19T15:04:40.231+0000] {processor.py:839} INFO - DAG(s) dict_keys(['pipeline_ingestion_suivi']) retrieved from /opt/airflow/dags/dag_suivi.py
[2026-06-19T15:04:40.256+0000] {logging_mixin.py:151} INFO - [2026-06-19T15:04:40.256+0000] {dag.py:2941} INFO - Sync 1 DAGs
[2026-06-19T15:04:40.274+0000] {logging_mixin.py:151} INFO - [2026-06-19T15:04:40.274+0000] {dag.py:3722} INFO - Setting next_dagrun for pipeline_ingestion_suivi to 2026-06-19T14:00:00+00:00, run_after=2026-06-19T15:00:00+00:00
[2026-06-19T15:04:40.307+0000] {processor.py:179} INFO - Processing /opt/airflow/dags/dag_suivi.py took 0.099 seconds
[2026-06-19T15:05:10.496+0000] {processor.py:157} INFO - Started process (PID=1405) to work on /opt/airflow/dags/dag_suivi.py
[2026-06-19T15:05:10.497+0000] {processor.py:829} INFO - Processing file /opt/airflow/dags/dag_suivi.py for tasks to queue
[2026-06-19T15:05:10.498+0000] {logging_mixin.py:151} INFO - [2026-06-19T15:05:10.498+0000] {dagbag.py:536} INFO - Filling up the DagBag from /opt/airflow/dags/dag_suivi.py
[2026-06-19T15:05:10.517+0000] {processor.py:839} INFO - DAG(s) dict_keys(['pipeline_ingestion_suivi']) retrieved from /opt/airflow/dags/dag_suivi.py
[2026-06-19T15:05:10.540+0000] {logging_mixin.py:151} INFO - [2026-06-19T15:05:10.540+0000] {dag.py:2941} INFO - Sync 1 DAGs
[2026-06-19T15:05:10.558+0000] {logging_mixin.py:151} INFO - [2026-06-19T15:05:10.558+0000] {dag.py:3722} INFO - Setting next_dagrun for pipeline_ingestion_suivi to 2026-06-19T14:00:00+00:00, run_after=2026-06-19T15:00:00+00:00
[2026-06-19T15:05:10.575+0000] {processor.py:179} INFO - Processing /opt/airflow/dags/dag_suivi.py took 0.082 seconds
[2026-06-19T15:05:40.744+0000] {processor.py:157} INFO - Started process (PID=1410) to work on /opt/airflow/dags/dag_suivi.py
[2026-06-19T15:05:40.745+0000] {processor.py:829} INFO - Processing file /opt/airflow/dags/dag_suivi.py for tasks to queue
[2026-06-19T15:05:40.746+0000] {logging_mixin.py:151} INFO - [2026-06-19T15:05:40.746+0000] {dagbag.py:536} INFO - Filling up the DagBag from /opt/airflow/dags/dag_suivi.py
[2026-06-19T15:05:40.765+0000] {processor.py:839} INFO - DAG(s) dict_keys(['pipeline_ingestion_suivi']) retrieved from /opt/airflow/dags/dag_suivi.py
[2026-06-19T15:05:40.793+0000] {logging_mixin.py:151} INFO - [2026-06-19T15:05:40.792+0000] {dag.py:2941} INFO - Sync 1 DAGs
[2026-06-19T15:05:40.812+0000] {logging_mixin.py:151} INFO - [2026-06-19T15:05:40.812+0000] {dag.py:3722} INFO - Setting next_dagrun for pipeline_ingestion_suivi to 2026-06-19T14:00:00+00:00, run_after=2026-06-19T15:00:00+00:00
[2026-06-19T15:05:40.831+0000] {processor.py:179} INFO - Processing /opt/airflow/dags/dag_suivi.py took 0.090 seconds
[2026-06-19T15:06:11.002+0000] {processor.py:157} INFO - Started process (PID=1415) to work on /opt/airflow/dags/dag_suivi.py
[2026-06-19T15:06:11.002+0000] {processor.py:829} INFO - Processing file /opt/airflow/dags/dag_suivi.py for tasks to queue
[2026-06-19T15:06:11.003+0000] {logging_mixin.py:151} INFO - [2026-06-19T15:06:11.003+0000] {dagbag.py:536} INFO - Filling up the DagBag from /opt/airflow/dags/dag_suivi.py
[2026-06-19T15:06:11.024+0000] {processor.py:839} INFO - DAG(s) dict_keys(['pipeline_ingestion_suivi']) retrieved from /opt/airflow/dags/dag_suivi.py
[2026-06-19T15:06:11.058+0000] {logging_mixin.py:151} INFO - [2026-06-19T15:06:11.058+0000] {dag.py:2941} INFO - Sync 1 DAGs
[2026-06-19T15:06:11.084+0000] {logging_mixin.py:151} INFO - [2026-06-19T15:06:11.084+0000] {dag.py:3722} INFO - Setting next_dagrun for pipeline_ingestion_suivi to 2026-06-19T14:00:00+00:00, run_after=2026-06-19T15:00:00+00:00
[2026-06-19T15:06:11.116+0000] {processor.py:179} INFO - Processing /opt/airflow/dags/dag_suivi.py took 0.117 seconds
[2026-06-19T15:06:41.246+0000] {processor.py:157} INFO - Started process (PID=1420) to work on /opt/airflow/dags/dag_suivi.py
[2026-06-19T15:06:41.247+0000] {processor.py:829} INFO - Processing file /opt/airflow/dags/dag_suivi.py for tasks to queue
[2026-06-19T15:06:41.248+0000] {logging_mixin.py:151} INFO - [2026-06-19T15:06:41.248+0000] {dagbag.py:536} INFO - Filling up the DagBag from /opt/airflow/dags/dag_suivi.py
[2026-06-19T15:06:41.276+0000] {processor.py:839} INFO - DAG(s) dict_keys(['pipeline_ingestion_suivi']) retrieved from /opt/airflow/dags/dag_suivi.py
[2026-06-19T15:06:41.308+0000] {logging_mixin.py:151} INFO - [2026-06-19T15:06:41.307+0000] {dag.py:2941} INFO - Sync 1 DAGs
[2026-06-19T15:06:41.329+0000] {logging_mixin.py:151} INFO - [2026-06-19T15:06:41.329+0000] {dag.py:3722} INFO - Setting next_dagrun for pipeline_ingestion_suivi to 2026-06-19T14:00:00+00:00, run_after=2026-06-19T15:00:00+00:00
[2026-06-19T15:06:41.349+0000] {processor.py:179} INFO - Processing /opt/airflow/dags/dag_suivi.py took 0.108 seconds
[2026-06-19T15:07:11.490+0000] {processor.py:157} INFO - Started process (PID=1425) to work on /opt/airflow/dags/dag_suivi.py
[2026-06-19T15:07:11.491+0000] {processor.py:829} INFO - Processing file /opt/airflow/dags/dag_suivi.py for tasks to queue
[2026-06-19T15:07:11.491+0000] {logging_mixin.py:151} INFO - [2026-06-19T15:07:11.491+0000] {dagbag.py:536} INFO - Filling up the DagBag from /opt/airflow/dags/dag_suivi.py
[2026-06-19T15:07:11.508+0000] {processor.py:839} INFO - DAG(s) dict_keys(['pipeline_ingestion_suivi']) retrieved from /opt/airflow/dags/dag_suivi.py
[2026-06-19T15:07:11.535+0000] {logging_mixin.py:151} INFO - [2026-06-19T15:07:11.535+0000] {dag.py:2941} INFO - Sync 1 DAGs
[2026-06-19T15:07:11.558+0000] {logging_mixin.py:151} INFO - [2026-06-19T15:07:11.558+0000] {dag.py:3722} INFO - Setting next_dagrun for pipeline_ingestion_suivi to 2026-06-19T14:00:00+00:00, run_after=2026-06-19T15:00:00+00:00
[2026-06-19T15:07:11.576+0000] {processor.py:179} INFO - Processing /opt/airflow/dags/dag_suivi.py took 0.089 seconds
[2026-06-19T15:07:41.747+0000] {processor.py:157} INFO - Started process (PID=1430) to work on /opt/airflow/dags/dag_suivi.py
[2026-06-19T15:07:41.748+0000] {processor.py:829} INFO - Processing file /opt/airflow/dags/dag_suivi.py for tasks to queue
[2026-06-19T15:07:41.749+0000] {logging_mixin.py:151} INFO - [2026-06-19T15:07:41.748+0000] {dagbag.py:536} INFO - Filling up the DagBag from /opt/airflow/dags/dag_suivi.py
[2026-06-19T15:07:41.767+0000] {processor.py:839} INFO - DAG(s) dict_keys(['pipeline_ingestion_suivi']) retrieved from /opt/airflow/dags/dag_suivi.py
[2026-06-19T15:07:41.791+0000] {logging_mixin.py:151} INFO - [2026-06-19T15:07:41.790+0000] {dag.py:2941} INFO - Sync 1 DAGs
[2026-06-19T15:07:41.808+0000] {logging_mixin.py:151} INFO - [2026-06-19T15:07:41.807+0000] {dag.py:3722} INFO - Setting next_dagrun for pipeline_ingestion_suivi to 2026-06-19T14:00:00+00:00, run_after=2026-06-19T15:00:00+00:00
[2026-06-19T15:07:41.834+0000] {processor.py:179} INFO - Processing /opt/airflow/dags/dag_suivi.py took 0.090 seconds
[2026-06-19T15:08:11.971+0000] {processor.py:157} INFO - Started process (PID=1435) to work on /opt/airflow/dags/dag_suivi.py
[2026-06-19T15:08:11.972+0000] {processor.py:829} INFO - Processing file /opt/airflow/dags/dag_suivi.py for tasks to queue
[2026-06-19T15:08:11.973+0000] {logging_mixin.py:151} INFO - [2026-06-19T15:08:11.972+0000] {dagbag.py:536} INFO - Filling up the DagBag from /opt/airflow/dags/dag_suivi.py
[2026-06-19T15:08:11.989+0000] {processor.py:839} INFO - DAG(s) dict_keys(['pipeline_ingestion_suivi']) retrieved from /opt/airflow/dags/dag_suivi.py
[2026-06-19T15:08:12.014+0000] {logging_mixin.py:151} INFO - [2026-06-19T15:08:12.014+0000] {dag.py:2941} INFO - Sync 1 DAGs
[2026-06-19T15:08:12.031+0000] {logging_mixin.py:151} INFO - [2026-06-19T15:08:12.031+0000] {dag.py:3722} INFO - Setting next_dagrun for pipeline_ingestion_suivi to 2026-06-19T14:00:00+00:00, run_after=2026-06-19T15:00:00+00:00
[2026-06-19T15:08:12.050+0000] {processor.py:179} INFO - Processing /opt/airflow/dags/dag_suivi.py took 0.082 seconds
[2026-06-19T15:08:42.249+0000] {processor.py:157} INFO - Started process (PID=1440) to work on /opt/airflow/dags/dag_suivi.py
[2026-06-19T15:08:42.250+0000] {processor.py:829} INFO - Processing file /opt/airflow/dags/dag_suivi.py for tasks to queue
[2026-06-19T15:08:42.251+0000] {logging_mixin.py:151} INFO - [2026-06-19T15:08:42.251+0000] {dagbag.py:536} INFO - Filling up the DagBag from /opt/airflow/dags/dag_suivi.py
[2026-06-19T15:08:42.269+0000] {processor.py:839} INFO - DAG(s) dict_keys(['pipeline_ingestion_suivi']) retrieved from /opt/airflow/dags/dag_suivi.py
[2026-06-19T15:08:42.292+0000] {logging_mixin.py:151} INFO - [2026-06-19T15:08:42.292+0000] {dag.py:2941} INFO - Sync 1 DAGs
[2026-06-19T15:08:42.311+0000] {logging_mixin.py:151} INFO - [2026-06-19T15:08:42.311+0000] {dag.py:3722} INFO - Setting next_dagrun for pipeline_ingestion_suivi to 2026-06-19T14:00:00+00:00, run_after=2026-06-19T15:00:00+00:00
[2026-06-19T15:08:42.338+0000] {processor.py:179} INFO - Processing /opt/airflow/dags/dag_suivi.py took 0.092 seconds
[2026-06-19T15:09:12.503+0000] {processor.py:157} INFO - Started process (PID=1445) to work on /opt/airflow/dags/dag_suivi.py
[2026-06-19T15:09:12.504+0000] {processor.py:829} INFO - Processing file /opt/airflow/dags/dag_suivi.py for tasks to queue
[2026-06-19T15:09:12.506+0000] {logging_mixin.py:151} INFO - [2026-06-19T15:09:12.505+0000] {dagbag.py:536} INFO - Filling up the DagBag from /opt/airflow/dags/dag_suivi.py
[2026-06-19T15:09:12.534+0000] {processor.py:839} INFO - DAG(s) dict_keys(['pipeline_ingestion_suivi']) retrieved from /opt/airflow/dags/dag_suivi.py
[2026-06-19T15:09:12.561+0000] {logging_mixin.py:151} INFO - [2026-06-19T15:09:12.561+0000] {dag.py:2941} INFO - Sync 1 DAGs
[2026-06-19T15:09:12.579+0000] {logging_mixin.py:151} INFO - [2026-06-19T15:09:12.579+0000] {dag.py:3722} INFO - Setting next_dagrun for pipeline_ingestion_suivi to 2026-06-19T14:00:00+00:00, run_after=2026-06-19T15:00:00+00:00
[2026-06-19T15:09:12.598+0000] {processor.py:179} INFO - Processing /opt/airflow/dags/dag_suivi.py took 0.102 seconds
[2026-06-19T15:09:42.746+0000] {processor.py:157} INFO - Started process (PID=1450) to work on /opt/airflow/dags/dag_suivi.py
[2026-06-19T15:09:42.748+0000] {processor.py:829} INFO - Processing file /opt/airflow/dags/dag_suivi.py for tasks to queue
[2026-06-19T15:09:42.749+0000] {logging_mixin.py:151} INFO - [2026-06-19T15:09:42.749+0000] {dagbag.py:536} INFO - Filling up the DagBag from /opt/airflow/dags/dag_suivi.py
[2026-06-19T15:09:42.770+0000] {processor.py:839} INFO - DAG(s) dict_keys(['pipeline_ingestion_suivi']) retrieved from /opt/airflow/dags/dag_suivi.py
[2026-06-19T15:09:42.793+0000] {logging_mixin.py:151} INFO - [2026-06-19T15:09:42.793+0000] {dag.py:2941} INFO - Sync 1 DAGs
[2026-06-19T15:09:42.809+0000] {logging_mixin.py:151} INFO - [2026-06-19T15:09:42.809+0000] {dag.py:3722} INFO - Setting next_dagrun for pipeline_ingestion_suivi to 2026-06-19T14:00:00+00:00, run_after=2026-06-19T15:00:00+00:00
[2026-06-19T15:09:42.836+0000] {processor.py:179} INFO - Processing /opt/airflow/dags/dag_suivi.py took 0.093 seconds
[2026-06-19T15:10:12.960+0000] {processor.py:157} INFO - Started process (PID=1455) to work on /opt/airflow/dags/dag_suivi.py
[2026-06-19T15:10:12.961+0000] {processor.py:829} INFO - Processing file /opt/airflow/dags/dag_suivi.py for tasks to queue
[2026-06-19T15:10:12.961+0000] {logging_mixin.py:151} INFO - [2026-06-19T15:10:12.961+0000] {dagbag.py:536} INFO - Filling up the DagBag from /opt/airflow/dags/dag_suivi.py
[2026-06-19T15:10:12.981+0000] {processor.py:839} INFO - DAG(s) dict_keys(['pipeline_ingestion_suivi']) retrieved from /opt/airflow/dags/dag_suivi.py
[2026-06-19T15:10:13.005+0000] {logging_mixin.py:151} INFO - [2026-06-19T15:10:13.005+0000] {dag.py:2941} INFO - Sync 1 DAGs
[2026-06-19T15:10:13.022+0000] {logging_mixin.py:151} INFO - [2026-06-19T15:10:13.021+0000] {dag.py:3722} INFO - Setting next_dagrun for pipeline_ingestion_suivi to 2026-06-19T14:00:00+00:00, run_after=2026-06-19T15:00:00+00:00
[2026-06-19T15:10:13.040+0000] {processor.py:179} INFO - Processing /opt/airflow/dags/dag_suivi.py took 0.083 seconds
[2026-06-19T15:10:43.234+0000] {processor.py:157} INFO - Started process (PID=1460) to work on /opt/airflow/dags/dag_suivi.py
[2026-06-19T15:10:43.235+0000] {processor.py:829} INFO - Processing file /opt/airflow/dags/dag_suivi.py for tasks to queue
[2026-06-19T15:10:43.236+0000] {logging_mixin.py:151} INFO - [2026-06-19T15:10:43.236+0000] {dagbag.py:536} INFO - Filling up the DagBag from /opt/airflow/dags/dag_suivi.py
[2026-06-19T15:10:43.259+0000] {processor.py:839} INFO - DAG(s) dict_keys(['pipeline_ingestion_suivi']) retrieved from /opt/airflow/dags/dag_suivi.py
[2026-06-19T15:10:43.298+0000] {logging_mixin.py:151} INFO - [2026-06-19T15:10:43.298+0000] {dag.py:2941} INFO - Sync 1 DAGs
[2026-06-19T15:10:43.323+0000] {logging_mixin.py:151} INFO - [2026-06-19T15:10:43.323+0000] {dag.py:3722} INFO - Setting next_dagrun for pipeline_ingestion_suivi to 2026-06-19T14:00:00+00:00, run_after=2026-06-19T15:00:00+00:00
[2026-06-19T15:10:43.348+0000] {processor.py:179} INFO - Processing /opt/airflow/dags/dag_suivi.py took 0.116 seconds
[2026-06-19T15:11:13.471+0000] {processor.py:157} INFO - Started process (PID=1465) to work on /opt/airflow/dags/dag_suivi.py
[2026-06-19T15:11:13.472+0000] {processor.py:829} INFO - Processing file /opt/airflow/dags/dag_suivi.py for tasks to queue
[2026-06-19T15:11:13.473+0000] {logging_mixin.py:151} INFO - [2026-06-19T15:11:13.473+0000] {dagbag.py:536} INFO - Filling up the DagBag from /opt/airflow/dags/dag_suivi.py
[2026-06-19T15:11:13.495+0000] {processor.py:839} INFO - DAG(s) dict_keys(['pipeline_ingestion_suivi']) retrieved from /opt/airflow/dags/dag_suivi.py
[2026-06-19T15:11:13.530+0000] {logging_mixin.py:151} INFO - [2026-06-19T15:11:13.529+0000] {dag.py:2941} INFO - Sync 1 DAGs
[2026-06-19T15:11:13.552+0000] {logging_mixin.py:151} INFO - [2026-06-19T15:11:13.551+0000] {dag.py:3722} INFO - Setting next_dagrun for pipeline_ingestion_suivi to 2026-06-19T14:00:00+00:00, run_after=2026-06-19T15:00:00+00:00
[2026-06-19T15:11:13.572+0000] {processor.py:179} INFO - Processing /opt/airflow/dags/dag_suivi.py took 0.105 seconds
