[2026-07-05T00:09:52.466+0000] {processor.py:157} INFO - Started process (PID=316) to work on /opt/airflow/dags/dag_suivi.py
[2026-07-05T00:09:52.486+0000] {processor.py:829} INFO - Processing file /opt/airflow/dags/dag_suivi.py for tasks to queue
[2026-07-05T00:09:52.500+0000] {logging_mixin.py:151} INFO - [2026-07-05T00:09:52.499+0000] {dagbag.py:536} INFO - Filling up the DagBag from /opt/airflow/dags/dag_suivi.py
[2026-07-05T00:09:52.747+0000] {processor.py:839} INFO - DAG(s) dict_keys(['pipeline_ingestion_suivi']) retrieved from /opt/airflow/dags/dag_suivi.py
[2026-07-05T00:09:52.851+0000] {logging_mixin.py:151} INFO - [2026-07-05T00:09:52.851+0000] {dag.py:2941} INFO - Sync 1 DAGs
[2026-07-05T00:09:52.977+0000] {logging_mixin.py:151} INFO - [2026-07-05T00:09:52.977+0000] {dag.py:3722} INFO - Setting next_dagrun for pipeline_ingestion_suivi to 2026-07-04T23:00:00+00:00, run_after=2026-07-05T00:00:00+00:00
[2026-07-05T00:09:53.087+0000] {processor.py:179} INFO - Processing /opt/airflow/dags/dag_suivi.py took 0.630 seconds
[2026-07-05T00:10:24.004+0000] {processor.py:157} INFO - Started process (PID=321) to work on /opt/airflow/dags/dag_suivi.py
[2026-07-05T00:10:24.007+0000] {processor.py:829} INFO - Processing file /opt/airflow/dags/dag_suivi.py for tasks to queue
[2026-07-05T00:10:24.019+0000] {logging_mixin.py:151} INFO - [2026-07-05T00:10:24.018+0000] {dagbag.py:536} INFO - Filling up the DagBag from /opt/airflow/dags/dag_suivi.py
[2026-07-05T00:10:24.150+0000] {processor.py:839} INFO - DAG(s) dict_keys(['pipeline_ingestion_suivi']) retrieved from /opt/airflow/dags/dag_suivi.py
[2026-07-05T00:10:24.334+0000] {logging_mixin.py:151} INFO - [2026-07-05T00:10:24.333+0000] {dag.py:2941} INFO - Sync 1 DAGs
[2026-07-05T00:10:24.498+0000] {logging_mixin.py:151} INFO - [2026-07-05T00:10:24.497+0000] {dag.py:3722} INFO - Setting next_dagrun for pipeline_ingestion_suivi to 2026-07-04T23:00:00+00:00, run_after=2026-07-05T00:00:00+00:00
[2026-07-05T00:10:24.614+0000] {processor.py:179} INFO - Processing /opt/airflow/dags/dag_suivi.py took 0.635 seconds
[2026-07-05T00:10:55.079+0000] {processor.py:157} INFO - Started process (PID=326) to work on /opt/airflow/dags/dag_suivi.py
[2026-07-05T00:10:55.082+0000] {processor.py:829} INFO - Processing file /opt/airflow/dags/dag_suivi.py for tasks to queue
[2026-07-05T00:10:55.086+0000] {logging_mixin.py:151} INFO - [2026-07-05T00:10:55.085+0000] {dagbag.py:536} INFO - Filling up the DagBag from /opt/airflow/dags/dag_suivi.py
[2026-07-05T00:10:55.174+0000] {processor.py:839} INFO - DAG(s) dict_keys(['pipeline_ingestion_suivi']) retrieved from /opt/airflow/dags/dag_suivi.py
[2026-07-05T00:10:55.312+0000] {logging_mixin.py:151} INFO - [2026-07-05T00:10:55.312+0000] {dag.py:2941} INFO - Sync 1 DAGs
[2026-07-05T00:10:55.426+0000] {logging_mixin.py:151} INFO - [2026-07-05T00:10:55.425+0000] {dag.py:3722} INFO - Setting next_dagrun for pipeline_ingestion_suivi to 2026-07-04T23:00:00+00:00, run_after=2026-07-05T00:00:00+00:00
[2026-07-05T00:10:55.492+0000] {processor.py:179} INFO - Processing /opt/airflow/dags/dag_suivi.py took 0.426 seconds
[2026-07-05T00:11:25.820+0000] {processor.py:157} INFO - Started process (PID=331) to work on /opt/airflow/dags/dag_suivi.py
[2026-07-05T00:11:25.822+0000] {processor.py:829} INFO - Processing file /opt/airflow/dags/dag_suivi.py for tasks to queue
[2026-07-05T00:11:25.825+0000] {logging_mixin.py:151} INFO - [2026-07-05T00:11:25.824+0000] {dagbag.py:536} INFO - Filling up the DagBag from /opt/airflow/dags/dag_suivi.py
[2026-07-05T00:11:25.879+0000] {processor.py:839} INFO - DAG(s) dict_keys(['pipeline_ingestion_suivi']) retrieved from /opt/airflow/dags/dag_suivi.py
[2026-07-05T00:11:25.927+0000] {logging_mixin.py:151} INFO - [2026-07-05T00:11:25.927+0000] {dag.py:2941} INFO - Sync 1 DAGs
[2026-07-05T00:11:25.958+0000] {logging_mixin.py:151} INFO - [2026-07-05T00:11:25.958+0000] {dag.py:3722} INFO - Setting next_dagrun for pipeline_ingestion_suivi to 2026-07-04T23:00:00+00:00, run_after=2026-07-05T00:00:00+00:00
[2026-07-05T00:11:25.993+0000] {processor.py:179} INFO - Processing /opt/airflow/dags/dag_suivi.py took 0.179 seconds
[2026-07-05T00:11:56.089+0000] {processor.py:157} INFO - Started process (PID=336) to work on /opt/airflow/dags/dag_suivi.py
[2026-07-05T00:11:56.091+0000] {processor.py:829} INFO - Processing file /opt/airflow/dags/dag_suivi.py for tasks to queue
[2026-07-05T00:11:56.094+0000] {logging_mixin.py:151} INFO - [2026-07-05T00:11:56.093+0000] {dagbag.py:536} INFO - Filling up the DagBag from /opt/airflow/dags/dag_suivi.py
[2026-07-05T00:11:56.168+0000] {processor.py:839} INFO - DAG(s) dict_keys(['pipeline_ingestion_suivi']) retrieved from /opt/airflow/dags/dag_suivi.py
[2026-07-05T00:11:56.239+0000] {logging_mixin.py:151} INFO - [2026-07-05T00:11:56.238+0000] {dag.py:2941} INFO - Sync 1 DAGs
[2026-07-05T00:11:56.296+0000] {logging_mixin.py:151} INFO - [2026-07-05T00:11:56.296+0000] {dag.py:3722} INFO - Setting next_dagrun for pipeline_ingestion_suivi to 2026-07-04T23:00:00+00:00, run_after=2026-07-05T00:00:00+00:00
[2026-07-05T00:11:56.330+0000] {processor.py:179} INFO - Processing /opt/airflow/dags/dag_suivi.py took 0.247 seconds
[2026-07-05T00:12:26.682+0000] {processor.py:157} INFO - Started process (PID=343) to work on /opt/airflow/dags/dag_suivi.py
[2026-07-05T00:12:26.684+0000] {processor.py:829} INFO - Processing file /opt/airflow/dags/dag_suivi.py for tasks to queue
[2026-07-05T00:12:26.685+0000] {logging_mixin.py:151} INFO - [2026-07-05T00:12:26.685+0000] {dagbag.py:536} INFO - Filling up the DagBag from /opt/airflow/dags/dag_suivi.py
[2026-07-05T00:12:26.741+0000] {processor.py:839} INFO - DAG(s) dict_keys(['pipeline_ingestion_suivi']) retrieved from /opt/airflow/dags/dag_suivi.py
[2026-07-05T00:12:26.822+0000] {logging_mixin.py:151} INFO - [2026-07-05T00:12:26.822+0000] {dag.py:2941} INFO - Sync 1 DAGs
[2026-07-05T00:12:26.869+0000] {logging_mixin.py:151} INFO - [2026-07-05T00:12:26.869+0000] {dag.py:3722} INFO - Setting next_dagrun for pipeline_ingestion_suivi to 2026-07-05T00:00:00+00:00, run_after=2026-07-05T01:00:00+00:00
[2026-07-05T00:12:26.907+0000] {processor.py:179} INFO - Processing /opt/airflow/dags/dag_suivi.py took 0.232 seconds
[2026-07-05T00:12:57.238+0000] {processor.py:157} INFO - Started process (PID=348) to work on /opt/airflow/dags/dag_suivi.py
[2026-07-05T00:12:57.240+0000] {processor.py:829} INFO - Processing file /opt/airflow/dags/dag_suivi.py for tasks to queue
[2026-07-05T00:12:57.243+0000] {logging_mixin.py:151} INFO - [2026-07-05T00:12:57.242+0000] {dagbag.py:536} INFO - Filling up the DagBag from /opt/airflow/dags/dag_suivi.py
[2026-07-05T00:12:57.293+0000] {processor.py:839} INFO - DAG(s) dict_keys(['pipeline_ingestion_suivi']) retrieved from /opt/airflow/dags/dag_suivi.py
[2026-07-05T00:12:57.344+0000] {logging_mixin.py:151} INFO - [2026-07-05T00:12:57.344+0000] {dag.py:2941} INFO - Sync 1 DAGs
[2026-07-05T00:12:57.381+0000] {logging_mixin.py:151} INFO - [2026-07-05T00:12:57.381+0000] {dag.py:3722} INFO - Setting next_dagrun for pipeline_ingestion_suivi to 2026-07-05T00:00:00+00:00, run_after=2026-07-05T01:00:00+00:00
[2026-07-05T00:12:57.420+0000] {processor.py:179} INFO - Processing /opt/airflow/dags/dag_suivi.py took 0.192 seconds
[2026-07-05T00:13:27.542+0000] {processor.py:157} INFO - Started process (PID=353) to work on /opt/airflow/dags/dag_suivi.py
[2026-07-05T00:13:27.545+0000] {processor.py:829} INFO - Processing file /opt/airflow/dags/dag_suivi.py for tasks to queue
[2026-07-05T00:13:27.547+0000] {logging_mixin.py:151} INFO - [2026-07-05T00:13:27.546+0000] {dagbag.py:536} INFO - Filling up the DagBag from /opt/airflow/dags/dag_suivi.py
[2026-07-05T00:13:27.587+0000] {processor.py:839} INFO - DAG(s) dict_keys(['pipeline_ingestion_suivi']) retrieved from /opt/airflow/dags/dag_suivi.py
[2026-07-05T00:13:27.636+0000] {logging_mixin.py:151} INFO - [2026-07-05T00:13:27.636+0000] {dag.py:2941} INFO - Sync 1 DAGs
[2026-07-05T00:13:27.672+0000] {logging_mixin.py:151} INFO - [2026-07-05T00:13:27.671+0000] {dag.py:3722} INFO - Setting next_dagrun for pipeline_ingestion_suivi to 2026-07-05T00:00:00+00:00, run_after=2026-07-05T01:00:00+00:00
[2026-07-05T00:13:27.704+0000] {processor.py:179} INFO - Processing /opt/airflow/dags/dag_suivi.py took 0.167 seconds
[2026-07-05T00:13:58.007+0000] {processor.py:157} INFO - Started process (PID=358) to work on /opt/airflow/dags/dag_suivi.py
[2026-07-05T00:13:58.008+0000] {processor.py:829} INFO - Processing file /opt/airflow/dags/dag_suivi.py for tasks to queue
[2026-07-05T00:13:58.011+0000] {logging_mixin.py:151} INFO - [2026-07-05T00:13:58.010+0000] {dagbag.py:536} INFO - Filling up the DagBag from /opt/airflow/dags/dag_suivi.py
[2026-07-05T00:13:58.058+0000] {processor.py:839} INFO - DAG(s) dict_keys(['pipeline_ingestion_suivi']) retrieved from /opt/airflow/dags/dag_suivi.py
[2026-07-05T00:13:58.102+0000] {logging_mixin.py:151} INFO - [2026-07-05T00:13:58.102+0000] {dag.py:2941} INFO - Sync 1 DAGs
[2026-07-05T00:13:58.149+0000] {logging_mixin.py:151} INFO - [2026-07-05T00:13:58.149+0000] {dag.py:3722} INFO - Setting next_dagrun for pipeline_ingestion_suivi to 2026-07-05T00:00:00+00:00, run_after=2026-07-05T01:00:00+00:00
[2026-07-05T00:13:58.189+0000] {processor.py:179} INFO - Processing /opt/airflow/dags/dag_suivi.py took 0.187 seconds
[2026-07-05T00:14:28.273+0000] {processor.py:157} INFO - Started process (PID=363) to work on /opt/airflow/dags/dag_suivi.py
[2026-07-05T00:14:28.274+0000] {processor.py:829} INFO - Processing file /opt/airflow/dags/dag_suivi.py for tasks to queue
[2026-07-05T00:14:28.275+0000] {logging_mixin.py:151} INFO - [2026-07-05T00:14:28.274+0000] {dagbag.py:536} INFO - Filling up the DagBag from /opt/airflow/dags/dag_suivi.py
[2026-07-05T00:14:28.306+0000] {processor.py:839} INFO - DAG(s) dict_keys(['pipeline_ingestion_suivi']) retrieved from /opt/airflow/dags/dag_suivi.py
[2026-07-05T00:14:28.357+0000] {logging_mixin.py:151} INFO - [2026-07-05T00:14:28.357+0000] {dag.py:2941} INFO - Sync 1 DAGs
[2026-07-05T00:14:28.382+0000] {logging_mixin.py:151} INFO - [2026-07-05T00:14:28.382+0000] {dag.py:3722} INFO - Setting next_dagrun for pipeline_ingestion_suivi to 2026-07-05T00:00:00+00:00, run_after=2026-07-05T01:00:00+00:00
[2026-07-05T00:14:28.409+0000] {processor.py:179} INFO - Processing /opt/airflow/dags/dag_suivi.py took 0.141 seconds
[2026-07-05T00:14:58.558+0000] {processor.py:157} INFO - Started process (PID=368) to work on /opt/airflow/dags/dag_suivi.py
[2026-07-05T00:14:58.559+0000] {processor.py:829} INFO - Processing file /opt/airflow/dags/dag_suivi.py for tasks to queue
[2026-07-05T00:14:58.560+0000] {logging_mixin.py:151} INFO - [2026-07-05T00:14:58.560+0000] {dagbag.py:536} INFO - Filling up the DagBag from /opt/airflow/dags/dag_suivi.py
[2026-07-05T00:14:58.586+0000] {processor.py:839} INFO - DAG(s) dict_keys(['pipeline_ingestion_suivi']) retrieved from /opt/airflow/dags/dag_suivi.py
[2026-07-05T00:14:58.633+0000] {logging_mixin.py:151} INFO - [2026-07-05T00:14:58.633+0000] {dag.py:2941} INFO - Sync 1 DAGs
[2026-07-05T00:14:58.660+0000] {logging_mixin.py:151} INFO - [2026-07-05T00:14:58.660+0000] {dag.py:3722} INFO - Setting next_dagrun for pipeline_ingestion_suivi to 2026-07-05T00:00:00+00:00, run_after=2026-07-05T01:00:00+00:00
[2026-07-05T00:14:58.686+0000] {processor.py:179} INFO - Processing /opt/airflow/dags/dag_suivi.py took 0.132 seconds
[2026-07-05T00:15:28.884+0000] {processor.py:157} INFO - Started process (PID=373) to work on /opt/airflow/dags/dag_suivi.py
[2026-07-05T00:15:28.886+0000] {processor.py:829} INFO - Processing file /opt/airflow/dags/dag_suivi.py for tasks to queue
[2026-07-05T00:15:28.888+0000] {logging_mixin.py:151} INFO - [2026-07-05T00:15:28.887+0000] {dagbag.py:536} INFO - Filling up the DagBag from /opt/airflow/dags/dag_suivi.py
[2026-07-05T00:15:28.920+0000] {processor.py:839} INFO - DAG(s) dict_keys(['pipeline_ingestion_suivi']) retrieved from /opt/airflow/dags/dag_suivi.py
[2026-07-05T00:15:28.971+0000] {logging_mixin.py:151} INFO - [2026-07-05T00:15:28.971+0000] {dag.py:2941} INFO - Sync 1 DAGs
[2026-07-05T00:15:29.001+0000] {logging_mixin.py:151} INFO - [2026-07-05T00:15:29.001+0000] {dag.py:3722} INFO - Setting next_dagrun for pipeline_ingestion_suivi to 2026-07-05T00:00:00+00:00, run_after=2026-07-05T01:00:00+00:00
[2026-07-05T00:15:29.040+0000] {processor.py:179} INFO - Processing /opt/airflow/dags/dag_suivi.py took 0.161 seconds
[2026-07-05T00:15:59.166+0000] {processor.py:157} INFO - Started process (PID=378) to work on /opt/airflow/dags/dag_suivi.py
[2026-07-05T00:15:59.167+0000] {processor.py:829} INFO - Processing file /opt/airflow/dags/dag_suivi.py for tasks to queue
[2026-07-05T00:15:59.168+0000] {logging_mixin.py:151} INFO - [2026-07-05T00:15:59.167+0000] {dagbag.py:536} INFO - Filling up the DagBag from /opt/airflow/dags/dag_suivi.py
[2026-07-05T00:15:59.199+0000] {processor.py:839} INFO - DAG(s) dict_keys(['pipeline_ingestion_suivi']) retrieved from /opt/airflow/dags/dag_suivi.py
[2026-07-05T00:15:59.241+0000] {logging_mixin.py:151} INFO - [2026-07-05T00:15:59.241+0000] {dag.py:2941} INFO - Sync 1 DAGs
[2026-07-05T00:15:59.267+0000] {logging_mixin.py:151} INFO - [2026-07-05T00:15:59.266+0000] {dag.py:3722} INFO - Setting next_dagrun for pipeline_ingestion_suivi to 2026-07-05T00:00:00+00:00, run_after=2026-07-05T01:00:00+00:00
[2026-07-05T00:15:59.292+0000] {processor.py:179} INFO - Processing /opt/airflow/dags/dag_suivi.py took 0.130 seconds
[2026-07-05T00:16:29.562+0000] {processor.py:157} INFO - Started process (PID=383) to work on /opt/airflow/dags/dag_suivi.py
[2026-07-05T00:16:29.563+0000] {processor.py:829} INFO - Processing file /opt/airflow/dags/dag_suivi.py for tasks to queue
[2026-07-05T00:16:29.564+0000] {logging_mixin.py:151} INFO - [2026-07-05T00:16:29.564+0000] {dagbag.py:536} INFO - Filling up the DagBag from /opt/airflow/dags/dag_suivi.py
[2026-07-05T00:16:29.603+0000] {processor.py:839} INFO - DAG(s) dict_keys(['pipeline_ingestion_suivi']) retrieved from /opt/airflow/dags/dag_suivi.py
[2026-07-05T00:16:29.637+0000] {logging_mixin.py:151} INFO - [2026-07-05T00:16:29.636+0000] {dag.py:2941} INFO - Sync 1 DAGs
[2026-07-05T00:16:29.661+0000] {logging_mixin.py:151} INFO - [2026-07-05T00:16:29.661+0000] {dag.py:3722} INFO - Setting next_dagrun for pipeline_ingestion_suivi to 2026-07-05T00:00:00+00:00, run_after=2026-07-05T01:00:00+00:00
[2026-07-05T00:16:29.697+0000] {processor.py:179} INFO - Processing /opt/airflow/dags/dag_suivi.py took 0.140 seconds
[2026-07-05T00:16:59.791+0000] {processor.py:157} INFO - Started process (PID=388) to work on /opt/airflow/dags/dag_suivi.py
[2026-07-05T00:16:59.792+0000] {processor.py:829} INFO - Processing file /opt/airflow/dags/dag_suivi.py for tasks to queue
[2026-07-05T00:16:59.793+0000] {logging_mixin.py:151} INFO - [2026-07-05T00:16:59.792+0000] {dagbag.py:536} INFO - Filling up the DagBag from /opt/airflow/dags/dag_suivi.py
[2026-07-05T00:16:59.825+0000] {processor.py:839} INFO - DAG(s) dict_keys(['pipeline_ingestion_suivi']) retrieved from /opt/airflow/dags/dag_suivi.py
[2026-07-05T00:16:59.866+0000] {logging_mixin.py:151} INFO - [2026-07-05T00:16:59.866+0000] {dag.py:2941} INFO - Sync 1 DAGs
[2026-07-05T00:16:59.894+0000] {logging_mixin.py:151} INFO - [2026-07-05T00:16:59.894+0000] {dag.py:3722} INFO - Setting next_dagrun for pipeline_ingestion_suivi to 2026-07-05T00:00:00+00:00, run_after=2026-07-05T01:00:00+00:00
[2026-07-05T00:16:59.934+0000] {processor.py:179} INFO - Processing /opt/airflow/dags/dag_suivi.py took 0.148 seconds
[2026-07-05T00:17:30.193+0000] {processor.py:157} INFO - Started process (PID=393) to work on /opt/airflow/dags/dag_suivi.py
[2026-07-05T00:17:30.195+0000] {processor.py:829} INFO - Processing file /opt/airflow/dags/dag_suivi.py for tasks to queue
[2026-07-05T00:17:30.196+0000] {logging_mixin.py:151} INFO - [2026-07-05T00:17:30.196+0000] {dagbag.py:536} INFO - Filling up the DagBag from /opt/airflow/dags/dag_suivi.py
[2026-07-05T00:17:30.233+0000] {processor.py:839} INFO - DAG(s) dict_keys(['pipeline_ingestion_suivi']) retrieved from /opt/airflow/dags/dag_suivi.py
[2026-07-05T00:17:30.265+0000] {logging_mixin.py:151} INFO - [2026-07-05T00:17:30.265+0000] {dag.py:2941} INFO - Sync 1 DAGs
[2026-07-05T00:17:30.292+0000] {logging_mixin.py:151} INFO - [2026-07-05T00:17:30.291+0000] {dag.py:3722} INFO - Setting next_dagrun for pipeline_ingestion_suivi to 2026-07-05T00:00:00+00:00, run_after=2026-07-05T01:00:00+00:00
[2026-07-05T00:17:30.325+0000] {processor.py:179} INFO - Processing /opt/airflow/dags/dag_suivi.py took 0.135 seconds
[2026-07-05T00:18:00.472+0000] {processor.py:157} INFO - Started process (PID=398) to work on /opt/airflow/dags/dag_suivi.py
[2026-07-05T00:18:00.473+0000] {processor.py:829} INFO - Processing file /opt/airflow/dags/dag_suivi.py for tasks to queue
[2026-07-05T00:18:00.475+0000] {logging_mixin.py:151} INFO - [2026-07-05T00:18:00.475+0000] {dagbag.py:536} INFO - Filling up the DagBag from /opt/airflow/dags/dag_suivi.py
[2026-07-05T00:18:00.510+0000] {processor.py:839} INFO - DAG(s) dict_keys(['pipeline_ingestion_suivi']) retrieved from /opt/airflow/dags/dag_suivi.py
[2026-07-05T00:18:00.543+0000] {logging_mixin.py:151} INFO - [2026-07-05T00:18:00.543+0000] {dag.py:2941} INFO - Sync 1 DAGs
[2026-07-05T00:18:00.572+0000] {logging_mixin.py:151} INFO - [2026-07-05T00:18:00.572+0000] {dag.py:3722} INFO - Setting next_dagrun for pipeline_ingestion_suivi to 2026-07-05T00:00:00+00:00, run_after=2026-07-05T01:00:00+00:00
[2026-07-05T00:18:00.608+0000] {processor.py:179} INFO - Processing /opt/airflow/dags/dag_suivi.py took 0.140 seconds
[2026-07-05T00:18:30.816+0000] {processor.py:157} INFO - Started process (PID=403) to work on /opt/airflow/dags/dag_suivi.py
[2026-07-05T00:18:30.817+0000] {processor.py:829} INFO - Processing file /opt/airflow/dags/dag_suivi.py for tasks to queue
[2026-07-05T00:18:30.819+0000] {logging_mixin.py:151} INFO - [2026-07-05T00:18:30.818+0000] {dagbag.py:536} INFO - Filling up the DagBag from /opt/airflow/dags/dag_suivi.py
[2026-07-05T00:18:30.859+0000] {processor.py:839} INFO - DAG(s) dict_keys(['pipeline_ingestion_suivi']) retrieved from /opt/airflow/dags/dag_suivi.py
[2026-07-05T00:18:30.892+0000] {logging_mixin.py:151} INFO - [2026-07-05T00:18:30.892+0000] {dag.py:2941} INFO - Sync 1 DAGs
[2026-07-05T00:18:30.916+0000] {logging_mixin.py:151} INFO - [2026-07-05T00:18:30.915+0000] {dag.py:3722} INFO - Setting next_dagrun for pipeline_ingestion_suivi to 2026-07-05T00:00:00+00:00, run_after=2026-07-05T01:00:00+00:00
[2026-07-05T00:18:30.944+0000] {processor.py:179} INFO - Processing /opt/airflow/dags/dag_suivi.py took 0.132 seconds
[2026-07-05T00:19:01.107+0000] {processor.py:157} INFO - Started process (PID=408) to work on /opt/airflow/dags/dag_suivi.py
[2026-07-05T00:19:01.109+0000] {processor.py:829} INFO - Processing file /opt/airflow/dags/dag_suivi.py for tasks to queue
[2026-07-05T00:19:01.111+0000] {logging_mixin.py:151} INFO - [2026-07-05T00:19:01.110+0000] {dagbag.py:536} INFO - Filling up the DagBag from /opt/airflow/dags/dag_suivi.py
[2026-07-05T00:19:01.152+0000] {processor.py:839} INFO - DAG(s) dict_keys(['pipeline_ingestion_suivi']) retrieved from /opt/airflow/dags/dag_suivi.py
[2026-07-05T00:19:01.186+0000] {logging_mixin.py:151} INFO - [2026-07-05T00:19:01.186+0000] {dag.py:2941} INFO - Sync 1 DAGs
[2026-07-05T00:19:01.215+0000] {logging_mixin.py:151} INFO - [2026-07-05T00:19:01.215+0000] {dag.py:3722} INFO - Setting next_dagrun for pipeline_ingestion_suivi to 2026-07-05T00:00:00+00:00, run_after=2026-07-05T01:00:00+00:00
[2026-07-05T00:19:01.240+0000] {processor.py:179} INFO - Processing /opt/airflow/dags/dag_suivi.py took 0.140 seconds
[2026-07-05T00:19:31.416+0000] {processor.py:157} INFO - Started process (PID=413) to work on /opt/airflow/dags/dag_suivi.py
[2026-07-05T00:19:31.417+0000] {processor.py:829} INFO - Processing file /opt/airflow/dags/dag_suivi.py for tasks to queue
[2026-07-05T00:19:31.419+0000] {logging_mixin.py:151} INFO - [2026-07-05T00:19:31.418+0000] {dagbag.py:536} INFO - Filling up the DagBag from /opt/airflow/dags/dag_suivi.py
[2026-07-05T00:19:31.456+0000] {processor.py:839} INFO - DAG(s) dict_keys(['pipeline_ingestion_suivi']) retrieved from /opt/airflow/dags/dag_suivi.py
[2026-07-05T00:19:31.492+0000] {logging_mixin.py:151} INFO - [2026-07-05T00:19:31.492+0000] {dag.py:2941} INFO - Sync 1 DAGs
[2026-07-05T00:19:31.516+0000] {logging_mixin.py:151} INFO - [2026-07-05T00:19:31.516+0000] {dag.py:3722} INFO - Setting next_dagrun for pipeline_ingestion_suivi to 2026-07-05T00:00:00+00:00, run_after=2026-07-05T01:00:00+00:00
[2026-07-05T00:19:31.541+0000] {processor.py:179} INFO - Processing /opt/airflow/dags/dag_suivi.py took 0.131 seconds
[2026-07-05T00:20:01.792+0000] {processor.py:157} INFO - Started process (PID=418) to work on /opt/airflow/dags/dag_suivi.py
[2026-07-05T00:20:01.793+0000] {processor.py:829} INFO - Processing file /opt/airflow/dags/dag_suivi.py for tasks to queue
[2026-07-05T00:20:01.795+0000] {logging_mixin.py:151} INFO - [2026-07-05T00:20:01.794+0000] {dagbag.py:536} INFO - Filling up the DagBag from /opt/airflow/dags/dag_suivi.py
[2026-07-05T00:20:01.830+0000] {processor.py:839} INFO - DAG(s) dict_keys(['pipeline_ingestion_suivi']) retrieved from /opt/airflow/dags/dag_suivi.py
[2026-07-05T00:20:01.865+0000] {logging_mixin.py:151} INFO - [2026-07-05T00:20:01.865+0000] {dag.py:2941} INFO - Sync 1 DAGs
[2026-07-05T00:20:01.892+0000] {logging_mixin.py:151} INFO - [2026-07-05T00:20:01.892+0000] {dag.py:3722} INFO - Setting next_dagrun for pipeline_ingestion_suivi to 2026-07-05T00:00:00+00:00, run_after=2026-07-05T01:00:00+00:00
[2026-07-05T00:20:01.925+0000] {processor.py:179} INFO - Processing /opt/airflow/dags/dag_suivi.py took 0.137 seconds
[2026-07-05T00:20:32.064+0000] {processor.py:157} INFO - Started process (PID=423) to work on /opt/airflow/dags/dag_suivi.py
[2026-07-05T00:20:32.066+0000] {processor.py:829} INFO - Processing file /opt/airflow/dags/dag_suivi.py for tasks to queue
[2026-07-05T00:20:32.067+0000] {logging_mixin.py:151} INFO - [2026-07-05T00:20:32.067+0000] {dagbag.py:536} INFO - Filling up the DagBag from /opt/airflow/dags/dag_suivi.py
[2026-07-05T00:20:32.102+0000] {processor.py:839} INFO - DAG(s) dict_keys(['pipeline_ingestion_suivi']) retrieved from /opt/airflow/dags/dag_suivi.py
[2026-07-05T00:20:32.137+0000] {logging_mixin.py:151} INFO - [2026-07-05T00:20:32.137+0000] {dag.py:2941} INFO - Sync 1 DAGs
[2026-07-05T00:20:32.162+0000] {logging_mixin.py:151} INFO - [2026-07-05T00:20:32.162+0000] {dag.py:3722} INFO - Setting next_dagrun for pipeline_ingestion_suivi to 2026-07-05T00:00:00+00:00, run_after=2026-07-05T01:00:00+00:00
[2026-07-05T00:20:32.186+0000] {processor.py:179} INFO - Processing /opt/airflow/dags/dag_suivi.py took 0.128 seconds
[2026-07-05T00:21:02.397+0000] {processor.py:157} INFO - Started process (PID=428) to work on /opt/airflow/dags/dag_suivi.py
[2026-07-05T00:21:02.398+0000] {processor.py:829} INFO - Processing file /opt/airflow/dags/dag_suivi.py for tasks to queue
[2026-07-05T00:21:02.399+0000] {logging_mixin.py:151} INFO - [2026-07-05T00:21:02.399+0000] {dagbag.py:536} INFO - Filling up the DagBag from /opt/airflow/dags/dag_suivi.py
[2026-07-05T00:21:02.444+0000] {processor.py:839} INFO - DAG(s) dict_keys(['pipeline_ingestion_suivi']) retrieved from /opt/airflow/dags/dag_suivi.py
[2026-07-05T00:21:02.483+0000] {logging_mixin.py:151} INFO - [2026-07-05T00:21:02.483+0000] {dag.py:2941} INFO - Sync 1 DAGs
[2026-07-05T00:21:02.519+0000] {logging_mixin.py:151} INFO - [2026-07-05T00:21:02.519+0000] {dag.py:3722} INFO - Setting next_dagrun for pipeline_ingestion_suivi to 2026-07-05T00:00:00+00:00, run_after=2026-07-05T01:00:00+00:00
[2026-07-05T00:21:02.547+0000] {processor.py:179} INFO - Processing /opt/airflow/dags/dag_suivi.py took 0.157 seconds
[2026-07-05T00:21:32.710+0000] {processor.py:157} INFO - Started process (PID=433) to work on /opt/airflow/dags/dag_suivi.py
[2026-07-05T00:21:32.712+0000] {processor.py:829} INFO - Processing file /opt/airflow/dags/dag_suivi.py for tasks to queue
[2026-07-05T00:21:32.714+0000] {logging_mixin.py:151} INFO - [2026-07-05T00:21:32.713+0000] {dagbag.py:536} INFO - Filling up the DagBag from /opt/airflow/dags/dag_suivi.py
[2026-07-05T00:21:32.773+0000] {processor.py:839} INFO - DAG(s) dict_keys(['pipeline_ingestion_suivi']) retrieved from /opt/airflow/dags/dag_suivi.py
[2026-07-05T00:21:32.833+0000] {logging_mixin.py:151} INFO - [2026-07-05T00:21:32.832+0000] {dag.py:2941} INFO - Sync 1 DAGs
[2026-07-05T00:21:32.889+0000] {logging_mixin.py:151} INFO - [2026-07-05T00:21:32.888+0000] {dag.py:3722} INFO - Setting next_dagrun for pipeline_ingestion_suivi to 2026-07-05T00:00:00+00:00, run_after=2026-07-05T01:00:00+00:00
[2026-07-05T00:21:32.930+0000] {processor.py:179} INFO - Processing /opt/airflow/dags/dag_suivi.py took 0.228 seconds
[2026-07-05T00:22:03.058+0000] {processor.py:157} INFO - Started process (PID=438) to work on /opt/airflow/dags/dag_suivi.py
[2026-07-05T00:22:03.059+0000] {processor.py:829} INFO - Processing file /opt/airflow/dags/dag_suivi.py for tasks to queue
[2026-07-05T00:22:03.062+0000] {logging_mixin.py:151} INFO - [2026-07-05T00:22:03.061+0000] {dagbag.py:536} INFO - Filling up the DagBag from /opt/airflow/dags/dag_suivi.py
[2026-07-05T00:22:03.107+0000] {processor.py:839} INFO - DAG(s) dict_keys(['pipeline_ingestion_suivi']) retrieved from /opt/airflow/dags/dag_suivi.py
[2026-07-05T00:22:03.152+0000] {logging_mixin.py:151} INFO - [2026-07-05T00:22:03.151+0000] {dag.py:2941} INFO - Sync 1 DAGs
[2026-07-05T00:22:03.186+0000] {logging_mixin.py:151} INFO - [2026-07-05T00:22:03.186+0000] {dag.py:3722} INFO - Setting next_dagrun for pipeline_ingestion_suivi to 2026-07-05T00:00:00+00:00, run_after=2026-07-05T01:00:00+00:00
[2026-07-05T00:22:03.211+0000] {processor.py:179} INFO - Processing /opt/airflow/dags/dag_suivi.py took 0.158 seconds
[2026-07-05T00:22:33.426+0000] {processor.py:157} INFO - Started process (PID=443) to work on /opt/airflow/dags/dag_suivi.py
[2026-07-05T00:22:33.427+0000] {processor.py:829} INFO - Processing file /opt/airflow/dags/dag_suivi.py for tasks to queue
[2026-07-05T00:22:33.428+0000] {logging_mixin.py:151} INFO - [2026-07-05T00:22:33.427+0000] {dagbag.py:536} INFO - Filling up the DagBag from /opt/airflow/dags/dag_suivi.py
[2026-07-05T00:22:33.463+0000] {processor.py:839} INFO - DAG(s) dict_keys(['pipeline_ingestion_suivi']) retrieved from /opt/airflow/dags/dag_suivi.py
[2026-07-05T00:22:33.503+0000] {logging_mixin.py:151} INFO - [2026-07-05T00:22:33.503+0000] {dag.py:2941} INFO - Sync 1 DAGs
[2026-07-05T00:22:33.531+0000] {logging_mixin.py:151} INFO - [2026-07-05T00:22:33.531+0000] {dag.py:3722} INFO - Setting next_dagrun for pipeline_ingestion_suivi to 2026-07-05T00:00:00+00:00, run_after=2026-07-05T01:00:00+00:00
[2026-07-05T00:22:33.557+0000] {processor.py:179} INFO - Processing /opt/airflow/dags/dag_suivi.py took 0.135 seconds
[2026-07-05T00:23:03.689+0000] {processor.py:157} INFO - Started process (PID=448) to work on /opt/airflow/dags/dag_suivi.py
[2026-07-05T00:23:03.690+0000] {processor.py:829} INFO - Processing file /opt/airflow/dags/dag_suivi.py for tasks to queue
[2026-07-05T00:23:03.692+0000] {logging_mixin.py:151} INFO - [2026-07-05T00:23:03.691+0000] {dagbag.py:536} INFO - Filling up the DagBag from /opt/airflow/dags/dag_suivi.py
[2026-07-05T00:23:03.728+0000] {processor.py:839} INFO - DAG(s) dict_keys(['pipeline_ingestion_suivi']) retrieved from /opt/airflow/dags/dag_suivi.py
[2026-07-05T00:23:03.784+0000] {logging_mixin.py:151} INFO - [2026-07-05T00:23:03.784+0000] {dag.py:2941} INFO - Sync 1 DAGs
[2026-07-05T00:23:03.822+0000] {logging_mixin.py:151} INFO - [2026-07-05T00:23:03.821+0000] {dag.py:3722} INFO - Setting next_dagrun for pipeline_ingestion_suivi to 2026-07-05T00:00:00+00:00, run_after=2026-07-05T01:00:00+00:00
[2026-07-05T00:23:03.853+0000] {processor.py:179} INFO - Processing /opt/airflow/dags/dag_suivi.py took 0.170 seconds
[2026-07-05T00:23:34.055+0000] {processor.py:157} INFO - Started process (PID=453) to work on /opt/airflow/dags/dag_suivi.py
[2026-07-05T00:23:34.057+0000] {processor.py:829} INFO - Processing file /opt/airflow/dags/dag_suivi.py for tasks to queue
[2026-07-05T00:23:34.058+0000] {logging_mixin.py:151} INFO - [2026-07-05T00:23:34.058+0000] {dagbag.py:536} INFO - Filling up the DagBag from /opt/airflow/dags/dag_suivi.py
[2026-07-05T00:23:34.101+0000] {processor.py:839} INFO - DAG(s) dict_keys(['pipeline_ingestion_suivi']) retrieved from /opt/airflow/dags/dag_suivi.py
[2026-07-05T00:23:34.135+0000] {logging_mixin.py:151} INFO - [2026-07-05T00:23:34.135+0000] {dag.py:2941} INFO - Sync 1 DAGs
[2026-07-05T00:23:34.164+0000] {logging_mixin.py:151} INFO - [2026-07-05T00:23:34.164+0000] {dag.py:3722} INFO - Setting next_dagrun for pipeline_ingestion_suivi to 2026-07-05T00:00:00+00:00, run_after=2026-07-05T01:00:00+00:00
[2026-07-05T00:23:34.200+0000] {processor.py:179} INFO - Processing /opt/airflow/dags/dag_suivi.py took 0.150 seconds
[2026-07-05T00:24:04.370+0000] {processor.py:157} INFO - Started process (PID=458) to work on /opt/airflow/dags/dag_suivi.py
[2026-07-05T00:24:04.371+0000] {processor.py:829} INFO - Processing file /opt/airflow/dags/dag_suivi.py for tasks to queue
[2026-07-05T00:24:04.372+0000] {logging_mixin.py:151} INFO - [2026-07-05T00:24:04.372+0000] {dagbag.py:536} INFO - Filling up the DagBag from /opt/airflow/dags/dag_suivi.py
[2026-07-05T00:24:04.411+0000] {processor.py:839} INFO - DAG(s) dict_keys(['pipeline_ingestion_suivi']) retrieved from /opt/airflow/dags/dag_suivi.py
[2026-07-05T00:24:04.453+0000] {logging_mixin.py:151} INFO - [2026-07-05T00:24:04.453+0000] {dag.py:2941} INFO - Sync 1 DAGs
[2026-07-05T00:24:04.485+0000] {logging_mixin.py:151} INFO - [2026-07-05T00:24:04.485+0000] {dag.py:3722} INFO - Setting next_dagrun for pipeline_ingestion_suivi to 2026-07-05T00:00:00+00:00, run_after=2026-07-05T01:00:00+00:00
[2026-07-05T00:24:04.521+0000] {processor.py:179} INFO - Processing /opt/airflow/dags/dag_suivi.py took 0.156 seconds
[2026-07-05T00:24:34.689+0000] {processor.py:157} INFO - Started process (PID=463) to work on /opt/airflow/dags/dag_suivi.py
[2026-07-05T00:24:34.690+0000] {processor.py:829} INFO - Processing file /opt/airflow/dags/dag_suivi.py for tasks to queue
[2026-07-05T00:24:34.691+0000] {logging_mixin.py:151} INFO - [2026-07-05T00:24:34.691+0000] {dagbag.py:536} INFO - Filling up the DagBag from /opt/airflow/dags/dag_suivi.py
[2026-07-05T00:24:34.715+0000] {processor.py:839} INFO - DAG(s) dict_keys(['pipeline_ingestion_suivi']) retrieved from /opt/airflow/dags/dag_suivi.py
[2026-07-05T00:24:34.750+0000] {logging_mixin.py:151} INFO - [2026-07-05T00:24:34.750+0000] {dag.py:2941} INFO - Sync 1 DAGs
[2026-07-05T00:24:34.778+0000] {logging_mixin.py:151} INFO - [2026-07-05T00:24:34.778+0000] {dag.py:3722} INFO - Setting next_dagrun for pipeline_ingestion_suivi to 2026-07-05T00:00:00+00:00, run_after=2026-07-05T01:00:00+00:00
[2026-07-05T00:24:34.805+0000] {processor.py:179} INFO - Processing /opt/airflow/dags/dag_suivi.py took 0.120 seconds
[2026-07-05T07:06:29.167+0000] {processor.py:157} INFO - Started process (PID=472) to work on /opt/airflow/dags/dag_suivi.py
[2026-07-05T07:06:29.197+0000] {processor.py:829} INFO - Processing file /opt/airflow/dags/dag_suivi.py for tasks to queue
[2026-07-05T07:06:29.236+0000] {logging_mixin.py:151} INFO - [2026-07-05T07:06:29.235+0000] {dagbag.py:536} INFO - Filling up the DagBag from /opt/airflow/dags/dag_suivi.py
[2026-07-05T07:06:29.966+0000] {processor.py:839} INFO - DAG(s) dict_keys(['pipeline_ingestion_suivi']) retrieved from /opt/airflow/dags/dag_suivi.py
[2026-07-05T07:06:30.262+0000] {logging_mixin.py:151} INFO - [2026-07-05T07:06:30.262+0000] {dag.py:2941} INFO - Sync 1 DAGs
[2026-07-05T07:06:30.532+0000] {logging_mixin.py:151} INFO - [2026-07-05T07:06:30.532+0000] {dag.py:3722} INFO - Setting next_dagrun for pipeline_ingestion_suivi to 2026-07-05T07:00:00+00:00, run_after=2026-07-05T08:00:00+00:00
[2026-07-05T07:06:30.786+0000] {processor.py:179} INFO - Processing /opt/airflow/dags/dag_suivi.py took 1.650 seconds
[2026-07-05T22:41:33.037+0000] {processor.py:157} INFO - Started process (PID=485) to work on /opt/airflow/dags/dag_suivi.py
[2026-07-05T22:41:33.065+0000] {processor.py:829} INFO - Processing file /opt/airflow/dags/dag_suivi.py for tasks to queue
[2026-07-05T22:41:33.153+0000] {logging_mixin.py:151} INFO - [2026-07-05T22:41:33.152+0000] {dagbag.py:536} INFO - Filling up the DagBag from /opt/airflow/dags/dag_suivi.py
[2026-07-05T22:41:34.722+0000] {processor.py:839} INFO - DAG(s) dict_keys(['pipeline_ingestion_suivi']) retrieved from /opt/airflow/dags/dag_suivi.py
[2026-07-05T22:41:35.102+0000] {logging_mixin.py:151} INFO - [2026-07-05T22:41:35.102+0000] {dag.py:2941} INFO - Sync 1 DAGs
[2026-07-05T22:41:35.448+0000] {logging_mixin.py:151} INFO - [2026-07-05T22:41:35.448+0000] {dag.py:3722} INFO - Setting next_dagrun for pipeline_ingestion_suivi to 2026-07-05T22:00:00+00:00, run_after=2026-07-05T23:00:00+00:00
[2026-07-05T22:41:35.876+0000] {processor.py:179} INFO - Processing /opt/airflow/dags/dag_suivi.py took 2.872 seconds
[2026-07-05T22:42:06.425+0000] {processor.py:157} INFO - Started process (PID=494) to work on /opt/airflow/dags/dag_suivi.py
[2026-07-05T22:42:06.427+0000] {processor.py:829} INFO - Processing file /opt/airflow/dags/dag_suivi.py for tasks to queue
[2026-07-05T22:42:06.430+0000] {logging_mixin.py:151} INFO - [2026-07-05T22:42:06.429+0000] {dagbag.py:536} INFO - Filling up the DagBag from /opt/airflow/dags/dag_suivi.py
[2026-07-05T22:42:06.531+0000] {processor.py:839} INFO - DAG(s) dict_keys(['pipeline_ingestion_suivi']) retrieved from /opt/airflow/dags/dag_suivi.py
[2026-07-05T22:42:06.732+0000] {logging_mixin.py:151} INFO - [2026-07-05T22:42:06.731+0000] {dag.py:2941} INFO - Sync 1 DAGs
[2026-07-05T22:42:06.906+0000] {logging_mixin.py:151} INFO - [2026-07-05T22:42:06.906+0000] {dag.py:3722} INFO - Setting next_dagrun for pipeline_ingestion_suivi to 2026-07-05T22:00:00+00:00, run_after=2026-07-05T23:00:00+00:00
[2026-07-05T22:42:07.031+0000] {processor.py:179} INFO - Processing /opt/airflow/dags/dag_suivi.py took 0.633 seconds
[2026-07-05T22:42:37.776+0000] {processor.py:157} INFO - Started process (PID=499) to work on /opt/airflow/dags/dag_suivi.py
[2026-07-05T22:42:37.778+0000] {processor.py:829} INFO - Processing file /opt/airflow/dags/dag_suivi.py for tasks to queue
[2026-07-05T22:42:37.780+0000] {logging_mixin.py:151} INFO - [2026-07-05T22:42:37.779+0000] {dagbag.py:536} INFO - Filling up the DagBag from /opt/airflow/dags/dag_suivi.py
[2026-07-05T22:42:37.844+0000] {processor.py:839} INFO - DAG(s) dict_keys(['pipeline_ingestion_suivi']) retrieved from /opt/airflow/dags/dag_suivi.py
[2026-07-05T22:42:37.915+0000] {logging_mixin.py:151} INFO - [2026-07-05T22:42:37.914+0000] {dag.py:2941} INFO - Sync 1 DAGs
[2026-07-05T22:42:37.973+0000] {logging_mixin.py:151} INFO - [2026-07-05T22:42:37.972+0000] {dag.py:3722} INFO - Setting next_dagrun for pipeline_ingestion_suivi to 2026-07-05T22:00:00+00:00, run_after=2026-07-05T23:00:00+00:00
[2026-07-05T22:42:38.024+0000] {processor.py:179} INFO - Processing /opt/airflow/dags/dag_suivi.py took 0.256 seconds
[2026-07-05T22:43:08.272+0000] {processor.py:157} INFO - Started process (PID=504) to work on /opt/airflow/dags/dag_suivi.py
[2026-07-05T22:43:08.274+0000] {processor.py:829} INFO - Processing file /opt/airflow/dags/dag_suivi.py for tasks to queue
[2026-07-05T22:43:08.277+0000] {logging_mixin.py:151} INFO - [2026-07-05T22:43:08.276+0000] {dagbag.py:536} INFO - Filling up the DagBag from /opt/airflow/dags/dag_suivi.py
[2026-07-05T22:43:08.422+0000] {processor.py:839} INFO - DAG(s) dict_keys(['pipeline_ingestion_suivi']) retrieved from /opt/airflow/dags/dag_suivi.py
[2026-07-05T22:43:08.574+0000] {logging_mixin.py:151} INFO - [2026-07-05T22:43:08.574+0000] {dag.py:2941} INFO - Sync 1 DAGs
[2026-07-05T22:43:08.710+0000] {logging_mixin.py:151} INFO - [2026-07-05T22:43:08.710+0000] {dag.py:3722} INFO - Setting next_dagrun for pipeline_ingestion_suivi to 2026-07-05T22:00:00+00:00, run_after=2026-07-05T23:00:00+00:00
[2026-07-05T22:43:08.838+0000] {processor.py:179} INFO - Processing /opt/airflow/dags/dag_suivi.py took 0.584 seconds
[2026-07-05T22:43:39.318+0000] {processor.py:157} INFO - Started process (PID=511) to work on /opt/airflow/dags/dag_suivi.py
[2026-07-05T22:43:39.320+0000] {processor.py:829} INFO - Processing file /opt/airflow/dags/dag_suivi.py for tasks to queue
[2026-07-05T22:43:39.323+0000] {logging_mixin.py:151} INFO - [2026-07-05T22:43:39.322+0000] {dagbag.py:536} INFO - Filling up the DagBag from /opt/airflow/dags/dag_suivi.py
[2026-07-05T22:43:39.379+0000] {processor.py:839} INFO - DAG(s) dict_keys(['pipeline_ingestion_suivi']) retrieved from /opt/airflow/dags/dag_suivi.py
[2026-07-05T22:43:39.446+0000] {logging_mixin.py:151} INFO - [2026-07-05T22:43:39.446+0000] {dag.py:2941} INFO - Sync 1 DAGs
[2026-07-05T22:43:39.513+0000] {logging_mixin.py:151} INFO - [2026-07-05T22:43:39.512+0000] {dag.py:3722} INFO - Setting next_dagrun for pipeline_ingestion_suivi to 2026-07-05T22:00:00+00:00, run_after=2026-07-05T23:00:00+00:00
[2026-07-05T22:43:39.583+0000] {processor.py:179} INFO - Processing /opt/airflow/dags/dag_suivi.py took 0.274 seconds
[2026-07-05T22:44:09.953+0000] {processor.py:157} INFO - Started process (PID=516) to work on /opt/airflow/dags/dag_suivi.py
[2026-07-05T22:44:09.954+0000] {processor.py:829} INFO - Processing file /opt/airflow/dags/dag_suivi.py for tasks to queue
[2026-07-05T22:44:09.956+0000] {logging_mixin.py:151} INFO - [2026-07-05T22:44:09.956+0000] {dagbag.py:536} INFO - Filling up the DagBag from /opt/airflow/dags/dag_suivi.py
[2026-07-05T22:44:09.992+0000] {processor.py:839} INFO - DAG(s) dict_keys(['pipeline_ingestion_suivi']) retrieved from /opt/airflow/dags/dag_suivi.py
[2026-07-05T22:44:10.040+0000] {logging_mixin.py:151} INFO - [2026-07-05T22:44:10.040+0000] {dag.py:2941} INFO - Sync 1 DAGs
[2026-07-05T22:44:10.070+0000] {logging_mixin.py:151} INFO - [2026-07-05T22:44:10.070+0000] {dag.py:3722} INFO - Setting next_dagrun for pipeline_ingestion_suivi to 2026-07-05T22:00:00+00:00, run_after=2026-07-05T23:00:00+00:00
[2026-07-05T22:44:10.104+0000] {processor.py:179} INFO - Processing /opt/airflow/dags/dag_suivi.py took 0.159 seconds
[2026-07-05T22:44:40.208+0000] {processor.py:157} INFO - Started process (PID=521) to work on /opt/airflow/dags/dag_suivi.py
[2026-07-05T22:44:40.209+0000] {processor.py:829} INFO - Processing file /opt/airflow/dags/dag_suivi.py for tasks to queue
[2026-07-05T22:44:40.211+0000] {logging_mixin.py:151} INFO - [2026-07-05T22:44:40.210+0000] {dagbag.py:536} INFO - Filling up the DagBag from /opt/airflow/dags/dag_suivi.py
[2026-07-05T22:44:40.252+0000] {processor.py:839} INFO - DAG(s) dict_keys(['pipeline_ingestion_suivi']) retrieved from /opt/airflow/dags/dag_suivi.py
[2026-07-05T22:44:40.295+0000] {logging_mixin.py:151} INFO - [2026-07-05T22:44:40.294+0000] {dag.py:2941} INFO - Sync 1 DAGs
[2026-07-05T22:44:40.337+0000] {logging_mixin.py:151} INFO - [2026-07-05T22:44:40.336+0000] {dag.py:3722} INFO - Setting next_dagrun for pipeline_ingestion_suivi to 2026-07-05T22:00:00+00:00, run_after=2026-07-05T23:00:00+00:00
[2026-07-05T22:44:40.422+0000] {processor.py:179} INFO - Processing /opt/airflow/dags/dag_suivi.py took 0.220 seconds
[2026-07-05T22:45:10.725+0000] {processor.py:157} INFO - Started process (PID=526) to work on /opt/airflow/dags/dag_suivi.py
[2026-07-05T22:45:10.727+0000] {processor.py:829} INFO - Processing file /opt/airflow/dags/dag_suivi.py for tasks to queue
[2026-07-05T22:45:10.729+0000] {logging_mixin.py:151} INFO - [2026-07-05T22:45:10.729+0000] {dagbag.py:536} INFO - Filling up the DagBag from /opt/airflow/dags/dag_suivi.py
[2026-07-05T22:45:10.779+0000] {processor.py:839} INFO - DAG(s) dict_keys(['pipeline_ingestion_suivi']) retrieved from /opt/airflow/dags/dag_suivi.py
[2026-07-05T22:45:10.837+0000] {logging_mixin.py:151} INFO - [2026-07-05T22:45:10.837+0000] {dag.py:2941} INFO - Sync 1 DAGs
[2026-07-05T22:45:10.884+0000] {logging_mixin.py:151} INFO - [2026-07-05T22:45:10.883+0000] {dag.py:3722} INFO - Setting next_dagrun for pipeline_ingestion_suivi to 2026-07-05T22:00:00+00:00, run_after=2026-07-05T23:00:00+00:00
[2026-07-05T22:45:10.934+0000] {processor.py:179} INFO - Processing /opt/airflow/dags/dag_suivi.py took 0.217 seconds
[2026-07-05T22:45:41.239+0000] {processor.py:157} INFO - Started process (PID=531) to work on /opt/airflow/dags/dag_suivi.py
[2026-07-05T22:45:41.241+0000] {processor.py:829} INFO - Processing file /opt/airflow/dags/dag_suivi.py for tasks to queue
[2026-07-05T22:45:41.242+0000] {logging_mixin.py:151} INFO - [2026-07-05T22:45:41.242+0000] {dagbag.py:536} INFO - Filling up the DagBag from /opt/airflow/dags/dag_suivi.py
[2026-07-05T22:45:41.280+0000] {processor.py:839} INFO - DAG(s) dict_keys(['pipeline_ingestion_suivi']) retrieved from /opt/airflow/dags/dag_suivi.py
[2026-07-05T22:45:41.325+0000] {logging_mixin.py:151} INFO - [2026-07-05T22:45:41.324+0000] {dag.py:2941} INFO - Sync 1 DAGs
[2026-07-05T22:45:41.370+0000] {logging_mixin.py:151} INFO - [2026-07-05T22:45:41.370+0000] {dag.py:3722} INFO - Setting next_dagrun for pipeline_ingestion_suivi to 2026-07-05T22:00:00+00:00, run_after=2026-07-05T23:00:00+00:00
[2026-07-05T22:45:41.415+0000] {processor.py:179} INFO - Processing /opt/airflow/dags/dag_suivi.py took 0.180 seconds
[2026-07-05T22:46:11.933+0000] {processor.py:157} INFO - Started process (PID=536) to work on /opt/airflow/dags/dag_suivi.py
[2026-07-05T22:46:11.935+0000] {processor.py:829} INFO - Processing file /opt/airflow/dags/dag_suivi.py for tasks to queue
[2026-07-05T22:46:11.941+0000] {logging_mixin.py:151} INFO - [2026-07-05T22:46:11.940+0000] {dagbag.py:536} INFO - Filling up the DagBag from /opt/airflow/dags/dag_suivi.py
[2026-07-05T22:46:12.042+0000] {processor.py:839} INFO - DAG(s) dict_keys(['pipeline_ingestion_suivi']) retrieved from /opt/airflow/dags/dag_suivi.py
[2026-07-05T22:46:12.155+0000] {logging_mixin.py:151} INFO - [2026-07-05T22:46:12.152+0000] {dag.py:2941} INFO - Sync 1 DAGs
[2026-07-05T22:46:12.251+0000] {logging_mixin.py:151} INFO - [2026-07-05T22:46:12.251+0000] {dag.py:3722} INFO - Setting next_dagrun for pipeline_ingestion_suivi to 2026-07-05T22:00:00+00:00, run_after=2026-07-05T23:00:00+00:00
[2026-07-05T22:46:12.327+0000] {processor.py:179} INFO - Processing /opt/airflow/dags/dag_suivi.py took 0.402 seconds
[2026-07-05T22:46:42.801+0000] {processor.py:157} INFO - Started process (PID=541) to work on /opt/airflow/dags/dag_suivi.py
[2026-07-05T22:46:42.804+0000] {processor.py:829} INFO - Processing file /opt/airflow/dags/dag_suivi.py for tasks to queue
[2026-07-05T22:46:42.808+0000] {logging_mixin.py:151} INFO - [2026-07-05T22:46:42.807+0000] {dagbag.py:536} INFO - Filling up the DagBag from /opt/airflow/dags/dag_suivi.py
[2026-07-05T22:46:42.954+0000] {processor.py:839} INFO - DAG(s) dict_keys(['pipeline_ingestion_suivi']) retrieved from /opt/airflow/dags/dag_suivi.py
[2026-07-05T22:46:43.065+0000] {logging_mixin.py:151} INFO - [2026-07-05T22:46:43.064+0000] {dag.py:2941} INFO - Sync 1 DAGs
[2026-07-05T22:46:43.140+0000] {logging_mixin.py:151} INFO - [2026-07-05T22:46:43.140+0000] {dag.py:3722} INFO - Setting next_dagrun for pipeline_ingestion_suivi to 2026-07-05T22:00:00+00:00, run_after=2026-07-05T23:00:00+00:00
[2026-07-05T22:46:43.186+0000] {processor.py:179} INFO - Processing /opt/airflow/dags/dag_suivi.py took 0.402 seconds
[2026-07-05T22:47:13.635+0000] {processor.py:157} INFO - Started process (PID=546) to work on /opt/airflow/dags/dag_suivi.py
[2026-07-05T22:47:13.637+0000] {processor.py:829} INFO - Processing file /opt/airflow/dags/dag_suivi.py for tasks to queue
[2026-07-05T22:47:13.640+0000] {logging_mixin.py:151} INFO - [2026-07-05T22:47:13.639+0000] {dagbag.py:536} INFO - Filling up the DagBag from /opt/airflow/dags/dag_suivi.py
[2026-07-05T22:47:13.703+0000] {processor.py:839} INFO - DAG(s) dict_keys(['pipeline_ingestion_suivi']) retrieved from /opt/airflow/dags/dag_suivi.py
[2026-07-05T22:47:13.782+0000] {logging_mixin.py:151} INFO - [2026-07-05T22:47:13.782+0000] {dag.py:2941} INFO - Sync 1 DAGs
[2026-07-05T22:47:13.839+0000] {logging_mixin.py:151} INFO - [2026-07-05T22:47:13.838+0000] {dag.py:3722} INFO - Setting next_dagrun for pipeline_ingestion_suivi to 2026-07-05T22:00:00+00:00, run_after=2026-07-05T23:00:00+00:00
[2026-07-05T22:47:13.884+0000] {processor.py:179} INFO - Processing /opt/airflow/dags/dag_suivi.py took 0.257 seconds
[2026-07-05T22:47:45.686+0000] {processor.py:157} INFO - Started process (PID=551) to work on /opt/airflow/dags/dag_suivi.py
[2026-07-05T22:47:45.688+0000] {processor.py:829} INFO - Processing file /opt/airflow/dags/dag_suivi.py for tasks to queue
[2026-07-05T22:47:45.693+0000] {logging_mixin.py:151} INFO - [2026-07-05T22:47:45.693+0000] {dagbag.py:536} INFO - Filling up the DagBag from /opt/airflow/dags/dag_suivi.py
[2026-07-05T22:47:45.942+0000] {processor.py:839} INFO - DAG(s) dict_keys(['pipeline_ingestion_suivi']) retrieved from /opt/airflow/dags/dag_suivi.py
[2026-07-05T22:47:46.138+0000] {logging_mixin.py:151} INFO - [2026-07-05T22:47:46.138+0000] {dag.py:2941} INFO - Sync 1 DAGs
[2026-07-05T22:47:46.436+0000] {logging_mixin.py:151} INFO - [2026-07-05T22:47:46.435+0000] {dag.py:3722} INFO - Setting next_dagrun for pipeline_ingestion_suivi to 2026-07-05T22:00:00+00:00, run_after=2026-07-05T23:00:00+00:00
[2026-07-05T22:47:46.591+0000] {processor.py:179} INFO - Processing /opt/airflow/dags/dag_suivi.py took 0.929 seconds
[2026-07-05T22:48:17.056+0000] {processor.py:157} INFO - Started process (PID=556) to work on /opt/airflow/dags/dag_suivi.py
[2026-07-05T22:48:17.058+0000] {processor.py:829} INFO - Processing file /opt/airflow/dags/dag_suivi.py for tasks to queue
[2026-07-05T22:48:17.061+0000] {logging_mixin.py:151} INFO - [2026-07-05T22:48:17.060+0000] {dagbag.py:536} INFO - Filling up the DagBag from /opt/airflow/dags/dag_suivi.py
[2026-07-05T22:48:17.125+0000] {processor.py:839} INFO - DAG(s) dict_keys(['pipeline_ingestion_suivi']) retrieved from /opt/airflow/dags/dag_suivi.py
[2026-07-05T22:48:17.193+0000] {logging_mixin.py:151} INFO - [2026-07-05T22:48:17.193+0000] {dag.py:2941} INFO - Sync 1 DAGs
[2026-07-05T22:48:17.267+0000] {logging_mixin.py:151} INFO - [2026-07-05T22:48:17.266+0000] {dag.py:3722} INFO - Setting next_dagrun for pipeline_ingestion_suivi to 2026-07-05T22:00:00+00:00, run_after=2026-07-05T23:00:00+00:00
[2026-07-05T22:48:17.326+0000] {processor.py:179} INFO - Processing /opt/airflow/dags/dag_suivi.py took 0.277 seconds
[2026-07-05T22:48:47.594+0000] {processor.py:157} INFO - Started process (PID=561) to work on /opt/airflow/dags/dag_suivi.py
[2026-07-05T22:48:47.596+0000] {processor.py:829} INFO - Processing file /opt/airflow/dags/dag_suivi.py for tasks to queue
[2026-07-05T22:48:47.598+0000] {logging_mixin.py:151} INFO - [2026-07-05T22:48:47.597+0000] {dagbag.py:536} INFO - Filling up the DagBag from /opt/airflow/dags/dag_suivi.py
[2026-07-05T22:48:47.646+0000] {processor.py:839} INFO - DAG(s) dict_keys(['pipeline_ingestion_suivi']) retrieved from /opt/airflow/dags/dag_suivi.py
[2026-07-05T22:48:47.715+0000] {logging_mixin.py:151} INFO - [2026-07-05T22:48:47.714+0000] {dag.py:2941} INFO - Sync 1 DAGs
[2026-07-05T22:48:47.757+0000] {logging_mixin.py:151} INFO - [2026-07-05T22:48:47.756+0000] {dag.py:3722} INFO - Setting next_dagrun for pipeline_ingestion_suivi to 2026-07-05T22:00:00+00:00, run_after=2026-07-05T23:00:00+00:00
[2026-07-05T22:48:47.808+0000] {processor.py:179} INFO - Processing /opt/airflow/dags/dag_suivi.py took 0.220 seconds
[2026-07-05T22:49:18.060+0000] {processor.py:157} INFO - Started process (PID=566) to work on /opt/airflow/dags/dag_suivi.py
[2026-07-05T22:49:18.061+0000] {processor.py:829} INFO - Processing file /opt/airflow/dags/dag_suivi.py for tasks to queue
[2026-07-05T22:49:18.064+0000] {logging_mixin.py:151} INFO - [2026-07-05T22:49:18.063+0000] {dagbag.py:536} INFO - Filling up the DagBag from /opt/airflow/dags/dag_suivi.py
[2026-07-05T22:49:18.109+0000] {processor.py:839} INFO - DAG(s) dict_keys(['pipeline_ingestion_suivi']) retrieved from /opt/airflow/dags/dag_suivi.py
[2026-07-05T22:49:18.161+0000] {logging_mixin.py:151} INFO - [2026-07-05T22:49:18.161+0000] {dag.py:2941} INFO - Sync 1 DAGs
[2026-07-05T22:49:18.202+0000] {logging_mixin.py:151} INFO - [2026-07-05T22:49:18.201+0000] {dag.py:3722} INFO - Setting next_dagrun for pipeline_ingestion_suivi to 2026-07-05T22:00:00+00:00, run_after=2026-07-05T23:00:00+00:00
[2026-07-05T22:49:18.254+0000] {processor.py:179} INFO - Processing /opt/airflow/dags/dag_suivi.py took 0.201 seconds
[2026-07-05T22:49:48.381+0000] {processor.py:157} INFO - Started process (PID=571) to work on /opt/airflow/dags/dag_suivi.py
[2026-07-05T22:49:48.383+0000] {processor.py:829} INFO - Processing file /opt/airflow/dags/dag_suivi.py for tasks to queue
[2026-07-05T22:49:48.385+0000] {logging_mixin.py:151} INFO - [2026-07-05T22:49:48.384+0000] {dagbag.py:536} INFO - Filling up the DagBag from /opt/airflow/dags/dag_suivi.py
[2026-07-05T22:49:48.451+0000] {processor.py:839} INFO - DAG(s) dict_keys(['pipeline_ingestion_suivi']) retrieved from /opt/airflow/dags/dag_suivi.py
[2026-07-05T22:49:48.549+0000] {logging_mixin.py:151} INFO - [2026-07-05T22:49:48.549+0000] {dag.py:2941} INFO - Sync 1 DAGs
[2026-07-05T22:49:48.622+0000] {logging_mixin.py:151} INFO - [2026-07-05T22:49:48.622+0000] {dag.py:3722} INFO - Setting next_dagrun for pipeline_ingestion_suivi to 2026-07-05T22:00:00+00:00, run_after=2026-07-05T23:00:00+00:00
[2026-07-05T22:49:48.680+0000] {processor.py:179} INFO - Processing /opt/airflow/dags/dag_suivi.py took 0.308 seconds
[2026-07-05T22:50:18.870+0000] {processor.py:157} INFO - Started process (PID=576) to work on /opt/airflow/dags/dag_suivi.py
[2026-07-05T22:50:18.871+0000] {processor.py:829} INFO - Processing file /opt/airflow/dags/dag_suivi.py for tasks to queue
[2026-07-05T22:50:18.873+0000] {logging_mixin.py:151} INFO - [2026-07-05T22:50:18.873+0000] {dagbag.py:536} INFO - Filling up the DagBag from /opt/airflow/dags/dag_suivi.py
[2026-07-05T22:50:18.923+0000] {processor.py:839} INFO - DAG(s) dict_keys(['pipeline_ingestion_suivi']) retrieved from /opt/airflow/dags/dag_suivi.py
[2026-07-05T22:50:18.969+0000] {logging_mixin.py:151} INFO - [2026-07-05T22:50:18.969+0000] {dag.py:2941} INFO - Sync 1 DAGs
[2026-07-05T22:50:18.997+0000] {logging_mixin.py:151} INFO - [2026-07-05T22:50:18.997+0000] {dag.py:3722} INFO - Setting next_dagrun for pipeline_ingestion_suivi to 2026-07-05T22:00:00+00:00, run_after=2026-07-05T23:00:00+00:00
[2026-07-05T22:50:19.024+0000] {processor.py:179} INFO - Processing /opt/airflow/dags/dag_suivi.py took 0.159 seconds
[2026-07-05T22:50:49.223+0000] {processor.py:157} INFO - Started process (PID=581) to work on /opt/airflow/dags/dag_suivi.py
[2026-07-05T22:50:49.224+0000] {processor.py:829} INFO - Processing file /opt/airflow/dags/dag_suivi.py for tasks to queue
[2026-07-05T22:50:49.225+0000] {logging_mixin.py:151} INFO - [2026-07-05T22:50:49.225+0000] {dagbag.py:536} INFO - Filling up the DagBag from /opt/airflow/dags/dag_suivi.py
[2026-07-05T22:50:49.263+0000] {processor.py:839} INFO - DAG(s) dict_keys(['pipeline_ingestion_suivi']) retrieved from /opt/airflow/dags/dag_suivi.py
[2026-07-05T22:50:49.307+0000] {logging_mixin.py:151} INFO - [2026-07-05T22:50:49.306+0000] {dag.py:2941} INFO - Sync 1 DAGs
[2026-07-05T22:50:49.334+0000] {logging_mixin.py:151} INFO - [2026-07-05T22:50:49.334+0000] {dag.py:3722} INFO - Setting next_dagrun for pipeline_ingestion_suivi to 2026-07-05T22:00:00+00:00, run_after=2026-07-05T23:00:00+00:00
[2026-07-05T22:50:49.379+0000] {processor.py:179} INFO - Processing /opt/airflow/dags/dag_suivi.py took 0.160 seconds
[2026-07-05T22:51:19.563+0000] {processor.py:157} INFO - Started process (PID=586) to work on /opt/airflow/dags/dag_suivi.py
[2026-07-05T22:51:19.565+0000] {processor.py:829} INFO - Processing file /opt/airflow/dags/dag_suivi.py for tasks to queue
[2026-07-05T22:51:19.566+0000] {logging_mixin.py:151} INFO - [2026-07-05T22:51:19.566+0000] {dagbag.py:536} INFO - Filling up the DagBag from /opt/airflow/dags/dag_suivi.py
[2026-07-05T22:51:19.613+0000] {processor.py:839} INFO - DAG(s) dict_keys(['pipeline_ingestion_suivi']) retrieved from /opt/airflow/dags/dag_suivi.py
[2026-07-05T22:51:19.678+0000] {logging_mixin.py:151} INFO - [2026-07-05T22:51:19.677+0000] {dag.py:2941} INFO - Sync 1 DAGs
[2026-07-05T22:51:19.714+0000] {logging_mixin.py:151} INFO - [2026-07-05T22:51:19.714+0000] {dag.py:3722} INFO - Setting next_dagrun for pipeline_ingestion_suivi to 2026-07-05T22:00:00+00:00, run_after=2026-07-05T23:00:00+00:00
[2026-07-05T22:51:19.756+0000] {processor.py:179} INFO - Processing /opt/airflow/dags/dag_suivi.py took 0.199 seconds
[2026-07-05T22:51:49.930+0000] {processor.py:157} INFO - Started process (PID=591) to work on /opt/airflow/dags/dag_suivi.py
[2026-07-05T22:51:49.931+0000] {processor.py:829} INFO - Processing file /opt/airflow/dags/dag_suivi.py for tasks to queue
[2026-07-05T22:51:49.932+0000] {logging_mixin.py:151} INFO - [2026-07-05T22:51:49.932+0000] {dagbag.py:536} INFO - Filling up the DagBag from /opt/airflow/dags/dag_suivi.py
[2026-07-05T22:51:49.973+0000] {processor.py:839} INFO - DAG(s) dict_keys(['pipeline_ingestion_suivi']) retrieved from /opt/airflow/dags/dag_suivi.py
[2026-07-05T22:51:50.017+0000] {logging_mixin.py:151} INFO - [2026-07-05T22:51:50.017+0000] {dag.py:2941} INFO - Sync 1 DAGs
[2026-07-05T22:51:50.049+0000] {logging_mixin.py:151} INFO - [2026-07-05T22:51:50.048+0000] {dag.py:3722} INFO - Setting next_dagrun for pipeline_ingestion_suivi to 2026-07-05T22:00:00+00:00, run_after=2026-07-05T23:00:00+00:00
[2026-07-05T22:51:50.087+0000] {processor.py:179} INFO - Processing /opt/airflow/dags/dag_suivi.py took 0.161 seconds
[2026-07-05T22:52:20.249+0000] {processor.py:157} INFO - Started process (PID=596) to work on /opt/airflow/dags/dag_suivi.py
[2026-07-05T22:52:20.251+0000] {processor.py:829} INFO - Processing file /opt/airflow/dags/dag_suivi.py for tasks to queue
[2026-07-05T22:52:20.252+0000] {logging_mixin.py:151} INFO - [2026-07-05T22:52:20.252+0000] {dagbag.py:536} INFO - Filling up the DagBag from /opt/airflow/dags/dag_suivi.py
[2026-07-05T22:52:20.290+0000] {processor.py:839} INFO - DAG(s) dict_keys(['pipeline_ingestion_suivi']) retrieved from /opt/airflow/dags/dag_suivi.py
[2026-07-05T22:52:20.329+0000] {logging_mixin.py:151} INFO - [2026-07-05T22:52:20.329+0000] {dag.py:2941} INFO - Sync 1 DAGs
[2026-07-05T22:52:20.360+0000] {logging_mixin.py:151} INFO - [2026-07-05T22:52:20.360+0000] {dag.py:3722} INFO - Setting next_dagrun for pipeline_ingestion_suivi to 2026-07-05T22:00:00+00:00, run_after=2026-07-05T23:00:00+00:00
[2026-07-05T22:52:20.393+0000] {processor.py:179} INFO - Processing /opt/airflow/dags/dag_suivi.py took 0.148 seconds
[2026-07-05T22:52:50.585+0000] {processor.py:157} INFO - Started process (PID=601) to work on /opt/airflow/dags/dag_suivi.py
[2026-07-05T22:52:50.586+0000] {processor.py:829} INFO - Processing file /opt/airflow/dags/dag_suivi.py for tasks to queue
[2026-07-05T22:52:50.587+0000] {logging_mixin.py:151} INFO - [2026-07-05T22:52:50.587+0000] {dagbag.py:536} INFO - Filling up the DagBag from /opt/airflow/dags/dag_suivi.py
[2026-07-05T22:52:50.625+0000] {processor.py:839} INFO - DAG(s) dict_keys(['pipeline_ingestion_suivi']) retrieved from /opt/airflow/dags/dag_suivi.py
[2026-07-05T22:52:50.666+0000] {logging_mixin.py:151} INFO - [2026-07-05T22:52:50.666+0000] {dag.py:2941} INFO - Sync 1 DAGs
[2026-07-05T22:52:50.696+0000] {logging_mixin.py:151} INFO - [2026-07-05T22:52:50.696+0000] {dag.py:3722} INFO - Setting next_dagrun for pipeline_ingestion_suivi to 2026-07-05T22:00:00+00:00, run_after=2026-07-05T23:00:00+00:00
[2026-07-05T22:52:50.741+0000] {processor.py:179} INFO - Processing /opt/airflow/dags/dag_suivi.py took 0.160 seconds
[2026-07-05T22:53:20.898+0000] {processor.py:157} INFO - Started process (PID=606) to work on /opt/airflow/dags/dag_suivi.py
[2026-07-05T22:53:20.899+0000] {processor.py:829} INFO - Processing file /opt/airflow/dags/dag_suivi.py for tasks to queue
[2026-07-05T22:53:20.901+0000] {logging_mixin.py:151} INFO - [2026-07-05T22:53:20.901+0000] {dagbag.py:536} INFO - Filling up the DagBag from /opt/airflow/dags/dag_suivi.py
[2026-07-05T22:53:20.941+0000] {processor.py:839} INFO - DAG(s) dict_keys(['pipeline_ingestion_suivi']) retrieved from /opt/airflow/dags/dag_suivi.py
[2026-07-05T22:53:20.981+0000] {logging_mixin.py:151} INFO - [2026-07-05T22:53:20.981+0000] {dag.py:2941} INFO - Sync 1 DAGs
[2026-07-05T22:53:21.009+0000] {logging_mixin.py:151} INFO - [2026-07-05T22:53:21.009+0000] {dag.py:3722} INFO - Setting next_dagrun for pipeline_ingestion_suivi to 2026-07-05T22:00:00+00:00, run_after=2026-07-05T23:00:00+00:00
[2026-07-05T22:53:21.048+0000] {processor.py:179} INFO - Processing /opt/airflow/dags/dag_suivi.py took 0.154 seconds
[2026-07-05T22:53:51.251+0000] {processor.py:157} INFO - Started process (PID=611) to work on /opt/airflow/dags/dag_suivi.py
[2026-07-05T22:53:51.253+0000] {processor.py:829} INFO - Processing file /opt/airflow/dags/dag_suivi.py for tasks to queue
[2026-07-05T22:53:51.255+0000] {logging_mixin.py:151} INFO - [2026-07-05T22:53:51.254+0000] {dagbag.py:536} INFO - Filling up the DagBag from /opt/airflow/dags/dag_suivi.py
[2026-07-05T22:53:51.290+0000] {processor.py:839} INFO - DAG(s) dict_keys(['pipeline_ingestion_suivi']) retrieved from /opt/airflow/dags/dag_suivi.py
[2026-07-05T22:53:51.332+0000] {logging_mixin.py:151} INFO - [2026-07-05T22:53:51.331+0000] {dag.py:2941} INFO - Sync 1 DAGs
[2026-07-05T22:53:51.361+0000] {logging_mixin.py:151} INFO - [2026-07-05T22:53:51.361+0000] {dag.py:3722} INFO - Setting next_dagrun for pipeline_ingestion_suivi to 2026-07-05T22:00:00+00:00, run_after=2026-07-05T23:00:00+00:00
[2026-07-05T22:53:51.392+0000] {processor.py:179} INFO - Processing /opt/airflow/dags/dag_suivi.py took 0.146 seconds
[2026-07-05T22:54:21.573+0000] {processor.py:157} INFO - Started process (PID=616) to work on /opt/airflow/dags/dag_suivi.py
[2026-07-05T22:54:21.575+0000] {processor.py:829} INFO - Processing file /opt/airflow/dags/dag_suivi.py for tasks to queue
[2026-07-05T22:54:21.577+0000] {logging_mixin.py:151} INFO - [2026-07-05T22:54:21.577+0000] {dagbag.py:536} INFO - Filling up the DagBag from /opt/airflow/dags/dag_suivi.py
[2026-07-05T22:54:21.639+0000] {processor.py:839} INFO - DAG(s) dict_keys(['pipeline_ingestion_suivi']) retrieved from /opt/airflow/dags/dag_suivi.py
[2026-07-05T22:54:21.694+0000] {logging_mixin.py:151} INFO - [2026-07-05T22:54:21.693+0000] {dag.py:2941} INFO - Sync 1 DAGs
[2026-07-05T22:54:21.742+0000] {logging_mixin.py:151} INFO - [2026-07-05T22:54:21.741+0000] {dag.py:3722} INFO - Setting next_dagrun for pipeline_ingestion_suivi to 2026-07-05T22:00:00+00:00, run_after=2026-07-05T23:00:00+00:00
[2026-07-05T22:54:21.792+0000] {processor.py:179} INFO - Processing /opt/airflow/dags/dag_suivi.py took 0.228 seconds
[2026-07-05T22:54:51.970+0000] {processor.py:157} INFO - Started process (PID=621) to work on /opt/airflow/dags/dag_suivi.py
[2026-07-05T22:54:51.972+0000] {processor.py:829} INFO - Processing file /opt/airflow/dags/dag_suivi.py for tasks to queue
[2026-07-05T22:54:51.974+0000] {logging_mixin.py:151} INFO - [2026-07-05T22:54:51.973+0000] {dagbag.py:536} INFO - Filling up the DagBag from /opt/airflow/dags/dag_suivi.py
[2026-07-05T22:54:52.031+0000] {processor.py:839} INFO - DAG(s) dict_keys(['pipeline_ingestion_suivi']) retrieved from /opt/airflow/dags/dag_suivi.py
[2026-07-05T22:54:52.089+0000] {logging_mixin.py:151} INFO - [2026-07-05T22:54:52.089+0000] {dag.py:2941} INFO - Sync 1 DAGs
[2026-07-05T22:54:52.122+0000] {logging_mixin.py:151} INFO - [2026-07-05T22:54:52.121+0000] {dag.py:3722} INFO - Setting next_dagrun for pipeline_ingestion_suivi to 2026-07-05T22:00:00+00:00, run_after=2026-07-05T23:00:00+00:00
[2026-07-05T22:54:52.169+0000] {processor.py:179} INFO - Processing /opt/airflow/dags/dag_suivi.py took 0.207 seconds
[2026-07-05T22:55:22.369+0000] {processor.py:157} INFO - Started process (PID=626) to work on /opt/airflow/dags/dag_suivi.py
[2026-07-05T22:55:22.372+0000] {processor.py:829} INFO - Processing file /opt/airflow/dags/dag_suivi.py for tasks to queue
[2026-07-05T22:55:22.374+0000] {logging_mixin.py:151} INFO - [2026-07-05T22:55:22.374+0000] {dagbag.py:536} INFO - Filling up the DagBag from /opt/airflow/dags/dag_suivi.py
[2026-07-05T22:55:22.445+0000] {processor.py:839} INFO - DAG(s) dict_keys(['pipeline_ingestion_suivi']) retrieved from /opt/airflow/dags/dag_suivi.py
[2026-07-05T22:55:22.520+0000] {logging_mixin.py:151} INFO - [2026-07-05T22:55:22.520+0000] {dag.py:2941} INFO - Sync 1 DAGs
[2026-07-05T22:55:22.584+0000] {logging_mixin.py:151} INFO - [2026-07-05T22:55:22.584+0000] {dag.py:3722} INFO - Setting next_dagrun for pipeline_ingestion_suivi to 2026-07-05T22:00:00+00:00, run_after=2026-07-05T23:00:00+00:00
[2026-07-05T22:55:22.634+0000] {processor.py:179} INFO - Processing /opt/airflow/dags/dag_suivi.py took 0.272 seconds
[2026-07-05T22:55:52.753+0000] {processor.py:157} INFO - Started process (PID=631) to work on /opt/airflow/dags/dag_suivi.py
[2026-07-05T22:55:52.756+0000] {processor.py:829} INFO - Processing file /opt/airflow/dags/dag_suivi.py for tasks to queue
[2026-07-05T22:55:52.758+0000] {logging_mixin.py:151} INFO - [2026-07-05T22:55:52.758+0000] {dagbag.py:536} INFO - Filling up the DagBag from /opt/airflow/dags/dag_suivi.py
[2026-07-05T22:55:52.795+0000] {processor.py:839} INFO - DAG(s) dict_keys(['pipeline_ingestion_suivi']) retrieved from /opt/airflow/dags/dag_suivi.py
[2026-07-05T22:55:52.846+0000] {logging_mixin.py:151} INFO - [2026-07-05T22:55:52.846+0000] {dag.py:2941} INFO - Sync 1 DAGs
[2026-07-05T22:55:52.885+0000] {logging_mixin.py:151} INFO - [2026-07-05T22:55:52.884+0000] {dag.py:3722} INFO - Setting next_dagrun for pipeline_ingestion_suivi to 2026-07-05T22:00:00+00:00, run_after=2026-07-05T23:00:00+00:00
[2026-07-05T22:55:52.929+0000] {processor.py:179} INFO - Processing /opt/airflow/dags/dag_suivi.py took 0.182 seconds
[2026-07-05T22:56:23.227+0000] {processor.py:157} INFO - Started process (PID=636) to work on /opt/airflow/dags/dag_suivi.py
[2026-07-05T22:56:23.229+0000] {processor.py:829} INFO - Processing file /opt/airflow/dags/dag_suivi.py for tasks to queue
[2026-07-05T22:56:23.230+0000] {logging_mixin.py:151} INFO - [2026-07-05T22:56:23.230+0000] {dagbag.py:536} INFO - Filling up the DagBag from /opt/airflow/dags/dag_suivi.py
[2026-07-05T22:56:23.286+0000] {processor.py:839} INFO - DAG(s) dict_keys(['pipeline_ingestion_suivi']) retrieved from /opt/airflow/dags/dag_suivi.py
[2026-07-05T22:56:23.330+0000] {logging_mixin.py:151} INFO - [2026-07-05T22:56:23.330+0000] {dag.py:2941} INFO - Sync 1 DAGs
[2026-07-05T22:56:23.365+0000] {logging_mixin.py:151} INFO - [2026-07-05T22:56:23.365+0000] {dag.py:3722} INFO - Setting next_dagrun for pipeline_ingestion_suivi to 2026-07-05T22:00:00+00:00, run_after=2026-07-05T23:00:00+00:00
[2026-07-05T22:56:23.412+0000] {processor.py:179} INFO - Processing /opt/airflow/dags/dag_suivi.py took 0.189 seconds
[2026-07-05T22:56:53.601+0000] {processor.py:157} INFO - Started process (PID=641) to work on /opt/airflow/dags/dag_suivi.py
[2026-07-05T22:56:53.603+0000] {processor.py:829} INFO - Processing file /opt/airflow/dags/dag_suivi.py for tasks to queue
[2026-07-05T22:56:53.605+0000] {logging_mixin.py:151} INFO - [2026-07-05T22:56:53.604+0000] {dagbag.py:536} INFO - Filling up the DagBag from /opt/airflow/dags/dag_suivi.py
[2026-07-05T22:56:53.652+0000] {processor.py:839} INFO - DAG(s) dict_keys(['pipeline_ingestion_suivi']) retrieved from /opt/airflow/dags/dag_suivi.py
[2026-07-05T22:56:53.702+0000] {logging_mixin.py:151} INFO - [2026-07-05T22:56:53.702+0000] {dag.py:2941} INFO - Sync 1 DAGs
[2026-07-05T22:56:53.740+0000] {logging_mixin.py:151} INFO - [2026-07-05T22:56:53.740+0000] {dag.py:3722} INFO - Setting next_dagrun for pipeline_ingestion_suivi to 2026-07-05T22:00:00+00:00, run_after=2026-07-05T23:00:00+00:00
[2026-07-05T22:56:53.793+0000] {processor.py:179} INFO - Processing /opt/airflow/dags/dag_suivi.py took 0.197 seconds
[2026-07-05T22:57:24.048+0000] {processor.py:157} INFO - Started process (PID=646) to work on /opt/airflow/dags/dag_suivi.py
[2026-07-05T22:57:24.049+0000] {processor.py:829} INFO - Processing file /opt/airflow/dags/dag_suivi.py for tasks to queue
[2026-07-05T22:57:24.051+0000] {logging_mixin.py:151} INFO - [2026-07-05T22:57:24.051+0000] {dagbag.py:536} INFO - Filling up the DagBag from /opt/airflow/dags/dag_suivi.py
[2026-07-05T22:57:24.105+0000] {processor.py:839} INFO - DAG(s) dict_keys(['pipeline_ingestion_suivi']) retrieved from /opt/airflow/dags/dag_suivi.py
[2026-07-05T22:57:24.155+0000] {logging_mixin.py:151} INFO - [2026-07-05T22:57:24.155+0000] {dag.py:2941} INFO - Sync 1 DAGs
[2026-07-05T22:57:24.187+0000] {logging_mixin.py:151} INFO - [2026-07-05T22:57:24.187+0000] {dag.py:3722} INFO - Setting next_dagrun for pipeline_ingestion_suivi to 2026-07-05T22:00:00+00:00, run_after=2026-07-05T23:00:00+00:00
[2026-07-05T22:57:24.232+0000] {processor.py:179} INFO - Processing /opt/airflow/dags/dag_suivi.py took 0.190 seconds
[2026-07-05T22:57:54.322+0000] {processor.py:157} INFO - Started process (PID=651) to work on /opt/airflow/dags/dag_suivi.py
[2026-07-05T22:57:54.323+0000] {processor.py:829} INFO - Processing file /opt/airflow/dags/dag_suivi.py for tasks to queue
[2026-07-05T22:57:54.325+0000] {logging_mixin.py:151} INFO - [2026-07-05T22:57:54.324+0000] {dagbag.py:536} INFO - Filling up the DagBag from /opt/airflow/dags/dag_suivi.py
[2026-07-05T22:57:54.362+0000] {processor.py:839} INFO - DAG(s) dict_keys(['pipeline_ingestion_suivi']) retrieved from /opt/airflow/dags/dag_suivi.py
[2026-07-05T22:57:54.402+0000] {logging_mixin.py:151} INFO - [2026-07-05T22:57:54.401+0000] {dag.py:2941} INFO - Sync 1 DAGs
[2026-07-05T22:57:54.427+0000] {logging_mixin.py:151} INFO - [2026-07-05T22:57:54.427+0000] {dag.py:3722} INFO - Setting next_dagrun for pipeline_ingestion_suivi to 2026-07-05T22:00:00+00:00, run_after=2026-07-05T23:00:00+00:00
[2026-07-05T22:57:54.453+0000] {processor.py:179} INFO - Processing /opt/airflow/dags/dag_suivi.py took 0.135 seconds
[2026-07-05T22:58:24.715+0000] {processor.py:157} INFO - Started process (PID=656) to work on /opt/airflow/dags/dag_suivi.py
[2026-07-05T22:58:24.716+0000] {processor.py:829} INFO - Processing file /opt/airflow/dags/dag_suivi.py for tasks to queue
[2026-07-05T22:58:24.717+0000] {logging_mixin.py:151} INFO - [2026-07-05T22:58:24.717+0000] {dagbag.py:536} INFO - Filling up the DagBag from /opt/airflow/dags/dag_suivi.py
[2026-07-05T22:58:24.753+0000] {processor.py:839} INFO - DAG(s) dict_keys(['pipeline_ingestion_suivi']) retrieved from /opt/airflow/dags/dag_suivi.py
[2026-07-05T22:58:24.791+0000] {logging_mixin.py:151} INFO - [2026-07-05T22:58:24.790+0000] {dag.py:2941} INFO - Sync 1 DAGs
[2026-07-05T22:58:24.823+0000] {logging_mixin.py:151} INFO - [2026-07-05T22:58:24.822+0000] {dag.py:3722} INFO - Setting next_dagrun for pipeline_ingestion_suivi to 2026-07-05T22:00:00+00:00, run_after=2026-07-05T23:00:00+00:00
[2026-07-05T22:58:24.872+0000] {processor.py:179} INFO - Processing /opt/airflow/dags/dag_suivi.py took 0.160 seconds
[2026-07-05T22:58:55.030+0000] {processor.py:157} INFO - Started process (PID=661) to work on /opt/airflow/dags/dag_suivi.py
[2026-07-05T22:58:55.032+0000] {processor.py:829} INFO - Processing file /opt/airflow/dags/dag_suivi.py for tasks to queue
[2026-07-05T22:58:55.034+0000] {logging_mixin.py:151} INFO - [2026-07-05T22:58:55.034+0000] {dagbag.py:536} INFO - Filling up the DagBag from /opt/airflow/dags/dag_suivi.py
[2026-07-05T22:58:55.089+0000] {processor.py:839} INFO - DAG(s) dict_keys(['pipeline_ingestion_suivi']) retrieved from /opt/airflow/dags/dag_suivi.py
[2026-07-05T22:58:55.149+0000] {logging_mixin.py:151} INFO - [2026-07-05T22:58:55.149+0000] {dag.py:2941} INFO - Sync 1 DAGs
[2026-07-05T22:58:55.192+0000] {logging_mixin.py:151} INFO - [2026-07-05T22:58:55.191+0000] {dag.py:3722} INFO - Setting next_dagrun for pipeline_ingestion_suivi to 2026-07-05T22:00:00+00:00, run_after=2026-07-05T23:00:00+00:00
[2026-07-05T22:58:55.238+0000] {processor.py:179} INFO - Processing /opt/airflow/dags/dag_suivi.py took 0.219 seconds
[2026-07-05T22:59:25.446+0000] {processor.py:157} INFO - Started process (PID=666) to work on /opt/airflow/dags/dag_suivi.py
[2026-07-05T22:59:25.450+0000] {processor.py:829} INFO - Processing file /opt/airflow/dags/dag_suivi.py for tasks to queue
[2026-07-05T22:59:25.452+0000] {logging_mixin.py:151} INFO - [2026-07-05T22:59:25.451+0000] {dagbag.py:536} INFO - Filling up the DagBag from /opt/airflow/dags/dag_suivi.py
[2026-07-05T22:59:25.508+0000] {processor.py:839} INFO - DAG(s) dict_keys(['pipeline_ingestion_suivi']) retrieved from /opt/airflow/dags/dag_suivi.py
[2026-07-05T22:59:25.557+0000] {logging_mixin.py:151} INFO - [2026-07-05T22:59:25.557+0000] {dag.py:2941} INFO - Sync 1 DAGs
[2026-07-05T22:59:25.593+0000] {logging_mixin.py:151} INFO - [2026-07-05T22:59:25.593+0000] {dag.py:3722} INFO - Setting next_dagrun for pipeline_ingestion_suivi to 2026-07-05T22:00:00+00:00, run_after=2026-07-05T23:00:00+00:00
[2026-07-05T22:59:25.639+0000] {processor.py:179} INFO - Processing /opt/airflow/dags/dag_suivi.py took 0.202 seconds
[2026-07-05T22:59:55.831+0000] {processor.py:157} INFO - Started process (PID=671) to work on /opt/airflow/dags/dag_suivi.py
[2026-07-05T22:59:55.833+0000] {processor.py:829} INFO - Processing file /opt/airflow/dags/dag_suivi.py for tasks to queue
[2026-07-05T22:59:55.836+0000] {logging_mixin.py:151} INFO - [2026-07-05T22:59:55.835+0000] {dagbag.py:536} INFO - Filling up the DagBag from /opt/airflow/dags/dag_suivi.py
[2026-07-05T22:59:55.882+0000] {processor.py:839} INFO - DAG(s) dict_keys(['pipeline_ingestion_suivi']) retrieved from /opt/airflow/dags/dag_suivi.py
[2026-07-05T22:59:55.943+0000] {logging_mixin.py:151} INFO - [2026-07-05T22:59:55.942+0000] {dag.py:2941} INFO - Sync 1 DAGs
[2026-07-05T22:59:55.976+0000] {logging_mixin.py:151} INFO - [2026-07-05T22:59:55.976+0000] {dag.py:3722} INFO - Setting next_dagrun for pipeline_ingestion_suivi to 2026-07-05T22:00:00+00:00, run_after=2026-07-05T23:00:00+00:00
[2026-07-05T22:59:56.013+0000] {processor.py:179} INFO - Processing /opt/airflow/dags/dag_suivi.py took 0.187 seconds
[2026-07-05T23:00:26.256+0000] {processor.py:157} INFO - Started process (PID=678) to work on /opt/airflow/dags/dag_suivi.py
[2026-07-05T23:00:26.258+0000] {processor.py:829} INFO - Processing file /opt/airflow/dags/dag_suivi.py for tasks to queue
[2026-07-05T23:00:26.260+0000] {logging_mixin.py:151} INFO - [2026-07-05T23:00:26.259+0000] {dagbag.py:536} INFO - Filling up the DagBag from /opt/airflow/dags/dag_suivi.py
[2026-07-05T23:00:26.312+0000] {processor.py:839} INFO - DAG(s) dict_keys(['pipeline_ingestion_suivi']) retrieved from /opt/airflow/dags/dag_suivi.py
[2026-07-05T23:00:26.378+0000] {logging_mixin.py:151} INFO - [2026-07-05T23:00:26.378+0000] {dag.py:2941} INFO - Sync 1 DAGs
[2026-07-05T23:00:26.429+0000] {logging_mixin.py:151} INFO - [2026-07-05T23:00:26.429+0000] {dag.py:3722} INFO - Setting next_dagrun for pipeline_ingestion_suivi to 2026-07-05T23:00:00+00:00, run_after=2026-07-06T00:00:00+00:00
[2026-07-05T23:00:26.465+0000] {processor.py:179} INFO - Processing /opt/airflow/dags/dag_suivi.py took 0.220 seconds
[2026-07-05T23:00:56.617+0000] {processor.py:157} INFO - Started process (PID=683) to work on /opt/airflow/dags/dag_suivi.py
[2026-07-05T23:00:56.619+0000] {processor.py:829} INFO - Processing file /opt/airflow/dags/dag_suivi.py for tasks to queue
[2026-07-05T23:00:56.622+0000] {logging_mixin.py:151} INFO - [2026-07-05T23:00:56.621+0000] {dagbag.py:536} INFO - Filling up the DagBag from /opt/airflow/dags/dag_suivi.py
[2026-07-05T23:00:56.668+0000] {processor.py:839} INFO - DAG(s) dict_keys(['pipeline_ingestion_suivi']) retrieved from /opt/airflow/dags/dag_suivi.py
[2026-07-05T23:00:56.724+0000] {logging_mixin.py:151} INFO - [2026-07-05T23:00:56.723+0000] {dag.py:2941} INFO - Sync 1 DAGs
[2026-07-05T23:00:56.760+0000] {logging_mixin.py:151} INFO - [2026-07-05T23:00:56.760+0000] {dag.py:3722} INFO - Setting next_dagrun for pipeline_ingestion_suivi to 2026-07-05T23:00:00+00:00, run_after=2026-07-06T00:00:00+00:00
[2026-07-05T23:00:56.802+0000] {processor.py:179} INFO - Processing /opt/airflow/dags/dag_suivi.py took 0.190 seconds
[2026-07-05T23:01:27.117+0000] {processor.py:157} INFO - Started process (PID=688) to work on /opt/airflow/dags/dag_suivi.py
[2026-07-05T23:01:27.118+0000] {processor.py:829} INFO - Processing file /opt/airflow/dags/dag_suivi.py for tasks to queue
[2026-07-05T23:01:27.121+0000] {logging_mixin.py:151} INFO - [2026-07-05T23:01:27.120+0000] {dagbag.py:536} INFO - Filling up the DagBag from /opt/airflow/dags/dag_suivi.py
[2026-07-05T23:01:27.170+0000] {processor.py:839} INFO - DAG(s) dict_keys(['pipeline_ingestion_suivi']) retrieved from /opt/airflow/dags/dag_suivi.py
[2026-07-05T23:01:27.222+0000] {logging_mixin.py:151} INFO - [2026-07-05T23:01:27.221+0000] {dag.py:2941} INFO - Sync 1 DAGs
[2026-07-05T23:01:27.257+0000] {logging_mixin.py:151} INFO - [2026-07-05T23:01:27.257+0000] {dag.py:3722} INFO - Setting next_dagrun for pipeline_ingestion_suivi to 2026-07-05T23:00:00+00:00, run_after=2026-07-06T00:00:00+00:00
[2026-07-05T23:01:27.294+0000] {processor.py:179} INFO - Processing /opt/airflow/dags/dag_suivi.py took 0.180 seconds
[2026-07-05T23:01:57.401+0000] {processor.py:157} INFO - Started process (PID=693) to work on /opt/airflow/dags/dag_suivi.py
[2026-07-05T23:01:57.403+0000] {processor.py:829} INFO - Processing file /opt/airflow/dags/dag_suivi.py for tasks to queue
[2026-07-05T23:01:57.406+0000] {logging_mixin.py:151} INFO - [2026-07-05T23:01:57.405+0000] {dagbag.py:536} INFO - Filling up the DagBag from /opt/airflow/dags/dag_suivi.py
[2026-07-05T23:01:57.457+0000] {processor.py:839} INFO - DAG(s) dict_keys(['pipeline_ingestion_suivi']) retrieved from /opt/airflow/dags/dag_suivi.py
[2026-07-05T23:01:57.507+0000] {logging_mixin.py:151} INFO - [2026-07-05T23:01:57.506+0000] {dag.py:2941} INFO - Sync 1 DAGs
[2026-07-05T23:01:57.544+0000] {logging_mixin.py:151} INFO - [2026-07-05T23:01:57.544+0000] {dag.py:3722} INFO - Setting next_dagrun for pipeline_ingestion_suivi to 2026-07-05T23:00:00+00:00, run_after=2026-07-06T00:00:00+00:00
[2026-07-05T23:01:57.595+0000] {processor.py:179} INFO - Processing /opt/airflow/dags/dag_suivi.py took 0.197 seconds
[2026-07-05T23:02:27.886+0000] {processor.py:157} INFO - Started process (PID=698) to work on /opt/airflow/dags/dag_suivi.py
[2026-07-05T23:02:27.887+0000] {processor.py:829} INFO - Processing file /opt/airflow/dags/dag_suivi.py for tasks to queue
[2026-07-05T23:02:27.889+0000] {logging_mixin.py:151} INFO - [2026-07-05T23:02:27.889+0000] {dagbag.py:536} INFO - Filling up the DagBag from /opt/airflow/dags/dag_suivi.py
[2026-07-05T23:02:27.961+0000] {processor.py:839} INFO - DAG(s) dict_keys(['pipeline_ingestion_suivi']) retrieved from /opt/airflow/dags/dag_suivi.py
[2026-07-05T23:02:28.037+0000] {logging_mixin.py:151} INFO - [2026-07-05T23:02:28.037+0000] {dag.py:2941} INFO - Sync 1 DAGs
[2026-07-05T23:02:28.106+0000] {logging_mixin.py:151} INFO - [2026-07-05T23:02:28.105+0000] {dag.py:3722} INFO - Setting next_dagrun for pipeline_ingestion_suivi to 2026-07-05T23:00:00+00:00, run_after=2026-07-06T00:00:00+00:00
[2026-07-05T23:02:28.154+0000] {processor.py:179} INFO - Processing /opt/airflow/dags/dag_suivi.py took 0.281 seconds
[2026-07-05T23:02:58.267+0000] {processor.py:157} INFO - Started process (PID=703) to work on /opt/airflow/dags/dag_suivi.py
[2026-07-05T23:02:58.269+0000] {processor.py:829} INFO - Processing file /opt/airflow/dags/dag_suivi.py for tasks to queue
[2026-07-05T23:02:58.270+0000] {logging_mixin.py:151} INFO - [2026-07-05T23:02:58.270+0000] {dagbag.py:536} INFO - Filling up the DagBag from /opt/airflow/dags/dag_suivi.py
[2026-07-05T23:02:58.317+0000] {processor.py:839} INFO - DAG(s) dict_keys(['pipeline_ingestion_suivi']) retrieved from /opt/airflow/dags/dag_suivi.py
[2026-07-05T23:02:58.374+0000] {logging_mixin.py:151} INFO - [2026-07-05T23:02:58.374+0000] {dag.py:2941} INFO - Sync 1 DAGs
[2026-07-05T23:02:58.408+0000] {logging_mixin.py:151} INFO - [2026-07-05T23:02:58.408+0000] {dag.py:3722} INFO - Setting next_dagrun for pipeline_ingestion_suivi to 2026-07-05T23:00:00+00:00, run_after=2026-07-06T00:00:00+00:00
[2026-07-05T23:02:58.455+0000] {processor.py:179} INFO - Processing /opt/airflow/dags/dag_suivi.py took 0.194 seconds
[2026-07-05T23:03:28.744+0000] {processor.py:157} INFO - Started process (PID=708) to work on /opt/airflow/dags/dag_suivi.py
[2026-07-05T23:03:28.747+0000] {processor.py:829} INFO - Processing file /opt/airflow/dags/dag_suivi.py for tasks to queue
[2026-07-05T23:03:28.750+0000] {logging_mixin.py:151} INFO - [2026-07-05T23:03:28.750+0000] {dagbag.py:536} INFO - Filling up the DagBag from /opt/airflow/dags/dag_suivi.py
[2026-07-05T23:03:28.803+0000] {processor.py:839} INFO - DAG(s) dict_keys(['pipeline_ingestion_suivi']) retrieved from /opt/airflow/dags/dag_suivi.py
[2026-07-05T23:03:28.854+0000] {logging_mixin.py:151} INFO - [2026-07-05T23:03:28.853+0000] {dag.py:2941} INFO - Sync 1 DAGs
[2026-07-05T23:03:28.884+0000] {logging_mixin.py:151} INFO - [2026-07-05T23:03:28.884+0000] {dag.py:3722} INFO - Setting next_dagrun for pipeline_ingestion_suivi to 2026-07-05T23:00:00+00:00, run_after=2026-07-06T00:00:00+00:00
[2026-07-05T23:03:28.925+0000] {processor.py:179} INFO - Processing /opt/airflow/dags/dag_suivi.py took 0.188 seconds
[2026-07-05T23:03:59.022+0000] {processor.py:157} INFO - Started process (PID=713) to work on /opt/airflow/dags/dag_suivi.py
[2026-07-05T23:03:59.023+0000] {processor.py:829} INFO - Processing file /opt/airflow/dags/dag_suivi.py for tasks to queue
[2026-07-05T23:03:59.024+0000] {logging_mixin.py:151} INFO - [2026-07-05T23:03:59.024+0000] {dagbag.py:536} INFO - Filling up the DagBag from /opt/airflow/dags/dag_suivi.py
[2026-07-05T23:03:59.075+0000] {processor.py:839} INFO - DAG(s) dict_keys(['pipeline_ingestion_suivi']) retrieved from /opt/airflow/dags/dag_suivi.py
[2026-07-05T23:03:59.139+0000] {logging_mixin.py:151} INFO - [2026-07-05T23:03:59.138+0000] {dag.py:2941} INFO - Sync 1 DAGs
[2026-07-05T23:03:59.209+0000] {logging_mixin.py:151} INFO - [2026-07-05T23:03:59.208+0000] {dag.py:3722} INFO - Setting next_dagrun for pipeline_ingestion_suivi to 2026-07-05T23:00:00+00:00, run_after=2026-07-06T00:00:00+00:00
[2026-07-05T23:03:59.267+0000] {processor.py:179} INFO - Processing /opt/airflow/dags/dag_suivi.py took 0.252 seconds
[2026-07-05T23:04:29.523+0000] {processor.py:157} INFO - Started process (PID=718) to work on /opt/airflow/dags/dag_suivi.py
[2026-07-05T23:04:29.525+0000] {processor.py:829} INFO - Processing file /opt/airflow/dags/dag_suivi.py for tasks to queue
[2026-07-05T23:04:29.526+0000] {logging_mixin.py:151} INFO - [2026-07-05T23:04:29.526+0000] {dagbag.py:536} INFO - Filling up the DagBag from /opt/airflow/dags/dag_suivi.py
[2026-07-05T23:04:29.571+0000] {processor.py:839} INFO - DAG(s) dict_keys(['pipeline_ingestion_suivi']) retrieved from /opt/airflow/dags/dag_suivi.py
[2026-07-05T23:04:29.625+0000] {logging_mixin.py:151} INFO - [2026-07-05T23:04:29.625+0000] {dag.py:2941} INFO - Sync 1 DAGs
[2026-07-05T23:04:29.662+0000] {logging_mixin.py:151} INFO - [2026-07-05T23:04:29.662+0000] {dag.py:3722} INFO - Setting next_dagrun for pipeline_ingestion_suivi to 2026-07-05T23:00:00+00:00, run_after=2026-07-06T00:00:00+00:00
[2026-07-05T23:04:29.695+0000] {processor.py:179} INFO - Processing /opt/airflow/dags/dag_suivi.py took 0.180 seconds
[2026-07-05T23:04:59.878+0000] {processor.py:157} INFO - Started process (PID=723) to work on /opt/airflow/dags/dag_suivi.py
[2026-07-05T23:04:59.880+0000] {processor.py:829} INFO - Processing file /opt/airflow/dags/dag_suivi.py for tasks to queue
[2026-07-05T23:04:59.882+0000] {logging_mixin.py:151} INFO - [2026-07-05T23:04:59.881+0000] {dagbag.py:536} INFO - Filling up the DagBag from /opt/airflow/dags/dag_suivi.py
[2026-07-05T23:04:59.929+0000] {processor.py:839} INFO - DAG(s) dict_keys(['pipeline_ingestion_suivi']) retrieved from /opt/airflow/dags/dag_suivi.py
[2026-07-05T23:04:59.980+0000] {logging_mixin.py:151} INFO - [2026-07-05T23:04:59.980+0000] {dag.py:2941} INFO - Sync 1 DAGs
[2026-07-05T23:05:00.025+0000] {logging_mixin.py:151} INFO - [2026-07-05T23:05:00.025+0000] {dag.py:3722} INFO - Setting next_dagrun for pipeline_ingestion_suivi to 2026-07-05T23:00:00+00:00, run_after=2026-07-06T00:00:00+00:00
[2026-07-05T23:05:00.078+0000] {processor.py:179} INFO - Processing /opt/airflow/dags/dag_suivi.py took 0.203 seconds
[2026-07-05T23:05:30.261+0000] {processor.py:157} INFO - Started process (PID=728) to work on /opt/airflow/dags/dag_suivi.py
[2026-07-05T23:05:30.263+0000] {processor.py:829} INFO - Processing file /opt/airflow/dags/dag_suivi.py for tasks to queue
[2026-07-05T23:05:30.265+0000] {logging_mixin.py:151} INFO - [2026-07-05T23:05:30.264+0000] {dagbag.py:536} INFO - Filling up the DagBag from /opt/airflow/dags/dag_suivi.py
[2026-07-05T23:05:30.328+0000] {processor.py:839} INFO - DAG(s) dict_keys(['pipeline_ingestion_suivi']) retrieved from /opt/airflow/dags/dag_suivi.py
[2026-07-05T23:05:30.390+0000] {logging_mixin.py:151} INFO - [2026-07-05T23:05:30.389+0000] {dag.py:2941} INFO - Sync 1 DAGs
[2026-07-05T23:05:30.431+0000] {logging_mixin.py:151} INFO - [2026-07-05T23:05:30.431+0000] {dag.py:3722} INFO - Setting next_dagrun for pipeline_ingestion_suivi to 2026-07-05T23:00:00+00:00, run_after=2026-07-06T00:00:00+00:00
[2026-07-05T23:05:30.481+0000] {processor.py:179} INFO - Processing /opt/airflow/dags/dag_suivi.py took 0.225 seconds
[2026-07-05T23:06:00.689+0000] {processor.py:157} INFO - Started process (PID=733) to work on /opt/airflow/dags/dag_suivi.py
[2026-07-05T23:06:00.690+0000] {processor.py:829} INFO - Processing file /opt/airflow/dags/dag_suivi.py for tasks to queue
[2026-07-05T23:06:00.692+0000] {logging_mixin.py:151} INFO - [2026-07-05T23:06:00.692+0000] {dagbag.py:536} INFO - Filling up the DagBag from /opt/airflow/dags/dag_suivi.py
[2026-07-05T23:06:00.741+0000] {processor.py:839} INFO - DAG(s) dict_keys(['pipeline_ingestion_suivi']) retrieved from /opt/airflow/dags/dag_suivi.py
[2026-07-05T23:06:00.787+0000] {logging_mixin.py:151} INFO - [2026-07-05T23:06:00.787+0000] {dag.py:2941} INFO - Sync 1 DAGs
[2026-07-05T23:06:00.825+0000] {logging_mixin.py:151} INFO - [2026-07-05T23:06:00.825+0000] {dag.py:3722} INFO - Setting next_dagrun for pipeline_ingestion_suivi to 2026-07-05T23:00:00+00:00, run_after=2026-07-06T00:00:00+00:00
[2026-07-05T23:06:00.876+0000] {processor.py:179} INFO - Processing /opt/airflow/dags/dag_suivi.py took 0.193 seconds
[2026-07-05T23:06:31.031+0000] {processor.py:157} INFO - Started process (PID=738) to work on /opt/airflow/dags/dag_suivi.py
[2026-07-05T23:06:31.033+0000] {processor.py:829} INFO - Processing file /opt/airflow/dags/dag_suivi.py for tasks to queue
[2026-07-05T23:06:31.037+0000] {logging_mixin.py:151} INFO - [2026-07-05T23:06:31.036+0000] {dagbag.py:536} INFO - Filling up the DagBag from /opt/airflow/dags/dag_suivi.py
[2026-07-05T23:06:31.091+0000] {processor.py:839} INFO - DAG(s) dict_keys(['pipeline_ingestion_suivi']) retrieved from /opt/airflow/dags/dag_suivi.py
[2026-07-05T23:06:31.138+0000] {logging_mixin.py:151} INFO - [2026-07-05T23:06:31.138+0000] {dag.py:2941} INFO - Sync 1 DAGs
[2026-07-05T23:06:31.177+0000] {logging_mixin.py:151} INFO - [2026-07-05T23:06:31.177+0000] {dag.py:3722} INFO - Setting next_dagrun for pipeline_ingestion_suivi to 2026-07-05T23:00:00+00:00, run_after=2026-07-06T00:00:00+00:00
[2026-07-05T23:06:31.225+0000] {processor.py:179} INFO - Processing /opt/airflow/dags/dag_suivi.py took 0.197 seconds
[2026-07-05T23:07:01.521+0000] {processor.py:157} INFO - Started process (PID=743) to work on /opt/airflow/dags/dag_suivi.py
[2026-07-05T23:07:01.523+0000] {processor.py:829} INFO - Processing file /opt/airflow/dags/dag_suivi.py for tasks to queue
[2026-07-05T23:07:01.525+0000] {logging_mixin.py:151} INFO - [2026-07-05T23:07:01.524+0000] {dagbag.py:536} INFO - Filling up the DagBag from /opt/airflow/dags/dag_suivi.py
[2026-07-05T23:07:01.570+0000] {processor.py:839} INFO - DAG(s) dict_keys(['pipeline_ingestion_suivi']) retrieved from /opt/airflow/dags/dag_suivi.py
[2026-07-05T23:07:01.620+0000] {logging_mixin.py:151} INFO - [2026-07-05T23:07:01.620+0000] {dag.py:2941} INFO - Sync 1 DAGs
[2026-07-05T23:07:01.658+0000] {logging_mixin.py:151} INFO - [2026-07-05T23:07:01.657+0000] {dag.py:3722} INFO - Setting next_dagrun for pipeline_ingestion_suivi to 2026-07-05T23:00:00+00:00, run_after=2026-07-06T00:00:00+00:00
[2026-07-05T23:07:01.703+0000] {processor.py:179} INFO - Processing /opt/airflow/dags/dag_suivi.py took 0.186 seconds
[2026-07-05T23:07:31.812+0000] {processor.py:157} INFO - Started process (PID=748) to work on /opt/airflow/dags/dag_suivi.py
[2026-07-05T23:07:31.814+0000] {processor.py:829} INFO - Processing file /opt/airflow/dags/dag_suivi.py for tasks to queue
[2026-07-05T23:07:31.816+0000] {logging_mixin.py:151} INFO - [2026-07-05T23:07:31.816+0000] {dagbag.py:536} INFO - Filling up the DagBag from /opt/airflow/dags/dag_suivi.py
[2026-07-05T23:07:31.869+0000] {processor.py:839} INFO - DAG(s) dict_keys(['pipeline_ingestion_suivi']) retrieved from /opt/airflow/dags/dag_suivi.py
[2026-07-05T23:07:31.924+0000] {logging_mixin.py:151} INFO - [2026-07-05T23:07:31.924+0000] {dag.py:2941} INFO - Sync 1 DAGs
[2026-07-05T23:07:31.969+0000] {logging_mixin.py:151} INFO - [2026-07-05T23:07:31.969+0000] {dag.py:3722} INFO - Setting next_dagrun for pipeline_ingestion_suivi to 2026-07-05T23:00:00+00:00, run_after=2026-07-06T00:00:00+00:00
[2026-07-05T23:07:32.007+0000] {processor.py:179} INFO - Processing /opt/airflow/dags/dag_suivi.py took 0.203 seconds
[2026-07-05T23:08:02.282+0000] {processor.py:157} INFO - Started process (PID=753) to work on /opt/airflow/dags/dag_suivi.py
[2026-07-05T23:08:02.284+0000] {processor.py:829} INFO - Processing file /opt/airflow/dags/dag_suivi.py for tasks to queue
[2026-07-05T23:08:02.286+0000] {logging_mixin.py:151} INFO - [2026-07-05T23:08:02.285+0000] {dagbag.py:536} INFO - Filling up the DagBag from /opt/airflow/dags/dag_suivi.py
[2026-07-05T23:08:02.335+0000] {processor.py:839} INFO - DAG(s) dict_keys(['pipeline_ingestion_suivi']) retrieved from /opt/airflow/dags/dag_suivi.py
[2026-07-05T23:08:02.381+0000] {logging_mixin.py:151} INFO - [2026-07-05T23:08:02.381+0000] {dag.py:2941} INFO - Sync 1 DAGs
[2026-07-05T23:08:02.418+0000] {logging_mixin.py:151} INFO - [2026-07-05T23:08:02.418+0000] {dag.py:3722} INFO - Setting next_dagrun for pipeline_ingestion_suivi to 2026-07-05T23:00:00+00:00, run_after=2026-07-06T00:00:00+00:00
[2026-07-05T23:08:02.464+0000] {processor.py:179} INFO - Processing /opt/airflow/dags/dag_suivi.py took 0.188 seconds
[2026-07-05T23:08:32.574+0000] {processor.py:157} INFO - Started process (PID=758) to work on /opt/airflow/dags/dag_suivi.py
[2026-07-05T23:08:32.576+0000] {processor.py:829} INFO - Processing file /opt/airflow/dags/dag_suivi.py for tasks to queue
[2026-07-05T23:08:32.578+0000] {logging_mixin.py:151} INFO - [2026-07-05T23:08:32.578+0000] {dagbag.py:536} INFO - Filling up the DagBag from /opt/airflow/dags/dag_suivi.py
[2026-07-05T23:08:32.631+0000] {processor.py:839} INFO - DAG(s) dict_keys(['pipeline_ingestion_suivi']) retrieved from /opt/airflow/dags/dag_suivi.py
[2026-07-05T23:08:32.677+0000] {logging_mixin.py:151} INFO - [2026-07-05T23:08:32.676+0000] {dag.py:2941} INFO - Sync 1 DAGs
[2026-07-05T23:08:32.714+0000] {logging_mixin.py:151} INFO - [2026-07-05T23:08:32.714+0000] {dag.py:3722} INFO - Setting next_dagrun for pipeline_ingestion_suivi to 2026-07-05T23:00:00+00:00, run_after=2026-07-06T00:00:00+00:00
[2026-07-05T23:08:32.762+0000] {processor.py:179} INFO - Processing /opt/airflow/dags/dag_suivi.py took 0.192 seconds
[2026-07-05T23:09:03.026+0000] {processor.py:157} INFO - Started process (PID=763) to work on /opt/airflow/dags/dag_suivi.py
[2026-07-05T23:09:03.028+0000] {processor.py:829} INFO - Processing file /opt/airflow/dags/dag_suivi.py for tasks to queue
[2026-07-05T23:09:03.031+0000] {logging_mixin.py:151} INFO - [2026-07-05T23:09:03.030+0000] {dagbag.py:536} INFO - Filling up the DagBag from /opt/airflow/dags/dag_suivi.py
[2026-07-05T23:09:03.078+0000] {processor.py:839} INFO - DAG(s) dict_keys(['pipeline_ingestion_suivi']) retrieved from /opt/airflow/dags/dag_suivi.py
[2026-07-05T23:09:03.159+0000] {logging_mixin.py:151} INFO - [2026-07-05T23:09:03.159+0000] {dag.py:2941} INFO - Sync 1 DAGs
[2026-07-05T23:09:03.254+0000] {logging_mixin.py:151} INFO - [2026-07-05T23:09:03.253+0000] {dag.py:3722} INFO - Setting next_dagrun for pipeline_ingestion_suivi to 2026-07-05T23:00:00+00:00, run_after=2026-07-06T00:00:00+00:00
[2026-07-05T23:09:03.331+0000] {processor.py:179} INFO - Processing /opt/airflow/dags/dag_suivi.py took 0.310 seconds
[2026-07-05T23:09:33.684+0000] {processor.py:157} INFO - Started process (PID=768) to work on /opt/airflow/dags/dag_suivi.py
[2026-07-05T23:09:33.686+0000] {processor.py:829} INFO - Processing file /opt/airflow/dags/dag_suivi.py for tasks to queue
[2026-07-05T23:09:33.688+0000] {logging_mixin.py:151} INFO - [2026-07-05T23:09:33.687+0000] {dagbag.py:536} INFO - Filling up the DagBag from /opt/airflow/dags/dag_suivi.py
[2026-07-05T23:09:33.740+0000] {processor.py:839} INFO - DAG(s) dict_keys(['pipeline_ingestion_suivi']) retrieved from /opt/airflow/dags/dag_suivi.py
[2026-07-05T23:09:33.795+0000] {logging_mixin.py:151} INFO - [2026-07-05T23:09:33.795+0000] {dag.py:2941} INFO - Sync 1 DAGs
[2026-07-05T23:09:33.827+0000] {logging_mixin.py:151} INFO - [2026-07-05T23:09:33.827+0000] {dag.py:3722} INFO - Setting next_dagrun for pipeline_ingestion_suivi to 2026-07-05T23:00:00+00:00, run_after=2026-07-06T00:00:00+00:00
[2026-07-05T23:09:33.861+0000] {processor.py:179} INFO - Processing /opt/airflow/dags/dag_suivi.py took 0.185 seconds
[2026-07-05T23:10:03.946+0000] {processor.py:157} INFO - Started process (PID=773) to work on /opt/airflow/dags/dag_suivi.py
[2026-07-05T23:10:03.948+0000] {processor.py:829} INFO - Processing file /opt/airflow/dags/dag_suivi.py for tasks to queue
[2026-07-05T23:10:03.951+0000] {logging_mixin.py:151} INFO - [2026-07-05T23:10:03.950+0000] {dagbag.py:536} INFO - Filling up the DagBag from /opt/airflow/dags/dag_suivi.py
[2026-07-05T23:10:03.998+0000] {processor.py:839} INFO - DAG(s) dict_keys(['pipeline_ingestion_suivi']) retrieved from /opt/airflow/dags/dag_suivi.py
[2026-07-05T23:10:04.066+0000] {logging_mixin.py:151} INFO - [2026-07-05T23:10:04.065+0000] {dag.py:2941} INFO - Sync 1 DAGs
[2026-07-05T23:10:04.105+0000] {logging_mixin.py:151} INFO - [2026-07-05T23:10:04.105+0000] {dag.py:3722} INFO - Setting next_dagrun for pipeline_ingestion_suivi to 2026-07-05T23:00:00+00:00, run_after=2026-07-06T00:00:00+00:00
[2026-07-05T23:10:04.153+0000] {processor.py:179} INFO - Processing /opt/airflow/dags/dag_suivi.py took 0.211 seconds
[2026-07-05T23:10:34.433+0000] {processor.py:157} INFO - Started process (PID=778) to work on /opt/airflow/dags/dag_suivi.py
[2026-07-05T23:10:34.435+0000] {processor.py:829} INFO - Processing file /opt/airflow/dags/dag_suivi.py for tasks to queue
[2026-07-05T23:10:34.438+0000] {logging_mixin.py:151} INFO - [2026-07-05T23:10:34.437+0000] {dagbag.py:536} INFO - Filling up the DagBag from /opt/airflow/dags/dag_suivi.py
[2026-07-05T23:10:34.483+0000] {processor.py:839} INFO - DAG(s) dict_keys(['pipeline_ingestion_suivi']) retrieved from /opt/airflow/dags/dag_suivi.py
[2026-07-05T23:10:34.534+0000] {logging_mixin.py:151} INFO - [2026-07-05T23:10:34.533+0000] {dag.py:2941} INFO - Sync 1 DAGs
[2026-07-05T23:10:34.579+0000] {logging_mixin.py:151} INFO - [2026-07-05T23:10:34.579+0000] {dag.py:3722} INFO - Setting next_dagrun for pipeline_ingestion_suivi to 2026-07-05T23:00:00+00:00, run_after=2026-07-06T00:00:00+00:00
[2026-07-05T23:10:34.628+0000] {processor.py:179} INFO - Processing /opt/airflow/dags/dag_suivi.py took 0.201 seconds
[2026-07-05T23:11:04.730+0000] {processor.py:157} INFO - Started process (PID=783) to work on /opt/airflow/dags/dag_suivi.py
[2026-07-05T23:11:04.731+0000] {processor.py:829} INFO - Processing file /opt/airflow/dags/dag_suivi.py for tasks to queue
[2026-07-05T23:11:04.733+0000] {logging_mixin.py:151} INFO - [2026-07-05T23:11:04.733+0000] {dagbag.py:536} INFO - Filling up the DagBag from /opt/airflow/dags/dag_suivi.py
[2026-07-05T23:11:04.785+0000] {processor.py:839} INFO - DAG(s) dict_keys(['pipeline_ingestion_suivi']) retrieved from /opt/airflow/dags/dag_suivi.py
[2026-07-05T23:11:04.839+0000] {logging_mixin.py:151} INFO - [2026-07-05T23:11:04.838+0000] {dag.py:2941} INFO - Sync 1 DAGs
[2026-07-05T23:11:04.876+0000] {logging_mixin.py:151} INFO - [2026-07-05T23:11:04.876+0000] {dag.py:3722} INFO - Setting next_dagrun for pipeline_ingestion_suivi to 2026-07-05T23:00:00+00:00, run_after=2026-07-06T00:00:00+00:00
[2026-07-05T23:11:04.924+0000] {processor.py:179} INFO - Processing /opt/airflow/dags/dag_suivi.py took 0.199 seconds
[2026-07-05T23:11:35.291+0000] {processor.py:157} INFO - Started process (PID=788) to work on /opt/airflow/dags/dag_suivi.py
[2026-07-05T23:11:35.293+0000] {processor.py:829} INFO - Processing file /opt/airflow/dags/dag_suivi.py for tasks to queue
[2026-07-05T23:11:35.295+0000] {logging_mixin.py:151} INFO - [2026-07-05T23:11:35.294+0000] {dagbag.py:536} INFO - Filling up the DagBag from /opt/airflow/dags/dag_suivi.py
[2026-07-05T23:11:35.346+0000] {processor.py:839} INFO - DAG(s) dict_keys(['pipeline_ingestion_suivi']) retrieved from /opt/airflow/dags/dag_suivi.py
[2026-07-05T23:11:35.399+0000] {logging_mixin.py:151} INFO - [2026-07-05T23:11:35.399+0000] {dag.py:2941} INFO - Sync 1 DAGs
[2026-07-05T23:11:35.449+0000] {logging_mixin.py:151} INFO - [2026-07-05T23:11:35.448+0000] {dag.py:3722} INFO - Setting next_dagrun for pipeline_ingestion_suivi to 2026-07-05T23:00:00+00:00, run_after=2026-07-06T00:00:00+00:00
[2026-07-05T23:11:35.496+0000] {processor.py:179} INFO - Processing /opt/airflow/dags/dag_suivi.py took 0.210 seconds
[2026-07-05T23:12:05.800+0000] {processor.py:157} INFO - Started process (PID=793) to work on /opt/airflow/dags/dag_suivi.py
[2026-07-05T23:12:05.803+0000] {processor.py:829} INFO - Processing file /opt/airflow/dags/dag_suivi.py for tasks to queue
[2026-07-05T23:12:05.806+0000] {logging_mixin.py:151} INFO - [2026-07-05T23:12:05.804+0000] {dagbag.py:536} INFO - Filling up the DagBag from /opt/airflow/dags/dag_suivi.py
[2026-07-05T23:12:05.864+0000] {processor.py:839} INFO - DAG(s) dict_keys(['pipeline_ingestion_suivi']) retrieved from /opt/airflow/dags/dag_suivi.py
[2026-07-05T23:12:05.930+0000] {logging_mixin.py:151} INFO - [2026-07-05T23:12:05.930+0000] {dag.py:2941} INFO - Sync 1 DAGs
[2026-07-05T23:12:05.977+0000] {logging_mixin.py:151} INFO - [2026-07-05T23:12:05.977+0000] {dag.py:3722} INFO - Setting next_dagrun for pipeline_ingestion_suivi to 2026-07-05T23:00:00+00:00, run_after=2026-07-06T00:00:00+00:00
[2026-07-05T23:12:06.032+0000] {processor.py:179} INFO - Processing /opt/airflow/dags/dag_suivi.py took 0.236 seconds
[2026-07-05T23:12:36.316+0000] {processor.py:157} INFO - Started process (PID=798) to work on /opt/airflow/dags/dag_suivi.py
[2026-07-05T23:12:36.317+0000] {processor.py:829} INFO - Processing file /opt/airflow/dags/dag_suivi.py for tasks to queue
[2026-07-05T23:12:36.319+0000] {logging_mixin.py:151} INFO - [2026-07-05T23:12:36.318+0000] {dagbag.py:536} INFO - Filling up the DagBag from /opt/airflow/dags/dag_suivi.py
[2026-07-05T23:12:36.355+0000] {processor.py:839} INFO - DAG(s) dict_keys(['pipeline_ingestion_suivi']) retrieved from /opt/airflow/dags/dag_suivi.py
[2026-07-05T23:12:36.397+0000] {logging_mixin.py:151} INFO - [2026-07-05T23:12:36.396+0000] {dag.py:2941} INFO - Sync 1 DAGs
[2026-07-05T23:12:36.426+0000] {logging_mixin.py:151} INFO - [2026-07-05T23:12:36.426+0000] {dag.py:3722} INFO - Setting next_dagrun for pipeline_ingestion_suivi to 2026-07-05T23:00:00+00:00, run_after=2026-07-06T00:00:00+00:00
[2026-07-05T23:12:36.467+0000] {processor.py:179} INFO - Processing /opt/airflow/dags/dag_suivi.py took 0.157 seconds
[2026-07-05T23:13:06.573+0000] {processor.py:157} INFO - Started process (PID=803) to work on /opt/airflow/dags/dag_suivi.py
[2026-07-05T23:13:06.575+0000] {processor.py:829} INFO - Processing file /opt/airflow/dags/dag_suivi.py for tasks to queue
[2026-07-05T23:13:06.579+0000] {logging_mixin.py:151} INFO - [2026-07-05T23:13:06.578+0000] {dagbag.py:536} INFO - Filling up the DagBag from /opt/airflow/dags/dag_suivi.py
[2026-07-05T23:13:06.631+0000] {processor.py:839} INFO - DAG(s) dict_keys(['pipeline_ingestion_suivi']) retrieved from /opt/airflow/dags/dag_suivi.py
[2026-07-05T23:13:06.698+0000] {logging_mixin.py:151} INFO - [2026-07-05T23:13:06.698+0000] {dag.py:2941} INFO - Sync 1 DAGs
[2026-07-05T23:13:06.741+0000] {logging_mixin.py:151} INFO - [2026-07-05T23:13:06.741+0000] {dag.py:3722} INFO - Setting next_dagrun for pipeline_ingestion_suivi to 2026-07-05T23:00:00+00:00, run_after=2026-07-06T00:00:00+00:00
[2026-07-05T23:13:06.780+0000] {processor.py:179} INFO - Processing /opt/airflow/dags/dag_suivi.py took 0.214 seconds
[2026-07-05T23:13:37.006+0000] {processor.py:157} INFO - Started process (PID=808) to work on /opt/airflow/dags/dag_suivi.py
[2026-07-05T23:13:37.008+0000] {processor.py:829} INFO - Processing file /opt/airflow/dags/dag_suivi.py for tasks to queue
[2026-07-05T23:13:37.009+0000] {logging_mixin.py:151} INFO - [2026-07-05T23:13:37.009+0000] {dagbag.py:536} INFO - Filling up the DagBag from /opt/airflow/dags/dag_suivi.py
[2026-07-05T23:13:37.061+0000] {processor.py:839} INFO - DAG(s) dict_keys(['pipeline_ingestion_suivi']) retrieved from /opt/airflow/dags/dag_suivi.py
[2026-07-05T23:13:37.152+0000] {logging_mixin.py:151} INFO - [2026-07-05T23:13:37.152+0000] {dag.py:2941} INFO - Sync 1 DAGs
[2026-07-05T23:13:37.204+0000] {logging_mixin.py:151} INFO - [2026-07-05T23:13:37.204+0000] {dag.py:3722} INFO - Setting next_dagrun for pipeline_ingestion_suivi to 2026-07-05T23:00:00+00:00, run_after=2026-07-06T00:00:00+00:00
[2026-07-05T23:13:37.251+0000] {processor.py:179} INFO - Processing /opt/airflow/dags/dag_suivi.py took 0.250 seconds
[2026-07-05T23:14:07.562+0000] {processor.py:157} INFO - Started process (PID=813) to work on /opt/airflow/dags/dag_suivi.py
[2026-07-05T23:14:07.564+0000] {processor.py:829} INFO - Processing file /opt/airflow/dags/dag_suivi.py for tasks to queue
[2026-07-05T23:14:07.575+0000] {logging_mixin.py:151} INFO - [2026-07-05T23:14:07.574+0000] {dagbag.py:536} INFO - Filling up the DagBag from /opt/airflow/dags/dag_suivi.py
[2026-07-05T23:14:07.660+0000] {processor.py:839} INFO - DAG(s) dict_keys(['pipeline_ingestion_suivi']) retrieved from /opt/airflow/dags/dag_suivi.py
[2026-07-05T23:14:07.811+0000] {logging_mixin.py:151} INFO - [2026-07-05T23:14:07.810+0000] {dag.py:2941} INFO - Sync 1 DAGs
[2026-07-05T23:14:07.921+0000] {logging_mixin.py:151} INFO - [2026-07-05T23:14:07.920+0000] {dag.py:3722} INFO - Setting next_dagrun for pipeline_ingestion_suivi to 2026-07-05T23:00:00+00:00, run_after=2026-07-06T00:00:00+00:00
[2026-07-05T23:14:08.014+0000] {processor.py:179} INFO - Processing /opt/airflow/dags/dag_suivi.py took 0.467 seconds
[2026-07-05T23:14:38.415+0000] {processor.py:157} INFO - Started process (PID=818) to work on /opt/airflow/dags/dag_suivi.py
[2026-07-05T23:14:38.419+0000] {processor.py:829} INFO - Processing file /opt/airflow/dags/dag_suivi.py for tasks to queue
[2026-07-05T23:14:38.423+0000] {logging_mixin.py:151} INFO - [2026-07-05T23:14:38.422+0000] {dagbag.py:536} INFO - Filling up the DagBag from /opt/airflow/dags/dag_suivi.py
[2026-07-05T23:14:38.531+0000] {processor.py:839} INFO - DAG(s) dict_keys(['pipeline_ingestion_suivi']) retrieved from /opt/airflow/dags/dag_suivi.py
[2026-07-05T23:14:38.680+0000] {logging_mixin.py:151} INFO - [2026-07-05T23:14:38.679+0000] {dag.py:2941} INFO - Sync 1 DAGs
[2026-07-05T23:14:38.804+0000] {logging_mixin.py:151} INFO - [2026-07-05T23:14:38.803+0000] {dag.py:3722} INFO - Setting next_dagrun for pipeline_ingestion_suivi to 2026-07-05T23:00:00+00:00, run_after=2026-07-06T00:00:00+00:00
[2026-07-05T23:14:38.918+0000] {processor.py:179} INFO - Processing /opt/airflow/dags/dag_suivi.py took 0.520 seconds
[2026-07-05T23:15:09.215+0000] {processor.py:157} INFO - Started process (PID=823) to work on /opt/airflow/dags/dag_suivi.py
[2026-07-05T23:15:09.217+0000] {processor.py:829} INFO - Processing file /opt/airflow/dags/dag_suivi.py for tasks to queue
[2026-07-05T23:15:09.220+0000] {logging_mixin.py:151} INFO - [2026-07-05T23:15:09.219+0000] {dagbag.py:536} INFO - Filling up the DagBag from /opt/airflow/dags/dag_suivi.py
[2026-07-05T23:15:09.278+0000] {processor.py:839} INFO - DAG(s) dict_keys(['pipeline_ingestion_suivi']) retrieved from /opt/airflow/dags/dag_suivi.py
[2026-07-05T23:15:09.336+0000] {logging_mixin.py:151} INFO - [2026-07-05T23:15:09.335+0000] {dag.py:2941} INFO - Sync 1 DAGs
[2026-07-05T23:15:09.375+0000] {logging_mixin.py:151} INFO - [2026-07-05T23:15:09.375+0000] {dag.py:3722} INFO - Setting next_dagrun for pipeline_ingestion_suivi to 2026-07-05T23:00:00+00:00, run_after=2026-07-06T00:00:00+00:00
[2026-07-05T23:15:09.426+0000] {processor.py:179} INFO - Processing /opt/airflow/dags/dag_suivi.py took 0.218 seconds
[2026-07-05T23:15:39.510+0000] {processor.py:157} INFO - Started process (PID=828) to work on /opt/airflow/dags/dag_suivi.py
[2026-07-05T23:15:39.512+0000] {processor.py:829} INFO - Processing file /opt/airflow/dags/dag_suivi.py for tasks to queue
[2026-07-05T23:15:39.513+0000] {logging_mixin.py:151} INFO - [2026-07-05T23:15:39.513+0000] {dagbag.py:536} INFO - Filling up the DagBag from /opt/airflow/dags/dag_suivi.py
[2026-07-05T23:15:39.563+0000] {processor.py:839} INFO - DAG(s) dict_keys(['pipeline_ingestion_suivi']) retrieved from /opt/airflow/dags/dag_suivi.py
[2026-07-05T23:15:39.623+0000] {logging_mixin.py:151} INFO - [2026-07-05T23:15:39.623+0000] {dag.py:2941} INFO - Sync 1 DAGs
[2026-07-05T23:15:39.675+0000] {logging_mixin.py:151} INFO - [2026-07-05T23:15:39.675+0000] {dag.py:3722} INFO - Setting next_dagrun for pipeline_ingestion_suivi to 2026-07-05T23:00:00+00:00, run_after=2026-07-06T00:00:00+00:00
[2026-07-05T23:15:39.755+0000] {processor.py:179} INFO - Processing /opt/airflow/dags/dag_suivi.py took 0.249 seconds
[2026-07-05T23:16:10.025+0000] {processor.py:157} INFO - Started process (PID=833) to work on /opt/airflow/dags/dag_suivi.py
[2026-07-05T23:16:10.026+0000] {processor.py:829} INFO - Processing file /opt/airflow/dags/dag_suivi.py for tasks to queue
[2026-07-05T23:16:10.028+0000] {logging_mixin.py:151} INFO - [2026-07-05T23:16:10.028+0000] {dagbag.py:536} INFO - Filling up the DagBag from /opt/airflow/dags/dag_suivi.py
[2026-07-05T23:16:10.119+0000] {processor.py:839} INFO - DAG(s) dict_keys(['pipeline_ingestion_suivi']) retrieved from /opt/airflow/dags/dag_suivi.py
[2026-07-05T23:16:10.169+0000] {logging_mixin.py:151} INFO - [2026-07-05T23:16:10.168+0000] {dag.py:2941} INFO - Sync 1 DAGs
[2026-07-05T23:16:10.210+0000] {logging_mixin.py:151} INFO - [2026-07-05T23:16:10.210+0000] {dag.py:3722} INFO - Setting next_dagrun for pipeline_ingestion_suivi to 2026-07-05T23:00:00+00:00, run_after=2026-07-06T00:00:00+00:00
[2026-07-05T23:16:10.258+0000] {processor.py:179} INFO - Processing /opt/airflow/dags/dag_suivi.py took 0.247 seconds
[2026-07-05T23:16:40.409+0000] {processor.py:157} INFO - Started process (PID=838) to work on /opt/airflow/dags/dag_suivi.py
[2026-07-05T23:16:40.411+0000] {processor.py:829} INFO - Processing file /opt/airflow/dags/dag_suivi.py for tasks to queue
[2026-07-05T23:16:40.413+0000] {logging_mixin.py:151} INFO - [2026-07-05T23:16:40.413+0000] {dagbag.py:536} INFO - Filling up the DagBag from /opt/airflow/dags/dag_suivi.py
[2026-07-05T23:16:40.462+0000] {processor.py:839} INFO - DAG(s) dict_keys(['pipeline_ingestion_suivi']) retrieved from /opt/airflow/dags/dag_suivi.py
[2026-07-05T23:16:40.520+0000] {logging_mixin.py:151} INFO - [2026-07-05T23:16:40.520+0000] {dag.py:2941} INFO - Sync 1 DAGs
[2026-07-05T23:16:40.558+0000] {logging_mixin.py:151} INFO - [2026-07-05T23:16:40.557+0000] {dag.py:3722} INFO - Setting next_dagrun for pipeline_ingestion_suivi to 2026-07-05T23:00:00+00:00, run_after=2026-07-06T00:00:00+00:00
[2026-07-05T23:16:40.610+0000] {processor.py:179} INFO - Processing /opt/airflow/dags/dag_suivi.py took 0.205 seconds
[2026-07-05T23:17:10.850+0000] {processor.py:157} INFO - Started process (PID=843) to work on /opt/airflow/dags/dag_suivi.py
[2026-07-05T23:17:10.853+0000] {processor.py:829} INFO - Processing file /opt/airflow/dags/dag_suivi.py for tasks to queue
[2026-07-05T23:17:10.856+0000] {logging_mixin.py:151} INFO - [2026-07-05T23:17:10.855+0000] {dagbag.py:536} INFO - Filling up the DagBag from /opt/airflow/dags/dag_suivi.py
[2026-07-05T23:17:10.907+0000] {processor.py:839} INFO - DAG(s) dict_keys(['pipeline_ingestion_suivi']) retrieved from /opt/airflow/dags/dag_suivi.py
[2026-07-05T23:17:10.964+0000] {logging_mixin.py:151} INFO - [2026-07-05T23:17:10.963+0000] {dag.py:2941} INFO - Sync 1 DAGs
[2026-07-05T23:17:11.008+0000] {logging_mixin.py:151} INFO - [2026-07-05T23:17:11.007+0000] {dag.py:3722} INFO - Setting next_dagrun for pipeline_ingestion_suivi to 2026-07-05T23:00:00+00:00, run_after=2026-07-06T00:00:00+00:00
[2026-07-05T23:17:11.054+0000] {processor.py:179} INFO - Processing /opt/airflow/dags/dag_suivi.py took 0.210 seconds
[2026-07-05T23:17:41.208+0000] {processor.py:157} INFO - Started process (PID=848) to work on /opt/airflow/dags/dag_suivi.py
[2026-07-05T23:17:41.209+0000] {processor.py:829} INFO - Processing file /opt/airflow/dags/dag_suivi.py for tasks to queue
[2026-07-05T23:17:41.212+0000] {logging_mixin.py:151} INFO - [2026-07-05T23:17:41.211+0000] {dagbag.py:536} INFO - Filling up the DagBag from /opt/airflow/dags/dag_suivi.py
[2026-07-05T23:17:41.270+0000] {processor.py:839} INFO - DAG(s) dict_keys(['pipeline_ingestion_suivi']) retrieved from /opt/airflow/dags/dag_suivi.py
[2026-07-05T23:17:41.325+0000] {logging_mixin.py:151} INFO - [2026-07-05T23:17:41.325+0000] {dag.py:2941} INFO - Sync 1 DAGs
[2026-07-05T23:17:41.363+0000] {logging_mixin.py:151} INFO - [2026-07-05T23:17:41.363+0000] {dag.py:3722} INFO - Setting next_dagrun for pipeline_ingestion_suivi to 2026-07-05T23:00:00+00:00, run_after=2026-07-06T00:00:00+00:00
[2026-07-05T23:17:41.405+0000] {processor.py:179} INFO - Processing /opt/airflow/dags/dag_suivi.py took 0.202 seconds
[2026-07-05T23:18:11.615+0000] {processor.py:157} INFO - Started process (PID=853) to work on /opt/airflow/dags/dag_suivi.py
[2026-07-05T23:18:11.616+0000] {processor.py:829} INFO - Processing file /opt/airflow/dags/dag_suivi.py for tasks to queue
[2026-07-05T23:18:11.618+0000] {logging_mixin.py:151} INFO - [2026-07-05T23:18:11.618+0000] {dagbag.py:536} INFO - Filling up the DagBag from /opt/airflow/dags/dag_suivi.py
[2026-07-05T23:18:11.683+0000] {processor.py:839} INFO - DAG(s) dict_keys(['pipeline_ingestion_suivi']) retrieved from /opt/airflow/dags/dag_suivi.py
[2026-07-05T23:18:11.751+0000] {logging_mixin.py:151} INFO - [2026-07-05T23:18:11.751+0000] {dag.py:2941} INFO - Sync 1 DAGs
[2026-07-05T23:18:11.793+0000] {logging_mixin.py:151} INFO - [2026-07-05T23:18:11.792+0000] {dag.py:3722} INFO - Setting next_dagrun for pipeline_ingestion_suivi to 2026-07-05T23:00:00+00:00, run_after=2026-07-06T00:00:00+00:00
[2026-07-05T23:18:11.835+0000] {processor.py:179} INFO - Processing /opt/airflow/dags/dag_suivi.py took 0.226 seconds
[2026-07-05T23:18:41.995+0000] {processor.py:157} INFO - Started process (PID=858) to work on /opt/airflow/dags/dag_suivi.py
[2026-07-05T23:18:41.997+0000] {processor.py:829} INFO - Processing file /opt/airflow/dags/dag_suivi.py for tasks to queue
[2026-07-05T23:18:41.999+0000] {logging_mixin.py:151} INFO - [2026-07-05T23:18:41.999+0000] {dagbag.py:536} INFO - Filling up the DagBag from /opt/airflow/dags/dag_suivi.py
[2026-07-05T23:18:42.044+0000] {processor.py:839} INFO - DAG(s) dict_keys(['pipeline_ingestion_suivi']) retrieved from /opt/airflow/dags/dag_suivi.py
[2026-07-05T23:18:42.098+0000] {logging_mixin.py:151} INFO - [2026-07-05T23:18:42.098+0000] {dag.py:2941} INFO - Sync 1 DAGs
[2026-07-05T23:18:42.129+0000] {logging_mixin.py:151} INFO - [2026-07-05T23:18:42.128+0000] {dag.py:3722} INFO - Setting next_dagrun for pipeline_ingestion_suivi to 2026-07-05T23:00:00+00:00, run_after=2026-07-06T00:00:00+00:00
[2026-07-05T23:18:42.167+0000] {processor.py:179} INFO - Processing /opt/airflow/dags/dag_suivi.py took 0.178 seconds
[2026-07-05T23:19:12.363+0000] {processor.py:157} INFO - Started process (PID=863) to work on /opt/airflow/dags/dag_suivi.py
[2026-07-05T23:19:12.365+0000] {processor.py:829} INFO - Processing file /opt/airflow/dags/dag_suivi.py for tasks to queue
[2026-07-05T23:19:12.367+0000] {logging_mixin.py:151} INFO - [2026-07-05T23:19:12.367+0000] {dagbag.py:536} INFO - Filling up the DagBag from /opt/airflow/dags/dag_suivi.py
[2026-07-05T23:19:12.420+0000] {processor.py:839} INFO - DAG(s) dict_keys(['pipeline_ingestion_suivi']) retrieved from /opt/airflow/dags/dag_suivi.py
[2026-07-05T23:19:12.463+0000] {logging_mixin.py:151} INFO - [2026-07-05T23:19:12.462+0000] {dag.py:2941} INFO - Sync 1 DAGs
[2026-07-05T23:19:12.493+0000] {logging_mixin.py:151} INFO - [2026-07-05T23:19:12.492+0000] {dag.py:3722} INFO - Setting next_dagrun for pipeline_ingestion_suivi to 2026-07-05T23:00:00+00:00, run_after=2026-07-06T00:00:00+00:00
[2026-07-05T23:19:12.530+0000] {processor.py:179} INFO - Processing /opt/airflow/dags/dag_suivi.py took 0.171 seconds
[2026-07-05T23:19:42.682+0000] {processor.py:157} INFO - Started process (PID=868) to work on /opt/airflow/dags/dag_suivi.py
[2026-07-05T23:19:42.684+0000] {processor.py:829} INFO - Processing file /opt/airflow/dags/dag_suivi.py for tasks to queue
[2026-07-05T23:19:42.685+0000] {logging_mixin.py:151} INFO - [2026-07-05T23:19:42.685+0000] {dagbag.py:536} INFO - Filling up the DagBag from /opt/airflow/dags/dag_suivi.py
[2026-07-05T23:19:42.741+0000] {processor.py:839} INFO - DAG(s) dict_keys(['pipeline_ingestion_suivi']) retrieved from /opt/airflow/dags/dag_suivi.py
[2026-07-05T23:19:42.795+0000] {logging_mixin.py:151} INFO - [2026-07-05T23:19:42.795+0000] {dag.py:2941} INFO - Sync 1 DAGs
[2026-07-05T23:19:42.831+0000] {logging_mixin.py:151} INFO - [2026-07-05T23:19:42.831+0000] {dag.py:3722} INFO - Setting next_dagrun for pipeline_ingestion_suivi to 2026-07-05T23:00:00+00:00, run_after=2026-07-06T00:00:00+00:00
[2026-07-05T23:19:42.868+0000] {processor.py:179} INFO - Processing /opt/airflow/dags/dag_suivi.py took 0.191 seconds
[2026-07-05T23:20:13.056+0000] {processor.py:157} INFO - Started process (PID=873) to work on /opt/airflow/dags/dag_suivi.py
[2026-07-05T23:20:13.058+0000] {processor.py:829} INFO - Processing file /opt/airflow/dags/dag_suivi.py for tasks to queue
[2026-07-05T23:20:13.059+0000] {logging_mixin.py:151} INFO - [2026-07-05T23:20:13.059+0000] {dagbag.py:536} INFO - Filling up the DagBag from /opt/airflow/dags/dag_suivi.py
[2026-07-05T23:20:13.099+0000] {processor.py:839} INFO - DAG(s) dict_keys(['pipeline_ingestion_suivi']) retrieved from /opt/airflow/dags/dag_suivi.py
[2026-07-05T23:20:13.132+0000] {logging_mixin.py:151} INFO - [2026-07-05T23:20:13.132+0000] {dag.py:2941} INFO - Sync 1 DAGs
[2026-07-05T23:20:13.158+0000] {logging_mixin.py:151} INFO - [2026-07-05T23:20:13.158+0000] {dag.py:3722} INFO - Setting next_dagrun for pipeline_ingestion_suivi to 2026-07-05T23:00:00+00:00, run_after=2026-07-06T00:00:00+00:00
[2026-07-05T23:20:13.194+0000] {processor.py:179} INFO - Processing /opt/airflow/dags/dag_suivi.py took 0.142 seconds
[2026-07-05T23:20:43.357+0000] {processor.py:157} INFO - Started process (PID=878) to work on /opt/airflow/dags/dag_suivi.py
[2026-07-05T23:20:43.358+0000] {processor.py:829} INFO - Processing file /opt/airflow/dags/dag_suivi.py for tasks to queue
[2026-07-05T23:20:43.360+0000] {logging_mixin.py:151} INFO - [2026-07-05T23:20:43.359+0000] {dagbag.py:536} INFO - Filling up the DagBag from /opt/airflow/dags/dag_suivi.py
[2026-07-05T23:20:43.398+0000] {processor.py:839} INFO - DAG(s) dict_keys(['pipeline_ingestion_suivi']) retrieved from /opt/airflow/dags/dag_suivi.py
[2026-07-05T23:20:43.448+0000] {logging_mixin.py:151} INFO - [2026-07-05T23:20:43.447+0000] {dag.py:2941} INFO - Sync 1 DAGs
[2026-07-05T23:20:43.486+0000] {logging_mixin.py:151} INFO - [2026-07-05T23:20:43.486+0000] {dag.py:3722} INFO - Setting next_dagrun for pipeline_ingestion_suivi to 2026-07-05T23:00:00+00:00, run_after=2026-07-06T00:00:00+00:00
[2026-07-05T23:20:43.534+0000] {processor.py:179} INFO - Processing /opt/airflow/dags/dag_suivi.py took 0.181 seconds
[2026-07-05T23:21:13.708+0000] {processor.py:157} INFO - Started process (PID=883) to work on /opt/airflow/dags/dag_suivi.py
[2026-07-05T23:21:13.710+0000] {processor.py:829} INFO - Processing file /opt/airflow/dags/dag_suivi.py for tasks to queue
[2026-07-05T23:21:13.712+0000] {logging_mixin.py:151} INFO - [2026-07-05T23:21:13.711+0000] {dagbag.py:536} INFO - Filling up the DagBag from /opt/airflow/dags/dag_suivi.py
[2026-07-05T23:21:13.779+0000] {processor.py:839} INFO - DAG(s) dict_keys(['pipeline_ingestion_suivi']) retrieved from /opt/airflow/dags/dag_suivi.py
[2026-07-05T23:21:13.837+0000] {logging_mixin.py:151} INFO - [2026-07-05T23:21:13.836+0000] {dag.py:2941} INFO - Sync 1 DAGs
[2026-07-05T23:21:13.864+0000] {logging_mixin.py:151} INFO - [2026-07-05T23:21:13.863+0000] {dag.py:3722} INFO - Setting next_dagrun for pipeline_ingestion_suivi to 2026-07-05T23:00:00+00:00, run_after=2026-07-06T00:00:00+00:00
[2026-07-05T23:21:13.899+0000] {processor.py:179} INFO - Processing /opt/airflow/dags/dag_suivi.py took 0.199 seconds
[2026-07-05T23:21:44.087+0000] {processor.py:157} INFO - Started process (PID=888) to work on /opt/airflow/dags/dag_suivi.py
[2026-07-05T23:21:44.088+0000] {processor.py:829} INFO - Processing file /opt/airflow/dags/dag_suivi.py for tasks to queue
[2026-07-05T23:21:44.090+0000] {logging_mixin.py:151} INFO - [2026-07-05T23:21:44.090+0000] {dagbag.py:536} INFO - Filling up the DagBag from /opt/airflow/dags/dag_suivi.py
[2026-07-05T23:21:44.135+0000] {processor.py:839} INFO - DAG(s) dict_keys(['pipeline_ingestion_suivi']) retrieved from /opt/airflow/dags/dag_suivi.py
[2026-07-05T23:21:44.168+0000] {logging_mixin.py:151} INFO - [2026-07-05T23:21:44.168+0000] {dag.py:2941} INFO - Sync 1 DAGs
[2026-07-05T23:21:44.196+0000] {logging_mixin.py:151} INFO - [2026-07-05T23:21:44.195+0000] {dag.py:3722} INFO - Setting next_dagrun for pipeline_ingestion_suivi to 2026-07-05T23:00:00+00:00, run_after=2026-07-06T00:00:00+00:00
[2026-07-05T23:21:44.223+0000] {processor.py:179} INFO - Processing /opt/airflow/dags/dag_suivi.py took 0.144 seconds
[2026-07-05T23:22:14.416+0000] {processor.py:157} INFO - Started process (PID=893) to work on /opt/airflow/dags/dag_suivi.py
[2026-07-05T23:22:14.418+0000] {processor.py:829} INFO - Processing file /opt/airflow/dags/dag_suivi.py for tasks to queue
[2026-07-05T23:22:14.419+0000] {logging_mixin.py:151} INFO - [2026-07-05T23:22:14.419+0000] {dagbag.py:536} INFO - Filling up the DagBag from /opt/airflow/dags/dag_suivi.py
[2026-07-05T23:22:14.461+0000] {processor.py:839} INFO - DAG(s) dict_keys(['pipeline_ingestion_suivi']) retrieved from /opt/airflow/dags/dag_suivi.py
[2026-07-05T23:22:14.495+0000] {logging_mixin.py:151} INFO - [2026-07-05T23:22:14.495+0000] {dag.py:2941} INFO - Sync 1 DAGs
[2026-07-05T23:22:14.523+0000] {logging_mixin.py:151} INFO - [2026-07-05T23:22:14.523+0000] {dag.py:3722} INFO - Setting next_dagrun for pipeline_ingestion_suivi to 2026-07-05T23:00:00+00:00, run_after=2026-07-06T00:00:00+00:00
[2026-07-05T23:22:14.558+0000] {processor.py:179} INFO - Processing /opt/airflow/dags/dag_suivi.py took 0.146 seconds
[2026-07-05T23:39:36.379+0000] {processor.py:157} INFO - Started process (PID=900) to work on /opt/airflow/dags/dag_suivi.py
[2026-07-05T23:39:36.381+0000] {processor.py:829} INFO - Processing file /opt/airflow/dags/dag_suivi.py for tasks to queue
[2026-07-05T23:39:36.388+0000] {logging_mixin.py:151} INFO - [2026-07-05T23:39:36.387+0000] {dagbag.py:536} INFO - Filling up the DagBag from /opt/airflow/dags/dag_suivi.py
[2026-07-05T23:39:36.684+0000] {processor.py:839} INFO - DAG(s) dict_keys(['pipeline_ingestion_suivi']) retrieved from /opt/airflow/dags/dag_suivi.py
[2026-07-06T05:28:56.812+0000] {logging_mixin.py:151} INFO - [2026-07-06T05:28:56.811+0000] {dag.py:2941} INFO - Sync 1 DAGs
[2026-07-06T05:29:00.947+0000] {logging_mixin.py:151} INFO - [2026-07-06T05:29:00.946+0000] {dag.py:3722} INFO - Setting next_dagrun for pipeline_ingestion_suivi to 2026-07-06T05:00:00+00:00, run_after=2026-07-06T06:00:00+00:00
[2026-07-06T05:29:01.212+0000] {processor.py:179} INFO - Processing /opt/airflow/dags/dag_suivi.py took 5.118 seconds
